id,seq,level,title,desc,items
"cnwstq0","0","level1","笔画测试一级字表（3500字）0","笔画测试通用规范汉字表一级字表（3500字）0,汉字笔画测试0","cnwstqi0001,cnwstqi0002,cnwstqi0003,cnwstqi0004,cnwstqi0005,cnwstqi0006,cnwstqi0007,cnwstqi0008,cnwstqi0009,cnwstqi0010,cnwstqi0011,cnwstqi0012,cnwstqi0013,cnwstqi0014,cnwstqi0015,cnwstqi0016,cnwstqi0017,cnwstqi0018,cnwstqi0019,cnwstqi0020,cnwstqi0021,cnwstqi0022,cnwstqi0023,cnwstqi0024,cnwstqi0025,cnwstqi0026,cnwstqi0027,cnwstqi0028,cnwstqi0029,cnwstqi0030,cnwstqi0031,cnwstqi0032,cnwstqi0033,cnwstqi0034,cnwstqi0035,cnwstqi0036,cnwstqi0037,cnwstqi0038,cnwstqi0039,cnwstqi0040,cnwstqi0041,cnwstqi0042,cnwstqi0043,cnwstqi0044,cnwstqi0045,cnwstqi0046,cnwstqi0047,cnwstqi0048,cnwstqi0049,cnwstqi0050,cnwstqi0051,cnwstqi0052,cnwstqi0053,cnwstqi0054,cnwstqi0055,cnwstqi0056,cnwstqi0057,cnwstqi0058,cnwstqi0059,cnwstqi0060,cnwstqi0061,cnwstqi0062,cnwstqi0063,cnwstqi0064,cnwstqi0065,cnwstqi0066,cnwstqi0067,cnwstqi0068,cnwstqi0069,cnwstqi0070,cnwstqi0071,cnwstqi0072,cnwstqi0073,cnwstqi0074,cnwstqi0075,cnwstqi0076,cnwstqi0077,cnwstqi0078,cnwstqi0079,cnwstqi0080,cnwstqi0081,cnwstqi0082,cnwstqi0083,cnwstqi0084,cnwstqi0085,cnwstqi0086,cnwstqi0087,cnwstqi0088,cnwstqi0089,cnwstqi0090,cnwstqi0091,cnwstqi0092,cnwstqi0093,cnwstqi0094,cnwstqi0095,cnwstqi0096,cnwstqi0097,cnwstqi0098,cnwstqi0099,cnwstqi0100"
"cnwstq1","1","level1","笔画测试一级字表（3500字）1","笔画测试通用规范汉字表一级字表（3500字）1,汉字笔画测试1","cnwstqi0101,cnwstqi0102,cnwstqi0103,cnwstqi0104,cnwstqi0105,cnwstqi0106,cnwstqi0107,cnwstqi0108,cnwstqi0109,cnwstqi0110,cnwstqi0111,cnwstqi0112,cnwstqi0113,cnwstqi0114,cnwstqi0115,cnwstqi0116,cnwstqi0117,cnwstqi0118,cnwstqi0119,cnwstqi0120,cnwstqi0121,cnwstqi0122,cnwstqi0123,cnwstqi0124,cnwstqi0125,cnwstqi0126,cnwstqi0127,cnwstqi0128,cnwstqi0129,cnwstqi0130,cnwstqi0131,cnwstqi0132,cnwstqi0133,cnwstqi0134,cnwstqi0135,cnwstqi0136,cnwstqi0137,cnwstqi0138,cnwstqi0139,cnwstqi0140,cnwstqi0141,cnwstqi0142,cnwstqi0143,cnwstqi0144,cnwstqi0145,cnwstqi0146,cnwstqi0147,cnwstqi0148,cnwstqi0149,cnwstqi0150,cnwstqi0151,cnwstqi0152,cnwstqi0153,cnwstqi0154,cnwstqi0155,cnwstqi0156,cnwstqi0157,cnwstqi0158,cnwstqi0159,cnwstqi0160,cnwstqi0161,cnwstqi0162,cnwstqi0163,cnwstqi0164,cnwstqi0165,cnwstqi0166,cnwstqi0167,cnwstqi0168,cnwstqi0169,cnwstqi0170,cnwstqi0171,cnwstqi0172,cnwstqi0173,cnwstqi0174,cnwstqi0175,cnwstqi0176,cnwstqi0177,cnwstqi0178,cnwstqi0179,cnwstqi0180,cnwstqi0181,cnwstqi0182,cnwstqi0183,cnwstqi0184,cnwstqi0185,cnwstqi0186,cnwstqi0187,cnwstqi0188,cnwstqi0189,cnwstqi0190,cnwstqi0191,cnwstqi0192,cnwstqi0193,cnwstqi0194,cnwstqi0195,cnwstqi0196,cnwstqi0197,cnwstqi0198,cnwstqi0199,cnwstqi0200"
"cnwstq2","2","level1","笔画测试一级字表（3500字）2","笔画测试通用规范汉字表一级字表（3500字）2,汉字笔画测试2","cnwstqi0201,cnwstqi0202,cnwstqi0203,cnwstqi0204,cnwstqi0205,cnwstqi0206,cnwstqi0207,cnwstqi0208,cnwstqi0209,cnwstqi0210,cnwstqi0211,cnwstqi0212,cnwstqi0213,cnwstqi0214,cnwstqi0215,cnwstqi0216,cnwstqi0217,cnwstqi0218,cnwstqi0219,cnwstqi0220,cnwstqi0221,cnwstqi0222,cnwstqi0223,cnwstqi0224,cnwstqi0225,cnwstqi0226,cnwstqi0227,cnwstqi0228,cnwstqi0229,cnwstqi0230,cnwstqi0231,cnwstqi0232,cnwstqi0233,cnwstqi0234,cnwstqi0235,cnwstqi0236,cnwstqi0237,cnwstqi0238,cnwstqi0239,cnwstqi0240,cnwstqi0241,cnwstqi0242,cnwstqi0243,cnwstqi0244,cnwstqi0245,cnwstqi0246,cnwstqi0247,cnwstqi0248,cnwstqi0249,cnwstqi0250,cnwstqi0251,cnwstqi0252,cnwstqi0253,cnwstqi0254,cnwstqi0255,cnwstqi0256,cnwstqi0257,cnwstqi0258,cnwstqi0259,cnwstqi0260,cnwstqi0261,cnwstqi0262,cnwstqi0263,cnwstqi0264,cnwstqi0265,cnwstqi0266,cnwstqi0267,cnwstqi0268,cnwstqi0269,cnwstqi0270,cnwstqi0271,cnwstqi0272,cnwstqi0273,cnwstqi0274,cnwstqi0275,cnwstqi0276,cnwstqi0277,cnwstqi0278,cnwstqi0279,cnwstqi0280,cnwstqi0281,cnwstqi0282,cnwstqi0283,cnwstqi0284,cnwstqi0285,cnwstqi0286,cnwstqi0287,cnwstqi0288,cnwstqi0289,cnwstqi0290,cnwstqi0291,cnwstqi0292,cnwstqi0293,cnwstqi0294,cnwstqi0295,cnwstqi0296,cnwstqi0297,cnwstqi0298,cnwstqi0299,cnwstqi0300"
"cnwstq3","3","level1","笔画测试一级字表（3500字）3","笔画测试通用规范汉字表一级字表（3500字）3,汉字笔画测试3","cnwstqi0301,cnwstqi0302,cnwstqi0303,cnwstqi0304,cnwstqi0305,cnwstqi0306,cnwstqi0307,cnwstqi0308,cnwstqi0309,cnwstqi0310,cnwstqi0311,cnwstqi0312,cnwstqi0313,cnwstqi0314,cnwstqi0315,cnwstqi0316,cnwstqi0317,cnwstqi0318,cnwstqi0319,cnwstqi0320,cnwstqi0321,cnwstqi0322,cnwstqi0323,cnwstqi0324,cnwstqi0325,cnwstqi0326,cnwstqi0327,cnwstqi0328,cnwstqi0329,cnwstqi0330,cnwstqi0331,cnwstqi0332,cnwstqi0333,cnwstqi0334,cnwstqi0335,cnwstqi0336,cnwstqi0337,cnwstqi0338,cnwstqi0339,cnwstqi0340,cnwstqi0341,cnwstqi0342,cnwstqi0343,cnwstqi0344,cnwstqi0345,cnwstqi0346,cnwstqi0347,cnwstqi0348,cnwstqi0349,cnwstqi0350,cnwstqi0351,cnwstqi0352,cnwstqi0353,cnwstqi0354,cnwstqi0355,cnwstqi0356,cnwstqi0357,cnwstqi0358,cnwstqi0359,cnwstqi0360,cnwstqi0361,cnwstqi0362,cnwstqi0363,cnwstqi0364,cnwstqi0365,cnwstqi0366,cnwstqi0367,cnwstqi0368,cnwstqi0369,cnwstqi0370,cnwstqi0371,cnwstqi0372,cnwstqi0373,cnwstqi0374,cnwstqi0375,cnwstqi0376,cnwstqi0377,cnwstqi0378,cnwstqi0379,cnwstqi0380,cnwstqi0381,cnwstqi0382,cnwstqi0383,cnwstqi0384,cnwstqi0385,cnwstqi0386,cnwstqi0387,cnwstqi0388,cnwstqi0389,cnwstqi0390,cnwstqi0391,cnwstqi0392,cnwstqi0393,cnwstqi0394,cnwstqi0395,cnwstqi0396,cnwstqi0397,cnwstqi0398,cnwstqi0399,cnwstqi0400"
"cnwstq4","4","level1","笔画测试一级字表（3500字）4","笔画测试通用规范汉字表一级字表（3500字）4,汉字笔画测试4","cnwstqi0401,cnwstqi0402,cnwstqi0403,cnwstqi0404,cnwstqi0405,cnwstqi0406,cnwstqi0407,cnwstqi0408,cnwstqi0409,cnwstqi0410,cnwstqi0411,cnwstqi0412,cnwstqi0413,cnwstqi0414,cnwstqi0415,cnwstqi0416,cnwstqi0417,cnwstqi0418,cnwstqi0419,cnwstqi0420,cnwstqi0421,cnwstqi0422,cnwstqi0423,cnwstqi0424,cnwstqi0425,cnwstqi0426,cnwstqi0427,cnwstqi0428,cnwstqi0429,cnwstqi0430,cnwstqi0431,cnwstqi0432,cnwstqi0433,cnwstqi0434,cnwstqi0435,cnwstqi0436,cnwstqi0437,cnwstqi0438,cnwstqi0439,cnwstqi0440,cnwstqi0441,cnwstqi0442,cnwstqi0443,cnwstqi0444,cnwstqi0445,cnwstqi0446,cnwstqi0447,cnwstqi0448,cnwstqi0449,cnwstqi0450,cnwstqi0451,cnwstqi0452,cnwstqi0453,cnwstqi0454,cnwstqi0455,cnwstqi0456,cnwstqi0457,cnwstqi0458,cnwstqi0459,cnwstqi0460,cnwstqi0461,cnwstqi0462,cnwstqi0463,cnwstqi0464,cnwstqi0465,cnwstqi0466,cnwstqi0467,cnwstqi0468,cnwstqi0469,cnwstqi0470,cnwstqi0471,cnwstqi0472,cnwstqi0473,cnwstqi0474,cnwstqi0475,cnwstqi0476,cnwstqi0477,cnwstqi0478,cnwstqi0479,cnwstqi0480,cnwstqi0481,cnwstqi0482,cnwstqi0483,cnwstqi0484,cnwstqi0485,cnwstqi0486,cnwstqi0487,cnwstqi0488,cnwstqi0489,cnwstqi0490,cnwstqi0491,cnwstqi0492,cnwstqi0493,cnwstqi0494,cnwstqi0495,cnwstqi0496,cnwstqi0497,cnwstqi0498,cnwstqi0499,cnwstqi0500"
"cnwstq5","5","level1","笔画测试一级字表（3500字）5","笔画测试通用规范汉字表一级字表（3500字）5,汉字笔画测试5","cnwstqi0501,cnwstqi0502,cnwstqi0503,cnwstqi0504,cnwstqi0505,cnwstqi0506,cnwstqi0507,cnwstqi0508,cnwstqi0509,cnwstqi0510,cnwstqi0511,cnwstqi0512,cnwstqi0513,cnwstqi0514,cnwstqi0515,cnwstqi0516,cnwstqi0517,cnwstqi0518,cnwstqi0519,cnwstqi0520,cnwstqi0521,cnwstqi0522,cnwstqi0523,cnwstqi0524,cnwstqi0525,cnwstqi0526,cnwstqi0527,cnwstqi0528,cnwstqi0529,cnwstqi0530,cnwstqi0531,cnwstqi0532,cnwstqi0533,cnwstqi0534,cnwstqi0535,cnwstqi0536,cnwstqi0537,cnwstqi0538,cnwstqi0539,cnwstqi0540,cnwstqi0541,cnwstqi0542,cnwstqi0543,cnwstqi0544,cnwstqi0545,cnwstqi0546,cnwstqi0547,cnwstqi0548,cnwstqi0549,cnwstqi0550,cnwstqi0551,cnwstqi0552,cnwstqi0553,cnwstqi0554,cnwstqi0555,cnwstqi0556,cnwstqi0557,cnwstqi0558,cnwstqi0559,cnwstqi0560,cnwstqi0561,cnwstqi0562,cnwstqi0563,cnwstqi0564,cnwstqi0565,cnwstqi0566,cnwstqi0567,cnwstqi0568,cnwstqi0569,cnwstqi0570,cnwstqi0571,cnwstqi0572,cnwstqi0573,cnwstqi0574,cnwstqi0575,cnwstqi0576,cnwstqi0577,cnwstqi0578,cnwstqi0579,cnwstqi0580,cnwstqi0581,cnwstqi0582,cnwstqi0583,cnwstqi0584,cnwstqi0585,cnwstqi0586,cnwstqi0587,cnwstqi0588,cnwstqi0589,cnwstqi0590,cnwstqi0591,cnwstqi0592,cnwstqi0593,cnwstqi0594,cnwstqi0595,cnwstqi0596,cnwstqi0597,cnwstqi0598,cnwstqi0599,cnwstqi0600"
"cnwstq6","6","level1","笔画测试一级字表（3500字）6","笔画测试通用规范汉字表一级字表（3500字）6,汉字笔画测试6","cnwstqi0601,cnwstqi0602,cnwstqi0603,cnwstqi0604,cnwstqi0605,cnwstqi0606,cnwstqi0607,cnwstqi0608,cnwstqi0609,cnwstqi0610,cnwstqi0611,cnwstqi0612,cnwstqi0613,cnwstqi0614,cnwstqi0615,cnwstqi0616,cnwstqi0617,cnwstqi0618,cnwstqi0619,cnwstqi0620,cnwstqi0621,cnwstqi0622,cnwstqi0623,cnwstqi0624,cnwstqi0625,cnwstqi0626,cnwstqi0627,cnwstqi0628,cnwstqi0629,cnwstqi0630,cnwstqi0631,cnwstqi0632,cnwstqi0633,cnwstqi0634,cnwstqi0635,cnwstqi0636,cnwstqi0637,cnwstqi0638,cnwstqi0639,cnwstqi0640,cnwstqi0641,cnwstqi0642,cnwstqi0643,cnwstqi0644,cnwstqi0645,cnwstqi0646,cnwstqi0647,cnwstqi0648,cnwstqi0649,cnwstqi0650,cnwstqi0651,cnwstqi0652,cnwstqi0653,cnwstqi0654,cnwstqi0655,cnwstqi0656,cnwstqi0657,cnwstqi0658,cnwstqi0659,cnwstqi0660,cnwstqi0661,cnwstqi0662,cnwstqi0663,cnwstqi0664,cnwstqi0665,cnwstqi0666,cnwstqi0667,cnwstqi0668,cnwstqi0669,cnwstqi0670,cnwstqi0671,cnwstqi0672,cnwstqi0673,cnwstqi0674,cnwstqi0675,cnwstqi0676,cnwstqi0677,cnwstqi0678,cnwstqi0679,cnwstqi0680,cnwstqi0681,cnwstqi0682,cnwstqi0683,cnwstqi0684,cnwstqi0685,cnwstqi0686,cnwstqi0687,cnwstqi0688,cnwstqi0689,cnwstqi0690,cnwstqi0691,cnwstqi0692,cnwstqi0693,cnwstqi0694,cnwstqi0695,cnwstqi0696,cnwstqi0697,cnwstqi0698,cnwstqi0699,cnwstqi0700"
"cnwstq7","7","level1","笔画测试一级字表（3500字）7","笔画测试通用规范汉字表一级字表（3500字）7,汉字笔画测试7","cnwstqi0701,cnwstqi0702,cnwstqi0703,cnwstqi0704,cnwstqi0705,cnwstqi0706,cnwstqi0707,cnwstqi0708,cnwstqi0709,cnwstqi0710,cnwstqi0711,cnwstqi0712,cnwstqi0713,cnwstqi0714,cnwstqi0715,cnwstqi0716,cnwstqi0717,cnwstqi0718,cnwstqi0719,cnwstqi0720,cnwstqi0721,cnwstqi0722,cnwstqi0723,cnwstqi0724,cnwstqi0725,cnwstqi0726,cnwstqi0727,cnwstqi0728,cnwstqi0729,cnwstqi0730,cnwstqi0731,cnwstqi0732,cnwstqi0733,cnwstqi0734,cnwstqi0735,cnwstqi0736,cnwstqi0737,cnwstqi0738,cnwstqi0739,cnwstqi0740,cnwstqi0741,cnwstqi0742,cnwstqi0743,cnwstqi0744,cnwstqi0745,cnwstqi0746,cnwstqi0747,cnwstqi0748,cnwstqi0749,cnwstqi0750,cnwstqi0751,cnwstqi0752,cnwstqi0753,cnwstqi0754,cnwstqi0755,cnwstqi0756,cnwstqi0757,cnwstqi0758,cnwstqi0759,cnwstqi0760,cnwstqi0761,cnwstqi0762,cnwstqi0763,cnwstqi0764,cnwstqi0765,cnwstqi0766,cnwstqi0767,cnwstqi0768,cnwstqi0769,cnwstqi0770,cnwstqi0771,cnwstqi0772,cnwstqi0773,cnwstqi0774,cnwstqi0775,cnwstqi0776,cnwstqi0777,cnwstqi0778,cnwstqi0779,cnwstqi0780,cnwstqi0781,cnwstqi0782,cnwstqi0783,cnwstqi0784,cnwstqi0785,cnwstqi0786,cnwstqi0787,cnwstqi0788,cnwstqi0789,cnwstqi0790,cnwstqi0791,cnwstqi0792,cnwstqi0793,cnwstqi0794,cnwstqi0795,cnwstqi0796,cnwstqi0797,cnwstqi0798,cnwstqi0799,cnwstqi0800"
"cnwstq8","8","level1","笔画测试一级字表（3500字）8","笔画测试通用规范汉字表一级字表（3500字）8,汉字笔画测试8","cnwstqi0801,cnwstqi0802,cnwstqi0803,cnwstqi0804,cnwstqi0805,cnwstqi0806,cnwstqi0807,cnwstqi0808,cnwstqi0809,cnwstqi0810,cnwstqi0811,cnwstqi0812,cnwstqi0813,cnwstqi0814,cnwstqi0815,cnwstqi0816,cnwstqi0817,cnwstqi0818,cnwstqi0819,cnwstqi0820,cnwstqi0821,cnwstqi0822,cnwstqi0823,cnwstqi0824,cnwstqi0825,cnwstqi0826,cnwstqi0827,cnwstqi0828,cnwstqi0829,cnwstqi0830,cnwstqi0831,cnwstqi0832,cnwstqi0833,cnwstqi0834,cnwstqi0835,cnwstqi0836,cnwstqi0837,cnwstqi0838,cnwstqi0839,cnwstqi0840,cnwstqi0841,cnwstqi0842,cnwstqi0843,cnwstqi0844,cnwstqi0845,cnwstqi0846,cnwstqi0847,cnwstqi0848,cnwstqi0849,cnwstqi0850,cnwstqi0851,cnwstqi0852,cnwstqi0853,cnwstqi0854,cnwstqi0855,cnwstqi0856,cnwstqi0857,cnwstqi0858,cnwstqi0859,cnwstqi0860,cnwstqi0861,cnwstqi0862,cnwstqi0863,cnwstqi0864,cnwstqi0865,cnwstqi0866,cnwstqi0867,cnwstqi0868,cnwstqi0869,cnwstqi0870,cnwstqi0871,cnwstqi0872,cnwstqi0873,cnwstqi0874,cnwstqi0875,cnwstqi0876,cnwstqi0877,cnwstqi0878,cnwstqi0879,cnwstqi0880,cnwstqi0881,cnwstqi0882,cnwstqi0883,cnwstqi0884,cnwstqi0885,cnwstqi0886,cnwstqi0887,cnwstqi0888,cnwstqi0889,cnwstqi0890,cnwstqi0891,cnwstqi0892,cnwstqi0893,cnwstqi0894,cnwstqi0895,cnwstqi0896,cnwstqi0897,cnwstqi0898,cnwstqi0899,cnwstqi0900"
"cnwstq9","9","level1","笔画测试一级字表（3500字）9","笔画测试通用规范汉字表一级字表（3500字）9,汉字笔画测试9","cnwstqi0901,cnwstqi0902,cnwstqi0903,cnwstqi0904,cnwstqi0905,cnwstqi0906,cnwstqi0907,cnwstqi0908,cnwstqi0909,cnwstqi0910,cnwstqi0911,cnwstqi0912,cnwstqi0913,cnwstqi0914,cnwstqi0915,cnwstqi0916,cnwstqi0917,cnwstqi0918,cnwstqi0919,cnwstqi0920,cnwstqi0921,cnwstqi0922,cnwstqi0923,cnwstqi0924,cnwstqi0925,cnwstqi0926,cnwstqi0927,cnwstqi0928,cnwstqi0929,cnwstqi0930,cnwstqi0931,cnwstqi0932,cnwstqi0933,cnwstqi0934,cnwstqi0935,cnwstqi0936,cnwstqi0937,cnwstqi0938,cnwstqi0939,cnwstqi0940,cnwstqi0941,cnwstqi0942,cnwstqi0943,cnwstqi0944,cnwstqi0945,cnwstqi0946,cnwstqi0947,cnwstqi0948,cnwstqi0949,cnwstqi0950,cnwstqi0951,cnwstqi0952,cnwstqi0953,cnwstqi0954,cnwstqi0955,cnwstqi0956,cnwstqi0957,cnwstqi0958,cnwstqi0959,cnwstqi0960,cnwstqi0961,cnwstqi0962,cnwstqi0963,cnwstqi0964,cnwstqi0965,cnwstqi0966,cnwstqi0967,cnwstqi0968,cnwstqi0969,cnwstqi0970,cnwstqi0971,cnwstqi0972,cnwstqi0973,cnwstqi0974,cnwstqi0975,cnwstqi0976,cnwstqi0977,cnwstqi0978,cnwstqi0979,cnwstqi0980,cnwstqi0981,cnwstqi0982,cnwstqi0983,cnwstqi0984,cnwstqi0985,cnwstqi0986,cnwstqi0987,cnwstqi0988,cnwstqi0989,cnwstqi0990,cnwstqi0991,cnwstqi0992,cnwstqi0993,cnwstqi0994,cnwstqi0995,cnwstqi0996,cnwstqi0997,cnwstqi0998,cnwstqi0999,cnwstqi1000"
"cnwstq10","10","level1","笔画测试一级字表（3500字）10","笔画测试通用规范汉字表一级字表（3500字）10,汉字笔画测试10","cnwstqi1001,cnwstqi1002,cnwstqi1003,cnwstqi1004,cnwstqi1005,cnwstqi1006,cnwstqi1007,cnwstqi1008,cnwstqi1009,cnwstqi1010,cnwstqi1011,cnwstqi1012,cnwstqi1013,cnwstqi1014,cnwstqi1015,cnwstqi1016,cnwstqi1017,cnwstqi1018,cnwstqi1019,cnwstqi1020,cnwstqi1021,cnwstqi1022,cnwstqi1023,cnwstqi1024,cnwstqi1025,cnwstqi1026,cnwstqi1027,cnwstqi1028,cnwstqi1029,cnwstqi1030,cnwstqi1031,cnwstqi1032,cnwstqi1033,cnwstqi1034,cnwstqi1035,cnwstqi1036,cnwstqi1037,cnwstqi1038,cnwstqi1039,cnwstqi1040,cnwstqi1041,cnwstqi1042,cnwstqi1043,cnwstqi1044,cnwstqi1045,cnwstqi1046,cnwstqi1047,cnwstqi1048,cnwstqi1049,cnwstqi1050,cnwstqi1051,cnwstqi1052,cnwstqi1053,cnwstqi1054,cnwstqi1055,cnwstqi1056,cnwstqi1057,cnwstqi1058,cnwstqi1059,cnwstqi1060,cnwstqi1061,cnwstqi1062,cnwstqi1063,cnwstqi1064,cnwstqi1065,cnwstqi1066,cnwstqi1067,cnwstqi1068,cnwstqi1069,cnwstqi1070,cnwstqi1071,cnwstqi1072,cnwstqi1073,cnwstqi1074,cnwstqi1075,cnwstqi1076,cnwstqi1077,cnwstqi1078,cnwstqi1079,cnwstqi1080,cnwstqi1081,cnwstqi1082,cnwstqi1083,cnwstqi1084,cnwstqi1085,cnwstqi1086,cnwstqi1087,cnwstqi1088,cnwstqi1089,cnwstqi1090,cnwstqi1091,cnwstqi1092,cnwstqi1093,cnwstqi1094,cnwstqi1095,cnwstqi1096,cnwstqi1097,cnwstqi1098,cnwstqi1099,cnwstqi1100"
"cnwstq11","11","level1","笔画测试一级字表（3500字）11","笔画测试通用规范汉字表一级字表（3500字）11,汉字笔画测试11","cnwstqi1101,cnwstqi1102,cnwstqi1103,cnwstqi1104,cnwstqi1105,cnwstqi1106,cnwstqi1107,cnwstqi1108,cnwstqi1109,cnwstqi1110,cnwstqi1111,cnwstqi1112,cnwstqi1113,cnwstqi1114,cnwstqi1115,cnwstqi1116,cnwstqi1117,cnwstqi1118,cnwstqi1119,cnwstqi1120,cnwstqi1121,cnwstqi1122,cnwstqi1123,cnwstqi1124,cnwstqi1125,cnwstqi1126,cnwstqi1127,cnwstqi1128,cnwstqi1129,cnwstqi1130,cnwstqi1131,cnwstqi1132,cnwstqi1133,cnwstqi1134,cnwstqi1135,cnwstqi1136,cnwstqi1137,cnwstqi1138,cnwstqi1139,cnwstqi1140,cnwstqi1141,cnwstqi1142,cnwstqi1143,cnwstqi1144,cnwstqi1145,cnwstqi1146,cnwstqi1147,cnwstqi1148,cnwstqi1149,cnwstqi1150,cnwstqi1151,cnwstqi1152,cnwstqi1153,cnwstqi1154,cnwstqi1155,cnwstqi1156,cnwstqi1157,cnwstqi1158,cnwstqi1159,cnwstqi1160,cnwstqi1161,cnwstqi1162,cnwstqi1163,cnwstqi1164,cnwstqi1165,cnwstqi1166,cnwstqi1167,cnwstqi1168,cnwstqi1169,cnwstqi1170,cnwstqi1171,cnwstqi1172,cnwstqi1173,cnwstqi1174,cnwstqi1175,cnwstqi1176,cnwstqi1177,cnwstqi1178,cnwstqi1179,cnwstqi1180,cnwstqi1181,cnwstqi1182,cnwstqi1183,cnwstqi1184,cnwstqi1185,cnwstqi1186,cnwstqi1187,cnwstqi1188,cnwstqi1189,cnwstqi1190,cnwstqi1191,cnwstqi1192,cnwstqi1193,cnwstqi1194,cnwstqi1195,cnwstqi1196,cnwstqi1197,cnwstqi1198,cnwstqi1199,cnwstqi1200"
"cnwstq12","12","level1","笔画测试一级字表（3500字）12","笔画测试通用规范汉字表一级字表（3500字）12,汉字笔画测试12","cnwstqi1201,cnwstqi1202,cnwstqi1203,cnwstqi1204,cnwstqi1205,cnwstqi1206,cnwstqi1207,cnwstqi1208,cnwstqi1209,cnwstqi1210,cnwstqi1211,cnwstqi1212,cnwstqi1213,cnwstqi1214,cnwstqi1215,cnwstqi1216,cnwstqi1217,cnwstqi1218,cnwstqi1219,cnwstqi1220,cnwstqi1221,cnwstqi1222,cnwstqi1223,cnwstqi1224,cnwstqi1225,cnwstqi1226,cnwstqi1227,cnwstqi1228,cnwstqi1229,cnwstqi1230,cnwstqi1231,cnwstqi1232,cnwstqi1233,cnwstqi1234,cnwstqi1235,cnwstqi1236,cnwstqi1237,cnwstqi1238,cnwstqi1239,cnwstqi1240,cnwstqi1241,cnwstqi1242,cnwstqi1243,cnwstqi1244,cnwstqi1245,cnwstqi1246,cnwstqi1247,cnwstqi1248,cnwstqi1249,cnwstqi1250,cnwstqi1251,cnwstqi1252,cnwstqi1253,cnwstqi1254,cnwstqi1255,cnwstqi1256,cnwstqi1257,cnwstqi1258,cnwstqi1259,cnwstqi1260,cnwstqi1261,cnwstqi1262,cnwstqi1263,cnwstqi1264,cnwstqi1265,cnwstqi1266,cnwstqi1267,cnwstqi1268,cnwstqi1269,cnwstqi1270,cnwstqi1271,cnwstqi1272,cnwstqi1273,cnwstqi1274,cnwstqi1275,cnwstqi1276,cnwstqi1277,cnwstqi1278,cnwstqi1279,cnwstqi1280,cnwstqi1281,cnwstqi1282,cnwstqi1283,cnwstqi1284,cnwstqi1285,cnwstqi1286,cnwstqi1287,cnwstqi1288,cnwstqi1289,cnwstqi1290,cnwstqi1291,cnwstqi1292,cnwstqi1293,cnwstqi1294,cnwstqi1295,cnwstqi1296,cnwstqi1297,cnwstqi1298,cnwstqi1299,cnwstqi1300"
"cnwstq13","13","level1","笔画测试一级字表（3500字）13","笔画测试通用规范汉字表一级字表（3500字）13,汉字笔画测试13","cnwstqi1301,cnwstqi1302,cnwstqi1303,cnwstqi1304,cnwstqi1305,cnwstqi1306,cnwstqi1307,cnwstqi1308,cnwstqi1309,cnwstqi1310,cnwstqi1311,cnwstqi1312,cnwstqi1313,cnwstqi1314,cnwstqi1315,cnwstqi1316,cnwstqi1317,cnwstqi1318,cnwstqi1319,cnwstqi1320,cnwstqi1321,cnwstqi1322,cnwstqi1323,cnwstqi1324,cnwstqi1325,cnwstqi1326,cnwstqi1327,cnwstqi1328,cnwstqi1329,cnwstqi1330,cnwstqi1331,cnwstqi1332,cnwstqi1333,cnwstqi1334,cnwstqi1335,cnwstqi1336,cnwstqi1337,cnwstqi1338,cnwstqi1339,cnwstqi1340,cnwstqi1341,cnwstqi1342,cnwstqi1343,cnwstqi1344,cnwstqi1345,cnwstqi1346,cnwstqi1347,cnwstqi1348,cnwstqi1349,cnwstqi1350,cnwstqi1351,cnwstqi1352,cnwstqi1353,cnwstqi1354,cnwstqi1355,cnwstqi1356,cnwstqi1357,cnwstqi1358,cnwstqi1359,cnwstqi1360,cnwstqi1361,cnwstqi1362,cnwstqi1363,cnwstqi1364,cnwstqi1365,cnwstqi1366,cnwstqi1367,cnwstqi1368,cnwstqi1369,cnwstqi1370,cnwstqi1371,cnwstqi1372,cnwstqi1373,cnwstqi1374,cnwstqi1375,cnwstqi1376,cnwstqi1377,cnwstqi1378,cnwstqi1379,cnwstqi1380,cnwstqi1381,cnwstqi1382,cnwstqi1383,cnwstqi1384,cnwstqi1385,cnwstqi1386,cnwstqi1387,cnwstqi1388,cnwstqi1389,cnwstqi1390,cnwstqi1391,cnwstqi1392,cnwstqi1393,cnwstqi1394,cnwstqi1395,cnwstqi1396,cnwstqi1397,cnwstqi1398,cnwstqi1399,cnwstqi1400"
"cnwstq14","14","level1","笔画测试一级字表（3500字）14","笔画测试通用规范汉字表一级字表（3500字）14,汉字笔画测试14","cnwstqi1401,cnwstqi1402,cnwstqi1403,cnwstqi1404,cnwstqi1405,cnwstqi1406,cnwstqi1407,cnwstqi1408,cnwstqi1409,cnwstqi1410,cnwstqi1411,cnwstqi1412,cnwstqi1413,cnwstqi1414,cnwstqi1415,cnwstqi1416,cnwstqi1417,cnwstqi1418,cnwstqi1419,cnwstqi1420,cnwstqi1421,cnwstqi1422,cnwstqi1423,cnwstqi1424,cnwstqi1425,cnwstqi1426,cnwstqi1427,cnwstqi1428,cnwstqi1429,cnwstqi1430,cnwstqi1431,cnwstqi1432,cnwstqi1433,cnwstqi1434,cnwstqi1435,cnwstqi1436,cnwstqi1437,cnwstqi1438,cnwstqi1439,cnwstqi1440,cnwstqi1441,cnwstqi1442,cnwstqi1443,cnwstqi1444,cnwstqi1445,cnwstqi1446,cnwstqi1447,cnwstqi1448,cnwstqi1449,cnwstqi1450,cnwstqi1451,cnwstqi1452,cnwstqi1453,cnwstqi1454,cnwstqi1455,cnwstqi1456,cnwstqi1457,cnwstqi1458,cnwstqi1459,cnwstqi1460,cnwstqi1461,cnwstqi1462,cnwstqi1463,cnwstqi1464,cnwstqi1465,cnwstqi1466,cnwstqi1467,cnwstqi1468,cnwstqi1469,cnwstqi1470,cnwstqi1471,cnwstqi1472,cnwstqi1473,cnwstqi1474,cnwstqi1475,cnwstqi1476,cnwstqi1477,cnwstqi1478,cnwstqi1479,cnwstqi1480,cnwstqi1481,cnwstqi1482,cnwstqi1483,cnwstqi1484,cnwstqi1485,cnwstqi1486,cnwstqi1487,cnwstqi1488,cnwstqi1489,cnwstqi1490,cnwstqi1491,cnwstqi1492,cnwstqi1493,cnwstqi1494,cnwstqi1495,cnwstqi1496,cnwstqi1497,cnwstqi1498,cnwstqi1499,cnwstqi1500"
"cnwstq15","15","level1","笔画测试一级字表（3500字）15","笔画测试通用规范汉字表一级字表（3500字）15,汉字笔画测试15","cnwstqi1501,cnwstqi1502,cnwstqi1503,cnwstqi1504,cnwstqi1505,cnwstqi1506,cnwstqi1507,cnwstqi1508,cnwstqi1509,cnwstqi1510,cnwstqi1511,cnwstqi1512,cnwstqi1513,cnwstqi1514,cnwstqi1515,cnwstqi1516,cnwstqi1517,cnwstqi1518,cnwstqi1519,cnwstqi1520,cnwstqi1521,cnwstqi1522,cnwstqi1523,cnwstqi1524,cnwstqi1525,cnwstqi1526,cnwstqi1527,cnwstqi1528,cnwstqi1529,cnwstqi1530,cnwstqi1531,cnwstqi1532,cnwstqi1533,cnwstqi1534,cnwstqi1535,cnwstqi1536,cnwstqi1537,cnwstqi1538,cnwstqi1539,cnwstqi1540,cnwstqi1541,cnwstqi1542,cnwstqi1543,cnwstqi1544,cnwstqi1545,cnwstqi1546,cnwstqi1547,cnwstqi1548,cnwstqi1549,cnwstqi1550,cnwstqi1551,cnwstqi1552,cnwstqi1553,cnwstqi1554,cnwstqi1555,cnwstqi1556,cnwstqi1557,cnwstqi1558,cnwstqi1559,cnwstqi1560,cnwstqi1561,cnwstqi1562,cnwstqi1563,cnwstqi1564,cnwstqi1565,cnwstqi1566,cnwstqi1567,cnwstqi1568,cnwstqi1569,cnwstqi1570,cnwstqi1571,cnwstqi1572,cnwstqi1573,cnwstqi1574,cnwstqi1575,cnwstqi1576,cnwstqi1577,cnwstqi1578,cnwstqi1579,cnwstqi1580,cnwstqi1581,cnwstqi1582,cnwstqi1583,cnwstqi1584,cnwstqi1585,cnwstqi1586,cnwstqi1587,cnwstqi1588,cnwstqi1589,cnwstqi1590,cnwstqi1591,cnwstqi1592,cnwstqi1593,cnwstqi1594,cnwstqi1595,cnwstqi1596,cnwstqi1597,cnwstqi1598,cnwstqi1599,cnwstqi1600"
"cnwstq16","16","level1","笔画测试一级字表（3500字）16","笔画测试通用规范汉字表一级字表（3500字）16,汉字笔画测试16","cnwstqi1601,cnwstqi1602,cnwstqi1603,cnwstqi1604,cnwstqi1605,cnwstqi1606,cnwstqi1607,cnwstqi1608,cnwstqi1609,cnwstqi1610,cnwstqi1611,cnwstqi1612,cnwstqi1613,cnwstqi1614,cnwstqi1615,cnwstqi1616,cnwstqi1617,cnwstqi1618,cnwstqi1619,cnwstqi1620,cnwstqi1621,cnwstqi1622,cnwstqi1623,cnwstqi1624,cnwstqi1625,cnwstqi1626,cnwstqi1627,cnwstqi1628,cnwstqi1629,cnwstqi1630,cnwstqi1631,cnwstqi1632,cnwstqi1633,cnwstqi1634,cnwstqi1635,cnwstqi1636,cnwstqi1637,cnwstqi1638,cnwstqi1639,cnwstqi1640,cnwstqi1641,cnwstqi1642,cnwstqi1643,cnwstqi1644,cnwstqi1645,cnwstqi1646,cnwstqi1647,cnwstqi1648,cnwstqi1649,cnwstqi1650,cnwstqi1651,cnwstqi1652,cnwstqi1653,cnwstqi1654,cnwstqi1655,cnwstqi1656,cnwstqi1657,cnwstqi1658,cnwstqi1659,cnwstqi1660,cnwstqi1661,cnwstqi1662,cnwstqi1663,cnwstqi1664,cnwstqi1665,cnwstqi1666,cnwstqi1667,cnwstqi1668,cnwstqi1669,cnwstqi1670,cnwstqi1671,cnwstqi1672,cnwstqi1673,cnwstqi1674,cnwstqi1675,cnwstqi1676,cnwstqi1677,cnwstqi1678,cnwstqi1679,cnwstqi1680,cnwstqi1681,cnwstqi1682,cnwstqi1683,cnwstqi1684,cnwstqi1685,cnwstqi1686,cnwstqi1687,cnwstqi1688,cnwstqi1689,cnwstqi1690,cnwstqi1691,cnwstqi1692,cnwstqi1693,cnwstqi1694,cnwstqi1695,cnwstqi1696,cnwstqi1697,cnwstqi1698,cnwstqi1699,cnwstqi1700"
"cnwstq17","17","level1","笔画测试一级字表（3500字）17","笔画测试通用规范汉字表一级字表（3500字）17,汉字笔画测试17","cnwstqi1701,cnwstqi1702,cnwstqi1703,cnwstqi1704,cnwstqi1705,cnwstqi1706,cnwstqi1707,cnwstqi1708,cnwstqi1709,cnwstqi1710,cnwstqi1711,cnwstqi1712,cnwstqi1713,cnwstqi1714,cnwstqi1715,cnwstqi1716,cnwstqi1717,cnwstqi1718,cnwstqi1719,cnwstqi1720,cnwstqi1721,cnwstqi1722,cnwstqi1723,cnwstqi1724,cnwstqi1725,cnwstqi1726,cnwstqi1727,cnwstqi1728,cnwstqi1729,cnwstqi1730,cnwstqi1731,cnwstqi1732,cnwstqi1733,cnwstqi1734,cnwstqi1735,cnwstqi1736,cnwstqi1737,cnwstqi1738,cnwstqi1739,cnwstqi1740,cnwstqi1741,cnwstqi1742,cnwstqi1743,cnwstqi1744,cnwstqi1745,cnwstqi1746,cnwstqi1747,cnwstqi1748,cnwstqi1749,cnwstqi1750,cnwstqi1751,cnwstqi1752,cnwstqi1753,cnwstqi1754,cnwstqi1755,cnwstqi1756,cnwstqi1757,cnwstqi1758,cnwstqi1759,cnwstqi1760,cnwstqi1761,cnwstqi1762,cnwstqi1763,cnwstqi1764,cnwstqi1765,cnwstqi1766,cnwstqi1767,cnwstqi1768,cnwstqi1769,cnwstqi1770,cnwstqi1771,cnwstqi1772,cnwstqi1773,cnwstqi1774,cnwstqi1775,cnwstqi1776,cnwstqi1777,cnwstqi1778,cnwstqi1779,cnwstqi1780,cnwstqi1781,cnwstqi1782,cnwstqi1783,cnwstqi1784,cnwstqi1785,cnwstqi1786,cnwstqi1787,cnwstqi1788,cnwstqi1789,cnwstqi1790,cnwstqi1791,cnwstqi1792,cnwstqi1793,cnwstqi1794,cnwstqi1795,cnwstqi1796,cnwstqi1797,cnwstqi1798,cnwstqi1799,cnwstqi1800"
"cnwstq18","18","level1","笔画测试一级字表（3500字）18","笔画测试通用规范汉字表一级字表（3500字）18,汉字笔画测试18","cnwstqi1801,cnwstqi1802,cnwstqi1803,cnwstqi1804,cnwstqi1805,cnwstqi1806,cnwstqi1807,cnwstqi1808,cnwstqi1809,cnwstqi1810,cnwstqi1811,cnwstqi1812,cnwstqi1813,cnwstqi1814,cnwstqi1815,cnwstqi1816,cnwstqi1817,cnwstqi1818,cnwstqi1819,cnwstqi1820,cnwstqi1821,cnwstqi1822,cnwstqi1823,cnwstqi1824,cnwstqi1825,cnwstqi1826,cnwstqi1827,cnwstqi1828,cnwstqi1829,cnwstqi1830,cnwstqi1831,cnwstqi1832,cnwstqi1833,cnwstqi1834,cnwstqi1835,cnwstqi1836,cnwstqi1837,cnwstqi1838,cnwstqi1839,cnwstqi1840,cnwstqi1841,cnwstqi1842,cnwstqi1843,cnwstqi1844,cnwstqi1845,cnwstqi1846,cnwstqi1847,cnwstqi1848,cnwstqi1849,cnwstqi1850,cnwstqi1851,cnwstqi1852,cnwstqi1853,cnwstqi1854,cnwstqi1855,cnwstqi1856,cnwstqi1857,cnwstqi1858,cnwstqi1859,cnwstqi1860,cnwstqi1861,cnwstqi1862,cnwstqi1863,cnwstqi1864,cnwstqi1865,cnwstqi1866,cnwstqi1867,cnwstqi1868,cnwstqi1869,cnwstqi1870,cnwstqi1871,cnwstqi1872,cnwstqi1873,cnwstqi1874,cnwstqi1875,cnwstqi1876,cnwstqi1877,cnwstqi1878,cnwstqi1879,cnwstqi1880,cnwstqi1881,cnwstqi1882,cnwstqi1883,cnwstqi1884,cnwstqi1885,cnwstqi1886,cnwstqi1887,cnwstqi1888,cnwstqi1889,cnwstqi1890,cnwstqi1891,cnwstqi1892,cnwstqi1893,cnwstqi1894,cnwstqi1895,cnwstqi1896,cnwstqi1897,cnwstqi1898,cnwstqi1899,cnwstqi1900"
"cnwstq19","19","level1","笔画测试一级字表（3500字）19","笔画测试通用规范汉字表一级字表（3500字）19,汉字笔画测试19","cnwstqi1901,cnwstqi1902,cnwstqi1903,cnwstqi1904,cnwstqi1905,cnwstqi1906,cnwstqi1907,cnwstqi1908,cnwstqi1909,cnwstqi1910,cnwstqi1911,cnwstqi1912,cnwstqi1913,cnwstqi1914,cnwstqi1915,cnwstqi1916,cnwstqi1917,cnwstqi1918,cnwstqi1919,cnwstqi1920,cnwstqi1921,cnwstqi1922,cnwstqi1923,cnwstqi1924,cnwstqi1925,cnwstqi1926,cnwstqi1927,cnwstqi1928,cnwstqi1929,cnwstqi1930,cnwstqi1931,cnwstqi1932,cnwstqi1933,cnwstqi1934,cnwstqi1935,cnwstqi1936,cnwstqi1937,cnwstqi1938,cnwstqi1939,cnwstqi1940,cnwstqi1941,cnwstqi1942,cnwstqi1943,cnwstqi1944,cnwstqi1945,cnwstqi1946,cnwstqi1947,cnwstqi1948,cnwstqi1949,cnwstqi1950,cnwstqi1951,cnwstqi1952,cnwstqi1953,cnwstqi1954,cnwstqi1955,cnwstqi1956,cnwstqi1957,cnwstqi1958,cnwstqi1959,cnwstqi1960,cnwstqi1961,cnwstqi1962,cnwstqi1963,cnwstqi1964,cnwstqi1965,cnwstqi1966,cnwstqi1967,cnwstqi1968,cnwstqi1969,cnwstqi1970,cnwstqi1971,cnwstqi1972,cnwstqi1973,cnwstqi1974,cnwstqi1975,cnwstqi1976,cnwstqi1977,cnwstqi1978,cnwstqi1979,cnwstqi1980,cnwstqi1981,cnwstqi1982,cnwstqi1983,cnwstqi1984,cnwstqi1985,cnwstqi1986,cnwstqi1987,cnwstqi1988,cnwstqi1989,cnwstqi1990,cnwstqi1991,cnwstqi1992,cnwstqi1993,cnwstqi1994,cnwstqi1995,cnwstqi1996,cnwstqi1997,cnwstqi1998,cnwstqi1999,cnwstqi2000"
"cnwstq20","20","level1","笔画测试一级字表（3500字）20","笔画测试通用规范汉字表一级字表（3500字）20,汉字笔画测试20","cnwstqi2001,cnwstqi2002,cnwstqi2003,cnwstqi2004,cnwstqi2005,cnwstqi2006,cnwstqi2007,cnwstqi2008,cnwstqi2009,cnwstqi2010,cnwstqi2011,cnwstqi2012,cnwstqi2013,cnwstqi2014,cnwstqi2015,cnwstqi2016,cnwstqi2017,cnwstqi2018,cnwstqi2019,cnwstqi2020,cnwstqi2021,cnwstqi2022,cnwstqi2023,cnwstqi2024,cnwstqi2025,cnwstqi2026,cnwstqi2027,cnwstqi2028,cnwstqi2029,cnwstqi2030,cnwstqi2031,cnwstqi2032,cnwstqi2033,cnwstqi2034,cnwstqi2035,cnwstqi2036,cnwstqi2037,cnwstqi2038,cnwstqi2039,cnwstqi2040,cnwstqi2041,cnwstqi2042,cnwstqi2043,cnwstqi2044,cnwstqi2045,cnwstqi2046,cnwstqi2047,cnwstqi2048,cnwstqi2049,cnwstqi2050,cnwstqi2051,cnwstqi2052,cnwstqi2053,cnwstqi2054,cnwstqi2055,cnwstqi2056,cnwstqi2057,cnwstqi2058,cnwstqi2059,cnwstqi2060,cnwstqi2061,cnwstqi2062,cnwstqi2063,cnwstqi2064,cnwstqi2065,cnwstqi2066,cnwstqi2067,cnwstqi2068,cnwstqi2069,cnwstqi2070,cnwstqi2071,cnwstqi2072,cnwstqi2073,cnwstqi2074,cnwstqi2075,cnwstqi2076,cnwstqi2077,cnwstqi2078,cnwstqi2079,cnwstqi2080,cnwstqi2081,cnwstqi2082,cnwstqi2083,cnwstqi2084,cnwstqi2085,cnwstqi2086,cnwstqi2087,cnwstqi2088,cnwstqi2089,cnwstqi2090,cnwstqi2091,cnwstqi2092,cnwstqi2093,cnwstqi2094,cnwstqi2095,cnwstqi2096,cnwstqi2097,cnwstqi2098,cnwstqi2099,cnwstqi2100"
"cnwstq21","21","level1","笔画测试一级字表（3500字）21","笔画测试通用规范汉字表一级字表（3500字）21,汉字笔画测试21","cnwstqi2101,cnwstqi2102,cnwstqi2103,cnwstqi2104,cnwstqi2105,cnwstqi2106,cnwstqi2107,cnwstqi2108,cnwstqi2109,cnwstqi2110,cnwstqi2111,cnwstqi2112,cnwstqi2113,cnwstqi2114,cnwstqi2115,cnwstqi2116,cnwstqi2117,cnwstqi2118,cnwstqi2119,cnwstqi2120,cnwstqi2121,cnwstqi2122,cnwstqi2123,cnwstqi2124,cnwstqi2125,cnwstqi2126,cnwstqi2127,cnwstqi2128,cnwstqi2129,cnwstqi2130,cnwstqi2131,cnwstqi2132,cnwstqi2133,cnwstqi2134,cnwstqi2135,cnwstqi2136,cnwstqi2137,cnwstqi2138,cnwstqi2139,cnwstqi2140,cnwstqi2141,cnwstqi2142,cnwstqi2143,cnwstqi2144,cnwstqi2145,cnwstqi2146,cnwstqi2147,cnwstqi2148,cnwstqi2149,cnwstqi2150,cnwstqi2151,cnwstqi2152,cnwstqi2153,cnwstqi2154,cnwstqi2155,cnwstqi2156,cnwstqi2157,cnwstqi2158,cnwstqi2159,cnwstqi2160,cnwstqi2161,cnwstqi2162,cnwstqi2163,cnwstqi2164,cnwstqi2165,cnwstqi2166,cnwstqi2167,cnwstqi2168,cnwstqi2169,cnwstqi2170,cnwstqi2171,cnwstqi2172,cnwstqi2173,cnwstqi2174,cnwstqi2175,cnwstqi2176,cnwstqi2177,cnwstqi2178,cnwstqi2179,cnwstqi2180,cnwstqi2181,cnwstqi2182,cnwstqi2183,cnwstqi2184,cnwstqi2185,cnwstqi2186,cnwstqi2187,cnwstqi2188,cnwstqi2189,cnwstqi2190,cnwstqi2191,cnwstqi2192,cnwstqi2193,cnwstqi2194,cnwstqi2195,cnwstqi2196,cnwstqi2197,cnwstqi2198,cnwstqi2199,cnwstqi2200"
"cnwstq22","22","level1","笔画测试一级字表（3500字）22","笔画测试通用规范汉字表一级字表（3500字）22,汉字笔画测试22","cnwstqi2201,cnwstqi2202,cnwstqi2203,cnwstqi2204,cnwstqi2205,cnwstqi2206,cnwstqi2207,cnwstqi2208,cnwstqi2209,cnwstqi2210,cnwstqi2211,cnwstqi2212,cnwstqi2213,cnwstqi2214,cnwstqi2215,cnwstqi2216,cnwstqi2217,cnwstqi2218,cnwstqi2219,cnwstqi2220,cnwstqi2221,cnwstqi2222,cnwstqi2223,cnwstqi2224,cnwstqi2225,cnwstqi2226,cnwstqi2227,cnwstqi2228,cnwstqi2229,cnwstqi2230,cnwstqi2231,cnwstqi2232,cnwstqi2233,cnwstqi2234,cnwstqi2235,cnwstqi2236,cnwstqi2237,cnwstqi2238,cnwstqi2239,cnwstqi2240,cnwstqi2241,cnwstqi2242,cnwstqi2243,cnwstqi2244,cnwstqi2245,cnwstqi2246,cnwstqi2247,cnwstqi2248,cnwstqi2249,cnwstqi2250,cnwstqi2251,cnwstqi2252,cnwstqi2253,cnwstqi2254,cnwstqi2255,cnwstqi2256,cnwstqi2257,cnwstqi2258,cnwstqi2259,cnwstqi2260,cnwstqi2261,cnwstqi2262,cnwstqi2263,cnwstqi2264,cnwstqi2265,cnwstqi2266,cnwstqi2267,cnwstqi2268,cnwstqi2269,cnwstqi2270,cnwstqi2271,cnwstqi2272,cnwstqi2273,cnwstqi2274,cnwstqi2275,cnwstqi2276,cnwstqi2277,cnwstqi2278,cnwstqi2279,cnwstqi2280,cnwstqi2281,cnwstqi2282,cnwstqi2283,cnwstqi2284,cnwstqi2285,cnwstqi2286,cnwstqi2287,cnwstqi2288,cnwstqi2289,cnwstqi2290,cnwstqi2291,cnwstqi2292,cnwstqi2293,cnwstqi2294,cnwstqi2295,cnwstqi2296,cnwstqi2297,cnwstqi2298,cnwstqi2299,cnwstqi2300"
"cnwstq23","23","level1","笔画测试一级字表（3500字）23","笔画测试通用规范汉字表一级字表（3500字）23,汉字笔画测试23","cnwstqi2301,cnwstqi2302,cnwstqi2303,cnwstqi2304,cnwstqi2305,cnwstqi2306,cnwstqi2307,cnwstqi2308,cnwstqi2309,cnwstqi2310,cnwstqi2311,cnwstqi2312,cnwstqi2313,cnwstqi2314,cnwstqi2315,cnwstqi2316,cnwstqi2317,cnwstqi2318,cnwstqi2319,cnwstqi2320,cnwstqi2321,cnwstqi2322,cnwstqi2323,cnwstqi2324,cnwstqi2325,cnwstqi2326,cnwstqi2327,cnwstqi2328,cnwstqi2329,cnwstqi2330,cnwstqi2331,cnwstqi2332,cnwstqi2333,cnwstqi2334,cnwstqi2335,cnwstqi2336,cnwstqi2337,cnwstqi2338,cnwstqi2339,cnwstqi2340,cnwstqi2341,cnwstqi2342,cnwstqi2343,cnwstqi2344,cnwstqi2345,cnwstqi2346,cnwstqi2347,cnwstqi2348,cnwstqi2349,cnwstqi2350,cnwstqi2351,cnwstqi2352,cnwstqi2353,cnwstqi2354,cnwstqi2355,cnwstqi2356,cnwstqi2357,cnwstqi2358,cnwstqi2359,cnwstqi2360,cnwstqi2361,cnwstqi2362,cnwstqi2363,cnwstqi2364,cnwstqi2365,cnwstqi2366,cnwstqi2367,cnwstqi2368,cnwstqi2369,cnwstqi2370,cnwstqi2371,cnwstqi2372,cnwstqi2373,cnwstqi2374,cnwstqi2375,cnwstqi2376,cnwstqi2377,cnwstqi2378,cnwstqi2379,cnwstqi2380,cnwstqi2381,cnwstqi2382,cnwstqi2383,cnwstqi2384,cnwstqi2385,cnwstqi2386,cnwstqi2387,cnwstqi2388,cnwstqi2389,cnwstqi2390,cnwstqi2391,cnwstqi2392,cnwstqi2393,cnwstqi2394,cnwstqi2395,cnwstqi2396,cnwstqi2397,cnwstqi2398,cnwstqi2399,cnwstqi2400"
"cnwstq24","24","level1","笔画测试一级字表（3500字）24","笔画测试通用规范汉字表一级字表（3500字）24,汉字笔画测试24","cnwstqi2401,cnwstqi2402,cnwstqi2403,cnwstqi2404,cnwstqi2405,cnwstqi2406,cnwstqi2407,cnwstqi2408,cnwstqi2409,cnwstqi2410,cnwstqi2411,cnwstqi2412,cnwstqi2413,cnwstqi2414,cnwstqi2415,cnwstqi2416,cnwstqi2417,cnwstqi2418,cnwstqi2419,cnwstqi2420,cnwstqi2421,cnwstqi2422,cnwstqi2423,cnwstqi2424,cnwstqi2425,cnwstqi2426,cnwstqi2427,cnwstqi2428,cnwstqi2429,cnwstqi2430,cnwstqi2431,cnwstqi2432,cnwstqi2433,cnwstqi2434,cnwstqi2435,cnwstqi2436,cnwstqi2437,cnwstqi2438,cnwstqi2439,cnwstqi2440,cnwstqi2441,cnwstqi2442,cnwstqi2443,cnwstqi2444,cnwstqi2445,cnwstqi2446,cnwstqi2447,cnwstqi2448,cnwstqi2449,cnwstqi2450,cnwstqi2451,cnwstqi2452,cnwstqi2453,cnwstqi2454,cnwstqi2455,cnwstqi2456,cnwstqi2457,cnwstqi2458,cnwstqi2459,cnwstqi2460,cnwstqi2461,cnwstqi2462,cnwstqi2463,cnwstqi2464,cnwstqi2465,cnwstqi2466,cnwstqi2467,cnwstqi2468,cnwstqi2469,cnwstqi2470,cnwstqi2471,cnwstqi2472,cnwstqi2473,cnwstqi2474,cnwstqi2475,cnwstqi2476,cnwstqi2477,cnwstqi2478,cnwstqi2479,cnwstqi2480,cnwstqi2481,cnwstqi2482,cnwstqi2483,cnwstqi2484,cnwstqi2485,cnwstqi2486,cnwstqi2487,cnwstqi2488,cnwstqi2489,cnwstqi2490,cnwstqi2491,cnwstqi2492,cnwstqi2493,cnwstqi2494,cnwstqi2495,cnwstqi2496,cnwstqi2497,cnwstqi2498,cnwstqi2499,cnwstqi2500"
"cnwstq25","25","level1","笔画测试一级字表（3500字）25","笔画测试通用规范汉字表一级字表（3500字）25,汉字笔画测试25","cnwstqi2501,cnwstqi2502,cnwstqi2503,cnwstqi2504,cnwstqi2505,cnwstqi2506,cnwstqi2507,cnwstqi2508,cnwstqi2509,cnwstqi2510,cnwstqi2511,cnwstqi2512,cnwstqi2513,cnwstqi2514,cnwstqi2515,cnwstqi2516,cnwstqi2517,cnwstqi2518,cnwstqi2519,cnwstqi2520,cnwstqi2521,cnwstqi2522,cnwstqi2523,cnwstqi2524,cnwstqi2525,cnwstqi2526,cnwstqi2527,cnwstqi2528,cnwstqi2529,cnwstqi2530,cnwstqi2531,cnwstqi2532,cnwstqi2533,cnwstqi2534,cnwstqi2535,cnwstqi2536,cnwstqi2537,cnwstqi2538,cnwstqi2539,cnwstqi2540,cnwstqi2541,cnwstqi2542,cnwstqi2543,cnwstqi2544,cnwstqi2545,cnwstqi2546,cnwstqi2547,cnwstqi2548,cnwstqi2549,cnwstqi2550,cnwstqi2551,cnwstqi2552,cnwstqi2553,cnwstqi2554,cnwstqi2555,cnwstqi2556,cnwstqi2557,cnwstqi2558,cnwstqi2559,cnwstqi2560,cnwstqi2561,cnwstqi2562,cnwstqi2563,cnwstqi2564,cnwstqi2565,cnwstqi2566,cnwstqi2567,cnwstqi2568,cnwstqi2569,cnwstqi2570,cnwstqi2571,cnwstqi2572,cnwstqi2573,cnwstqi2574,cnwstqi2575,cnwstqi2576,cnwstqi2577,cnwstqi2578,cnwstqi2579,cnwstqi2580,cnwstqi2581,cnwstqi2582,cnwstqi2583,cnwstqi2584,cnwstqi2585,cnwstqi2586,cnwstqi2587,cnwstqi2588,cnwstqi2589,cnwstqi2590,cnwstqi2591,cnwstqi2592,cnwstqi2593,cnwstqi2594,cnwstqi2595,cnwstqi2596,cnwstqi2597,cnwstqi2598,cnwstqi2599,cnwstqi2600"
"cnwstq26","26","level1","笔画测试一级字表（3500字）26","笔画测试通用规范汉字表一级字表（3500字）26,汉字笔画测试26","cnwstqi2601,cnwstqi2602,cnwstqi2603,cnwstqi2604,cnwstqi2605,cnwstqi2606,cnwstqi2607,cnwstqi2608,cnwstqi2609,cnwstqi2610,cnwstqi2611,cnwstqi2612,cnwstqi2613,cnwstqi2614,cnwstqi2615,cnwstqi2616,cnwstqi2617,cnwstqi2618,cnwstqi2619,cnwstqi2620,cnwstqi2621,cnwstqi2622,cnwstqi2623,cnwstqi2624,cnwstqi2625,cnwstqi2626,cnwstqi2627,cnwstqi2628,cnwstqi2629,cnwstqi2630,cnwstqi2631,cnwstqi2632,cnwstqi2633,cnwstqi2634,cnwstqi2635,cnwstqi2636,cnwstqi2637,cnwstqi2638,cnwstqi2639,cnwstqi2640,cnwstqi2641,cnwstqi2642,cnwstqi2643,cnwstqi2644,cnwstqi2645,cnwstqi2646,cnwstqi2647,cnwstqi2648,cnwstqi2649,cnwstqi2650,cnwstqi2651,cnwstqi2652,cnwstqi2653,cnwstqi2654,cnwstqi2655,cnwstqi2656,cnwstqi2657,cnwstqi2658,cnwstqi2659,cnwstqi2660,cnwstqi2661,cnwstqi2662,cnwstqi2663,cnwstqi2664,cnwstqi2665,cnwstqi2666,cnwstqi2667,cnwstqi2668,cnwstqi2669,cnwstqi2670,cnwstqi2671,cnwstqi2672,cnwstqi2673,cnwstqi2674,cnwstqi2675,cnwstqi2676,cnwstqi2677,cnwstqi2678,cnwstqi2679,cnwstqi2680,cnwstqi2681,cnwstqi2682,cnwstqi2683,cnwstqi2684,cnwstqi2685,cnwstqi2686,cnwstqi2687,cnwstqi2688,cnwstqi2689,cnwstqi2690,cnwstqi2691,cnwstqi2692,cnwstqi2693,cnwstqi2694,cnwstqi2695,cnwstqi2696,cnwstqi2697,cnwstqi2698,cnwstqi2699,cnwstqi2700"
"cnwstq27","27","level1","笔画测试一级字表（3500字）27","笔画测试通用规范汉字表一级字表（3500字）27,汉字笔画测试27","cnwstqi2701,cnwstqi2702,cnwstqi2703,cnwstqi2704,cnwstqi2705,cnwstqi2706,cnwstqi2707,cnwstqi2708,cnwstqi2709,cnwstqi2710,cnwstqi2711,cnwstqi2712,cnwstqi2713,cnwstqi2714,cnwstqi2715,cnwstqi2716,cnwstqi2717,cnwstqi2718,cnwstqi2719,cnwstqi2720,cnwstqi2721,cnwstqi2722,cnwstqi2723,cnwstqi2724,cnwstqi2725,cnwstqi2726,cnwstqi2727,cnwstqi2728,cnwstqi2729,cnwstqi2730,cnwstqi2731,cnwstqi2732,cnwstqi2733,cnwstqi2734,cnwstqi2735,cnwstqi2736,cnwstqi2737,cnwstqi2738,cnwstqi2739,cnwstqi2740,cnwstqi2741,cnwstqi2742,cnwstqi2743,cnwstqi2744,cnwstqi2745,cnwstqi2746,cnwstqi2747,cnwstqi2748,cnwstqi2749,cnwstqi2750,cnwstqi2751,cnwstqi2752,cnwstqi2753,cnwstqi2754,cnwstqi2755,cnwstqi2756,cnwstqi2757,cnwstqi2758,cnwstqi2759,cnwstqi2760,cnwstqi2761,cnwstqi2762,cnwstqi2763,cnwstqi2764,cnwstqi2765,cnwstqi2766,cnwstqi2767,cnwstqi2768,cnwstqi2769,cnwstqi2770,cnwstqi2771,cnwstqi2772,cnwstqi2773,cnwstqi2774,cnwstqi2775,cnwstqi2776,cnwstqi2777,cnwstqi2778,cnwstqi2779,cnwstqi2780,cnwstqi2781,cnwstqi2782,cnwstqi2783,cnwstqi2784,cnwstqi2785,cnwstqi2786,cnwstqi2787,cnwstqi2788,cnwstqi2789,cnwstqi2790,cnwstqi2791,cnwstqi2792,cnwstqi2793,cnwstqi2794,cnwstqi2795,cnwstqi2796,cnwstqi2797,cnwstqi2798,cnwstqi2799,cnwstqi2800"
"cnwstq28","28","level1","笔画测试一级字表（3500字）28","笔画测试通用规范汉字表一级字表（3500字）28,汉字笔画测试28","cnwstqi2801,cnwstqi2802,cnwstqi2803,cnwstqi2804,cnwstqi2805,cnwstqi2806,cnwstqi2807,cnwstqi2808,cnwstqi2809,cnwstqi2810,cnwstqi2811,cnwstqi2812,cnwstqi2813,cnwstqi2814,cnwstqi2815,cnwstqi2816,cnwstqi2817,cnwstqi2818,cnwstqi2819,cnwstqi2820,cnwstqi2821,cnwstqi2822,cnwstqi2823,cnwstqi2824,cnwstqi2825,cnwstqi2826,cnwstqi2827,cnwstqi2828,cnwstqi2829,cnwstqi2830,cnwstqi2831,cnwstqi2832,cnwstqi2833,cnwstqi2834,cnwstqi2835,cnwstqi2836,cnwstqi2837,cnwstqi2838,cnwstqi2839,cnwstqi2840,cnwstqi2841,cnwstqi2842,cnwstqi2843,cnwstqi2844,cnwstqi2845,cnwstqi2846,cnwstqi2847,cnwstqi2848,cnwstqi2849,cnwstqi2850,cnwstqi2851,cnwstqi2852,cnwstqi2853,cnwstqi2854,cnwstqi2855,cnwstqi2856,cnwstqi2857,cnwstqi2858,cnwstqi2859,cnwstqi2860,cnwstqi2861,cnwstqi2862,cnwstqi2863,cnwstqi2864,cnwstqi2865,cnwstqi2866,cnwstqi2867,cnwstqi2868,cnwstqi2869,cnwstqi2870,cnwstqi2871,cnwstqi2872,cnwstqi2873,cnwstqi2874,cnwstqi2875,cnwstqi2876,cnwstqi2877,cnwstqi2878,cnwstqi2879,cnwstqi2880,cnwstqi2881,cnwstqi2882,cnwstqi2883,cnwstqi2884,cnwstqi2885,cnwstqi2886,cnwstqi2887,cnwstqi2888,cnwstqi2889,cnwstqi2890,cnwstqi2891,cnwstqi2892,cnwstqi2893,cnwstqi2894,cnwstqi2895,cnwstqi2896,cnwstqi2897,cnwstqi2898,cnwstqi2899,cnwstqi2900"
"cnwstq29","29","level1","笔画测试一级字表（3500字）29","笔画测试通用规范汉字表一级字表（3500字）29,汉字笔画测试29","cnwstqi2901,cnwstqi2902,cnwstqi2903,cnwstqi2904,cnwstqi2905,cnwstqi2906,cnwstqi2907,cnwstqi2908,cnwstqi2909,cnwstqi2910,cnwstqi2911,cnwstqi2912,cnwstqi2913,cnwstqi2914,cnwstqi2915,cnwstqi2916,cnwstqi2917,cnwstqi2918,cnwstqi2919,cnwstqi2920,cnwstqi2921,cnwstqi2922,cnwstqi2923,cnwstqi2924,cnwstqi2925,cnwstqi2926,cnwstqi2927,cnwstqi2928,cnwstqi2929,cnwstqi2930,cnwstqi2931,cnwstqi2932,cnwstqi2933,cnwstqi2934,cnwstqi2935,cnwstqi2936,cnwstqi2937,cnwstqi2938,cnwstqi2939,cnwstqi2940,cnwstqi2941,cnwstqi2942,cnwstqi2943,cnwstqi2944,cnwstqi2945,cnwstqi2946,cnwstqi2947,cnwstqi2948,cnwstqi2949,cnwstqi2950,cnwstqi2951,cnwstqi2952,cnwstqi2953,cnwstqi2954,cnwstqi2955,cnwstqi2956,cnwstqi2957,cnwstqi2958,cnwstqi2959,cnwstqi2960,cnwstqi2961,cnwstqi2962,cnwstqi2963,cnwstqi2964,cnwstqi2965,cnwstqi2966,cnwstqi2967,cnwstqi2968,cnwstqi2969,cnwstqi2970,cnwstqi2971,cnwstqi2972,cnwstqi2973,cnwstqi2974,cnwstqi2975,cnwstqi2976,cnwstqi2977,cnwstqi2978,cnwstqi2979,cnwstqi2980,cnwstqi2981,cnwstqi2982,cnwstqi2983,cnwstqi2984,cnwstqi2985,cnwstqi2986,cnwstqi2987,cnwstqi2988,cnwstqi2989,cnwstqi2990,cnwstqi2991,cnwstqi2992,cnwstqi2993,cnwstqi2994,cnwstqi2995,cnwstqi2996,cnwstqi2997,cnwstqi2998,cnwstqi2999,cnwstqi3000"
"cnwstq30","30","level1","笔画测试一级字表（3500字）30","笔画测试通用规范汉字表一级字表（3500字）30,汉字笔画测试30","cnwstqi3001,cnwstqi3002,cnwstqi3003,cnwstqi3004,cnwstqi3005,cnwstqi3006,cnwstqi3007,cnwstqi3008,cnwstqi3009,cnwstqi3010,cnwstqi3011,cnwstqi3012,cnwstqi3013,cnwstqi3014,cnwstqi3015,cnwstqi3016,cnwstqi3017,cnwstqi3018,cnwstqi3019,cnwstqi3020,cnwstqi3021,cnwstqi3022,cnwstqi3023,cnwstqi3024,cnwstqi3025,cnwstqi3026,cnwstqi3027,cnwstqi3028,cnwstqi3029,cnwstqi3030,cnwstqi3031,cnwstqi3032,cnwstqi3033,cnwstqi3034,cnwstqi3035,cnwstqi3036,cnwstqi3037,cnwstqi3038,cnwstqi3039,cnwstqi3040,cnwstqi3041,cnwstqi3042,cnwstqi3043,cnwstqi3044,cnwstqi3045,cnwstqi3046,cnwstqi3047,cnwstqi3048,cnwstqi3049,cnwstqi3050,cnwstqi3051,cnwstqi3052,cnwstqi3053,cnwstqi3054,cnwstqi3055,cnwstqi3056,cnwstqi3057,cnwstqi3058,cnwstqi3059,cnwstqi3060,cnwstqi3061,cnwstqi3062,cnwstqi3063,cnwstqi3064,cnwstqi3065,cnwstqi3066,cnwstqi3067,cnwstqi3068,cnwstqi3069,cnwstqi3070,cnwstqi3071,cnwstqi3072,cnwstqi3073,cnwstqi3074,cnwstqi3075,cnwstqi3076,cnwstqi3077,cnwstqi3078,cnwstqi3079,cnwstqi3080,cnwstqi3081,cnwstqi3082,cnwstqi3083,cnwstqi3084,cnwstqi3085,cnwstqi3086,cnwstqi3087,cnwstqi3088,cnwstqi3089,cnwstqi3090,cnwstqi3091,cnwstqi3092,cnwstqi3093,cnwstqi3094,cnwstqi3095,cnwstqi3096,cnwstqi3097,cnwstqi3098,cnwstqi3099,cnwstqi3100"
"cnwstq31","31","level1","笔画测试一级字表（3500字）31","笔画测试通用规范汉字表一级字表（3500字）31,汉字笔画测试31","cnwstqi3101,cnwstqi3102,cnwstqi3103,cnwstqi3104,cnwstqi3105,cnwstqi3106,cnwstqi3107,cnwstqi3108,cnwstqi3109,cnwstqi3110,cnwstqi3111,cnwstqi3112,cnwstqi3113,cnwstqi3114,cnwstqi3115,cnwstqi3116,cnwstqi3117,cnwstqi3118,cnwstqi3119,cnwstqi3120,cnwstqi3121,cnwstqi3122,cnwstqi3123,cnwstqi3124,cnwstqi3125,cnwstqi3126,cnwstqi3127,cnwstqi3128,cnwstqi3129,cnwstqi3130,cnwstqi3131,cnwstqi3132,cnwstqi3133,cnwstqi3134,cnwstqi3135,cnwstqi3136,cnwstqi3137,cnwstqi3138,cnwstqi3139,cnwstqi3140,cnwstqi3141,cnwstqi3142,cnwstqi3143,cnwstqi3144,cnwstqi3145,cnwstqi3146,cnwstqi3147,cnwstqi3148,cnwstqi3149,cnwstqi3150,cnwstqi3151,cnwstqi3152,cnwstqi3153,cnwstqi3154,cnwstqi3155,cnwstqi3156,cnwstqi3157,cnwstqi3158,cnwstqi3159,cnwstqi3160,cnwstqi3161,cnwstqi3162,cnwstqi3163,cnwstqi3164,cnwstqi3165,cnwstqi3166,cnwstqi3167,cnwstqi3168,cnwstqi3169,cnwstqi3170,cnwstqi3171,cnwstqi3172,cnwstqi3173,cnwstqi3174,cnwstqi3175,cnwstqi3176,cnwstqi3177,cnwstqi3178,cnwstqi3179,cnwstqi3180,cnwstqi3181,cnwstqi3182,cnwstqi3183,cnwstqi3184,cnwstqi3185,cnwstqi3186,cnwstqi3187,cnwstqi3188,cnwstqi3189,cnwstqi3190,cnwstqi3191,cnwstqi3192,cnwstqi3193,cnwstqi3194,cnwstqi3195,cnwstqi3196,cnwstqi3197,cnwstqi3198,cnwstqi3199,cnwstqi3200"
"cnwstq32","32","level1","笔画测试一级字表（3500字）32","笔画测试通用规范汉字表一级字表（3500字）32,汉字笔画测试32","cnwstqi3201,cnwstqi3202,cnwstqi3203,cnwstqi3204,cnwstqi3205,cnwstqi3206,cnwstqi3207,cnwstqi3208,cnwstqi3209,cnwstqi3210,cnwstqi3211,cnwstqi3212,cnwstqi3213,cnwstqi3214,cnwstqi3215,cnwstqi3216,cnwstqi3217,cnwstqi3218,cnwstqi3219,cnwstqi3220,cnwstqi3221,cnwstqi3222,cnwstqi3223,cnwstqi3224,cnwstqi3225,cnwstqi3226,cnwstqi3227,cnwstqi3228,cnwstqi3229,cnwstqi3230,cnwstqi3231,cnwstqi3232,cnwstqi3233,cnwstqi3234,cnwstqi3235,cnwstqi3236,cnwstqi3237,cnwstqi3238,cnwstqi3239,cnwstqi3240,cnwstqi3241,cnwstqi3242,cnwstqi3243,cnwstqi3244,cnwstqi3245,cnwstqi3246,cnwstqi3247,cnwstqi3248,cnwstqi3249,cnwstqi3250,cnwstqi3251,cnwstqi3252,cnwstqi3253,cnwstqi3254,cnwstqi3255,cnwstqi3256,cnwstqi3257,cnwstqi3258,cnwstqi3259,cnwstqi3260,cnwstqi3261,cnwstqi3262,cnwstqi3263,cnwstqi3264,cnwstqi3265,cnwstqi3266,cnwstqi3267,cnwstqi3268,cnwstqi3269,cnwstqi3270,cnwstqi3271,cnwstqi3272,cnwstqi3273,cnwstqi3274,cnwstqi3275,cnwstqi3276,cnwstqi3277,cnwstqi3278,cnwstqi3279,cnwstqi3280,cnwstqi3281,cnwstqi3282,cnwstqi3283,cnwstqi3284,cnwstqi3285,cnwstqi3286,cnwstqi3287,cnwstqi3288,cnwstqi3289,cnwstqi3290,cnwstqi3291,cnwstqi3292,cnwstqi3293,cnwstqi3294,cnwstqi3295,cnwstqi3296,cnwstqi3297,cnwstqi3298,cnwstqi3299,cnwstqi3300"
"cnwstq33","33","level1","笔画测试一级字表（3500字）33","笔画测试通用规范汉字表一级字表（3500字）33,汉字笔画测试33","cnwstqi3301,cnwstqi3302,cnwstqi3303,cnwstqi3304,cnwstqi3305,cnwstqi3306,cnwstqi3307,cnwstqi3308,cnwstqi3309,cnwstqi3310,cnwstqi3311,cnwstqi3312,cnwstqi3313,cnwstqi3314,cnwstqi3315,cnwstqi3316,cnwstqi3317,cnwstqi3318,cnwstqi3319,cnwstqi3320,cnwstqi3321,cnwstqi3322,cnwstqi3323,cnwstqi3324,cnwstqi3325,cnwstqi3326,cnwstqi3327,cnwstqi3328,cnwstqi3329,cnwstqi3330,cnwstqi3331,cnwstqi3332,cnwstqi3333,cnwstqi3334,cnwstqi3335,cnwstqi3336,cnwstqi3337,cnwstqi3338,cnwstqi3339,cnwstqi3340,cnwstqi3341,cnwstqi3342,cnwstqi3343,cnwstqi3344,cnwstqi3345,cnwstqi3346,cnwstqi3347,cnwstqi3348,cnwstqi3349,cnwstqi3350,cnwstqi3351,cnwstqi3352,cnwstqi3353,cnwstqi3354,cnwstqi3355,cnwstqi3356,cnwstqi3357,cnwstqi3358,cnwstqi3359,cnwstqi3360,cnwstqi3361,cnwstqi3362,cnwstqi3363,cnwstqi3364,cnwstqi3365,cnwstqi3366,cnwstqi3367,cnwstqi3368,cnwstqi3369,cnwstqi3370,cnwstqi3371,cnwstqi3372,cnwstqi3373,cnwstqi3374,cnwstqi3375,cnwstqi3376,cnwstqi3377,cnwstqi3378,cnwstqi3379,cnwstqi3380,cnwstqi3381,cnwstqi3382,cnwstqi3383,cnwstqi3384,cnwstqi3385,cnwstqi3386,cnwstqi3387,cnwstqi3388,cnwstqi3389,cnwstqi3390,cnwstqi3391,cnwstqi3392,cnwstqi3393,cnwstqi3394,cnwstqi3395,cnwstqi3396,cnwstqi3397,cnwstqi3398,cnwstqi3399,cnwstqi3400"
"cnwstq34","34","level1","笔画测试一级字表（3500字）34","笔画测试通用规范汉字表一级字表（3500字）34,汉字笔画测试34","cnwstqi3401,cnwstqi3402,cnwstqi3403,cnwstqi3404,cnwstqi3405,cnwstqi3406,cnwstqi3407,cnwstqi3408,cnwstqi3409,cnwstqi3410,cnwstqi3411,cnwstqi3412,cnwstqi3413,cnwstqi3414,cnwstqi3415,cnwstqi3416,cnwstqi3417,cnwstqi3418,cnwstqi3419,cnwstqi3420,cnwstqi3421,cnwstqi3422,cnwstqi3423,cnwstqi3424,cnwstqi3425,cnwstqi3426,cnwstqi3427,cnwstqi3428,cnwstqi3429,cnwstqi3430,cnwstqi3431,cnwstqi3432,cnwstqi3433,cnwstqi3434,cnwstqi3435,cnwstqi3436,cnwstqi3437,cnwstqi3438,cnwstqi3439,cnwstqi3440,cnwstqi3441,cnwstqi3442,cnwstqi3443,cnwstqi3444,cnwstqi3445,cnwstqi3446,cnwstqi3447,cnwstqi3448,cnwstqi3449,cnwstqi3450,cnwstqi3451,cnwstqi3452,cnwstqi3453,cnwstqi3454,cnwstqi3455,cnwstqi3456,cnwstqi3457,cnwstqi3458,cnwstqi3459,cnwstqi3460,cnwstqi3461,cnwstqi3462,cnwstqi3463,cnwstqi3464,cnwstqi3465,cnwstqi3466,cnwstqi3467,cnwstqi3468,cnwstqi3469,cnwstqi3470,cnwstqi3471,cnwstqi3472,cnwstqi3473,cnwstqi3474,cnwstqi3475,cnwstqi3476,cnwstqi3477,cnwstqi3478,cnwstqi3479,cnwstqi3480,cnwstqi3481,cnwstqi3482,cnwstqi3483,cnwstqi3484,cnwstqi3485,cnwstqi3486,cnwstqi3487,cnwstqi3488,cnwstqi3489,cnwstqi3490,cnwstqi3491,cnwstqi3492,cnwstqi3493,cnwstqi3494,cnwstqi3495,cnwstqi3496,cnwstqi3497,cnwstqi3498,cnwstqi3499,cnwstqi3500"
"cnwstq35","35","level1","笔画测试一级字表（3500字）35","笔画测试通用规范汉字表一级字表（3500字）35,汉字笔画测试35","cnwstqi3501,cnwstqi3502,cnwstqi3503,cnwstqi3504,cnwstqi3505,cnwstqi3506,cnwstqi3507,cnwstqi3508,cnwstqi3509,cnwstqi3510,cnwstqi3511,cnwstqi3512,cnwstqi3513,cnwstqi3514,cnwstqi3515,cnwstqi3516,cnwstqi3517,cnwstqi3518,cnwstqi3519,cnwstqi3520,cnwstqi3521,cnwstqi3522,cnwstqi3523,cnwstqi3524,cnwstqi3525,cnwstqi3526,cnwstqi3527,cnwstqi3528,cnwstqi3529,cnwstqi3530,cnwstqi3531,cnwstqi3532,cnwstqi3533,cnwstqi3534,cnwstqi3535,cnwstqi3536,cnwstqi3537,cnwstqi3538,cnwstqi3539,cnwstqi3540,cnwstqi3541,cnwstqi3542,cnwstqi3543,cnwstqi3544,cnwstqi3545,cnwstqi3546,cnwstqi3547,cnwstqi3548,cnwstqi3549,cnwstqi3550,cnwstqi3551,cnwstqi3552,cnwstqi3553,cnwstqi3554,cnwstqi3555,cnwstqi3556,cnwstqi3557,cnwstqi3558,cnwstqi3559,cnwstqi3560,cnwstqi3561,cnwstqi3562,cnwstqi3563,cnwstqi3564,cnwstqi3565,cnwstqi3566,cnwstqi3567,cnwstqi3568,cnwstqi3569,cnwstqi3570,cnwstqi3571,cnwstqi3572,cnwstqi3573,cnwstqi3574,cnwstqi3575,cnwstqi3576,cnwstqi3577,cnwstqi3578,cnwstqi3579,cnwstqi3580,cnwstqi3581,cnwstqi3582,cnwstqi3583,cnwstqi3584,cnwstqi3585,cnwstqi3586,cnwstqi3587,cnwstqi3588,cnwstqi3589,cnwstqi3590,cnwstqi3591,cnwstqi3592,cnwstqi3593,cnwstqi3594,cnwstqi3595,cnwstqi3596,cnwstqi3597,cnwstqi3598,cnwstqi3599,cnwstqi3600"
"cnwstq36","36","level2","笔画测试二级字表（3000字）36","笔画测试通用规范汉字表二级字表（3000字）36,汉字笔画测试36","cnwstqi3601,cnwstqi3602,cnwstqi3603,cnwstqi3604,cnwstqi3605,cnwstqi3606,cnwstqi3607,cnwstqi3608,cnwstqi3609,cnwstqi3610,cnwstqi3611,cnwstqi3612,cnwstqi3613,cnwstqi3614,cnwstqi3615,cnwstqi3616,cnwstqi3617,cnwstqi3618,cnwstqi3619,cnwstqi3620,cnwstqi3621,cnwstqi3622,cnwstqi3623,cnwstqi3624,cnwstqi3625,cnwstqi3626,cnwstqi3627,cnwstqi3628,cnwstqi3629,cnwstqi3630,cnwstqi3631,cnwstqi3632,cnwstqi3633,cnwstqi3634,cnwstqi3635,cnwstqi3636,cnwstqi3637,cnwstqi3638,cnwstqi3639,cnwstqi3640,cnwstqi3641,cnwstqi3642,cnwstqi3643,cnwstqi3644,cnwstqi3645,cnwstqi3646,cnwstqi3647,cnwstqi3648,cnwstqi3649,cnwstqi3650,cnwstqi3651,cnwstqi3652,cnwstqi3653,cnwstqi3654,cnwstqi3655,cnwstqi3656,cnwstqi3657,cnwstqi3658,cnwstqi3659,cnwstqi3660,cnwstqi3661,cnwstqi3662,cnwstqi3663,cnwstqi3664,cnwstqi3665,cnwstqi3666,cnwstqi3667,cnwstqi3668,cnwstqi3669,cnwstqi3670,cnwstqi3671,cnwstqi3672,cnwstqi3673,cnwstqi3674,cnwstqi3675,cnwstqi3676,cnwstqi3677,cnwstqi3678,cnwstqi3679,cnwstqi3680,cnwstqi3681,cnwstqi3682,cnwstqi3683,cnwstqi3684,cnwstqi3685,cnwstqi3686,cnwstqi3687,cnwstqi3688,cnwstqi3689,cnwstqi3690,cnwstqi3691,cnwstqi3692,cnwstqi3693,cnwstqi3694,cnwstqi3695,cnwstqi3696,cnwstqi3697,cnwstqi3698,cnwstqi3699,cnwstqi3700"
"cnwstq37","37","level2","笔画测试二级字表（3000字）37","笔画测试通用规范汉字表二级字表（3000字）37,汉字笔画测试37","cnwstqi3701,cnwstqi3702,cnwstqi3703,cnwstqi3704,cnwstqi3705,cnwstqi3706,cnwstqi3707,cnwstqi3708,cnwstqi3709,cnwstqi3710,cnwstqi3711,cnwstqi3712,cnwstqi3713,cnwstqi3714,cnwstqi3715,cnwstqi3716,cnwstqi3717,cnwstqi3718,cnwstqi3719,cnwstqi3720,cnwstqi3721,cnwstqi3722,cnwstqi3723,cnwstqi3724,cnwstqi3725,cnwstqi3726,cnwstqi3727,cnwstqi3728,cnwstqi3729,cnwstqi3730,cnwstqi3731,cnwstqi3732,cnwstqi3733,cnwstqi3734,cnwstqi3735,cnwstqi3736,cnwstqi3737,cnwstqi3738,cnwstqi3739,cnwstqi3740,cnwstqi3741,cnwstqi3742,cnwstqi3743,cnwstqi3744,cnwstqi3745,cnwstqi3746,cnwstqi3747,cnwstqi3748,cnwstqi3749,cnwstqi3750,cnwstqi3751,cnwstqi3752,cnwstqi3753,cnwstqi3754,cnwstqi3755,cnwstqi3756,cnwstqi3757,cnwstqi3758,cnwstqi3759,cnwstqi3760,cnwstqi3761,cnwstqi3762,cnwstqi3763,cnwstqi3764,cnwstqi3765,cnwstqi3766,cnwstqi3767,cnwstqi3768,cnwstqi3769,cnwstqi3770,cnwstqi3771,cnwstqi3772,cnwstqi3773,cnwstqi3774,cnwstqi3775,cnwstqi3776,cnwstqi3777,cnwstqi3778,cnwstqi3779,cnwstqi3780,cnwstqi3781,cnwstqi3782,cnwstqi3783,cnwstqi3784,cnwstqi3785,cnwstqi3786,cnwstqi3787,cnwstqi3788,cnwstqi3789,cnwstqi3790,cnwstqi3791,cnwstqi3792,cnwstqi3793,cnwstqi3794,cnwstqi3795,cnwstqi3796,cnwstqi3797,cnwstqi3798,cnwstqi3799,cnwstqi3800"
"cnwstq38","38","level2","笔画测试二级字表（3000字）38","笔画测试通用规范汉字表二级字表（3000字）38,汉字笔画测试38","cnwstqi3801,cnwstqi3802,cnwstqi3803,cnwstqi3804,cnwstqi3805,cnwstqi3806,cnwstqi3807,cnwstqi3808,cnwstqi3809,cnwstqi3810,cnwstqi3811,cnwstqi3812,cnwstqi3813,cnwstqi3814,cnwstqi3815,cnwstqi3816,cnwstqi3817,cnwstqi3818,cnwstqi3819,cnwstqi3820,cnwstqi3821,cnwstqi3822,cnwstqi3823,cnwstqi3824,cnwstqi3825,cnwstqi3826,cnwstqi3827,cnwstqi3828,cnwstqi3829,cnwstqi3830,cnwstqi3831,cnwstqi3832,cnwstqi3833,cnwstqi3834,cnwstqi3835,cnwstqi3836,cnwstqi3837,cnwstqi3838,cnwstqi3839,cnwstqi3840,cnwstqi3841,cnwstqi3842,cnwstqi3843,cnwstqi3844,cnwstqi3845,cnwstqi3846,cnwstqi3847,cnwstqi3848,cnwstqi3849,cnwstqi3850,cnwstqi3851,cnwstqi3852,cnwstqi3853,cnwstqi3854,cnwstqi3855,cnwstqi3856,cnwstqi3857,cnwstqi3858,cnwstqi3859,cnwstqi3860,cnwstqi3861,cnwstqi3862,cnwstqi3863,cnwstqi3864,cnwstqi3865,cnwstqi3866,cnwstqi3867,cnwstqi3868,cnwstqi3869,cnwstqi3870,cnwstqi3871,cnwstqi3872,cnwstqi3873,cnwstqi3874,cnwstqi3875,cnwstqi3876,cnwstqi3877,cnwstqi3878,cnwstqi3879,cnwstqi3880,cnwstqi3881,cnwstqi3882,cnwstqi3883,cnwstqi3884,cnwstqi3885,cnwstqi3886,cnwstqi3887,cnwstqi3888,cnwstqi3889,cnwstqi3890,cnwstqi3891,cnwstqi3892,cnwstqi3893,cnwstqi3894,cnwstqi3895,cnwstqi3896,cnwstqi3897,cnwstqi3898,cnwstqi3899,cnwstqi3900"
"cnwstq39","39","level2","笔画测试二级字表（3000字）39","笔画测试通用规范汉字表二级字表（3000字）39,汉字笔画测试39","cnwstqi3901,cnwstqi3902,cnwstqi3903,cnwstqi3904,cnwstqi3905,cnwstqi3906,cnwstqi3907,cnwstqi3908,cnwstqi3909,cnwstqi3910,cnwstqi3911,cnwstqi3912,cnwstqi3913,cnwstqi3914,cnwstqi3915,cnwstqi3916,cnwstqi3917,cnwstqi3918,cnwstqi3919,cnwstqi3920,cnwstqi3921,cnwstqi3922,cnwstqi3923,cnwstqi3924,cnwstqi3925,cnwstqi3926,cnwstqi3927,cnwstqi3928,cnwstqi3929,cnwstqi3930,cnwstqi3931,cnwstqi3932,cnwstqi3933,cnwstqi3934,cnwstqi3935,cnwstqi3936,cnwstqi3937,cnwstqi3938,cnwstqi3939,cnwstqi3940,cnwstqi3941,cnwstqi3942,cnwstqi3943,cnwstqi3944,cnwstqi3945,cnwstqi3946,cnwstqi3947,cnwstqi3948,cnwstqi3949,cnwstqi3950,cnwstqi3951,cnwstqi3952,cnwstqi3953,cnwstqi3954,cnwstqi3955,cnwstqi3956,cnwstqi3957,cnwstqi3958,cnwstqi3959,cnwstqi3960,cnwstqi3961,cnwstqi3962,cnwstqi3963,cnwstqi3964,cnwstqi3965,cnwstqi3966,cnwstqi3967,cnwstqi3968,cnwstqi3969,cnwstqi3970,cnwstqi3971,cnwstqi3972,cnwstqi3973,cnwstqi3974,cnwstqi3975,cnwstqi3976,cnwstqi3977,cnwstqi3978,cnwstqi3979,cnwstqi3980,cnwstqi3981,cnwstqi3982,cnwstqi3983,cnwstqi3984,cnwstqi3985,cnwstqi3986,cnwstqi3987,cnwstqi3988,cnwstqi3989,cnwstqi3990,cnwstqi3991,cnwstqi3992,cnwstqi3993,cnwstqi3994,cnwstqi3995,cnwstqi3996,cnwstqi3997,cnwstqi3998,cnwstqi3999,cnwstqi4000"
"cnwstq40","40","level2","笔画测试二级字表（3000字）40","笔画测试通用规范汉字表二级字表（3000字）40,汉字笔画测试40","cnwstqi4001,cnwstqi4002,cnwstqi4003,cnwstqi4004,cnwstqi4005,cnwstqi4006,cnwstqi4007,cnwstqi4008,cnwstqi4009,cnwstqi4010,cnwstqi4011,cnwstqi4012,cnwstqi4013,cnwstqi4014,cnwstqi4015,cnwstqi4016,cnwstqi4017,cnwstqi4018,cnwstqi4019,cnwstqi4020,cnwstqi4021,cnwstqi4022,cnwstqi4023,cnwstqi4024,cnwstqi4025,cnwstqi4026,cnwstqi4027,cnwstqi4028,cnwstqi4029,cnwstqi4030,cnwstqi4031,cnwstqi4032,cnwstqi4033,cnwstqi4034,cnwstqi4035,cnwstqi4036,cnwstqi4037,cnwstqi4038,cnwstqi4039,cnwstqi4040,cnwstqi4041,cnwstqi4042,cnwstqi4043,cnwstqi4044,cnwstqi4045,cnwstqi4046,cnwstqi4047,cnwstqi4048,cnwstqi4049,cnwstqi4050,cnwstqi4051,cnwstqi4052,cnwstqi4053,cnwstqi4054,cnwstqi4055,cnwstqi4056,cnwstqi4057,cnwstqi4058,cnwstqi4059,cnwstqi4060,cnwstqi4061,cnwstqi4062,cnwstqi4063,cnwstqi4064,cnwstqi4065,cnwstqi4066,cnwstqi4067,cnwstqi4068,cnwstqi4069,cnwstqi4070,cnwstqi4071,cnwstqi4072,cnwstqi4073,cnwstqi4074,cnwstqi4075,cnwstqi4076,cnwstqi4077,cnwstqi4078,cnwstqi4079,cnwstqi4080,cnwstqi4081,cnwstqi4082,cnwstqi4083,cnwstqi4084,cnwstqi4085,cnwstqi4086,cnwstqi4087,cnwstqi4088,cnwstqi4089,cnwstqi4090,cnwstqi4091,cnwstqi4092,cnwstqi4093,cnwstqi4094,cnwstqi4095,cnwstqi4096,cnwstqi4097,cnwstqi4098,cnwstqi4099,cnwstqi4100"
"cnwstq41","41","level2","笔画测试二级字表（3000字）41","笔画测试通用规范汉字表二级字表（3000字）41,汉字笔画测试41","cnwstqi4101,cnwstqi4102,cnwstqi4103,cnwstqi4104,cnwstqi4105,cnwstqi4106,cnwstqi4107,cnwstqi4108,cnwstqi4109,cnwstqi4110,cnwstqi4111,cnwstqi4112,cnwstqi4113,cnwstqi4114,cnwstqi4115,cnwstqi4116,cnwstqi4117,cnwstqi4118,cnwstqi4119,cnwstqi4120,cnwstqi4121,cnwstqi4122,cnwstqi4123,cnwstqi4124,cnwstqi4125,cnwstqi4126,cnwstqi4127,cnwstqi4128,cnwstqi4129,cnwstqi4130,cnwstqi4131,cnwstqi4132,cnwstqi4133,cnwstqi4134,cnwstqi4135,cnwstqi4136,cnwstqi4137,cnwstqi4138,cnwstqi4139,cnwstqi4140,cnwstqi4141,cnwstqi4142,cnwstqi4143,cnwstqi4144,cnwstqi4145,cnwstqi4146,cnwstqi4147,cnwstqi4148,cnwstqi4149,cnwstqi4150,cnwstqi4151,cnwstqi4152,cnwstqi4153,cnwstqi4154,cnwstqi4155,cnwstqi4156,cnwstqi4157,cnwstqi4158,cnwstqi4159,cnwstqi4160,cnwstqi4161,cnwstqi4162,cnwstqi4163,cnwstqi4164,cnwstqi4165,cnwstqi4166,cnwstqi4167,cnwstqi4168,cnwstqi4169,cnwstqi4170,cnwstqi4171,cnwstqi4172,cnwstqi4173,cnwstqi4174,cnwstqi4175,cnwstqi4176,cnwstqi4177,cnwstqi4178,cnwstqi4179,cnwstqi4180,cnwstqi4181,cnwstqi4182,cnwstqi4183,cnwstqi4184,cnwstqi4185,cnwstqi4186,cnwstqi4187,cnwstqi4188,cnwstqi4189,cnwstqi4190,cnwstqi4191,cnwstqi4192,cnwstqi4193,cnwstqi4194,cnwstqi4195,cnwstqi4196,cnwstqi4197,cnwstqi4198,cnwstqi4199,cnwstqi4200"
"cnwstq42","42","level2","笔画测试二级字表（3000字）42","笔画测试通用规范汉字表二级字表（3000字）42,汉字笔画测试42","cnwstqi4201,cnwstqi4202,cnwstqi4203,cnwstqi4204,cnwstqi4205,cnwstqi4206,cnwstqi4207,cnwstqi4208,cnwstqi4209,cnwstqi4210,cnwstqi4211,cnwstqi4212,cnwstqi4213,cnwstqi4214,cnwstqi4215,cnwstqi4216,cnwstqi4217,cnwstqi4218,cnwstqi4219,cnwstqi4220,cnwstqi4221,cnwstqi4222,cnwstqi4223,cnwstqi4224,cnwstqi4225,cnwstqi4226,cnwstqi4227,cnwstqi4228,cnwstqi4229,cnwstqi4230,cnwstqi4231,cnwstqi4232,cnwstqi4233,cnwstqi4234,cnwstqi4235,cnwstqi4236,cnwstqi4237,cnwstqi4238,cnwstqi4239,cnwstqi4240,cnwstqi4241,cnwstqi4242,cnwstqi4243,cnwstqi4244,cnwstqi4245,cnwstqi4246,cnwstqi4247,cnwstqi4248,cnwstqi4249,cnwstqi4250,cnwstqi4251,cnwstqi4252,cnwstqi4253,cnwstqi4254,cnwstqi4255,cnwstqi4256,cnwstqi4257,cnwstqi4258,cnwstqi4259,cnwstqi4260,cnwstqi4261,cnwstqi4262,cnwstqi4263,cnwstqi4264,cnwstqi4265,cnwstqi4266,cnwstqi4267,cnwstqi4268,cnwstqi4269,cnwstqi4270,cnwstqi4271,cnwstqi4272,cnwstqi4273,cnwstqi4274,cnwstqi4275,cnwstqi4276,cnwstqi4277,cnwstqi4278,cnwstqi4279,cnwstqi4280,cnwstqi4281,cnwstqi4282,cnwstqi4283,cnwstqi4284,cnwstqi4285,cnwstqi4286,cnwstqi4287,cnwstqi4288,cnwstqi4289,cnwstqi4290,cnwstqi4291,cnwstqi4292,cnwstqi4293,cnwstqi4294,cnwstqi4295,cnwstqi4296,cnwstqi4297,cnwstqi4298,cnwstqi4299,cnwstqi4300"
"cnwstq43","43","level2","笔画测试二级字表（3000字）43","笔画测试通用规范汉字表二级字表（3000字）43,汉字笔画测试43","cnwstqi4301,cnwstqi4302,cnwstqi4303,cnwstqi4304,cnwstqi4305,cnwstqi4306,cnwstqi4307,cnwstqi4308,cnwstqi4309,cnwstqi4310,cnwstqi4311,cnwstqi4312,cnwstqi4313,cnwstqi4314,cnwstqi4315,cnwstqi4316,cnwstqi4317,cnwstqi4318,cnwstqi4319,cnwstqi4320,cnwstqi4321,cnwstqi4322,cnwstqi4323,cnwstqi4324,cnwstqi4325,cnwstqi4326,cnwstqi4327,cnwstqi4328,cnwstqi4329,cnwstqi4330,cnwstqi4331,cnwstqi4332,cnwstqi4333,cnwstqi4334,cnwstqi4335,cnwstqi4336,cnwstqi4337,cnwstqi4338,cnwstqi4339,cnwstqi4340,cnwstqi4341,cnwstqi4342,cnwstqi4343,cnwstqi4344,cnwstqi4345,cnwstqi4346,cnwstqi4347,cnwstqi4348,cnwstqi4349,cnwstqi4350,cnwstqi4351,cnwstqi4352,cnwstqi4353,cnwstqi4354,cnwstqi4355,cnwstqi4356,cnwstqi4357,cnwstqi4358,cnwstqi4359,cnwstqi4360,cnwstqi4361,cnwstqi4362,cnwstqi4363,cnwstqi4364,cnwstqi4365,cnwstqi4366,cnwstqi4367,cnwstqi4368,cnwstqi4369,cnwstqi4370,cnwstqi4371,cnwstqi4372,cnwstqi4373,cnwstqi4374,cnwstqi4375,cnwstqi4376,cnwstqi4377,cnwstqi4378,cnwstqi4379,cnwstqi4380,cnwstqi4381,cnwstqi4382,cnwstqi4383,cnwstqi4384,cnwstqi4385,cnwstqi4386,cnwstqi4387,cnwstqi4388,cnwstqi4389,cnwstqi4390,cnwstqi4391,cnwstqi4392,cnwstqi4393,cnwstqi4394,cnwstqi4395,cnwstqi4396,cnwstqi4397,cnwstqi4398,cnwstqi4399,cnwstqi4400"
"cnwstq44","44","level2","笔画测试二级字表（3000字）44","笔画测试通用规范汉字表二级字表（3000字）44,汉字笔画测试44","cnwstqi4401,cnwstqi4402,cnwstqi4403,cnwstqi4404,cnwstqi4405,cnwstqi4406,cnwstqi4407,cnwstqi4408,cnwstqi4409,cnwstqi4410,cnwstqi4411,cnwstqi4412,cnwstqi4413,cnwstqi4414,cnwstqi4415,cnwstqi4416,cnwstqi4417,cnwstqi4418,cnwstqi4419,cnwstqi4420,cnwstqi4421,cnwstqi4422,cnwstqi4423,cnwstqi4424,cnwstqi4425,cnwstqi4426,cnwstqi4427,cnwstqi4428,cnwstqi4429,cnwstqi4430,cnwstqi4431,cnwstqi4432,cnwstqi4433,cnwstqi4434,cnwstqi4435,cnwstqi4436,cnwstqi4437,cnwstqi4438,cnwstqi4439,cnwstqi4440,cnwstqi4441,cnwstqi4442,cnwstqi4443,cnwstqi4444,cnwstqi4445,cnwstqi4446,cnwstqi4447,cnwstqi4448,cnwstqi4449,cnwstqi4450,cnwstqi4451,cnwstqi4452,cnwstqi4453,cnwstqi4454,cnwstqi4455,cnwstqi4456,cnwstqi4457,cnwstqi4458,cnwstqi4459,cnwstqi4460,cnwstqi4461,cnwstqi4462,cnwstqi4463,cnwstqi4464,cnwstqi4465,cnwstqi4466,cnwstqi4467,cnwstqi4468,cnwstqi4469,cnwstqi4470,cnwstqi4471,cnwstqi4472,cnwstqi4473,cnwstqi4474,cnwstqi4475,cnwstqi4476,cnwstqi4477,cnwstqi4478,cnwstqi4479,cnwstqi4480,cnwstqi4481,cnwstqi4482,cnwstqi4483,cnwstqi4484,cnwstqi4485,cnwstqi4486,cnwstqi4487,cnwstqi4488,cnwstqi4489,cnwstqi4490,cnwstqi4491,cnwstqi4492,cnwstqi4493,cnwstqi4494,cnwstqi4495,cnwstqi4496,cnwstqi4497,cnwstqi4498,cnwstqi4499,cnwstqi4500"
"cnwstq45","45","level2","笔画测试二级字表（3000字）45","笔画测试通用规范汉字表二级字表（3000字）45,汉字笔画测试45","cnwstqi4501,cnwstqi4502,cnwstqi4503,cnwstqi4504,cnwstqi4505,cnwstqi4506,cnwstqi4507,cnwstqi4508,cnwstqi4509,cnwstqi4510,cnwstqi4511,cnwstqi4512,cnwstqi4513,cnwstqi4514,cnwstqi4515,cnwstqi4516,cnwstqi4517,cnwstqi4518,cnwstqi4519,cnwstqi4520,cnwstqi4521,cnwstqi4522,cnwstqi4523,cnwstqi4524,cnwstqi4525,cnwstqi4526,cnwstqi4527,cnwstqi4528,cnwstqi4529,cnwstqi4530,cnwstqi4531,cnwstqi4532,cnwstqi4533,cnwstqi4534,cnwstqi4535,cnwstqi4536,cnwstqi4537,cnwstqi4538,cnwstqi4539,cnwstqi4540,cnwstqi4541,cnwstqi4542,cnwstqi4543,cnwstqi4544,cnwstqi4545,cnwstqi4546,cnwstqi4547,cnwstqi4548,cnwstqi4549,cnwstqi4550,cnwstqi4551,cnwstqi4552,cnwstqi4553,cnwstqi4554,cnwstqi4555,cnwstqi4556,cnwstqi4557,cnwstqi4558,cnwstqi4559,cnwstqi4560,cnwstqi4561,cnwstqi4562,cnwstqi4563,cnwstqi4564,cnwstqi4565,cnwstqi4566,cnwstqi4567,cnwstqi4568,cnwstqi4569,cnwstqi4570,cnwstqi4571,cnwstqi4572,cnwstqi4573,cnwstqi4574,cnwstqi4575,cnwstqi4576,cnwstqi4577,cnwstqi4578,cnwstqi4579,cnwstqi4580,cnwstqi4581,cnwstqi4582,cnwstqi4583,cnwstqi4584,cnwstqi4585,cnwstqi4586,cnwstqi4587,cnwstqi4588,cnwstqi4589,cnwstqi4590,cnwstqi4591,cnwstqi4592,cnwstqi4593,cnwstqi4594,cnwstqi4595,cnwstqi4596,cnwstqi4597,cnwstqi4598,cnwstqi4599,cnwstqi4600"
"cnwstq46","46","level2","笔画测试二级字表（3000字）46","笔画测试通用规范汉字表二级字表（3000字）46,汉字笔画测试46","cnwstqi4601,cnwstqi4602,cnwstqi4603,cnwstqi4604,cnwstqi4605,cnwstqi4606,cnwstqi4607,cnwstqi4608,cnwstqi4609,cnwstqi4610,cnwstqi4611,cnwstqi4612,cnwstqi4613,cnwstqi4614,cnwstqi4615,cnwstqi4616,cnwstqi4617,cnwstqi4618,cnwstqi4619,cnwstqi4620,cnwstqi4621,cnwstqi4622,cnwstqi4623,cnwstqi4624,cnwstqi4625,cnwstqi4626,cnwstqi4627,cnwstqi4628,cnwstqi4629,cnwstqi4630,cnwstqi4631,cnwstqi4632,cnwstqi4633,cnwstqi4634,cnwstqi4635,cnwstqi4636,cnwstqi4637,cnwstqi4638,cnwstqi4639,cnwstqi4640,cnwstqi4641,cnwstqi4642,cnwstqi4643,cnwstqi4644,cnwstqi4645,cnwstqi4646,cnwstqi4647,cnwstqi4648,cnwstqi4649,cnwstqi4650,cnwstqi4651,cnwstqi4652,cnwstqi4653,cnwstqi4654,cnwstqi4655,cnwstqi4656,cnwstqi4657,cnwstqi4658,cnwstqi4659,cnwstqi4660,cnwstqi4661,cnwstqi4662,cnwstqi4663,cnwstqi4664,cnwstqi4665,cnwstqi4666,cnwstqi4667,cnwstqi4668,cnwstqi4669,cnwstqi4670,cnwstqi4671,cnwstqi4672,cnwstqi4673,cnwstqi4674,cnwstqi4675,cnwstqi4676,cnwstqi4677,cnwstqi4678,cnwstqi4679,cnwstqi4680,cnwstqi4681,cnwstqi4682,cnwstqi4683,cnwstqi4684,cnwstqi4685,cnwstqi4686,cnwstqi4687,cnwstqi4688,cnwstqi4689,cnwstqi4690,cnwstqi4691,cnwstqi4692,cnwstqi4693,cnwstqi4694,cnwstqi4695,cnwstqi4696,cnwstqi4697,cnwstqi4698,cnwstqi4699,cnwstqi4700"
"cnwstq47","47","level2","笔画测试二级字表（3000字）47","笔画测试通用规范汉字表二级字表（3000字）47,汉字笔画测试47","cnwstqi4701,cnwstqi4702,cnwstqi4703,cnwstqi4704,cnwstqi4705,cnwstqi4706,cnwstqi4707,cnwstqi4708,cnwstqi4709,cnwstqi4710,cnwstqi4711,cnwstqi4712,cnwstqi4713,cnwstqi4714,cnwstqi4715,cnwstqi4716,cnwstqi4717,cnwstqi4718,cnwstqi4719,cnwstqi4720,cnwstqi4721,cnwstqi4722,cnwstqi4723,cnwstqi4724,cnwstqi4725,cnwstqi4726,cnwstqi4727,cnwstqi4728,cnwstqi4729,cnwstqi4730,cnwstqi4731,cnwstqi4732,cnwstqi4733,cnwstqi4734,cnwstqi4735,cnwstqi4736,cnwstqi4737,cnwstqi4738,cnwstqi4739,cnwstqi4740,cnwstqi4741,cnwstqi4742,cnwstqi4743,cnwstqi4744,cnwstqi4745,cnwstqi4746,cnwstqi4747,cnwstqi4748,cnwstqi4749,cnwstqi4750,cnwstqi4751,cnwstqi4752,cnwstqi4753,cnwstqi4754,cnwstqi4755,cnwstqi4756,cnwstqi4757,cnwstqi4758,cnwstqi4759,cnwstqi4760,cnwstqi4761,cnwstqi4762,cnwstqi4763,cnwstqi4764,cnwstqi4765,cnwstqi4766,cnwstqi4767,cnwstqi4768,cnwstqi4769,cnwstqi4770,cnwstqi4771,cnwstqi4772,cnwstqi4773,cnwstqi4774,cnwstqi4775,cnwstqi4776,cnwstqi4777,cnwstqi4778,cnwstqi4779,cnwstqi4780,cnwstqi4781,cnwstqi4782,cnwstqi4783,cnwstqi4784,cnwstqi4785,cnwstqi4786,cnwstqi4787,cnwstqi4788,cnwstqi4789,cnwstqi4790,cnwstqi4791,cnwstqi4792,cnwstqi4793,cnwstqi4794,cnwstqi4795,cnwstqi4796,cnwstqi4797,cnwstqi4798,cnwstqi4799,cnwstqi4800"
"cnwstq48","48","level2","笔画测试二级字表（3000字）48","笔画测试通用规范汉字表二级字表（3000字）48,汉字笔画测试48","cnwstqi4801,cnwstqi4802,cnwstqi4803,cnwstqi4804,cnwstqi4805,cnwstqi4806,cnwstqi4807,cnwstqi4808,cnwstqi4809,cnwstqi4810,cnwstqi4811,cnwstqi4812,cnwstqi4813,cnwstqi4814,cnwstqi4815,cnwstqi4816,cnwstqi4817,cnwstqi4818,cnwstqi4819,cnwstqi4820,cnwstqi4821,cnwstqi4822,cnwstqi4823,cnwstqi4824,cnwstqi4825,cnwstqi4826,cnwstqi4827,cnwstqi4828,cnwstqi4829,cnwstqi4830,cnwstqi4831,cnwstqi4832,cnwstqi4833,cnwstqi4834,cnwstqi4835,cnwstqi4836,cnwstqi4837,cnwstqi4838,cnwstqi4839,cnwstqi4840,cnwstqi4841,cnwstqi4842,cnwstqi4843,cnwstqi4844,cnwstqi4845,cnwstqi4846,cnwstqi4847,cnwstqi4848,cnwstqi4849,cnwstqi4850,cnwstqi4851,cnwstqi4852,cnwstqi4853,cnwstqi4854,cnwstqi4855,cnwstqi4856,cnwstqi4857,cnwstqi4858,cnwstqi4859,cnwstqi4860,cnwstqi4861,cnwstqi4862,cnwstqi4863,cnwstqi4864,cnwstqi4865,cnwstqi4866,cnwstqi4867,cnwstqi4868,cnwstqi4869,cnwstqi4870,cnwstqi4871,cnwstqi4872,cnwstqi4873,cnwstqi4874,cnwstqi4875,cnwstqi4876,cnwstqi4877,cnwstqi4878,cnwstqi4879,cnwstqi4880,cnwstqi4881,cnwstqi4882,cnwstqi4883,cnwstqi4884,cnwstqi4885,cnwstqi4886,cnwstqi4887,cnwstqi4888,cnwstqi4889,cnwstqi4890,cnwstqi4891,cnwstqi4892,cnwstqi4893,cnwstqi4894,cnwstqi4895,cnwstqi4896,cnwstqi4897,cnwstqi4898,cnwstqi4899,cnwstqi4900"
"cnwstq49","49","level2","笔画测试二级字表（3000字）49","笔画测试通用规范汉字表二级字表（3000字）49,汉字笔画测试49","cnwstqi4901,cnwstqi4902,cnwstqi4903,cnwstqi4904,cnwstqi4905,cnwstqi4906,cnwstqi4907,cnwstqi4908,cnwstqi4909,cnwstqi4910,cnwstqi4911,cnwstqi4912,cnwstqi4913,cnwstqi4914,cnwstqi4915,cnwstqi4916,cnwstqi4917,cnwstqi4918,cnwstqi4919,cnwstqi4920,cnwstqi4921,cnwstqi4922,cnwstqi4923,cnwstqi4924,cnwstqi4925,cnwstqi4926,cnwstqi4927,cnwstqi4928,cnwstqi4929,cnwstqi4930,cnwstqi4931,cnwstqi4932,cnwstqi4933,cnwstqi4934,cnwstqi4935,cnwstqi4936,cnwstqi4937,cnwstqi4938,cnwstqi4939,cnwstqi4940,cnwstqi4941,cnwstqi4942,cnwstqi4943,cnwstqi4944,cnwstqi4945,cnwstqi4946,cnwstqi4947,cnwstqi4948,cnwstqi4949,cnwstqi4950,cnwstqi4951,cnwstqi4952,cnwstqi4953,cnwstqi4954,cnwstqi4955,cnwstqi4956,cnwstqi4957,cnwstqi4958,cnwstqi4959,cnwstqi4960,cnwstqi4961,cnwstqi4962,cnwstqi4963,cnwstqi4964,cnwstqi4965,cnwstqi4966,cnwstqi4967,cnwstqi4968,cnwstqi4969,cnwstqi4970,cnwstqi4971,cnwstqi4972,cnwstqi4973,cnwstqi4974,cnwstqi4975,cnwstqi4976,cnwstqi4977,cnwstqi4978,cnwstqi4979,cnwstqi4980,cnwstqi4981,cnwstqi4982,cnwstqi4983,cnwstqi4984,cnwstqi4985,cnwstqi4986,cnwstqi4987,cnwstqi4988,cnwstqi4989,cnwstqi4990,cnwstqi4991,cnwstqi4992,cnwstqi4993,cnwstqi4994,cnwstqi4995,cnwstqi4996,cnwstqi4997,cnwstqi4998,cnwstqi4999,cnwstqi5000"
"cnwstq50","50","level2","笔画测试二级字表（3000字）50","笔画测试通用规范汉字表二级字表（3000字）50,汉字笔画测试50","cnwstqi5001,cnwstqi5002,cnwstqi5003,cnwstqi5004,cnwstqi5005,cnwstqi5006,cnwstqi5007,cnwstqi5008,cnwstqi5009,cnwstqi5010,cnwstqi5011,cnwstqi5012,cnwstqi5013,cnwstqi5014,cnwstqi5015,cnwstqi5016,cnwstqi5017,cnwstqi5018,cnwstqi5019,cnwstqi5020,cnwstqi5021,cnwstqi5022,cnwstqi5023,cnwstqi5024,cnwstqi5025,cnwstqi5026,cnwstqi5027,cnwstqi5028,cnwstqi5029,cnwstqi5030,cnwstqi5031,cnwstqi5032,cnwstqi5033,cnwstqi5034,cnwstqi5035,cnwstqi5036,cnwstqi5037,cnwstqi5038,cnwstqi5039,cnwstqi5040,cnwstqi5041,cnwstqi5042,cnwstqi5043,cnwstqi5044,cnwstqi5045,cnwstqi5046,cnwstqi5047,cnwstqi5048,cnwstqi5049,cnwstqi5050,cnwstqi5051,cnwstqi5052,cnwstqi5053,cnwstqi5054,cnwstqi5055,cnwstqi5056,cnwstqi5057,cnwstqi5058,cnwstqi5059,cnwstqi5060,cnwstqi5061,cnwstqi5062,cnwstqi5063,cnwstqi5064,cnwstqi5065,cnwstqi5066,cnwstqi5067,cnwstqi5068,cnwstqi5069,cnwstqi5070,cnwstqi5071,cnwstqi5072,cnwstqi5073,cnwstqi5074,cnwstqi5075,cnwstqi5076,cnwstqi5077,cnwstqi5078,cnwstqi5079,cnwstqi5080,cnwstqi5081,cnwstqi5082,cnwstqi5083,cnwstqi5084,cnwstqi5085,cnwstqi5086,cnwstqi5087,cnwstqi5088,cnwstqi5089,cnwstqi5090,cnwstqi5091,cnwstqi5092,cnwstqi5093,cnwstqi5094,cnwstqi5095,cnwstqi5096,cnwstqi5097,cnwstqi5098,cnwstqi5099,cnwstqi5100"
"cnwstq51","51","level2","笔画测试二级字表（3000字）51","笔画测试通用规范汉字表二级字表（3000字）51,汉字笔画测试51","cnwstqi5101,cnwstqi5102,cnwstqi5103,cnwstqi5104,cnwstqi5105,cnwstqi5106,cnwstqi5107,cnwstqi5108,cnwstqi5109,cnwstqi5110,cnwstqi5111,cnwstqi5112,cnwstqi5113,cnwstqi5114,cnwstqi5115,cnwstqi5116,cnwstqi5117,cnwstqi5118,cnwstqi5119,cnwstqi5120,cnwstqi5121,cnwstqi5122,cnwstqi5123,cnwstqi5124,cnwstqi5125,cnwstqi5126,cnwstqi5127,cnwstqi5128,cnwstqi5129,cnwstqi5130,cnwstqi5131,cnwstqi5132,cnwstqi5133,cnwstqi5134,cnwstqi5135,cnwstqi5136,cnwstqi5137,cnwstqi5138,cnwstqi5139,cnwstqi5140,cnwstqi5141,cnwstqi5142,cnwstqi5143,cnwstqi5144,cnwstqi5145,cnwstqi5146,cnwstqi5147,cnwstqi5148,cnwstqi5149,cnwstqi5150,cnwstqi5151,cnwstqi5152,cnwstqi5153,cnwstqi5154,cnwstqi5155,cnwstqi5156,cnwstqi5157,cnwstqi5158,cnwstqi5159,cnwstqi5160,cnwstqi5161,cnwstqi5162,cnwstqi5163,cnwstqi5164,cnwstqi5165,cnwstqi5166,cnwstqi5167,cnwstqi5168,cnwstqi5169,cnwstqi5170,cnwstqi5171,cnwstqi5172,cnwstqi5173,cnwstqi5174,cnwstqi5175,cnwstqi5176,cnwstqi5177,cnwstqi5178,cnwstqi5179,cnwstqi5180,cnwstqi5181,cnwstqi5182,cnwstqi5183,cnwstqi5184,cnwstqi5185,cnwstqi5186,cnwstqi5187,cnwstqi5188,cnwstqi5189,cnwstqi5190,cnwstqi5191,cnwstqi5192,cnwstqi5193,cnwstqi5194,cnwstqi5195,cnwstqi5196,cnwstqi5197,cnwstqi5198,cnwstqi5199,cnwstqi5200"
"cnwstq52","52","level2","笔画测试二级字表（3000字）52","笔画测试通用规范汉字表二级字表（3000字）52,汉字笔画测试52","cnwstqi5201,cnwstqi5202,cnwstqi5203,cnwstqi5204,cnwstqi5205,cnwstqi5206,cnwstqi5207,cnwstqi5208,cnwstqi5209,cnwstqi5210,cnwstqi5211,cnwstqi5212,cnwstqi5213,cnwstqi5214,cnwstqi5215,cnwstqi5216,cnwstqi5217,cnwstqi5218,cnwstqi5219,cnwstqi5220,cnwstqi5221,cnwstqi5222,cnwstqi5223,cnwstqi5224,cnwstqi5225,cnwstqi5226,cnwstqi5227,cnwstqi5228,cnwstqi5229,cnwstqi5230,cnwstqi5231,cnwstqi5232,cnwstqi5233,cnwstqi5234,cnwstqi5235,cnwstqi5236,cnwstqi5237,cnwstqi5238,cnwstqi5239,cnwstqi5240,cnwstqi5241,cnwstqi5242,cnwstqi5243,cnwstqi5244,cnwstqi5245,cnwstqi5246,cnwstqi5247,cnwstqi5248,cnwstqi5249,cnwstqi5250,cnwstqi5251,cnwstqi5252,cnwstqi5253,cnwstqi5254,cnwstqi5255,cnwstqi5256,cnwstqi5257,cnwstqi5258,cnwstqi5259,cnwstqi5260,cnwstqi5261,cnwstqi5262,cnwstqi5263,cnwstqi5264,cnwstqi5265,cnwstqi5266,cnwstqi5267,cnwstqi5268,cnwstqi5269,cnwstqi5270,cnwstqi5271,cnwstqi5272,cnwstqi5273,cnwstqi5274,cnwstqi5275,cnwstqi5276,cnwstqi5277,cnwstqi5278,cnwstqi5279,cnwstqi5280,cnwstqi5281,cnwstqi5282,cnwstqi5283,cnwstqi5284,cnwstqi5285,cnwstqi5286,cnwstqi5287,cnwstqi5288,cnwstqi5289,cnwstqi5290,cnwstqi5291,cnwstqi5292,cnwstqi5293,cnwstqi5294,cnwstqi5295,cnwstqi5296,cnwstqi5297,cnwstqi5298,cnwstqi5299,cnwstqi5300"
"cnwstq53","53","level2","笔画测试二级字表（3000字）53","笔画测试通用规范汉字表二级字表（3000字）53,汉字笔画测试53","cnwstqi5301,cnwstqi5302,cnwstqi5303,cnwstqi5304,cnwstqi5305,cnwstqi5306,cnwstqi5307,cnwstqi5308,cnwstqi5309,cnwstqi5310,cnwstqi5311,cnwstqi5312,cnwstqi5313,cnwstqi5314,cnwstqi5315,cnwstqi5316,cnwstqi5317,cnwstqi5318,cnwstqi5319,cnwstqi5320,cnwstqi5321,cnwstqi5322,cnwstqi5323,cnwstqi5324,cnwstqi5325,cnwstqi5326,cnwstqi5327,cnwstqi5328,cnwstqi5329,cnwstqi5330,cnwstqi5331,cnwstqi5332,cnwstqi5333,cnwstqi5334,cnwstqi5335,cnwstqi5336,cnwstqi5337,cnwstqi5338,cnwstqi5339,cnwstqi5340,cnwstqi5341,cnwstqi5342,cnwstqi5343,cnwstqi5344,cnwstqi5345,cnwstqi5346,cnwstqi5347,cnwstqi5348,cnwstqi5349,cnwstqi5350,cnwstqi5351,cnwstqi5352,cnwstqi5353,cnwstqi5354,cnwstqi5355,cnwstqi5356,cnwstqi5357,cnwstqi5358,cnwstqi5359,cnwstqi5360,cnwstqi5361,cnwstqi5362,cnwstqi5363,cnwstqi5364,cnwstqi5365,cnwstqi5366,cnwstqi5367,cnwstqi5368,cnwstqi5369,cnwstqi5370,cnwstqi5371,cnwstqi5372,cnwstqi5373,cnwstqi5374,cnwstqi5375,cnwstqi5376,cnwstqi5377,cnwstqi5378,cnwstqi5379,cnwstqi5380,cnwstqi5381,cnwstqi5382,cnwstqi5383,cnwstqi5384,cnwstqi5385,cnwstqi5386,cnwstqi5387,cnwstqi5388,cnwstqi5389,cnwstqi5390,cnwstqi5391,cnwstqi5392,cnwstqi5393,cnwstqi5394,cnwstqi5395,cnwstqi5396,cnwstqi5397,cnwstqi5398,cnwstqi5399,cnwstqi5400"
"cnwstq54","54","level2","笔画测试二级字表（3000字）54","笔画测试通用规范汉字表二级字表（3000字）54,汉字笔画测试54","cnwstqi5401,cnwstqi5402,cnwstqi5403,cnwstqi5404,cnwstqi5405,cnwstqi5406,cnwstqi5407,cnwstqi5408,cnwstqi5409,cnwstqi5410,cnwstqi5411,cnwstqi5412,cnwstqi5413,cnwstqi5414,cnwstqi5415,cnwstqi5416,cnwstqi5417,cnwstqi5418,cnwstqi5419,cnwstqi5420,cnwstqi5421,cnwstqi5422,cnwstqi5423,cnwstqi5424,cnwstqi5425,cnwstqi5426,cnwstqi5427,cnwstqi5428,cnwstqi5429,cnwstqi5430,cnwstqi5431,cnwstqi5432,cnwstqi5433,cnwstqi5434,cnwstqi5435,cnwstqi5436,cnwstqi5437,cnwstqi5438,cnwstqi5439,cnwstqi5440,cnwstqi5441,cnwstqi5442,cnwstqi5443,cnwstqi5444,cnwstqi5445,cnwstqi5446,cnwstqi5447,cnwstqi5448,cnwstqi5449,cnwstqi5450,cnwstqi5451,cnwstqi5452,cnwstqi5453,cnwstqi5454,cnwstqi5455,cnwstqi5456,cnwstqi5457,cnwstqi5458,cnwstqi5459,cnwstqi5460,cnwstqi5461,cnwstqi5462,cnwstqi5463,cnwstqi5464,cnwstqi5465,cnwstqi5466,cnwstqi5467,cnwstqi5468,cnwstqi5469,cnwstqi5470,cnwstqi5471,cnwstqi5472,cnwstqi5473,cnwstqi5474,cnwstqi5475,cnwstqi5476,cnwstqi5477,cnwstqi5478,cnwstqi5479,cnwstqi5480,cnwstqi5481,cnwstqi5482,cnwstqi5483,cnwstqi5484,cnwstqi5485,cnwstqi5486,cnwstqi5487,cnwstqi5488,cnwstqi5489,cnwstqi5490,cnwstqi5491,cnwstqi5492,cnwstqi5493,cnwstqi5494,cnwstqi5495,cnwstqi5496,cnwstqi5497,cnwstqi5498,cnwstqi5499,cnwstqi5500"
"cnwstq55","55","level2","笔画测试二级字表（3000字）55","笔画测试通用规范汉字表二级字表（3000字）55,汉字笔画测试55","cnwstqi5501,cnwstqi5502,cnwstqi5503,cnwstqi5504,cnwstqi5505,cnwstqi5506,cnwstqi5507,cnwstqi5508,cnwstqi5509,cnwstqi5510,cnwstqi5511,cnwstqi5512,cnwstqi5513,cnwstqi5514,cnwstqi5515,cnwstqi5516,cnwstqi5517,cnwstqi5518,cnwstqi5519,cnwstqi5520,cnwstqi5521,cnwstqi5522,cnwstqi5523,cnwstqi5524,cnwstqi5525,cnwstqi5526,cnwstqi5527,cnwstqi5528,cnwstqi5529,cnwstqi5530,cnwstqi5531,cnwstqi5532,cnwstqi5533,cnwstqi5534,cnwstqi5535,cnwstqi5536,cnwstqi5537,cnwstqi5538,cnwstqi5539,cnwstqi5540,cnwstqi5541,cnwstqi5542,cnwstqi5543,cnwstqi5544,cnwstqi5545,cnwstqi5546,cnwstqi5547,cnwstqi5548,cnwstqi5549,cnwstqi5550,cnwstqi5551,cnwstqi5552,cnwstqi5553,cnwstqi5554,cnwstqi5555,cnwstqi5556,cnwstqi5557,cnwstqi5558,cnwstqi5559,cnwstqi5560,cnwstqi5561,cnwstqi5562,cnwstqi5563,cnwstqi5564,cnwstqi5565,cnwstqi5566,cnwstqi5567,cnwstqi5568,cnwstqi5569,cnwstqi5570,cnwstqi5571,cnwstqi5572,cnwstqi5573,cnwstqi5574,cnwstqi5575,cnwstqi5576,cnwstqi5577,cnwstqi5578,cnwstqi5579,cnwstqi5580,cnwstqi5581,cnwstqi5582,cnwstqi5583,cnwstqi5584,cnwstqi5585,cnwstqi5586,cnwstqi5587,cnwstqi5588,cnwstqi5589,cnwstqi5590,cnwstqi5591,cnwstqi5592,cnwstqi5593,cnwstqi5594,cnwstqi5595,cnwstqi5596,cnwstqi5597,cnwstqi5598,cnwstqi5599,cnwstqi5600"
"cnwstq56","56","level2","笔画测试二级字表（3000字）56","笔画测试通用规范汉字表二级字表（3000字）56,汉字笔画测试56","cnwstqi5601,cnwstqi5602,cnwstqi5603,cnwstqi5604,cnwstqi5605,cnwstqi5606,cnwstqi5607,cnwstqi5608,cnwstqi5609,cnwstqi5610,cnwstqi5611,cnwstqi5612,cnwstqi5613,cnwstqi5614,cnwstqi5615,cnwstqi5616,cnwstqi5617,cnwstqi5618,cnwstqi5619,cnwstqi5620,cnwstqi5621,cnwstqi5622,cnwstqi5623,cnwstqi5624,cnwstqi5625,cnwstqi5626,cnwstqi5627,cnwstqi5628,cnwstqi5629,cnwstqi5630,cnwstqi5631,cnwstqi5632,cnwstqi5633,cnwstqi5634,cnwstqi5635,cnwstqi5636,cnwstqi5637,cnwstqi5638,cnwstqi5639,cnwstqi5640,cnwstqi5641,cnwstqi5642,cnwstqi5643,cnwstqi5644,cnwstqi5645,cnwstqi5646,cnwstqi5647,cnwstqi5648,cnwstqi5649,cnwstqi5650,cnwstqi5651,cnwstqi5652,cnwstqi5653,cnwstqi5654,cnwstqi5655,cnwstqi5656,cnwstqi5657,cnwstqi5658,cnwstqi5659,cnwstqi5660,cnwstqi5661,cnwstqi5662,cnwstqi5663,cnwstqi5664,cnwstqi5665,cnwstqi5666,cnwstqi5667,cnwstqi5668,cnwstqi5669,cnwstqi5670,cnwstqi5671,cnwstqi5672,cnwstqi5673,cnwstqi5674,cnwstqi5675,cnwstqi5676,cnwstqi5677,cnwstqi5678,cnwstqi5679,cnwstqi5680,cnwstqi5681,cnwstqi5682,cnwstqi5683,cnwstqi5684,cnwstqi5685,cnwstqi5686,cnwstqi5687,cnwstqi5688,cnwstqi5689,cnwstqi5690,cnwstqi5691,cnwstqi5692,cnwstqi5693,cnwstqi5694,cnwstqi5695,cnwstqi5696,cnwstqi5697,cnwstqi5698,cnwstqi5699,cnwstqi5700"
"cnwstq57","57","level2","笔画测试二级字表（3000字）57","笔画测试通用规范汉字表二级字表（3000字）57,汉字笔画测试57","cnwstqi5701,cnwstqi5702,cnwstqi5703,cnwstqi5704,cnwstqi5705,cnwstqi5706,cnwstqi5707,cnwstqi5708,cnwstqi5709,cnwstqi5710,cnwstqi5711,cnwstqi5712,cnwstqi5713,cnwstqi5714,cnwstqi5715,cnwstqi5716,cnwstqi5717,cnwstqi5718,cnwstqi5719,cnwstqi5720,cnwstqi5721,cnwstqi5722,cnwstqi5723,cnwstqi5724,cnwstqi5725,cnwstqi5726,cnwstqi5727,cnwstqi5728,cnwstqi5729,cnwstqi5730,cnwstqi5731,cnwstqi5732,cnwstqi5733,cnwstqi5734,cnwstqi5735,cnwstqi5736,cnwstqi5737,cnwstqi5738,cnwstqi5739,cnwstqi5740,cnwstqi5741,cnwstqi5742,cnwstqi5743,cnwstqi5744,cnwstqi5745,cnwstqi5746,cnwstqi5747,cnwstqi5748,cnwstqi5749,cnwstqi5750,cnwstqi5751,cnwstqi5752,cnwstqi5753,cnwstqi5754,cnwstqi5755,cnwstqi5756,cnwstqi5757,cnwstqi5758,cnwstqi5759,cnwstqi5760,cnwstqi5761,cnwstqi5762,cnwstqi5763,cnwstqi5764,cnwstqi5765,cnwstqi5766,cnwstqi5767,cnwstqi5768,cnwstqi5769,cnwstqi5770,cnwstqi5771,cnwstqi5772,cnwstqi5773,cnwstqi5774,cnwstqi5775,cnwstqi5776,cnwstqi5777,cnwstqi5778,cnwstqi5779,cnwstqi5780,cnwstqi5781,cnwstqi5782,cnwstqi5783,cnwstqi5784,cnwstqi5785,cnwstqi5786,cnwstqi5787,cnwstqi5788,cnwstqi5789,cnwstqi5790,cnwstqi5791,cnwstqi5792,cnwstqi5793,cnwstqi5794,cnwstqi5795,cnwstqi5796,cnwstqi5797,cnwstqi5798,cnwstqi5799,cnwstqi5800"
"cnwstq58","58","level2","笔画测试二级字表（3000字）58","笔画测试通用规范汉字表二级字表（3000字）58,汉字笔画测试58","cnwstqi5801,cnwstqi5802,cnwstqi5803,cnwstqi5804,cnwstqi5805,cnwstqi5806,cnwstqi5807,cnwstqi5808,cnwstqi5809,cnwstqi5810,cnwstqi5811,cnwstqi5812,cnwstqi5813,cnwstqi5814,cnwstqi5815,cnwstqi5816,cnwstqi5817,cnwstqi5818,cnwstqi5819,cnwstqi5820,cnwstqi5821,cnwstqi5822,cnwstqi5823,cnwstqi5824,cnwstqi5825,cnwstqi5826,cnwstqi5827,cnwstqi5828,cnwstqi5829,cnwstqi5830,cnwstqi5831,cnwstqi5832,cnwstqi5833,cnwstqi5834,cnwstqi5835,cnwstqi5836,cnwstqi5837,cnwstqi5838,cnwstqi5839,cnwstqi5840,cnwstqi5841,cnwstqi5842,cnwstqi5843,cnwstqi5844,cnwstqi5845,cnwstqi5846,cnwstqi5847,cnwstqi5848,cnwstqi5849,cnwstqi5850,cnwstqi5851,cnwstqi5852,cnwstqi5853,cnwstqi5854,cnwstqi5855,cnwstqi5856,cnwstqi5857,cnwstqi5858,cnwstqi5859,cnwstqi5860,cnwstqi5861,cnwstqi5862,cnwstqi5863,cnwstqi5864,cnwstqi5865,cnwstqi5866,cnwstqi5867,cnwstqi5868,cnwstqi5869,cnwstqi5870,cnwstqi5871,cnwstqi5872,cnwstqi5873,cnwstqi5874,cnwstqi5875,cnwstqi5876,cnwstqi5877,cnwstqi5878,cnwstqi5879,cnwstqi5880,cnwstqi5881,cnwstqi5882,cnwstqi5883,cnwstqi5884,cnwstqi5885,cnwstqi5886,cnwstqi5887,cnwstqi5888,cnwstqi5889,cnwstqi5890,cnwstqi5891,cnwstqi5892,cnwstqi5893,cnwstqi5894,cnwstqi5895,cnwstqi5896,cnwstqi5897,cnwstqi5898,cnwstqi5899,cnwstqi5900"
"cnwstq59","59","level2","笔画测试二级字表（3000字）59","笔画测试通用规范汉字表二级字表（3000字）59,汉字笔画测试59","cnwstqi5901,cnwstqi5902,cnwstqi5903,cnwstqi5904,cnwstqi5905,cnwstqi5906,cnwstqi5907,cnwstqi5908,cnwstqi5909,cnwstqi5910,cnwstqi5911,cnwstqi5912,cnwstqi5913,cnwstqi5914,cnwstqi5915,cnwstqi5916,cnwstqi5917,cnwstqi5918,cnwstqi5919,cnwstqi5920,cnwstqi5921,cnwstqi5922,cnwstqi5923,cnwstqi5924,cnwstqi5925,cnwstqi5926,cnwstqi5927,cnwstqi5928,cnwstqi5929,cnwstqi5930,cnwstqi5931,cnwstqi5932,cnwstqi5933,cnwstqi5934,cnwstqi5935,cnwstqi5936,cnwstqi5937,cnwstqi5938,cnwstqi5939,cnwstqi5940,cnwstqi5941,cnwstqi5942,cnwstqi5943,cnwstqi5944,cnwstqi5945,cnwstqi5946,cnwstqi5947,cnwstqi5948,cnwstqi5949,cnwstqi5950,cnwstqi5951,cnwstqi5952,cnwstqi5953,cnwstqi5954,cnwstqi5955,cnwstqi5956,cnwstqi5957,cnwstqi5958,cnwstqi5959,cnwstqi5960,cnwstqi5961,cnwstqi5962,cnwstqi5963,cnwstqi5964,cnwstqi5965,cnwstqi5966,cnwstqi5967,cnwstqi5968,cnwstqi5969,cnwstqi5970,cnwstqi5971,cnwstqi5972,cnwstqi5973,cnwstqi5974,cnwstqi5975,cnwstqi5976,cnwstqi5977,cnwstqi5978,cnwstqi5979,cnwstqi5980,cnwstqi5981,cnwstqi5982,cnwstqi5983,cnwstqi5984,cnwstqi5985,cnwstqi5986,cnwstqi5987,cnwstqi5988,cnwstqi5989,cnwstqi5990,cnwstqi5991,cnwstqi5992,cnwstqi5993,cnwstqi5994,cnwstqi5995,cnwstqi5996,cnwstqi5997,cnwstqi5998,cnwstqi5999,cnwstqi6000"
"cnwstq60","60","level2","笔画测试二级字表（3000字）60","笔画测试通用规范汉字表二级字表（3000字）60,汉字笔画测试60","cnwstqi6001,cnwstqi6002,cnwstqi6003,cnwstqi6004,cnwstqi6005,cnwstqi6006,cnwstqi6007,cnwstqi6008,cnwstqi6009,cnwstqi6010,cnwstqi6011,cnwstqi6012,cnwstqi6013,cnwstqi6014,cnwstqi6015,cnwstqi6016,cnwstqi6017,cnwstqi6018,cnwstqi6019,cnwstqi6020,cnwstqi6021,cnwstqi6022,cnwstqi6023,cnwstqi6024,cnwstqi6025,cnwstqi6026,cnwstqi6027,cnwstqi6028,cnwstqi6029,cnwstqi6030,cnwstqi6031,cnwstqi6032,cnwstqi6033,cnwstqi6034,cnwstqi6035,cnwstqi6036,cnwstqi6037,cnwstqi6038,cnwstqi6039,cnwstqi6040,cnwstqi6041,cnwstqi6042,cnwstqi6043,cnwstqi6044,cnwstqi6045,cnwstqi6046,cnwstqi6047,cnwstqi6048,cnwstqi6049,cnwstqi6050,cnwstqi6051,cnwstqi6052,cnwstqi6053,cnwstqi6054,cnwstqi6055,cnwstqi6056,cnwstqi6057,cnwstqi6058,cnwstqi6059,cnwstqi6060,cnwstqi6061,cnwstqi6062,cnwstqi6063,cnwstqi6064,cnwstqi6065,cnwstqi6066,cnwstqi6067,cnwstqi6068,cnwstqi6069,cnwstqi6070,cnwstqi6071,cnwstqi6072,cnwstqi6073,cnwstqi6074,cnwstqi6075,cnwstqi6076,cnwstqi6077,cnwstqi6078,cnwstqi6079,cnwstqi6080,cnwstqi6081,cnwstqi6082,cnwstqi6083,cnwstqi6084,cnwstqi6085,cnwstqi6086,cnwstqi6087,cnwstqi6088,cnwstqi6089,cnwstqi6090,cnwstqi6091,cnwstqi6092,cnwstqi6093,cnwstqi6094,cnwstqi6095,cnwstqi6096,cnwstqi6097,cnwstqi6098,cnwstqi6099,cnwstqi6100"
"cnwstq61","61","level3","笔画测试三级字表（1605字）61","笔画测试通用规范汉字表三级字表（1605字）61,汉字笔画测试61","cnwstqi6101,cnwstqi6102,cnwstqi6103,cnwstqi6104,cnwstqi6105,cnwstqi6106,cnwstqi6107,cnwstqi6108,cnwstqi6109,cnwstqi6110,cnwstqi6111,cnwstqi6112,cnwstqi6113,cnwstqi6114,cnwstqi6115,cnwstqi6116,cnwstqi6117,cnwstqi6118,cnwstqi6119,cnwstqi6120,cnwstqi6121,cnwstqi6122,cnwstqi6123,cnwstqi6124,cnwstqi6125,cnwstqi6126,cnwstqi6127,cnwstqi6128,cnwstqi6129,cnwstqi6130,cnwstqi6131,cnwstqi6132,cnwstqi6133,cnwstqi6134,cnwstqi6135,cnwstqi6136,cnwstqi6137,cnwstqi6138,cnwstqi6139,cnwstqi6140,cnwstqi6141,cnwstqi6142,cnwstqi6143,cnwstqi6144,cnwstqi6145,cnwstqi6146,cnwstqi6147,cnwstqi6148,cnwstqi6149,cnwstqi6150,cnwstqi6151,cnwstqi6152,cnwstqi6153,cnwstqi6154,cnwstqi6155,cnwstqi6156,cnwstqi6157,cnwstqi6158,cnwstqi6159,cnwstqi6160,cnwstqi6161,cnwstqi6162,cnwstqi6163,cnwstqi6164,cnwstqi6165,cnwstqi6166,cnwstqi6167,cnwstqi6168,cnwstqi6169,cnwstqi6170,cnwstqi6171,cnwstqi6172,cnwstqi6173,cnwstqi6174,cnwstqi6175,cnwstqi6176,cnwstqi6177,cnwstqi6178,cnwstqi6179,cnwstqi6180,cnwstqi6181,cnwstqi6182,cnwstqi6183,cnwstqi6184,cnwstqi6185,cnwstqi6186,cnwstqi6187,cnwstqi6188,cnwstqi6189,cnwstqi6190,cnwstqi6191,cnwstqi6192,cnwstqi6193,cnwstqi6194,cnwstqi6195,cnwstqi6196,cnwstqi6197,cnwstqi6198,cnwstqi6199,cnwstqi6200"
"cnwstq62","62","level3","笔画测试三级字表（1605字）62","笔画测试通用规范汉字表三级字表（1605字）62,汉字笔画测试62","cnwstqi6201,cnwstqi6202,cnwstqi6203,cnwstqi6204,cnwstqi6205,cnwstqi6206,cnwstqi6207,cnwstqi6208,cnwstqi6209,cnwstqi6210,cnwstqi6211,cnwstqi6212,cnwstqi6213,cnwstqi6214,cnwstqi6215,cnwstqi6216,cnwstqi6217,cnwstqi6218,cnwstqi6219,cnwstqi6220,cnwstqi6221,cnwstqi6222,cnwstqi6223,cnwstqi6224,cnwstqi6225,cnwstqi6226,cnwstqi6227,cnwstqi6228,cnwstqi6229,cnwstqi6230,cnwstqi6231,cnwstqi6232,cnwstqi6233,cnwstqi6234,cnwstqi6235,cnwstqi6236,cnwstqi6237,cnwstqi6238,cnwstqi6239,cnwstqi6240,cnwstqi6241,cnwstqi6242,cnwstqi6243,cnwstqi6244,cnwstqi6245,cnwstqi6246,cnwstqi6247,cnwstqi6248,cnwstqi6249,cnwstqi6250,cnwstqi6251,cnwstqi6252,cnwstqi6253,cnwstqi6254,cnwstqi6255,cnwstqi6256,cnwstqi6257,cnwstqi6258,cnwstqi6259,cnwstqi6260,cnwstqi6261,cnwstqi6262,cnwstqi6263,cnwstqi6264,cnwstqi6265,cnwstqi6266,cnwstqi6267,cnwstqi6268,cnwstqi6269,cnwstqi6270,cnwstqi6271,cnwstqi6272,cnwstqi6273,cnwstqi6274,cnwstqi6275,cnwstqi6276,cnwstqi6277,cnwstqi6278,cnwstqi6279,cnwstqi6280,cnwstqi6281,cnwstqi6282,cnwstqi6283,cnwstqi6284,cnwstqi6285,cnwstqi6286,cnwstqi6287,cnwstqi6288,cnwstqi6289,cnwstqi6290,cnwstqi6291,cnwstqi6292,cnwstqi6293,cnwstqi6294,cnwstqi6295,cnwstqi6296,cnwstqi6297,cnwstqi6298,cnwstqi6299,cnwstqi6300"
"cnwstq63","63","level3","笔画测试三级字表（1605字）63","笔画测试通用规范汉字表三级字表（1605字）63,汉字笔画测试63","cnwstqi6301,cnwstqi6302,cnwstqi6303,cnwstqi6304,cnwstqi6305,cnwstqi6306,cnwstqi6307,cnwstqi6308,cnwstqi6309,cnwstqi6310,cnwstqi6311,cnwstqi6312,cnwstqi6313,cnwstqi6314,cnwstqi6315,cnwstqi6316,cnwstqi6317,cnwstqi6318,cnwstqi6319,cnwstqi6320,cnwstqi6321,cnwstqi6322,cnwstqi6323,cnwstqi6324,cnwstqi6325,cnwstqi6326,cnwstqi6327,cnwstqi6328,cnwstqi6329,cnwstqi6330,cnwstqi6331,cnwstqi6332,cnwstqi6333,cnwstqi6334,cnwstqi6335,cnwstqi6336,cnwstqi6337,cnwstqi6338,cnwstqi6339,cnwstqi6340,cnwstqi6341,cnwstqi6342,cnwstqi6343,cnwstqi6344,cnwstqi6345,cnwstqi6346,cnwstqi6347,cnwstqi6348,cnwstqi6349,cnwstqi6350,cnwstqi6351,cnwstqi6352,cnwstqi6353,cnwstqi6354,cnwstqi6355,cnwstqi6356,cnwstqi6357,cnwstqi6358,cnwstqi6359,cnwstqi6360,cnwstqi6361,cnwstqi6362,cnwstqi6363,cnwstqi6364,cnwstqi6365,cnwstqi6366,cnwstqi6367,cnwstqi6368,cnwstqi6369,cnwstqi6370,cnwstqi6371,cnwstqi6372,cnwstqi6373,cnwstqi6374,cnwstqi6375,cnwstqi6376,cnwstqi6377,cnwstqi6378,cnwstqi6379,cnwstqi6380,cnwstqi6381,cnwstqi6382,cnwstqi6383,cnwstqi6384,cnwstqi6385,cnwstqi6386,cnwstqi6387,cnwstqi6388,cnwstqi6389,cnwstqi6390,cnwstqi6391,cnwstqi6392,cnwstqi6393,cnwstqi6394,cnwstqi6395,cnwstqi6396,cnwstqi6397,cnwstqi6398,cnwstqi6399,cnwstqi6400"
"cnwstq64","64","level3","笔画测试三级字表（1605字）64","笔画测试通用规范汉字表三级字表（1605字）64,汉字笔画测试64","cnwstqi6401,cnwstqi6402,cnwstqi6403,cnwstqi6404,cnwstqi6405,cnwstqi6406,cnwstqi6407,cnwstqi6408,cnwstqi6409,cnwstqi6410,cnwstqi6411,cnwstqi6412,cnwstqi6413,cnwstqi6414,cnwstqi6415,cnwstqi6416,cnwstqi6417,cnwstqi6418,cnwstqi6419,cnwstqi6420,cnwstqi6421,cnwstqi6422,cnwstqi6423,cnwstqi6424,cnwstqi6425,cnwstqi6426,cnwstqi6427,cnwstqi6428,cnwstqi6429,cnwstqi6430,cnwstqi6431,cnwstqi6432,cnwstqi6433,cnwstqi6434,cnwstqi6435,cnwstqi6436,cnwstqi6437,cnwstqi6438,cnwstqi6439,cnwstqi6440,cnwstqi6441,cnwstqi6442,cnwstqi6443,cnwstqi6444,cnwstqi6445,cnwstqi6446,cnwstqi6447,cnwstqi6448,cnwstqi6449,cnwstqi6450,cnwstqi6451,cnwstqi6452,cnwstqi6453,cnwstqi6454,cnwstqi6455,cnwstqi6456,cnwstqi6457,cnwstqi6458,cnwstqi6459,cnwstqi6460,cnwstqi6461,cnwstqi6462,cnwstqi6463,cnwstqi6464,cnwstqi6465,cnwstqi6466,cnwstqi6467,cnwstqi6468,cnwstqi6469,cnwstqi6470,cnwstqi6471,cnwstqi6472,cnwstqi6473,cnwstqi6474,cnwstqi6475,cnwstqi6476,cnwstqi6477,cnwstqi6478,cnwstqi6479,cnwstqi6480,cnwstqi6481,cnwstqi6482,cnwstqi6483,cnwstqi6484,cnwstqi6485,cnwstqi6486,cnwstqi6487,cnwstqi6488,cnwstqi6489,cnwstqi6490,cnwstqi6491,cnwstqi6492,cnwstqi6493,cnwstqi6494,cnwstqi6495,cnwstqi6496,cnwstqi6497,cnwstqi6498,cnwstqi6499,cnwstqi6500"
"cnwstq65","65","level3","笔画测试三级字表（1605字）65","笔画测试通用规范汉字表三级字表（1605字）65,汉字笔画测试65","cnwstqi6501,cnwstqi6502,cnwstqi6503,cnwstqi6504,cnwstqi6505,cnwstqi6506,cnwstqi6507,cnwstqi6508,cnwstqi6509,cnwstqi6510,cnwstqi6511,cnwstqi6512,cnwstqi6513,cnwstqi6514,cnwstqi6515,cnwstqi6516,cnwstqi6517,cnwstqi6518,cnwstqi6519,cnwstqi6520,cnwstqi6521,cnwstqi6522,cnwstqi6523,cnwstqi6524,cnwstqi6525,cnwstqi6526,cnwstqi6527,cnwstqi6528,cnwstqi6529,cnwstqi6530,cnwstqi6531,cnwstqi6532,cnwstqi6533,cnwstqi6534,cnwstqi6535,cnwstqi6536,cnwstqi6537,cnwstqi6538,cnwstqi6539,cnwstqi6540,cnwstqi6541,cnwstqi6542,cnwstqi6543,cnwstqi6544,cnwstqi6545,cnwstqi6546,cnwstqi6547,cnwstqi6548,cnwstqi6549,cnwstqi6550,cnwstqi6551,cnwstqi6552,cnwstqi6553,cnwstqi6554,cnwstqi6555,cnwstqi6556,cnwstqi6557,cnwstqi6558,cnwstqi6559,cnwstqi6560,cnwstqi6561,cnwstqi6562,cnwstqi6563,cnwstqi6564,cnwstqi6565,cnwstqi6566,cnwstqi6567,cnwstqi6568,cnwstqi6569,cnwstqi6570,cnwstqi6571,cnwstqi6572,cnwstqi6573,cnwstqi6574,cnwstqi6575,cnwstqi6576,cnwstqi6577,cnwstqi6578,cnwstqi6579,cnwstqi6580,cnwstqi6581,cnwstqi6582,cnwstqi6583,cnwstqi6584,cnwstqi6585,cnwstqi6586,cnwstqi6587,cnwstqi6588,cnwstqi6589,cnwstqi6590,cnwstqi6591,cnwstqi6592,cnwstqi6593,cnwstqi6594,cnwstqi6595,cnwstqi6596,cnwstqi6597,cnwstqi6598,cnwstqi6599,cnwstqi6600"
"cnwstq66","66","level3","笔画测试三级字表（1605字）66","笔画测试通用规范汉字表三级字表（1605字）66,汉字笔画测试66","cnwstqi6601,cnwstqi6602,cnwstqi6603,cnwstqi6604,cnwstqi6605,cnwstqi6606,cnwstqi6607,cnwstqi6608,cnwstqi6609,cnwstqi6610,cnwstqi6611,cnwstqi6612,cnwstqi6613,cnwstqi6614,cnwstqi6615,cnwstqi6616,cnwstqi6617,cnwstqi6618,cnwstqi6619,cnwstqi6620,cnwstqi6621,cnwstqi6622,cnwstqi6623,cnwstqi6624,cnwstqi6625,cnwstqi6626,cnwstqi6627,cnwstqi6628,cnwstqi6629,cnwstqi6630,cnwstqi6631,cnwstqi6632,cnwstqi6633,cnwstqi6634,cnwstqi6635,cnwstqi6636,cnwstqi6637,cnwstqi6638,cnwstqi6639,cnwstqi6640,cnwstqi6641,cnwstqi6642,cnwstqi6643,cnwstqi6644,cnwstqi6645,cnwstqi6646,cnwstqi6647,cnwstqi6648,cnwstqi6649,cnwstqi6650,cnwstqi6651,cnwstqi6652,cnwstqi6653,cnwstqi6654,cnwstqi6655,cnwstqi6656,cnwstqi6657,cnwstqi6658,cnwstqi6659,cnwstqi6660,cnwstqi6661,cnwstqi6662,cnwstqi6663,cnwstqi6664,cnwstqi6665,cnwstqi6666,cnwstqi6667,cnwstqi6668,cnwstqi6669,cnwstqi6670,cnwstqi6671,cnwstqi6672,cnwstqi6673,cnwstqi6674,cnwstqi6675,cnwstqi6676,cnwstqi6677,cnwstqi6678,cnwstqi6679,cnwstqi6680,cnwstqi6681,cnwstqi6682,cnwstqi6683,cnwstqi6684,cnwstqi6685,cnwstqi6686,cnwstqi6687,cnwstqi6688,cnwstqi6689,cnwstqi6690,cnwstqi6691,cnwstqi6692,cnwstqi6693,cnwstqi6694,cnwstqi6695,cnwstqi6696,cnwstqi6697,cnwstqi6698,cnwstqi6699,cnwstqi6700"
"cnwstq67","67","level3","笔画测试三级字表（1605字）67","笔画测试通用规范汉字表三级字表（1605字）67,汉字笔画测试67","cnwstqi6701,cnwstqi6702,cnwstqi6703,cnwstqi6704,cnwstqi6705,cnwstqi6706,cnwstqi6707,cnwstqi6708,cnwstqi6709,cnwstqi6710,cnwstqi6711,cnwstqi6712,cnwstqi6713,cnwstqi6714,cnwstqi6715,cnwstqi6716,cnwstqi6717,cnwstqi6718,cnwstqi6719,cnwstqi6720,cnwstqi6721,cnwstqi6722,cnwstqi6723,cnwstqi6724,cnwstqi6725,cnwstqi6726,cnwstqi6727,cnwstqi6728,cnwstqi6729,cnwstqi6730,cnwstqi6731,cnwstqi6732,cnwstqi6733,cnwstqi6734,cnwstqi6735,cnwstqi6736,cnwstqi6737,cnwstqi6738,cnwstqi6739,cnwstqi6740,cnwstqi6741,cnwstqi6742,cnwstqi6743,cnwstqi6744,cnwstqi6745,cnwstqi6746,cnwstqi6747,cnwstqi6748,cnwstqi6749,cnwstqi6750,cnwstqi6751,cnwstqi6752,cnwstqi6753,cnwstqi6754,cnwstqi6755,cnwstqi6756,cnwstqi6757,cnwstqi6758,cnwstqi6759,cnwstqi6760,cnwstqi6761,cnwstqi6762,cnwstqi6763,cnwstqi6764,cnwstqi6765,cnwstqi6766,cnwstqi6767,cnwstqi6768,cnwstqi6769,cnwstqi6770,cnwstqi6771,cnwstqi6772,cnwstqi6773,cnwstqi6774,cnwstqi6775,cnwstqi6776,cnwstqi6777,cnwstqi6778,cnwstqi6779,cnwstqi6780,cnwstqi6781,cnwstqi6782,cnwstqi6783,cnwstqi6784,cnwstqi6785,cnwstqi6786,cnwstqi6787,cnwstqi6788,cnwstqi6789,cnwstqi6790,cnwstqi6791,cnwstqi6792,cnwstqi6793,cnwstqi6794,cnwstqi6795,cnwstqi6796,cnwstqi6797,cnwstqi6798,cnwstqi6799,cnwstqi6800"
"cnwstq68","68","level3","笔画测试三级字表（1605字）68","笔画测试通用规范汉字表三级字表（1605字）68,汉字笔画测试68","cnwstqi6801,cnwstqi6802,cnwstqi6803,cnwstqi6804,cnwstqi6805,cnwstqi6806,cnwstqi6807,cnwstqi6808,cnwstqi6809,cnwstqi6810,cnwstqi6811,cnwstqi6812,cnwstqi6813,cnwstqi6814,cnwstqi6815,cnwstqi6816,cnwstqi6817,cnwstqi6818,cnwstqi6819,cnwstqi6820,cnwstqi6821,cnwstqi6822,cnwstqi6823,cnwstqi6824,cnwstqi6825,cnwstqi6826,cnwstqi6827,cnwstqi6828,cnwstqi6829,cnwstqi6830,cnwstqi6831,cnwstqi6832,cnwstqi6833,cnwstqi6834,cnwstqi6835,cnwstqi6836,cnwstqi6837,cnwstqi6838,cnwstqi6839,cnwstqi6840,cnwstqi6841,cnwstqi6842,cnwstqi6843,cnwstqi6844,cnwstqi6845,cnwstqi6846,cnwstqi6847,cnwstqi6848,cnwstqi6849,cnwstqi6850,cnwstqi6851,cnwstqi6852,cnwstqi6853,cnwstqi6854,cnwstqi6855,cnwstqi6856,cnwstqi6857,cnwstqi6858,cnwstqi6859,cnwstqi6860,cnwstqi6861,cnwstqi6862,cnwstqi6863,cnwstqi6864,cnwstqi6865,cnwstqi6866,cnwstqi6867,cnwstqi6868,cnwstqi6869,cnwstqi6870,cnwstqi6871,cnwstqi6872,cnwstqi6873,cnwstqi6874,cnwstqi6875,cnwstqi6876,cnwstqi6877,cnwstqi6878,cnwstqi6879,cnwstqi6880,cnwstqi6881,cnwstqi6882,cnwstqi6883,cnwstqi6884,cnwstqi6885,cnwstqi6886,cnwstqi6887,cnwstqi6888,cnwstqi6889,cnwstqi6890,cnwstqi6891,cnwstqi6892,cnwstqi6893,cnwstqi6894,cnwstqi6895,cnwstqi6896,cnwstqi6897,cnwstqi6898,cnwstqi6899,cnwstqi6900"
"cnwstq69","69","level3","笔画测试三级字表（1605字）69","笔画测试通用规范汉字表三级字表（1605字）69,汉字笔画测试69","cnwstqi6901,cnwstqi6902,cnwstqi6903,cnwstqi6904,cnwstqi6905,cnwstqi6906,cnwstqi6907,cnwstqi6908,cnwstqi6909,cnwstqi6910,cnwstqi6911,cnwstqi6912,cnwstqi6913,cnwstqi6914,cnwstqi6915,cnwstqi6916,cnwstqi6917,cnwstqi6918,cnwstqi6919,cnwstqi6920,cnwstqi6921,cnwstqi6922,cnwstqi6923,cnwstqi6924,cnwstqi6925,cnwstqi6926,cnwstqi6927,cnwstqi6928,cnwstqi6929,cnwstqi6930,cnwstqi6931,cnwstqi6932,cnwstqi6933,cnwstqi6934,cnwstqi6935,cnwstqi6936,cnwstqi6937,cnwstqi6938,cnwstqi6939,cnwstqi6940,cnwstqi6941,cnwstqi6942,cnwstqi6943,cnwstqi6944,cnwstqi6945,cnwstqi6946,cnwstqi6947,cnwstqi6948,cnwstqi6949,cnwstqi6950,cnwstqi6951,cnwstqi6952,cnwstqi6953,cnwstqi6954,cnwstqi6955,cnwstqi6956,cnwstqi6957,cnwstqi6958,cnwstqi6959,cnwstqi6960,cnwstqi6961,cnwstqi6962,cnwstqi6963,cnwstqi6964,cnwstqi6965,cnwstqi6966,cnwstqi6967,cnwstqi6968,cnwstqi6969,cnwstqi6970,cnwstqi6971,cnwstqi6972,cnwstqi6973,cnwstqi6974,cnwstqi6975,cnwstqi6976,cnwstqi6977,cnwstqi6978,cnwstqi6979,cnwstqi6980,cnwstqi6981,cnwstqi6982,cnwstqi6983,cnwstqi6984,cnwstqi6985,cnwstqi6986,cnwstqi6987,cnwstqi6988,cnwstqi6989,cnwstqi6990,cnwstqi6991,cnwstqi6992,cnwstqi6993,cnwstqi6994,cnwstqi6995,cnwstqi6996,cnwstqi6997,cnwstqi6998,cnwstqi6999,cnwstqi7000"
"cnwstq70","70","level3","笔画测试三级字表（1605字）70","笔画测试通用规范汉字表三级字表（1605字）70,汉字笔画测试70","cnwstqi7001,cnwstqi7002,cnwstqi7003,cnwstqi7004,cnwstqi7005,cnwstqi7006,cnwstqi7007,cnwstqi7008,cnwstqi7009,cnwstqi7010,cnwstqi7011,cnwstqi7012,cnwstqi7013,cnwstqi7014,cnwstqi7015,cnwstqi7016,cnwstqi7017,cnwstqi7018,cnwstqi7019,cnwstqi7020,cnwstqi7021,cnwstqi7022,cnwstqi7023,cnwstqi7024,cnwstqi7025,cnwstqi7026,cnwstqi7027,cnwstqi7028,cnwstqi7029,cnwstqi7030,cnwstqi7031,cnwstqi7032,cnwstqi7033,cnwstqi7034,cnwstqi7035,cnwstqi7036,cnwstqi7037,cnwstqi7038,cnwstqi7039,cnwstqi7040,cnwstqi7041,cnwstqi7042,cnwstqi7043,cnwstqi7044,cnwstqi7045,cnwstqi7046,cnwstqi7047,cnwstqi7048,cnwstqi7049,cnwstqi7050,cnwstqi7051,cnwstqi7052,cnwstqi7053,cnwstqi7054,cnwstqi7055,cnwstqi7056,cnwstqi7057,cnwstqi7058,cnwstqi7059,cnwstqi7060,cnwstqi7061,cnwstqi7062,cnwstqi7063,cnwstqi7064,cnwstqi7065,cnwstqi7066,cnwstqi7067,cnwstqi7068,cnwstqi7069,cnwstqi7070,cnwstqi7071,cnwstqi7072,cnwstqi7073,cnwstqi7074,cnwstqi7075,cnwstqi7076,cnwstqi7077,cnwstqi7078,cnwstqi7079,cnwstqi7080,cnwstqi7081,cnwstqi7082,cnwstqi7083,cnwstqi7084,cnwstqi7085,cnwstqi7086,cnwstqi7087,cnwstqi7088,cnwstqi7089,cnwstqi7090,cnwstqi7091,cnwstqi7092,cnwstqi7093,cnwstqi7094,cnwstqi7095,cnwstqi7096,cnwstqi7097,cnwstqi7098,cnwstqi7099,cnwstqi7100"
"cnwstq71","71","level3","笔画测试三级字表（1605字）71","笔画测试通用规范汉字表三级字表（1605字）71,汉字笔画测试71","cnwstqi7101,cnwstqi7102,cnwstqi7103,cnwstqi7104,cnwstqi7105,cnwstqi7106,cnwstqi7107,cnwstqi7108,cnwstqi7109,cnwstqi7110,cnwstqi7111,cnwstqi7112,cnwstqi7113,cnwstqi7114,cnwstqi7115,cnwstqi7116,cnwstqi7117,cnwstqi7118,cnwstqi7119,cnwstqi7120,cnwstqi7121,cnwstqi7122,cnwstqi7123,cnwstqi7124,cnwstqi7125,cnwstqi7126,cnwstqi7127,cnwstqi7128,cnwstqi7129,cnwstqi7130,cnwstqi7131,cnwstqi7132,cnwstqi7133,cnwstqi7134,cnwstqi7135,cnwstqi7136,cnwstqi7137,cnwstqi7138,cnwstqi7139,cnwstqi7140,cnwstqi7141,cnwstqi7142,cnwstqi7143,cnwstqi7144,cnwstqi7145,cnwstqi7146,cnwstqi7147,cnwstqi7148,cnwstqi7149,cnwstqi7150,cnwstqi7151,cnwstqi7152,cnwstqi7153,cnwstqi7154,cnwstqi7155,cnwstqi7156,cnwstqi7157,cnwstqi7158,cnwstqi7159,cnwstqi7160,cnwstqi7161,cnwstqi7162,cnwstqi7163,cnwstqi7164,cnwstqi7165,cnwstqi7166,cnwstqi7167,cnwstqi7168,cnwstqi7169,cnwstqi7170,cnwstqi7171,cnwstqi7172,cnwstqi7173,cnwstqi7174,cnwstqi7175,cnwstqi7176,cnwstqi7177,cnwstqi7178,cnwstqi7179,cnwstqi7180,cnwstqi7181,cnwstqi7182,cnwstqi7183,cnwstqi7184,cnwstqi7185,cnwstqi7186,cnwstqi7187,cnwstqi7188,cnwstqi7189,cnwstqi7190,cnwstqi7191,cnwstqi7192,cnwstqi7193,cnwstqi7194,cnwstqi7195,cnwstqi7196,cnwstqi7197,cnwstqi7198,cnwstqi7199,cnwstqi7200"
"cnwstq72","72","level3","笔画测试三级字表（1605字）72","笔画测试通用规范汉字表三级字表（1605字）72,汉字笔画测试72","cnwstqi7201,cnwstqi7202,cnwstqi7203,cnwstqi7204,cnwstqi7205,cnwstqi7206,cnwstqi7207,cnwstqi7208,cnwstqi7209,cnwstqi7210,cnwstqi7211,cnwstqi7212,cnwstqi7213,cnwstqi7214,cnwstqi7215,cnwstqi7216,cnwstqi7217,cnwstqi7218,cnwstqi7219,cnwstqi7220,cnwstqi7221,cnwstqi7222,cnwstqi7223,cnwstqi7224,cnwstqi7225,cnwstqi7226,cnwstqi7227,cnwstqi7228,cnwstqi7229,cnwstqi7230,cnwstqi7231,cnwstqi7232,cnwstqi7233,cnwstqi7234,cnwstqi7235,cnwstqi7236,cnwstqi7237,cnwstqi7238,cnwstqi7239,cnwstqi7240,cnwstqi7241,cnwstqi7242,cnwstqi7243,cnwstqi7244,cnwstqi7245,cnwstqi7246,cnwstqi7247,cnwstqi7248,cnwstqi7249,cnwstqi7250,cnwstqi7251,cnwstqi7252,cnwstqi7253,cnwstqi7254,cnwstqi7255,cnwstqi7256,cnwstqi7257,cnwstqi7258,cnwstqi7259,cnwstqi7260,cnwstqi7261,cnwstqi7262,cnwstqi7263,cnwstqi7264,cnwstqi7265,cnwstqi7266,cnwstqi7267,cnwstqi7268,cnwstqi7269,cnwstqi7270,cnwstqi7271,cnwstqi7272,cnwstqi7273,cnwstqi7274,cnwstqi7275,cnwstqi7276,cnwstqi7277,cnwstqi7278,cnwstqi7279,cnwstqi7280,cnwstqi7281,cnwstqi7282,cnwstqi7283,cnwstqi7284,cnwstqi7285,cnwstqi7286,cnwstqi7287,cnwstqi7288,cnwstqi7289,cnwstqi7290,cnwstqi7291,cnwstqi7292,cnwstqi7293,cnwstqi7294,cnwstqi7295,cnwstqi7296,cnwstqi7297,cnwstqi7298,cnwstqi7299,cnwstqi7300"
"cnwstq73","73","level3","笔画测试三级字表（1605字）73","笔画测试通用规范汉字表三级字表（1605字）73,汉字笔画测试73","cnwstqi7301,cnwstqi7302,cnwstqi7303,cnwstqi7304,cnwstqi7305,cnwstqi7306,cnwstqi7307,cnwstqi7308,cnwstqi7309,cnwstqi7310,cnwstqi7311,cnwstqi7312,cnwstqi7313,cnwstqi7314,cnwstqi7315,cnwstqi7316,cnwstqi7317,cnwstqi7318,cnwstqi7319,cnwstqi7320,cnwstqi7321,cnwstqi7322,cnwstqi7323,cnwstqi7324,cnwstqi7325,cnwstqi7326,cnwstqi7327,cnwstqi7328,cnwstqi7329,cnwstqi7330,cnwstqi7331,cnwstqi7332,cnwstqi7333,cnwstqi7334,cnwstqi7335,cnwstqi7336,cnwstqi7337,cnwstqi7338,cnwstqi7339,cnwstqi7340,cnwstqi7341,cnwstqi7342,cnwstqi7343,cnwstqi7344,cnwstqi7345,cnwstqi7346,cnwstqi7347,cnwstqi7348,cnwstqi7349,cnwstqi7350,cnwstqi7351,cnwstqi7352,cnwstqi7353,cnwstqi7354,cnwstqi7355,cnwstqi7356,cnwstqi7357,cnwstqi7358,cnwstqi7359,cnwstqi7360,cnwstqi7361,cnwstqi7362,cnwstqi7363,cnwstqi7364,cnwstqi7365,cnwstqi7366,cnwstqi7367,cnwstqi7368,cnwstqi7369,cnwstqi7370,cnwstqi7371,cnwstqi7372,cnwstqi7373,cnwstqi7374,cnwstqi7375,cnwstqi7376,cnwstqi7377,cnwstqi7378,cnwstqi7379,cnwstqi7380,cnwstqi7381,cnwstqi7382,cnwstqi7383,cnwstqi7384,cnwstqi7385,cnwstqi7386,cnwstqi7387,cnwstqi7388,cnwstqi7389,cnwstqi7390,cnwstqi7391,cnwstqi7392,cnwstqi7393,cnwstqi7394,cnwstqi7395,cnwstqi7396,cnwstqi7397,cnwstqi7398,cnwstqi7399,cnwstqi7400"
"cnwstq74","74","level3","笔画测试三级字表（1605字）74","笔画测试通用规范汉字表三级字表（1605字）74,汉字笔画测试74","cnwstqi7401,cnwstqi7402,cnwstqi7403,cnwstqi7404,cnwstqi7405,cnwstqi7406,cnwstqi7407,cnwstqi7408,cnwstqi7409,cnwstqi7410,cnwstqi7411,cnwstqi7412,cnwstqi7413,cnwstqi7414,cnwstqi7415,cnwstqi7416,cnwstqi7417,cnwstqi7418,cnwstqi7419,cnwstqi7420,cnwstqi7421,cnwstqi7422,cnwstqi7423,cnwstqi7424,cnwstqi7425,cnwstqi7426,cnwstqi7427,cnwstqi7428,cnwstqi7429,cnwstqi7430,cnwstqi7431,cnwstqi7432,cnwstqi7433,cnwstqi7434,cnwstqi7435,cnwstqi7436,cnwstqi7437,cnwstqi7438,cnwstqi7439,cnwstqi7440,cnwstqi7441,cnwstqi7442,cnwstqi7443,cnwstqi7444,cnwstqi7445,cnwstqi7446,cnwstqi7447,cnwstqi7448,cnwstqi7449,cnwstqi7450,cnwstqi7451,cnwstqi7452,cnwstqi7453,cnwstqi7454,cnwstqi7455,cnwstqi7456,cnwstqi7457,cnwstqi7458,cnwstqi7459,cnwstqi7460,cnwstqi7461,cnwstqi7462,cnwstqi7463,cnwstqi7464,cnwstqi7465,cnwstqi7466,cnwstqi7467,cnwstqi7468,cnwstqi7469,cnwstqi7470,cnwstqi7471,cnwstqi7472,cnwstqi7473,cnwstqi7474,cnwstqi7475,cnwstqi7476,cnwstqi7477,cnwstqi7478,cnwstqi7479,cnwstqi7480,cnwstqi7481,cnwstqi7482,cnwstqi7483,cnwstqi7484,cnwstqi7485,cnwstqi7486,cnwstqi7487,cnwstqi7488,cnwstqi7489,cnwstqi7490,cnwstqi7491,cnwstqi7492,cnwstqi7493,cnwstqi7494,cnwstqi7495,cnwstqi7496,cnwstqi7497,cnwstqi7498,cnwstqi7499,cnwstqi7500"
"cnwstq75","75","level3","笔画测试三级字表（1605字）75","笔画测试通用规范汉字表三级字表（1605字）75,汉字笔画测试75","cnwstqi7501,cnwstqi7502,cnwstqi7503,cnwstqi7504,cnwstqi7505,cnwstqi7506,cnwstqi7507,cnwstqi7508,cnwstqi7509,cnwstqi7510,cnwstqi7511,cnwstqi7512,cnwstqi7513,cnwstqi7514,cnwstqi7515,cnwstqi7516,cnwstqi7517,cnwstqi7518,cnwstqi7519,cnwstqi7520,cnwstqi7521,cnwstqi7522,cnwstqi7523,cnwstqi7524,cnwstqi7525,cnwstqi7526,cnwstqi7527,cnwstqi7528,cnwstqi7529,cnwstqi7530,cnwstqi7531,cnwstqi7532,cnwstqi7533,cnwstqi7534,cnwstqi7535,cnwstqi7536,cnwstqi7537,cnwstqi7538,cnwstqi7539,cnwstqi7540,cnwstqi7541,cnwstqi7542,cnwstqi7543,cnwstqi7544,cnwstqi7545,cnwstqi7546,cnwstqi7547,cnwstqi7548,cnwstqi7549,cnwstqi7550,cnwstqi7551,cnwstqi7552,cnwstqi7553,cnwstqi7554,cnwstqi7555,cnwstqi7556,cnwstqi7557,cnwstqi7558,cnwstqi7559,cnwstqi7560,cnwstqi7561,cnwstqi7562,cnwstqi7563,cnwstqi7564,cnwstqi7565,cnwstqi7566,cnwstqi7567,cnwstqi7568,cnwstqi7569,cnwstqi7570,cnwstqi7571,cnwstqi7572,cnwstqi7573,cnwstqi7574,cnwstqi7575,cnwstqi7576,cnwstqi7577,cnwstqi7578,cnwstqi7579,cnwstqi7580,cnwstqi7581,cnwstqi7582,cnwstqi7583,cnwstqi7584,cnwstqi7585,cnwstqi7586,cnwstqi7587,cnwstqi7588,cnwstqi7589,cnwstqi7590,cnwstqi7591,cnwstqi7592,cnwstqi7593,cnwstqi7594,cnwstqi7595,cnwstqi7596,cnwstqi7597,cnwstqi7598,cnwstqi7599,cnwstqi7600"
"cnwstq76","76","level3","笔画测试三级字表（1605字）76","笔画测试通用规范汉字表三级字表（1605字）76,汉字笔画测试76","cnwstqi7601,cnwstqi7602,cnwstqi7603,cnwstqi7604,cnwstqi7605,cnwstqi7606,cnwstqi7607,cnwstqi7608,cnwstqi7609,cnwstqi7610,cnwstqi7611,cnwstqi7612,cnwstqi7613,cnwstqi7614,cnwstqi7615,cnwstqi7616,cnwstqi7617,cnwstqi7618,cnwstqi7619,cnwstqi7620,cnwstqi7621,cnwstqi7622,cnwstqi7623,cnwstqi7624,cnwstqi7625,cnwstqi7626,cnwstqi7627,cnwstqi7628,cnwstqi7629,cnwstqi7630,cnwstqi7631,cnwstqi7632,cnwstqi7633,cnwstqi7634,cnwstqi7635,cnwstqi7636,cnwstqi7637,cnwstqi7638,cnwstqi7639,cnwstqi7640,cnwstqi7641,cnwstqi7642,cnwstqi7643,cnwstqi7644,cnwstqi7645,cnwstqi7646,cnwstqi7647,cnwstqi7648,cnwstqi7649,cnwstqi7650,cnwstqi7651,cnwstqi7652,cnwstqi7653,cnwstqi7654,cnwstqi7655,cnwstqi7656,cnwstqi7657,cnwstqi7658,cnwstqi7659,cnwstqi7660,cnwstqi7661,cnwstqi7662,cnwstqi7663,cnwstqi7664,cnwstqi7665,cnwstqi7666,cnwstqi7667,cnwstqi7668,cnwstqi7669,cnwstqi7670,cnwstqi7671,cnwstqi7672,cnwstqi7673,cnwstqi7674,cnwstqi7675,cnwstqi7676,cnwstqi7677,cnwstqi7678,cnwstqi7679,cnwstqi7680,cnwstqi7681,cnwstqi7682,cnwstqi7683,cnwstqi7684,cnwstqi7685,cnwstqi7686,cnwstqi7687,cnwstqi7688,cnwstqi7689,cnwstqi7690,cnwstqi7691,cnwstqi7692,cnwstqi7693,cnwstqi7694,cnwstqi7695,cnwstqi7696,cnwstqi7697,cnwstqi7698,cnwstqi7699,cnwstqi7700"
"cnwstq77","77","level3","笔画测试三级字表（1605字）77","笔画测试通用规范汉字表三级字表（1605字）77,汉字笔画测试77","cnwstqi7701,cnwstqi7702,cnwstqi7703,cnwstqi7704,cnwstqi7705,cnwstqi7706,cnwstqi7707,cnwstqi7708,cnwstqi7709,cnwstqi7710,cnwstqi7711,cnwstqi7712,cnwstqi7713,cnwstqi7714,cnwstqi7715,cnwstqi7716,cnwstqi7717,cnwstqi7718,cnwstqi7719,cnwstqi7720,cnwstqi7721,cnwstqi7722,cnwstqi7723,cnwstqi7724,cnwstqi7725,cnwstqi7726,cnwstqi7727,cnwstqi7728,cnwstqi7729,cnwstqi7730,cnwstqi7731,cnwstqi7732,cnwstqi7733,cnwstqi7734,cnwstqi7735,cnwstqi7736,cnwstqi7737,cnwstqi7738,cnwstqi7739,cnwstqi7740,cnwstqi7741,cnwstqi7742,cnwstqi7743,cnwstqi7744,cnwstqi7745,cnwstqi7746,cnwstqi7747,cnwstqi7748,cnwstqi7749,cnwstqi7750,cnwstqi7751,cnwstqi7752,cnwstqi7753,cnwstqi7754,cnwstqi7755,cnwstqi7756,cnwstqi7757,cnwstqi7758,cnwstqi7759,cnwstqi7760,cnwstqi7761,cnwstqi7762,cnwstqi7763,cnwstqi7764,cnwstqi7765,cnwstqi7766,cnwstqi7767,cnwstqi7768,cnwstqi7769,cnwstqi7770,cnwstqi7771,cnwstqi7772,cnwstqi7773,cnwstqi7774,cnwstqi7775,cnwstqi7776,cnwstqi7777,cnwstqi7778,cnwstqi7779,cnwstqi7780,cnwstqi7781,cnwstqi7782,cnwstqi7783,cnwstqi7784,cnwstqi7785,cnwstqi7786,cnwstqi7787,cnwstqi7788,cnwstqi7789,cnwstqi7790,cnwstqi7791,cnwstqi7792,cnwstqi7793,cnwstqi7794,cnwstqi7795,cnwstqi7796,cnwstqi7797,cnwstqi7798,cnwstqi7799,cnwstqi7800"
"cnwstq78","78","level3","笔画测试三级字表（1605字）78","笔画测试通用规范汉字表三级字表（1605字）78,汉字笔画测试78","cnwstqi7801,cnwstqi7802,cnwstqi7803,cnwstqi7804,cnwstqi7805,cnwstqi7806,cnwstqi7807,cnwstqi7808,cnwstqi7809,cnwstqi7810,cnwstqi7811,cnwstqi7812,cnwstqi7813,cnwstqi7814,cnwstqi7815,cnwstqi7816,cnwstqi7817,cnwstqi7818,cnwstqi7819,cnwstqi7820,cnwstqi7821,cnwstqi7822,cnwstqi7823,cnwstqi7824,cnwstqi7825,cnwstqi7826,cnwstqi7827,cnwstqi7828,cnwstqi7829,cnwstqi7830,cnwstqi7831,cnwstqi7832,cnwstqi7833,cnwstqi7834,cnwstqi7835,cnwstqi7836,cnwstqi7837,cnwstqi7838,cnwstqi7839,cnwstqi7840,cnwstqi7841,cnwstqi7842,cnwstqi7843,cnwstqi7844,cnwstqi7845,cnwstqi7846,cnwstqi7847,cnwstqi7848,cnwstqi7849,cnwstqi7850,cnwstqi7851,cnwstqi7852,cnwstqi7853,cnwstqi7854,cnwstqi7855,cnwstqi7856,cnwstqi7857,cnwstqi7858,cnwstqi7859,cnwstqi7860,cnwstqi7861,cnwstqi7862,cnwstqi7863,cnwstqi7864,cnwstqi7865,cnwstqi7866,cnwstqi7867,cnwstqi7868,cnwstqi7869,cnwstqi7870,cnwstqi7871,cnwstqi7872,cnwstqi7873,cnwstqi7874,cnwstqi7875,cnwstqi7876,cnwstqi7877,cnwstqi7878,cnwstqi7879,cnwstqi7880,cnwstqi7881,cnwstqi7882,cnwstqi7883,cnwstqi7884,cnwstqi7885,cnwstqi7886,cnwstqi7887,cnwstqi7888,cnwstqi7889,cnwstqi7890,cnwstqi7891,cnwstqi7892,cnwstqi7893,cnwstqi7894,cnwstqi7895,cnwstqi7896,cnwstqi7897,cnwstqi7898,cnwstqi7899,cnwstqi7900"
"cnwstq79","79","level3","笔画测试三级字表（1605字）79","笔画测试通用规范汉字表三级字表（1605字）79,汉字笔画测试79","cnwstqi7901,cnwstqi7902,cnwstqi7903,cnwstqi7904,cnwstqi7905,cnwstqi7906,cnwstqi7907,cnwstqi7908,cnwstqi7909,cnwstqi7910,cnwstqi7911,cnwstqi7912,cnwstqi7913,cnwstqi7914,cnwstqi7915,cnwstqi7916,cnwstqi7917,cnwstqi7918,cnwstqi7919,cnwstqi7920,cnwstqi7921,cnwstqi7922,cnwstqi7923,cnwstqi7924,cnwstqi7925,cnwstqi7926,cnwstqi7927,cnwstqi7928,cnwstqi7929,cnwstqi7930,cnwstqi7931,cnwstqi7932,cnwstqi7933,cnwstqi7934,cnwstqi7935,cnwstqi7936,cnwstqi7937,cnwstqi7938,cnwstqi7939,cnwstqi7940,cnwstqi7941,cnwstqi7942,cnwstqi7943,cnwstqi7944,cnwstqi7945,cnwstqi7946,cnwstqi7947,cnwstqi7948,cnwstqi7949,cnwstqi7950,cnwstqi7951,cnwstqi7952,cnwstqi7953,cnwstqi7954,cnwstqi7955,cnwstqi7956,cnwstqi7957,cnwstqi7958,cnwstqi7959,cnwstqi7960,cnwstqi7961,cnwstqi7962,cnwstqi7963,cnwstqi7964,cnwstqi7965,cnwstqi7966,cnwstqi7967,cnwstqi7968,cnwstqi7969,cnwstqi7970,cnwstqi7971,cnwstqi7972,cnwstqi7973,cnwstqi7974,cnwstqi7975,cnwstqi7976,cnwstqi7977,cnwstqi7978,cnwstqi7979,cnwstqi7980,cnwstqi7981,cnwstqi7982,cnwstqi7983,cnwstqi7984,cnwstqi7985,cnwstqi7986,cnwstqi7987,cnwstqi7988,cnwstqi7989,cnwstqi7990,cnwstqi7991,cnwstqi7992,cnwstqi7993,cnwstqi7994,cnwstqi7995,cnwstqi7996,cnwstqi7997,cnwstqi7998,cnwstqi7999,cnwstqi8000"
"cnwstq80","80","level3","笔画测试三级字表（1605字）80","笔画测试通用规范汉字表三级字表（1605字）80,汉字笔画测试80","cnwstqi8001,cnwstqi8002,cnwstqi8003,cnwstqi8004,cnwstqi8005,cnwstqi8006,cnwstqi8007,cnwstqi8008,cnwstqi8009,cnwstqi8010,cnwstqi8011,cnwstqi8012,cnwstqi8013,cnwstqi8014,cnwstqi8015,cnwstqi8016,cnwstqi8017,cnwstqi8018,cnwstqi8019,cnwstqi8020,cnwstqi8021,cnwstqi8022,cnwstqi8023,cnwstqi8024,cnwstqi8025,cnwstqi8026,cnwstqi8027,cnwstqi8028,cnwstqi8029,cnwstqi8030,cnwstqi8031,cnwstqi8032,cnwstqi8033,cnwstqi8034,cnwstqi8035,cnwstqi8036,cnwstqi8037,cnwstqi8038,cnwstqi8039,cnwstqi8040,cnwstqi8041,cnwstqi8042,cnwstqi8043,cnwstqi8044,cnwstqi8045,cnwstqi8046,cnwstqi8047,cnwstqi8048,cnwstqi8049,cnwstqi8050,cnwstqi8051,cnwstqi8052,cnwstqi8053,cnwstqi8054,cnwstqi8055,cnwstqi8056,cnwstqi8057,cnwstqi8058,cnwstqi8059,cnwstqi8060,cnwstqi8061,cnwstqi8062,cnwstqi8063,cnwstqi8064,cnwstqi8065,cnwstqi8066,cnwstqi8067,cnwstqi8068,cnwstqi8069,cnwstqi8070,cnwstqi8071,cnwstqi8072,cnwstqi8073,cnwstqi8074,cnwstqi8075,cnwstqi8076,cnwstqi8077,cnwstqi8078,cnwstqi8079,cnwstqi8080,cnwstqi8081,cnwstqi8082,cnwstqi8083,cnwstqi8084,cnwstqi8085,cnwstqi8086,cnwstqi8087,cnwstqi8088,cnwstqi8089,cnwstqi8090,cnwstqi8091,cnwstqi8092,cnwstqi8093,cnwstqi8094,cnwstqi8095,cnwstqi8096,cnwstqi8097,cnwstqi8098,cnwstqi8099,cnwstqi8100"
"cnwstq81","81","level3","笔画测试三级字表（1605字）81","笔画测试通用规范汉字表三级字表（1605字）81,汉字笔画测试81","cnwstqi8101,cnwstqi8102,cnwstqi8103,cnwstqi8104,cnwstqi8105"
