id,type,mchoice,ans,eword,title,desc,opa,opb
"cnwstqi0001","primary","N","B","一","一","一","X","一"
"cnwstqi0002","primary","N","B","乙","乙","乙","X","⺄"
"cnwstqi0003","primary","N","B","二","二","二","X","一 一"
"cnwstqi0004","primary","N","A","十","十","十","一 丨","X"
"cnwstqi0005","primary","N","A","丁","丁","丁","一 亅","X"
"cnwstqi0006","primary","N","B","厂","厂","厂","X","一 丿"
"cnwstqi0007","primary","N","B","七","七","七","X","一 乚"
"cnwstqi0008","primary","N","A","卜","卜","卜","丨 丶","X"
"cnwstqi0009","primary","N","B","八","八","八","X","丿 ㇏"
"cnwstqi0010","primary","N","A","人","人","人","丿 ㇏","X"
"cnwstqi0011","primary","N","B","入","入","入","X","丿 ㇏"
"cnwstqi0012","primary","N","B","儿","儿","儿","X","丿 乚"
"cnwstqi0013","primary","N","A","匕","匕","匕","丿 乚","X"
"cnwstqi0014","primary","N","A","几","几","几","丿 ⺄","X"
"cnwstqi0015","primary","N","B","九","九","九","X","丿 ⺄"
"cnwstqi0016","primary","N","B","刁","刁","刁","X","𠃌 ㇀"
"cnwstqi0017","primary","N","A","了","了","了","㇇ 亅","X"
"cnwstqi0018","primary","N","B","刀","刀","刀","X","𠃌 丿"
"cnwstqi0019","primary","N","B","力","力","力","X","𠃌 丿"
"cnwstqi0020","primary","N","B","乃","乃","乃","X","𠄎 丿"
"cnwstqi0021","primary","N","A","又","又","又","㇇ ㇏","X"
"cnwstqi0022","primary","N","A","三","三","三","一 一 一","X"
"cnwstqi0023","primary","N","A","干","干","干","一 一 丨","X"
"cnwstqi0024","primary","N","B","于","于","于","X","一 一 亅"
"cnwstqi0025","primary","N","A","亏","亏","亏","一 一 ㇉","X"
"cnwstqi0026","primary","N","B","工","工","工","X","一 丨 一"
"cnwstqi0027","primary","N","B","土","土","土","X","一 丨 一"
"cnwstqi0028","primary","N","A","士","士","士","一 丨 一","X"
"cnwstqi0029","primary","N","B","才","才","才","X","一 亅 丿"
"cnwstqi0030","primary","N","A","下","下","下","一 丨 丶","X"
"cnwstqi0031","primary","N","B","寸","寸","寸","X","一 亅 丶"
"cnwstqi0032","primary","N","A","大","大","大","一 丿 ㇏","X"
"cnwstqi0033","primary","N","B","丈","丈","丈","X","一 丿 ㇏"
"cnwstqi0034","primary","N","B","与","与","与","X","一 ㇉ 一"
"cnwstqi0035","primary","N","B","万","万","万","X","一 𠃌 丿"
"cnwstqi0036","primary","N","A","上","上","上","丨 一 一","X"
"cnwstqi0037","primary","N","B","小","小","小","X","亅 丿 丶"
"cnwstqi0038","primary","N","B","口","口","口","X","丨 𠃍 一"
"cnwstqi0039","primary","N","B","山","山","山","X","丨 ㇄ 丨"
"cnwstqi0040","primary","N","A","巾","巾","巾","丨 𠃌 丨","X"
"cnwstqi0041","primary","N","A","千","千","千","丿 一 丨","X"
"cnwstqi0042","primary","N","A","乞","乞","乞","丿 一 ⺄","X"
"cnwstqi0043","primary","N","B","川","川","川","X","丿 丨 丨"
"cnwstqi0044","primary","N","B","亿","亿","亿","X","丿 丨 ⺄"
"cnwstqi0045","primary","N","B","个","个","个","X","丿 ㇏ 丨"
"cnwstqi0046","primary","N","A","夕","夕","夕","丿 ㇇ 丶","X"
"cnwstqi0047","primary","N","A","久","久","久","丿 ㇇ ㇏","X"
"cnwstqi0048","primary","N","A","么","么","么","丿 𠃋 丶","X"
"cnwstqi0049","primary","N","A","勺","勺","勺","丿 𠃌 丶","X"
"cnwstqi0050","primary","N","A","凡","凡","凡","丿 ⺄ 丶","X"
"cnwstqi0051","primary","N","B","丸","丸","丸","X","丿 ⺄ 丶"
"cnwstqi0052","primary","N","B","及","及","及","X","丿 ㇋ ㇏"
"cnwstqi0053","primary","N","A","广","广","广","丶 一 丿","X"
"cnwstqi0054","primary","N","B","亡","亡","亡","X","丶 一 ㇄"
"cnwstqi0055","primary","N","B","门","门","门","X","丶 丨 𠃌"
"cnwstqi0056","primary","N","A","丫","丫","丫","丶 丿 丨","X"
"cnwstqi0057","primary","N","B","义","义","义","X","丶 丿 ㇏"
"cnwstqi0058","primary","N","A","之","之","之","丶 ㇇ ㇏","X"
"cnwstqi0059","primary","N","B","尸","尸","尸","X","𠃍 一 丿"
"cnwstqi0060","primary","N","A","己","己","己","𠃍 一 乚","X"
"cnwstqi0061","primary","N","A","已","已","已","𠃍 一 乚","X"
"cnwstqi0062","primary","N","B","巳","巳","巳","X","𠃍 一 乚"
"cnwstqi0063","primary","N","A","弓","弓","弓","𠃍 一 ㇉","X"
"cnwstqi0064","primary","N","A","子","子","子","乛 亅 一","X"
"cnwstqi0065","primary","N","A","卫","卫","卫","𠃌 丨 一","X"
"cnwstqi0066","primary","N","A","也","也","也","𠃌 丨 乚","X"
"cnwstqi0067","primary","N","A","女","女","女","𡿨 丿 一","X"
"cnwstqi0068","primary","N","A","刃","刃","刃","𠃌 丿 ㇀","X"
"cnwstqi0069","primary","N","B","飞","飞","飞","X","⺄ 丿 丶"
"cnwstqi0070","primary","N","B","习","习","习","X","𠃌 丶 ㇀"
"cnwstqi0071","primary","N","B","叉","叉","叉","X","㇇ ㇏ 丶"
"cnwstqi0072","primary","N","B","马","马","马","X","𠃍 ㇉ 一"
"cnwstqi0073","primary","N","B","乡","乡","乡","X","𠃋 𠃋 丿"
"cnwstqi0074","primary","N","B","丰","丰","丰","一 一 丨 一","一 一 一 丨"
"cnwstqi0075","primary","N","A","王","王","王","一 一 丨 一","一 一 一 丨"
"cnwstqi0076","primary","N","B","开","开","开","一 一 丨 丿","一 一 丿 丨"
"cnwstqi0077","primary","N","A","井","井","井","一 一 丿 丨","一 一 丨 丿"
"cnwstqi0078","primary","N","B","天","天","天","一 一 ㇏ 丿","一 一 丿 ㇏"
"cnwstqi0079","primary","N","B","夫","夫","夫","一 一 ㇏ 丿","一 一 丿 ㇏"
"cnwstqi0080","primary","N","B","元","元","元","一 一 乚 丿","一 一 丿 乚"
"cnwstqi0081","primary","N","B","无","无","无","一 一 乚 丿","一 一 丿 乚"
"cnwstqi0082","primary","N","A","云","云","云","一 一 𠃋 丶","一 一 丶 𠃋"
"cnwstqi0083","primary","N","B","专","专","专","一 一 丶 ㄣ","一 一 ㄣ 丶"
"cnwstqi0084","primary","N","A","丐","丐","丐","一 丨 一 ㇉","一 丨 ㇉ 一"
"cnwstqi0085","primary","N","B","扎","扎","扎","一 亅 乚 ㇀","一 亅 ㇀ 乚"
"cnwstqi0086","primary","N","A","艺","艺","艺","一 丨 丨 ⺄","一 丨 ⺄ 丨"
"cnwstqi0087","primary","N","B","木","木","木","一 丨 ㇏ 丿","一 丨 丿 ㇏"
"cnwstqi0088","primary","N","A","五","五","五","一 丨 𠃍 一","一 丨 一 𠃍"
"cnwstqi0089","primary","N","A","支","支","支","一 丨 ㇇ ㇏","一 丨 ㇏ ㇇"
"cnwstqi0090","primary","N","A","厅","厅","厅","一 丿 一 亅","一 丿 亅 一"
"cnwstqi0091","primary","N","B","不","不","不","一 丿 丶 丨","一 丿 丨 丶"
"cnwstqi0092","primary","N","A","犬","犬","犬","一 丿 ㇏ 丶","一 丿 丶 ㇏"
"cnwstqi0093","primary","N","B","太","太","太","一 丿 丶 ㇏","一 丿 ㇏ 丶"
"cnwstqi0094","primary","N","A","区","区","区","一 丿 丶 ㇄","一 丿 ㇄ 丶"
"cnwstqi0095","primary","N","A","历","历","历","一 丿 𠃌 丿","一 丿 丿 𠃌"
"cnwstqi0096","primary","N","A","歹","歹","歹","一 丿 ㇇ 丶","一 丿 丶 ㇇"
"cnwstqi0097","primary","N","A","友","友","友","一 丿 ㇇ ㇏","一 丿 ㇏ ㇇"
"cnwstqi0098","primary","N","A","尤","尤","尤","一 丿 乚 丶","一 丿 丶 乚"
"cnwstqi0099","primary","N","A","匹","匹","匹","一 丿 乚 ㇄","一 丿 ㇄ 乚"
"cnwstqi0100","primary","N","A","车","车","车","一 𠃋 一 丨","一 𠃋 丨 一"
"cnwstqi0101","primary","N","A","巨","巨","巨","一 𠃍 一 ㇄","一 𠃍 ㇄ 一"
"cnwstqi0102","primary","N","A","牙","牙","牙","一 𠃋 亅 丿","一 𠃋 丿 亅"
"cnwstqi0103","primary","N","A","屯","屯","屯","一 ㇄ 丨 乚","一 ㇄ 乚 丨"
"cnwstqi0104","primary","N","A","戈","戈","戈","一 ㇂ 丿 丶","一 ㇂ 丶 丿"
"cnwstqi0105","primary","N","A","比","比","比","一 𠄌 丿 乚","一 𠄌 乚 丿"
"cnwstqi0106","primary","N","B","互","互","互","一 𠃋 一 ㇇","一 𠃋 ㇇ 一"
"cnwstqi0107","primary","N","B","切","切","切","一 𠄌 丿 𠃌","一 𠄌 𠃌 丿"
"cnwstqi0108","primary","N","B","瓦","瓦","瓦","一 𠄌 丶 ⺄","一 𠄌 ⺄ 丶"
"cnwstqi0109","primary","N","B","止","止","止","丨 一 一 丨","丨 一 丨 一"
"cnwstqi0110","primary","N","B","少","少","少","丨 丿 丿 丶","丨 丿 丶 丿"
"cnwstqi0111","primary","N","B","曰","曰","曰","X","丨 𠃍 一 一"
"cnwstqi0112","primary","N","B","日","日","日","X","丨 𠃍 一 一"
"cnwstqi0113","primary","N","A","中","中","中","丨 𠃍 一 丨","丨 𠃍 丨 一"
"cnwstqi0114","primary","N","B","贝","贝","贝","丨 𠃍 丶 丿","丨 𠃍 丿 丶"
"cnwstqi0115","primary","N","A","冈","冈","冈","丨 𠃌 丿 丶","丨 𠃌 丶 丿"
"cnwstqi0116","primary","N","B","内","内","内","丨 𠃌 丶 丿","丨 𠃌 丿 丶"
"cnwstqi0117","primary","N","A","水","水","水","亅 ㇇ 丿 ㇏","亅 ㇇ ㇏ 丿"
"cnwstqi0118","primary","N","B","见","见","见","X","丨 𠃍 丿 乚"
"cnwstqi0119","primary","N","B","午","午","午","丿 一 丨 一","丿 一 一 丨"
"cnwstqi0120","primary","N","B","牛","牛","牛","丿 一 丨 一","丿 一 一 丨"
"cnwstqi0121","primary","N","A","手","手","手","丿 一 一 亅","丿 一 亅 一"
"cnwstqi0122","primary","N","B","气","气","气","丿 一 ⺄ 一","丿 一 一 ⺄"
"cnwstqi0123","primary","N","A","毛","毛","毛","丿 一 一 乚","丿 一 乚 一"
"cnwstqi0124","primary","N","A","壬","壬","壬","丿 一 丨 一","丿 一 一 丨"
"cnwstqi0125","primary","N","A","升","升","升","丿 一 丿 丨","丿 一 丨 丿"
"cnwstqi0126","primary","N","B","夭","夭","夭","丿 一 ㇏ 丿","丿 一 丿 ㇏"
"cnwstqi0127","primary","N","B","长","长","长","丿 一 ㇏ 𠄌","丿 一 𠄌 ㇏"
"cnwstqi0128","primary","N","A","仁","仁","仁","丿 丨 一 一","X"
"cnwstqi0129","primary","N","B","什","什","什","丿 丨 丨 一","丿 丨 一 丨"
"cnwstqi0130","primary","N","B","片","片","片","丿 丨 𠃍 一","丿 丨 一 𠃍"
"cnwstqi0131","primary","N","A","仆","仆","仆","丿 丨 丨 丶","丿 丨 丶 丨"
"cnwstqi0132","primary","N","B","化","化","化","丿 丨 乚 丿","丿 丨 丿 乚"
"cnwstqi0133","primary","N","A","仇","仇","仇","丿 丨 丿 ⺄","丿 丨 ⺄ 丿"
"cnwstqi0134","primary","N","B","币","币","币","丿 丨 丨 𠃌","丿 丨 𠃌 丨"
"cnwstqi0135","primary","N","B","仍","仍","仍","丿 丨 丿 𠄎","丿 丨 𠄎 丿"
"cnwstqi0136","primary","N","B","仅","仅","仅","丿 丨 ㇏ ㇇","丿 丨 ㇇ ㇏"
"cnwstqi0137","primary","N","A","斤","斤","斤","丿 丿 一 丨","丿 丿 丨 一"
"cnwstqi0138","primary","N","A","爪","爪","爪","丿 丿 丨 ㇏","X"
"cnwstqi0139","primary","N","B","反","反","反","丿 丿 ㇏ ㇇","丿 丿 ㇇ ㇏"
"cnwstqi0140","primary","N","A","介","介","介","丿 ㇏ 丿 丨","丿 ㇏ 丨 丿"
"cnwstqi0141","primary","N","A","父","父","父","丿 丶 丿 ㇏","丿 丶 ㇏ 丿"
"cnwstqi0142","primary","N","A","从","从","从","丿 丶 丿 ㇏","丿 丶 ㇏ 丿"
"cnwstqi0143","primary","N","A","仑","仑","仑","丿 ㇏ 丿 乚","丿 ㇏ 乚 丿"
"cnwstqi0144","primary","N","B","今","今","今","丿 ㇏ ㇇ 丶","丿 ㇏ 丶 ㇇"
"cnwstqi0145","primary","N","A","凶","凶","凶","丿 丶 ㇄ 丨","丿 丶 丨 ㇄"
"cnwstqi0146","primary","N","B","分","分","分","丿 ㇏ 丿 𠃌","丿 ㇏ 𠃌 丿"
"cnwstqi0147","primary","N","B","乏","乏","乏","丿 丶 ㇏ ㇇","丿 丶 ㇇ ㇏"
"cnwstqi0148","primary","N","B","公","公","公","丿 ㇏ 丶 𠃋","丿 ㇏ 𠃋 丶"
"cnwstqi0149","primary","N","B","仓","仓","仓","丿 ㇏ 乚 𠃌","丿 ㇏ 𠃌 乚"
"cnwstqi0150","primary","N","A","月","月","月","丿 𠃌 一 一","X"
"cnwstqi0151","primary","N","B","氏","氏","氏","丿 𠄌 ㇂ 一","丿 𠄌 一 ㇂"
"cnwstqi0152","primary","N","A","勿","勿","勿","丿 𠃌 丿 丿","X"
"cnwstqi0153","primary","N","B","欠","欠","欠","丿 ㇇ ㇏ 丿","丿 ㇇ 丿 ㇏"
"cnwstqi0154","primary","N","A","风","风","风","丿 ⺄ 丿 丶","丿 ⺄ 丶 丿"
"cnwstqi0155","primary","N","A","丹","丹","丹","丿 𠃌 丶 一","丿 𠃌 一 丶"
"cnwstqi0156","primary","N","A","匀","匀","匀","丿 𠃌 丶 ㇀","丿 𠃌 ㇀ 丶"
"cnwstqi0157","primary","N","B","乌","乌","乌","丿 𠃌 一 ㇉","丿 𠃌 ㇉ 一"
"cnwstqi0158","primary","N","B","勾","勾","勾","丿 𠃌 丶 𠃋","丿 𠃌 𠃋 丶"
"cnwstqi0159","primary","N","B","凤","凤","凤","丿 ⺄ 丶 ㇇","丿 ⺄ ㇇ 丶"
"cnwstqi0160","primary","N","A","六","六","六","丶 一 丿 丶","丶 一 丶 丿"
"cnwstqi0161","primary","N","B","文","文","文","丶 一 ㇏ 丿","丶 一 丿 ㇏"
"cnwstqi0162","primary","N","A","亢","亢","亢","丶 一 丿 ⺄","丶 一 ⺄ 丿"
"cnwstqi0163","primary","N","B","方","方","方","丶 一 丿 𠃌","丶 一 𠃌 丿"
"cnwstqi0164","primary","N","A","火","火","火","㇀ 丿 丿 ㇏","㇀ 丿 ㇏ 丿"
"cnwstqi0165","primary","N","A","为","为","为","丶 丿 𠃌 丶","丶 丿 丶 𠃌"
"cnwstqi0166","primary","N","B","斗","斗","斗","丶 丶 丨 一","丶 丶 一 丨"
"cnwstqi0167","primary","N","B","忆","忆","忆","㇀ 丶 ⺄ 丨","㇀ 丶 丨 ⺄"
"cnwstqi0168","primary","N","A","计","计","计","丶 ㇊ 一 丨","丶 ㇊ 丨 一"
"cnwstqi0169","primary","N","B","订","订","订","丶 ㇊ 亅 一","丶 ㇊ 一 亅"
"cnwstqi0170","primary","N","A","户","户","户","丶 𠃍 一 丿","丶 𠃍 丿 一"
"cnwstqi0171","primary","N","B","认","认","认","丶 ㇊ ㇏ 丿","丶 ㇊ 丿 ㇏"
"cnwstqi0172","primary","N","A","冗","冗","冗","㇀ 乛 丿 ⺄","㇀ 乛 ⺄ 丿"
"cnwstqi0173","primary","N","A","讥","讥","讥","丶 ㇊ 丿 ⺄","丶 ㇊ ⺄ 丿"
"cnwstqi0174","primary","N","B","心","心","心","X","㇀ ㇃ 丶 丶"
"cnwstqi0175","primary","N","A","尺","尺","尺","𠃍 一 丿 ㇏","𠃍 一 ㇏ 丿"
"cnwstqi0176","primary","N","B","引","引","引","𠃍 一 丨 ㇉","𠃍 一 ㇉ 丨"
"cnwstqi0177","primary","N","A","丑","丑","丑","𠃍 丨 一 一","X"
"cnwstqi0178","primary","N","A","巴","巴","巴","𠃍 丨 一 乚","𠃍 丨 乚 一"
"cnwstqi0179","primary","N","B","孔","孔","孔","乛 亅 乚 ㇀","乛 亅 ㇀ 乚"
"cnwstqi0180","primary","N","B","队","队","队","㇌ 丨 ㇏ 丿","㇌ 丨 丿 ㇏"
"cnwstqi0181","primary","N","A","办","办","办","𠃌 丿 ㇀ 丶","𠃌 丿 丶 ㇀"
"cnwstqi0182","primary","N","B","以","以","以","𠄌 丶 丶 丿","𠄌 丶 丿 丶"
"cnwstqi0183","primary","N","B","允","允","允","𠃋 丶 乚 丿","𠃋 丶 丿 乚"
"cnwstqi0184","primary","N","A","予","予","予","乛 丶 乛 亅","乛 丶 亅 乛"
"cnwstqi0185","primary","N","A","邓","邓","邓","㇇ 丶 ㇌ 丨","㇇ 丶 丨 ㇌"
"cnwstqi0186","primary","N","A","劝","劝","劝","㇇ 丶 𠃌 丿","㇇ 丶 丿 𠃌"
"cnwstqi0187","primary","N","A","双","双","双","㇇ 丶 ㇇ ㇏","㇇ 丶 ㇏ ㇇"
"cnwstqi0188","primary","N","B","书","书","书","𠃍 𠃌 丶 丨","𠃍 𠃌 丨 丶"
"cnwstqi0189","primary","N","B","幻","幻","幻","𠃋 𠃋 𠃌 丶","𠃋 𠃋 丶 𠃌"
"cnwstqi0190","primary","N","B","玉","玉","玉","一 一 丶 一 丨","一 一 丨 一 丶"
"cnwstqi0191","primary","N","A","刊","刊","刊","一 一 丨 丨 亅","一 一 亅 丨 丨"
"cnwstqi0192","primary","N","B","未","未","未","一 一 丨 ㇏ 丿","一 一 丨 丿 ㇏"
"cnwstqi0193","primary","N","B","末","末","末","一 一 丿 ㇏ 丨","一 一 丨 丿 ㇏"
"cnwstqi0194","primary","N","A","示","示","示","一 一 亅 丿 丶","一 一 丶 亅 丿"
"cnwstqi0195","primary","N","B","击","击","击","一 一 ㇄ 丨 丨","一 一 丨 ㇄ 丨"
"cnwstqi0196","primary","N","B","打","打","打","一 亅 亅 一 ㇀","一 亅 ㇀ 一 亅"
"cnwstqi0197","primary","N","A","巧","巧","巧","一 丨 ㇀ 一 ㇉","一 丨 一 ㇉ ㇀"
"cnwstqi0198","primary","N","B","正","正","正","一 丨 丨 一 一","一 丨 一 丨 一"
"cnwstqi0199","primary","N","A","扑","扑","扑","一 亅 ㇀ 丨 丶","一 亅 丨 丶 ㇀"
"cnwstqi0200","primary","N","B","卉","卉","卉","一 丨 丿 丨 一","一 丨 一 丿 丨"
"cnwstqi0201","primary","N","A","扒","扒","扒","一 亅 ㇀ 丿 ㇏","一 亅 丿 ㇀ ㇏"
"cnwstqi0202","primary","N","B","功","功","功","一 丨 𠃌 丿 ㇀","一 丨 ㇀ 𠃌 丿"
"cnwstqi0203","primary","N","B","扔","扔","扔","一 亅 𠄎 丿 ㇀","一 亅 ㇀ 𠄎 丿"
"cnwstqi0204","primary","N","B","去","去","去","一 丨 一 丶 𠃋","一 丨 一 𠃋 丶"
"cnwstqi0205","primary","N","B","甘","甘","甘","一 丨 一 一 丨","一 丨 丨 一 一"
"cnwstqi0206","primary","N","A","世","世","世","一 丨 丨 一 ㇄","一 丨 丨 ㇄ 一"
"cnwstqi0207","primary","N","B","艾","艾","艾","一 丨 丿 ㇏ 丨","一 丨 丨 丿 ㇏"
"cnwstqi0208","primary","N","A","古","古","古","一 丨 丨 𠃍 一","一 丨 𠃍 丨 一"
"cnwstqi0209","primary","N","B","节","节","节","一 丨 𠃌 丨 丨","一 丨 丨 𠃌 丨"
"cnwstqi0210","primary","N","B","本","本","本","一 丨 一 ㇏ 丿","一 丨 丿 ㇏ 一"
"cnwstqi0211","primary","N","B","术","术","术","一 丨 丿 丶 ㇏","一 丨 丿 ㇏ 丶"
"cnwstqi0212","primary","N","B","可","可","可","一 丨 𠃍 亅 一","一 丨 𠃍 一 亅"
"cnwstqi0213","primary","N","A","丙","丙","丙","一 丨 𠃌 丿 丶","一 丨 丿 丶 𠃌"
"cnwstqi0214","primary","N","A","左","左","左","一 丿 一 丨 一","一 丿 丨 一 一"
"cnwstqi0215","primary","N","B","厉","厉","厉","一 丿 一 丿 𠃌","一 丿 一 𠃌 丿"
"cnwstqi0216","primary","N","B","石","石","石","一 丿 丨 一 𠃍","一 丿 丨 𠃍 一"
"cnwstqi0217","primary","N","B","右","右","右","一 丿 一 丨 𠃍","一 丿 丨 𠃍 一"
"cnwstqi0218","primary","N","A","布","布","布","一 丿 丨 𠃌 丨","一 丿 𠃌 丨 丨"
"cnwstqi0219","primary","N","A","夯","夯","夯","一 丿 ㇏ 𠃌 丿","一 丿 丿 ㇏ 𠃌"
"cnwstqi0220","primary","N","A","戊","戊","戊","一 丿 ㇂ 丿 丶","一 丿 丶 ㇂ 丿"
"cnwstqi0221","primary","N","A","龙","龙","龙","一 丿 乚 丿 丶","一 丿 丶 乚 丿"
"cnwstqi0222","primary","N","A","平","平","平","一 丶 丿 一 丨","一 丶 一 丨 丿"
"cnwstqi0223","primary","N","B","灭","灭","灭","一 ㇀ ㇏ 丿 丿","一 ㇀ 丿 丿 ㇏"
"cnwstqi0224","primary","N","B","轧","轧","轧","一 𠃋 ㇀ 丨 乚","一 𠃋 丨 ㇀ 乚"
"cnwstqi0225","primary","N","A","东","东","东","一 𠃋 亅 丿 丶","一 𠃋 丶 丿 亅"
"cnwstqi0226","primary","N","B","卡","卡","卡","丨 一 丨 丶 一","丨 一 一 丨 丶"
"cnwstqi0227","primary","N","A","北","北","北","丨 一 ㇀ 丿 乚","丨 一 乚 ㇀ 丿"
"cnwstqi0228","primary","N","B","占","占","占","丨 一 一 𠃍 丨","丨 一 丨 𠃍 一"
"cnwstqi0229","primary","N","B","凸","凸","凸","丨 一 一 ㇎ 丨","丨 一 丨 ㇎ 一"
"cnwstqi0230","primary","N","A","卢","卢","卢","丨 一 𠃍 一 丿","丨 一 丿 一 𠃍"
"cnwstqi0231","primary","N","B","业","业","业","丨 丨 一 丶 丿","丨 丨 丶 丿 一"
"cnwstqi0232","primary","N","A","旧","旧","旧","丨 丨 𠃍 一 一","丨 丨 一 𠃍 一"
"cnwstqi0233","primary","N","A","帅","帅","帅","丨 丿 丨 𠃌 丨","丨 丿 丨 丨 𠃌"
"cnwstqi0234","primary","N","A","归","归","归","丨 丿 𠃍 一 一","丨 丿 一 𠃍 一"
"cnwstqi0235","primary","N","B","旦","旦","旦","X","丨 𠃍 一 一 一"
"cnwstqi0236","primary","N","A","目","目","目","丨 𠃍 一 一 一","X"
"cnwstqi0237","primary","N","B","且","且","且","X","丨 𠃍 一 一 一"
"cnwstqi0238","primary","N","A","叶","叶","叶","丨 𠃍 一 一 丨","丨 𠃍 丨 一 一"
"cnwstqi0239","primary","N","B","甲","甲","甲","丨 𠃍 丨 一 一","丨 𠃍 一 一 丨"
"cnwstqi0240","primary","N","B","申","申","申","丨 𠃍 丨 一 一","丨 𠃍 一 一 丨"
"cnwstqi0241","primary","N","B","叮","叮","叮","丨 𠃍 亅 一 一","丨 𠃍 一 一 亅"
"cnwstqi0242","primary","N","A","电","电","电","丨 𠃍 一 一 乚","丨 𠃍 一 乚 一"
"cnwstqi0243","primary","N","B","号","号","号","丨 𠃍 ㇉ 一 一","丨 𠃍 一 一 ㇉"
"cnwstqi0244","primary","N","B","田","田","田","丨 𠃍 一 一 丨","丨 𠃍 一 丨 一"
"cnwstqi0245","primary","N","A","由","由","由","丨 𠃍 一 丨 一","丨 𠃍 丨 一 一"
"cnwstqi0246","primary","N","A","只","只","只","丨 𠃍 一 丿 丶","丨 𠃍 丿 丶 一"
"cnwstqi0247","primary","N","B","叭","叭","叭","丨 𠃍 丿 一 ㇏","丨 𠃍 一 丿 ㇏"
"cnwstqi0248","primary","N","A","史","史","史","丨 𠃍 一 丿 ㇏","丨 𠃍 丿 ㇏ 一"
"cnwstqi0249","primary","N","A","央","央","央","丨 𠃍 一 丿 ㇏","丨 𠃍 一 ㇏ 丿"
"cnwstqi0250","primary","N","A","兄","兄","兄","丨 𠃍 一 丿 乚","丨 𠃍 乚 丿 一"
"cnwstqi0251","primary","N","B","叽","叽","叽","丨 𠃍 丿 一 ⺄","丨 𠃍 一 丿 ⺄"
"cnwstqi0252","primary","N","A","叼","叼","叼","丨 𠃍 一 𠃌 ㇀","丨 𠃍 𠃌 ㇀ 一"
"cnwstqi0253","primary","N","A","叫","叫","叫","丨 𠃍 一 𠄌 丨","丨 𠃍 一 丨 𠄌"
"cnwstqi0254","primary","N","B","叩","叩","叩","丨 𠃍 𠃌 一 丨","丨 𠃍 一 𠃌 丨"
"cnwstqi0255","primary","N","B","叨","叨","叨","丨 𠃍 丿 𠃌 一","丨 𠃍 一 𠃌 丿"
"cnwstqi0256","primary","N","A","另","另","另","丨 𠃍 一 𠃌 丿","丨 𠃍 𠃌 丿 一"
"cnwstqi0257","primary","N","B","叹","叹","叹","丨 𠃍 一 ㇏ ㇇","丨 𠃍 一 ㇇ ㇏"
"cnwstqi0258","primary","N","B","冉","冉","冉","丨 𠃌 一 一 丨","丨 𠃌 丨 一 一"
"cnwstqi0259","primary","N","A","皿","皿","皿","丨 𠃍 丨 丨 一","丨 𠃍 一 丨 丨"
"cnwstqi0260","primary","N","A","凹","凹","凹","丨 ㇅ 丨 𠃍 一","丨 ㇅ 𠃍 丨 一"
"cnwstqi0261","primary","N","B","囚","囚","囚","丨 𠃍 丿 一 丶","丨 𠃍 丿 丶 一"
"cnwstqi0262","primary","N","A","四","四","四","丨 𠃍 丿 ㇄ 一","丨 𠃍 一 ㇄ 丿"
"cnwstqi0263","primary","N","B","生","生","生","丿 一 一 一 丨","丿 一 一 丨 一"
"cnwstqi0264","primary","N","B","矢","矢","矢","丿 一 丿 ㇏ 一","丿 一 一 丿 ㇏"
"cnwstqi0265","primary","N","B","失","失","失","丿 一 ㇏ 丿 一","丿 一 一 丿 ㇏"
"cnwstqi0266","primary","N","B","乍","乍","乍","丿 一 一 丨 一","丿 一 丨 一 一"
"cnwstqi0267","primary","N","B","禾","禾","禾","丿 一 ㇏ 丿 丨","丿 一 丨 丿 ㇏"
"cnwstqi0268","primary","N","A","丘","丘","丘","丿 丨 一 丨 一","丿 丨 丨 一 一"
"cnwstqi0269","primary","N","A","付","付","付","丿 丨 一 亅 丶","丿 丨 丶 一 亅"
"cnwstqi0270","primary","N","B","仗","仗","仗","丿 丨 丿 ㇏ 一","丿 丨 一 丿 ㇏"
"cnwstqi0271","primary","N","A","代","代","代","丿 丨 一 ㇂ 丶","丿 丨 丶 ㇂ 一"
"cnwstqi0272","primary","N","A","仙","仙","仙","丿 丨 丨 ㇄ 丨","丿 丨 ㇄ 丨 丨"
"cnwstqi0273","primary","N","B","们","们","们","丿 丨 丨 丶 𠃌","丿 丨 丶 丨 𠃌"
"cnwstqi0274","primary","N","A","仪","仪","仪","丿 丨 丶 丿 ㇏","丿 丨 丿 ㇏ 丶"
"cnwstqi0275","primary","N","A","白","白","白","丿 丨 𠃍 一 一","丿 丨 一 𠃍 一"
"cnwstqi0276","primary","N","A","仔","仔","仔","丿 丨 乛 亅 一","丿 丨 一 亅 乛"
"cnwstqi0277","primary","N","B","他","他","他","丿 丨 乚 丨 𠃌","丿 丨 𠃌 丨 乚"
"cnwstqi0278","primary","N","A","斥","斥","斥","丿 丿 一 丨 丶","丿 丿 丨 一 丶"
"cnwstqi0279","primary","N","A","瓜","瓜","瓜","丿 丿 𠄌 丶 ㇏","丿 丿 𠄌 ㇏ 丶"
"cnwstqi0280","primary","N","A","乎","乎","乎","丿 丶 丿 一 亅","丿 丶 亅 一 丿"
"cnwstqi0281","primary","N","B","丛","丛","丛","丿 丶 ㇏ 一 丿","丿 丶 丿 ㇏ 一"
"cnwstqi0282","primary","N","A","令","令","令","丿 ㇏ 丶 乛 丶","丿 ㇏ 丶 丶 乛"
"cnwstqi0283","primary","N","B","用","用","用","丿 𠃌 丨 一 一","丿 𠃌 一 一 丨"
"cnwstqi0284","primary","N","B","甩","甩","甩","丿 𠃌 一 乚 一","丿 𠃌 一 一 乚"
"cnwstqi0285","primary","N","A","印","印","印","丿 𠄌 一 𠃌 丨","丿 𠄌 丨 𠃌 一"
"cnwstqi0286","primary","N","B","尔","尔","尔","丿 乛 丿 丶 亅","丿 乛 亅 丿 丶"
"cnwstqi0287","primary","N","A","乐","乐","乐","丿 ㇄ 亅 丿 丶","丿 ㇄ 丶 亅 丿"
"cnwstqi0288","primary","N","B","句","句","句","丿 𠃌 一 𠃍 丨","丿 𠃌 丨 𠃍 一"
"cnwstqi0289","primary","N","A","匆","匆","匆","丿 𠃌 丿 丿 丶","丿 𠃌 丿 丶 丿"
"cnwstqi0290","primary","N","B","册","册","册","丿 𠃌 𠃌 一 丿","丿 𠃌 丿 𠃌 一"
"cnwstqi0291","primary","N","B","卯","卯","卯","丿 𠄌 丿 丨 𠃌","丿 𠄌 丿 𠃌 丨"
"cnwstqi0292","primary","N","A","犯","犯","犯","丿 ㇁ 丿 𠃌 乚","丿 ㇁ 乚 𠃌 丿"
"cnwstqi0293","primary","N","A","外","外","外","丿 ㇇ 丶 丨 丶","丿 ㇇ 丶 丶 丨"
"cnwstqi0294","primary","N","B","处","处","处","丿 ㇇ 丶 ㇏ 丨","丿 ㇇ ㇏ 丨 丶"
"cnwstqi0295","primary","N","B","冬","冬","冬","丿 ㇇ 丶 丶 ㇏","丿 ㇇ ㇏ 丶 丶"
"cnwstqi0296","primary","N","A","鸟","鸟","鸟","丿 𠃌 丶 ㇉ 一","丿 𠃌 一 ㇉ 丶"
"cnwstqi0297","primary","N","A","务","务","务","丿 ㇇ ㇏ 𠃌 丿","丿 ㇇ 丿 ㇏ 𠃌"
"cnwstqi0298","primary","N","B","包","包","包","丿 𠃌 乚 𠃍 一","丿 𠃌 𠃍 一 乚"
"cnwstqi0299","primary","N","B","饥","饥","饥","丿 乛 丿 𠄌 ⺄","丿 乛 𠄌 丿 ⺄"
"cnwstqi0300","primary","N","A","主","主","主","丶 一 一 丨 一","丶 一 一 一 丨"
"cnwstqi0301","primary","N","B","市","市","市","丶 一 丨 丨 𠃌","丶 一 丨 𠃌 丨"
"cnwstqi0302","primary","N","B","立","立","立","丶 一 丶 一 丿","丶 一 丶 丿 一"
"cnwstqi0303","primary","N","B","冯","冯","冯","丶 ㇀ ㇉ 一 𠃍","丶 ㇀ 𠃍 ㇉ 一"
"cnwstqi0304","primary","N","B","玄","玄","玄","丶 一 𠃋 丶 𠃋","丶 一 𠃋 𠃋 丶"
"cnwstqi0305","primary","N","A","闪","闪","闪","丶 丨 𠃌 丿 丶","丶 丨 丶 丿 𠃌"
"cnwstqi0306","primary","N","A","兰","兰","兰","丶 丿 一 一 一","X"
"cnwstqi0307","primary","N","B","半","半","半","丶 丿 丨 一 一","丶 丿 一 一 丨"
"cnwstqi0308","primary","N","B","汁","汁","汁","丶 丶 丨 ㇀ 一","丶 丶 ㇀ 一 丨"
"cnwstqi0309","primary","N","A","汇","汇","汇","丶 丶 ㇀ 一 ㇄","丶 丶 ㇄ ㇀ 一"
"cnwstqi0310","primary","N","A","头","头","头","丶 丶 一 丿 丶","丶 丶 一 丶 丿"
"cnwstqi0311","primary","N","A","汉","汉","汉","丶 丶 ㇀ ㇇ ㇏","丶 丶 ㇀ ㇏ ㇇"
"cnwstqi0312","primary","N","B","宁","宁","宁","丶 ㇀ 一 乛 亅","丶 ㇀ 乛 一 亅"
"cnwstqi0313","primary","N","A","穴","穴","穴","丶 ㇀ 乛 丿 ㇏","丶 ㇀ ㇏ 丿 乛"
"cnwstqi0314","primary","N","A","它","它","它","丶 ㇀ 乛 丿 乚","丶 ㇀ 乛 乚 丿"
"cnwstqi0315","primary","N","B","讨","讨","讨","丶 ㇊ 丶 一 亅","丶 ㇊ 一 亅 丶"
"cnwstqi0316","primary","N","A","写","写","写","㇀ 乛 一 ㇉ 一","㇀ 乛 一 一 ㇉"
"cnwstqi0317","primary","N","A","让","让","让","丶 ㇊ 丨 一 一","丶 ㇊ 一 丨 一"
"cnwstqi0318","primary","N","B","礼","礼","礼","丶 ㇇ 乚 丨 丶","丶 ㇇ 丨 丶 乚"
"cnwstqi0319","primary","N","A","训","训","训","丶 ㇊ 丿 丨 丨","丶 ㇊ 丨 丿 丨"
"cnwstqi0320","primary","N","B","议","议","议","丶 ㇊ 丿 ㇏ 丶","丶 ㇊ 丶 丿 ㇏"
"cnwstqi0321","primary","N","A","必","必","必","㇀ ㇃ 丶 丿 丶","㇀ ㇃ 丿 丶 丶"
"cnwstqi0322","primary","N","A","讯","讯","讯","丶 ㇊ ⺄ 一 丨","丶 ㇊ 丨 一 ⺄"
"cnwstqi0323","primary","N","A","记","记","记","丶 ㇊ 𠃍 一 乚","丶 ㇊ 乚 𠃍 一"
"cnwstqi0324","primary","N","A","永","永","永","丶 𠃌 ㇇ 丿 ㇏","丶 𠃌 ㇏ ㇇ 丿"
"cnwstqi0325","primary","N","B","司","司","司","𠃌 一 𠃍 一 丨","𠃌 一 丨 𠃍 一"
"cnwstqi0326","primary","N","B","尼","尼","尼","𠃍 一 丿 乚 丿","𠃍 一 丿 丿 乚"
"cnwstqi0327","primary","N","A","民","民","民","𠃍 一 𠄌 一 ㇂","𠃍 一 一 𠄌 ㇂"
"cnwstqi0328","primary","N","B","弗","弗","弗","𠃍 一 丿 ㇉ 丨","𠃍 一 ㇉ 丿 丨"
"cnwstqi0329","primary","N","A","弘","弘","弘","𠃍 一 ㇉ 𠃋 丶","𠃍 一 ㇉ 丶 𠃋"
"cnwstqi0330","primary","N","B","出","出","出","㇄ 丨 丨 丨 ㇄","㇄ 丨 丨 ㇄ 丨"
"cnwstqi0331","primary","N","B","辽","辽","辽","乛 亅 丶 ㇏ ㇋","乛 亅 丶 ㇋ ㇏"
"cnwstqi0332","primary","N","B","奶","奶","奶","𡿨 丿 丿 𠄎 一","𡿨 丿 一 𠄎 丿"
"cnwstqi0333","primary","N","B","奴","奴","奴","𡿨 丿 ㇇ 一 ㇏","𡿨 丿 一 ㇇ ㇏"
"cnwstqi0334","primary","N","B","召","召","召","𠃌 丿 一 𠃍 丨","𠃌 丿 丨 𠃍 一"
"cnwstqi0335","primary","N","A","加","加","加","𠃌 丿 丨 𠃍 一","𠃌 丿 𠃍 一 丨"
"cnwstqi0336","primary","N","A","皮","皮","皮","乛 丿 丨 ㇇ ㇏","乛 丿 ㇏ ㇇ 丨"
"cnwstqi0337","primary","N","A","边","边","边","𠃌 丿 丶 ㇋ ㇏","𠃌 丿 ㇋ 丶 ㇏"
"cnwstqi0338","primary","N","B","孕","孕","孕","𠄎 丿 一 亅 乛","𠄎 丿 乛 亅 一"
"cnwstqi0339","primary","N","A","发","发","发","𠃋 丿 ㇇ ㇏ 丶","𠃋 丿 ㇏ ㇇ 丶"
"cnwstqi0340","primary","N","A","圣","圣","圣","㇇ ㇏ 一 丨 一","㇇ ㇏ 一 一 丨"
"cnwstqi0341","primary","N","A","对","对","对","㇇ 丶 一 亅 丶","㇇ 丶 丶 亅 一"
"cnwstqi0342","primary","N","A","台","台","台","𠃋 丶 丨 𠃍 一","𠃋 丶 𠃍 丨 一"
"cnwstqi0343","primary","N","A","矛","矛","矛","㇇ 丶 乛 亅 丿","㇇ 丶 亅 乛 丿"
"cnwstqi0344","primary","N","B","纠","纠","纠","𠃋 𠃋 𠄌 丨 ㇀","𠃋 𠃋 ㇀ 𠄌 丨"
"cnwstqi0345","primary","N","A","母","母","母","㇄ 𠃌 丶 一 丶","㇄ 𠃌 一 丶 丶"
"cnwstqi0346","primary","N","A","幼","幼","幼","𠃋 𠃋 丶 𠃌 丿","𠃋 𠃋 丿 𠃌 丶"
"cnwstqi0347","primary","N","B","丝","丝","丝","𠃋 𠃋 一 𠃋 𠃋","𠃋 𠃋 𠃋 𠃋 一"
"cnwstqi0348","primary","N","A","邦","邦","邦","一 一 一 丿 ㇌ 丨","一 一 ㇌ 丿 丨 一"
"cnwstqi0349","primary","N","B","式","式","式","一 一 丶 丨 ㇀ ㇂","一 一 丨 ㇀ ㇂ 丶"
"cnwstqi0350","primary","N","A","迂","迂","迂","一 一 亅 丶 ㇋ ㇏","一 一 丶 ㇋ ㇏ 亅"
"cnwstqi0351","primary","N","B","刑","刑","刑","一 一 丿 亅 丨 丨","一 一 丿 丨 丨 亅"
"cnwstqi0352","primary","N","A","戎","戎","戎","一 一 丿 ㇂ 丿 丶","一 一 丿 丿 丶 ㇂"
"cnwstqi0353","primary","N","B","动","动","动","一 一 𠃋 𠃌 丶 丿","一 一 𠃋 丶 𠃌 丿"
"cnwstqi0354","primary","N","B","扛","扛","扛","一 亅 丨 一 ㇀ 一","一 亅 ㇀ 一 丨 一"
"cnwstqi0355","primary","N","A","寺","寺","寺","一 丨 一 一 亅 丶","一 丨 一 丶 亅 一"
"cnwstqi0356","primary","N","A","吉","吉","吉","一 丨 一 丨 𠃍 一","一 丨 𠃍 一 丨 一"
"cnwstqi0357","primary","N","B","扣","扣","扣","一 亅 丨 一 ㇀ 𠃍","一 亅 ㇀ 丨 𠃍 一"
"cnwstqi0358","primary","N","A","考","考","考","一 丨 一 丿 一 ㇉","一 丨 丿 ㇉ 一 一"
"cnwstqi0359","primary","N","A","托","托","托","一 亅 ㇀ 丿 一 乚","一 亅 乚 丿 ㇀ 一"
"cnwstqi0360","primary","N","B","老","老","老","一 丨 乚 丿 一 丿","一 丨 一 丿 丿 乚"
"cnwstqi0361","primary","N","A","巩","巩","巩","一 丨 ㇀ 丿 ⺄ 丶","一 丨 丿 ㇀ ⺄ 丶"
"cnwstqi0362","primary","N","B","圾","圾","圾","一 丨 ㇏ 丿 ㇀ ㇋","一 丨 ㇀ 丿 ㇋ ㇏"
"cnwstqi0363","primary","N","A","执","执","执","一 亅 ㇀ 丿 ⺄ 丶","一 亅 ⺄ ㇀ 丿 丶"
"cnwstqi0364","primary","N","A","扩","扩","扩","一 亅 ㇀ 丶 一 丿","一 亅 一 ㇀ 丶 丿"
"cnwstqi0365","primary","N","A","扫","扫","扫","一 亅 ㇀ 𠃍 一 一","一 亅 一 一 𠃍 ㇀"
"cnwstqi0366","primary","N","A","地","地","地","一 丨 ㇀ 𠃌 丨 乚","一 丨 𠃌 ㇀ 丨 乚"
"cnwstqi0367","primary","N","A","场","场","场","一 丨 ㇀ 𠄎 丿 丿","一 丨 ㇀ 丿 𠄎 丿"
"cnwstqi0368","primary","N","A","扬","扬","扬","一 亅 ㇀ 𠄎 丿 丿","一 亅 ㇀ 丿 𠄎 丿"
"cnwstqi0369","primary","N","B","耳","耳","耳","一 丨 一 丨 一 一","一 丨 丨 一 一 一"
"cnwstqi0370","primary","N","A","芋","芋","芋","一 丨 丨 一 一 亅","一 丨 一 丨 亅 一"
"cnwstqi0371","primary","N","A","共","共","共","一 丨 丨 一 丿 丶","一 丨 丿 一 丨 丶"
"cnwstqi0372","primary","N","B","芒","芒","芒","一 丨 丶 一 丨 ㇄","一 丨 丨 丶 一 ㇄"
"cnwstqi0373","primary","N","B","亚","亚","亚","一 丨 丶 丿 丨 一","一 丨 丨 丶 丿 一"
"cnwstqi0374","primary","N","A","芝","芝","芝","一 丨 丨 丶 ㇇ ㇏","一 丨 ㇏ 丶 丨 ㇇"
"cnwstqi0375","primary","N","A","朽","朽","朽","一 丨 丿 丶 一 ㇉","一 丨 丿 一 ㇉ 丶"
"cnwstqi0376","primary","N","B","朴","朴","朴","一 丨 丨 丿 丶 丶","一 丨 丿 丶 丨 丶"
"cnwstqi0377","primary","N","A","机","机","机","一 丨 丿 丶 丿 ⺄","一 丨 丶 丿 ⺄ 丿"
"cnwstqi0378","primary","N","B","权","权","权","一 丨 丿 ㇏ ㇇ 丶","一 丨 丿 丶 ㇇ ㇏"
"cnwstqi0379","primary","N","A","过","过","过","一 亅 丶 丶 ㇋ ㇏","一 亅 ㇋ 丶 丶 ㇏"
"cnwstqi0380","primary","N","A","臣","臣","臣","一 丨 𠃍 一 丨 ㇄","一 丨 丨 一 𠃍 ㇄"
"cnwstqi0381","primary","N","B","吏","吏","吏","一 丨 ㇏ 一 丿 𠃍","一 丨 𠃍 一 丿 ㇏"
"cnwstqi0382","primary","N","A","再","再","再","一 丨 𠃌 丨 一 一","一 丨 丨 一 𠃌 一"
"cnwstqi0383","primary","N","A","协","协","协","一 丨 𠃌 丿 ㇀ 丶","一 丨 丶 ㇀ 丿 𠃌"
"cnwstqi0384","primary","N","B","西","西","西","一 丨 ㇄ 丿 一 𠃍","一 丨 𠃍 丿 ㇄ 一"
"cnwstqi0385","primary","N","A","压","压","压","一 丿 一 丨 一 丶","一 丿 丨 一 丶 一"
"cnwstqi0386","primary","N","A","厌","厌","厌","一 丿 一 丿 ㇏ 丶","一 丿 ㇏ 丶 一 丿"
"cnwstqi0387","primary","N","B","戌","戌","戌","一 丿 ㇂ 丿 一 丶","一 丿 一 ㇂ 丿 丶"
"cnwstqi0388","primary","N","B","在","在","在","一 丿 丨 丨 一 一","一 丿 丨 一 丨 一"
"cnwstqi0389","primary","N","B","百","百","百","一 丿 一 𠃍 丨 一","一 丿 丨 𠃍 一 一"
"cnwstqi0390","primary","N","A","有","有","有","一 丿 丨 𠃌 一 一","一 丿 一 丨 𠃌 一"
"cnwstqi0391","primary","N","A","存","存","存","一 丿 丨 乛 亅 一","一 丿 亅 一 丨 乛"
"cnwstqi0392","primary","N","B","而","而","而","一 丿 丨 丨 𠃌 丨","一 丿 丨 𠃌 丨 丨"
"cnwstqi0393","primary","N","A","页","页","页","一 丿 丨 𠃍 丿 丶","一 丿 丿 丨 𠃍 丶"
"cnwstqi0394","primary","N","B","匠","匠","匠","一 丿 丿 丨 一 ㇄","一 丿 丿 一 丨 ㇄"
"cnwstqi0395","primary","N","A","夸","夸","夸","一 丿 ㇏ 一 一 ㇉","一 丿 ㇉ 一 ㇏ 一"
"cnwstqi0396","primary","N","B","夺","夺","夺","一 丿 ㇏ 丶 亅 一","一 丿 ㇏ 一 亅 丶"
"cnwstqi0397","primary","N","A","灰","灰","灰","一 丿 ㇀ 丿 丿 ㇏","一 丿 ㇏ ㇀ 丿 丿"
"cnwstqi0398","primary","N","A","达","达","达","一 丿 丶 丶 ㇋ ㇏","一 丿 ㇏ ㇋ 丶 丶"
"cnwstqi0399","primary","N","B","列","列","列","一 丿 丶 亅 丨 ㇇","一 丿 ㇇ 丶 丨 亅"
"cnwstqi0400","primary","N","B","死","死","死","一 丿 ㇇ 丿 丶 乚","一 丿 ㇇ 丶 丿 乚"
"cnwstqi0401","primary","N","A","成","成","成","一 丿 𠃌 ㇂ 丿 丶","一 丿 𠃌 丿 ㇂ 丶"
"cnwstqi0402","primary","N","B","夹","夹","夹","一 丶 ㇏ 丿 一 丿","一 丶 丿 一 丿 ㇏"
"cnwstqi0403","primary","N","B","夷","夷","夷","一 𠃍 丿 一 ㇉ ㇏","一 𠃍 一 ㇉ 丿 ㇏"
"cnwstqi0404","primary","N","A","轨","轨","轨","一 𠃋 丨 ㇀ 丿 ⺄","一 𠃋 丨 ⺄ 丿 ㇀"
"cnwstqi0405","primary","N","B","邪","邪","邪","一 𠃋 丿 亅 ㇌ 丨","一 𠃋 亅 丿 ㇌ 丨"
"cnwstqi0406","primary","N","B","尧","尧","尧","一 ㇂ 一 乚 丿 丿","一 ㇂ 丿 一 丿 乚"
"cnwstqi0407","primary","N","A","划","划","划","一 ㇂ 丿 丶 丨 亅","一 ㇂ 丿 丶 亅 丨"
"cnwstqi0408","primary","N","A","迈","迈","迈","一 𠃌 丿 丶 ㇋ ㇏","一 𠃌 ㇋ 丿 ㇏ 丶"
"cnwstqi0409","primary","N","A","毕","毕","毕","一 𠄌 丿 乚 一 丨","一 𠄌 丿 丨 一 乚"
"cnwstqi0410","primary","N","A","至","至","至","一 𠃋 丶 一 丨 一","一 𠃋 丨 丶 一 一"
"cnwstqi0411","primary","N","A","此","此","此","丨 一 丨 ㇀ 丿 乚","丨 一 乚 丿 ㇀ 丨"
"cnwstqi0412","primary","N","A","贞","贞","贞","丨 一 丨 𠃍 丿 丶","丨 一 𠃍 丿 丶 丨"
"cnwstqi0413","primary","N","B","师","师","师","丨 丿 一 丨 丨 𠃌","丨 丿 一 丨 𠃌 丨"
"cnwstqi0414","primary","N","A","尘","尘","尘","丨 丿 丶 一 丨 一","丨 丿 一 丶 丨 一"
"cnwstqi0415","primary","N","B","尖","尖","尖","丨 丿 丶 丿 ㇏ 一","丨 丿 丶 一 丿 ㇏"
"cnwstqi0416","primary","N","B","劣","劣","劣","丨 丿 𠃌 丿 丿 丶","丨 丿 丶 丿 𠃌 丿"
"cnwstqi0417","primary","N","B","光","光","光","丨 丶 丿 丿 乚 一","丨 丶 丿 一 丿 乚"
"cnwstqi0418","primary","N","A","当","当","当","丨 丶 丿 𠃍 一 一","丨 丶 一 一 𠃍 丿"
"cnwstqi0419","primary","N","B","早","早","早","丨 𠃍 一 丨 一 一","丨 𠃍 一 一 一 丨"
"cnwstqi0420","primary","N","A","吁","吁","吁","丨 𠃍 一 一 一 亅","丨 𠃍 一 亅 一 一"
"cnwstqi0421","primary","N","B","吐","吐","吐","丨 𠃍 一 丨 一 一","丨 𠃍 一 一 丨 一"
"cnwstqi0422","primary","N","B","吓","吓","吓","丨 𠃍 丶 一 丨 一","丨 𠃍 一 一 丨 丶"
"cnwstqi0423","primary","N","A","虫","虫","虫","丨 𠃍 一 丨 一 丶","丨 𠃍 丨 丶 一 一"
"cnwstqi0424","primary","N","B","曲","曲","曲","丨 𠃍 一 丨 一 丨","丨 𠃍 一 丨 丨 一"
"cnwstqi0425","primary","N","B","团","团","团","丨 𠃍 一 丿 一 亅","丨 𠃍 一 亅 丿 一"
"cnwstqi0426","primary","N","A","吕","吕","吕","丨 𠃍 一 丨 𠃍 一","丨 𠃍 𠃍 一 丨 一"
"cnwstqi0427","primary","N","B","同","同","同","丨 𠃌 一 一 丨 𠃍","丨 𠃌 一 丨 𠃍 一"
"cnwstqi0428","primary","N","A","吊","吊","吊","丨 𠃍 一 丨 𠃌 丨","丨 𠃍 𠃌 丨 丨 一"
"cnwstqi0429","primary","N","A","吃","吃","吃","丨 𠃍 一 丿 一 ⺄","丨 𠃍 丿 ⺄ 一 一"
"cnwstqi0430","primary","N","B","因","因","因","丨 𠃍 一 一 丶 丿","丨 𠃍 一 丿 丶 一"
"cnwstqi0431","primary","N","A","吸","吸","吸","丨 𠃍 一 丿 ㇋ ㇏","丨 𠃍 一 ㇋ ㇏ 丿"
"cnwstqi0432","primary","N","A","吗","吗","吗","丨 𠃍 一 𠃍 ㇉ 一","丨 𠃍 一 ㇉ 𠃍 一"
"cnwstqi0433","primary","N","B","吆","吆","吆","丨 𠃍 𠃋 一 丶 𠃋","丨 𠃍 一 𠃋 𠃋 丶"
"cnwstqi0434","primary","N","B","屿","屿","屿","丨 ㇄ 一 ㇉ 一 丨","丨 ㇄ 丨 一 ㇉ 一"
"cnwstqi0435","primary","N","A","屹","屹","屹","丨 ㇄ 丨 丿 一 ⺄","丨 ㇄ ⺄ 丿 丨 一"
"cnwstqi0436","primary","N","B","岁","岁","岁","丨 ㇄ 丨 丿 丶 ㇇","丨 ㇄ 丨 丿 ㇇ 丶"
"cnwstqi0437","primary","N","B","帆","帆","帆","丨 𠃌 ⺄ 丿 丶 丨","丨 𠃌 丨 丿 ⺄ 丶"
"cnwstqi0438","primary","N","B","回","回","回","丨 𠃍 一 一 𠃍 丨","丨 𠃍 丨 𠃍 一 一"
"cnwstqi0439","primary","N","A","岂","岂","岂","丨 ㇄ 丨 𠃍 一 乚","丨 ㇄ 乚 丨 一 𠃍"
"cnwstqi0440","primary","N","A","则","则","则","丨 𠃍 丿 丶 丨 亅","丨 𠃍 丿 丶 亅 丨"
"cnwstqi0441","primary","N","A","刚","刚","刚","丨 𠃌 丿 丶 丨 亅","丨 𠃌 丿 丶 亅 丨"
"cnwstqi0442","primary","N","B","网","网","网","丨 𠃌 丶 丿 丶 丿","丨 𠃌 丿 丶 丿 丶"
"cnwstqi0443","primary","N","A","肉","肉","肉","丨 𠃌 丿 丶 丿 丶","丨 𠃌 丶 丿 丶 丿"
"cnwstqi0444","primary","N","A","年","年","年","丿 一 一 丨 一 丨","丿 一 丨 一 一 丨"
"cnwstqi0445","primary","N","B","朱","朱","朱","丿 一 一 丿 丨 ㇏","丿 一 一 丨 丿 ㇏"
"cnwstqi0446","primary","N","A","先","先","先","丿 一 丨 一 丿 乚","丿 一 丿 一 乚 丨"
"cnwstqi0447","primary","N","B","丢","丢","丢","丿 一 𠃋 丨 丶 一","丿 一 丨 一 𠃋 丶"
"cnwstqi0448","primary","N","B","廷","廷","廷","丿 一 一 ㇋ ㇏ 丨","丿 一 丨 一 ㇋ ㇏"
"cnwstqi0449","primary","N","B","舌","舌","舌","丿 一 一 𠃍 丨 丨","丿 一 丨 丨 𠃍 一"
"cnwstqi0450","primary","N","B","竹","竹","竹","丿 一 亅 丿 一 丨","丿 一 丨 丿 一 亅"
"cnwstqi0451","primary","N","B","迁","迁","迁","丿 一 ㇋ ㇏ 丶 丨","丿 一 丨 丶 ㇋ ㇏"
"cnwstqi0452","primary","N","A","乔","乔","乔","丿 一 丿 ㇏ 丿 丨","丿 一 丨 ㇏ 丿 丿"
"cnwstqi0453","primary","N","B","迄","迄","迄","丿 一 ㇋ ㇏ 丶 ⺄","丿 一 ⺄ 丶 ㇋ ㇏"
"cnwstqi0454","primary","N","A","伟","伟","伟","丿 丨 一 一 𠃌 丨","丿 丨 一 一 丨 𠃌"
"cnwstqi0455","primary","N","A","传","传","传","丿 丨 一 一 ㄣ 丶","丿 丨 一 ㄣ 丶 一"
"cnwstqi0456","primary","N","A","乒","乒","乒","丿 丨 一 丨 一 丿","丿 丨 丨 丿 一 一"
"cnwstqi0457","primary","N","B","乓","乓","乓","丿 丨 一 一 丨 丶","丿 丨 一 丨 一 丶"
"cnwstqi0458","primary","N","B","休","休","休","丿 丨 丨 一 丿 ㇏","丿 丨 一 丨 丿 ㇏"
"cnwstqi0459","primary","N","A","伍","伍","伍","丿 丨 一 丨 𠃍 一","丿 丨 丨 𠃍 一 一"
"cnwstqi0460","primary","N","A","伏","伏","伏","丿 丨 一 丿 ㇏ 丶","丿 丨 一 丶 丿 ㇏"
"cnwstqi0461","primary","N","B","优","优","优","丿 丨 丿 乚 丶 一","丿 丨 一 丿 乚 丶"
"cnwstqi0462","primary","N","A","臼","臼","臼","丿 丨 一 𠃍 一 一","丿 丨 𠃍 一 一 一"
"cnwstqi0463","primary","N","B","伐","伐","伐","丿 丨 一 丿 丶 ㇂","丿 丨 一 ㇂ 丿 丶"
"cnwstqi0464","primary","N","B","延","延","延","丿 丨 ㇏ ㇄ ㇋ 一","丿 丨 一 ㇄ ㇋ ㇏"
"cnwstqi0465","primary","N","B","仲","仲","仲","丿 丨 丨 丨 𠃍 一","丿 丨 丨 𠃍 一 丨"
"cnwstqi0466","primary","N","A","件","件","件","丿 丨 丿 一 一 丨","丿 丨 丨 一 丿 一"
"cnwstqi0467","primary","N","A","任","任","任","丿 丨 丿 一 丨 一","丿 丨 一 丨 一 丿"
"cnwstqi0468","primary","N","A","伤","伤","伤","丿 丨 丿 一 𠃌 丿","丿 丨 一 𠃌 丿 丿"
"cnwstqi0469","primary","N","B","价","价","价","丿 丨 ㇏ 丿 丿 丨","丿 丨 丿 ㇏ 丿 丨"
"cnwstqi0470","primary","N","A","伦","伦","伦","丿 丨 丿 ㇏ 丿 乚","丿 丨 ㇏ 乚 丿 丿"
"cnwstqi0471","primary","N","B","份","份","份","丿 丨 丿 丿 ㇏ 𠃌","丿 丨 丿 ㇏ 𠃌 丿"
"cnwstqi0472","primary","N","B","华","华","华","丿 丨 丿 丨 一 乚","丿 丨 丿 乚 一 丨"
"cnwstqi0473","primary","N","A","仰","仰","仰","丿 丨 丿 𠄌 𠃌 丨","丿 丨 𠃌 丿 𠄌 丨"
"cnwstqi0474","primary","N","A","仿","仿","仿","丿 丨 丶 一 𠃌 丿","丿 丨 丶 一 丿 𠃌"
"cnwstqi0475","primary","N","A","伙","伙","伙","丿 丨 ㇀ 丿 丿 ㇏","丿 丨 丿 ㇀ 丿 ㇏"
"cnwstqi0476","primary","N","A","伪","伪","伪","丿 丨 丶 丿 𠃌 丶","丿 丨 丿 𠃌 丶 丶"
"cnwstqi0477","primary","N","B","自","自","自","丿 丨 一 𠃍 一 一","丿 丨 𠃍 一 一 一"
"cnwstqi0478","primary","N","B","伊","伊","伊","丿 丨 丿 一 一 𠃍","丿 丨 𠃍 一 一 丿"
"cnwstqi0479","primary","N","A","血","血","血","丿 丨 𠃍 丨 丨 一","丿 丨 丨 𠃍 一 丨"
"cnwstqi0480","primary","N","A","向","向","向","丿 丨 𠃌 丨 𠃍 一","丿 丨 一 𠃍 丨 𠃌"
"cnwstqi0481","primary","N","A","似","似","似","丿 丨 𠄌 丶 丿 丶","丿 丨 丶 丶 丿 𠄌"
"cnwstqi0482","primary","N","B","后","后","后","丿 丿 一 𠃍 丨 一","丿 丿 一 丨 𠃍 一"
"cnwstqi0483","primary","N","A","行","行","行","丿 丿 丨 一 一 亅","丿 丿 一 亅 丨 一"
"cnwstqi0484","primary","N","B","舟","舟","舟","丿 丿 丶 𠃌 一 丶","丿 丿 𠃌 丶 一 丶"
"cnwstqi0485","primary","N","A","全","全","全","丿 ㇏ 一 一 丨 一","丿 ㇏ 一 一 一 丨"
"cnwstqi0486","primary","N","B","会","会","会","丿 ㇏ 丶 𠃋 一 一","丿 ㇏ 一 一 𠃋 丶"
"cnwstqi0487","primary","N","B","杀","杀","杀","丿 丶 丶 丿 一 亅","丿 丶 一 亅 丿 丶"
"cnwstqi0488","primary","N","A","合","合","合","丿 ㇏ 一 丨 𠃍 一","丿 ㇏ 一 一 丨 𠃍"
"cnwstqi0489","primary","N","A","兆","兆","兆","丿 丶 ㇀ 乚 丿 丶","丿 丶 乚 丿 ㇀ 丶"
"cnwstqi0490","primary","N","A","企","企","企","丿 ㇏ 丨 一 丨 一","丿 ㇏ 一 丨 丨 一"
"cnwstqi0491","primary","N","A","众","众","众","丿 ㇏ 丿 丶 丿 ㇏","丿 ㇏ 丶 丿 丿 ㇏"
"cnwstqi0492","primary","N","B","爷","爷","爷","丿 丶 ㇏ 丿 𠃌 丨","丿 丶 丿 ㇏ 𠃌 丨"
"cnwstqi0493","primary","N","A","伞","伞","伞","丿 ㇏ 丶 丿 一 丨","丿 ㇏ 丶 一 丿 丨"
"cnwstqi0494","primary","N","B","创","创","创","丿 丶 乚 𠃌 亅 丨","丿 丶 𠃌 乚 丨 亅"
"cnwstqi0495","primary","N","A","肌","肌","肌","丿 𠃌 一 一 丿 ⺄","丿 𠃌 一 一 ⺄ 丿"
"cnwstqi0496","primary","N","A","肋","肋","肋","丿 𠃌 一 一 𠃌 丿","丿 𠃌 一 丿 𠃌 一"
"cnwstqi0497","primary","N","B","朵","朵","朵","丿 ㇍ 丿 丨 ㇏ 一","丿 ㇍ 一 丨 丿 ㇏"
"cnwstqi0498","primary","N","B","杂","杂","杂","丿 ⺄ 丿 亅 一 丶","丿 ⺄ 一 亅 丿 丶"
"cnwstqi0499","primary","N","B","危","危","危","丿 乛 丿 乚 𠃌 一","丿 乛 一 丿 𠃌 乚"
"cnwstqi0500","primary","N","A","旬","旬","旬","丿 𠃌 丨 𠃍 一 一","丿 𠃌 丨 一 一 𠃍"
"cnwstqi0501","primary","N","A","旨","旨","旨","丿 乚 丨 𠃍 一 一","丿 乚 丨 一 一 𠃍"
"cnwstqi0502","primary","N","A","旭","旭","旭","丿 ⺄ 丨 𠃍 一 一","丿 ⺄ 丨 一 𠃍 一"
"cnwstqi0503","primary","N","A","负","负","负","丿 ㇇ 丨 𠃍 丿 丶","丿 ㇇ 丨 丶 丿 𠃍"
"cnwstqi0504","primary","N","B","匈","匈","匈","丿 𠃌 丿 ㇄ 丨 丶","丿 𠃌 丿 丶 ㇄ 丨"
"cnwstqi0505","primary","N","B","名","名","名","丿 ㇇ 一 丶 𠃍 丨","丿 ㇇ 丶 丨 𠃍 一"
"cnwstqi0506","primary","N","A","各","各","各","丿 ㇇ ㇏ 丨 𠃍 一","丿 ㇇ 一 ㇏ 𠃍 丨"
"cnwstqi0507","primary","N","B","多","多","多","丿 ㇇ ㇇ 丶 丶 丿","丿 ㇇ 丶 丿 ㇇ 丶"
"cnwstqi0508","primary","N","A","争","争","争","丿 ㇇ 𠃍 一 一 亅","丿 ㇇ 一 𠃍 一 亅"
"cnwstqi0509","primary","N","B","色","色","色","丿 ㇇ 丨 𠃍 乚 一","丿 ㇇ 𠃍 丨 一 乚"
"cnwstqi0510","primary","N","A","壮","壮","壮","丶 ㇀ 丨 一 丨 一","丶 ㇀ 一 丨 一 丨"
"cnwstqi0511","primary","N","A","冲","冲","冲","丶 ㇀ 丨 𠃍 一 丨","丶 ㇀ 丨 丨 𠃍 一"
"cnwstqi0512","primary","N","A","妆","妆","妆","丶 ㇀ 丨 𡿨 丿 一","丶 ㇀ 𡿨 丿 丨 一"
"cnwstqi0513","primary","N","A","冰","冰","冰","丶 ㇀ 亅 ㇇ 丿 ㇏","丶 ㇀ ㇇ ㇏ 丿 亅"
"cnwstqi0514","primary","N","B","庄","庄","庄","丶 一 丿 一 一 丨","丶 一 丿 一 丨 一"
"cnwstqi0515","primary","N","A","庆","庆","庆","丶 一 丿 一 丿 ㇏","丶 一 丿 ㇏ 一 丿"
"cnwstqi0516","primary","N","B","亦","亦","亦","丶 一 丿 丿 亅 丶","丶 一 丿 亅 丿 丶"
"cnwstqi0517","primary","N","B","刘","刘","刘","丶 一 亅 丶 丨 丿","丶 一 丿 丶 丨 亅"
"cnwstqi0518","primary","N","B","齐","齐","齐","丶 一 丨 丿 丿 ㇏","丶 一 丿 ㇏ 丿 丨"
"cnwstqi0519","primary","N","A","交","交","交","丶 一 丿 丶 丿 ㇏","丶 一 丿 ㇏ 丶 丿"
"cnwstqi0520","primary","N","B","衣","衣","衣","丶 一 丿 丿 ㇏ 𠄌","丶 一 丿 𠄌 丿 ㇏"
"cnwstqi0521","primary","N","B","次","次","次","丶 ㇀ 丿 丿 乛 ㇏","丶 ㇀ 丿 乛 丿 ㇏"
"cnwstqi0522","primary","N","B","产","产","产","丶 一 丶 一 丿 丿","丶 一 丶 丿 一 丿"
"cnwstqi0523","primary","N","A","决","决","决","丶 ㇀ 𠃍 一 丿 ㇏","丶 ㇀ 一 𠃍 ㇏ 丿"
"cnwstqi0524","primary","N","B","亥","亥","亥","丶 一 丿 丿 丶 𠃋","丶 一 𠃋 丿 丿 丶"
"cnwstqi0525","primary","N","A","充","充","充","丶 一 𠃋 丶 丿 乚","丶 一 丿 丶 𠃋 乚"
"cnwstqi0526","primary","N","B","妄","妄","妄","丶 一 丿 𡿨 一 ㇄","丶 一 ㇄ 𡿨 丿 一"
"cnwstqi0527","primary","N","A","闭","闭","闭","丶 丨 𠃌 一 亅 丿","丶 丨 一 亅 𠃌 丿"
"cnwstqi0528","primary","N","B","问","问","问","丶 丨 𠃌 丨 一 𠃍","丶 丨 𠃌 丨 𠃍 一"
"cnwstqi0529","primary","N","A","闯","闯","闯","丶 丨 𠃌 𠃍 ㇉ 一","丶 丨 𠃍 一 𠃌 ㇉"
"cnwstqi0530","primary","N","B","羊","羊","羊","丶 丿 一 丨 一 一","丶 丿 一 一 一 丨"
"cnwstqi0531","primary","N","A","并","并","并","丶 丿 一 一 丿 丨","丶 丿 丨 丿 一 一"
"cnwstqi0532","primary","N","B","关","关","关","丶 丿 丿 一 ㇏ 一","丶 丿 一 一 丿 ㇏"
"cnwstqi0533","primary","N","B","米","米","米","丶 丿 丨 丿 一 ㇏","丶 丿 一 丨 丿 ㇏"
"cnwstqi0534","primary","N","A","灯","灯","灯","㇀ 丿 丿 丶 一 亅","㇀ 丿 丶 一 亅 丿"
"cnwstqi0535","primary","N","B","州","州","州","㇀ 丿 丨 丨 丶 丶","㇀ 丿 丶 丨 丶 丨"
"cnwstqi0536","primary","N","A","汗","汗","汗","丶 丶 ㇀ 一 一 丨","丶 丶 丨 一 一 ㇀"
"cnwstqi0537","primary","N","B","污","污","污","丶 丶 ㇀ ㇉ 一 一","丶 丶 ㇀ 一 一 ㇉"
"cnwstqi0538","primary","N","B","江","江","江","丶 丶 ㇀ 丨 一 一","丶 丶 ㇀ 一 丨 一"
"cnwstqi0539","primary","N","B","汛","汛","汛","丶 丶 ㇀ 丨 一 ⺄","丶 丶 ㇀ ⺄ 一 丨"
"cnwstqi0540","primary","N","B","池","池","池","丶 丶 𠃌 ㇀ 丨 乚","丶 丶 ㇀ 𠃌 丨 乚"
"cnwstqi0541","primary","N","B","汝","汝","汝","丶 丶 丿 𡿨 ㇀ 一","丶 丶 ㇀ 𡿨 丿 一"
"cnwstqi0542","primary","N","A","汤","汤","汤","丶 丶 ㇀ 𠄎 丿 丿","丶 丶 𠄎 ㇀ 丿 丿"
"cnwstqi0543","primary","N","B","忙","忙","忙","㇀ 丶 丨 一 丶 ㇄","㇀ 丶 丨 丶 一 ㇄"
"cnwstqi0544","primary","N","A","兴","兴","兴","丶 丶 丿 一 丿 丶","丶 丶 一 丶 丿 丿"
"cnwstqi0545","primary","N","B","宇","宇","宇","丶 ㇀ 亅 一 一 乛","丶 ㇀ 乛 一 一 亅"
"cnwstqi0546","primary","N","A","守","守","守","丶 ㇀ 乛 一 亅 丶","丶 ㇀ 亅 乛 丶 一"
"cnwstqi0547","primary","N","B","宅","宅","宅","丶 ㇀ 乛 一 乚 丿","丶 ㇀ 乛 丿 一 乚"
"cnwstqi0548","primary","N","A","字","字","字","丶 ㇀ 乛 乛 亅 一","丶 ㇀ 亅 一 乛 乛"
"cnwstqi0549","primary","N","B","安","安","安","丶 ㇀ 一 𡿨 丿 乛","丶 ㇀ 乛 𡿨 丿 一"
"cnwstqi0550","primary","N","A","讲","讲","讲","丶 ㇊ 一 一 丿 丨","丶 ㇊ 一 丨 丿 一"
"cnwstqi0551","primary","N","B","讳","讳","讳","丶 ㇊ 丨 一 一 𠃌","丶 ㇊ 一 一 𠃌 丨"
"cnwstqi0552","primary","N","A","军","军","军","㇀ 乛 一 𠃋 一 丨","㇀ 乛 𠃋 一 一 丨"
"cnwstqi0553","primary","N","B","讶","讶","讶","丶 ㇊ 丿 𠃋 一 亅","丶 ㇊ 一 𠃋 亅 丿"
"cnwstqi0554","primary","N","B","许","许","许","丶 ㇊ 一 一 丿 丨","丶 ㇊ 丿 一 一 丨"
"cnwstqi0555","primary","N","A","讹","讹","讹","丶 ㇊ 丿 丨 丿 乚","丶 ㇊ 丿 丿 丨 乚"
"cnwstqi0556","primary","N","A","论","论","论","丶 ㇊ 丿 ㇏ 丿 乚","丶 ㇊ 乚 ㇏ 丿 丿"
"cnwstqi0557","primary","N","A","讼","讼","讼","丶 ㇊ 丿 ㇏ 𠃋 丶","丶 ㇊ 丶 丿 ㇏ 𠃋"
"cnwstqi0558","primary","N","A","农","农","农","㇀ 乛 丿 𠄌 丿 ㇏","㇀ 乛 ㇏ 丿 丿 𠄌"
"cnwstqi0559","primary","N","B","讽","讽","讽","丶 ㇊ 丶 丿 ⺄ 丿","丶 ㇊ 丿 ⺄ 丿 丶"
"cnwstqi0560","primary","N","B","设","设","设","丶 ㇊ ㇏ 丿 ㇇ ㇍","丶 ㇊ 丿 ㇍ ㇇ ㇏"
"cnwstqi0561","primary","N","B","访","访","访","丶 ㇊ 一 丿 丶 𠃌","丶 ㇊ 丶 一 𠃌 丿"
"cnwstqi0562","primary","N","B","诀","诀","诀","丶 ㇊ ㇏ 𠃍 一 丿","丶 ㇊ 𠃍 一 丿 ㇏"
"cnwstqi0563","primary","N","A","寻","寻","寻","𠃍 一 一 一 亅 丶","𠃍 一 一 丶 一 亅"
"cnwstqi0564","primary","N","B","那","那","那","𠃌 一 一 ㇌ 丿 丨","𠃌 一 一 丿 ㇌ 丨"
"cnwstqi0565","primary","N","B","迅","迅","迅","⺄ 一 ㇋ 丨 ㇏ 丶","⺄ 一 丨 丶 ㇋ ㇏"
"cnwstqi0566","primary","N","B","尽","尽","尽","𠃍 一 ㇏ 丶 丶 丿","𠃍 一 丿 ㇏ 丶 丶"
"cnwstqi0567","primary","N","B","导","导","导","𠃍 一 亅 乚 丶 一","𠃍 一 乚 一 亅 丶"
"cnwstqi0568","primary","N","A","异","异","异","𠃍 一 乚 一 丿 丨","𠃍 一 一 乚 丨 丿"
"cnwstqi0569","primary","N","B","弛","弛","弛","𠃍 一 𠃌 乚 丨 ㇉","𠃍 一 ㇉ 𠃌 丨 乚"
"cnwstqi0570","primary","N","B","孙","孙","孙","㇇ 亅 丿 ㇀ 亅 丶","㇇ 亅 ㇀ 亅 丿 丶"
"cnwstqi0571","primary","N","B","阵","阵","阵","㇌ 丨 一 丨 一 𠃋","㇌ 丨 一 𠃋 一 丨"
"cnwstqi0572","primary","N","B","阳","阳","阳","㇌ 丨 一 𠃍 一 丨","㇌ 丨 丨 𠃍 一 一"
"cnwstqi0573","primary","N","A","收","收","收","𠄌 丨 丿 一 丿 ㇏","𠄌 丨 一 丿 丿 ㇏"
"cnwstqi0574","primary","N","B","阶","阶","阶","㇌ 丨 丿 ㇏ 丨 丿","㇌ 丨 丿 ㇏ 丿 丨"
"cnwstqi0575","primary","N","B","阴","阴","阴","㇌ 丨 丿 一 一 𠃌","㇌ 丨 丿 𠃌 一 一"
"cnwstqi0576","primary","N","B","防","防","防","㇌ 丨 𠃌 丶 丿 一","㇌ 丨 丶 一 𠃌 丿"
"cnwstqi0577","primary","N","B","奸","奸","奸","𡿨 丿 丨 一 一 一","𡿨 丿 一 一 一 丨"
"cnwstqi0578","primary","N","A","如","如","如","𡿨 丿 一 丨 𠃍 一","𡿨 丿 一 一 𠃍 丨"
"cnwstqi0579","primary","N","B","妇","妇","妇","𡿨 丿 𠃍 一 一 一","𡿨 丿 一 𠃍 一 一"
"cnwstqi0580","primary","N","A","妃","妃","妃","𡿨 丿 一 𠃍 一 乚","𡿨 丿 一 乚 一 𠃍"
"cnwstqi0581","primary","N","B","好","好","好","𡿨 丿 亅 一 一 ㇇","𡿨 丿 一 ㇇ 亅 一"
"cnwstqi0582","primary","N","B","她","她","她","𡿨 丿 一 丨 𠃌 乚","𡿨 丿 一 𠃌 丨 乚"
"cnwstqi0583","primary","N","A","妈","妈","妈","𡿨 丿 一 𠃍 ㇉ 一","𡿨 丿 一 ㇉ 𠃍 一"
"cnwstqi0584","primary","N","A","戏","戏","戏","㇇ 丶 一 ㇂ 丿 丶","㇇ 丶 一 丿 丶 ㇂"
"cnwstqi0585","primary","N","A","羽","羽","羽","𠃌 丶 ㇀ 𠃌 丶 ㇀","𠃌 丶 𠃌 丶 ㇀ ㇀"
"cnwstqi0586","primary","N","B","观","观","观","㇇ 丶 丨 𠃍 乚 丿","㇇ 丶 丨 𠃍 丿 乚"
"cnwstqi0587","primary","N","A","欢","欢","欢","㇇ 丶 丿 乛 丿 ㇏","㇇ 丶 丿 乛 ㇏ 丿"
"cnwstqi0588","primary","N","A","买","买","买","乛 丶 丶 一 丿 丶","乛 丶 丶 一 丶 丿"
"cnwstqi0589","primary","N","A","红","红","红","𠃋 𠃋 ㇀ 一 丨 一","𠃋 𠃋 一 一 ㇀ 丨"
"cnwstqi0590","primary","N","A","驮","驮","驮","𠃍 ㇉ ㇀ 一 丿 ㇏","𠃍 ㇉ ㇀ 丿 一 ㇏"
"cnwstqi0591","primary","N","B","纤","纤","纤","𠃋 𠃋 丨 丿 ㇀ 一","𠃋 𠃋 ㇀ 丿 一 丨"
"cnwstqi0592","primary","N","B","驯","驯","驯","𠃍 ㇉ ㇀ 丨 丨 丿","𠃍 ㇉ ㇀ 丿 丨 丨"
"cnwstqi0593","primary","N","A","约","约","约","𠃋 𠃋 ㇀ 丿 𠃌 丶","𠃋 𠃋 丿 𠃌 丶 ㇀"
"cnwstqi0594","primary","N","B","级","级","级","𠃋 𠃋 ㇀ ㇋ ㇏ 丿","𠃋 𠃋 ㇀ 丿 ㇋ ㇏"
"cnwstqi0595","primary","N","B","纪","纪","纪","𠃋 𠃋 ㇀ 乚 𠃍 一","𠃋 𠃋 ㇀ 𠃍 一 乚"
"cnwstqi0596","primary","N","A","驰","驰","驰","𠃍 ㇉ ㇀ 𠃌 丨 乚","𠃍 ㇉ 丨 𠃌 ㇀ 乚"
"cnwstqi0597","primary","N","A","纫","纫","纫","𠃋 𠃋 ㇀ 𠃌 丿 ㇀","𠃋 𠃋 𠃌 ㇀ 丿 ㇀"
"cnwstqi0598","primary","N","B","巡","巡","巡","𡿨 𡿨 ㇋ ㇏ 丶 𡿨","𡿨 𡿨 𡿨 丶 ㇋ ㇏"
"cnwstqi0599","primary","N","B","寿","寿","寿","一 一 亅 丶 丿 一 一","一 一 一 丿 一 亅 丶"
"cnwstqi0600","primary","N","A","弄","弄","弄","一 一 丨 一 一 丿 丨","一 一 丿 一 丨 丨 一"
"cnwstqi0601","primary","N","B","麦","麦","麦","一 一 ㇏ 丿 丨 一 ㇇","一 一 丨 一 丿 ㇇ ㇏"
"cnwstqi0602","primary","N","B","玖","玖","玖","一 一 丿 ㇇ ㇏ ㇀ 丨","一 一 丨 ㇀ 丿 ㇇ ㇏"
"cnwstqi0603","primary","N","B","玛","玛","玛","一 一 一 ㇀ ㇉ 𠃍 丨","一 一 丨 ㇀ 𠃍 ㇉ 一"
"cnwstqi0604","primary","N","A","形","形","形","一 一 丿 丨 丿 丿 丿","一 一 丿 丿 丿 丨 丿"
"cnwstqi0605","primary","N","A","进","进","进","一 一 丿 丨 丶 ㇋ ㇏","一 一 ㇏ 丿 丶 丨 ㇋"
"cnwstqi0606","primary","N","A","戒","戒","戒","一 一 丿 丨 ㇂ 丿 丶","一 一 ㇂ 丨 丿 丿 丶"
"cnwstqi0607","primary","N","B","吞","吞","吞","一 一 丨 ㇏ 丿 𠃍 一","一 一 丿 ㇏ 丨 𠃍 一"
"cnwstqi0608","primary","N","A","远","远","远","一 一 丿 乚 丶 ㇋ ㇏","一 一 ㇋ 丶 ㇏ 丿 乚"
"cnwstqi0609","primary","N","A","违","违","违","一 一 𠃌 丨 丶 ㇋ ㇏","一 一 ㇋ 丶 𠃌 丨 ㇏"
"cnwstqi0610","primary","N","A","韧","韧","韧","一 一 𠃌 丨 𠃌 丿 ㇀","一 一 𠃌 ㇀ 丿 丨 𠃌"
"cnwstqi0611","primary","N","A","运","运","运","一 一 𠃋 丶 丶 ㇋ ㇏","一 一 ㇏ 丶 𠃋 丶 ㇋"
"cnwstqi0612","primary","N","A","扶","扶","扶","一 亅 ㇀ 一 一 丿 ㇏","一 亅 一 一 丿 ㇀ ㇏"
"cnwstqi0613","primary","N","B","抚","抚","抚","一 亅 一 一 丿 乚 ㇀","一 亅 ㇀ 一 一 丿 乚"
"cnwstqi0614","primary","N","A","坛","坛","坛","一 丨 ㇀ 一 一 𠃋 丶","一 丨 丶 𠃋 一 一 ㇀"
"cnwstqi0615","primary","N","B","技","技","技","一 亅 一 丨 ㇀ ㇏ ㇇","一 亅 ㇀ 一 丨 ㇇ ㇏"
"cnwstqi0616","primary","N","A","坏","坏","坏","一 丨 ㇀ 一 丿 丨 丶","一 丨 丶 丿 一 ㇀ 丨"
"cnwstqi0617","primary","N","B","抠","抠","抠","一 亅 ㇄ 丿 一 ㇀ 丶","一 亅 ㇀ 一 丿 丶 ㇄"
"cnwstqi0618","primary","N","B","扰","扰","扰","一 亅 丿 ㇀ 乚 一 丶","一 亅 ㇀ 一 丿 乚 丶"
"cnwstqi0619","primary","N","A","扼","扼","扼","一 亅 ㇀ 一 丿 𠃌 乚","一 亅 乚 ㇀ 𠃌 一 丿"
"cnwstqi0620","primary","N","B","拒","拒","拒","一 亅 ㇀ ㇄ 一 一 𠃍","一 亅 ㇀ 一 𠃍 一 ㇄"
"cnwstqi0621","primary","N","B","找","找","找","一 亅 丶 丿 一 ㇂ ㇀","一 亅 ㇀ 一 ㇂ 丿 丶"
"cnwstqi0622","primary","N","B","批","批","批","一 亅 𠄌 丿 一 ㇀ 乚","一 亅 ㇀ 一 𠄌 丿 乚"
"cnwstqi0623","primary","N","A","址","址","址","一 丨 ㇀ 丨 一 丨 一","一 丨 丨 丨 ㇀ 一 一"
"cnwstqi0624","primary","N","A","扯","扯","扯","一 亅 ㇀ 丨 一 丨 一","一 亅 一 ㇀ 一 丨 丨"
"cnwstqi0625","primary","N","B","走","走","走","一 丨 一 ㇏ 丨 一 丿","一 丨 一 丨 一 丿 ㇏"
"cnwstqi0626","primary","N","A","抄","抄","抄","一 亅 ㇀ 丨 丿 丶 丿","一 亅 丿 丿 丨 丶 ㇀"
"cnwstqi0627","primary","N","B","贡","贡","贡","一 丨 丨 丶 一 丿 𠃍","一 丨 一 丨 𠃍 丿 丶"
"cnwstqi0628","primary","N","B","汞","汞","汞","一 丨 一 亅 ㇏ ㇇ 丿","一 丨 一 亅 ㇇ 丿 ㇏"
"cnwstqi0629","primary","N","B","坝","坝","坝","一 丨 𠃍 丶 ㇀ 丿 丨","一 丨 ㇀ 丨 𠃍 丿 丶"
"cnwstqi0630","primary","N","B","攻","攻","攻","一 丨 ㇏ ㇀ 丿 丿 一","一 丨 ㇀ 丿 一 丿 ㇏"
"cnwstqi0631","primary","N","A","赤","赤","赤","一 丨 一 丿 亅 丿 丶","一 丨 丿 亅 丶 一 丿"
"cnwstqi0632","primary","N","B","折","折","折","一 亅 ㇀ 一 丿 丨 丿","一 亅 ㇀ 丿 丿 一 丨"
"cnwstqi0633","primary","N","B","抓","抓","抓","一 亅 丿 ㇀ 丿 ㇏ 丨","一 亅 ㇀ 丿 丿 丨 ㇏"
"cnwstqi0634","primary","N","A","扳","扳","扳","一 亅 ㇀ 丿 丿 ㇇ ㇏","一 亅 ㇀ ㇇ 丿 ㇏ 丿"
"cnwstqi0635","primary","N","A","抡","抡","抡","一 亅 ㇀ 丿 ㇏ 丿 乚","一 亅 丿 ㇀ 乚 丿 ㇏"
"cnwstqi0636","primary","N","A","扮","扮","扮","一 亅 ㇀ 丿 ㇏ 𠃌 丿","一 亅 ㇀ 丿 ㇏ 丿 𠃌"
"cnwstqi0637","primary","N","A","抢","抢","抢","一 亅 ㇀ 丿 ㇏ 𠃌 乚","一 亅 乚 ㇀ 𠃌 丿 ㇏"
"cnwstqi0638","primary","N","A","孝","孝","孝","一 丨 一 丿 ㇇ 亅 一","一 丨 一 亅 丿 ㇇ 一"
"cnwstqi0639","primary","N","A","坎","坎","坎","一 丨 ㇀ 丿 乛 丿 ㇏","一 丨 ㇏ ㇀ 乛 丿 丿"
"cnwstqi0640","primary","N","A","均","均","均","一 丨 ㇀ 丿 𠃌 丶 ㇀","一 丨 𠃌 丿 ㇀ ㇀ 丶"
"cnwstqi0641","primary","N","B","抑","抑","抑","一 亅 丨 丿 ㇀ 𠃌 𠄌","一 亅 ㇀ 丿 𠄌 𠃌 丨"
"cnwstqi0642","primary","N","A","抛","抛","抛","一 亅 ㇀ 丿 ⺄ 𠃌 丿","一 亅 ⺄ 丿 𠃌 丿 ㇀"
"cnwstqi0643","primary","N","B","投","投","投","一 亅 ㇏ ㇇ ㇀ ㇍ 丿","一 亅 ㇀ 丿 ㇍ ㇇ ㇏"
"cnwstqi0644","primary","N","B","坟","坟","坟","一 丨 ㇏ 丶 一 ㇀ 丿","一 丨 ㇀ 丶 一 丿 ㇏"
"cnwstqi0645","primary","N","B","坑","坑","坑","一 丨 ⺄ 丿 丶 ㇀ 一","一 丨 ㇀ 丶 一 丿 ⺄"
"cnwstqi0646","primary","N","B","抗","抗","抗","一 亅 ㇀ 一 丶 ⺄ 丿","一 亅 ㇀ 丶 一 丿 ⺄"
"cnwstqi0647","primary","N","B","坊","坊","坊","一 丨 丶 𠃌 一 ㇀ 丿","一 丨 ㇀ 丶 一 𠃌 丿"
"cnwstqi0648","primary","N","A","抖","抖","抖","一 亅 ㇀ 丶 丶 一 丨","一 亅 丶 丨 一 丶 ㇀"
"cnwstqi0649","primary","N","A","护","护","护","一 亅 ㇀ 丶 𠃍 一 丿","一 亅 丿 丶 ㇀ 一 𠃍"
"cnwstqi0650","primary","N","B","壳","壳","壳","一 丨 ⺄ ㇀ 丿 乛 一","一 丨 一 ㇀ 乛 丿 ⺄"
"cnwstqi0651","primary","N","A","志","志","志","一 丨 一 ㇀ ㇃ 丶 丶","一 丨 丶 ㇃ 丶 ㇀ 一"
"cnwstqi0652","primary","N","A","块","块","块","一 丨 ㇀ 𠃍 一 丿 ㇏","一 丨 一 𠃍 丿 ㇀ ㇏"
"cnwstqi0653","primary","N","B","扭","扭","扭","一 亅 𠃍 一 ㇀ 丨 一","一 亅 ㇀ 𠃍 丨 一 一"
"cnwstqi0654","primary","N","B","声","声","声","一 丨 一 丿 一 丨 𠃍","一 丨 一 𠃍 丨 一 丿"
"cnwstqi0655","primary","N","B","把","把","把","一 亅 丨 𠃍 ㇀ 乚 一","一 亅 ㇀ 𠃍 丨 一 乚"
"cnwstqi0656","primary","N","B","报","报","报","一 亅 丨 ㇏ ㇀ ㇇ 𠃌","一 亅 ㇀ 𠃌 丨 ㇇ ㇏"
"cnwstqi0657","primary","N","B","拟","拟","拟","一 亅 丶 𠄌 丿 ㇀ 丶","一 亅 ㇀ 𠄌 丶 丿 丶"
"cnwstqi0658","primary","N","A","却","却","却","一 丨 一 𠃋 丶 𠃌 丨","一 丨 一 丨 𠃌 𠃋 丶"
"cnwstqi0659","primary","N","A","抒","抒","抒","一 亅 ㇀ ㇇ 丶 乛 亅","一 亅 ㇀ 亅 乛 丶 ㇇"
"cnwstqi0660","primary","N","B","劫","劫","劫","一 丨 𠃌 𠃋 丶 一 丿","一 丨 一 𠃋 丶 𠃌 丿"
"cnwstqi0661","primary","N","B","芙","芙","芙","一 丨 一 ㇏ 丿 丨 一","一 丨 丨 一 一 丿 ㇏"
"cnwstqi0662","primary","N","B","芜","芜","芜","一 丨 丿 一 丨 一 乚","一 丨 丨 一 一 丿 乚"
"cnwstqi0663","primary","N","A","苇","苇","苇","一 丨 丨 一 一 𠃌 丨","一 丨 丨 𠃌 一 一 丨"
"cnwstqi0664","primary","N","B","芽","芽","芽","一 丨 一 𠃋 亅 丨 丿","一 丨 丨 一 𠃋 亅 丿"
"cnwstqi0665","primary","N","A","花","花","花","一 丨 丨 丿 丨 丿 乚","一 丨 丨 丨 丿 乚 丿"
"cnwstqi0666","primary","N","A","芹","芹","芹","一 丨 丨 丿 丿 一 丨","一 丨 一 丨 丿 丿 丨"
"cnwstqi0667","primary","N","B","芥","芥","芥","一 丨 丿 丨 丿 丨 ㇏","一 丨 丨 丿 ㇏ 丿 丨"
"cnwstqi0668","primary","N","B","芬","芬","芬","一 丨 丿 𠃌 丨 丿 ㇏","一 丨 丨 丿 ㇏ 𠃌 丿"
"cnwstqi0669","primary","N","B","苍","苍","苍","一 丨 丿 ㇏ 乚 丨 𠃌","一 丨 丨 丿 ㇏ 𠃌 乚"
"cnwstqi0670","primary","N","A","芳","芳","芳","一 丨 丨 丶 一 𠃌 丿","一 丨 丨 丶 丿 𠃌 一"
"cnwstqi0671","primary","N","B","严","严","严","一 丨 一 丿 丨 丿 丶","一 丨 丨 丶 丿 一 丿"
"cnwstqi0672","primary","N","B","芦","芦","芦","一 丨 丿 𠃍 丨 一 丶","一 丨 丨 丶 𠃍 一 丿"
"cnwstqi0673","primary","N","B","芯","芯","芯","一 丨 ㇀ 丨 ㇃ 丶 丶","一 丨 丨 ㇀ ㇃ 丶 丶"
"cnwstqi0674","primary","N","A","劳","劳","劳","一 丨 丨 ㇀ 乛 𠃌 丿","一 丨 𠃌 ㇀ 乛 丿 丨"
"cnwstqi0675","primary","N","A","克","克","克","一 丨 丨 𠃍 一 丿 乚","一 丨 𠃍 乚 一 丿 丨"
"cnwstqi0676","primary","N","B","芭","芭","芭","一 丨 𠃍 丨 一 乚 丨","一 丨 丨 𠃍 丨 一 乚"
"cnwstqi0677","primary","N","A","苏","苏","苏","一 丨 丨 𠃌 丿 ㇀ 丶","一 丨 ㇀ 丿 丨 丶 𠃌"
"cnwstqi0678","primary","N","A","杆","杆","杆","一 丨 丿 丶 一 一 丨","一 丨 丨 一 丶 丿 一"
"cnwstqi0679","primary","N","B","杠","杠","杠","一 丨 丿 丶 一 一 丨","一 丨 丿 丶 一 丨 一"
"cnwstqi0680","primary","N","B","杜","杜","杜","一 丨 丨 丶 一 一 丿","一 丨 丿 丶 一 丨 一"
"cnwstqi0681","primary","N","B","材","材","材","一 丨 丿 丶 丿 一 亅","一 丨 丿 丶 一 亅 丿"
"cnwstqi0682","primary","N","A","村","村","村","一 丨 丿 丶 一 亅 丶","一 丨 丿 丶 丶 亅 一"
"cnwstqi0683","primary","N","A","杖","杖","杖","一 丨 丿 丶 一 丿 ㇏","一 丨 ㇏ 丶 丿 丿 一"
"cnwstqi0684","primary","N","A","杏","杏","杏","一 丨 丿 ㇏ 丨 𠃍 一","一 丨 丿 一 ㇏ 丨 𠃍"
"cnwstqi0685","primary","N","B","杉","杉","杉","一 丨 丿 丿 丿 丿 丶","一 丨 丿 丶 丿 丿 丿"
"cnwstqi0686","primary","N","B","巫","巫","巫","一 丨 丶 丶 一 丿 丿","一 丨 丿 丶 丿 丶 一"
"cnwstqi0687","primary","N","B","极","极","极","一 丨 丿 丿 丶 ㇋ ㇏","一 丨 丿 丶 丿 ㇋ ㇏"
"cnwstqi0688","primary","N","B","李","李","李","一 丨 一 亅 ㇇ ㇏ 丿","一 丨 丿 ㇏ ㇇ 亅 一"
"cnwstqi0689","primary","N","A","杨","杨","杨","一 丨 丿 丶 𠄎 丿 丿","一 丨 丶 𠄎 丿 丿 丿"
"cnwstqi0690","primary","N","A","求","求","求","一 亅 丶 ㇀ 丿 ㇏ 丶","一 亅 ㇀ 丿 ㇏ 丶 丶"
"cnwstqi0691","primary","N","B","甫","甫","甫","一 丨 一 𠃌 一 丨 丶","一 丨 𠃌 一 一 丨 丶"
"cnwstqi0692","primary","N","B","匣","匣","匣","一 丨 丨 𠃍 ㇄ 一 一","一 丨 𠃍 一 一 丨 ㇄"
"cnwstqi0693","primary","N","A","更","更","更","一 丨 𠃍 一 一 丿 ㇏","一 丨 一 ㇏ 一 丿 𠃍"
"cnwstqi0694","primary","N","A","束","束","束","一 丨 𠃍 一 丨 丿 ㇏","一 丨 一 丨 ㇏ 𠃍 丿"
"cnwstqi0695","primary","N","B","吾","吾","吾","一 丨 𠃍 一 丨 一 𠃍","一 丨 𠃍 一 丨 𠃍 一"
"cnwstqi0696","primary","N","B","豆","豆","豆","一 丨 一 丿 𠃍 一 丶","一 丨 𠃍 一 丶 丿 一"
"cnwstqi0697","primary","N","B","两","两","两","一 丨 丶 𠃌 丶 丿 丿","一 丨 𠃌 丿 丶 丿 丶"
"cnwstqi0698","primary","N","A","酉","酉","酉","一 丨 𠃍 丿 ㇄ 一 一","一 丨 一 一 ㇄ 𠃍 丿"
"cnwstqi0699","primary","N","A","丽","丽","丽","一 丨 𠃌 丶 丨 𠃌 丶","一 丨 丶 𠃌 丨 丶 𠃌"
"cnwstqi0700","primary","N","B","医","医","医","一 丿 一 一 ㇄ 丿 丶","一 丿 一 一 丿 丶 ㇄"
"cnwstqi0701","primary","N","B","辰","辰","辰","一 丿 ㇏ 𠄌 丿 一 一","一 丿 一 一 𠄌 丿 ㇏"
"cnwstqi0702","primary","N","A","励","励","励","一 丿 一 𠃌 丿 𠃌 丿","一 丿 一 丿 𠃌 丿 𠃌"
"cnwstqi0703","primary","N","A","否","否","否","一 丿 丨 丶 丨 𠃍 一","一 丿 丶 丨 丨 𠃍 一"
"cnwstqi0704","primary","N","A","还","还","还","一 丿 丨 丶 丶 ㇋ ㇏","一 丿 丶 丨 ㇋ ㇏ 丶"
"cnwstqi0705","primary","N","B","尬","尬","尬","一 丿 丿 乚 ㇏ 丨 丿","一 丿 乚 丿 ㇏ 丿 丨"
"cnwstqi0706","primary","N","A","歼","歼","歼","一 丿 ㇇ 丶 丿 一 丨","一 丿 ㇇ 丨 一 丿 丶"
"cnwstqi0707","primary","N","B","来","来","来","一 丶 丿 ㇏ 丿 一 丨","一 丶 丿 一 丨 丿 ㇏"
"cnwstqi0708","primary","N","A","连","连","连","一 𠃋 一 丨 丶 ㇋ ㇏","一 𠃋 ㇏ 一 丶 丨 ㇋"
"cnwstqi0709","primary","N","B","轩","轩","轩","一 𠃋 ㇀ 丨 一 一 丨","一 𠃋 丨 ㇀ 一 一 丨"
"cnwstqi0710","primary","N","B","步","步","步","丨 一 丨 丨 一 丿 丿","丨 一 丨 一 丨 丿 丿"
"cnwstqi0711","primary","N","A","卤","卤","卤","丨 一 丨 𠃍 丿 丶 一","丨 一 丶 一 丿 丨 𠃍"
"cnwstqi0712","primary","N","B","坚","坚","坚","丨 丨 ㇏ 丨 一 一 ㇇","丨 丨 ㇇ ㇏ 一 丨 一"
"cnwstqi0713","primary","N","A","肖","肖","肖","丨 丶 丿 丨 𠃌 一 一","丨 丶 一 一 丿 丨 𠃌"
"cnwstqi0714","primary","N","A","旱","旱","旱","丨 𠃍 一 一 一 一 丨","丨 𠃍 一 一 一 丨 一"
"cnwstqi0715","primary","N","A","盯","盯","盯","丨 𠃍 一 一 一 一 亅","丨 𠃍 一 一 亅 一 一"
"cnwstqi0716","primary","N","B","呈","呈","呈","丨 𠃍 丨 一 一 一 一","丨 𠃍 一 一 一 丨 一"
"cnwstqi0717","primary","N","A","时","时","时","丨 𠃍 一 一 一 亅 丶","丨 𠃍 一 一 亅 丶 一"
"cnwstqi0718","primary","N","B","吴","吴","吴","丨 𠃍 一 ㇏ 丿 一 一","丨 𠃍 一 一 一 丿 ㇏"
"cnwstqi0719","primary","N","A","助","助","助","丨 𠃍 一 一 ㇀ 𠃌 丿","丨 𠃍 一 ㇀ 𠃌 丿 一"
"cnwstqi0720","primary","N","A","县","县","县","丨 𠃍 一 一 一 𠃋 丶","丨 𠃍 丶 一 一 𠃋 一"
"cnwstqi0721","primary","N","B","里","里","里","丨 𠃍 一 一 一 一 丨","丨 𠃍 一 一 丨 一 一"
"cnwstqi0722","primary","N","A","呆","呆","呆","丨 𠃍 一 一 丨 丿 ㇏","丨 𠃍 ㇏ 丨 一 丿 一"
"cnwstqi0723","primary","N","A","吱","吱","吱","丨 𠃍 一 一 丨 ㇇ ㇏","丨 𠃍 丨 一 ㇏ 一 ㇇"
"cnwstqi0724","primary","N","A","吠","吠","吠","丨 𠃍 一 一 丿 ㇏ 丶","丨 𠃍 一 ㇏ 丶 一 丿"
"cnwstqi0725","primary","N","B","呕","呕","呕","丨 𠃍 丶 ㇄ 一 丿 一","丨 𠃍 一 一 丿 丶 ㇄"
"cnwstqi0726","primary","N","B","园","园","园","丨 𠃍 乚 一 丿 一 一","丨 𠃍 一 一 丿 乚 一"
"cnwstqi0727","primary","N","B","旷","旷","旷","丨 𠃍 丶 丿 一 一 一","丨 𠃍 一 一 丶 一 丿"
"cnwstqi0728","primary","N","B","围","围","围","丨 𠃍 一 一 丨 𠃌 一","丨 𠃍 一 一 𠃌 丨 一"
"cnwstqi0729","primary","N","B","呀","呀","呀","丨 𠃍 𠃋 一 丿 亅 一","丨 𠃍 一 一 𠃋 亅 丿"
"cnwstqi0730","primary","N","B","吨","吨","吨","丨 𠃍 乚 丨 一 ㇄ 一","丨 𠃍 一 一 ㇄ 丨 乚"
"cnwstqi0731","primary","N","A","足","足","足","丨 𠃍 一 丨 一 丿 ㇏","丨 𠃍 一 丨 丿 一 ㇏"
"cnwstqi0732","primary","N","B","邮","邮","邮","丨 𠃍 丨 一 丨 一 ㇌","丨 𠃍 一 丨 一 ㇌ 丨"
"cnwstqi0733","primary","N","B","男","男","男","丨 𠃍 一 丿 丨 𠃌 一","丨 𠃍 一 丨 一 𠃌 丿"
"cnwstqi0734","primary","N","B","困","困","困","丨 𠃍 一 一 丿 丶 丨","丨 𠃍 一 丨 丿 丶 一"
"cnwstqi0735","primary","N","A","吵","吵","吵","丨 𠃍 一 丨 丿 丶 丿","丨 𠃍 一 丿 丿 丨 丶"
"cnwstqi0736","primary","N","B","串","串","串","丨 𠃍 一 𠃍 丨 一 丨","丨 𠃍 一 丨 𠃍 一 丨"
"cnwstqi0737","primary","N","B","员","员","员","丨 𠃍 丿 𠃍 丨 丶 一","丨 𠃍 一 丨 𠃍 丿 丶"
"cnwstqi0738","primary","N","B","呐","呐","呐","丨 𠃍 丿 一 丶 𠃌 丨","丨 𠃍 一 丨 𠃌 丿 丶"
"cnwstqi0739","primary","N","B","听","听","听","丨 𠃍 丿 一 丨 丿 一","丨 𠃍 一 丿 丿 一 丨"
"cnwstqi0740","primary","N","A","吟","吟","吟","丨 𠃍 一 丿 ㇏ 丶 ㇇","丨 𠃍 ㇏ ㇇ 丿 一 丶"
"cnwstqi0741","primary","N","B","吩","吩","吩","丨 𠃍 一 ㇏ 丿 𠃌 丿","丨 𠃍 一 丿 ㇏ 𠃌 丿"
"cnwstqi0742","primary","N","B","呛","呛","呛","丨 𠃍 ㇏ 乚 𠃌 丿 一","丨 𠃍 一 丿 ㇏ 𠃌 乚"
"cnwstqi0743","primary","N","A","吻","吻","吻","丨 𠃍 一 丿 𠃌 丿 丿","丨 𠃍 𠃌 丿 丿 一 丿"
"cnwstqi0744","primary","N","A","吹","吹","吹","丨 𠃍 一 丿 乛 丿 ㇏","丨 𠃍 丿 丿 一 乛 ㇏"
"cnwstqi0745","primary","N","A","呜","呜","呜","丨 𠃍 一 丿 𠃌 ㇉ 一","丨 𠃍 丿 ㇉ 𠃌 一 一"
"cnwstqi0746","primary","N","A","吭","吭","吭","丨 𠃍 一 丶 一 丿 ⺄","丨 𠃍 一 ⺄ 丿 一 丶"
"cnwstqi0747","primary","N","B","吧","吧","吧","丨 𠃍 丨 一 𠃍 一 乚","丨 𠃍 一 𠃍 丨 一 乚"
"cnwstqi0748","primary","N","A","邑","邑","邑","丨 𠃍 一 𠃍 丨 一 乚","丨 𠃍 一 丨 乚 一 𠃍"
"cnwstqi0749","primary","N","B","吼","吼","吼","丨 𠃍 ㇇ 一 ㇀ 乚 亅","丨 𠃍 一 ㇇ 亅 ㇀ 乚"
"cnwstqi0750","primary","N","B","囤","囤","囤","丨 𠃍 一 ㇄ 乚 丨 一","丨 𠃍 一 ㇄ 丨 乚 一"
"cnwstqi0751","primary","N","A","别","别","别","丨 𠃍 一 𠃌 丿 丨 亅","丨 𠃍 丨 𠃌 一 亅 丿"
"cnwstqi0752","primary","N","A","吮","吮","吮","丨 𠃍 一 𠃋 丶 丿 乚","丨 𠃍 一 丿 𠃋 乚 丶"
"cnwstqi0753","primary","N","B","岖","岖","岖","丨 ㇄ 一 丶 丿 ㇄ 丨","丨 ㇄ 丨 一 丿 丶 ㇄"
"cnwstqi0754","primary","N","A","岗","岗","岗","丨 ㇄ 丨 丨 𠃌 丿 丶","丨 ㇄ 丶 丨 丿 𠃌 丨"
"cnwstqi0755","primary","N","A","帐","帐","帐","丨 𠃌 丨 丿 一 𠄌 ㇏","丨 𠃌 丨 ㇏ 丿 𠄌 一"
"cnwstqi0756","primary","N","A","财","财","财","丨 𠃍 丿 丶 一 亅 丿","丨 𠃍 丿 亅 丿 丶 一"
"cnwstqi0757","primary","N","A","针","针","针","丿 一 一 一 𠄌 一 丨","丿 一 一 𠄌 一 丨 一"
"cnwstqi0758","primary","N","B","钉","钉","钉","丿 一 一 一 一 𠄌 亅","丿 一 一 一 𠄌 一 亅"
"cnwstqi0759","primary","N","B","牡","牡","牡","丿 一 一 ㇀ 一 丨 丨","丿 一 丨 ㇀ 一 丨 一"
"cnwstqi0760","primary","N","B","告","告","告","丿 一 丨 丨 𠃍 一 一","丿 一 丨 一 丨 𠃍 一"
"cnwstqi0761","primary","N","A","我","我","我","丿 一 亅 ㇀ ㇂ 丿 丶","丿 一 亅 ㇂ 丿 丶 ㇀"
"cnwstqi0762","primary","N","A","乱","乱","乱","丿 一 丨 丨 𠃍 一 乚","丿 一 乚 丨 𠃍 丨 一"
"cnwstqi0763","primary","N","A","利","利","利","丿 一 丨 丿 丶 丨 亅","丿 一 丨 丿 丶 亅 丨"
"cnwstqi0764","primary","N","A","秃","秃","秃","丿 一 丨 丿 ㇏ 丿 ⺄","丿 一 丿 丿 丨 ㇏ ⺄"
"cnwstqi0765","primary","N","B","秀","秀","秀","丿 一 ㇏ 𠄎 丨 丿 丿","丿 一 丨 丿 ㇏ 𠄎 丿"
"cnwstqi0766","primary","N","B","私","私","私","丿 一 丿 丶 丶 丨 𠃋","丿 一 丨 丿 丶 𠃋 丶"
"cnwstqi0767","primary","N","B","每","每","每","丿 一 ㇄ 𠃌 丶 丶 一","丿 一 ㇄ 𠃌 丶 一 丶"
"cnwstqi0768","primary","N","A","兵","兵","兵","丿 丨 一 丨 一 丿 丶","丿 丨 一 一 丨 丿 丶"
"cnwstqi0769","primary","N","A","估","估","估","丿 丨 一 丨 丨 𠃍 一","丿 丨 一 丨 𠃍 一 丨"
"cnwstqi0770","primary","N","B","体","体","体","丿 丨 一 丿 ㇏ 一 丨","丿 丨 一 丨 丿 ㇏ 一"
"cnwstqi0771","primary","N","B","何","何","何","丿 丨 丨 一 一 𠃍 亅","丿 丨 一 丨 𠃍 一 亅"
"cnwstqi0772","primary","N","B","佐","佐","佐","丿 丨 一 丨 丿 一 一","丿 丨 一 丿 一 丨 一"
"cnwstqi0773","primary","N","A","佑","佑","佑","丿 丨 一 丿 丨 𠃍 一","丿 丨 𠃍 丿 一 丨 一"
"cnwstqi0774","primary","N","A","但","但","但","丿 丨 丨 𠃍 一 一 一","丿 丨 一 一 𠃍 丨 一"
"cnwstqi0775","primary","N","B","伸","伸","伸","丿 丨 一 一 丨 丨 𠃍","丿 丨 丨 𠃍 一 一 丨"
"cnwstqi0776","primary","N","B","佃","佃","佃","丿 丨 一 一 丨 𠃍 丨","丿 丨 丨 𠃍 一 丨 一"
"cnwstqi0777","primary","N","B","作","作","作","丿 丨 一 丨 一 一 丿","丿 丨 丿 一 丨 一 一"
"cnwstqi0778","primary","N","A","伯","伯","伯","丿 丨 丿 丨 𠃍 一 一","丿 丨 一 𠃍 丿 一 丨"
"cnwstqi0779","primary","N","A","伶","伶","伶","丿 丨 丿 ㇏ 丶 ㇇ 丶","丿 丨 丶 丿 ㇇ 丶 ㇏"
"cnwstqi0780","primary","N","A","佣","佣","佣","丿 丨 丿 𠃌 一 一 丨","丿 丨 一 丿 𠃌 一 丨"
"cnwstqi0781","primary","N","A","低","低","低","丿 丨 丿 𠄌 一 ㇂ 丶","丿 丨 𠄌 ㇂ 丿 丶 一"
"cnwstqi0782","primary","N","A","你","你","你","丿 丨 丿 乛 亅 丿 丶","丿 丨 乛 亅 丶 丿 丿"
"cnwstqi0783","primary","N","A","住","住","住","丿 丨 丶 一 一 丨 一","丿 丨 一 一 一 丶 丨"
"cnwstqi0784","primary","N","A","位","位","位","丿 丨 丶 一 丶 丿 一","丿 丨 丿 一 丶 丶 一"
"cnwstqi0785","primary","N","B","伴","伴","伴","丿 丨 丿 一 丨 丶 一","丿 丨 丶 丿 一 一 丨"
"cnwstqi0786","primary","N","A","身","身","身","丿 丨 𠃌 一 一 一 丿","丿 丨 一 丿 一 一 𠃌"
"cnwstqi0787","primary","N","A","皂","皂","皂","丿 丨 𠃍 一 一 一 乚","丿 丨 乚 一 𠃍 一 一"
"cnwstqi0788","primary","N","B","伺","伺","伺","丿 丨 一 𠃌 一 𠃍 丨","丿 丨 𠃌 一 丨 𠃍 一"
"cnwstqi0789","primary","N","B","佛","佛","佛","丿 丨 𠃍 一 ㇉ 丨 丿","丿 丨 𠃍 一 ㇉ 丿 丨"
"cnwstqi0790","primary","N","A","囱","囱","囱","丿 丨 𠃍 丿 ㇇ 丶 一","丿 丨 𠃍 一 ㇇ 丶 丿"
"cnwstqi0791","primary","N","A","近","近","近","丿 丿 一 丨 丶 ㇋ ㇏","丿 丿 丨 ㇏ ㇋ 丶 一"
"cnwstqi0792","primary","N","A","彻","彻","彻","丿 丿 丨 一 𠄌 𠃌 丿","丿 丿 丿 𠄌 一 𠃌 丨"
"cnwstqi0793","primary","N","B","役","役","役","丿 丿 ㇍ 丨 ㇏ 丿 ㇇","丿 丿 丨 丿 ㇍ ㇇ ㇏"
"cnwstqi0794","primary","N","B","返","返","返","丿 丿 ㇋ 丶 ㇏ 丶 ㇇","丿 丿 ㇇ 丶 丶 ㇋ ㇏"
"cnwstqi0795","primary","N","A","余","余","余","丿 ㇏ 一 一 亅 丿 丶","丿 ㇏ 丶 一 丿 一 亅"
"cnwstqi0796","primary","N","B","希","希","希","丿 丶 一 丨 𠃌 丨 丿","丿 丶 一 丿 丨 𠃌 丨"
"cnwstqi0797","primary","N","B","坐","坐","坐","丿 丶 一 丿 一 丶 丨","丿 丶 丿 丶 一 丨 一"
"cnwstqi0798","primary","N","B","谷","谷","谷","丿 丶 𠃍 丿 丨 ㇏ 一","丿 丶 丿 ㇏ 丨 𠃍 一"
"cnwstqi0799","primary","N","A","妥","妥","妥","丿 丶 丶 丿 𡿨 丿 一","丿 丶 丿 𡿨 丿 丶 一"
"cnwstqi0800","primary","N","B","含","含","含","丿 ㇏ ㇇ 丶 𠃍 一 丨","丿 ㇏ 丶 ㇇ 丨 𠃍 一"
"cnwstqi0801","primary","N","A","邻","邻","邻","丿 丶 丶 ㇇ 丶 ㇌ 丨","丿 丶 丨 ㇇ 丶 ㇌ 丶"
"cnwstqi0802","primary","N","B","岔","岔","岔","丿 ㇏ 丨 𠃌 丨 ㇄ 丿","丿 ㇏ 𠃌 丿 丨 ㇄ 丨"
"cnwstqi0803","primary","N","B","肝","肝","肝","丿 𠃌 一 丨 一 一 一","丿 𠃌 一 一 一 一 丨"
"cnwstqi0804","primary","N","A","肛","肛","肛","丿 𠃌 一 一 一 丨 一","丿 𠃌 一 一 丨 一 一"
"cnwstqi0805","primary","N","B","肚","肚","肚","丿 𠃌 一 丨 一 一 一","丿 𠃌 一 一 一 丨 一"
"cnwstqi0806","primary","N","A","肘","肘","肘","丿 𠃌 一 一 一 亅 丶","丿 𠃌 亅 丶 一 一 一"
"cnwstqi0807","primary","N","B","肠","肠","肠","丿 𠃌 一 丿 𠄎 丿 一","丿 𠃌 一 一 𠄎 丿 丿"
"cnwstqi0808","primary","N","B","龟","龟","龟","丿 ㇇ 一 丨 乚 一 𠃍","丿 ㇇ 丨 𠃍 一 一 乚"
"cnwstqi0809","primary","N","B","甸","甸","甸","丿 𠃌 丨 一 𠃍 丨 一","丿 𠃌 丨 𠃍 一 丨 一"
"cnwstqi0810","primary","N","A","免","免","免","丿 ㇇ 丨 𠃍 一 丿 乚","丿 ㇇ 一 𠃍 丨 乚 丿"
"cnwstqi0811","primary","N","B","狂","狂","狂","丿 ㇁ 一 丨 一 一 丿","丿 ㇁ 丿 一 一 丨 一"
"cnwstqi0812","primary","N","A","犹","犹","犹","丿 ㇁ 丿 一 丿 乚 丶","丿 ㇁ 丶 丿 乚 一 丿"
"cnwstqi0813","primary","N","A","狈","狈","狈","丿 ㇁ 丿 丨 𠃍 丿 丶","丿 ㇁ 丨 丿 𠃍 丿 丶"
"cnwstqi0814","primary","N","A","角","角","角","丿 ㇇ 丿 𠃌 一 一 丨","丿 ㇇ 𠃌 一 丿 一 丨"
"cnwstqi0815","primary","N","A","删","删","删","丿 𠃌 丿 𠃌 一 丨 亅","丿 𠃌 一 丨 𠃌 亅 丿"
"cnwstqi0816","primary","N","B","条","条","条","丿 ㇇ 一 丶 亅 ㇏ 丿","丿 ㇇ ㇏ 一 亅 丿 丶"
"cnwstqi0817","primary","N","B","彤","彤","彤","丿 𠃌 丿 丶 丿 丿 一","丿 𠃌 丶 一 丿 丿 丿"
"cnwstqi0818","primary","N","B","卵","卵","卵","丿 𠄌 𠃌 丶 丨 丶 丿","丿 𠄌 丶 丿 𠃌 丨 丶"
"cnwstqi0819","primary","N","A","灸","灸","灸","丿 ㇇ 丶 ㇀ 丿 丿 ㇏","丿 ㇇ ㇀ ㇏ 丶 丿 丿"
"cnwstqi0820","primary","N","A","岛","岛","岛","丿 𠃌 丶 ㇉ 丨 ㇄ 丨","丿 𠃌 ㇉ ㇄ 丨 丨 丶"
"cnwstqi0821","primary","N","A","刨","刨","刨","丿 𠃌 𠃍 一 乚 丨 亅","丿 𠃌 亅 一 丨 𠃍 乚"
"cnwstqi0822","primary","N","A","迎","迎","迎","丿 𠄌 𠃌 丨 丶 ㇋ ㇏","丿 𠄌 𠃌 丨 ㇏ ㇋ 丶"
"cnwstqi0823","primary","N","A","饭","饭","饭","丿 乛 𠄌 丿 丿 ㇇ ㇏","丿 乛 𠄌 丿 丿 ㇏ ㇇"
"cnwstqi0824","primary","N","A","饮","饮","饮","丿 乛 𠄌 丿 乛 丿 ㇏","丿 乛 ㇏ 丿 乛 丿 𠄌"
"cnwstqi0825","primary","N","B","系","系","系","丿 𠃋 丶 丿 𠃋 丶 亅","丿 𠃋 𠃋 丶 亅 丿 丶"
"cnwstqi0826","primary","N","B","言","言","言","丶 一 丨 一 一 一 𠃍","丶 一 一 一 丨 𠃍 一"
"cnwstqi0827","primary","N","A","冻","冻","冻","丶 ㇀ 一 𠃋 亅 丿 丶","丶 ㇀ 𠃋 亅 丶 一 丿"
"cnwstqi0828","primary","N","A","状","状","状","丶 ㇀ 丨 一 丿 ㇏ 丶","丶 ㇀ 一 丿 丶 ㇏ 丨"
"cnwstqi0829","primary","N","A","亩","亩","亩","丶 一 丨 𠃍 一 丨 一","丶 一 一 丨 丨 一 𠃍"
"cnwstqi0830","primary","N","A","况","况","况","丶 ㇀ 丨 𠃍 一 丿 乚","丶 ㇀ 丨 一 丿 𠃍 乚"
"cnwstqi0831","primary","N","A","床","床","床","丶 一 丿 一 丨 丿 ㇏","丶 一 ㇏ 丿 丿 一 丨"
"cnwstqi0832","primary","N","A","库","库","库","丶 一 丿 一 𠃋 一 丨","丶 一 𠃋 一 一 丨 丿"
"cnwstqi0833","primary","N","A","庇","庇","庇","丶 一 丿 一 𠄌 丿 乚","丶 一 乚 丿 𠄌 一 丿"
"cnwstqi0834","primary","N","B","疗","疗","疗","丶 一 ㇀ ㇇ 亅 丶 丿","丶 一 丿 丶 ㇀ ㇇ 亅"
"cnwstqi0835","primary","N","A","吝","吝","吝","丶 一 丿 ㇏ 丨 𠃍 一","丶 一 丿 一 𠃍 丨 ㇏"
"cnwstqi0836","primary","N","A","应","应","应","丶 一 丿 丶 丶 丿 一","丶 一 一 丿 丶 丶 丿"
"cnwstqi0837","primary","N","B","这","这","这","丶 一 丶 ㇏ 丿 ㇋ 丶","丶 一 丿 丶 丶 ㇋ ㇏"
"cnwstqi0838","primary","N","A","冷","冷","冷","丶 ㇀ 丿 ㇏ 丶 ㇇ 丶","丶 ㇀ ㇇ 丶 丶 ㇏ 丿"
"cnwstqi0839","primary","N","A","庐","庐","庐","丶 一 丿 丶 𠃍 一 丿","丶 一 一 丶 𠃍 丿 丿"
"cnwstqi0840","primary","N","A","序","序","序","丶 一 丿 乛 丶 ㇇ 亅","丶 一 乛 丿 亅 丶 ㇇"
"cnwstqi0841","primary","N","A","辛","辛","辛","丶 一 丶 丿 一 一 丨","丶 一 一 丶 丨 丿 一"
"cnwstqi0842","primary","N","B","弃","弃","弃","丶 一 丿 一 𠃋 丶 丨","丶 一 𠃋 丶 一 丿 丨"
"cnwstqi0843","primary","N","B","冶","冶","冶","丶 ㇀ 丨 𠃋 𠃍 丶 一","丶 ㇀ 𠃋 丶 丨 𠃍 一"
"cnwstqi0844","primary","N","A","忘","忘","忘","丶 一 ㇄ ㇀ ㇃ 丶 丶","丶 一 丶 丶 ㇃ ㇄ ㇀"
"cnwstqi0845","primary","N","B","闰","闰","闰","丶 丨 一 一 𠃌 一 丨","丶 丨 𠃌 一 一 丨 一"
"cnwstqi0846","primary","N","B","闲","闲","闲","丶 丨 丶 𠃌 丨 丿 一","丶 丨 𠃌 一 丨 丿 丶"
"cnwstqi0847","primary","N","A","间","间","间","丶 丨 𠃌 丨 𠃍 一 一","丶 丨 𠃍 一 𠃌 一 丨"
"cnwstqi0848","primary","N","A","闷","闷","闷","丶 丨 𠃌 ㇀ ㇃ 丶 丶","丶 丨 𠃌 ㇃ 丶 ㇀ 丶"
"cnwstqi0849","primary","N","A","判","判","判","丶 丿 一 一 丿 丨 亅","丶 丿 一 亅 丿 丨 一"
"cnwstqi0850","primary","N","B","兑","兑","兑","丶 丿 丨 一 𠃍 丿 乚","丶 丿 丨 𠃍 一 丿 乚"
"cnwstqi0851","primary","N","B","灶","灶","灶","㇀ 丿 丶 丿 一 丨 一","㇀ 丿 丿 丶 一 丨 一"
"cnwstqi0852","primary","N","A","灿","灿","灿","㇀ 丿 丿 丶 丨 ㇄ 丨","㇀ 丿 ㇄ 丶 丨 丨 丿"
"cnwstqi0853","primary","N","A","灼","灼","灼","㇀ 丿 丿 丶 丿 𠃌 丶","㇀ 丿 丿 丿 丶 𠃌 丶"
"cnwstqi0854","primary","N","A","弟","弟","弟","丶 丿 𠃍 一 ㇉ 丨 丿","丶 丿 𠃍 丨 丿 ㇉ 一"
"cnwstqi0855","primary","N","B","汪","汪","汪","丶 丶 一 一 丨 ㇀ 一","丶 丶 ㇀ 一 一 丨 一"
"cnwstqi0856","primary","N","A","沐","沐","沐","丶 丶 ㇀ 一 丨 丿 ㇏","丶 丶 ㇏ 丨 丿 ㇀ 一"
"cnwstqi0857","primary","N","A","沛","沛","沛","丶 丶 ㇀ 一 丨 𠃌 丨","丶 丶 一 𠃌 丨 ㇀ 丨"
"cnwstqi0858","primary","N","A","汰","汰","汰","丶 丶 ㇀ 一 丿 ㇏ 丶","丶 丶 ㇏ 丶 ㇀ 丿 一"
"cnwstqi0859","primary","N","B","沥","沥","沥","丶 丶 丿 丿 一 ㇀ 𠃌","丶 丶 ㇀ 一 丿 𠃌 丿"
"cnwstqi0860","primary","N","B","沙","沙","沙","丶 丶 丶 丿 丨 丿 ㇀","丶 丶 ㇀ 丨 丿 丶 丿"
"cnwstqi0861","primary","N","B","汽","汽","汽","丶 丶 一 丿 ⺄ 一 ㇀","丶 丶 ㇀ 丿 一 一 ⺄"
"cnwstqi0862","primary","N","A","沃","沃","沃","丶 丶 ㇀ 丿 一 丿 ㇏","丶 丶 一 丿 ㇀ 丿 ㇏"
"cnwstqi0863","primary","N","A","沦","沦","沦","丶 丶 ㇀ 丿 ㇏ 丿 乚","丶 丶 丿 ㇏ ㇀ 丿 乚"
"cnwstqi0864","primary","N","B","汹","汹","汹","丶 丶 ㇄ 丨 丶 ㇀ 丿","丶 丶 ㇀ 丿 丶 ㇄ 丨"
"cnwstqi0865","primary","N","A","泛","泛","泛","丶 丶 ㇀ 丿 丶 ㇇ ㇏","丶 丶 丶 ㇀ ㇏ ㇇ 丿"
"cnwstqi0866","primary","N","B","沧","沧","沧","丶 丶 𠃌 乚 ㇏ ㇀ 丿","丶 丶 ㇀ 丿 ㇏ 𠃌 乚"
"cnwstqi0867","primary","N","A","没","没","没","丶 丶 ㇀ 丿 ㇍ ㇇ ㇏","丶 丶 ㇀ ㇇ 丿 ㇏ ㇍"
"cnwstqi0868","primary","N","B","沟","沟","沟","丶 丶 丿 𠃋 𠃌 丶 ㇀","丶 丶 ㇀ 丿 𠃌 𠃋 丶"
"cnwstqi0869","primary","N","B","沪","沪","沪","丶 丶 一 丶 丿 ㇀ 𠃍","丶 丶 ㇀ 丶 𠃍 一 丿"
"cnwstqi0870","primary","N","B","沈","沈","沈","丶 丶 ㇀ 丿 乛 乚 ㇀","丶 丶 ㇀ ㇀ 乛 丿 乚"
"cnwstqi0871","primary","N","A","沉","沉","沉","丶 丶 ㇀ ㇀ 乛 丿 ⺄","丶 丶 乛 ㇀ ㇀ 丿 ⺄"
"cnwstqi0872","primary","N","A","沁","沁","沁","丶 丶 ㇀ ㇀ ㇃ 丶 丶","丶 丶 ㇀ 丶 ㇀ ㇃ 丶"
"cnwstqi0873","primary","N","A","怀","怀","怀","㇀ 丶 丨 一 丿 丨 丶","㇀ 丶 丿 一 丶 丨 丨"
"cnwstqi0874","primary","N","A","忧","忧","忧","㇀ 丶 丨 一 丿 乚 丶","㇀ 丶 一 丿 丨 乚 丶"
"cnwstqi0875","primary","N","B","忱","忱","忱","㇀ 丶 丨 ㇀ 丿 乛 乚","㇀ 丶 丨 ㇀ 乛 丿 乚"
"cnwstqi0876","primary","N","A","快","快","快","㇀ 丶 丨 𠃍 一 丿 ㇏","㇀ 丶 ㇏ 丿 𠃍 一 丨"
"cnwstqi0877","primary","N","A","完","完","完","丶 ㇀ 乛 一 一 丿 乚","丶 ㇀ 乛 丿 一 一 乚"
"cnwstqi0878","primary","N","A","宋","宋","宋","丶 ㇀ 乛 一 丨 丿 ㇏","丶 ㇀ 一 丨 ㇏ 乛 丿"
"cnwstqi0879","primary","N","A","宏","宏","宏","丶 ㇀ 乛 一 丿 𠃋 丶","丶 ㇀ 丶 丿 乛 一 𠃋"
"cnwstqi0880","primary","N","B","牢","牢","牢","丶 ㇀ 一 丨 丿 一 乛","丶 ㇀ 乛 丿 一 一 丨"
"cnwstqi0881","primary","N","A","究","究","究","丶 ㇀ 乛 丿 丶 丿 ⺄","丶 ㇀ 丶 ⺄ 乛 丿 丿"
"cnwstqi0882","primary","N","A","穷","穷","穷","丶 ㇀ 乛 丿 丶 𠃌 丿","丶 ㇀ 𠃌 丿 乛 丿 丶"
"cnwstqi0883","primary","N","A","灾","灾","灾","丶 ㇀ 乛 ㇀ 丿 丿 ㇏","丶 ㇀ ㇀ 丿 ㇏ 丿 乛"
"cnwstqi0884","primary","N","A","良","良","良","丶 𠃍 一 一 𠄌 丿 ㇏","丶 𠃍 ㇏ 一 一 𠄌 丿"
"cnwstqi0885","primary","N","B","证","证","证","丶 ㇊ 一 一 丨 一 丨","丶 ㇊ 一 丨 一 丨 一"
"cnwstqi0886","primary","N","B","启","启","启","丶 𠃍 丿 𠃍 一 一 丨","丶 𠃍 一 丿 丨 𠃍 一"
"cnwstqi0887","primary","N","B","评","评","评","丶 ㇊ 一 一 丶 丨 丿","丶 ㇊ 一 丶 丿 一 丨"
"cnwstqi0888","primary","N","A","补","补","补","丶 ㇇ 丨 丿 丶 丨 丶","丶 ㇇ 丨 丶 丨 丶 丿"
"cnwstqi0889","primary","N","B","初","初","初","丶 ㇇ 丿 丿 丨 𠃌 丶","丶 ㇇ 丨 丿 丶 𠃌 丿"
"cnwstqi0890","primary","N","A","社","社","社","丶 ㇇ 丨 丶 一 丨 一","丶 ㇇ 丶 一 丨 丨 一"
"cnwstqi0891","primary","N","B","祀","祀","祀","丶 ㇇ 乚 𠃍 一 丨 丶","丶 ㇇ 丨 丶 𠃍 一 乚"
"cnwstqi0892","primary","N","B","识","识","识","丶 ㇊ 丶 丿 丨 一 𠃍","丶 ㇊ 丨 𠃍 一 丿 丶"
"cnwstqi0893","primary","N","A","诈","诈","诈","丶 ㇊ 丿 一 丨 一 一","丶 ㇊ 丨 丿 一 一 一"
"cnwstqi0894","primary","N","A","诉","诉","诉","丶 ㇊ 丿 丿 一 丨 丶","丶 ㇊ 丿 丿 丨 丶 一"
"cnwstqi0895","primary","N","B","罕","罕","罕","㇀ 乛 丶 一 丨 丿 一","㇀ 乛 丿 丶 一 一 丨"
"cnwstqi0896","primary","N","A","诊","诊","诊","丶 ㇊ 丿 ㇏ 丿 丿 丿","丶 ㇊ 丿 丿 ㇏ 丿 丿"
"cnwstqi0897","primary","N","A","词","词","词","丶 ㇊ 𠃌 一 丨 𠃍 一","丶 ㇊ 𠃍 一 一 丨 𠃌"
"cnwstqi0898","primary","N","B","译","译","译","丶 ㇊ ㇏ ㇇ 一 一 丨","丶 ㇊ ㇇ ㇏ 一 一 丨"
"cnwstqi0899","primary","N","B","君","君","君","𠃍 一 丨 一 𠃍 丿 一","𠃍 一 一 丿 丨 𠃍 一"
"cnwstqi0900","primary","N","B","灵","灵","灵","𠃍 一 丿 ㇏ ㇀ 丿 一","𠃍 一 一 ㇀ 丿 丿 ㇏"
"cnwstqi0901","primary","N","B","即","即","即","𠃍 一 一 𠃌 丶 丨 𠄌","𠃍 一 一 𠄌 丶 𠃌 丨"
"cnwstqi0902","primary","N","A","层","层","层","𠃍 一 丿 一 一 𠃋 丶","𠃍 一 一 𠃋 一 丶 丿"
"cnwstqi0903","primary","N","A","屁","屁","屁","𠃍 一 丿 一 𠄌 丿 乚","𠃍 一 乚 丿 丿 𠄌 一"
"cnwstqi0904","primary","N","A","尿","尿","尿","𠃍 一 丿 亅 ㇇ 丿 ㇏","𠃍 一 亅 丿 ㇇ ㇏ 丿"
"cnwstqi0905","primary","N","B","尾","尾","尾","𠃍 一 乚 丿 一 一 丿","𠃍 一 丿 丿 一 一 乚"
"cnwstqi0906","primary","N","B","迟","迟","迟","𠃍 一 ㇋ 丶 丿 丶 ㇏","𠃍 一 丿 丶 丶 ㇋ ㇏"
"cnwstqi0907","primary","N","A","局","局","局","𠃍 一 丿 𠃌 丨 𠃍 一","𠃍 一 𠃌 𠃍 丿 一 丨"
"cnwstqi0908","primary","N","B","改","改","改","𠃍 一 𠄌 丿 丿 ㇏ 一","𠃍 一 𠄌 丿 一 丿 ㇏"
"cnwstqi0909","primary","N","A","张","张","张","𠃍 一 ㇉ 丿 一 𠄌 ㇏","𠃍 一 ㇏ ㇉ 一 𠄌 丿"
"cnwstqi0910","primary","N","A","忌","忌","忌","𠃍 一 乚 ㇀ ㇃ 丶 丶","𠃍 一 丶 ㇀ ㇃ 丶 乚"
"cnwstqi0911","primary","N","B","际","际","际","㇌ 丨 丿 丶 一 亅 一","㇌ 丨 一 一 亅 丿 丶"
"cnwstqi0912","primary","N","B","陆","陆","陆","㇌ 丨 丨 ㇄ 一 一 丨","㇌ 丨 一 一 丨 ㇄ 丨"
"cnwstqi0913","primary","N","B","阿","阿","阿","㇌ 丨 一 丨 亅 𠃍 一","㇌ 丨 一 丨 𠃍 一 亅"
"cnwstqi0914","primary","N","A","陈","陈","陈","㇌ 丨 一 𠃋 亅 丿 丶","㇌ 丨 𠃋 一 丶 亅 丿"
"cnwstqi0915","primary","N","B","阻","阻","阻","㇌ 丨 𠃍 丨 一 一 一","㇌ 丨 丨 𠃍 一 一 一"
"cnwstqi0916","primary","N","A","附","附","附","㇌ 丨 丿 丨 一 亅 丶","㇌ 丨 亅 丨 丶 丿 一"
"cnwstqi0917","primary","N","A","坠","坠","坠","㇌ 丨 丿 ㇏ 一 丨 一","㇌ 丨 丨 丿 ㇏ 一 一"
"cnwstqi0918","primary","N","A","妓","妓","妓","𡿨 丿 一 一 丨 ㇇ ㇏","𡿨 丿 一 一 ㇇ ㇏ 丨"
"cnwstqi0919","primary","N","B","妙","妙","妙","𡿨 丿 丨 一 丿 丶 丿","𡿨 丿 一 丨 丿 丶 丿"
"cnwstqi0920","primary","N","A","妖","妖","妖","𡿨 丿 一 丿 一 丿 ㇏","𡿨 丿 一 丿 丿 一 ㇏"
"cnwstqi0921","primary","N","B","姊","姊","姊","𡿨 丿 丿 ㇉ 丿 一 丨","𡿨 丿 一 丿 ㇉ 丨 丿"
"cnwstqi0922","primary","N","A","妨","妨","妨","𡿨 丿 一 丶 一 𠃌 丿","𡿨 丿 丿 丶 一 一 𠃌"
"cnwstqi0923","primary","N","B","妒","妒","妒","𡿨 丿 丶 一 丿 𠃍 一","𡿨 丿 一 丶 𠃍 一 丿"
"cnwstqi0924","primary","N","B","努","努","努","𡿨 丿 ㇏ 丿 一 ㇇ 𠃌","𡿨 丿 一 ㇇ ㇏ 𠃌 丿"
"cnwstqi0925","primary","N","A","忍","忍","忍","𠃌 丿 ㇀ ㇀ ㇃ 丶 丶","𠃌 丿 ㇀ 丶 ㇃ 丶 ㇀"
"cnwstqi0926","primary","N","A","劲","劲","劲","㇇ 丶 一 丨 ㇀ 𠃌 丿","㇇ 丶 丿 𠃌 一 丨 ㇀"
"cnwstqi0927","primary","N","B","矣","矣","矣","𠃋 丶 一 一 丿 ㇏ 丿","𠃋 丶 丿 一 一 丿 ㇏"
"cnwstqi0928","primary","N","B","鸡","鸡","鸡","㇇ 丶 丿 ㇉ 𠃌 丶 一","㇇ 丶 丿 𠃌 丶 ㇉ 一"
"cnwstqi0929","primary","N","A","纬","纬","纬","𠃋 𠃋 ㇀ 一 一 𠃌 丨","𠃋 𠃋 ㇀ 一 𠃌 丨 一"
"cnwstqi0930","primary","N","B","驱","驱","驱","𠃍 ㇉ 丶 ㇀ 丿 一 ㇄","𠃍 ㇉ ㇀ 一 丿 丶 ㇄"
"cnwstqi0931","primary","N","B","纯","纯","纯","𠃋 𠃋 ㇀ 一 丨 乚 ㇄","𠃋 𠃋 ㇀ 一 ㇄ 丨 乚"
"cnwstqi0932","primary","N","A","纱","纱","纱","𠃋 𠃋 ㇀ 丨 丿 丶 丿","𠃋 𠃋 丿 丿 丨 丶 ㇀"
"cnwstqi0933","primary","N","B","纲","纲","纲","𠃋 𠃋 丶 𠃌 丨 丿 ㇀","𠃋 𠃋 ㇀ 丨 𠃌 丿 丶"
"cnwstqi0934","primary","N","B","纳","纳","纳","𠃋 𠃋 ㇀ 𠃌 丿 丶 丨","𠃋 𠃋 ㇀ 丨 𠃌 丿 丶"
"cnwstqi0935","primary","N","A","驳","驳","驳","𠃍 ㇉ ㇀ 丿 丶 丿 ㇏","𠃍 ㇉ ㇏ 丿 丶 ㇀ 丿"
"cnwstqi0936","primary","N","A","纵","纵","纵","𠃋 𠃋 ㇀ 丿 丶 丿 ㇏","𠃋 𠃋 丿 ㇀ ㇏ 丿 丶"
"cnwstqi0937","primary","N","A","纷","纷","纷","𠃋 𠃋 ㇀ 丿 ㇏ 𠃌 丿","𠃋 𠃋 ㇏ ㇀ 丿 丿 𠃌"
"cnwstqi0938","primary","N","A","纸","纸","纸","𠃋 𠃋 ㇀ 丿 𠄌 一 ㇂","𠃋 𠃋 ㇂ 丿 𠄌 一 ㇀"
"cnwstqi0939","primary","N","B","纹","纹","纹","𠃋 𠃋 丶 ㇀ 丿 一 ㇏","𠃋 𠃋 ㇀ 丶 一 丿 ㇏"
"cnwstqi0940","primary","N","B","纺","纺","纺","𠃋 𠃋 ㇀ 𠃌 丿 丶 一","𠃋 𠃋 ㇀ 丶 一 𠃌 丿"
"cnwstqi0941","primary","N","B","驴","驴","驴","𠃍 ㇉ 丶 丿 𠃍 一 ㇀","𠃍 ㇉ ㇀ 丶 𠃍 一 丿"
"cnwstqi0942","primary","N","B","纽","纽","纽","𠃋 𠃋 丨 一 一 ㇀ 𠃍","𠃋 𠃋 ㇀ 𠃍 丨 一 一"
"cnwstqi0943","primary","N","A","奉","奉","奉","一 一 一 丿 ㇏ 一 一 丨","一 一 丨 一 一 一 丿 ㇏"
"cnwstqi0944","primary","N","A","玩","玩","玩","一 一 丨 ㇀ 一 一 丿 乚","一 一 丨 乚 丿 一 一 ㇀"
"cnwstqi0945","primary","N","A","环","环","环","一 一 丨 ㇀ 一 丿 丨 丶","一 一 丨 一 ㇀ 丶 丿 丨"
"cnwstqi0946","primary","N","B","武","武","武","一 一 丶 丨 ㇀ 一 丨 ㇂","一 一 丨 一 丨 ㇀ ㇂ 丶"
"cnwstqi0947","primary","N","A","青","青","青","一 一 丨 一 丨 𠃌 一 一","一 一 𠃌 丨 一 一 一 丨"
"cnwstqi0948","primary","N","A","责","责","责","一 一 丨 一 丨 𠃍 丿 丶","一 一 𠃍 丶 丿 丨 丨 一"
"cnwstqi0949","primary","N","B","现","现","现","一 一 丨 乚 ㇀ 𠃍 丨 丿","一 一 丨 ㇀ 丨 𠃍 丿 乚"
"cnwstqi0950","primary","N","B","玫","玫","玫","一 一 一 ㇀ 丿 丨 丿 ㇏","一 一 丨 ㇀ 丿 一 丿 ㇏"
"cnwstqi0951","primary","N","A","表","表","表","一 一 丨 一 丿 𠄌 丿 ㇏","一 一 丿 𠄌 丨 一 ㇏ 丿"
"cnwstqi0952","primary","N","A","规","规","规","一 一 丿 丶 丨 𠃍 丿 乚","一 一 丿 丿 丶 丨 乚 𠃍"
"cnwstqi0953","primary","N","A","抹","抹","抹","一 亅 ㇀ 一 一 丨 丿 ㇏","一 亅 一 ㇀ 丨 丿 一 ㇏"
"cnwstqi0954","primary","N","A","卦","卦","卦","一 丨 一 一 丨 ㇀ 丨 丶","一 丨 一 丶 ㇀ 丨 丨 一"
"cnwstqi0955","primary","N","B","坷","坷","坷","一 丨 一 一 ㇀ 𠃍 亅 丨","一 丨 ㇀ 一 丨 𠃍 一 亅"
"cnwstqi0956","primary","N","B","坯","坯","坯","一 丨 一 丨 一 丶 丿 ㇀","一 丨 ㇀ 一 丿 丨 丶 一"
"cnwstqi0957","primary","N","B","拓","拓","拓","一 亅 ㇀ 𠃍 丨 一 丿 一","一 亅 ㇀ 一 丿 丨 𠃍 一"
"cnwstqi0958","primary","N","A","拢","拢","拢","一 亅 ㇀ 一 丿 乚 丿 丶","一 亅 丶 丿 ㇀ 一 丿 乚"
"cnwstqi0959","primary","N","B","拔","拔","拔","一 亅 ㇏ 一 丶 丿 ㇇ ㇀","一 亅 ㇀ 一 丿 ㇇ ㇏ 丶"
"cnwstqi0960","primary","N","B","坪","坪","坪","一 丨 丿 ㇀ 丶 丨 一 一","一 丨 ㇀ 一 丶 丿 一 丨"
"cnwstqi0961","primary","N","B","拣","拣","拣","一 亅 𠃌 丿 𠃋 一 ㇀ 丶","一 亅 ㇀ 一 𠃋 𠃌 丿 丶"
"cnwstqi0962","primary","N","B","坦","坦","坦","一 丨 ㇀ 一 一 𠃍 一 丨","一 丨 ㇀ 丨 𠃍 一 一 一"
"cnwstqi0963","primary","N","A","担","担","担","一 亅 ㇀ 丨 𠃍 一 一 一","一 亅 一 一 丨 一 ㇀ 𠃍"
"cnwstqi0964","primary","N","B","坤","坤","坤","一 丨 ㇀ 一 𠃍 一 丨 丨","一 丨 ㇀ 丨 𠃍 一 一 丨"
"cnwstqi0965","primary","N","B","押","押","押","一 亅 一 ㇀ 一 𠃍 丨 丨","一 亅 ㇀ 丨 𠃍 一 一 丨"
"cnwstqi0966","primary","N","A","抽","抽","抽","一 亅 ㇀ 丨 𠃍 一 丨 一","一 亅 一 𠃍 一 丨 ㇀ 丨"
"cnwstqi0967","primary","N","B","拐","拐","拐","一 亅 ㇀ 一 𠃌 丿 丨 𠃍","一 亅 ㇀ 丨 𠃍 一 𠃌 丿"
"cnwstqi0968","primary","N","A","拖","拖","拖","一 亅 ㇀ 丿 一 𠃌 丨 乚","一 亅 丿 丨 一 ㇀ 乚 𠃌"
"cnwstqi0969","primary","N","A","者","者","者","一 丨 一 丿 丨 𠃍 一 一","一 丨 丿 𠃍 一 一 一 丨"
"cnwstqi0970","primary","N","B","拍","拍","拍","一 亅 一 丨 ㇀ 𠃍 一 丿","一 亅 ㇀ 丿 丨 𠃍 一 一"
"cnwstqi0971","primary","N","A","顶","顶","顶","一 亅 一 丿 丨 𠃍 丿 丶","一 亅 丿 丨 𠃍 丿 一 丶"
"cnwstqi0972","primary","N","A","拆","拆","拆","一 亅 ㇀ 丿 丿 一 丨 丶","一 亅 一 丨 丿 丿 丶 ㇀"
"cnwstqi0973","primary","N","A","拎","拎","拎","一 亅 ㇀ 丿 ㇏ 丶 ㇇ 丶","一 亅 丶 丿 ㇀ ㇇ ㇏ 丶"
"cnwstqi0974","primary","N","A","拥","拥","拥","一 亅 ㇀ 丿 𠃌 一 一 丨","一 亅 一 丨 ㇀ 丿 𠃌 一"
"cnwstqi0975","primary","N","B","抵","抵","抵","一 亅 丶 𠄌 一 ㇀ 丿 ㇂","一 亅 ㇀ 丿 𠄌 一 ㇂ 丶"
"cnwstqi0976","primary","N","A","拘","拘","拘","一 亅 ㇀ 丿 𠃌 丨 𠃍 一","一 亅 𠃍 一 丿 𠃌 ㇀ 丨"
"cnwstqi0977","primary","N","A","势","势","势","一 亅 ㇀ 丿 ⺄ 丶 𠃌 丿","一 亅 丶 ㇀ ⺄ 丿 𠃌 丿"
"cnwstqi0978","primary","N","A","抱","抱","抱","一 亅 ㇀ 丿 𠃌 𠃍 一 乚","一 亅 乚 一 𠃌 ㇀ 丿 𠃍"
"cnwstqi0979","primary","N","A","拄","拄","拄","一 亅 ㇀ 丶 一 一 丨 一","一 亅 ㇀ 一 丨 一 一 丶"
"cnwstqi0980","primary","N","A","垃","垃","垃","一 丨 ㇀ 丶 一 丶 丿 一","一 丨 一 一 丿 丶 丶 ㇀"
"cnwstqi0981","primary","N","A","拉","拉","拉","一 亅 ㇀ 丶 一 丶 丿 一","一 亅 一 丿 一 丶 ㇀ 丶"
"cnwstqi0982","primary","N","B","拦","拦","拦","一 亅 一 一 丶 丿 ㇀ 一","一 亅 ㇀ 丶 丿 一 一 一"
"cnwstqi0983","primary","N","B","幸","幸","幸","一 丨 一 一 丶 丨 丿 一","一 丨 一 丶 丿 一 一 丨"
"cnwstqi0984","primary","N","B","拌","拌","拌","一 亅 丿 ㇀ 丨 一 丶 一","一 亅 ㇀ 丶 丿 一 一 丨"
"cnwstqi0985","primary","N","B","拧","拧","拧","一 亅 ㇀ 丶 乛 ㇀ 亅 一","一 亅 ㇀ 丶 ㇀ 乛 一 亅"
"cnwstqi0986","primary","N","A","拂","拂","拂","一 亅 ㇀ 𠃍 一 ㇉ 丿 丨","一 亅 ㇀ 丿 一 𠃍 丨 ㇉"
"cnwstqi0987","primary","N","A","拙","拙","拙","一 亅 ㇀ ㇄ 丨 丨 ㇄ 丨","一 亅 ㇄ 丨 ㇀ 丨 ㇄ 丨"
"cnwstqi0988","primary","N","A","招","招","招","一 亅 ㇀ 𠃌 丿 丨 𠃍 一","一 亅 一 ㇀ 𠃍 丿 丨 𠃌"
"cnwstqi0989","primary","N","B","坡","坡","坡","一 丨 丨 ㇏ 乛 乛 丿 ㇀","一 丨 ㇀ 乛 丿 丨 乛 ㇏"
"cnwstqi0990","primary","N","A","披","披","披","一 亅 ㇀ 乛 丿 丨 乛 ㇏","一 亅 丿 ㇏ 丨 ㇀ 乛 乛"
"cnwstqi0991","primary","N","B","拨","拨","拨","一 亅 丶 丿 ㇀ 𠃋 ㇏ ㇇","一 亅 ㇀ 𠃋 丿 ㇇ ㇏ 丶"
"cnwstqi0992","primary","N","B","择","择","择","一 亅 丨 ㇇ 一 ㇀ ㇏ 一","一 亅 ㇀ ㇇ ㇏ 一 一 丨"
"cnwstqi0993","primary","N","B","抬","抬","抬","一 亅 丨 一 丶 ㇀ 𠃍 𠃋","一 亅 ㇀ 𠃋 丶 丨 𠃍 一"
"cnwstqi0994","primary","N","A","拇","拇","拇","一 亅 ㇀ ㇄ 𠃌 丶 一 丶","一 亅 𠃌 一 ㇀ 丶 丶 ㇄"
"cnwstqi0995","primary","N","A","拗","拗","拗","一 亅 ㇀ 𠃋 𠃋 丶 𠃌 丿","一 亅 丿 丶 𠃋 𠃋 ㇀ 𠃌"
"cnwstqi0996","primary","N","A","其","其","其","一 丨 丨 一 一 一 丿 丶","一 丨 一 丶 丿 丨 一 一"
"cnwstqi0997","primary","N","A","取","取","取","一 丨 丨 一 一 ㇀ ㇇ ㇏","一 丨 一 ㇀ ㇇ 丨 一 ㇏"
"cnwstqi0998","primary","N","B","茉","茉","茉","一 丨 ㇏ 丿 一 丨 一 丨","一 丨 丨 一 一 丨 丿 ㇏"
"cnwstqi0999","primary","N","A","苦","苦","苦","一 丨 丨 一 丨 丨 𠃍 一","一 丨 一 𠃍 丨 丨 一 丨"
"cnwstqi1000","primary","N","A","昔","昔","昔","一 丨 丨 一 丨 𠃍 一 一","一 丨 一 一 𠃍 丨 一 丨"
"cnwstqi1001","primary","N","B","苛","苛","苛","一 丨 一 亅 𠃍 丨 丨 一","一 丨 丨 一 丨 𠃍 一 亅"
"cnwstqi1002","primary","N","B","若","若","若","一 丨 一 一 丿 丨 𠃍 丨","一 丨 丨 一 丿 丨 𠃍 一"
"cnwstqi1003","primary","N","A","茂","茂","茂","一 丨 丨 一 丿 ㇂ 丿 丶","一 丨 丿 一 丿 ㇂ 丶 丨"
"cnwstqi1004","primary","N","B","苹","苹","苹","一 丨 一 丨 丨 丶 一 丿","一 丨 丨 一 丶 丿 一 丨"
"cnwstqi1005","primary","N","B","苗","苗","苗","一 丨 丨 丨 丨 一 一 𠃍","一 丨 丨 丨 𠃍 一 丨 一"
"cnwstqi1006","primary","N","B","英","英","英","一 丨 丿 𠃍 丨 ㇏ 丨 一","一 丨 丨 丨 𠃍 一 丿 ㇏"
"cnwstqi1007","primary","N","A","苟","苟","苟","一 丨 丨 丿 𠃌 丨 𠃍 一","一 丨 一 丨 𠃌 丿 丨 𠃍"
"cnwstqi1008","primary","N","A","苑","苑","苑","一 丨 丨 丿 ㇇ 丶 𠃌 乚","一 丨 丿 乚 ㇇ 𠃌 丨 丶"
"cnwstqi1009","primary","N","A","苞","苞","苞","一 丨 丨 丿 𠃌 𠃍 一 乚","一 丨 𠃌 丿 𠃍 乚 丨 一"
"cnwstqi1010","primary","N","A","范","范","范","一 丨 丨 丶 丶 ㇀ 𠃌 乚","一 丨 丶 乚 丨 𠃌 丶 ㇀"
"cnwstqi1011","primary","N","A","直","直","直","一 丨 丨 𠃍 一 一 一 一","一 丨 一 一 𠃍 一 丨 一"
"cnwstqi1012","primary","N","B","茁","茁","茁","一 丨 丨 丨 丨 丨 ㇄ ㇄","一 丨 丨 ㇄ 丨 丨 ㇄ 丨"
"cnwstqi1013","primary","N","B","茄","茄","茄","一 丨 丨 一 丿 𠃍 丨 𠃌","一 丨 丨 𠃌 丿 丨 𠃍 一"
"cnwstqi1014","primary","N","A","茎","茎","茎","一 丨 丨 ㇇ 丶 一 丨 一","一 丨 丶 ㇇ 一 丨 一 丨"
"cnwstqi1015","primary","N","A","苔","苔","苔","一 丨 丨 𠃋 丶 丨 𠃍 一","一 丨 丨 丨 丶 𠃋 一 𠃍"
"cnwstqi1016","primary","N","A","茅","茅","茅","一 丨 丨 乛 丶 乛 亅 丿","一 丨 丶 丿 乛 丨 乛 亅"
"cnwstqi1017","primary","N","A","枉","枉","枉","一 丨 丿 丶 一 一 丨 一","一 丨 一 一 丿 丶 一 丨"
"cnwstqi1018","primary","N","A","林","林","林","一 丨 丿 丶 一 丨 丿 ㇏","一 丨 ㇏ 一 丿 丨 丶 丿"
"cnwstqi1019","primary","N","A","枝","枝","枝","一 丨 丿 丶 一 丨 ㇇ ㇏","一 丨 ㇏ 丿 ㇇ 丨 一 丶"
"cnwstqi1020","primary","N","B","杯","杯","杯","一 丨 丶 一 丿 丨 丿 丶","一 丨 丿 丶 一 丿 丨 丶"
"cnwstqi1021","primary","N","B","枢","枢","枢","一 丨 一 丿 丶 丶 丿 ㇄","一 丨 丿 丶 一 丿 丶 ㇄"
"cnwstqi1022","primary","N","B","柜","柜","柜","一 丨 𠃍 丿 一 丶 ㇄ 一","一 丨 丿 丶 一 𠃍 一 ㇄"
"cnwstqi1023","primary","N","B","枚","枚","枚","一 丨 丶 丿 丿 一 丿 ㇏","一 丨 丿 丶 丿 一 丿 ㇏"
"cnwstqi1024","primary","N","B","析","析","析","一 丨 丿 丶 一 丨 丿 丿","一 丨 丿 丶 丿 丿 一 丨"
"cnwstqi1025","primary","N","A","板","板","板","一 丨 丿 丶 丿 丿 ㇇ ㇏","一 丨 丿 丶 丿 ㇇ 丿 ㇏"
"cnwstqi1026","primary","N","A","松","松","松","一 丨 丿 丶 丿 ㇏ 𠃋 丶","一 丨 丶 丿 丿 丶 𠃋 ㇏"
"cnwstqi1027","primary","N","B","枪","枪","枪","一 丨 丿 𠃌 乚 丿 ㇏ 丶","一 丨 丿 丶 丿 ㇏ 𠃌 乚"
"cnwstqi1028","primary","N","A","枫","枫","枫","一 丨 丿 丶 丿 ⺄ 丿 丶","一 丨 丿 丶 丿 丶 ⺄ 丿"
"cnwstqi1029","primary","N","B","构","构","构","一 丨 丿 丿 𠃋 𠃌 丶 丶","一 丨 丿 丶 丿 𠃌 𠃋 丶"
"cnwstqi1030","primary","N","B","杭","杭","杭","一 丨 丶 丿 丿 丶 一 ⺄","一 丨 丿 丶 丶 一 丿 ⺄"
"cnwstqi1031","primary","N","B","杰","杰","杰","一 丨 ㇏ 丶 丶 丿 丶 ㇀","一 丨 丿 ㇏ ㇀ 丶 丶 丶"
"cnwstqi1032","primary","N","B","述","述","述","一 丨 丶 ㇏ 丿 ㇋ 丶 丶","一 丨 丿 丶 丶 丶 ㇋ ㇏"
"cnwstqi1033","primary","N","A","枕","枕","枕","一 丨 丿 丶 ㇀ 乛 丿 乚","一 丨 乚 丶 丿 乛 丿 ㇀"
"cnwstqi1034","primary","N","B","丧","丧","丧","一 丨 一 丶 丿 𠄌 丿 ㇏","一 丨 丶 丿 一 𠄌 丿 ㇏"
"cnwstqi1035","primary","N","B","或","或","或","一 丨 丿 𠃍 ㇀ 一 丶 ㇂","一 丨 𠃍 一 ㇀ ㇂ 丿 丶"
"cnwstqi1036","primary","N","A","画","画","画","一 丨 𠃍 一 丨 一 ㇄ 丨","一 丨 一 一 𠃍 丨 丨 ㇄"
"cnwstqi1037","primary","N","A","卧","卧","卧","一 丨 𠃍 一 丨 ㇄ 丨 丶","一 丨 𠃍 丨 ㇄ 一 丨 丶"
"cnwstqi1038","primary","N","A","事","事","事","一 丨 𠃍 一 𠃍 一 一 亅","一 丨 一 一 𠃍 𠃍 一 亅"
"cnwstqi1039","primary","N","B","刺","刺","刺","一 丨 丨 丶 亅 丨 𠃌 丿","一 丨 𠃌 丨 丿 丶 丨 亅"
"cnwstqi1040","primary","N","A","枣","枣","枣","一 丨 𠃍 丨 丿 ㇏ 丶 丶","一 丨 丶 丨 ㇏ 𠃍 丶 丿"
"cnwstqi1041","primary","N","B","雨","雨","雨","一 丨 丶 丨 丶 丶 𠃌 丶","一 丨 𠃌 丨 丶 丶 丶 丶"
"cnwstqi1042","primary","N","A","卖","卖","卖","一 丨 乛 丶 丶 一 丿 丶","一 丨 一 乛 丶 丶 丶 丿"
"cnwstqi1043","primary","N","A","郁","郁","郁","一 丿 丨 𠃌 一 一 ㇌ 丨","一 丿 ㇌ 𠃌 一 丨 一 丨"
"cnwstqi1044","primary","N","A","矾","矾","矾","一 丿 丨 𠃍 一 丿 ⺄ 丶","一 丿 一 丿 丶 ⺄ 丨 𠃍"
"cnwstqi1045","primary","N","A","矿","矿","矿","一 丿 丨 𠃍 一 丶 一 丿","一 丿 丨 一 𠃍 丶 一 丿"
"cnwstqi1046","primary","N","B","码","码","码","一 丿 𠃍 ㇉ 一 一 𠃍 丨","一 丿 丨 𠃍 一 𠃍 ㇉ 一"
"cnwstqi1047","primary","N","B","厕","厕","厕","一 丿 𠃍 丶 丿 丨 亅 丨","一 丿 丨 𠃍 丿 丶 丨 亅"
"cnwstqi1048","primary","N","A","奈","奈","奈","一 丿 ㇏ 一 一 亅 丿 丶","一 丿 ㇏ 一 丶 丿 亅 一"
"cnwstqi1049","primary","N","B","奔","奔","奔","一 丿 丨 丨 丿 一 一 ㇏","一 丿 ㇏ 一 丨 一 丿 丨"
"cnwstqi1050","primary","N","A","奇","奇","奇","一 丿 丶 一 丨 𠃍 一 亅","一 丿 亅 丨 丶 𠃍 一 一"
"cnwstqi1051","primary","N","A","奋","奋","奋","一 丿 ㇏ 丨 𠃍 一 丨 一","一 丿 𠃍 一 ㇏ 一 丨 丨"
"cnwstqi1052","primary","N","A","态","态","态","一 丿 ㇏ 丶 ㇀ ㇃ 丶 丶","一 丿 ㇃ ㇏ 丶 丶 ㇀ 丶"
"cnwstqi1053","primary","N","A","欧","欧","欧","一 丿 丶 ㇄ 丿 乛 丿 ㇏","一 丿 ㇏ 乛 ㇄ 丿 丿 丶"
"cnwstqi1054","primary","N","B","殴","殴","殴","一 丿 ㇍ 丿 丶 ㇏ ㇄ ㇇","一 丿 丶 ㇄ 丿 ㇍ ㇇ ㇏"
"cnwstqi1055","primary","N","B","垄","垄","垄","一 丿 丿 丶 一 一 乚 丨","一 丿 乚 丿 丶 一 丨 一"
"cnwstqi1056","primary","N","A","妻","妻","妻","一 𠃍 一 一 丨 𡿨 丿 一","一 𠃍 丨 丿 𡿨 一 一 一"
"cnwstqi1057","primary","N","A","轰","轰","轰","一 𠃋 一 丨 ㇇ 丶 ㇇ ㇏","一 𠃋 一 丨 ㇏ ㇇ ㇇ 丶"
"cnwstqi1058","primary","N","B","顷","顷","顷","一 𠄌 丶 丿 𠃍 丿 丨 一","一 𠄌 一 丿 丨 𠃍 丿 丶"
"cnwstqi1059","primary","N","A","转","转","转","一 𠃋 丨 ㇀ 一 一 ㄣ 丶","一 𠃋 ㄣ 一 ㇀ 丶 丨 一"
"cnwstqi1060","primary","N","B","斩","斩","斩","一 𠃋 丨 丨 丿 丿 一 ㇀","一 𠃋 丨 ㇀ 丿 丿 一 丨"
"cnwstqi1061","primary","N","B","轮","轮","轮","一 𠃋 ㇏ 丿 丨 ㇀ 乚 丿","一 𠃋 丨 ㇀ 丿 ㇏ 丿 乚"
"cnwstqi1062","primary","N","B","软","软","软","一 𠃋 ㇏ 乛 丨 丿 ㇀ 丿","一 𠃋 丨 ㇀ 丿 乛 丿 ㇏"
"cnwstqi1063","primary","N","A","到","到","到","一 𠃋 丶 一 丨 ㇀ 丨 亅","一 𠃋 丶 一 丨 ㇀ 亅 丨"
"cnwstqi1064","primary","N","A","非","非","非","丨 一 一 一 丨 一 一 一","丨 一 一 一 一 一 一 丨"
"cnwstqi1065","primary","N","B","叔","叔","叔","丨 一 丿 亅 丶 ㇏ 一 ㇇","丨 一 一 亅 丿 丶 ㇇ ㇏"
"cnwstqi1066","primary","N","A","歧","歧","歧","丨 一 丨 ㇀ 一 丨 ㇇ ㇏","丨 一 ㇇ 一 ㇀ ㇏ 丨 丨"
"cnwstqi1067","primary","N","B","肯","肯","肯","丨 一 丨 一 一 一 𠃌 丨","丨 一 丨 一 丨 𠃌 一 一"
"cnwstqi1068","primary","N","B","齿","齿","齿","丨 一 丨 ㇄ 丨 丿 一 丶","丨 一 丨 一 丿 丶 ㇄ 丨"
"cnwstqi1069","primary","N","A","些","些","些","丨 一 丨 ㇀ 丿 乚 一 一","丨 一 丿 乚 一 一 丨 ㇀"
"cnwstqi1070","primary","N","B","卓","卓","卓","丨 一 一 一 丨 𠃍 丨 一","丨 一 丨 𠃍 一 一 一 丨"
"cnwstqi1071","primary","N","B","虎","虎","虎","丨 一 ⺄ 乚 丿 乛 丿 一","丨 一 乛 丿 一 乚 丿 ⺄"
"cnwstqi1072","primary","N","B","虏","虏","虏","丨 一 丿 乚 丿 乛 𠃌 一","丨 一 乛 丿 一 乚 𠃌 丿"
"cnwstqi1073","primary","N","B","肾","肾","肾","丨 丨 ㇏ 一 丨 一 ㇇ 𠃌","丨 丨 ㇇ ㇏ 丨 𠃌 一 一"
"cnwstqi1074","primary","N","B","贤","贤","贤","丨 丨 ㇏ ㇇ 丿 丨 丶 𠃍","丨 丨 ㇇ ㇏ 丨 𠃍 丿 丶"
"cnwstqi1075","primary","N","B","尚","尚","尚","丨 丶 𠃍 𠃌 一 丿 丨 丨","丨 丶 丿 丨 𠃌 丨 𠃍 一"
"cnwstqi1076","primary","N","B","旺","旺","旺","丨 𠃍 一 一 丨 一 一 一","丨 𠃍 一 一 一 一 丨 一"
"cnwstqi1077","primary","N","B","具","具","具","丨 𠃍 丿 一 一 一 丶 一","丨 𠃍 一 一 一 一 丿 丶"
"cnwstqi1078","primary","N","B","味","味","味","丨 𠃍 一 丿 一 丨 ㇏ 一","丨 𠃍 一 一 一 丨 丿 ㇏"
"cnwstqi1079","primary","N","B","果","果","果","丨 𠃍 丿 一 一 一 丨 ㇏","丨 𠃍 一 一 一 丨 丿 ㇏"
"cnwstqi1080","primary","N","A","昆","昆","昆","丨 𠃍 一 一 一 𠄌 丿 乚","丨 𠃍 一 丿 一 乚 一 𠄌"
"cnwstqi1081","primary","N","B","国","国","国","丨 𠃍 一 丶 一 一 丨 一","丨 𠃍 一 一 丨 一 丶 一"
"cnwstqi1082","primary","N","A","哎","哎","哎","丨 𠃍 一 一 丨 丨 丿 ㇏","丨 𠃍 丨 丿 一 一 ㇏ 丨"
"cnwstqi1083","primary","N","B","咕","咕","咕","丨 𠃍 丨 一 一 丨 𠃍 一","丨 𠃍 一 一 丨 丨 𠃍 一"
"cnwstqi1084","primary","N","B","昌","昌","昌","丨 𠃍 一 一 𠃍 丨 一 一","丨 𠃍 一 一 丨 𠃍 一 一"
"cnwstqi1085","primary","N","B","呵","呵","呵","丨 𠃍 丨 亅 一 一 一 𠃍","丨 𠃍 一 一 丨 𠃍 一 亅"
"cnwstqi1086","primary","N","B","畅","畅","畅","丨 𠃍 丿 一 一 𠄎 丿 丨","丨 𠃍 一 一 丨 𠄎 丿 丿"
"cnwstqi1087","primary","N","B","明","明","明","丨 𠃍 一 丿 𠃌 一 一 一","丨 𠃍 一 一 丿 𠃌 一 一"
"cnwstqi1088","primary","N","A","易","易","易","丨 𠃍 一 一 丿 𠃌 丿 丿","丨 𠃍 丿 丿 丿 一 一 𠃌"
"cnwstqi1089","primary","N","A","咙","咙","咙","丨 𠃍 一 一 丿 乚 丿 丶","丨 𠃍 一 乚 丿 丶 一 丿"
"cnwstqi1090","primary","N","A","昂","昂","昂","丨 𠃍 一 一 丿 𠄌 𠃌 丨","丨 𠃍 一 𠄌 一 𠃌 丿 丨"
"cnwstqi1091","primary","N","B","迪","迪","迪","丨 𠃍 ㇏ 一 丶 ㇋ 丨 一","丨 𠃍 一 丨 一 丶 ㇋ ㇏"
"cnwstqi1092","primary","N","B","典","典","典","丨 𠃍 丨 丿 丨 丶 一 一","丨 𠃍 一 丨 丨 一 丿 丶"
"cnwstqi1093","primary","N","A","固","固","固","丨 𠃍 一 丨 丨 𠃍 一 一","丨 𠃍 一 丨 丨 一 一 𠃍"
"cnwstqi1094","primary","N","A","忠","忠","忠","丨 𠃍 一 丨 ㇀ ㇃ 丶 丶","丨 𠃍 ㇀ ㇃ 丶 丨 丶 一"
"cnwstqi1095","primary","N","B","呻","呻","呻","丨 𠃍 一 一 丨 丨 一 𠃍","丨 𠃍 一 丨 𠃍 一 一 丨"
"cnwstqi1096","primary","N","A","咒","咒","咒","丨 𠃍 一 丨 𠃍 一 丿 ⺄","丨 𠃍 丿 𠃍 一 丨 一 ⺄"
"cnwstqi1097","primary","N","B","咋","咋","咋","丨 𠃍 一 丨 丿 一 一 一","丨 𠃍 一 丿 一 丨 一 一"
"cnwstqi1098","primary","N","A","咐","咐","咐","丨 𠃍 一 丿 丨 一 亅 丶","丨 𠃍 丨 一 一 丿 亅 丶"
"cnwstqi1099","primary","N","B","呼","呼","呼","丨 𠃍 丿 一 亅 一 丶 丿","丨 𠃍 一 丿 丶 丿 一 亅"
"cnwstqi1100","primary","N","A","鸣","鸣","鸣","丨 𠃍 一 丿 𠃌 丶 ㇉ 一","丨 𠃍 ㇉ 丶 丿 一 一 𠃌"
"cnwstqi1101","primary","N","B","咏","咏","咏","丨 𠃍 ㇇ 丶 𠃌 丿 ㇏ 一","丨 𠃍 一 丶 𠃌 ㇇ 丿 ㇏"
"cnwstqi1102","primary","N","B","呢","呢","呢","丨 𠃍 一 丿 乚 𠃍 丿 一","丨 𠃍 一 𠃍 一 丿 丿 乚"
"cnwstqi1103","primary","N","B","咄","咄","咄","丨 𠃍 丨 丨 丨 一 ㇄ ㇄","丨 𠃍 一 ㇄ 丨 丨 ㇄ 丨"
"cnwstqi1104","primary","N","B","咖","咖","咖","丨 𠃍 一 𠃍 丨 𠃌 丿 一","丨 𠃍 一 𠃌 丿 丨 𠃍 一"
"cnwstqi1105","primary","N","A","岸","岸","岸","丨 ㇄ 丨 一 丿 一 一 丨","丨 ㇄ 丨 丿 丨 一 一 一"
"cnwstqi1106","primary","N","A","岩","岩","岩","丨 ㇄ 丨 一 丿 丨 𠃍 一","丨 ㇄ 𠃍 丿 一 丨 一 丨"
"cnwstqi1107","primary","N","B","帖","帖","帖","丨 𠃌 丨 一 丨 丨 一 𠃍","丨 𠃌 丨 丨 一 丨 𠃍 一"
"cnwstqi1108","primary","N","A","罗","罗","罗","丨 𠃍 丨 丨 一 丿 ㇇ 丶","丨 𠃍 丶 一 丿 丨 ㇇ 丨"
"cnwstqi1109","primary","N","A","帜","帜","帜","丨 𠃌 丨 丨 𠃍 一 丿 丶","丨 𠃌 一 丨 丿 丨 丶 𠃍"
"cnwstqi1110","primary","N","A","帕","帕","帕","丨 𠃌 丨 丿 丨 𠃍 一 一","丨 𠃌 𠃍 丨 丨 一 丿 一"
"cnwstqi1111","primary","N","B","岭","岭","岭","丨 ㇄ 丶 丿 ㇏ ㇇ 丶 丨","丨 ㇄ 丨 丿 ㇏ 丶 ㇇ 丶"
"cnwstqi1112","primary","N","B","凯","凯","凯","丨 ㇄ 𠃍 ⺄ 丿 一 𠄌 丨","丨 ㇄ 丨 𠃍 一 𠄌 丿 ⺄"
"cnwstqi1113","primary","N","B","败","败","败","丨 𠃍 丿 ㇏ 一 丿 丿 丶","丨 𠃍 丿 丶 丿 一 丿 ㇏"
"cnwstqi1114","primary","N","A","账","账","账","丨 𠃍 丿 丶 丿 一 𠄌 ㇏","丨 𠃍 ㇏ 丿 丿 丶 𠄌 一"
"cnwstqi1115","primary","N","B","贩","贩","贩","丨 𠃍 丿 ㇏ 丶 ㇇ 丿 丿","丨 𠃍 丿 丶 丿 丿 ㇇ ㇏"
"cnwstqi1116","primary","N","A","贬","贬","贬","丨 𠃍 丿 丶 丿 丶 ㇇ ㇏","丨 𠃍 丶 ㇏ 丶 丿 ㇇ 丿"
"cnwstqi1117","primary","N","B","购","购","购","丨 𠃍 丶 丶 𠃋 𠃌 丿 丿","丨 𠃍 丿 丶 丿 𠃌 𠃋 丶"
"cnwstqi1118","primary","N","A","贮","贮","贮","丨 𠃍 丿 丶 丶 ㇀ 乛 一","丨 𠃍 ㇀ 丿 一 丶 乛 丶"
"cnwstqi1119","primary","N","A","图","图","图","丨 𠃍 丿 ㇇ ㇏ 丶 丶 一","丨 𠃍 一 丶 丿 ㇏ 丶 ㇇"
"cnwstqi1120","primary","N","B","钓","钓","钓","丿 一 一 丿 一 丶 𠃌 𠄌","丿 一 一 一 𠄌 丿 𠃌 丶"
"cnwstqi1121","primary","N","A","制","制","制","丿 一 一 丨 𠃌 丨 丨 亅","丿 一 一 丨 𠃌 丨 亅 丨"
"cnwstqi1122","primary","N","A","知","知","知","丿 一 一 丿 丶 丨 𠃍 一","丿 一 丨 丶 一 丿 𠃍 一"
"cnwstqi1123","primary","N","A","迭","迭","迭","丿 一 一 丿 丶 丶 ㇋ ㇏","丿 一 丶 ㇏ ㇋ 丿 丶 一"
"cnwstqi1124","primary","N","A","氛","氛","氛","丿 一 一 ⺄ 丿 ㇏ 𠃌 丿","丿 一 一 ㇏ 丿 𠃌 ⺄ 丿"
"cnwstqi1125","primary","N","B","垂","垂","垂","丿 一 丨 一 一 一 丨 丨","丿 一 丨 一 丨 丨 一 一"
"cnwstqi1126","primary","N","B","牧","牧","牧","丿 一 丿 ㇀ 丨 丿 一 ㇏","丿 一 丨 ㇀ 丿 一 丿 ㇏"
"cnwstqi1127","primary","N","B","物","物","物","丿 一 丿 𠃌 丿 丿 ㇀ 丨","丿 一 丨 ㇀ 丿 𠃌 丿 丿"
"cnwstqi1128","primary","N","B","乖","乖","乖","丿 一 丨 ㇀ 丨 乚 丿 一","丿 一 丨 丨 一 ㇀ 丿 乚"
"cnwstqi1129","primary","N","A","刮","刮","刮","丿 一 丨 丨 𠃍 一 丨 亅","丿 一 𠃍 丨 丨 丨 一 亅"
"cnwstqi1130","primary","N","A","秆","秆","秆","丿 一 丨 丿 丶 一 一 丨","丿 一 丿 丨 丶 丨 一 一"
"cnwstqi1131","primary","N","A","和","和","和","丿 一 丨 丿 丶 丨 𠃍 一","丿 一 丨 丨 丿 丶 𠃍 一"
"cnwstqi1132","primary","N","A","季","季","季","丿 一 丨 丿 ㇏ ㇇ 亅 一","丿 一 ㇏ 丨 亅 ㇇ 丿 一"
"cnwstqi1133","primary","N","B","委","委","委","丿 一 丨 丿 丿 ㇏ 一 𡿨","丿 一 丨 丿 ㇏ 𡿨 丿 一"
"cnwstqi1134","primary","N","A","秉","秉","秉","丿 一 𠃍 一 一 丨 丿 ㇏","丿 一 一 丨 ㇏ 一 𠃍 丿"
"cnwstqi1135","primary","N","B","佳","佳","佳","丿 丨 丨 一 丨 一 一 一","丿 丨 一 丨 一 一 丨 一"
"cnwstqi1136","primary","N","B","侍","侍","侍","丿 丨 一 亅 一 一 丶 丨","丿 丨 一 丨 一 一 亅 丶"
"cnwstqi1137","primary","N","A","岳","岳","岳","丿 丨 一 丨 一 丨 ㇄ 丨","丿 丨 丨 丨 一 一 ㇄ 丨"
"cnwstqi1138","primary","N","A","供","供","供","丿 丨 一 丨 丨 一 丿 丶","丿 丨 丨 一 一 丿 丨 丶"
"cnwstqi1139","primary","N","B","使","使","使","丿 丨 丿 一 𠃍 丨 ㇏ 一","丿 丨 一 丨 𠃍 一 丿 ㇏"
"cnwstqi1140","primary","N","B","例","例","例","丿 丨 ㇇ 亅 丶 一 丨 丿","丿 丨 一 丿 ㇇ 丶 丨 亅"
"cnwstqi1141","primary","N","B","侠","侠","侠","丿 丨 丿 一 丿 一 丶 ㇏","丿 丨 一 丶 丿 一 丿 ㇏"
"cnwstqi1142","primary","N","B","侥","侥","侥","丿 丨 一 乚 丿 丿 一 ㇂","丿 丨 一 ㇂ 丿 一 丿 乚"
"cnwstqi1143","primary","N","A","版","版","版","丿 丨 一 𠃍 丿 丿 ㇇ ㇏","丿 丨 丿 丿 ㇏ ㇇ 𠃍 一"
"cnwstqi1144","primary","N","A","侄","侄","侄","丿 丨 一 𠃋 丶 一 丨 一","丿 丨 一 丨 丶 一 一 𠃋"
"cnwstqi1145","primary","N","A","侦","侦","侦","丿 丨 丨 一 丨 𠃍 丿 丶","丿 丨 丨 丨 丶 一 丿 𠃍"
"cnwstqi1146","primary","N","B","侣","侣","侣","丿 丨 一 𠃍 𠃍 丨 一 丨","丿 丨 丨 𠃍 一 丨 𠃍 一"
"cnwstqi1147","primary","N","A","侧","侧","侧","丿 丨 丨 𠃍 丿 丶 丨 亅","丿 丨 𠃍 丶 丿 丨 丨 亅"
"cnwstqi1148","primary","N","A","凭","凭","凭","丿 丨 丿 一 丨 一 丿 ⺄","丿 丨 ⺄ 丿 丨 一 丿 一"
"cnwstqi1149","primary","N","A","侨","侨","侨","丿 丨 丿 一 丿 ㇏ 丿 丨","丿 丨 一 丨 丿 丿 丿 ㇏"
"cnwstqi1150","primary","N","A","佩","佩","佩","丿 丨 丿 ⺄ 一 丨 𠃌 丨","丿 丨 𠃌 丿 ⺄ 丨 一 丨"
"cnwstqi1151","primary","N","A","货","货","货","丿 丨 丿 乚 丨 𠃍 丿 丶","丿 丨 丶 𠃍 乚 丨 丿 丿"
"cnwstqi1152","primary","N","A","侈","侈","侈","丿 丨 丿 ㇇ 丶 丿 ㇇ 丶","丿 丨 丿 ㇇ 丿 ㇇ 丶 丶"
"cnwstqi1153","primary","N","A","依","依","依","丿 丨 丶 一 丿 𠄌 丿 ㇏","丿 丨 ㇏ 一 丶 丿 𠄌 丿"
"cnwstqi1154","primary","N","B","卑","卑","卑","丿 丨 一 一 丿 丨 一 𠃍","丿 丨 𠃍 一 一 丿 一 丨"
"cnwstqi1155","primary","N","A","的","的","的","丿 丨 𠃍 一 一 丿 𠃌 丶","丿 丨 𠃍 一 丿 丶 一 𠃌"
"cnwstqi1156","primary","N","B","迫","迫","迫","丿 丨 一 一 ㇏ 𠃍 ㇋ 丶","丿 丨 𠃍 一 一 丶 ㇋ ㇏"
"cnwstqi1157","primary","N","A","质","质","质","丿 丿 一 丨 丨 𠃍 丿 丶","丿 丿 丨 丶 一 丿 𠃍 丨"
"cnwstqi1158","primary","N","A","欣","欣","欣","丿 丿 一 丨 丿 乛 丿 ㇏","丿 丿 一 丿 ㇏ 乛 丿 丨"
"cnwstqi1159","primary","N","A","征","征","征","丿 丿 丨 一 丨 一 丨 一","丿 丿 丨 一 一 一 丨 丨"
"cnwstqi1160","primary","N","B","往","往","往","丿 丿 一 丶 丨 一 丨 一","丿 丿 丨 丶 一 一 丨 一"
"cnwstqi1161","primary","N","B","爬","爬","爬","丿 丿 乚 丨 丨 𠃍 一 ㇏","丿 丿 丨 ㇏ 𠃍 丨 一 乚"
"cnwstqi1162","primary","N","B","彼","彼","彼","丿 丿 ㇏ 丨 乛 丿 ㇇ 丨","丿 丿 丨 乛 丿 丨 ㇇ ㇏"
"cnwstqi1163","primary","N","B","径","径","径","丿 丿 丨 ㇇ 一 丶 丨 一","丿 丿 丨 ㇇ 丶 一 丨 一"
"cnwstqi1164","primary","N","A","所","所","所","丿 丿 𠃍 一 丿 丿 一 丨","丿 丿 𠃍 丨 丿 一 丿 一"
"cnwstqi1165","primary","N","A","舍","舍","舍","丿 ㇏ 一 一 丨 丨 𠃍 一","丿 ㇏ 一 丨 一 𠃍 丨 一"
"cnwstqi1166","primary","N","A","金","金","金","丿 ㇏ 一 一 丨 丶 丿 一","丿 ㇏ 丨 丿 一 一 一 丶"
"cnwstqi1167","primary","N","A","刹","刹","刹","丿 丶 一 亅 丿 丶 丨 亅","丿 丶 丿 丨 亅 亅 丶 一"
"cnwstqi1168","primary","N","B","命","命","命","丿 ㇏ 𠃍 丨 𠃌 丨 一 一","丿 ㇏ 一 丨 𠃍 一 𠃌 丨"
"cnwstqi1169","primary","N","A","肴","肴","肴","丿 丶 一 丿 丨 𠃌 一 一","丿 丶 一 𠃌 丿 一 丨 一"
"cnwstqi1170","primary","N","B","斧","斧","斧","丿 丶 丨 丿 丿 丿 ㇏ 一","丿 丶 丿 ㇏ 丿 丿 一 丨"
"cnwstqi1171","primary","N","A","爸","爸","爸","丿 丶 丿 ㇏ 𠃍 丨 一 乚","丿 丶 𠃍 乚 ㇏ 丿 一 丨"
"cnwstqi1172","primary","N","A","采","采","采","丿 丶 丶 丿 一 丨 丿 ㇏","丿 丶 丶 ㇏ 丿 丿 丨 一"
"cnwstqi1173","primary","N","B","觅","觅","觅","丿 丶 丿 乚 丿 𠃍 丶 丨","丿 丶 丶 丿 丨 𠃍 丿 乚"
"cnwstqi1174","primary","N","A","受","受","受","丿 丶 丶 丿 ㇀ 乛 ㇇ ㇏","丿 丶 丿 乛 ㇇ ㇀ 丶 ㇏"
"cnwstqi1175","primary","N","A","乳","乳","乳","丿 丶 丶 丿 ㇇ 亅 ㇀ 乚","丿 丶 丶 亅 丿 ㇇ 乚 ㇀"
"cnwstqi1176","primary","N","B","贪","贪","贪","丿 ㇏ 丶 丨 丿 丶 𠃍 ㇇","丿 ㇏ 丶 ㇇ 丨 𠃍 丿 丶"
"cnwstqi1177","primary","N","B","念","念","念","丿 ㇏ ㇃ 丶 丶 丶 ㇀ ㇇","丿 ㇏ 丶 ㇇ ㇀ ㇃ 丶 丶"
"cnwstqi1178","primary","N","A","贫","贫","贫","丿 ㇏ 𠃌 丿 丨 𠃍 丿 丶","丿 ㇏ 丿 丿 丶 丨 𠃌 𠃍"
"cnwstqi1179","primary","N","A","忿","忿","忿","丿 ㇏ 𠃌 丿 ㇀ ㇃ 丶 丶","丿 ㇏ 丶 丶 𠃌 丿 ㇃ ㇀"
"cnwstqi1180","primary","N","A","肤","肤","肤","丿 𠃌 一 一 一 一 丿 ㇏","丿 𠃌 ㇏ 一 一 丿 一 一"
"cnwstqi1181","primary","N","A","肺","肺","肺","丿 𠃌 一 一 一 丨 𠃌 丨","丿 𠃌 丨 一 一 丨 𠃌 一"
"cnwstqi1182","primary","N","B","肢","肢","肢","丿 𠃌 ㇇ ㇏ 一 一 丨 一","丿 𠃌 一 一 一 丨 ㇇ ㇏"
"cnwstqi1183","primary","N","A","肿","肿","肿","丿 𠃌 一 一 丨 𠃍 一 丨","丿 𠃌 丨 一 丨 𠃍 一 一"
"cnwstqi1184","primary","N","A","胀","胀","胀","丿 𠃌 一 一 丿 一 𠄌 ㇏","丿 𠃌 ㇏ 一 𠄌 一 丿 一"
"cnwstqi1185","primary","N","A","朋","朋","朋","丿 𠃌 一 一 丿 𠃌 一 一","丿 𠃌 𠃌 丿 一 一 一 一"
"cnwstqi1186","primary","N","A","股","股","股","丿 𠃌 一 一 丿 ㇍ ㇇ ㇏","丿 𠃌 一 ㇇ ㇍ 丿 一 ㇏"
"cnwstqi1187","primary","N","A","肮","肮","肮","丿 𠃌 一 一 丶 一 丿 ⺄","丿 𠃌 一 ⺄ 一 一 丶 丿"
"cnwstqi1188","primary","N","A","肪","肪","肪","丿 𠃌 一 一 丶 一 𠃌 丿","丿 𠃌 丿 一 一 一 丶 𠃌"
"cnwstqi1189","primary","N","B","肥","肥","肥","丿 𠃌 一 𠃍 丨 乚 一 一","丿 𠃌 一 一 𠃍 丨 一 乚"
"cnwstqi1190","primary","N","A","服","服","服","丿 𠃌 一 一 𠃌 丨 ㇇ ㇏","丿 𠃌 𠃌 ㇏ ㇇ 丨 一 一"
"cnwstqi1191","primary","N","B","胁","胁","胁","丿 𠃌 丿 丶 ㇀ 一 一 𠃌","丿 𠃌 一 一 𠃌 丿 ㇀ 丶"
"cnwstqi1192","primary","N","B","周","周","周","丿 𠃌 一 丨 丨 一 𠃍 一","丿 𠃌 一 丨 一 丨 𠃍 一"
"cnwstqi1193","primary","N","B","昏","昏","昏","丿 𠄌 一 丨 一 ㇂ 一 𠃍","丿 𠄌 一 ㇂ 丨 𠃍 一 一"
"cnwstqi1194","primary","N","A","鱼","鱼","鱼","丿 ㇇ 丨 𠃍 一 丨 一 一","丿 ㇇ 丨 一 丨 一 一 𠃍"
"cnwstqi1195","primary","N","A","兔","兔","兔","丿 ㇇ 丨 𠃍 一 丿 乚 丶","丿 ㇇ 丶 丨 𠃍 乚 丿 一"
"cnwstqi1196","primary","N","B","狐","狐","狐","丿 ㇁ 丿 丶 丿 丿 ㇏ 𠄌","丿 ㇁ 丿 丿 丿 𠄌 丶 ㇏"
"cnwstqi1197","primary","N","A","忽","忽","忽","丿 𠃌 丿 丿 ㇀ ㇃ 丶 丶","丿 𠃌 丿 ㇃ 丶 丿 丶 ㇀"
"cnwstqi1198","primary","N","A","狗","狗","狗","丿 ㇁ 丿 丿 𠃌 丨 𠃍 一","丿 ㇁ 丨 丿 𠃌 𠃍 丿 一"
"cnwstqi1199","primary","N","B","狞","狞","狞","丿 ㇁ 一 丿 ㇀ 乛 亅 丶","丿 ㇁ 丿 丶 ㇀ 乛 一 亅"
"cnwstqi1200","primary","N","A","备","备","备","丿 ㇇ ㇏ 丨 𠃍 一 丨 一","丿 ㇇ 一 𠃍 ㇏ 一 丨 丨"
"cnwstqi1201","primary","N","B","饰","饰","饰","丿 乛 丨 𠃌 丨 𠄌 丿 一","丿 乛 𠄌 丿 一 丨 𠃌 丨"
"cnwstqi1202","primary","N","A","饱","饱","饱","丿 乛 𠄌 丿 𠃌 𠃍 一 乚","丿 乛 𠃌 乚 一 𠄌 丿 𠃍"
"cnwstqi1203","primary","N","B","饲","饲","饲","丿 乛 一 一 𠃍 𠄌 𠃌 丨","丿 乛 𠄌 𠃌 一 丨 𠃍 一"
"cnwstqi1204","primary","N","B","变","变","变","丶 一 丶 ㇇ 丨 丿 ㇏ 丨","丶 一 丨 丨 丿 丶 ㇇ ㇏"
"cnwstqi1205","primary","N","A","京","京","京","丶 一 丨 𠃍 一 亅 丿 丶","丶 一 𠃍 亅 一 丿 丶 丨"
"cnwstqi1206","primary","N","A","享","享","享","丶 一 丨 𠃍 一 ㇇ 亅 一","丶 一 一 丨 亅 𠃍 一 ㇇"
"cnwstqi1207","primary","N","A","庞","庞","庞","丶 一 丿 一 丿 乚 丿 丶","丶 一 丶 丿 丿 丿 乚 一"
"cnwstqi1208","primary","N","A","店","店","店","丶 一 丿 丨 一 丨 𠃍 一","丶 一 一 一 丿 𠃍 丨 丨"
"cnwstqi1209","primary","N","A","夜","夜","夜","丶 一 丿 丨 丿 ㇇ 丶 ㇏","丶 一 丨 ㇏ 丿 丶 ㇇ 丿"
"cnwstqi1210","primary","N","B","庙","庙","庙","丶 一 一 𠃍 一 丨 丨 丿","丶 一 丿 丨 𠃍 一 丨 一"
"cnwstqi1211","primary","N","A","府","府","府","丶 一 丿 丿 丨 一 亅 丶","丶 一 丿 亅 丶 丨 一 丿"
"cnwstqi1212","primary","N","B","底","底","底","丶 一 一 𠄌 ㇂ 丶 丿 丿","丶 一 丿 丿 𠄌 一 ㇂ 丶"
"cnwstqi1213","primary","N","A","疟","疟","疟","丶 一 丿 丶 ㇀ 一 ㇄ 一","丶 一 一 ㇀ 一 丶 丿 ㇄"
"cnwstqi1214","primary","N","A","疙","疙","疙","丶 一 丿 丶 ㇀ 丿 一 ⺄","丶 一 一 ⺄ 丿 丶 ㇀ 丿"
"cnwstqi1215","primary","N","A","疚","疚","疚","丶 一 丿 丶 ㇀ 丿 ㇇ ㇏","丶 一 ㇏ ㇀ 丿 丶 丿 ㇇"
"cnwstqi1216","primary","N","B","剂","剂","剂","丶 一 亅 丿 丨 丿 丨 丶","丶 一 丿 丶 丿 丨 丨 亅"
"cnwstqi1217","primary","N","B","卒","卒","卒","丶 一 丶 丿 丨 丶 一 丿","丶 一 丿 丶 丿 丶 一 丨"
"cnwstqi1218","primary","N","B","郊","郊","郊","丶 一 丨 ㇌ 丿 丶 丿 丶","丶 一 丿 丶 丿 丶 ㇌ 丨"
"cnwstqi1219","primary","N","B","庚","庚","庚","丶 一 ㇏ 一 一 丿 𠃍 丿","丶 一 丿 𠃍 一 一 丿 ㇏"
"cnwstqi1220","primary","N","A","废","废","废","丶 一 丿 𠃋 丿 ㇇ ㇏ 丶","丶 一 ㇇ 丶 𠃋 丿 丿 ㇏"
"cnwstqi1221","primary","N","A","净","净","净","丶 ㇀ 丿 ㇇ 𠃍 一 一 亅","丶 ㇀ 亅 一 一 ㇇ 𠃍 丿"
"cnwstqi1222","primary","N","A","盲","盲","盲","丶 一 ㇄ 丨 𠃍 一 一 一","丶 一 ㇄ 丨 一 一 𠃍 一"
"cnwstqi1223","primary","N","A","放","放","放","丶 一 𠃌 丿 丿 一 丿 ㇏","丶 一 𠃌 丿 一 丿 ㇏ 丿"
"cnwstqi1224","primary","N","A","刻","刻","刻","丶 一 𠃋 丿 丿 丶 丨 亅","丶 一 丶 𠃋 丨 丿 亅 丿"
"cnwstqi1225","primary","N","B","育","育","育","丶 一 𠃋 一 丶 丨 一 𠃌","丶 一 𠃋 丶 丨 𠃌 一 一"
"cnwstqi1226","primary","N","B","氓","氓","氓","丶 一 𠄌 𠃍 ㇂ 一 ㇄ 一","丶 一 ㇄ 𠃍 一 𠄌 一 ㇂"
"cnwstqi1227","primary","N","B","闸","闸","闸","丶 丨 𠃌 𠃍 一 丨 丨 一","丶 丨 𠃌 丨 𠃍 一 一 丨"
"cnwstqi1228","primary","N","A","闹","闹","闹","丶 丨 𠃌 丶 一 丨 𠃌 丨","丶 丨 丶 𠃌 𠃌 丨 丨 一"
"cnwstqi1229","primary","N","B","郑","郑","郑","丶 丿 一 丿 一 丨 ㇌ 丶","丶 丿 一 一 丿 丶 ㇌ 丨"
"cnwstqi1230","primary","N","B","券","券","券","丶 丿 丿 一 丿 𠃌 ㇏ 一","丶 丿 一 一 丿 ㇏ 𠃌 丿"
"cnwstqi1231","primary","N","A","卷","卷","卷","丶 丿 一 一 丿 ㇏ 𠃌 乚","丶 丿 乚 一 一 𠃌 丿 ㇏"
"cnwstqi1232","primary","N","B","单","单","单","丶 丿 𠃍 丨 一 一 丨 一","丶 丿 丨 𠃍 一 一 一 丨"
"cnwstqi1233","primary","N","A","炬","炬","炬","㇀ 丿 丿 丶 一 𠃍 一 ㇄","㇀ 丿 丶 一 𠃍 一 ㇄ 丿"
"cnwstqi1234","primary","N","A","炒","炒","炒","㇀ 丿 丿 丶 丨 丿 丶 丿","㇀ 丿 丶 丿 丶 丿 丿 丨"
"cnwstqi1235","primary","N","B","炊","炊","炊","㇀ 丿 丶 丿 ㇏ 乛 丿 丿","㇀ 丿 丿 丶 丿 乛 丿 ㇏"
"cnwstqi1236","primary","N","B","炕","炕","炕","㇀ 丿 ⺄ 丿 丶 丿 丶 一","㇀ 丿 丿 丶 丶 一 丿 ⺄"
"cnwstqi1237","primary","N","B","炎","炎","炎","㇀ 丿 丶 丿 ㇀ 丿 ㇏ 丿","㇀ 丿 丿 丶 ㇀ 丿 丿 ㇏"
"cnwstqi1238","primary","N","B","炉","炉","炉","㇀ 丿 一 丶 丿 丿 丶 𠃍","㇀ 丿 丿 丶 丶 𠃍 一 丿"
"cnwstqi1239","primary","N","B","沫","沫","沫","丶 丶 丨 ㇏ ㇀ 丿 一 一","丶 丶 ㇀ 一 一 丨 丿 ㇏"
"cnwstqi1240","primary","N","B","浅","浅","浅","丶 丶 一 ㇂ 丿 一 ㇀ 丶","丶 丶 ㇀ 一 一 ㇂ 丿 丶"
"cnwstqi1241","primary","N","A","法","法","法","丶 丶 ㇀ 一 丨 一 𠃋 丶","丶 丶 ㇀ 一 丨 𠃋 丶 一"
"cnwstqi1242","primary","N","B","泄","泄","泄","丶 丶 一 ㇄ 丨 丨 ㇀ 一","丶 丶 ㇀ 一 丨 丨 一 ㇄"
"cnwstqi1243","primary","N","B","沽","沽","沽","丶 丶 一 丨 一 𠃍 ㇀ 丨","丶 丶 ㇀ 一 丨 丨 𠃍 一"
"cnwstqi1244","primary","N","B","河","河","河","丶 丶 亅 𠃍 ㇀ 丨 一 一","丶 丶 ㇀ 一 丨 𠃍 一 亅"
"cnwstqi1245","primary","N","B","沾","沾","沾","丶 丶 𠃍 ㇀ 一 一 丨 丨","丶 丶 ㇀ 丨 一 丨 𠃍 一"
"cnwstqi1246","primary","N","B","泪","泪","泪","丶 丶 ㇀ 丨 一 一 一 𠃍","丶 丶 ㇀ 丨 𠃍 一 一 一"
"cnwstqi1247","primary","N","B","沮","沮","沮","丶 丶 一 丨 ㇀ 一 一 𠃍","丶 丶 ㇀ 丨 𠃍 一 一 一"
"cnwstqi1248","primary","N","A","油","油","油","丶 丶 ㇀ 丨 𠃍 一 丨 一","丶 丶 丨 丨 一 一 𠃍 ㇀"
"cnwstqi1249","primary","N","A","泊","泊","泊","丶 丶 ㇀ 丿 丨 𠃍 一 一","丶 丶 ㇀ 𠃍 一 丿 丨 一"
"cnwstqi1250","primary","N","A","沿","沿","沿","丶 丶 ㇀ 丿 ㇍ 丨 𠃍 一","丶 丶 丿 𠃍 ㇍ 丨 一 ㇀"
"cnwstqi1251","primary","N","A","泡","泡","泡","丶 丶 ㇀ 丿 𠃌 𠃍 一 乚","丶 丶 𠃍 ㇀ 丿 𠃌 一 乚"
"cnwstqi1252","primary","N","A","注","注","注","丶 丶 ㇀ 丶 一 一 丨 一","丶 丶 一 丶 一 一 丨 ㇀"
"cnwstqi1253","primary","N","A","泣","泣","泣","丶 丶 ㇀ 丶 一 丶 丿 一","丶 丶 丶 丿 ㇀ 一 一 丶"
"cnwstqi1254","primary","N","A","泞","泞","泞","丶 丶 ㇀ 丶 ㇀ 乛 一 亅","丶 丶 ㇀ 乛 ㇀ 亅 一 丶"
"cnwstqi1255","primary","N","B","泻","泻","泻","丶 丶 一 乛 ㇀ 一 ㇀ ㇉","丶 丶 ㇀ ㇀ 乛 一 ㇉ 一"
"cnwstqi1256","primary","N","B","泌","泌","泌","丶 丶 丶 ㇀ ㇃ 丿 丶 ㇀","丶 丶 ㇀ ㇀ ㇃ 丶 丿 丶"
"cnwstqi1257","primary","N","B","泳","泳","泳","丶 丶 丿 ㇀ ㇏ ㇇ 𠃌 丶","丶 丶 ㇀ 丶 𠃌 ㇇ 丿 ㇏"
"cnwstqi1258","primary","N","A","泥","泥","泥","丶 丶 ㇀ 𠃍 一 丿 丿 乚","丶 丶 ㇀ 一 乚 丿 𠃍 丿"
"cnwstqi1259","primary","N","B","沸","沸","沸","丶 丶 𠃍 丨 ㇉ ㇀ 一 丿","丶 丶 ㇀ 𠃍 一 ㇉ 丿 丨"
"cnwstqi1260","primary","N","A","沼","沼","沼","丶 丶 ㇀ 𠃌 丿 丨 𠃍 一","丶 丶 一 𠃌 ㇀ 丨 𠃍 丿"
"cnwstqi1261","primary","N","B","波","波","波","丶 丶 ㇇ ㇏ 丨 丿 ㇀ 乛","丶 丶 ㇀ 乛 丿 丨 ㇇ ㇏"
"cnwstqi1262","primary","N","B","泼","泼","泼","丶 丶 丿 𠃋 ㇇ ㇀ 丶 ㇏","丶 丶 ㇀ 𠃋 丿 ㇇ ㇏ 丶"
"cnwstqi1263","primary","N","B","泽","泽","泽","丶 丶 ㇏ 一 ㇀ 丨 ㇇ 一","丶 丶 ㇀ ㇇ ㇏ 一 一 丨"
"cnwstqi1264","primary","N","A","治","治","治","丶 丶 ㇀ 𠃋 丶 丨 𠃍 一","丶 丶 ㇀ 𠃋 丨 一 𠃍 丶"
"cnwstqi1265","primary","N","B","怔","怔","怔","㇀ 丶 一 一 丨 丨 丨 一","㇀ 丶 丨 一 丨 一 丨 一"
"cnwstqi1266","primary","N","A","怯","怯","怯","㇀ 丶 丨 一 丨 一 𠃋 丶","㇀ 丶 一 丨 丨 𠃋 一 丶"
"cnwstqi1267","primary","N","A","怖","怖","怖","㇀ 丶 丨 一 丿 丨 𠃌 丨","㇀ 丶 一 丨 丨 𠃌 丿 丨"
"cnwstqi1268","primary","N","A","性","性","性","㇀ 丶 丨 丿 一 一 丨 一","㇀ 丶 丿 丨 一 一 丨 一"
"cnwstqi1269","primary","N","B","怕","怕","怕","㇀ 丶 丨 丿 一 丨 一 𠃍","㇀ 丶 丨 丿 丨 𠃍 一 一"
"cnwstqi1270","primary","N","A","怜","怜","怜","㇀ 丶 丨 丿 ㇏ 丶 ㇇ 丶","㇀ 丶 丶 丿 丶 ㇇ ㇏ 丨"
"cnwstqi1271","primary","N","A","怪","怪","怪","㇀ 丶 丨 ㇇ ㇏ 一 丨 一","㇀ 丶 ㇏ 丨 丨 一 一 ㇇"
"cnwstqi1272","primary","N","A","怡","怡","怡","㇀ 丶 丨 𠃋 丶 丨 𠃍 一","㇀ 丶 丨 一 丨 丶 𠃋 𠃍"
"cnwstqi1273","primary","N","A","学","学","学","丶 丶 丿 ㇀ 乛 ㇇ 亅 一","丶 丶 ㇇ 一 乛 ㇀ 亅 丿"
"cnwstqi1274","primary","N","A","宝","宝","宝","丶 ㇀ 乛 一 一 丨 一 丶","丶 ㇀ 乛 丶 丨 一 一 一"
"cnwstqi1275","primary","N","A","宗","宗","宗","丶 ㇀ 乛 一 一 亅 丿 丶","丶 ㇀ 乛 亅 一 丶 一 丿"
"cnwstqi1276","primary","N","A","定","定","定","丶 ㇀ 乛 一 丨 一 丿 ㇏","丶 ㇀ 乛 丨 ㇏ 一 丿 一"
"cnwstqi1277","primary","N","B","宠","宠","宠","丶 ㇀ 丶 丿 乚 一 乛 丿","丶 ㇀ 乛 一 丿 乚 丿 丶"
"cnwstqi1278","primary","N","A","宜","宜","宜","丶 ㇀ 乛 丨 𠃍 一 一 一","丶 ㇀ 一 丨 𠃍 一 一 乛"
"cnwstqi1279","primary","N","A","审","审","审","丶 ㇀ 乛 丨 𠃍 一 一 丨","丶 ㇀ 𠃍 一 丨 一 丨 乛"
"cnwstqi1280","primary","N","B","宙","宙","宙","丶 ㇀ 𠃍 乛 丨 一 丨 一","丶 ㇀ 乛 丨 𠃍 一 丨 一"
"cnwstqi1281","primary","N","A","官","官","官","丶 ㇀ 乛 丨 𠃍 一 𠃍 一","丶 ㇀ 丨 一 𠃍 𠃍 乛 一"
"cnwstqi1282","primary","N","A","空","空","空","丶 ㇀ 乛 丿 丶 一 丨 一","丶 ㇀ 丶 一 丿 一 乛 丨"
"cnwstqi1283","primary","N","A","帘","帘","帘","丶 ㇀ 乛 丿 丶 丨 𠃌 丨","丶 ㇀ 丨 乛 𠃌 丨 丶 丿"
"cnwstqi1284","primary","N","A","宛","宛","宛","丶 ㇀ 乛 丿 乛 丶 𠃌 乚","丶 ㇀ 乛 乚 𠃌 丶 丿 乛"
"cnwstqi1285","primary","N","A","实","实","实","丶 ㇀ 乛 丶 丶 一 丿 丶","丶 ㇀ 丿 丶 丶 乛 丶 一"
"cnwstqi1286","primary","N","B","试","试","试","丶 ㇊ 一 一 ㇀ 丨 丶 ㇂","丶 ㇊ 一 一 丨 ㇀ ㇂ 丶"
"cnwstqi1287","primary","N","B","郎","郎","郎","丶 𠃍 ㇌ 一 丨 𠄌 一 丶","丶 𠃍 一 一 𠄌 丶 ㇌ 丨"
"cnwstqi1288","primary","N","B","诗","诗","诗","丶 ㇊ 一 丶 一 一 亅 丨","丶 ㇊ 一 丨 一 一 亅 丶"
"cnwstqi1289","primary","N","A","肩","肩","肩","丶 𠃍 一 丿 丨 𠃌 一 一","丶 𠃍 一 一 一 丿 𠃌 丨"
"cnwstqi1290","primary","N","B","房","房","房","丶 𠃍 𠃌 丶 丿 丿 一 一","丶 𠃍 一 丿 丶 一 𠃌 丿"
"cnwstqi1291","primary","N","B","诚","诚","诚","丶 ㇊ ㇂ 丿 丶 丿 一 𠃌","丶 ㇊ 一 丿 𠃌 ㇂ 丿 丶"
"cnwstqi1292","primary","N","B","衬","衬","衬","丶 ㇇ 丨 丿 丶 亅 丶 一","丶 ㇇ 丨 丿 丶 一 亅 丶"
"cnwstqi1293","primary","N","B","衫","衫","衫","丶 ㇇ 丨 丶 丿 丿 丿 丿","丶 ㇇ 丨 丿 丶 丿 丿 丿"
"cnwstqi1294","primary","N","A","视","视","视","丶 ㇇ 丨 丶 丨 𠃍 丿 乚","丶 ㇇ 丿 丨 乚 丨 𠃍 丶"
"cnwstqi1295","primary","N","A","祈","祈","祈","丶 ㇇ 丨 丶 丿 丿 一 丨","丶 ㇇ 丨 丨 丿 丿 丶 一"
"cnwstqi1296","primary","N","B","话","话","话","丶 ㇊ 丨 一 丿 𠃍 一 丨","丶 ㇊ 丿 一 丨 丨 𠃍 一"
"cnwstqi1297","primary","N","B","诞","诞","诞","丶 ㇊ ㇄ 丿 ㇏ 丨 一 ㇋","丶 ㇊ 丿 丨 一 ㇄ ㇋ ㇏"
"cnwstqi1298","primary","N","A","诡","诡","诡","丶 ㇊ 丿 ㇇ 一 丿 𠃌 乚","丶 ㇊ 丿 ㇇ 乚 一 丿 𠃌"
"cnwstqi1299","primary","N","B","询","询","询","丶 ㇊ 一 丿 𠃌 𠃍 丨 一","丶 ㇊ 丿 𠃌 丨 𠃍 一 一"
"cnwstqi1300","primary","N","A","该","该","该","丶 ㇊ 丶 一 𠃋 丿 丿 丶","丶 ㇊ 丿 𠃋 丶 一 丶 丿"
"cnwstqi1301","primary","N","B","详","详","详","丶 ㇊ 丶 一 一 丨 丿 一","丶 ㇊ 丶 丿 一 一 一 丨"
"cnwstqi1302","primary","N","A","建","建","建","𠃍 一 一 一 一 丨 ㇋ ㇏","𠃍 一 ㇏ 一 一 一 丨 ㇋"
"cnwstqi1303","primary","N","B","肃","肃","肃","𠃍 一 丿 丶 丨 丿 丨 一","𠃍 一 一 丨 丿 丨 丿 丶"
"cnwstqi1304","primary","N","B","录","录","录","𠃍 一 丶 一 亅 丿 ㇀ ㇏","𠃍 一 一 亅 丶 ㇀ 丿 ㇏"
"cnwstqi1305","primary","N","A","隶","隶","隶","𠃍 一 一 亅 丶 ㇀ 丿 ㇏","𠃍 一 ㇀ 亅 丶 ㇏ 丿 一"
"cnwstqi1306","primary","N","B","帚","帚","帚","𠃍 一 丨 乛 𠃌 丨 一 ㇀","𠃍 一 一 ㇀ 乛 丨 𠃌 丨"
"cnwstqi1307","primary","N","A","屉","屉","屉","𠃍 一 丿 一 丨 丨 一 ㇄","𠃍 一 丿 丨 一 ㇄ 丨 一"
"cnwstqi1308","primary","N","B","居","居","居","𠃍 一 丨 丨 𠃍 一 丿 一","𠃍 一 丿 一 丨 丨 𠃍 一"
"cnwstqi1309","primary","N","B","届","届","届","𠃍 一 丨 丿 𠃍 一 一 丨","𠃍 一 丿 丨 𠃍 一 丨 一"
"cnwstqi1310","primary","N","B","刷","刷","刷","𠃍 一 丨 丨 亅 丨 丿 𠃌","𠃍 一 丿 丨 𠃌 丨 丨 亅"
"cnwstqi1311","primary","N","A","屈","屈","屈","𠃍 一 丿 ㇄ 丨 丨 ㇄ 丨","𠃍 一 丿 丨 ㇄ ㇄ 丨 丨"
"cnwstqi1312","primary","N","B","弧","弧","弧","𠃍 一 丿 ㇏ ㇉ 丿 𠄌 丶","𠃍 一 ㇉ 丿 丿 𠄌 丶 ㇏"
"cnwstqi1313","primary","N","B","弥","弥","弥","𠃍 一 亅 ㇉ 丿 丿 乛 丶","𠃍 一 ㇉ 丿 乛 亅 丿 丶"
"cnwstqi1314","primary","N","A","弦","弦","弦","𠃍 一 ㇉ 丶 一 𠃋 𠃋 丶","𠃍 一 𠃋 一 丶 ㇉ 𠃋 丶"
"cnwstqi1315","primary","N","A","承","承","承","㇇ 亅 一 一 一 ㇇ 丿 ㇏","㇇ 亅 ㇏ 一 一 ㇇ 丿 一"
"cnwstqi1316","primary","N","A","孟","孟","孟","㇇ 亅 一 丨 𠃍 丨 丨 一","㇇ 亅 丨 丨 一 一 𠃍 丨"
"cnwstqi1317","primary","N","A","陋","陋","陋","㇌ 丨 一 丨 𠃌 丿 丶 ㇄","㇌ 丨 ㇄ 𠃌 丶 丿 一 丨"
"cnwstqi1318","primary","N","B","陌","陌","陌","㇌ 丨 丿 一 丨 一 𠃍 一","㇌ 丨 一 丿 丨 𠃍 一 一"
"cnwstqi1319","primary","N","A","孤","孤","孤","㇇ 亅 ㇀ 丿 丿 𠄌 丶 ㇏","㇇ 亅 丿 ㇀ 𠄌 丿 丶 ㇏"
"cnwstqi1320","primary","N","A","陕","陕","陕","㇌ 丨 一 丶 丿 一 丿 ㇏","㇌ 丨 丿 丶 一 ㇏ 一 丿"
"cnwstqi1321","primary","N","A","降","降","降","㇌ 丨 丿 ㇇ ㇏ 一 𠃋 丨","㇌ 丨 𠃋 丨 ㇏ ㇇ 丿 一"
"cnwstqi1322","primary","N","A","函","函","函","㇇ 亅 丶 ㇀ 丿 丶 ㇄ 丨","㇇ 亅 丨 丶 ㇄ ㇀ 丶 丿"
"cnwstqi1323","primary","N","A","限","限","限","㇌ 丨 𠃍 一 一 𠄌 丿 ㇏","㇌ 丨 一 丿 ㇏ 一 𠃍 𠄌"
"cnwstqi1324","primary","N","B","妹","妹","妹","𡿨 丿 一 丨 一 ㇏ 一 丿","𡿨 丿 一 一 一 丨 丿 ㇏"
"cnwstqi1325","primary","N","B","姑","姑","姑","𡿨 丿 一 𠃍 一 丨 丨 一","𡿨 丿 一 一 丨 丨 𠃍 一"
"cnwstqi1326","primary","N","A","姐","姐","姐","𡿨 丿 一 丨 𠃍 一 一 一","𡿨 丿 一 一 𠃍 一 丨 一"
"cnwstqi1327","primary","N","A","姓","姓","姓","𡿨 丿 一 丿 一 一 丨 一","𡿨 丿 一 丨 一 丿 一 一"
"cnwstqi1328","primary","N","A","妮","妮","妮","𡿨 丿 一 𠃍 一 丿 丿 乚","𡿨 丿 乚 丿 丿 𠃍 一 一"
"cnwstqi1329","primary","N","A","始","始","始","𡿨 丿 一 𠃋 丶 丨 𠃍 一","𡿨 丿 𠃋 一 一 丶 丨 𠃍"
"cnwstqi1330","primary","N","B","姆","姆","姆","𡿨 丿 ㇄ 一 丶 一 丶 𠃌","𡿨 丿 一 ㇄ 𠃌 丶 一 丶"
"cnwstqi1331","primary","N","A","迢","迢","迢","𠃌 丿 丨 𠃍 一 丶 ㇋ ㇏","𠃌 丿 丶 ㇋ 一 ㇏ 丨 𠃍"
"cnwstqi1332","primary","N","B","驾","驾","驾","𠃌 丿 一 一 ㇉ 𠃍 丨 𠃍","𠃌 丿 丨 𠃍 一 𠃍 ㇉ 一"
"cnwstqi1333","primary","N","A","叁","叁","叁","𠃋 丶 一 丿 ㇏ 一 一 一","𠃋 丶 一 一 丿 一 ㇏ 一"
"cnwstqi1334","primary","N","A","参","参","参","𠃋 丶 一 丿 ㇏ 丿 丿 丿","𠃋 丶 丿 丿 丿 一 丿 ㇏"
"cnwstqi1335","primary","N","B","艰","艰","艰","㇇ 丶 𠃍 𠄌 一 丿 ㇏ 一","㇇ 丶 𠃍 一 一 𠄌 丿 ㇏"
"cnwstqi1336","primary","N","A","线","线","线","𠃋 𠃋 ㇀ 一 一 ㇂ 丿 丶","𠃋 𠃋 一 ㇀ 丶 一 丿 ㇂"
"cnwstqi1337","primary","N","A","练","练","练","𠃋 𠃋 ㇀ 一 𠃋 𠃌 丿 丶","𠃋 𠃋 ㇀ 一 𠃌 丶 丿 𠃋"
"cnwstqi1338","primary","N","B","组","组","组","𠃋 𠃋 丨 ㇀ 一 𠃍 一 一","𠃋 𠃋 ㇀ 丨 𠃍 一 一 一"
"cnwstqi1339","primary","N","A","绅","绅","绅","𠃋 𠃋 ㇀ 丨 𠃍 一 一 丨","𠃋 𠃋 ㇀ 𠃍 丨 一 一 丨"
"cnwstqi1340","primary","N","B","细","细","细","𠃋 𠃋 一 丨 𠃍 ㇀ 一 丨","𠃋 𠃋 ㇀ 丨 𠃍 一 丨 一"
"cnwstqi1341","primary","N","A","驶","驶","驶","𠃍 ㇉ ㇀ 丨 𠃍 一 丿 ㇏","𠃍 ㇉ 丿 丨 ㇏ ㇀ 一 𠃍"
"cnwstqi1342","primary","N","A","织","织","织","𠃋 𠃋 ㇀ 丨 𠃍 一 丿 丶","𠃋 𠃋 一 𠃍 丶 ㇀ 丨 丿"
"cnwstqi1343","primary","N","B","驹","驹","驹","𠃍 ㇉ ㇀ 𠃌 丿 𠃍 一 丨","𠃍 ㇉ ㇀ 丿 𠃌 丨 𠃍 一"
"cnwstqi1344","primary","N","A","终","终","终","𠃋 𠃋 ㇀ 丿 ㇇ ㇏ 丶 丶","𠃋 𠃋 丿 ㇀ ㇇ ㇏ 丶 丶"
"cnwstqi1345","primary","N","A","驻","驻","驻","𠃍 ㇉ ㇀ 丶 一 一 丨 一","𠃍 ㇉ ㇀ 丨 一 丶 一 一"
"cnwstqi1346","primary","N","B","绊","绊","绊","𠃋 𠃋 一 丶 ㇀ 丨 丿 一","𠃋 𠃋 ㇀ 丶 丿 一 一 丨"
"cnwstqi1347","primary","N","B","驼","驼","驼","𠃍 ㇉ 乚 丿 ㇀ 丶 ㇀ 乛","𠃍 ㇉ ㇀ 丶 ㇀ 乛 丿 乚"
"cnwstqi1348","primary","N","A","绍","绍","绍","𠃋 𠃋 ㇀ 𠃌 丿 丨 𠃍 一","𠃋 𠃋 一 𠃌 𠃍 丿 ㇀ 丨"
"cnwstqi1349","primary","N","B","绎","绎","绎","𠃋 𠃋 一 ㇏ 一 ㇇ ㇀ 丨","𠃋 𠃋 ㇀ ㇇ ㇏ 一 一 丨"
"cnwstqi1350","primary","N","A","经","经","经","𠃋 𠃋 ㇀ ㇇ 丶 一 丨 一","𠃋 𠃋 ㇀ ㇇ 丨 一 丶 一"
"cnwstqi1351","primary","N","A","贯","贯","贯","㇄ 𠃍 丨 一 丨 𠃍 丿 丶","㇄ 𠃍 𠃍 丨 丨 丿 一 丶"
"cnwstqi1352","primary","N","A","契","契","契","一 一 一 丨 𠃌 丿 一 丿 ㇏","一 一 丨 ㇏ 丿 一 一 丿 𠃌"
"cnwstqi1353","primary","N","A","贰","贰","贰","一 一 一 丨 𠃍 丿 丶 ㇂ 丶","一 一 ㇂ 丶 丨 一 𠃍 丿 丶"
"cnwstqi1354","primary","N","B","奏","奏","奏","一 一 一 一 丿 丿 一 ㇏ 丶","一 一 一 丿 ㇏ 一 一 丿 丶"
"cnwstqi1355","primary","N","A","春","春","春","一 一 一 丿 ㇏ 丨 𠃍 一 一","一 一 𠃍 ㇏ 丨 丿 一 一 一"
"cnwstqi1356","primary","N","B","帮","帮","帮","一 一 丨 一 丿 𠃌 丨 ㇌ 丨","一 一 一 丿 ㇌ 丨 丨 𠃌 丨"
"cnwstqi1357","primary","N","A","玷","玷","玷","一 一 丨 ㇀ 丨 一 丨 𠃍 一","一 一 丨 一 𠃍 ㇀ 丨 一 丨"
"cnwstqi1358","primary","N","B","珍","珍","珍","一 一 丨 丿 ㇀ 丿 ㇏ 丿 丿","一 一 丨 ㇀ 丿 ㇏ 丿 丿 丿"
"cnwstqi1359","primary","N","B","玲","玲","玲","一 一 丶 ㇇ 丿 丨 丶 ㇏ ㇀","一 一 丨 ㇀ 丿 ㇏ 丶 ㇇ 丶"
"cnwstqi1360","primary","N","A","珊","珊","珊","一 一 丨 ㇀ 丿 𠃌 丿 𠃌 一","一 一 一 ㇀ 丿 𠃌 丿 丨 𠃌"
"cnwstqi1361","primary","N","B","玻","玻","玻","一 一 丨 ㇀ ㇏ 丨 ㇇ 乛 丿","一 一 丨 ㇀ 乛 丿 丨 ㇇ ㇏"
"cnwstqi1362","primary","N","B","毒","毒","毒","一 一 丶 一 一 丶 ㇄ 𠃌 丨","一 一 丨 一 ㇄ 𠃌 丶 一 丶"
"cnwstqi1363","primary","N","A","型","型","型","一 一 丿 丨 丨 亅 一 丨 一","一 一 丨 一 丨 丿 丨 亅 一"
"cnwstqi1364","primary","N","A","拭","拭","拭","一 亅 ㇀ 一 一 丨 ㇀ ㇂ 丶","一 亅 丨 ㇀ 一 ㇀ 一 ㇂ 丶"
"cnwstqi1365","primary","N","A","挂","挂","挂","一 亅 ㇀ 一 丨 一 一 丨 一","一 亅 丨 一 一 一 一 丨 ㇀"
"cnwstqi1366","primary","N","A","封","封","封","一 丨 一 一 丨 ㇀ 一 亅 丶","一 丨 丨 丶 ㇀ 一 亅 一 一"
"cnwstqi1367","primary","N","B","持","持","持","一 亅 丨 一 一 丶 一 ㇀ 亅","一 亅 ㇀ 一 丨 一 一 亅 丶"
"cnwstqi1368","primary","N","A","拷","拷","拷","一 亅 ㇀ 一 丨 一 丿 一 ㇉","一 亅 丨 一 一 ㇀ ㇉ 一 丿"
"cnwstqi1369","primary","N","A","拱","拱","拱","一 亅 ㇀ 一 丨 丨 一 丿 丶","一 亅 丨 ㇀ 一 丶 一 丨 丿"
"cnwstqi1370","primary","N","B","项","项","项","一 丨 一 丨 ㇀ 𠃍 丿 丶 丿","一 丨 ㇀ 一 丿 丨 𠃍 丿 丶"
"cnwstqi1371","primary","N","B","垮","垮","垮","一 丨 一 丿 ㇉ ㇀ 一 ㇏ 一","一 丨 ㇀ 一 丿 ㇏ 一 一 ㇉"
"cnwstqi1372","primary","N","B","挎","挎","挎","一 亅 ㇏ 丿 一 一 ㇀ 一 ㇉","一 亅 ㇀ 一 丿 ㇏ 一 一 ㇉"
"cnwstqi1373","primary","N","A","城","城","城","一 丨 ㇀ 一 丿 𠃌 ㇂ 丿 丶","一 丨 ㇀ 丿 丿 ㇂ 𠃌 丶 一"
"cnwstqi1374","primary","N","A","挟","挟","挟","一 亅 ㇀ 一 丶 丿 一 丿 ㇏","一 亅 丿 丿 ㇀ 一 一 丶 ㇏"
"cnwstqi1375","primary","N","B","挠","挠","挠","一 亅 丿 ㇂ ㇀ 乚 一 丿 一","一 亅 ㇀ 一 ㇂ 丿 一 丿 乚"
"cnwstqi1376","primary","N","A","政","政","政","一 丨 一 丨 ㇀ 丿 一 丿 ㇏","一 丨 ㇀ 丿 一 丨 一 ㇏ 丿"
"cnwstqi1377","primary","N","A","赴","赴","赴","一 丨 一 丨 一 丿 ㇏ 丨 丶","一 丨 一 一 丿 丨 ㇏ 丨 丶"
"cnwstqi1378","primary","N","B","赵","赵","赵","一 丨 丿 丶 一 ㇏ 丿 一 丨","一 丨 一 丨 一 丿 ㇏ 丿 丶"
"cnwstqi1379","primary","N","B","挡","挡","挡","一 亅 丨 丶 ㇀ 一 𠃍 一 丿","一 亅 ㇀ 丨 丶 丿 𠃍 一 一"
"cnwstqi1380","primary","N","A","拽","拽","拽","一 亅 ㇀ 丨 𠃍 一 一 ㇂ 丿","一 亅 ㇂ ㇀ 丿 一 𠃍 一 丨"
"cnwstqi1381","primary","N","B","哉","哉","哉","一 丨 一 丶 丿 丨 ㇂ 𠃍 一","一 丨 一 丨 𠃍 一 ㇂ 丿 丶"
"cnwstqi1382","primary","N","B","挺","挺","挺","一 亅 ㇀ 丿 ㇋ 一 ㇏ 一 丨","一 亅 ㇀ 丿 一 丨 一 ㇋ ㇏"
"cnwstqi1383","primary","N","A","括","括","括","一 亅 ㇀ 丿 一 丨 丨 𠃍 一","一 亅 一 丿 丨 一 𠃍 ㇀ 丨"
"cnwstqi1384","primary","N","B","垢","垢","垢","一 丨 𠃍 丨 ㇀ 丿 丿 一 一","一 丨 ㇀ 丿 丿 一 丨 𠃍 一"
"cnwstqi1385","primary","N","B","拴","拴","拴","一 亅 一 一 一 丨 ㇏ 丿 ㇀","一 亅 ㇀ 丿 ㇏ 一 一 丨 一"
"cnwstqi1386","primary","N","A","拾","拾","拾","一 亅 ㇀ 丿 ㇏ 一 丨 𠃍 一","一 亅 ㇏ 丿 丨 𠃍 一 ㇀ 一"
"cnwstqi1387","primary","N","B","挑","挑","挑","一 亅 丿 丶 ㇀ 丿 乚 ㇀ 丶","一 亅 ㇀ 丿 丶 ㇀ 乚 丿 丶"
"cnwstqi1388","primary","N","A","垛","垛","垛","一 丨 ㇀ 丿 ㇍ 一 丨 丿 ㇏","一 丨 ㇏ 丿 丨 ㇀ 一 ㇍ 丿"
"cnwstqi1389","primary","N","A","指","指","指","一 亅 ㇀ 丿 乚 丨 𠃍 一 一","一 亅 一 丿 ㇀ 丨 乚 一 𠃍"
"cnwstqi1390","primary","N","A","垫","垫","垫","一 亅 ㇀ 丿 ⺄ 丶 一 丨 一","一 亅 一 丨 ㇀ 一 丿 ⺄ 丶"
"cnwstqi1391","primary","N","B","挣","挣","挣","一 亅 一 丿 一 ㇀ 𠃍 亅 ㇇","一 亅 ㇀ 丿 ㇇ 𠃍 一 一 亅"
"cnwstqi1392","primary","N","A","挤","挤","挤","一 亅 ㇀ 丶 一 丿 ㇏ 丿 丨","一 亅 丿 ㇀ 丶 丨 丿 一 ㇏"
"cnwstqi1393","primary","N","A","拼","拼","拼","一 亅 ㇀ 丶 丿 一 一 丿 丨","一 亅 ㇀ 丿 一 丨 一 丶 丿"
"cnwstqi1394","primary","N","B","挖","挖","挖","一 亅 丶 ㇀ 丶 ㇀ ⺄ 丿 乛","一 亅 ㇀ 丶 ㇀ 乛 丿 丶 ⺄"
"cnwstqi1395","primary","N","B","按","按","按","一 亅 𡿨 丿 乛 ㇀ 丶 一 ㇀","一 亅 ㇀ 丶 ㇀ 乛 𡿨 丿 一"
"cnwstqi1396","primary","N","A","挥","挥","挥","一 亅 ㇀ ㇀ 乛 一 𠃋 一 丨","一 亅 𠃋 ㇀ 乛 ㇀ 一 一 丨"
"cnwstqi1397","primary","N","A","挪","挪","挪","一 亅 ㇀ 𠃌 一 一 丿 ㇌ 丨","一 亅 𠃌 ㇀ 一 丨 一 丿 ㇌"
"cnwstqi1398","primary","N","B","拯","拯","拯","一 亅 一 亅 丿 ㇇ ㇇ ㇀ ㇏","一 亅 ㇀ ㇇ 亅 ㇇ 丿 ㇏ 一"
"cnwstqi1399","primary","N","B","某","某","某","一 丨 丿 一 丨 丨 一 ㇏ 一","一 丨 丨 一 一 一 丨 丿 ㇏"
"cnwstqi1400","primary","N","B","甚","甚","甚","一 丨 丿 丶 一 一 ㇄ 一 丨","一 丨 丨 一 一 一 丿 丶 ㇄"
"cnwstqi1401","primary","N","B","荆","荆","荆","一 丨 一 一 亅 丨 丨 丿 丨","一 丨 丨 一 一 丿 丨 丨 亅"
"cnwstqi1402","primary","N","B","茸","茸","茸","一 丨 一 丨 一 一 丨 一 丨","一 丨 丨 一 丨 丨 一 一 一"
"cnwstqi1403","primary","N","B","革","革","革","一 丨 一 丨 一 一 𠃍 丨 丨","一 丨 丨 一 丨 𠃍 一 一 丨"
"cnwstqi1404","primary","N","A","茬","茬","茬","一 丨 丨 一 丿 丨 一 丨 一","一 丨 丨 一 一 丨 一 丨 丿"
"cnwstqi1405","primary","N","B","荐","荐","荐","一 丨 一 丨 一 丿 亅 ㇇ 丨","一 丨 丨 一 丿 丨 ㇇ 亅 一"
"cnwstqi1406","primary","N","A","巷","巷","巷","一 丨 丨 一 丿 ㇏ 𠃍 一 乚","一 丨 一 一 𠃍 丨 丿 ㇏ 乚"
"cnwstqi1407","primary","N","A","带","带","带","一 丨 丨 丨 ㇀ 乛 丨 𠃌 丨","一 丨 乛 ㇀ 𠃌 丨 丨 丨 丨"
"cnwstqi1408","primary","N","B","草","草","草","一 丨 一 丨 𠃍 一 丨 一 丨","一 丨 丨 丨 𠃍 一 一 一 丨"
"cnwstqi1409","primary","N","B","茧","茧","茧","一 丨 丶 丨 𠃍 一 丨 丨 一","一 丨 丨 丨 𠃍 一 丨 一 丶"
"cnwstqi1410","primary","N","A","茵","茵","茵","一 丨 丨 丨 𠃍 一 丿 丶 一","一 丨 𠃍 丨 一 一 丨 丿 丶"
"cnwstqi1411","primary","N","A","茶","茶","茶","一 丨 丨 丿 ㇏ 一 亅 丿 丶","一 丨 一 亅 丶 丿 丨 丿 ㇏"
"cnwstqi1412","primary","N","A","荒","荒","荒","一 丨 丨 丶 一 ㇄ 丿 丨 乚","一 丨 一 乚 丨 ㇄ 丶 丿 丨"
"cnwstqi1413","primary","N","B","茫","茫","茫","一 丨 丨 一 ㇀ 丶 丶 丶 ㇄","一 丨 丨 丶 丶 ㇀ 丶 一 ㇄"
"cnwstqi1414","primary","N","B","荡","荡","荡","一 丨 丶 丨 𠄎 ㇀ 丶 丿 丿","一 丨 丨 丶 丶 ㇀ 𠄎 丿 丿"
"cnwstqi1415","primary","N","B","荣","荣","荣","一 丨 丨 丨 ㇀ 丿 乛 ㇏ 一","一 丨 丨 ㇀ 乛 一 丨 丿 ㇏"
"cnwstqi1416","primary","N","A","荤","荤","荤","一 丨 丨 ㇀ 乛 一 𠃋 一 丨","一 丨 𠃋 ㇀ 丨 一 丨 乛 一"
"cnwstqi1417","primary","N","A","荧","荧","荧","一 丨 丨 ㇀ 乛 ㇀ 丿 丿 ㇏","一 丨 丿 丿 ㇏ 丨 ㇀ ㇀ 乛"
"cnwstqi1418","primary","N","B","故","故","故","一 丨 ㇏ 丨 一 一 𠃍 丿 丿","一 丨 丨 𠃍 一 丿 一 丿 ㇏"
"cnwstqi1419","primary","N","B","胡","胡","胡","一 丨 一 𠃍 一 丿 一 丨 𠃌","一 丨 丨 𠃍 一 丿 𠃌 一 一"
"cnwstqi1420","primary","N","B","荫","荫","荫","一 丨 一 ㇌ 丿 丨 𠃌 丨 一","一 丨 丨 ㇌ 丨 丿 𠃌 一 一"
"cnwstqi1421","primary","N","B","荔","荔","荔","一 丨 丨 𠃌 丿 𠃌 丿 丿 𠃌","一 丨 丨 𠃌 丿 𠃌 丿 𠃌 丿"
"cnwstqi1422","primary","N","B","南","南","南","一 丨 丶 丿 一 𠃌 丨 一 丨","一 丨 丨 𠃌 丶 丿 一 一 丨"
"cnwstqi1423","primary","N","B","药","药","药","一 丨 丿 丨 𠃋 𠃌 ㇀ 丶 𠃋","一 丨 丨 𠃋 𠃋 ㇀ 丿 𠃌 丶"
"cnwstqi1424","primary","N","A","标","标","标","一 丨 丿 丶 一 一 亅 丿 丶","一 丨 丿 丿 一 丶 一 丶 亅"
"cnwstqi1425","primary","N","A","栈","栈","栈","一 丨 丿 丶 一 一 ㇂ 丿 丶","一 丨 丿 一 丿 丶 一 丶 ㇂"
"cnwstqi1426","primary","N","B","柑","柑","柑","一 丨 一 丨 丶 丿 一 一 丨","一 丨 丿 丶 一 丨 丨 一 一"
"cnwstqi1427","primary","N","A","枯","枯","枯","一 丨 丿 丶 一 丨 丨 𠃍 一","一 丨 丶 一 丿 𠃍 一 丨 丨"
"cnwstqi1428","primary","N","A","柄","柄","柄","一 丨 丿 丶 一 丨 𠃌 丿 丶","一 丨 丿 丿 丶 𠃌 丶 一 丨"
"cnwstqi1429","primary","N","A","栋","栋","栋","一 丨 丿 丶 一 𠃋 亅 丿 丶","一 丨 丿 亅 𠃋 丿 丶 丶 一"
"cnwstqi1430","primary","N","B","相","相","相","一 丨 一 丨 丶 一 丿 𠃍 一","一 丨 丿 丶 丨 𠃍 一 一 一"
"cnwstqi1431","primary","N","A","查","查","查","一 丨 丿 ㇏ 丨 𠃍 一 一 一","一 丨 一 一 ㇏ 一 𠃍 丨 丿"
"cnwstqi1432","primary","N","B","柏","柏","柏","一 丨 丿 丶 一 𠃍 一 丨 丿","一 丨 丿 丶 丿 丨 𠃍 一 一"
"cnwstqi1433","primary","N","B","栅","栅","栅","一 丨 丶 一 𠃌 丿 丿 𠃌 丿","一 丨 丿 丶 丿 𠃌 丿 𠃌 一"
"cnwstqi1434","primary","N","A","柳","柳","柳","一 丨 丿 丶 丿 𠄌 丿 𠃌 丨","一 丨 𠃌 丿 丿 丶 𠄌 丨 丿"
"cnwstqi1435","primary","N","A","柱","柱","柱","一 丨 丿 丶 丶 一 一 丨 一","一 丨 丶 丶 一 一 丨 一 丿"
"cnwstqi1436","primary","N","B","柿","柿","柿","一 丨 丶 丨 𠃌 丿 丨 丶 一","一 丨 丿 丶 丶 一 丨 𠃌 丨"
"cnwstqi1437","primary","N","B","栏","栏","栏","一 丨 一 一 丶 一 丿 丿 丶","一 丨 丿 丶 丶 丿 一 一 一"
"cnwstqi1438","primary","N","B","柠","柠","柠","一 丨 一 丶 乛 ㇀ 丿 丶 亅","一 丨 丿 丶 丶 ㇀ 乛 一 亅"
"cnwstqi1439","primary","N","A","树","树","树","一 丨 丿 丶 ㇇ 丶 一 亅 丶","一 丨 一 丶 丶 亅 丶 丿 ㇇"
"cnwstqi1440","primary","N","A","勃","勃","勃","一 丨 ㇀ 乛 ㇇ 亅 ㇀ 𠃌 丿","一 丨 乛 ㇀ 丿 ㇇ 𠃌 ㇀ 亅"
"cnwstqi1441","primary","N","B","要","要","要","一 丨 丨 𠃍 一 丿 𡿨 丨 一","一 丨 𠃍 丨 丨 一 𡿨 丿 一"
"cnwstqi1442","primary","N","A","柬","柬","柬","一 丨 𠃍 丶 丿 一 丨 丿 ㇏","一 丨 一 丨 丶 丿 𠃍 丿 ㇏"
"cnwstqi1443","primary","N","B","咸","咸","咸","一 丿 𠃍 一 一 丿 丶 丨 ㇂","一 丿 一 丨 𠃍 一 ㇂ 丿 丶"
"cnwstqi1444","primary","N","A","威","威","威","一 丿 一 𡿨 丿 一 ㇂ 丿 丶","一 丿 丿 一 一 丶 𡿨 ㇂ 丿"
"cnwstqi1445","primary","N","A","歪","歪","歪","一 丿 丨 丶 一 丨 一 丨 一","一 丿 丶 丨 丨 一 一 一 丨"
"cnwstqi1446","primary","N","A","研","研","研","一 丿 丨 𠃍 一 一 一 丿 丨","一 丿 一 一 一 丨 丨 𠃍 丿"
"cnwstqi1447","primary","N","B","砖","砖","砖","一 丿 丶 一 丨 𠃍 ㄣ 一 一","一 丿 丨 𠃍 一 一 一 ㄣ 丶"
"cnwstqi1448","primary","N","A","厘","厘","厘","一 丿 丨 𠃍 一 一 丨 一 一","一 丿 一 一 𠃍 丨 一 丨 一"
"cnwstqi1449","primary","N","A","厚","厚","厚","一 丿 丨 𠃍 一 一 ㇇ 亅 一","一 丿 一 一 丨 亅 一 ㇇ 𠃍"
"cnwstqi1450","primary","N","A","砌","砌","砌","一 丿 丨 𠃍 一 一 𠄌 𠃌 丿","一 丿 𠃍 丨 丿 𠃌 一 𠄌 一"
"cnwstqi1451","primary","N","B","砂","砂","砂","一 丿 丿 𠃍 一 丶 丿 丨 丨","一 丿 丨 𠃍 一 丨 丿 丶 丿"
"cnwstqi1452","primary","N","B","泵","泵","泵","一 丿 ㇇ 𠃍 丨 丿 亅 ㇏ 一","一 丿 丨 𠃍 一 亅 ㇇ 丿 ㇏"
"cnwstqi1453","primary","N","B","砚","砚","砚","一 丿 一 丿 乚 丨 丨 𠃍 𠃍","一 丿 丨 𠃍 一 丨 𠃍 丿 乚"
"cnwstqi1454","primary","N","A","砍","砍","砍","一 丿 丨 𠃍 一 丿 乛 丿 ㇏","一 丿 丿 丿 𠃍 丨 乛 一 ㇏"
"cnwstqi1455","primary","N","A","面","面","面","一 丿 丨 𠃍 丨 丨 一 一 一","一 丿 一 一 𠃍 丨 丨 一 丨"
"cnwstqi1456","primary","N","B","耐","耐","耐","一 丿 𠃌 丶 丨 丨 亅 丨 一","一 丿 丨 𠃌 丨 丨 一 亅 丶"
"cnwstqi1457","primary","N","B","耍","耍","耍","一 丿 𡿨 𠃌 丿 丨 丨 丨 一","一 丿 丨 𠃌 丨 丨 𡿨 丿 一"
"cnwstqi1458","primary","N","A","牵","牵","牵","一 丿 丶 ㇀ 乛 丿 一 一 丨","一 丿 一 一 丶 丨 丿 ㇀ 乛"
"cnwstqi1459","primary","N","B","鸥","鸥","鸥","一 丿 𠃌 一 ㇉ 丶 丶 丿 ㇄","一 丿 丶 ㇄ 丿 𠃌 丶 ㇉ 一"
"cnwstqi1460","primary","N","B","残","残","残","一 丿 一 丶 丿 丶 一 ㇇ ㇂","一 丿 ㇇ 丶 一 一 ㇂ 丿 丶"
"cnwstqi1461","primary","N","B","殃","殃","殃","一 丿 𠃍 丶 丨 丿 一 ㇇ ㇏","一 丿 ㇇ 丶 丨 𠃍 一 丿 ㇏"
"cnwstqi1462","primary","N","A","轴","轴","轴","一 𠃋 丨 ㇀ 丨 𠃍 一 丨 一","一 𠃋 丨 一 丨 一 丨 ㇀ 𠃍"
"cnwstqi1463","primary","N","A","轻","轻","轻","一 𠃋 丨 ㇀ ㇇ 丶 一 丨 一","一 𠃋 一 ㇀ 丨 丶 一 ㇇ 丨"
"cnwstqi1464","primary","N","A","鸦","鸦","鸦","一 𠃋 亅 丿 丿 𠃌 丶 ㇉ 一","一 𠃋 丶 𠃌 丿 一 亅 ㇉ 丿"
"cnwstqi1465","primary","N","B","皆","皆","皆","一 𠄌 𠃍 乚 丨 丿 丿 一 一","一 𠄌 丿 乚 丿 丨 𠃍 一 一"
"cnwstqi1466","primary","N","B","韭","韭","韭","丨 一 一 一 一 一 一 一 丨","丨 一 一 一 丨 一 一 一 一"
"cnwstqi1467","primary","N","B","背","背","背","丨 一 ㇀ 丿 乚 𠃌 一 一 丨","丨 一 ㇀ 丿 乚 丨 𠃌 一 一"
"cnwstqi1468","primary","N","B","战","战","战","丨 一 𠃍 一 丿 丶 一 丨 ㇂","丨 一 丨 𠃍 一 一 ㇂ 丿 丶"
"cnwstqi1469","primary","N","B","点","点","点","丨 一 ㇀ 一 丨 丶 丶 丶 𠃍","丨 一 丨 𠃍 一 ㇀ 丶 丶 丶"
"cnwstqi1470","primary","N","A","虐","虐","虐","丨 一 乛 丿 一 乚 一 ㇄ 一","丨 一 乛 丿 一 ㇄ 乚 一 一"
"cnwstqi1471","primary","N","A","临","临","临","丨 丨 丿 一 丶 丨 𠃍 丨 一","丨 丨 丶 一 丨 丨 𠃍 一 丿"
"cnwstqi1472","primary","N","A","览","览","览","丨 丨 丿 一 丶 丨 𠃍 丿 乚","丨 丨 丿 一 丨 𠃍 乚 丶 丿"
"cnwstqi1473","primary","N","A","竖","竖","竖","丨 丨 ㇇ ㇏ 丶 一 丶 丿 一","丨 丨 ㇏ 一 一 ㇇ 丿 丶 丶"
"cnwstqi1474","primary","N","B","省","省","省","丨 丿 丿 一 一 一 丶 丨 𠃍","丨 丿 丶 丿 丨 𠃍 一 一 一"
"cnwstqi1475","primary","N","B","削","削","削","丨 丶 丨 丨 丿 一 𠃌 一 亅","丨 丶 丿 丨 𠃌 一 一 丨 亅"
"cnwstqi1476","primary","N","A","尝","尝","尝","丨 丶 丿 ㇀ 乛 一 一 𠃋 丶","丨 丶 一 丿 ㇀ 𠃋 丶 乛 一"
"cnwstqi1477","primary","N","B","昧","昧","昧","丨 𠃍 丿 一 丨 ㇏ 一 一 一","丨 𠃍 一 一 一 一 丨 丿 ㇏"
"cnwstqi1478","primary","N","B","盹","盹","盹","丨 𠃍 一 一 丨 乚 ㇄ 一 一","丨 𠃍 一 一 一 一 ㇄ 丨 乚"
"cnwstqi1479","primary","N","A","是","是","是","丨 𠃍 一 一 一 丨 一 丿 ㇏","丨 𠃍 一 丨 一 丿 一 一 ㇏"
"cnwstqi1480","primary","N","A","盼","盼","盼","丨 𠃍 一 一 一 丿 ㇏ 𠃌 丿","丨 𠃍 一 一 ㇏ 丿 丿 一 𠃌"
"cnwstqi1481","primary","N","A","眨","眨","眨","丨 𠃍 一 一 一 丿 丶 ㇇ ㇏","丨 𠃍 一 ㇇ 一 ㇏ 丿 丶 一"
"cnwstqi1482","primary","N","A","哇","哇","哇","丨 𠃍 一 一 丨 一 一 丨 一","丨 𠃍 一 一 丨 丨 一 一 一"
"cnwstqi1483","primary","N","A","哄","哄","哄","丨 𠃍 一 一 丨 丨 一 丿 丶","丨 𠃍 丨 丨 丶 一 丿 一 一"
"cnwstqi1484","primary","N","A","哑","哑","哑","丨 𠃍 一 一 丨 丨 丶 丿 一","丨 𠃍 丨 一 丨 一 丶 丿 一"
"cnwstqi1485","primary","N","B","显","显","显","丨 𠃍 一 丿 丨 一 丨 丶 一","丨 𠃍 一 一 丨 丨 丶 丿 一"
"cnwstqi1486","primary","N","B","冒","冒","冒","丨 𠃍 一 丨 一 𠃍 一 一 一","丨 𠃍 一 一 丨 𠃍 一 一 一"
"cnwstqi1487","primary","N","A","映","映","映","丨 𠃍 一 一 丨 𠃍 一 丿 ㇏","丨 𠃍 丨 一 𠃍 ㇏ 一 丿 一"
"cnwstqi1488","primary","N","A","星","星","星","丨 𠃍 一 一 丿 一 一 丨 一","丨 𠃍 一 一 一 丿 一 丨 一"
"cnwstqi1489","primary","N","B","昨","昨","昨","丨 𠃍 一 一 丨 一 丿 一 一","丨 𠃍 一 一 丿 一 丨 一 一"
"cnwstqi1490","primary","N","B","咧","咧","咧","丨 𠃍 丨 一 亅 丶 ㇇ 一 丿","丨 𠃍 一 一 丿 ㇇ 丶 丨 亅"
"cnwstqi1491","primary","N","B","昭","昭","昭","丨 𠃍 一 丿 一 𠃍 丨 一 𠃌","丨 𠃍 一 一 𠃌 丿 丨 𠃍 一"
"cnwstqi1492","primary","N","B","畏","畏","畏","丨 𠃍 丿 丨 ㇏ 一 𠄌 一 一","丨 𠃍 一 丨 一 一 𠄌 丿 ㇏"
"cnwstqi1493","primary","N","B","趴","趴","趴","丨 𠃍 丨 一 丿 ㇏ 一 丨 ㇀","丨 𠃍 一 丨 一 丨 ㇀ 丿 ㇏"
"cnwstqi1494","primary","N","B","胃","胃","胃","丨 𠃍 𠃌 一 一 一 丨 丨 一","丨 𠃍 一 丨 一 丨 𠃌 一 一"
"cnwstqi1495","primary","N","A","贵","贵","贵","丨 𠃍 一 丨 一 丨 𠃍 丿 丶","丨 𠃍 𠃍 丿 一 丨 一 丶 丨"
"cnwstqi1496","primary","N","B","界","界","界","丨 𠃍 一 丨 丨 一 ㇏ 丿 丿","丨 𠃍 一 丨 一 丿 ㇏ 丿 丨"
"cnwstqi1497","primary","N","A","虹","虹","虹","丨 𠃍 一 丨 一 丶 一 丨 一","丨 𠃍 丶 丨 一 一 一 一 丨"
"cnwstqi1498","primary","N","B","虾","虾","虾","丨 𠃍 丨 丶 一 丶 一 一 丨","丨 𠃍 一 丨 一 丶 一 丨 丶"
"cnwstqi1499","primary","N","A","蚁","蚁","蚁","丨 𠃍 一 丨 一 丶 丶 丿 ㇏","丨 𠃍 丶 一 一 ㇏ 丿 丨 丶"
"cnwstqi1500","primary","N","B","思","思","思","丨 𠃍 一 丶 ㇀ 一 ㇃ 丨 丶","丨 𠃍 一 丨 一 ㇀ ㇃ 丶 丶"
"cnwstqi1501","primary","N","B","蚂","蚂","蚂","丨 𠃍 丶 𠃍 一 一 ㇉ 一 丨","丨 𠃍 一 丨 一 丶 𠃍 ㇉ 一"
"cnwstqi1502","primary","N","A","虽","虽","虽","丨 𠃍 一 丨 𠃍 一 丨 一 丶","丨 𠃍 丨 丶 一 一 丨 𠃍 一"
"cnwstqi1503","primary","N","B","品","品","品","丨 𠃍 一 一 丨 丨 𠃍 一 𠃍","丨 𠃍 一 丨 𠃍 一 丨 𠃍 一"
"cnwstqi1504","primary","N","A","咽","咽","咽","丨 𠃍 一 丨 𠃍 一 丿 丶 一","丨 𠃍 丿 𠃍 一 一 丨 一 丶"
"cnwstqi1505","primary","N","A","骂","骂","骂","丨 𠃍 一 丨 𠃍 一 𠃍 ㇉ 一","丨 𠃍 一 丨 ㇉ 一 𠃍 𠃍 一"
"cnwstqi1506","primary","N","A","勋","勋","勋","丨 𠃍 一 丨 𠃍 丿 丶 𠃌 丿","丨 𠃍 丨 丿 丿 𠃌 𠃍 一 丶"
"cnwstqi1507","primary","N","B","哗","哗","哗","丨 𠃍 丿 乚 一 丨 丿 一 丨","丨 𠃍 一 丿 丨 丿 乚 一 丨"
"cnwstqi1508","primary","N","B","咱","咱","咱","丨 𠃍 丿 丨 一 一 一 一 𠃍","丨 𠃍 一 丿 丨 𠃍 一 一 一"
"cnwstqi1509","primary","N","B","响","响","响","丨 𠃍 丨 一 一 丿 𠃌 丨 𠃍","丨 𠃍 一 丿 丨 𠃌 丨 𠃍 一"
"cnwstqi1510","primary","N","B","哈","哈","哈","丨 𠃍 丨 一 一 ㇏ 丿 𠃍 一","丨 𠃍 一 丿 ㇏ 一 丨 𠃍 一"
"cnwstqi1511","primary","N","A","哆","哆","哆","丨 𠃍 一 丿 ㇇ 丶 丿 ㇇ 丶","丨 𠃍 丶 丶 一 丿 ㇇ 丿 ㇇"
"cnwstqi1512","primary","N","A","咬","咬","咬","丨 𠃍 一 丶 一 丿 丶 丿 ㇏","丨 𠃍 丶 丿 丶 ㇏ 一 丿 一"
"cnwstqi1513","primary","N","B","咳","咳","咳","丨 𠃍 丶 丿 丿 一 一 丶 𠃋","丨 𠃍 一 丶 一 𠃋 丿 丿 丶"
"cnwstqi1514","primary","N","A","咪","咪","咪","丨 𠃍 一 丶 丿 一 丨 丿 ㇏","丨 𠃍 ㇏ 丿 丿 丨 丶 一 一"
"cnwstqi1515","primary","N","A","哪","哪","哪","丨 𠃍 一 𠃌 一 一 丿 ㇌ 丨","丨 𠃍 丨 ㇌ 𠃌 一 丿 一 一"
"cnwstqi1516","primary","N","B","哟","哟","哟","丨 𠃍 ㇀ 𠃌 丿 一 丶 𠃋 𠃋","丨 𠃍 一 𠃋 𠃋 ㇀ 丿 𠃌 丶"
"cnwstqi1517","primary","N","B","炭","炭","炭","丨 ㇄ 丿 ㇏ 丨 丿 一 丿 ㇀","丨 ㇄ 丨 一 丿 ㇀ 丿 丿 ㇏"
"cnwstqi1518","primary","N","A","峡","峡","峡","丨 ㇄ 丨 一 丶 丿 一 丿 ㇏","丨 ㇄ ㇏ 丨 一 丶 丿 一 丿"
"cnwstqi1519","primary","N","A","罚","罚","罚","丨 𠃍 丨 丨 一 丶 ㇊ 丨 亅","丨 𠃍 亅 ㇊ 丶 一 丨 丨 丨"
"cnwstqi1520","primary","N","A","贱","贱","贱","丨 𠃍 丿 丶 一 一 ㇂ 丿 丶","丨 𠃍 丿 一 ㇂ 丶 丶 丿 一"
"cnwstqi1521","primary","N","B","贴","贴","贴","丨 𠃍 丿 丨 𠃍 丨 一 丶 一","丨 𠃍 丿 丶 丨 一 丨 𠃍 一"
"cnwstqi1522","primary","N","B","贻","贻","贻","丨 𠃍 丶 𠃍 一 丶 丿 𠃋 丨","丨 𠃍 丿 丶 𠃋 丶 丨 𠃍 一"
"cnwstqi1523","primary","N","B","骨","骨","骨","丨 𠃍 ㇀ 一 乛 一 丨 𠃌 𠃍","丨 𠃍 𠃍 ㇀ 乛 丨 𠃌 一 一"
"cnwstqi1524","primary","N","A","幽","幽","幽","丨 𠃋 𠃋 丶 𠃋 𠃋 丶 ㇄ 丨","丨 𠃋 ㇄ 𠃋 丨 𠃋 丶 丶 𠃋"
"cnwstqi1525","primary","N","A","钙","钙","钙","丿 一 一 一 𠄌 一 丨 一 ㇉","丿 一 一 丨 𠄌 一 一 ㇉ 一"
"cnwstqi1526","primary","N","B","钝","钝","钝","丿 一 乚 ㇄ 一 一 𠄌 丨 一","丿 一 一 一 𠄌 一 ㇄ 丨 乚"
"cnwstqi1527","primary","N","B","钞","钞","钞","丿 一 𠄌 丶 一 一 丨 丿 丿","丿 一 一 一 𠄌 丨 丿 丶 丿"
"cnwstqi1528","primary","N","A","钟","钟","钟","丿 一 一 一 𠄌 丨 𠃍 一 丨","丿 一 𠄌 一 丨 丨 𠃍 一 一"
"cnwstqi1529","primary","N","A","钢","钢","钢","丿 一 一 一 𠄌 丨 𠃌 丿 丶","丿 一 𠃌 一 丶 𠄌 丨 一 丿"
"cnwstqi1530","primary","N","A","钠","钠","钠","丿 一 一 一 𠄌 丨 𠃌 丿 丶","丿 一 丶 一 丿 𠃌 丨 一 𠄌"
"cnwstqi1531","primary","N","B","钥","钥","钥","丿 一 𠃌 一 一 一 一 𠄌 丿","丿 一 一 一 𠄌 丿 𠃌 一 一"
"cnwstqi1532","primary","N","B","钦","钦","钦","丿 一 丿 乛 一 丿 ㇏ 一 𠄌","丿 一 一 一 𠄌 丿 乛 丿 ㇏"
"cnwstqi1533","primary","N","B","钧","钧","钧","丿 一 丿 𠃌 𠄌 ㇀ 一 一 丶","丿 一 一 一 𠄌 丿 𠃌 丶 ㇀"
"cnwstqi1534","primary","N","B","钩","钩","钩","丿 一 丿 𠃌 一 一 𠄌 丶 𠃋","丿 一 一 一 𠄌 丿 𠃌 𠃋 丶"
"cnwstqi1535","primary","N","B","钮","钮","钮","丿 一 一 丨 𠃍 一 一 𠄌 一","丿 一 一 一 𠄌 𠃍 丨 一 一"
"cnwstqi1536","primary","N","B","卸","卸","卸","丿 一 丨 一 一 丨 𠃌 丨 ㇀","丿 一 一 丨 一 丨 ㇀ 𠃌 丨"
"cnwstqi1537","primary","N","B","缸","缸","缸","丿 一 丨 一 丨 丨 一 ㇄ 一","丿 一 一 丨 ㇄ 丨 一 丨 一"
"cnwstqi1538","primary","N","A","拜","拜","拜","丿 一 一 丿 一 一 一 一 丨","丿 一 一 一 一 丨 一 丿 一"
"cnwstqi1539","primary","N","B","看","看","看","丿 一 一 一 𠃍 一 丿 一 丨","丿 一 一 丿 丨 𠃍 一 一 一"
"cnwstqi1540","primary","N","B","矩","矩","矩","丿 一 一 一 丶 𠃍 一 丿 ㇄","丿 一 一 丿 丶 一 𠃍 一 ㇄"
"cnwstqi1541","primary","N","B","毡","毡","毡","丿 一 一 一 一 丨 乚 𠃍 丨","丿 一 一 乚 丨 一 丨 𠃍 一"
"cnwstqi1542","primary","N","A","氢","氢","氢","丿 一 一 ⺄ ㇇ 丶 一 丨 一","丿 一 一 一 ⺄ 丶 ㇇ 丨 一"
"cnwstqi1543","primary","N","A","怎","怎","怎","丿 一 丨 一 一 ㇀ ㇃ 丶 丶","丿 一 ㇃ 丶 丶 一 ㇀ 丨 一"
"cnwstqi1544","primary","N","B","牲","牲","牲","丿 一 一 一 丿 ㇀ 丨 丨 一","丿 一 丨 ㇀ 丿 一 一 丨 一"
"cnwstqi1545","primary","N","B","选","选","选","丿 一 ㇋ 丨 一 ㇏ 丶 丿 乚","丿 一 丨 一 丿 乚 丶 ㇋ ㇏"
"cnwstqi1546","primary","N","A","适","适","适","丿 一 丨 丨 𠃍 一 丶 ㇋ ㇏","丿 一 一 丨 ㇋ 丶 𠃍 ㇏ 丨"
"cnwstqi1547","primary","N","B","秒","秒","秒","丿 一 丿 丨 丿 丨 丶 丶 丿","丿 一 丨 丿 丶 丨 丿 丶 丿"
"cnwstqi1548","primary","N","B","香","香","香","丿 一 丨 丿 一 𠃍 一 丨 ㇏","丿 一 丨 丿 ㇏ 丨 𠃍 一 一"
"cnwstqi1549","primary","N","A","种","种","种","丿 一 丨 丿 丶 丨 𠃍 一 丨","丿 一 丿 丨 丨 一 𠃍 丶 丨"
"cnwstqi1550","primary","N","B","秋","秋","秋","丿 一 ㇏ 丿 丶 丿 丨 丿 ㇀","丿 一 丨 丿 丶 ㇀ 丿 丿 ㇏"
"cnwstqi1551","primary","N","B","科","科","科","丿 一 丶 丶 丨 丿 丶 一 丨","丿 一 丨 丿 丶 丶 丶 一 丨"
"cnwstqi1552","primary","N","A","重","重","重","丿 一 丨 𠃍 一 一 丨 一 一","丿 一 一 丨 一 一 𠃍 一 丨"
"cnwstqi1553","primary","N","B","复","复","复","丿 一 ㇏ 丨 ㇇ 一 𠃍 丿 一","丿 一 丨 𠃍 一 一 丿 ㇇ ㇏"
"cnwstqi1554","primary","N","B","竿","竿","竿","丿 一 丶 丨 一 丿 一 一 丶","丿 一 丶 丿 一 丶 一 一 丨"
"cnwstqi1555","primary","N","B","段","段","段","丿 丨 一 ㇍ 一 ㇀ 丿 ㇏ ㇇","丿 丨 一 一 ㇀ 丿 ㇍ ㇇ ㇏"
"cnwstqi1556","primary","N","A","便","便","便","丿 丨 一 丨 𠃍 一 一 丿 ㇏","丿 丨 𠃍 丿 一 ㇏ 一 一 丨"
"cnwstqi1557","primary","N","B","俩","俩","俩","丿 丨 𠃌 丿 一 丶 丿 丨 丶","丿 丨 一 丨 𠃌 丿 丶 丿 丶"
"cnwstqi1558","primary","N","A","贷","贷","贷","丿 丨 一 ㇂ 丶 丨 𠃍 丿 丶","丿 丨 ㇂ 丨 𠃍 丶 丶 丿 一"
"cnwstqi1559","primary","N","A","顺","顺","顺","丿 丨 丨 一 丿 丨 𠃍 丿 丶","丿 丨 丿 𠃍 丨 丿 丶 一 丨"
"cnwstqi1560","primary","N","B","修","修","修","丿 丨 丿 丿 丨 ㇇ ㇏ 丿 丿","丿 丨 丨 丿 ㇇ ㇏ 丿 丿 丿"
"cnwstqi1561","primary","N","A","俏","俏","俏","丿 丨 丨 丶 丿 丨 𠃌 一 一","丿 丨 一 丶 丿 丨 丨 一 𠃌"
"cnwstqi1562","primary","N","A","保","保","保","丿 丨 丨 𠃍 一 一 丨 丿 ㇏","丿 丨 一 一 𠃍 丨 丿 丨 ㇏"
"cnwstqi1563","primary","N","B","促","促","促","丿 丨 丿 𠃍 一 丨 丨 一 ㇏","丿 丨 丨 𠃍 一 丨 一 丿 ㇏"
"cnwstqi1564","primary","N","A","俄","俄","俄","丿 丨 丿 一 亅 ㇀ ㇂ 丿 丶","丿 丨 亅 丿 丿 ㇂ 丶 一 ㇀"
"cnwstqi1565","primary","N","A","俐","俐","俐","丿 丨 丿 一 丨 丿 丶 丨 亅","丿 丨 丿 丨 丿 丶 亅 一 丨"
"cnwstqi1566","primary","N","A","侮","侮","侮","丿 丨 丿 一 ㇄ 𠃌 丶 一 丶","丿 丨 丿 ㇄ 丶 𠃌 一 一 丶"
"cnwstqi1567","primary","N","A","俭","俭","俭","丿 丨 丿 ㇏ 一 丶 丶 丿 一","丿 丨 丿 ㇏ 丿 一 丶 丶 一"
"cnwstqi1568","primary","N","B","俗","俗","俗","丿 丨 𠃍 丿 丶 一 ㇏ 丿 丨","丿 丨 丿 丶 丿 ㇏ 丨 𠃍 一"
"cnwstqi1569","primary","N","A","俘","俘","俘","丿 丨 丿 丶 丶 丿 ㇇ 亅 一","丿 丨 丶 一 丶 ㇇ 亅 丿 丿"
"cnwstqi1570","primary","N","A","信","信","信","丿 丨 丶 一 一 一 丨 𠃍 一","丿 丨 一 丨 𠃍 一 丶 一 一"
"cnwstqi1571","primary","N","A","皇","皇","皇","丿 丨 𠃍 一 一 一 一 丨 一","丿 丨 一 一 丨 一 一 𠃍 一"
"cnwstqi1572","primary","N","B","泉","泉","泉","丿 丨 𠃍 亅 ㇇ 一 一 ㇏ 丿","丿 丨 𠃍 一 一 亅 ㇇ 丿 ㇏"
"cnwstqi1573","primary","N","B","鬼","鬼","鬼","丿 丨 丶 𠃍 𠃋 丿 一 一 乚","丿 丨 𠃍 一 一 丿 乚 𠃋 丶"
"cnwstqi1574","primary","N","B","侵","侵","侵","丿 丨 一 ㇏ ㇇ ㇀ 𠃍 一 ㇇","丿 丨 𠃍 一 一 ㇀ ㇇ ㇇ ㇏"
"cnwstqi1575","primary","N","B","禹","禹","禹","丿 丨 𠃍 𠃌 一 丨 丨 ㇀ 丶","丿 丨 𠃍 一 丨 𠃌 丨 ㇀ 丶"
"cnwstqi1576","primary","N","B","侯","侯","侯","丿 丨 一 一 丿 丿 一 ㇏ 𠃍","丿 丨 𠃍 一 丿 一 一 丿 ㇏"
"cnwstqi1577","primary","N","A","追","追","追","丿 丨 𠃍 一 𠃍 一 丶 ㇋ ㇏","丿 丨 ㇋ 𠃍 丶 𠃍 一 一 ㇏"
"cnwstqi1578","primary","N","A","俊","俊","俊","丿 丨 𠃋 丶 丿 丶 丿 ㇇ ㇏","丿 丨 ㇇ 丶 𠃋 ㇏ 丿 丿 丶"
"cnwstqi1579","primary","N","B","盾","盾","盾","丿 丿 丨 一 丨 一 𠃍 一 一","丿 丿 一 丨 丨 𠃍 一 一 一"
"cnwstqi1580","primary","N","A","待","待","待","丿 丿 丨 一 丨 一 一 亅 丶","丿 丿 一 丨 丶 一 丨 亅 一"
"cnwstqi1581","primary","N","B","徊","徊","徊","丿 丿 𠃍 丨 𠃍 一 丨 丨 一","丿 丿 丨 丨 𠃍 丨 𠃍 一 一"
"cnwstqi1582","primary","N","A","衍","衍","衍","丿 丿 丨 丶 丶 ㇀ 一 一 亅","丿 丿 ㇀ 丨 一 丶 一 亅 丶"
"cnwstqi1583","primary","N","A","律","律","律","丿 丿 丨 𠃍 一 一 一 一 丨","丿 丿 一 一 一 丨 丨 一 𠃍"
"cnwstqi1584","primary","N","B","很","很","很","丿 丿 一 𠃍 𠄌 丨 丿 ㇏ 一","丿 丿 丨 𠃍 一 一 𠄌 丿 ㇏"
"cnwstqi1585","primary","N","B","须","须","须","丿 丿 𠃍 丨 丿 丿 一 丿 丶","丿 丿 丿 一 丿 丨 𠃍 丿 丶"
"cnwstqi1586","primary","N","B","叙","叙","叙","丿 丶 一 丶 一 亅 ㇇ 丿 ㇏","丿 丶 一 一 亅 丿 丶 ㇇ ㇏"
"cnwstqi1587","primary","N","B","剑","剑","剑","丿 丶 丶 ㇀ 一 亅 丿 丨 丶","丿 丶 一 丶 丶 丿 ㇀ 丨 亅"
"cnwstqi1588","primary","N","B","逃","逃","逃","丿 丶 ㇀ 丶 ㇏ 丿 乚 丶 ㇋","丿 丶 ㇀ 乚 丿 丶 丶 ㇋ ㇏"
"cnwstqi1589","primary","N","B","食","食","食","丿 ㇏ 𠄌 一 丿 丶 𠃍 一 丶","丿 ㇏ 丶 𠃍 一 一 𠄌 丿 丶"
"cnwstqi1590","primary","N","A","盆","盆","盆","丿 ㇏ 𠃌 丿 丨 𠃍 丨 丨 一","丿 ㇏ 一 丨 丿 𠃌 丨 𠃍 丨"
"cnwstqi1591","primary","N","A","胚","胚","胚","丿 𠃌 一 一 一 丿 丨 丶 一","丿 𠃌 丿 丶 一 一 丨 一 一"
"cnwstqi1592","primary","N","A","胧","胧","胧","丿 𠃌 一 一 一 丿 乚 丿 丶","丿 𠃌 丶 一 乚 丿 一 丿 一"
"cnwstqi1593","primary","N","A","胆","胆","胆","丿 𠃌 一 一 丨 𠃍 一 一 一","丿 𠃌 𠃍 一 一 丨 一 一 一"
"cnwstqi1594","primary","N","A","胜","胜","胜","丿 𠃌 一 一 丿 一 一 丨 一","丿 𠃌 丿 一 一 一 丨 一 一"
"cnwstqi1595","primary","N","B","胞","胞","胞","丿 𠃌 丿 𠃌 乚 一 一 一 𠃍","丿 𠃌 一 一 丿 𠃌 𠃍 一 乚"
"cnwstqi1596","primary","N","A","胖","胖","胖","丿 𠃌 一 一 丶 丿 一 一 丨","丿 𠃌 一 丿 一 丶 一 丨 一"
"cnwstqi1597","primary","N","A","脉","脉","脉","丿 𠃌 一 一 丶 𠃌 ㇇ 丿 ㇏","丿 𠃌 一 丶 一 𠃌 ㇇ 丿 ㇏"
"cnwstqi1598","primary","N","A","胎","胎","胎","丿 𠃌 一 一 𠃋 丶 丨 𠃍 一","丿 𠃌 一 𠃋 丨 一 𠃍 丶 一"
"cnwstqi1599","primary","N","A","勉","勉","勉","丿 ㇇ 丨 𠃍 一 丿 乚 𠃌 丿","丿 ㇇ 𠃍 乚 丿 丿 一 𠃌 丨"
"cnwstqi1600","primary","N","A","狭","狭","狭","丿 ㇁ 丿 一 丶 丿 一 丿 ㇏","丿 ㇁ 一 丿 丿 丶 一 ㇏ 丿"
"cnwstqi1601","primary","N","B","狮","狮","狮","丿 ㇁ 丿 丨 丿 一 丨 丨 𠃌","丿 ㇁ 丿 丨 丿 一 丨 𠃌 丨"
"cnwstqi1602","primary","N","A","独","独","独","丿 ㇁ 丿 丨 𠃍 一 丨 一 丶","丿 ㇁ 一 𠃍 丶 丨 丿 丨 一"
"cnwstqi1603","primary","N","A","狰","狰","狰","丿 ㇁ 丿 丿 ㇇ 𠃍 一 一 亅","丿 ㇁ 𠃍 丿 丿 亅 一 ㇇ 一"
"cnwstqi1604","primary","N","A","狡","狡","狡","丿 ㇁ 丿 丶 一 丿 丶 丿 ㇏","丿 ㇁ 丿 丿 丿 一 丶 ㇏ 丶"
"cnwstqi1605","primary","N","A","狱","狱","狱","丿 ㇁ 丿 丶 ㇊ 一 丿 ㇏ 丶","丿 ㇁ 丶 ㇊ ㇏ 丿 一 丿 丶"
"cnwstqi1606","primary","N","B","狠","狠","狠","丿 ㇁ 一 𠄌 一 ㇏ 丿 丿 𠃍","丿 ㇁ 丿 𠃍 一 一 𠄌 丿 ㇏"
"cnwstqi1607","primary","N","B","贸","贸","贸","丿 𠄌 丿 丨 𠃍 丶 丶 丿 𠃌","丿 𠄌 丶 𠃌 丿 丨 𠃍 丿 丶"
"cnwstqi1608","primary","N","B","怨","怨","怨","丿 ㇇ ㇃ 丶 ㇀ 丶 丶 乚 𠃌","丿 ㇇ 丶 𠃌 乚 ㇀ ㇃ 丶 丶"
"cnwstqi1609","primary","N","A","急","急","急","丿 ㇇ 𠃍 一 一 ㇀ ㇃ 丶 丶","丿 ㇇ 𠃍 一 丶 ㇃ ㇀ 丶 一"
"cnwstqi1610","primary","N","A","饵","饵","饵","丿 乛 𠄌 一 丨 丨 一 一 一","丿 乛 一 一 丨 一 𠄌 一 丨"
"cnwstqi1611","primary","N","B","饶","饶","饶","丿 乛 乚 一 丿 𠄌 丿 ㇂ 一","丿 乛 𠄌 一 ㇂ 丿 一 丿 乚"
"cnwstqi1612","primary","N","A","蚀","蚀","蚀","丿 乛 𠄌 丨 𠃍 一 丨 一 丶","丿 乛 丨 𠄌 一 一 𠃍 丶 丨"
"cnwstqi1613","primary","N","B","饺","饺","饺","丿 乛 丿 𠄌 一 丶 丿 ㇏ 丶","丿 乛 𠄌 丶 一 丿 丶 丿 ㇏"
"cnwstqi1614","primary","N","A","饼","饼","饼","丿 乛 𠄌 丶 丿 一 一 丿 丨","丿 乛 丨 丿 一 一 丶 丿 𠄌"
"cnwstqi1615","primary","N","A","峦","峦","峦","丶 一 丨 丨 丿 丶 丨 ㇄ 丨","丶 一 丿 丨 ㇄ 丨 丨 丶 丨"
"cnwstqi1616","primary","N","B","弯","弯","弯","丶 一 ㇉ 𠃍 丶 丿 丨 丨 一","丶 一 丨 丨 丿 丶 𠃍 一 ㇉"
"cnwstqi1617","primary","N","A","将","将","将","丶 ㇀ 丨 丿 ㇇ 丶 一 亅 丶","丶 ㇀ 丶 一 丶 ㇇ 亅 丿 丨"
"cnwstqi1618","primary","N","A","奖","奖","奖","丶 ㇀ 丨 丿 ㇇ 丶 一 丿 ㇏","丶 ㇀ 丿 一 丨 丶 ㇇ ㇏ 丿"
"cnwstqi1619","primary","N","B","哀","哀","哀","丶 一 丿 ㇏ 丿 一 丨 𠃍 𠄌","丶 一 丨 𠃍 一 丿 𠄌 丿 ㇏"
"cnwstqi1620","primary","N","B","亭","亭","亭","丶 一 𠃍 ㇀ 乛 丨 一 亅 一","丶 一 丨 𠃍 一 ㇀ 乛 一 亅"
"cnwstqi1621","primary","N","A","亮","亮","亮","丶 一 丨 𠃍 一 ㇀ 乛 丿 ⺄","丶 一 ⺄ 丿 一 𠃍 丨 ㇀ 乛"
"cnwstqi1622","primary","N","A","度","度","度","丶 一 丿 一 丨 丨 一 ㇇ ㇏","丶 一 丨 ㇇ ㇏ 丨 一 丿 一"
"cnwstqi1623","primary","N","A","迹","迹","迹","丶 一 丿 亅 丿 丶 丶 ㇋ ㇏","丶 一 丶 丶 ㇋ 丿 亅 丿 ㇏"
"cnwstqi1624","primary","N","B","庭","庭","庭","丶 一 丿 一 ㇏ ㇋ 丿 丨 一","丶 一 丿 丿 一 丨 一 ㇋ ㇏"
"cnwstqi1625","primary","N","B","疮","疮","疮","丶 一 乚 ㇏ 丶 ㇀ 丿 𠃌 丿","丶 一 丿 丶 ㇀ 丿 ㇏ 𠃌 乚"
"cnwstqi1626","primary","N","A","疯","疯","疯","丶 一 丿 丶 ㇀ 丿 ⺄ 丿 丶","丶 一 ⺄ 丿 丶 丶 丿 丿 ㇀"
"cnwstqi1627","primary","N","B","疫","疫","疫","丶 一 丿 ㇍ 丶 ㇇ ㇀ ㇏ 丿","丶 一 丿 丶 ㇀ 丿 ㇍ ㇇ ㇏"
"cnwstqi1628","primary","N","B","疤","疤","疤","丶 一 乚 𠃍 丶 丿 ㇀ 一 丨","丶 一 丿 丶 ㇀ 𠃍 丨 一 乚"
"cnwstqi1629","primary","N","B","咨","咨","咨","丶 ㇀ 乛 丿 ㇏ 一 丨 丿 𠃍","丶 ㇀ 丿 乛 丿 ㇏ 丨 𠃍 一"
"cnwstqi1630","primary","N","A","姿","姿","姿","丶 ㇀ 丿 乛 丿 ㇏ 𡿨 丿 一","丶 ㇀ 丿 ㇏ 丿 丿 乛 一 𡿨"
"cnwstqi1631","primary","N","A","亲","亲","亲","丶 一 丶 丿 一 一 亅 丿 丶","丶 一 一 丶 一 丿 丶 丿 亅"
"cnwstqi1632","primary","N","A","音","音","音","丶 一 丶 丿 一 丨 𠃍 一 一","丶 一 丨 一 𠃍 一 丿 丶 一"
"cnwstqi1633","primary","N","A","帝","帝","帝","丶 一 丶 丿 ㇀ 乛 丨 𠃌 丨","丶 一 丨 ㇀ 丶 丨 丿 乛 𠃌"
"cnwstqi1634","primary","N","B","施","施","施","丶 一 丿 𠃌 丿 一 丨 𠃌 乚","丶 一 𠃌 丿 丿 一 𠃌 丨 乚"
"cnwstqi1635","primary","N","A","闺","闺","闺","丶 丨 𠃌 一 丨 一 一 丨 一","丶 丨 𠃌 丨 丨 一 一 一 一"
"cnwstqi1636","primary","N","B","闻","闻","闻","丶 丨 一 丨 丨 一 一 𠃌 一","丶 丨 𠃌 一 丨 丨 一 一 一"
"cnwstqi1637","primary","N","A","闽","闽","闽","丶 丨 𠃌 丨 𠃍 一 丨 一 丶","丶 丨 一 一 𠃍 丶 丨 丨 𠃌"
"cnwstqi1638","primary","N","B","阀","阀","阀","丶 丨 丨 丶 丿 一 ㇂ 𠃌 丿","丶 丨 𠃌 丿 丨 一 ㇂ 丿 丶"
"cnwstqi1639","primary","N","A","阁","阁","阁","丶 丨 𠃌 丿 ㇇ ㇏ 丨 𠃍 一","丶 丨 ㇏ 丨 丿 𠃍 ㇇ 𠃌 一"
"cnwstqi1640","primary","N","A","差","差","差","丶 丿 一 一 一 丿 一 丨 一","丶 丿 一 一 丿 一 丨 一 一"
"cnwstqi1641","primary","N","A","养","养","养","丶 丿 一 一 一 丿 ㇏ 丿 丨","丶 丿 一 丨 一 一 ㇏ 丿 丿"
"cnwstqi1642","primary","N","A","美","美","美","丶 丿 一 一 丨 一 一 丿 ㇏","丶 丿 丿 一 一 一 丨 ㇏ 一"
"cnwstqi1643","primary","N","A","姜","姜","姜","丶 丿 一 一 丨 一 𡿨 丿 一","丶 丿 丨 𡿨 一 一 丿 一 一"
"cnwstqi1644","primary","N","A","叛","叛","叛","丶 丿 一 一 丿 丿 丿 ㇇ ㇏","丶 丿 丿 一 丿 ㇇ 一 ㇏ 丿"
"cnwstqi1645","primary","N","B","送","送","送","丶 丿 丶 一 一 ㇋ 丶 丿 ㇏","丶 丿 一 一 丿 丶 丶 ㇋ ㇏"
"cnwstqi1646","primary","N","A","类","类","类","丶 丿 一 丨 丿 丶 一 丿 ㇏","丶 丿 ㇏ 一 丶 丿 丨 一 丿"
"cnwstqi1647","primary","N","B","迷","迷","迷","丶 丿 丶 丶 一 丨 ㇋ ㇏ 丿","丶 丿 一 丨 丿 丶 丶 ㇋ ㇏"
"cnwstqi1648","primary","N","A","籽","籽","籽","丶 丿 一 丨 丿 丶 ㇇ 亅 一","丶 丿 丿 丶 一 丨 一 亅 ㇇"
"cnwstqi1649","primary","N","B","娄","娄","娄","丶 丿 丿 丿 一 ㇏ 丨 一 𡿨","丶 丿 一 丨 丿 ㇏ 𡿨 丿 一"
"cnwstqi1650","primary","N","B","前","前","前","丶 丿 一 丨 一 一 亅 𠃌 丨","丶 丿 一 丨 𠃌 一 一 丨 亅"
"cnwstqi1651","primary","N","A","首","首","首","丶 丿 一 丿 丨 𠃍 一 一 一","丶 丿 一 一 丿 丨 一 一 𠃍"
"cnwstqi1652","primary","N","A","逆","逆","逆","丶 丿 一 ㇄ 丨 丿 丶 ㇋ ㇏","丶 丿 ㇏ ㇄ 丿 丶 一 ㇋ 丨"
"cnwstqi1653","primary","N","A","兹","兹","兹","丶 丿 一 𠃋 𠃋 丶 𠃋 𠃋 丶","丶 丿 𠃋 𠃋 𠃋 丶 𠃋 丶 一"
"cnwstqi1654","primary","N","B","总","总","总","丶 丿 ㇀ 丨 𠃍 丶 一 丶 ㇃","丶 丿 丨 𠃍 一 ㇀ ㇃ 丶 丶"
"cnwstqi1655","primary","N","B","炼","炼","炼","㇀ 丿 丶 一 𠃋 丶 丿 𠃌 丿","㇀ 丿 丿 丶 一 𠃋 𠃌 丿 丶"
"cnwstqi1656","primary","N","A","炸","炸","炸","㇀ 丿 丿 丶 丿 一 丨 一 一","㇀ 丿 一 丿 丨 一 丶 一 丿"
"cnwstqi1657","primary","N","B","烁","烁","烁","㇀ 丿 丿 丿 丶 ㇄ 丿 亅 丶","㇀ 丿 丿 丶 丿 ㇄ 亅 丿 丶"
"cnwstqi1658","primary","N","A","炮","炮","炮","㇀ 丿 丿 丶 丿 𠃌 𠃍 一 乚","㇀ 丿 𠃌 丶 𠃍 丿 乚 丿 一"
"cnwstqi1659","primary","N","A","炫","炫","炫","㇀ 丿 丿 丶 丶 一 𠃋 𠃋 丶","㇀ 丿 丶 丶 丶 丿 𠃋 一 𠃋"
"cnwstqi1660","primary","N","A","烂","烂","烂","㇀ 丿 丿 丶 丶 丿 一 一 一","㇀ 丿 一 丿 一 一 丿 丶 丶"
"cnwstqi1661","primary","N","B","剃","剃","剃","丶 丿 丨 亅 丿 丨 𠃍 ㇉ 一","丶 丿 𠃍 一 ㇉ 丨 丿 丨 亅"
"cnwstqi1662","primary","N","B","洼","洼","洼","丶 丶 丨 丨 一 一 一 ㇀ 一","丶 丶 ㇀ 一 丨 一 一 丨 一"
"cnwstqi1663","primary","N","B","洁","洁","洁","丶 丶 ㇀ 𠃍 丨 丨 一 一 一","丶 丶 ㇀ 一 丨 一 丨 𠃍 一"
"cnwstqi1664","primary","N","B","洪","洪","洪","丶 丶 一 一 丿 丶 丨 ㇀ 丨","丶 丶 ㇀ 一 丨 丨 一 丿 丶"
"cnwstqi1665","primary","N","A","洒","洒","洒","丶 丶 ㇀ 一 丨 𠃍 丿 ㇄ 一","丶 丶 ㇄ 丨 ㇀ 𠃍 一 一 丿"
"cnwstqi1666","primary","N","A","柒","柒","柒","丶 丶 ㇀ 一 乚 一 丨 丿 ㇏","丶 丶 丨 一 一 丿 乚 ㇏ ㇀"
"cnwstqi1667","primary","N","A","浇","浇","浇","丶 丶 ㇀ 一 ㇂ 丿 一 丿 乚","丶 丶 乚 一 一 丿 丿 ㇀ ㇂"
"cnwstqi1668","primary","N","B","浊","浊","浊","丶 丶 丨 𠃍 ㇀ 一 丨 一 丶","丶 丶 ㇀ 丨 𠃍 一 丨 一 丶"
"cnwstqi1669","primary","N","A","洞","洞","洞","丶 丶 ㇀ 丨 𠃌 一 丨 𠃍 一","丶 丶 丨 一 丨 ㇀ 𠃌 𠃍 一"
"cnwstqi1670","primary","N","A","测","测","测","丶 丶 ㇀ 丨 𠃍 丿 丶 丨 亅","丶 丶 丿 亅 ㇀ 丶 丨 丨 𠃍"
"cnwstqi1671","primary","N","A","洗","洗","洗","丶 丶 ㇀ 丿 一 丨 一 丿 乚","丶 丶 丨 乚 丿 一 一 ㇀ 丿"
"cnwstqi1672","primary","N","A","活","活","活","丶 丶 ㇀ 丿 一 丨 丨 𠃍 一","丶 丶 丨 一 一 丨 ㇀ 丿 𠃍"
"cnwstqi1673","primary","N","A","派","派","派","丶 丶 ㇀ 丿 丿 丿 𠄌 丿 ㇏","丶 丶 𠄌 丿 丿 ㇀ 丿 丿 ㇏"
"cnwstqi1674","primary","N","A","洽","洽","洽","丶 丶 ㇀ 丿 ㇏ 一 丨 𠃍 一","丶 丶 丿 ㇏ 𠃍 丨 ㇀ 一 一"
"cnwstqi1675","primary","N","B","染","染","染","丶 丶 丨 ㇏ ㇀ ⺄ 一 丿 丿","丶 丶 ㇀ 丿 ⺄ 一 丨 丿 ㇏"
"cnwstqi1676","primary","N","B","洛","洛","洛","丶 丶 丨 一 𠃍 ㇇ ㇀ 丿 ㇏","丶 丶 ㇀ 丿 ㇇ ㇏ 丨 𠃍 一"
"cnwstqi1677","primary","N","A","浏","浏","浏","丶 丶 ㇀ 丶 一 丿 丶 丨 亅","丶 丶 ㇀ 丿 丶 亅 丶 丨 一"
"cnwstqi1678","primary","N","A","济","济","济","丶 丶 ㇀ 丶 一 丿 ㇏ 丿 丨","丶 丶 丿 丶 一 丿 ㇏ 丨 ㇀"
"cnwstqi1679","primary","N","B","洋","洋","洋","丶 丶 ㇀ 丨 一 丿 一 丶 一","丶 丶 ㇀ 丶 丿 一 一 一 丨"
"cnwstqi1680","primary","N","B","洲","洲","洲","丶 丶 ㇀ 丶 丶 丨 丨 ㇀ 丿","丶 丶 ㇀ ㇀ 丿 丶 丨 丶 丨"
"cnwstqi1681","primary","N","B","浑","浑","浑","丶 丶 一 乛 𠃋 丨 ㇀ ㇀ 一","丶 丶 ㇀ ㇀ 乛 一 𠃋 一 丨"
"cnwstqi1682","primary","N","A","浓","浓","浓","丶 丶 ㇀ ㇀ 乛 丿 𠄌 丿 ㇏","丶 丶 ㇀ ㇏ 丿 丿 𠄌 乛 ㇀"
"cnwstqi1683","primary","N","B","津","津","津","丶 丶 一 丨 ㇀ 𠃍 一 一 一","丶 丶 ㇀ 𠃍 一 一 一 一 丨"
"cnwstqi1684","primary","N","A","恃","恃","恃","㇀ 丶 丨 一 丨 一 一 亅 丶","㇀ 丶 一 丨 丶 一 丨 亅 一"
"cnwstqi1685","primary","N","A","恒","恒","恒","㇀ 丶 丨 一 丨 𠃍 一 一 一","㇀ 丶 一 丨 丨 一 𠃍 一 一"
"cnwstqi1686","primary","N","B","恢","恢","恢","㇀ 丶 ㇀ 丿 一 丿 ㇏ 丨 丿","㇀ 丶 丨 一 丿 ㇀ 丿 丿 ㇏"
"cnwstqi1687","primary","N","A","恍","恍","恍","㇀ 丶 丨 丨 丶 丿 一 丿 乚","㇀ 丶 丶 丿 丨 乚 丨 一 丿"
"cnwstqi1688","primary","N","B","恬","恬","恬","㇀ 丶 丨 一 丿 丨 𠃍 一 丨","㇀ 丶 丨 丿 一 丨 丨 𠃍 一"
"cnwstqi1689","primary","N","B","恤","恤","恤","㇀ 丶 丨 一 丨 丿 𠃍 丨 丨","㇀ 丶 丨 丿 丨 𠃍 丨 丨 一"
"cnwstqi1690","primary","N","A","恰","恰","恰","㇀ 丶 丨 丿 ㇏ 一 丨 𠃍 一","㇀ 丶 一 𠃍 丨 ㇏ 丿 丨 一"
"cnwstqi1691","primary","N","B","恼","恼","恼","㇀ 丶 一 丨 丶 丶 ㇄ 丿 丨","㇀ 丶 丨 丶 一 丿 丶 ㇄ 丨"
"cnwstqi1692","primary","N","A","恨","恨","恨","㇀ 丶 丨 𠃍 一 一 𠄌 丿 ㇏","㇀ 丶 一 ㇏ 𠃍 丿 𠄌 丨 一"
"cnwstqi1693","primary","N","A","举","举","举","丶 丶 丿 一 丿 ㇏ 一 一 丨","丶 丶 一 一 ㇏ 一 丿 丨 丿"
"cnwstqi1694","primary","N","B","觉","觉","觉","丶 丶 𠃍 乛 ㇀ 丿 丿 丨 乚","丶 丶 丿 ㇀ 乛 丨 𠃍 丿 乚"
"cnwstqi1695","primary","N","A","宣","宣","宣","丶 ㇀ 乛 一 丨 𠃍 一 一 一","丶 ㇀ 一 乛 一 一 𠃍 一 丨"
"cnwstqi1696","primary","N","B","宦","宦","宦","丶 ㇀ 丨 ㇄ 一 丨 一 𠃍 乛","丶 ㇀ 乛 一 丨 𠃍 一 丨 ㇄"
"cnwstqi1697","primary","N","B","室","室","室","丶 ㇀ 丶 一 乛 一 𠃋 丨 一","丶 ㇀ 乛 一 𠃋 丶 一 丨 一"
"cnwstqi1698","primary","N","B","宫","宫","宫","丶 ㇀ 一 乛 丨 𠃍 一 丨 𠃍","丶 ㇀ 乛 丨 𠃍 一 丨 𠃍 一"
"cnwstqi1699","primary","N","A","宪","宪","宪","丶 ㇀ 乛 丿 一 丨 一 丿 乚","丶 ㇀ 乚 丿 乛 丿 一 丨 一"
"cnwstqi1700","primary","N","B","突","突","突","丶 ㇀ ㇏ 乛 一 丿 丶 丿 丶","丶 ㇀ 乛 丿 丶 一 丿 ㇏ 丶"
"cnwstqi1701","primary","N","B","穿","穿","穿","丶 ㇀ 丿 丶 𠃋 一 亅 丿 乛","丶 ㇀ 乛 丿 丶 一 𠃋 亅 丿"
"cnwstqi1702","primary","N","A","窃","窃","窃","丶 ㇀ 乛 丿 丶 一 𠄌 𠃌 丿","丶 ㇀ 𠃌 一 乛 丿 𠄌 丶 丿"
"cnwstqi1703","primary","N","A","客","客","客","丶 ㇀ 乛 丿 ㇇ ㇏ 丨 𠃍 一","丶 ㇀ 丿 ㇏ 乛 ㇇ 𠃍 一 丨"
"cnwstqi1704","primary","N","A","诫","诫","诫","丶 ㇊ 一 一 丿 丨 ㇂ 丿 丶","丶 ㇊ 丨 丿 丶 一 ㇂ 丿 一"
"cnwstqi1705","primary","N","B","冠","冠","冠","㇀ 乛 丶 一 一 乚 丿 亅 一","㇀ 乛 一 一 丿 乚 一 亅 丶"
"cnwstqi1706","primary","N","A","诬","诬","诬","丶 ㇊ 一 丨 丿 丶 丿 丶 一","丶 ㇊ 丶 丨 一 丿 一 丶 丿"
"cnwstqi1707","primary","N","B","语","语","语","丶 ㇊ 一 一 丨 丨 𠃍 𠃍 一","丶 ㇊ 一 丨 𠃍 一 丨 𠃍 一"
"cnwstqi1708","primary","N","A","扁","扁","扁","丶 𠃍 一 丿 丨 𠃌 一 丨 丨","丶 𠃍 丿 𠃌 丨 丨 丨 一 一"
"cnwstqi1709","primary","N","A","袄","袄","袄","丶 ㇇ 丨 丿 丶 丿 一 丿 ㇏","丶 ㇇ 丨 丶 丿 一 丿 丿 ㇏"
"cnwstqi1710","primary","N","A","祖","祖","祖","丶 ㇇ 丨 丶 丨 𠃍 一 一 一","丶 ㇇ 一 一 一 丨 𠃍 丶 丨"
"cnwstqi1711","primary","N","B","神","神","神","丶 ㇇ 丶 一 一 丨 丨 丨 𠃍","丶 ㇇ 丨 丶 丨 𠃍 一 一 丨"
"cnwstqi1712","primary","N","A","祝","祝","祝","丶 ㇇ 丨 丶 丨 𠃍 一 丿 乚","丶 ㇇ 乚 𠃍 丿 一 丨 丨 丶"
"cnwstqi1713","primary","N","B","祠","祠","祠","丶 ㇇ 一 𠃍 𠃌 丶 丨 一 丨","丶 ㇇ 丨 丶 𠃌 一 丨 𠃍 一"
"cnwstqi1714","primary","N","B","误","误","误","丶 ㇊ 一 ㇏ 𠃍 丿 丨 一 一","丶 ㇊ 丨 𠃍 一 一 一 丿 ㇏"
"cnwstqi1715","primary","N","A","诱","诱","诱","丶 ㇊ 丿 一 丨 丿 ㇏ 𠄎 丿","丶 ㇊ 丿 丿 丿 一 𠄎 ㇏ 丨"
"cnwstqi1716","primary","N","A","诲","诲","诲","丶 ㇊ 丿 一 ㇄ 𠃌 丶 一 丶","丶 ㇊ 丿 一 丶 丶 𠃌 一 ㇄"
"cnwstqi1717","primary","N","A","说","说","说","丶 ㇊ 丶 丿 丨 𠃍 一 丿 乚","丶 ㇊ 𠃍 丿 丨 乚 一 丶 丿"
"cnwstqi1718","primary","N","B","诵","诵","诵","丶 ㇊ 丶 一 丨 丨 ㇇ 一 𠃌","丶 ㇊ ㇇ 丶 丨 𠃌 一 一 丨"
"cnwstqi1719","primary","N","A","垦","垦","垦","𠃍 一 一 𠄌 丿 ㇏ 一 丨 一","𠃍 一 一 丿 丨 一 𠄌 ㇏ 一"
"cnwstqi1720","primary","N","B","退","退","退","𠃍 一 ㇋ 𠄌 一 丶 丿 丶 ㇏","𠃍 一 一 𠄌 丿 丶 丶 ㇋ ㇏"
"cnwstqi1721","primary","N","B","既","既","既","𠃍 一 𠄌 丶 一 一 丿 乚 𠃋","𠃍 一 一 𠄌 丶 一 𠃋 丿 乚"
"cnwstqi1722","primary","N","B","屋","屋","屋","𠃍 一 𠃋 丨 一 丿 丶 一 一","𠃍 一 丿 一 𠃋 丶 一 丨 一"
"cnwstqi1723","primary","N","B","昼","昼","昼","𠃍 一 ㇏ 丿 𠃍 一 一 一 丨","𠃍 一 丿 ㇏ 丨 𠃍 一 一 一"
"cnwstqi1724","primary","N","B","屏","屏","屏","𠃍 一 丿 丨 一 一 丿 丿 丶","𠃍 一 丿 丶 丿 一 一 丿 丨"
"cnwstqi1725","primary","N","B","屎","屎","屎","𠃍 一 一 丿 丿 丶 丨 丿 ㇏","𠃍 一 丿 丶 丿 一 丨 丿 ㇏"
"cnwstqi1726","primary","N","B","费","费","费","𠃍 一 丨 𠃍 丶 丿 丿 丨 ㇉","𠃍 一 ㇉ 丿 丨 丨 𠃍 丿 丶"
"cnwstqi1727","primary","N","B","陡","陡","陡","㇌ 丨 丨 ㇏ 一 一 丿 一 丨","㇌ 丨 一 丨 一 丨 一 丿 ㇏"
"cnwstqi1728","primary","N","A","逊","逊","逊","㇇ 亅 ㇀ 亅 丿 丶 丶 ㇋ ㇏","㇇ 亅 丶 丶 ㇀ 丿 ㇋ ㇏ 亅"
"cnwstqi1729","primary","N","A","眉","眉","眉","𠃍 丨 一 丿 丨 𠃍 一 一 一","𠃍 丨 丨 一 𠃍 丿 一 一 一"
"cnwstqi1730","primary","N","A","孩","孩","孩","㇇ 亅 ㇀ 丶 一 𠃋 丿 丿 丶","㇇ 亅 ㇀ 丶 𠃋 一 丶 丿 丿"
"cnwstqi1731","primary","N","A","陨","陨","陨","㇌ 丨 丨 𠃍 一 丨 𠃍 丿 丶","㇌ 丨 一 𠃍 丨 𠃍 丿 丶 丨"
"cnwstqi1732","primary","N","B","除","除","除","㇌ 丨 ㇏ 丿 亅 丶 一 一 丿","㇌ 丨 丿 ㇏ 一 一 亅 丿 丶"
"cnwstqi1733","primary","N","B","险","险","险","㇌ 丨 丶 一 丿 丶 一 ㇏ 丿","㇌ 丨 丿 ㇏ 一 丶 丶 丿 一"
"cnwstqi1734","primary","N","A","院","院","院","㇌ 丨 丶 ㇀ 乛 一 一 丿 乚","㇌ 丨 一 ㇀ 一 丶 丿 乛 乚"
"cnwstqi1735","primary","N","B","娃","娃","娃","𡿨 丿 丨 一 一 一 一 丨 一","𡿨 丿 一 一 丨 一 一 丨 一"
"cnwstqi1736","primary","N","A","姥","姥","姥","𡿨 丿 一 一 丨 一 丿 丿 乚","𡿨 丿 一 丨 丿 丿 一 乚 一"
"cnwstqi1737","primary","N","A","姨","姨","姨","𡿨 丿 一 一 𠃍 一 ㇉ 丿 ㇏","𡿨 丿 一 ㇏ 一 ㇉ 丿 𠃍 一"
"cnwstqi1738","primary","N","A","姻","姻","姻","𡿨 丿 一 丨 𠃍 一 丿 丶 一","𡿨 丿 丿 一 丨 一 丶 一 𠃍"
"cnwstqi1739","primary","N","A","娇","娇","娇","𡿨 丿 一 丿 一 丿 ㇏ 丿 丨","𡿨 丿 一 丿 ㇏ 丿 丿 丨 一"
"cnwstqi1740","primary","N","B","姚","姚","姚","𡿨 丿 丶 丶 乚 ㇀ 丿 丿 一","𡿨 丿 一 丿 丶 ㇀ 乚 丿 丶"
"cnwstqi1741","primary","N","A","娜","娜","娜","𡿨 丿 一 𠃌 一 一 丿 ㇌ 丨","𡿨 丿 丿 一 𠃌 ㇌ 丨 一 一"
"cnwstqi1742","primary","N","B","怒","怒","怒","𡿨 丿 丶 一 ㇀ 丶 ㇃ ㇏ ㇇","𡿨 丿 一 ㇇ ㇏ ㇀ ㇃ 丶 丶"
"cnwstqi1743","primary","N","A","架","架","架","𠃌 丿 丨 𠃍 一 一 丨 丿 ㇏","𠃌 丿 丨 丨 一 ㇏ 一 𠃍 丿"
"cnwstqi1744","primary","N","A","贺","贺","贺","𠃌 丿 丨 𠃍 一 丨 𠃍 丿 丶","𠃌 丿 一 丿 丨 𠃍 𠃍 丶 丨"
"cnwstqi1745","primary","N","A","盈","盈","盈","𠄎 丿 ㇇ 丶 丨 𠃍 丨 丨 一","𠄎 丿 𠃍 丶 一 丨 ㇇ 丨 丨"
"cnwstqi1746","primary","N","B","勇","勇","勇","㇇ 丶 丿 𠃌 丨 丨 𠃍 一 一","㇇ 丶 丨 𠃍 一 一 丨 𠃌 丿"
"cnwstqi1747","primary","N","A","怠","怠","怠","𠃋 丶 丨 𠃍 一 ㇀ ㇃ 丶 丶","𠃋 丶 丶 丨 𠃍 丶 一 ㇃ ㇀"
"cnwstqi1748","primary","N","A","癸","癸","癸","㇇ 丶 丿 丿 ㇏ 一 一 丿 丶","㇇ 丶 一 丿 丿 丿 一 丶 ㇏"
"cnwstqi1749","primary","N","A","蚤","蚤","蚤","㇇ ㇏ 丶 丨 𠃍 一 丨 一 丶","㇇ ㇏ 一 𠃍 一 丶 丶 丨 丨"
"cnwstqi1750","primary","N","B","柔","柔","柔","㇇ 丶 乛 亅 ㇏ 丨 丿 一 丿","㇇ 丶 乛 亅 丿 一 丨 丿 ㇏"
"cnwstqi1751","primary","N","A","垒","垒","垒","𠃋 丶 𠃋 丶 𠃋 丶 一 丨 一","𠃋 丶 丶 一 丨 𠃋 𠃋 一 丶"
"cnwstqi1752","primary","N","A","绑","绑","绑","𠃋 𠃋 ㇀ 一 一 一 丿 ㇌ 丨","𠃋 𠃋 一 一 ㇀ 丨 ㇌ 一 丿"
"cnwstqi1753","primary","N","B","绒","绒","绒","𠃋 𠃋 丿 一 一 丿 ㇀ 丶 ㇂","𠃋 𠃋 ㇀ 一 一 丿 ㇂ 丿 丶"
"cnwstqi1754","primary","N","B","结","结","结","𠃋 𠃋 丨 一 丨 一 一 ㇀ 𠃍","𠃋 𠃋 ㇀ 一 丨 一 丨 𠃍 一"
"cnwstqi1755","primary","N","A","绕","绕","绕","𠃋 𠃋 ㇀ 一 ㇂ 丿 一 丿 乚","𠃋 𠃋 丿 乚 ㇀ ㇂ 一 一 丿"
"cnwstqi1756","primary","N","B","骄","骄","骄","𠃍 ㇉ 一 丿 丨 ㇏ 丿 ㇀ 丿","𠃍 ㇉ ㇀ 丿 一 丿 ㇏ 丿 丨"
"cnwstqi1757","primary","N","B","绘","绘","绘","𠃋 𠃋 ㇏ 丿 一 ㇀ 丶 𠃋 一","𠃋 𠃋 ㇀ 丿 ㇏ 一 一 𠃋 丶"
"cnwstqi1758","primary","N","A","给","给","给","𠃋 𠃋 ㇀ 丿 ㇏ 一 丨 𠃍 一","𠃋 𠃋 丨 一 一 𠃍 丿 ㇏ ㇀"
"cnwstqi1759","primary","N","A","绚","绚","绚","𠃋 𠃋 ㇀ 丿 𠃌 丨 𠃍 一 一","𠃋 𠃋 一 一 丨 𠃌 丿 𠃍 ㇀"
"cnwstqi1760","primary","N","A","骆","骆","骆","𠃍 ㇉ ㇀ 丿 ㇇ ㇏ 丨 𠃍 一","𠃍 ㇉ 一 丿 ㇏ ㇀ 丨 ㇇ 𠃍"
"cnwstqi1761","primary","N","A","络","络","络","𠃋 𠃋 ㇀ 丿 ㇇ ㇏ 丨 𠃍 一","𠃋 𠃋 ㇏ 丨 丿 ㇇ 一 ㇀ 𠃍"
"cnwstqi1762","primary","N","A","绝","绝","绝","𠃋 𠃋 ㇀ 丿 ㇇ 𠃍 丨 一 乚","𠃋 𠃋 ㇀ 丨 丿 一 𠃍 乚 ㇇"
"cnwstqi1763","primary","N","A","绞","绞","绞","𠃋 𠃋 ㇀ 丶 一 丿 丶 丿 ㇏","𠃋 𠃋 丶 丶 丿 ㇀ 一 丿 ㇏"
"cnwstqi1764","primary","N","B","骇","骇","骇","𠃍 ㇉ 丶 𠃋 一 丿 丿 ㇀ 丶","𠃍 ㇉ ㇀ 丶 一 𠃋 丿 丿 丶"
"cnwstqi1765","primary","N","B","统","统","统","𠃋 𠃋 丿 𠃋 丶 乚 丶 ㇀ 一","𠃋 𠃋 ㇀ 丶 一 𠃋 丶 丿 乚"
"cnwstqi1766","primary","N","B","耕","耕","耕","一 一 丨 丨 一 丿 丶 一 一 丿","一 一 一 丨 丿 丶 一 一 丿 丨"
"cnwstqi1767","primary","N","A","耘","耘","耘","一 一 一 丨 丿 丶 一 一 𠃋 丶","一 一 一 一 丿 丶 𠃋 丨 一 丶"
"cnwstqi1768","primary","N","A","耗","耗","耗","一 一 一 丨 丿 丶 丿 一 一 乚","一 一 丶 一 丨 丿 一 丿 乚 一"
"cnwstqi1769","primary","N","A","耙","耙","耙","一 一 一 丨 丿 丶 𠃍 丨 一 乚","一 一 丿 丨 𠃍 丶 一 丨 乚 一"
"cnwstqi1770","primary","N","A","艳","艳","艳","一 一 一 丨 丿 ㇇ 𠃍 丨 一 乚","一 一 一 丿 丨 丨 一 乚 ㇇ 𠃍"
"cnwstqi1771","primary","N","A","泰","泰","泰","一 一 一 丿 ㇏ 亅 丶 ㇀ 丿 丶","一 一 丿 ㇏ 丶 丿 亅 一 丶 ㇀"
"cnwstqi1772","primary","N","A","秦","秦","秦","一 一 一 丿 ㇏ 丿 一 丨 丿 丶","一 一 丿 一 ㇏ 丶 一 丿 丨 丿"
"cnwstqi1773","primary","N","A","珠","珠","珠","一 一 丨 ㇀ 丿 一 一 丨 丿 ㇏","一 一 一 ㇀ 丿 丨 丨 丿 一 ㇏"
"cnwstqi1774","primary","N","B","班","班","班","一 一 ㇀ 丨 一 一 丨 ㇀ 一 丿","一 一 丨 ㇀ ㇀ 丿 一 一 丨 一"
"cnwstqi1775","primary","N","A","素","素","素","一 一 丨 一 𠃋 𠃋 丶 亅 丿 丶","一 一 丶 丨 亅 𠃋 丿 丶 𠃋 一"
"cnwstqi1776","primary","N","B","匿","匿","匿","一 一 一 丿 丨 丨 丨 一 𠃍 ㇄","一 一 丨 丨 一 丿 丨 𠃍 一 ㇄"
"cnwstqi1777","primary","N","B","蚕","蚕","蚕","一 一 丨 丨 ㇏ 丿 一 一 𠃍 丶","一 一 丿 ㇏ 丨 𠃍 一 丨 一 丶"
"cnwstqi1778","primary","N","A","顽","顽","顽","一 一 丿 𠄌 一 丿 丨 𠃍 丿 丶","一 一 丨 一 丶 丿 𠃍 丿 𠄌 丿"
"cnwstqi1779","primary","N","B","盏","盏","盏","一 一 丨 丨 丶 一 丿 𠃍 丨 ㇂","一 一 ㇂ 丿 丶 丨 𠃍 丨 丨 一"
"cnwstqi1780","primary","N","B","匪","匪","匪","一 丨 丨 一 一 一 ㇄ 一 一 一","一 丨 一 一 一 丨 一 一 一 ㇄"
"cnwstqi1781","primary","N","A","捞","捞","捞","一 亅 ㇀ 一 丨 丨 ㇀ 乛 𠃌 丿","一 亅 一 丨 𠃌 丿 乛 ㇀ 丨 ㇀"
"cnwstqi1782","primary","N","A","栽","栽","栽","一 丨 一 一 丨 丿 丶 ㇂ 丿 丶","一 丨 丶 一 ㇂ 丨 丿 一 丶 丿"
"cnwstqi1783","primary","N","B","捕","捕","捕","一 亅 一 丨 一 𠃌 丶 一 丨 ㇀","一 亅 ㇀ 一 丨 𠃌 一 一 丨 丶"
"cnwstqi1784","primary","N","B","埂","埂","埂","一 丨 一 ㇏ 丿 丨 一 𠃍 一 ㇀","一 丨 ㇀ 一 丨 𠃍 一 一 丿 ㇏"
"cnwstqi1785","primary","N","B","捂","捂","捂","一 亅 丨 一 𠃍 𠃍 一 一 ㇀ 丨","一 亅 ㇀ 一 丨 𠃍 一 丨 𠃍 一"
"cnwstqi1786","primary","N","A","振","振","振","一 亅 ㇀ 一 丿 一 一 𠄌 丿 ㇏","一 亅 一 ㇀ ㇏ 一 丿 一 丿 𠄌"
"cnwstqi1787","primary","N","B","载","载","载","一 丨 丨 ㇂ 丿 ㇀ 一 一 丶 𠃋","一 丨 一 一 𠃋 丨 ㇀ ㇂ 丿 丶"
"cnwstqi1788","primary","N","A","赶","赶","赶","一 丨 一 丨 一 丿 ㇏ 一 一 丨","一 丨 丨 一 一 丿 ㇏ 一 丨 一"
"cnwstqi1789","primary","N","B","起","起","起","一 丨 ㇏ 一 𠃍 丨 乚 丿 一 一","一 丨 一 丨 一 丿 ㇏ 𠃍 一 乚"
"cnwstqi1790","primary","N","B","盐","盐","盐","一 丨 ㇀ 一 丨 丨 丨 丨 丶 𠃍","一 丨 ㇀ 丨 丶 丨 𠃍 丨 丨 一"
"cnwstqi1791","primary","N","B","捎","捎","捎","一 亅 𠃌 一 丨 丶 ㇀ 丨 一 丿","一 亅 ㇀ 丨 丶 丿 丨 𠃌 一 一"
"cnwstqi1792","primary","N","A","捍","捍","捍","一 亅 ㇀ 丨 𠃍 一 一 一 一 丨","一 亅 一 丨 一 一 一 ㇀ 丨 𠃍"
"cnwstqi1793","primary","N","B","捏","捏","捏","一 亅 一 丨 一 𠃍 ㇀ 丨 一 一","一 亅 ㇀ 丨 𠃍 一 一 一 丨 一"
"cnwstqi1794","primary","N","B","埋","埋","埋","一 丨 丨 丨 一 一 一 一 𠃍 ㇀","一 丨 ㇀ 丨 𠃍 一 一 丨 一 一"
"cnwstqi1795","primary","N","B","捉","捉","捉","一 亅 一 ㇏ 丨 丿 𠃍 ㇀ 丨 一","一 亅 ㇀ 丨 𠃍 一 丨 一 丿 ㇏"
"cnwstqi1796","primary","N","A","捆","捆","捆","一 亅 ㇀ 丨 𠃍 一 丨 丿 丶 一","一 亅 丨 丿 ㇀ 一 丨 𠃍 丶 一"
"cnwstqi1797","primary","N","B","捐","捐","捐","一 亅 一 ㇀ 一 𠃍 一 丨 丨 𠃌","一 亅 ㇀ 丨 𠃍 一 丨 𠃌 一 一"
"cnwstqi1798","primary","N","A","损","损","损","一 亅 ㇀ 丨 𠃍 一 丨 𠃍 丿 丶","一 亅 一 丿 丶 𠃍 𠃍 丨 丨 ㇀"
"cnwstqi1799","primary","N","A","袁","袁","袁","一 丨 一 丨 𠃍 一 丿 𠄌 丿 ㇏","一 丨 丨 𠄌 ㇏ 一 丿 𠃍 丿 一"
"cnwstqi1800","primary","N","A","捌","捌","捌","一 亅 ㇀ 丨 𠃍 一 𠃌 丿 丨 亅","一 亅 丨 丿 𠃌 丨 一 𠃍 ㇀ 亅"
"cnwstqi1801","primary","N","A","都","都","都","一 丨 一 丿 丨 𠃍 一 一 ㇌ 丨","一 丨 丨 一 ㇌ 𠃍 一 丨 丿 一"
"cnwstqi1802","primary","N","A","哲","哲","哲","一 亅 ㇀ 丿 丿 一 丨 丨 𠃍 一","一 亅 ㇀ 丨 一 丿 𠃍 一 丨 丿"
"cnwstqi1803","primary","N","B","逝","逝","逝","一 亅 一 丶 ㇀ 丨 ㇏ ㇋ 丿 丿","一 亅 ㇀ 丿 丿 一 丨 丶 ㇋ ㇏"
"cnwstqi1804","primary","N","B","捡","捡","捡","一 亅 一 丶 丶 丿 ㇀ 一 ㇏ 丿","一 亅 ㇀ 丿 ㇏ 一 丶 丶 丿 一"
"cnwstqi1805","primary","N","B","挫","挫","挫","一 亅 丿 丶 一 丿 ㇀ 一 丨 丶","一 亅 ㇀ 丿 丶 丿 丶 一 丨 一"
"cnwstqi1806","primary","N","A","换","换","换","一 亅 ㇀ 丿 ㇇ 丨 𠃍 一 丿 ㇏","一 亅 ㇀ 丨 丿 ㇇ 一 丿 𠃍 ㇏"
"cnwstqi1807","primary","N","A","挽","挽","挽","一 亅 ㇀ 丿 ㇇ 丨 𠃍 一 丿 乚","一 亅 乚 丨 ㇇ ㇀ 一 丿 𠃍 丿"
"cnwstqi1808","primary","N","A","挚","挚","挚","一 亅 ㇀ 丿 ⺄ 丶 丿 一 一 亅","一 亅 一 ⺄ 丶 亅 丿 一 丿 ㇀"
"cnwstqi1809","primary","N","B","热","热","热","一 亅 丶 丶 ㇀ 丶 ⺄ ㇀ 丿 丶","一 亅 ㇀ 丿 ⺄ 丶 ㇀ 丶 丶 丶"
"cnwstqi1810","primary","N","A","恐","恐","恐","一 丨 ㇀ 丿 ⺄ 丶 ㇀ ㇃ 丶 丶","一 丨 ㇀ ⺄ ㇃ 丶 丶 ㇀ 丿 丶"
"cnwstqi1811","primary","N","A","捣","捣","捣","一 亅 ㇀ 丿 𠃌 丶 ㇉ 丨 ㇄ 丨","一 亅 丨 𠃌 丿 丨 ㇀ 丶 ㇄ ㇉"
"cnwstqi1812","primary","N","A","壶","壶","壶","一 丨 一 ㇀ 乛 丨 丨 丶 丿 一","一 丨 丶 一 一 ㇀ 丨 乛 丿 丨"
"cnwstqi1813","primary","N","A","捅","捅","捅","一 亅 ㇀ ㇇ 丶 丨 𠃌 一 一 丨","一 亅 ㇀ 𠃌 丶 一 ㇇ 一 丨 丨"
"cnwstqi1814","primary","N","A","埃","埃","埃","一 丨 ㇀ 𠃋 丶 丿 一 一 丿 ㇏","一 丨 一 丿 丶 丿 ㇀ 一 ㇏ 𠃋"
"cnwstqi1815","primary","N","A","挨","挨","挨","一 亅 ㇀ 𠃋 丶 丿 一 一 丿 ㇏","一 亅 丶 𠃋 丿 ㇏ ㇀ 一 丿 一"
"cnwstqi1816","primary","N","B","耻","耻","耻","一 丨 一 一 丨 ㇀ 丨 一 一 丨","一 丨 丨 一 一 ㇀ 丨 一 丨 一"
"cnwstqi1817","primary","N","B","耿","耿","耿","一 丨 丨 丿 ㇏ ㇀ ㇀ 一 丿 一","一 丨 丨 一 一 ㇀ ㇀ 丿 丿 ㇏"
"cnwstqi1818","primary","N","B","耽","耽","耽","一 丨 ㇀ 丿 乚 一 一 乛 丨 ㇀","一 丨 丨 一 一 ㇀ ㇀ 乛 丿 乚"
"cnwstqi1819","primary","N","B","聂","聂","聂","一 丨 丶 ㇇ ㇏ 一 ㇇ 一 一 丨","一 丨 丨 一 一 一 ㇇ 丶 ㇇ ㇏"
"cnwstqi1820","primary","N","A","恭","恭","恭","一 丨 丨 一 丿 ㇏ 亅 ㇀ 丶 丶","一 丨 ㇀ 亅 丶 丿 丶 一 丨 ㇏"
"cnwstqi1821","primary","N","B","莽","莽","莽","一 丨 ㇏ 一 丿 丨 丨 丿 丶 一","一 丨 丨 一 丿 ㇏ 丶 一 丿 丨"
"cnwstqi1822","primary","N","A","莱","莱","莱","一 丨 丨 一 丶 丿 一 丨 丿 ㇏","一 丨 丿 丨 一 ㇏ 丨 丶 丿 一"
"cnwstqi1823","primary","N","A","莲","莲","莲","一 丨 丨 一 𠃋 一 丨 丶 ㇋ ㇏","一 丨 丶 一 一 ㇏ ㇋ 丨 𠃋 丨"
"cnwstqi1824","primary","N","B","莫","莫","莫","一 丨 一 一 丿 丨 𠃍 丨 一 ㇏","一 丨 丨 丨 𠃍 一 一 一 丿 ㇏"
"cnwstqi1825","primary","N","A","莉","莉","莉","一 丨 丨 丿 一 丨 丿 丶 丨 亅","一 丨 丨 丿 丶 丨 丿 一 丨 亅"
"cnwstqi1826","primary","N","B","荷","荷","荷","一 丨 丿 亅 丨 一 𠃍 丨 丨 一","一 丨 丨 丿 丨 一 丨 𠃍 一 亅"
"cnwstqi1827","primary","N","B","获","获","获","一 丨 一 丶 丿 ㇏ ㇁ 丨 丿 丿","一 丨 丨 丿 ㇁ 丿 一 丿 ㇏ 丶"
"cnwstqi1828","primary","N","B","晋","晋","晋","一 丨 丨 丨 一 𠃍 一 丶 一 丿","一 丨 丨 丶 丿 一 丨 𠃍 一 一"
"cnwstqi1829","primary","N","A","恶","恶","恶","一 丨 丨 丶 丿 一 ㇀ ㇃ 丶 丶","一 丨 丨 丿 丶 ㇃ ㇀ 丶 一 丶"
"cnwstqi1830","primary","N","A","莹","莹","莹","一 丨 丨 ㇀ 乛 一 一 丨 一 丶","一 丨 丨 乛 ㇀ 丶 一 丨 一 一"
"cnwstqi1831","primary","N","A","莺","莺","莺","一 丨 丨 ㇀ 乛 丿 𠃌 丶 ㇉ 一","一 丨 𠃌 ㇉ 丨 丶 一 ㇀ 丿 乛"
"cnwstqi1832","primary","N","B","真","真","真","一 丨 丿 一 丨 一 𠃍 一 一 丶","一 丨 丨 𠃍 一 一 一 一 丿 丶"
"cnwstqi1833","primary","N","B","框","框","框","一 丨 丿 一 丶 一 ㇄ 一 一 丨","一 丨 丿 丶 一 一 一 丨 一 ㇄"
"cnwstqi1834","primary","N","B","梆","梆","梆","一 丨 丿 丿 ㇌ 一 丶 一 丨 一","一 丨 丿 丶 一 一 一 丿 ㇌ 丨"
"cnwstqi1835","primary","N","A","桂","桂","桂","一 丨 丿 丶 一 丨 一 一 丨 一","一 丨 一 一 丿 丨 丨 一 一 丶"
"cnwstqi1836","primary","N","B","桔","桔","桔","一 丨 丨 一 丿 𠃍 一 丶 丨 一","一 丨 丿 丶 一 丨 一 丨 𠃍 一"
"cnwstqi1837","primary","N","B","栖","栖","栖","一 丨 丶 一 𠃍 丿 丿 ㇄ 丨 一","一 丨 丿 丶 一 丨 𠃍 丿 ㇄ 一"
"cnwstqi1838","primary","N","B","档","档","档","一 丨 𠃍 丿 一 丨 丿 丶 丶 一","一 丨 丿 丶 丨 丶 丿 𠃍 一 一"
"cnwstqi1839","primary","N","B","桐","桐","桐","一 丨 𠃍 𠃌 一 丶 丨 一 丨 丿","一 丨 丿 丶 丨 𠃌 一 丨 𠃍 一"
"cnwstqi1840","primary","N","A","株","株","株","一 丨 丿 丶 丿 一 一 丨 丿 ㇏","一 丨 丶 ㇏ 丿 丨 丿 一 一 丿"
"cnwstqi1841","primary","N","B","桥","桥","桥","一 丨 丿 ㇏ 丶 丿 丿 一 丨 丿","一 丨 丿 丶 丿 一 丿 ㇏ 丿 丨"
"cnwstqi1842","primary","N","A","桦","桦","桦","一 丨 丿 丶 丿 丨 丿 乚 一 丨","一 丨 丿 丶 丨 乚 丿 丨 丿 一"
"cnwstqi1843","primary","N","A","栓","栓","栓","一 丨 丿 丶 丿 ㇏ 一 一 丨 一","一 丨 一 丿 ㇏ 一 丨 丶 一 丿"
"cnwstqi1844","primary","N","B","桃","桃","桃","一 丨 丿 ㇀ 丿 乚 丶 丶 丿 丶","一 丨 丿 丶 丿 丶 ㇀ 乚 丿 丶"
"cnwstqi1845","primary","N","A","格","格","格","一 丨 丿 丶 丿 ㇇ ㇏ 丨 𠃍 一","一 丨 一 𠃍 丿 丿 ㇇ 丶 丨 ㇏"
"cnwstqi1846","primary","N","B","桩","桩","桩","一 丨 一 丨 丶 一 丶 丿 丿 一","一 丨 丿 丶 丶 一 丿 一 丨 一"
"cnwstqi1847","primary","N","A","校","校","校","一 丨 丿 丶 丶 一 丿 丶 丿 ㇏","一 丨 丶 ㇏ 一 丶 丿 丿 丶 丿"
"cnwstqi1848","primary","N","A","核","核","核","一 丨 丿 丶 丶 一 𠃋 丿 丿 丶","一 丨 丿 丶 丿 丶 一 𠃋 丶 丿"
"cnwstqi1849","primary","N","B","样","样","样","一 丨 丿 一 丶 一 丶 丨 一 丿","一 丨 丿 丶 丶 丿 一 一 一 丨"
"cnwstqi1850","primary","N","A","根","根","根","一 丨 丿 丶 𠃍 一 一 𠄌 丿 ㇏","一 丨 一 一 𠄌 丿 丶 ㇏ 𠃍 丿"
"cnwstqi1851","primary","N","B","索","索","索","一 丨 𠃋 丶 亅 ㇀ 丿 乛 𠃋 丶","一 丨 ㇀ 乛 𠃋 𠃋 丶 亅 丿 丶"
"cnwstqi1852","primary","N","A","哥","哥","哥","一 丨 𠃍 一 丨 一 丨 𠃍 一 亅","一 丨 亅 𠃍 𠃍 一 丨 丨 一 一"
"cnwstqi1853","primary","N","B","速","速","速","一 丨 ㇏ 丿 丶 丨 一 𠃍 丶 ㇋","一 丨 𠃍 一 丨 丿 丶 丶 ㇋ ㇏"
"cnwstqi1854","primary","N","A","逗","逗","逗","一 丨 𠃍 一 丶 丿 一 丶 ㇋ ㇏","一 丨 丶 𠃍 ㇋ ㇏ 一 丶 丿 一"
"cnwstqi1855","primary","N","A","栗","栗","栗","一 丨 𠃍 丨 丨 一 一 丨 丿 ㇏","一 丨 丨 丨 一 𠃍 ㇏ 丨 一 丿"
"cnwstqi1856","primary","N","A","贾","贾","贾","一 丨 𠃍 丨 丨 一 丨 𠃍 丿 丶","一 丨 丨 丶 𠃍 𠃍 丨 丨 丿 一"
"cnwstqi1857","primary","N","A","酌","酌","酌","一 丨 𠃍 丿 ㇄ 一 一 丿 𠃌 丶","一 丨 一 一 𠃌 ㇄ 丶 𠃍 丿 丿"
"cnwstqi1858","primary","N","A","配","配","配","一 丨 𠃍 丿 ㇄ 一 一 𠃍 一 乚","一 丨 一 ㇄ 𠃍 一 丿 𠃍 一 乚"
"cnwstqi1859","primary","N","A","翅","翅","翅","一 丨 ㇇ ㇏ 𠃌 丶 ㇀ 𠃌 丶 ㇀","一 丨 丶 ㇀ ㇇ 𠃌 ㇀ ㇏ 𠃌 丶"
"cnwstqi1860","primary","N","A","辱","辱","辱","一 丿 一 一 𠄌 丿 ㇏ 一 亅 丶","一 丿 亅 丿 ㇏ 一 𠄌 一 一 丶"
"cnwstqi1861","primary","N","A","唇","唇","唇","一 丿 一 一 𠄌 丿 ㇏ 丨 𠃍 一","一 丿 𠃍 丿 丨 𠄌 一 ㇏ 一 一"
"cnwstqi1862","primary","N","B","夏","夏","夏","一 丿 一 𠃍 一 丨 ㇇ ㇏ 一 丿","一 丿 丨 𠃍 一 一 一 丿 ㇇ ㇏"
"cnwstqi1863","primary","N","B","砸","砸","砸","一 丿 𠃌 一 丨 丨 丨 ㇄ 𠃍 一","一 丿 丨 𠃍 一 一 丨 𠃌 丨 ㇄"
"cnwstqi1864","primary","N","A","砰","砰","砰","一 丿 丨 𠃍 一 一 丶 丿 一 丨","一 丿 丨 丶 丿 一 丨 一 一 𠃍"
"cnwstqi1865","primary","N","B","砾","砾","砾","一 丿 丿 一 丿 𠃍 丶 丨 ㇄ 亅","一 丿 丨 𠃍 一 丿 ㇄ 亅 丿 丶"
"cnwstqi1866","primary","N","A","础","础","础","一 丿 丨 𠃍 一 ㇄ 丨 丨 ㇄ 丨","一 丿 丨 𠃍 丨 ㇄ ㇄ 丨 丨 一"
"cnwstqi1867","primary","N","A","破","破","破","一 丿 丨 𠃍 一 乛 丿 丨 ㇇ ㇏","一 丿 乛 ㇇ 丨 丿 ㇏ 一 𠃍 丨"
"cnwstqi1868","primary","N","B","原","原","原","一 丿 丶 丿 一 丨 一 亅 𠃍 丿","一 丿 丿 丨 𠃍 一 一 亅 丿 丶"
"cnwstqi1869","primary","N","A","套","套","套","一 丿 ㇏ 一 丨 一 一 一 𠃋 丶","一 丿 丶 丨 一 𠃋 一 一 ㇏ 一"
"cnwstqi1870","primary","N","B","逐","逐","逐","一 丿 丶 丿 ㇋ 丿 ㇁ 丿 丶 ㇏","一 丿 ㇁ 丿 丿 丿 丶 丶 ㇋ ㇏"
"cnwstqi1871","primary","N","B","烈","烈","烈","一 丿 丶 ㇀ 丶 ㇇ 丶 亅 丶 丨","一 丿 ㇇ 丶 丨 亅 ㇀ 丶 丶 丶"
"cnwstqi1872","primary","N","B","殊","殊","殊","一 丿 丿 ㇇ ㇏ 丶 一 丨 丿 一","一 丿 ㇇ 丶 丿 一 一 丨 丿 ㇏"
"cnwstqi1873","primary","N","B","殉","殉","殉","一 丿 一 丿 𠃌 丶 一 丨 ㇇ 𠃍","一 丿 ㇇ 丶 丿 𠃌 丨 𠃍 一 一"
"cnwstqi1874","primary","N","A","顾","顾","顾","一 丿 𠃌 𠄌 一 丿 丨 𠃍 丿 丶","一 丿 𠃌 丿 丨 一 𠄌 𠃍 丿 丶"
"cnwstqi1875","primary","N","A","轿","轿","轿","一 𠃋 丨 ㇀ 丿 一 丿 ㇏ 丿 丨","一 𠃋 丨 丨 ㇀ ㇏ 一 丿 丿 丿"
"cnwstqi1876","primary","N","B","较","较","较","一 𠃋 ㇏ 丶 丿 一 丨 ㇀ 丶 丿","一 𠃋 丨 ㇀ 丶 一 丿 丶 丿 ㇏"
"cnwstqi1877","primary","N","A","顿","顿","顿","一 ㇄ 丨 𠄌 一 丿 丨 𠃍 丿 丶","一 ㇄ 丿 一 丿 𠄌 丶 𠃍 丨 丨"
"cnwstqi1878","primary","N","A","毙","毙","毙","一 𠄌 丿 乚 一 丿 ㇇ 丶 丿 乚","一 𠄌 丿 丿 乚 一 乚 ㇇ 丶 丿"
"cnwstqi1879","primary","N","A","致","致","致","一 𠃋 丶 一 丨 ㇀ 丿 一 丿 ㇏","一 𠃋 ㇏ 一 丿 ㇀ 丿 丨 丶 一"
"cnwstqi1880","primary","N","A","柴","柴","柴","丨 一 丨 ㇀ 丿 乚 一 丨 丿 ㇏","丨 一 丿 乚 丨 一 丨 丿 ㇏ ㇀"
"cnwstqi1881","primary","N","A","桌","桌","桌","丨 一 丨 𠃍 一 一 一 丨 丿 ㇏","丨 一 丨 一 丿 一 𠃍 ㇏ 一 丨"
"cnwstqi1882","primary","N","B","虑","虑","虑","丨 一 丶 乛 丶 丿 ㇃ 乚 ㇀ 一","丨 一 乛 丿 一 乚 ㇀ ㇃ 丶 丶"
"cnwstqi1883","primary","N","A","监","监","监","丨 丨 丿 一 丶 丨 𠃍 丨 丨 一","丨 丨 丨 丨 丶 一 一 丿 丨 𠃍"
"cnwstqi1884","primary","N","B","紧","紧","紧","丨 丨 𠃋 丶 ㇏ 丶 丿 亅 𠃋 ㇇","丨 丨 ㇇ ㇏ 𠃋 𠃋 丶 亅 丿 丶"
"cnwstqi1885","primary","N","B","党","党","党","丨 丶 ㇀ 乛 一 丿 丿 丨 乚 𠃍","丨 丶 丿 ㇀ 乛 丨 𠃍 一 丿 乚"
"cnwstqi1886","primary","N","A","逞","逞","逞","丨 𠃍 一 一 一 丨 一 丶 ㇋ ㇏","丨 𠃍 一 一 ㇏ 丨 一 丶 ㇋ 一"
"cnwstqi1887","primary","N","A","晒","晒","晒","丨 𠃍 一 一 一 丨 𠃍 丿 ㇄ 一","丨 𠃍 一 𠃍 丨 一 一 ㇄ 一 丿"
"cnwstqi1888","primary","N","A","眠","眠","眠","丨 𠃍 一 一 一 𠃍 一 𠄌 一 ㇂","丨 𠃍 𠄌 一 𠃍 一 一 一 ㇂ 一"
"cnwstqi1889","primary","N","B","晓","晓","晓","丨 𠃍 乚 一 丿 一 ㇂ 丿 一 一","丨 𠃍 一 一 一 ㇂ 丿 一 丿 乚"
"cnwstqi1890","primary","N","B","哮","哮","哮","丨 𠃍 一 一 丨 ㇇ 亅 一 一 丿","丨 𠃍 一 一 丨 一 丿 ㇇ 亅 一"
"cnwstqi1891","primary","N","B","唠","唠","唠","丨 𠃍 ㇀ 乛 一 一 丿 𠃌 丨 丨","丨 𠃍 一 一 丨 丨 ㇀ 乛 𠃌 丿"
"cnwstqi1892","primary","N","A","鸭","鸭","鸭","丨 𠃍 一 一 丨 丿 𠃌 丶 ㇉ 一","丨 𠃍 丶 𠃌 ㇉ 丿 一 一 一 丨"
"cnwstqi1893","primary","N","B","晃","晃","晃","丨 𠃍 丿 一 一 一 丨 乚 丿 丶","丨 𠃍 一 一 丨 丶 丿 一 丿 乚"
"cnwstqi1894","primary","N","B","哺","哺","哺","丨 𠃍 𠃌 一 一 丶 一 丨 丨 一","丨 𠃍 一 一 丨 𠃌 一 一 丨 丶"
"cnwstqi1895","primary","N","A","晌","晌","晌","丨 𠃍 一 一 丿 丨 𠃌 丨 𠃍 一","丨 𠃍 一 一 丨 丿 𠃍 丨 一 𠃌"
"cnwstqi1896","primary","N","B","剔","剔","剔","丨 𠃍 𠃌 一 一 丿 亅 丿 丿 丨","丨 𠃍 一 一 丿 𠃌 丿 丿 丨 亅"
"cnwstqi1897","primary","N","A","晕","晕","晕","丨 𠃍 一 一 ㇀ 乛 一 𠃋 一 丨","丨 𠃍 一 一 丨 一 一 𠃋 乛 ㇀"
"cnwstqi1898","primary","N","B","蚌","蚌","蚌","丨 𠃍 一 一 一 一 一 丨 丶 丨","丨 𠃍 一 丨 一 丶 一 一 一 丨"
"cnwstqi1899","primary","N","B","畔","畔","畔","丨 𠃍 丨 丨 一 丶 一 一 丿 一","丨 𠃍 一 丨 一 丶 丿 一 一 丨"
"cnwstqi1900","primary","N","B","蚣","蚣","蚣","丨 𠃍 丨 丶 一 一 丶 ㇏ 𠃋 丿","丨 𠃍 一 丨 一 丶 丿 ㇏ 𠃋 丶"
"cnwstqi1901","primary","N","A","蚊","蚊","蚊","丨 𠃍 一 丨 一 丶 丶 一 丿 ㇏","丨 𠃍 ㇏ 丶 一 丨 丿 丶 一 一"
"cnwstqi1902","primary","N","A","蚪","蚪","蚪","丨 𠃍 一 丨 一 丶 丶 丶 一 丨","丨 𠃍 丨 一 一 丨 丶 丶 丶 一"
"cnwstqi1903","primary","N","A","蚓","蚓","蚓","丨 𠃍 一 丨 一 丶 𠃍 一 ㇉ 丨","丨 𠃍 丨 一 𠃍 一 丨 丶 一 ㇉"
"cnwstqi1904","primary","N","A","哨","哨","哨","丨 𠃍 一 丨 丶 丿 丨 𠃌 一 一","丨 𠃍 一 丿 丨 丨 𠃌 一 丶 一"
"cnwstqi1905","primary","N","A","哩","哩","哩","丨 𠃍 一 丨 𠃍 一 一 丨 一 一","丨 𠃍 丨 一 一 𠃍 一 一 一 丨"
"cnwstqi1906","primary","N","B","圃","圃","圃","丨 𠃍 一 𠃌 丶 一 一 一 丨 丨","丨 𠃍 一 丨 𠃌 一 一 丨 丶 一"
"cnwstqi1907","primary","N","A","哭","哭","哭","丨 𠃍 一 丨 𠃍 一 一 丿 ㇏ 丶","丨 𠃍 𠃍 一 一 ㇏ 丨 丶 丿 一"
"cnwstqi1908","primary","N","A","哦","哦","哦","丨 𠃍 一 丿 一 亅 ㇀ ㇂ 丿 丶","丨 𠃍 丶 亅 ㇀ ㇂ 一 丿 一 丿"
"cnwstqi1909","primary","N","A","恩","恩","恩","丨 𠃍 一 丿 丶 一 ㇀ ㇃ 丶 丶","丨 𠃍 一 丿 一 丶 ㇀ ㇃ 丶 丶"
"cnwstqi1910","primary","N","A","鸯","鸯","鸯","丨 𠃍 一 丿 ㇏ 丿 𠃌 丶 ㇉ 一","丨 𠃍 丿 丿 丶 𠃌 一 一 ㇉ ㇏"
"cnwstqi1911","primary","N","A","唤","唤","唤","丨 𠃍 一 丿 ㇇ 丨 𠃍 一 丿 ㇏","丨 𠃍 𠃍 丿 丿 ㇏ 丨 ㇇ 一 一"
"cnwstqi1912","primary","N","A","唁","唁","唁","丨 𠃍 一 丶 一 一 一 丨 𠃍 一","丨 𠃍 𠃍 丶 一 一 一 一 一 丨"
"cnwstqi1913","primary","N","A","哼","哼","哼","丨 𠃍 一 丶 一 丨 𠃍 一 ㇇ 亅","丨 𠃍 亅 一 丶 𠃍 丨 一 一 ㇇"
"cnwstqi1914","primary","N","A","唧","唧","唧","丨 𠃍 一 𠃍 一 一 𠄌 丶 𠃌 丨","丨 𠃍 一 丨 一 𠃌 一 𠃍 丶 𠄌"
"cnwstqi1915","primary","N","B","啊","啊","啊","丨 𠃍 一 𠃍 ㇌ 一 一 丨 丨 亅","丨 𠃍 一 ㇌ 丨 一 丨 𠃍 一 亅"
"cnwstqi1916","primary","N","B","唉","唉","唉","丨 𠃍 丶 𠃋 ㇏ 丿 一 丿 一 一","丨 𠃍 一 𠃋 丶 丿 一 一 丿 ㇏"
"cnwstqi1917","primary","N","B","唆","唆","唆","丨 𠃍 ㇇ 丿 丶 ㇏ 丶 丿 𠃋 一","丨 𠃍 一 𠃋 丶 丿 丶 丿 ㇇ ㇏"
"cnwstqi1918","primary","N","A","罢","罢","罢","丨 𠃍 丨 丨 一 一 丨 一 𠃋 丶","丨 𠃍 一 丨 丨 丶 𠃋 一 丨 一"
"cnwstqi1919","primary","N","A","峭","峭","峭","丨 ㇄ 丨 丨 丶 丿 丨 𠃌 一 一","丨 ㇄ 一 一 丶 丿 𠃌 丨 丨 丨"
"cnwstqi1920","primary","N","B","峨","峨","峨","丨 ㇄ ㇀ 丨 一 ㇂ 丿 亅 丶 丿","丨 ㇄ 丨 丿 一 亅 ㇀ ㇂ 丿 丶"
"cnwstqi1921","primary","N","B","峰","峰","峰","丨 ㇄ 丿 一 丨 ㇇ 丨 一 一 ㇏","丨 ㇄ 丨 丿 ㇇ ㇏ 一 一 一 丨"
"cnwstqi1922","primary","N","B","圆","圆","圆","丨 𠃍 丨 一 𠃍 𠃍 丨 一 丶 丿","丨 𠃍 丨 𠃍 一 丨 𠃍 丿 丶 一"
"cnwstqi1923","primary","N","A","峻","峻","峻","丨 ㇄ 丨 𠃋 丶 丿 丶 丿 ㇇ ㇏","丨 ㇄ 𠃋 ㇏ ㇇ 丨 丶 丶 丿 丿"
"cnwstqi1924","primary","N","A","贼","贼","贼","丨 𠃍 丿 丶 一 一 丿 ㇂ 丿 丶","丨 𠃍 一 丿 丿 一 丶 丶 丿 ㇂"
"cnwstqi1925","primary","N","B","贿","贿","贿","丨 𠃍 一 丿 丿 一 𠃌 丶 一 丨","丨 𠃍 丿 丶 一 丿 丨 𠃌 一 一"
"cnwstqi1926","primary","N","B","赂","赂","赂","丨 𠃍 丶 丿 ㇏ 丨 一 ㇇ 𠃍 丿","丨 𠃍 丿 丶 丿 ㇇ ㇏ 丨 𠃍 一"
"cnwstqi1927","primary","N","B","赃","赃","赃","丨 𠃍 一 丶 丶 丿 一 丿 一 丨","丨 𠃍 丿 丶 丶 一 丿 一 丨 一"
"cnwstqi1928","primary","N","B","钱","钱","钱","丿 一 丶 一 一 一 𠄌 一 丿 ㇂","丿 一 一 一 𠄌 一 一 ㇂ 丿 丶"
"cnwstqi1929","primary","N","B","钳","钳","钳","丿 一 一 一 丨 一 丨 一 𠄌 一","丿 一 一 一 𠄌 一 丨 丨 一 一"
"cnwstqi1930","primary","N","A","钻","钻","钻","丿 一 一 一 𠄌 丨 一 丨 𠃍 一","丿 一 𠄌 𠃍 丨 一 一 丨 一 一"
"cnwstqi1931","primary","N","B","钾","钾","钾","丿 一 一 一 丨 一 丨 一 𠄌 𠃍","丿 一 一 一 𠄌 丨 𠃍 一 一 丨"
"cnwstqi1932","primary","N","B","铁","铁","铁","丿 一 一 ㇏ 一 一 丿 丿 一 𠄌","丿 一 一 一 𠄌 丿 一 一 丿 ㇏"
"cnwstqi1933","primary","N","A","铃","铃","铃","丿 一 一 一 𠄌 丿 ㇏ 丶 ㇇ 丶","丿 一 丿 ㇇ 丶 一 丶 ㇏ 一 𠄌"
"cnwstqi1934","primary","N","B","铅","铅","铅","丿 一 𠃍 一 一 ㇍ 一 𠄌 丨 丿","丿 一 一 一 𠄌 丿 ㇍ 丨 𠃍 一"
"cnwstqi1935","primary","N","B","缺","缺","缺","丿 一 一 ㇏ 一 𠃍 丿 ㇄ 丨 丨","丿 一 一 丨 ㇄ 丨 𠃍 一 丿 ㇏"
"cnwstqi1936","primary","N","A","氧","氧","氧","丿 一 一 ⺄ 丶 丿 一 一 一 丨","丿 一 一 一 一 一 ⺄ 丿 丶 丨"
"cnwstqi1937","primary","N","A","氨","氨","氨","丿 一 一 ⺄ 丶 ㇀ 乛 𡿨 丿 一","丿 一 一 ⺄ ㇀ 丿 𡿨 一 乛 丶"
"cnwstqi1938","primary","N","A","特","特","特","丿 一 丨 ㇀ 一 丨 一 一 亅 丶","丿 一 一 丶 一 丨 ㇀ 亅 一 丨"
"cnwstqi1939","primary","N","A","牺","牺","牺","丿 一 丨 ㇀ 一 丨 𠃍 丿 ㇄ 一","丿 一 一 丨 丨 ㇄ 丿 ㇀ 一 𠃍"
"cnwstqi1940","primary","N","B","造","造","造","丿 一 一 ㇏ 丶 一 丨 𠃍 丨 ㇋","丿 一 丨 一 丨 𠃍 一 丶 ㇋ ㇏"
"cnwstqi1941","primary","N","A","乘","乘","乘","丿 一 丨 丨 一 ㇀ 丿 乚 丿 ㇏","丿 一 ㇀ 丿 ㇏ 乚 丨 丨 一 丿"
"cnwstqi1942","primary","N","A","敌","敌","敌","丿 一 丨 丨 𠃍 一 丿 一 丿 ㇏","丿 一 丨 ㇏ 一 丨 丿 丿 一 𠃍"
"cnwstqi1943","primary","N","B","秤","秤","秤","丿 一 丿 丨 丨 一 丿 丶 一 丶","丿 一 丨 丿 丶 一 丶 丿 一 丨"
"cnwstqi1944","primary","N","B","租","租","租","丿 一 丿 𠃍 一 一 一 丨 丶 丨","丿 一 丨 丿 丶 丨 𠃍 一 一 一"
"cnwstqi1945","primary","N","B","积","积","积","丿 一 丶 丿 丨 𠃍 丨 丿 丶 一","丿 一 丨 丿 丶 丨 𠃍 一 丿 丶"
"cnwstqi1946","primary","N","A","秧","秧","秧","丿 一 丨 丿 丶 丨 𠃍 一 丿 ㇏","丿 一 丿 丶 𠃍 ㇏ 一 丿 丨 丨"
"cnwstqi1947","primary","N","B","秩","秩","秩","丿 一 丨 一 丿 丶 一 ㇏ 丿 丿","丿 一 丨 丿 丶 丿 一 一 丿 ㇏"
"cnwstqi1948","primary","N","B","称","称","称","丿 一 丿 丨 丿 丶 丶 丿 亅 乛","丿 一 丨 丿 丶 丿 乛 亅 丿 丶"
"cnwstqi1949","primary","N","A","秘","秘","秘","丿 一 丨 丿 丶 ㇀ ㇃ 丶 丿 丶","丿 一 丨 丶 丶 ㇀ 丿 ㇃ 丿 丶"
"cnwstqi1950","primary","N","A","透","透","透","丿 一 丨 丿 ㇏ 𠄎 丿 丶 ㇋ ㇏","丿 一 丨 ㇋ ㇏ ㇏ 丶 丿 丿 𠄎"
"cnwstqi1951","primary","N","B","笔","笔","笔","丿 一 丶 一 一 一 丿 丿 乚 丶","丿 一 丶 丿 一 丶 丿 一 一 乚"
"cnwstqi1952","primary","N","B","笑","笑","笑","丿 一 丿 丿 丿 一 丶 ㇏ 一 丶","丿 一 丶 丿 一 丶 丿 一 丿 ㇏"
"cnwstqi1953","primary","N","B","笋","笋","笋","丿 一 𠃍 一 丶 一 丶 丿 丿 一","丿 一 丶 丿 一 丶 𠃍 一 一 丿"
"cnwstqi1954","primary","N","B","债","债","债","丿 丨 一 丨 丶 𠃍 丿 丨 一 一","丿 丨 一 一 丨 一 丨 𠃍 丿 丶"
"cnwstqi1955","primary","N","B","借","借","借","丿 丨 丨 丨 一 一 一 一 丨 𠃍","丿 丨 一 丨 丨 一 丨 𠃍 一 一"
"cnwstqi1956","primary","N","B","值","值","值","丿 丨 丨 丨 一 一 一 𠃍 一 一","丿 丨 一 丨 丨 𠃍 一 一 一 一"
"cnwstqi1957","primary","N","B","倚","倚","倚","丿 丨 一 丨 一 一 丶 丿 亅 𠃍","丿 丨 一 丿 丶 一 丨 𠃍 一 亅"
"cnwstqi1958","primary","N","B","俺","俺","俺","丿 丨 乚 ㇏ 一 丿 丨 𠃍 一 一","丿 丨 一 丿 ㇏ 丨 𠃍 一 一 乚"
"cnwstqi1959","primary","N","B","倾","倾","倾","丿 丨 一 丨 一 𠄌 丿 丿 丶 𠃍","丿 丨 一 𠄌 一 丿 丨 𠃍 丿 丶"
"cnwstqi1960","primary","N","B","倒","倒","倒","丿 丨 ㇀ 丨 𠃋 一 亅 丶 一 丨","丿 丨 一 𠃋 丶 一 丨 ㇀ 丨 亅"
"cnwstqi1961","primary","N","B","倘","倘","倘","丿 丨 𠃌 丨 一 丶 丿 𠃍 丨 丨","丿 丨 丨 丶 丿 丨 𠃌 丨 𠃍 一"
"cnwstqi1962","primary","N","B","俱","俱","俱","丿 丨 一 一 一 丨 丶 𠃍 一 丿","丿 丨 丨 𠃍 一 一 一 一 丿 丶"
"cnwstqi1963","primary","N","B","倡","倡","倡","丿 丨 一 𠃍 𠃍 丨 一 一 一 丨","丿 丨 丨 𠃍 一 一 丨 𠃍 一 一"
"cnwstqi1964","primary","N","A","候","候","候","丿 丨 丨 𠃍 一 丿 一 一 丿 ㇏","丿 丨 ㇏ 𠃍 丿 一 一 丿 丨 一"
"cnwstqi1965","primary","N","B","赁","赁","赁","丿 丨 丿 丿 丨 丶 𠃍 丨 一 一","丿 丨 丿 一 丨 一 丨 𠃍 丿 丶"
"cnwstqi1966","primary","N","A","俯","俯","俯","丿 丨 丶 一 丿 丿 丨 一 亅 丶","丿 丨 丿 一 丶 丿 丶 一 亅 丨"
"cnwstqi1967","primary","N","B","倍","倍","倍","丿 丨 一 丨 丶 丿 𠃍 一 一 丶","丿 丨 丶 一 丶 丿 一 丨 𠃍 一"
"cnwstqi1968","primary","N","A","倦","倦","倦","丿 丨 丶 丿 一 一 丿 ㇏ 𠃌 乚","丿 丨 𠃌 乚 丶 ㇏ 丿 丿 一 一"
"cnwstqi1969","primary","N","B","健","健","健","丿 丨 𠃍 丨 ㇏ 一 一 一 一 ㇋","丿 丨 𠃍 一 一 一 一 丨 ㇋ ㇏"
"cnwstqi1970","primary","N","A","臭","臭","臭","丿 丨 𠃍 一 一 一 一 丿 ㇏ 丶","丿 丨 丶 一 一 一 𠃍 一 丿 ㇏"
"cnwstqi1971","primary","N","A","射","射","射","丿 丨 𠃌 一 一 一 丿 一 亅 丶","丿 丨 丶 一 丿 一 𠃌 一 一 亅"
"cnwstqi1972","primary","N","A","躬","躬","躬","丿 丨 𠃌 一 一 一 丿 𠃍 一 ㇉","丿 丨 𠃍 一 ㇉ 𠃌 一 一 一 丿"
"cnwstqi1973","primary","N","A","息","息","息","丿 丨 𠃍 一 一 一 ㇀ ㇃ 丶 丶","丿 丨 一 丶 𠃍 丶 ㇃ 一 一 ㇀"
"cnwstqi1974","primary","N","A","倔","倔","倔","丿 丨 𠃍 一 丿 ㇄ 丨 丨 ㇄ 丨","丿 丨 丨 一 ㇄ 丿 ㇄ 丨 𠃍 丨"
"cnwstqi1975","primary","N","B","徒","徒","徒","丿 丿 丨 一 丨 一 丨 一 ㇏ 丿","丿 丿 丨 一 丨 一 丨 一 丿 ㇏"
"cnwstqi1976","primary","N","B","徐","徐","徐","丿 丿 丿 ㇏ 丶 一 丨 亅 丿 一","丿 丿 丨 丿 ㇏ 一 一 亅 丿 丶"
"cnwstqi1977","primary","N","B","殷","殷","殷","丿 丿 一 ㇇ 𠃍 一 丿 ㇏ 𠃌 ㇍","丿 丿 𠃍 一 一 𠃌 丿 ㇍ ㇇ ㇏"
"cnwstqi1978","primary","N","B","舰","舰","舰","丿 丿 𠃍 丶 乚 𠃌 丨 丶 一 丿","丿 丿 𠃌 丶 一 丶 丨 𠃍 丿 乚"
"cnwstqi1979","primary","N","B","舱","舱","舱","丿 丿 丶 𠃌 丶 一 乚 𠃌 ㇏ 丿","丿 丿 𠃌 丶 一 丶 丿 ㇏ 𠃌 乚"
"cnwstqi1980","primary","N","A","般","般","般","丿 丿 𠃌 丶 一 丶 丿 ㇍ ㇇ ㇏","丿 丿 一 ㇏ ㇍ 丶 丿 ㇇ 丶 𠃌"
"cnwstqi1981","primary","N","B","航","航","航","丿 丿 丶 丶 一 𠃌 丶 丿 一 ⺄","丿 丿 𠃌 丶 一 丶 丶 一 丿 ⺄"
"cnwstqi1982","primary","N","A","途","途","途","丿 ㇏ 一 一 亅 丿 丶 丶 ㇋ ㇏","丿 ㇏ ㇏ 一 一 丶 丶 亅 ㇋ 丿"
"cnwstqi1983","primary","N","B","拿","拿","拿","丿 ㇏ 一 丨 一 一 𠃍 丿 亅 一","丿 ㇏ 一 丨 𠃍 一 丿 一 一 亅"
"cnwstqi1984","primary","N","B","耸","耸","耸","丿 丶 一 丿 ㇏ 一 丨 一 丨 一","丿 丶 丿 ㇏ 一 丨 丨 一 一 一"
"cnwstqi1985","primary","N","B","爹","爹","爹","丿 丶 丿 丿 ㇇ ㇏ ㇇ 丶 丶 丿","丿 丶 丿 ㇏ 丿 ㇇ 丶 丿 ㇇ 丶"
"cnwstqi1986","primary","N","B","舀","舀","舀","丿 丶 一 一 𠃍 一 丿 丿 丨 丶","丿 丶 丶 丿 丿 丨 一 𠃍 一 一"
"cnwstqi1987","primary","N","B","爱","爱","爱","丿 丶 一 ㇏ 丶 丿 丿 ㇇ 乛 ㇀","丿 丶 丶 丿 ㇀ 乛 一 丿 ㇇ ㇏"
"cnwstqi1988","primary","N","B","豺","豺","豺","丿 丶 丿 亅 ㇁ 丶 丿 丿 丿 一","丿 丶 丶 丿 ㇁ 丿 丿 一 亅 丿"
"cnwstqi1989","primary","N","B","豹","豹","豹","丿 丶 丿 丿 丶 𠃌 丿 丿 丶 ㇁","丿 丶 丶 丿 ㇁ 丿 丿 丿 𠃌 丶"
"cnwstqi1990","primary","N","A","颁","颁","颁","丿 丶 𠃌 丿 一 丿 丨 𠃍 丿 丶","丿 丶 丨 𠃍 丿 丿 𠃌 丿 一 丶"
"cnwstqi1991","primary","N","B","颂","颂","颂","丿 丶 丿 𠃋 丿 丶 一 𠃍 丨 丶","丿 丶 𠃋 丶 一 丿 丨 𠃍 丿 丶"
"cnwstqi1992","primary","N","A","翁","翁","翁","丿 ㇏ 𠃋 丶 𠃌 丶 ㇀ 𠃌 丶 ㇀","丿 ㇏ 𠃋 丶 ㇀ ㇀ 丶 𠃌 丶 𠃌"
"cnwstqi1993","primary","N","B","胰","胰","胰","丿 𠃌 一 一 ㇏ 𠃍 丿 ㇉ 一 一","丿 𠃌 一 一 一 𠃍 一 ㇉ 丿 ㇏"
"cnwstqi1994","primary","N","B","脆","脆","脆","丿 𠃌 一 𠃌 一 ㇇ 乚 丿 一 丿","丿 𠃌 一 一 丿 ㇇ 一 丿 𠃌 乚"
"cnwstqi1995","primary","N","A","脂","脂","脂","丿 𠃌 一 一 丿 乚 丨 𠃍 一 一","丿 𠃌 𠃍 一 乚 丨 一 一 丿 一"
"cnwstqi1996","primary","N","B","胸","胸","胸","丿 𠃌 丿 ㇄ 一 丶 丨 一 丿 𠃌","丿 𠃌 一 一 丿 𠃌 丿 丶 ㇄ 丨"
"cnwstqi1997","primary","N","B","胳","胳","胳","丿 𠃌 ㇇ 𠃍 一 丿 丨 ㇏ 一 一","丿 𠃌 一 一 丿 ㇇ ㇏ 丨 𠃍 一"
"cnwstqi1998","primary","N","A","脏","脏","脏","丿 𠃌 一 一 丶 一 丿 一 丨 一","丿 𠃌 一 丶 一 一 丿 一 一 丨"
"cnwstqi1999","primary","N","B","脐","脐","脐","丿 𠃌 丶 一 ㇏ 丿 一 一 丨 丿","丿 𠃌 一 一 丶 一 丿 ㇏ 丿 丨"
"cnwstqi2000","primary","N","A","胶","胶","胶","丿 𠃌 一 一 丶 一 丿 丶 丿 ㇏","丿 𠃌 一 丿 丶 ㇏ 丶 一 丿 一"
"cnwstqi2001","primary","N","B","脑","脑","脑","丿 𠃌 丶 一 ㇄ 丿 丨 丶 一 一","丿 𠃌 一 一 丶 一 丿 丶 ㇄ 丨"
"cnwstqi2002","primary","N","B","脓","脓","脓","丿 𠃌 乛 一 𠄌 丿 ㇀ 一 ㇏ 丿","丿 𠃌 一 一 ㇀ 乛 丿 𠄌 丿 ㇏"
"cnwstqi2003","primary","N","A","逛","逛","逛","丿 ㇁ 丿 一 一 丨 一 丶 ㇋ ㇏","丿 ㇁ 一 丿 一 丶 一 ㇏ 丨 ㇋"
"cnwstqi2004","primary","N","B","狸","狸","狸","丿 ㇁ 一 一 𠃍 丨 一 一 丨 丿","丿 ㇁ 丿 丨 𠃍 一 一 丨 一 一"
"cnwstqi2005","primary","N","B","狼","狼","狼","丿 ㇁ 𠃍 丿 丶 一 一 𠄌 ㇏ 丿","丿 ㇁ 丿 丶 𠃍 一 一 𠄌 丿 ㇏"
"cnwstqi2006","primary","N","B","卿","卿","卿","丿 𠄌 𠃍 一 丨 𠄌 𠃌 一 丿 丶","丿 𠄌 丿 𠃍 一 一 𠄌 丶 𠃌 丨"
"cnwstqi2007","primary","N","B","逢","逢","逢","丿 ㇇ 丨 一 丶 一 ㇏ ㇋ ㇏ 一","丿 ㇇ ㇏ 一 一 一 丨 丶 ㇋ ㇏"
"cnwstqi2008","primary","N","A","鸵","鸵","鸵","丿 𠃌 丶 ㇉ ㇀ 丶 ㇀ 乛 丿 乚","丿 𠃌 ㇀ 丿 丶 丶 乚 ㇀ ㇉ 乛"
"cnwstqi2009","primary","N","B","留","留","留","丿 𠄌 一 丨 丨 𠃍 𠃌 丶 一 丿","丿 𠄌 丶 𠃌 丿 丨 𠃍 一 丨 一"
"cnwstqi2010","primary","N","A","鸳","鸳","鸳","丿 ㇇ 丶 𠃌 乚 丿 𠃌 丶 ㇉ 一","丿 ㇇ 𠃌 𠃌 丶 丿 丶 ㇉ 乚 一"
"cnwstqi2011","primary","N","B","皱","皱","皱","丿 ㇇ 丨 一 𠃍 一 ㇏ ㇇ 乛 丿","丿 ㇇ 𠃍 一 一 乛 丿 丨 ㇇ ㇏"
"cnwstqi2012","primary","N","A","饿","饿","饿","丿 乛 𠄌 丿 一 亅 ㇀ ㇂ 丿 丶","丿 乛 一 丿 亅 丿 ㇀ ㇂ 𠄌 丶"
"cnwstqi2013","primary","N","B","馁","馁","馁","丿 乛 一 丿 𡿨 丶 丶 𠄌 丿 丿","丿 乛 𠄌 丿 丶 丶 丿 𡿨 丿 一"
"cnwstqi2014","primary","N","A","凌","凌","凌","丶 ㇀ 一 丨 一 丿 丶 丿 ㇇ ㇏","丶 ㇀ 丿 ㇏ 一 丶 一 丿 丨 ㇇"
"cnwstqi2015","primary","N","A","凄","凄","凄","丶 ㇀ 一 𠃍 一 一 丨 𡿨 丿 一","丶 ㇀ 𠃍 一 一 一 丨 𡿨 丿 一"
"cnwstqi2016","primary","N","A","恋","恋","恋","丶 一 丨 丨 丿 丶 ㇀ ㇃ 丶 丶","丶 一 丨 丶 丨 ㇀ ㇃ 丿 丶 丶"
"cnwstqi2017","primary","N","A","桨","桨","桨","丶 ㇀ 丨 丿 ㇇ 丶 一 丨 丿 ㇏","丶 ㇀ 丶 ㇇ 一 丿 丨 丨 ㇏ 丿"
"cnwstqi2018","primary","N","A","浆","浆","浆","丶 ㇀ 丨 丿 ㇇ 丶 亅 ㇇ 丿 ㇏","丶 ㇀ ㇏ 丨 丶 ㇇ 亅 丿 丿 ㇇"
"cnwstqi2019","primary","N","A","衰","衰","衰","丶 一 丨 𠃍 一 一 丿 𠄌 丿 ㇏","丶 一 丿 丿 𠄌 ㇏ 𠃍 一 丨 一"
"cnwstqi2020","primary","N","A","衷","衷","衷","丶 一 丨 𠃍 一 丨 丿 𠄌 丿 ㇏","丶 一 𠄌 一 丿 丨 𠃍 丿 丨 ㇏"
"cnwstqi2021","primary","N","B","高","高","高","丶 一 𠃌 一 丨 𠃍 𠃍 一 丨 丨","丶 一 丨 𠃍 一 丨 𠃌 丨 𠃍 一"
"cnwstqi2022","primary","N","B","郭","郭","郭","丶 一 丨 一 ㇇ 丨 ㇀ 𠃍 亅 ㇌","丶 一 丨 𠃍 一 ㇇ 亅 ㇀ ㇌ 丨"
"cnwstqi2023","primary","N","B","席","席","席","丶 一 一 丨 丿 丨 𠃌 丨 一 丨","丶 一 丿 一 丨 丨 一 丨 𠃌 丨"
"cnwstqi2024","primary","N","B","准","准","准","丶 ㇀ 一 丿 丶 丨 一 丨 一 一","丶 ㇀ 丿 丨 丶 一 一 一 丨 一"
"cnwstqi2025","primary","N","B","座","座","座","丶 一 丨 丿 一 丿 丶 一 丿 丶","丶 一 丿 丿 丶 丿 丶 一 丨 一"
"cnwstqi2026","primary","N","A","症","症","症","丶 一 丿 丶 ㇀ 一 丨 一 丨 一","丶 一 丿 丨 ㇀ 丨 一 一 丶 一"
"cnwstqi2027","primary","N","B","病","病","病","丶 一 丿 丿 丶 ㇀ 一 丨 𠃌 丶","丶 一 丿 丶 ㇀ 一 丨 𠃌 丿 丶"
"cnwstqi2028","primary","N","A","疾","疾","疾","丶 一 丿 丶 ㇀ 丿 一 一 丿 ㇏","丶 一 丿 一 丿 ㇏ ㇀ 丿 一 丶"
"cnwstqi2029","primary","N","A","斋","斋","斋","丶 一 丿 ㇏ 一 丿 丨 𠃌 丨 丨","丶 一 𠃌 ㇏ 丿 丿 一 丨 丨 丨"
"cnwstqi2030","primary","N","B","疹","疹","疹","丶 一 ㇏ 丶 ㇀ 丿 丿 丿 丿 丿","丶 一 丿 丶 ㇀ 丿 ㇏ 丿 丿 丿"
"cnwstqi2031","primary","N","A","疼","疼","疼","丶 一 丿 丶 ㇀ 丿 ㇇ ㇏ 丶 丶","丶 一 丿 丶 丶 丿 丶 ㇀ ㇇ ㇏"
"cnwstqi2032","primary","N","B","疲","疲","疲","丶 一 丿 丨 ㇇ ㇇ 丶 ㇀ 丿 ㇏","丶 一 丿 丶 ㇀ ㇇ 丿 丨 ㇇ ㇏"
"cnwstqi2033","primary","N","B","脊","脊","脊","丶 ㇀ 丨 ㇏ 丿 一 丶 一 𠃌 丿","丶 ㇀ 丿 丶 丿 ㇏ 丨 𠃌 一 一"
"cnwstqi2034","primary","N","A","效","效","效","丶 一 丿 丶 丿 丶 丿 一 丿 ㇏","丶 一 ㇏ 丶 丿 一 丿 丿 丿 丶"
"cnwstqi2035","primary","N","B","离","离","离","丶 一 丨 丶 丿 丶 𠃌 丨 ㇄ 𠃋","丶 一 丿 丶 ㇄ 丨 丨 𠃌 𠃋 丶"
"cnwstqi2036","primary","N","A","紊","紊","紊","丶 一 丿 ㇏ 𠃋 𠃋 丶 亅 丿 丶","丶 一 𠃋 𠃋 丶 丶 ㇏ 丿 亅 丿"
"cnwstqi2037","primary","N","B","唐","唐","唐","丶 一 一 一 𠃍 丨 丿 𠃍 一 丨","丶 一 丿 𠃍 一 一 丨 丨 𠃍 一"
"cnwstqi2038","primary","N","B","瓷","瓷","瓷","丶 ㇀ 𠄌 ㇏ 丿 ⺄ 一 丿 丶 乛","丶 ㇀ 丿 乛 丿 ㇏ 一 𠄌 ⺄ 丶"
"cnwstqi2039","primary","N","B","资","资","资","丶 ㇀ 𠃍 丿 丿 丿 ㇏ 丨 丶 乛","丶 ㇀ 丿 乛 丿 ㇏ 丨 𠃍 丿 丶"
"cnwstqi2040","primary","N","B","凉","凉","凉","丶 ㇀ 一 亅 𠃍 丿 丶 一 丶 丨","丶 ㇀ 丶 一 丨 𠃍 一 亅 丿 丶"
"cnwstqi2041","primary","N","A","站","站","站","丶 一 丶 丿 ㇀ 丨 一 丨 𠃍 一","丶 一 丨 ㇀ 一 丶 丿 丨 一 𠃍"
"cnwstqi2042","primary","N","B","剖","剖","剖","丶 一 一 丨 丿 𠃍 亅 丶 一 丨","丶 一 丶 丿 一 丨 𠃍 一 丨 亅"
"cnwstqi2043","primary","N","B","竞","竞","竞","丶 一 丿 𠃍 乚 丶 丨 丿 一 一","丶 一 丶 丿 一 丨 𠃍 一 丿 乚"
"cnwstqi2044","primary","N","B","部","部","部","丶 一 一 丶 一 𠃍 ㇌ 丿 丨 丨","丶 一 丶 丿 一 丨 𠃍 一 ㇌ 丨"
"cnwstqi2045","primary","N","A","旁","旁","旁","丶 一 丶 丿 ㇀ 乛 丶 一 𠃌 丿","丶 一 丶 𠃌 乛 ㇀ 丶 丿 一 丿"
"cnwstqi2046","primary","N","B","旅","旅","旅","丶 一 ㇏ 丿 一 丿 𠃌 𠄌 丿 丿","丶 一 𠃌 丿 丿 一 丿 𠄌 丿 ㇏"
"cnwstqi2047","primary","N","A","畜","畜","畜","丶 一 𠃋 𠃋 丶 丨 𠃍 一 丨 一","丶 一 𠃍 丨 丨 一 一 丶 𠃋 𠃋"
"cnwstqi2048","primary","N","A","阅","阅","阅","丶 丨 𠃌 丶 丿 丨 𠃍 一 丿 乚","丶 丨 乚 丿 丶 一 丨 𠃍 丿 𠃌"
"cnwstqi2049","primary","N","B","羞","羞","羞","丶 丿 𠃍 丨 一 一 一 一 一 丿","丶 丿 一 一 一 丿 𠃍 丨 一 一"
"cnwstqi2050","primary","N","A","羔","羔","羔","丶 丿 一 一 丨 一 ㇀ 丶 丶 丶","丶 丿 丶 一 一 丨 丶 一 丶 ㇀"
"cnwstqi2051","primary","N","B","瓶","瓶","瓶","丶 丿 丿 丶 丨 ⺄ 一 一 𠄌 一","丶 丿 一 一 丿 丨 一 𠄌 ⺄ 丶"
"cnwstqi2052","primary","N","B","拳","拳","拳","丶 丿 亅 一 一 丿 ㇏ 一 丿 一","丶 丿 一 一 丿 ㇏ 丿 一 一 亅"
"cnwstqi2053","primary","N","A","粉","粉","粉","丶 丿 一 丨 丿 丶 丿 ㇏ 𠃌 丿","丶 丿 丨 丿 𠃌 丿 丶 丿 一 ㇏"
"cnwstqi2054","primary","N","B","料","料","料","丶 丿 一 丿 丶 一 丨 丨 丶 丶","丶 丿 一 丨 丿 丶 丶 丶 一 丨"
"cnwstqi2055","primary","N","A","益","益","益","丶 丿 一 丿 丶 丨 𠃍 丨 丨 一","丶 丿 一 丨 𠃍 丿 丨 丶 丨 一"
"cnwstqi2056","primary","N","A","兼","兼","兼","丶 丿 一 𠃍 一 一 丨 丨 丿 ㇏","丶 丿 丨 ㇏ 𠃍 丿 丨 一 一 一"
"cnwstqi2057","primary","N","A","烤","烤","烤","㇀ 丿 丿 丶 一 丨 一 丿 一 ㇉","㇀ 丿 丿 丨 丿 一 ㇉ 丶 一 一"
"cnwstqi2058","primary","N","A","烘","烘","烘","㇀ 丿 丿 丶 一 丨 丨 一 丿 丶","㇀ 丿 丨 丶 丶 丿 丨 一 丿 一"
"cnwstqi2059","primary","N","B","烦","烦","烦","㇀ 丿 丿 丿 𠃍 丶 丶 丿 丨 一","㇀ 丿 丿 丶 一 丿 丨 𠃍 丿 丶"
"cnwstqi2060","primary","N","B","烧","烧","烧","㇀ 丿 丿 ㇂ 一 丿 乚 一 丶 丿","㇀ 丿 丿 丶 一 ㇂ 丿 一 丿 乚"
"cnwstqi2061","primary","N","B","烛","烛","烛","㇀ 丿 丶 一 丨 𠃍 丿 丨 一 丶","㇀ 丿 丿 丶 丨 𠃍 一 丨 一 丶"
"cnwstqi2062","primary","N","A","烟","烟","烟","㇀ 丿 丿 丶 丨 𠃍 一 丿 丶 一","㇀ 丿 一 丿 𠃍 一 丶 丨 丶 丿"
"cnwstqi2063","primary","N","B","烙","烙","烙","㇀ 丿 丿 丶 ㇇ ㇏ 一 丨 丿 𠃍","㇀ 丿 丿 丶 丿 ㇇ ㇏ 丨 𠃍 一"
"cnwstqi2064","primary","N","B","递","递","递","丶 丿 丶 ㇉ 丨 𠃍 一 丿 ㇋ ㇏","丶 丿 𠃍 一 ㇉ 丨 丿 丶 ㇋ ㇏"
"cnwstqi2065","primary","N","B","涛","涛","涛","丶 丶 丶 ㇀ 一 亅 丿 一 一 一","丶 丶 ㇀ 一 一 一 丿 一 亅 丶"
"cnwstqi2066","primary","N","B","浙","浙","浙","丶 丶 亅 ㇀ 丿 一 一 丿 丨 ㇀","丶 丶 ㇀ 一 亅 ㇀ 丿 丿 一 丨"
"cnwstqi2067","primary","N","B","涝","涝","涝","丶 丶 ㇀ ㇀ 丨 乛 丿 𠃌 丨 一","丶 丶 ㇀ 一 丨 丨 ㇀ 乛 𠃌 丿"
"cnwstqi2068","primary","N","B","浦","浦","浦","丶 丶 一 一 丶 ㇀ 丨 一 丨 𠃌","丶 丶 ㇀ 一 丨 𠃌 一 一 丨 丶"
"cnwstqi2069","primary","N","A","酒","酒","酒","丶 丶 ㇀ 一 丨 𠃍 丿 ㇄ 一 一","丶 丶 𠃍 一 丿 一 一 ㇀ 丨 ㇄"
"cnwstqi2070","primary","N","B","涉","涉","涉","丶 丶 一 一 ㇀ 丨 丨 丨 丿 丿","丶 丶 ㇀ 丨 一 丨 一 丨 丿 丿"
"cnwstqi2071","primary","N","A","消","消","消","丶 丶 ㇀ 丨 丶 丿 丨 𠃌 一 一","丶 丶 丨 一 丶 ㇀ 丿 一 𠃌 丨"
"cnwstqi2072","primary","N","A","涡","涡","涡","丶 丶 ㇀ 丨 𠃍 一 丨 𠃌 丿 丶","丶 丶 丿 丨 ㇀ 𠃌 丶 𠃍 丨 一"
"cnwstqi2073","primary","N","B","浩","浩","浩","丶 丶 一 丨 一 ㇀ 丿 一 丨 𠃍","丶 丶 ㇀ 丿 一 丨 一 丨 𠃍 一"
"cnwstqi2074","primary","N","A","海","海","海","丶 丶 ㇀ 丿 一 ㇄ 𠃌 丶 一 丶","丶 丶 一 一 丶 丶 𠃌 ㇀ ㇄ 丿"
"cnwstqi2075","primary","N","B","涂","涂","涂","丶 丶 丿 ㇏ 一 一 ㇀ 丿 亅 丶","丶 丶 ㇀ 丿 ㇏ 一 一 亅 丿 丶"
"cnwstqi2076","primary","N","A","浴","浴","浴","丶 丶 ㇀ 丿 丶 丿 ㇏ 丨 𠃍 一","丶 丶 𠃍 丨 丶 ㇏ 丿 丿 ㇀ 一"
"cnwstqi2077","primary","N","A","浮","浮","浮","丶 丶 ㇀ 丿 丶 丶 丿 ㇇ 亅 一","丶 丶 亅 丿 丿 ㇇ 一 丶 ㇀ 丶"
"cnwstqi2078","primary","N","A","涣","涣","涣","丶 丶 ㇀ 丿 ㇇ 丨 𠃍 一 丿 ㇏","丶 丶 丿 ㇇ 一 丨 ㇀ ㇏ 𠃍 丿"
"cnwstqi2079","primary","N","A","涤","涤","涤","丶 丶 ㇀ 丿 ㇇ ㇏ 一 亅 丿 丶","丶 丶 ㇇ 亅 ㇏ 一 ㇀ 丿 丿 丶"
"cnwstqi2080","primary","N","B","流","流","流","丶 丶 丿 丨 丶 ㇀ 乚 丶 一 𠃋","丶 丶 ㇀ 丶 一 𠃋 丶 丿 丨 乚"
"cnwstqi2081","primary","N","B","润","润","润","丶 丶 一 丨 𠃌 丨 丶 一 ㇀ 一","丶 丶 ㇀ 丶 丨 𠃌 一 一 丨 一"
"cnwstqi2082","primary","N","B","涧","涧","涧","丶 丶 一 ㇀ 丨 𠃍 一 丶 丨 𠃌","丶 丶 ㇀ 丶 丨 𠃌 丨 𠃍 一 一"
"cnwstqi2083","primary","N","A","涕","涕","涕","丶 丶 ㇀ 丶 丿 𠃍 一 ㇉ 丨 丿","丶 丶 丿 ㇀ 丨 ㇉ 丿 𠃍 一 丶"
"cnwstqi2084","primary","N","B","浪","浪","浪","丶 丶 丿 ㇏ 一 𠃍 ㇀ 𠄌 丶 一","丶 丶 ㇀ 丶 𠃍 一 一 𠄌 丿 ㇏"
"cnwstqi2085","primary","N","A","浸","浸","浸","丶 丶 ㇀ 𠃍 一 一 ㇀ 乛 ㇇ ㇏","丶 丶 𠃍 一 ㇇ ㇀ 一 ㇏ ㇀ 乛"
"cnwstqi2086","primary","N","A","涨","涨","涨","丶 丶 ㇀ 𠃍 一 ㇉ 丿 一 𠄌 ㇏","丶 丶 𠃍 ㇀ 一 ㇉ 一 丿 ㇏ 𠄌"
"cnwstqi2087","primary","N","B","烫","烫","烫","丶 丶 丿 𠄎 丿 ㇀ ㇀ ㇏ 丿 丿","丶 丶 ㇀ 𠄎 丿 丿 ㇀ 丿 丿 ㇏"
"cnwstqi2088","primary","N","A","涩","涩","涩","丶 丶 ㇀ 𠃌 丿 ㇀ 丨 一 丨 一","丶 丶 ㇀ 丨 ㇀ 一 丿 一 𠃌 丨"
"cnwstqi2089","primary","N","B","涌","涌","涌","丶 丶 𠃌 ㇀ 丨 丶 丨 一 ㇇ 一","丶 丶 ㇀ ㇇ 丶 丨 𠃌 一 一 丨"
"cnwstqi2090","primary","N","A","悖","悖","悖","㇀ 丶 丨 一 丨 ㇀ 乛 ㇇ 亅 一","㇀ 丶 ㇀ 丨 乛 一 丨 亅 一 ㇇"
"cnwstqi2091","primary","N","A","悟","悟","悟","㇀ 丶 丨 一 丨 𠃍 一 丨 𠃍 一","㇀ 丶 𠃍 丨 丨 一 丨 𠃍 一 一"
"cnwstqi2092","primary","N","B","悄","悄","悄","㇀ 丶 丶 𠃌 一 丿 丨 丨 一 丨","㇀ 丶 丨 丨 丶 丿 丨 𠃌 一 一"
"cnwstqi2093","primary","N","A","悍","悍","悍","㇀ 丶 丨 丨 𠃍 一 一 一 一 丨","㇀ 丶 一 一 丨 一 丨 𠃍 丨 一"
"cnwstqi2094","primary","N","A","悔","悔","悔","㇀ 丶 丨 丿 一 ㇄ 𠃌 丶 一 丶","㇀ 丶 𠃌 丨 丶 ㇄ 一 丿 一 丶"
"cnwstqi2095","primary","N","B","悯","悯","悯","㇀ 丶 丨 丶 𠃌 丶 丿 丶 丨 一","㇀ 丶 丨 丶 丨 𠃌 丶 一 丿 丶"
"cnwstqi2096","primary","N","B","悦","悦","悦","㇀ 丶 丿 丨 丨 𠃍 丿 丶 一 乚","㇀ 丶 丨 丶 丿 丨 𠃍 一 丿 乚"
"cnwstqi2097","primary","N","A","害","害","害","丶 ㇀ 乛 一 一 一 丨 丨 𠃍 一","丶 ㇀ 丨 一 乛 丨 一 一 𠃍 一"
"cnwstqi2098","primary","N","A","宽","宽","宽","丶 ㇀ 乛 一 丨 丨 丨 𠃍 丿 乚","丶 ㇀ 一 丨 乚 𠃍 丨 乛 丿 丨"
"cnwstqi2099","primary","N","A","家","家","家","丶 ㇀ 乛 一 丿 ㇁ 丿 丿 丿 ㇏","丶 ㇀ 乛 丿 丿 ㇁ 丿 ㇏ 丿 一"
"cnwstqi2100","primary","N","B","宵","宵","宵","丶 ㇀ 丨 𠃌 一 丿 乛 丶 丨 一","丶 ㇀ 乛 丨 丶 丿 丨 𠃌 一 一"
"cnwstqi2101","primary","N","A","宴","宴","宴","丶 ㇀ 乛 丨 𠃍 一 一 𡿨 丿 一","丶 ㇀ 丿 𠃍 一 一 丨 乛 一 𡿨"
"cnwstqi2102","primary","N","A","宾","宾","宾","丶 ㇀ 乛 丿 丨 一 丨 一 丿 丶","丶 ㇀ 乛 一 丿 丨 丶 一 丿 丨"
"cnwstqi2103","primary","N","A","窍","窍","窍","丶 ㇀ 乛 丿 丶 一 丨 ㇀ 一 ㇉","丶 ㇀ 丿 一 乛 一 ㇉ ㇀ 丨 丶"
"cnwstqi2104","primary","N","B","窄","窄","窄","丶 ㇀ 丶 丨 一 一 一 丿 乛 丿","丶 ㇀ 乛 丿 丶 丿 一 丨 一 一"
"cnwstqi2105","primary","N","A","容","容","容","丶 ㇀ 乛 丿 丶 丿 ㇏ 丨 𠃍 一","丶 ㇀ 丿 丶 丨 乛 丿 ㇏ 一 𠃍"
"cnwstqi2106","primary","N","B","宰","宰","宰","丶 ㇀ 丿 一 丶 丶 丨 一 一 乛","丶 ㇀ 乛 丶 一 丶 丿 一 一 丨"
"cnwstqi2107","primary","N","B","案","案","案","丶 ㇀ 丨 乛 一 ㇏ 丿 𡿨 一 丿","丶 ㇀ 乛 𡿨 丿 一 一 丨 丿 ㇏"
"cnwstqi2108","primary","N","A","请","请","请","丶 ㇊ 一 一 丨 一 丨 𠃌 一 一","丶 ㇊ 𠃌 一 丨 一 丨 一 一 一"
"cnwstqi2109","primary","N","B","朗","朗","朗","丶 𠃍 一 一 𠄌 𠃌 一 丶 丿 一","丶 𠃍 一 一 𠄌 丶 丿 𠃌 一 一"
"cnwstqi2110","primary","N","B","诸","诸","诸","丶 ㇊ 一 丨 一 丨 一 丿 一 𠃍","丶 ㇊ 一 丨 一 丿 丨 𠃍 一 一"
"cnwstqi2111","primary","N","A","诺","诺","诺","丶 ㇊ 一 丨 丨 一 丿 丨 𠃍 一","丶 ㇊ 一 丿 丨 丨 𠃍 一 一 丨"
"cnwstqi2112","primary","N","B","读","读","读","丶 ㇊ 丶 一 一 丶 丿 乛 丨 丶","丶 ㇊ 一 丨 乛 丶 丶 一 丿 丶"
"cnwstqi2113","primary","N","B","扇","扇","扇","丶 𠃍 一 𠃌 丿 丶 ㇀ 丶 𠃌 ㇀","丶 𠃍 一 丿 𠃌 丶 ㇀ 𠃌 丶 ㇀"
"cnwstqi2114","primary","N","A","诽","诽","诽","丶 ㇊ 丨 一 一 一 丨 一 一 一","丶 ㇊ 一 一 一 一 丨 丨 一 一"
"cnwstqi2115","primary","N","A","袜","袜","袜","丶 ㇇ 丨 丿 丶 一 一 丨 丿 ㇏","丶 ㇇ ㇏ 丿 丿 一 丶 丨 一 丨"
"cnwstqi2116","primary","N","B","袖","袖","袖","丶 ㇇ 丨 丨 丨 一 一 𠃍 丿 丶","丶 ㇇ 丨 丿 丶 丨 𠃍 一 丨 一"
"cnwstqi2117","primary","N","A","袍","袍","袍","丶 ㇇ 丨 丿 丶 丿 𠃌 𠃍 一 乚","丶 ㇇ 丿 丶 𠃌 𠃍 乚 丨 一 丿"
"cnwstqi2118","primary","N","B","被","被","被","丶 ㇇ 丶 ㇇ 乛 ㇏ 丨 丨 丿 丿","丶 ㇇ 丨 丿 丶 乛 丿 丨 ㇇ ㇏"
"cnwstqi2119","primary","N","A","祥","祥","祥","丶 ㇇ 丨 丶 丶 丿 一 一 一 丨","丶 ㇇ 丶 一 丨 一 一 丶 丿 丨"
"cnwstqi2120","primary","N","B","课","课","课","丶 ㇊ 丨 丨 一 ㇏ 丿 一 一 𠃍","丶 ㇊ 丨 𠃍 一 一 一 丨 丿 ㇏"
"cnwstqi2121","primary","N","A","冥","冥","冥","㇀ 乛 丨 𠃍 一 一 丶 一 丿 丶","㇀ 乛 丨 一 一 丿 𠃍 丶 丶 一"
"cnwstqi2122","primary","N","B","谁","谁","谁","丶 ㇊ 一 一 丿 丶 一 丨 一 丨","丶 ㇊ 丿 丨 丶 一 一 一 丨 一"
"cnwstqi2123","primary","N","B","调","调","调","丶 ㇊ 丨 𠃍 丨 丿 𠃌 一 一 一","丶 ㇊ 丿 𠃌 一 丨 一 丨 𠃍 一"
"cnwstqi2124","primary","N","A","冤","冤","冤","㇀ 乛 丿 ㇇ 丨 𠃍 一 丿 乚 丶","㇀ 乛 𠃍 丿 丿 ㇇ 丨 一 丶 乚"
"cnwstqi2125","primary","N","B","谅","谅","谅","丶 ㇊ 丿 丨 𠃍 丶 丶 一 一 亅","丶 ㇊ 丶 一 丨 𠃍 一 亅 丿 丶"
"cnwstqi2126","primary","N","B","谆","谆","谆","丶 ㇊ ㇇ 一 一 丨 一 丶 𠃍 亅","丶 ㇊ 丶 一 丨 𠃍 一 ㇇ 亅 一"
"cnwstqi2127","primary","N","B","谈","谈","谈","丶 ㇊ 丿 ㇀ 丿 ㇀ ㇏ 丿 丿 丶","丶 ㇊ ㇀ 丿 丿 丶 ㇀ 丿 丿 ㇏"
"cnwstqi2128","primary","N","A","谊","谊","谊","丶 ㇊ 丶 ㇀ 乛 丨 𠃍 一 一 一","丶 ㇊ 一 ㇀ 一 丶 𠃍 乛 一 丨"
"cnwstqi2129","primary","N","B","剥","剥","剥","𠃍 一 亅 ㇀ 丨 丶 亅 丿 一 丶","𠃍 一 一 亅 丶 ㇀ 丿 丶 丨 亅"
"cnwstqi2130","primary","N","B","恳","恳","恳","𠃍 一 ㇀ 一 𠄌 丶 丿 ㇏ ㇃ 丶","𠃍 一 一 𠄌 丿 ㇏ ㇀ ㇃ 丶 丶"
"cnwstqi2131","primary","N","A","展","展","展","𠃍 一 丿 一 丨 丨 一 𠄌 丿 ㇏","𠃍 一 一 丨 ㇏ 丿 𠄌 丨 一 丿"
"cnwstqi2132","primary","N","B","剧","剧","剧","𠃍 一 丨 一 丨 丿 亅 丨 𠃍 一","𠃍 一 丿 一 丨 丨 𠃍 一 丨 亅"
"cnwstqi2133","primary","N","A","屑","屑","屑","𠃍 一 丿 丨 丶 丿 丨 𠃌 一 一","𠃍 一 一 丨 丿 丨 𠃌 丿 一 丶"
"cnwstqi2134","primary","N","A","弱","弱","弱","𠃍 一 ㇉ 丶 ㇀ 𠃍 一 ㇉ 丶 ㇀","𠃍 一 ㇀ 丶 丶 一 ㇉ ㇉ ㇀ 𠃍"
"cnwstqi2135","primary","N","A","陵","陵","陵","㇌ 丨 一 丨 一 丿 丶 丿 ㇇ ㇏","㇌ 丨 ㇇ 一 ㇏ 丨 丿 丶 丿 一"
"cnwstqi2136","primary","N","A","祟","祟","祟","㇄ 丨 丨 ㇄ 丨 一 一 亅 丿 丶","㇄ 丨 丨 亅 一 丨 丶 丿 ㇄ 一"
"cnwstqi2137","primary","N","B","陶","陶","陶","㇌ 丨 丿 一 ㇄ 一 丿 𠃌 丨 丨","㇌ 丨 丿 𠃌 丿 一 一 丨 ㇄ 丨"
"cnwstqi2138","primary","N","B","陷","陷","陷","㇌ 丨 一 丿 丿 丨 𠃍 一 一 ㇇","㇌ 丨 丿 ㇇ 丿 丨 一 𠃍 一 一"
"cnwstqi2139","primary","N","B","陪","陪","陪","㇌ 丨 丿 𠃍 一 丨 丶 一 丶 一","㇌ 丨 丶 一 丶 丿 一 丨 𠃍 一"
"cnwstqi2140","primary","N","B","娱","娱","娱","𡿨 丿 一 𠃍 一 一 一 ㇏ 丨 丿","𡿨 丿 一 丨 𠃍 一 一 一 丿 ㇏"
"cnwstqi2141","primary","N","A","娟","娟","娟","𡿨 丿 一 丨 𠃍 一 丨 𠃌 一 一","𡿨 丿 一 丨 丨 一 一 一 𠃌 𠃍"
"cnwstqi2142","primary","N","A","恕","恕","恕","𡿨 丿 一 丨 𠃍 一 ㇀ ㇃ 丶 丶","𡿨 丿 ㇀ 𠃍 一 丨 丶 丶 一 ㇃"
"cnwstqi2143","primary","N","A","娥","娥","娥","𡿨 丿 一 丿 一 亅 ㇀ ㇂ 丿 丶","𡿨 丿 一 丿 ㇀ 亅 ㇂ 丿 丶 一"
"cnwstqi2144","primary","N","A","娘","娘","娘","𡿨 丿 一 丶 𠃍 一 一 𠄌 丿 ㇏","𡿨 丿 ㇏ 丿 一 𠄌 𠃍 一 丶 一"
"cnwstqi2145","primary","N","A","通","通","通","㇇ 丶 丨 𠃌 一 一 丨 丶 ㇋ ㇏","㇇ 丶 一 ㇋ 丨 ㇏ 一 丶 丨 𠃌"
"cnwstqi2146","primary","N","B","能","能","能","𠃋 丶 乚 乚 丿 丿 一 丨 𠃌 一","𠃋 丶 丨 𠃌 一 一 丿 乚 丿 乚"
"cnwstqi2147","primary","N","A","难","难","难","㇇ 丶 丿 丨 丶 一 一 一 丨 一","㇇ 丶 丿 一 一 一 一 丨 丶 丨"
"cnwstqi2148","primary","N","B","预","预","预","㇇ 丶 乛 丶 𠃍 亅 丨 一 丿 丿","㇇ 丶 乛 亅 一 丿 丨 𠃍 丿 丶"
"cnwstqi2149","primary","N","A","桑","桑","桑","㇇ 丶 ㇇ 丶 ㇇ 丶 一 丨 丿 ㇏","㇇ 丶 ㇇ 丿 丶 丶 ㇏ 一 丨 ㇇"
"cnwstqi2150","primary","N","B","绢","绢","绢","𠃋 𠃋 丨 一 丨 𠃍 ㇀ 一 一 𠃌","𠃋 𠃋 ㇀ 丨 𠃍 一 丨 𠃌 一 一"
"cnwstqi2151","primary","N","A","绣","绣","绣","𠃋 𠃋 ㇀ 丿 一 丨 丿 ㇏ 𠄎 丿","𠃋 𠃋 丿 ㇀ 𠄎 一 丿 ㇏ 丿 丨"
"cnwstqi2152","primary","N","B","验","验","验","𠃍 ㇉ ㇀ 丿 一 ㇏ 丶 丶 丿 一","𠃍 ㇉ ㇀ 丿 ㇏ 一 丶 丶 丿 一"
"cnwstqi2153","primary","N","B","继","继","继","𠃋 𠃋 丶 丿 ㇀ 丶 ㇄ 丨 一 丿","𠃋 𠃋 ㇀ 丶 丿 一 丨 丿 丶 ㇄"
"cnwstqi2154","primary","N","A","骏","骏","骏","𠃍 ㇉ ㇀ 𠃋 丶 丿 丶 丿 ㇇ ㇏","𠃍 ㇉ 丿 丶 丿 丶 ㇇ ㇀ ㇏ 𠃋"
"cnwstqi2155","primary","N","B","球","球","球","一 一 一 亅 ㇀ ㇀ ㇏ 丶 丿 丨 丶","一 一 丨 ㇀ 一 亅 丶 ㇀ 丿 ㇏ 丶"
"cnwstqi2156","primary","N","A","琐","琐","琐","一 一 丨 ㇀ 丨 丶 丿 丨 𠃍 丿 丶","一 一 丨 丿 丨 𠃍 丿 丶 ㇀ 丨 丶"
"cnwstqi2157","primary","N","A","理","理","理","一 一 丨 ㇀ 丨 𠃍 一 一 丨 一 一","一 一 一 丨 一 一 一 丨 丨 𠃍 ㇀"
"cnwstqi2158","primary","N","A","琉","琉","琉","一 一 丨 ㇀ 丶 一 𠃋 丶 丿 丨 乚","一 一 丶 丨 丿 丨 丶 乚 ㇀ 𠃋 一"
"cnwstqi2159","primary","N","B","琅","琅","琅","一 一 一 丿 一 𠃍 丶 𠄌 丨 ㇏ ㇀","一 一 丨 ㇀ 丶 𠃍 一 一 𠄌 丿 ㇏"
"cnwstqi2160","primary","N","B","捧","捧","捧","一 亅 一 ㇏ 一 ㇀ 一 一 丿 一 丨","一 亅 ㇀ 一 一 一 丿 ㇏ 一 一 丨"
"cnwstqi2161","primary","N","A","堵","堵","堵","一 丨 ㇀ 一 丨 一 丿 丨 𠃍 一 一","一 丨 一 丨 一 ㇀ 丨 一 𠃍 丿 一"
"cnwstqi2162","primary","N","A","措","措","措","一 亅 ㇀ 一 丨 丨 一 丨 𠃍 一 一","一 亅 丨 𠃍 一 丨 一 丨 一 一 ㇀"
"cnwstqi2163","primary","N","A","描","描","描","一 亅 ㇀ 一 丨 丨 丨 𠃍 一 丨 一","一 亅 丨 𠃍 一 一 ㇀ 丨 丨 一 丨"
"cnwstqi2164","primary","N","A","域","域","域","一 丨 ㇀ 一 丨 𠃍 一 ㇀ ㇂ 丿 丶","一 丨 𠃍 一 丶 ㇂ ㇀ 一 丨 ㇀ 丿"
"cnwstqi2165","primary","N","B","捺","捺","捺","一 亅 一 丶 ㇀ ㇏ 亅 丿 一 丿 一","一 亅 ㇀ 一 丿 ㇏ 一 一 亅 丿 丶"
"cnwstqi2166","primary","N","A","掩","掩","掩","一 亅 ㇀ 一 丿 ㇏ 丨 𠃍 一 一 乚","一 亅 ㇀ 乚 丿 丨 ㇏ 一 𠃍 一 一"
"cnwstqi2167","primary","N","B","捷","捷","捷","一 亅 一 𠃍 丨 ㇏ ㇀ 一 丿 一 一","一 亅 ㇀ 一 𠃍 一 一 丨 一 丿 ㇏"
"cnwstqi2168","primary","N","A","排","排","排","一 亅 ㇀ 丨 一 一 一 丨 一 一 一","一 亅 丨 一 一 一 一 丨 一 ㇀ 一"
"cnwstqi2169","primary","N","A","焉","焉","焉","一 丨 一 丨 一 一 ㇉ ㇀ 丶 丶 丶","一 丨 丶 ㇀ 一 一 丨 一 ㇉ 丶 丶"
"cnwstqi2170","primary","N","A","掉","掉","掉","一 亅 ㇀ 丨 一 丨 𠃍 一 一 一 丨","一 亅 丨 𠃍 一 一 一 丨 丨 ㇀ 一"
"cnwstqi2171","primary","N","B","捶","捶","捶","一 亅 丨 丨 一 丨 丿 一 一 一 ㇀","一 亅 ㇀ 丿 一 丨 一 丨 丨 一 一"
"cnwstqi2172","primary","N","B","赦","赦","赦","一 丨 丶 丿 丿 丿 一 一 ㇏ 丿 亅","一 丨 一 丿 亅 丿 丶 丿 一 丿 ㇏"
"cnwstqi2173","primary","N","A","堆","堆","堆","一 丨 ㇀ 丿 丨 丶 一 一 一 丨 一","一 丨 一 丨 一 丿 一 丶 ㇀ 一 丨"
"cnwstqi2174","primary","N","B","推","推","推","一 亅 一 丿 一 一 丶 丨 一 丨 ㇀","一 亅 ㇀ 丿 丨 丶 一 一 一 丨 一"
"cnwstqi2175","primary","N","A","埠","埠","埠","一 丨 ㇀ 丿 丨 𠃍 一 𠃍 一 一 丨","一 丨 一 一 丨 一 丨 丿 𠃍 𠃍 ㇀"
"cnwstqi2176","primary","N","B","掀","掀","掀","一 亅 丿 丨 ㇀ 丿 丿 乛 ㇏ 丿 一","一 亅 ㇀ 丿 丿 一 丨 丿 乛 丿 ㇏"
"cnwstqi2177","primary","N","A","授","授","授","一 亅 ㇀ 丿 丶 丶 丿 ㇀ 乛 ㇇ ㇏","一 亅 ㇏ 丿 ㇀ 丶 丿 ㇇ ㇀ 丶 乛"
"cnwstqi2178","primary","N","B","捻","捻","捻","一 亅 丶 ㇀ ㇇ ㇃ ㇏ 丶 ㇀ 丿 丶","一 亅 ㇀ 丿 ㇏ 丶 ㇇ ㇀ ㇃ 丶 丶"
"cnwstqi2179","primary","N","A","教","教","教","一 丨 一 丿 ㇇ 亅 ㇀ 丿 一 丿 ㇏","一 丨 一 丿 丿 亅 ㇀ ㇇ 一 丿 ㇏"
"cnwstqi2180","primary","N","B","掏","掏","掏","一 亅 一 ㇄ 丿 一 丿 丨 ㇀ 丨 𠃌","一 亅 ㇀ 丿 𠃌 丿 一 一 丨 ㇄ 丨"
"cnwstqi2181","primary","N","A","掐","掐","掐","一 亅 ㇀ 丿 ㇇ 丿 丨 一 𠃍 一 一","一 亅 丨 一 ㇇ 丿 ㇀ 一 丿 一 𠃍"
"cnwstqi2182","primary","N","A","掠","掠","掠","一 亅 ㇀ 丶 一 丨 𠃍 一 亅 丿 丶","一 亅 一 ㇀ 丿 𠃍 丶 丨 一 丶 亅"
"cnwstqi2183","primary","N","A","掂","掂","掂","一 亅 ㇀ 丶 一 丿 丨 一 丨 𠃍 一","一 亅 一 丨 ㇀ 丨 一 一 丿 𠃍 丶"
"cnwstqi2184","primary","N","B","培","培","培","一 丨 丶 一 丶 一 一 ㇀ 𠃍 丨 丿","一 丨 ㇀ 丶 一 丶 丿 一 丨 𠃍 一"
"cnwstqi2185","primary","N","B","接","接","接","一 亅 丿 一 一 丿 丶 ㇀ 丶 𡿨 一","一 亅 ㇀ 丶 一 丶 丿 一 𡿨 丿 一"
"cnwstqi2186","primary","N","B","掷","掷","掷","一 亅 ㇀ 丨 丿 丶 丿 一 ㇌ 丶 一","一 亅 ㇀ 丶 丿 一 一 丿 丶 ㇌ 丨"
"cnwstqi2187","primary","N","B","控","控","控","一 亅 一 一 丶 ㇀ 丶 ㇀ 丨 丿 乛","一 亅 ㇀ 丶 ㇀ 乛 丿 丶 一 丨 一"
"cnwstqi2188","primary","N","A","探","探","探","一 亅 ㇀ ㇀ 乛 丿 丶 一 丨 丿 ㇏","一 亅 一 丿 乛 ㇏ ㇀ 丿 ㇀ 丨 丶"
"cnwstqi2189","primary","N","A","据","据","据","一 亅 ㇀ 𠃍 一 丿 一 丨 丨 𠃍 一","一 亅 丿 一 一 𠃍 一 𠃍 丨 ㇀ 丨"
"cnwstqi2190","primary","N","A","掘","掘","掘","一 亅 ㇀ 𠃍 一 丿 ㇄ 丨 丨 ㇄ 丨","一 亅 𠃍 丨 一 ㇄ 丨 ㇀ 丨 ㇄ 丿"
"cnwstqi2191","primary","N","A","掺","掺","掺","一 亅 ㇀ 𠃋 丶 一 丿 ㇏ 丿 丿 丿","一 亅 丿 丿 丿 ㇀ 丿 ㇏ 丶 一 𠃋"
"cnwstqi2192","primary","N","B","职","职","职","一 丨 丨 丨 一 丿 一 ㇀ 一 丶 𠃍","一 丨 丨 一 一 ㇀ 丨 𠃍 一 丿 丶"
"cnwstqi2193","primary","N","B","基","基","基","一 丨 一 一 丨 丨 丿 ㇏ 一 一 一","一 丨 丨 一 一 一 丿 ㇏ 一 丨 一"
"cnwstqi2194","primary","N","B","聆","聆","聆","一 丨 ㇀ 丶 ㇏ 丨 一 一 丿 丶 ㇇","一 丨 丨 一 一 ㇀ 丿 ㇏ 丶 ㇇ 丶"
"cnwstqi2195","primary","N","A","勘","勘","勘","一 丨 丨 一 一 一 丿 丶 ㇄ 𠃌 丿","一 丨 𠃌 丶 一 一 丿 ㇄ 丿 一 丨"
"cnwstqi2196","primary","N","A","聊","聊","聊","一 丨 丨 一 一 ㇀ 丿 𠄌 丿 𠃌 丨","一 丨 一 ㇀ 一 丿 𠄌 𠃌 丿 丨 丨"
"cnwstqi2197","primary","N","B","娶","娶","娶","一 丨 丿 一 一 丨 ㇏ 一 ㇀ ㇇ 𡿨","一 丨 丨 一 一 ㇀ ㇇ ㇏ 𡿨 丿 一"
"cnwstqi2198","primary","N","B","著","著","著","一 丨 丿 丨 一 𠃍 一 一 一 丨 丨","一 丨 丨 一 丨 一 丿 丨 𠃍 一 一"
"cnwstqi2199","primary","N","A","菱","菱","菱","一 丨 丨 一 丨 一 丿 丶 丿 ㇇ ㇏","一 丨 丨 ㇇ 丨 丶 丿 一 ㇏ 丿 一"
"cnwstqi2200","primary","N","A","勒","勒","勒","一 丨 丨 一 丨 𠃍 一 一 丨 𠃌 丿","一 丨 丨 丨 丿 一 一 丨 𠃍 一 𠃌"
"cnwstqi2201","primary","N","A","黄","黄","黄","一 丨 丨 一 丨 𠃍 一 丨 一 丿 丶","一 丨 丨 一 丶 丨 丿 𠃍 一 丨 一"
"cnwstqi2202","primary","N","A","菲","菲","菲","一 丨 丨 丨 一 一 一 丨 一 一 一","一 丨 一 一 一 丨 丨 一 一 一 丨"
"cnwstqi2203","primary","N","B","萌","萌","萌","一 丨 一 丨 𠃍 丿 𠃌 丨 一 一 一","一 丨 丨 丨 𠃍 一 一 丿 𠃌 一 一"
"cnwstqi2204","primary","N","A","萝","萝","萝","一 丨 丨 丨 𠃍 丨 丨 一 丿 ㇇ 丶","一 丨 丿 丨 𠃍 丨 丶 一 丨 丨 ㇇"
"cnwstqi2205","primary","N","B","菌","菌","菌","一 丨 丿 一 丿 丨 丨 一 丶 𠃍 丨","一 丨 丨 丨 𠃍 丿 一 丨 丿 丶 一"
"cnwstqi2206","primary","N","A","萎","萎","萎","一 丨 丨 丿 一 丨 丿 ㇏ 𡿨 丿 一","一 丨 ㇏ 一 𡿨 丿 丿 丨 一 丨 丿"
"cnwstqi2207","primary","N","B","菜","菜","菜","一 丨 丨 丿 丨 ㇏ 丿 丶 丶 一 丿","一 丨 丨 丿 丶 丶 丿 一 丨 丿 ㇏"
"cnwstqi2208","primary","N","A","萄","萄","萄","一 丨 丨 丿 𠃌 丿 一 一 丨 ㇄ 丨","一 丨 ㇄ 丨 一 一 丿 𠃌 丨 丨 丿"
"cnwstqi2209","primary","N","A","菊","菊","菊","一 丨 丨 丿 𠃌 丶 丿 一 丨 丿 丶","一 丨 丨 丨 丶 丿 𠃌 丿 丶 一 丿"
"cnwstqi2210","primary","N","A","菩","菩","菩","一 丨 丨 丶 一 丶 丿 一 丨 𠃍 一","一 丨 𠃍 一 丶 丿 丨 丨 一 一 丶"
"cnwstqi2211","primary","N","B","萍","萍","萍","一 丨 丨 丨 一 一 丶 丶 丶 丿 ㇀","一 丨 丨 丶 丶 ㇀ 一 丶 丿 一 丨"
"cnwstqi2212","primary","N","B","菠","菠","菠","一 丨 乛 乛 丨 丶 丨 丿 丶 ㇏ ㇀","一 丨 丨 丶 丶 ㇀ 乛 丿 丨 乛 ㇏"
"cnwstqi2213","primary","N","A","萤","萤","萤","一 丨 丨 ㇀ 乛 丨 𠃍 一 丨 一 丶","一 丨 ㇀ 乛 丨 一 丶 丨 𠃍 一 丨"
"cnwstqi2214","primary","N","B","营","营","营","一 丨 丨 𠃍 丨 𠃍 一 一 丨 乛 ㇀","一 丨 丨 ㇀ 乛 丨 𠃍 一 丨 𠃍 一"
"cnwstqi2215","primary","N","B","乾","乾","乾","一 丨 一 丿 一 丨 一 丨 ⺄ 𠃍 一","一 丨 丨 𠃍 一 一 一 丨 丿 一 ⺄"
"cnwstqi2216","primary","N","B","萧","萧","萧","一 丨 𠃍 丿 一 丿 丨 丨 丶 丨 一","一 丨 丨 𠃍 一 一 丨 丿 丨 丿 丶"
"cnwstqi2217","primary","N","A","萨","萨","萨","一 丨 丨 ㇌ 丨 丶 一 丶 丿 一 丿","一 丨 丶 丨 丿 ㇌ 丨 一 丶 丿 一"
"cnwstqi2218","primary","N","A","菇","菇","菇","一 丨 丨 𡿨 丿 一 一 丨 丨 𠃍 一","一 丨 一 丨 一 𡿨 丨 一 丿 丨 𠃍"
"cnwstqi2219","primary","N","B","械","械","械","一 丨 丶 丿 丨 丶 丿 ㇂ 一 一 丿","一 丨 丿 丶 一 一 丿 丨 ㇂ 丿 丶"
"cnwstqi2220","primary","N","B","彬","彬","彬","一 丨 一 丿 丶 丿 丿 丨 丿 丶 丿","一 丨 丿 丶 一 丨 丿 丶 丿 丿 丿"
"cnwstqi2221","primary","N","B","梦","梦","梦","一 丨 丶 ㇇ ㇏ 丶 一 丿 丿 丿 丨","一 丨 丿 丶 一 丨 丿 ㇏ 丿 ㇇ 丶"
"cnwstqi2222","primary","N","B","婪","婪","婪","一 丨 ㇏ 一 丶 一 𡿨 丨 丿 丿 丿","一 丨 丿 丶 一 丨 丿 ㇏ 𡿨 丿 一"
"cnwstqi2223","primary","N","A","梗","梗","梗","一 丨 丿 丶 一 丨 𠃍 一 一 丿 ㇏","一 丨 一 丿 丿 一 ㇏ 丨 𠃍 丶 一"
"cnwstqi2224","primary","N","B","梧","梧","梧","一 丨 𠃍 丿 一 丨 丶 丨 一 𠃍 一","一 丨 丿 丶 一 丨 𠃍 一 丨 𠃍 一"
"cnwstqi2225","primary","N","B","梢","梢","梢","一 丨 丶 丿 丿 丶 一 丨 丨 一 𠃌","一 丨 丿 丶 丨 丶 丿 丨 𠃌 一 一"
"cnwstqi2226","primary","N","B","梅","梅","梅","一 丨 丿 丶 丶 丿 ㇄ 一 𠃌 丶 一","一 丨 丿 丶 丿 一 ㇄ 𠃌 丶 一 丶"
"cnwstqi2227","primary","N","A","检","检","检","一 丨 丿 丶 丿 ㇏ 一 丶 丶 丿 一","一 丨 丶 ㇏ 丶 一 丿 丶 一 丿 丿"
"cnwstqi2228","primary","N","A","梳","梳","梳","一 丨 丿 丶 丶 一 𠃋 丶 丿 丨 乚","一 丨 丿 乚 丿 丨 丶 丶 一 丶 𠃋"
"cnwstqi2229","primary","N","B","梯","梯","梯","一 丨 𠃍 丨 一 丶 ㇉ 丶 丿 丿 丿","一 丨 丿 丶 丶 丿 𠃍 一 ㇉ 丨 丿"
"cnwstqi2230","primary","N","B","桶","桶","桶","一 丨 丶 ㇇ 丶 丨 丨 一 一 丿 𠃌","一 丨 丿 丶 ㇇ 丶 丨 𠃌 一 一 丨"
"cnwstqi2231","primary","N","A","梭","梭","梭","一 丨 丿 丶 𠃋 丶 丿 丶 丿 ㇇ ㇏","一 丨 丿 丿 丶 𠃋 ㇏ 丿 丶 丶 ㇇"
"cnwstqi2232","primary","N","A","救","救","救","一 亅 丶 ㇀ 丿 丶 丶 丿 一 丿 ㇏","一 亅 丿 丿 丶 丿 丶 一 ㇏ 丶 ㇀"
"cnwstqi2233","primary","N","B","曹","曹","曹","一 丨 一 丨 一 一 丨 𠃍 丨 𠃍 一","一 丨 𠃍 一 丨 丨 一 丨 𠃍 一 一"
"cnwstqi2234","primary","N","A","副","副","副","一 丨 𠃍 一 丨 𠃍 一 丨 一 丨 亅","一 丨 一 𠃍 丨 𠃍 一 一 丨 丨 亅"
"cnwstqi2235","primary","N","B","票","票","票","一 丨 一 丶 𠃍 一 丿 丨 丨 一 亅","一 丨 𠃍 丨 丨 一 一 一 亅 丿 丶"
"cnwstqi2236","primary","N","A","酝","酝","酝","一 丨 𠃍 丿 ㇄ 一 一 一 一 𠃋 丶","一 丨 丿 一 ㇄ 丶 一 𠃋 一 一 𠃍"
"cnwstqi2237","primary","N","B","酗","酗","酗","一 丨 ㇄ 丶 ㇄ 𠃍 丨 丿 丿 一 一","一 丨 𠃍 丿 ㇄ 一 一 丿 丶 ㇄ 丨"
"cnwstqi2238","primary","N","A","厢","厢","厢","一 丿 一 丨 丿 丶 丨 𠃍 一 一 一","一 丿 𠃍 一 一 一 丿 丨 丨 一 丶"
"cnwstqi2239","primary","N","A","戚","戚","戚","一 丿 丨 一 一 亅 丿 丶 ㇂ 丿 丶","一 丿 一 丿 亅 丶 丨 丶 丿 ㇂ 一"
"cnwstqi2240","primary","N","A","硅","硅","硅","一 丿 丨 𠃍 一 一 丨 一 一 丨 一","一 丿 𠃍 丨 丨 一 一 丨 一 一 一"
"cnwstqi2241","primary","N","B","硕","硕","硕","一 丿 丿 一 丨 𠃍 一 丨 丶 𠃍 丿","一 丿 丨 𠃍 一 一 丿 丨 𠃍 丿 丶"
"cnwstqi2242","primary","N","A","奢","奢","奢","一 丿 ㇏ 一 丨 一 丿 丨 𠃍 一 一","一 丿 一 𠃍 一 丨 丿 一 ㇏ 丨 一"
"cnwstqi2243","primary","N","B","盔","盔","盔","一 丿 ㇀ ㇏ 丨 丿 一 丿 丨 𠃍 丨","一 丿 ㇀ 丿 丿 ㇏ 丨 𠃍 丨 丨 一"
"cnwstqi2244","primary","N","B","爽","爽","爽","一 丿 丶 ㇏ 丶 丿 丿 丶 丿 丿 丶","一 丿 丶 丿 丶 丿 丶 丿 丶 丿 ㇏"
"cnwstqi2245","primary","N","B","聋","聋","聋","一 丿 一 乚 一 丨 丿 丨 丶 一 一","一 丿 乚 丿 丶 一 丨 丨 一 一 一"
"cnwstqi2246","primary","N","A","袭","袭","袭","一 丿 乚 丿 丶 丶 一 丿 𠄌 丿 ㇏","一 丿 丿 一 ㇏ 乚 丶 丶 𠄌 丿 丿"
"cnwstqi2247","primary","N","A","盛","盛","盛","一 丿 𠃌 ㇂ 丿 丶 丨 𠃍 丨 丨 一","一 丿 丨 丨 丶 丨 ㇂ 丿 𠃌 一 𠃍"
"cnwstqi2248","primary","N","A","匾","匾","匾","一 丶 𠃍 一 丿 丨 𠃌 一 丨 丨 ㇄","一 丶 丨 一 丨 丨 一 丿 𠃌 𠃍 ㇄"
"cnwstqi2249","primary","N","B","雪","雪","雪","一 ㇀ 丶 𠃍 丨 一 丶 乛 一 丶 丶","一 ㇀ 乛 丨 丶 丶 丶 丶 𠃍 一 一"
"cnwstqi2250","primary","N","B","辅","辅","辅","一 𠃋 丨 丨 丨 一 丶 一 ㇀ 𠃌 一","一 𠃋 丨 ㇀ 一 丨 𠃌 一 一 丨 丶"
"cnwstqi2251","primary","N","B","辆","辆","辆","一 𠃋 ㇀ 𠃌 丶 丨 一 丶 丿 丨 丿","一 𠃋 丨 ㇀ 一 丨 𠃌 丿 丶 丿 丶"
"cnwstqi2252","primary","N","A","颅","颅","颅","丨 一 𠃍 一 丿 一 丿 丨 𠃍 丿 丶","丨 一 丿 丶 一 𠃍 丿 𠃍 丨 一 丿"
"cnwstqi2253","primary","N","B","虚","虚","虚","丨 一 丨 丶 一 乚 乛 丿 一 丿 丨","丨 一 乛 丿 一 乚 丨 丨 丶 丿 一"
"cnwstqi2254","primary","N","A","彪","彪","彪","丨 一 乛 丿 一 乚 丿 ⺄ 丿 丿 丿","丨 一 丿 一 丿 乚 丿 丿 ⺄ 乛 丿"
"cnwstqi2255","primary","N","B","雀","雀","雀","丨 丿 一 丶 丨 丿 丶 一 一 丨 一","丨 丿 丶 丿 丨 丶 一 一 一 丨 一"
"cnwstqi2256","primary","N","B","堂","堂","堂","丨 丶 乛 丨 丿 ㇀ 一 一 一 丨 𠃍","丨 丶 丿 ㇀ 乛 丨 𠃍 一 一 丨 一"
"cnwstqi2257","primary","N","A","常","常","常","丨 丶 丿 ㇀ 乛 丨 𠃍 一 丨 𠃌 丨","丨 丶 ㇀ 丿 丨 乛 𠃌 丨 一 𠃍 丨"
"cnwstqi2258","primary","N","A","眶","眶","眶","丨 𠃍 一 一 一 一 一 一 丨 一 ㇄","丨 𠃍 一 一 一 丨 一 一 ㇄ 一 一"
"cnwstqi2259","primary","N","A","匙","匙","匙","丨 𠃍 一 一 一 丨 一 丿 ㇏ 丿 乚","丨 𠃍 一 丨 丿 一 一 一 乚 ㇏ 丿"
"cnwstqi2260","primary","N","A","晨","晨","晨","丨 𠃍 一 一 一 丿 一 一 𠄌 丿 ㇏","丨 𠃍 一 一 丿 ㇏ 一 一 一 丿 𠄌"
"cnwstqi2261","primary","N","B","睁","睁","睁","丨 𠃍 一 亅 ㇇ 一 一 丿 𠃍 一 一","丨 𠃍 一 一 一 丿 ㇇ 𠃍 一 一 亅"
"cnwstqi2262","primary","N","B","眯","眯","眯","丨 𠃍 一 一 丿 丶 丿 一 ㇏ 丨 一","丨 𠃍 一 一 一 丶 丿 一 丨 丿 ㇏"
"cnwstqi2263","primary","N","B","眼","眼","眼","丨 𠃍 一 ㇏ 一 一 一 丿 𠃍 一 𠄌","丨 𠃍 一 一 一 𠃍 一 一 𠄌 丿 ㇏"
"cnwstqi2264","primary","N","A","悬","悬","悬","丨 𠃍 一 一 一 𠃋 丶 ㇀ ㇃ 丶 丶","丨 𠃍 ㇃ 丶 一 丶 一 𠃋 一 丶 ㇀"
"cnwstqi2265","primary","N","A","野","野","野","丨 𠃍 一 一 丨 一 ㇀ ㇇ 丶 乛 亅","丨 𠃍 一 一 ㇀ 亅 乛 丨 丶 一 ㇇"
"cnwstqi2266","primary","N","B","啪","啪","啪","丨 𠃍 一 丨 一 ㇀ 𠃍 丿 亅 一 一","丨 𠃍 一 一 亅 ㇀ 丿 丨 𠃍 一 一"
"cnwstqi2267","primary","N","A","啦","啦","啦","丨 𠃍 一 一 亅 ㇀ 丶 一 丶 丿 一","丨 𠃍 一 一 ㇀ 丶 丶 丿 亅 一 一"
"cnwstqi2268","primary","N","A","曼","曼","曼","丨 𠃍 一 一 丨 𠃍 丨 丨 一 ㇇ ㇏","丨 𠃍 ㇇ 丨 丨 一 丨 𠃍 ㇏ 一 一"
"cnwstqi2269","primary","N","B","晦","晦","晦","丨 𠃍 一 一 丶 丶 ㇄ 丿 一 𠃌 一","丨 𠃍 一 一 丿 一 ㇄ 𠃌 丶 一 丶"
"cnwstqi2270","primary","N","A","晚","晚","晚","丨 𠃍 一 一 丿 ㇇ 丨 𠃍 一 丿 乚","丨 𠃍 一 丿 ㇇ 乚 𠃍 一 丨 一 丿"
"cnwstqi2271","primary","N","B","啄","啄","啄","丨 𠃍 ㇏ 一 丿 丿 丿 一 丶 丿 ㇁","丨 𠃍 一 一 丿 ㇁ 丿 丿 丶 丿 ㇏"
"cnwstqi2272","primary","N","A","啡","啡","啡","丨 𠃍 一 丨 一 一 一 丨 一 一 一","丨 𠃍 丨 一 一 一 丨 一 一 一 一"
"cnwstqi2273","primary","N","A","距","距","距","丨 𠃍 一 丨 一 丨 ㇀ 一 𠃍 一 ㇄","丨 𠃍 一 丨 ㇀ 一 ㇄ 丨 一 一 𠃍"
"cnwstqi2274","primary","N","B","趾","趾","趾","丨 𠃍 丨 丨 一 一 丨 丨 一 ㇀ 一","丨 𠃍 一 丨 一 丨 ㇀ 丨 一 丨 一"
"cnwstqi2275","primary","N","A","啃","啃","啃","丨 𠃍 一 丨 一 丨 一 丨 𠃌 一 一","丨 𠃍 一 丨 一 一 一 丨 𠃌 丨 一"
"cnwstqi2276","primary","N","B","跃","跃","跃","丨 𠃍 丿 丿 一 一 丨 丨 一 ㇀ ㇏","丨 𠃍 一 丨 一 丨 ㇀ 丿 一 丿 ㇏"
"cnwstqi2277","primary","N","B","略","略","略","丨 𠃍 ㇇ 一 𠃍 丿 ㇏ 一 一 丨 丨","丨 𠃍 一 丨 一 丿 ㇇ ㇏ 丨 𠃍 一"
"cnwstqi2278","primary","N","B","蚯","蚯","蚯","丨 𠃍 丿 一 一 一 丨 一 丨 丨 丶","丨 𠃍 一 丨 一 丶 丿 丨 一 丨 一"
"cnwstqi2279","primary","N","B","蛀","蛀","蛀","丨 𠃍 丶 丨 一 丶 丨 一 一 一 一","丨 𠃍 一 丨 一 丶 丶 一 一 丨 一"
"cnwstqi2280","primary","N","A","蛇","蛇","蛇","丨 𠃍 一 丨 一 丶 丶 ㇀ 乛 丿 乚","丨 𠃍 一 丿 丨 丶 丶 ㇀ 一 乛 乚"
"cnwstqi2281","primary","N","B","唬","唬","唬","丨 𠃍 一 丨 丿 一 乚 丿 一 乛 ⺄","丨 𠃍 一 丨 一 乛 丿 一 乚 丿 ⺄"
"cnwstqi2282","primary","N","B","累","累","累","丨 𠃍 丶 一 丶 一 𠃋 𠃋 丿 丨 亅","丨 𠃍 一 丨 一 𠃋 𠃋 丶 亅 丿 丶"
"cnwstqi2283","primary","N","B","鄂","鄂","鄂","丨 𠃍 一 ㇌ 丨 𠃍 丨 ㇉ 一 一 一","丨 𠃍 一 丨 𠃍 一 一 一 ㇉ ㇌ 丨"
"cnwstqi2284","primary","N","A","唱","唱","唱","丨 𠃍 一 丨 𠃍 一 一 丨 𠃍 一 一","丨 𠃍 𠃍 𠃍 一 一 一 丨 一 一 丨"
"cnwstqi2285","primary","N","A","患","患","患","丨 𠃍 一 丨 𠃍 一 丨 ㇀ ㇃ 丶 丶","丨 𠃍 ㇃ 丨 一 一 𠃍 丨 ㇀ 丶 丶"
"cnwstqi2286","primary","N","A","啰","啰","啰","丨 𠃍 一 丨 𠃍 丨 丨 一 丿 ㇇ 丶","丨 𠃍 一 𠃍 丿 丨 丶 一 丨 ㇇ 丨"
"cnwstqi2287","primary","N","B","唾","唾","唾","丨 𠃍 一 一 一 一 一 丿 丨 丨 丨","丨 𠃍 一 丿 一 丨 一 丨 丨 一 一"
"cnwstqi2288","primary","N","A","唯","唯","唯","丨 𠃍 一 丿 丨 丶 一 一 一 丨 一","丨 𠃍 丿 丨 一 一 丨 丶 一 一 一"
"cnwstqi2289","primary","N","A","啤","啤","啤","丨 𠃍 一 丿 丨 𠃍 一 一 丿 一 丨","丨 𠃍 一 一 一 一 丿 𠃍 丨 丨 丿"
"cnwstqi2290","primary","N","A","啥","啥","啥","丨 𠃍 一 丿 ㇏ 一 一 丨 丨 𠃍 一","丨 𠃍 一 丨 一 𠃍 ㇏ 一 一 丨 丿"
"cnwstqi2291","primary","N","B","啸","啸","啸","丨 𠃍 丿 丨 一 丨 丶 丿 一 一 𠃍","丨 𠃍 一 𠃍 一 一 丨 丿 丨 丿 丶"
"cnwstqi2292","primary","N","A","崖","崖","崖","丨 ㇄ 丨 一 丿 一 丨 一 一 丨 一","丨 ㇄ 一 丨 一 丨 丿 一 丨 一 一"
"cnwstqi2293","primary","N","B","崎","崎","崎","丨 ㇄ 丿 一 丶 亅 一 丨 一 𠃍 丨","丨 ㇄ 丨 一 丿 丶 一 丨 𠃍 一 亅"
"cnwstqi2294","primary","N","B","崭","崭","崭","丨 ㇄ 丨 𠃋 丿 一 丨 一 丨 丿 ㇀","丨 ㇄ 丨 一 𠃋 丨 ㇀ 丿 丿 一 丨"
"cnwstqi2295","primary","N","A","逻","逻","逻","丨 𠃍 丨 丨 一 丿 ㇇ 丶 丶 ㇋ ㇏","丨 𠃍 ㇋ 丶 ㇏ 丨 丶 ㇇ 一 丨 丿"
"cnwstqi2296","primary","N","B","崔","崔","崔","丨 ㇄ 一 丨 一 丿 丶 丨 一 一 丨","丨 ㇄ 丨 丿 丨 丶 一 一 一 丨 一"
"cnwstqi2297","primary","N","B","帷","帷","帷","丨 𠃌 一 一 丨 丨 丿 丶 一 丨 一","丨 𠃌 丨 丿 丨 丶 一 一 一 丨 一"
"cnwstqi2298","primary","N","B","崩","崩","崩","丨 ㇄ 𠃌 丿 一 丨 一 一 丿 一 𠃌","丨 ㇄ 丨 丿 𠃌 一 一 丿 𠃌 一 一"
"cnwstqi2299","primary","N","B","崇","崇","崇","丨 ㇄ 丶 丿 亅 乛 丨 ㇀ 一 丶 一","丨 ㇄ 丨 丶 ㇀ 乛 一 一 亅 丿 丶"
"cnwstqi2300","primary","N","A","崛","崛","崛","丨 ㇄ 丨 𠃍 一 丿 ㇄ 丨 丨 ㇄ 丨","丨 ㇄ 一 丨 ㇄ 丨 𠃍 丿 丨 ㇄ 丨"
"cnwstqi2301","primary","N","A","婴","婴","婴","丨 𠃍 丿 丶 丨 𠃍 丿 丶 𡿨 丿 一","丨 𠃍 丶 丶 丿 丨 𠃍 𡿨 一 丿 丿"
"cnwstqi2302","primary","N","B","圈","圈","圈","丨 𠃍 乚 𠃌 一 ㇏ 一 一 丶 丿 丿","丨 𠃍 丶 丿 一 一 丿 ㇏ 𠃌 乚 一"
"cnwstqi2303","primary","N","A","铐","铐","铐","丿 一 一 一 𠄌 一 丨 一 丿 一 ㇉","丿 一 一 一 丨 一 一 𠄌 丿 一 ㇉"
"cnwstqi2304","primary","N","B","铛","铛","铛","丿 一 丶 一 一 一 丨 𠄌 一 𠃍 丿","丿 一 一 一 𠄌 丨 丶 丿 𠃍 一 一"
"cnwstqi2305","primary","N","A","铝","铝","铝","丿 一 一 一 𠄌 丨 𠃍 一 丨 𠃍 一","丿 一 𠄌 一 一 丨 𠃍 一 丨 一 𠃍"
"cnwstqi2306","primary","N","B","铜","铜","铜","丿 一 一 丨 𠃌 一 一 𠃍 一 𠄌 丨","丿 一 一 一 𠄌 丨 𠃌 一 丨 𠃍 一"
"cnwstqi2307","primary","N","B","铭","铭","铭","丿 一 一 丨 一 𠄌 ㇇ 一 𠃍 丿 丶","丿 一 一 一 𠄌 丿 ㇇ 丶 丨 𠃍 一"
"cnwstqi2308","primary","N","B","铲","铲","铲","丿 一 一 𠄌 丿 一 丿 一 一 丶 丶","丿 一 一 一 𠄌 丶 一 丶 丿 一 丿"
"cnwstqi2309","primary","N","A","银","银","银","丿 一 一 一 𠄌 𠃍 一 一 𠄌 丿 ㇏","丿 一 一 𠃍 𠄌 丿 一 一 𠄌 一 ㇏"
"cnwstqi2310","primary","N","B","矫","矫","矫","丿 一 丿 丿 ㇏ 丿 丿 一 丨 丶 一","丿 一 一 丿 丶 丿 一 丿 ㇏ 丿 丨"
"cnwstqi2311","primary","N","A","甜","甜","甜","丿 一 丨 丨 𠃍 一 一 丨 丨 一 一","丿 一 一 丨 丨 𠃍 丨 一 一 丨 一"
"cnwstqi2312","primary","N","B","秸","秸","秸","丿 一 𠃍 一 丶 一 一 丿 丨 丨 丨","丿 一 丨 丿 丶 一 丨 一 丨 𠃍 一"
"cnwstqi2313","primary","N","B","梨","梨","梨","丿 一 丨 亅 丨 丿 ㇏ 一 丿 丶 丨","丿 一 丨 丿 丶 丨 亅 一 丨 丿 ㇏"
"cnwstqi2314","primary","N","B","犁","犁","犁","丿 一 丨 一 丶 亅 丿 丨 丿 一 丨","丿 一 丨 丿 丶 丨 亅 丿 一 一 丨"
"cnwstqi2315","primary","N","B","秽","秽","秽","丿 一 丶 ㇇ 丿 ㇄ 丨 丨 丨 丶 丿","丿 一 丨 丿 丶 丨 ㇄ 丨 丿 ㇇ 丶"
"cnwstqi2316","primary","N","B","移","移","移","丿 一 丶 ㇇ 丶 丿 丿 丨 ㇇ 丶 丿","丿 一 丨 丿 丶 丿 ㇇ 丶 丿 ㇇ 丶"
"cnwstqi2317","primary","N","A","笨","笨","笨","丿 一 丶 丿 一 丶 一 丨 丿 ㇏ 一","丿 一 丶 丶 丨 丿 ㇏ 一 一 一 丿"
"cnwstqi2318","primary","N","B","笼","笼","笼","丿 一 丶 丶 一 丿 丿 丿 丶 乚 一","丿 一 丶 丿 一 丶 一 丿 乚 丿 丶"
"cnwstqi2319","primary","N","A","笛","笛","笛","丿 一 丶 丿 一 丶 丨 𠃍 一 丨 一","丿 一 丨 丶 丨 一 一 一 丶 丿 𠃍"
"cnwstqi2320","primary","N","B","笙","笙","笙","丿 一 一 一 一 一 丿 丶 丶 丨 丿","丿 一 丶 丿 一 丶 丿 一 一 丨 一"
"cnwstqi2321","primary","N","B","符","符","符","丿 一 丿 丿 丶 丶 亅 丶 一 一 丨","丿 一 丶 丿 一 丶 丿 丨 一 亅 丶"
"cnwstqi2322","primary","N","A","第","第","第","丿 一 丶 丿 一 丶 𠃍 一 ㇉ 丨 丿","丿 一 𠃍 一 丿 丶 ㇉ 丨 一 丿 丶"
"cnwstqi2323","primary","N","B","敏","敏","敏","丿 一 ㇄ 𠃌 丿 丶 一 一 丿 ㇏ 丶","丿 一 ㇄ 𠃌 丶 一 丶 丿 一 丿 ㇏"
"cnwstqi2324","primary","N","B","做","做","做","丿 丨 一 一 丨 丿 丨 ㇏ 一 𠃍 丿","丿 丨 一 丨 丨 𠃍 一 丿 一 丿 ㇏"
"cnwstqi2325","primary","N","A","袋","袋","袋","丿 丨 一 ㇂ 丶 丶 一 丿 𠄌 丿 ㇏","丿 丨 𠄌 丿 一 ㇂ 丶 ㇏ 丶 丿 一"
"cnwstqi2326","primary","N","B","悠","悠","悠","丿 丨 ㇃ ㇏ ㇀ 丿 丿 丶 丶 一 丨","丿 丨 丨 丿 一 丿 ㇏ ㇀ ㇃ 丶 丶"
"cnwstqi2327","primary","N","A","偿","偿","偿","丿 丨 丨 丶 丿 ㇀ 乛 一 一 𠃋 丶","丿 丨 丨 丶 一 一 丿 𠃋 乛 丶 ㇀"
"cnwstqi2328","primary","N","B","偶","偶","偶","丿 丨 𠃍 丨 丨 ㇀ 丶 一 丨 𠃌 一","丿 丨 丨 𠃍 一 一 丨 𠃌 丨 ㇀ 丶"
"cnwstqi2329","primary","N","A","偎","偎","偎","丿 丨 丨 𠃍 一 丨 一 一 𠄌 丿 ㇏","丿 丨 丨 丿 ㇏ 一 𠄌 一 𠃍 一 丨"
"cnwstqi2330","primary","N","A","偷","偷","偷","丿 丨 丿 ㇏ 一 丨 𠃌 一 一 丨 亅","丿 丨 丨 丨 ㇏ 𠃌 丿 亅 一 一 一"
"cnwstqi2331","primary","N","B","您","您","您","丿 丨 ㇃ 乛 丿 丿 ㇀ 丶 丶 亅 丶","丿 丨 丿 乛 亅 丿 丶 ㇀ ㇃ 丶 丶"
"cnwstqi2332","primary","N","B","售","售","售","丿 丨 丶 一 一 一 一 丨 𠃍 一 丨","丿 丨 丶 一 一 一 丨 一 丨 𠃍 一"
"cnwstqi2333","primary","N","A","停","停","停","丿 丨 丶 一 丨 𠃍 一 ㇀ 乛 一 亅","丿 丨 丶 一 一 亅 乛 𠃍 ㇀ 丨 一"
"cnwstqi2334","primary","N","A","偏","偏","偏","丿 丨 丶 𠃍 一 丿 丨 𠃌 一 丨 丨","丿 丨 𠃍 丨 一 丨 𠃌 丨 一 丿 丶"
"cnwstqi2335","primary","N","A","躯","躯","躯","丿 丨 𠃌 一 一 一 丿 一 丿 丶 ㇄","丿 丨 丶 ㇄ 一 一 一 一 丿 丿 𠃌"
"cnwstqi2336","primary","N","B","兜","兜","兜","丿 丨 𠄌 𠃍 一 一 丿 一 𠃍 乚 丿","丿 丨 𠃍 一 一 丿 𠄌 𠃍 一 丿 乚"
"cnwstqi2337","primary","N","B","假","假","假","丿 丨 一 一 𠃍 ㇇ 𠃍 ㇏ 一 丨 一","丿 丨 𠃍 一 丨 一 一 𠃍 一 ㇇ ㇏"
"cnwstqi2338","primary","N","B","衅","衅","衅","丿 丨 丨 ㇀ 丶 丿 丨 丨 𠃍 一 一","丿 丨 𠃍 丨 丨 ㇀ 丶 丿 一 一 丨"
"cnwstqi2339","primary","N","B","徘","徘","徘","丿 丿 丨 一 一 一 一 丨 一 丨 一","丿 丿 丨 丨 一 一 一 丨 一 一 一"
"cnwstqi2340","primary","N","A","徙","徙","徙","丿 丿 丨 丨 一 丨 一 丨 一 丿 ㇏","丿 丿 ㇏ 一 一 丨 丿 丨 一 丨 丨"
"cnwstqi2341","primary","N","B","得","得","得","丿 丿 一 丶 一 一 丨 𠃍 一 亅 丨","丿 丿 丨 丨 𠃍 一 一 一 一 亅 丶"
"cnwstqi2342","primary","N","A","衔","衔","衔","丿 丿 丨 丿 一 一 一 𠄌 一 一 亅","丿 丿 一 一 一 一 亅 丿 一 𠄌 丨"
"cnwstqi2343","primary","N","A","盘","盘","盘","丿 丿 𠃌 丶 一 丶 丨 𠃍 丨 丨 一","丿 丿 丶 丶 𠃌 丨 丨 丨 一 𠃍 一"
"cnwstqi2344","primary","N","A","舶","舶","舶","丿 丿 𠃌 丶 一 丶 丿 丨 𠃍 一 一","丿 丿 𠃍 𠃌 丶 一 一 一 丶 丨 丿"
"cnwstqi2345","primary","N","A","船","船","船","丿 丿 𠃌 丶 一 丶 丿 ㇍ 丨 𠃍 一","丿 丿 𠃍 丨 丿 𠃌 丶 丶 一 一 ㇍"
"cnwstqi2346","primary","N","A","舵","舵","舵","丿 丿 𠃌 丶 一 丶 丶 ㇀ 乛 丿 乚","丿 丿 ㇀ 丿 𠃌 乛 丶 一 丶 乚 丶"
"cnwstqi2347","primary","N","A","斜","斜","斜","丿 丶 一 一 亅 丿 丶 丶 丶 一 丨","丿 丶 丿 丨 丶 一 亅 一 丶 一 丶"
"cnwstqi2348","primary","N","A","盒","盒","盒","丿 ㇏ 一 丨 𠃍 一 丨 𠃍 丨 丨 一","丿 ㇏ 丨 𠃍 丨 一 丨 一 丨 𠃍 一"
"cnwstqi2349","primary","N","A","鸽","鸽","鸽","丿 丶 一 丨 𠃍 一 丿 𠃌 丶 ㇉ 一","丿 丶 一 丶 丨 丿 𠃍 ㇉ 一 一 𠃌"
"cnwstqi2350","primary","N","B","敛","敛","敛","丿 丶 丿 丿 一 ㇀ 一 丶 丿 丶 ㇏","丿 丶 一 丶 丶 丿 ㇀ 丿 一 丿 ㇏"
"cnwstqi2351","primary","N","A","悉","悉","悉","丿 丶 丿 一 丨 丿 ㇏ ㇀ ㇃ 丶 丶","丿 丶 ㇀ ㇏ 丿 丨 ㇃ 一 丶 丿 丶"
"cnwstqi2352","primary","N","B","欲","欲","欲","丿 丶 丿 丿 ㇏ 一 丶 丨 丿 乛 𠃍","丿 丶 丿 丶 丨 𠃍 一 丿 乛 丿 ㇏"
"cnwstqi2353","primary","N","A","彩","彩","彩","丿 丶 丶 丿 一 丨 丿 丶 丿 丿 丿","丿 丶 丨 一 丿 丿 丿 丿 丶 丶 丿"
"cnwstqi2354","primary","N","A","领","领","领","丿 丶 丶 ㇇ 丶 一 丿 丨 𠃍 丿 丶","丿 丶 ㇇ 丶 丨 𠃍 丿 一 丶 丶 丿"
"cnwstqi2355","primary","N","A","脚","脚","脚","丿 𠃌 一 一 一 丨 一 𠃋 丶 𠃌 丨","丿 𠃌 一 丨 𠃌 𠃋 丶 丨 一 一 一"
"cnwstqi2356","primary","N","A","脖","脖","脖","丿 𠃌 一 一 一 丨 ㇀ 乛 ㇇ 亅 一","丿 𠃌 亅 一 ㇇ 一 ㇀ 丨 一 乛 一"
"cnwstqi2357","primary","N","A","脯","脯","脯","丿 𠃌 一 一 一 丨 𠃌 一 一 丨 丶","丿 𠃌 一 丨 丶 𠃌 一 一 一 丨 一"
"cnwstqi2358","primary","N","B","豚","豚","豚","丿 𠃌 一 一 丿 丿 丿 ㇏ 一 丿 ㇁","丿 𠃌 一 一 一 丿 ㇁ 丿 丿 丿 ㇏"
"cnwstqi2359","primary","N","B","脸","脸","脸","丿 𠃌 一 一 ㇏ 一 丿 丿 一 丶 丶","丿 𠃌 一 一 丿 ㇏ 一 丶 丶 丿 一"
"cnwstqi2360","primary","N","B","脱","脱","脱","丿 𠃌 丶 丿 一 一 𠃍 乚 一 丿 丨","丿 𠃌 一 一 丶 丿 丨 𠃍 一 丿 乚"
"cnwstqi2361","primary","N","A","象","象","象","丿 ㇇ 丨 𠃍 一 丿 ㇁ 丿 丿 丿 ㇏","丿 ㇇ 丿 丨 ㇁ 𠃍 ㇏ 丿 一 丿 丿"
"cnwstqi2362","primary","N","A","够","够","够","丿 𠃌 丨 𠃍 一 丿 ㇇ 丶 丿 ㇇ 丶","丿 𠃌 丿 ㇇ ㇇ 丨 丿 丶 丶 𠃍 一"
"cnwstqi2363","primary","N","A","逸","逸","逸","丿 ㇇ 丨 𠃍 一 丿 乚 丶 丶 ㇋ ㇏","丿 ㇇ 乚 丿 𠃍 丶 ㇋ ㇏ 一 丶 丨"
"cnwstqi2364","primary","N","B","猜","猜","猜","丿 ㇁ 丿 丨 一 一 一 丨 一 𠃌 一","丿 ㇁ 丿 一 一 丨 一 丨 𠃌 一 一"
"cnwstqi2365","primary","N","B","猪","猪","猪","丿 ㇁ 丿 丨 𠃍 丿 一 一 丨 一 一","丿 ㇁ 丿 一 丨 一 丿 丨 𠃍 一 一"
"cnwstqi2366","primary","N","B","猎","猎","猎","丿 ㇁ 𠃍 丨 一 丿 丨 丨 一 一 一","丿 ㇁ 丿 一 丨 丨 一 丨 𠃍 一 一"
"cnwstqi2367","primary","N","A","猫","猫","猫","丿 ㇁ 丿 一 丨 丨 丨 𠃍 一 丨 一","丿 ㇁ 一 丨 一 一 丨 丿 丨 𠃍 丨"
"cnwstqi2368","primary","N","A","凰","凰","凰","丿 ⺄ 丿 丨 𠃍 一 一 一 一 丨 一","丿 ⺄ 一 一 𠃍 一 一 丨 丨 一 丿"
"cnwstqi2369","primary","N","B","猖","猖","猖","丿 ㇁ 丿 𠃍 一 丨 一 一 一 丨 𠃍","丿 ㇁ 丿 丨 𠃍 一 一 丨 𠃍 一 一"
"cnwstqi2370","primary","N","B","猛","猛","猛","丿 ㇁ 亅 丿 𠃍 ㇇ 一 丨 丨 一 丨","丿 ㇁ 丿 ㇇ 亅 一 丨 𠃍 丨 丨 一"
"cnwstqi2371","primary","N","A","祭","祭","祭","丿 ㇇ 丶 丶 ㇇ ㇏ 一 一 亅 丿 丶","丿 ㇇ 丶 一 ㇏ 丶 ㇇ 一 丶 丿 亅"
"cnwstqi2372","primary","N","B","馅","馅","馅","丿 乛 ㇇ 丨 一 一 𠄌 一 𠃍 丿 丿","丿 乛 𠄌 丿 ㇇ 丿 丨 一 𠃍 一 一"
"cnwstqi2373","primary","N","B","馆","馆","馆","丿 乛 丨 𠄌 𠃍 𠃍 乛 丶 一 ㇀ 一","丿 乛 𠄌 丶 ㇀ 乛 丨 𠃍 一 𠃍 一"
"cnwstqi2374","primary","N","B","凑","凑","凑","丶 ㇀ 一 丿 一 丿 一 ㇏ 丶 一 一","丶 ㇀ 一 一 一 丿 ㇏ 一 一 丿 丶"
"cnwstqi2375","primary","N","B","减","减","减","丶 ㇀ 丿 𠃍 ㇂ 丶 一 丨 丿 一 一","丶 ㇀ 一 丿 一 丨 𠃍 一 ㇂ 丿 丶"
"cnwstqi2376","primary","N","A","毫","毫","毫","丶 一 丨 𠃍 一 ㇀ 乛 丿 一 一 乚","丶 一 一 丨 乚 乛 𠃍 ㇀ 一 丿 一"
"cnwstqi2377","primary","N","A","烹","烹","烹","丶 一 丨 𠃍 一 ㇇ 亅 ㇀ 丶 丶 丶","丶 一 丶 ㇀ 丶 𠃍 亅 一 丶 丨 ㇇"
"cnwstqi2378","primary","N","B","庶","庶","庶","丶 一 丿 丨 丶 一 丶 一 丶 丨 ㇀","丶 一 丿 一 丨 丨 一 ㇀ 丶 丶 丶"
"cnwstqi2379","primary","N","A","麻","麻","麻","丶 一 丿 一 丨 丿 丶 一 丨 丿 ㇏","丶 一 丨 丿 丿 丨 一 一 丿 丶 ㇏"
"cnwstqi2380","primary","N","B","庵","庵","庵","丶 一 一 丨 丿 一 ㇏ 乚 一 𠃍 丿","丶 一 丿 一 丿 ㇏ 丨 𠃍 一 一 乚"
"cnwstqi2381","primary","N","A","痊","痊","痊","丶 一 丿 丶 ㇀ 丿 ㇏ 一 一 丨 一","丶 一 一 ㇀ 一 丨 丿 ㇏ 一 丶 丿"
"cnwstqi2382","primary","N","A","痒","痒","痒","丶 一 丿 丶 ㇀ 丶 丿 一 一 一 丨","丶 一 一 一 ㇀ 丿 丶 丿 丨 一 丶"
"cnwstqi2383","primary","N","A","痕","痕","痕","丶 一 丿 丶 ㇀ 𠃍 一 一 𠄌 丿 ㇏","丶 一 丿 一 ㇏ 𠃍 𠄌 丶 一 丿 ㇀"
"cnwstqi2384","primary","N","B","廊","廊","廊","丶 一 丶 𠄌 一 丿 一 丨 𠃍 ㇌ 丶","丶 一 丿 丶 𠃍 一 一 𠄌 丶 ㇌ 丨"
"cnwstqi2385","primary","N","A","康","康","康","丶 一 丿 𠃍 一 一 亅 丶 ㇀ 丿 ㇏","丶 一 丿 一 一 ㇏ ㇀ 丿 丶 𠃍 亅"
"cnwstqi2386","primary","N","A","庸","庸","庸","丶 一 丿 𠃍 一 一 丨 𠃌 一 一 丨","丶 一 一 丨 𠃍 𠃌 一 一 一 丨 丿"
"cnwstqi2387","primary","N","A","鹿","鹿","鹿","丶 一 丿 𠃍 丨 丨 一 一 𠄌 丿 乚","丶 一 丿 一 丨 乚 丿 一 丨 𠄌 𠃍"
"cnwstqi2388","primary","N","B","盗","盗","盗","丶 ㇀ 丨 丨 丨 ㇏ 一 𠃍 丿 丿 乛","丶 ㇀ 丿 乛 丿 ㇏ 丨 𠃍 丨 丨 一"
"cnwstqi2389","primary","N","A","章","章","章","丶 一 丶 丿 一 丨 𠃍 一 一 一 丨","丶 一 一 𠃍 一 丿 丶 一 丨 丨 一"
"cnwstqi2390","primary","N","A","竟","竟","竟","丶 一 丶 丿 一 丨 𠃍 一 一 丿 乚","丶 一 一 丶 丿 乚 一 丨 𠃍 丿 一"
"cnwstqi2391","primary","N","B","商","商","商","丶 一 丨 丶 一 丿 丨 丿 𠃍 𠃌 丶","丶 一 丶 丿 丨 𠃌 丿 丶 丨 𠃍 一"
"cnwstqi2392","primary","N","B","族","族","族","丶 一 一 一 ㇏ 𠃌 一 丿 丿 丿 丿","丶 一 𠃌 丿 丿 一 丿 一 一 丿 ㇏"
"cnwstqi2393","primary","N","B","旋","旋","旋","丶 一 丿 一 丿 丨 乛 一 ㇏ 𠃌 丿","丶 一 𠃌 丿 丿 一 乛 丨 一 丿 ㇏"
"cnwstqi2394","primary","N","B","望","望","望","丶 一 丿 一 一 𠄌 一 一 丨 一 𠃌","丶 一 𠄌 丿 𠃌 一 一 一 一 丨 一"
"cnwstqi2395","primary","N","B","率","率","率","丶 一 丨 一 𠃋 丶 丶 𠃋 丿 ㇀ 丶","丶 一 𠃋 𠃋 丶 丶 ㇀ 丿 丶 一 丨"
"cnwstqi2396","primary","N","B","阎","阎","阎","丶 丨 一 丿 丿 ㇇ 一 丨 一 𠃌 𠃍","丶 丨 𠃌 丿 ㇇ 丿 丨 一 𠃍 一 一"
"cnwstqi2397","primary","N","B","阐","阐","阐","丶 丨 丶 𠃌 丨 丨 一 一 丿 𠃍 一","丶 丨 𠃌 丶 丿 丨 𠃍 一 一 一 丨"
"cnwstqi2398","primary","N","A","着","着","着","丶 丿 一 一 一 丿 丨 𠃍 一 一 一","丶 丿 丨 一 一 一 一 一 一 丿 𠃍"
"cnwstqi2399","primary","N","A","羚","羚","羚","丶 丿 一 一 一 丿 丿 ㇏ 丶 ㇇ 丶","丶 丿 丶 丿 一 丿 丶 ㇏ 一 一 ㇇"
"cnwstqi2400","primary","N","B","盖","盖","盖","丶 丿 𠃍 丨 丨 一 一 丨 一 一 丨","丶 丿 一 一 丨 一 丨 𠃍 丨 丨 一"
"cnwstqi2401","primary","N","B","眷","眷","眷","丶 丿 丨 ㇏ 一 丿 一 一 一 𠃍 一","丶 丿 一 一 丿 ㇏ 丨 𠃍 一 一 一"
"cnwstqi2402","primary","N","B","粘","粘","粘","丶 丿 一 𠃍 丶 一 丨 一 丨 丨 丿","丶 丿 一 丨 丿 丶 丨 一 丨 𠃍 一"
"cnwstqi2403","primary","N","B","粗","粗","粗","丶 丿 一 丨 𠃍 丨 丶 丿 一 一 一","丶 丿 一 丨 丿 丶 丨 𠃍 一 一 一"
"cnwstqi2404","primary","N","B","粒","粒","粒","丶 丿 丨 丶 一 丶 一 丶 丿 一 丿","丶 丿 一 丨 丿 丶 丶 一 丶 丿 一"
"cnwstqi2405","primary","N","B","断","断","断","丶 丿 丨 丿 一 丿 ㇄ 丨 丶 一 丿","丶 丿 一 丨 丿 丶 ㇄ 丿 丿 一 丨"
"cnwstqi2406","primary","N","A","剪","剪","剪","丶 丿 一 丨 𠃌 一 一 丨 亅 𠃌 丿","丶 丿 丨 丿 𠃌 𠃌 丨 一 亅 一 一"
"cnwstqi2407","primary","N","B","兽","兽","兽","丶 丿 一 一 一 𠃍 丨 丨 𠃍 一 丨","丶 丿 丨 𠃍 一 丨 一 一 丨 𠃍 一"
"cnwstqi2408","primary","N","A","焊","焊","焊","㇀ 丿 丿 丶 丨 𠃍 一 一 一 一 丨","㇀ 丿 丿 一 一 一 𠃍 丶 丨 一 丨"
"cnwstqi2409","primary","N","B","焕","焕","焕","㇀ 丿 ㇏ 丿 ㇇ 一 丿 丿 丨 丶 𠃍","㇀ 丿 丿 丶 丿 ㇇ 丨 𠃍 一 丿 ㇏"
"cnwstqi2410","primary","N","A","清","清","清","丶 丶 ㇀ 一 一 丨 一 丨 𠃌 一 一","丶 丶 一 ㇀ 一 一 一 丨 𠃌 丨 一"
"cnwstqi2411","primary","N","B","添","添","添","丶 丶 丿 一 ㇀ 丶 ㇀ 亅 一 ㇏ 丶","丶 丶 ㇀ 一 一 丿 ㇏ 亅 ㇀ 丶 丶"
"cnwstqi2412","primary","N","A","鸿","鸿","鸿","丶 丶 ㇀ 一 丨 ㇀ 丿 𠃌 丶 ㇉ 一","丶 丶 ㇉ 丶 丨 一 ㇀ 𠃌 ㇀ 丿 一"
"cnwstqi2413","primary","N","B","淋","淋","淋","丶 丶 一 丨 丿 ㇀ 丶 丿 丨 一 ㇏","丶 丶 ㇀ 一 丨 丿 丶 一 丨 丿 ㇏"
"cnwstqi2414","primary","N","B","涯","涯","涯","丶 丶 一 一 丿 一 ㇀ 一 一 丨 丨","丶 丶 ㇀ 一 丿 一 丨 一 一 丨 一"
"cnwstqi2415","primary","N","A","淹","淹","淹","丶 丶 ㇀ 一 丿 ㇏ 丨 𠃍 一 一 乚","丶 丶 丿 ㇀ 一 乚 一 𠃍 ㇏ 一 丨"
"cnwstqi2416","primary","N","A","渠","渠","渠","丶 丶 ㇀ 一 𠃍 一 ㇄ 一 丨 丿 ㇏","丶 丶 ㇀ 丿 丨 一 𠃍 一 ㇄ 一 ㇏"
"cnwstqi2417","primary","N","B","渐","渐","渐","丶 丶 一 ㇀ 𠃋 一 丨 ㇀ 丿 丨 丿","丶 丶 ㇀ 一 𠃋 丨 ㇀ 丿 丿 一 丨"
"cnwstqi2418","primary","N","A","淑","淑","淑","丶 丶 ㇀ 丨 一 一 亅 丿 丶 ㇇ ㇏","丶 丶 ㇏ 丿 丶 亅 丨 一 一 ㇇ ㇀"
"cnwstqi2419","primary","N","A","淌","淌","淌","丶 丶 ㇀ 丨 丶 丿 丨 𠃌 丨 𠃍 一","丶 丶 丨 丶 𠃍 丨 丿 𠃌 丨 一 ㇀"
"cnwstqi2420","primary","N","A","混","混","混","丶 丶 ㇀ 丨 𠃍 一 一 一 𠄌 丿 乚","丶 丶 一 一 𠄌 一 乚 丿 ㇀ 丨 𠃍"
"cnwstqi2421","primary","N","B","淮","淮","淮","丶 丶 丨 ㇀ 一 一 一 丨 丿 一 丶","丶 丶 ㇀ 丿 丨 丶 一 一 一 丨 一"
"cnwstqi2422","primary","N","B","淆","淆","淆","丶 丶 ㇀ 一 丿 一 一 丿 丶 丨 𠃌","丶 丶 ㇀ 丿 丶 一 丿 丨 𠃌 一 一"
"cnwstqi2423","primary","N","A","渊","渊","渊","丶 丶 ㇀ 丿 丶 丿 一 丨 丿 丶 丨","丶 丶 丿 ㇀ 一 丶 丿 丨 丶 丨 丿"
"cnwstqi2424","primary","N","A","淫","淫","淫","丶 丶 ㇀ 丿 丶 丶 丿 丿 一 丨 一","丶 丶 ㇀ 一 丿 丿 丨 丶 一 丶 丿"
"cnwstqi2425","primary","N","B","渔","渔","渔","丶 丶 ㇇ 一 丿 丨 一 𠃍 ㇀ 丨 一","丶 丶 ㇀ 丿 ㇇ 丨 𠃍 一 丨 一 一"
"cnwstqi2426","primary","N","A","淘","淘","淘","丶 丶 ㇀ 丿 𠃌 丿 一 一 丨 ㇄ 丨","丶 丶 ㇄ 丨 𠃌 丿 一 ㇀ 丨 丿 一"
"cnwstqi2427","primary","N","B","淳","淳","淳","丶 丶 一 ㇇ 亅 ㇀ 一 𠃍 丨 丶 一","丶 丶 ㇀ 丶 一 丨 𠃍 一 ㇇ 亅 一"
"cnwstqi2428","primary","N","A","液","液","液","丶 丶 ㇀ 丶 一 丿 丨 丿 ㇇ 丶 ㇏","丶 丶 丶 丶 一 ㇀ 丨 丿 ㇇ 丿 ㇏"
"cnwstqi2429","primary","N","A","淤","淤","淤","丶 丶 ㇀ 丶 一 𠃌 丿 丿 ㇏ 丶 丶","丶 丶 丿 𠃌 丶 丿 丶 ㇏ 丶 ㇀ 一"
"cnwstqi2430","primary","N","B","淡","淡","淡","丶 丶 ㇀ 丿 ㇀ 丶 丿 ㇀ 丿 ㇏ 丿","丶 丶 ㇀ ㇀ 丿 丿 丶 ㇀ 丿 丿 ㇏"
"cnwstqi2431","primary","N","B","淀","淀","淀","丶 丶 丨 一 ㇏ 丶 ㇀ 一 丿 ㇀ 乛","丶 丶 ㇀ 丶 ㇀ 乛 一 丨 一 丿 ㇏"
"cnwstqi2432","primary","N","B","深","深","深","丶 丶 ㇏ ㇀ 丨 一 丿 乛 丶 ㇀ 丿","丶 丶 ㇀ ㇀ 乛 丿 丶 一 丨 丿 ㇏"
"cnwstqi2433","primary","N","A","涮","涮","涮","丶 丶 ㇀ 𠃍 一 丿 丨 𠃌 丨 丨 亅","丶 丶 丨 亅 ㇀ 丨 𠃍 丨 丿 一 𠃌"
"cnwstqi2434","primary","N","B","涵","涵","涵","丶 丶 ㇄ ㇀ 丿 ㇀ 亅 ㇇ 丶 丶 丨","丶 丶 ㇀ ㇇ 亅 丶 ㇀ 丿 丶 ㇄ 丨"
"cnwstqi2435","primary","N","B","婆","婆","婆","丶 丶 ㇀ 丿 ㇏ 丨 𡿨 一 乛 乛 丿","丶 丶 ㇀ 乛 丿 丨 乛 ㇏ 𡿨 丿 一"
"cnwstqi2436","primary","N","A","梁","梁","梁","丶 丶 ㇀ 𠃌 丿 ㇀ 丶 一 丨 丿 ㇏","丶 丶 𠃌 一 丿 丨 ㇏ ㇀ ㇀ 丿 丶"
"cnwstqi2437","primary","N","B","渗","渗","渗","丶 丶 丿 丿 丶 𠃋 丿 ㇏ 一 ㇀ 丿","丶 丶 ㇀ 𠃋 丶 一 丿 ㇏ 丿 丿 丿"
"cnwstqi2438","primary","N","B","情","情","情","㇀ 丶 𠃌 一 丨 一 一 丨 一 一 丨","㇀ 丶 丨 一 一 丨 一 丨 𠃌 一 一"
"cnwstqi2439","primary","N","B","惜","惜","惜","㇀ 丶 𠃍 丨 一 丨 丨 一 一 一 丨","㇀ 丶 丨 一 丨 丨 一 丨 𠃍 一 一"
"cnwstqi2440","primary","N","B","惭","惭","惭","㇀ 丶 ㇀ 𠃋 丨 丿 一 丨 丿 丨 一","㇀ 丶 丨 一 𠃋 丨 ㇀ 丿 丿 一 丨"
"cnwstqi2441","primary","N","B","悼","悼","悼","㇀ 丶 丨 丨 一 丨 𠃍 一 一 丨 一","㇀ 丶 丨 丨 一 丨 𠃍 一 一 一 丨"
"cnwstqi2442","primary","N","A","惧","惧","惧","㇀ 丶 丨 丨 𠃍 一 一 一 一 丿 丶","㇀ 丶 一 𠃍 一 一 丨 丿 一 丨 丶"
"cnwstqi2443","primary","N","B","惕","惕","惕","㇀ 丶 丨 丿 一 丿 𠃍 𠃌 丿 一 丨","㇀ 丶 丨 丨 𠃍 一 一 丿 𠃌 丿 丿"
"cnwstqi2444","primary","N","A","惟","惟","惟","㇀ 丶 丨 丿 丨 丶 一 一 一 丨 一","㇀ 丶 丶 一 一 丿 丨 一 一 丨 丨"
"cnwstqi2445","primary","N","B","惊","惊","惊","㇀ 丶 丨 亅 丿 一 丶 丶 一 𠃍 丨","㇀ 丶 丨 丶 一 丨 𠃍 一 亅 丿 丶"
"cnwstqi2446","primary","N","B","惦","惦","惦","㇀ 丶 一 一 丿 丨 丨 一 𠃍 丶 丨","㇀ 丶 丨 丶 一 丿 丨 一 丨 𠃍 一"
"cnwstqi2447","primary","N","B","悴","悴","悴","㇀ 丶 丨 丶 丨 丶 丿 丿 一 丶 一","㇀ 丶 丨 丶 一 丿 丶 丿 丶 一 丨"
"cnwstqi2448","primary","N","A","惋","惋","惋","㇀ 丶 丨 丶 ㇀ 乛 丿 乛 丶 𠃌 乚","㇀ 丶 乛 乚 丨 丶 𠃌 丿 丶 乛 ㇀"
"cnwstqi2449","primary","N","A","惨","惨","惨","㇀ 丶 丨 𠃋 丶 一 丿 ㇏ 丿 丿 丿","㇀ 丶 丨 一 ㇏ 丿 丶 丿 丿 𠃋 丿"
"cnwstqi2450","primary","N","A","惯","惯","惯","㇀ 丶 丨 ㇄ 𠃍 丨 一 丨 𠃍 丿 丶","㇀ 丶 丨 丿 丶 𠃍 丨 丨 一 ㇄ 𠃍"
"cnwstqi2451","primary","N","B","寇","寇","寇","丶 ㇀ 一 丶 一 一 丿 丨 乚 ㇇ 乛","丶 ㇀ 乛 一 一 丿 乚 丨 一 ㇇ 丶"
"cnwstqi2452","primary","N","A","寅","寅","寅","丶 ㇀ 乛 一 丨 𠃍 一 丨 一 丿 丶","丶 ㇀ 一 丨 乛 一 丿 丨 丶 一 𠃍"
"cnwstqi2453","primary","N","B","寄","寄","寄","丶 ㇀ 一 丶 丿 一 一 𠃍 乛 亅 丨","丶 ㇀ 乛 一 丿 丶 一 丨 𠃍 一 亅"
"cnwstqi2454","primary","N","A","寂","寂","寂","丶 ㇀ 乛 丨 一 一 亅 丿 丶 ㇇ ㇏","丶 ㇀ 一 一 ㇏ ㇇ 亅 丶 丿 丨 乛"
"cnwstqi2455","primary","N","B","宿","宿","宿","丶 ㇀ 丨 丿 丨 一 𠃍 丿 一 一 乛","丶 ㇀ 乛 丿 丨 一 丿 丨 𠃍 一 一"
"cnwstqi2456","primary","N","A","窒","窒","窒","丶 ㇀ 乛 丿 丶 一 𠃋 丶 一 丨 一","丶 ㇀ 丿 丶 𠃋 丨 一 乛 一 一 丶"
"cnwstqi2457","primary","N","A","窑","窑","窑","丶 ㇀ 乛 丿 丶 丿 一 一 丨 ㇄ 丨","丶 ㇀ 丨 丶 丿 ㇄ 一 一 丨 丿 乛"
"cnwstqi2458","primary","N","B","密","密","密","丶 ㇀ 乛 丶 丿 ㇄ ㇀ 丨 ㇃ 丶 丨","丶 ㇀ 乛 ㇀ ㇃ 丶 丿 丶 丨 ㇄ 丨"
"cnwstqi2459","primary","N","A","谋","谋","谋","丶 ㇊ 一 丨 丨 一 一 一 丨 丿 ㇏","丶 ㇊ 丨 一 一 丨 一 丿 一 丨 ㇏"
"cnwstqi2460","primary","N","A","谍","谍","谍","丶 ㇊ 一 丨 丨 一 ㇄ 一 丨 丿 ㇏","丶 ㇊ 丨 丿 一 ㇄ 一 ㇏ 丨 一 丨"
"cnwstqi2461","primary","N","B","谎","谎","谎","丶 ㇊ 丿 丶 乚 丨 丨 ㇄ 丨 一 一","丶 ㇊ 一 丨 丨 丶 一 ㇄ 丿 丨 乚"
"cnwstqi2462","primary","N","B","谐","谐","谐","丶 ㇊ 丿 一 乚 丿 丨 一 一 𠃍 𠄌","丶 ㇊ 一 𠄌 丿 乚 丿 丨 𠃍 一 一"
"cnwstqi2463","primary","N","B","袱","袱","袱","丶 ㇇ 丿 ㇏ 丶 丿 丶 丨 一 丿 丨","丶 ㇇ 丨 丿 丶 丿 丨 一 丿 ㇏ 丶"
"cnwstqi2464","primary","N","B","祷","祷","祷","丶 ㇇ 一 一 一 丨 丶 丿 丶 亅 一","丶 ㇇ 丨 丶 一 一 一 丿 一 亅 丶"
"cnwstqi2465","primary","N","B","祸","祸","祸","丶 ㇇ 丨 丿 丨 一 𠃌 丶 丶 𠃍 丨","丶 ㇇ 丨 丶 丨 𠃍 一 丨 𠃌 丿 丶"
"cnwstqi2466","primary","N","A","谓","谓","谓","丶 ㇊ 丨 𠃍 一 丨 一 丨 𠃌 一 一","丶 ㇊ 一 一 丨 丨 一 丨 𠃌 𠃍 一"
"cnwstqi2467","primary","N","A","谚","谚","谚","丶 ㇊ 丶 一 丶 丿 一 丿 丿 丿 丿","丶 ㇊ 一 丿 丿 丿 丶 丿 丿 一 丶"
"cnwstqi2468","primary","N","A","谜","谜","谜","丶 ㇊ 丶 丿 一 丨 丿 丶 丶 ㇋ ㇏","丶 ㇊ 丶 丶 丿 一 ㇏ 丶 ㇋ 丿 丨"
"cnwstqi2469","primary","N","B","逮","逮","逮","𠃍 一 丶 丶 ㇋ 丶 ㇀ 亅 丿 一 ㇏","𠃍 一 一 亅 丶 ㇀ 丿 丶 丶 ㇋ ㇏"
"cnwstqi2470","primary","N","A","敢","敢","敢","㇇ 一 丨 丨 一 一 ㇀ 丿 一 丿 ㇏","㇇ 一 一 丿 丨 一 ㇏ ㇀ 丨 一 丿"
"cnwstqi2471","primary","N","B","尉","尉","尉","𠃍 一 一 一 丿 丶 丶 一 亅 亅 丿","𠃍 一 丿 一 一 亅 丿 丶 一 亅 丶"
"cnwstqi2472","primary","N","B","屠","屠","屠","𠃍 一 丿 丿 一 丨 𠃍 一 丨 一 一","𠃍 一 丿 一 丨 一 丿 丨 𠃍 一 一"
"cnwstqi2473","primary","N","B","弹","弹","弹","𠃍 一 ㇉ 𠃍 丨 一 一 丿 一 丨 丶","𠃍 一 ㇉ 丶 丿 丨 𠃍 一 一 一 丨"
"cnwstqi2474","primary","N","B","隋","隋","隋","㇌ 丨 一 一 一 一 一 丨 丿 丨 𠃌","㇌ 丨 一 丿 一 丨 一 丨 𠃌 一 一"
"cnwstqi2475","primary","N","A","堕","堕","堕","㇌ 丨 一 丿 丨 𠃌 一 一 一 丨 一","㇌ 丨 𠃌 一 丨 一 丨 一 一 一 丿"
"cnwstqi2476","primary","N","B","随","随","随","㇌ 丨 ㇏ 𠃌 一 一 丿 ㇋ 丨 一 丶","㇌ 丨 一 丿 丨 𠃌 一 一 丶 ㇋ ㇏"
"cnwstqi2477","primary","N","A","蛋","蛋","蛋","乛 丨 一 丿 ㇏ 丨 𠃍 一 丨 一 丶","乛 丨 一 𠃍 丨 丶 丨 ㇏ 一 一 丿"
"cnwstqi2478","primary","N","B","隅","隅","隅","㇌ 丨 丨 ㇀ 丨 𠃍 丨 一 𠃌 丶 一","㇌ 丨 丨 𠃍 一 一 丨 𠃌 丨 ㇀ 丶"
"cnwstqi2479","primary","N","A","隆","隆","隆","㇌ 丨 丿 ㇇ ㇏ 一 丿 一 一 丨 一","㇌ 丨 丨 一 一 丿 一 丿 ㇏ ㇇ 一"
"cnwstqi2480","primary","N","A","隐","隐","隐","㇌ 丨 丿 ㇇ 𠃍 一 一 ㇀ ㇃ 丶 丶","㇌ 丨 ㇃ ㇀ 丶 一 一 𠃍 丿 丶 ㇇"
"cnwstqi2481","primary","N","A","婚","婚","婚","𡿨 丿 一 丿 𠄌 一 ㇂ 丨 𠃍 一 一","𡿨 丿 𠃍 一 一 ㇂ 一 丨 一 丿 𠄌"
"cnwstqi2482","primary","N","B","婶","婶","婶","𡿨 丿 一 丨 乛 𠃍 丨 丶 ㇀ 一 一","𡿨 丿 一 丶 ㇀ 乛 丨 𠃍 一 一 丨"
"cnwstqi2483","primary","N","B","婉","婉","婉","𡿨 丿 乚 丿 𠃌 丶 乛 丶 ㇀ 乛 一","𡿨 丿 一 丶 ㇀ 乛 丿 乛 丶 𠃌 乚"
"cnwstqi2484","primary","N","B","颇","颇","颇","乛 丿 丨 丶 丨 ㇇ 𠃍 一 丿 丿 丶","乛 丿 丨 ㇇ 丶 一 丿 丨 𠃍 丿 丶"
"cnwstqi2485","primary","N","B","颈","颈","颈","㇇ 丶 一 丨 丶 丿 丨 𠃍 ㇀ 丿 一","㇇ 丶 一 丨 ㇀ 一 丿 丨 𠃍 丿 丶"
"cnwstqi2486","primary","N","B","绩","绩","绩","𠃋 𠃋 ㇀ 丿 𠃍 丨 一 丨 丶 一 一","𠃋 𠃋 ㇀ 一 一 丨 一 丨 𠃍 丿 丶"
"cnwstqi2487","primary","N","B","绪","绪","绪","𠃋 𠃋 一 丨 𠃍 一 ㇀ 一 一 丿 丨","𠃋 𠃋 ㇀ 一 丨 一 丿 丨 𠃍 一 一"
"cnwstqi2488","primary","N","A","续","续","续","𠃋 𠃋 ㇀ 一 丨 乛 丶 丶 一 丿 丶","𠃋 𠃋 一 丶 乛 丨 丶 丶 ㇀ 一 丿"
"cnwstqi2489","primary","N","B","骑","骑","骑","𠃍 ㇉ 丶 一 一 一 丿 丨 ㇀ 亅 𠃍","𠃍 ㇉ ㇀ 一 丿 丶 一 丨 𠃍 一 亅"
"cnwstqi2490","primary","N","B","绰","绰","绰","𠃋 𠃋 一 一 丨 𠃍 ㇀ 丨 丨 一 一","𠃋 𠃋 ㇀ 丨 一 丨 𠃍 一 一 一 丨"
"cnwstqi2491","primary","N","B","绳","绳","绳","𠃋 𠃋 𠃍 ㇀ 𠃍 一 一 丨 丨 一 乚","𠃋 𠃋 ㇀ 丨 𠃍 一 丨 𠃍 一 一 乚"
"cnwstqi2492","primary","N","B","维","维","维","𠃋 𠃋 ㇀ 一 一 丿 一 丶 丨 丨 一","𠃋 𠃋 ㇀ 丿 丨 丶 一 一 一 丨 一"
"cnwstqi2493","primary","N","B","绵","绵","绵","𠃋 𠃋 丨 一 丨 𠃌 丨 ㇀ 丿 一 𠃍","𠃋 𠃋 ㇀ 丿 丨 𠃍 一 一 丨 𠃌 丨"
"cnwstqi2494","primary","N","B","绷","绷","绷","𠃋 𠃋 丿 𠃌 一 ㇀ 𠃌 一 一 丿 一","𠃋 𠃋 ㇀ 丿 𠃌 一 一 丿 𠃌 一 一"
"cnwstqi2495","primary","N","A","绸","绸","绸","𠃋 𠃋 ㇀ 丿 𠃌 一 丨 一 丨 𠃍 一","𠃋 𠃋 𠃍 丿 一 𠃌 丨 ㇀ 一 丨 一"
"cnwstqi2496","primary","N","A","综","综","综","𠃋 𠃋 ㇀ 丶 ㇀ 乛 一 一 亅 丿 丶","𠃋 𠃋 ㇀ 一 ㇀ 丿 乛 丶 一 亅 丶"
"cnwstqi2497","primary","N","A","绽","绽","绽","𠃋 𠃋 ㇀ 丶 ㇀ 乛 一 丨 一 丿 ㇏","𠃋 𠃋 丶 丨 一 ㇀ ㇀ 乛 ㇏ 丿 一"
"cnwstqi2498","primary","N","A","绿","绿","绿","𠃋 𠃋 ㇀ 𠃍 一 一 亅 丶 ㇀ 丿 ㇏","𠃋 𠃋 亅 丿 丶 一 一 𠃍 ㇏ ㇀ ㇀"
"cnwstqi2499","primary","N","B","缀","缀","缀","𠃋 𠃋 ㇏ ㇇ ㇀ 丶 ㇇ ㇇ 丶 丶 ㇇","𠃋 𠃋 ㇀ ㇇ 丶 ㇇ 丶 ㇇ 丶 ㇇ ㇏"
"cnwstqi2500","primary","N","B","巢","巢","巢","𡿨 𡿨 一 丨 一 𡿨 丿 丨 ㇏ 一 𠃍","𡿨 𡿨 𡿨 丨 𠃍 一 一 一 丨 丿 ㇏"
"cnwstqi2501","primary","N","A","琴","琴","琴","一 一 丨 一 一 一 丨 一 丿 ㇏ 丶 ㇇","一 一 丨 一 一 一 丨 ㇏ ㇇ 丿 丶 一"
"cnwstqi2502","primary","N","B","琳","琳","琳","一 一 丨 丿 ㇏ 丿 ㇀ 一 一 丶 丨 丨","一 一 丨 ㇀ 一 丨 丿 丶 一 丨 丿 ㇏"
"cnwstqi2503","primary","N","B","琢","琢","琢","一 一 ㇀ ㇁ ㇏ 丨 丿 丿 丿 丶 一 丿","一 一 丨 ㇀ 一 丿 ㇁ 丿 丿 丶 丿 ㇏"
"cnwstqi2504","primary","N","B","琼","琼","琼","一 一 丶 丶 丿 ㇀ 一 丨 亅 𠃍 丨 一","一 一 丨 ㇀ 丶 一 丨 𠃍 一 亅 丿 丶"
"cnwstqi2505","primary","N","B","斑","斑","斑","一 一 丨 一 ㇀ 丿 丶 一 丶 丨 一 一","一 一 丨 ㇀ 丶 一 丿 丶 一 一 丨 一"
"cnwstqi2506","primary","N","A","替","替","替","一 一 丿 丶 一 一 丿 ㇏ 丨 𠃍 一 一","一 一 丨 一 丿 一 一 丿 一 丶 𠃍 ㇏"
"cnwstqi2507","primary","N","B","揍","揍","揍","一 亅 丶 丿 一 ㇏ ㇀ 一 一 一 丿 一","一 亅 ㇀ 一 一 一 丿 ㇏ 一 一 丿 丶"
"cnwstqi2508","primary","N","A","款","款","款","一 丨 一 一 一 亅 丿 丶 丿 乛 丿 ㇏","一 丨 丿 丿 一 一 亅 乛 丿 ㇏ 丶 一"
"cnwstqi2509","primary","N","B","堪","堪","堪","一 丨 丨 一 ㇀ 丶 一 丿 一 丨 一 ㇄","一 丨 ㇀ 一 丨 丨 一 一 一 丿 丶 ㇄"
"cnwstqi2510","primary","N","B","塔","塔","塔","一 丨 ㇏ 一 丨 丨 丨 一 ㇀ 一 𠃍 丿","一 丨 ㇀ 一 丨 丨 丿 ㇏ 一 丨 𠃍 一"
"cnwstqi2511","primary","N","B","搭","搭","搭","一 亅 丿 丨 ㇏ 一 一 丨 ㇀ 一 丨 𠃍","一 亅 ㇀ 一 丨 丨 丿 ㇏ 一 丨 𠃍 一"
"cnwstqi2512","primary","N","A","堰","堰","堰","一 丨 ㇀ 一 丨 𠃍 一 一 𡿨 丿 一 ㇄","一 丨 一 一 𠃍 一 𡿨 一 丿 ㇀ 丨 ㇄"
"cnwstqi2513","primary","N","B","揩","揩","揩","一 亅 丨 一 一 丿 乚 𠃍 丿 𠄌 一 ㇀","一 亅 ㇀ 一 𠄌 丿 乚 丿 丨 𠃍 一 一"
"cnwstqi2514","primary","N","B","越","越","越","一 丨 𠄌 一 丿 ㇏ 丿 ㇂ 一 一 丶 丨","一 丨 一 丨 一 丿 ㇏ 一 𠄌 ㇂ 丿 丶"
"cnwstqi2515","primary","N","B","趁","趁","趁","一 丨 一 ㇏ 丿 丿 一 ㇏ 丿 丿 丨 丿","一 丨 一 丨 一 丿 ㇏ 丿 ㇏ 丿 丿 丿"
"cnwstqi2516","primary","N","A","趋","趋","趋","一 丨 一 丨 一 丿 ㇏ 丿 ㇇ 𠃍 一 一","一 丨 丨 𠃍 丿 一 ㇇ ㇏ 一 一 丿 一"
"cnwstqi2517","primary","N","A","超","超","超","一 丨 一 丨 一 丿 ㇏ 𠃌 丿 丨 𠃍 一","一 丨 ㇏ 𠃍 一 丨 丨 一 𠃌 丿 丿 一"
"cnwstqi2518","primary","N","B","揽","揽","揽","一 亅 丨 ㇀ 丿 丶 𠃍 丨 丿 丨 一 乚","一 亅 ㇀ 丨 丨 丿 一 丶 丨 𠃍 丿 乚"
"cnwstqi2519","primary","N","A","堤","堤","堤","一 丨 ㇀ 丨 𠃍 一 一 一 丨 一 丿 ㇏","一 丨 丨 丨 丿 一 ㇀ 一 一 𠃍 ㇏ 一"
"cnwstqi2520","primary","N","A","提","提","提","一 亅 ㇀ 丨 𠃍 一 一 一 丨 一 丿 ㇏","一 亅 ㇏ ㇀ 𠃍 丿 一 一 丨 丨 一 一"
"cnwstqi2521","primary","N","B","博","博","博","一 丨 一 丨 一 丶 丨 一 亅 𠃍 丶 一","一 丨 一 丨 𠃍 一 一 丨 丶 一 亅 丶"
"cnwstqi2522","primary","N","B","揭","揭","揭","一 亅 𠃌 丿 𠃍 一 丶 一 ㇄ ㇀ 丨 丿","一 亅 ㇀ 丨 𠃍 一 一 丿 𠃌 丿 丶 ㇄"
"cnwstqi2523","primary","N","A","喜","喜","喜","一 丨 一 丨 𠃍 一 丶 丿 一 丨 𠃍 一","一 丨 𠃍 丶 丿 丨 一 丨 一 一 一 𠃍"
"cnwstqi2524","primary","N","B","彭","彭","彭","一 丨 𠃍 丶 丿 ㇀ 一 一 丿 丿 丨 丿","一 丨 一 丨 𠃍 一 丶 丿 ㇀ 丿 丿 丿"
"cnwstqi2525","primary","N","A","揣","揣","揣","一 亅 ㇀ 丨 ㇄ 丨 一 丿 丨 𠃌 丨 丨","一 亅 一 丨 丿 丨 丨 ㇄ ㇀ 𠃌 丨 丨"
"cnwstqi2526","primary","N","B","插","插","插","一 亅 丨 丿 丨 ㇀ 丿 一 𠃍 一 一 一","一 亅 ㇀ 丿 一 丨 丿 丨 一 𠃍 一 一"
"cnwstqi2527","primary","N","B","揪","揪","揪","一 亅 ㇀ 丿 丿 丶 丿 丨 ㇏ ㇀ 一 丿","一 亅 ㇀ 丿 一 丨 丿 丶 ㇀ 丿 丿 ㇏"
"cnwstqi2528","primary","N","A","搜","搜","搜","一 亅 ㇀ 丿 丨 一 𠃍 一 一 丨 ㇇ ㇏","一 亅 丿 ㇏ ㇀ ㇇ 一 一 丨 一 𠃍 丨"
"cnwstqi2529","primary","N","B","煮","煮","煮","一 丨 丶 一 𠃍 丶 丶 丿 一 一 丨 ㇀","一 丨 一 丿 丨 𠃍 一 一 ㇀ 丶 丶 丶"
"cnwstqi2530","primary","N","A","援","援","援","一 亅 ㇀ 丿 丶 丶 丿 一 一 丿 ㇇ ㇏","一 亅 丿 一 丶 ㇀ ㇇ 丶 ㇏ 一 丿 丿"
"cnwstqi2531","primary","N","A","搀","搀","搀","一 亅 ㇀ 丿 ㇇ 丨 𠃍 一 丿 乚 丶 丶","一 亅 丶 一 丶 ㇀ 丿 乚 丨 ㇇ 𠃍 丿"
"cnwstqi2532","primary","N","B","裁","裁","裁","一 丨 丶 一 丿 𠄌 一 丿 丶 丿 丶 ㇂","一 丨 一 丶 一 丿 𠄌 丿 丶 ㇂ 丿 丶"
"cnwstqi2533","primary","N","A","搁","搁","搁","一 亅 ㇀ 丶 丨 𠃌 丿 ㇇ ㇏ 丨 𠃍 一","一 亅 丨 𠃍 ㇏ ㇀ 丨 𠃌 丶 一 ㇇ 丿"
"cnwstqi2534","primary","N","A","搓","搓","搓","一 亅 ㇀ 丶 丿 一 一 一 丿 一 丨 一","一 亅 一 丿 丿 ㇀ 丶 一 一 一 一 丨"
"cnwstqi2535","primary","N","B","搂","搂","搂","一 亅 ㇀ 𡿨 一 丿 丶 丨 ㇏ 丿 一 丿","一 亅 ㇀ 丶 丿 一 丨 丿 ㇏ 𡿨 丿 一"
"cnwstqi2536","primary","N","B","搅","搅","搅","一 亅 丶 𠃍 乚 丶 丿 丨 ㇀ 丿 ㇀ 乛","一 亅 ㇀ 丶 丶 丿 ㇀ 乛 丨 𠃍 丿 乚"
"cnwstqi2537","primary","N","A","壹","壹","壹","一 丨 一 ㇀ 乛 一 丨 𠃍 一 丶 丿 一","一 丨 一 一 丿 ㇀ 丨 丶 一 一 𠃍 乛"
"cnwstqi2538","primary","N","A","握","握","握","一 亅 ㇀ 𠃍 一 丿 一 𠃋 丶 一 丨 一","一 亅 丶 𠃍 一 𠃋 丿 一 一 一 ㇀ 丨"
"cnwstqi2539","primary","N","A","搔","搔","搔","一 亅 ㇀ ㇇ ㇏ 丶 丨 𠃍 一 丨 一 丶","一 亅 𠃍 丶 一 丶 一 ㇇ ㇏ 丨 ㇀ 丨"
"cnwstqi2540","primary","N","A","揉","揉","揉","一 亅 ㇀ ㇇ 丶 乛 亅 丿 一 丨 丿 ㇏","一 亅 ㇀ 丨 丶 亅 ㇇ ㇏ 丿 一 乛 丿"
"cnwstqi2541","primary","N","B","斯","斯","斯","一 丨 一 丿 丶 丿 一 丨 丿 一 丨 一","一 丨 丨 一 一 一 丿 丶 丿 丿 一 丨"
"cnwstqi2542","primary","N","A","期","期","期","一 丨 丨 一 一 一 丿 丶 丿 𠃌 一 一","一 丨 一 丶 𠃌 一 一 丨 一 一 丿 丿"
"cnwstqi2543","primary","N","B","欺","欺","欺","一 丨 丶 一 乛 ㇏ 丿 一 丿 一 丿 丨","一 丨 丨 一 一 一 丿 丶 丿 乛 丿 ㇏"
"cnwstqi2544","primary","N","A","联","联","联","一 丨 丨 一 一 ㇀ 丶 丿 一 一 丿 ㇏","一 丨 一 一 ㇏ 丿 丨 丶 一 一 丿 ㇀"
"cnwstqi2545","primary","N","B","葫","葫","葫","一 丨 一 一 𠃍 丨 一 一 丨 丨 𠃌 丿","一 丨 丨 一 丨 丨 𠃍 一 丿 𠃌 一 一"
"cnwstqi2546","primary","N","A","散","散","散","一 丨 丨 一 丨 𠃌 一 一 丿 一 丿 ㇏","一 丨 ㇏ 丨 丿 丨 一 一 丿 𠃌 一 一"
"cnwstqi2547","primary","N","A","惹","惹","惹","一 丨 丨 一 丿 丨 𠃍 一 ㇀ ㇃ 丶 丶","一 丨 一 一 丶 丨 ㇀ 丨 丿 丶 𠃍 ㇃"
"cnwstqi2548","primary","N","B","葬","葬","葬","一 丨 乚 丿 丨 一 ㇇ 一 丨 丿 丶 丿","一 丨 丨 一 丿 ㇇ 丶 丿 乚 一 丿 丨"
"cnwstqi2549","primary","N","A","募","募","募","一 丨 丨 丨 𠃍 一 一 一 丿 ㇏ 𠃌 丿","一 丨 丨 丿 一 丿 一 𠃍 ㇏ 𠃌 一 丨"
"cnwstqi2550","primary","N","A","葛","葛","葛","一 丨 丨 丨 𠃍 一 一 丿 𠃌 丿 丶 ㇄","一 丨 丨 一 丿 𠃌 ㇄ 丨 一 丶 𠃍 丿"
"cnwstqi2551","primary","N","B","董","董","董","一 丨 一 𠃍 丨 一 一 一 丨 丨 一 丿","一 丨 丨 丿 一 丨 𠃍 一 一 丨 一 一"
"cnwstqi2552","primary","N","B","葡","葡","葡","一 丨 𠃌 丶 丨 丿 一 一 一 丨 丨 𠃌","一 丨 丨 丿 𠃌 一 丨 𠃌 一 一 丨 丶"
"cnwstqi2553","primary","N","A","敬","敬","敬","一 丨 丨 丿 𠃌 丨 𠃍 一 丿 一 丿 ㇏","一 丨 一 𠃌 ㇏ 一 丿 丨 丿 丿 𠃍 丨"
"cnwstqi2554","primary","N","B","葱","葱","葱","一 丨 丨 丿 丿 丿 ㇃ 丶 𠃌 丶 丶 ㇀","一 丨 丨 丿 𠃌 丿 丿 丶 ㇀ ㇃ 丶 丶"
"cnwstqi2555","primary","N","B","蒋","蒋","蒋","一 丨 丶 丿 ㇇ 丶 亅 丨 ㇀ 丶 丨 一","一 丨 丨 丶 ㇀ 丨 丿 ㇇ 丶 一 亅 丶"
"cnwstqi2556","primary","N","B","蒂","蒂","蒂","一 丨 丶 丶 ㇀ 丨 𠃌 丨 乛 丨 丿 一","一 丨 丨 丶 一 丶 丿 ㇀ 乛 丨 𠃌 丨"
"cnwstqi2557","primary","N","B","落","落","落","一 丨 丿 ㇇ 丨 ㇀ 𠃍 ㇏ 丶 丨 一 丶","一 丨 丨 丶 丶 ㇀ 丿 ㇇ ㇏ 丨 𠃍 一"
"cnwstqi2558","primary","N","A","韩","韩","韩","一 丨 丨 𠃍 一 一 一 丨 一 一 𠃌 丨","一 丨 一 𠃍 丨 𠃌 一 一 一 一 丨 丨"
"cnwstqi2559","primary","N","B","朝","朝","朝","一 丨 𠃍 一 一 丿 一 一 𠃌 一 丨 丨","一 丨 丨 𠃍 一 一 一 丨 丿 𠃌 一 一"
"cnwstqi2560","primary","N","A","辜","辜","辜","一 丨 丨 𠃍 一 丶 一 丶 丿 一 一 丨","一 丨 一 一 一 丨 丶 一 丶 丿 𠃍 丨"
"cnwstqi2561","primary","N","B","葵","葵","葵","一 丨 丿 丿 丨 丿 一 ㇇ 一 丶 丶 ㇏","一 丨 丨 ㇇ 丶 丿 丿 ㇏ 一 一 丿 丶"
"cnwstqi2562","primary","N","B","棒","棒","棒","一 丨 ㇏ 一 一 一 丿 丿 丶 一 一 丨","一 丨 丿 丶 一 一 一 丿 ㇏ 一 一 丨"
"cnwstqi2563","primary","N","B","棱","棱","棱","一 丨 丶 丿 ㇏ 一 丿 丶 丨 一 ㇇ 丿","一 丨 丿 丶 一 丨 一 丿 丶 丿 ㇇ ㇏"
"cnwstqi2564","primary","N","A","棋","棋","棋","一 丨 丿 丶 一 丨 丨 一 一 一 丿 丶","一 丨 丶 丿 丶 一 丨 一 丨 一 丿 一"
"cnwstqi2565","primary","N","A","椰","椰","椰","一 丨 丿 丶 一 丨 丨 一 一 ㇀ ㇌ 丨","一 丨 一 丿 一 丶 ㇀ ㇌ 丨 丨 一 丨"
"cnwstqi2566","primary","N","A","植","植","植","一 丨 丿 丶 一 丨 丨 𠃍 一 一 一 一","一 丨 丿 丨 𠃍 一 一 丨 一 一 丶 一"
"cnwstqi2567","primary","N","A","森","森","森","一 丨 丿 ㇏ 一 丨 丿 丶 一 丨 丿 ㇏","一 丨 丿 丶 丿 一 丨 丿 一 ㇏ 丨 ㇏"
"cnwstqi2568","primary","N","A","焚","焚","焚","一 丨 丿 丶 一 丨 丿 丶 ㇀ 丿 丿 ㇏","一 丨 ㇏ 丿 丿 丶 丿 丶 丨 ㇀ 一 丿"
"cnwstqi2569","primary","N","B","椅","椅","椅","一 丨 𠃍 丶 丿 丿 一 一 一 亅 丨 丶","一 丨 丿 丶 一 丿 丶 一 丨 𠃍 一 亅"
"cnwstqi2570","primary","N","B","椒","椒","椒","一 丨 亅 ㇇ 一 丿 丶 丨 丶 丿 一 ㇏","一 丨 丿 丶 丨 一 一 亅 丿 丶 ㇇ ㇏"
"cnwstqi2571","primary","N","A","棵","棵","棵","一 丨 丿 丶 丨 𠃍 一 一 一 丨 丿 ㇏","一 丨 一 丨 一 丿 丶 ㇏ 一 𠃍 丿 丨"
"cnwstqi2572","primary","N","A","棍","棍","棍","一 丨 丿 丶 丨 𠃍 一 一 一 𠄌 丿 乚","一 丨 一 一 𠃍 丿 一 丶 乚 丨 𠄌 丿"
"cnwstqi2573","primary","N","B","椎","椎","椎","一 丨 丨 一 丿 一 一 丨 一 丶 丶 丿","一 丨 丿 丶 丿 丨 丶 一 一 一 丨 一"
"cnwstqi2574","primary","N","B","棉","棉","棉","一 丨 𠃌 一 丨 一 丨 丨 丿 丿 丶 𠃍","一 丨 丿 丶 丿 丨 𠃍 一 一 丨 𠃌 丨"
"cnwstqi2575","primary","N","A","棚","棚","棚","一 丨 丿 丶 丿 𠃌 一 一 丿 𠃌 一 一","一 丨 丿 丶 一 丿 一 一 一 𠃌 𠃌 丿"
"cnwstqi2576","primary","N","A","棕","棕","棕","一 丨 丿 丶 丶 ㇀ 乛 一 一 亅 丿 丶","一 丨 一 丶 丶 乛 丿 丶 丿 亅 一 ㇀"
"cnwstqi2577","primary","N","A","棺","棺","棺","一 丨 丿 丶 丶 ㇀ 乛 丨 𠃍 一 𠃍 一","一 丨 乛 丶 𠃍 丶 丿 丨 𠃍 一 一 ㇀"
"cnwstqi2578","primary","N","B","榔","榔","榔","一 丨 丿 丶 一 丨 丶 一 𠃍 𠄌 ㇌ 丶","一 丨 丿 丶 丶 𠃍 一 一 𠄌 丶 ㇌ 丨"
"cnwstqi2579","primary","N","B","椭","椭","椭","一 丨 丿 丨 丨 一 丶 一 丿 𠃌 ㇌ 一","一 丨 丿 丶 ㇌ 丨 一 丿 丨 𠃌 一 一"
"cnwstqi2580","primary","N","A","惠","惠","惠","一 丨 𠃍 一 一 丨 一 丶 ㇀ ㇃ 丶 丶","一 丨 一 丶 丨 𠃍 ㇀ 一 ㇃ 一 丶 丶"
"cnwstqi2581","primary","N","A","惑","惑","惑","一 丨 𠃍 一 ㇀ ㇂ 丿 丶 ㇀ ㇃ 丶 丶","一 丨 丿 丶 丶 ㇃ 丶 𠃍 一 ㇀ ㇂ ㇀"
"cnwstqi2582","primary","N","A","逼","逼","逼","一 丨 𠃍 一 丨 𠃍 一 丨 一 丶 ㇋ ㇏","一 丨 𠃍 一 ㇋ ㇏ 一 一 丨 丨 丶 𠃍"
"cnwstqi2583","primary","N","A","粟","粟","粟","一 丨 𠃍 丨 丨 一 丶 丿 一 丨 丿 ㇏","一 丨 丨 丿 丨 丨 丿 𠃍 一 丶 ㇏ 一"
"cnwstqi2584","primary","N","A","棘","棘","棘","一 丨 𠃌 丨 丿 丶 一 丨 𠃌 丨 丿 ㇏","一 丨 丨 丿 一 ㇏ 丨 𠃌 丿 丶 丨 𠃌"
"cnwstqi2585","primary","N","A","酣","酣","酣","一 丨 𠃍 丿 ㇄ 一 一 一 丨 丨 一 一","一 丨 一 一 丿 丨 ㇄ 一 丨 一 𠃍 一"
"cnwstqi2586","primary","N","A","酥","酥","酥","一 丨 𠃍 丿 ㇄ 一 一 丿 一 丨 丿 ㇏","一 丨 ㇏ 一 丿 丿 𠃍 一 丨 一 ㇄ 丿"
"cnwstqi2587","primary","N","B","厨","厨","厨","一 丿 丶 一 一 一 𠃍 丿 丨 亅 ㇀ 丶","一 丿 一 丨 𠃍 一 丶 丿 ㇀ 一 亅 丶"
"cnwstqi2588","primary","N","A","厦","厦","厦","一 丿 一 丿 丨 𠃍 一 一 一 丿 ㇇ ㇏","一 丿 一 ㇏ ㇇ 丿 丨 一 一 𠃍 一 丿"
"cnwstqi2589","primary","N","B","硬","硬","硬","一 丿 一 一 一 ㇏ 丿 𠃍 𠃍 丨 一 丨","一 丿 丨 𠃍 一 一 丨 𠃍 一 一 丿 ㇏"
"cnwstqi2590","primary","N","B","硝","硝","硝","一 丿 一 丨 一 丿 丨 丶 𠃍 一 𠃌 丨","一 丿 丨 𠃍 一 丨 丶 丿 丨 𠃌 一 一"
"cnwstqi2591","primary","N","A","确","确","确","一 丿 丨 𠃍 一 丿 ㇇ 丿 𠃌 一 一 丨","一 丿 𠃍 丿 一 丿 𠃌 一 丨 ㇇ 丨 一"
"cnwstqi2592","primary","N","A","硫","硫","硫","一 丿 丨 𠃍 一 丶 一 𠃋 丶 丿 丨 乚","一 丿 丿 一 丶 丨 𠃍 一 丶 丨 𠃋 乚"
"cnwstqi2593","primary","N","A","雁","雁","雁","一 丿 丿 丨 丿 丨 丶 一 一 一 丨 一","一 丿 一 丨 一 丨 丿 一 丨 丿 一 丶"
"cnwstqi2594","primary","N","A","殖","殖","殖","一 丿 ㇇ 丶 一 丨 丨 𠃍 一 一 一 一","一 丿 ㇇ 丨 一 丨 一 𠃍 丶 一 一 一"
"cnwstqi2595","primary","N","B","裂","裂","裂","一 丿 ㇏ 一 丿 丶 𠄌 丿 丶 ㇇ 丨 亅","一 丿 ㇇ 丶 丨 亅 丶 一 丿 𠄌 丿 ㇏"
"cnwstqi2596","primary","N","A","雄","雄","雄","一 丿 𠃋 丶 丿 丨 丶 一 一 一 丨 一","一 丿 一 丶 丿 丶 一 丨 丨 一 𠃋 一"
"cnwstqi2597","primary","N","B","颊","颊","颊","一 丶 丿 丶 一 丿 𠃍 丿 丶 丨 一 丿","一 丶 丿 一 丿 丶 一 丿 丨 𠃍 丿 丶"
"cnwstqi2598","primary","N","A","雳","雳","雳","一 ㇀ 乛 丨 丶 丶 丶 丶 一 丿 𠃌 丿","一 ㇀ 丶 丶 丶 丿 丿 丶 丨 乛 一 𠃌"
"cnwstqi2599","primary","N","A","暂","暂","暂","一 𠃋 丨 ㇀ 丿 丿 一 丨 丨 𠃍 一 一","一 𠃋 丿 ㇀ 一 一 丿 一 丨 丨 𠃍 丨"
"cnwstqi2600","primary","N","B","雅","雅","雅","一 𠃋 丨 亅 丶 丿 一 一 丨 一 丿 一","一 𠃋 亅 丿 丿 丨 丶 一 一 一 丨 一"
"cnwstqi2601","primary","N","B","翘","翘","翘","一 ㇂ 𠃌 丶 𠃌 乚 ㇀ 丿 丶 丿 ㇀ 一","一 ㇂ 丿 一 丿 乚 𠃌 丶 ㇀ 𠃌 丶 ㇀"
"cnwstqi2602","primary","N","A","辈","辈","辈","丨 一 一 一 丨 一 一 一 一 𠃋 一 丨","丨 一 丨 一 一 一 一 一 一 𠃋 丨 一"
"cnwstqi2603","primary","N","A","悲","悲","悲","丨 一 一 一 丨 一 一 一 ㇀ ㇃ 丶 丶","丨 一 一 ㇃ 丨 丶 ㇀ 一 一 丶 一 一"
"cnwstqi2604","primary","N","B","紫","紫","紫","丨 一 丿 丿 亅 丶 𠃋 乚 丶 ㇀ 丨 𠃋","丨 一 丨 ㇀ 丿 乚 𠃋 𠃋 丶 亅 丿 丶"
"cnwstqi2605","primary","N","B","凿","凿","凿","丨 丨 一 丨 丶 一 丿 丨 一 丶 ㇄ 丿","丨 丨 丶 丿 一 丶 丿 一 一 丨 ㇄ 丨"
"cnwstqi2606","primary","N","A","辉","辉","辉","丨 丶 丿 一 丿 𠄌 ㇀ 乛 一 𠃋 一 丨","丨 丶 乛 丿 ㇀ 𠄌 丿 一 一 丨 一 𠃋"
"cnwstqi2607","primary","N","A","敞","敞","敞","丨 丶 丿 丨 𠃌 丨 𠃍 一 丿 一 丿 ㇏","丨 丶 一 一 丿 𠃍 丨 丨 𠃌 ㇏ 丿 丿"
"cnwstqi2608","primary","N","A","棠","棠","棠","丨 丶 丿 ㇀ 乛 丨 𠃍 一 一 丨 丿 ㇏","丨 丶 丿 乛 丨 𠃍 一 丨 一 ㇀ 丿 ㇏"
"cnwstqi2609","primary","N","A","赏","赏","赏","丨 丶 丿 ㇀ 乛 丨 𠃍 一 丨 𠃍 丿 丶","丨 丶 一 𠃍 丿 丿 丶 ㇀ 丨 𠃍 丨 乛"
"cnwstqi2610","primary","N","A","掌","掌","掌","丨 丶 丿 ㇀ 乛 丨 𠃍 一 丿 一 一 亅","丨 丶 丨 𠃍 一 亅 乛 丿 丿 一 ㇀ 一"
"cnwstqi2611","primary","N","B","晴","晴","晴","丨 𠃍 一 一 一 一 丨 𠃌 一 一 一 丨","丨 𠃍 一 一 一 一 丨 一 丨 𠃌 一 一"
"cnwstqi2612","primary","N","B","睐","睐","睐","丨 𠃍 丿 丶 一 ㇏ 一 一 一 丨 丿 一","丨 𠃍 一 一 一 一 丶 丿 一 丨 丿 ㇏"
"cnwstqi2613","primary","N","B","暑","暑","暑","丨 𠃍 一 一 𠃍 一 丨 丨 一 一 一 丿","丨 𠃍 一 一 一 丨 一 丿 丨 𠃍 一 一"
"cnwstqi2614","primary","N","B","最","最","最","丨 𠃍 一 丨 ㇏ 一 一 一 丨 一 ㇀ ㇇","丨 𠃍 一 一 一 丨 丨 一 一 ㇀ ㇇ ㇏"
"cnwstqi2615","primary","N","A","晰","晰","晰","丨 𠃍 一 一 一 丨 丿 丶 丿 丿 一 丨","丨 𠃍 丿 丨 丶 丿 丿 一 一 丨 一 一"
"cnwstqi2616","primary","N","B","量","量","量","丨 𠃍 一 一 一 丨 一 𠃍 丨 一 一 一","丨 𠃍 一 一 一 丨 𠃍 一 一 丨 一 一"
"cnwstqi2617","primary","N","B","鼎","鼎","鼎","丨 𠃍 一 𠃑 一 一 𠃍 丨 丨 一 丿 一","丨 𠃍 一 一 一 𠃑 一 丿 丨 一 丨 𠃍"
"cnwstqi2618","primary","N","A","喷","喷","喷","丨 𠃍 一 一 丨 一 丨 丨 丨 𠃍 丿 丶","丨 𠃍 𠃍 一 丨 丨 一 丶 一 丿 丨 丨"
"cnwstqi2619","primary","N","B","喳","喳","喳","丨 𠃍 ㇏ 一 𠃍 一 一 丿 丨 一 一 丨","丨 𠃍 一 一 丨 丿 ㇏ 丨 𠃍 一 一 一"
"cnwstqi2620","primary","N","B","晶","晶","晶","丨 𠃍 𠃍 丨 一 一 一 一 一 𠃍 一 丨","丨 𠃍 一 一 丨 𠃍 一 一 丨 𠃍 一 一"
"cnwstqi2621","primary","N","B","喇","喇","喇","丨 𠃍 𠃍 亅 丿 一 一 丶 丨 丨 丨 一","丨 𠃍 一 一 丨 𠃍 一 丨 丿 丶 丨 亅"
"cnwstqi2622","primary","N","A","遇","遇","遇","丨 𠃍 一 一 丨 𠃌 丨 ㇀ 丶 丶 ㇋ ㇏","丨 𠃍 丶 ㇋ ㇏ 𠃌 丶 ㇀ 丨 丨 一 一"
"cnwstqi2623","primary","N","B","喊","喊","喊","丨 𠃍 𠃍 ㇂ 丶 丿 一 一 一 丿 一 丨","丨 𠃍 一 一 丿 一 丨 𠃍 一 ㇂ 丿 丶"
"cnwstqi2624","primary","N","B","遏","遏","遏","丨 𠃍 丶 𠃌 一 ㇏ 一 ㇄ 丶 ㇋ 丿 丿","丨 𠃍 一 一 丿 𠃌 丿 丶 ㇄ 丶 ㇋ ㇏"
"cnwstqi2625","primary","N","A","晾","晾","晾","丨 𠃍 一 一 丶 一 丨 𠃍 一 亅 丿 丶","丨 𠃍 一 丨 亅 丿 一 一 𠃍 丶 丶 一"
"cnwstqi2626","primary","N","A","景","景","景","丨 𠃍 一 一 丶 一 丨 𠃍 一 亅 丿 丶","丨 𠃍 亅 丿 一 丶 丨 𠃍 一 丶 一 一"
"cnwstqi2627","primary","N","A","畴","畴","畴","丨 𠃍 一 丨 一 一 一 一 丿 一 亅 丶","丨 𠃍 丨 丶 一 亅 一 一 一 一 丿 一"
"cnwstqi2628","primary","N","A","践","践","践","丨 𠃍 一 丨 一 丨 ㇀ 一 一 ㇂ 丿 丶","丨 𠃍 丨 一 一 丶 ㇀ ㇂ 一 丿 丨 一"
"cnwstqi2629","primary","N","A","跋","跋","跋","丨 𠃍 一 丨 一 丨 ㇀ 一 丿 ㇇ ㇏ 丶","丨 𠃍 ㇏ ㇇ 一 ㇀ 丨 丶 丿 一 一 丨"
"cnwstqi2630","primary","N","A","跌","跌","跌","丨 𠃍 一 丨 一 丨 ㇀ 丿 一 一 丿 ㇏","丨 𠃍 丿 丿 丨 一 一 一 ㇏ 一 ㇀ 丨"
"cnwstqi2631","primary","N","A","跑","跑","跑","丨 𠃍 一 丨 一 丨 ㇀ 丿 𠃌 𠃍 一 乚","丨 𠃍 一 一 乚 丨 丿 𠃍 𠃌 丨 一 ㇀"
"cnwstqi2632","primary","N","A","跛","跛","跛","丨 𠃍 一 丨 一 丨 ㇀ 乛 丿 丨 ㇇ ㇏","丨 𠃍 ㇏ 一 丿 ㇀ 乛 丨 一 丨 丨 ㇇"
"cnwstqi2633","primary","N","B","遗","遗","遗","丨 𠃍 丨 ㇏ 𠃍 丶 丶 一 丨 丿 一 ㇋","丨 𠃍 一 丨 一 丨 𠃍 丿 丶 丶 ㇋ ㇏"
"cnwstqi2634","primary","N","B","蛙","蛙","蛙","丨 𠃍 一 一 丨 一 丶 丨 一 一 一 丨","丨 𠃍 一 丨 一 丶 一 丨 一 一 丨 一"
"cnwstqi2635","primary","N","A","蛛","蛛","蛛","丨 𠃍 一 丨 一 丶 丿 一 一 丨 丿 ㇏","丨 𠃍 ㇏ 一 丶 丿 一 一 一 丿 丨 丨"
"cnwstqi2636","primary","N","B","蜓","蜓","蜓","丨 𠃍 丶 一 ㇋ 丨 丨 一 ㇏ 一 一 丿","丨 𠃍 一 丨 一 丶 丿 一 丨 一 ㇋ ㇏"
"cnwstqi2637","primary","N","A","蜒","蜒","蜒","丨 𠃍 一 丨 一 丶 丿 丨 一 ㇄ ㇋ ㇏","丨 𠃍 ㇋ 一 丶 ㇏ 丨 一 丿 ㇄ 丨 一"
"cnwstqi2638","primary","N","B","蛤","蛤","蛤","丨 𠃍 ㇏ 丨 一 一 一 𠃍 丨 丿 一 丶","丨 𠃍 一 丨 一 丶 丿 ㇏ 一 丨 𠃍 一"
"cnwstqi2639","primary","N","A","喝","喝","喝","丨 𠃍 一 丨 𠃍 一 一 丿 𠃌 丿 丶 ㇄","丨 𠃍 丨 ㇄ 丶 丿 一 𠃍 丿 𠃌 一 一"
"cnwstqi2640","primary","N","A","鹃","鹃","鹃","丨 𠃍 一 丨 𠃌 一 一 丿 𠃌 丶 ㇉ 一","丨 𠃍 丿 ㇉ 一 𠃌 一 𠃌 一 丶 丨 一"
"cnwstqi2641","primary","N","B","喂","喂","喂","丨 𠃍 ㇏ 丨 𠄌 丨 一 𠃍 一 一 一 丿","丨 𠃍 一 丨 𠃍 一 丨 一 一 𠄌 丿 ㇏"
"cnwstqi2642","primary","N","B","喘","喘","喘","丨 𠃍 丨 一 丨 ㇄ 丨 丨 一 丨 𠃌 丿","丨 𠃍 一 丨 ㇄ 丨 一 丿 丨 𠃌 丨 丨"
"cnwstqi2643","primary","N","B","喉","喉","喉","丨 𠃍 𠃍 一 丿 一 丨 丿 一 一 丿 ㇏","丨 𠃍 一 丿 丨 𠃍 一 丿 一 一 丿 ㇏"
"cnwstqi2644","primary","N","A","喻","喻","喻","丨 𠃍 一 丿 ㇏ 一 丨 𠃌 一 一 丨 亅","丨 𠃍 丿 丨 ㇏ 𠃌 亅 一 一 一 一 丨"
"cnwstqi2645","primary","N","B","啼","啼","啼","丨 𠃍 ㇀ 丨 丶 一 一 丶 𠃌 丨 乛 丿","丨 𠃍 一 丶 一 丶 丿 ㇀ 乛 丨 𠃌 丨"
"cnwstqi2646","primary","N","B","喧","喧","喧","丨 𠃍 丨 ㇀ 丶 一 一 𠃍 一 一 一 乛","丨 𠃍 一 丶 ㇀ 乛 一 丨 𠃍 一 一 一"
"cnwstqi2647","primary","N","A","嵌","嵌","嵌","丨 ㇄ 丨 一 丨 丨 一 一 丿 乛 丿 ㇏","丨 ㇄ 一 丨 ㇏ 丿 一 丿 乛 丨 丨 一"
"cnwstqi2648","primary","N","A","幅","幅","幅","丨 𠃌 丨 一 丨 𠃍 一 丨 𠃍 一 丨 一","丨 𠃌 一 一 丨 一 丨 丨 一 𠃍 𠃍 丨"
"cnwstqi2649","primary","N","A","帽","帽","帽","丨 𠃌 丨 丨 𠃍 一 一 丨 𠃍 一 一 一","丨 𠃌 一 丨 𠃍 一 一 丨 一 𠃍 丨 一"
"cnwstqi2650","primary","N","B","赋","赋","赋","丨 𠃍 丶 丿 丶 ㇀ 丨 丨 一 一 一 ㇂","丨 𠃍 丿 丶 一 一 丨 一 丨 ㇀ ㇂ 丶"
"cnwstqi2651","primary","N","B","赌","赌","赌","丨 𠃍 丨 一 丿 丶 一 丿 丨 一 一 𠃍","丨 𠃍 丿 丶 一 丨 一 丿 丨 𠃍 一 一"
"cnwstqi2652","primary","N","A","赎","赎","赎","丨 𠃍 丿 丶 一 丨 乛 丶 丶 一 丿 丶","丨 𠃍 丶 丿 丿 丶 丶 一 丨 一 乛 丶"
"cnwstqi2653","primary","N","A","赐","赐","赐","丨 𠃍 丿 丶 丨 𠃍 一 一 丿 𠃌 丿 丿","丨 𠃍 丿 一 丨 丿 丿 一 丶 𠃍 𠃌 丿"
"cnwstqi2654","primary","N","B","赔","赔","赔","丨 𠃍 丶 丿 一 一 丨 𠃍 一 丶 丿 丶","丨 𠃍 丿 丶 丶 一 丶 丿 一 丨 𠃍 一"
"cnwstqi2655","primary","N","A","黑","黑","黑","丨 𠃍 丶 丿 一 丨 一 一 ㇀ 丶 丶 丶","丨 𠃍 一 丿 ㇀ 丨 丶 丶 一 一 丶 丶"
"cnwstqi2656","primary","N","B","铸","铸","铸","丿 一 一 一 𠄌 丿 一 一 丶 一 一 亅","丿 一 一 一 𠄌 一 一 一 丿 一 亅 丶"
"cnwstqi2657","primary","N","B","铺","铺","铺","丿 一 一 𠃌 丶 丨 一 一 丨 一 一 𠄌","丿 一 一 一 𠄌 一 丨 𠃌 一 一 丨 丶"
"cnwstqi2658","primary","N","A","链","链","链","丿 一 一 一 𠄌 一 𠃋 一 丨 丶 ㇋ ㇏","丿 一 丶 一 𠃋 一 ㇋ 𠄌 丨 ㇏ 一 一"
"cnwstqi2659","primary","N","B","销","销","销","丿 一 一 一 一 丿 一 丶 𠄌 丨 丨 𠃌","丿 一 一 一 𠄌 丨 丶 丿 丨 𠃌 一 一"
"cnwstqi2660","primary","N","A","锁","锁","锁","丿 一 一 一 𠄌 丨 丶 丿 丨 𠃍 丿 丶","丿 一 丿 一 一 𠄌 丶 丨 丿 丶 丨 𠃍"
"cnwstqi2661","primary","N","A","锄","锄","锄","丿 一 一 一 𠄌 丨 𠃍 一 一 ㇀ 𠃌 丿","丿 一 𠃌 𠃍 ㇀ 丿 一 一 一 𠄌 一 丨"
"cnwstqi2662","primary","N","B","锅","锅","锅","丿 一 𠄌 一 丨 一 𠃍 丿 一 丶 丨 𠃌","丿 一 一 一 𠄌 丨 𠃍 一 丨 𠃌 丿 丶"
"cnwstqi2663","primary","N","A","锈","锈","锈","丿 一 一 一 𠄌 丿 一 丨 丿 ㇏ 𠄎 丿","丿 一 一 丿 𠄎 ㇏ 丨 丿 一 丿 𠄌 一"
"cnwstqi2664","primary","N","B","锋","锋","锋","丿 一 一 ㇏ 丨 一 𠄌 一 一 一 丿 ㇇","丿 一 一 一 𠄌 丿 ㇇ ㇏ 一 一 一 丨"
"cnwstqi2665","primary","N","A","锌","锌","锌","丿 一 一 一 𠄌 丶 一 丶 丿 一 一 丨","丿 一 丨 丶 丿 一 一 𠄌 一 一 丶 一"
"cnwstqi2666","primary","N","B","锐","锐","锐","丿 一 丨 乚 一 𠃍 丿 𠄌 一 一 丶 丿","丿 一 一 一 𠄌 丶 丿 丨 𠃍 一 丿 乚"
"cnwstqi2667","primary","N","A","甥","甥","甥","丿 一 一 丨 ㇀ 丨 𠃍 一 丨 一 𠃌 丿","丿 一 丨 一 丿 丨 丨 一 𠃌 𠃍 一 ㇀"
"cnwstqi2668","primary","N","A","掰","掰","掰","丿 一 一 丿 丿 ㇏ 𠃌 丿 丿 一 一 亅","丿 一 丿 ㇏ 丿 一 𠃌 丿 亅 一 丿 一"
"cnwstqi2669","primary","N","B","短","短","短","丿 一 一 一 丿 丶 丶 一 丿 丨 𠃍 一","丿 一 一 丿 丶 一 丨 𠃍 一 丶 丿 一"
"cnwstqi2670","primary","N","A","智","智","智","丿 一 一 丿 丶 丨 𠃍 一 丨 𠃍 一 一","丿 一 丶 丿 一 一 𠃍 一 丨 丨 𠃍 一"
"cnwstqi2671","primary","N","B","氮","氮","氮","丿 一 丶 ⺄ 丿 丿 ㇀ 一 丶 丿 ㇀ 丿","丿 一 一 ⺄ ㇀ 丿 丿 丶 ㇀ 丿 丿 丶"
"cnwstqi2672","primary","N","A","毯","毯","毯","丿 一 一 乚 ㇀ 丿 丿 丶 ㇀ 丿 丿 丶","丿 一 丿 ㇀ 丿 丿 ㇀ 乚 丶 丶 一 丿"
"cnwstqi2673","primary","N","A","氯","氯","氯","丿 一 一 ⺄ 𠃍 一 一 亅 丶 ㇀ 丿 丶","丿 一 一 丶 𠃍 丶 ⺄ 丿 一 亅 ㇀ 一"
"cnwstqi2674","primary","N","A","鹅","鹅","鹅","丿 一 亅 ㇀ ㇂ 丿 丶 丿 𠃌 丶 ㇉ 一","丿 一 ㇂ 𠃌 亅 一 ㇉ 丿 丿 丶 丶 ㇀"
"cnwstqi2675","primary","N","B","剩","剩","剩","丿 一 丿 一 亅 丨 丨 ㇀ 丨 丶 乚 丿","丿 一 丨 丨 一 ㇀ 丿 乚 丿 丶 丨 亅"
"cnwstqi2676","primary","N","A","稍","稍","稍","丿 一 丨 丿 丶 丨 丶 丿 丨 𠃌 一 一","丿 一 丨 一 一 丿 丿 丨 丶 丨 丶 𠃌"
"cnwstqi2677","primary","N","A","程","程","程","丿 一 丨 丿 丶 丨 𠃍 一 一 一 丨 一","丿 一 丿 一 丨 一 丨 一 𠃍 丨 丶 一"
"cnwstqi2678","primary","N","A","稀","稀","稀","丿 一 丨 丿 丶 丿 丶 一 丿 丨 𠃌 丨","丿 一 丶 丨 丿 丶 丿 丿 一 丨 𠃌 丨"
"cnwstqi2679","primary","N","A","税","税","税","丿 一 丨 丿 丶 丶 丿 丨 𠃍 一 丿 乚","丿 一 丶 丿 丨 丨 丶 丿 乚 一 𠃍 丿"
"cnwstqi2680","primary","N","B","筐","筐","筐","丿 一 一 丿 ㇄ 一 丶 一 一 丶 一 丨","丿 一 丶 丿 一 丶 一 一 一 丨 一 ㇄"
"cnwstqi2681","primary","N","B","等","等","等","丿 一 丨 丶 丶 一 一 一 丶 丿 一 亅","丿 一 丶 丿 一 丶 一 丨 一 一 亅 丶"
"cnwstqi2682","primary","N","B","筑","筑","筑","丿 一 丿 丶 一 丨 丶 ⺄ 一 丶 ㇀ 丿","丿 一 丶 丿 一 丶 一 丨 ㇀ 丿 ⺄ 丶"
"cnwstqi2683","primary","N","B","策","策","策","丿 一 𠃌 丿 丶 一 丨 丿 丨 丶 一 ㇏","丿 一 丶 丿 一 丶 一 丨 𠃌 丨 丿 ㇏"
"cnwstqi2684","primary","N","B","筛","筛","筛","丿 一 丶 丨 丿 丶 丨 丨 丿 𠃌 一 一","丿 一 丶 丿 一 丶 丨 丿 一 丨 𠃌 丨"
"cnwstqi2685","primary","N","B","筒","筒","筒","丿 一 一 丨 𠃌 丿 丶 𠃍 丨 一 一 丶","丿 一 丶 丿 一 丶 丨 𠃌 一 丨 𠃍 一"
"cnwstqi2686","primary","N","B","筏","筏","筏","丿 一 一 丨 丶 丿 丿 一 ㇂ 丶 丿 丶","丿 一 丶 丿 一 丶 丿 丨 一 ㇂ 丿 丶"
"cnwstqi2687","primary","N","B","答","答","答","丿 一 ㇏ 𠃍 丿 一 丿 一 丶 一 丨 丶","丿 一 丶 丿 一 丶 丿 ㇏ 一 丨 𠃍 一"
"cnwstqi2688","primary","N","A","筋","筋","筋","丿 一 丶 丿 一 丶 丿 𠃌 一 一 𠃌 丿","丿 一 𠃌 丶 丿 一 一 丿 一 𠃌 丿 丶"
"cnwstqi2689","primary","N","A","筝","筝","筝","丿 一 丶 丿 一 丶 丿 ㇇ 𠃍 一 一 亅","丿 一 一 一 亅 一 丶 丿 丿 丶 ㇇ 𠃍"
"cnwstqi2690","primary","N","A","傲","傲","傲","丿 丨 一 一 丨 一 𠃌 丿 丿 一 丿 ㇏","丿 丨 丿 丨 丿 一 一 一 丿 一 ㇏ 𠃌"
"cnwstqi2691","primary","N","A","傅","傅","傅","丿 丨 一 丨 𠃍 一 一 丨 丶 一 亅 丶","丿 丨 亅 丨 𠃍 丶 一 一 丨 一 丶 一"
"cnwstqi2692","primary","N","B","牌","牌","牌","丿 丨 𠃍 一 丨 一 丿 丨 丿 𠃍 一 一","丿 丨 一 𠃍 丿 丨 𠃍 一 一 丿 一 丨"
"cnwstqi2693","primary","N","B","堡","堡","堡","丿 丨 丨 丿 ㇏ 一 丨 一 一 一 𠃍 丨","丿 丨 丨 𠃍 一 一 丨 丿 ㇏ 一 丨 一"
"cnwstqi2694","primary","N","B","集","集","集","丿 丨 一 一 ㇏ 一 丨 丿 丨 一 丶 一","丿 丨 丶 一 一 一 丨 一 一 丨 丿 ㇏"
"cnwstqi2695","primary","N","A","焦","焦","焦","丿 丨 丶 一 一 一 丨 一 ㇀ 丶 丶 丶","丿 丨 丶 丶 一 ㇀ 丨 一 丶 一 一 丶"
"cnwstqi2696","primary","N","B","傍","傍","傍","丿 丨 一 丶 𠃌 ㇀ 丿 丶 乛 丶 丿 一","丿 丨 丶 一 丶 丿 ㇀ 乛 丶 一 𠃌 丿"
"cnwstqi2697","primary","N","B","储","储","储","丿 丨 ㇊ 一 丿 𠃍 丶 一 一 丨 丨 一","丿 丨 丶 ㇊ 一 丨 一 丿 丨 𠃍 一 一"
"cnwstqi2698","primary","N","A","皓","皓","皓","丿 丨 𠃍 一 一 丿 一 丨 一 丨 𠃍 一","丿 丨 一 丨 丨 一 一 丿 𠃍 𠃍 一 一"
"cnwstqi2699","primary","N","A","皖","皖","皖","丿 丨 𠃍 一 一 丶 ㇀ 乛 一 一 丿 乚","丿 丨 一 乚 丶 𠃍 一 丿 一 乛 一 ㇀"
"cnwstqi2700","primary","N","A","粤","粤","粤","丿 丨 𠃍 丶 丿 一 丨 丿 丶 一 一 ㇉","丿 丨 一 丿 ㇉ 丶 丿 一 𠃍 丨 一 丶"
"cnwstqi2701","primary","N","B","奥","奥","奥","丿 丨 丿 丿 一 𠃍 丿 一 丨 丶 ㇏ 丶","丿 丨 𠃍 丶 丿 一 丨 丿 丶 一 丿 ㇏"
"cnwstqi2702","primary","N","A","街","街","街","丿 丿 丨 一 丨 一 一 丨 ㇀ 一 一 亅","丿 丿 ㇀ 一 亅 一 丨 丨 一 丨 一 一"
"cnwstqi2703","primary","N","B","惩","惩","惩","丿 丿 一 一 丨 ㇃ 丶 ㇀ 一 丶 丨 丨","丿 丿 丨 一 丨 一 丨 一 ㇀ ㇃ 丶 丶"
"cnwstqi2704","primary","N","A","御","御","御","丿 丿 丨 丿 一 一 丨 一 丨 ㇀ 𠃌 丨","丿 丿 一 丨 丨 一 ㇀ 𠃌 丿 丨 丨 一"
"cnwstqi2705","primary","N","B","循","循","循","丿 丿 丨 丿 一 𠃍 一 丿 丨 丨 一 一","丿 丿 丨 丿 丿 一 丨 丨 𠃍 一 一 一"
"cnwstqi2706","primary","N","A","艇","艇","艇","丿 丿 𠃌 丶 一 丶 丿 一 丨 一 ㇋ ㇏","丿 丿 ㇋ 丨 ㇏ 一 一 丶 丶 𠃌 一 丿"
"cnwstqi2707","primary","N","A","舒","舒","舒","丿 丶 一 一 丨 丨 𠃍 一 ㇇ 丶 乛 亅","丿 丶 丨 一 ㇇ 一 丶 亅 一 乛 𠃍 丨"
"cnwstqi2708","primary","N","A","逾","逾","逾","丿 ㇏ 一 丨 𠃌 一 一 丨 亅 丶 ㇋ ㇏","丿 ㇏ 一 丶 ㇋ 亅 丨 𠃌 一 ㇏ 丨 一"
"cnwstqi2709","primary","N","B","番","番","番","丿 丶 丨 一 𠃍 丨 丿 一 ㇏ 一 丿 丨","丿 丶 丿 一 丨 丿 ㇏ 丨 𠃍 一 丨 一"
"cnwstqi2710","primary","N","A","释","释","释","丿 丶 丿 一 丨 丿 丶 ㇇ ㇏ 一 一 丨","丿 丶 一 丿 丿 一 丨 丶 丨 ㇏ ㇇ 一"
"cnwstqi2711","primary","N","A","禽","禽","禽","丿 ㇏ 丶 一 丿 丶 ㇄ 丨 丨 𠃌 𠃋 丶","丿 ㇏ 丶 一 丶 ㇄ 𠃌 丨 丨 丶 丿 𠃋"
"cnwstqi2712","primary","N","B","腊","腊","腊","丿 𠃌 一 一 一 丨 𠃍 丨 丨 一 一 一","丿 𠃌 一 一 一 丨 丨 一 丨 𠃍 一 一"
"cnwstqi2713","primary","N","B","脾","脾","脾","丿 𠃌 一 一 一 一 丿 𠃍 一 丿 丨 丨","丿 𠃌 一 一 丿 丨 𠃍 一 一 丿 一 丨"
"cnwstqi2714","primary","N","A","腋","腋","腋","丿 𠃌 一 一 丶 一 丿 丨 丿 ㇇ 丶 ㇏","丿 𠃌 丶 ㇏ 丿 丿 丶 一 一 ㇇ 丨 一"
"cnwstqi2715","primary","N","B","腔","腔","腔","丿 𠃌 丶 丶 丨 一 一 一 丿 ㇀ 乛 一","丿 𠃌 一 一 丶 ㇀ 乛 丿 丶 一 丨 一"
"cnwstqi2716","primary","N","B","腕","腕","腕","丿 𠃌 乛 ㇀ 丶 丶 乚 一 𠃌 乛 丿 一","丿 𠃌 一 一 丶 ㇀ 乛 丿 乛 丶 𠃌 乚"
"cnwstqi2717","primary","N","B","鲁","鲁","鲁","丿 ㇇ 一 一 丨 𠃍 一 一 丨 𠃍 丨 一","丿 ㇇ 丨 𠃍 一 丨 一 一 丨 𠃍 一 一"
"cnwstqi2718","primary","N","A","猩","猩","猩","丿 ㇁ 丿 丨 𠃍 一 一 丿 一 一 丨 一","丿 ㇁ 丿 一 丨 一 𠃍 一 丨 一 丿 一"
"cnwstqi2719","primary","N","A","猬","猬","猬","丿 ㇁ 丿 丨 𠃍 一 丨 一 丨 𠃌 一 一","丿 ㇁ 𠃌 一 丨 丿 丨 一 丨 𠃍 一 一"
"cnwstqi2720","primary","N","B","猾","猾","猾","丿 ㇁ 乛 一 𠃍 丨 丿 ㇀ 丨 一 𠃍 𠃌","丿 ㇁ 丿 丨 𠃍 𠃍 ㇀ 乛 丨 𠃌 一 一"
"cnwstqi2721","primary","N","A","猴","猴","猴","丿 ㇁ 丿 丿 丨 𠃍 一 丿 一 一 丿 ㇏","丿 ㇁ 一 一 一 丿 丿 丿 𠃍 丨 ㇏ 丿"
"cnwstqi2722","primary","N","B","惫","惫","惫","丿 ㇇ ㇀ 丨 丶 𠃍 ㇃ 丨 ㇏ 一 一 丶","丿 ㇇ ㇏ 丨 𠃍 一 丨 一 ㇀ ㇃ 丶 丶"
"cnwstqi2723","primary","N","A","然","然","然","丿 ㇇ 丶 丶 一 丿 ㇏ 丶 ㇀ 丶 丶 丶","丿 ㇇ 丶 丶 ㇏ 丶 一 丿 ㇀ 丶 丶 丶"
"cnwstqi2724","primary","N","B","馈","馈","馈","丿 乛 一 𠄌 丨 丶 丨 𠃍 𠃍 丨 丿 一","丿 乛 𠄌 丨 𠃍 一 丨 一 丨 𠃍 丿 丶"
"cnwstqi2725","primary","N","A","馋","馋","馋","丿 乛 𠄌 丿 ㇇ 丨 𠃍 一 丿 乚 丶 丶","丿 乛 一 丶 ㇇ 𠄌 乚 丶 𠃍 丨 丿 丿"
"cnwstqi2726","primary","N","B","装","装","装","丶 ㇀ 𠄌 一 丿 丶 丨 一 丿 丨 一 ㇏","丶 ㇀ 丨 一 丨 一 丶 一 丿 𠄌 丿 ㇏"
"cnwstqi2727","primary","N","B","蛮","蛮","蛮","丶 一 一 丶 丶 丨 一 丨 丿 𠃍 丨 丨","丶 一 丨 丨 丿 丶 丨 𠃍 一 丨 一 丶"
"cnwstqi2728","primary","N","B","就","就","就","丶 一 丿 一 亅 乚 丶 𠃍 丨 一 丿 丶","丶 一 丨 𠃍 一 亅 丿 丶 一 丿 乚 丶"
"cnwstqi2729","primary","N","A","敦","敦","敦","丶 一 丨 𠃍 一 ㇇ 亅 ㇀ 丿 一 丿 ㇏","丶 一 丿 亅 ㇇ 丨 一 ㇏ ㇀ 一 丿 𠃍"
"cnwstqi2730","primary","N","A","斌","斌","斌","丶 一 丿 丶 一 一 丨 一 丨 ㇀ ㇂ 丶","丶 一 一 丶 一 ㇂ ㇀ 丨 一 丨 丿 丶"
"cnwstqi2731","primary","N","A","痘","痘","痘","丶 一 丿 丶 ㇀ 一 丨 𠃍 一 丶 丿 一","丶 一 𠃍 ㇀ 丶 一 丿 丿 丶 一 一 丨"
"cnwstqi2732","primary","N","A","痢","痢","痢","丶 一 丿 丶 ㇀ 丿 一 丨 丿 丶 丨 亅","丶 一 一 丨 丨 丿 丿 ㇀ 丶 亅 丿 丶"
"cnwstqi2733","primary","N","B","痪","痪","痪","丶 一 丶 丨 ㇇ ㇏ 𠃍 丿 丿 一 丿 ㇀","丶 一 丿 丶 ㇀ 丿 ㇇ 丨 𠃍 一 丿 ㇏"
"cnwstqi2734","primary","N","B","痛","痛","痛","丶 一 ㇇ 丨 一 一 𠃌 ㇀ 丶 丶 丿 丨","丶 一 丿 丶 ㇀ ㇇ 丶 丨 𠃌 一 一 丨"
"cnwstqi2735","primary","N","B","童","童","童","丶 一 𠃍 一 一 丨 一 一 丿 一 丨 丶","丶 一 丶 丿 一 丨 𠃍 一 一 丨 一 一"
"cnwstqi2736","primary","N","A","竣","竣","竣","丶 一 丶 丿 ㇀ 𠃋 丶 丿 丶 丿 ㇇ ㇏","丶 一 丶 丶 ㇇ 丿 丿 𠃋 丿 ㇏ ㇀ 丶"
"cnwstqi2737","primary","N","A","阔","阔","阔","丶 丨 𠃌 丶 丶 ㇀ 丿 一 丨 丨 𠃍 一","丶 丨 丶 丨 一 𠃍 一 丶 ㇀ 𠃌 丨 丿"
"cnwstqi2738","primary","N","B","善","善","善","丶 丿 丶 丨 丿 一 一 一 𠃍 一 一 丨","丶 丿 一 一 一 丨 丶 丿 一 丨 𠃍 一"
"cnwstqi2739","primary","N","B","翔","翔","翔","丶 丿 丿 ㇀ ㇀ 一 𠃌 丶 一 𠃌 一 丶","丶 丿 一 一 一 丿 𠃌 丶 ㇀ 𠃌 丶 ㇀"
"cnwstqi2740","primary","N","A","羡","羡","羡","丶 丿 一 一 丨 一 丶 ㇀ 丿 乛 丿 ㇏","丶 丿 乛 丿 丿 ㇏ 一 一 丨 丶 ㇀ 一"
"cnwstqi2741","primary","N","B","普","普","普","丶 丿 丨 𠃍 丨 丨 一 丿 一 一 一 丶","丶 丿 一 丨 丨 丶 丿 一 丨 𠃍 一 一"
"cnwstqi2742","primary","N","A","粪","粪","粪","丶 丿 一 丨 丿 ㇏ 一 丨 丨 一 丿 丶","丶 丿 一 丶 一 丨 丨 丿 ㇏ 一 丿 丨"
"cnwstqi2743","primary","N","A","尊","尊","尊","丶 丿 一 丨 𠃍 丿 ㇄ 一 一 一 亅 丶","丶 丿 一 丿 一 一 ㇄ 𠃍 一 丨 亅 丶"
"cnwstqi2744","primary","N","B","奠","奠","奠","丶 丿 ㇄ 丨 一 一 一 𠃍 ㇏ 一 丿 丿","丶 丿 一 丨 𠃍 丿 ㇄ 一 一 一 丿 ㇏"
"cnwstqi2745","primary","N","A","道","道","道","丶 丿 一 丿 丨 𠃍 一 一 一 丶 ㇋ ㇏","丶 丿 一 丨 ㇏ 一 丿 ㇋ 𠃍 丶 一 一"
"cnwstqi2746","primary","N","A","遂","遂","遂","丶 丿 一 丿 ㇁ 丿 丿 丿 丶 丶 ㇋ ㇏","丶 丿 丶 丿 ㇏ 丿 一 丿 丿 ㇋ 丶 ㇁"
"cnwstqi2747","primary","N","A","曾","曾","曾","丶 丿 丨 𠃍 丨 丶 丿 一 丨 𠃍 一 一","丶 丿 丨 丨 丶 丨 丿 𠃍 一 𠃍 一 一"
"cnwstqi2748","primary","N","A","焰","焰","焰","㇀ 丿 丿 丶 丿 ㇇ 丿 丨 一 𠃍 一 一","㇀ 丿 𠃍 丶 一 丿 丿 丨 一 丿 一 ㇇"
"cnwstqi2749","primary","N","B","港","港","港","丶 丶 𠃍 丨 ㇀ ㇏ 一 乚 一 一 丿 丨","丶 丶 ㇀ 一 丨 丨 一 丿 ㇏ 𠃍 一 乚"
"cnwstqi2750","primary","N","B","滞","滞","滞","丶 丶 ㇀ 丨 丨 ㇀ 丨 一 丨 𠃌 乛 丨","丶 丶 ㇀ 一 丨 丨 丨 ㇀ 乛 丨 𠃌 丨"
"cnwstqi2751","primary","N","A","湖","湖","湖","丶 丶 ㇀ 一 丨 丨 𠃍 一 丿 𠃌 一 一","丶 丶 一 ㇀ 一 一 丨 丿 丨 𠃍 一 𠃌"
"cnwstqi2752","primary","N","B","湘","湘","湘","丶 丶 ㇀ 一 一 丶 丨 一 一 𠃍 丿 丨","丶 丶 ㇀ 一 丨 丿 丶 丨 𠃍 一 一 一"
"cnwstqi2753","primary","N","A","渣","渣","渣","丶 丶 ㇀ 一 丨 丿 ㇏ 丨 𠃍 一 一 一","丶 丶 一 丨 一 一 𠃍 一 ㇀ ㇏ 丿 丨"
"cnwstqi2754","primary","N","B","渤","渤","渤","丶 丶 ㇇ 丨 乛 𠃌 亅 ㇀ 丿 ㇀ 一 ㇀","丶 丶 ㇀ 一 丨 ㇀ 乛 ㇇ 亅 ㇀ 𠃌 丿"
"cnwstqi2755","primary","N","A","渺","渺","渺","丶 丶 ㇀ 丨 𠃍 一 一 一 丨 丿 丶 丿","丶 丶 丿 𠃍 丶 丿 一 一 一 丨 丨 ㇀"
"cnwstqi2756","primary","N","B","湿","湿","湿","丶 丶 丶 丨 一 ㇀ 一 一 𠃍 丨 丨 丿","丶 丶 ㇀ 丨 𠃍 一 一 丨 丨 丶 丿 一"
"cnwstqi2757","primary","N","B","温","温","温","丶 丶 一 丨 一 一 丨 𠃍 𠃍 丨 ㇀ 丨","丶 丶 ㇀ 丨 𠃍 一 一 丨 𠃍 丨 丨 一"
"cnwstqi2758","primary","N","A","渴","渴","渴","丶 丶 ㇀ 丨 𠃍 一 一 丿 𠃌 丿 丶 ㇄","丶 丶 一 丨 ㇄ 丿 𠃍 一 𠃌 丿 ㇀ 丶"
"cnwstqi2759","primary","N","B","溃","溃","溃","丶 丶 丨 ㇀ 丿 丶 𠃍 一 一 丨 𠃍 丨","丶 丶 ㇀ 丨 𠃍 一 丨 一 丨 𠃍 丿 丶"
"cnwstqi2760","primary","N","B","溅","溅","溅","丶 丶 ㇂ 𠃍 丶 丿 丨 丿 一 一 丶 ㇀","丶 丶 ㇀ 丨 𠃍 丿 丶 一 一 ㇂ 丿 丶"
"cnwstqi2761","primary","N","A","滑","滑","滑","丶 丶 ㇀ 丨 𠃍 𠃍 ㇀ 乛 丨 𠃌 一 一","丶 丶 𠃍 一 丨 𠃌 ㇀ 𠃍 乛 一 丨 ㇀"
"cnwstqi2762","primary","N","B","湃","湃","湃","丶 丶 一 ㇀ 丿 一 一 一 丿 一 一 丨","丶 丶 ㇀ 丿 一 一 丿 一 一 一 一 丨"
"cnwstqi2763","primary","N","B","渝","渝","渝","丶 丶 丨 一 亅 丿 一 一 ㇀ 𠃌 ㇏ 丨","丶 丶 ㇀ 丿 ㇏ 一 丨 𠃌 一 一 丨 亅"
"cnwstqi2764","primary","N","B","湾","湾","湾","丶 丶 丨 𠃍 丿 丶 一 丨 一 ㇀ 丶 ㇉","丶 丶 ㇀ 丶 一 丨 丨 丿 丶 𠃍 一 ㇉"
"cnwstqi2765","primary","N","B","渡","渡","渡","丶 丶 一 一 丨 ㇇ 丿 一 丶 ㇀ 丨 ㇏","丶 丶 ㇀ 丶 一 丿 一 丨 丨 一 ㇇ ㇏"
"cnwstqi2766","primary","N","A","游","游","游","丶 丶 ㇀ 丶 一 𠃌 丿 丿 一 ㇇ 亅 一","丶 丶 𠃌 一 亅 丶 丿 一 ㇇ ㇀ 一 丿"
"cnwstqi2767","primary","N","B","滋","滋","滋","丶 丶 丶 𠃋 丶 丿 𠃋 𠃋 𠃋 丶 一 ㇀","丶 丶 ㇀ 丶 丿 一 𠃋 𠃋 丶 𠃋 𠃋 丶"
"cnwstqi2768","primary","N","A","渲","渲","渲","丶 丶 ㇀ 丶 ㇀ 乛 一 丨 𠃍 一 一 一","丶 丶 一 𠃍 ㇀ 丨 丶 乛 一 一 一 ㇀"
"cnwstqi2769","primary","N","A","溉","溉","溉","丶 丶 ㇀ 𠃍 一 一 𠄌 丶 一 𠃋 丿 乚","丶 丶 一 一 一 𠄌 𠃍 𠃋 丿 ㇀ 乚 丶"
"cnwstqi2770","primary","N","A","愤","愤","愤","㇀ 丶 丨 一 丨 一 丨 丨 丨 𠃍 丿 丶","㇀ 丶 丨 丿 丨 丨 丨 𠃍 丨 一 一 丶"
"cnwstqi2771","primary","N","B","慌","慌","慌","㇀ 丶 乚 一 ㇄ 丨 一 丨 丨 丶 丿 丨","㇀ 丶 丨 一 丨 丨 丶 一 ㇄ 丿 丨 乚"
"cnwstqi2772","primary","N","B","惰","惰","惰","㇀ 丶 丨 丨 一 丨 一 一 丿 一 𠃌 一","㇀ 丶 丨 一 丿 一 丨 一 丨 𠃌 一 一"
"cnwstqi2773","primary","N","A","愕","愕","愕","㇀ 丶 丨 丨 𠃍 一 丨 𠃍 一 一 一 ㇉","㇀ 丶 丨 丨 ㇉ 一 𠃍 一 𠃍 丨 一 一"
"cnwstqi2774","primary","N","A","愣","愣","愣","㇀ 丶 丨 丨 𠃍 丨 丨 一 丶 一 𠃌 丿","㇀ 丶 一 丶 丨 𠃍 𠃌 一 丨 丨 丿 丨"
"cnwstqi2775","primary","N","A","惶","惶","惶","㇀ 丶 丨 丿 丨 𠃍 一 一 一 一 丨 一","㇀ 丶 一 一 𠃍 丨 丨 丨 一 丿 一 一"
"cnwstqi2776","primary","N","A","愧","愧","愧","㇀ 丶 丨 丿 丨 𠃍 一 一 丿 乚 𠃋 丶","㇀ 丶 𠃋 丶 丨 一 丿 丨 丿 一 乚 𠃍"
"cnwstqi2777","primary","N","B","愉","愉","愉","㇀ 丶 亅 一 𠃌 丨 一 丨 丿 ㇏ 一 丨","㇀ 丶 丨 丿 ㇏ 一 丨 𠃌 一 一 丨 亅"
"cnwstqi2778","primary","N","A","慨","慨","慨","㇀ 丶 丨 𠃍 一 一 𠄌 丶 一 𠃋 丿 乚","㇀ 丶 𠃍 一 𠃋 一 丨 丶 乚 𠄌 丿 一"
"cnwstqi2779","primary","N","B","割","割","割","丶 ㇀ 丨 乛 一 丨 𠃍 一 一 丨 一 亅","丶 ㇀ 乛 一 一 一 丨 丨 𠃍 一 丨 亅"
"cnwstqi2780","primary","N","A","寒","寒","寒","丶 ㇀ 乛 一 一 丨 丨 一 丿 ㇏ 丶 丶","丶 ㇀ 丨 一 ㇏ 丿 丶 乛 丶 一 丨 一"
"cnwstqi2781","primary","N","B","富","富","富","丶 ㇀ 𠃍 𠃍 丨 一 一 丨 一 丨 一 乛","丶 ㇀ 乛 一 丨 𠃍 一 丨 𠃍 一 丨 一"
"cnwstqi2782","primary","N","B","寓","寓","寓","丶 ㇀ ㇀ 丨 𠃌 丨 一 一 𠃍 乛 丨 丶","丶 ㇀ 乛 丨 𠃍 一 一 丨 𠃌 丨 ㇀ 丶"
"cnwstqi2783","primary","N","B","窜","窜","窜","丶 ㇀ 一 𠃍 丶 丨 丿 丨 丨 乛 𠃍 一","丶 ㇀ 乛 丿 丶 丨 𠃍 一 丨 𠃍 一 丨"
"cnwstqi2784","primary","N","B","窝","窝","窝","丶 ㇀ 丶 丨 𠃍 乛 𠃌 丿 丨 丶 丿 一","丶 ㇀ 乛 丿 丶 丨 𠃍 一 丨 𠃌 丿 丶"
"cnwstqi2785","primary","N","B","窖","窖","窖","丶 ㇀ 丿 丨 丿 丶 一 一 乛 𠃍 丨 一","丶 ㇀ 乛 丿 丶 丿 一 丨 一 丨 𠃍 一"
"cnwstqi2786","primary","N","B","窗","窗","窗","丶 ㇀ 𠃍 一 丿 丿 乛 丶 丶 丨 ㇇ 丿","丶 ㇀ 乛 丿 丶 丿 丨 𠃍 丿 ㇇ 丶 一"
"cnwstqi2787","primary","N","A","窘","窘","窘","丶 ㇀ 乛 丿 丶 𠃍 一 一 丿 丨 𠃍 一","丶 ㇀ 乛 丿 𠃍 一 一 丨 𠃍 一 丿 丶"
"cnwstqi2788","primary","N","A","遍","遍","遍","丶 𠃍 一 丿 丨 𠃌 一 丨 丨 丶 ㇋ ㇏","丶 𠃍 丨 一 丨 一 丨 丿 ㇋ ㇏ 𠃌 丶"
"cnwstqi2789","primary","N","A","雇","雇","雇","丶 𠃍 一 丿 丿 丨 丶 一 一 一 丨 一","丶 𠃍 丨 一 丶 一 一 一 丨 丿 丿 一"
"cnwstqi2790","primary","N","A","裕","裕","裕","丶 ㇇ 丨 丿 丶 丿 丶 丿 ㇏ 丨 𠃍 一","丶 ㇇ 一 丿 丿 丨 𠃍 丿 丶 丶 ㇏ 丨"
"cnwstqi2791","primary","N","B","裤","裤","裤","丶 ㇇ 丶 丶 一 𠃋 丨 丿 丨 一 丿 一","丶 ㇇ 丨 丿 丶 丶 一 丿 一 𠃋 一 丨"
"cnwstqi2792","primary","N","B","裙","裙","裙","丶 ㇇ 𠃍 一 丨 丶 𠃍 一 丿 丿 一 丨","丶 ㇇ 丨 丿 丶 𠃍 一 一 丿 丨 𠃍 一"
"cnwstqi2793","primary","N","A","禅","禅","禅","丶 ㇇ 丨 丶 丶 丿 丨 𠃍 一 一 一 丨","丶 ㇇ 一 丶 一 丨 𠃍 丶 一 丨 丿 丨"
"cnwstqi2794","primary","N","B","禄","禄","禄","丶 ㇇ 𠃍 一 ㇀ 一 丨 ㇏ 丶 丿 丶 亅","丶 ㇇ 丨 丶 𠃍 一 一 亅 丶 ㇀ 丿 ㇏"
"cnwstqi2795","primary","N","A","谢","谢","谢","丶 ㇊ 丿 丨 𠃌 一 一 一 丿 一 亅 丶","丶 ㇊ 一 𠃌 一 丿 丨 一 丶 丿 亅 一"
"cnwstqi2796","primary","N","A","谣","谣","谣","丶 ㇊ 丿 丶 丶 丿 丿 一 一 丨 ㇄ 丨","丶 ㇊ 丿 丶 一 丨 丿 一 丨 丿 ㇄ 丶"
"cnwstqi2797","primary","N","A","谤","谤","谤","丶 ㇊ 丶 一 丶 丿 ㇀ 乛 丶 一 𠃌 丿","丶 ㇊ 一 一 乛 𠃌 丶 ㇀ 丶 丿 丶 丿"
"cnwstqi2798","primary","N","B","谦","谦","谦","丶 ㇊ 丿 丿 一 一 𠃍 一 丶 丨 丨 ㇏","丶 ㇊ 丶 丿 一 𠃍 一 一 丨 丨 丿 ㇏"
"cnwstqi2799","primary","N","A","犀","犀","犀","𠃍 一 丿 丨 丶 ㇀ 丿 丶 丿 一 一 丨","𠃍 一 丿 丨 丶 一 丶 丿 丨 一 丿 ㇀"
"cnwstqi2800","primary","N","A","属","属","属","𠃍 一 丿 丿 丨 𠃍 一 丨 𠃌 丨 ㇀ 丶","𠃍 一 一 丨 丨 丶 ㇀ 𠃌 丿 𠃍 丿 丨"
"cnwstqi2801","primary","N","A","屡","屡","屡","𠃍 一 丿 丶 丿 一 丨 丿 ㇏ 𡿨 丿 一","𠃍 一 丨 ㇏ 𡿨 丶 丿 一 一 丿 丿 丿"
"cnwstqi2802","primary","N","A","强","强","强","𠃍 一 ㇉ 丨 𠃍 一 丨 𠃍 一 丨 一 丶","𠃍 一 丨 丶 𠃍 丨 𠃍 一 一 一 丨 ㇉"
"cnwstqi2803","primary","N","B","粥","粥","粥","𠃍 一 丨 ㇉ 丿 丶 丶 一 丿 ㇉ 𠃍 一","𠃍 一 ㇉ 丶 丿 一 丨 丿 丶 𠃍 一 ㇉"
"cnwstqi2804","primary","N","A","疏","疏","疏","㇇ 丨 一 丨 ㇀ 丶 一 𠃋 丶 丿 丨 乚","㇇ 丨 乚 丶 丨 𠃋 丨 一 ㇀ 一 丶 丿"
"cnwstqi2805","primary","N","B","隔","隔","隔","㇌ 丨 丨 𠃌 一 一 丨 丿 丶 一 丨 𠃍","㇌ 丨 一 丨 𠃍 一 丨 𠃌 丶 丿 一 丨"
"cnwstqi2806","primary","N","A","隙","隙","隙","㇌ 丨 丨 丿 丶 丨 𠃍 一 一 亅 丿 丶","㇌ 丨 丶 𠃍 丿 丶 一 亅 一 丨 丿 丨"
"cnwstqi2807","primary","N","B","隘","隘","隘","㇌ 丨 丨 丶 丨 一 丿 丨 丿 丶 𠃍 一","㇌ 丨 丶 丿 一 丿 丶 丨 𠃍 丨 丨 一"
"cnwstqi2808","primary","N","A","媒","媒","媒","𡿨 丿 一 一 丨 丨 一 一 一 丨 丿 ㇏","𡿨 丿 一 丨 一 一 一 丿 丨 丨 一 ㇏"
"cnwstqi2809","primary","N","A","絮","絮","絮","𡿨 丿 一 丨 𠃍 一 𠃋 𠃋 丶 亅 丿 丶","𡿨 丿 一 一 𠃋 𠃋 丶 丿 丶 丨 亅 𠃍"
"cnwstqi2810","primary","N","B","嫂","嫂","嫂","𡿨 丿 一 一 一 𠃍 丨 ㇇ 丿 ㇏ 一 丨","𡿨 丿 一 丿 丨 一 𠃍 一 一 丨 ㇇ ㇏"
"cnwstqi2811","primary","N","A","媚","媚","媚","𡿨 丿 一 𠃍 丨 一 丿 丨 𠃍 一 一 一","𡿨 丿 一 丿 一 丨 一 丨 一 一 𠃍 𠃍"
"cnwstqi2812","primary","N","A","婿","婿","婿","𡿨 丿 一 乛 丨 一 丿 ㇏ 丨 𠃌 一 一","𡿨 丿 𠃌 一 乛 ㇏ 一 丨 丨 丿 一 一"
"cnwstqi2813","primary","N","A","登","登","登","㇇ 丶 丿 丿 ㇏ 一 丨 𠃍 一 丶 丿 一","㇇ 丶 ㇏ 一 一 丨 丶 𠃍 丿 一 丿 丿"
"cnwstqi2814","primary","N","B","缅","缅","缅","𠃋 𠃋 丨 一 一 丿 ㇀ 丨 丨 𠃍 一 一","𠃋 𠃋 ㇀ 一 丿 丨 𠃍 丨 丨 一 一 一"
"cnwstqi2815","primary","N","B","缆","缆","缆","𠃋 𠃋 丿 ㇀ 𠃍 丨 丿 丶 丨 乚 一 丨","𠃋 𠃋 ㇀ 丨 丨 丿 一 丶 丨 𠃍 丿 乚"
"cnwstqi2816","primary","N","A","缉","缉","缉","𠃋 𠃋 ㇀ 丨 𠃍 一 一 丨 丨 一 一 一","𠃋 𠃋 丨 ㇀ 丨 一 一 一 丨 𠃍 一 一"
"cnwstqi2817","primary","N","A","缎","缎","缎","𠃋 𠃋 ㇀ 丿 丨 一 一 ㇀ 丿 ㇍ ㇇ ㇏","𠃋 𠃋 ㇇ 丿 ㇀ 一 丿 ㇀ 丨 ㇍ ㇏ 一"
"cnwstqi2818","primary","N","A","缓","缓","缓","𠃋 𠃋 ㇀ 丿 丶 丶 丿 一 一 丿 ㇇ ㇏","𠃋 𠃋 丿 丿 丶 丿 一 ㇏ ㇇ ㇀ 一 丶"
"cnwstqi2819","primary","N","B","缔","缔","缔","𠃋 𠃋 丨 丶 丨 乛 ㇀ 丿 丶 一 𠃌 ㇀","𠃋 𠃋 ㇀ 丶 一 丶 丿 ㇀ 乛 丨 𠃌 丨"
"cnwstqi2820","primary","N","B","缕","缕","缕","𠃋 𠃋 丿 丿 ㇀ 丨 一 𡿨 丶 丿 一 ㇏","𠃋 𠃋 ㇀ 丶 丿 一 丨 丿 ㇏ 𡿨 丿 一"
"cnwstqi2821","primary","N","B","骗","骗","骗","𠃍 ㇉ 丨 𠃍 丿 丨 ㇀ 𠃌 一 丨 一 丶","𠃍 ㇉ ㇀ 丶 𠃍 一 丿 丨 𠃌 一 丨 丨"
"cnwstqi2822","primary","N","A","编","编","编","𠃋 𠃋 ㇀ 丶 𠃍 一 丿 丨 𠃌 一 丨 丨","𠃋 𠃋 𠃍 丿 𠃌 丨 丶 一 丨 丨 一 ㇀"
"cnwstqi2823","primary","N","A","骚","骚","骚","𠃍 ㇉ ㇀ ㇇ ㇏ 丶 丨 𠃍 一 丨 一 丶","𠃍 ㇉ 一 𠃍 ㇀ ㇇ 丨 丶 一 丨 丶 ㇏"
"cnwstqi2824","primary","N","B","缘","缘","缘","𠃋 𠃋 一 丿 ㇁ 丿 丿 ㇇ ㇀ 丿 𠃋 ㇏","𠃋 𠃋 ㇀ 𠃋 ㇇ 一 丿 ㇁ 丿 丿 丿 ㇏"
"cnwstqi2825","primary","N","B","瑟","瑟","瑟","一 一 丨 丶 一 ㇀ 丿 丨 一 一 一 ㇃ 丶","一 一 丨 一 一 一 丨 一 ㇀ ㇃ 丶 丿 丶"
"cnwstqi2826","primary","N","B","鹉","鹉","鹉","一 一 ㇀ 丿 丶 丨 ㇂ 一 丨 𠃌 ㇉ 丶 一","一 一 丨 一 丨 ㇀ ㇂ 丶 丿 𠃌 丶 ㇉ 一"
"cnwstqi2827","primary","N","A","瑞","瑞","瑞","一 一 丨 ㇀ 丨 ㇄ 丨 一 丿 丨 𠃌 丨 丨","一 一 一 丨 丨 丿 𠃌 ㇄ ㇀ 丨 丨 丨 丨"
"cnwstqi2828","primary","N","A","瑰","瑰","瑰","一 一 丨 ㇀ 丿 丨 𠃍 一 一 丿 乚 𠃋 丶","一 一 丶 丿 一 𠃋 丨 乚 𠃍 丿 ㇀ 一 丨"
"cnwstqi2829","primary","N","A","瑙","瑙","瑙","一 一 丨 ㇀ 𡿨 𡿨 𡿨 丿 丨 𠃍 丿 丶 一","一 一 丿 一 丨 𡿨 𡿨 丿 丨 ㇀ 𠃍 𡿨 丶"
"cnwstqi2830","primary","N","B","魂","魂","魂","一 一 丶 丶 丿 乚 𠃋 丿 𠃍 一 𠃋 一 丨","一 一 𠃋 丶 丿 丨 𠃍 一 一 丿 乚 𠃋 丶"
"cnwstqi2831","primary","N","B","肆","肆","肆","一 丨 一 一 𠃍 一 𠃋 一 一 一 一 丶 丨","一 丨 一 一 一 𠃋 丶 𠃍 一 一 一 一 丨"
"cnwstqi2832","primary","N","B","摄","摄","摄","一 亅 丨 ㇏ ㇇ ㇇ 一 一 一 丶 一 丨 ㇀","一 亅 ㇀ 一 丨 丨 一 一 一 ㇇ 丶 ㇇ ㇏"
"cnwstqi2833","primary","N","B","摸","摸","摸","一 亅 一 一 𠃍 丨 ㇀ 一 丨 丿 丨 ㇏ 一","一 亅 ㇀ 一 丨 丨 丨 𠃍 一 一 一 丿 ㇏"
"cnwstqi2834","primary","N","B","填","填","填","一 丨 丨 ㇀ 一 丨 一 一 𠃍 丿 一 一 丶","一 丨 ㇀ 一 丨 丨 𠃍 一 一 一 一 丿 丶"
"cnwstqi2835","primary","N","B","搏","搏","搏","一 亅 一 一 ㇀ 一 一 𠃍 亅 丶 丨 丨 丶","一 亅 ㇀ 一 丨 𠃍 一 一 丨 丶 一 亅 丶"
"cnwstqi2836","primary","N","A","塌","塌","塌","一 丨 ㇀ 丨 𠃍 一 一 𠃌 丶 ㇀ 𠃌 丶 ㇀","一 丨 丶 𠃍 𠃌 ㇀ ㇀ 一 𠃌 一 丶 丨 ㇀"
"cnwstqi2837","primary","N","B","鼓","鼓","鼓","一 丨 一 𠃍 丿 丶 ㇀ ㇇ 丨 一 丨 一 ㇏","一 丨 一 丨 𠃍 一 丶 丿 ㇀ 一 丨 ㇇ ㇏"
"cnwstqi2838","primary","N","A","摆","摆","摆","一 亅 ㇀ 丨 𠃍 丨 丨 一 一 丨 一 𠃋 丶","一 亅 一 ㇀ 𠃋 丨 丶 𠃍 丨 一 丨 一 丨"
"cnwstqi2839","primary","N","B","携","携","携","一 亅 ㇀ 一 一 丶 𠄎 丨 一 一 丿 丨 丿","一 亅 ㇀ 丿 丨 丶 一 一 一 丨 一 𠄎 丿"
"cnwstqi2840","primary","N","A","搬","搬","搬","一 亅 ㇀ 丿 丿 𠃌 丶 一 丶 丿 ㇍ ㇇ ㇏","一 亅 丶 丿 ㇍ 𠃌 丿 ㇏ 丶 ㇇ 一 ㇀ 丿"
"cnwstqi2841","primary","N","A","摇","摇","摇","一 亅 ㇀ 丿 丶 丶 丿 丿 一 一 丨 ㇄ 丨","一 亅 丿 一 丿 丿 丶 丶 ㇀ ㇄ 丨 一 丨"
"cnwstqi2842","primary","N","B","搞","搞","搞","一 亅 一 𠃍 𠃍 ㇀ 丶 丨 丨 丨 一 一 𠃌","一 亅 ㇀ 丶 一 丨 𠃍 一 丨 𠃌 丨 𠃍 一"
"cnwstqi2843","primary","N","B","塘","塘","塘","一 丨 丿 丨 一 丶 一 𠃍 𠃍 一 ㇀ 丨 一","一 丨 ㇀ 丶 一 丿 𠃍 一 一 丨 丨 𠃍 一"
"cnwstqi2844","primary","N","B","摊","摊","摊","一 亅 一 丶 丨 一 一 丿 丨 ㇇ 一 丶 ㇀","一 亅 ㇀ ㇇ 丶 丿 丨 丶 一 一 一 丨 一"
"cnwstqi2845","primary","N","B","聘","聘","聘","一 丨 一 ㇀ 丨 一 一 𠃍 丨 一 一 丨 ㇉","一 丨 丨 一 一 ㇀ 丨 𠃍 一 丨 一 一 ㇉"
"cnwstqi2846","primary","N","A","斟","斟","斟","一 丨 丨 一 一 一 丿 丶 ㇄ 丶 丶 一 丨","一 丨 丨 一 一 丶 ㇄ 一 丿 丨 一 丶 丶"
"cnwstqi2847","primary","N","A","蒜","蒜","蒜","一 丨 丨 一 一 亅 丿 丶 一 一 亅 丿 丶","一 丨 丿 丶 丨 一 一 亅 一 亅 丶 丿 一"
"cnwstqi2848","primary","N","A","勤","勤","勤","一 丨 丨 一 丨 𠃍 一 一 一 丨 ㇀ 𠃌 丿","一 丨 𠃌 丨 一 一 ㇀ 一 一 丨 丨 丿 𠃍"
"cnwstqi2849","primary","N","B","靴","靴","靴","一 丨 丿 一 乚 丨 丨 丨 丿 丨 一 𠃍 一","一 丨 丨 一 丨 𠃍 一 一 丨 丿 丨 丿 乚"
"cnwstqi2850","primary","N","B","靶","靶","靶","一 丨 一 乚 一 𠃍 丨 一 丨 𠃍 丨 一 丨","一 丨 丨 一 丨 𠃍 一 一 丨 𠃍 丨 一 乚"
"cnwstqi2851","primary","N","A","鹊","鹊","鹊","一 丨 丨 一 丨 𠃍 一 一 丿 𠃌 丶 ㇉ 一","一 丨 一 一 丨 一 𠃌 𠃍 丨 一 ㇉ 丶 丿"
"cnwstqi2852","primary","N","B","蓝","蓝","蓝","一 丨 𠃍 丨 丿 一 一 丨 丨 丨 丨 丶 丨","一 丨 丨 丨 丨 丿 一 丶 丨 𠃍 丨 丨 一"
"cnwstqi2853","primary","N","B","墓","墓","墓","一 丨 𠃍 一 丨 一 一 丨 一 ㇏ 一 丿 丨","一 丨 丨 丨 𠃍 一 一 一 丿 ㇏ 一 丨 一"
"cnwstqi2854","primary","N","B","幕","幕","幕","一 丨 ㇏ 一 丨 丿 𠃌 一 丨 丨 𠃍 丨 一","一 丨 丨 丨 𠃍 一 一 一 丿 ㇏ 丨 𠃌 丨"
"cnwstqi2855","primary","N","A","蓬","蓬","蓬","一 丨 丨 丿 ㇇ ㇏ 一 一 一 丨 丶 ㇋ ㇏","一 丨 ㇏ 丨 丶 丨 丿 一 ㇇ ㇋ 一 ㇏ 一"
"cnwstqi2856","primary","N","B","蓄","蓄","蓄","一 丨 丨 丨 一 丶 丶 一 丨 𠃋 一 𠃍 𠃋","一 丨 丨 丶 一 𠃋 𠃋 丶 丨 𠃍 一 丨 一"
"cnwstqi2857","primary","N","B","蒲","蒲","蒲","一 丨 丶 一 丨 丨 ㇀ 丨 丶 一 丶 𠃌 一","一 丨 丨 丶 丶 ㇀ 一 丨 𠃌 一 一 丨 丶"
"cnwstqi2858","primary","N","B","蓉","蓉","蓉","一 丨 𠃍 ㇀ 丶 丨 丶 乛 ㇏ 丿 一 丨 丿","一 丨 丨 丶 ㇀ 乛 丿 丶 丿 ㇏ 丨 𠃍 一"
"cnwstqi2859","primary","N","A","蒙","蒙","蒙","一 丨 丨 ㇀ 乛 一 一 丿 ㇁ 丿 丿 丿 ㇏","一 丨 丿 一 ㇏ 丿 乛 丨 丿 一 ㇁ ㇀ 丿"
"cnwstqi2860","primary","N","B","蒸","蒸","蒸","一 丨 ㇇ ㇇ 一 丨 ㇀ 丶 丶 丿 丶 亅 ㇏","一 丨 丨 ㇇ 亅 ㇇ 丿 ㇏ 一 ㇀ 丶 丶 丶"
"cnwstqi2861","primary","N","A","献","献","献","一 丨 丨 𠃌 丶 丿 一 一 丨 一 丿 ㇏ 丶","一 丨 一 丨 丨 ㇏ 一 丿 𠃌 丿 丶 一 丶"
"cnwstqi2862","primary","N","B","椿","椿","椿","一 丨 丿 一 一 一 丨 ㇏ 丿 丶 一 一 𠃍","一 丨 丿 丶 一 一 一 丿 ㇏ 丨 𠃍 一 一"
"cnwstqi2863","primary","N","B","禁","禁","禁","一 丨 丿 丨 丿 丿 亅 一 丶 一 一 ㇏ 丶","一 丨 丿 丶 一 丨 丿 ㇏ 一 一 亅 丿 丶"
"cnwstqi2864","primary","N","B","楚","楚","楚","一 丨 一 一 丿 丨 丶 ㇏ 乛 丿 丶 丿 丨","一 丨 丿 丶 一 丨 丿 丶 乛 丨 一 丿 ㇏"
"cnwstqi2865","primary","N","A","楷","楷","楷","一 丨 丿 丶 一 𠄌 丿 乚 丿 丨 𠃍 一 一","一 丨 一 丿 丨 丶 丿 一 一 丿 𠄌 𠃍 乚"
"cnwstqi2866","primary","N","B","榄","榄","榄","一 丨 乚 一 丶 丶 丿 𠃍 丨 丨 丿 丿 丨","一 丨 丿 丶 丨 丨 丿 一 丶 丨 𠃍 丿 乚"
"cnwstqi2867","primary","N","A","想","想","想","一 丨 丿 丶 丨 𠃍 一 一 一 ㇀ ㇃ 丶 丶","一 丨 丶 丨 ㇀ ㇃ 𠃍 丶 一 一 一 丿 丶"
"cnwstqi2868","primary","N","A","槐","槐","槐","一 丨 丿 丶 丿 丨 𠃍 一 一 丿 乚 𠃋 丶","一 丨 丶 丨 丿 乚 一 𠃋 丿 丿 一 𠃍 丶"
"cnwstqi2869","primary","N","A","榆","榆","榆","一 丨 丿 丶 丿 ㇏ 一 丨 𠃌 一 一 丨 亅","一 丨 丶 丿 丨 一 丨 一 ㇏ 𠃌 丿 亅 一"
"cnwstqi2870","primary","N","A","楼","楼","楼","一 丨 丿 丶 丶 丿 一 丨 丿 ㇏ 𡿨 丿 一","一 丨 丿 一 丶 ㇏ 丿 丨 丶 𡿨 丿 丿 一"
"cnwstqi2871","primary","N","B","概","概","概","一 丨 一 丿 丶 一 𠄌 丶 一 丿 乚 𠃍 𠃋","一 丨 丿 丶 𠃍 一 一 𠄌 丶 一 𠃋 丿 乚"
"cnwstqi2872","primary","N","B","赖","赖","赖","一 丨 丶 丿 丨 丶 一 𠃍 丨 丿 𠃍 丿 ㇇","一 丨 𠃍 一 丨 丿 丶 丿 ㇇ 丨 𠃍 丿 丶"
"cnwstqi2873","primary","N","A","酪","酪","酪","一 丨 𠃍 丿 ㇄ 一 一 丿 ㇇ ㇏ 丨 𠃍 一","一 丨 丿 一 𠃍 ㇏ ㇄ 丨 ㇇ 一 一 𠃍 丿"
"cnwstqi2874","primary","N","B","酬","酬","酬","一 丨 一 丶 丶 𠃍 丿 丨 ㇀ 丨 丿 ㇄ 一","一 丨 𠃍 丿 ㇄ 一 一 ㇀ 丿 丶 丨 丶 丨"
"cnwstqi2875","primary","N","A","感","感","感","一 丿 一 丨 𠃍 一 ㇃ 丿 丶 ㇀ ㇃ 丶 丶","一 丿 ㇃ ㇀ 丶 丨 一 丶 一 𠃍 ㇃ 丶 丿"
"cnwstqi2876","primary","N","B","碍","碍","碍","一 丿 丨 𠃍 一 一 丶 一 亅 一 一 𠃍 丨","一 丿 丨 𠃍 一 丨 𠃍 一 一 一 一 亅 丶"
"cnwstqi2877","primary","N","B","碘","碘","碘","一 丿 丨 丨 丨 𠃍 一 丶 一 𠃍 一 丿 丨","一 丿 丨 𠃍 一 丨 𠃍 一 丨 丨 一 丿 丶"
"cnwstqi2878","primary","N","A","碑","碑","碑","一 丿 丨 𠃍 一 丿 丨 𠃍 一 一 丿 一 丨","一 丿 一 丿 丨 丿 一 丨 𠃍 一 一 丨 𠃍"
"cnwstqi2879","primary","N","A","碎","碎","碎","一 丿 丨 𠃍 一 丶 一 丿 丶 丿 丶 一 丨","一 丿 丶 丿 丨 𠃍 一 丶 一 一 丨 丿 丶"
"cnwstqi2880","primary","N","B","碰","碰","碰","一 丿 丶 一 丿 丿 一 丨 一 𠃍 丨 丶 丨","一 丿 丨 𠃍 一 丶 丿 一 丨 丨 丶 丿 一"
"cnwstqi2881","primary","N","B","碗","碗","碗","一 丿 ㇀ 丶 𠃌 𠃍 一 丨 丶 乚 丿 乛 ㇇","一 丿 丨 𠃍 一 丶 ㇀ 乛 丿 ㇇ 丶 𠃌 乚"
"cnwstqi2882","primary","N","B","碌","碌","碌","一 丿 ㇀ 一 亅 𠃍 一 𠃍 ㇏ 丿 丶 一 丨","一 丿 丨 𠃍 一 𠃍 一 一 亅 丶 ㇀ 丿 ㇏"
"cnwstqi2883","primary","N","B","尴","尴","尴","一 丿 丨 丨 丿 丨 𠃍 一 乚 丨 丨 丶 一","一 丿 乚 丨 丨 丿 一 丶 丨 𠃍 丨 丨 一"
"cnwstqi2884","primary","N","B","雷","雷","雷","一 ㇀ 一 𠃍 丶 乛 丨 丶 丶 一 丨 丶 丨","一 ㇀ 乛 丨 丶 丶 丶 丶 丨 𠃍 一 丨 一"
"cnwstqi2885","primary","N","B","零","零","零","一 ㇀ 丶 丶 丿 丶 丨 丶 ㇏ 乛 丶 ㇇ 丶","一 ㇀ 乛 丨 丶 丶 丶 丶 丿 ㇏ 丶 ㇇ 丶"
"cnwstqi2886","primary","N","A","雾","雾","雾","一 ㇀ 乛 丨 丶 丶 丶 丶 丿 ㇇ ㇏ 𠃌 丿","一 ㇀ 丿 丿 丨 𠃌 ㇇ 丶 乛 丶 丶 ㇏ 丶"
"cnwstqi2887","primary","N","A","雹","雹","雹","一 ㇀ 乛 丨 丶 丶 丶 丶 丿 𠃌 𠃍 一 乚","一 ㇀ 丶 一 丿 𠃌 𠃍 丶 丶 乛 乚 丨 丶"
"cnwstqi2888","primary","N","B","辐","辐","辐","一 𠃋 丨 一 一 丨 一 𠃍 ㇀ 𠃍 丨 一 丨","一 𠃋 丨 ㇀ 一 丨 𠃍 一 丨 𠃍 一 丨 一"
"cnwstqi2889","primary","N","B","辑","辑","辑","一 𠃋 丨 丨 丨 一 一 一 丨 ㇀ 𠃍 一 一","一 𠃋 丨 ㇀ 丨 𠃍 一 一 丨 丨 一 一 一"
"cnwstqi2890","primary","N","A","输","输","输","一 𠃋 丨 ㇀ 丿 ㇏ 一 丨 𠃌 一 一 丨 亅","一 𠃋 亅 丿 ㇀ 丨 𠃌 丨 一 一 一 ㇏ 丨"
"cnwstqi2891","primary","N","B","督","督","督","丨 一 一 丶 一 一 一 ㇏ ㇇ 丨 丿 𠃍 丨","丨 一 一 丨 丿 丶 ㇇ ㇏ 丨 𠃍 一 一 一"
"cnwstqi2892","primary","N","B","频","频","频","丨 一 丿 一 𠃍 一 丿 丶 丨 丨 丨 丿 丿","丨 一 丨 一 丨 丿 丿 一 丿 丨 𠃍 丿 丶"
"cnwstqi2893","primary","N","A","龄","龄","龄","丨 一 丨 一 丿 丶 ㇄ 丨 丿 ㇏ 丶 ㇇ 丶","丨 一 ㇏ 丿 丶 丨 丨 ㇄ 丿 一 丶 丶 ㇇"
"cnwstqi2894","primary","N","B","鉴","鉴","鉴","丨 丨 丿 一 一 ㇏ 一 丶 丿 一 丶 丿 丨","丨 丨 丿 一 丶 丿 ㇏ 一 一 丨 丶 丿 一"
"cnwstqi2895","primary","N","B","睛","睛","睛","丨 𠃍 一 一 丨 一 一 丨 一 一 𠃌 一 一","丨 𠃍 一 一 一 一 一 丨 一 丨 𠃌 一 一"
"cnwstqi2896","primary","N","A","睹","睹","睹","丨 𠃍 一 一 一 一 丨 一 丿 丨 𠃍 一 一","丨 𠃍 一 丨 一 一 𠃍 一 丨 一 一 丿 一"
"cnwstqi2897","primary","N","A","睦","睦","睦","丨 𠃍 一 一 一 一 丨 一 丿 丶 一 丨 一","丨 𠃍 一 丿 一 一 丨 一 一 一 一 丶 丨"
"cnwstqi2898","primary","N","B","瞄","瞄","瞄","丨 𠃍 一 一 丨 一 一 丨 𠃍 一 丨 丨 一","丨 𠃍 一 一 一 一 丨 丨 丨 𠃍 一 丨 一"
"cnwstqi2899","primary","N","B","睫","睫","睫","丨 𠃍 丿 一 丨 一 𠃍 一 一 一 一 ㇏ 一","丨 𠃍 一 一 一 一 𠃍 一 一 丨 一 丿 ㇏"
"cnwstqi2900","primary","N","A","睡","睡","睡","丨 𠃍 一 一 一 丿 一 丨 一 丨 丨 一 一","丨 𠃍 一 一 丨 一 一 丨 一 一 一 丨 丿"
"cnwstqi2901","primary","N","A","睬","睬","睬","丨 𠃍 一 一 一 丿 丶 丶 丿 一 丨 丿 ㇏","丨 𠃍 ㇏ 一 丶 丶 一 一 丨 丿 丿 丿 一"
"cnwstqi2902","primary","N","A","嗜","嗜","嗜","丨 𠃍 一 一 丨 一 丿 丿 乚 丨 𠃍 一 一","丨 𠃍 丿 一 𠃍 一 一 丿 一 一 乚 丨 丨"
"cnwstqi2903","primary","N","B","鄙","鄙","鄙","丨 𠃍 𠃍 丨 丨 ㇌ 𠃍 丨 丨 一 一 一 一","丨 𠃍 一 一 丨 丨 𠃍 丨 𠃍 一 一 ㇌ 丨"
"cnwstqi2904","primary","N","A","嗦","嗦","嗦","丨 𠃍 一 一 丨 ㇀ 乛 𠃋 𠃋 丶 亅 丿 丶","丨 𠃍 ㇀ 亅 丨 乛 丿 丶 𠃋 𠃋 一 丶 一"
"cnwstqi2905","primary","N","B","愚","愚","愚","丨 𠃍 𠃌 一 ㇃ 丶 丨 丶 丨 一 ㇀ ㇀ 丶","丨 𠃍 一 一 丨 𠃌 丨 ㇀ 丶 ㇀ ㇃ 丶 丶"
"cnwstqi2906","primary","N","B","暖","暖","暖","丨 𠃍 丶 一 丶 ㇇ 丿 一 丿 丿 ㇏ 一 一","丨 𠃍 一 一 丿 丶 丶 丿 一 一 丿 ㇇ ㇏"
"cnwstqi2907","primary","N","B","盟","盟","盟","丨 𠃍 丨 一 一 𠃌 一 丨 𠃍 一 丿 一 丨","丨 𠃍 一 一 丿 𠃌 一 一 丨 𠃍 丨 丨 一"
"cnwstqi2908","primary","N","A","歇","歇","歇","丨 𠃍 一 一 丿 𠃌 丿 丶 ㇄ 丿 乛 丿 ㇏","丨 𠃍 丿 ㇄ 乛 𠃌 丶 丿 ㇏ 一 一 丿 丿"
"cnwstqi2909","primary","N","A","暗","暗","暗","丨 𠃍 一 一 丶 一 丶 丿 一 丨 𠃍 一 一","丨 𠃍 丨 一 一 一 𠃍 一 丶 一 丿 一 丶"
"cnwstqi2910","primary","N","B","暇","暇","暇","丨 𠃍 一 一 一 ㇇ 𠃍 一 ㇏ 一 𠃍 一 丨","丨 𠃍 一 一 𠃍 一 丨 一 一 𠃍 一 ㇇ ㇏"
"cnwstqi2911","primary","N","B","照","照","照","丨 𠃍 𠃌 丶 一 一 丶 丿 𠃍 丨 ㇀ 一 丶","丨 𠃍 一 一 𠃌 丿 丨 𠃍 一 ㇀ 丶 丶 丶"
"cnwstqi2912","primary","N","A","畸","畸","畸","丨 𠃍 一 丨 一 一 丿 丶 一 丨 𠃍 一 亅","丨 𠃍 一 一 丨 一 丿 丶 𠃍 一 亅 一 丨"
"cnwstqi2913","primary","N","A","跨","跨","跨","丨 𠃍 一 丨 一 丨 ㇀ 一 丿 ㇏ 一 一 ㇉","丨 𠃍 一 一 丨 一 ㇉ ㇀ 丨 一 丿 ㇏ 一"
"cnwstqi2914","primary","N","B","跷","跷","跷","丨 𠃍 一 ㇂ 一 ㇀ 乚 丨 一 丿 丿 一 丨","丨 𠃍 一 丨 一 丨 ㇀ 一 ㇂ 丿 一 丿 乚"
"cnwstqi2915","primary","N","B","跳","跳","跳","丨 𠃍 ㇀ ㇀ 丨 乚 丨 丶 丿 一 一 丶 丿","丨 𠃍 一 丨 一 丨 ㇀ 丿 丶 ㇀ 乚 丿 丶"
"cnwstqi2916","primary","N","B","跺","跺","跺","丨 𠃍 ㇍ ㇏ ㇀ 一 丨 丿 一 丨 丨 一 丿","丨 𠃍 一 丨 一 丨 ㇀ 丿 ㇍ 一 丨 丿 ㇏"
"cnwstqi2917","primary","N","B","跪","跪","跪","丨 𠃍 ㇀ ㇇ 丿 乚 一 丨 𠃌 丨 一 一 丿","丨 𠃍 一 丨 一 丨 ㇀ 丿 ㇇ 一 丿 𠃌 乚"
"cnwstqi2918","primary","N","B","路","路","路","丨 𠃍 丨 ㇏ 丨 ㇀ 一 ㇇ 丨 一 丿 𠃍 一","丨 𠃍 一 丨 一 丨 ㇀ 丿 ㇇ ㇏ 丨 𠃍 一"
"cnwstqi2919","primary","N","B","跤","跤","跤","丨 𠃍 丿 丶 丨 ㇏ 丶 一 一 丿 一 ㇀ 丨","丨 𠃍 一 丨 一 丨 ㇀ 丶 一 丿 丶 丿 ㇏"
"cnwstqi2920","primary","N","B","跟","跟","跟","丨 𠃍 丿 ㇏ 一 𠄌 一 𠃍 ㇀ 一 丨 一 丨","丨 𠃍 一 丨 一 丨 ㇀ 𠃍 一 一 𠄌 丿 ㇏"
"cnwstqi2921","primary","N","A","遣","遣","遣","丨 𠃍 一 丨 一 丨 𠃍 一 𠃍 一 丶 ㇋ ㇏","丨 𠃍 丨 𠃍 一 𠃍 一 ㇋ 丶 ㇏ 丨 一 一"
"cnwstqi2922","primary","N","A","蜈","蜈","蜈","丨 𠃍 一 丨 一 丶 丨 𠃍 一 一 一 丿 ㇏","丨 𠃍 ㇏ 一 𠃍 丨 丶 丿 一 一 一 丨 一"
"cnwstqi2923","primary","N","A","蜗","蜗","蜗","丨 𠃍 一 丨 一 丶 丨 𠃍 一 丨 𠃌 丿 丶","丨 𠃍 𠃌 𠃍 丶 一 一 丶 丨 丨 丨 丿 一"
"cnwstqi2924","primary","N","A","蛾","蛾","蛾","丨 𠃍 一 丨 一 丶 丿 一 亅 ㇀ ㇂ 丿 丶","丨 𠃍 丿 ㇀ 丿 ㇂ 一 亅 一 一 丶 丶 丨"
"cnwstqi2925","primary","N","B","蜂","蜂","蜂","丨 𠃍 一 丨 丶 一 一 丿 ㇇ 丨 一 ㇏ 一","丨 𠃍 一 丨 一 丶 丿 ㇇ ㇏ 一 一 一 丨"
"cnwstqi2926","primary","N","B","蜕","蜕","蜕","丨 𠃍 丿 一 丶 丶 一 丨 一 𠃍 丨 丿 乚","丨 𠃍 一 丨 一 丶 丶 丿 丨 𠃍 一 丿 乚"
"cnwstqi2927","primary","N","B","嗅","嗅","嗅","丨 𠃍 一 一 ㇏ 丶 一 丨 丿 丿 一 𠃍 一","丨 𠃍 一 丿 丨 𠃍 一 一 一 一 丿 ㇏ 丶"
"cnwstqi2928","primary","N","B","嗡","嗡","嗡","丨 𠃍 𠃌 ㇀ 𠃌 丶 丶 丶 丿 一 ㇀ 𠃋 ㇏","丨 𠃍 一 丿 ㇏ 𠃋 丶 𠃌 丶 ㇀ 𠃌 丶 ㇀"
"cnwstqi2929","primary","N","B","嗓","嗓","嗓","丨 𠃍 丶 丶 丿 一 一 丶 ㇇ ㇏ 丨 ㇇ ㇇","丨 𠃍 一 ㇇ 丶 ㇇ 丶 ㇇ 丶 一 丨 丿 ㇏"
"cnwstqi2930","primary","N","A","署","署","署","丨 𠃍 丨 丨 一 一 丨 一 丿 丨 𠃍 一 一","丨 𠃍 丨 一 一 丿 𠃍 一 一 丨 丨 丨 一"
"cnwstqi2931","primary","N","B","置","置","置","丨 𠃍 丨 𠃍 一 一 一 一 丨 一 丨 一 丨","丨 𠃍 丨 丨 一 一 丨 丨 𠃍 一 一 一 一"
"cnwstqi2932","primary","N","B","罪","罪","罪","丨 𠃍 丨 一 一 一 一 丨 丨 丨 一 一 一","丨 𠃍 丨 丨 一 丨 一 一 一 丨 一 一 一"
"cnwstqi2933","primary","N","A","罩","罩","罩","丨 𠃍 丨 丨 一 丨 一 丨 𠃍 一 一 一 丨","丨 𠃍 一 丨 丨 一 一 一 丨 丨 𠃍 一 丨"
"cnwstqi2934","primary","N","B","蜀","蜀","蜀","丨 𠃍 𠃍 丨 一 一 丶 丨 一 𠃌 丿 丨 丨","丨 𠃍 丨 丨 一 丿 𠃌 丨 𠃍 一 丨 一 丶"
"cnwstqi2935","primary","N","A","幌","幌","幌","丨 𠃌 丨 丨 𠃍 一 一 丨 丶 丿 一 丿 乚","丨 𠃌 𠃍 丿 一 丿 丨 丶 丨 丨 一 一 乚"
"cnwstqi2936","primary","N","B","错","错","错","丿 一 一 一 一 丨 𠄌 一 𠃍 丨 丨 一 一","丿 一 一 一 𠄌 一 丨 丨 一 丨 𠃍 一 一"
"cnwstqi2937","primary","N","A","锚","锚","锚","丿 一 一 一 𠄌 一 丨 丨 丨 𠃍 一 丨 一","丿 一 丨 一 𠄌 丨 丨 𠃍 一 一 一 丨 一"
"cnwstqi2938","primary","N","B","锡","锡","锡","丿 一 一 丿 𠄌 丿 丿 𠃌 𠃍 一 一 丨 一","丿 一 一 一 𠄌 丨 𠃍 一 一 丿 𠃌 丿 丿"
"cnwstqi2939","primary","N","B","锣","锣","锣","丿 一 丨 丶 一 一 丿 一 𠃍 丨 ㇇ 丨 𠄌","丿 一 一 一 𠄌 丨 𠃍 丨 丨 一 丿 ㇇ 丶"
"cnwstqi2940","primary","N","B","锤","锤","锤","丿 一 丨 丿 一 一 𠄌 丨 一 一 丨 一 一","丿 一 一 一 𠄌 丿 一 丨 一 丨 丨 一 一"
"cnwstqi2941","primary","N","A","锥","锥","锥","丿 一 一 一 𠄌 丿 丨 丶 一 一 一 丨 一","丿 一 丶 一 丨 一 𠄌 丨 丿 一 一 一 一"
"cnwstqi2942","primary","N","B","锦","锦","锦","丿 一 一 一 丨 𠃌 一 𠃍 𠄌 一 丿 丨 丨","丿 一 一 一 𠄌 丿 丨 𠃍 一 一 丨 𠃌 丨"
"cnwstqi2943","primary","N","A","键","键","键","丿 一 一 一 𠄌 𠃍 一 一 一 一 丨 ㇋ ㇏","丿 一 ㇏ ㇋ 𠃍 丨 一 一 一 一 一 一 𠄌"
"cnwstqi2944","primary","N","B","锯","锯","锯","丿 一 𠄌 一 丨 一 一 一 丨 𠃍 𠃍 一 丿","丿 一 一 一 𠄌 𠃍 一 丿 一 丨 丨 𠃍 一"
"cnwstqi2945","primary","N","A","锰","锰","锰","丿 一 一 一 𠄌 ㇇ 亅 一 丨 𠃍 丨 丨 一","丿 一 一 丨 ㇇ 亅 丨 一 一 丨 一 𠃍 𠄌"
"cnwstqi2946","primary","N","A","矮","矮","矮","丿 一 一 丿 丶 丿 一 丨 丿 ㇏ 𡿨 丿 一","丿 一 一 丶 一 ㇏ 𡿨 丿 丨 一 丿 丿 丿"
"cnwstqi2947","primary","N","B","辞","辞","辞","丿 一 一 丨 丨 丨 一 一 丶 𠃍 一 丶 丿","丿 一 丨 丨 𠃍 一 丶 一 丶 丿 一 一 丨"
"cnwstqi2948","primary","N","B","稚","稚","稚","丿 一 一 丨 丨 丿 丿 一 丨 丶 一 丶 一","丿 一 丨 丿 丶 丿 丨 丶 一 一 一 丨 一"
"cnwstqi2949","primary","N","B","稠","稠","稠","丿 一 丿 丨 一 一 𠃍 丿 一 丨 丨 𠃌 丶","丿 一 丨 丿 丶 丿 𠃌 一 丨 一 丨 𠃍 一"
"cnwstqi2950","primary","N","A","颓","颓","颓","丿 一 丨 丿 丶 丿 ㇊ 一 丿 丨 𠃍 丿 丶","丿 一 丿 丨 丶 丿 丶 丿 𠃍 ㇊ 丨 一 丿"
"cnwstqi2951","primary","N","B","愁","愁","愁","丿 一 丶 丿 丿 丶 ㇏ ㇀ ㇃ 丨 丿 ㇀ 丶","丿 一 丨 丿 丶 ㇀ 丿 丿 ㇏ ㇀ ㇃ 丶 丶"
"cnwstqi2952","primary","N","B","筹","筹","筹","丿 一 一 丶 一 丶 丶 丿 一 一 一 丿 亅","丿 一 丶 丿 一 丶 一 一 一 丿 一 亅 丶"
"cnwstqi2953","primary","N","B","签","签","签","丿 一 一 一 ㇏ 丿 丶 丶 丿 丿 丶 一 丶","丿 一 丶 丿 一 丶 丿 ㇏ 一 丶 丶 丿 一"
"cnwstqi2954","primary","N","B","简","简","简","丿 一 丶 一 𠃍 𠃌 丿 丨 一 丨 丶 一 丶","丿 一 丶 丿 一 丶 丶 丨 𠃌 丨 𠃍 一 一"
"cnwstqi2955","primary","N","B","筷","筷","筷","丿 一 ㇏ 一 一 丨 丶 𠃍 丶 ㇀ 丶 丿 丿","丿 一 丶 丿 一 丶 ㇀ 丶 丨 𠃍 一 丿 ㇏"
"cnwstqi2956","primary","N","A","毁","毁","毁","丿 丨 一 𠃍 一 一 一 丨 ㇀ 丿 ㇍ ㇇ ㇏","丿 丨 ㇇ 一 𠃍 一 一 ㇏ ㇍ ㇀ 丨 一 丿"
"cnwstqi2957","primary","N","A","舅","舅","舅","丿 丨 一 𠃍 一 一 丨 𠃍 一 丨 一 𠃌 丿","丿 丨 丨 一 𠃍 一 一 一 丨 一 丿 𠃍 𠃌"
"cnwstqi2958","primary","N","B","鼠","鼠","鼠","丿 丨 一 𠃍 丶 一 一 𠄌 丶 丶 丶 𠄌 ㇂","丿 丨 一 𠃍 一 一 𠄌 丶 丶 𠄌 丶 丶 ㇂"
"cnwstqi2959","primary","N","A","催","催","催","丿 丨 丨 ㇄ 丨 丿 丨 丶 一 一 一 丨 一","丿 丨 一 丨 ㇄ 丨 丿 丨 一 丶 丨 一 一"
"cnwstqi2960","primary","N","A","傻","傻","傻","丿 丨 丿 丨 𠃍 丿 丶 一 丿 丶 丿 ㇇ ㇏","丿 丨 丿 一 丨 丶 丿 𠃍 ㇇ 丿 丿 丶 ㇏"
"cnwstqi2961","primary","N","B","像","像","像","丿 丨 ㇏ 𠃍 丿 丿 丿 丨 丿 ㇇ 一 丿 ㇁","丿 丨 丿 ㇇ 丨 𠃍 一 丿 ㇁ 丿 丿 丿 ㇏"
"cnwstqi2962","primary","N","B","躲","躲","躲","丿 丨 一 丿 ㇏ 丿 一 丿 丨 一 一 ㇍ 𠃌","丿 丨 𠃌 一 一 一 丿 丿 ㇍ 一 丨 丿 ㇏"
"cnwstqi2963","primary","N","A","魁","魁","魁","丿 丨 𠃍 一 一 丿 乚 𠃋 丶 丶 丶 一 丨","丿 丨 𠃍 丨 一 丶 𠃋 一 一 乚 丶 丶 丿"
"cnwstqi2964","primary","N","B","衙","衙","衙","丿 丿 𠃍 丨 亅 一 一 丨 𠃍 一 一 丨 一","丿 丿 丨 一 丨 𠃍 一 丨 𠃍 一 一 一 亅"
"cnwstqi2965","primary","N","A","微","微","微","丿 丿 丨 丨 ㇄ 丨 一 丿 ㇊ 丿 一 丿 ㇏","丿 丿 丨 丨 一 丿 ㇏ 丨 ㇄ 丿 丿 ㇊ 一"
"cnwstqi2966","primary","N","B","愈","愈","愈","丿 ㇏ 一 丨 一 丨 一 丶 亅 ㇃ 𠃌 丶 ㇀","丿 ㇏ 一 丨 𠃌 一 一 丨 亅 ㇀ ㇃ 丶 丶"
"cnwstqi2967","primary","N","B","遥","遥","遥","丿 丶 一 丨 丿 ㇋ ㇄ 一 丶 丿 丨 ㇏ 丶","丿 丶 丶 丿 丿 一 一 丨 ㇄ 丨 丶 ㇋ ㇏"
"cnwstqi2968","primary","N","B","腻","腻","腻","丿 𠃌 一 ㇂ 一 丨 一 丶 一 丿 𠃍 一 丶","丿 𠃌 一 一 一 一 一 丨 𠃍 丿 丶 ㇂ 丶"
"cnwstqi2969","primary","N","A","腰","腰","腰","丿 𠃌 一 一 一 丨 𠃍 丨 丨 一 𡿨 丿 一","丿 𠃌 一 丨 丨 一 丨 𠃍 一 丿 一 一 𡿨"
"cnwstqi2970","primary","N","B","腥","腥","腥","丿 𠃌 一 𠃍 一 一 一 一 丿 丨 一 丨 一","丿 𠃌 一 一 丨 𠃍 一 一 丿 一 一 丨 一"
"cnwstqi2971","primary","N","A","腮","腮","腮","丿 𠃌 一 一 丨 𠃍 一 丨 一 ㇀ ㇃ 丶 丶","丿 𠃌 一 ㇀ 丶 𠃍 一 ㇃ 丨 丶 丨 一 一"
"cnwstqi2972","primary","N","A","腹","腹","腹","丿 𠃌 一 一 丿 一 丨 𠃍 一 一 丿 ㇇ ㇏","丿 𠃌 丿 一 𠃍 一 丿 一 ㇏ ㇇ 一 一 丨"
"cnwstqi2973","primary","N","A","腺","腺","腺","丿 𠃌 一 一 丿 丨 𠃍 一 一 亅 ㇇ 丿 ㇏","丿 𠃌 丿 ㇏ 亅 丿 一 一 一 一 丨 𠃍 ㇇"
"cnwstqi2974","primary","N","B","鹏","鹏","鹏","丿 𠃌 𠃌 丶 丿 一 一 一 ㇉ 一 𠃌 一 丿","丿 𠃌 一 一 丿 𠃌 一 一 丿 𠃌 丶 ㇉ 一"
"cnwstqi2975","primary","N","B","腾","腾","腾","丿 𠃌 一 ㇉ 丶 一 丿 一 丿 一 一 𠃍 ㇏","丿 𠃌 一 一 丶 丿 一 一 丿 ㇏ 𠃍 ㇉ 一"
"cnwstqi2976","primary","N","B","腿","腿","腿","丿 𠃌 丶 一 丿 ㇋ 一 𠄌 一 ㇏ 一 𠃍 丶","丿 𠃌 一 一 𠃍 一 一 𠄌 丿 丶 丶 ㇋ ㇏"
"cnwstqi2977","primary","N","B","鲍","鲍","鲍","丿 ㇇ 丿 一 𠃌 丨 乚 一 𠃍 一 𠃍 丨 ㇀","丿 ㇇ 丨 𠃍 一 丨 一 ㇀ 丿 𠃌 𠃍 一 乚"
"cnwstqi2978","primary","N","A","猿","猿","猿","丿 ㇁ 丿 一 丨 一 丨 𠃍 一 丿 𠄌 丿 ㇏","丿 ㇁ 丨 一 𠄌 丿 一 𠃍 ㇏ 丨 丿 丿 一"
"cnwstqi2979","primary","N","A","颖","颖","颖","丿 乚 丿 一 丨 丿 丶 一 丿 丨 𠃍 丿 丶","丿 乚 丿 丿 丨 丶 丨 丿 一 丶 丿 𠃍 一"
"cnwstqi2980","primary","N","B","触","触","触","丿 ㇇ 一 一 一 𠃍 丨 一 𠃌 丿 丨 丶 丨","丿 ㇇ 丿 𠃌 一 一 丨 丨 𠃍 一 丨 一 丶"
"cnwstqi2981","primary","N","A","解","解","解","丿 ㇇ 丿 𠃌 一 一 丨 𠃌 丿 丿 一 一 丨","丿 ㇇ 丿 𠃌 丿 一 一 一 丨 一 丿 𠃌 丨"
"cnwstqi2982","primary","N","B","煞","煞","煞","丿 ㇇ ㇀ 丶 𠃍 一 丶 一 丶 一 丿 ㇏ 丿","丿 ㇇ 𠃍 一 一 丿 一 丿 ㇏ ㇀ 丶 丶 丶"
"cnwstqi2983","primary","N","A","雏","雏","雏","丿 ㇇ 𠃍 一 一 丿 丨 丶 一 一 一 丨 一","丿 ㇇ 丨 一 𠃍 丨 一 丶 一 一 一 丿 一"
"cnwstqi2984","primary","N","B","馍","馍","馍","丿 乛 一 丿 丨 一 一 𠃍 丨 ㇏ 一 丨 𠄌","丿 乛 𠄌 一 丨 丨 丨 𠃍 一 一 一 丿 ㇏"
"cnwstqi2985","primary","N","B","馏","馏","馏","丿 乛 丿 丨 𠃍 丶 𠃌 丿 丨 一 𠄌 𠄌 一","丿 乛 𠄌 丿 𠄌 丶 𠃌 丿 丨 𠃍 一 丨 一"
"cnwstqi2986","primary","N","B","酱","酱","酱","丶 ㇀ 丶 ㇇ 一 一 丨 丿 𠃍 丨 丿 一 ㇄","丶 ㇀ 丨 丿 ㇇ 丶 一 丨 𠃍 丿 ㇄ 一 一"
"cnwstqi2987","primary","N","B","禀","禀","禀","丶 一 一 丨 一 一 丶 丨 一 亅 𠃍 𠃍 丿","丶 一 丨 𠃍 丨 𠃍 一 一 一 一 亅 丿 丶"
"cnwstqi2988","primary","N","B","痹","痹","痹","丶 一 丨 丿 丿 丶 丨 一 一 ㇀ 丨 一 𠃍","丶 一 丿 丶 ㇀ 丨 𠃍 一 丨 一 一 丿 丨"
"cnwstqi2989","primary","N","B","廓","廓","廓","丶 一 一 𠃍 亅 一 丨 ㇀ 丿 ㇌ ㇇ 丨 丶","丶 一 丿 丶 一 丨 𠃍 一 ㇇ 亅 ㇀ ㇌ 丨"
"cnwstqi2990","primary","N","A","痴","痴","痴","丶 一 丿 丶 ㇀ 丿 一 一 丿 丶 丨 𠃍 一","丶 一 ㇀ 𠃍 丶 一 丿 丨 丿 一 一 丶 丿"
"cnwstqi2991","primary","N","B","痰","痰","痰","丶 一 丿 ㇀ 丿 ㇏ 丶 丶 丿 ㇀ 丿 丿 ㇀","丶 一 丿 丶 ㇀ ㇀ 丿 丿 丶 ㇀ 丿 丿 ㇏"
"cnwstqi2992","primary","N","B","廉","廉","廉","丶 一 丶 一 丿 一 ㇏ 丨 丿 𠃍 丿 一 丨","丶 一 丿 丶 丿 一 𠃍 一 一 丨 丨 丿 ㇏"
"cnwstqi2993","primary","N","B","靖","靖","靖","丶 一 丨 一 丿 ㇀ 𠃌 一 一 一 丶 一 丨","丶 一 丶 丿 ㇀ 一 一 丨 一 丨 𠃌 一 一"
"cnwstqi2994","primary","N","B","新","新","新","丶 一 亅 丿 一 丶 一 丿 一 丶 丨 丿 丿","丶 一 丶 丿 一 一 亅 丿 丶 丿 丿 一 丨"
"cnwstqi2995","primary","N","A","韵","韵","韵","丶 一 丶 丿 一 丨 𠃍 一 一 丿 𠃌 丶 ㇀","丶 一 丶 丿 丨 ㇀ 𠃌 𠃍 一 丿 丶 一 一"
"cnwstqi2996","primary","N","A","意","意","意","丶 一 丶 丿 一 丨 𠃍 一 一 ㇀ ㇃ 丶 丶","丶 一 丨 一 一 丿 ㇃ 𠃍 丶 一 丶 丶 ㇀"
"cnwstqi2997","primary","N","A","誊","誊","誊","丶 丿 一 一 丿 ㇏ 丶 一 一 一 丨 𠃍 一","丶 丿 一 一 ㇏ 一 丨 一 一 丶 丿 𠃍 一"
"cnwstqi2998","primary","N","A","粮","粮","粮","丶 丿 一 丨 丿 丶 丶 𠃍 一 一 𠄌 丿 ㇏","丶 丿 一 ㇏ 丶 一 一 丿 𠄌 丨 丶 丿 𠃍"
"cnwstqi2999","primary","N","B","数","数","数","丶 丿 一 丿 一 丿 一 𡿨 丶 丿 丨 丿 ㇏","丶 丿 一 丨 丿 丶 𡿨 丿 一 丿 一 丿 ㇏"
"cnwstqi3000","primary","N","A","煎","煎","煎","丶 丿 一 丨 𠃌 一 一 丨 亅 ㇀ 丶 丶 丶","丶 丿 一 一 亅 丶 一 丨 ㇀ 丶 丶 丨 𠃌"
"cnwstqi3001","primary","N","B","塑","塑","塑","丶 丿 一 ㇄ 一 一 丿 丨 一 一 丿 丨 𠃌","丶 丿 一 ㇄ 丨 丿 丿 𠃌 一 一 一 丨 一"
"cnwstqi3002","primary","N","A","慈","慈","慈","丶 丿 一 𠃋 𠃋 丶 𠃋 𠃋 丶 ㇀ ㇃ 丶 丶","丶 丿 丶 一 𠃋 ㇀ 𠃋 ㇃ 丶 𠃋 𠃋 丶 丶"
"cnwstqi3003","primary","N","B","煤","煤","煤","㇀ 丿 丨 丶 一 一 一 一 丨 ㇏ 丿 丿 丨","㇀ 丿 丿 丶 一 丨 丨 一 一 一 丨 丿 ㇏"
"cnwstqi3004","primary","N","A","煌","煌","煌","㇀ 丿 丿 丶 丿 丨 𠃍 一 一 一 一 丨 一","㇀ 丿 一 丨 一 一 丨 𠃍 一 一 丿 丶 丿"
"cnwstqi3005","primary","N","B","满","满","满","丶 丶 ㇀ 𠃌 丶 丨 丿 一 丨 一 丨 丿 丶","丶 丶 ㇀ 一 丨 丨 一 丨 𠃌 丿 丶 丿 丶"
"cnwstqi3006","primary","N","A","漠","漠","漠","丶 丶 ㇀ 一 丨 丨 丨 𠃍 一 一 一 丿 ㇏","丶 丶 丿 ㇀ 一 一 一 𠃍 ㇏ 一 丨 丨 丨"
"cnwstqi3007","primary","N","A","滇","滇","滇","丶 丶 ㇀ 一 丨 丨 𠃍 一 一 一 一 丿 丶","丶 丶 一 ㇀ 一 一 丶 𠃍 丨 一 丨 丿 一"
"cnwstqi3008","primary","N","A","源","源","源","丶 丶 ㇀ 一 丿 丿 丨 𠃍 一 一 亅 丿 丶","丶 丶 丿 丨 一 一 ㇀ 丿 丶 亅 𠃍 丿 一"
"cnwstqi3009","primary","N","A","滤","滤","滤","丶 丶 ㇀ 丨 一 乛 丿 一 乚 ㇀ ㇃ 丶 丶","丶 丶 一 丿 ㇀ 丨 丶 一 ㇃ 乛 乚 ㇀ 丶"
"cnwstqi3010","primary","N","B","滥","滥","滥","丶 丶 丨 𠃍 丶 丿 ㇀ 丨 丨 一 一 丨 丨","丶 丶 ㇀ 丨 丨 丿 一 丶 丨 𠃍 丨 丨 一"
"cnwstqi3011","primary","N","A","滔","滔","滔","丶 丶 ㇀ 丿 丶 丶 丿 丿 丨 一 𠃍 一 一","丶 丶 丶 丶 丿 一 丿 ㇀ 𠃍 一 丿 丨 一"
"cnwstqi3012","primary","N","A","溪","溪","溪","丶 丶 ㇀ 丿 丶 丶 丿 𠃋 𠃋 丶 一 丿 ㇏","丶 丶 丶 丶 丿 丿 ㇀ 𠃋 一 𠃋 丿 丶 ㇏"
"cnwstqi3013","primary","N","A","溜","溜","溜","丶 丶 ㇀ 丿 𠄌 丶 𠃌 丿 丨 𠃍 一 丨 一","丶 丶 丶 𠃍 𠄌 丨 丿 丨 𠃌 一 ㇀ 一 丿"
"cnwstqi3014","primary","N","B","漓","漓","漓","丶 丶 丿 丶 丨 𠃌 𠃋 一 ㇀ 丶 ㇄ 丨 丶","丶 丶 ㇀ 丶 一 丿 丶 ㇄ 丨 丨 𠃌 𠃋 丶"
"cnwstqi3015","primary","N","A","滚","滚","滚","丶 丶 ㇀ 丶 一 丿 丶 𠃋 丶 丿 𠄌 丿 ㇏","丶 丶 丿 ㇀ 丿 一 ㇏ 丶 丶 𠃋 丿 丶 𠄌"
"cnwstqi3016","primary","N","A","溢","溢","溢","丶 丶 ㇀ 丶 丿 一 丿 丶 丨 𠃍 丨 丨 一","丶 丶 ㇀ 丿 丨 丿 丨 一 丨 丶 丶 𠃍 一"
"cnwstqi3017","primary","N","A","溯","溯","溯","丶 丶 ㇀ 丶 丿 一 ㇄ 丨 丿 丿 𠃌 一 一","丶 丶 丨 ㇀ 一 𠃌 一 丿 丿 ㇄ 丶 丿 一"
"cnwstqi3018","primary","N","B","滨","滨","滨","丶 丶 一 ㇀ ㇀ 丶 一 丶 丿 丨 丿 丨 乛","丶 丶 ㇀ 丶 ㇀ 乛 丿 丨 一 丨 一 丿 丶"
"cnwstqi3019","primary","N","A","溶","溶","溶","丶 丶 ㇀ 丶 ㇀ 乛 丿 丶 丿 ㇏ 丨 𠃍 一","丶 丶 𠃍 丿 丶 丿 乛 丶 ㇀ 一 ㇀ 丨 ㇏"
"cnwstqi3020","primary","N","B","溺","溺","溺","丶 丶 ㇀ 𠃍 ㇉ ㇉ 一 𠃍 ㇀ ㇀ 丶 丶 一","丶 丶 ㇀ 𠃍 一 ㇉ 丶 ㇀ 𠃍 一 ㇉ 丶 ㇀"
"cnwstqi3021","primary","N","B","粱","粱","粱","丶 丶 ㇏ 丿 丿 丶 丨 ㇀ ㇀ 一 丿 丶 𠃌","丶 丶 ㇀ 𠃌 丿 ㇀ 丶 丶 丿 一 丨 丿 ㇏"
"cnwstqi3022","primary","N","B","滩","滩","滩","丶 丶 丶 一 一 丶 一 ㇇ 丨 丿 一 ㇀ 丨","丶 丶 ㇀ ㇇ 丶 丿 丨 丶 一 一 一 丨 一"
"cnwstqi3023","primary","N","B","慎","慎","慎","㇀ 丶 一 丿 丶 一 丨 一 丨 丨 𠃍 一 一","㇀ 丶 丨 一 丨 丨 𠃍 一 一 一 一 丿 丶"
"cnwstqi3024","primary","N","A","誉","誉","誉","丶 丶 丿 一 丿 ㇏ 丶 一 一 一 丨 𠃍 一","丶 丶 一 一 丿 丨 一 一 丶 丿 ㇏ 𠃍 一"
"cnwstqi3025","primary","N","B","塞","塞","塞","丶 ㇀ 一 一 丿 丨 一 一 ㇏ 丨 丨 乛 一","丶 ㇀ 乛 一 一 丨 丨 一 丿 ㇏ 一 丨 一"
"cnwstqi3026","primary","N","B","寞","寞","寞","丶 ㇀ 乛 一 ㇏ 一 丿 𠃍 一 丨 丨 一 丨","丶 ㇀ 乛 一 丨 丨 丨 𠃍 一 一 一 丿 ㇏"
"cnwstqi3027","primary","N","A","窥","窥","窥","丶 ㇀ 乛 丿 丶 一 一 丿 丶 丨 𠃍 丿 乚","丶 ㇀ 丨 乛 丿 丿 丶 𠃍 一 丶 丿 乚 一"
"cnwstqi3028","primary","N","B","窟","窟","窟","丶 ㇀ 丿 丨 乛 丿 丨 丶 一 ㇄ ㇄ 丨 𠃍","丶 ㇀ 乛 丿 丶 𠃍 一 丿 ㇄ 丨 丨 ㇄ 丨"
"cnwstqi3029","primary","N","B","寝","寝","寝","丶 ㇀ 乛 一 ㇀ 丶 一 𠃍 丨 ㇏ 乛 ㇀ 乛","丶 ㇀ 乛 丶 ㇀ 丨 𠃍 一 一 ㇀ 乛 乛 ㇏"
"cnwstqi3030","primary","N","B","谨","谨","谨","丶 ㇊ 一 丨 一 丨 丨 一 𠃍 丨 一 一 一","丶 ㇊ 一 丨 丨 一 丨 𠃍 一 一 一 丨 一"
"cnwstqi3031","primary","N","A","褂","褂","褂","丶 ㇇ 丨 丿 丶 一 丨 一 一 丨 ㇀ 丨 丶","丶 ㇇ 一 丨 丨 丿 ㇀ 一 一 丶 丨 丶 丨"
"cnwstqi3032","primary","N","A","裸","裸","裸","丶 ㇇ 丨 丿 丶 丨 𠃍 一 一 一 丨 丿 ㇏","丶 ㇇ 丿 ㇏ 丨 一 一 丿 丨 𠃍 丨 一 丶"
"cnwstqi3033","primary","N","A","福","福","福","丶 ㇇ 丨 丶 一 丨 𠃍 一 丨 𠃍 一 丨 一","丶 ㇇ 一 丨 丨 一 丨 一 丨 丶 𠃍 𠃍 一"
"cnwstqi3034","primary","N","A","谬","谬","谬","丶 ㇊ 𠃍 丶 ㇀ 𠃍 丶 ㇀ 丿 ㇏ 丿 丿 丿","丶 ㇊ 𠃍 丿 丿 ㇀ 丶 丿 丶 丿 ㇏ ㇀ 𠃍"
"cnwstqi3035","primary","N","B","群","群","群","𠃍 一 一 一 丿 丿 一 一 一 丨 丨 丶 𠃍","𠃍 一 一 丿 丨 𠃍 一 丶 丿 一 一 一 丨"
"cnwstqi3036","primary","N","B","殿","殿","殿","𠃍 一 丨 丿 一 一 ㇇ 丿 ㇍ ㇏ 丶 丿 丨","𠃍 一 丿 一 丨 丨 一 丿 丶 丿 ㇍ ㇇ ㇏"
"cnwstqi3037","primary","N","A","辟","辟","辟","𠃍 一 丿 丨 𠃍 一 丶 一 丶 丿 一 一 丨","𠃍 一 一 丶 一 丨 一 丿 𠃍 丨 丿 丶 一"
"cnwstqi3038","primary","N","A","障","障","障","㇌ 丨 丶 一 丶 丿 一 丨 𠃍 一 一 一 丨","㇌ 丨 一 丶 丨 一 丶 丨 𠃍 一 丿 一 一"
"cnwstqi3039","primary","N","A","媳","媳","媳","𡿨 丿 一 丿 丨 𠃍 一 一 一 ㇀ ㇃ 丶 丶","𡿨 丿 ㇃ 一 一 丶 一 𠃍 ㇀ 丨 丿 一 丶"
"cnwstqi3040","primary","N","A","嫉","嫉","嫉","𡿨 丿 一 丶 一 丿 丶 ㇀ 丿 一 一 丿 ㇏","𡿨 丿 一 一 丿 一 ㇏ 一 丿 丶 丿 ㇀ 丶"
"cnwstqi3041","primary","N","B","嫌","嫌","嫌","𡿨 丿 一 一 丨 丶 ㇏ 一 一 丨 丿 丿 𠃍","𡿨 丿 一 丶 丿 一 𠃍 一 一 丨 丨 丿 ㇏"
"cnwstqi3042","primary","N","B","嫁","嫁","嫁","𡿨 丿 丿 ㇀ 一 丿 丶 丿 一 ㇏ 乛 ㇁ 丿","𡿨 丿 一 丶 ㇀ 乛 一 丿 ㇁ 丿 丿 丿 ㇏"
"cnwstqi3043","primary","N","B","叠","叠","叠","㇇ 丶 ㇇ ㇀ 乛 一 丨 丶 丶 一 一 ㇇ 𠃍","㇇ 丶 ㇇ 丶 ㇇ 丶 ㇀ 乛 丨 𠃍 一 一 一"
"cnwstqi3044","primary","N","A","缚","缚","缚","𠃋 𠃋 ㇀ 一 丨 𠃍 一 一 丨 丶 一 亅 丶","𠃋 𠃋 丶 𠃍 一 一 一 一 丶 丨 ㇀ 丨 亅"
"cnwstqi3045","primary","N","B","缝","缝","缝","𠃋 𠃋 ㇏ 丿 一 一 一 ㇀ 丨 ㇇ ㇋ 丶 ㇏","𠃋 𠃋 ㇀ 丿 ㇇ ㇏ 一 一 一 丨 丶 ㇋ ㇏"
"cnwstqi3046","primary","N","A","缠","缠","缠","𠃋 𠃋 ㇀ 丶 一 丿 丨 𠃍 一 一 丨 一 一","𠃋 𠃋 一 丶 一 一 丿 一 𠃍 ㇀ 丨 一 丨"
"cnwstqi3047","primary","N","B","缤","缤","缤","𠃋 𠃋 丿 丿 丶 乛 ㇀ 一 一 丶 丨 ㇀ 丨","𠃋 𠃋 ㇀ 丶 ㇀ 乛 丿 丨 一 丨 一 丿 丶"
"cnwstqi3048","primary","N","A","剿","剿","剿","𡿨 𡿨 𡿨 丨 𠃍 一 一 一 丨 丿 丶 丨 亅","𡿨 𡿨 丨 𡿨 一 一 一 𠃍 丶 亅 丿 丨 丨"
"cnwstqi3049","primary","N","B","静","静","静","一 一 一 ㇇ 亅 丿 一 一 丨 丨 𠃌 𠃍 一 一","一 一 丨 一 丨 𠃌 一 一 丿 ㇇ 𠃍 一 一 亅"
"cnwstqi3050","primary","N","A","碧","碧","碧","一 一 丨 ㇀ 丿 丨 𠃍 一 一 一 丿 丨 𠃍 一","一 一 丨 丿 一 𠃍 一 丨 丿 ㇀ 一 𠃍 一 丨"
"cnwstqi3051","primary","N","B","璃","璃","璃","一 一 𠃋 丶 丶 ㇀ 丨 丨 ㇄ 𠃌 丶 一 丿 丨","一 一 丨 ㇀ 丶 一 丿 丶 ㇄ 丨 丨 𠃌 𠃋 丶"
"cnwstqi3052","primary","N","A","赘","赘","赘","一 一 丨 一 𠃌 丿 丿 一 丿 ㇏ 丨 𠃍 丿 丶","一 一 𠃍 丿 一 丨 丿 丶 一 𠃌 丿 ㇏ 丨 丿"
"cnwstqi3053","primary","N","B","熬","熬","熬","一 一 丿 一 丶 一 丶 丿 丶 𠃌 丨 ㇏ ㇀ 丿","一 一 丨 一 𠃌 丿 丿 一 丿 ㇏ ㇀ 丶 丶 丶"
"cnwstqi3054","primary","N","B","墙","墙","墙","一 丨 一 ㇀ 𠃍 丶 丨 丿 一 𠃍 一 一 丨 丨","一 丨 ㇀ 一 丨 丶 丿 一 丨 𠃍 丨 𠃍 一 一"
"cnwstqi3055","primary","N","B","墟","墟","墟","一 丨 乛 丨 一 丨 ㇀ 丿 丿 丶 一 丨 一 乚","一 丨 ㇀ 丨 一 乛 丿 一 乚 丨 丨 丶 丿 一"
"cnwstqi3056","primary","N","B","嘉","嘉","嘉","一 丨 一 丶 𠃍 𠃌 一 丿 丨 一 一 丿 丨 𠃍","一 丨 一 丨 𠃍 一 丶 丿 一 𠃌 丿 丨 𠃍 一"
"cnwstqi3057","primary","N","B","摧","摧","摧","一 亅 ㇀ 一 一 丶 丨 一 ㇄ 丨 丨 丨 一 丿","一 亅 ㇀ 丨 ㇄ 丨 丿 丨 丶 一 一 一 丨 一"
"cnwstqi3058","primary","N","B","赫","赫","赫","一 丨 丨 丶 一 亅 丶 丿 丿 亅 丿 一 丿 一","一 丨 一 丿 亅 丿 丶 一 丨 一 丿 亅 丿 丶"
"cnwstqi3059","primary","N","A","截","截","截","一 丨 一 丿 丨 丶 一 一 一 丨 一 ㇂ 丿 丶","一 丨 丿 一 丶 ㇂ 一 一 丨 丨 一 一 丶 丿"
"cnwstqi3060","primary","N","B","誓","誓","誓","一 亅 一 丿 一 丶 一 一 丨 丿 𠃍 一 ㇀ 丨","一 亅 ㇀ 丿 丿 一 丨 丶 一 一 一 丨 𠃍 一"
"cnwstqi3061","primary","N","B","境","境","境","一 丨 乚 一 ㇀ 丨 一 丶 丿 一 一 丿 丶 𠃍","一 丨 ㇀ 丶 一 丶 丿 一 丨 𠃍 一 一 丿 乚"
"cnwstqi3062","primary","N","A","摘","摘","摘","一 亅 ㇀ 丶 一 丶 丿 丨 𠃌 一 丨 丨 𠃍 一","一 亅 丨 𠃌 丨 丨 丶 一 丶 ㇀ 一 一 𠃍 丿"
"cnwstqi3063","primary","N","A","摔","摔","摔","一 亅 ㇀ 丶 一 𠃋 𠃋 丶 丶 ㇀ 丿 丶 一 丨","一 亅 一 丶 ㇀ 丶 丶 丿 一 ㇀ 𠃋 𠃋 丨 丶"
"cnwstqi3064","primary","N","B","撇","撇","撇","一 亅 丶 ㇀ 丿 丶 丿 𠃌 丿 ㇏ 丨 丿 一 丨","一 亅 ㇀ 丶 丿 丨 𠃌 丨 丿 丶 丿 一 丿 ㇏"
"cnwstqi3065","primary","N","A","聚","聚","聚","一 丨 丨 一 一 ㇀ ㇇ 丶 丿 丨 丿 丿 丿 ㇏","一 丨 ㇏ 一 丿 ㇀ 丿 丿 一 丿 丨 ㇇ 丶 丨"
"cnwstqi3066","primary","N","B","慕","慕","慕","一 丨 一 丨 ㇏ 丨 ㇀ 丶 一 丶 丿 一 𠃍 亅","一 丨 丨 丨 𠃍 一 一 一 丿 ㇏ 亅 ㇀ 丶 丶"
"cnwstqi3067","primary","N","B","暮","暮","暮","一 丨 一 一 𠃍 一 一 丨 ㇏ 丨 丨 丿 𠃍 一","一 丨 丨 丨 𠃍 一 一 一 丿 ㇏ 丨 𠃍 一 一"
"cnwstqi3068","primary","N","A","摹","摹","摹","一 丨 丨 丨 𠃍 一 一 一 丿 ㇏ 丿 一 一 亅","一 丨 一 亅 丨 𠃍 丿 一 一 丨 丿 ㇏ 一 一"
"cnwstqi3069","primary","N","A","蔓","蔓","蔓","一 丨 丨 丨 𠃍 一 一 丨 𠃍 丨 丨 一 ㇇ ㇏","一 丨 丨 一 丨 丨 ㇇ 一 一 丨 丨 ㇏ 𠃍 𠃍"
"cnwstqi3070","primary","N","B","蔑","蔑","蔑","一 丨 ㇂ 丨 𠃍 丶 一 丨 丨 丨 丿 一 丿 丶","一 丨 丨 丨 𠃍 丨 丨 一 一 丿 丶 ㇂ 丿 丶"
"cnwstqi3071","primary","N","B","蔡","蔡","蔡","一 丨 ㇇ 一 丶 ㇏ 丿 ㇇ 丶 丶 丿 亅 丨 一","一 丨 丨 丿 ㇇ 丶 丶 ㇇ ㇏ 一 一 亅 丿 丶"
"cnwstqi3072","primary","N","A","蔗","蔗","蔗","一 丨 丨 丶 一 丿 一 丨 丨 一 ㇀ 丶 丶 丶","一 丨 一 丶 丨 丶 丨 丨 丶 丶 一 ㇀ 丿 一"
"cnwstqi3073","primary","N","A","蔽","蔽","蔽","一 丨 丨 丶 丿 丨 𠃌 丨 丿 丶 丿 一 丿 ㇏","一 丨 丨 丿 丨 丨 丶 𠃌 丿 一 ㇏ 丶 丿 丿"
"cnwstqi3074","primary","N","B","蔼","蔼","蔼","一 丨 ㇊ 丨 𠃌 丿 丶 丨 一 ㇄ 𠃍 丿 一 丶","一 丨 丨 丶 ㇊ 丨 𠃍 一 一 丿 𠃌 丿 丶 ㇄"
"cnwstqi3075","primary","N","B","熙","熙","熙","一 丨 乚 ㇀ 丶 𠃍 𠃍 丨 ㇄ 丨 一 一 丶 丶","一 丨 丨 𠃍 一 丨 ㇄ 𠃍 一 乚 ㇀ 丶 丶 丶"
"cnwstqi3076","primary","N","A","蔚","蔚","蔚","一 丨 丨 𠃍 一 丿 一 一 亅 丿 丶 一 亅 丶","一 丨 丶 一 一 亅 丨 亅 丶 一 一 丿 丿 𠃍"
"cnwstqi3077","primary","N","B","兢","兢","兢","一 丨 𠃍 丨 𠄌 丨 丨 一 乚 一 一 丿 丿 𠃍","一 丨 丨 𠃍 一 丿 𠄌 一 丨 丨 𠃍 一 丿 乚"
"cnwstqi3078","primary","N","B","模","模","模","一 丨 一 丶 丨 丨 丨 一 一 丿 ㇏ 一 𠃍 丿","一 丨 丿 丶 一 丨 丨 丨 𠃍 一 一 一 丿 ㇏"
"cnwstqi3079","primary","N","A","槛","槛","槛","一 丨 丿 丶 丨 丨 丿 一 丶 丨 𠃍 丨 丨 一","一 丨 丨 丿 丿 丨 丨 丨 一 𠃍 丨 丶 丶 一"
"cnwstqi3080","primary","N","A","榴","榴","榴","一 丨 丿 丶 丿 𠄌 丶 𠃌 丿 丨 𠃍 一 丨 一","一 丨 丿 𠄌 𠃍 丶 丿 一 一 丿 丨 丨 丶 𠃌"
"cnwstqi3081","primary","N","B","榜","榜","榜","一 丨 一 一 丶 丿 丶 ㇀ 乛 丶 丶 丿 𠃌 丿","一 丨 丿 丶 丶 一 丶 丿 ㇀ 乛 丶 一 𠃌 丿"
"cnwstqi3082","primary","N","B","榨","榨","榨","一 丨 一 丿 一 丶 丿 丶 ㇀ 丨 丿 一 乛 丶","一 丨 丿 丶 丶 ㇀ 乛 丿 丶 丿 一 丨 一 一"
"cnwstqi3083","primary","N","A","榕","榕","榕","一 丨 丿 丶 丶 ㇀ 乛 丿 丶 丿 ㇏ 丨 𠃍 一","一 丨 丿 丶 丿 丨 𠃍 乛 丶 一 丿 丶 ㇏ ㇀"
"cnwstqi3084","primary","N","A","歌","歌","歌","一 丨 𠃍 一 丨 一 丨 𠃍 一 亅 丿 乛 丿 ㇏","一 丨 一 一 一 ㇏ 丨 丨 𠃍 亅 乛 𠃍 丿 丿"
"cnwstqi3085","primary","N","A","遭","遭","遭","一 丨 𠃍 一 丨 丨 一 丨 𠃍 一 一 丶 ㇋ ㇏","一 丨 ㇏ ㇋ 𠃍 丶 一 一 𠃍 一 一 丨 丨 丨"
"cnwstqi3086","primary","N","B","酵","酵","酵","一 丨 一 一 丿 一 一 丨 ㇇ 亅 丿 一 ㇄ 𠃍","一 丨 𠃍 丿 ㇄ 一 一 一 丨 一 丿 ㇇ 亅 一"
"cnwstqi3087","primary","N","A","酷","酷","酷","一 丨 𠃍 丿 ㇄ 一 一 丿 一 丨 一 丨 𠃍 一","一 丨 𠃍 丿 丿 一 一 一 丨 一 丨 𠃍 ㇄ 一"
"cnwstqi3088","primary","N","A","酿","酿","酿","一 丨 𠃍 丿 ㇄ 一 一 丶 𠃍 一 一 𠄌 丿 ㇏","一 丨 丿 一 ㇏ 𠄌 一 丿 𠃍 一 𠃍 一 ㇄ 丶"
"cnwstqi3089","primary","N","B","酸","酸","酸","一 丨 一 丶 丶 ㇇ ㇄ ㇏ 丿 𠃍 一 丿 丿 𠃋","一 丨 𠃍 丿 ㇄ 一 一 𠃋 丶 丿 丶 丿 ㇇ ㇏"
"cnwstqi3090","primary","N","B","碟","碟","碟","一 丿 丿 𠃍 ㇏ 丨 丨 一 一 ㇄ 一 一 丨 丨","一 丿 丨 𠃍 一 一 丨 丨 一 ㇄ 一 丨 丿 ㇏"
"cnwstqi3091","primary","N","A","碱","碱","碱","一 丿 丨 𠃍 一 一 丿 一 丨 𠃍 一 ㇂ 丿 丶","一 丿 𠃍 ㇂ 丨 丿 丶 一 丨 丿 一 一 一 𠃍"
"cnwstqi3092","primary","N","B","碳","碳","碳","一 丿 𠃍 丿 丨 丿 丨 丨 一 ㇀ 丿 一 ㇏ ㇄","一 丿 丨 𠃍 一 丨 ㇄ 丨 一 丿 ㇀ 丿 丿 ㇏"
"cnwstqi3093","primary","N","B","磁","磁","磁","一 丿 𠃋 𠃋 丨 一 𠃋 一 𠃋 丶 𠃍 丶 丶 丿","一 丿 丨 𠃍 一 丶 丿 一 𠃋 𠃋 丶 𠃋 𠃋 丶"
"cnwstqi3094","primary","N","B","愿","愿","愿","一 丿 𠃍 ㇃ 丶 ㇀ 亅 一 丨 丿 一 丶 丿 丶","一 丿 丿 丨 𠃍 一 一 亅 丿 丶 ㇀ ㇃ 丶 丶"
"cnwstqi3095","primary","N","B","需","需","需","一 ㇀ 丶 丨 丶 丨 丶 丿 丶 乛 一 𠃌 丨 丨","一 ㇀ 乛 丨 丶 丶 丶 丶 一 丿 丨 𠃌 丨 丨"
"cnwstqi3096","primary","N","A","辖","辖","辖","一 𠃋 丨 ㇀ 丶 ㇀ 乛 一 一 一 丨 丨 𠃍 一","一 𠃋 丶 ㇀ 丨 一 丨 𠃍 一 丨 乛 一 ㇀ 一"
"cnwstqi3097","primary","N","A","辗","辗","辗","一 𠃋 丨 ㇀ 𠃍 一 丿 一 丨 丨 一 𠄌 丿 ㇏","一 𠃋 ㇀ 丨 一 ㇏ 丨 丨 一 一 𠃍 丿 𠄌 丿"
"cnwstqi3098","primary","N","B","雌","雌","雌","丨 一 一 一 一 丿 丨 一 一 ㇀ 丨 丨 丶 𠄌","丨 一 丨 ㇀ 一 𠄌 丿 丨 丶 一 一 一 丨 一"
"cnwstqi3099","primary","N","B","裳","裳","裳","丨 丶 乛 𠄌 一 丶 丨 ㇏ ㇀ 丿 丿 丿 一 𠃍","丨 丶 丿 ㇀ 乛 丨 𠃍 一 丶 一 丿 𠄌 丿 ㇏"
"cnwstqi3100","primary","N","A","颗","颗","颗","丨 𠃍 一 一 一 丨 丿 丶 一 丿 丨 𠃍 丿 丶","丨 𠃍 𠃍 一 丨 一 一 丿 丶 一 丨 丿 丿 丶"
"cnwstqi3101","primary","N","B","瞅","瞅","瞅","丨 𠃍 一 丿 丿 丿 一 ㇀ 一 丨 丿 丶 ㇏ 一","丨 𠃍 一 一 一 丿 一 丨 丿 丶 ㇀ 丿 丿 ㇏"
"cnwstqi3102","primary","N","A","墅","墅","墅","丨 𠃍 一 一 丨 一 ㇀ ㇇ 丶 乛 亅 一 丨 一","丨 𠃍 一 亅 一 一 一 ㇀ 丨 丶 一 丨 ㇇ 乛"
"cnwstqi3103","primary","N","B","嗽","嗽","嗽","丨 𠃍 ㇏ 𠃍 丿 丿 乛 丨 丶 丨 一 丿 一 一","丨 𠃍 一 一 丨 𠃍 一 丨 丿 丶 丿 乛 丿 ㇏"
"cnwstqi3104","primary","N","B","踊","踊","踊","丨 𠃍 𠃌 一 丶 一 一 丨 一 丨 ㇀ 丨 ㇇ 丨","丨 𠃍 一 丨 一 丨 ㇀ ㇇ 丶 丨 𠃌 一 一 丨"
"cnwstqi3105","primary","N","B","蜻","蜻","蜻","丨 𠃍 一 丨 一 丨 一 𠃌 丨 一 一 一 丶 一","丨 𠃍 一 丨 一 丶 一 一 丨 一 丨 𠃌 一 一"
"cnwstqi3106","primary","N","B","蜡","蜡","蜡","丨 𠃍 一 一 一 丶 丨 一 𠃍 丨 丨 一 丨 一","丨 𠃍 一 丨 一 丶 一 丨 丨 一 丨 𠃍 一 一"
"cnwstqi3107","primary","N","B","蝇","蝇","蝇","丨 𠃍 丶 一 一 一 𠃍 一 丨 丨 丨 一 𠃍 乚","丨 𠃍 一 丨 一 丶 丨 𠃍 一 丨 𠃍 一 一 乚"
"cnwstqi3108","primary","N","A","蜘","蜘","蜘","丨 𠃍 一 丨 一 丶 丿 一 一 丿 丶 丨 𠃍 一","丨 𠃍 一 一 丨 一 一 𠃍 丨 丿 一 丶 丿 丶"
"cnwstqi3109","primary","N","A","蝉","蝉","蝉","丨 𠃍 一 丨 一 丶 丶 丿 丨 𠃍 一 一 一 丨","丨 𠃍 丿 一 丶 一 丨 一 𠃍 一 丨 丶 丨 一"
"cnwstqi3110","primary","N","B","嘛","嘛","嘛","丨 𠃍 一 丶 一 丿 丿 丨 ㇏ 一 丿 丨 丶 一","丨 𠃍 一 丶 一 丿 一 丨 丿 丶 一 丨 丿 ㇏"
"cnwstqi3111","primary","N","B","嘀","嘀","嘀","丨 𠃍 一 一 丶 丨 一 𠃍 丶 丨 𠃌 丿 一 丨","丨 𠃍 一 丶 一 丶 丿 丨 𠃌 一 丨 丨 𠃍 一"
"cnwstqi3112","primary","N","A","赚","赚","赚","丨 𠃍 丿 丶 丶 丿 一 𠃍 一 一 丨 丨 丿 ㇏","丨 𠃍 丶 一 丨 丶 ㇏ 丿 丿 丿 一 𠃍 一 丨"
"cnwstqi3113","primary","N","A","锹","锹","锹","丿 一 一 一 𠄌 丿 一 丨 丿 丶 ㇀ 丿 丿 ㇏","丿 一 一 一 丶 丿 ㇀ 丿 丿 丿 一 ㇏ 𠄌 丨"
"cnwstqi3114","primary","N","B","锻","锻","锻","丿 一 ㇍ 一 ㇇ 丿 ㇏ ㇀ 丨 𠄌 一 丿 一 一","丿 一 一 一 𠄌 丿 丨 一 一 ㇀ 丿 ㇍ ㇇ ㇏"
"cnwstqi3115","primary","N","B","镀","镀","镀","丿 一 丶 一 一 丨 一 𠄌 一 ㇏ 丨 一 丿 ㇇","丿 一 一 一 𠄌 丶 一 丿 一 丨 丨 一 ㇇ ㇏"
"cnwstqi3116","primary","N","B","舞","舞","舞","丿 一 丨 丨 丨 一 丨 丿 丶 丨 𠃋 一 一 ㇇","丿 一 一 丨 丨 丨 丨 一 丿 ㇇ 丶 一 𠃋 丨"
"cnwstqi3117","primary","N","B","舔","舔","舔","丿 一 丶 ㇀ 一 丶 丨 丿 一 亅 ㇏ 𠃍 丨 一","丿 一 丨 丨 𠃍 一 一 一 丿 ㇏ 亅 ㇀ 丶 丶"
"cnwstqi3118","primary","N","B","稳","稳","稳","丿 一 丨 丶 ㇇ ㇃ 一 一 丿 丶 ㇀ 丶 丿 𠃍","丿 一 丨 丿 丶 丿 ㇇ 𠃍 一 一 ㇀ ㇃ 丶 丶"
"cnwstqi3119","primary","N","A","熏","熏","熏","丿 一 丨 𠃍 丶 丿 一 丨 一 一 ㇀ 丶 丶 丶","丿 一 丶 丶 丨 𠃍 丨 丶 一 一 一 ㇀ 丿 丶"
"cnwstqi3120","primary","N","B","箕","箕","箕","丿 一 丿 丨 丶 一 丿 一 一 丶 丶 一 丨 一","丿 一 丶 丿 一 丶 一 丨 丨 一 一 一 丿 丶"
"cnwstqi3121","primary","N","B","算","算","算","丿 一 丶 丿 一 一 𠃍 丶 丿 一 丨 丨 一 一","丿 一 丶 丿 一 丶 丨 𠃍 一 一 一 一 丿 丨"
"cnwstqi3122","primary","N","B","箩","箩","箩","丿 一 一 丶 丶 丨 丶 𠃍 一 丿 丨 丨 丿 ㇇","丿 一 丶 丿 一 丶 丨 𠃍 丨 丨 一 丿 ㇇ 丶"
"cnwstqi3123","primary","N","A","管","管","管","丿 一 丶 丿 一 丶 丶 ㇀ 乛 丨 𠃍 一 𠃍 一","丿 一 丶 乛 丶 一 一 𠃍 ㇀ 丶 𠃍 丨 一 丿"
"cnwstqi3124","primary","N","B","箫","箫","箫","丿 一 𠃍 丶 一 丶 丨 一 丿 丿 一 丶 丨 丿","丿 一 丶 丿 一 丶 𠃍 一 一 丨 丿 丨 丿 丶"
"cnwstqi3125","primary","N","B","舆","舆","舆","丿 丨 丨 一 一 一 𠃋 𠃍 一 一 丿 丶 一 一","丿 丨 一 一 一 𠃋 一 丨 𠃍 一 一 一 丿 丶"
"cnwstqi3126","primary","N","A","僚","僚","僚","丿 丨 一 丿 ㇏ 丶 丿 丨 𠃍 一 一 亅 丿 丶","丿 丨 丿 𠃍 ㇏ 一 丿 丶 丨 一 丶 亅 丿 一"
"cnwstqi3127","primary","N","A","僧","僧","僧","丿 丨 丶 丿 丨 𠃍 丨 丶 丿 一 丨 𠃍 一 一","丿 丨 丨 丿 丶 丨 丨 丶 一 一 𠃍 丿 𠃍 一"
"cnwstqi3128","primary","N","B","鼻","鼻","鼻","丿 丨 丿 丨 𠃍 一 一 一 一 一 一 𠃍 丨 丨","丿 丨 𠃍 一 一 一 丨 𠃍 一 丨 一 一 丿 丨"
"cnwstqi3129","primary","N","A","魄","魄","魄","丿 丨 𠃍 一 一 丿 丨 𠃍 一 一 丿 乚 𠃋 丶","丿 丨 丨 𠃋 丿 𠃍 一 一 一 丶 丿 一 𠃍 乚"
"cnwstqi3130","primary","N","B","魅","魅","魅","丿 丨 𠃋 丶 一 乚 丿 一 一 丨 丿 𠃍 一 ㇏","丿 丨 𠃍 一 一 丿 乚 𠃋 丶 一 一 丨 丿 ㇏"
"cnwstqi3131","primary","N","B","貌","貌","貌","丿 丶 𠃍 乚 一 丶 一 丿 丨 ㇁ 丿 丿 丿 丿","丿 丶 丶 丿 ㇁ 丿 丿 丿 丨 𠃍 一 一 丿 乚"
"cnwstqi3132","primary","N","A","膜","膜","膜","丿 𠃌 一 一 一 丨 丨 丨 𠃍 一 一 一 丿 ㇏","丿 𠃌 一 丨 丨 一 一 𠃍 一 丿 ㇏ 一 一 丨"
"cnwstqi3133","primary","N","B","膊","膊","膊","丿 𠃌 丶 一 丨 一 一 一 亅 一 丶 丨 一 𠃍","丿 𠃌 一 一 一 丨 𠃍 一 一 丨 丶 一 亅 丶"
"cnwstqi3134","primary","N","A","膀","膀","膀","丿 𠃌 一 一 丶 一 丶 丿 ㇀ 乛 丶 一 𠃌 丿","丿 𠃌 ㇀ 乛 丿 丶 丿 一 丶 一 丶 一 一 𠃌"
"cnwstqi3135","primary","N","B","鲜","鲜","鲜","丿 ㇇ 𠃍 一 丨 丿 一 ㇀ 一 丨 丨 一 丶 一","丿 ㇇ 丨 𠃍 一 丨 一 ㇀ 丶 丿 一 一 一 丨"
"cnwstqi3136","primary","N","B","疑","疑","疑","丿 乚 ㇇ 丿 一 丶 一 丨 一 丶 ㇏ 丿 乛 丿","丿 乚 丿 一 一 丿 丶 ㇇ 丶 乛 丨 一 丿 ㇏"
"cnwstqi3137","primary","N","A","孵","孵","孵","丿 𠄌 丶 丿 𠃌 丨 丶 丿 丶 丶 丿 ㇇ 亅 一","丿 𠄌 丿 丶 亅 丨 𠃌 ㇇ 丿 丶 丶 一 丶 丿"
"cnwstqi3138","primary","N","B","馒","馒","馒","丿 乛 丨 𠃍 一 ㇇ 𠃍 一 丨 丨 ㇏ 𠄌 丨 一","丿 乛 𠄌 丨 𠃍 一 一 丨 𠃍 丨 丨 一 ㇇ ㇏"
"cnwstqi3139","primary","N","A","裹","裹","裹","丶 一 丨 𠃍 一 一 一 丨 丿 丶 丿 𠄌 丿 ㇏","丶 一 丶 丿 ㇏ 丿 𠄌 一 丨 丿 一 丨 一 𠃍"
"cnwstqi3140","primary","N","B","敲","敲","敲","丶 一 ㇏ 𠃍 一 丨 丨 丨 𠃍 一 一 丨 𠃌 ㇇","丶 一 丨 𠃍 一 丨 𠃌 丨 𠃍 一 丨 一 ㇇ ㇏"
"cnwstqi3141","primary","N","A","豪","豪","豪","丶 一 丨 𠃍 一 ㇀ 乛 一 丿 ㇁ 丿 丿 丿 ㇏","丶 一 丨 丿 丿 乛 丿 一 一 ㇁ ㇏ 丿 ㇀ 𠃍"
"cnwstqi3142","primary","N","A","膏","膏","膏","丶 一 丨 𠃍 一 ㇀ 乛 丨 𠃍 一 丨 𠃌 一 一","丶 一 𠃍 乛 一 一 丨 丨 丨 一 ㇀ 一 𠃌 𠃍"
"cnwstqi3143","primary","N","A","遮","遮","遮","丶 一 丿 一 丨 丨 一 ㇀ 丶 丶 丶 丶 ㇋ ㇏","丶 一 丶 一 ㇋ ㇀ 丶 丶 丶 丨 ㇏ 丿 一 丨"
"cnwstqi3144","primary","N","A","腐","腐","腐","丶 一 丿 丿 丨 一 亅 丶 丨 𠃌 丿 丶 丿 丶","丶 一 丿 丨 丿 丶 丿 丨 亅 丶 丿 𠃌 一 丶"
"cnwstqi3145","primary","N","A","瘩","瘩","瘩","丶 一 丿 丶 ㇀ 一 丨 丨 丿 ㇏ 一 丨 𠃍 一","丶 一 一 丶 丿 𠃍 丨 丨 一 丿 丨 一 ㇏ ㇀"
"cnwstqi3146","primary","N","B","瘟","瘟","瘟","丶 一 一 𠃍 丨 𠃍 一 丨 丨 ㇀ 丨 丿 一 丶","丶 一 丿 丶 ㇀ 丨 𠃍 一 一 丨 𠃍 丨 丨 一"
"cnwstqi3147","primary","N","A","瘦","瘦","瘦","丶 一 丿 丶 ㇀ 丿 丨 一 𠃍 一 一 丨 ㇇ ㇏","丶 一 丿 ㇏ 丨 一 ㇇ 丶 丨 𠃍 丿 一 ㇀ 一"
"cnwstqi3148","primary","N","B","辣","辣","辣","丶 一 ㇏ 一 丶 丿 𠃍 一 一 丿 丨 丨 丿 一","丶 一 丶 丿 一 一 丿 一 丨 𠃍 一 丨 丿 ㇏"
"cnwstqi3149","primary","N","A","彰","彰","彰","丶 一 丶 丿 一 丨 𠃍 一 一 一 丨 丿 丿 丿","丶 一 丨 丿 丿 𠃍 丨 一 一 丿 一 丶 丿 一"
"cnwstqi3150","primary","N","B","竭","竭","竭","丶 一 丶 𠃌 ㇄ ㇀ 𠃍 一 丿 一 丿 丨 丶 丿","丶 一 丶 丿 ㇀ 丨 𠃍 一 一 丿 𠃌 丿 丶 ㇄"
"cnwstqi3151","primary","N","B","端","端","端","丶 一 丿 ㇄ 丶 一 𠃌 丨 丿 丨 ㇀ 丨 丨 丨","丶 一 丶 丿 ㇀ 丨 ㇄ 丨 一 丿 丨 𠃌 丨 丨"
"cnwstqi3152","primary","N","A","旗","旗","旗","丶 一 𠃌 丿 丿 一 一 丨 丨 一 一 一 丿 丶","丶 一 一 一 丨 丿 丨 一 丿 丿 一 一 丶 𠃌"
"cnwstqi3153","primary","N","B","精","精","精","丶 丿 一 丨 丶 一 一 𠃌 一 丨 丿 一 一 丨","丶 丿 一 丨 丿 丶 一 一 丨 一 丨 𠃌 一 一"
"cnwstqi3154","primary","N","A","粹","粹","粹","丶 丿 一 丨 丿 丶 丶 一 丿 丶 丿 丶 一 丨","丶 丿 丿 丿 丶 丨 丶 一 丶 丶 一 一 丿 丨"
"cnwstqi3155","primary","N","B","歉","歉","歉","丶 丿 丶 一 ㇏ 丿 乛 丿 丨 一 𠃍 丨 一 丿","丶 丿 一 𠃍 一 一 丨 丨 丿 丶 丿 乛 丿 ㇏"
"cnwstqi3156","primary","N","B","弊","弊","弊","丶 丿 一 𠃌 丿 一 丿 ㇏ 丿 丿 丶 丨 丨 丨","丶 丿 丨 𠃌 丨 丿 丶 丿 一 丿 ㇏ 一 丿 丨"
"cnwstqi3157","primary","N","A","熄","熄","熄","㇀ 丿 丿 丶 丿 丨 𠃍 一 一 一 ㇀ ㇃ 丶 丶","㇀ 丿 丶 一 丿 丶 丨 丿 ㇀ 𠃍 一 ㇃ 一 丶"
"cnwstqi3158","primary","N","A","熔","熔","熔","㇀ 丿 丿 丶 丶 ㇀ 乛 丿 丶 丿 ㇏ 丨 𠃍 一","㇀ 丿 𠃍 丶 丿 ㇀ ㇏ 丿 丶 一 丶 丨 丿 乛"
"cnwstqi3159","primary","N","A","煽","煽","煽","㇀ 丿 丿 丶 丶 𠃍 一 丿 𠃌 丶 ㇀ 𠃌 丶 ㇀","㇀ 丿 一 丶 ㇀ 丿 丿 丶 𠃌 ㇀ 𠃌 𠃍 丶 丶"
"cnwstqi3160","primary","N","A","潇","潇","潇","丶 丶 ㇀ 一 丨 丨 𠃍 一 一 丨 丿 丨 丿 丶","丶 丶 丿 丿 一 丨 丨 一 丨 ㇀ 丶 𠃍 丨 一"
"cnwstqi3161","primary","N","B","漆","漆","漆","丶 丶 丶 丨 丶 丿 一 亅 ㇏ 丿 丿 ㇀ ㇀ 丶","丶 丶 ㇀ 一 丨 丿 丶 丿 ㇏ 亅 丶 ㇀ 丿 丶"
"cnwstqi3162","primary","N","A","漱","漱","漱","丶 丶 ㇀ 一 丨 𠃍 一 丨 丿 丶 丿 乛 丿 ㇏","丶 丶 丿 丿 ㇀ 丨 一 乛 丿 一 ㇏ 丨 𠃍 丶"
"cnwstqi3163","primary","N","B","漂","漂","漂","丶 丶 一 𠃍 丨 ㇀ 丨 一 一 丨 丿 一 亅 丶","丶 丶 ㇀ 一 丨 𠃍 丨 丨 一 一 一 亅 丿 丶"
"cnwstqi3164","primary","N","B","漫","漫","漫","丶 丶 𠃍 丨 ㇇ 一 丨 一 丨 𠃍 ㇏ ㇀ 一 丨","丶 丶 ㇀ 丨 𠃍 一 一 丨 𠃍 丨 丨 一 ㇇ ㇏"
"cnwstqi3165","primary","N","B","滴","滴","滴","丶 丶 丿 ㇀ 一 一 一 丨 𠃍 丶 丶 𠃌 丨 丨","丶 丶 ㇀ 丶 一 丶 丿 丨 𠃌 一 丨 丨 𠃍 一"
"cnwstqi3166","primary","N","A","漾","漾","漾","丶 丶 ㇀ 丶 丿 一 一 丨 一 丶 𠃌 ㇇ 丿 ㇏","丶 丶 丿 一 𠃌 丨 一 ㇇ 丶 丶 一 ㇀ ㇏ 丿"
"cnwstqi3167","primary","N","B","演","演","演","丶 丶 乛 𠃍 丶 丿 ㇀ ㇀ 一 丨 丨 一 丶 一","丶 丶 ㇀ 丶 ㇀ 乛 一 丨 𠃍 一 丨 一 丿 丶"
"cnwstqi3168","primary","N","A","漏","漏","漏","丶 丶 ㇀ 𠃍 一 丿 一 丨 𠃌 丨 丶 丶 丶 丶","丶 丶 一 丶 丶 一 丨 𠃍 丶 丨 丿 丶 𠃌 ㇀"
"cnwstqi3169","primary","N","B","慢","慢","慢","㇀ 丶 丨 丨 ㇏ 一 丨 一 丨 ㇇ 𠃍 𠃍 丨 一","㇀ 丶 丨 丨 𠃍 一 一 丨 𠃍 丨 丨 一 ㇇ ㇏"
"cnwstqi3170","primary","N","B","慷","慷","慷","㇀ 丶 亅 ㇏ 丶 丨 𠃍 一 丶 ㇀ 丿 一 丿 一","㇀ 丶 丨 丶 一 丿 𠃍 一 一 亅 丶 ㇀ 丿 ㇏"
"cnwstqi3171","primary","N","B","寨","寨","寨","丶 ㇀ 丨 一 一 丿 一 ㇏ 丶 丨 丿 一 亅 乛","丶 ㇀ 乛 一 一 丨 丨 一 丿 ㇏ 一 亅 丿 丶"
"cnwstqi3172","primary","N","B","赛","赛","赛","丶 ㇀ ㇏ 丿 丨 一 丨 丿 一 丨 乛 𠃍 丶 一","丶 ㇀ 乛 一 一 丨 丨 一 丿 ㇏ 丨 𠃍 丿 丶"
"cnwstqi3173","primary","N","B","寡","寡","寡","丶 ㇀ ㇏ 丿 丿 一 一 乛 丿 𠃍 一 丨 一 𠃌","丶 ㇀ 乛 一 丿 丨 𠃍 一 一 一 丿 ㇏ 𠃌 丿"
"cnwstqi3174","primary","N","A","察","察","察","丶 ㇀ 乛 丿 ㇇ 丶 丶 ㇇ ㇏ 一 一 亅 丿 丶","丶 ㇀ 乛 一 ㇇ ㇏ 丿 亅 一 丶 丿 丶 丶 ㇇"
"cnwstqi3175","primary","N","B","蜜","蜜","蜜","丶 ㇀ 丶 ㇃ ㇀ 丨 一 丨 丶 乛 丶 一 𠃍 丿","丶 ㇀ 乛 ㇀ ㇃ 丶 丿 丶 丨 𠃍 一 丨 一 丶"
"cnwstqi3176","primary","N","B","寥","寥","寥","丶 ㇀ ㇏ ㇀ 丶 乛 丿 ㇀ 丿 𠃍 丶 𠃍 丿 丿","丶 ㇀ 乛 𠃍 丶 ㇀ 𠃍 丶 ㇀ 丿 ㇏ 丿 丿 丿"
"cnwstqi3177","primary","N","B","谭","谭","谭","丶 ㇊ 𠃍 一 一 一 丨 丨 一 丨 丨 丨 一 𠃍","丶 ㇊ 一 丨 𠃍 丨 丨 一 丨 𠃍 一 一 一 丨"
"cnwstqi3178","primary","N","B","肇","肇","肇","丶 𠃍 一 𠃍 丿 丨 一 一 ㇏ 一 一 丿 丿 一","丶 𠃍 一 丿 丿 一 丿 ㇏ 𠃍 一 一 一 一 丨"
"cnwstqi3179","primary","N","B","褐","褐","褐","丶 ㇇ 𠃍 一 丿 丿 丨 𠃌 一 丨 ㇄ 丿 丶 丶","丶 ㇇ 丨 丿 丶 丨 𠃍 一 一 丿 𠃌 丿 丶 ㇄"
"cnwstqi3180","primary","N","A","褪","褪","褪","丶 ㇇ 丨 丿 丶 𠃍 一 一 𠄌 丿 丶 丶 ㇋ ㇏","丶 ㇇ 丿 𠃍 一 丨 丶 丶 ㇏ 一 ㇋ 丿 𠄌 丶"
"cnwstqi3181","primary","N","B","谱","谱","谱","丶 ㇊ 丶 丨 丨 一 丿 一 一 丨 丶 𠃍 丿 一","丶 ㇊ 丶 丿 一 丨 丨 丶 丿 一 丨 𠃍 一 一"
"cnwstqi3182","primary","N","B","隧","隧","隧","㇌ 丨 ㇁ 一 丶 ㇏ 丿 ㇋ 丿 丿 丿 丿 丶 丶","㇌ 丨 丶 丿 一 丿 ㇁ 丿 丿 丿 丶 丶 ㇋ ㇏"
"cnwstqi3183","primary","N","A","嫩","嫩","嫩","𡿨 丿 一 一 丨 𠃍 一 丨 丿 丶 丿 一 丿 ㇏","𡿨 丿 丨 丿 丿 一 一 ㇏ 丶 一 丿 𠃍 一 丨"
"cnwstqi3184","primary","N","B","翠","翠","翠","𠃍 丶 丿 丶 丿 丶 丶 ㇀ 丨 一 一 ㇀ 𠃍 丶","𠃍 丶 ㇀ 𠃍 丶 ㇀ 丶 一 丿 丶 丿 丶 一 丨"
"cnwstqi3185","primary","N","B","熊","熊","熊","𠃋 丶 一 乚 ㇀ 乚 丿 丨 𠃌 丶 丿 丶 丶 一","𠃋 丶 丨 𠃌 一 一 丿 乚 丿 乚 ㇀ 丶 丶 丶"
"cnwstqi3186","primary","N","B","凳","凳","凳","㇇ 丶 丿 一 𠃍 一 一 丶 ⺄ 丿 丿 ㇏ 丨 丿","㇇ 丶 丿 丿 ㇏ 一 丨 𠃍 一 丶 丿 一 丿 ⺄"
"cnwstqi3187","primary","N","B","骡","骡","骡","𠃍 ㇉ 𠃋 亅 一 丨 丿 丶 ㇀ 𠃋 丶 𠃍 丨 一","𠃍 ㇉ ㇀ 丨 𠃍 一 丨 一 𠃋 𠃋 丶 亅 丿 丶"
"cnwstqi3188","primary","N","B","缩","缩","缩","𠃋 𠃋 乛 𠃍 丿 一 ㇀ 一 丨 丶 ㇀ 丨 一 丿","𠃋 𠃋 ㇀ 丶 ㇀ 乛 丿 丨 一 丿 丨 𠃍 一 一"
"cnwstqi3189","primary","N","A","慧","慧","慧","一 一 一 丨 一 一 一 丨 𠃍 一 一 ㇀ ㇃ 丶 丶","一 一 ㇃ 丨 一 丶 一 一 𠃍 丶 一 一 一 丨 ㇀"
"cnwstqi3190","primary","N","B","撵","撵","撵","一 亅 丨 ㇀ 丿 一 𠃋 一 丶 一 丿 一 一 ㇏ 一","一 亅 ㇀ 一 一 丿 丶 一 一 丿 ㇏ 一 𠃋 一 丨"
"cnwstqi3191","primary","N","A","撕","撕","撕","一 亅 ㇀ 一 丨 丨 一 一 一 丿 丶 丿 丿 一 丨","一 亅 一 一 丿 一 丨 丶 ㇀ 丨 丿 一 丨 丿 一"
"cnwstqi3192","primary","N","A","撒","撒","撒","一 亅 ㇀ 一 丨 丨 一 丨 𠃌 一 一 丿 一 丿 ㇏","一 亅 丿 ㇏ 一 丿 丨 𠃌 一 一 一 丨 丨 一 ㇀"
"cnwstqi3193","primary","N","B","撩","撩","撩","一 亅 一 丶 一 ㇀ 亅 丿 𠃍 丶 丿 丿 ㇏ 丨 一","一 亅 ㇀ 一 丿 ㇏ 丶 丿 丨 𠃍 一 一 亅 丿 丶"
"cnwstqi3194","primary","N","A","趣","趣","趣","一 丨 一 丨 一 丿 ㇏ 一 丨 丨 一 一 ㇀ ㇇ 丶","一 丨 丨 丨 ㇏ 一 一 一 丨 ㇇ 丶 一 一 ㇀ 丿"
"cnwstqi3195","primary","N","A","趟","趟","趟","一 丨 一 丨 一 丿 ㇏ 丨 丶 丿 丨 𠃌 丨 𠃍 一","一 丨 丶 𠃌 𠃍 丨 丨 一 丿 丨 丿 丨 ㇏ 一 一"
"cnwstqi3196","primary","N","B","撑","撑","撑","一 亅 丨 乛 亅 ㇀ 丿 𠃍 一 丿 一 丶 ㇀ 丨 一","一 亅 ㇀ 丨 丶 丿 ㇀ 乛 丨 𠃍 一 丿 一 一 亅"
"cnwstqi3197","primary","N","B","撮","撮","撮","一 亅 一 ㇇ 一 一 ㇀ 丨 一 𠃍 丨 ㇀ ㇏ 一 丨","一 亅 ㇀ 丨 𠃍 一 一 一 丨 丨 一 一 ㇀ ㇇ ㇏"
"cnwstqi3198","primary","N","A","撬","撬","撬","一 亅 ㇀ 丿 一 一 乚 丿 一 一 𠄌 丿 一 一 乚","一 亅 丿 丿 一 𠄌 一 一 一 ㇀ 丿 一 一 乚 乚"
"cnwstqi3199","primary","N","B","播","播","播","一 亅 一 一 一 ㇏ 丿 丶 丿 丨 丨 丨 𠃍 丿 ㇀","一 亅 ㇀ 丿 丶 丿 一 丨 丿 ㇏ 丨 𠃍 一 丨 一"
"cnwstqi3200","primary","N","A","擒","擒","擒","一 亅 ㇀ 丿 ㇏ 丶 一 丿 丶 ㇄ 丨 丨 𠃌 𠃋 丶","一 亅 ㇀ ㇄ 丿 丶 𠃌 𠃋 丿 丨 丨 一 丶 ㇏ 丶"
"cnwstqi3201","primary","N","A","墩","墩","墩","一 丨 ㇀ 丶 一 丨 𠃍 一 ㇇ 亅 ㇀ 丿 一 丿 ㇏","一 丨 丶 ㇇ 一 丿 ㇏ 一 𠃍 ㇀ 丨 亅 一 丿 ㇀"
"cnwstqi3202","primary","N","B","撞","撞","撞","一 亅 一 丶 丶 一 一 丨 丨 丿 一 𠃍 ㇀ 一 一","一 亅 ㇀ 丶 一 丶 丿 一 丨 𠃍 一 一 丨 一 一"
"cnwstqi3203","primary","N","B","撤","撤","撤","一 亅 𠃌 丿 一 ㇏ 丶 丨 丿 丶 一 ㇀ 𠃋 一 一","一 亅 ㇀ 丶 一 𠃋 丶 丨 𠃌 一 一 丿 一 丿 ㇏"
"cnwstqi3204","primary","N","A","增","增","增","一 丨 ㇀ 丶 丿 丨 𠃍 丨 丶 丿 一 丨 𠃍 一 一","一 丨 丶 𠃍 丿 丶 一 一 丨 一 𠃍 丨 ㇀ 丿 丨"
"cnwstqi3205","primary","N","B","撰","撰","撰","一 亅 乚 ㇀ 丶 丨 一 丨 丿 乚 𠃍 𠃍 一 一 一","一 亅 ㇀ 𠃍 一 乚 𠃍 一 乚 一 丨 丨 一 丿 丶"
"cnwstqi3206","primary","N","A","聪","聪","聪","一 丨 丨 一 一 ㇀ 丶 丿 丨 𠃍 一 ㇀ ㇃ 丶 丶","一 丨 丨 一 ㇀ 丿 𠃍 丶 ㇃ 一 丶 ㇀ 丨 一 丶"
"cnwstqi3207","primary","N","A","鞋","鞋","鞋","一 丨 丨 一 丨 𠃍 一 一 丨 一 丨 一 一 丨 一","一 丨 𠃍 一 一 一 一 丨 一 丨 丨 丨 一 丨 一"
"cnwstqi3208","primary","N","B","鞍","鞍","鞍","一 丨 丶 一 ㇀ 丨 丨 一 丨 𡿨 乛 𠃍 丿 一 一","一 丨 丨 一 丨 𠃍 一 一 丨 丶 ㇀ 乛 𡿨 丿 一"
"cnwstqi3209","primary","N","B","蕉","蕉","蕉","一 丨 一 丨 丶 丨 丶 丶 丨 一 丿 丶 ㇀ 一 一","一 丨 丨 丿 丨 丶 一 一 一 丨 一 ㇀ 丶 丶 丶"
"cnwstqi3210","primary","N","B","蕊","蕊","蕊","一 丨 丶 丶 ㇀ 丶 ㇃ ㇃ ㇀ ㇃ 丶 丶 丶 ㇀ 丨","一 丨 丨 ㇀ ㇃ 丶 丶 ㇀ ㇃ 丶 丶 ㇀ ㇃ 丶 丶"
"cnwstqi3211","primary","N","A","蔬","蔬","蔬","一 丨 丨 ㇇ 丨 一 丨 ㇀ 丶 一 𠃋 丶 丿 丨 乚","一 丨 丶 一 丨 丿 丶 𠃋 丨 ㇀ 丨 乚 丨 ㇇ 一"
"cnwstqi3212","primary","N","A","蕴","蕴","蕴","一 丨 丨 𠃋 𠃋 ㇀ 丨 𠃍 一 一 丨 𠃍 丨 丨 一","一 丨 一 丨 丨 𠃋 一 丨 一 𠃍 丨 丨 𠃋 ㇀ 𠃍"
"cnwstqi3213","primary","N","B","横","横","横","一 丨 丨 丨 一 丶 一 丨 丶 一 一 丿 𠃍 丨 丿","一 丨 丿 丶 一 丨 丨 一 丨 𠃍 一 丨 一 丿 丶"
"cnwstqi3214","primary","N","B","槽","槽","槽","一 丨 𠃍 丨 丨 一 一 一 一 𠃍 丨 丶 丿 丨 一","一 丨 丿 丶 一 丨 𠃍 一 丨 丨 一 丨 𠃍 一 一"
"cnwstqi3215","primary","N","B","樱","樱","樱","一 丨 丨 丿 丶 𡿨 丨 一 𠃍 丿 丶 丿 丿 丶 𠃍","一 丨 丿 丶 丨 𠃍 丿 丶 丨 𠃍 丿 丶 𡿨 丿 一"
"cnwstqi3216","primary","N","A","橡","橡","橡","一 丨 丿 丶 丿 ㇇ 丨 𠃍 一 丿 ㇁ 丿 丿 丿 ㇏","一 丨 𠃍 丿 丿 ㇏ ㇁ 丿 ㇇ 丿 丿 丨 丿 一 丶"
"cnwstqi3217","primary","N","A","樟","樟","樟","一 丨 丿 丶 丶 一 丶 丿 一 丨 𠃍 一 一 一 丨","一 丨 丶 𠃍 丨 丿 一 丶 丿 一 一 丶 一 丨 一"
"cnwstqi3218","primary","N","A","橄","橄","橄","一 丨 丿 丶 ㇇ 一 丨 丨 一 一 ㇀ 丿 一 丿 ㇏","一 丨 丶 ㇏ ㇀ 一 一 丨 丨 丿 ㇇ 丿 一 一 丿"
"cnwstqi3219","primary","N","A","敷","敷","敷","一 丨 𠃍 一 一 丨 丶 丶 一 𠃌 丿 丿 一 丿 ㇏","一 丨 一 一 丶 丶 一 丿 ㇏ 丨 一 丿 𠃌 𠃍 丿"
"cnwstqi3220","primary","N","B","豌","豌","豌","一 丨 丶 乛 ㇀ 丶 ㇇ 丿 丶 ㇀ 丿 一 𠃍 𠃌 乚","一 丨 𠃍 一 丶 丿 ㇀ 丶 ㇀ 乛 丿 ㇇ 丶 𠃌 乚"
"cnwstqi3221","primary","N","B","飘","飘","飘","一 丨 ⺄ 𠃍 丨 丶 一 丨 一 丿 亅 丶 丿 一 丿","一 丨 𠃍 丨 丨 一 一 一 亅 丿 丶 丿 ⺄ 丿 丶"
"cnwstqi3222","primary","N","A","醋","醋","醋","一 丨 𠃍 丿 ㇄ 一 一 一 丨 丨 一 丨 𠃍 一 一","一 丨 𠃍 一 一 一 丿 一 ㇄ 一 丨 𠃍 丨 丨 一"
"cnwstqi3223","primary","N","B","醇","醇","醇","一 丨 丨 一 ㇇ 𠃍 一 丶 亅 一 一 丿 一 ㇄ 𠃍","一 丨 𠃍 丿 ㇄ 一 一 丶 一 丨 𠃍 一 ㇇ 亅 一"
"cnwstqi3224","primary","N","B","醉","醉","醉","一 丨 丨 丿 一 一 丶 ㇄ 一 𠃍 一 丿 丿 丶 丶","一 丨 𠃍 丿 ㇄ 一 一 丶 一 丿 丶 丿 丶 一 丨"
"cnwstqi3225","primary","N","A","磕","磕","磕","一 丿 丨 𠃍 一 一 丨 一 𠃋 丶 丨 𠃍 丨 丨 一","一 丿 𠃍 丨 𠃋 一 丨 𠃍 一 丶 一 一 丨 丨 丨"
"cnwstqi3226","primary","N","B","磊","磊","磊","一 丿 一 一 丨 丨 𠃍 一 𠃍 丨 一 丿 𠃍 丿 一","一 丿 丨 𠃍 一 一 丿 丨 𠃍 一 一 丿 丨 𠃍 一"
"cnwstqi3227","primary","N","B","磅","磅","磅","一 丿 丿 一 丶 丨 一 丶 丿 𠃍 𠃌 乛 一 ㇀ 丶","一 丿 丨 𠃍 一 丶 一 丶 丿 ㇀ 乛 丶 一 𠃌 丿"
"cnwstqi3228","primary","N","B","碾","碾","碾","一 丿 ㇏ 丿 一 丨 一 丨 一 丨 𠃍 𠃍 丿 𠄌 一","一 丿 丨 𠃍 一 𠃍 一 丿 一 丨 丨 一 𠄌 丿 ㇏"
"cnwstqi3229","primary","N","B","震","震","震","一 ㇀ 乛 丶 一 一 丶 丶 丿 𠄌 丨 丶 丿 一 ㇏","一 ㇀ 乛 丨 丶 丶 丶 丶 一 丿 一 一 𠄌 丿 ㇏"
"cnwstqi3230","primary","N","B","霄","霄","霄","一 ㇀ 丨 一 一 丶 丶 丶 乛 𠃌 丶 丶 丨 丿 丨","一 ㇀ 乛 丨 丶 丶 丶 丶 丨 丶 丿 丨 𠃌 一 一"
"cnwstqi3231","primary","N","A","霉","霉","霉","一 ㇀ 乛 丨 丶 丶 丶 丶 丿 一 ㇄ 𠃌 丶 一 丶","一 ㇀ ㇄ 一 丶 乛 丶 丨 丶 丶 丶 丿 𠃌 一 丶"
"cnwstqi3232","primary","N","B","瞒","瞒","瞒","丨 𠃍 一 丶 丨 一 𠃌 丿 丨 丨 一 丶 丿 一 一","丨 𠃍 一 一 一 一 丨 丨 一 丨 𠃌 丿 丶 丿 丶"
"cnwstqi3233","primary","N","A","题","题","题","丨 𠃍 一 一 一 丨 一 丿 ㇏ 一 丿 丨 𠃍 丿 丶","丨 𠃍 丿 一 丨 𠃍 丿 一 一 一 一 丶 丨 丿 ㇏"
"cnwstqi3234","primary","N","B","暴","暴","暴","丨 𠃍 丿 丶 丶 一 丨 一 ㇏ 丿 一 一 ㇀ 丨 亅","丨 𠃍 一 一 一 丨 丨 一 丿 ㇏ 亅 丶 ㇀ 丿 丶"
"cnwstqi3235","primary","N","B","瞎","瞎","瞎","丨 𠃍 ㇀ 丶 乛 𠃍 一 一 一 丨 丨 一 一 一 一","丨 𠃍 一 一 一 丶 ㇀ 乛 一 一 一 丨 丨 𠃍 一"
"cnwstqi3236","primary","N","B","嘻","嘻","嘻","丨 𠃍 一 一 一 丨 一 一 丿 𠃍 丨 𠃍 一 丨 丶","丨 𠃍 一 一 丨 一 丨 𠃍 一 丶 丿 一 丨 𠃍 一"
"cnwstqi3237","primary","N","B","嘶","嘶","嘶","丨 𠃍 丨 丿 一 一 一 丶 丨 丿 一 丨 丿 一 一","丨 𠃍 一 一 丨 丨 一 一 一 丿 丶 丿 丿 一 丨"
"cnwstqi3238","primary","N","B","嘲","嘲","嘲","丨 𠃍 一 丨 一 一 一 一 一 丨 𠃌 丨 一 𠃍 丿","丨 𠃍 一 一 丨 丨 𠃍 一 一 一 丨 丿 𠃌 一 一"
"cnwstqi3239","primary","N","A","嘹","嘹","嘹","丨 𠃍 一 一 丿 ㇏ 丶 丿 丨 𠃍 一 一 亅 丿 丶","丨 𠃍 丨 一 𠃍 丿 ㇏ 丿 一 一 丶 一 亅 丿 丶"
"cnwstqi3240","primary","N","B","影","影","影","丨 𠃍 丿 丨 丿 亅 一 丿 丿 一 丶 丶 𠃍 一 一","丨 𠃍 一 一 丶 一 丨 𠃍 一 亅 丿 丶 丿 丿 丿"
"cnwstqi3241","primary","N","A","踢","踢","踢","丨 𠃍 一 丨 一 丨 ㇀ 丨 𠃍 一 一 丿 𠃌 丿 丿","丨 𠃍 丨 丨 𠃍 一 丿 ㇀ 一 丨 一 𠃌 一 丿 丿"
"cnwstqi3242","primary","N","A","踏","踏","踏","丨 𠃍 一 丨 一 丨 ㇀ 亅 ㇇ 丿 ㇏ 丨 𠃍 一 一","丨 𠃍 一 ㇇ 一 ㇀ 一 𠃍 亅 丨 丿 丨 ㇏ 一 丨"
"cnwstqi3243","primary","N","B","踩","踩","踩","丨 𠃍 丨 丨 ㇀ 丿 ㇏ 丿 一 丿 丨 一 丶 丶 一","丨 𠃍 一 丨 一 丨 ㇀ 丿 丶 丶 丿 一 丨 丿 ㇏"
"cnwstqi3244","primary","N","A","踪","踪","踪","丨 𠃍 一 丨 一 丨 ㇀ 丶 ㇀ 乛 一 一 亅 丿 丶","丨 𠃍 丶 丿 一 一 乛 ㇀ ㇀ 丶 丨 一 丨 一 亅"
"cnwstqi3245","primary","N","A","蝶","蝶","蝶","丨 𠃍 一 丨 一 丶 一 丨 丨 一 ㇄ 一 丨 丿 ㇏","丨 𠃍 ㇏ 一 一 丿 丨 一 一 丶 一 丨 丨 丨 ㇄"
"cnwstqi3246","primary","N","A","蝴","蝴","蝴","丨 𠃍 一 丨 一 丶 一 丨 丨 𠃍 一 丿 𠃌 一 一","丨 𠃍 一 一 𠃌 丿 丨 一 一 𠃍 丨 丨 一 一 丶"
"cnwstqi3247","primary","N","A","蝠","蝠","蝠","丨 𠃍 一 丨 一 丶 一 丨 𠃍 一 丨 𠃍 一 丨 一","丨 𠃍 𠃍 丶 一 一 一 丨 𠃍 丨 一 丨 丨 一 一"
"cnwstqi3248","primary","N","B","蝎","蝎","蝎","丨 𠃍 一 丶 丿 𠃌 丿 丨 一 一 一 ㇄ 丨 丶 𠃍","丨 𠃍 一 丨 一 丶 丨 𠃍 一 一 丿 𠃌 丿 丶 ㇄"
"cnwstqi3249","primary","N","A","蝌","蝌","蝌","丨 𠃍 一 丨 一 丶 丿 一 丨 丿 丶 丶 丶 一 丨","丨 𠃍 一 一 丶 丨 丨 一 丶 丿 丶 丨 一 丿 丶"
"cnwstqi3250","primary","N","B","蝗","蝗","蝗","丨 𠃍 一 一 丨 一 𠃍 一 丨 一 一 丶 丿 丨 一","丨 𠃍 一 丨 一 丶 丿 丨 𠃍 一 一 一 一 丨 一"
"cnwstqi3251","primary","N","A","蝙","蝙","蝙","丨 𠃍 一 丨 一 丶 丶 𠃍 一 丿 丨 𠃌 一 丨 丨","丨 𠃍 一 一 𠃍 丨 丶 丨 丶 一 丨 一 丨 丿 𠃌"
"cnwstqi3252","primary","N","B","嘿","嘿","嘿","丨 𠃍 丨 ㇀ 一 𠃍 丿 丶 丶 一 丶 丨 丶 一 一","丨 𠃍 一 丨 𠃍 丶 丿 一 丨 一 一 ㇀ 丶 丶 丶"
"cnwstqi3253","primary","N","A","嘱","嘱","嘱","丨 𠃍 一 𠃍 一 丿 丿 丨 𠃍 一 丨 𠃌 丨 ㇀ 丶","丨 𠃍 𠃍 𠃌 丿 一 丨 一 𠃍 ㇀ 丶 丨 一 丨 丿"
"cnwstqi3254","primary","N","A","幢","幢","幢","丨 𠃌 丨 丶 一 丶 丿 一 丨 𠃍 一 一 丨 一 一","丨 𠃌 丿 丶 丨 一 𠃍 丨 一 一 一 一 丨 一 丶"
"cnwstqi3255","primary","N","B","墨","墨","墨","丨 𠃍 一 丶 丿 丨 丨 一 一 丶 ㇀ 一 丶 丶 一","丨 𠃍 丶 丿 一 丨 一 一 ㇀ 丶 丶 丶 一 丨 一"
"cnwstqi3256","primary","N","A","镇","镇","镇","丿 一 一 一 𠄌 一 丨 丨 𠃍 一 一 一 一 丿 丶","丿 一 丶 丨 一 一 一 一 一 一 丿 𠄌 一 𠃍 丨"
"cnwstqi3257","primary","N","A","镐","镐","镐","丿 一 一 一 𠄌 丶 一 丨 𠃍 一 丨 𠃌 丨 𠃍 一","丿 一 丨 一 𠃌 一 一 丨 𠃍 丶 𠃍 𠄌 一 一 丨"
"cnwstqi3258","primary","N","A","镑","镑","镑","丿 一 一 一 𠄌 丶 一 丶 丿 ㇀ 乛 丶 一 𠃌 丿","丿 一 丿 一 一 一 丶 丶 丶 丿 𠄌 ㇀ 一 乛 𠃌"
"cnwstqi3259","primary","N","A","靠","靠","靠","丿 一 丨 一 丨 𠃍 一 丨 一 一 一 丨 一 一 一","丿 一 丨 一 𠃍 一 丨 一 一 丨 一 一 丨 一 一"
"cnwstqi3260","primary","N","A","稽","稽","稽","丿 一 丨 丿 丶 一 丿 乚 丶 丿 乚 丨 𠃍 一 一","丿 一 乚 一 丨 一 丿 丨 丿 丶 一 乚 丶 丿 𠃍"
"cnwstqi3261","primary","N","B","稻","稻","稻","丿 一 丶 丿 丶 𠃍 一 一 丨 丿 丨 丿 一 丶 丿","丿 一 丨 丿 丶 丿 丶 丶 丿 丿 丨 一 𠃍 一 一"
"cnwstqi3262","primary","N","B","黎","黎","黎","丿 一 亅 丿 ㇏ 丿 丶 丿 𠃌 丶 ㇀ 丿 丿 丨 丶","丿 一 丨 丿 丶 丿 𠃌 丿 丿 ㇏ 亅 丶 ㇀ 丿 丶"
"cnwstqi3263","primary","N","B","稿","稿","稿","丿 一 丨 一 一 丨 丿 𠃌 丶 一 丶 𠃍 丨 𠃍 丨","丿 一 丨 丿 丶 丶 一 丨 𠃍 一 丨 𠃌 丨 𠃍 一"
"cnwstqi3264","primary","N","A","稼","稼","稼","丿 一 丨 丿 丶 丶 ㇀ 乛 一 丿 ㇁ 丿 丿 丿 ㇏","丿 一 ㇏ 丿 丿 ㇀ 丶 丶 一 ㇁ 丿 丿 丿 乛 丨"
"cnwstqi3265","primary","N","A","箱","箱","箱","丿 一 丶 丿 一 丶 一 丨 丿 丶 丨 𠃍 一 一 一","丿 一 丶 丶 丨 一 丿 一 一 丶 丿 丨 𠃍 一 一"
"cnwstqi3266","primary","N","B","篓","篓","篓","丿 一 丿 丿 丶 丿 丶 一 丨 丿 一 𡿨 丶 一 ㇏","丿 一 丶 丿 一 丶 丶 丿 一 丨 丿 ㇏ 𡿨 丿 一"
"cnwstqi3267","primary","N","A","箭","箭","箭","丿 一 丶 丿 一 丶 丶 丿 一 丨 𠃌 一 一 丨 亅","丿 一 丿 丨 丶 一 丶 一 丶 丨 一 亅 一 丿 𠃌"
"cnwstqi3268","primary","N","B","篇","篇","篇","丿 一 丿 𠃌 一 丶 丿 丶 𠃍 丨 丨 丨 丶 一 一","丿 一 丶 丿 一 丶 丶 𠃍 一 丿 丨 𠃌 一 丨 丨"
"cnwstqi3269","primary","N","A","僵","僵","僵","丿 丨 一 丨 𠃍 一 丨 一 一 丨 𠃍 一 丨 一 一","丿 丨 一 丨 丨 一 一 丨 一 𠃍 一 𠃍 丨 一 一"
"cnwstqi3270","primary","N","A","躺","躺","躺","丿 丨 𠃌 一 一 一 丿 丨 丶 丿 丨 𠃌 丨 𠃍 一","丿 丨 丨 丨 丿 𠃌 𠃍 一 丶 丨 一 𠃌 一 一 丿"
"cnwstqi3271","primary","N","A","僻","僻","僻","丿 丨 𠃍 一 丿 丨 𠃍 一 丶 一 丶 丿 一 一 丨","丿 丨 一 一 丶 𠃍 一 丿 𠃍 丶 丿 一 一 丨 丨"
"cnwstqi3272","primary","N","B","德","德","德","丿 丿 丿 ㇀ 𠃍 一 丶 ㇃ 丨 丶 一 丨 一 丨 丨","丿 丿 丨 一 丿 丨 𠃍 丨 丨 一 一 ㇀ ㇃ 丶 丶"
"cnwstqi3273","primary","N","A","艘","艘","艘","丿 丿 𠃌 丶 一 丶 丿 丨 一 𠃍 一 一 丨 ㇇ ㇏","丿 丿 𠃍 丿 ㇏ 一 丶 丶 ㇇ 丨 一 一 𠃌 一 丨"
"cnwstqi3274","primary","N","A","膝","膝","膝","丿 𠃌 一 一 一 丨 丿 丶 丿 ㇏ 亅 丶 ㇀ ㇀ 丶","丿 𠃌 ㇀ 丶 亅 丿 丶 丿 丶 一 丨 ㇀ 一 一 ㇏"
"cnwstqi3275","primary","N","B","膛","膛","膛","丿 𠃌 一 丨 一 一 一 丨 丶 乛 丨 丿 𠃍 ㇀ 一","丿 𠃌 一 一 丨 丶 丿 ㇀ 乛 丨 𠃍 一 一 丨 一"
"cnwstqi3276","primary","N","A","鲤","鲤","鲤","丿 ㇇ 丨 𠃍 一 丨 一 ㇀ 丨 𠃍 一 一 丨 一 一","丿 ㇇ ㇀ 一 𠃍 一 一 丨 丨 一 𠃍 丨 一 丨 一"
"cnwstqi3277","primary","N","A","鲫","鲫","鲫","丿 ㇇ 丨 𠃍 一 丨 一 ㇀ 𠃍 一 一 𠄌 丶 𠃌 丨","丿 ㇇ 𠃌 丨 𠄌 丨 一 丶 𠃍 一 一 ㇀ 一 丨 𠃍"
"cnwstqi3278","primary","N","B","熟","熟","熟","丶 一 丶 丨 亅 丶 𠃍 ㇇ ⺄ 丶 丿 ㇀ ㇀ 丶 一","丶 一 丨 𠃍 一 ㇇ 亅 ㇀ 丿 ⺄ 丶 ㇀ 丶 丶 丶"
"cnwstqi3279","primary","N","B","摩","摩","摩","丶 一 丨 丿 一 丿 一 丿 丶 一 ㇏ 丨 亅 丿 一","丶 一 丿 一 丨 丿 丶 一 丨 丿 ㇏ 丿 一 一 亅"
"cnwstqi3280","primary","N","A","褒","褒","褒","丶 一 丿 丨 丨 𠃍 一 一 丨 丿 丶 丿 𠄌 丿 ㇏","丶 一 𠄌 丶 𠃍 丿 ㇏ 丿 丨 丿 丿 丨 一 一 丨"
"cnwstqi3281","primary","N","A","瘪","瘪","瘪","丶 一 丿 丶 ㇀ 丿 丨 𠃍 一 一 一 丿 ㇏ 丿 乚","丶 一 丿 丿 丿 乚 ㇏ 丶 一 丿 ㇀ 一 一 𠃍 丨"
"cnwstqi3282","primary","N","A","瘤","瘤","瘤","丶 一 丿 丶 ㇀ 丿 𠄌 丶 𠃌 丿 丨 𠃍 一 丨 一","丶 一 丨 丿 𠃌 𠃍 丨 一 𠄌 丶 丿 丿 一 丶 ㇀"
"cnwstqi3283","primary","N","A","瘫","瘫","瘫","丶 一 丿 丶 ㇀ ㇇ 丶 丿 丨 丶 一 一 一 丨 一","丶 一 一 丨 丶 丨 丿 丶 丿 丶 一 一 一 ㇇ ㇀"
"cnwstqi3284","primary","N","A","凛","凛","凛","丶 ㇀ 丶 一 丨 𠃍 丨 𠃍 一 一 一 一 亅 丿 丶","丶 ㇀ 𠃍 一 亅 𠃍 一 丿 一 一 一 丨 丨 丶 丶"
"cnwstqi3285","primary","N","A","颜","颜","颜","丶 一 丶 丿 一 丿 丿 丿 丿 一 丿 丨 𠃍 丿 丶","丶 一 丿 一 丶 丶 丨 𠃍 丿 丿 一 丿 丿 丿 丿"
"cnwstqi3286","primary","N","B","毅","毅","毅","丶 一 丶 丿 ㇏ 一 丿 丿 ㇍ 丿 丿 ㇇ 丿 ㇁ 丶","丶 一 丶 丿 一 丿 ㇁ 丿 丿 丿 丶 丿 ㇍ ㇇ ㇏"
"cnwstqi3287","primary","N","B","糊","糊","糊","丶 丿 一 丿 一 一 丿 𠃍 一 丶 一 丨 丨 𠃌 丨","丶 丿 一 丨 丿 丶 一 丨 丨 𠃍 一 丿 𠃌 一 一"
"cnwstqi3288","primary","N","A","遵","遵","遵","丶 丿 一 丨 𠃍 丿 ㇄ 一 一 一 亅 丶 丶 ㇋ ㇏","丶 丿 一 丿 亅 丨 一 ㇋ 𠃍 ㇏ 一 丶 ㇄ 一 丶"
"cnwstqi3289","primary","N","A","憋","憋","憋","丶 丿 丨 𠃌 丨 丿 丶 丿 一 丿 ㇏ ㇀ ㇃ 丶 丶","丶 丿 丿 丨 ㇃ 丿 𠃌 ㇀ 丶 丨 ㇏ 丶 一 丶 丿"
"cnwstqi3290","primary","N","A","潜","潜","潜","丶 丶 ㇀ 一 一 丿 丶 一 一 丿 ㇏ 丨 𠃍 一 一","丶 丶 一 丶 丨 𠃍 ㇀ 丿 一 一 ㇏ 丿 一 一 一"
"cnwstqi3291","primary","N","A","澎","澎","澎","丶 丶 ㇀ 一 丨 一 丨 𠃍 一 丶 丿 ㇀ 丿 丿 丿","丶 丶 丶 ㇀ 一 丿 丨 ㇀ 𠃍 丿 丿 一 丿 丨 一"
"cnwstqi3292","primary","N","B","潮","潮","潮","丶 丶 一 ㇀ 𠃍 丨 丨 一 一 一 𠃌 一 丿 丨 一","丶 丶 ㇀ 一 丨 丨 𠃍 一 一 一 丨 丿 𠃌 一 一"
"cnwstqi3293","primary","N","B","潭","潭","潭","丶 丶 一 ㇀ 丨 一 一 𠃍 一 丨 丨 一 丨 丨 𠃍","丶 丶 ㇀ 一 丨 𠃍 丨 丨 一 丨 𠃍 一 一 一 丨"
"cnwstqi3294","primary","N","A","鲨","鲨","鲨","丶 丶 ㇀ 丨 丿 丶 丿 丿 ㇇ 丨 𠃍 一 丨 一 一","丶 丶 ㇀ ㇇ 丨 丿 丿 丿 𠃍 丨 丶 丨 一 一 一"
"cnwstqi3295","primary","N","B","澳","澳","澳","丶 丶 ㇀ 丿 丨 丶 𠃍 一 丿 丿 丨 ㇏ 丿 丶 一","丶 丶 ㇀ 丿 丨 𠃍 丶 丿 一 丨 丿 丶 一 丿 ㇏"
"cnwstqi3296","primary","N","A","潘","潘","潘","丶 丶 ㇀ 丿 丶 丿 一 丨 丿 ㇏ 丨 𠃍 一 丨 一","丶 丶 一 丨 丨 丿 丶 ㇀ ㇏ 一 一 丨 𠃍 丿 丿"
"cnwstqi3297","primary","N","A","澈","澈","澈","丶 丶 ㇀ 丶 一 𠃋 丶 丨 𠃌 一 一 丿 一 丿 ㇏","丶 丶 一 丶 ㇀ 丨 一 丿 一 一 𠃌 ㇏ 丿 丶 𠃋"
"cnwstqi3298","primary","N","B","澜","澜","澜","丶 丶 丿 丶 ㇀ 𠃍 丨 丿 一 丶 丶 𠃌 丨 丨 一","丶 丶 ㇀ 丶 丨 𠃌 一 丨 𠃍 丶 丿 一 丨 丿 丶"
"cnwstqi3299","primary","N","A","澄","澄","澄","丶 丶 ㇀ ㇇ 丶 丿 丿 ㇏ 一 丨 𠃍 一 丶 丿 一","丶 丶 丶 一 ㇏ 丿 丿 一 丨 𠃍 丿 ㇀ 一 ㇇ 丶"
"cnwstqi3300","primary","N","A","懂","懂","懂","㇀ 丶 丨 一 丨 丨 丿 一 丨 𠃍 一 一 丨 一 一","㇀ 丶 丨 一 一 丨 一 𠃍 丨 丨 丨 一 一 一 丿"
"cnwstqi3301","primary","N","B","憔","憔","憔","㇀ 丶 丶 丶 丨 丶 一 一 一 一 丶 丿 ㇀ 丨 丨","㇀ 丶 丨 丿 丨 丶 一 一 一 丨 一 ㇀ 丶 丶 丶"
"cnwstqi3302","primary","N","B","懊","懊","懊","㇀ 丶 丶 一 丿 丨 丨 丨 丿 丿 丿 一 ㇏ 𠃍 丶","㇀ 丶 丨 丿 丨 𠃍 丶 丿 一 丨 丿 丶 一 丿 ㇏"
"cnwstqi3303","primary","N","B","憎","憎","憎","㇀ 丶 一 丨 𠃍 丶 丨 𠃍 丶 丨 丨 丿 一 一 丿","㇀ 丶 丨 丶 丿 丨 𠃍 丨 丶 丿 一 丨 𠃍 一 一"
"cnwstqi3304","primary","N","A","额","额","额","丶 ㇀ 乛 丿 ㇇ 丶 丨 𠃍 一 一 丿 丨 𠃍 丿 丶","丶 ㇀ 一 丿 乛 一 丨 丨 𠃍 丿 丶 丿 ㇇ 丶 𠃍"
"cnwstqi3305","primary","N","B","翩","翩","翩","丶 𠃍 丶 一 丨 丿 ㇀ 一 丨 𠃌 ㇀ 𠃌 丨 𠃌 丶","丶 𠃍 一 丿 丨 𠃌 一 丨 丨 𠃌 丶 ㇀ 𠃌 丶 ㇀"
"cnwstqi3306","primary","N","B","褥","褥","褥","丶 ㇇ 一 一 一 丿 丶 丶 亅 丿 𠄌 一 ㇏ 丿 丨","丶 ㇇ 丨 丿 丶 一 丿 一 一 𠄌 丿 ㇏ 一 亅 丶"
"cnwstqi3307","primary","N","B","谴","谴","谴","丶 ㇊ 丨 一 一 𠃍 ㇋ 丶 𠃍 𠃍 ㇏ 一 丨 一 丨","丶 ㇊ 丨 𠃍 一 丨 一 丨 𠃍 一 𠃍 一 丶 ㇋ ㇏"
"cnwstqi3308","primary","N","B","鹤","鹤","鹤","㇀ 乛 丨 丨 丿 𠃌 一 一 ㇉ 丶 丿 一 一 丶 一","㇀ 乛 丿 丨 丶 一 一 一 丨 一 丿 𠃌 丶 ㇉ 一"
"cnwstqi3309","primary","N","B","憨","憨","憨","㇇ 一 一 丿 ㇃ 一 ㇀ 丶 ㇀ 丨 丨 ㇏ 一 丶 丿","㇇ 一 丨 丨 一 一 ㇀ 丿 一 丿 ㇏ ㇀ ㇃ 丶 丶"
"cnwstqi3310","primary","N","A","慰","慰","慰","𠃍 一 丿 一 一 亅 丿 丶 一 亅 丶 ㇀ ㇃ 丶 丶","𠃍 一 丶 一 一 丶 ㇃ 丶 丶 一 丿 丿 亅 ㇀ 亅"
"cnwstqi3311","primary","N","B","劈","劈","劈","𠃍 一 丿 丨 丿 一 丿 丶 一 丶 一 𠃌 𠃍 一 丨","𠃍 一 丿 丨 𠃍 一 丶 一 丶 丿 一 一 丨 𠃌 丿"
"cnwstqi3312","primary","N","A","履","履","履","𠃍 一 丿 丿 丿 丨 丿 一 丨 𠃍 一 一 丿 ㇇ ㇏","𠃍 一 丿 丨 ㇇ 丿 丨 一 丿 一 一 丿 𠃍 丿 ㇏"
"cnwstqi3313","primary","N","B","豫","豫","豫","㇇ 丶 ㇁ 𠃍 丨 ㇏ 乛 ㇇ 丿 丿 丿 丿 亅 一 丿","㇇ 丶 乛 亅 丿 ㇇ 丨 𠃍 一 丿 ㇁ 丿 丿 丿 ㇏"
"cnwstqi3314","primary","N","A","缭","缭","缭","𠃋 𠃋 ㇀ 一 丿 ㇏ 丶 丿 丨 𠃍 一 一 亅 丿 丶","𠃋 𠃋 一 ㇀ 一 丶 一 ㇏ 𠃍 亅 丿 丿 丿 丶 丨"
"cnwstqi3315","primary","N","B","撼","撼","撼","一 亅 一 丶 丿 ㇀ 一 ㇀ 丶 丨 ㇃ 一 丶 ㇂ 丿 𠃍","一 亅 ㇀ 一 丿 一 丨 𠃍 一 ㇂ 丿 丶 ㇀ ㇃ 丶 丶"
"cnwstqi3316","primary","N","B","擂","擂","擂","一 亅 𠃍 丨 丶 丨 ㇀ 丶 一 ㇀ 一 丨 一 乛 丶 丶","一 亅 ㇀ 一 ㇀ 乛 丨 丶 丶 丶 丶 丨 𠃍 一 丨 一"
"cnwstqi3317","primary","N","A","操","操","操","一 亅 ㇀ 丨 𠃍 一 丨 𠃍 一 丨 𠃍 一 一 丨 丿 ㇏","一 亅 一 丨 丿 𠃍 丨 ㇏ 一 𠃍 一 丨 𠃍 一 丨 ㇀"
"cnwstqi3318","primary","N","A","擅","擅","擅","一 亅 ㇀ 丶 一 丨 𠃍 丨 𠃍 一 一 丨 𠃍 一 一 一","一 亅 丨 一 一 丨 一 丨 𠃍 一 丶 ㇀ 一 𠃍 一 𠃍"
"cnwstqi3319","primary","N","A","燕","燕","燕","一 丨 丨 一 丨 𠃍 一 丨 一 ㇀ 丿 乚 ㇀ 丶 丶 丶","一 丨 一 丨 丶 丨 丶 ㇀ 丶 乚 丨 𠃍 丿 一 一 ㇀"
"cnwstqi3320","primary","N","B","蕾","蕾","蕾","一 丨 丨 一 ㇀ 丶 一 𠃍 一 丶 丶 丨 丶 乛 丨 丨","一 丨 丨 一 ㇀ 乛 丨 丶 丶 丶 丶 丨 𠃍 一 丨 一"
"cnwstqi3321","primary","N","B","薯","薯","薯","一 丨 一 一 一 丿 𠃍 𠃍 一 丨 丨 丨 丨 一 丨 丨","一 丨 丨 丨 𠃍 丨 丨 一 一 丨 一 丿 丨 𠃍 一 一"
"cnwstqi3322","primary","N","B","薛","薛","薛","一 丨 一 丶 丨 丶 丿 一 丿 𠃍 一 一 丨 𠃍 丨 一","一 丨 丨 丿 丨 𠃍 一 𠃍 一 丶 一 丶 丿 一 一 丨"
"cnwstqi3323","primary","N","A","薇","薇","薇","一 丨 丨 丿 丿 丨 丨 ㇄ 丨 一 丿 ㇊ 丿 一 丿 ㇏","一 丨 丿 丿 丿 丿 丨 ㇏ 丿 ㇊ 丨 ㇄ 丨 一 一 丨"
"cnwstqi3324","primary","N","B","擎","擎","擎","一 丨 丿 一 一 丿 丨 一 亅 丿 𠃍 𠃌 丨 一 丿 ㇏","一 丨 丨 丿 𠃌 丨 𠃍 一 丿 一 丿 ㇏ 丿 一 一 亅"
"cnwstqi3325","primary","N","A","薪","薪","薪","一 丨 丨 丶 一 丶 丿 一 一 亅 丿 丶 丿 丿 一 丨","一 丨 丶 丿 丨 丶 丨 一 一 一 亅 一 丿 丶 丿 丿"
"cnwstqi3326","primary","N","B","薄","薄","薄","一 丨 ㇀ 丶 𠃍 丶 一 丶 一 丨 亅 一 一 丶 丨 丨","一 丨 丨 丶 丶 ㇀ 一 丨 𠃍 一 一 丨 丶 一 亅 丶"
"cnwstqi3327","primary","N","B","颠","颠","颠","一 丨 丿 丨 丿 丨 𠃍 一 一 丿 一 𠃍 丶 一 丶 一","一 丨 丨 𠃍 一 一 一 一 丿 丶 一 丿 丨 𠃍 丿 丶"
"cnwstqi3328","primary","N","A","翰","翰","翰","一 丨 丨 𠃍 一 一 一 丨 丿 ㇏ 𠃌 丶 ㇀ 𠃌 丶 ㇀","一 丨 丶 丨 一 丿 丶 𠃌 𠃌 ㇀ 一 丨 ㇏ ㇀ 一 𠃍"
"cnwstqi3329","primary","N","A","噩","噩","噩","一 丨 丨 𠃍 一 丨 𠃍 一 一 丨 𠃍 一 丨 𠃍 一 一","一 丨 𠃍 丨 丨 𠃍 一 一 𠃍 一 一 丨 𠃍 一 一 丨"
"cnwstqi3330","primary","N","B","橱","橱","橱","一 丨 丿 一 亅 丨 ㇀ 丿 𠃍 一 一 丶 一 丿 丶 丶","一 丨 丿 丶 一 丿 一 丨 𠃍 一 丶 丿 ㇀ 一 亅 丶"
"cnwstqi3331","primary","N","B","橙","橙","橙","一 丨 ㇏ 丶 𠃍 一 ㇇ 丶 丿 丿 丶 一 丨 丿 丿 一","一 丨 丿 丶 ㇇ 丶 丿 丿 ㇏ 一 丨 𠃍 一 丶 丿 一"
"cnwstqi3332","primary","N","B","橘","橘","橘","一 丨 丿 ㇇ 丿 一 亅 丶 𠃌 丨 丶 乛 丨 丶 𠃍 丿","一 丨 丿 丶 ㇇ 丶 乛 亅 丿 丨 𠃌 丿 丶 丨 𠃍 一"
"cnwstqi3333","primary","N","A","整","整","整","一 丨 𠃍 一 丨 丿 丶 丿 一 丿 ㇏ 一 丨 一 丨 一","一 丨 丿 丿 一 一 丨 丨 丶 一 丿 ㇏ 𠃍 丨 一 一"
"cnwstqi3334","primary","N","B","融","融","融","一 丨 𠃍 𠃍 一 丶 一 一 丨 丿 丨 丨 丨 𠃌 一 丶","一 丨 𠃍 一 丨 𠃌 丶 丿 一 丨 丨 𠃍 一 丨 一 丶"
"cnwstqi3335","primary","N","A","瓢","瓢","瓢","一 丨 𠃍 丨 丨 一 一 一 亅 丿 丶 丿 丿 𠄌 丶 ㇏","一 丨 丶 𠄌 丿 丿 𠃍 一 一 丨 丿 丨 丶 亅 ㇏ 一"
"cnwstqi3336","primary","N","A","醒","醒","醒","一 丨 𠃍 丿 ㇄ 一 一 丨 𠃍 一 一 丿 一 一 丨 一","一 丨 丿 丨 𠃍 一 一 ㇄ 丨 丿 一 一 一 𠃍 一 一"
"cnwstqi3337","primary","N","B","霍","霍","霍","一 ㇀ 丨 一 丨 丨 丶 丶 一 一 一 丶 丶 丶 乛 丿","一 ㇀ 乛 丨 丶 丶 丶 丶 丿 丨 丶 一 一 一 丨 一"
"cnwstqi3338","primary","N","B","霎","霎","霎","一 ㇀ 丿 一 乛 丶 一 𡿨 丶 丶 丶 丶 丿 丶 一 丨","一 ㇀ 乛 丨 丶 丶 丶 丶 丶 一 丶 丿 一 𡿨 丿 一"
"cnwstqi3339","primary","N","B","辙","辙","辙","一 𠃋 𠃋 一 丶 丿 一 ㇏ 𠃌 丶 丨 丨 一 一 丿 ㇀","一 𠃋 丨 ㇀ 丶 一 𠃋 丶 丨 𠃌 一 一 丿 一 丿 ㇏"
"cnwstqi3340","primary","N","A","冀","冀","冀","丨 一 ㇀ 丿 乚 丨 𠃍 一 丨 一 一 丨 丨 一 丿 丶","丨 一 𠃍 乚 一 丿 丨 丨 丨 一 一 丶 丨 ㇀ 一 丿"
"cnwstqi3341","primary","N","B","餐","餐","餐","丨 一 丶 丿 丿 丶 𠃍 丶 一 𠄌 ㇇ 一 ㇇ ㇏ 丶 丿","丨 一 丿 ㇇ 丶 ㇇ 丶 丿 ㇏ 丶 𠃍 一 一 𠄌 丿 丶"
"cnwstqi3342","primary","N","A","嘴","嘴","嘴","丨 𠃍 一 丨 一 丨 ㇀ 丿 乚 丿 ㇇ 丿 𠃌 一 一 丨","丨 𠃍 丿 丿 ㇇ 一 𠃌 丿 丨 乚 一 ㇀ 丨 一 丨 一"
"cnwstqi3343","primary","N","A","踱","踱","踱","丨 𠃍 一 丨 一 丨 ㇀ 丶 一 丿 一 丨 丨 一 ㇇ ㇏","丨 𠃍 丨 一 丿 一 ㇀ 丶 丨 一 丨 一 ㇏ 丨 一 ㇇"
"cnwstqi3344","primary","N","A","蹄","蹄","蹄","丨 𠃍 一 丨 一 丨 ㇀ 丶 一 丶 丿 ㇀ 乛 丨 𠃌 丨","丨 𠃍 丨 ㇀ 丨 丶 丶 丨 丨 丿 一 𠃌 乛 一 ㇀ 一"
"cnwstqi3345","primary","N","A","蹂","蹂","蹂","丨 𠃍 一 丨 一 丨 ㇀ ㇇ 丶 乛 亅 丿 一 丨 丿 ㇏","丨 𠃍 丿 丨 丶 一 乛 ㇀ 一 ㇇ ㇏ 一 丨 丨 亅 丿"
"cnwstqi3346","primary","N","B","蟆","蟆","蟆","丨 𠃍 𠃍 一 ㇏ 一 丶 一 丨 丨 丨 一 丿 一 一 丨","丨 𠃍 一 丨 一 丶 一 丨 丨 丨 𠃍 一 一 一 丿 ㇏"
"cnwstqi3347","primary","N","A","螃","螃","螃","丨 𠃍 一 丨 一 丶 丶 一 丶 丿 ㇀ 乛 丶 一 𠃌 丿","丨 𠃍 丶 一 𠃌 一 丶 ㇀ 丶 丨 丿 丶 乛 一 一 丿"
"cnwstqi3348","primary","N","A","器","器","器","丨 𠃍 一 丨 𠃍 一 一 丿 ㇏ 丶 丨 𠃍 一 丨 𠃍 一","丨 𠃍 一 𠃍 一 丿 ㇏ 丶 𠃍 丨 一 丨 𠃍 一 丨 一"
"cnwstqi3349","primary","N","A","噪","噪","噪","丨 𠃍 一 丨 𠃍 一 丨 𠃍 一 丨 𠃍 一 一 丨 丿 ㇏","丨 𠃍 一 一 𠃍 丨 𠃍 一 一 丨 一 丨 丨 𠃍 ㇏ 丿"
"cnwstqi3350","primary","N","B","鹦","鹦","鹦","丨 𠃍 𠃍 丿 丶 丶 丿 丿 一 丶 丨 ㇉ 𡿨 𠃌 丿 一","丨 𠃍 丿 丶 丨 𠃍 丿 丶 𡿨 丿 一 丿 𠃌 丶 ㇉ 一"
"cnwstqi3351","primary","N","B","赠","赠","赠","丨 𠃍 一 一 𠃍 丿 丶 丶 丨 一 丶 丨 丨 𠃍 丿 丿","丨 𠃍 丿 丶 丶 丿 丨 𠃍 丨 丶 丿 一 丨 𠃍 一 一"
"cnwstqi3352","primary","N","B","默","默","默","丨 𠃍 ㇏ 丶 丿 丿 丶 一 丶 ㇀ 一 一 ㇀ 丨 丶 丶","丨 𠃍 丶 丿 一 丨 一 ㇀ ㇀ 丶 丶 丶 一 丿 ㇏ 丶"
"cnwstqi3353","primary","N","B","黔","黔","黔","丨 𠃍 ㇀ ㇏ 丶 一 丶 丿 丶 丨 丿 丶 一 ㇀ 丶 ㇇","丨 𠃍 丶 丿 一 丨 一 ㇀ ㇀ 丶 丶 丶 丿 ㇏ 丶 ㇇"
"cnwstqi3354","primary","N","B","镜","镜","镜","丿 一 丨 丿 一 乚 一 一 一 一 丶 一 丶 丿 𠄌 𠃍","丿 一 一 一 𠄌 丶 一 丶 丿 一 丨 𠃍 一 一 丿 乚"
"cnwstqi3355","primary","N","B","赞","赞","赞","丿 一 丨 丶 丿 𠄌 一 丨 𠃍 一 丨 丿 丿 乚 丿 一","丿 一 丨 一 丿 𠄌 丿 一 丨 一 丿 乚 丨 𠃍 丿 丶"
"cnwstqi3356","primary","N","A","穆","穆","穆","丿 一 丨 丿 丶 丿 丨 𠃍 一 一 丨 丿 丶 丿 丿 丿","丿 一 一 丿 丨 丿 一 丿 丿 丿 丶 𠃍 丿 丶 丨 丨"
"cnwstqi3357","primary","N","A","篮","篮","篮","丿 一 丶 丿 一 丶 丨 丨 丿 一 丶 丨 𠃍 丨 丨 一","丿 一 丿 一 丶 丨 丨 𠃍 丶 丨 丨 丶 丨 一 一 丿"
"cnwstqi3358","primary","N","B","篡","篡","篡","丿 一 丿 一 丿 ㇏ 丨 一 𠃍 𠃋 丶 丶 一 一 丶 一","丿 一 丶 丿 一 丶 丨 𠃍 一 一 一 一 丿 ㇏ 𠃋 丶"
"cnwstqi3359","primary","N","A","篷","篷","篷","丿 一 丶 丿 一 丶 丿 ㇇ ㇏ 一 一 一 丨 丶 ㇋ ㇏","丿 一 ㇋ 一 ㇏ 一 丶 一 ㇏ 丶 丨 ㇇ 丿 丿 一 丶"
"cnwstqi3360","primary","N","A","篱","篱","篱","丿 一 丶 丿 一 丶 丶 一 丿 丶 ㇄ 丨 丨 𠃌 𠃋 丶","丿 一 丶 丨 𠃌 丿 丨 ㇄ 丶 丶 丶 丿 一 一 丶 𠃋"
"cnwstqi3361","primary","N","A","儒","儒","儒","丿 丨 一 ㇀ 乛 丨 丶 丶 丶 丶 一 丿 丨 𠃌 丨 丨","丿 丨 丿 丨 丶 乛 丶 𠃌 一 丨 一 丨 丶 ㇀ 丶 丨"
"cnwstqi3362","primary","N","B","邀","邀","邀","丿 丨 丿 一 ㇋ 丶 一 丿 一 一 𠃌 丿 丶 𠃍 ㇏ 丶","丿 丨 𠃍 一 一 丶 一 𠃌 丿 丿 一 丿 丶 丶 ㇋ ㇏"
"cnwstqi3363","primary","N","B","衡","衡","衡","丿 丿 丿 一 一 丿 丨 一 亅 一 ㇇ 丶 丨 丨 𠃍 一","丿 丿 丨 丿 ㇇ 丨 𠃍 一 丨 一 一 丿 丶 一 一 亅"
"cnwstqi3364","primary","N","B","膨","膨","膨","丿 𠃌 丿 一 丿 丿 丨 丨 丿 ㇀ 一 一 𠃍 丶 一 一","丿 𠃌 一 一 一 丨 一 丨 𠃍 一 丶 丿 ㇀ 丿 丿 丿"
"cnwstqi3365","primary","N","B","雕","雕","雕","丿 𠃌 一 丶 丨 丨 一 一 丨 一 一 丨 𠃍 一 一 丿","丿 𠃌 一 丨 一 丨 𠃍 一 丿 丨 丶 一 一 一 丨 一"
"cnwstqi3366","primary","N","B","鲸","鲸","鲸","丿 ㇇ ㇀ 丶 丨 丨 𠃍 丶 一 一 一 𠃍 一 亅 丿 丨","丿 ㇇ 丨 𠃍 一 丨 一 ㇀ 丶 一 丨 𠃍 一 亅 丿 丶"
"cnwstqi3367","primary","N","B","磨","磨","磨","丶 一 丿 丨 一 丨 ㇏ 丿 丶 一 丨 𠃍 一 丿 一 丿","丶 一 丿 一 丨 丿 丶 一 丨 丿 ㇏ 一 丿 丨 𠃍 一"
"cnwstqi3368","primary","N","A","瘾","瘾","瘾","丶 一 丿 丶 ㇀ ㇌ 丨 丿 ㇇ 𠃍 一 一 ㇀ ㇃ 丶 丶","丶 一 一 丿 ㇃ ㇌ ㇀ 一 丶 ㇀ 丶 丨 丶 𠃍 ㇇ 丿"
"cnwstqi3369","primary","N","B","瘸","瘸","瘸","丶 一 𠃌 𠃌 丨 丿 ㇀ 丶 丿 丶 丿 𠃍 丿 丶 丨 一","丶 一 丿 丶 ㇀ 𠃌 丿 丨 𠃍 一 丨 𠃌 丿 丶 丿 丶"
"cnwstqi3370","primary","N","A","凝","凝","凝","丶 ㇀ 丿 乚 丿 一 一 丿 丶 ㇇ 丶 乛 丨 一 丿 ㇏","丶 ㇀ 乛 乚 丿 ㇏ 丶 丨 ㇇ 丿 一 丿 一 丶 丿 一"
"cnwstqi3371","primary","N","A","辨","辨","辨","丶 一 丶 丿 一 一 丿 ㇀ 丿 丶 一 丶 丿 一 一 丨","丶 一 一 一 一 一 丿 丿 丿 丨 丶 丿 丶 ㇀ 丶 一"
"cnwstqi3372","primary","N","B","辩","辩","辩","丶 一 丶 一 丨 一 一 ㇊ 一 丿 一 丶 丿 丶 丶 丿","丶 一 丶 丿 一 一 丿 丶 ㇊ 丶 一 丶 丿 一 一 丨"
"cnwstqi3373","primary","N","B","糙","糙","糙","丶 丿 一 一 丨 丶 ㇏ 一 一 丨 丿 丿 丨 ㇋ 𠃍 丶","丶 丿 一 丨 丿 丶 丿 一 丨 一 丨 𠃍 一 丶 ㇋ ㇏"
"cnwstqi3374","primary","N","A","糖","糖","糖","丶 丿 一 丨 丿 丶 丶 一 丿 𠃍 一 一 丨 丨 𠃍 一","丶 丿 丶 丿 一 一 丶 丨 𠃍 一 丿 丨 一 一 丨 𠃍"
"cnwstqi3375","primary","N","A","糕","糕","糕","丶 丿 一 丨 丿 丶 丶 丿 一 一 丨 一 ㇀ 丶 丶 丶","丶 丿 一 丿 丶 丨 丿 一 丶 丶 一 丶 丨 ㇀ 一 丶"
"cnwstqi3376","primary","N","A","燃","燃","燃","㇀ 丿 丿 丶 丿 ㇇ 丶 丶 一 丿 ㇏ 丶 ㇀ 丶 丶 丶","㇀ 丿 丿 丶 丶 丶 ㇀ 丶 丶 丿 ㇏ 丶 丶 ㇇ 一 丿"
"cnwstqi3377","primary","N","B","濒","濒","濒","丶 丶 ㇀ 一 一 丿 丨 一 丿 丿 丨 𠃍 丶 丨 丿 丨","丶 丶 ㇀ 丨 一 丨 一 丨 丿 丿 一 丿 丨 𠃍 丿 丶"
"cnwstqi3378","primary","N","A","澡","澡","澡","丶 丶 ㇀ 丨 𠃍 一 丨 𠃍 一 丨 𠃍 一 一 丨 丿 ㇏","丶 丶 一 一 ㇀ 𠃍 一 一 𠃍 ㇏ 丨 𠃍 丿 丨 丨 丨"
"cnwstqi3379","primary","N","B","激","激","激","丶 丶 ㇀ 𠃌 一 丿 丿 丿 丶 丿 𠃍 丨 一 一 ㇏ 一","丶 丶 ㇀ 丿 丨 𠃍 一 一 丶 一 𠃌 丿 丿 一 丿 ㇏"
"cnwstqi3380","primary","N","A","懒","懒","懒","㇀ 丶 丨 一 丨 𠃍 一 丨 丿 丶 丿 ㇇ 丨 𠃍 丿 丶","㇀ 丶 一 丨 𠃍 丶 丨 丿 丿 丿 一 ㇇ 丨 𠃍 丶 丨"
"cnwstqi3381","primary","N","A","憾","憾","憾","㇀ 丶 丨 一 丿 一 丨 𠃍 一 ㇂ 丿 丶 ㇀ ㇃ 丶 丶","㇀ 丶 一 丶 丨 丿 丶 丿 一 ㇂ 𠃍 丨 一 ㇃ 丶 ㇀"
"cnwstqi3382","primary","N","B","懈","懈","懈","㇀ 丶 丿 一 丿 丨 一 丿 𠃌 一 丿 丨 𠃌 一 ㇇ 丨","㇀ 丶 丨 丿 ㇇ 丿 𠃌 一 一 丨 𠃌 丿 丿 一 一 丨"
"cnwstqi3383","primary","N","A","窿","窿","窿","丶 ㇀ 乛 丿 丶 ㇌ 丨 丿 ㇇ ㇏ 一 丿 一 一 丨 一","丶 ㇀ 丨 乛 ㇇ 丿 丶 一 丿 一 一 ㇌ 丨 ㇏ 一 丿"
"cnwstqi3384","primary","N","A","壁","壁","壁","𠃍 一 丿 丨 𠃍 一 丶 一 丶 丿 一 一 丨 一 丨 一","𠃍 一 丨 丶 一 一 一 一 𠃍 丶 一 一 丨 丿 丿 丨"
"cnwstqi3385","primary","N","A","避","避","避","𠃍 一 丿 丨 𠃍 一 丶 一 丶 丿 一 一 丨 丶 ㇋ ㇏","𠃍 一 一 一 丶 𠃍 一 丶 丶 丨 丿 ㇋ 丨 一 丿 ㇏"
"cnwstqi3386","primary","N","B","缰","缰","缰","𠃋 𠃋 一 一 𠃍 一 丨 ㇀ 𠃍 丨 丨 一 一 丨 一 一","𠃋 𠃋 ㇀ 一 丨 𠃍 一 丨 一 一 丨 𠃍 一 丨 一 一"
"cnwstqi3387","primary","N","B","缴","缴","缴","𠃋 𠃋 丿 一 一 丿 丶 ㇏ 𠃌 一 一 ㇀ 𠃍 丿 丿 丨","𠃋 𠃋 ㇀ 丿 丨 𠃍 一 一 丶 一 𠃌 丿 丿 一 丿 ㇏"
"cnwstqi3388","primary","N","B","戴","戴","戴","一 丨 一 丿 一 丨 一 一 一 丶 丨 ㇂ 丨 丿 丶 𠃍 丨","一 丨 一 丨 𠃍 一 丨 一 一 丨 丨 一 丿 丶 ㇂ 丿 丶"
"cnwstqi3389","primary","N","A","擦","擦","擦","一 亅 ㇀ 丶 ㇀ 乛 丿 ㇇ 丶 丶 ㇇ ㇏ 一 一 亅 丿 丶","一 亅 ㇀ 一 丿 ㇇ 丶 亅 丿 ㇇ ㇀ 丶 ㇏ 丶 一 丶 乛"
"cnwstqi3390","primary","N","A","藉","藉","藉","一 丨 丨 一 一 一 丨 丿 丶 一 丨 丨 一 丨 𠃍 一 一","一 丨 一 一 丨 丨 丶 丨 一 丨 一 丿 一 丨 一 𠃍 一"
"cnwstqi3391","primary","N","A","鞠","鞠","鞠","一 丨 丨 一 丨 𠃍 一 一 丨 丿 𠃌 丶 丿 一 丨 丿 丶","一 丨 丶 一 丨 丿 𠃌 一 丨 丿 𠃍 丶 丨 一 一 丨 丿"
"cnwstqi3392","primary","N","B","藏","藏","藏","一 丨 𠃍 一 ㇄ 丶 丿 ㇄ ㇂ 丿 丨 丨 丨 一 丿 一 一","一 丨 丨 一 丿 ㇄ 一 丿 一 丨 𠃍 一 丨 ㇄ ㇂ 丿 丶"
"cnwstqi3393","primary","N","A","藐","藐","藐","一 丨 丨 丿 丶 丶 丿 ㇁ 丿 丿 丿 丨 𠃍 一 一 丿 乚","一 丨 丶 丿 乚 丿 一 一 丨 ㇁ 丿 𠃍 丶 丨 丿 丿 丿"
"cnwstqi3394","primary","N","B","檬","檬","檬","一 丨 一 ㇁ 丿 丿 乛 丨 丶 ㇀ 丿 丿 丨 丿 一 一 ㇏","一 丨 丿 丶 一 丨 丨 ㇀ 乛 一 一 丿 ㇁ 丿 丿 丿 ㇏"
"cnwstqi3395","primary","N","A","檐","檐","檐","一 丨 丿 丶 丿 ㇇ 一 丿 丿 丶 丶 一 一 一 丨 𠃍 一","一 丨 丿 一 丿 丨 一 一 ㇇ 丿 𠃍 丶 丶 一 丶 一 丿"
"cnwstqi3396","primary","N","A","檀","檀","檀","一 丨 丿 丶 丶 一 丨 𠃍 丨 𠃍 一 一 丨 𠃍 一 一 一","一 丨 丨 一 一 一 𠃍 一 丶 𠃍 丶 一 丨 丨 𠃍 一 丿"
"cnwstqi3397","primary","N","A","礁","礁","礁","一 丿 丨 𠃍 一 丿 丨 丶 一 一 一 丨 一 ㇀ 丶 丶 丶","一 丿 𠃍 丿 一 丶 一 ㇀ 一 丨 丨 丨 一 丶 一 丶 丶"
"cnwstqi3398","primary","N","A","磷","磷","磷","一 丿 丨 𠃍 一 丶 丿 一 丨 丿 ㇏ 丿 ㇇ 丶 一 𠃋 丨","一 丿 丶 丨 丿 丨 丿 一 丶 丨 ㇇ 𠃍 ㇏ 𠃋 一 丿 一"
"cnwstqi3399","primary","N","B","霜","霜","霜","一 ㇀ 𠃍 乛 丶 一 丿 一 丶 一 一 丨 丶 丨 丶 丶 丨","一 ㇀ 乛 丨 丶 丶 丶 丶 一 丨 丿 丶 丨 𠃍 一 一 一"
"cnwstqi3400","primary","N","A","霞","霞","霞","一 ㇀ 乛 丨 丶 丶 丶 丶 𠃍 一 丨 一 一 𠃍 一 ㇇ ㇏","一 ㇀ 一 𠃍 丨 𠃍 一 丶 ㇏ 丨 丶 乛 一 丶 丶 一 ㇇"
"cnwstqi3401","primary","N","B","瞭","瞭","瞭","丨 𠃍 一 丶 一 ㇏ 一 丿 一 丿 一 𠃍 亅 丶 一 丨 丿","丨 𠃍 一 一 一 一 丿 ㇏ 丶 丿 丨 𠃍 一 一 亅 丿 丶"
"cnwstqi3402","primary","N","B","瞧","瞧","瞧","丨 𠃍 丨 丨 丶 一 一 一 一 丿 丶 一 一 丶 丶 ㇀ 一","丨 𠃍 一 一 一 丿 丨 丶 一 一 一 丨 一 ㇀ 丶 丶 丶"
"cnwstqi3403","primary","N","B","瞬","瞬","瞬","丨 𠃍 一 𠃋 丶 丶 一 丶 丿 一 丿 一 丨 丿 ㇀ 乛 ㇇","丨 𠃍 一 一 一 丿 丶 丶 丿 ㇀ 乛 丿 ㇇ 丶 一 𠃋 丨"
"cnwstqi3404","primary","N","A","瞳","瞳","瞳","丨 𠃍 一 一 一 丶 一 丶 丿 一 丨 𠃍 一 一 丨 一 一","丨 𠃍 丨 一 一 一 一 𠃍 丿 丶 一 丨 一 一 丶 一 一"
"cnwstqi3405","primary","N","A","瞩","瞩","瞩","丨 𠃍 一 一 一 𠃍 一 丿 丿 丨 𠃍 一 丨 𠃌 丨 ㇀ 丶","丨 𠃍 一 丨 一 丨 一 丿 一 ㇀ 丨 丶 𠃌 𠃍 丿 一 𠃍"
"cnwstqi3406","primary","N","B","瞪","瞪","瞪","丨 𠃍 丶 丨 一 丶 一 一 丿 一 丿 ㇇ 一 ㇏ 一 𠃍 丿","丨 𠃍 一 一 一 ㇇ 丶 丿 丿 ㇏ 一 丨 𠃍 一 丶 丿 一"
"cnwstqi3407","primary","N","B","曙","曙","曙","丨 𠃍 丨 一 𠃍 一 丨 一 丨 一 丿 一 丨 𠃍 一 丨 一","丨 𠃍 一 一 丨 𠃍 丨 丨 一 一 丨 一 丿 丨 𠃍 一 一"
"cnwstqi3408","primary","N","A","蹋","蹋","蹋","丨 𠃍 一 丨 一 丨 ㇀ 丨 𠃍 一 一 𠃌 丶 ㇀ 𠃌 丶 ㇀","丨 𠃍 一 丶 ㇀ 丨 一 丶 丨 一 𠃌 丨 ㇀ ㇀ 一 𠃌 𠃍"
"cnwstqi3409","primary","N","B","蹈","蹈","蹈","丨 𠃍 丿 丿 丨 ㇀ 一 丶 丨 一 一 丿 一 丨 丶 𠃍 一","丨 𠃍 一 丨 一 丨 ㇀ 丿 丶 丶 丿 丿 丨 一 𠃍 一 一"
"cnwstqi3410","primary","N","A","螺","螺","螺","丨 𠃍 一 丨 一 丶 丨 𠃍 一 丨 一 𠃋 𠃋 丶 亅 丿 丶","丨 𠃍 丨 𠃋 丶 丨 丶 𠃍 丿 丨 一 一 丶 一 𠃋 亅 一"
"cnwstqi3411","primary","N","B","蟋","蟋","蟋","丨 𠃍 ㇀ 丿 丶 一 丶 ㇏ 一 丶 丨 丨 一 丿 丿 ㇃ 丶","丨 𠃍 一 丨 一 丶 丿 丶 丿 一 丨 丿 ㇏ ㇀ ㇃ 丶 丶"
"cnwstqi3412","primary","N","B","蟀","蟀","蟀","丨 𠃍 丿 丨 ㇀ 一 丶 一 𠃋 一 丶 𠃋 丨 丶 丶 丶 一","丨 𠃍 一 丨 一 丶 丶 一 𠃋 𠃋 丶 丶 ㇀ 丿 丶 一 丨"
"cnwstqi3413","primary","N","A","嚎","嚎","嚎","丨 𠃍 一 丶 一 丨 𠃍 一 ㇀ 乛 一 丿 ㇁ 丿 丿 丿 ㇏","丨 𠃍 丿 一 一 一 ㇏ 𠃍 丶 ㇀ 乛 一 丿 ㇁ 丿 丿 丨"
"cnwstqi3414","primary","N","B","赡","赡","赡","丨 𠃍 丿 丶 丶 一 𠃍 一 一 一 丿 丶 丿 丿 ㇇ 丨 一","丨 𠃍 丿 丶 丿 ㇇ 一 丿 丿 丶 丶 一 一 一 丨 𠃍 一"
"cnwstqi3415","primary","N","A","穗","穗","穗","丿 一 丨 丿 丶 一 丨 𠃍 一 一 丨 一 丶 ㇀ ㇃ 丶 丶","丿 一 丨 丶 丨 丶 一 ㇃ 一 丨 丿 丶 一 ㇀ 𠃍 丶 一"
"cnwstqi3416","primary","N","A","魏","魏","魏","丿 一 丨 丿 丶 𡿨 丿 一 丿 丨 𠃍 一 一 丿 乚 𠃋 丶","丿 一 丨 𠃋 一 乚 丿 丿 丶 一 丨 𠃍 丿 丶 𡿨 一 丿"
"cnwstqi3417","primary","N","B","簧","簧","簧","丿 一 一 丶 丿 一 一 丨 丨 丶 丿 丶 𠃍 丨 丨 一 一","丿 一 丶 丿 一 丶 一 丨 丨 一 丨 𠃍 一 丨 一 丿 丶"
"cnwstqi3418","primary","N","B","簇","簇","簇","丿 一 ㇏ 丶 一 丿 一 丿 一 一 𠃌 丿 丿 一 丶 丿 丶","丿 一 丶 丿 一 丶 丶 一 𠃌 丿 丿 一 丿 一 一 丿 ㇏"
"cnwstqi3419","primary","N","B","繁","繁","繁","丿 一 丿 𠃋 亅 丶 丶 丶 𠃌 丿 ㇏ 丶 𠃋 ㇄ 一 一 丿","丿 一 ㇄ 𠃌 丶 一 丶 丿 一 丿 ㇏ 𠃋 𠃋 丶 亅 丿 丶"
"cnwstqi3420","primary","N","B","徽","徽","徽","丿 丿 亅 ㇄ 丶 𠃋 丿 丨 𠃋 一 一 丶 丨 丨 丿 ㇏ 丿","丿 丿 丨 丨 ㇄ 丨 一 𠃋 𠃋 丶 亅 丿 丶 丿 一 丿 ㇏"
"cnwstqi3421","primary","N","B","爵","爵","爵","丿 丶 𠃍 丿 一 丶 丶 丶 一 一 亅 𠄌 一 丨 丨 𠃍 丨","丿 丶 丶 丿 丨 𠃍 丨 丨 一 𠃍 一 一 𠄌 丶 一 亅 丶"
"cnwstqi3422","primary","N","A","朦","朦","朦","丿 𠃌 一 一 一 丨 丨 ㇀ 乛 一 一 丿 ㇁ 丿 丿 丿 ㇏","丿 𠃌 丿 丿 丨 丨 ㇀ 乛 一 丿 ㇏ 一 一 一 ㇁ 丿 一"
"cnwstqi3423","primary","N","B","臊","臊","臊","丿 𠃌 𠃍 一 一 丨 丿 一 一 ㇏ 𠃍 一 丨 丨 𠃍 丨 一","丿 𠃌 一 一 丨 𠃍 一 丨 𠃍 一 丨 𠃍 一 一 丨 丿 ㇏"
"cnwstqi3424","primary","N","B","鳄","鳄","鳄","丿 ㇇ 一 丨 丨 一 ㇉ 一 丨 丨 ㇀ 𠃍 𠃍 𠃍 一 一 一","丿 ㇇ 丨 𠃍 一 丨 一 ㇀ 丨 𠃍 一 丨 𠃍 一 一 一 ㇉"
"cnwstqi3425","primary","N","A","癌","癌","癌","丶 一 丿 丶 ㇀ 丨 𠃍 一 丨 𠃍 一 丨 𠃍 一 丨 ㇄ 丨","丶 一 ㇀ 𠃍 𠃍 丨 丿 一 丨 𠃍 ㇄ 一 丨 丨 丶 丨 一"
"cnwstqi3426","primary","N","A","辫","辫","辫","丶 一 丶 丿 一 一 丿 𠃋 𠃋 ㇀ 丶 一 丶 丿 一 一 丨","丶 一 ㇀ 一 𠃋 丿 一 丨 一 一 丶 一 丶 丿 丿 𠃋 丶"
"cnwstqi3427","primary","N","A","赢","赢","赢","丶 一 ㇄ 丨 𠃍 一 丿 𠃌 一 一 丨 𠃍 丿 丶 丿 ⺄ 丶","丶 一 ㇄ 𠃍 丶 丿 ⺄ 一 丿 𠃍 𠃌 丶 一 一 丨 丨 丿"
"cnwstqi3428","primary","N","A","糟","糟","糟","丶 丿 一 丨 丿 丶 一 丨 𠃍 一 丨 丨 一 丨 𠃍 一 一","丶 丿 丨 一 丨 丨 丨 一 一 一 一 丿 丨 丶 𠃍 𠃍 一"
"cnwstqi3429","primary","N","A","糠","糠","糠","丶 丿 一 丨 丿 丶 丶 一 丿 𠃍 一 一 亅 丶 ㇀ 丿 ㇏","丶 丿 亅 丿 丨 一 丶 丿 丿 丶 ㇏ ㇀ 一 丶 一 一 𠃍"
"cnwstqi3430","primary","N","B","燥","燥","燥","㇀ 丿 丿 一 丿 𠃍 ㇏ 一 𠃍 丨 丶 丨 丨 一 𠃍 一 丨","㇀ 丿 丿 丶 丨 𠃍 一 丨 𠃍 一 丨 𠃍 一 一 丨 丿 ㇏"
"cnwstqi3431","primary","N","B","懦","懦","懦","㇀ 丶 丶 乛 丿 丶 丨 ㇀ 丶 丨 𠃌 丨 丨 一 一 丶 丨","㇀ 丶 丨 一 ㇀ 乛 丨 丶 丶 丶 丶 一 丿 丨 𠃌 丨 丨"
"cnwstqi3432","primary","N","B","豁","豁","豁","丶 ㇀ 一 𠃍 一 一 丨 ㇏ 丨 丿 𠃍 丶 一 一 丨 乛 丿","丶 ㇀ 乛 一 一 一 丨 丨 𠃍 一 丿 丶 丿 ㇏ 丨 𠃍 一"
"cnwstqi3433","primary","N","A","臀","臀","臀","𠃍 一 丿 一 丨 丨 一 丿 丶 丿 ㇍ ㇇ ㇏ 丨 𠃌 一 一","𠃍 一 丿 一 丿 丶 ㇏ 𠃌 ㇇ ㇍ 一 丨 丨 丨 一 一 丿"
"cnwstqi3434","primary","N","A","臂","臂","臂","𠃍 一 丿 丨 𠃍 一 丶 一 丶 丿 一 一 丨 丨 𠃌 一 一","𠃍 一 一 𠃌 一 丨 一 一 𠃍 丶 丿 一 一 丨 丶 丨 丿"
"cnwstqi3435","primary","N","B","翼","翼","翼","𠃍 丶 ㇀ 一 丶 一 丶 一 丨 一 丨 丨 𠃍 ㇀ 丿 丨 𠃍","𠃍 丶 ㇀ 𠃍 丶 ㇀ 丨 𠃍 一 丨 一 一 丨 丨 一 丿 丶"
"cnwstqi3436","primary","N","B","骤","骤","骤","𠃍 ㇉ 丿 一 一 一 丿 ㇏ 丿 丿 ㇀ 丶 ㇀ ㇇ 丨 丨 丨","𠃍 ㇉ ㇀ 一 丨 丨 一 一 ㇀ ㇇ 丶 丿 丨 丿 丿 丿 ㇏"
"cnwstqi3437","primary","N","A","藕","藕","藕","一 丨 丨 一 一 一 丨 丿 丶 丨 𠃍 一 一 丨 𠃌 丨 ㇀ 丶","一 丨 一 丶 丨 一 丶 𠃌 丨 丨 一 ㇀ 𠃍 丿 丨 丨 一 一"
"cnwstqi3438","primary","N","A","鞭","鞭","鞭","一 丨 丨 一 丨 𠃍 一 一 丨 丿 丨 一 丨 𠃍 一 一 丿 ㇏","一 丨 丨 一 丿 丨 一 丿 𠃍 ㇏ 一 𠃍 丨 一 一 一 丨 丨"
"cnwstqi3439","primary","N","B","藤","藤","藤","一 丨 丿 丿 一 ㇏ 丶 亅 𠃌 丿 丨 丶 丿 一 一 丶 ㇀ 一","一 丨 丨 丿 𠃌 一 一 丶 丿 一 一 丿 ㇏ 亅 丶 ㇀ 丿 丶"
"cnwstqi3440","primary","N","A","覆","覆","覆","一 丨 𠃍 丨 丨 一 丿 丿 丨 丿 一 丨 𠃍 一 一 丿 ㇇ ㇏","一 丨 一 丨 𠃍 丿 一 一 一 ㇏ 丨 ㇇ 丿 丨 丨 丿 𠃍 丿"
"cnwstqi3441","primary","N","A","瞻","瞻","瞻","丨 𠃍 一 一 一 丿 ㇇ 一 丿 丿 丶 丶 一 一 一 丨 𠃍 一","丨 𠃍 𠃍 丨 丿 丶 丿 一 一 ㇇ 丿 一 一 一 一 一 一 丶"
"cnwstqi3442","primary","N","A","蹦","蹦","蹦","丨 𠃍 一 丨 一 丨 ㇀ 丨 ㇄ 丨 丿 𠃌 一 一 丿 𠃌 一 一","丨 𠃍 丨 𠃌 一 一 ㇀ ㇄ 一 丿 丨 𠃌 一 一 丿 丨 一 丨"
"cnwstqi3443","primary","N","A","嚣","嚣","嚣","丨 𠃍 一 丨 𠃍 一 一 丿 丨 𠃍 丿 丶 丨 𠃍 一 丨 𠃍 一","丨 𠃍 一 丿 一 𠃍 丨 丨 丨 丨 𠃍 丶 𠃍 一 一 丿 𠃍 一"
"cnwstqi3444","primary","N","B","镰","镰","镰","丿 一 一 𠄌 𠃍 丿 ㇏ 丿 丿 丨 丶 一 丶 一 一 丨 一 一","丿 一 一 一 𠄌 丶 一 丿 丶 丿 一 𠃍 一 一 丨 丨 丿 ㇏"
"cnwstqi3445","primary","N","B","翻","翻","翻","丿 丶 𠃌 丶 ㇀ 丨 一 一 丨 一 𠃌 𠃍 丿 ㇀ 丨 丶 丿 丶","丿 丶 丿 一 丨 丿 丶 丨 𠃍 一 丨 一 𠃌 丶 ㇀ 𠃌 丶 ㇀"
"cnwstqi3446","primary","N","B","鳍","鳍","鳍","丿 ㇇ 一 乚 丿 丿 一 丨 一 一 ㇀ 丨 𠃍 𠃍 一 丨 丨 一","丿 ㇇ 丨 𠃍 一 丨 一 ㇀ 一 丨 一 丿 丿 乚 丨 𠃍 一 一"
"cnwstqi3447","primary","N","A","鹰","鹰","鹰","丶 一 丿 丿 丨 丿 丨 丶 一 一 一 丨 一 丿 𠃌 丶 ㇉ 一","丶 一 ㇉ 丿 丨 丨 丶 一 一 丨 丿 丶 一 丿 一 丿 𠃌 一"
"cnwstqi3448","primary","N","A","瀑","瀑","瀑","丶 丶 ㇀ 丨 𠃍 一 一 一 丨 丨 一 丿 ㇏ 亅 丶 ㇀ 丿 丶","丶 丶 一 丶 ㇀ 𠃍 一 ㇀ 丨 一 丿 丨 丨 丿 亅 ㇏ 丶 一"
"cnwstqi3449","primary","N","B","襟","襟","襟","丶 ㇇ ㇏ 丿 丿 一 丨 丿 一 一 丶 丶 丨 丶 一 丿 丨 亅","丶 ㇇ 丨 丿 丶 一 丨 丿 丶 一 丨 丿 ㇏ 一 一 亅 丿 丶"
"cnwstqi3450","primary","N","B","璧","璧","璧","𠃍 一 一 丿 一 一 丶 丨 丿 一 丶 丶 𠃍 丨 丨 一 一 一","𠃍 一 丿 丨 𠃍 一 丶 一 丶 丿 一 一 丨 一 一 丨 一 丶"
"cnwstqi3451","primary","N","B","戳","戳","戳","𠃍 丶 ㇀ 丶 一 一 丨 丶 丿 ㇀ 丶 一 一 丿 ㇂ 丨 一 𠃍","𠃍 丶 ㇀ 𠃍 丶 ㇀ 丿 丨 丶 一 一 一 丨 一 一 ㇂ 丿 丶"
"cnwstqi3452","primary","N","B","孽","孽","孽","一 丨 丶 一 𠃍 亅 ㇇ 一 丿 一 𠃍 丶 丨 丨 一 丨 一 一 丿","一 丨 丨 丿 丨 𠃍 一 𠃍 一 丶 一 丶 丿 一 一 丨 ㇇ 亅 一"
"cnwstqi3453","primary","N","A","警","警","警","一 丨 丨 丿 𠃌 丨 𠃍 一 丿 一 丿 ㇏ 丶 一 一 一 丨 𠃍 一","一 丨 一 𠃍 一 一 丶 丨 ㇏ 丿 一 丿 一 𠃍 丨 一 𠃌 丨 丿"
"cnwstqi3454","primary","N","B","蘑","蘑","蘑","一 丨 ㇏ 丨 丨 丶 丶 一 丨 丿 一 丨 𠃍 丿 丿 丿 一 一 一","一 丨 丨 丶 一 丿 一 丨 丿 丶 一 丨 丿 ㇏ 一 丿 丨 𠃍 一"
"cnwstqi3455","primary","N","B","藻","藻","藻","一 丨 丶 丶 ㇀ 𠃍 丨 一 一 𠃍 一 丿 丨 丨 一 丨 ㇏ 𠃍 丨","一 丨 丨 丶 丶 ㇀ 丨 𠃍 一 丨 𠃍 一 丨 𠃍 一 一 丨 丿 ㇏"
"cnwstqi3456","primary","N","B","攀","攀","攀","一 丨 一 丨 一 丿 丶 丿 一 ㇏ 丿 丶 丶 丿 一 亅 丿 丶 丿","一 丨 丿 丶 丿 丶 丿 丶 一 丨 丿 丶 一 丿 ㇏ 丿 一 一 亅"
"cnwstqi3457","primary","N","B","曝","曝","曝","丨 𠃍 丨 丨 一 ㇏ 丨 一 𠃍 丿 一 丶 一 丿 一 亅 一 丶 ㇀","丨 𠃍 一 一 丨 𠃍 一 一 一 丨 丨 一 丿 ㇏ 亅 丶 ㇀ 丿 丶"
"cnwstqi3458","primary","N","A","蹲","蹲","蹲","丨 𠃍 一 丨 一 丨 ㇀ 丶 丿 一 丨 𠃍 丿 ㇄ 一 一 一 亅 丶","丨 𠃍 ㇀ 一 丶 丨 一 丿 丨 一 一 丿 一 一 丶 丨 𠃍 ㇄ 亅"
"cnwstqi3459","primary","N","A","蹭","蹭","蹭","丨 𠃍 一 丨 一 丨 ㇀ 丶 丿 丨 𠃍 丨 丶 丿 一 丨 𠃍 一 一","丨 𠃍 一 丶 丨 一 一 丨 丿 𠃍 丨 丿 一 丶 丨 𠃍 丨 ㇀ 一"
"cnwstqi3460","primary","N","B","蹬","蹬","蹬","丨 𠃍 丿 𠃍 丶 丨 一 一 ㇀ 丨 丿 丿 丨 一 一 丶 ㇇ ㇏ 一","丨 𠃍 一 丨 一 丨 ㇀ ㇇ 丶 丿 丿 ㇏ 一 丨 𠃍 一 丶 丿 一"
"cnwstqi3461","primary","N","B","巅","巅","巅","丨 ㇄ 丿 一 丿 一 丶 丨 丨 一 𠃍 丨 丿 𠃍 一 丨 一 一 丶","丨 ㇄ 丨 一 丨 丨 𠃍 一 一 一 一 丿 丶 一 丿 丨 𠃍 丿 丶"
"cnwstqi3462","primary","N","A","簸","簸","簸","丿 一 丶 丿 一 丶 一 丨 丨 一 一 一 丿 丶 乛 丿 丨 ㇇ ㇏","丿 一 丶 丿 ㇏ 一 丨 丨 一 丿 一 丶 乛 一 丿 一 ㇇ 丨 丶"
"cnwstqi3463","primary","N","A","簿","簿","簿","丿 一 丶 丿 一 丶 丶 丶 ㇀ 一 丨 𠃍 一 一 丨 丶 一 亅 丶","丿 一 丶 一 丶 ㇀ 丶 𠃍 一 一 丶 丨 丿 亅 一 丶 丶 丨 一"
"cnwstqi3464","primary","N","A","蟹","蟹","蟹","丿 ㇇ 丿 𠃌 一 一 丨 𠃌 丿 丿 一 一 丨 丨 𠃍 一 丨 一 丶","丿 ㇇ 一 丿 丨 一 丿 𠃌 丿 𠃍 丨 𠃌 一 一 丶 一 一 丨 丨"
"cnwstqi3465","primary","N","B","颤","颤","颤","丶 一 𠃍 一 丨 𠃍 一 丶 丨 一 𠃍 ㇀ 丨 一 丿 丨 丿 𠃍 一","丶 一 丨 𠃍 丨 𠃍 一 一 丨 𠃍 一 一 ㇀ 一 丿 丨 𠃍 丿 丶"
"cnwstqi3466","primary","N","A","靡","靡","靡","丶 一 丿 一 丨 丿 丶 一 丨 丿 ㇏ 丨 一 一 一 丨 一 一 一","丶 一 一 丿 丿 丨 一 一 丿 一 丶 一 一 一 丨 一 丨 丨 ㇏"
"cnwstqi3467","primary","N","B","癣","癣","癣","丶 一 一 丨 一 ㇀ 丨 一 𠃍 丶 丿 丿 丿 ㇀ 丨 丶 一 ㇇ 一","丶 一 丿 丶 ㇀ 丿 ㇇ 丨 𠃍 一 丨 一 ㇀ 丶 丿 一 一 一 丨"
"cnwstqi3468","primary","N","A","瓣","瓣","瓣","丶 一 丶 丿 一 一 丿 丿 丿 𠄌 丶 ㇏ 丶 一 丶 丿 一 一 丨","丶 一 丨 丿 丶 丶 一 丿 一 一 丶 一 丿 ㇏ 丿 丶 一 𠄌 丿"
"cnwstqi3469","primary","N","B","羹","羹","羹","丶 丿 一 ㇀ 丨 丶 丿 一 丶 一 一 一 一 丨 丿 ㇏ 丶 丶 一","丶 丿 一 一 丨 一 ㇀ 丶 丶 丶 丶 丿 一 一 丨 一 一 丿 ㇏"
"cnwstqi3470","primary","N","B","鳖","鳖","鳖","丶 丿 一 丿 丨 𠃍 丨 𠃌 丿 ㇏ 丨 ㇇ 丿 一 丨 丶 一 一 丿","丶 丿 丨 𠃌 丨 丿 丶 丿 一 丿 ㇏ 丿 ㇇ 丨 𠃍 一 丨 一 一"
"cnwstqi3471","primary","N","B","爆","爆","爆","㇀ 丿 丨 ㇏ 丿 丿 丶 丨 ㇀ 丿 一 一 亅 丨 丶 一 丶 𠃍 一","㇀ 丿 丿 丶 丨 𠃍 一 一 一 丨 丨 一 丿 ㇏ 亅 丶 ㇀ 丿 丶"
"cnwstqi3472","primary","N","A","疆","疆","疆","𠃍 一 ㇉ 一 丨 ㇀ 一 丨 𠃍 一 丨 一 一 丨 𠃍 一 丨 一 一","𠃍 一 一 一 丨 ㇉ ㇀ 一 一 一 一 丨 𠃍 丨 丨 一 𠃍 丨 一"
"cnwstqi3473","primary","N","B","鬓","鬓","鬓","一 丨 丿 丿 丨 丶 丿 丨 一 丶 一 一 丶 一 丿 丿 一 𠃋 ㇀ 乛","一 丨 一 一 一 𠃋 丶 丿 丿 丿 丶 ㇀ 乛 丿 丨 一 丨 一 丿 丶"
"cnwstqi3474","primary","N","A","壤","壤","壤","一 丨 ㇀ 丶 一 丨 𠃍 一 丨 𠃍 一 一 一 丨 丨 一 丿 𠄌 丿 ㇏","一 丨 一 一 一 丿 一 丿 一 丨 𠃍 丨 ㇏ 丨 丨 一 𠃍 𠄌 丶 ㇀"
"cnwstqi3475","primary","N","A","馨","馨","馨","一 丨 一 𠃍 丨 一 丿 丿 ㇍ ㇇ 丶 丿 一 丨 丿 ㇏ 丨 𠃍 一 一","一 丨 ㇏ 丿 𠃍 丿 丿 一 丨 一 ㇇ 一 ㇍ 丿 丨 丨 一 丶 一 𠃍"
"cnwstqi3476","primary","N","A","耀","耀","耀","丨 丶 丿 一 丿 𠄌 𠃍 丶 ㇀ 𠃍 丶 ㇀ 丿 丨 丶 一 一 一 丨 一","丨 丶 一 一 一 𠃍 𠄌 一 丶 丿 丨 ㇀ 丿 一 丶 丿 丶 ㇀ 𠃍 丨"
"cnwstqi3477","primary","N","B","躁","躁","躁","丨 𠃍 丨 ㇏ 𠃍 ㇀ 一 一 一 𠃍 一 丿 一 丨 丨 一 丨 𠃍 丨 丨","丨 𠃍 一 丨 一 丨 ㇀ 丨 𠃍 一 丨 𠃍 一 丨 𠃍 一 一 丨 丿 ㇏"
"cnwstqi3478","primary","N","B","蠕","蠕","蠕","丨 𠃍 丨 ㇀ 丶 丶 丶 丨 一 丨 一 丶 𠃌 丨 丨 一 一 乛 丿 丶","丨 𠃍 一 丨 一 丶 一 ㇀ 乛 丨 丶 丶 丶 丶 一 丿 丨 𠃌 丨 丨"
"cnwstqi3479","primary","N","B","嚼","嚼","嚼","丨 𠃍 一 丶 丿 一 丨 一 丿 丶 丶 𠃍 一 丨 丨 亅 𠄌 丶 一 𠃍","丨 𠃍 一 丿 丶 丶 丿 丨 𠃍 丨 丨 一 𠃍 一 一 𠄌 丶 一 亅 丶"
"cnwstqi3480","primary","N","A","嚷","嚷","嚷","丨 𠃍 一 丶 一 丨 𠃍 一 丨 𠃍 一 一 一 丨 丨 一 丿 𠄌 丿 ㇏","丨 𠃍 一 丨 一 𠃍 一 一 丿 一 𠃍 一 𠄌 ㇏ 丨 丨 丶 丿 一 丨"
"cnwstqi3481","primary","N","A","巍","巍","巍","丨 ㇄ 丨 丿 一 丨 丿 丶 𡿨 丿 一 丿 丨 𠃍 一 一 丿 乚 𠃋 丶","丨 ㇄ 一 𠃍 丿 丨 𠃋 乚 丶 丨 一 丶 𡿨 丿 丿 丿 一 丿 一 丨"
"cnwstqi3482","primary","N","A","籍","籍","籍","丿 一 丶 丿 一 丶 一 一 一 丨 丿 丶 一 丨 丨 一 丨 𠃍 一 一","丿 一 一 丨 丶 一 一 丶 丿 一 丿 丨 一 丶 一 丨 丨 一 𠃍 一"
"cnwstqi3483","primary","N","B","鳞","鳞","鳞","丿 ㇇ ㇀ 一 一 ㇇ 一 丨 丶 丿 ㇏ 丨 丿 丨 丨 𠃍 一 丿 𠃋 丶","丿 ㇇ 丨 𠃍 一 丨 一 ㇀ 丶 丿 一 丨 丿 ㇏ 丿 ㇇ 丶 一 𠃋 丨"
"cnwstqi3484","primary","N","B","魔","魔","魔","丶 一 一 丿 丶 丿 𠃍 丶 一 一 一 丨 𠃋 丿 乚 丨 丿 丿 丨 ㇏","丶 一 丿 一 丨 丿 丶 一 丨 丿 ㇏ 丿 丨 𠃍 一 一 丿 乚 𠃋 丶"
"cnwstqi3485","primary","N","A","糯","糯","糯","丶 丿 一 丨 丿 丶 一 ㇀ 乛 丨 丶 丶 丶 丶 一 丿 丨 𠃌 丨 丨","丶 丿 乛 一 丨 丶 丶 ㇀ 丨 𠃌 丶 丨 丨 丿 丿 丶 一 丶 丨 一"
"cnwstqi3486","primary","N","B","灌","灌","灌","丶 丶 丨 丶 𠃍 一 丨 一 一 丿 一 丨 ㇀ 𠃍 丨 一 丨 一 丨 一","丶 丶 ㇀ 一 丨 丨 丨 𠃍 一 丨 𠃍 一 丿 丨 丶 一 一 一 丨 一"
"cnwstqi3487","primary","N","A","譬","譬","譬","𠃍 一 丿 丨 𠃍 一 丶 一 丶 丿 一 一 丨 丶 一 一 一 丨 𠃍 一","𠃍 一 丶 一 一 丿 丶 一 丿 一 丨 一 丨 一 一 丶 一 𠃍 𠃍 丨"
"cnwstqi3488","primary","N","B","蠢","蠢","蠢","一 一 ㇏ 丨 一 丶 一 丨 一 丨 一 一 丿 𠃍 丨 丶 一 𠃍 𠃍 丨 一","一 一 一 丿 ㇏ 丨 𠃍 一 一 丨 𠃍 一 丨 一 丶 丨 𠃍 一 丨 一 丶"
"cnwstqi3489","primary","N","A","霸","霸","霸","一 ㇀ 乛 丨 丶 丶 丶 丶 一 丨 丨 一 丨 𠃍 一 一 丨 丿 𠃌 一 一","一 ㇀ 𠃌 一 丶 乛 丨 丿 一 丨 丨 丶 丨 一 一 一 丨 一 丶 丶 𠃍"
"cnwstqi3490","primary","N","B","露","露","露","一 ㇀ 丨 丿 𠃍 乛 丶 丨 丨 丶 丨 一 乛 ㇏ 丶 丶 𠃍 一 一 ㇀ 丨","一 ㇀ 乛 丨 丶 丶 丶 丶 丨 𠃍 一 丨 一 丨 ㇀ 丿 乛 ㇏ 丨 𠃍 一"
"cnwstqi3491","primary","N","B","霹","霹","霹","一 ㇀ 丶 丨 一 𠃍 一 丶 丨 𠃍 乛 一 丿 丶 丶 丶 一 丶 一 丨 丿","一 ㇀ 乛 丨 丶 丶 丶 丶 𠃍 一 丿 丨 𠃍 一 丶 一 丶 丿 一 一 丨"
"cnwstqi3492","primary","N","B","躏","躏","躏","丨 𠃍 𠃌 丶 一 一 丨 丨 丨 一 丨 一 丨 一 一 丨 丿 一 丨 ㇀ 丶","丨 𠃍 一 丨 一 丨 ㇀ 一 丨 丨 丶 丨 𠃌 丿 丨 丶 一 一 一 丨 一"
"cnwstqi3493","primary","N","A","黯","黯","黯","丨 𠃍 丶 丿 一 丨 一 ㇀ ㇀ 丶 丶 丶 丶 一 丶 丿 一 丨 𠃍 一 一","丨 𠃍 丶 丶 一 𠃍 丨 丶 丿 丨 一 一 丶 一 丶 丿 ㇀ 丶 一 ㇀ 一"
"cnwstqi3494","primary","N","B","髓","髓","髓","丨 𠃍 一 𠃌 丨 ㇀ 丨 𠃌 丿 ㇋ 一 一 乛 一 一 ㇏ 一 一 丶 丨 𠃍","丨 𠃍 𠃍 ㇀ 乛 丨 𠃌 一 一 一 丿 一 丨 一 丨 𠃌 一 一 丶 ㇋ ㇏"
"cnwstqi3495","primary","N","A","赣","赣","赣","丶 一 丶 丿 一 丨 𠃍 一 一 一 丨 丿 ㇇ ㇏ 一 丨 一 丨 𠃍 丿 丶","丶 一 一 丶 ㇇ 丨 ㇏ 一 一 𠃍 丿 丨 一 丿 𠃍 丨 丿 丨 一 一 丶"
"cnwstqi3496","primary","N","B","囊","囊","囊","一 丨 一 𠃍 ㇏ 一 𠃍 丨 丨 𠃍 丨 一 丨 ㇀ 乛 一 𠄌 一 丿 丨 一 丿","一 丨 𠃍 一 丨 ㇀ 乛 丨 𠃍 一 丨 𠃍 一 一 一 丨 丨 一 丿 𠄌 丿 ㇏"
"cnwstqi3497","primary","N","A","镶","镶","镶","丿 一 一 一 𠄌 丶 一 丨 𠃍 一 丨 𠃍 一 一 一 丨 丨 一 丿 𠄌 丿 ㇏","丿 一 丨 一 丶 一 一 一 丿 𠃍 𠃍 丨 𠄌 𠄌 一 一 丨 丿 一 ㇏ 一 丨"
"cnwstqi3498","primary","N","A","瓤","瓤","瓤","丶 一 丨 𠃍 一 丨 𠃍 一 一 一 丨 丨 一 丿 𠄌 丿 丶 丿 丿 𠄌 丶 ㇏","丶 一 一 一 丶 丿 一 丿 丿 𠄌 丶 丨 一 𠄌 丨 丨 一 丿 ㇏ 丨 𠃍 𠃍"
"cnwstqi3499","primary","N","B","罐","罐","罐","丿 一 丨 一 丨 丨 丨 丿 一 一 ㇄ 丨 𠃍 丨 一 𠃍 丨 丨 一 一 一 一 丶","丿 一 一 丨 ㇄ 丨 一 丨 丨 丨 𠃍 一 丨 𠃍 一 丿 丨 丶 一 一 一 丨 一"
"cnwstqi3500","primary","N","B","矗","矗","矗","一 丨 丨 一 丨 一 一 一 丨 一 丨 一 一 一 一 一 一 𠃍 一 𠃍 ㇀ 𠃍 一 丨","一 丨 丨 𠃍 一 一 一 一 一 丨 丨 𠃍 一 一 一 ㇀ 一 丨 丨 𠃍 一 一 一 一"
"cnwstqi3501","junior","N","B","乂","乂","乂","X","丿 ㇏"
"cnwstqi3502","junior","N","A","乜","乜","乜","𠃌 乚","X"
"cnwstqi3503","junior","N","A","兀","兀","兀","一 丿 乚","X"
"cnwstqi3504","junior","N","A","弋","弋","弋","一 ㇂ 丶","X"
"cnwstqi3505","junior","N","A","孑","孑","孑","㇇ 亅 ㇀","X"
"cnwstqi3506","junior","N","A","孓","孓","孓","㇇ 亅 ㇏","X"
"cnwstqi3507","junior","N","B","幺","幺","幺","X","𠃋 𠃋 丶"
"cnwstqi3508","junior","N","A","亓","亓","亓","一 一 丿 丨","一 一 丨 丿"
"cnwstqi3509","junior","N","B","韦","韦","韦","一 一 丨 𠃌","一 一 𠃌 丨"
"cnwstqi3510","junior","N","B","廿","廿","廿","一 丨 一 丨","一 丨 丨 一"
"cnwstqi3511","junior","N","B","丏","丏","丏","一 丨 𠃌 ㇄","一 丨 ㇄ 𠃌"
"cnwstqi3512","junior","N","A","卅","卅","卅","一 丿 丨 丨","X"
"cnwstqi3513","junior","N","A","仄","仄","仄","一 丿 丿 ㇏","一 丿 ㇏ 丿"
"cnwstqi3514","junior","N","A","厄","厄","厄","一 丿 𠃌 乚","一 丿 乚 𠃌"
"cnwstqi3515","junior","N","A","仃","仃","仃","丿 丨 一 亅","丿 丨 亅 一"
"cnwstqi3516","junior","N","A","仉","仉","仉","丿 丨 丿 ⺄","丿 丨 ⺄ 丿"
"cnwstqi3517","junior","N","B","仂","仂","仂","丿 丨 丿 𠃌","丿 丨 𠃌 丿"
"cnwstqi3518","junior","N","A","兮","兮","兮","丿 ㇏ 一 ㇉","丿 ㇏ ㇉ 一"
"cnwstqi3519","junior","N","B","刈","刈","刈","丿 丶 亅 丨","丿 丶 丨 亅"
"cnwstqi3520","junior","N","A","爻","爻","爻","丿 丶 丿 ㇏","丿 丶 ㇏ 丿"
"cnwstqi3521","junior","N","A","卞","卞","卞","丶 一 丨 丶","丶 一 丶 丨"
"cnwstqi3522","junior","N","B","闩","闩","闩","丶 丨 一 𠃌","丶 丨 𠃌 一"
"cnwstqi3523","junior","N","A","讣","讣","讣","丶 ㇊ 丨 丶","丶 ㇊ 丶 丨"
"cnwstqi3524","junior","N","B","尹","尹","尹","𠃍 一 丿 一","𠃍 一 一 丿"
"cnwstqi3525","junior","N","B","夬","夬","夬","𠃍 一 ㇏ 丿","𠃍 一 丿 ㇏"
"cnwstqi3526","junior","N","A","爿","爿","爿","㇄ 丨 一 丿","㇄ 丨 丿 一"
"cnwstqi3527","junior","N","A","毋","毋","毋","㇄ 𠃌 丿 一","㇄ 𠃌 一 丿"
"cnwstqi3528","junior","N","B","邗","邗","邗","一 一 丨 丨 ㇌","一 一 丨 ㇌ 丨"
"cnwstqi3529","junior","N","B","邛","邛","邛","一 丨 ㇌ 丨 ㇀","一 丨 ㇀ ㇌ 丨"
"cnwstqi3530","junior","N","A","艽","艽","艽","一 丨 丨 丿 ⺄","一 丨 ⺄ 丿 丨"
"cnwstqi3531","junior","N","A","艿","艿","艿","一 丨 丨 𠄎 丿","一 丨 丿 丨 𠄎"
"cnwstqi3532","junior","N","A","札","札","札","一 丨 丿 丶 乚","一 丨 丶 丿 乚"
"cnwstqi3533","junior","N","B","叵","叵","叵","一 丨 𠃍 ㇄ 一","一 丨 𠃍 一 ㇄"
"cnwstqi3534","junior","N","B","匝","匝","匝","一 丨 𠃌 ㇄ 丨","一 丨 𠃌 丨 ㇄"
"cnwstqi3535","junior","N","A","丕","丕","丕","一 丿 丨 丶 一","一 丿 丨 一 丶"
"cnwstqi3536","junior","N","B","匜","匜","匜","一 𠃊 丨 𠃌 乚","一 𠃊 𠃌 丨 乚"
"cnwstqi3537","junior","N","B","劢","劢","劢","一 𠃌 丿 丿 𠃌","一 𠃌 丿 𠃌 丿"
"cnwstqi3538","junior","N","B","卟","卟","卟","丨 𠃍 一 丶 丨","丨 𠃍 一 丨 丶"
"cnwstqi3539","junior","N","B","叱","叱","叱","丨 𠃍 一 乚 丿","丨 𠃍 一 丿 乚"
"cnwstqi3540","junior","N","B","叻","叻","叻","丨 𠃍 丿 一 𠃌","丨 𠃍 一 𠃌 丿"
"cnwstqi3541","junior","N","B","仨","仨","仨","X","丿 丨 一 一 一"
"cnwstqi3542","junior","N","A","仕","仕","仕","丿 丨 一 丨 一","丿 丨 丨 一 一"
"cnwstqi3543","junior","N","B","仟","仟","仟","丿 丨 一 丨 丿","丿 丨 丿 一 丨"
"cnwstqi3544","junior","N","B","仡","仡","仡","丿 丨 一 ⺄ 丿","丿 丨 丿 一 ⺄"
"cnwstqi3545","junior","N","A","仫","仫","仫","丿 丨 丿 𠃋 丶","丿 丨 丿 丶 𠃋"
"cnwstqi3546","junior","N","B","仞","仞","仞","丿 丨 丿 𠃌 ㇀","丿 丨 𠃌 丿 ㇀"
"cnwstqi3547","junior","N","B","卮","卮","卮","丿 丿 乚 一 𠃌","丿 丿 一 𠃌 乚"
"cnwstqi3548","junior","N","B","氐","氐","氐","丿 𠄌 一 丶 ㇂","丿 𠄌 一 ㇂ 丶"
"cnwstqi3549","junior","N","B","犰","犰","犰","丿 ㇁ ⺄ 丿 丿","丿 ㇁ 丿 丿 ⺄"
"cnwstqi3550","junior","N","A","刍","刍","刍","丿 ㇇ 𠃍 一 一","丿 ㇇ 一 一 𠃍"
"cnwstqi3551","junior","N","B","邝","邝","邝","丶 一 丨 丿 ㇌","丶 一 丿 ㇌ 丨"
"cnwstqi3552","junior","N","A","邙","邙","邙","丶 一 ㇄ ㇌ 丨","丶 一 丨 ㇌ ㇄"
"cnwstqi3553","junior","N","A","汀","汀","汀","丶 丶 ㇀ 一 亅","丶 丶 亅 ㇀ 一"
"cnwstqi3554","junior","N","B","讦","讦","讦","丶 ㇊ 一 丨 一","丶 ㇊ 一 一 丨"
"cnwstqi3555","junior","N","A","讧","讧","讧","丶 ㇊ 一 丨 一","丶 ㇊ 一 一 丨"
"cnwstqi3556","junior","N","A","讪","讪","讪","丶 ㇊ 丨 ㇄ 丨","丶 ㇊ 丨 丨 ㇄"
"cnwstqi3557","junior","N","B","讫","讫","讫","丶 ㇊ ⺄ 丿 一","丶 ㇊ 丿 一 ⺄"
"cnwstqi3558","junior","N","B","尻","尻","尻","𠃍 一 丿 ⺄ 丿","𠃍 一 丿 丿 ⺄"
"cnwstqi3559","junior","N","B","阡","阡","阡","㇌ 丨 丿 丨 一","㇌ 丨 丿 一 丨"
"cnwstqi3560","junior","N","B","尕","尕","尕","𠄎 丿 丿 丶 亅","𠄎 丿 亅 丿 丶"
"cnwstqi3561","junior","N","A","弁","弁","弁","𠃋 丶 一 丿 丨","𠃋 丶 丿 丨 一"
"cnwstqi3562","junior","N","B","驭","驭","驭","𠃍 ㇉ ㇇ ㇏ ㇀","𠃍 ㇉ ㇀ ㇇ ㇏"
"cnwstqi3563","junior","N","B","匡","匡","匡","一 一 丨 一 ㇄ 一","一 一 一 丨 一 ㇄"
"cnwstqi3564","junior","N","B","耒","耒","耒","一 一 丨 丿 ㇏ 一","一 一 一 丨 丿 ㇏"
"cnwstqi3565","junior","N","B","玎","玎","玎","一 一 ㇀ 亅 丨 一","一 一 丨 ㇀ 一 亅"
"cnwstqi3566","junior","N","B","玑","玑","玑","一 一 ㇀ 丿 ⺄ 丨","一 一 丨 ㇀ 丿 ⺄"
"cnwstqi3567","junior","N","B","邢","邢","邢","一 一 丨 丿 丨 ㇌","一 一 丿 丨 ㇌ 丨"
"cnwstqi3568","junior","N","B","圩","圩","圩","一 丨 ㇀ 亅 一 一","一 丨 ㇀ 一 一 亅"
"cnwstqi3569","junior","N","A","圬","圬","圬","一 丨 ㇀ 一 一 ㇉","一 丨 一 ㇉ ㇀ 一"
"cnwstqi3570","junior","N","A","圭","圭","圭","一 丨 一 一 丨 一","一 丨 一 丨 一 一"
"cnwstqi3571","junior","N","B","扦","扦","扦","一 亅 丨 ㇀ 一 丿","一 亅 ㇀ 丿 一 丨"
"cnwstqi3572","junior","N","A","圪","圪","圪","一 丨 ㇀ 丿 一 ⺄","一 丨 一 ㇀ ⺄ 丿"
"cnwstqi3573","junior","N","A","圳","圳","圳","一 丨 ㇀ 丿 丨 丨","一 丨 丨 ㇀ 丿 丨"
"cnwstqi3574","junior","N","B","圹","圹","圹","一 丨 一 ㇀ 丶 丿","一 丨 ㇀ 丶 一 丿"
"cnwstqi3575","junior","N","B","扪","扪","扪","一 亅 𠃌 丶 ㇀ 丨","一 亅 ㇀ 丶 丨 𠃌"
"cnwstqi3576","junior","N","A","圮","圮","圮","一 丨 ㇀ 𠃍 一 乚","一 丨 𠃍 一 ㇀ 乚"
"cnwstqi3577","junior","N","B","圯","圯","圯","一 丨 ㇀ 𠃍 乚 一","一 丨 ㇀ 𠃍 一 乚"
"cnwstqi3578","junior","N","A","芊","芊","芊","一 丨 丨 丿 一 丨","一 丨 一 丨 丿 丨"
"cnwstqi3579","junior","N","A","芍","芍","芍","一 丨 丨 丿 𠃌 丶","一 丨 丶 𠃌 丿 丨"
"cnwstqi3580","junior","N","B","芄","芄","芄","一 丨 丿 丶 ⺄ 丨","一 丨 丨 丿 ⺄ 丶"
"cnwstqi3581","junior","N","A","芨","芨","芨","一 丨 丨 丿 ㇋ ㇏","一 丨 ㇋ 丿 ㇏ 丨"
"cnwstqi3582","junior","N","A","芑","芑","芑","一 丨 丨 𠃍 一 乚","一 丨 一 𠃍 丨 乚"
"cnwstqi3583","junior","N","A","芎","芎","芎","一 丨 丨 𠃍 一 ㇉","一 丨 丨 一 ㇉ 𠃍"
"cnwstqi3584","junior","N","A","芗","芗","芗","一 丨 丨 𠃋 𠃋 丿","一 丨 𠃋 丨 丿 𠃋"
"cnwstqi3585","junior","N","A","亘","亘","亘","一 丨 𠃍 一 一 一","一 丨 一 一 一 𠃍"
"cnwstqi3586","junior","N","A","厍","厍","厍","一 丿 一 𠃋 一 丨","一 丿 一 一 𠃋 丨"
"cnwstqi3587","junior","N","A","夼","夼","夼","一 丿 ㇏ 丿 丨 丨","一 丿 丨 丿 丨 ㇏"
"cnwstqi3588","junior","N","A","戍","戍","戍","一 丿 丶 ㇂ 丿 丶","一 丿 丶 丿 丶 ㇂"
"cnwstqi3589","junior","N","B","尥","尥","尥","一 丿 丶 𠃌 乚 丿","一 丿 乚 丿 𠃌 丶"
"cnwstqi3590","junior","N","B","乩","乩","乩","丨 一 乚 𠃍 丨 一","丨 一 丨 𠃍 一 乚"
"cnwstqi3591","junior","N","A","旯","旯","旯","丨 𠃍 一 一 丿 ⺄","丨 𠃍 一 丿 ⺄ 一"
"cnwstqi3592","junior","N","B","曳","曳","曳","丨 𠃍 一 丿 ㇂ 一","丨 𠃍 一 一 ㇂ 丿"
"cnwstqi3593","junior","N","B","岌","岌","岌","丨 ㇄ ㇋ 丨 ㇏ 丿","丨 ㇄ 丨 丿 ㇋ ㇏"
"cnwstqi3594","junior","N","A","屺","屺","屺","丨 ㇄ 丨 𠃍 一 乚","丨 ㇄ 乚 一 丨 𠃍"
"cnwstqi3595","junior","N","B","凼","凼","凼","亅 ㇇ 丿 ㇄ 丶 丨","亅 ㇇ 丿 丶 ㇄ 丨"
"cnwstqi3596","junior","N","B","囡","囡","囡","丨 𠃍 𡿨 一 丿 一","丨 𠃍 𡿨 丿 一 一"
"cnwstqi3597","junior","N","A","钇","钇","钇","丿 一 一 一 𠄌 ⺄","丿 一 一 𠄌 一 ⺄"
"cnwstqi3598","junior","N","A","缶","缶","缶","丿 一 一 丨 ㇄ 丨","丿 一 丨 ㇄ 丨 一"
"cnwstqi3599","junior","N","A","氘","氘","氘","丿 一 一 ⺄ 丿 丨","丿 一 丨 一 丿 ⺄"
"cnwstqi3600","junior","N","B","氖","氖","氖","丿 一 一 ⺄ 丿 𠄎","丿 一 一 ⺄ 𠄎 丿"
"cnwstqi3601","junior","N","A","牝","牝","牝","丿 一 丨 ㇀ 丿 乚","丿 一 丨 乚 ㇀ 丿"
"cnwstqi3602","junior","N","A","伎","伎","伎","丿 丨 一 丨 ㇇ ㇏","丿 丨 一 ㇇ ㇏ 丨"
"cnwstqi3603","junior","N","B","伛","伛","伛","丿 丨 ㇄ 一 丿 丶","丿 丨 一 丿 丶 ㇄"
"cnwstqi3604","junior","N","A","伢","伢","伢","丿 丨 一 𠃋 亅 丿","丿 丨 丿 一 𠃋 亅"
"cnwstqi3605","junior","N","B","佤","佤","佤","丿 丨 𠄌 ⺄ 一 丶","丿 丨 一 𠄌 ⺄ 丶"
"cnwstqi3606","junior","N","B","仵","仵","仵","丿 丨 丨 一 一 丿","丿 丨 丿 一 一 丨"
"cnwstqi3607","junior","N","A","伥","伥","伥","丿 丨 丿 一 𠄌 ㇏","丿 丨 ㇏ 丿 𠄌 一"
"cnwstqi3608","junior","N","B","伧","伧","伧","丿 丨 乚 丿 𠃌 ㇏","丿 丨 丿 ㇏ 𠃌 乚"
"cnwstqi3609","junior","N","A","伉","伉","伉","丿 丨 丶 一 丿 ⺄","丿 丨 一 丿 ⺄ 丶"
"cnwstqi3610","junior","N","B","伫","伫","伫","丿 丨 ㇀ 一 丶 乛","丿 丨 丶 ㇀ 乛 一"
"cnwstqi3611","junior","N","B","囟","囟","囟","丿 丨 𠃍 一 丶 丿","丿 丨 𠃍 丿 丶 一"
"cnwstqi3612","junior","N","B","汆","汆","汆","丿 ㇏ 亅 ㇏ 丿 ㇇","丿 ㇏ 亅 ㇇ 丿 ㇏"
"cnwstqi3613","junior","N","B","刖","刖","刖","丿 𠃌 亅 一 丨 一","丿 𠃌 一 一 丨 亅"
"cnwstqi3614","junior","N","A","夙","夙","夙","丿 ⺄ 一 丿 ㇇ 丶","丿 ⺄ 丿 ㇇ 一 丶"
"cnwstqi3615","junior","N","A","旮","旮","旮","丿 ⺄ 丨 𠃍 一 一","丿 ⺄ 一 一 丨 𠃍"
"cnwstqi3616","junior","N","A","刎","刎","刎","丿 𠃌 丿 丿 丨 亅","丿 𠃌 丨 丿 丿 亅"
"cnwstqi3617","junior","N","A","犷","犷","犷","丿 ㇁ 丿 丶 一 丿","丿 ㇁ 丿 丶 丿 一"
"cnwstqi3618","junior","N","B","犸","犸","犸","丿 ㇁ 一 𠃍 ㇉ 丿","丿 ㇁ 丿 𠃍 ㇉ 一"
"cnwstqi3619","junior","N","A","舛","舛","舛","丿 ㇇ 丶 一 𠃋 丨","丿 ㇇ 丶 丨 𠃋 一"
"cnwstqi3620","junior","N","A","凫","凫","凫","丿 𠃌 丶 ㇉ 丿 ⺄","丿 𠃌 ㇉ 丶 ⺄ 丿"
"cnwstqi3621","junior","N","A","邬","邬","邬","丿 𠃌 ㇉ ㇀ ㇌ 丨","丿 𠃌 ㇀ ㇉ ㇌ 丨"
"cnwstqi3622","junior","N","A","饧","饧","饧","丿 ㇇ 𠄌 𠄎 丿 丿","丿 ㇇ 𠄎 丿 𠄌 丿"
"cnwstqi3623","junior","N","A","汕","汕","汕","丶 丶 ㇀ 丨 ㇄ 丨","丶 丶 ㇄ 丨 丨 ㇀"
"cnwstqi3624","junior","N","B","汔","汔","汔","丶 丶 丿 ㇀ ⺄ 一","丶 丶 ㇀ 丿 一 ⺄"
"cnwstqi3625","junior","N","A","汐","汐","汐","丶 丶 ㇀ 丿 ㇇ 丶","丶 丶 ㇇ ㇀ 丶 丿"
"cnwstqi3626","junior","N","A","汲","汲","汲","丶 丶 ㇀ 丿 ㇋ ㇏","丶 丶 ㇏ ㇋ 丿 ㇀"
"cnwstqi3627","junior","N","B","汜","汜","汜","丶 丶 一 ㇀ 𠃍 乚","丶 丶 ㇀ 𠃍 一 乚"
"cnwstqi3628","junior","N","B","汊","汊","汊","丶 丶 ㇏ ㇇ ㇀ 丶","丶 丶 ㇀ ㇇ ㇏ 丶"
"cnwstqi3629","junior","N","B","忖","忖","忖","㇀ 丶 丨 亅 丶 一","㇀ 丶 丨 一 亅 丶"
"cnwstqi3630","junior","N","B","忏","忏","忏","㇀ 丶 丨 一 丨 丿","㇀ 丶 丨 丿 一 丨"
"cnwstqi3631","junior","N","B","讴","讴","讴","丶 ㇊ 一 ㇄ 丿 丶","丶 ㇊ 一 丿 丶 ㇄"
"cnwstqi3632","junior","N","B","讵","讵","讵","丶 ㇊ 一 ㇄ 一 𠃍","丶 ㇊ 一 𠃍 一 ㇄"
"cnwstqi3633","junior","N","B","祁","祁","祁","丶 ㇇ 丨 丶 丨 ㇌","丶 ㇇ 丨 丶 ㇌ 丨"
"cnwstqi3634","junior","N","A","讷","讷","讷","丶 ㇊ 丨 𠃌 丿 丶","丶 ㇊ 丶 𠃌 丿 丨"
"cnwstqi3635","junior","N","B","聿","聿","聿","𠃍 一 一 一 丨 一","𠃍 一 一 一 一 丨"
"cnwstqi3636","junior","N","B","艮","艮","艮","𠃍 一 𠄌 一 ㇏ 丿","𠃍 一 一 𠄌 丿 ㇏"
"cnwstqi3637","junior","N","B","厾","厾","厾","⺄ 一 𠃋 一 丨 丶","⺄ 一 丨 一 𠃋 丶"
"cnwstqi3638","junior","N","A","阱","阱","阱","㇌ 丨 一 一 丿 丨","㇌ 丨 一 一 丨 丿"
"cnwstqi3639","junior","N","B","阮","阮","阮","㇌ 丨 乚 丿 一 一","㇌ 丨 一 一 丿 乚"
"cnwstqi3640","junior","N","B","阪","阪","阪","㇌ 丨 丿 ㇏ ㇇ 丿","㇌ 丨 丿 丿 ㇇ ㇏"
"cnwstqi3641","junior","N","A","丞","丞","丞","㇇ 亅 ㇇ 丿 ㇏ 一","㇇ 亅 ㇏ ㇇ 一 丿"
"cnwstqi3642","junior","N","B","妁","妁","妁","𡿨 丿 丶 一 𠃌 丿","𡿨 丿 一 丿 𠃌 丶"
"cnwstqi3643","junior","N","B","牟","牟","牟","𠃋 丶 丿 一 丨 一","𠃋 丶 丿 一 一 丨"
"cnwstqi3644","junior","N","B","纡","纡","纡","𠃋 𠃋 一 亅 一 ㇀","𠃋 𠃋 ㇀ 一 一 亅"
"cnwstqi3645","junior","N","B","纣","纣","纣","𠃋 𠃋 丶 亅 一 ㇀","𠃋 𠃋 ㇀ 一 亅 丶"
"cnwstqi3646","junior","N","A","纥","纥","纥","𠃋 𠃋 ㇀ 丿 一 ⺄","𠃋 𠃋 ⺄ 丿 一 ㇀"
"cnwstqi3647","junior","N","B","纨","纨","纨","𠃋 𠃋 ㇀ 丶 丿 ⺄","𠃋 𠃋 ㇀ 丿 ⺄ 丶"
"cnwstqi3648","junior","N","A","玕","玕","玕","一 一 丨 ㇀ 一 一 丨","一 一 一 ㇀ 丨 丨 一"
"cnwstqi3649","junior","N","A","玙","玙","玙","一 一 丨 ㇀ 一 ㇉ 一","一 一 一 ㇉ ㇀ 一 丨"
"cnwstqi3650","junior","N","A","抟","抟","抟","一 亅 ㇀ 一 一 ㄣ 丶","一 亅 ㇀ 一 丶 ㄣ 一"
"cnwstqi3651","junior","N","B","抔","抔","抔","一 亅 一 丶 丿 丨 ㇀","一 亅 ㇀ 一 丿 丨 丶"
"cnwstqi3652","junior","N","A","圻","圻","圻","一 丨 ㇀ 丿 丿 一 丨","一 丨 丿 ㇀ 丨 丿 一"
"cnwstqi3653","junior","N","A","坂","坂","坂","一 丨 ㇀ 丿 丿 ㇇ ㇏","一 丨 ㇏ ㇀ ㇇ 丿 丿"
"cnwstqi3654","junior","N","B","坍","坍","坍","一 丨 丿 ㇀ 丶 𠃌 一","一 丨 ㇀ 丿 𠃌 丶 一"
"cnwstqi3655","junior","N","B","坞","坞","坞","一 丨 ㇀ 丿 一 ㇉ 𠃌","一 丨 ㇀ 丿 𠃌 ㇉ 一"
"cnwstqi3656","junior","N","A","抃","抃","抃","一 亅 ㇀ 丶 一 丨 丶","一 亅 丨 一 ㇀ 丶 丶"
"cnwstqi3657","junior","N","A","抉","抉","抉","一 亅 ㇀ 𠃍 一 丿 ㇏","一 亅 一 ㇏ ㇀ 丿 𠃍"
"cnwstqi3658","junior","N","B","㧐","㧐","㧐","一 亅 ㇇ 丶 ㇏ ㇀ ㇇","一 亅 ㇀ ㇇ 丶 ㇇ ㇏"
"cnwstqi3659","junior","N","B","芫","芫","芫","一 丨 丿 丨 一 一 乚","一 丨 丨 一 一 丿 乚"
"cnwstqi3660","junior","N","B","邯","邯","邯","一 丨 ㇌ 丨 一 丨 一","一 丨 丨 一 一 ㇌ 丨"
"cnwstqi3661","junior","N","A","芸","芸","芸","一 丨 丨 一 一 𠃋 丶","一 丨 丶 丨 一 一 𠃋"
"cnwstqi3662","junior","N","B","芾","芾","芾","一 丨 丨 丨 一 𠃌 丨","一 丨 丨 一 丨 𠃌 丨"
"cnwstqi3663","junior","N","B","苈","苈","苈","一 丨 丿 丿 丨 一 𠃌","一 丨 丨 一 丿 𠃌 丿"
"cnwstqi3664","junior","N","B","苣","苣","苣","一 丨 丨 一 𠃍 ㇄ 一","一 丨 丨 一 𠃍 一 ㇄"
"cnwstqi3665","junior","N","A","芷","芷","芷","一 丨 丨 丨 一 丨 一","一 丨 丨 一 一 丨 丨"
"cnwstqi3666","junior","N","A","芮","芮","芮","一 丨 丨 丨 𠃌 丿 丶","一 丨 𠃌 丿 丨 丶 丨"
"cnwstqi3667","junior","N","B","苋","苋","苋","一 丨 𠃍 丨 丨 乚 丿","一 丨 丨 丨 𠃍 丿 乚"
"cnwstqi3668","junior","N","A","芼","芼","芼","一 丨 丨 丿 一 一 乚","一 丨 丨 一 丿 一 乚"
"cnwstqi3669","junior","N","A","苌","苌","苌","一 丨 丨 丿 一 𠄌 ㇏","一 丨 𠄌 一 丨 ㇏ 丿"
"cnwstqi3670","junior","N","B","苁","苁","苁","一 丨 丨 丶 丿 丿 ㇏","一 丨 丨 丿 丶 丿 ㇏"
"cnwstqi3671","junior","N","B","芩","芩","芩","一 丨 丿 ㇇ 丶 丨 ㇏","一 丨 丨 丿 ㇏ 丶 ㇇"
"cnwstqi3672","junior","N","A","芪","芪","芪","一 丨 丨 丿 𠄌 一 ㇂","一 丨 丿 ㇂ 一 𠄌 丨"
"cnwstqi3673","junior","N","B","芡","芡","芡","一 丨 ㇏ 丨 丿 丿 乛","一 丨 丨 丿 乛 丿 ㇏"
"cnwstqi3674","junior","N","A","芟","芟","芟","一 丨 丨 丿 ㇍ ㇇ ㇏","一 丨 丿 ㇍ 丨 ㇇ ㇏"
"cnwstqi3675","junior","N","B","苄","苄","苄","一 丨 丶 丶 一 丨 丨","一 丨 丨 丶 一 丨 丶"
"cnwstqi3676","junior","N","A","苎","苎","苎","一 丨 丨 丶 ㇀ 乛 一","一 丨 乛 ㇀ 丶 丨 一"
"cnwstqi3677","junior","N","A","苡","苡","苡","一 丨 丨 𠄌 丶 丿 丶","一 丨 丶 丿 丨 𠄌 丶"
"cnwstqi3678","junior","N","A","杌","杌","杌","一 丨 丿 丶 一 丿 乚","一 丨 丶 一 丿 乚 丿"
"cnwstqi3679","junior","N","A","杓","杓","杓","一 丨 丿 丶 丿 𠃌 丶","一 丨 丶 丿 丿 𠃌 丶"
"cnwstqi3680","junior","N","A","杞","杞","杞","一 丨 丿 丶 𠃍 一 乚","一 丨 丿 丶 乚 𠃍 一"
"cnwstqi3681","junior","N","B","杈","杈","杈","一 丨 ㇇ ㇏ 丿 丶 丶","一 丨 丿 丶 ㇇ ㇏ 丶"
"cnwstqi3682","junior","N","A","忑","忑","忑","一 丨 丶 ㇀ ㇃ 丶 丶","一 丨 丶 丶 ㇀ 丶 ㇃"
"cnwstqi3683","junior","N","B","孛","孛","孛","一 丨 ㇀ 亅 乛 一 ㇇","一 丨 ㇀ 乛 ㇇ 亅 一"
"cnwstqi3684","junior","N","A","邴","邴","邴","一 丨 𠃌 丿 丶 ㇌ 丨","一 丨 ㇌ 𠃌 丿 丨 丶"
"cnwstqi3685","junior","N","B","邳","邳","邳","一 丿 丨 丨 ㇌ 丶 ㇀","一 丿 丨 丶 ㇀ ㇌ 丨"
"cnwstqi3686","junior","N","A","矶","矶","矶","一 丿 丨 𠃍 一 丿 ⺄","一 丿 ⺄ 𠃍 一 丿 丨"
"cnwstqi3687","junior","N","B","奁","奁","奁","一 丿 ㇏ 丶 一 丿 ㇄","一 丿 ㇏ 一 丿 丶 ㇄"
"cnwstqi3688","junior","N","A","豕","豕","豕","一 丿 ㇁ 丿 丿 丿 ㇏","一 丿 ㇁ ㇏ 丿 丿 丿"
"cnwstqi3689","junior","N","B","忒","忒","忒","一 ㇀ 丶 ㇃ 丶 ㇂ 丶","一 ㇀ ㇃ 丶 丶 ㇂ 丶"
"cnwstqi3690","junior","N","B","欤","欤","欤","一 ㇉ 乛 ㇀ 丿 ㇏ 丿","一 ㇉ ㇀ 丿 乛 丿 ㇏"
"cnwstqi3691","junior","N","A","轫","轫","轫","一 𠃋 丨 ㇀ 𠃌 丿 ㇀","一 𠃋 𠃌 丿 ㇀ ㇀ 丨"
"cnwstqi3692","junior","N","A","迓","迓","迓","一 𠃋 亅 丿 丶 ㇋ ㇏","一 𠃋 丿 ㇏ 丶 ㇋ 亅"
"cnwstqi3693","junior","N","B","邶","邶","邶","丨 一 丨 一 ㇌ ㇀ 𠄌","丨 一 ㇀ 一 𠄌 ㇌ 丨"
"cnwstqi3694","junior","N","B","忐","忐","忐","丨 一 丶 一 ㇀ 丶 ㇃","丨 一 一 ㇀ ㇃ 丶 丶"
"cnwstqi3695","junior","N","A","卣","卣","卣","丨 一 丨 𠃍 𠃍 一 一","丨 一 𠃍 一 丨 𠃍 一"
"cnwstqi3696","junior","N","A","邺","邺","邺","丨 丨 丶 丿 ㇀ ㇌ 丨","丨 丨 丿 ㇀ ㇌ 丨 丶"
"cnwstqi3697","junior","N","B","旰","旰","旰","丨 𠃍 丨 一 一 一 一","丨 𠃍 一 一 一 一 丨"
"cnwstqi3698","junior","N","B","呋","呋","呋","丨 𠃍 ㇏ 一 一 一 丿","丨 𠃍 一 一 一 丿 ㇏"
"cnwstqi3699","junior","N","A","呒","呒","呒","丨 𠃍 一 一 一 丿 乚","丨 𠃍 丿 一 一 乚 一"
"cnwstqi3700","junior","N","A","呓","呓","呓","丨 𠃍 一 一 丨 丨 ⺄","丨 𠃍 丨 丨 一 一 ⺄"
"cnwstqi3701","junior","N","B","呔","呔","呔","丨 𠃍 ㇏ 一 丶 一 丿","丨 𠃍 一 一 丿 ㇏ 丶"
"cnwstqi3702","junior","N","B","呖","呖","呖","丨 𠃍 丿 丿 一 一 𠃌","丨 𠃍 一 一 丿 𠃌 丿"
"cnwstqi3703","junior","N","B","呃","呃","呃","丨 𠃍 一 丿 乚 𠃌 一","丨 𠃍 一 一 丿 𠃌 乚"
"cnwstqi3704","junior","N","A","旸","旸","旸","丨 𠃍 一 一 𠄎 丿 丿","丨 𠃍 一 丿 𠄎 丿 一"
"cnwstqi3705","junior","N","B","吡","吡","吡","丨 𠃍 丿 一 乚 一 𠄌","丨 𠃍 一 一 𠄌 丿 乚"
"cnwstqi3706","junior","N","A","町","町","町","丨 𠃍 一 丨 一 一 亅","丨 𠃍 一 亅 一 丨 一"
"cnwstqi3707","junior","N","A","虬","虬","虬","丨 𠃍 一 丨 一 丶 乚","丨 𠃍 乚 一 丨 丶 一"
"cnwstqi3708","junior","N","B","呗","呗","呗","丨 𠃍 一 丨 丿 𠃍 丶","丨 𠃍 一 丨 𠃍 丿 丶"
"cnwstqi3709","junior","N","A","吽","吽","吽","丨 𠃍 一 丿 一 一 丨","丨 𠃍 丿 丨 一 一 一"
"cnwstqi3710","junior","N","A","吣","吣","吣","丨 𠃍 一 ㇀ ㇃ 丶 丶","丨 𠃍 ㇀ 丶 一 ㇃ 丶"
"cnwstqi3711","junior","N","B","吲","吲","吲","丨 𠃍 丨 一 ㇉ 一 𠃍","丨 𠃍 一 𠃍 一 ㇉ 丨"
"cnwstqi3712","junior","N","A","帏","帏","帏","丨 𠃌 丨 一 一 𠃌 丨","丨 𠃌 𠃌 丨 丨 一 一"
"cnwstqi3713","junior","N","B","岐","岐","岐","丨 ㇄ 一 丨 ㇏ ㇇ 丨","丨 ㇄ 丨 一 丨 ㇇ ㇏"
"cnwstqi3714","junior","N","A","岈","岈","岈","丨 ㇄ 丨 一 𠃋 亅 丿","丨 ㇄ 丨 亅 丿 𠃋 一"
"cnwstqi3715","junior","N","A","岘","岘","岘","丨 ㇄ 丨 丨 𠃍 丿 乚","丨 ㇄ 𠃍 丿 丨 丨 乚"
"cnwstqi3716","junior","N","A","岑","岑","岑","丨 ㇄ 丨 丿 ㇏ 丶 ㇇","丨 ㇄ 丨 丶 丿 ㇏ ㇇"
"cnwstqi3717","junior","N","A","岚","岚","岚","丨 ㇄ 丨 丿 ⺄ 丿 丶","丨 ㇄ 丿 丨 丶 ⺄ 丿"
"cnwstqi3718","junior","N","A","兕","兕","兕","丨 ㇅ 丨 𠃍 一 丿 乚","丨 ㇅ 一 乚 丿 𠃍 丨"
"cnwstqi3719","junior","N","B","囵","囵","囵","丨 𠃍 丿 一 乚 丿 ㇏","丨 𠃍 丿 ㇏ 丿 乚 一"
"cnwstqi3720","junior","N","B","囫","囫","囫","丨 𠃍 𠃌 丿 丿 一 丿","丨 𠃍 丿 𠃌 丿 丿 一"
"cnwstqi3721","junior","N","A","钊","钊","钊","丿 一 一 一 𠄌 丨 亅","丿 一 亅 一 一 丨 𠄌"
"cnwstqi3722","junior","N","A","钋","钋","钋","丿 一 一 一 𠄌 丨 丶","丿 一 一 丨 一 𠄌 丶"
"cnwstqi3723","junior","N","B","钌","钌","钌","丿 一 𠄌 ㇇ 一 亅 一","丿 一 一 一 𠄌 ㇇ 亅"
"cnwstqi3724","junior","N","B","迕","迕","迕","丿 一 ㇋ 一 丨 丶 ㇏","丿 一 一 丨 丶 ㇋ ㇏"
"cnwstqi3725","junior","N","A","氙","氙","氙","丿 一 一 ⺄ 丨 ㇄ 丨","丿 一 丨 ⺄ 一 丨 ㇄"
"cnwstqi3726","junior","N","A","氚","氚","氚","丿 一 一 ⺄ 丿 丨 丨","丿 一 丨 ⺄ 丿 一 丨"
"cnwstqi3727","junior","N","A","牤","牤","牤","丿 一 丨 ㇀ 丶 一 ㇄","丿 一 ㇄ 丶 一 ㇀ 丨"
"cnwstqi3728","junior","N","B","佞","佞","佞","丿 丨 一 𡿨 一 一 丿","丿 丨 一 一 𡿨 丿 一"
"cnwstqi3729","junior","N","B","邱","邱","邱","丿 丨 丨 ㇌ 丨 ㇀ 一","丿 丨 一 丨 ㇀ ㇌ 丨"
"cnwstqi3730","junior","N","A","攸","攸","攸","丿 丨 丨 丿 一 丿 ㇏","丿 丨 ㇏ 丿 丨 丿 一"
"cnwstqi3731","junior","N","A","佚","佚","佚","丿 丨 丿 一 一 丿 ㇏","丿 丨 丿 一 ㇏ 丿 一"
"cnwstqi3732","junior","N","A","佝","佝","佝","丿 丨 丿 𠃌 丨 𠃍 一","丿 丨 丨 一 丿 𠃍 𠃌"
"cnwstqi3733","junior","N","B","佟","佟","佟","丿 丨 ㇏ ㇇ 丶 丿 丶","丿 丨 丿 ㇇ ㇏ 丶 丶"
"cnwstqi3734","junior","N","B","佗","佗","佗","丿 丨 乛 ㇀ 丶 丿 乚","丿 丨 丶 ㇀ 乛 丿 乚"
"cnwstqi3735","junior","N","B","伽","伽","伽","丿 丨 丿 一 𠃍 𠃌 丨","丿 丨 𠃌 丿 丨 𠃍 一"
"cnwstqi3736","junior","N","B","彷","彷","彷","丿 丿 丨 丿 丶 𠃌 一","丿 丿 丨 丶 一 𠃌 丿"
"cnwstqi3737","junior","N","B","佘","佘","佘","丿 ㇏ 丶 一 丿 亅 一","丿 ㇏ 一 一 亅 丿 丶"
"cnwstqi3738","junior","N","B","佥","佥","佥","丿 ㇏ 一 丶 一 丿 丶","丿 ㇏ 一 丶 丶 丿 一"
"cnwstqi3739","junior","N","A","孚","孚","孚","丿 丶 丶 丿 ㇇ 亅 一","丿 丶 ㇇ 丶 亅 一 丿"
"cnwstqi3740","junior","N","A","豸","豸","豸","丿 丶 丶 丿 ㇁ 丿 丿","丿 丶 丿 丶 ㇁ 丿 丿"
"cnwstqi3741","junior","N","A","坌","坌","坌","丿 ㇏ 𠃌 丿 一 丨 一","丿 ㇏ 丿 丨 一 一 𠃌"
"cnwstqi3742","junior","N","A","肟","肟","肟","丿 𠃌 一 一 一 一 ㇉","丿 𠃌 一 一 一 ㇉ 一"
"cnwstqi3743","junior","N","A","邸","邸","邸","丿 𠄌 一 ㇂ 丶 ㇌ 丨","丿 𠄌 丶 ㇂ ㇌ 一 丨"
"cnwstqi3744","junior","N","A","奂","奂","奂","丿 ㇇ 丨 𠃍 一 丿 ㇏","丿 ㇇ 𠃍 丿 丨 ㇏ 一"
"cnwstqi3745","junior","N","B","劬","劬","劬","丿 𠃌 𠃍 𠃌 一 丿 丨","丿 𠃌 丨 𠃍 一 𠃌 丿"
"cnwstqi3746","junior","N","B","狄","狄","狄","丿 ㇁ 丿 ㇏ ㇀ 丿 丿","丿 ㇁ 丿 ㇀ 丿 丿 ㇏"
"cnwstqi3747","junior","N","B","狁","狁","狁","丿 ㇁ 丶 𠃋 丿 乚 丿","丿 ㇁ 丿 𠃋 丶 丿 乚"
"cnwstqi3748","junior","N","A","鸠","鸠","鸠","丿 ⺄ 丿 𠃌 丶 ㇉ 一","丿 ⺄ 一 丶 ㇉ 丿 𠃌"
"cnwstqi3749","junior","N","A","邹","邹","邹","丿 ㇇ 𠃍 一 一 ㇌ 丨","丿 ㇇ 一 ㇌ 一 丨 𠃍"
"cnwstqi3750","junior","N","B","饨","饨","饨","丿 乛 ㇄ 乚 𠄌 丨 一","丿 乛 𠄌 一 ㇄ 丨 乚"
"cnwstqi3751","junior","N","A","饩","饩","饩","丿 乛 𠄌 丿 一 一 ⺄","丿 乛 一 𠄌 一 ⺄ 丿"
"cnwstqi3752","junior","N","A","饪","饪","饪","丿 乛 𠄌 丿 一 丨 一","丿 乛 一 𠄌 一 丿 丨"
"cnwstqi3753","junior","N","A","饫","饫","饫","丿 乛 𠄌 丿 一 丿 ㇏","丿 乛 𠄌 丿 一 ㇏ 丿"
"cnwstqi3754","junior","N","B","饬","饬","饬","丿 乛 丿 一 𠄌 𠃌 丿","丿 乛 𠄌 丿 一 𠃌 丿"
"cnwstqi3755","junior","N","B","亨","亨","亨","丶 一 𠃍 丨 一 亅 ㇇","丶 一 丨 𠃍 一 ㇇ 亅"
"cnwstqi3756","junior","N","B","庑","庑","庑","丶 一 乚 丿 一 丿 一","丶 一 丿 一 一 丿 乚"
"cnwstqi3757","junior","N","B","庋","庋","庋","丶 一 丨 ㇇ ㇏ 一 丿","丶 一 丿 一 丨 ㇇ ㇏"
"cnwstqi3758","junior","N","A","疔","疔","疔","丶 一 丿 丶 ㇀ 一 亅","丶 一 丶 一 ㇀ 丿 亅"
"cnwstqi3759","junior","N","A","疖","疖","疖","丶 一 丿 丶 ㇀ 𠃌 丨","丶 一 丨 ㇀ 丶 𠃌 丿"
"cnwstqi3760","junior","N","A","肓","肓","肓","丶 一 ㇄ 丨 𠃌 一 一","丶 一 一 𠃌 丨 一 ㇄"
"cnwstqi3761","junior","N","B","闱","闱","闱","丶 丨 𠃌 丨 一 一 𠃌","丶 丨 𠃌 一 一 𠃌 丨"
"cnwstqi3762","junior","N","A","闳","闳","闳","丶 丨 𠃌 一 丿 𠃋 丶","丶 丨 一 丶 𠃋 丿 𠃌"
"cnwstqi3763","junior","N","A","闵","闵","闵","丶 丨 𠃌 丶 一 丿 丶","丶 丨 丿 𠃌 一 丶 丶"
"cnwstqi3764","junior","N","A","羌","羌","羌","丶 丿 一 一 一 丿 乚","丶 丿 一 一 丿 一 乚"
"cnwstqi3765","junior","N","B","炀","炀","炀","㇀ 丿 丿 𠄎 丶 丿 丿","㇀ 丿 丿 丶 𠄎 丿 丿"
"cnwstqi3766","junior","N","A","沣","沣","沣","丶 丶 ㇀ 一 一 一 丨","丶 丶 一 一 一 丨 ㇀"
"cnwstqi3767","junior","N","B","沅","沅","沅","丶 丶 丿 乚 一 ㇀ 一","丶 丶 ㇀ 一 一 丿 乚"
"cnwstqi3768","junior","N","B","沔","沔","沔","丶 丶 𠃌 ㇀ 丨 一 ㇄","丶 丶 ㇀ 一 丨 ㇄ 𠃌"
"cnwstqi3769","junior","N","A","沤","沤","沤","丶 丶 ㇀ 一 丿 丶 ㇄","丶 丶 ㇄ 一 丿 ㇀ 丶"
"cnwstqi3770","junior","N","B","沌","沌","沌","丶 丶 ㇄ ㇀ 一 乚 丨","丶 丶 ㇀ 一 ㇄ 丨 乚"
"cnwstqi3771","junior","N","B","沏","沏","沏","丶 丶 丿 一 ㇀ 𠄌 𠃌","丶 丶 ㇀ 一 𠄌 𠃌 丿"
"cnwstqi3772","junior","N","A","沚","沚","沚","丶 丶 ㇀ 丨 一 丨 一","丶 丶 丨 丨 一 一 ㇀"
"cnwstqi3773","junior","N","B","汩","汩","汩","丶 丶 𠃍 丨 一 ㇀ 一","丶 丶 ㇀ 丨 𠃍 一 一"
"cnwstqi3774","junior","N","B","汨","汨","汨","丶 丶 一 丨 𠃍 ㇀ 一","丶 丶 ㇀ 丨 𠃍 一 一"
"cnwstqi3775","junior","N","A","沂","沂","沂","丶 丶 ㇀ 丿 丿 一 丨","丶 丶 丿 丨 丿 一 ㇀"
"cnwstqi3776","junior","N","A","汾","汾","汾","丶 丶 ㇀ 丿 ㇏ 𠃌 丿","丶 丶 ㇏ 𠃌 ㇀ 丿 丿"
"cnwstqi3777","junior","N","B","沨","沨","沨","丶 丶 丶 丿 ⺄ 丿 ㇀","丶 丶 ㇀ 丿 ⺄ 丿 丶"
"cnwstqi3778","junior","N","B","汴","汴","汴","丶 丶 丨 丶 丶 ㇀ 一","丶 丶 ㇀ 丶 一 丨 丶"
"cnwstqi3779","junior","N","B","汶","汶","汶","丶 丶 丶 一 ㇏ 丿 ㇀","丶 丶 ㇀ 丶 一 丿 ㇏"
"cnwstqi3780","junior","N","B","沆","沆","沆","丶 丶 ㇀ ⺄ 丿 丶 一","丶 丶 ㇀ 丶 一 丿 ⺄"
"cnwstqi3781","junior","N","A","沩","沩","沩","丶 丶 ㇀ 丶 丿 𠃌 丶","丶 丶 𠃌 ㇀ 丶 丶 丿"
"cnwstqi3782","junior","N","B","泐","泐","泐","丶 丶 𠃌 丨 ㇀ 丿 ㇌","丶 丶 ㇀ ㇌ 丨 𠃌 丿"
"cnwstqi3783","junior","N","A","怃","怃","怃","㇀ 丶 丨 一 一 丿 乚","㇀ 丶 丿 丨 乚 一 一"
"cnwstqi3784","junior","N","B","怄","怄","怄","㇀ 丶 丿 一 ㇄ 丨 丶","㇀ 丶 丨 一 丿 丶 ㇄"
"cnwstqi3785","junior","N","B","忡","忡","忡","㇀ 丶 一 𠃍 丨 丨 丨","㇀ 丶 丨 丨 𠃍 一 丨"
"cnwstqi3786","junior","N","B","忤","忤","忤","㇀ 丶 丨 一 丨 丿 一","㇀ 丶 丨 丿 一 一 丨"
"cnwstqi3787","junior","N","A","忾","忾","忾","㇀ 丶 丨 丿 一 一 ⺄","㇀ 丶 一 ⺄ 丨 丿 一"
"cnwstqi3788","junior","N","B","怅","怅","怅","㇀ 丶 𠄌 丿 一 丨 ㇏","㇀ 丶 丨 丿 一 𠄌 ㇏"
"cnwstqi3789","junior","N","B","忻","忻","忻","㇀ 丶 丨 一 丨 丿 丿","㇀ 丶 丨 丿 丿 一 丨"
"cnwstqi3790","junior","N","A","忪","忪","忪","㇀ 丶 丨 丿 ㇏ 𠃋 丶","㇀ 丶 ㇏ 丶 丨 丿 𠃋"
"cnwstqi3791","junior","N","A","怆","怆","怆","㇀ 丶 丨 丿 ㇏ 𠃌 乚","㇀ 丶 丨 乚 ㇏ 丿 𠃌"
"cnwstqi3792","junior","N","A","忭","忭","忭","㇀ 丶 丨 丶 一 丨 丶","㇀ 丶 丨 丶 丶 丨 一"
"cnwstqi3793","junior","N","B","忸","忸","忸","㇀ 丶 一 𠃍 丨 一 丨","㇀ 丶 丨 𠃍 丨 一 一"
"cnwstqi3794","junior","N","B","诂","诂","诂","丶 ㇊ 丨 丨 一 一 𠃍","丶 ㇊ 一 丨 丨 𠃍 一"
"cnwstqi3795","junior","N","A","诃","诃","诃","丶 ㇊ 一 丨 𠃍 一 亅","丶 ㇊ 一 亅 丨 一 𠃍"
"cnwstqi3796","junior","N","B","诅","诅","诅","丶 ㇊ 一 丨 一 一 𠃍","丶 ㇊ 丨 𠃍 一 一 一"
"cnwstqi3797","junior","N","B","诋","诋","诋","丶 ㇊ 一 丿 ㇂ 丶 𠄌","丶 ㇊ 丿 𠄌 一 ㇂ 丶"
"cnwstqi3798","junior","N","A","诌","诌","诌","丶 ㇊ 丿 ㇇ 𠃍 一 一","丶 ㇊ 一 丿 ㇇ 一 𠃍"
"cnwstqi3799","junior","N","B","诏","诏","诏","丶 ㇊ 一 丨 丿 𠃌 𠃍","丶 ㇊ 𠃌 丿 丨 𠃍 一"
"cnwstqi3800","junior","N","B","诒","诒","诒","丶 ㇊ 𠃋 𠃍 一 丨 丶","丶 ㇊ 𠃋 丶 丨 𠃍 一"
"cnwstqi3801","junior","N","B","孜","孜","孜","㇇ 亅 ㇀ 一 丿 ㇏ 丿","㇇ 亅 ㇀ 丿 一 丿 ㇏"
"cnwstqi3802","junior","N","B","陇","陇","陇","㇌ 丨 一 乚 丿 丿 丶","㇌ 丨 一 丿 乚 丿 丶"
"cnwstqi3803","junior","N","A","陀","陀","陀","㇌ 丨 丶 ㇀ 乛 丿 乚","㇌ 丨 丿 丶 ㇀ 乚 乛"
"cnwstqi3804","junior","N","B","陂","陂","陂","㇌ 丨 乛 ㇏ ㇇ 丨 丿","㇌ 丨 乛 丿 丨 ㇇ ㇏"
"cnwstqi3805","junior","N","A","陉","陉","陉","㇌ 丨 ㇇ 丶 一 丨 一","㇌ 丨 一 丶 丨 ㇇ 一"
"cnwstqi3806","junior","N","B","妍","妍","妍","𡿨 丿 丿 一 一 一 丨","𡿨 丿 一 一 一 丿 丨"
"cnwstqi3807","junior","N","A","妩","妩","妩","𡿨 丿 一 一 一 丿 乚","𡿨 丿 乚 一 一 一 丿"
"cnwstqi3808","junior","N","A","妪","妪","妪","𡿨 丿 一 一 丿 丶 ㇄","𡿨 丿 一 丶 丿 一 ㇄"
"cnwstqi3809","junior","N","B","妣","妣","妣","𡿨 丿 一 乚 丿 𠄌 一","𡿨 丿 一 一 𠄌 丿 乚"
"cnwstqi3810","junior","N","A","妊","妊","妊","𡿨 丿 一 丿 一 丨 一","𡿨 丿 丿 一 一 一 丨"
"cnwstqi3811","junior","N","B","妗","妗","妗","𡿨 丿 丶 丿 ㇇ ㇏ 一","𡿨 丿 一 丿 ㇏ 丶 ㇇"
"cnwstqi3812","junior","N","A","妫","妫","妫","𡿨 丿 一 丶 丿 𠃌 丶","𡿨 丿 丶 丶 一 𠃌 丿"
"cnwstqi3813","junior","N","A","妞","妞","妞","𡿨 丿 一 𠃍 丨 一 一","𡿨 丿 𠃍 一 丨 一 一"
"cnwstqi3814","junior","N","A","姒","姒","姒","𡿨 丿 一 𠄌 丶 丿 丶","𡿨 丿 丶 𠄌 丿 丶 一"
"cnwstqi3815","junior","N","A","妤","妤","妤","𡿨 丿 一 ㇇ 丶 乛 亅","𡿨 丿 乛 ㇇ 丶 一 亅"
"cnwstqi3816","junior","N","A","邵","邵","邵","𠃌 丿 丨 𠃍 一 ㇌ 丨","𠃌 丿 丨 一 ㇌ 𠃍 丨"
"cnwstqi3817","junior","N","A","劭","劭","劭","𠃌 丿 丨 𠃍 一 𠃌 丿","𠃌 丿 一 𠃍 𠃌 丨 丿"
"cnwstqi3818","junior","N","B","刭","刭","刭","㇇ 丶 丨 一 丨 ㇀ 亅","㇇ 丶 一 丨 ㇀ 丨 亅"
"cnwstqi3819","junior","N","B","甬","甬","甬","㇇ 丶 𠃌 丨 一 一 丨","㇇ 丶 丨 𠃌 一 一 丨"
"cnwstqi3820","junior","N","A","邰","邰","邰","𠃋 丶 丨 𠃍 一 ㇌ 丨","𠃋 丶 ㇌ 丨 一 丨 𠃍"
"cnwstqi3821","junior","N","B","纭","纭","纭","𠃋 𠃋 一 一 ㇀ 𠃋 丶","𠃋 𠃋 ㇀ 一 一 𠃋 丶"
"cnwstqi3822","junior","N","A","纰","纰","纰","𠃋 𠃋 ㇀ 一 𠄌 丿 乚","𠃋 𠃋 乚 ㇀ 丿 𠄌 一"
"cnwstqi3823","junior","N","A","纴","纴","纴","𠃋 𠃋 ㇀ 丿 一 丨 一","𠃋 𠃋 一 一 丿 ㇀ 丨"
"cnwstqi3824","junior","N","A","纶","纶","纶","𠃋 𠃋 ㇀ 丿 ㇏ 丿 乚","𠃋 𠃋 丿 ㇏ ㇀ 乚 丿"
"cnwstqi3825","junior","N","B","纾","纾","纾","𠃋 𠃋 亅 ㇇ 乛 丶 ㇀","𠃋 𠃋 ㇀ ㇇ 丶 乛 亅"
"cnwstqi3826","junior","N","A","玮","玮","玮","一 一 丨 ㇀ 一 一 𠃌 丨","一 一 丨 ㇀ 丨 𠃌 一 一"
"cnwstqi3827","junior","N","A","玡","玡","玡","一 一 丨 ㇀ 一 𠃋 亅 丿","一 一 𠃋 丨 亅 ㇀ 一 丿"
"cnwstqi3828","junior","N","B","玭","玭","玭","一 一 乚 ㇀ 一 丿 丨 𠄌","一 一 丨 ㇀ 一 𠄌 丿 乚"
"cnwstqi3829","junior","N","A","玠","玠","玠","一 一 丨 ㇀ 丿 ㇏ 丿 丨","一 一 ㇀ 丨 丿 丨 ㇏ 丿"
"cnwstqi3830","junior","N","B","玢","玢","玢","一 一 丿 丨 丿 ㇏ 𠃌 ㇀","一 一 丨 ㇀ 丿 ㇏ 𠃌 丿"
"cnwstqi3831","junior","N","A","玥","玥","玥","一 一 丨 ㇀ 丿 𠃌 一 一","一 一 一 丨 丿 一 ㇀ 𠃌"
"cnwstqi3832","junior","N","A","玦","玦","玦","一 一 丨 ㇀ 𠃍 一 丿 ㇏","一 一 丿 丨 ㇀ ㇏ 一 𠃍"
"cnwstqi3833","junior","N","A","盂","盂","盂","一 一 亅 丨 𠃍 丨 丨 一","一 一 𠃍 丨 丨 一 丨 亅"
"cnwstqi3834","junior","N","B","忝","忝","忝","一 一 丶 丿 ㇏ ㇀ 丶 亅","一 一 丿 ㇏ 亅 ㇀ 丶 丶"
"cnwstqi3835","junior","N","B","匦","匦","匦","一 一 ⺄ 丨 ㇄ 丿 ㇀ 𠃋","一 一 𠃋 丨 ㇀ 丿 ⺄ ㇄"
"cnwstqi3836","junior","N","B","坩","坩","坩","一 丨 一 ㇀ 一 一 丨 丨","一 丨 ㇀ 一 丨 丨 一 一"
"cnwstqi3837","junior","N","A","抨","抨","抨","一 亅 ㇀ 一 丶 丿 一 丨","一 亅 ㇀ 丿 一 一 丶 丨"
"cnwstqi3838","junior","N","A","拤","拤","拤","一 亅 ㇀ 丨 一 一 丨 丶","一 亅 ㇀ 一 一 丶 丨 丨"
"cnwstqi3839","junior","N","B","坫","坫","坫","一 丨 一 丨 丨 一 ㇀ 𠃍","一 丨 ㇀ 丨 一 丨 𠃍 一"
"cnwstqi3840","junior","N","A","拈","拈","拈","一 亅 ㇀ 丨 一 丨 𠃍 一","一 亅 ㇀ 丨 丨 一 一 𠃍"
"cnwstqi3841","junior","N","B","垆","垆","垆","一 丨 丨 丿 一 𠃍 ㇀ 一","一 丨 ㇀ 丨 一 𠃍 一 丿"
"cnwstqi3842","junior","N","A","抻","抻","抻","一 亅 ㇀ 丨 𠃍 一 一 丨","一 亅 丨 ㇀ 丨 一 一 𠃍"
"cnwstqi3843","junior","N","B","劼","劼","劼","一 丨 丨 𠃌 丿 一 𠃍 一","一 丨 一 丨 𠃍 一 𠃌 丿"
"cnwstqi3844","junior","N","A","拃","拃","拃","一 亅 ㇀ 丿 一 丨 一 一","一 亅 一 丨 ㇀ 丿 一 一"
"cnwstqi3845","junior","N","B","拊","拊","拊","一 亅 丶 ㇀ 丿 一 丨 亅","一 亅 ㇀ 丿 丨 一 亅 丶"
"cnwstqi3846","junior","N","A","坼","坼","坼","一 丨 ㇀ 丿 丿 一 丨 丶","一 丨 丶 丿 丨 ㇀ 一 丿"
"cnwstqi3847","junior","N","B","坻","坻","坻","一 丨 丿 ㇀ 𠄌 丶 ㇂ 一","一 丨 ㇀ 丿 𠄌 一 ㇂ 丶"
"cnwstqi3848","junior","N","B","㧟","㧟","㧟","一 亅 ㇀ 丶 ㇀ 一 丶 ㇄","一 亅 ㇀ 丶 丶 ㇀ 一 ㇄"
"cnwstqi3849","junior","N","B","坨","坨","坨","一 丨 丶 乚 丿 ㇀ 乛 ㇀","一 丨 ㇀ 丶 ㇀ 乛 丿 乚"
"cnwstqi3850","junior","N","B","坭","坭","坭","一 丨 𠃍 一 ㇀ 乚 丿 丿","一 丨 ㇀ 𠃍 一 丿 丿 乚"
"cnwstqi3851","junior","N","B","抿","抿","抿","一 亅 ㇂ ㇀ 一 一 𠄌 𠃍","一 亅 ㇀ 𠃍 一 𠄌 一 ㇂"
"cnwstqi3852","junior","N","A","坳","坳","坳","一 丨 ㇀ 𠃋 𠃋 丶 𠃌 丿","一 丨 丶 𠃌 ㇀ 丿 𠃋 𠃋"
"cnwstqi3853","junior","N","B","耶","耶","耶","一 丨 丨 丨 ㇀ 一 ㇌ 一","一 丨 丨 一 一 ㇀ ㇌ 丨"
"cnwstqi3854","junior","N","B","苷","苷","苷","一 丨 一 一 丨 丨 丨 一","一 丨 丨 一 丨 丨 一 一"
"cnwstqi3855","junior","N","A","苯","苯","苯","一 丨 丨 一 丨 丿 ㇏ 一","一 丨 丨 一 一 丨 丿 ㇏"
"cnwstqi3856","junior","N","A","苤","苤","苤","一 丨 丨 一 丿 丨 丶 一","一 丨 丨 丶 丨 丿 一 一"
"cnwstqi3857","junior","N","B","茏","茏","茏","一 丨 丶 丿 丨 乚 丿 一","一 丨 丨 一 丿 乚 丿 丶"
"cnwstqi3858","junior","N","A","苫","苫","苫","一 丨 丨 丨 一 丨 𠃍 一","一 丨 一 丨 𠃍 丨 一 丨"
"cnwstqi3859","junior","N","B","苜","苜","苜","一 丨 丨 𠃍 一 丨 一 一","一 丨 丨 丨 𠃍 一 一 一"
"cnwstqi3860","junior","N","B","苴","苴","苴","一 丨 丨 丨 一 一 一 𠃍","一 丨 丨 丨 𠃍 一 一 一"
"cnwstqi3861","junior","N","B","苒","苒","苒","一 丨 一 丨 一 丨 丨 𠃌","一 丨 丨 丨 𠃌 丨 一 一"
"cnwstqi3862","junior","N","A","苘","苘","苘","一 丨 丨 丨 𠃌 丨 𠃍 一","一 丨 𠃍 一 𠃌 丨 丨 丨"
"cnwstqi3863","junior","N","B","茌","茌","茌","一 丨 丿 丨 一 一 丨 丨","一 丨 丨 丿 丨 一 丨 一"
"cnwstqi3864","junior","N","B","苻","苻","苻","一 丨 丨 丿 丶 一 亅 丨","一 丨 丨 丿 丨 一 亅 丶"
"cnwstqi3865","junior","N","B","苓","苓","苓","一 丨 ㇇ 丶 丿 ㇏ 丨 丶","一 丨 丨 丿 ㇏ 丶 ㇇ 丶"
"cnwstqi3866","junior","N","A","茚","茚","茚","一 丨 丨 丿 𠄌 一 𠃌 丨","一 丨 一 丨 𠄌 丿 𠃌 丨"
"cnwstqi3867","junior","N","B","茆","茆","茆","一 丨 𠃌 丿 丿 𠄌 丨 丨","一 丨 丨 丿 𠄌 丿 𠃌 丨"
"cnwstqi3868","junior","N","B","茑","茑","茑","一 丨 𠃌 一 丿 ㇉ 丶 丨","一 丨 丨 丿 𠃌 丶 ㇉ 一"
"cnwstqi3869","junior","N","B","茓","茓","茓","一 丨 ㇏ ㇀ 丨 丶 乛 丿","一 丨 丨 丶 ㇀ 乛 丿 ㇏"
"cnwstqi3870","junior","N","A","茔","茔","茔","一 丨 丨 ㇀ 乛 一 丨 一","一 丨 丨 丨 ㇀ 一 一 乛"
"cnwstqi3871","junior","N","B","茕","茕","茕","一 丨 丨 一 ㇀ 乛 ⺄ 丨","一 丨 丨 ㇀ 乛 ⺄ 一 丨"
"cnwstqi3872","junior","N","B","茀","茀","茀","一 丨 丨 ㇉ 一 丨 𠃍 丿","一 丨 丨 𠃍 一 ㇉ 丿 丨"
"cnwstqi3873","junior","N","A","苕","苕","苕","一 丨 丨 𠃌 丿 丨 𠃍 一","一 丨 𠃍 丨 一 𠃌 丿 丨"
"cnwstqi3874","junior","N","A","枥","枥","枥","一 丨 丿 丶 一 丿 𠃌 丿","一 丨 一 𠃌 丿 丿 丿 丶"
"cnwstqi3875","junior","N","B","枇","枇","枇","一 丨 丿 乚 𠄌 一 丿 丶","一 丨 丿 丶 一 𠄌 丿 乚"
"cnwstqi3876","junior","N","B","杪","杪","杪","一 丨 丶 丶 丿 丿 丿 丨","一 丨 丿 丶 丨 丿 丶 丿"
"cnwstqi3877","junior","N","B","杳","杳","杳","一 丨 𠃍 丨 丿 一 一 ㇏","一 丨 丿 ㇏ 丨 𠃍 一 一"
"cnwstqi3878","junior","N","B","枧","枧","枧","一 丨 丨 丿 𠃍 丶 乚 丿","一 丨 丿 丶 丨 𠃍 丿 乚"
"cnwstqi3879","junior","N","B","杵","杵","杵","一 丨 一 丶 丨 一 丿 丿","一 丨 丿 丶 丿 一 一 丨"
"cnwstqi3880","junior","N","B","枨","枨","枨","一 丨 丿 𠄌 ㇏ 丿 丶 一","一 丨 丿 丶 丿 一 𠄌 ㇏"
"cnwstqi3881","junior","N","B","枞","枞","枞","一 丨 丶 丿 丿 丶 丿 ㇏","一 丨 丿 丶 丿 丶 丿 ㇏"
"cnwstqi3882","junior","N","B","枋","枋","枋","一 丨 丿 𠃌 丿 丶 丶 一","一 丨 丿 丶 丶 一 𠃌 丿"
"cnwstqi3883","junior","N","A","杻","杻","杻"," 丨 丿 丶 𠃍 丨 一 一"," 丨 一 丨 一 丿 𠃍 丶"
"cnwstqi3884","junior","N","B","杷","杷","杷","一 丨 丿 一 丶 乚 𠃍 丨","一 丨 丿 丶 𠃍 丨 一 乚"
"cnwstqi3885","junior","N","B","杼","杼","杼","一 丨 ㇇ 乛 丶 丶 亅 丿","一 丨 丿 丶 ㇇ 丶 乛 亅"
"cnwstqi3886","junior","N","A","矸","矸","矸","一 丿 丨 𠃍 一 一 一 丨","一 丿 一 丨 一 一 𠃍 丨"
"cnwstqi3887","junior","N","B","砀","砀","砀","一 丿 丨 丿 𠃍 𠄎 一 丿","一 丿 丨 𠃍 一 𠄎 丿 丿"
"cnwstqi3888","junior","N","A","刳","刳","刳","一 丿 丶 一 一 ㇉ 丨 亅","一 丿 一 亅 一 ㇉ 丨 丶"
"cnwstqi3889","junior","N","A","奄","奄","奄","一 丿 ㇏ 丨 𠃍 一 一 乚","一 丿 一 一 丨 ㇏ 𠃍 乚"
"cnwstqi3890","junior","N","A","瓯","瓯","瓯","一 丿 丶 ㇄ 一 𠄌 ⺄ 丶","一 丿 ⺄ 𠄌 丶 一 丶 ㇄"
"cnwstqi3891","junior","N","A","殁","殁","殁","一 丿 ㇇ 丶 丿 ㇍ ㇇ ㇏","一 丿 ㇍ ㇏ ㇇ 丿 丶 ㇇"
"cnwstqi3892","junior","N","A","郏","郏","郏","一 丶 丿 一 丿 丶 ㇌ 丨","一 丶 ㇌ 丿 丿 丶 丨 一"
"cnwstqi3893","junior","N","A","轭","轭","轭","一 𠃋 丨 ㇀ 一 丿 𠃌 乚","一 𠃋 𠃌 一 丨 乚 丿 ㇀"
"cnwstqi3894","junior","N","B","郅","郅","郅","一 𠃋 丨 ㇀ 丶 一 ㇌ 丨","一 𠃋 丶 一 丨 ㇀ ㇌ 丨"
"cnwstqi3895","junior","N","A","鸢","鸢","鸢","一 ㇃ 丶 丿 𠃌 丶 ㇉ 一","一 ㇃ 丿 丶 ㇉ 𠃌 一 丶"
"cnwstqi3896","junior","N","B","盱","盱","盱","丨 𠃍 亅 一 一 一 一 一","丨 𠃍 一 一 一 一 一 亅"
"cnwstqi3897","junior","N","B","昊","昊","昊","丨 𠃍 丿 一 一 一 ㇏ 一","丨 𠃍 一 一 一 一 丿 ㇏"
"cnwstqi3898","junior","N","B","昙","昙","昙","丨 𠃍 𠃋 一 一 一 一 丶","丨 𠃍 一 一 一 一 𠃋 丶"
"cnwstqi3899","junior","N","A","杲","杲","杲","丨 𠃍 一 一 一 丨 丿 ㇏","丨 𠃍 丿 丨 一 一 ㇏ 一"
"cnwstqi3900","junior","N","B","昃","昃","昃","丨 𠃍 一 ㇏ 一 一 丿 丿","丨 𠃍 一 一 一 丿 丿 ㇏"
"cnwstqi3901","junior","N","A","咂","咂","咂","丨 𠃍 一 一 丨 𠃌 丨 ㇄","丨 𠃍 丨 ㇄ 𠃌 一 丨 一"
"cnwstqi3902","junior","N","A","呸","呸","呸","丨 𠃍 一 一 丿 丨 丶 一","丨 𠃍 丨 一 一 一 丶 丿"
"cnwstqi3903","junior","N","A","昕","昕","昕","丨 𠃍 一 一 丿 丿 一 丨","丨 𠃍 丿 一 丨 丿 一 一"
"cnwstqi3904","junior","N","A","昀","昀","昀","丨 𠃍 一 一 丿 𠃌 丶 ㇀","丨 𠃍 丶 一 ㇀ 丿 𠃌 一"
"cnwstqi3905","junior","N","B","旻","旻","旻","丨 𠃍 一 一 ㇏ 一 丿 丶","丨 𠃍 一 一 丶 一 丿 ㇏"
"cnwstqi3906","junior","N","A","昉","昉","昉","丨 𠃍 一 一 丶 一 𠃌 丿","丨 𠃍 𠃌 一 一 丿 丶 一"
"cnwstqi3907","junior","N","A","炅","炅","炅","丨 𠃍 一 一 ㇀ 丿 丿 ㇏","丨 𠃍 丿 ㇀ 一 一 丿 ㇏"
"cnwstqi3908","junior","N","B","咔","咔","咔","丨 𠃍 丨 丶 丨 一 一 一","丨 𠃍 一 丨 一 一 丨 丶"
"cnwstqi3909","junior","N","B","畀","畀","畀","丨 𠃍 丨 丿 一 一 一 丨","丨 𠃍 一 丨 一 一 丿 丨"
"cnwstqi3910","junior","N","A","虮","虮","虮","丨 𠃍 一 丨 一 丶 丿 ⺄","丨 𠃍 丶 一 丿 ⺄ 一 丨"
"cnwstqi3911","junior","N","A","咀","咀","咀","丨 𠃍 一 丨 𠃍 一 一 一","丨 𠃍 𠃍 一 一 一 一 丨"
"cnwstqi3912","junior","N","B","呷","呷","呷","丨 𠃍 丨 一 𠃍 一 一 丨","丨 𠃍 一 丨 𠃍 一 一 丨"
"cnwstqi3913","junior","N","B","黾","黾","黾","丨 𠃍 一 乚 𠃍 丨 一 一","丨 𠃍 一 丨 𠃍 一 一 乚"
"cnwstqi3914","junior","N","A","呱","呱","呱","丨 𠃍 一 丿 丿 𠄌 丶 ㇏","丨 𠃍 丿 丶 ㇏ 𠄌 丿 一"
"cnwstqi3915","junior","N","A","呤","呤","呤","丨 𠃍 一 丿 ㇏ 丶 ㇇ 丶","丨 𠃍 丶 ㇇ 一 ㇏ 丿 丶"
"cnwstqi3916","junior","N","A","咚","咚","咚","丨 𠃍 一 丿 ㇇ ㇏ 丶 丶","丨 𠃍 ㇇ 丿 丶 ㇏ 一 丶"
"cnwstqi3917","junior","N","B","咆","咆","咆","丨 𠃍 乚 丿 一 𠃌 一 𠃍","丨 𠃍 一 丿 𠃌 𠃍 一 乚"
"cnwstqi3918","junior","N","A","咛","咛","咛","丨 𠃍 一 丶 ㇀ 乛 一 亅","丨 𠃍 亅 乛 一 丶 ㇀ 一"
"cnwstqi3919","junior","N","B","呶","呶","呶","丨 𠃍 丿 𡿨 ㇇ ㇏ 一 一","丨 𠃍 一 𡿨 丿 一 ㇇ ㇏"
"cnwstqi3920","junior","N","A","呣","呣","呣","丨 𠃍 一 ㇄ 𠃌 丶 一 丶","丨 𠃍 丶 ㇄ 丶 一 𠃌 一"
"cnwstqi3921","junior","N","A","呦","呦","呦","丨 𠃍 一 𠃋 𠃋 丶 𠃌 丿","丨 𠃍 丶 𠃋 一 𠃌 丿 𠃋"
"cnwstqi3922","junior","N","B","咝","咝","咝","丨 𠃍 𠃋 𠃋 𠃋 一 𠃋 一","丨 𠃍 一 𠃋 𠃋 𠃋 𠃋 一"
"cnwstqi3923","junior","N","A","岢","岢","岢","丨 ㇄ 丨 一 丨 𠃍 一 亅","丨 ㇄ 丨 一 𠃍 丨 亅 一"
"cnwstqi3924","junior","N","A","岿","岿","岿","丨 ㇄ 丨 丨 丿 𠃍 一 一","丨 ㇄ 一 一 丨 丿 丨 𠃍"
"cnwstqi3925","junior","N","B","岬","岬","岬","丨 ㇄ 一 𠃍 丨 丨 丨 一","丨 ㇄ 丨 丨 𠃍 一 一 丨"
"cnwstqi3926","junior","N","B","岫","岫","岫","丨 ㇄ 𠃍 丨 一 丨 丨 一","丨 ㇄ 丨 丨 𠃍 一 丨 一"
"cnwstqi3927","junior","N","B","帙","帙","帙","丨 𠃌 丿 一 丨 ㇏ 丿 一","丨 𠃌 丨 丿 一 一 丿 ㇏"
"cnwstqi3928","junior","N","B","岣","岣","岣","丨 ㇄ 丨 𠃍 一 丿 丨 𠃌","丨 ㇄ 丨 丿 𠃌 丨 𠃍 一"
"cnwstqi3929","junior","N","A","峁","峁","峁","丨 ㇄ 丨 丿 𠄌 丿 𠃌 丨","丨 ㇄ 丨 丨 𠃌 𠄌 丿 丿"
"cnwstqi3930","junior","N","A","刿","刿","刿","丨 ㇄ 丨 丿 ㇇ 丶 丨 亅","丨 ㇄ 丨 ㇇ 亅 丶 丿 丨"
"cnwstqi3931","junior","N","B","迥","迥","迥","丨 𠃌 丨 ㇏ 丶 𠃍 ㇋ 一","丨 𠃌 丨 𠃍 一 丶 ㇋ ㇏"
"cnwstqi3932","junior","N","A","岷","岷","岷","丨 ㇄ 丨 𠃍 一 𠄌 一 ㇂","丨 ㇄ 𠃍 一 一 𠄌 ㇂ 丨"
"cnwstqi3933","junior","N","B","剀","剀","剀","丨 ㇄ 丨 一 𠄌 𠃍 亅 丨","丨 ㇄ 丨 𠃍 一 𠄌 丨 亅"
"cnwstqi3934","junior","N","A","帔","帔","帔","丨 𠃌 丨 乛 丿 丨 ㇇ ㇏","丨 𠃌 ㇏ 丿 丨 ㇇ 乛 丨"
"cnwstqi3935","junior","N","A","峄","峄","峄","丨 ㇄ 丨 ㇇ ㇏ 一 一 丨","丨 ㇄ 一 ㇏ 丨 一 ㇇ 丨"
"cnwstqi3936","junior","N","A","沓","沓","沓","亅 ㇇ 丿 ㇏ 丨 𠃍 一 一","亅 ㇇ 丨 𠃍 丿 一 ㇏ 一"
"cnwstqi3937","junior","N","A","囹","囹","囹","丨 𠃍 丿 ㇏ 丶 ㇇ 丶 一","丨 𠃍 丶 ㇏ 丿 一 丶 ㇇"
"cnwstqi3938","junior","N","B","罔","罔","罔","丨 𠃌 丶 丿 丶 一 一 ㇄","丨 𠃌 丶 丿 一 丶 一 ㇄"
"cnwstqi3939","junior","N","B","钍","钍","钍","丿 一 一 一 丨 一 一 𠄌","丿 一 一 一 𠄌 一 丨 一"
"cnwstqi3940","junior","N","A","钎","钎","钎","丿 一 一 一 𠄌 丿 一 丨","丿 一 丨 𠄌 一 一 一 丿"
"cnwstqi3941","junior","N","A","钏","钏","钏","丿 一 一 一 𠄌 丿 丨 丨","丿 一 𠄌 丨 丿 丨 一 一"
"cnwstqi3942","junior","N","A","钒","钒","钒","丿 一 一 一 𠄌 丿 ⺄ 丶","丿 一 丿 一 丶 ⺄ 一 𠄌"
"cnwstqi3943","junior","N","A","钕","钕","钕","丿 一 一 一 𠄌 𡿨 丿 一","丿 一 一 丿 𡿨 𠄌 一 一"
"cnwstqi3944","junior","N","A","钗","钗","钗","丿 一 一 一 𠄌 ㇇ ㇏ 丶","丿 一 一 ㇏ 一 丶 𠄌 ㇇"
"cnwstqi3945","junior","N","A","邾","邾","邾","丿 一 一 丨 丿 丶 ㇌ 丨","丿 一 一 丨 ㇌ 丶 丨 丿"
"cnwstqi3946","junior","N","B","迮","迮","迮","丿 一 丶 一 ㇏ ㇋ 一 丨","丿 一 丨 一 一 丶 ㇋ ㇏"
"cnwstqi3947","junior","N","B","牦","牦","牦","丿 一 乚 丿 一 ㇀ 丨 一","丿 一 丨 ㇀ 丿 一 一 乚"
"cnwstqi3948","junior","N","B","竺","竺","竺","丿 一 丶 丶 一 丿 一 一","丿 一 丶 丿 一 丶 一 一"
"cnwstqi3949","junior","N","A","迤","迤","迤","丿 一 𠃌 丨 乚 丶 ㇋ ㇏","丿 一 ㇏ 乚 丶 丨 𠃌 ㇋"
"cnwstqi3950","junior","N","A","佶","佶","佶","丿 丨 一 丨 一 丨 𠃍 一","丿 丨 一 一 一 丨 丨 𠃍"
"cnwstqi3951","junior","N","A","佬","佬","佬","丿 丨 一 丨 一 丿 丿 乚","丿 丨 丿 乚 一 丨 一 丿"
"cnwstqi3952","junior","N","B","佰","佰","佰","丿 丨 一 丿 𠃍 一 丨 一","丿 丨 一 丿 丨 𠃍 一 一"
"cnwstqi3953","junior","N","A","侑","侑","侑","丿 丨 一 丿 丨 𠃌 一 一","丿 丨 丿 𠃌 丨 一 一 一"
"cnwstqi3954","junior","N","B","侉","侉","侉","丿 丨 一 ㇏ 丿 一 一 ㇉","丿 丨 一 丿 ㇏ 一 一 ㇉"
"cnwstqi3955","junior","N","B","臾","臾","臾","丿 丨 丿 ㇏ 𠃍 一 一 一","丿 丨 一 𠃍 一 一 丿 ㇏"
"cnwstqi3956","junior","N","B","岱","岱","岱","丿 丨 一 丨 丨 ㇄ 丶 ㇂","丿 丨 一 ㇂ 丶 丨 ㇄ 丨"
"cnwstqi3957","junior","N","B","侗","侗","侗","丿 丨 𠃍 丨 一 丨 一 𠃌","丿 丨 丨 𠃌 一 丨 𠃍 一"
"cnwstqi3958","junior","N","A","侃","侃","侃","丿 丨 丨 𠃍 一 丿 丨 乚","丿 丨 一 丨 丿 乚 丨 𠃍"
"cnwstqi3959","junior","N","B","侏","侏","侏","丿 丨 丿 丨 一 一 丿 ㇏","丿 丨 丿 一 一 丨 丿 ㇏"
"cnwstqi3960","junior","N","A","侩","侩","侩","丿 丨 丿 ㇏ 一 一 𠃋 丶","丿 丨 丶 一 𠃋 ㇏ 丿 一"
"cnwstqi3961","junior","N","B","佻","佻","佻","丿 丨 丶 丿 丿 乚 ㇀ 丶","丿 丨 丿 丶 ㇀ 乚 丿 丶"
"cnwstqi3962","junior","N","B","佾","佾","佾","丿 丨 ㇏ 一 丿 𠃌 丨 一","丿 丨 丿 ㇏ 丨 𠃌 一 一"
"cnwstqi3963","junior","N","A","侪","侪","侪","丿 丨 丶 一 丿 ㇏ 丿 丨","丿 丨 一 ㇏ 丿 丨 丿 丶"
"cnwstqi3964","junior","N","B","佼","佼","佼","丿 丨 丿 ㇏ 丿 丶 一 丶","丿 丨 丶 一 丿 丶 丿 ㇏"
"cnwstqi3965","junior","N","A","佯","佯","佯","丿 丨 丶 丿 一 一 一 丨","丿 丨 一 丶 一 丨 丿 一"
"cnwstqi3966","junior","N","B","侬","侬","侬","丿 丨 ㇀ 丿 丿 ㇏ 乛 𠄌","丿 丨 ㇀ 乛 丿 𠄌 丿 ㇏"
"cnwstqi3967","junior","N","B","帛","帛","帛","丿 丨 𠃍 丨 𠃌 一 丨 一","丿 丨 𠃍 一 一 丨 𠃌 丨"
"cnwstqi3968","junior","N","B","阜","阜","阜","丿 丨 一 𠃍 𠃍 一 一 丨","丿 丨 𠃍 一 𠃍 一 一 丨"
"cnwstqi3969","junior","N","B","侔","侔","侔","丿 丨 丿 𠃋 一 丶 一 丨","丿 丨 𠃋 丶 丿 一 一 丨"
"cnwstqi3970","junior","N","B","徂","徂","徂","丿 丿 一 丨 一 𠃍 一 丨","丿 丿 丨 丨 𠃍 一 一 一"
"cnwstqi3971","junior","N","B","刽","刽","刽","丿 丶 一 丶 一 丨 亅 𠃋","丿 丶 一 一 𠃋 丶 丨 亅"
"cnwstqi3972","junior","N","A","郄","郄","郄","丿 丶 一 丿 𠃋 丶 ㇌ 丨","丿 丶 ㇌ 一 丶 𠃋 丨 丿"
"cnwstqi3973","junior","N","B","怂","怂","怂","丿 丶 丶 ㇀ 丶 ㇏ ㇃ 丿","丿 丶 丿 ㇏ ㇀ ㇃ 丶 丶"
"cnwstqi3974","junior","N","A","籴","籴","籴","丿 ㇏ 丶 丿 一 丨 丿 ㇏","丿 ㇏ 丶 丿 ㇏ 一 丨 丿"
"cnwstqi3975","junior","N","B","瓮","瓮","瓮","丿 ㇏ ⺄ 𠄌 丶 丶 𠃋 一","丿 ㇏ 𠃋 丶 一 𠄌 ⺄ 丶"
"cnwstqi3976","junior","N","B","戗","戗","戗","丿 丶 丶 乚 丿 𠃌 一 ㇂","丿 丶 𠃌 乚 一 ㇂ 丿 丶"
"cnwstqi3977","junior","N","B","肼","肼","肼","丿 𠃌 丨 一 丿 一 一 一","丿 𠃌 一 一 一 一 丿 丨"
"cnwstqi3978","junior","N","A","䏝","䏝","䏝","丿 𠃌 一 一 一 一 ㄣ 丶","丿 𠃌 丶 一 ㄣ 一 一 一"
"cnwstqi3979","junior","N","A","肽","肽","肽","丿 𠃌 一 一 一 丿 ㇏ 丶","丿 𠃌 丿 丶 一 ㇏ 一 一"
"cnwstqi3980","junior","N","B","肱","肱","肱","丿 𠃌 丿 𠃋 一 一 丶 一","丿 𠃌 一 一 一 丿 𠃋 丶"
"cnwstqi3981","junior","N","B","肫","肫","肫","丿 𠃌 丨 乚 一 ㇄ 一 一","丿 𠃌 一 一 一 ㇄ 丨 乚"
"cnwstqi3982","junior","N","B","剁","剁","剁","丿 ㇍ 亅 一 丿 丨 丶 丨","丿 ㇍ 一 丨 丿 丶 丨 亅"
"cnwstqi3983","junior","N","A","迩","迩","迩","丿 乛 亅 丿 丶 丶 ㇋ ㇏","丿 乛 丶 丶 丿 ㇏ ㇋ 亅"
"cnwstqi3984","junior","N","A","郇","郇","郇","丿 𠃌 丨 𠃍 一 一 ㇌ 丨","丿 𠃌 𠃍 一 丨 一 ㇌ 丨"
"cnwstqi3985","junior","N","A","狙","狙","狙","丿 ㇁ 丿 丨 𠃍 一 一 一","丿 ㇁ 一 一 一 丨 𠃍 丿"
"cnwstqi3986","junior","N","B","狎","狎","狎","丿 ㇁ 丨 丨 一 𠃍 丿 一","丿 ㇁ 丿 丨 𠃍 一 一 丨"
"cnwstqi3987","junior","N","B","狍","狍","狍","丿 ㇁ 𠃌 𠃍 乚 一 丿 丿","丿 ㇁ 丿 丿 𠃌 𠃍 一 乚"
"cnwstqi3988","junior","N","A","狒","狒","狒","丿 ㇁ 丿 𠃍 一 ㇉ 丿 丨","丿 ㇁ 丨 丿 丿 ㇉ 𠃍 一"
"cnwstqi3989","junior","N","A","咎","咎","咎","丿 ㇇ ㇏ 丨 丶 丨 𠃍 一","丿 ㇇ 𠃍 ㇏ 丨 一 丶 丨"
"cnwstqi3990","junior","N","B","炙","炙","炙","丿 ㇇ 丿 丶 丶 ㇏ 丿 ㇀","丿 ㇇ 丶 丶 ㇀ 丿 丿 ㇏"
"cnwstqi3991","junior","N","B","枭","枭","枭","丿 𠃌 一 ㇏ 丿 丨 丶 ㇉","丿 𠃌 丶 ㇉ 一 丨 丿 ㇏"
"cnwstqi3992","junior","N","B","饯","饯","饯","丿 乛 一 一 丶 𠄌 丿 ㇂","丿 乛 𠄌 一 一 ㇂ 丿 丶"
"cnwstqi3993","junior","N","B","饴","饴","饴","丿 乛 𠄌 𠃍 𠃋 丶 丨 一","丿 乛 𠄌 𠃋 丶 丨 𠃍 一"
"cnwstqi3994","junior","N","B","冽","冽","冽","丶 ㇀ 一 亅 ㇇ 丶 丨 丿","丶 ㇀ 一 丿 ㇇ 丶 丨 亅"
"cnwstqi3995","junior","N","A","冼","冼","冼","丶 ㇀ 丿 一 丨 一 丿 乚","丶 ㇀ 丿 一 乚 丿 丨 一"
"cnwstqi3996","junior","N","A","庖","庖","庖","丶 一 丿 丿 𠃌 𠃍 一 乚","丶 一 𠃌 丿 𠃍 丿 一 乚"
"cnwstqi3997","junior","N","A","疠","疠","疠","丶 一 丿 丶 ㇀ 一 𠃌 丿","丶 一 一 丿 丶 丿 𠃌 ㇀"
"cnwstqi3998","junior","N","A","疝","疝","疝","丶 一 丿 丶 ㇀ 丨 ㇄ 丨","丶 一 丨 丶 丿 丨 ㇄ ㇀"
"cnwstqi3999","junior","N","B","疡","疡","疡","丶 一 丿 丿 丶 ㇀ 丿 𠄎","丶 一 丿 丶 ㇀ 𠄎 丿 丿"
"cnwstqi4000","junior","N","A","兖","兖","兖","丶 一 丿 丶 𠃋 丶 丿 乚","丶 一 乚 丶 丿 丿 丶 𠃋"
"cnwstqi4001","junior","N","B","妾","妾","妾","丶 一 一 丶 丿 一 𡿨 丿","丶 一 丶 丿 一 𡿨 丿 一"
"cnwstqi4002","junior","N","B","劾","劾","劾","丶 一 𠃋 丶 丿 𠃌 丿 丿","丶 一 𠃋 丿 丿 丶 𠃌 丿"
"cnwstqi4003","junior","N","A","炜","炜","炜","㇀ 丿 丿 丶 一 一 𠃌 丨","㇀ 丿 一 𠃌 丶 一 丿 丨"
"cnwstqi4004","junior","N","B","𬉼","𬉼","𬉼","㇀ 丿 丶 丶 丿 ㇄ 一 丿","㇀ 丿 丿 丶 一 丿 丶 ㇄"
"cnwstqi4005","junior","N","A","炖","炖","炖","㇀ 丿 丿 丶 一 ㇄ 丨 乚","㇀ 丿 丿 丶 ㇄ 一 丨 乚"
"cnwstqi4006","junior","N","B","炘","炘","炘","㇀ 丿 丿 丶 丿 丨 一 丿","㇀ 丿 丿 丶 丿 丿 一 丨"
"cnwstqi4007","junior","N","B","炝","炝","炝","㇀ 丿 乚 丿 ㇏ 丶 𠃌 丿","㇀ 丿 丿 丶 丿 ㇏ 𠃌 乚"
"cnwstqi4008","junior","N","A","炔","炔","炔","㇀ 丿 丿 丶 𠃍 一 丿 ㇏","㇀ 丿 𠃍 丿 丶 ㇏ 丿 一"
"cnwstqi4009","junior","N","B","泔","泔","泔","丶 丶 丨 一 丨 ㇀ 一 一","丶 丶 ㇀ 一 丨 丨 一 一"
"cnwstqi4010","junior","N","B","沭","沭","沭","丶 丶 丿 丶 ㇀ 一 ㇏ 丨","丶 丶 ㇀ 一 丨 丿 ㇏ 丶"
"cnwstqi4011","junior","N","B","泷","泷","泷","丶 丶 ㇀ 丿 乚 丶 丿 一","丶 丶 ㇀ 一 丿 乚 丿 丶"
"cnwstqi4012","junior","N","A","泸","泸","泸","丶 丶 ㇀ 丨 一 𠃍 一 丿","丶 丶 ㇀ 丨 一 丿 𠃍 一"
"cnwstqi4013","junior","N","B","泱","泱","泱","丶 丶 丨 一 丿 ㇏ 𠃍 ㇀","丶 丶 ㇀ 丨 𠃍 一 丿 ㇏"
"cnwstqi4014","junior","N","B","泅","泅","泅","丶 丶 𠃍 一 丨 ㇀ 丿 丶","丶 丶 ㇀ 丨 𠃍 丿 丶 一"
"cnwstqi4015","junior","N","A","泗","泗","泗","丶 丶 ㇀ 丨 𠃍 丿 ㇄ 一","丶 丶 丿 ㇄ 𠃍 ㇀ 丨 一"
"cnwstqi4016","junior","N","B","泠","泠","泠","丶 丶 丿 ㇀ 丶 ㇏ 丶 ㇇","丶 丶 ㇀ 丿 ㇏ 丶 ㇇ 丶"
"cnwstqi4017","junior","N","B","泺","泺","泺","丶 丶 丿 丶 ㇀ ㇄ 亅 丿","丶 丶 ㇀ 丿 ㇄ 亅 丿 丶"
"cnwstqi4018","junior","N","A","泖","泖","泖","丶 丶 ㇀ 丿 𠄌 丿 𠃌 丨","丶 丶 丿 丨 𠃌 𠄌 丿 ㇀"
"cnwstqi4019","junior","N","A","泫","泫","泫","丶 丶 ㇀ 丶 一 𠃋 𠃋 丶","丶 丶 𠃋 ㇀ 丶 丶 一 𠃋"
"cnwstqi4020","junior","N","B","泮","泮","泮","丶 丶 丶 一 一 丿 ㇀ 丨","丶 丶 ㇀ 丶 丿 一 一 丨"
"cnwstqi4021","junior","N","B","沱","沱","沱","丶 丶 丶 乛 乚 ㇀ ㇀ 丿","丶 丶 ㇀ 丶 ㇀ 乛 丿 乚"
"cnwstqi4022","junior","N","B","泯","泯","泯","丶 丶 𠄌 𠃍 一 ㇂ ㇀ 一","丶 丶 ㇀ 𠃍 一 𠄌 一 ㇂"
"cnwstqi4023","junior","N","A","泓","泓","泓","丶 丶 ㇀ 𠃍 一 ㇉ 𠃋 丶","丶 丶 ㇀ ㇉ 𠃍 丶 𠃋 一"
"cnwstqi4024","junior","N","A","泾","泾","泾","丶 丶 ㇀ ㇇ 丶 一 丨 一","丶 丶 丨 ㇀ 一 ㇇ 丶 一"
"cnwstqi4025","junior","N","B","怙","怙","怙","㇀ 丶 丨 𠃍 丨 一 丨 一","㇀ 丶 丨 一 丨 丨 𠃍 一"
"cnwstqi4026","junior","N","A","怵","怵","怵","㇀ 丶 丨 一 丨 丿 ㇏ 丶","㇀ 丶 丨 一 丨 丿 丶 ㇏"
"cnwstqi4027","junior","N","A","怦","怦","怦","㇀ 丶 丨 一 丶 丿 一 丨","㇀ 丶 丨 丶 一 一 丿 丨"
"cnwstqi4028","junior","N","B","怛","怛","怛","㇀ 丶 𠃍 丨 一 一 丨 一","㇀ 丶 丨 丨 𠃍 一 一 一"
"cnwstqi4029","junior","N","B","怏","怏","怏","㇀ 丶 一 丿 丨 ㇏ 丨 𠃍","㇀ 丶 丨 丨 𠃍 一 丿 ㇏"
"cnwstqi4030","junior","N","A","怍","怍","怍","㇀ 丶 丨 丿 一 丨 一 一","㇀ 丶 一 丨 一 丿 一 丨"
"cnwstqi4031","junior","N","B","㤘","㤘","㤘","㇀ 丶 ㇇ 一 丨 𠃍 一 丿","㇀ 丶 丨 丿 ㇇ 𠃍 一 一"
"cnwstqi4032","junior","N","A","怩","怩","怩","㇀ 丶 丨 𠃍 一 丿 丿 乚","㇀ 丶 𠃍 丿 一 丿 乚 丨"
"cnwstqi4033","junior","N","A","怫","怫","怫","㇀ 丶 丨 𠃍 一 ㇉ 丿 丨","㇀ 丶 丿 𠃍 丨 一 ㇉ 丨"
"cnwstqi4034","junior","N","B","怿","怿","怿","㇀ 丶 丨 丨 ㇇ 一 ㇏ 一","㇀ 丶 丨 ㇇ ㇏ 一 一 丨"
"cnwstqi4035","junior","N","A","宕","宕","宕","丶 ㇀ 乛 一 丿 丨 𠃍 一","丶 ㇀ 丨 丿 𠃍 一 一 乛"
"cnwstqi4036","junior","N","B","穹","穹","穹","丶 ㇀ 乛 ㇉ 𠃍 丿 丶 一","丶 ㇀ 乛 丿 丶 𠃍 一 ㇉"
"cnwstqi4037","junior","N","A","宓","宓","宓","丶 ㇀ 乛 ㇀ ㇃ 丶 丿 丶","丶 ㇀ ㇀ 乛 丶 丿 丶 ㇃"
"cnwstqi4038","junior","N","A","诓","诓","诓","丶 ㇊ 一 一 一 丨 一 ㇄","丶 ㇊ 丨 一 ㇄ 一 一 一"
"cnwstqi4039","junior","N","A","诔","诔","诔","丶 ㇊ 一 一 一 丨 丿 ㇏","丶 ㇊ 丿 一 一 一 丨 ㇏"
"cnwstqi4040","junior","N","A","诖","诖","诖","丶 ㇊ 一 丨 一 一 丨 一","丶 ㇊ 一 一 丨 丨 一 一"
"cnwstqi4041","junior","N","A","诘","诘","诘","丶 ㇊ 一 丨 一 丨 𠃍 一","丶 ㇊ 一 一 一 丨 𠃍 丨"
"cnwstqi4042","junior","N","B","戾","戾","戾","丶 𠃍 一 一 丿 丶 丿 ㇏","丶 𠃍 一 丿 一 丿 ㇏ 丶"
"cnwstqi4043","junior","N","A","诙","诙","诙","丶 ㇊ 一 丿 ㇀ 丿 丿 ㇏","丶 ㇊ ㇏ 丿 一 丿 ㇀ 丿"
"cnwstqi4044","junior","N","B","戽","戽","戽","丶 𠃍 丿 一 丶 丨 一 丶","丶 𠃍 一 丿 丶 丶 一 丨"
"cnwstqi4045","junior","N","B","郓","郓","郓","㇀ 乛 一 𠃋 丨 ㇀ 丨 ㇌","㇀ 乛 一 𠃋 丨 ㇀ ㇌ 丨"
"cnwstqi4046","junior","N","B","衩","衩","衩","丶 ㇇ ㇇ ㇏ 丶 丶 丨 丿","丶 ㇇ 丨 丿 丶 ㇇ ㇏ 丶"
"cnwstqi4047","junior","N","A","祆","祆","祆","丶 ㇇ 丨 丶 一 一 丿 ㇏","丶 ㇇ 丶 丨 ㇏ 丿 一 一"
"cnwstqi4048","junior","N","A","祎","祎","祎","丶 ㇇ 丨 丶 一 一 𠃌 丨","丶 ㇇ 一 𠃌 丨 一 丨 丶"
"cnwstqi4049","junior","N","B","祉","祉","祉","丶 ㇇ 丨 丨 丶 一 一 丨","丶 ㇇ 丨 丶 丨 一 丨 一"
"cnwstqi4050","junior","N","B","祇","祇","祇","丶 ㇇ 𠄌 丶 一 ㇂ 丿 丨","丶 ㇇ 丨 丶 丿 𠄌 一 ㇂"
"cnwstqi4051","junior","N","A","诛","诛","诛","丶 ㇊ 丿 一 一 丨 丿 ㇏","丶 ㇊ 丿 一 一 丨 ㇏ 丿"
"cnwstqi4052","junior","N","A","诜","诜","诜","丶 ㇊ 丿 一 丨 一 丿 乚","丶 ㇊ 乚 丨 一 丿 一 丿"
"cnwstqi4053","junior","N","A","诟","诟","诟","丶 ㇊ 丿 丿 一 丨 𠃍 一","丶 ㇊ 𠃍 丿 一 丿 丨 一"
"cnwstqi4054","junior","N","B","诠","诠","诠","丶 ㇊ 丨 一 一 丿 一 ㇏","丶 ㇊ 丿 ㇏ 一 一 丨 一"
"cnwstqi4055","junior","N","B","诣","诣","诣","丶 ㇊ 𠃍 一 乚 丿 一 丨","丶 ㇊ 丿 乚 丨 𠃍 一 一"
"cnwstqi4056","junior","N","A","诤","诤","诤","丶 ㇊ 丿 ㇇ 𠃍 一 一 亅","丶 ㇊ 一 一 亅 丿 ㇇ 𠃍"
"cnwstqi4057","junior","N","A","诧","诧","诧","丶 ㇊ 丶 ㇀ 乛 丿 一 乚","丶 ㇊ 丿 乛 乚 一 ㇀ 丶"
"cnwstqi4058","junior","N","A","诨","诨","诨","丶 ㇊ ㇀ 乛 一 𠃋 一 丨","丶 ㇊ 一 一 ㇀ 丨 乛 𠃋"
"cnwstqi4059","junior","N","A","诩","诩","诩","丶 ㇊ 𠃌 丶 ㇀ 𠃌 丶 ㇀","丶 ㇊ ㇀ 丶 ㇀ 𠃌 𠃌 丶"
"cnwstqi4060","junior","N","A","戕","戕","戕","㇄ 丨 一 丿 一 ㇂ 丿 丶","㇄ 丨 一 一 丿 丿 ㇂ 丶"
"cnwstqi4061","junior","N","A","孢","孢","孢","㇇ 亅 ㇀ 丿 𠃌 𠃍 一 乚","㇇ 亅 乚 丿 ㇀ 一 𠃌 𠃍"
"cnwstqi4062","junior","N","B","亟","亟","亟","㇇ 亅 一 丶 𠃍 丨 ㇇ 一","㇇ 亅 丨 𠃍 一 ㇇ 丶 一"
"cnwstqi4063","junior","N","B","陔","陔","陔","㇌ 丨 丿 𠃋 丶 丿 一 丶","㇌ 丨 丶 一 𠃋 丿 丿 丶"
"cnwstqi4064","junior","N","B","妲","妲","妲","𡿨 丿 𠃍 一 丨 一 一 一","𡿨 丿 一 丨 𠃍 一 一 一"
"cnwstqi4065","junior","N","A","妯","妯","妯","𡿨 丿 一 丨 𠃍 一 丨 一","𡿨 丿 一 一 丨 丨 一 𠃍"
"cnwstqi4066","junior","N","A","姗","姗","姗","𡿨 丿 一 丿 𠃌 丿 𠃌 一","𡿨 丿 一 一 丿 𠃌 丿 𠃌"
"cnwstqi4067","junior","N","A","帑","帑","帑","𡿨 丿 一 ㇇ ㇏ 丨 𠃌 丨","𡿨 丿 丨 丨 𠃌 ㇇ ㇏ 一"
"cnwstqi4068","junior","N","A","弩","弩","弩","𡿨 丿 一 ㇇ ㇏ 𠃍 一 ㇉","𡿨 丿 一 ㇏ 𠃍 ㇉ 一 ㇇"
"cnwstqi4069","junior","N","A","孥","孥","孥","𡿨 丿 一 ㇇ ㇏ ㇇ 亅 一","𡿨 丿 一 ㇏ ㇇ 一 亅 ㇇"
"cnwstqi4070","junior","N","A","驽","驽","驽","𡿨 丿 一 ㇇ ㇏ 𠃍 ㇉ 一","𡿨 丿 一 ㇉ ㇏ ㇇ 𠃍 一"
"cnwstqi4071","junior","N","B","虱","虱","虱","⺄ 丿 一 丨 丶 𠃍 一 丨","⺄ 丿 丨 𠃍 一 丨 一 丶"
"cnwstqi4072","junior","N","A","迦","迦","迦","𠃌 丿 丨 𠃍 一 丶 ㇋ ㇏","𠃌 丿 一 ㇏ 𠃍 ㇋ 丶 丨"
"cnwstqi4073","junior","N","A","迨","迨","迨","𠃋 丶 丨 𠃍 一 丶 ㇋ ㇏","𠃋 丶 丶 ㇏ 一 ㇋ 丨 𠃍"
"cnwstqi4074","junior","N","B","绀","绀","绀","𠃋 𠃋 一 ㇀ 丨 一 丨 一","𠃋 𠃋 ㇀ 一 丨 丨 一 一"
"cnwstqi4075","junior","N","A","绁","绁","绁","𠃋 𠃋 ㇀ 一 丨 丨 一 ㇄","𠃋 𠃋 丨 ㇀ 一 丨 ㇄ 一"
"cnwstqi4076","junior","N","B","绂","绂","绂","𠃋 𠃋 丶 一 ㇀ 丿 ㇏ ㇇","𠃋 𠃋 ㇀ 一 丿 ㇇ ㇏ 丶"
"cnwstqi4077","junior","N","A","驷","驷","驷","𠃍 ㇉ ㇀ 丨 𠃍 丿 ㇄ 一","𠃍 ㇉ 𠃍 ㇀ 丨 丿 ㇄ 一"
"cnwstqi4078","junior","N","B","驸","驸","驸","𠃍 ㇉ 丨 亅 丿 一 ㇀ 丶","𠃍 ㇉ ㇀ 丿 丨 一 亅 丶"
"cnwstqi4079","junior","N","B","绉","绉","绉","𠃋 𠃋 ㇇ 一 ㇀ 𠃍 丿 一","𠃋 𠃋 ㇀ 丿 ㇇ 𠃍 一 一"
"cnwstqi4080","junior","N","B","绌","绌","绌","𠃋 𠃋 丨 丨 丨 ㇄ ㇀ ㇄","𠃋 𠃋 ㇀ ㇄ 丨 丨 ㇄ 丨"
"cnwstqi4081","junior","N","B","驿","驿","驿","𠃍 ㇉ 一 ㇏ 一 丨 ㇀ ㇇","𠃍 ㇉ ㇀ ㇇ ㇏ 一 一 丨"
"cnwstqi4082","junior","N","A","骀","骀","骀","𠃍 ㇉ ㇀ 𠃋 丶 丨 𠃍 一","𠃍 ㇉ 丨 丶 𠃍 𠃋 一 ㇀"
"cnwstqi4083","junior","N","B","甾","甾","甾","𡿨 𡿨 丨 𠃍 一 𡿨 一 丨","𡿨 𡿨 𡿨 丨 𠃍 一 丨 一"
"cnwstqi4084","junior","N","A","珏","珏","珏","一 一 丨 ㇀ 一 一 丨 一 丶","一 一 一 丨 一 ㇀ 一 丶 丨"
"cnwstqi4085","junior","N","A","珐","珐","珐","一 一 丨 ㇀ 一 丨 一 𠃋 丶","一 一 丨 丨 丶 𠃋 ㇀ 一 一"
"cnwstqi4086","junior","N","B","珂","珂","珂","一 一 丨 亅 丨 一 一 𠃍 ㇀","一 一 丨 ㇀ 一 丨 𠃍 一 亅"
"cnwstqi4087","junior","N","B","珑","珑","珑","一 一 丿 一 丶 丨 乚 丿 ㇀","一 一 丨 ㇀ 一 丿 乚 丿 丶"
"cnwstqi4088","junior","N","A","玳","玳","玳","一 一 丨 ㇀ 丿 丨 一 ㇂ 丶","一 一 丨 丿 ㇀ 一 丶 ㇂ 丨"
"cnwstqi4089","junior","N","B","珀","珀","珀","一 一 ㇀ 一 一 𠃍 丿 丨 丨","一 一 丨 ㇀ 丿 丨 𠃍 一 一"
"cnwstqi4090","junior","N","A","顸","顸","顸","一 一 丨 一 丿 丨 𠃍 丿 丶","一 一 丨 𠃍 丨 丿 丶 一 丿"
"cnwstqi4091","junior","N","B","珉","珉","珉","一 一 ㇀ 𠃍 丨 一 一 𠄌 ㇂","一 一 丨 ㇀ 𠃍 一 𠄌 一 ㇂"
"cnwstqi4092","junior","N","A","珈","珈","珈","一 一 丨 ㇀ 𠃌 丿 丨 𠃍 一","一 一 丨 丿 𠃍 丨 ㇀ 一 𠃌"
"cnwstqi4093","junior","N","B","拮","拮","拮","一 亅 一 𠃍 丨 ㇀ 一 一 丨","一 亅 ㇀ 一 丨 一 丨 𠃍 一"
"cnwstqi4094","junior","N","B","垭","垭","垭","一 丨 丿 丶 丨 一 一 ㇀ 丨","一 丨 ㇀ 一 丨 丨 丶 丿 一"
"cnwstqi4095","junior","N","B","挝","挝","挝","一 亅 一 丶 ㇀ 丶 亅 ㇋ ㇏","一 亅 ㇀ 一 亅 丶 丶 ㇋ ㇏"
"cnwstqi4096","junior","N","A","垣","垣","垣","一 丨 ㇀ 一 丨 𠃍 一 一 一","一 丨 一 丨 一 一 𠃍 一 ㇀"
"cnwstqi4097","junior","N","B","挞","挞","挞","一 亅 ㇀ 丿 ㇋ 丶 一 ㇏ 丶","一 亅 ㇀ 一 丿 丶 丶 ㇋ ㇏"
"cnwstqi4098","junior","N","B","垤","垤","垤","一 丨 ㇀ 𠃋 丶 一 一 一 丨","一 丨 ㇀ 一 𠃋 丶 一 丨 一"
"cnwstqi4099","junior","N","A","赳","赳","赳","一 丨 一 丨 一 丿 ㇏ 𠄌 丨","一 丨 𠄌 一 一 丨 丨 丿 ㇏"
"cnwstqi4100","junior","N","A","贲","贲","贲","一 丨 一 丨 丨 丨 𠃍 丿 丶","一 丨 丶 丨 丨 丿 𠃍 一 丨"
"cnwstqi4101","junior","N","A","垱","垱","垱","一 丨 ㇀ 丨 丶 丿 𠃍 一 一","一 丨 一 丨 丶 一 丿 ㇀ 𠃍"
"cnwstqi4102","junior","N","A","垌","垌","垌","一 丨 ㇀ 丨 𠃌 一 丨 𠃍 一","一 丨 ㇀ 丨 丨 𠃍 𠃌 一 一"
"cnwstqi4103","junior","N","B","郝","郝","郝","一 丨 丶 丨 丿 亅 丿 一 ㇌","一 丨 一 丿 亅 丿 丶 ㇌ 丨"
"cnwstqi4104","junior","N","A","垧","垧","垧","一 丨 ㇀ 丿 丨 𠃌 丨 𠃍 一","一 丨 𠃌 丿 丨 一 𠃍 丨 ㇀"
"cnwstqi4105","junior","N","B","垓","垓","垓","一 丨 一 丿 丶 丿 ㇀ 𠃋 丶","一 丨 ㇀ 丶 一 𠃋 丿 丿 丶"
"cnwstqi4106","junior","N","A","挦","挦","挦","一 亅 ㇀ 𠃍 一 一 一 亅 丶","一 亅 丶 ㇀ 𠃍 一 一 亅 一"
"cnwstqi4107","junior","N","B","垠","垠","垠","一 丨 一 丿 𠃍 ㇏ 一 ㇀ 𠄌","一 丨 ㇀ 𠃍 一 一 𠄌 丿 ㇏"
"cnwstqi4108","junior","N","A","茜","茜","茜","一 丨 丨 一 丨 𠃍 丿 ㇄ 一","一 丨 丿 𠃍 一 丨 丨 ㇄ 一"
"cnwstqi4109","junior","N","A","荚","荚","荚","一 丨 丨 一 丶 丿 一 丿 ㇏","一 丨 丿 丶 丨 ㇏ 一 丿 一"
"cnwstqi4110","junior","N","B","荑","荑","荑","一 丨 ㇏ 一 ㇉ 丨 丿 一 𠃍","一 丨 丨 一 𠃍 一 ㇉ 丿 ㇏"
"cnwstqi4111","junior","N","A","贳","贳","贳","一 丨 丨 一 ㇄ 丨 𠃍 丿 丶","一 丨 𠃍 丨 ㇄ 丶 一 丿 丨"
"cnwstqi4112","junior","N","B","荜","荜","荜","一 丨 一 一 乚 丨 丿 丨 𠄌","一 丨 丨 一 𠄌 丿 乚 一 丨"
"cnwstqi4113","junior","N","B","莒","莒","莒","一 丨 丨 丨 𠃍 一 丨 一 𠃍","一 丨 丨 丨 𠃍 一 丨 𠃍 一"
"cnwstqi4114","junior","N","A","茼","茼","茼","一 丨 丨 丨 𠃌 一 丨 𠃍 一","一 丨 丨 𠃍 丨 一 𠃌 一 丨"
"cnwstqi4115","junior","N","B","茴","茴","茴","一 丨 一 一 丨 丨 丨 𠃍 𠃍","一 丨 丨 丨 𠃍 丨 𠃍 一 一"
"cnwstqi4116","junior","N","A","茱","茱","茱","一 丨 丨 丿 一 一 丨 丿 ㇏","一 丨 ㇏ 丿 丿 丨 丨 一 一"
"cnwstqi4117","junior","N","B","莛","莛","莛","一 丨 ㇋ ㇏ 丨 一 丿 丨 一","一 丨 丨 丿 一 丨 一 ㇋ ㇏"
"cnwstqi4118","junior","N","A","荞","荞","荞","一 丨 丨 丿 一 丿 ㇏ 丿 丨","一 丨 丨 丿 一 丿 丨 丿 ㇏"
"cnwstqi4119","junior","N","B","茯","茯","茯","一 丨 ㇏ 丿 丨 丶 丿 丨 一","一 丨 丨 丿 丨 一 丿 ㇏ 丶"
"cnwstqi4120","junior","N","A","荏","荏","荏","一 丨 丨 丿 丨 丿 一 丨 一","一 丨 丿 丨 一 丨 丿 一 丨"
"cnwstqi4121","junior","N","B","荇","荇","荇","一 丨 亅 丨 一 丿 丨 丿 一","一 丨 丨 丿 丿 丨 一 一 亅"
"cnwstqi4122","junior","N","B","荃","荃","荃","一 丨 一 丨 丨 一 ㇏ 丿 一","一 丨 丨 丿 ㇏ 一 一 丨 一"
"cnwstqi4123","junior","N","B","荟","荟","荟","一 丨 丶 ㇏ 丨 丿 𠃋 一 一","一 丨 丨 丿 ㇏ 一 一 𠃋 丶"
"cnwstqi4124","junior","N","B","荀","荀","荀","一 丨 丨 𠃍 𠃌 一 丿 一 丨","一 丨 丨 丿 𠃌 丨 𠃍 一 一"
"cnwstqi4125","junior","N","A","茗","茗","茗","一 丨 丨 丿 ㇇ 丶 丨 𠃍 一","一 丨 𠃍 丶 一 ㇇ 丿 丨 丨"
"cnwstqi4126","junior","N","B","荠","荠","荠","一 丨 丨 丿 一 ㇏ 丶 丨 丿","一 丨 丨 丶 一 丿 ㇏ 丿 丨"
"cnwstqi4127","junior","N","A","茭","茭","茭","一 丨 丨 丶 一 丿 丶 丿 ㇏","一 丨 丨 丶 丶 丿 丿 一 ㇏"
"cnwstqi4128","junior","N","B","茨","茨","茨","一 丨 丿 丶 乛 ㇏ 丨 ㇀ 丿","一 丨 丨 丶 ㇀ 丿 乛 丿 ㇏"
"cnwstqi4129","junior","N","A","垩","垩","垩","一 丨 丨 丶 丿 一 一 丨 一","一 丨 一 丨 一 丨 丶 丿 一"
"cnwstqi4130","junior","N","A","荥","荥","荥","一 丨 丨 ㇀ 乛 亅 ㇇ 丿 ㇏","一 丨 ㇀ 丨 ㇏ ㇇ 乛 亅 丿"
"cnwstqi4131","junior","N","B","荦","荦","荦","一 丨 丨 丨 乛 一 丿 一 ㇀","一 丨 丨 ㇀ 乛 丿 一 一 丨"
"cnwstqi4132","junior","N","A","荨","荨","荨","一 丨 丨 𠃍 一 一 一 亅 丶","一 丨 𠃍 亅 一 一 丶 丨 一"
"cnwstqi4133","junior","N","B","荩","荩","荩","一 丨 丶 丨 一 𠃍 ㇏ 丶 丿","一 丨 丨 𠃍 一 丿 ㇏ 丶 丶"
"cnwstqi4134","junior","N","A","剋","剋","剋","一 丨 丨 𠃍 一 丿 乚 丨 亅","一 丨 𠃍 乚 亅 丿 丨 一 丨"
"cnwstqi4135","junior","N","B","荪","荪","荪","一 丨 ㇇ 亅 亅 ㇀ 丿 丨 丶","一 丨 丨 ㇇ 亅 ㇀ 亅 丿 丶"
"cnwstqi4136","junior","N","B","茹","茹","茹","一 丨 𡿨 丨 丿 一 一 𠃍 丨","一 丨 丨 𡿨 丿 一 丨 𠃍 一"
"cnwstqi4137","junior","N","A","荬","荬","荬","一 丨 丨 乛 丶 丶 一 丿 丶","一 丨 丨 丶 丶 乛 丶 一 丿"
"cnwstqi4138","junior","N","B","荮","荮","荮","一 丨 𠃋 丶 一 亅 ㇀ 𠃋 丨","一 丨 丨 𠃋 𠃋 ㇀ 一 亅 丶"
"cnwstqi4139","junior","N","B","柰","柰","柰","一 丨 亅 丶 丿 ㇏ 丿 一 一","一 丨 丿 ㇏ 一 一 亅 丿 丶"
"cnwstqi4140","junior","N","B","栉","栉","栉","一 丨 丨 𠃌 丶 丨 丨 一 丿","一 丨 丿 丶 一 丨 丨 𠃌 丨"
"cnwstqi4141","junior","N","B","柯","柯","柯","一 丨 𠃍 亅 一 丶 丨 一 丿","一 丨 丿 丶 一 丨 𠃍 一 亅"
"cnwstqi4142","junior","N","B","柘","柘","柘","一 丨 𠃍 丿 一 丨 丿 丶 一","一 丨 丿 丶 一 丿 丨 𠃍 一"
"cnwstqi4143","junior","N","A","栊","栊","栊","一 丨 丿 丶 一 丿 乚 丿 丶","一 丨 丿 丿 丶 丶 乚 一 丿"
"cnwstqi4144","junior","N","A","柩","柩","柩","一 丨 丿 丶 一 丿 ㇇ 丶 ㇄","一 丨 丶 丿 丿 ㇄ 丶 ㇇ 一"
"cnwstqi4145","junior","N","B","枰","枰","枰","一 丨 丿 丨 丶 一 丿 丶 一","一 丨 丿 丶 一 丶 丿 一 丨"
"cnwstqi4146","junior","N","A","栌","栌","栌","一 丨 丿 丶 丨 一 𠃍 一 丿","一 丨 丿 丿 丨 一 𠃍 一 丶"
"cnwstqi4147","junior","N","A","柙","柙","柙","一 丨 丿 丶 丨 𠃍 一 一 丨","一 丨 𠃍 丨 丨 一 丶 一 丿"
"cnwstqi4148","junior","N","A","枵","枵","枵","一 丨 丿 丶 丨 𠃍 一 一 ㇉","一 丨 丨 ㇉ 一 𠃍 丶 一 丿"
"cnwstqi4149","junior","N","A","柚","柚","柚","一 丨 丿 丶 丨 𠃍 一 丨 一","一 丨 一 丿 一 丨 丶 𠃍 丨"
"cnwstqi4150","junior","N","B","枳","枳","枳","一 丨 丶 一 丨 𠃍 丿 丿 丶","一 丨 丿 丶 丨 𠃍 一 丿 丶"
"cnwstqi4151","junior","N","B","柞","柞","柞","一 丨 丿 丿 一 一 一 丨 丶","一 丨 丿 丶 丿 一 丨 一 一"
"cnwstqi4152","junior","N","B","柝","柝","柝","一 丨 一 丨 丿 丿 丿 丶 丶","一 丨 丿 丶 丿 丿 一 丨 丶"
"cnwstqi4153","junior","N","B","栀","栀","栀","一 丨 𠃌 丿 丿 乚 一 丿 丶","一 丨 丿 丶 丿 丿 一 𠃌 乚"
"cnwstqi4154","junior","N","A","柢","柢","柢","一 丨 丿 丶 丿 𠄌 一 ㇂ 丶","一 丨 丿 ㇂ 一 丶 丿 丶 𠄌"
"cnwstqi4155","junior","N","A","栎","栎","栎","一 丨 丿 丶 丿 ㇄ 亅 丿 丶","一 丨 丶 丿 亅 ㇄ 丶 丿 丿"
"cnwstqi4156","junior","N","A","枸","枸","枸","一 丨 丿 丶 丿 𠃌 丨 𠃍 一","一 丨 一 丿 𠃍 丨 丶 丿 𠃌"
"cnwstqi4157","junior","N","A","柈","柈","柈","一 丨 丿 丶 丶 丿 一 一 丨","一 丨 丶 一 丿 丨 一 丶 丿"
"cnwstqi4158","junior","N","A","柁","柁","柁","一 丨 丿 丶 丶 ㇀ 乛 丿 乚","一 丨 丿 乛 丶 ㇀ 丶 乚 丿"
"cnwstqi4159","junior","N","B","枷","枷","枷","一 丨 丿 一 𠃍 丿 丶 丨 𠃌","一 丨 丿 丶 𠃌 丿 丨 𠃍 一"
"cnwstqi4160","junior","N","B","柽","柽","柽","一 丨 ㇏ 丶 一 ㇇ 丿 一 丨","一 丨 丿 丶 ㇇ ㇏ 一 丨 一"
"cnwstqi4161","junior","N","A","剌","剌","剌","一 丨 𠃍 一 丨 丿 丶 丨 亅","一 丨 亅 丿 丶 丨 丨 𠃍 一"
"cnwstqi4162","junior","N","B","酊","酊","酊","一 丨 一 一 一 亅 ㇄ 𠃍 丿","一 丨 𠃍 丿 ㇄ 一 一 一 亅"
"cnwstqi4163","junior","N","B","郦","郦","郦","一 丨 丶 ㇌ 𠃌 𠃌 丨 丨 丶","一 丨 𠃌 丶 丨 𠃌 丶 ㇌ 丨"
"cnwstqi4164","junior","N","B","甭","甭","甭","一 丿 丨 一 丶 丨 一 𠃌 丿","一 丿 丨 丶 丿 𠃌 一 一 丨"
"cnwstqi4165","junior","N","A","砗","砗","砗","一 丿 丨 𠃍 一 一 𠃋 一 丨","一 丿 丨 𠃍 𠃋 一 一 丨 一"
"cnwstqi4166","junior","N","B","砘","砘","砘","一 丿 一 丨 丨 ㇄ 乚 𠃍 一","一 丿 丨 𠃍 一 一 ㇄ 丨 乚"
"cnwstqi4167","junior","N","B","砒","砒","砒","一 丿 乚 𠄌 一 丨 一 𠃍 丿","一 丿 丨 𠃍 一 一 𠄌 丿 乚"
"cnwstqi4168","junior","N","A","斫","斫","斫","一 丿 丨 𠃍 一 丿 丿 一 丨","一 丿 丨 丨 𠃍 一 丿 丿 一"
"cnwstqi4169","junior","N","A","砭","砭","砭","一 丿 丨 𠃍 一 丿 丶 ㇇ ㇏","一 丿 丶 一 𠃍 ㇏ 丨 ㇇ 丿"
"cnwstqi4170","junior","N","A","砜","砜","砜","一 丿 丨 𠃍 一 丿 ⺄ 丿 丶","一 丿 ⺄ 一 丨 丶 丿 丿 𠃍"
"cnwstqi4171","junior","N","B","奎","奎","奎","一 丿 一 丨 ㇏ 一 一 丨 一","一 丿 ㇏ 一 丨 一 一 丨 一"
"cnwstqi4172","junior","N","A","耷","耷","耷","一 丿 ㇏ 一 丨 丨 一 一 一","一 丿 丨 ㇏ 一 一 一 丨 一"
"cnwstqi4173","junior","N","B","虺","虺","虺","一 丿 一 一 丨 丨 𠃍 乚 丶","一 丿 乚 丨 𠃍 一 丨 一 丶"
"cnwstqi4174","junior","N","B","殂","殂","殂","一 丿 一 一 ㇇ 丨 一 𠃍 丶","一 丿 ㇇ 丶 丨 𠃍 一 一 一"
"cnwstqi4175","junior","N","B","殇","殇","殇","一 丿 丿 一 丿 𠄎 ㇇ 丿 丶","一 丿 ㇇ 丶 丿 一 𠄎 丿 丿"
"cnwstqi4176","junior","N","B","殄","殄","殄","一 丿 丿 ㇇ ㇏ 丿 丿 丿 丶","一 丿 ㇇ 丶 丿 ㇏ 丿 丿 丿"
"cnwstqi4177","junior","N","A","殆","殆","殆","一 丿 ㇇ 丶 𠃋 丶 丨 𠃍 一","一 丿 丶 一 𠃋 ㇇ 丨 𠃍 丶"
"cnwstqi4178","junior","N","B","轱","轱","轱","一 𠃋 丨 一 丨 ㇀ 一 丨 𠃍","一 𠃋 丨 ㇀ 一 丨 丨 𠃍 一"
"cnwstqi4179","junior","N","A","轲","轲","轲","一 𠃋 丨 ㇀ 一 丨 𠃍 一 亅","一 𠃋 丨 丨 𠃍 亅 ㇀ 一 一"
"cnwstqi4180","junior","N","B","轳","轳","轳","一 𠃋 一 一 𠃍 丨 丿 ㇀ 丨","一 𠃋 丨 ㇀ 丨 一 𠃍 一 丿"
"cnwstqi4181","junior","N","A","轶","轶","轶","一 𠃋 丨 ㇀ 丿 一 一 丿 ㇏","一 𠃋 一 ㇀ 一 丿 丿 丨 ㇏"
"cnwstqi4182","junior","N","A","轸","轸","轸","一 𠃋 丨 ㇀ 丿 ㇏ 丿 丿 丿","一 𠃋 丿 丨 ㇏ 丿 ㇀ 丿 丿"
"cnwstqi4183","junior","N","B","虿","虿","虿","一 𠃌 𠃍 丿 丶 丨 一 丨 一","一 𠃌 丿 丨 𠃍 一 丨 一 丶"
"cnwstqi4184","junior","N","B","毖","毖","毖","一 𠄌 ㇀ 丿 丿 ㇃ 丶 乚 丶","一 𠄌 丿 乚 ㇀ ㇃ 丶 丿 丶"
"cnwstqi4185","junior","N","A","觇","觇","觇","丨 一 丨 𠃍 一 丨 𠃍 丿 乚","丨 一 丨 一 乚 丿 丨 𠃍 𠃍"
"cnwstqi4186","junior","N","A","尜","尜","尜","丨 丿 丶 一 丿 ㇏ 亅 丿 丶","丨 丿 亅 丿 一 丿 丶 丶 ㇏"
"cnwstqi4187","junior","N","A","哐","哐","哐","丨 𠃍 一 一 一 一 丨 一 ㇄","丨 𠃍 丨 一 一 一 ㇄ 一 一"
"cnwstqi4188","junior","N","A","眄","眄","眄","丨 𠃍 一 一 一 一 丨 ㇄ 𠃌","丨 𠃍 𠃌 一 一 ㇄ 一 丨 一"
"cnwstqi4189","junior","N","A","眍","眍","眍","丨 𠃍 一 一 一 一 丿 丶 ㇄","丨 𠃍 ㇄ 丶 丿 一 一 一 一"
"cnwstqi4190","junior","N","A","𠳐","𠳐","𠳐","丨 𠃍 一 一 一 一 丿 ㇌ 丨","丨 𠃍 丨 一 一 一 丿 ㇌ 一"
"cnwstqi4191","junior","N","A","郢","郢","郢","丨 𠃍 一 一 一 丨 ㇀ ㇌ 丨","丨 𠃍 丨 一 一 一 ㇀ ㇌ 丨"
"cnwstqi4192","junior","N","A","眇","眇","眇","丨 𠃍 一 一 一 丨 丿 丶 丿","丨 𠃍 丶 一 丿 一 丨 一 丿"
"cnwstqi4193","junior","N","A","眊","眊","眊","丨 𠃍 一 一 一 丿 一 一 乚","丨 𠃍 丿 一 一 一 乚 一 一"
"cnwstqi4194","junior","N","A","眈","眈","眈","丨 𠃍 一 一 一 ㇀ 乛 丿 乚","丨 𠃍 一 乚 ㇀ 乛 丿 一 一"
"cnwstqi4195","junior","N","A","禺","禺","禺","丨 𠃍 一 一 丨 𠃌 丨 ㇀ 丶","丨 𠃍 一 ㇀ 𠃌 丶 一 丨 丨"
"cnwstqi4196","junior","N","B","哂","哂","哂","丨 𠃍 丿 一 𠃍 一 丨 一 ㇄","丨 𠃍 一 一 丨 𠃍 丿 ㇄ 一"
"cnwstqi4197","junior","N","A","咴","咴","咴","丨 𠃍 一 一 丿 ㇀ 丿 丿 ㇏","丨 𠃍 丿 丿 ㇏ 一 一 ㇀ 丿"
"cnwstqi4198","junior","N","B","曷","曷","曷","丨 𠃍 丶 𠃌 丿 一 一 丿 ㇄","丨 𠃍 一 一 丿 𠃌 丿 丶 ㇄"
"cnwstqi4199","junior","N","B","昴","昴","昴","丨 𠃍 一 一 丿 丨 𠃌 𠄌 丿","丨 𠃍 一 一 丿 𠄌 丿 𠃌 丨"
"cnwstqi4200","junior","N","A","昱","昱","昱","丨 𠃍 一 一 丶 一 丶 丿 一","丨 𠃍 一 丶 一 一 丶 丿 一"
"cnwstqi4201","junior","N","A","昵","昵","昵","丨 𠃍 一 一 𠃍 一 丿 丿 乚","丨 𠃍 乚 丿 一 一 丿 一 𠃍"
"cnwstqi4202","junior","N","A","咦","咦","咦","丨 𠃍 一 一 𠃍 一 ㇉ 丿 ㇏","丨 𠃍 丿 一 一 一 ㇏ 𠃍 ㇉"
"cnwstqi4203","junior","N","A","哓","哓","哓","丨 𠃍 一 一 ㇂ 丿 一 丿 乚","丨 𠃍 一 一 ㇂ 一 乚 丿 丿"
"cnwstqi4204","junior","N","A","哔","哔","哔","丨 𠃍 一 一 𠄌 丿 乚 一 丨","丨 𠃍 𠄌 一 丿 一 一 丨 乚"
"cnwstqi4205","junior","N","A","畎","畎","畎","丨 𠃍 一 丨 一 一 丿 ㇏ 丶","丨 𠃍 丶 一 一 ㇏ 丨 一 丿"
"cnwstqi4206","junior","N","A","毗","毗","毗","丨 𠃍 一 丨 一 一 𠄌 丿 乚","丨 𠃍 丿 一 𠄌 一 一 丨 乚"
"cnwstqi4207","junior","N","B","呲","呲","呲","丨 𠃍 乚 丨 丿 一 丨 一 ㇀","丨 𠃍 一 丨 一 丨 ㇀ 丿 乚"
"cnwstqi4208","junior","N","A","胄","胄","胄","丨 𠃍 一 丨 一 丨 𠃌 一 一","丨 𠃍 一 丨 一 一 丨 一 𠃌"
"cnwstqi4209","junior","N","B","畋","畋","畋","丨 𠃍 ㇏ 丨 丿 一 一 一 丿","丨 𠃍 一 丨 一 丿 一 丿 ㇏"
"cnwstqi4210","junior","N","B","畈","畈","畈","丨 𠃍 ㇇ 一 一 丿 ㇏ 丨 丿","丨 𠃍 一 丨 一 丿 丿 ㇇ ㇏"
"cnwstqi4211","junior","N","B","虼","虼","虼","丨 𠃍 ⺄ 一 丨 丶 一 丿 一","丨 𠃍 一 丨 一 丶 丿 一 ⺄"
"cnwstqi4212","junior","N","A","虻","虻","虻","丨 𠃍 一 丨 一 丶 丶 一 ㇄","丨 𠃍 丶 ㇄ 丨 一 一 一 丶"
"cnwstqi4213","junior","N","A","盅","盅","盅","丨 𠃍 一 丨 丨 𠃍 丨 丨 一","丨 𠃍 一 丨 丨 丨 一 丨 𠃍"
"cnwstqi4214","junior","N","A","咣","咣","咣","丨 𠃍 一 丨 丶 丿 一 丿 乚","丨 𠃍 丶 乚 一 丿 丿 丨 一"
"cnwstqi4215","junior","N","B","哕","哕","哕","丨 𠃍 丿 一 丨 ㇄ ㇇ 丨 丶","丨 𠃍 一 丨 ㇄ 丨 丿 ㇇ 丶"
"cnwstqi4216","junior","N","B","剐","剐","剐","丨 𠃍 丿 丨 丨 丶 亅 𠃌 一","丨 𠃍 一 丨 𠃌 丿 丶 丨 亅"
"cnwstqi4217","junior","N","B","郧","郧","郧","丨 𠃍 丨 丿 𠃍 一 丨 ㇌ 丶","丨 𠃍 一 丨 𠃍 丿 丶 ㇌ 丨"
"cnwstqi4218","junior","N","B","咻","咻","咻","丨 𠃍 ㇏ 一 丨 丨 一 丿 丿","丨 𠃍 一 丿 丨 一 丨 丿 ㇏"
"cnwstqi4219","junior","N","B","囿","囿","囿","丨 𠃍 丨 丿 一 一 𠃌 一 一","丨 𠃍 一 丿 丨 𠃌 一 一 一"
"cnwstqi4220","junior","N","A","咿","咿","咿","丨 𠃍 一 丿 丨 𠃍 一 一 丿","丨 𠃍 丿 𠃍 一 一 丨 丿 一"
"cnwstqi4221","junior","N","A","哌","哌","哌","丨 𠃍 一 丿 丿 丿 𠄌 丿 ㇏","丨 𠃍 丿 丿 丿 𠄌 ㇏ 丿 一"
"cnwstqi4222","junior","N","A","哙","哙","哙","丨 𠃍 一 丿 ㇏ 一 一 𠃋 丶","丨 𠃍 ㇏ 𠃋 丶 丿 一 一 一"
"cnwstqi4223","junior","N","A","哚","哚","哚","丨 𠃍 一 丿 ㇍ 一 丨 丿 ㇏","丨 𠃍 丿 一 ㇍ 一 丨 丿 ㇏"
"cnwstqi4224","junior","N","B","咯","咯","咯","丨 𠃍 丨 丿 一 ㇇ 一 ㇏ 𠃍","丨 𠃍 一 丿 ㇇ ㇏ 丨 𠃍 一"
"cnwstqi4225","junior","N","A","咩","咩","咩","丨 𠃍 一 丶 丿 一 一 一 丨","丨 𠃍 一 一 一 丨 一 丶 丿"
"cnwstqi4226","junior","N","B","咤","咤","咤","丨 𠃍 丿 乚 一 一 乛 ㇀ 丶","丨 𠃍 一 丶 ㇀ 乛 丿 一 乚"
"cnwstqi4227","junior","N","A","哝","哝","哝","丨 𠃍 一 ㇀ 乛 丿 𠄌 丿 ㇏","丨 𠃍 ㇀ ㇏ 一 𠄌 丿 乛 丿"
"cnwstqi4228","junior","N","B","哏","哏","哏","丨 𠃍 一 ㇏ 一 𠃍 丿 𠄌 一","丨 𠃍 一 𠃍 一 一 𠄌 丿 ㇏"
"cnwstqi4229","junior","N","B","哞","哞","哞","丨 𠃍 一 丶 𠃋 一 一 丿 丨","丨 𠃍 一 𠃋 丶 丿 一 一 丨"
"cnwstqi4230","junior","N","B","峙","峙","峙","丨 ㇄ 一 一 一 丨 丶 丨 亅","丨 ㇄ 丨 一 丨 一 一 亅 丶"
"cnwstqi4231","junior","N","B","峣","峣","峣","丨 ㇄ 一 丿 丨 丿 一 ㇂ 乚","丨 ㇄ 丨 一 ㇂ 丿 一 丿 乚"
"cnwstqi4232","junior","N","A","罘","罘","罘","丨 𠃍 丨 丨 一 一 丿 丨 丶","丨 𠃍 一 丨 丨 丿 丨 丶 一"
"cnwstqi4233","junior","N","A","帧","帧","帧","丨 𠃌 丨 丨 一 丨 𠃍 丿 丶","丨 𠃌 一 丨 丿 丨 𠃍 丨 丶"
"cnwstqi4234","junior","N","A","峒","峒","峒","丨 ㇄ 丨 丨 𠃌 一 丨 𠃍 一","丨 ㇄ 丨 一 一 𠃌 丨 丨 𠃍"
"cnwstqi4235","junior","N","B","峤","峤","峤","丨 ㇄ 丨 一 丨 丿 丿 丿 ㇏","丨 ㇄ 丨 丿 一 丿 ㇏ 丿 丨"
"cnwstqi4236","junior","N","B","峋","峋","峋","丨 ㇄ 𠃍 一 丨 𠃌 丨 丿 一","丨 ㇄ 丨 丿 𠃌 丨 𠃍 一 一"
"cnwstqi4237","junior","N","A","峥","峥","峥","丨 ㇄ 丨 丿 ㇇ 𠃍 一 一 亅","丨 ㇄ 一 丿 丨 𠃍 亅 ㇇ 一"
"cnwstqi4238","junior","N","B","贶","贶","贶","丨 𠃍 一 丨 𠃍 乚 丿 丿 丶","丨 𠃍 丿 丶 丨 𠃍 一 丿 乚"
"cnwstqi4239","junior","N","B","钚","钚","钚","丿 一 丶 一 丿 一 丨 一 𠄌","丿 一 一 一 𠄌 一 丿 丨 丶"
"cnwstqi4240","junior","N","A","钛","钛","钛","丿 一 一 一 𠄌 一 丿 ㇏ 丶","丿 一 一 丶 一 丿 一 ㇏ 𠄌"
"cnwstqi4241","junior","N","A","钡","钡","钡","丿 一 一 一 𠄌 丨 𠃍 丿 丶","丿 一 丿 丨 𠃍 丶 一 𠄌 一"
"cnwstqi4242","junior","N","B","钣","钣","钣","丿 一 ㇇ 𠄌 一 丿 一 丿 ㇏","丿 一 一 一 𠄌 丿 丿 ㇇ ㇏"
"cnwstqi4243","junior","N","A","钤","钤","钤","丿 一 一 一 𠄌 丿 ㇏ 丶 ㇇","丿 一 𠄌 ㇇ 丶 ㇏ 丿 一 一"
"cnwstqi4244","junior","N","B","钨","钨","钨","丿 一 一 𠃌 丿 𠄌 一 一 ㇉","丿 一 一 一 𠄌 丿 𠃌 ㇉ 一"
"cnwstqi4245","junior","N","A","钫","钫","钫","丿 一 一 一 𠄌 丶 一 𠃌 丿","丿 一 一 丿 一 𠄌 丶 一 𠃌"
"cnwstqi4246","junior","N","A","钯","钯","钯","丿 一 一 一 𠄌 𠃍 丨 一 乚","丿 一 丨 𠃍 一 一 𠄌 乚 一"
"cnwstqi4247","junior","N","A","氡","氡","氡","丿 一 一 ⺄ 丿 ㇇ ㇏ 丶 丶","丿 一 丿 丶 丶 ㇏ ㇇ 一 ⺄"
"cnwstqi4248","junior","N","B","氟","氟","氟","丿 一 丿 ㇉ 一 ⺄ 一 𠃍 丨","丿 一 一 ⺄ 𠃍 一 ㇉ 丿 丨"
"cnwstqi4249","junior","N","B","牯","牯","牯","丿 一 ㇀ 丨 𠃍 一 一 丨 丨","丿 一 丨 ㇀ 一 丨 丨 𠃍 一"
"cnwstqi4250","junior","N","A","郜","郜","郜","丿 一 丨 一 丨 𠃍 一 ㇌ 丨","丿 一 一 丨 𠃍 ㇌ 丨 丨 一"
"cnwstqi4251","junior","N","B","秕","秕","秕","丿 一 乚 一 𠄌 丿 丿 丶 丨","丿 一 丨 丿 丶 一 𠄌 丿 乚"
"cnwstqi4252","junior","N","B","秭","秭","秭","丿 一 丿 丨 丿 丨 丿 ㇉ 丶","丿 一 丨 丿 丶 丿 ㇉ 丨 丿"
"cnwstqi4253","junior","N","A","竽","竽","竽","丿 一 丶 丿 一 丶 一 一 亅","丿 一 丶 一 丶 一 丿 一 亅"
"cnwstqi4254","junior","N","B","笈","笈","笈","丿 一 丿 ㇏ 丶 ㇋ 丶 丿 一","丿 一 丶 丿 一 丶 丿 ㇋ ㇏"
"cnwstqi4255","junior","N","B","笃","笃","笃","丿 一 ㇉ 𠃍 一 丶 丶 丿 一","丿 一 丶 丿 一 丶 𠃍 ㇉ 一"
"cnwstqi4256","junior","N","B","俦","俦","俦","丿 丨 丿 亅 一 一 丶 一 一","丿 丨 一 一 一 丿 一 亅 丶"
"cnwstqi4257","junior","N","A","俨","俨","俨","丿 丨 一 丨 丨 丶 丿 一 丿","丿 丨 丶 丨 丿 丿 一 丨 一"
"cnwstqi4258","junior","N","B","俅","俅","俅","丿 丨 ㇏ 一 丿 丶 ㇀ 亅 丶","丿 丨 一 亅 丶 ㇀ 丿 ㇏ 丶"
"cnwstqi4259","junior","N","A","俪","俪","俪","丿 丨 一 丨 𠃌 丶 丨 𠃌 丶","丿 丨 𠃌 丶 𠃌 丨 丨 丶 一"
"cnwstqi4260","junior","N","A","叟","叟","叟","丿 丨 一 𠃍 一 一 丨 ㇇ ㇏","丿 丨 一 一 𠃍 ㇇ 丨 ㇏ 一"
"cnwstqi4261","junior","N","B","垡","垡","垡","丿 丨 丨 丶 一 ㇂ 丿 一 一","丿 丨 一 ㇂ 丿 丶 一 丨 一"
"cnwstqi4262","junior","N","A","牮","牮","牮","丿 丨 一 ㇂ 丶 丿 一 一 丨","丿 丨 一 ㇂ 一 一 丨 丿 丶"
"cnwstqi4263","junior","N","B","俣","俣","俣","丿 丨 丨 𠃍 一 ㇏ 一 一 丿","丿 丨 丨 𠃍 一 一 一 丿 ㇏"
"cnwstqi4264","junior","N","B","俚","俚","俚","丿 丨 丨 一 一 丨 一 𠃍 一","丿 丨 丨 𠃍 一 一 丨 一 一"
"cnwstqi4265","junior","N","A","皈","皈","皈","丿 丨 𠃍 一 一 丿 丿 ㇇ ㇏","丿 丨 丿 ㇇ 一 丿 一 ㇏ 𠃍"
"cnwstqi4266","junior","N","B","俑","俑","俑","丿 丨 𠃌 丨 丨 一 丶 ㇇ 一","丿 丨 ㇇ 丶 丨 𠃌 一 一 丨"
"cnwstqi4267","junior","N","A","俟","俟","俟","丿 丨 𠃋 丶 丿 一 一 丿 ㇏","丿 丨 𠃋 一 丶 丿 丿 一 ㇏"
"cnwstqi4268","junior","N","B","逅","逅","逅","丿 丿 一 丶 丨 ㇏ 𠃍 一 ㇋","丿 丿 一 丨 𠃍 一 丶 ㇋ ㇏"
"cnwstqi4269","junior","N","B","徇","徇","徇","丿 丿 一 丨 丿 一 丨 𠃍 𠃌","丿 丿 丨 丿 𠃌 丨 𠃍 一 一"
"cnwstqi4270","junior","N","A","徉","徉","徉","丿 丿 丨 丶 丿 一 一 一 丨","丿 丿 丨 一 一 丨 丿 一 丶"
"cnwstqi4271","junior","N","B","舢","舢","舢","丿 丿 一 ㇄ 丨 丨 丶 丶 𠃌","丿 丿 𠃌 丶 一 丶 丨 ㇄ 丨"
"cnwstqi4272","junior","N","A","俞","俞","俞","丿 ㇏ 一 丨 𠃌 一 一 丨 亅","丿 ㇏ 亅 丨 一 丨 一 一 𠃌"
"cnwstqi4273","junior","N","B","郗","郗","郗","丿 丶 丨 ㇌ 𠃌 丿 一 丨 丨","丿 丶 一 丿 丨 𠃌 丨 ㇌ 丨"
"cnwstqi4274","junior","N","B","俎","俎","俎","丿 丶 𠃍 一 一 一 丨 丶 丿","丿 丶 丿 丶 丨 𠃍 一 一 一"
"cnwstqi4275","junior","N","A","郤","郤","郤","丿 丶 丿 ㇏ 丨 𠃍 一 ㇌ 丨","丿 丶 一 𠃍 丨 丨 ㇌ ㇏ 丿"
"cnwstqi4276","junior","N","B","爰","爰","爰","丿 丶 一 ㇏ 一 丿 丿 丶 ㇇","丿 丶 丶 丿 一 一 丿 ㇇ ㇏"
"cnwstqi4277","junior","N","A","郛","郛","郛","丿 丶 丶 丿 ㇇ 亅 ㇀ ㇌ 丨","丿 丶 ㇀ ㇇ 亅 ㇌ 丿 丨 丶"
"cnwstqi4278","junior","N","B","瓴","瓴","瓴","丿 丶 ⺄ 丶 丶 丶 一 ㇇ 𠄌","丿 丶 丶 ㇇ 丶 一 𠄌 ⺄ 丶"
"cnwstqi4279","junior","N","B","胨","胨","胨","丿 𠃌 一 丶 丿 一 亅 𠃋 一","丿 𠃌 一 一 一 𠃋 亅 丿 丶"
"cnwstqi4280","junior","N","B","胪","胪","胪","丿 𠃌 一 一 𠃍 一 丿 一 丨","丿 𠃌 一 一 丨 一 𠃍 一 丿"
"cnwstqi4281","junior","N","A","胛","胛","胛","丿 𠃌 一 一 丨 𠃍 一 一 丨","丿 𠃌 一 丨 一 一 丨 𠃍 一"
"cnwstqi4282","junior","N","B","胂","胂","胂","丿 𠃌 丨 𠃍 一 一 一 丨 一","丿 𠃌 一 一 丨 𠃍 一 一 丨"
"cnwstqi4283","junior","N","A","胙","胙","胙","丿 𠃌 一 一 丿 一 丨 一 一","丿 𠃌 丿 一 一 丨 一 一 一"
"cnwstqi4284","junior","N","B","胍","胍","胍","丿 𠃌 ㇏ 丿 丶 一 一 𠄌 丿","丿 𠃌 一 一 丿 丿 𠄌 丶 ㇏"
"cnwstqi4285","junior","N","B","胗","胗","胗","丿 𠃌 丿 丿 丿 ㇏ 丿 一 一","丿 𠃌 一 一 丿 ㇏ 丿 丿 丿"
"cnwstqi4286","junior","N","B","胝","胝","胝","丿 𠃌 𠄌 一 丶 一 ㇂ 一 丿","丿 𠃌 一 一 丿 𠄌 一 ㇂ 丶"
"cnwstqi4287","junior","N","A","朐","朐","朐","丿 𠃌 一 一 丿 𠃌 丨 𠃍 一","丿 𠃌 丿 丨 𠃍 一 一 一 𠃌"
"cnwstqi4288","junior","N","A","胫","胫","胫","丿 𠃌 一 一 ㇇ 丶 一 丨 一","丿 𠃌 一 ㇇ 一 一 丶 一 丨"
"cnwstqi4289","junior","N","A","鸨","鸨","鸨","丿 乚 一 丨 丿 𠃌 丶 ㇉ 一","丿 乚 𠃌 一 ㇉ 丨 丿 丶 一"
"cnwstqi4290","junior","N","A","匍","匍","匍","丿 𠃌 一 丨 𠃌 一 一 丨 丶","丿 𠃌 丨 丶 一 一 𠃌 一 丨"
"cnwstqi4291","junior","N","A","狨","狨","狨","丿 ㇁ 丿 一 一 丿 ㇂ 丿 丶","丿 ㇁ 丿 一 一 ㇂ 丿 丶 丿"
"cnwstqi4292","junior","N","B","狯","狯","狯","丿 ㇁ 一 丿 一 丿 𠃋 丶 ㇏","丿 ㇁ 丿 丿 ㇏ 一 一 𠃋 丶"
"cnwstqi4293","junior","N","A","飑","飑","飑","丿 ⺄ 丿 丶 丿 𠃌 𠃍 一 乚","丿 ⺄ 一 丿 乚 丶 丿 𠃍 𠃌"
"cnwstqi4294","junior","N","B","狩","狩","狩","丿 ㇁ ㇀ 丶 一 丿 乛 亅 丶","丿 ㇁ 丿 丶 ㇀ 乛 一 亅 丶"
"cnwstqi4295","junior","N","A","狲","狲","狲","丿 ㇁ 丿 ㇇ 亅 ㇀ 亅 丿 丶","丿 ㇁ 丿 丶 ㇀ 亅 亅 丿 ㇇"
"cnwstqi4296","junior","N","A","訇","訇","訇","丿 𠃌 丶 一 一 一 丨 𠃍 一","丿 𠃌 丶 一 一 一 𠃍 一 丨"
"cnwstqi4297","junior","N","B","逄","逄","逄","丿 ㇇ 𠃋 ㇏ 丶 ㇋ 一 丨 ㇏","丿 ㇇ ㇏ 一 𠃋 丨 丶 ㇋ ㇏"
"cnwstqi4298","junior","N","B","昝","昝","昝","丿 ㇇ 一 一 丶 ㇏ 𠃍 丨 丨","丿 ㇇ ㇏ 丨 丶 丨 𠃍 一 一"
"cnwstqi4299","junior","N","B","饷","饷","饷","丿 乛 𠄌 一 丨 𠃌 丨 丿 𠃍","丿 乛 𠄌 丿 丨 𠃌 丨 𠃍 一"
"cnwstqi4300","junior","N","A","饸","饸","饸","丿 乛 𠄌 丿 ㇏ 一 丨 𠃍 一","丿 乛 𠃍 ㇏ 一 丿 𠄌 丨 一"
"cnwstqi4301","junior","N","B","饹","饹","饹","丿 乛 ㇇ 𠃍 丨 𠄌 ㇏ 一 丿","丿 乛 𠄌 丿 ㇇ ㇏ 丨 𠃍 一"
"cnwstqi4302","junior","N","B","胤","胤","胤","丿 𠃋 一 𠃋 乚 丶 丨 一 𠃌","丿 𠃋 𠃋 丶 丨 𠃌 一 一 乚"
"cnwstqi4303","junior","N","B","孪","孪","孪","丶 一 丶 ㇇ 亅 丨 一 丿 丨","丶 一 丨 丨 丿 丶 ㇇ 亅 一"
"cnwstqi4304","junior","N","A","娈","娈","娈","丶 一 丨 丨 丿 丶 𡿨 丿 一","丶 一 丨 丿 𡿨 丿 一 丶 丨"
"cnwstqi4305","junior","N","A","弈","弈","弈","丶 一 丿 亅 丿 丶 一 丿 丨","丶 一 亅 丿 丿 丨 丿 丶 一"
"cnwstqi4306","junior","N","B","奕","奕","奕","丶 一 一 ㇏ 亅 丿 丶 丿 丿","丶 一 丿 亅 丿 丶 一 丿 ㇏"
"cnwstqi4307","junior","N","B","庥","庥","庥","丶 一 ㇏ 丿 丿 丿 丨 一 丨","丶 一 丿 丿 丨 一 丨 丿 ㇏"
"cnwstqi4308","junior","N","A","疬","疬","疬","丶 一 丿 丶 ㇀ 一 丿 𠃌 丿","丶 一 𠃌 丿 ㇀ 丿 丶 一 丿"
"cnwstqi4309","junior","N","A","疣","疣","疣","丶 一 丿 丶 ㇀ 一 丿 乚 丶","丶 一 一 乚 ㇀ 丶 丿 丶 丿"
"cnwstqi4310","junior","N","A","疥","疥","疥","丶 一 丿 丶 ㇀ 丿 ㇏ 丿 丨","丶 一 丿 丶 ㇀ 丨 丿 ㇏ 丿"
"cnwstqi4311","junior","N","A","疭","疭","疭","丶 一 丿 丶 ㇀ 丿 丶 丿 ㇏","丶 一 丶 丿 丶 丿 ㇀ 丿 ㇏"
"cnwstqi4312","junior","N","B","庠","庠","庠","丶 一 丨 丿 丶 一 一 一 丿","丶 一 丿 丶 丿 一 一 一 丨"
"cnwstqi4313","junior","N","A","竑","竑","竑","丶 一 丶 丿 ㇀ 一 丿 𠃋 丶","丶 一 丶 丿 𠃋 一 丶 丿 ㇀"
"cnwstqi4314","junior","N","B","彦","彦","彦","丶 一 一 丿 丿 丿 丿 丶 丿","丶 一 丶 丿 一 丿 丿 丿 丿"
"cnwstqi4315","junior","N","A","飒","飒","飒","丶 一 丶 丿 ㇀ 丿 ⺄ 丿 丶","丶 一 ㇀ 丶 丿 丶 丿 ⺄ 丿"
"cnwstqi4316","junior","N","B","闼","闼","闼","丶 丨 丿 ㇋ 𠃌 ㇏ 丶 一 丶","丶 丨 𠃌 一 丿 丶 丶 ㇋ ㇏"
"cnwstqi4317","junior","N","A","闾","闾","闾","丶 丨 𠃌 丨 𠃍 一 丨 𠃍 一","丶 丨 丨 𠃍 𠃍 一 丨 𠃌 一"
"cnwstqi4318","junior","N","A","闿","闿","闿","丶 丨 𠃌 丨 ㇄ 丨 𠃍 一 乚","丶 丨 乚 一 𠃌 丨 𠃍 丨 ㇄"
"cnwstqi4319","junior","N","B","阂","阂","阂","丶 丨 丿 𠃋 一 𠃌 丿 丶 丶","丶 丨 𠃌 丶 一 𠃋 丿 丿 丶"
"cnwstqi4320","junior","N","B","羑","羑","羑","丶 丿 一 丿 一 丨 ㇏ 一 ㇇","丶 丿 一 一 丨 一 丿 ㇇ ㇏"
"cnwstqi4321","junior","N","A","迸","迸","迸","丶 丿 一 一 丿 丨 丶 ㇋ ㇏","丶 丿 丿 一 丨 ㇏ 一 丶 ㇋"
"cnwstqi4322","junior","N","A","籼","籼","籼","丶 丿 一 丨 丿 丶 丨 ㇄ 丨","丶 丿 一 丨 丨 丶 丿 丨 ㇄"
"cnwstqi4323","junior","N","A","酋","酋","酋","丶 丿 一 丨 𠃍 丿 ㇄ 一 一","丶 丿 一 一 𠃍 ㇄ 丿 丨 一"
"cnwstqi4324","junior","N","A","炳","炳","炳","㇀ 丿 丿 丶 一 丨 𠃌 丿 丶","㇀ 丿 一 丨 丶 𠃌 丿 丶 丿"
"cnwstqi4325","junior","N","B","炻","炻","炻","㇀ 丿 𠃍 一 丿 丶 丿 一 丨","㇀ 丿 丿 丶 一 丿 丨 𠃍 一"
"cnwstqi4326","junior","N","B","炽","炽","炽","㇀ 丿 丿 ㇀ 一 丶 丶 𠃍 丨","㇀ 丿 丿 丶 丨 𠃍 一 ㇀ 丶"
"cnwstqi4327","junior","N","B","炯","炯","炯","㇀ 丿 丿 丨 𠃍 一 丶 𠃌 丨","㇀ 丿 丿 丶 丨 𠃌 丨 𠃍 一"
"cnwstqi4328","junior","N","A","烀","烀","烀","㇀ 丿 丿 丶 丿 丶 丿 一 亅","㇀ 丿 丿 一 丿 丶 亅 丶 丿"
"cnwstqi4329","junior","N","B","炷","炷","炷","㇀ 丿 丶 丿 一 一 一 丶 丨","㇀ 丿 丿 丶 丶 一 一 丨 一"
"cnwstqi4330","junior","N","A","烃","烃","烃","㇀ 丿 丿 丶 ㇇ 丶 一 丨 一","㇀ 丿 一 丶 丶 ㇇ 丿 一 丨"
"cnwstqi4331","junior","N","A","洱","洱","洱","丶 丶 ㇀ 一 丨 丨 一 一 一","丶 丶 一 一 丨 ㇀ 一 丨 一"
"cnwstqi4332","junior","N","A","洹","洹","洹","丶 丶 ㇀ 一 丨 𠃍 一 一 一","丶 丶 𠃍 丨 一 一 ㇀ 一 一"
"cnwstqi4333","junior","N","A","洧","洧","洧","丶 丶 ㇀ 一 丿 丨 𠃌 一 一","丶 丶 𠃌 一 丨 丿 一 一 ㇀"
"cnwstqi4334","junior","N","A","洌","洌","洌","丶 丶 ㇀ 一 丿 ㇇ 丶 丨 亅","丶 丶 丿 丨 ㇀ ㇇ 亅 丶 一"
"cnwstqi4335","junior","N","A","浃","浃","浃","丶 丶 ㇀ 一 丶 丿 一 丿 ㇏","丶 丶 ㇏ 丿 丿 ㇀ 一 丶 一"
"cnwstqi4336","junior","N","A","洇","洇","洇","丶 丶 ㇀ 丨 𠃍 一 丿 丶 一","丶 丶 丨 丿 𠃍 一 ㇀ 一 丶"
"cnwstqi4337","junior","N","B","洄","洄","洄","丶 丶 ㇀ 𠃍 丨 一 一 𠃍 丨","丶 丶 ㇀ 丨 𠃍 丨 𠃍 一 一"
"cnwstqi4338","junior","N","A","洙","洙","洙","丶 丶 ㇀ 丿 一 一 丨 丿 ㇏","丶 丶 丿 ㇏ 丿 ㇀ 丨 一 一"
"cnwstqi4339","junior","N","A","涎","涎","涎","丶 丶 ㇀ 丿 丨 一 ㇄ ㇋ ㇏","丶 丶 ㇏ 丿 ㇀ ㇄ ㇋ 一 丨"
"cnwstqi4340","junior","N","B","洎","洎","洎","丶 丶 𠃍 一 一 一 丿 ㇀ 丨","丶 丶 ㇀ 丿 丨 𠃍 一 一 一"
"cnwstqi4341","junior","N","A","洫","洫","洫","丶 丶 ㇀ 丿 丨 𠃍 丨 丨 一","丶 丶 一 𠃍 丨 丨 ㇀ 丨 丿"
"cnwstqi4342","junior","N","A","浍","浍","浍","丶 丶 ㇀ 丿 ㇏ 一 一 𠃋 丶","丶 丶 丶 一 一 ㇀ 丿 𠃋 ㇏"
"cnwstqi4343","junior","N","B","洮","洮","洮","丶 丶 乚 ㇀ ㇀ 丶 丿 丶 丿","丶 丶 ㇀ 丿 丶 ㇀ 乚 丿 丶"
"cnwstqi4344","junior","N","B","洵","洵","洵","丶 丶 𠃍 丿 一 一 ㇀ 丨 𠃌","丶 丶 ㇀ 丿 𠃌 丨 𠃍 一 一"
"cnwstqi4345","junior","N","A","浒","浒","浒","丶 丶 ㇀ 丶 ㇊ 丿 一 一 丨","丶 丶 一 一 丨 丿 ㇊ 丶 ㇀"
"cnwstqi4346","junior","N","A","浔","浔","浔","丶 丶 ㇀ 𠃍 一 一 一 亅 丶","丶 丶 亅 𠃍 丶 一 ㇀ 一 一"
"cnwstqi4347","junior","N","A","浕","浕","浕","丶 丶 ㇀ 𠃍 一 丿 ㇏ 丶 丶","丶 丶 丿 一 ㇀ 𠃍 丶 ㇏ 丶"
"cnwstqi4348","junior","N","B","洳","洳","洳","丶 丶 一 𡿨 ㇀ 丨 𠃍 丿 一","丶 丶 ㇀ 𡿨 丿 一 丨 𠃍 一"
"cnwstqi4349","junior","N","B","恸","恸","恸","㇀ 丶 𠃌 丿 丨 𠃋 丶 一 一","㇀ 丶 丨 一 一 𠃋 丶 𠃌 丿"
"cnwstqi4350","junior","N","B","恓","恓","恓","㇀ 丶 丿 丨 丨 一 一 𠃍 ㇄","㇀ 丶 丨 一 丨 𠃍 丿 ㇄ 一"
"cnwstqi4351","junior","N","B","恹","恹","恹","㇀ 丶 丶 丨 丿 一 ㇏ 丿 一","㇀ 丶 丨 一 丿 一 丿 ㇏ 丶"
"cnwstqi4352","junior","N","A","恫","恫","恫","㇀ 丶 丨 丨 𠃌 一 丨 𠃍 一","㇀ 丶 丨 丨 一 一 𠃌 丨 𠃍"
"cnwstqi4353","junior","N","B","恺","恺","恺","㇀ 丶 丨 ㇄ 一 𠃍 乚 丨 丨","㇀ 丶 丨 丨 ㇄ 丨 𠃍 一 乚"
"cnwstqi4354","junior","N","B","恻","恻","恻","㇀ 丶 𠃍 亅 丨 丨 丿 丶 丨","㇀ 丶 丨 丨 𠃍 丿 丶 丨 亅"
"cnwstqi4355","junior","N","B","恂","恂","恂","㇀ 丶 𠃌 一 一 丨 𠃍 丨 丿","㇀ 丶 丨 丿 𠃌 丨 𠃍 一 一"
"cnwstqi4356","junior","N","A","恪","恪","恪","㇀ 丶 丨 丿 ㇇ ㇏ 丨 𠃍 一","㇀ 丶 𠃍 一 ㇇ ㇏ 丨 丨 丿"
"cnwstqi4357","junior","N","A","恽","恽","恽","㇀ 丶 丨 ㇀ 乛 一 𠃋 一 丨","㇀ 丶 𠃋 一 ㇀ 丨 一 丨 乛"
"cnwstqi4358","junior","N","A","宥","宥","宥","丶 ㇀ 乛 一 丿 丨 𠃌 一 一","丶 ㇀ 𠃌 乛 一 丿 一 丨 一"
"cnwstqi4359","junior","N","B","扃","扃","扃","丶 𠃍 一 𠃌 丨 丿 𠃍 一 丨","丶 𠃍 一 丿 丨 𠃌 丨 𠃍 一"
"cnwstqi4360","junior","N","B","衲","衲","衲","丶 ㇇ 丨 丿 丶 丿 𠃌 丨 丶","丶 ㇇ 丨 丿 丶 丨 𠃌 丿 丶"
"cnwstqi4361","junior","N","A","衽","衽","衽","丶 ㇇ 丨 丿 丶 丿 一 丨 一","丶 ㇇ 丿 丶 一 丨 一 丨 丿"
"cnwstqi4362","junior","N","B","衿","衿","衿","丶 ㇇ 丶 丿 丶 ㇇ 丨 丿 ㇏","丶 ㇇ 丨 丿 丶 丿 ㇏ 丶 ㇇"
"cnwstqi4363","junior","N","B","袂","袂","袂","丶 ㇇ 丨 丿 ㇏ 𠃍 一 丿 丶","丶 ㇇ 丨 丿 丶 𠃍 一 丿 ㇏"
"cnwstqi4364","junior","N","A","祛","祛","祛","丶 ㇇ 丨 丶 一 丨 一 𠃋 丶","丶 ㇇ 丨 丶 一 一 丨 丶 𠃋"
"cnwstqi4365","junior","N","A","祜","祜","祜","丶 ㇇ 丨 丶 一 丨 丨 𠃍 一","丶 ㇇ 一 一 𠃍 丨 丨 丶 丨"
"cnwstqi4366","junior","N","A","祓","祓","祓","丶 ㇇ 丨 丶 一 丿 ㇇ ㇏ 丶","丶 ㇇ 丨 一 ㇇ 丶 丶 丿 ㇏"
"cnwstqi4367","junior","N","B","祚","祚","祚","丶 ㇇ 一 丶 一 一 丨 丨 丿","丶 ㇇ 丨 丶 丿 一 丨 一 一"
"cnwstqi4368","junior","N","B","诮","诮","诮","丶 ㇊ 丶 一 丨 𠃌 一 丿 丨","丶 ㇊ 丨 丶 丿 丨 𠃌 一 一"
"cnwstqi4369","junior","N","A","祗","祗","祗","丶 ㇇ 丨 丶 丿 𠄌 一 ㇂ 丶","丶 ㇇ 丶 𠄌 丿 丶 丨 一 ㇂"
"cnwstqi4370","junior","N","A","祢","祢","祢","丶 ㇇ 丨 丶 丿 乛 亅 丿 丶","丶 ㇇ 丿 乛 丨 丶 丿 亅 丶"
"cnwstqi4371","junior","N","B","诰","诰","诰","丶 ㇊ 丿 一 丨 一 丨 一 𠃍","丶 ㇊ 丿 一 丨 一 丨 𠃍 一"
"cnwstqi4372","junior","N","B","诳","诳","诳","丶 ㇊ 丿 ㇁ 丨 一 一 一 丿","丶 ㇊ 丿 ㇁ 丿 一 一 丨 一"
"cnwstqi4373","junior","N","B","鸩","鸩","鸩","㇀ 乛 𠃌 𠄌 丶 一 丿 ㇉ 丿","㇀ 乛 丿 𠄌 丿 𠃌 丶 ㇉ 一"
"cnwstqi4374","junior","N","A","昶","昶","昶","丶 𠃌 ㇇ 丿 ㇏ 丨 𠃍 一 一","丶 𠃌 ㇇ 𠃍 丨 一 丿 一 ㇏"
"cnwstqi4375","junior","N","A","郡","郡","郡","𠃍 一 一 丿 丨 𠃍 一 ㇌ 丨","𠃍 一 丨 一 𠃍 丿 一 ㇌ 丨"
"cnwstqi4376","junior","N","B","咫","咫","咫","𠃍 一 一 𠃍 丿 丨 ㇏ 丿 丶","𠃍 一 丿 ㇏ 丨 𠃍 一 丿 丶"
"cnwstqi4377","junior","N","B","弭","弭","弭","𠃍 一 丨 一 一 一 ㇉ 丨 一","𠃍 一 ㇉ 一 丨 丨 一 一 一"
"cnwstqi4378","junior","N","A","牁","牁","牁","㇄ 丨 一 丿 一 丨 𠃍 一 亅","㇄ 丨 丿 亅 丨 𠃍 一 一 一"
"cnwstqi4379","junior","N","B","胥","胥","胥","乛 丨 一 ㇏ 丨 一 一 𠃌 丿","乛 丨 一 丿 ㇏ 丨 𠃌 一 一"
"cnwstqi4380","junior","N","B","陛","陛","陛","㇌ 丨 乚 一 一 一 丨 𠄌 丿","㇌ 丨 一 𠄌 丿 乚 一 丨 一"
"cnwstqi4381","junior","N","A","陟","陟","陟","㇌ 丨 丨 一 丨 一 丨 丿 丿","㇌ 丨 丨 丨 一 一 丿 丨 丿"
"cnwstqi4382","junior","N","B","娅","娅","娅","𡿨 丿 一 丨 一 丨 丿 丶 一","𡿨 丿 一 一 丨 丨 丶 丿 一"
"cnwstqi4383","junior","N","B","姮","姮","姮","𡿨 丿 一 丨 一 一 一 一 𠃍","𡿨 丿 一 一 丨 𠃍 一 一 一"
"cnwstqi4384","junior","N","A","娆","娆","娆","𡿨 丿 一 一 ㇂ 丿 一 丿 乚","𡿨 丿 一 丿 乚 丿 ㇂ 一 一"
"cnwstqi4385","junior","N","A","姝","姝","姝","𡿨 丿 一 丿 一 一 丨 丿 ㇏","𡿨 丿 一 一 ㇏ 丨 丿 丿 一"
"cnwstqi4386","junior","N","A","姣","姣","姣","𡿨 丿 一 丶 一 丿 丶 丿 ㇏","𡿨 丿 一 丶 丶 丿 丿 ㇏ 一"
"cnwstqi4387","junior","N","B","姘","姘","姘","𡿨 丿 丿 一 一 丨 丶 一 丿","𡿨 丿 一 丶 丿 一 一 丿 丨"
"cnwstqi4388","junior","N","A","姹","姹","姹","𡿨 丿 一 丶 ㇀ 乛 丿 一 乚","𡿨 丿 ㇀ 乚 一 丶 丿 乛 一"
"cnwstqi4389","junior","N","B","怼","怼","怼","㇇ 丶 ㇃ ㇀ 亅 丶 丶 一 丶","㇇ 丶 一 亅 丶 ㇀ ㇃ 丶 丶"
"cnwstqi4390","junior","N","B","羿","羿","羿","𠃍 丶 丿 丶 ㇀ 𠃍 丨 一 ㇀","𠃍 丶 ㇀ 𠃍 丶 ㇀ 一 丿 丨"
"cnwstqi4391","junior","N","A","炱","炱","炱","𠃋 丶 丨 𠃍 一 ㇀ 丿 丿 ㇏","𠃋 丶 ㇏ 一 𠃍 丨 ㇀ 丿 丿"
"cnwstqi4392","junior","N","A","矜","矜","矜","㇇ 丶 乛 亅 丿 丿 ㇏ 丶 ㇇","㇇ 丶 丿 丿 ㇇ 丶 亅 乛 ㇏"
"cnwstqi4393","junior","N","A","绔","绔","绔","𠃋 𠃋 ㇀ 一 丿 ㇏ 一 一 ㇉","𠃋 𠃋 一 ㇏ 丿 ㇀ ㇉ 一 一"
"cnwstqi4394","junior","N","A","骁","骁","骁","𠃍 ㇉ ㇀ 一 ㇂ 丿 一 丿 乚","𠃍 ㇉ 丿 一 ㇂ 乚 丿 一 ㇀"
"cnwstqi4395","junior","N","B","骅","骅","骅","𠃍 ㇉ 丨 乚 ㇀ 丿 丨 丿 一","𠃍 ㇉ ㇀ 丿 丨 丿 乚 一 丨"
"cnwstqi4396","junior","N","B","绗","绗","绗","𠃋 𠃋 ㇀ 丿 丨 丿 一 一 亅","𠃋 𠃋 ㇀ 丿 丿 丨 一 一 亅"
"cnwstqi4397","junior","N","A","绛","绛","绛","𠃋 𠃋 ㇀ 丿 ㇇ ㇏ 一 𠃋 丨","𠃋 𠃋 一 丨 丿 ㇏ ㇇ 𠃋 ㇀"
"cnwstqi4398","junior","N","B","骈","骈","骈","𠃍 ㇉ 一 ㇀ 一 丨 丶 丿 丿","𠃍 ㇉ ㇀ 丶 丿 一 一 丿 丨"
"cnwstqi4399","junior","N","A","耖","耖","耖","一 一 一 丨 丿 丶 丨 丿 丶 丿","一 一 丶 丨 丶 丿 丨 丿 丿 一"
"cnwstqi4400","junior","N","B","挈","挈","挈","一 一 丿 𠃌 丨 一 丿 亅 一 一","一 一 一 丨 𠃌 丿 丿 一 一 亅"
"cnwstqi4401","junior","N","A","珥","珥","珥","一 一 丨 ㇀ 一 丨 丨 一 一 一","一 一 一 丨 ㇀ 丨 丨 一 一 一"
"cnwstqi4402","junior","N","A","珙","珙","珙","一 一 丨 ㇀ 一 丨 丨 一 丿 丶","一 一 ㇀ 丨 丨 丿 丶 一 丨 一"
"cnwstqi4403","junior","N","B","顼","顼","顼","一 一 ㇀ 𠃍 一 丿 丨 丶 丿 丨","一 一 丨 ㇀ 一 丿 丨 𠃍 丿 丶"
"cnwstqi4404","junior","N","B","珰","珰","珰","一 一 丨 丿 𠃍 丨 ㇀ 一 一 丶","一 一 丨 ㇀ 丨 丶 丿 𠃍 一 一"
"cnwstqi4405","junior","N","A","珩","珩","珩","一 一 丨 ㇀ 丿 丿 丨 一 一 亅","一 一 丨 丿 一 丨 一 丿 亅 ㇀"
"cnwstqi4406","junior","N","A","珧","珧","珧","一 一 丨 ㇀ 丿 丶 ㇀ 乚 丿 丶","一 一 丨 丿 ㇀ 丶 丿 乚 丶 ㇀"
"cnwstqi4407","junior","N","A","珣","珣","珣","一 一 丨 ㇀ 丿 𠃌 丨 𠃍 一 一","一 一 𠃍 ㇀ 𠃌 丨 一 一 丨 丿"
"cnwstqi4408","junior","N","B","珞","珞","珞","一 一 𠃍 ㇇ 丨 一 ㇀ 丨 ㇏ 丿","一 一 丨 ㇀ 丿 ㇇ ㇏ 丨 𠃍 一"
"cnwstqi4409","junior","N","A","琤","琤","琤","一 一 丨 ㇀ 丿 ㇇ 𠃍 一 一 亅","一 一 亅 一 ㇇ ㇀ 丨 一 𠃍 丿"
"cnwstqi4410","junior","N","A","珲","珲","珲","一 一 丨 ㇀ ㇀ 乛 一 𠃋 一 丨","一 一 丨 丨 乛 ㇀ 一 一 𠃋 ㇀"
"cnwstqi4411","junior","N","B","敖","敖","敖","一 一 丿 一 丿 ㇏ 丿 𠃌 一 丨","一 一 丨 一 𠃌 丿 丿 一 丿 ㇏"
"cnwstqi4412","junior","N","B","恚","恚","恚","一 丨 丨 ㇀ ㇃ 一 丶 一 丶 一","一 丨 一 一 丨 一 ㇀ ㇃ 丶 丶"
"cnwstqi4413","junior","N","B","埔","埔","埔","一 丨 丨 𠃌 ㇀ 一 一 一 丶 丨","一 丨 ㇀ 一 丨 𠃌 一 一 丨 丶"
"cnwstqi4414","junior","N","B","埕","埕","埕","一 丨 丨 一 ㇀ 一 一 𠃍 丨 一","一 丨 ㇀ 丨 𠃍 一 一 一 丨 一"
"cnwstqi4415","junior","N","A","埘","埘","埘","一 丨 ㇀ 丨 𠃍 一 一 一 亅 丶","一 丨 丶 一 ㇀ 丨 一 一 𠃍 亅"
"cnwstqi4416","junior","N","A","埙","埙","埙","一 丨 ㇀ 丨 𠃍 一 丨 𠃍 丿 丶","一 丨 一 丨 丿 𠃍 丶 ㇀ 𠃍 丨"
"cnwstqi4417","junior","N","B","埚","埚","埚","一 丨 ㇀ 丶 丨 𠃌 一 丨 𠃍 丿","一 丨 ㇀ 丨 𠃍 一 丨 𠃌 丿 丶"
"cnwstqi4418","junior","N","B","挹","挹","挹","一 亅 乚 丨 一 𠃍 一 ㇀ 丨 𠃍","一 亅 ㇀ 丨 𠃍 一 𠃍 丨 一 乚"
"cnwstqi4419","junior","N","A","耆","耆","耆","一 丨 一 丿 丿 乚 丨 𠃍 一 一","一 丨 一 乚 丿 一 丿 𠃍 一 丨"
"cnwstqi4420","junior","N","A","耄","耄","耄","一 丨 一 丿 丿 乚 丿 一 一 乚","一 丨 一 乚 一 一 乚 丿 丿 丿"
"cnwstqi4421","junior","N","B","埒","埒","埒","一 丨 丿 丿 一 丶 亅 丶 ㇀ 丶","一 丨 ㇀ 丿 丶 丶 丿 一 亅 丶"
"cnwstqi4422","junior","N","A","捋","捋","捋","一 亅 ㇀ 丿 丶 丶 丿 一 亅 丶","一 亅 ㇀ 丶 丿 一 亅 丶 丶 丿"
"cnwstqi4423","junior","N","B","贽","贽","贽","一 亅 丨 丿 丶 丿 丶 𠃍 ㇀ ⺄","一 亅 ㇀ 丿 ⺄ 丶 丨 𠃍 丿 丶"
"cnwstqi4424","junior","N","B","垸","垸","垸","一 丨 一 ㇀ 一 乛 乚 丿 ㇀ 丶","一 丨 ㇀ 丶 ㇀ 乛 一 一 丿 乚"
"cnwstqi4425","junior","N","B","捃","捃","捃","一 亅 一 𠃍 丿 一 ㇀ 一 丨 𠃍","一 亅 ㇀ 𠃍 一 一 丿 丨 𠃍 一"
"cnwstqi4426","junior","N","B","盍","盍","盍","一 丨 丨 一 丨 𠃋 丶 𠃍 丨 一","一 丨 一 𠃋 丶 丨 𠃍 丨 丨 一"
"cnwstqi4427","junior","N","B","荸","荸","荸","一 丨 ㇇ 一 亅 丨 丨 乛 一 ㇀","一 丨 丨 一 丨 ㇀ 乛 ㇇ 亅 一"
"cnwstqi4428","junior","N","B","莆","莆","莆","一 丨 一 丨 丨 丨 一 𠃌 丶 一","一 丨 丨 一 丨 𠃌 一 一 丨 丶"
"cnwstqi4429","junior","N","B","莳","莳","莳","一 丨 丨 一 𠃍 丨 丶 亅 一 一","一 丨 丨 丨 𠃍 一 一 一 亅 丶"
"cnwstqi4430","junior","N","B","莴","莴","莴","一 丨 𠃍 丨 丨 一 丶 丿 丨 𠃌","一 丨 丨 丨 𠃍 一 丨 𠃌 丿 丶"
"cnwstqi4431","junior","N","A","莪","莪","莪","一 丨 丨 丿 一 亅 ㇀ ㇂ 丿 丶","一 丨 一 ㇂ 亅 ㇀ 丨 丿 丶 丿"
"cnwstqi4432","junior","N","A","莠","莠","莠","一 丨 丨 丿 一 丨 丿 ㇏ 𠄎 丿","一 丨 丿 丨 𠄎 丨 一 丿 丿 ㇏"
"cnwstqi4433","junior","N","A","莓","莓","莓","一 丨 丨 丿 一 ㇄ 𠃌 丶 一 丶","一 丨 丶 一 丨 一 丶 𠃌 ㇄ 丿"
"cnwstqi4434","junior","N","B","莜","莜","莜","一 丨 丨 丨 丨 丿 一 ㇏ 丿 丿","一 丨 丨 丿 丨 丨 丿 一 丿 ㇏"
"cnwstqi4435","junior","N","A","莅","莅","莅","一 丨 丨 丿 丨 丶 一 丶 丿 一","一 丨 一 丶 丿 丨 一 丶 丿 丨"
"cnwstqi4436","junior","N","A","荼","荼","荼","一 丨 丨 丿 ㇏ 一 一 亅 丿 丶","一 丨 ㇏ 亅 丶 一 丨 丿 一 丿"
"cnwstqi4437","junior","N","A","莩","莩","莩","一 丨 丨 丿 丶 丶 丿 ㇇ 亅 一","一 丨 丶 ㇇ 丿 丶 亅 丿 丨 一"
"cnwstqi4438","junior","N","B","荽","荽","荽","一 丨 丶 丿 一 丿 丶 𡿨 丨 丿","一 丨 丨 丿 丶 丶 丿 𡿨 丿 一"
"cnwstqi4439","junior","N","B","莸","莸","莸","一 丨 乚 丿 ㇁ 丶 丿 一 丨 丿","一 丨 丨 丿 ㇁ 丿 一 丿 乚 丶"
"cnwstqi4440","junior","N","A","荻","荻","荻","一 丨 丨 丿 ㇁ 丿 ㇀ 丿 丿 ㇏","一 丨 丿 ㇏ ㇁ ㇀ 丿 丿 丿 丨"
"cnwstqi4441","junior","N","B","莘","莘","莘","一 丨 丶 一 丶 丨 一 丨 一 丿","一 丨 丨 丶 一 丶 丿 一 一 丨"
"cnwstqi4442","junior","N","A","莎","莎","莎","一 丨 丨 丶 丶 ㇀ 丨 丿 丶 丿","一 丨 丿 丨 丶 丶 丿 丶 ㇀ 丨"
"cnwstqi4443","junior","N","A","莞","莞","莞","一 丨 丨 丶 ㇀ 乛 一 一 丿 乚","一 丨 一 丿 乚 丨 ㇀ 乛 一 丶"
"cnwstqi4444","junior","N","B","莨","莨","莨","一 丨 一 𠄌 丨 丶 一 𠃍 ㇏ 丿","一 丨 丨 丶 𠃍 一 一 𠄌 丿 ㇏"
"cnwstqi4445","junior","N","A","鸪","鸪","鸪","一 丨 丨 𠃍 一 丿 𠃌 丶 ㇉ 一","一 丨 𠃌 丨 一 一 丿 ㇉ 𠃍 丶"
"cnwstqi4446","junior","N","B","莼","莼","莼","一 丨 ㇄ 丨 ㇀ 一 𠃋 𠃋 乚 丨","一 丨 丨 𠃋 𠃋 ㇀ 一 ㇄ 丨 乚"
"cnwstqi4447","junior","N","A","栲","栲","栲","一 丨 丿 丶 一 丨 一 丿 一 ㇉","一 丨 一 ㇉ 一 一 丶 丨 丿 丿"
"cnwstqi4448","junior","N","A","栳","栳","栳","一 丨 丿 丶 一 丨 一 丿 丿 乚","一 丨 丶 一 丿 丨 丿 乚 一 丿"
"cnwstqi4449","junior","N","A","郴","郴","郴","一 丨 丿 丶 一 丨 丿 丶 ㇌ 丨","一 丨 丶 ㇌ 丶 丿 丨 丿 丨 一"
"cnwstqi4450","junior","N","A","桓","桓","桓","一 丨 丿 丶 一 丨 𠃍 一 一 一","一 丨 丨 一 一 一 丿 𠃍 丶 一"
"cnwstqi4451","junior","N","A","桡","桡","桡","一 丨 丿 丶 一 ㇂ 丿 一 丿 乚","一 丨 丶 乚 丿 丿 ㇂ 一 丿 一"
"cnwstqi4452","junior","N","B","桎","桎","桎","一 丨 一 一 𠃋 丿 丶 丨 丶 一","一 丨 丿 丶 一 𠃋 丶 一 丨 一"
"cnwstqi4453","junior","N","A","桢","桢","桢","一 丨 丿 丶 丨 一 丨 𠃍 丿 丶","一 丨 一 丶 丶 丿 丨 𠃍 丨 丿"
"cnwstqi4454","junior","N","A","桤","桤","桤","一 丨 丿 丶 丨 ㇄ 丨 𠃍 一 乚","一 丨 ㇄ 丨 丨 乚 丶 丿 𠃍 一"
"cnwstqi4455","junior","N","A","梃","梃","梃","一 丨 丿 丶 丿 一 丨 一 ㇋ ㇏","一 丨 丨 丿 一 一 丶 ㇏ ㇋ 丿"
"cnwstqi4456","junior","N","B","栝","栝","栝","一 丨 丿 𠃍 丨 一 丿 丶 丨 一","一 丨 丿 丶 丿 一 丨 丨 𠃍 一"
"cnwstqi4457","junior","N","A","桕","桕","桕","一 丨 丿 丶 丿 丨 一 𠃍 一 一","一 丨 丿 丨 一 一 丿 𠃍 一 丶"
"cnwstqi4458","junior","N","B","桁","桁","桁","一 丨 一 丿 丶 丿 亅 丨 丿 一","一 丨 丿 丶 丿 丿 丨 一 一 亅"
"cnwstqi4459","junior","N","A","桧","桧","桧","一 丨 丿 丶 丿 ㇏ 一 一 𠃋 丶","一 丨 𠃋 ㇏ 丿 丶 一 丿 丶 一"
"cnwstqi4460","junior","N","B","桅","桅","桅","一 丨 丿 乚 一 丶 丿 ㇇ 𠃌 丿","一 丨 丿 丶 丿 ㇇ 一 丿 𠃌 乚"
"cnwstqi4461","junior","N","B","栟","栟","栟","一 丨 丨 一 丶 一 丿 丶 丿 丿","一 丨 丿 丶 丶 丿 一 一 丿 丨"
"cnwstqi4462","junior","N","A","桉","桉","桉","一 丨 丿 丶 丶 ㇀ 乛 𡿨 丿 一","一 丨 丶 丿 ㇀ 乛 𡿨 丶 一 丿"
"cnwstqi4463","junior","N","A","栩","栩","栩","一 丨 丿 丶 𠃌 丶 ㇀ 𠃌 丶 ㇀","一 丨 丶 𠃌 ㇀ 𠃌 丶 丿 丶 ㇀"
"cnwstqi4464","junior","N","B","逑","逑","逑","一 亅 ㇏ 丶 ㇋ 丶 丶 丶 丿 ㇀","一 亅 丶 ㇀ 丿 丶 丶 丶 ㇋ ㇏"
"cnwstqi4465","junior","N","B","逋","逋","逋","一 丨 ㇋ 丨 一 ㇏ 一 丶 𠃌 丶","一 丨 𠃌 一 一 丨 丶 丶 ㇋ ㇏"
"cnwstqi4466","junior","N","A","彧","彧","彧","一 丨 𠃍 一 ㇀ ㇂ 丿 丿 丿 丶","一 丨 一 𠃍 丿 ㇀ 丿 ㇂ 丿 丶"
"cnwstqi4467","junior","N","B","鬲","鬲","鬲","一 丨 丨 丨 𠃍 丿 一 𠃌 一 丶","一 丨 𠃍 一 丨 𠃌 丶 丿 一 丨"
"cnwstqi4468","junior","N","B","豇","豇","豇","一 丨 𠃍 丶 丿 一 丨 ㇀ 一 一","一 丨 𠃍 一 丶 丿 ㇀ 一 丨 一"
"cnwstqi4469","junior","N","B","酐","酐","酐","一 丨 ㇄ 𠃍 一 丨 一 丿 一 一","一 丨 𠃍 丿 ㇄ 一 一 一 一 丨"
"cnwstqi4470","junior","N","A","逦","逦","逦","一 丨 𠃌 丶 丨 𠃌 丶 丶 ㇋ ㇏","一 丨 ㇋ 丨 𠃌 𠃌 丶 丶 ㇏ 丶"
"cnwstqi4471","junior","N","A","厝","厝","厝","一 丿 一 丨 丨 一 丨 𠃍 一 一","一 丿 丨 一 丨 一 𠃍 丨 一 一"
"cnwstqi4472","junior","N","B","孬","孬","孬","一 丿 丶 一 亅 丿 一 ㇇ 丨 𡿨","一 丿 丨 丶 𡿨 丿 一 ㇇ 亅 一"
"cnwstqi4473","junior","N","A","砝","砝","砝","一 丿 丨 𠃍 一 一 丨 一 𠃋 丶","一 丿 一 𠃋 𠃍 一 丶 一 丨 丨"
"cnwstqi4474","junior","N","B","砹","砹","砹","一 丿 一 ㇏ 丿 丨 丨 𠃍 一 丨","一 丿 丨 𠃍 一 一 丨 丨 丿 ㇏"
"cnwstqi4475","junior","N","B","砺","砺","砺","一 丿 𠃌 丨 一 一 𠃍 丿 一 丿","一 丿 丨 𠃍 一 一 丿 一 𠃌 丿"
"cnwstqi4476","junior","N","B","砧","砧","砧","一 丿 𠃍 一 一 𠃍 丨 丨 一 丨","一 丿 丨 𠃍 一 丨 一 丨 𠃍 一"
"cnwstqi4477","junior","N","B","砷","砷","砷","一 丿 𠃍 一 丨 一 一 丨 𠃍 丨","一 丿 丨 𠃍 一 丨 𠃍 一 一 丨"
"cnwstqi4478","junior","N","A","砟","砟","砟","一 丿 丨 𠃍 一 丿 一 丨 一 一","一 丿 丿 一 丨 一 丨 一 一 𠃍"
"cnwstqi4479","junior","N","A","砼","砼","砼","一 丿 丨 𠃍 一 丿 ㇏ 一 丨 一","一 丿 丿 一 丨 一 𠃍 ㇏ 丨 一"
"cnwstqi4480","junior","N","A","砥","砥","砥","一 丿 丨 𠃍 一 丿 𠄌 一 ㇂ 丶","一 丿 一 𠄌 𠃍 ㇂ 丨 一 丶 丿"
"cnwstqi4481","junior","N","A","砣","砣","砣","一 丿 丨 𠃍 一 丶 ㇀ 乛 丿 乚","一 丿 乛 乚 𠃍 丶 丨 ㇀ 一 丿"
"cnwstqi4482","junior","N","A","剞","剞","剞","一 丿 丶 一 丨 𠃍 一 亅 丨 亅","一 丿 一 亅 一 𠃍 亅 丶 丨 丨"
"cnwstqi4483","junior","N","B","砻","砻","砻","一 丿 丿 丨 𠃍 一 乚 丶 一 丿","一 丿 乚 丿 丶 一 丿 丨 𠃍 一"
"cnwstqi4484","junior","N","B","轼","轼","轼","一 𠃋 丶 一 丨 一 ㇀ ㇀ 丨 ㇂","一 𠃋 丨 ㇀ 一 一 丨 ㇀ ㇂ 丶"
"cnwstqi4485","junior","N","B","轾","轾","轾","一 𠃋 𠃋 丶 一 丨 ㇀ 一 丨 一","一 𠃋 丨 ㇀ 一 𠃋 丶 一 丨 一"
"cnwstqi4486","junior","N","B","辂","辂","辂","一 𠃋 丿 𠃍 ㇏ ㇇ ㇀ 丨 一 丨","一 𠃋 丨 ㇀ 丿 ㇇ ㇏ 丨 𠃍 一"
"cnwstqi4487","junior","N","B","鸫","鸫","鸫","一 𠃋 一 𠃌 丿 丿 丶 ㇉ 丶 亅","一 𠃋 亅 丿 丶 丿 𠃌 丶 ㇉ 一"
"cnwstqi4488","junior","N","A","趸","趸","趸","一 𠃌 丿 丨 𠃍 一 丨 一 丿 ㇏","一 𠃌 一 丿 丨 丨 一 𠃍 ㇏ 丿"
"cnwstqi4489","junior","N","A","龀","龀","龀","丨 一 丨 一 丿 丶 ㇄ 丨 丿 乚","丨 一 乚 ㇄ 丶 一 丿 丨 丨 丿"
"cnwstqi4490","junior","N","B","鸬","鸬","鸬","丨 一 ㇉ 一 丿 𠃌 丿 𠃍 一 丶","丨 一 𠃍 一 丿 丿 𠃌 丶 ㇉ 一"
"cnwstqi4491","junior","N","A","虔","虔","虔","丨 一 乛 丿 一 乚 丶 一 丿 ㇏","丨 一 乛 乚 丿 一 ㇏ 丶 丿 一"
"cnwstqi4492","junior","N","A","逍","逍","逍","丨 丶 丿 丨 𠃌 一 一 丶 ㇋ ㇏","丨 丶 丨 𠃌 一 ㇋ 一 丶 ㇏ 丿"
"cnwstqi4493","junior","N","A","眬","眬","眬","丨 𠃍 一 一 一 一 丿 乚 丿 丶","丨 𠃍 一 一 乚 一 丿 一 丿 丶"
"cnwstqi4494","junior","N","B","唛","唛","唛","丨 𠃍 ㇏ 丿 一 一 一 ㇇ 一 丨","丨 𠃍 一 一 一 丨 一 丿 ㇇ ㇏"
"cnwstqi4495","junior","N","B","晟","晟","晟","丨 𠃍 丿 丶 丿 一 一 一 ㇂ 𠃌","丨 𠃍 一 一 一 丿 𠃌 ㇂ 丿 丶"
"cnwstqi4496","junior","N","B","眩","眩","眩","丨 𠃍 一 一 一 𠃋 丶 丶 一 𠃋","丨 𠃍 一 一 一 丶 一 𠃋 𠃋 丶"
"cnwstqi4497","junior","N","A","眙","眙","眙","丨 𠃍 一 一 一 𠃋 丶 丨 𠃍 一","丨 𠃍 一 一 丨 𠃋 一 丶 一 𠃍"
"cnwstqi4498","junior","N","A","哧","哧","哧","丨 𠃍 一 一 丨 一 丿 亅 丿 丶","丨 𠃍 丶 丨 丿 丿 一 一 亅 一"
"cnwstqi4499","junior","N","B","哽","哽","哽","丨 𠃍 一 ㇏ 一 𠃍 丨 一 一 丿","丨 𠃍 一 一 丨 𠃍 一 一 丿 ㇏"
"cnwstqi4500","junior","N","A","唔","唔","唔","丨 𠃍 一 一 丨 𠃍 一 丨 𠃍 一","丨 𠃍 𠃍 丨 一 丨 一 一 一 𠃍"
"cnwstqi4501","junior","N","B","晁","晁","晁","丨 𠃍 一 丿 丶 丶 ㇀ 乚 一 丿","丨 𠃍 一 一 丿 丶 ㇀ 乚 丿 丶"
"cnwstqi4502","junior","N","A","晏","晏","晏","丨 𠃍 一 一 丶 ㇀ 乛 𡿨 丿 一","丨 𠃍 ㇀ 一 𡿨 乛 一 丿 一 丶"
"cnwstqi4503","junior","N","B","鸮","鸮","鸮","丨 𠃍 𠃌 丿 丶 ㇉ 一 一 一 ㇉","丨 𠃍 一 一 ㇉ 丿 𠃌 丶 ㇉ 一"
"cnwstqi4504","junior","N","B","趵","趵","趵","丨 𠃍 丿 𠃌 丶 一 丨 丨 ㇀ 一","丨 𠃍 一 丨 一 丨 ㇀ 丿 𠃌 丶"
"cnwstqi4505","junior","N","A","趿","趿","趿","丨 𠃍 一 丨 一 丨 ㇀ 丿 ㇋ ㇏","丨 𠃍 一 丨 ㇏ ㇀ 丨 ㇋ 丿 一"
"cnwstqi4506","junior","N","A","畛","畛","畛","丨 𠃍 一 丨 一 丿 ㇏ 丿 丿 丿","丨 𠃍 丿 丨 ㇏ 丿 一 一 丿 丿"
"cnwstqi4507","junior","N","B","蚨","蚨","蚨","丨 𠃍 一 丿 一 丶 一 丨 一 ㇏","丨 𠃍 一 丨 一 丶 一 一 丿 ㇏"
"cnwstqi4508","junior","N","B","蚜","蚜","蚜","丨 𠃍 一 一 丿 亅 丶 𠃋 丨 一","丨 𠃍 一 丨 一 丶 一 𠃋 亅 丿"
"cnwstqi4509","junior","N","B","蚍","蚍","蚍","丨 𠃍 一 一 丶 丿 一 乚 丨 𠄌","丨 𠃍 一 丨 一 丶 一 𠄌 丿 乚"
"cnwstqi4510","junior","N","A","蚋","蚋","蚋","丨 𠃍 一 丨 一 丶 丨 𠃌 丿 丶","丨 𠃍 丨 𠃌 丶 一 一 丿 丶 丨"
"cnwstqi4511","junior","N","A","蚬","蚬","蚬","丨 𠃍 一 丨 一 丶 丨 𠃍 丿 乚","丨 𠃍 丨 丨 丶 乚 𠃍 一 一 丿"
"cnwstqi4512","junior","N","A","蚝","蚝","蚝","丨 𠃍 一 丨 一 丶 丿 一 一 乚","丨 𠃍 一 一 丨 一 乚 一 丶 丿"
"cnwstqi4513","junior","N","A","蚧","蚧","蚧","丨 𠃍 一 丨 一 丶 丿 ㇏ 丿 丨","丨 𠃍 丿 丶 丨 ㇏ 丨 丿 一 一"
"cnwstqi4514","junior","N","B","唢","唢","唢","丨 𠃍 丨 𠃍 丿 丶 丶 丨 丿 一","丨 𠃍 一 丨 丶 丿 丨 𠃍 丿 丶"
"cnwstqi4515","junior","N","B","圄","圄","圄","丨 𠃍 丨 一 一 一 𠃍 丨 𠃍 一","丨 𠃍 一 丨 𠃍 一 丨 𠃍 一 一"
"cnwstqi4516","junior","N","B","唣","唣","唣","丨 𠃍 𠃍 一 丨 丿 乚 一 一 一","丨 𠃍 一 丿 丨 𠃍 一 一 一 乚"
"cnwstqi4517","junior","N","A","唏","唏","唏","丨 𠃍 一 丿 丶 一 丿 丨 𠃌 丨","丨 𠃍 𠃌 丨 丿 丨 丶 丿 一 一"
"cnwstqi4518","junior","N","B","盎","盎","盎","丨 𠃍 𠃍 丨 丨 丿 ㇏ 一 丨 一","丨 𠃍 一 丿 ㇏ 丨 𠃍 丨 丨 一"
"cnwstqi4519","junior","N","B","唑","唑","唑","丨 𠃍 丶 一 丿 丿 一 丶 一 丨","丨 𠃍 一 丿 丶 丿 丶 一 丨 一"
"cnwstqi4520","junior","N","B","崂","崂","崂","丨 ㇄ ㇀ 乛 𠃌 丨 丨 丿 一 丨","丨 ㇄ 丨 一 丨 丨 ㇀ 乛 𠃌 丿"
"cnwstqi4521","junior","N","B","崃","崃","崃","丨 ㇄ 丨 丨 丿 ㇏ 丶 一 丿 一","丨 ㇄ 丨 一 丶 丿 一 丨 丿 ㇏"
"cnwstqi4522","junior","N","B","罡","罡","罡","丨 𠃍 一 丨 丨 一 丨 丨 一 一","丨 𠃍 丨 丨 一 一 丨 一 丨 一"
"cnwstqi4523","junior","N","A","罟","罟","罟","丨 𠃍 丨 丨 一 一 丨 丨 𠃍 一","丨 𠃍 丨 丨 一 一 一 丨 丨 𠃍"
"cnwstqi4524","junior","N","B","峪","峪","峪","丨 ㇄ 一 丶 𠃍 ㇏ 丿 丨 丿 丨","丨 ㇄ 丨 丿 丶 丿 ㇏ 丨 𠃍 一"
"cnwstqi4525","junior","N","B","觊","觊","觊","丨 ㇄ 丨 𠃍 乚 丨 一 𠄌 𠃍 丿","丨 ㇄ 丨 𠃍 一 𠄌 丨 𠃍 丿 乚"
"cnwstqi4526","junior","N","B","赅","赅","赅","丨 𠃍 丶 𠃋 一 丿 丿 丿 丶 丶","丨 𠃍 丿 丶 丶 一 𠃋 丿 丿 丶"
"cnwstqi4527","junior","N","B","钰","钰","钰","丿 一 一 丶 𠄌 一 一 一 丨 一","丿 一 一 一 𠄌 一 一 丨 一 丶"
"cnwstqi4528","junior","N","A","钲","钲","钲","丿 一 一 一 𠄌 一 丨 一 丨 一","丿 一 一 一 丨 一 一 一 𠄌 丨"
"cnwstqi4529","junior","N","B","钴","钴","钴","丿 一 一 一 一 𠄌 丨 丨 𠃍 一","丿 一 一 一 𠄌 一 丨 丨 𠃍 一"
"cnwstqi4530","junior","N","B","钵","钵","钵","丿 一 𠄌 一 一 一 ㇏ 丿 丨 一","丿 一 一 一 𠄌 一 丨 丿 ㇏ 一"
"cnwstqi4531","junior","N","A","钹","钹","钹","丿 一 一 一 𠄌 一 丿 ㇇ ㇏ 丶","丿 一 一 ㇏ 𠄌 ㇇ 丿 丶 一 一"
"cnwstqi4532","junior","N","B","钺","钺","钺","丿 一 丿 𠄌 一 一 一 ㇂ 丶 𠄌","丿 一 一 一 𠄌 一 𠄌 ㇂ 丿 丶"
"cnwstqi4533","junior","N","B","钽","钽","钽","丿 一 一 𠄌 一 一 一 丨 一 𠃍","丿 一 一 一 𠄌 丨 𠃍 一 一 一"
"cnwstqi4534","junior","N","A","钼","钼","钼","丿 一 一 一 𠄌 丨 𠃍 一 一 一","丿 一 𠃍 丨 一 一 𠄌 一 一 一"
"cnwstqi4535","junior","N","B","钿","钿","钿","丿 一 𠄌 丨 一 𠃍 丨 一 一 一","丿 一 一 一 𠄌 丨 𠃍 一 丨 一"
"cnwstqi4536","junior","N","A","铀","铀","铀","丿 一 一 一 𠄌 丨 𠃍 一 丨 一","丿 一 一 丨 一 一 丨 𠃍 一 𠄌"
"cnwstqi4537","junior","N","B","铂","铂","铂","丿 一 𠄌 一 丨 𠃍 一 丿 一 一","丿 一 一 一 𠄌 丿 丨 𠃍 一 一"
"cnwstqi4538","junior","N","B","铄","铄","铄","丿 一 亅 𠄌 丶 ㇄ 丿 一 丿 一","丿 一 一 一 𠄌 丿 ㇄ 亅 丿 丶"
"cnwstqi4539","junior","N","A","铆","铆","铆","丿 一 一 一 𠄌 丿 𠄌 丿 𠃌 丨","丿 一 丿 一 丿 一 𠃌 𠄌 𠄌 丨"
"cnwstqi4540","junior","N","A","铈","铈","铈","丿 一 一 一 𠄌 丶 一 丨 𠃌 丨","丿 一 丨 𠃌 一 一 一 𠄌 丶 丨"
"cnwstqi4541","junior","N","A","铉","铉","铉","丿 一 一 一 𠄌 丶 一 𠃋 𠃋 丶","丿 一 一 𠃋 一 𠄌 丶 𠃋 丶 一"
"cnwstqi4542","junior","N","B","铊","铊","铊","丿 一 一 𠄌 乛 丶 乚 一 ㇀ 丿","丿 一 一 一 𠄌 丶 ㇀ 乛 丿 乚"
"cnwstqi4543","junior","N","B","铋","铋","铋","丿 一 一 丿 ㇀ 丶 一 丶 ㇃ 𠄌","丿 一 一 一 𠄌 ㇀ ㇃ 丶 丿 丶"
"cnwstqi4544","junior","N","B","铌","铌","铌","丿 一 丿 一 𠃍 一 乚 一 𠄌 丿","丿 一 一 一 𠄌 𠃍 一 丿 丿 乚"
"cnwstqi4545","junior","N","A","铍","铍","铍","丿 一 一 一 𠄌 乛 丿 丨 ㇇ ㇏","丿 一 ㇏ 乛 一 丿 一 ㇇ 𠄌 丨"
"cnwstqi4546","junior","N","A","䥽","䥽","䥽","丿 一 一 一 𠄌 𠃋 丿 ㇇ ㇏ 丶","丿 一 丿 𠃋 𠄌 一 一 丶 ㇇ ㇏"
"cnwstqi4547","junior","N","A","铎","铎","铎","丿 一 一 一 𠄌 ㇇ ㇏ 一 一 丨","丿 一 ㇇ ㇏ 一 一 𠄌 一 一 丨"
"cnwstqi4548","junior","N","B","氩","氩","氩","丿 一 ⺄ 丨 一 丨 丶 一 丿 一","丿 一 一 ⺄ 一 丨 丨 丶 丿 一"
"cnwstqi4549","junior","N","B","氤","氤","氤","丿 一 丿 一 丨 一 一 ⺄ 𠃍 丶","丿 一 一 ⺄ 丨 𠃍 一 丿 丶 一"
"cnwstqi4550","junior","N","A","氦","氦","氦","丿 一 一 ⺄ 丶 一 𠃋 丿 丿 丶","丿 一 一 丿 丶 𠃋 一 丿 ⺄ 丶"
"cnwstqi4551","junior","N","A","毪","毪","毪","丿 一 一 乚 𠃋 丶 丿 一 一 丨","丿 一 丿 𠃋 一 一 丶 丨 乚 一"
"cnwstqi4552","junior","N","A","舐","舐","舐","丿 一 丨 丨 𠃍 一 丿 𠄌 一 ㇂","丿 一 丨 𠄌 一 丨 𠃍 ㇂ 丿 一"
"cnwstqi4553","junior","N","B","秣","秣","秣","丿 一 ㇏ 一 丿 丨 丨 丶 丿 一","丿 一 丨 丿 丶 一 一 丨 丿 ㇏"
"cnwstqi4554","junior","N","B","秫","秫","秫","丿 一 丨 丿 一 丨 丶 丶 ㇏ 丿","丿 一 丨 丿 丶 一 丨 丿 ㇏ 丶"
"cnwstqi4555","junior","N","A","盉","盉","盉","丿 一 丨 丿 ㇏ 丨 𠃍 丨 丨 一","丿 一 丿 ㇏ 𠃍 丨 丨 丨 丨 一"
"cnwstqi4556","junior","N","A","笄","笄","笄","丿 一 丶 丿 一 丶 一 一 丿 丨","丿 一 丿 一 一 丶 一 丶 丿 丨"
"cnwstqi4557","junior","N","B","笕","笕","笕","丿 一 丿 丶 丿 乚 𠃍 丨 丶 一","丿 一 丶 丿 一 丶 丨 𠃍 丿 乚"
"cnwstqi4558","junior","N","B","笊","笊","笊","丿 一 丨 一 丶 丶 ㇏ 丿 丿 丿","丿 一 丶 丿 一 丶 丿 丿 丨 ㇏"
"cnwstqi4559","junior","N","B","笏","笏","笏","丿 一 丶 丿 𠃌 丿 一 丿 丶 丿","丿 一 丶 丿 一 丶 丿 𠃌 丿 丿"
"cnwstqi4560","junior","N","A","笆","笆","笆","丿 一 丶 丿 一 丶 𠃍 丨 一 乚","丿 一 丶 丨 丿 一 𠃍 丶 乚 一"
"cnwstqi4561","junior","N","B","俸","俸","俸","丿 丨 一 丨 一 一 一 ㇏ 一 丿","丿 丨 一 一 一 丿 ㇏ 一 一 丨"
"cnwstqi4562","junior","N","B","倩","倩","倩","丿 丨 𠃌 丨 一 丨 一 一 一 一","丿 丨 一 一 丨 一 丨 𠃌 一 一"
"cnwstqi4563","junior","N","B","俵","俵","俵","丿 丨 一 一 ㇏ 丿 丿 一 𠄌 丨","丿 丨 一 一 丨 一 丿 𠄌 丿 ㇏"
"cnwstqi4564","junior","N","A","偌","偌","偌","丿 丨 一 丨 丨 一 丿 丨 𠃍 一","丿 丨 一 一 丨 一 丨 丨 丿 𠃍"
"cnwstqi4565","junior","N","B","俳","俳","俳","丿 丨 一 丨 一 丨 一 一 一 一","丿 丨 丨 一 一 一 丨 一 一 一"
"cnwstqi4566","junior","N","B","俶","俶","俶","丿 丨 ㇇ 一 ㇏ 一 丨 丶 丿 亅","丿 丨 丨 一 一 亅 丿 丶 ㇇ ㇏"
"cnwstqi4567","junior","N","A","倬","倬","倬","丿 丨 丨 一 丨 𠃍 一 一 一 丨","丿 丨 一 一 一 一 丨 丨 丨 𠃍"
"cnwstqi4568","junior","N","A","倏","倏","倏","丿 丨 丨 丿 ㇇ ㇏ 一 丿 丶 丶","丿 丨 丿 丨 一 丿 丶 ㇇ 丶 ㇏"
"cnwstqi4569","junior","N","A","恁","恁","恁","丿 丨 丿 一 丨 一 ㇀ ㇃ 丶 丶","丿 丨 ㇃ 一 丿 丶 一 丶 丨 ㇀"
"cnwstqi4570","junior","N","A","倭","倭","倭","丿 丨 丿 一 丨 丿 ㇏ 𡿨 丿 一","丿 丨 一 丿 𡿨 ㇏ 丨 丿 一 丿"
"cnwstqi4571","junior","N","B","倪","倪","倪","丿 丨 一 丨 丿 丿 一 乚 一 𠃍","丿 丨 丿 丨 一 𠃍 一 一 丿 乚"
"cnwstqi4572","junior","N","A","俾","俾","俾","丿 丨 丿 丨 𠃍 一 一 丿 一 丨","丿 丨 𠃍 丿 丨 一 一 丿 一 丨"
"cnwstqi4573","junior","N","B","倜","倜","倜","丿 丨 𠃍 丨 一 一 丿 一 𠃌 丨","丿 丨 丿 𠃌 一 丨 一 丨 𠃍 一"
"cnwstqi4574","junior","N","B","隼","隼","隼","丿 丨 一 一 一 一 丶 丨 一 丨","丿 丨 丶 一 一 一 丨 一 一 丨"
"cnwstqi4575","junior","N","A","隽","隽","隽","丿 丨 丶 一 一 一 丨 一 𠄎 丿","丿 丨 一 𠄎 丨 一 丿 一 一 丶"
"cnwstqi4576","junior","N","B","倌","倌","倌","丿 丨 𠃍 一 一 乛 丨 ㇀ 𠃍 丶","丿 丨 丶 ㇀ 乛 丨 𠃍 一 𠃍 一"
"cnwstqi4577","junior","N","B","倥","倥","倥","丿 丨 丿 丶 丨 乛 一 ㇀ 丶 一","丿 丨 丶 ㇀ 乛 丿 丶 一 丨 一"
"cnwstqi4578","junior","N","B","臬","臬","臬","丿 丨 丨 一 一 𠃍 丿 一 一 ㇏","丿 丨 𠃍 一 一 一 一 丨 丿 ㇏"
"cnwstqi4579","junior","N","A","皋","皋","皋","丿 丨 𠃍 一 一 一 丿 ㇏ 一 丨","丿 丨 一 一 一 丿 一 ㇏ 𠃍 丨"
"cnwstqi4580","junior","N","B","郫","郫","郫","丿 丨 一 一 丨 ㇌ 丿 丨 一 𠃍","丿 丨 𠃍 一 一 丿 一 丨 ㇌ 丨"
"cnwstqi4581","junior","N","B","倨","倨","倨","丿 丨 一 丿 一 丨 𠃍 丨 一 𠃍","丿 丨 𠃍 一 丿 一 丨 丨 𠃍 一"
"cnwstqi4582","junior","N","B","衄","衄","衄","丿 丨 ㇀ 丨 𠃍 𠃍 一 一 丨 丨","丿 丨 𠃍 丨 丨 ㇀ 𠃍 丨 一 一"
"cnwstqi4583","junior","N","B","颀","颀","颀","丿 丿 丨 一 丿 丨 𠃍 丿 一 丶","丿 丿 一 丨 一 丿 丨 𠃍 丿 丶"
"cnwstqi4584","junior","N","A","徕","徕","徕","丿 丿 丨 一 丶 丿 一 丨 丿 ㇏","丿 丿 丨 丶 丨 丿 一 丿 ㇏ 一"
"cnwstqi4585","junior","N","B","舫","舫","舫","丿 丿 丶 𠃌 丿 丶 一 一 𠃌 丶","丿 丿 𠃌 丶 一 丶 丶 一 𠃌 丿"
"cnwstqi4586","junior","N","A","釜","釜","釜","丿 丶 丿 ㇏ 一 一 丨 丶 丿 一","丿 丶 ㇏ 丨 丿 丿 一 一 一 丶"
"cnwstqi4587","junior","N","A","奚","奚","奚","丿 丶 丶 丿 𠃋 𠃋 丶 一 丿 ㇏","丿 丶 丶 𠃋 𠃋 一 丿 丿 ㇏ 丶"
"cnwstqi4588","junior","N","A","衾","衾","衾","丿 ㇏ 丶 ㇇ 丶 一 丿 𠄌 丿 ㇏","丿 ㇏ 丿 ㇇ 𠄌 ㇏ 丶 丿 丶 一"
"cnwstqi4589","junior","N","B","胯","胯","胯","丿 𠃌 一 一 ㇉ 一 丿 ㇏ 一 一","丿 𠃌 一 一 一 丿 ㇏ 一 一 ㇉"
"cnwstqi4590","junior","N","B","胱","胱","胱","丿 𠃌 乚 丶 一 一 丿 丨 一 丿","丿 𠃌 一 一 丨 丶 丿 一 丿 乚"
"cnwstqi4591","junior","N","B","胴","胴","胴","丿 𠃌 丨 一 一 一 𠃌 丨 𠃍 一","丿 𠃌 一 一 丨 𠃌 一 丨 𠃍 一"
"cnwstqi4592","junior","N","A","胭","胭","胭","丿 𠃌 一 一 丨 𠃍 一 丿 丶 一","丿 𠃌 丶 一 丿 一 𠃍 一 丨 一"
"cnwstqi4593","junior","N","B","脍","脍","脍","丿 𠃌 丶 一 丿 一 一 ㇏ 一 𠃋","丿 𠃌 一 一 丿 ㇏ 一 一 𠃋 丶"
"cnwstqi4594","junior","N","A","胼","胼","胼","丿 𠃌 一 一 丶 丿 一 一 丿 丨","丿 𠃌 丿 丶 丿 一 一 一 丨 一"
"cnwstqi4595","junior","N","A","朕","朕","朕","丿 𠃌 一 一 丶 丿 一 一 丿 ㇏","丿 𠃌 丿 一 一 丶 ㇏ 一 丿 一"
"cnwstqi4596","junior","N","A","脒","脒","脒","丿 𠃌 一 一 丶 丿 一 丨 丿 ㇏","丿 𠃌 ㇏ 丿 丿 丨 一 一 一 丶"
"cnwstqi4597","junior","N","A","胺","胺","胺","丿 𠃌 一 一 丶 ㇀ 乛 𡿨 丿 一","丿 𠃌 乛 丶 一 𡿨 ㇀ 一 一 丿"
"cnwstqi4598","junior","N","A","鸱","鸱","鸱","丿 𠄌 一 ㇂ 丶 丿 𠃌 丶 ㇉ 一","丿 𠄌 一 一 𠃌 丶 丶 丿 ㇉ ㇂"
"cnwstqi4599","junior","N","B","玺","玺","玺","丿 乛 丶 亅 一 丨 一 一 丶 丿","丿 乛 亅 丿 丶 一 一 丨 一 丶"
"cnwstqi4600","junior","N","B","鸲","鸲","鸲","丿 𠃌 丿 丨 一 一 丶 ㇉ 𠃍 𠃌","丿 𠃌 丨 𠃍 一 丿 𠃌 丶 ㇉ 一"
"cnwstqi4601","junior","N","A","狷","狷","狷","丿 ㇁ 丿 丨 𠃍 一 丨 𠃌 一 一","丿 ㇁ 丿 一 一 丨 一 𠃌 丨 𠃍"
"cnwstqi4602","junior","N","B","猁","猁","猁","丿 ㇁ 丨 丶 丿 亅 丿 一 丿 丨","丿 ㇁ 丿 丿 一 丨 丿 丶 丨 亅"
"cnwstqi4603","junior","N","B","狳","狳","狳","丿 ㇁ 丿 一 丿 一 亅 丶 丿 ㇏","丿 ㇁ 丿 丿 ㇏ 一 一 亅 丿 丶"
"cnwstqi4604","junior","N","A","猃","猃","猃","丿 ㇁ 丿 丿 ㇏ 一 丶 丶 丿 一","丿 ㇁ 一 丶 一 ㇏ 丿 丶 丿 丿"
"cnwstqi4605","junior","N","B","狺","狺","狺","丿 ㇁ 一 丿 一 𠃍 一 丶 一 丨","丿 ㇁ 丿 丶 一 一 一 丨 𠃍 一"
"cnwstqi4606","junior","N","A","逖","逖","逖","丿 ㇁ 丿 ㇀ 丿 丿 丶 丶 ㇋ ㇏","丿 ㇁ 丶 ㇀ 丿 丿 ㇏ 丶 丿 ㇋"
"cnwstqi4607","junior","N","A","桀","桀","桀","丿 ㇇ 丶 一 𠃋 丨 一 丨 丿 ㇏","丿 ㇇ ㇏ 丨 一 丶 丨 一 𠃋 丿"
"cnwstqi4608","junior","N","A","袅","袅","袅","丿 𠃌 丶 ㇉ 丶 一 丿 𠄌 丿 ㇏","丿 𠃌 ㇏ 𠄌 丶 丶 丿 丿 ㇉ 一"
"cnwstqi4609","junior","N","A","饽","饽","饽","丿 乛 𠄌 一 丨 ㇀ 乛 ㇇ 亅 一","丿 乛 ㇇ 𠄌 乛 一 一 ㇀ 丨 亅"
"cnwstqi4610","junior","N","A","凇","凇","凇","丶 ㇀ 一 丨 丿 丶 丿 ㇏ 𠃋 丶","丶 ㇀ 丿 丿 ㇏ 𠃋 一 丶 丶 丨"
"cnwstqi4611","junior","N","A","栾","栾","栾","丶 一 丨 丨 丿 丶 一 丨 丿 ㇏","丶 一 一 丶 丨 丨 丿 丿 ㇏ 丨"
"cnwstqi4612","junior","N","B","挛","挛","挛","丶 一 丿 一 丶 一 丨 丨 丿 亅","丶 一 丨 丨 丿 丶 丿 一 一 亅"
"cnwstqi4613","junior","N","B","亳","亳","亳","丶 一 ㇀ 丿 乚 丨 一 一 𠃍 乛","丶 一 丨 𠃍 一 ㇀ 乛 丿 一 乚"
"cnwstqi4614","junior","N","A","疳","疳","疳","丶 一 丿 丶 ㇀ 一 丨 丨 一 一","丶 一 丨 一 ㇀ 丨 一 丿 一 丶"
"cnwstqi4615","junior","N","B","疴","疴","疴","丶 一 丶 𠃍 一 丿 丨 亅 一 ㇀","丶 一 丿 丶 ㇀ 一 丨 𠃍 一 亅"
"cnwstqi4616","junior","N","B","疸","疸","疸","丶 一 ㇀ 一 丿 一 丨 𠃍 一 丶","丶 一 丿 丶 ㇀ 丨 𠃍 一 一 一"
"cnwstqi4617","junior","N","A","疽","疽","疽","丶 一 丿 丶 ㇀ 丨 𠃍 一 一 一","丶 一 一 丶 ㇀ 一 丿 丨 𠃍 一"
"cnwstqi4618","junior","N","B","痈","痈","痈","丶 一 ㇀ 丨 丿 一 丿 一 𠃌 丶","丶 一 丿 丶 ㇀ 丿 𠃌 一 一 丨"
"cnwstqi4619","junior","N","B","疱","疱","疱","丶 一 乚 丿 一 𠃌 丿 ㇀ 𠃍 丶","丶 一 丿 丶 ㇀ 丿 𠃌 𠃍 一 乚"
"cnwstqi4620","junior","N","A","痂","痂","痂","丶 一 丿 丶 ㇀ 𠃌 丿 丨 𠃍 一","丶 一 𠃌 𠃍 ㇀ 丿 丶 一 丿 丨"
"cnwstqi4621","junior","N","A","痉","痉","痉","丶 一 丿 丶 ㇀ ㇇ 丶 一 丨 一","丶 一 丶 ㇀ 丿 ㇇ 一 丨 丶 一"
"cnwstqi4622","junior","N","A","衮","衮","衮","丶 一 丿 丶 𠃋 丶 丿 𠄌 丿 ㇏","丶 一 丶 𠃋 ㇏ 丿 丶 丿 丿 𠄌"
"cnwstqi4623","junior","N","B","凋","凋","凋","丶 ㇀ 一 丨 𠃌 一 丨 一 𠃍 丿","丶 ㇀ 丿 𠃌 一 丨 一 丨 𠃍 一"
"cnwstqi4624","junior","N","B","颃","颃","颃","丶 一 丿 一 𠃍 丨 丿 丿 ㇊ 丶","丶 一 丿 ㇊ 一 丿 丨 𠃍 丿 丶"
"cnwstqi4625","junior","N","A","恣","恣","恣","丶 ㇀ 丿 乛 丿 ㇏ ㇀ ㇃ 丶 丶","丶 ㇀ ㇃ ㇏ 丶 乛 丿 丿 丶 ㇀"
"cnwstqi4626","junior","N","B","旆","旆","旆","丶 一 丨 𠃌 一 𠃌 一 丿 丨 丿","丶 一 𠃌 丿 丿 一 一 丨 𠃌 丨"
"cnwstqi4627","junior","N","B","旄","旄","旄","丶 一 一 丿 丿 乚 丿 𠃌 一 一","丶 一 𠃌 丿 丿 一 丿 一 一 乚"
"cnwstqi4628","junior","N","B","旃","旃","旃","丶 一 一 𠃌 丿 𠃌 一 丶 丿 丿","丶 一 𠃌 丿 丿 一 丿 𠃌 丶 一"
"cnwstqi4629","junior","N","B","阃","阃","阃","丶 丨 丿 𠃌 丶 丨 𠃍 一 丨 一","丶 丨 𠃌 丨 𠃍 一 丨 丿 丶 一"
"cnwstqi4630","junior","N","A","阄","阄","阄","丶 丨 𠃌 丿 ㇇ 丨 𠃍 一 一 乚","丶 丨 𠃍 一 丨 ㇇ 丿 乚 𠃌 一"
"cnwstqi4631","junior","N","B","訚","訚","訚","丶 丨 丶 𠃌 一 𠃍 一 丨 一 一","丶 丨 𠃌 丶 一 一 一 丨 𠃍 一"
"cnwstqi4632","junior","N","A","阆","阆","阆","丶 丨 𠃌 丶 𠃍 一 一 𠄌 丿 丶","丶 丨 一 一 丶 𠃍 丶 丿 𠄌 𠃌"
"cnwstqi4633","junior","N","A","恙","恙","恙","丶 丿 一 一 丨 一 ㇀ ㇃ 丶 丶","丶 丿 丶 丶 一 一 ㇃ 一 ㇀ 丨"
"cnwstqi4634","junior","N","B","粑","粑","粑","丶 丿 丿 丨 乚 一 丨 一 丶 𠃍","丶 丿 一 丨 丿 丶 𠃍 丨 一 乚"
"cnwstqi4635","junior","N","B","朔","朔","朔","丶 丿 丿 一 一 ㇄ 丨 𠃌 丿 一","丶 丿 一 ㇄ 丨 丿 丿 𠃌 一 一"
"cnwstqi4636","junior","N","B","郸","郸","郸","丶 丿 一 ㇌ 丨 丨 𠃍 丨 一 一","丶 丿 丨 𠃍 一 一 一 丨 ㇌ 丨"
"cnwstqi4637","junior","N","A","烜","烜","烜","㇀ 丿 丿 丶 一 丨 𠃍 一 一 一","㇀ 丿 丿 丨 𠃍 丶 一 一 一 一"
"cnwstqi4638","junior","N","A","烨","烨","烨","㇀ 丿 丿 丶 丿 丨 丿 乚 一 丨","㇀ 丿 丿 丨 丿 一 丿 丨 丶 乚"
"cnwstqi4639","junior","N","A","烩","烩","烩","㇀ 丿 丿 丶 丿 ㇏ 一 一 𠃋 丶","㇀ 丿 ㇏ 一 丶 一 丶 𠃋 丿 丿"
"cnwstqi4640","junior","N","A","烊","烊","烊","㇀ 丿 丿 丶 丶 丿 一 一 一 丨","㇀ 丿 一 一 丨 丶 丿 丶 丿 一"
"cnwstqi4641","junior","N","A","剡","剡","剡","㇀ 丿 丿 丶 ㇀ 丿 丿 丶 丨 亅","㇀ 丿 丶 丶 丿 亅 丿 丨 丿 ㇀"
"cnwstqi4642","junior","N","B","郯","郯","郯","㇀ 丿 丶 丶 丿 ㇌ ㇀ 丿 丿 丨","㇀ 丿 丿 丶 ㇀ 丿 丿 丶 ㇌ 丨"
"cnwstqi4643","junior","N","A","烬","烬","烬","㇀ 丿 丿 丶 𠃍 一 丿 ㇏ 丶 丶","㇀ 丿 丿 ㇏ 丿 一 丶 丶 𠃍 丶"
"cnwstqi4644","junior","N","B","涑","涑","涑","丶 丶 𠃍 ㇀ ㇏ 一 丨 丿 一 丨","丶 丶 ㇀ 一 丨 𠃍 一 丨 丿 ㇏"
"cnwstqi4645","junior","N","A","浯","浯","浯","丶 丶 ㇀ 一 丨 𠃍 一 丨 𠃍 一","丶 丶 𠃍 ㇀ 一 一 一 𠃍 丨 丨"
"cnwstqi4646","junior","N","A","涞","涞","涞","丶 丶 ㇀ 一 丶 丿 一 丨 丿 ㇏","丶 丶 丶 丿 一 一 ㇀ 丿 ㇏ 丨"
"cnwstqi4647","junior","N","B","涟","涟","涟","丶 丶 ㇀ 𠃋 ㇏ 丨 一 一 丶 ㇋","丶 丶 ㇀ 一 𠃋 一 丨 丶 ㇋ ㇏"
"cnwstqi4648","junior","N","B","娑","娑","娑","丶 丶 丶 ㇀ 丿 丿 丨 丿 一 𡿨","丶 丶 ㇀ 丨 丿 丶 丿 𡿨 丿 一"
"cnwstqi4649","junior","N","B","涅","涅","涅","丶 丶 一 一 一 丨 ㇀ 丨 一 𠃍","丶 丶 ㇀ 丨 𠃍 一 一 一 丨 一"
"cnwstqi4650","junior","N","B","涠","涠","涠","丶 丶 一 𠃌 𠃍 丨 丨 一 ㇀ 一","丶 丶 ㇀ 丨 𠃍 一 一 𠃌 丨 一"
"cnwstqi4651","junior","N","B","浞","浞","浞","丶 丶 ㇀ 一 丿 丨 一 ㇏ 𠃍 丨","丶 丶 ㇀ 丨 𠃍 一 丨 一 丿 ㇏"
"cnwstqi4652","junior","N","A","涓","涓","涓","丶 丶 ㇀ 丨 𠃍 一 丨 𠃌 一 一","丶 丶 丨 𠃌 ㇀ 一 丨 𠃍 一 一"
"cnwstqi4653","junior","N","A","浥","浥","浥","丶 丶 ㇀ 丨 𠃍 一 𠃍 丨 一 乚","丶 丶 ㇀ 丨 𠃍 丨 一 乚 𠃍 一"
"cnwstqi4654","junior","N","B","涔","涔","涔","丶 丶 丿 ㇄ ㇀ 丨 ㇇ 丨 丶 ㇏","丶 丶 ㇀ 丨 ㇄ 丨 丿 ㇏ 丶 ㇇"
"cnwstqi4655","junior","N","A","浜","浜","浜","丶 丶 ㇀ 丿 丨 一 丨 一 丿 丶","丶 丶 丶 ㇀ 丨 一 丨 丿 一 丿"
"cnwstqi4656","junior","N","B","浠","浠","浠","丶 丶 丿 丨 丿 丶 ㇀ 丨 𠃌 一","丶 丶 ㇀ 丿 丶 一 丿 丨 𠃌 丨"
"cnwstqi4657","junior","N","B","浣","浣","浣","丶 丶 一 一 丶 丿 乚 ㇀ 乛 ㇀","丶 丶 ㇀ 丶 ㇀ 乛 一 一 丿 乚"
"cnwstqi4658","junior","N","A","浚","浚","浚","丶 丶 ㇀ 𠃋 丶 丿 丶 丿 ㇇ ㇏","丶 丶 ㇏ 𠃋 ㇇ 丿 丿 ㇀ 丶 丶"
"cnwstqi4659","junior","N","A","悚","悚","悚","㇀ 丶 丨 一 丨 𠃍 一 丨 丿 ㇏","㇀ 丶 ㇏ 丿 𠃍 丨 丨 一 丨 一"
"cnwstqi4660","junior","N","B","悭","悭","悭","㇀ 丶 ㇏ 一 ㇇ 丨 一 丨 丨 丨","㇀ 丶 丨 丨 丨 ㇇ ㇏ 一 丨 一"
"cnwstqi4661","junior","N","B","悝","悝","悝","㇀ 丶 一 𠃍 一 丨 丨 一 一 丨","㇀ 丶 丨 丨 𠃍 一 一 丨 一 一"
"cnwstqi4662","junior","N","A","悒","悒","悒","㇀ 丶 丨 丨 𠃍 一 𠃍 丨 一 乚","㇀ 丶 𠃍 丨 一 一 丨 丨 乚 𠃍"
"cnwstqi4663","junior","N","A","悌","悌","悌","㇀ 丶 丨 丶 丿 𠃍 一 ㇉ 丨 丿","㇀ 丶 丨 𠃍 丶 丨 ㇉ 丿 丿 一"
"cnwstqi4664","junior","N","B","悛","悛","悛","㇀ 丶 丨 丿 ㇏ 丿 𠃋 丶 丶 ㇇","㇀ 丶 丨 𠃋 丶 丿 丶 丿 ㇇ ㇏"
"cnwstqi4665","junior","N","A","宸","宸","宸","丶 ㇀ 乛 一 丿 一 一 𠄌 丿 ㇏","丶 ㇀ 一 一 𠄌 ㇏ 乛 一 丿 丿"
"cnwstqi4666","junior","N","B","窈","窈","窈","丶 ㇀ 丿 乛 丶 𠃋 𠃋 𠃌 丶 丿","丶 ㇀ 乛 丿 丶 𠃋 𠃋 丶 𠃌 丿"
"cnwstqi4667","junior","N","A","剜","剜","剜","丶 ㇀ 乛 丿 ㇇ 丶 𠃌 𠄌 丨 亅","丶 ㇀ 𠃌 丨 丶 𠄌 ㇇ 乛 丿 亅"
"cnwstqi4668","junior","N","A","诹","诹","诹","丶 ㇊ 一 丨 丨 一 一 ㇀ ㇇ ㇏","丶 ㇊ 一 一 丨 ㇀ 丨 一 ㇏ ㇇"
"cnwstqi4669","junior","N","A","冢","冢","冢","㇀ 乛 一 丿 ㇁ 丿 丿 丶 丿 ㇏","㇀ 乛 丿 ㇏ 丿 丶 一 丿 丿 ㇁"
"cnwstqi4670","junior","N","A","诼","诼","诼","丶 ㇊ 一 丿 ㇁ 丿 丿 丶 丿 ㇏","丶 ㇊ 丿 丿 ㇏ ㇁ 丿 丶 一 丿"
"cnwstqi4671","junior","N","B","袒","袒","袒","丶 ㇇ 丨 丿 一 丶 𠃍 一 丨 一","丶 ㇇ 丨 丿 丶 丨 𠃍 一 一 一"
"cnwstqi4672","junior","N","B","袢","袢","袢","丶 ㇇ 丿 丿 一 一 丶 丨 丶 丨","丶 ㇇ 丨 丿 丶 丶 丿 一 一 丨"
"cnwstqi4673","junior","N","A","祯","祯","祯","丶 ㇇ 丨 丶 丨 一 丨 𠃍 丿 丶","丶 ㇇ 丨 丨 一 丶 丿 𠃍 丨 丶"
"cnwstqi4674","junior","N","A","诿","诿","诿","丶 ㇊ 丿 一 丨 丿 ㇏ 𡿨 丿 一","丶 ㇊ 丿 一 ㇏ 丨 一 丿 𡿨 丿"
"cnwstqi4675","junior","N","A","谀","谀","谀","丶 ㇊ 丿 丨 一 𠃍 一 一 丿 ㇏","丶 ㇊ 一 一 一 𠃍 丨 ㇏ 丿 丿"
"cnwstqi4676","junior","N","A","谂","谂","谂","丶 ㇊ 丿 ㇏ 丶 ㇇ ㇀ ㇃ 丶 丶","丶 ㇊ 丶 丶 ㇀ 丶 ㇃ ㇏ 丿 ㇇"
"cnwstqi4677","junior","N","B","谄","谄","谄","丶 ㇊ ㇇ 丿 一 丿 一 丨 一 𠃍","丶 ㇊ 丿 ㇇ 丿 丨 一 𠃍 一 一"
"cnwstqi4678","junior","N","B","谇","谇","谇","丶 ㇊ 丿 丨 丿 丶 丶 一 丶 一","丶 ㇊ 丶 一 丿 丶 丿 丶 一 丨"
"cnwstqi4679","junior","N","A","屐","屐","屐","𠃍 一 丿 丿 丿 丨 一 丨 ㇇ ㇏","𠃍 一 丿 一 丿 丨 丨 ㇇ 丿 ㇏"
"cnwstqi4680","junior","N","A","屙","屙","屙","𠃍 一 丿 ㇌ 丨 一 丨 𠃍 一 亅","𠃍 一 𠃍 丨 一 一 丨 ㇌ 亅 丿"
"cnwstqi4681","junior","N","A","陬","陬","陬","㇌ 丨 一 丨 丨 一 一 ㇀ ㇇ ㇏","㇌ 丨 丨 一 丨 一 ㇇ ㇀ 一 ㇏"
"cnwstqi4682","junior","N","B","勐","勐","勐","㇇ 亅 一 𠃌 丨 丨 𠃍 ㇀ 丨 丿","㇇ 亅 一 丨 𠃍 丨 丨 ㇀ 𠃌 丿"
"cnwstqi4683","junior","N","B","奘","奘","奘","㇄ 丨 丨 丿 一 一 一 ㇏ 一 丿","㇄ 丨 一 丿 一 丨 一 一 丿 ㇏"
"cnwstqi4684","junior","N","A","牂","牂","牂","㇄ 丨 一 丿 丶 丿 一 一 一 丨","㇄ 丨 一 丶 丿 一 一 丨 一 丿"
"cnwstqi4685","junior","N","A","蚩","蚩","蚩","㇄ 丨 丨 一 丨 𠃍 一 丨 一 丶","㇄ 丨 一 丨 𠃍 丶 丨 丨 一 一"
"cnwstqi4686","junior","N","B","陲","陲","陲","㇌ 丨 一 一 一 丿 丨 丨 一 丨","㇌ 丨 丿 一 丨 一 丨 丨 一 一"
"cnwstqi4687","junior","N","B","姬","姬","姬","𡿨 丿 一 一 ㇄ 一 𠃍 丨 丨 丨","𡿨 丿 一 一 丨 丨 𠃍 一 丨 ㇄"
"cnwstqi4688","junior","N","B","娠","娠","娠","𡿨 丿 丿 ㇏ 一 一 𠄌 一 丿 一","𡿨 丿 一 一 丿 一 一 𠄌 丿 ㇏"
"cnwstqi4689","junior","N","A","娌","娌","娌","𡿨 丿 一 丨 𠃍 一 一 丨 一 一","𡿨 丿 一 一 一 一 一 丨 𠃍 丨"
"cnwstqi4690","junior","N","A","娉","娉","娉","𡿨 丿 一 丨 𠃍 一 丨 一 一 ㇉","𡿨 丿 一 丨 丨 𠃍 一 一 ㇉ 一"
"cnwstqi4691","junior","N","B","娲","娲","娲","𡿨 丿 一 丶 丨 丨 𠃍 丿 𠃌 一","𡿨 丿 一 丨 𠃍 一 丨 𠃌 丿 丶"
"cnwstqi4692","junior","N","A","娩","娩","娩","𡿨 丿 一 丿 ㇇ 丨 𠃍 一 丿 乚","𡿨 丿 丨 一 丿 ㇇ 丿 乚 𠃍 一"
"cnwstqi4693","junior","N","A","娴","娴","娴","𡿨 丿 一 丶 丨 𠃌 一 丨 丿 丶","𡿨 丿 丶 一 丨 丿 丨 一 𠃌 丶"
"cnwstqi4694","junior","N","B","娣","娣","娣","𡿨 丿 一 丿 丶 ㇉ 丨 丿 𠃍 一","𡿨 丿 一 丶 丿 𠃍 一 ㇉ 丨 丿"
"cnwstqi4695","junior","N","A","娓","娓","娓","𡿨 丿 一 𠃍 一 丿 丿 一 一 乚","𡿨 丿 一 一 𠃍 一 丿 乚 一 丿"
"cnwstqi4696","junior","N","B","婀","婀","婀","𡿨 丿 𠃍 一 ㇌ 一 亅 丨 一 丨","𡿨 丿 一 ㇌ 丨 一 丨 𠃍 一 亅"
"cnwstqi4697","junior","N","A","畚","畚","畚","𠃋 丶 一 丿 ㇏ 丨 𠃍 一 丨 一","𠃋 丶 𠃍 丨 一 ㇏ 一 丨 丿 一"
"cnwstqi4698","junior","N","A","逡","逡","逡","𠃋 丶 丿 丶 丿 ㇇ 丶 丶 ㇋ ㇏","𠃋 丶 丿 ㇇ ㇋ 丶 丿 丶 ㇏ 丶"
"cnwstqi4699","junior","N","A","绠","绠","绠","𠃋 𠃋 ㇀ 一 丨 𠃍 一 一 丿 ㇏","𠃋 𠃋 丿 ㇀ 一 丨 ㇏ 一 𠃍 一"
"cnwstqi4700","junior","N","B","骊","骊","骊","𠃍 ㇉ 𠃌 丶 丨 一 丨 ㇀ 丶 𠃌","𠃍 ㇉ ㇀ 一 丨 𠃌 丶 丨 𠃌 丶"
"cnwstqi4701","junior","N","B","绡","绡","绡","𠃋 𠃋 丨 一 丿 𠃌 丶 ㇀ 丨 一","𠃋 𠃋 ㇀ 丨 丶 丿 丨 𠃌 一 一"
"cnwstqi4702","junior","N","B","骋","骋","骋","𠃍 ㇉ 𠃍 一 ㇉ 丨 ㇀ 丨 一 一","𠃍 ㇉ ㇀ 丨 𠃍 一 丨 一 一 ㇉"
"cnwstqi4703","junior","N","A","绥","绥","绥","𠃋 𠃋 ㇀ 丿 丶 丶 丿 𡿨 丿 一","𠃋 𠃋 一 丿 丶 丶 ㇀ 丿 丿 𡿨"
"cnwstqi4704","junior","N","B","绦","绦","绦","𠃋 𠃋 丿 一 ㇇ 亅 丿 丶 ㇏ ㇀","𠃋 𠃋 ㇀ 丿 ㇇ ㇏ 一 亅 丿 丶"
"cnwstqi4705","junior","N","B","绨","绨","绨","𠃋 𠃋 丶 ㇀ ㇉ 一 丿 𠃍 丨 丿","𠃋 𠃋 ㇀ 丶 丿 𠃍 一 ㇉ 丨 丿"
"cnwstqi4706","junior","N","A","骎","骎","骎","𠃍 ㇉ ㇀ 𠃍 一 一 ㇀ ㇇ ㇇ ㇏","𠃍 ㇉ 一 ㇏ ㇇ ㇀ 一 ㇀ 𠃍 ㇇"
"cnwstqi4707","junior","N","B","邕","邕","邕","𡿨 𡿨 丨 𠃍 乚 𡿨 一 丨 一 𠃍","𡿨 𡿨 𡿨 丨 𠃍 一 𠃍 丨 一 乚"
"cnwstqi4708","junior","N","B","鸶","鸶","鸶","𠃋 𠃋 𠃋 丿 𠃌 𠃋 一 ㇉ 一 丶","𠃋 𠃋 𠃋 𠃋 一 丿 𠃌 丶 ㇉ 一"
"cnwstqi4709","junior","N","B","彗","彗","彗","一 一 丨 一 丨 一 一 一 𠃍 一 一","一 一 一 丨 一 一 一 丨 𠃍 一 一"
"cnwstqi4710","junior","N","B","耜","耜","耜","一 一 丿 一 一 丨 丶 𠃍 一 𠃍 丨","一 一 一 丨 丿 丶 丨 𠃍 一 𠃍 一"
"cnwstqi4711","junior","N","A","焘","焘","焘","一 一 一 丿 一 亅 丶 ㇀ 丶 丶 丶","一 一 亅 丶 一 丶 丶 丶 ㇀ 丿 一"
"cnwstqi4712","junior","N","B","舂","舂","舂","一 一 丿 丨 一 一 𠃍 丿 ㇏ 一 一","一 一 一 丿 ㇏ 丿 丨 一 𠃍 一 一"
"cnwstqi4713","junior","N","B","琏","琏","琏","一 一 丨 一 𠃋 丨 一 ㇋ ㇏ 丶 ㇀","一 一 丨 ㇀ 一 𠃋 一 丨 丶 ㇋ ㇏"
"cnwstqi4714","junior","N","B","琇","琇","琇","一 一 ㇏ 丿 丿 丿 一 丨 ㇀ 丨 𠄎","一 一 丨 ㇀ 丿 一 丨 丿 ㇏ 𠄎 丿"
"cnwstqi4715","junior","N","A","麸","麸","麸","一 一 丨 一 丿 ㇇ 丶 一 一 丿 ㇏","一 一 丶 一 丨 一 ㇇ ㇏ 丿 丿 一"
"cnwstqi4716","junior","N","B","揶","揶","揶","一 亅 丨 一 一 丨 ㇀ ㇀ ㇌ 丨 一","一 亅 ㇀ 一 丨 丨 一 一 ㇀ ㇌ 丨"
"cnwstqi4717","junior","N","A","埴","埴","埴","一 丨 ㇀ 一 丨 丨 𠃍 一 一 一 一","一 丨 一 一 ㇀ 一 𠃍 一 一 丨 丨"
"cnwstqi4718","junior","N","A","埯","埯","埯","一 丨 ㇀ 一 丿 ㇏ 丨 𠃍 一 一 乚","一 丨 丨 丿 ㇀ 一 一 ㇏ 乚 𠃍 一"
"cnwstqi4719","junior","N","B","捯","捯","捯","一 亅 一 𠃋 ㇀ 丨 一 丨 亅 丶 ㇀","一 亅 ㇀ 一 𠃋 丶 一 丨 ㇀ 丨 亅"
"cnwstqi4720","junior","N","A","掳","掳","掳","一 亅 ㇀ 丨 一 乛 丿 一 乚 𠃌 丿","一 亅 乛 𠃌 一 丿 丨 丿 ㇀ 乚 一"
"cnwstqi4721","junior","N","A","掴","掴","掴","一 亅 ㇀ 丨 𠃍 一 一 丨 一 丶 一","一 亅 丶 丨 一 一 ㇀ 𠃍 一 一 丨"
"cnwstqi4722","junior","N","B","埸","埸","埸","一 丨 ㇀ 丿 𠃌 丿 丿 一 𠃍 丨 一","一 丨 ㇀ 丨 𠃍 一 一 丿 𠃌 丿 丿"
"cnwstqi4723","junior","N","B","埵","埵","埵","一 丨 一 丨 ㇀ 一 一 丿 丨 一 丨","一 丨 ㇀ 丿 一 丨 一 丨 丨 一 一"
"cnwstqi4724","junior","N","A","赧","赧","赧","一 丨 一 丿 亅 丿 丶 𠃌 丨 ㇇ ㇏","一 丨 丿 丿 𠃌 丶 ㇇ 亅 ㇏ 丨 一"
"cnwstqi4725","junior","N","B","埤","埤","埤","一 丨 丨 一 丿 一 丨 ㇀ 丿 𠃍 一","一 丨 ㇀ 丿 丨 𠃍 一 一 丿 一 丨"
"cnwstqi4726","junior","N","A","捭","捭","捭","一 亅 ㇀ 丿 丨 𠃍 一 一 丿 一 丨","一 亅 𠃍 一 丨 丿 丨 丿 ㇀ 一 一"
"cnwstqi4727","junior","N","B","逵","逵","逵","一 丨 丨 丶 ㇏ 一 一 ㇋ 丿 一 丶","一 丨 一 丿 丶 一 丨 一 丶 ㇋ ㇏"
"cnwstqi4728","junior","N","B","埝","埝","埝","一 丨 丶 丶 ㇀ 丿 ㇇ ㇀ ㇃ ㇏ 丶","一 丨 ㇀ 丿 ㇏ 丶 ㇇ ㇀ ㇃ 丶 丶"
"cnwstqi4729","junior","N","A","堋","堋","堋","一 丨 ㇀ 丿 𠃌 一 一 丿 𠃌 一 一","一 丨 𠃌 一 丿 一 ㇀ 𠃌 丿 一 一"
"cnwstqi4730","junior","N","B","堍","堍","堍","一 丨 丿 丶 ㇇ 乚 丨 𠃍 一 丿 ㇀","一 丨 ㇀ 丿 ㇇ 丨 𠃍 一 丿 乚 丶"
"cnwstqi4731","junior","N","B","掬","掬","掬","一 亅 丿 丿 𠃌 丶 丿 ㇀ 丨 丶 一","一 亅 ㇀ 丿 𠃌 丶 丿 一 丨 丿 丶"
"cnwstqi4732","junior","N","A","鸷","鸷","鸷","一 亅 ㇀ 丿 ⺄ 丶 丿 𠃌 丶 ㇉ 一","一 亅 一 𠃌 丿 丶 ㇉ ㇀ 丶 丿 ⺄"
"cnwstqi4733","junior","N","B","掖","掖","掖","一 亅 ㇇ ㇀ ㇏ 丶 丶 丿 丿 丨 一","一 亅 ㇀ 丶 一 丿 丨 丿 ㇇ 丶 ㇏"
"cnwstqi4734","junior","N","B","捽","捽","捽","一 亅 一 丶 ㇀ 丿 丶 丿 一 丶 丨","一 亅 ㇀ 丶 一 丿 丶 丿 丶 一 丨"
"cnwstqi4735","junior","N","A","掊","掊","掊","一 亅 ㇀ 丶 一 丶 丿 一 丨 𠃍 一","一 亅 一 丨 ㇀ 丶 丿 一 𠃍 丶 一"
"cnwstqi4736","junior","N","B","堉","堉","堉","一 丨 丶 𠃋 一 一 𠃌 ㇀ 丶 一 丨","一 丨 ㇀ 丶 一 𠃋 丶 丨 𠃌 一 一"
"cnwstqi4737","junior","N","A","掸","掸","掸","一 亅 ㇀ 丶 丿 丨 𠃍 一 一 一 丨","一 亅 𠃍 一 丨 丿 丨 ㇀ 一 丶 一"
"cnwstqi4738","junior","N","B","捩","捩","捩","一 亅 丿 ㇏ 丶 丿 丶 ㇀ 一 𠃍 一","一 亅 ㇀ 丶 𠃍 一 丿 一 丿 ㇏ 丶"
"cnwstqi4739","junior","N","A","掮","掮","掮","一 亅 ㇀ 丶 𠃍 一 丿 丨 𠃌 一 一","一 亅 丶 ㇀ 𠃍 一 丿 一 丨 一 𠃌"
"cnwstqi4740","junior","N","B","悫","悫","悫","一 丨 一 乛 ㇀ 丶 ㇀ ㇃ ⺄ 丶 丿","一 丨 一 ㇀ 乛 丿 ⺄ ㇀ ㇃ 丶 丶"
"cnwstqi4741","junior","N","B","埭","埭","埭","一 丨 亅 丿 𠃍 ㇀ ㇏ ㇀ 一 一 丶","一 丨 ㇀ 𠃍 一 一 亅 丶 ㇀ 丿 ㇏"
"cnwstqi4742","junior","N","A","埽","埽","埽","一 丨 ㇀ 𠃍 一 一 ㇀ 乛 丨 𠃌 丨","一 丨 ㇀ 𠃍 一 丨 𠃌 丨 乛 一 ㇀"
"cnwstqi4743","junior","N","A","掇","掇","掇","一 亅 ㇀ ㇇ 丶 ㇇ 丶 ㇇ 丶 ㇇ ㇏","一 亅 丶 丶 丶 ㇇ ㇏ ㇇ ㇇ ㇇ ㇀"
"cnwstqi4744","junior","N","B","掼","掼","掼","一 亅 𠃍 𠃍 一 丿 丶 ㇀ 丨 ㇄ 丨","一 亅 ㇀ ㇄ 𠃍 丨 一 丨 𠃍 丿 丶"
"cnwstqi4745","junior","N","B","聃","聃","聃","一 丨 丨 𠃌 一 丨 一 一 丨 ㇀ 一","一 丨 丨 一 一 ㇀ 丨 𠃌 丨 一 一"
"cnwstqi4746","junior","N","A","菁","菁","菁","一 丨 丨 一 一 丨 一 丨 𠃌 一 一","一 丨 一 一 𠃌 丨 一 丨 一 一 丨"
"cnwstqi4747","junior","N","B","萁","萁","萁","一 丨 一 丨 一 丶 丿 一 一 丨 丨","一 丨 丨 一 丨 丨 一 一 一 丿 丶"
"cnwstqi4748","junior","N","A","菘","菘","菘","一 丨 丨 一 丨 丿 丶 丿 ㇏ 𠃋 丶","一 丨 一 丿 丶 丨 丶 丿 𠃋 ㇏ 丨"
"cnwstqi4749","junior","N","A","堇","堇","堇","一 丨 丨 一 丨 𠃍 一 一 一 丨 一","一 丨 一 𠃍 丨 一 丨 一 丨 一 一"
"cnwstqi4750","junior","N","A","萘","萘","萘","一 丨 丨 一 丿 ㇏ 一 一 亅 丿 丶","一 丨 ㇏ 丿 丿 一 丶 丨 亅 一 一"
"cnwstqi4751","junior","N","A","萋","萋","萋","一 丨 丨 一 𠃍 一 一 丨 𡿨 丿 一","一 丨 𡿨 一 一 丨 丨 丿 一 一 𠃍"
"cnwstqi4752","junior","N","A","菽","菽","菽","一 丨 丨 丨 一 一 亅 丿 丶 ㇇ ㇏","一 丨 丨 亅 丨 ㇇ 丶 ㇏ 一 一 丿"
"cnwstqi4753","junior","N","A","菖","菖","菖","一 丨 丨 丨 𠃍 一 一 丨 𠃍 一 一","一 丨 丨 𠃍 一 一 一 丨 一 𠃍 丨"
"cnwstqi4754","junior","N","A","萜","萜","萜","一 丨 丨 丨 𠃌 丨 丨 一 丨 𠃍 一","一 丨 丨 一 𠃌 一 𠃍 丨 丨 丨 丨"
"cnwstqi4755","junior","N","A","萸","萸","萸","一 丨 丨 丿 丨 一 𠃍 一 一 丿 ㇏","一 丨 丿 丿 ㇏ 丨 丨 𠃍 一 一 一"
"cnwstqi4756","junior","N","A","萑","萑","萑","一 丨 丨 丿 丨 丶 一 一 一 丨 一","一 丨 丨 一 丿 丨 一 一 一 丨 丶"
"cnwstqi4757","junior","N","B","棻","棻","棻","一 丨 丿 丶 一 丨 丿 ㇏ 丿 𠃌 丨","一 丨 丨 丿 丶 𠃌 丿 一 丨 丿 ㇏"
"cnwstqi4758","junior","N","A","菔","菔","菔","一 丨 丨 丿 𠃌 一 一 𠃌 丨 ㇇ ㇏","一 丨 一 丨 ㇇ ㇏ 𠃌 丿 丨 一 𠃌"
"cnwstqi4759","junior","N","A","菟","菟","菟","一 丨 丨 丿 ㇇ 丨 𠃍 一 丿 乚 丶","一 丨 乚 一 丨 ㇇ 丶 丿 𠃍 丿 丨"
"cnwstqi4760","junior","N","B","萏","萏","萏","一 丨 丨 一 ㇇ 一 𠃍 一 丿 丨 丿","一 丨 丨 丿 ㇇ 丿 丨 一 𠃍 一 一"
"cnwstqi4761","junior","N","A","萃","萃","萃","一 丨 丨 丶 一 丿 丶 丿 丶 一 丨","一 丨 丨 丶 丶 一 丨 丿 一 丿 丶"
"cnwstqi4762","junior","N","B","菏","菏","菏","一 丨 丨 一 丨 丶 亅 𠃍 一 ㇀ 丶","一 丨 丨 丶 丶 ㇀ 一 丨 𠃍 一 亅"
"cnwstqi4763","junior","N","A","菹","菹","菹","一 丨 丨 丶 丶 ㇀ 丨 𠃍 一 一 一","一 丨 丶 ㇀ 一 丨 一 一 𠃍 丶 丨"
"cnwstqi4764","junior","N","B","菪","菪","菪","一 丨 丶 丿 𠃍 丨 一 ㇀ 丨 一 乛","一 丨 丨 丶 ㇀ 乛 一 丿 丨 𠃍 一"
"cnwstqi4765","junior","N","A","菅","菅","菅","一 丨 丨 丶 ㇀ 乛 丨 𠃍 一 𠃍 一","一 丨 ㇀ 丨 一 𠃍 𠃍 乛 丶 一 丨"
"cnwstqi4766","junior","N","B","菀","菀","菀","一 丨 丶 丶 乚 丿 ㇀ 丨 𠃌 乛 乛","一 丨 丨 丶 ㇀ 乛 丿 乛 丶 𠃌 乚"
"cnwstqi4767","junior","N","B","萦","萦","萦","一 丨 ㇀ 丶 亅 丿 丶 𠃋 乛 丨 𠃋","一 丨 丨 ㇀ 乛 𠃋 𠃋 丶 亅 丿 丶"
"cnwstqi4768","junior","N","B","菰","菰","菰","一 丨 丨 丿 𠄌 亅 ㇀ 丿 ㇏ ㇇ 丶","一 丨 丨 ㇇ 亅 ㇀ 丿 丿 𠄌 丶 ㇏"
"cnwstqi4769","junior","N","B","菡","菡","菡","一 丨 ㇀ 丶 ㇇ 丶 丨 亅 ㇄ 丿 丨","一 丨 丨 ㇇ 亅 丶 ㇀ 丿 丶 ㇄ 丨"
"cnwstqi4770","junior","N","A","梵","梵","梵","一 丨 丿 丶 一 丨 丿 ㇏ 丿 ⺄ 丶","一 丨 一 丿 丶 丨 丿 ⺄ ㇏ 丶 丿"
"cnwstqi4771","junior","N","A","梿","梿","梿","一 丨 丿 丶 一 𠃋 一 丨 丶 ㇋ ㇏","一 丨 𠃋 丿 一 ㇏ 丨 丶 ㇋ 一 丶"
"cnwstqi4772","junior","N","B","梏","梏","梏","一 丨 丨 一 丿 丨 丶 一 丿 一 𠃍","一 丨 丿 丶 丿 一 丨 一 丨 𠃍 一"
"cnwstqi4773","junior","N","A","觋","觋","觋","一 丨 丿 丶 丿 丶 ㇀ 丨 𠃍 丿 乚","一 丨 丶 丿 乚 丶 𠃍 丿 ㇀ 丨 丿"
"cnwstqi4774","junior","N","B","桴","桴","桴","一 丨 丿 一 丶 ㇇ 丶 亅 丶 丿 丿","一 丨 丿 丶 丿 丶 丶 丿 ㇇ 亅 一"
"cnwstqi4775","junior","N","B","桷","桷","桷","一 丨 丿 丨 ㇇ 一 一 丿 丿 丶 𠃌","一 丨 丿 丶 丿 ㇇ 丿 𠃌 一 一 丨"
"cnwstqi4776","junior","N","A","梓","梓","梓","一 丨 丿 丶 丶 一 丶 丿 一 一 丨","一 丨 丨 丿 丶 丿 一 丶 丶 一 一"
"cnwstqi4777","junior","N","B","棁","棁","棁","一 丨 丿 丿 丶 乚 𠃍 一 丿 丨 丶","一 丨 丿 丶 丶 丿 丨 𠃍 一 丿 乚"
"cnwstqi4778","junior","N","A","桫","桫","桫","一 丨 丿 丶 丶 丶 ㇀ 丨 丿 丶 丿","一 丨 丶 ㇀ 丶 丿 丿 丶 丶 丨 丿"
"cnwstqi4779","junior","N","B","棂","棂","棂","一 丨 ㇏ 一 一 ㇀ 丶 丿 丿 𠃍 丿","一 丨 丿 丶 𠃍 一 一 ㇀ 丿 丿 ㇏"
"cnwstqi4780","junior","N","B","啬","啬","啬","一 丨 丿 丨 一 一 𠃍 𠃍 丨 一 丶","一 丨 丶 丿 一 丨 𠃍 丨 𠃍 一 一"
"cnwstqi4781","junior","N","A","郾","郾","郾","一 丨 𠃍 一 一 𡿨 丿 一 ㇄ ㇌ 丨","一 丨 一 丨 一 𠃍 ㇄ 丿 𡿨 ㇌ 一"
"cnwstqi4782","junior","N","B","匮","匮","匮","一 丨 丿 一 一 𠃍 丨 丶 𠃍 ㇄ 丨","一 丨 𠃍 一 丨 一 丨 𠃍 丿 丶 ㇄"
"cnwstqi4783","junior","N","B","敕","敕","敕","一 丨 丿 ㇏ 𠃍 丿 丿 一 丶 丨 一","一 丨 𠃍 一 丨 丿 丶 丿 一 丿 ㇏"
"cnwstqi4784","junior","N","A","豉","豉","豉","一 丨 𠃍 一 丶 丿 ㇀ 一 丨 ㇇ ㇏","一 丨 𠃍 ㇏ 一 丿 丨 ㇇ ㇀ 一 丶"
"cnwstqi4785","junior","N","B","鄄","鄄","鄄","一 丨 一 ㇀ 一 丨 丨 丨 𠃍 ㇌ 丨","一 丨 𠃍 丨 丨 一 一 丨 ㇀ ㇌ 丨"
"cnwstqi4786","junior","N","A","酞","酞","酞","一 丨 𠃍 丿 ㇄ 一 一 一 丿 ㇏ 丶","一 丨 𠃍 ㇏ 丿 ㇄ 一 丿 一 一 丶"
"cnwstqi4787","junior","N","A","酚","酚","酚","一 丨 𠃍 丿 ㇄ 一 一 丿 ㇏ 𠃌 丿","一 丨 𠃍 𠃌 ㇏ 丿 丿 丿 一 ㇄ 一"
"cnwstqi4788","junior","N","A","戛","戛","戛","一 丿 丨 𠃍 一 一 一 一 ㇂ 丿 丶","一 丿 丨 一 ㇂ 丿 一 𠃍 丶 一 一"
"cnwstqi4789","junior","N","A","硎","硎","硎","一 丿 丨 𠃍 一 一 一 丿 丨 丨 亅","一 丿 丿 𠃍 丨 丨 亅 丨 一 一 一"
"cnwstqi4790","junior","N","B","硭","硭","硭","一 丿 ㇄ 𠃍 丨 丨 一 丨 一 丶 一","一 丿 丨 𠃍 一 一 丨 丨 丶 一 ㇄"
"cnwstqi4791","junior","N","B","硒","硒","硒","一 丿 𠃍 丨 一 丿 𠃍 一 丨 一 ㇄","一 丿 丨 𠃍 一 一 丨 𠃍 丿 ㇄ 一"
"cnwstqi4792","junior","N","B","硖","硖","硖","一 丿 丨 一 丶 一 𠃍 丿 丿 一 ㇏","一 丿 丨 𠃍 一 一 丶 丿 一 丿 ㇏"
"cnwstqi4793","junior","N","B","硗","硗","硗","一 丿 乚 一 一 一 丿 𠃍 丨 ㇂ 丿","一 丿 丨 𠃍 一 一 ㇂ 丿 一 丿 乚"
"cnwstqi4794","junior","N","B","硐","硐","硐","一 丿 𠃌 一 丨 一 𠃍 丨 一 丨 𠃍","一 丿 丨 𠃍 一 丨 𠃌 一 丨 𠃍 一"
"cnwstqi4795","junior","N","A","硇","硇","硇","一 丿 丨 𠃍 一 丿 丨 𠃍 丿 丶 一","一 丿 丨 丶 丿 一 𠃍 一 𠃍 丨 丿"
"cnwstqi4796","junior","N","B","硌","硌","硌","一 丿 ㇇ 𠃍 丨 ㇏ 一 丨 一 𠃍 丿","一 丿 丨 𠃍 一 丿 ㇇ ㇏ 丨 𠃍 一"
"cnwstqi4797","junior","N","B","鸸","鸸","鸸","一 丿 𠃌 𠃌 ㇉ 一 丨 丨 丶 丿 丨","一 丿 丨 𠃌 丨 丨 丿 𠃌 丶 ㇉ 一"
"cnwstqi4798","junior","N","B","瓠","瓠","瓠","一 丿 丶 一 ㇏ 一 丿 ㇏ 𠄌 ㇉ 丿","一 丿 ㇏ 一 一 ㇉ 丿 丿 𠄌 丶 ㇏"
"cnwstqi4799","junior","N","A","匏","匏","匏","一 丿 丶 一 一 ㇉ 丿 𠃌 𠃍 一 乚","一 丿 一 丿 𠃌 𠃍 一 ㇉ 丶 乚 一"
"cnwstqi4800","junior","N","B","厩","厩","厩","一 丿 𠄌 一 丶 一 一 丿 乚 𠃋 𠃍","一 丿 𠃍 一 一 𠄌 丶 一 𠃋 丿 乚"
"cnwstqi4801","junior","N","B","龚","龚","龚","一 丿 丨 丶 丿 丿 丨 乚 一 一 丶","一 丿 乚 丿 丶 一 丨 丨 一 丿 丶"
"cnwstqi4802","junior","N","B","殒","殒","殒","一 丿 丨 丶 丶 一 𠃍 丿 𠃍 ㇇ 丨","一 丿 ㇇ 丶 丨 𠃍 一 丨 𠃍 丿 丶"
"cnwstqi4803","junior","N","B","殓","殓","殓","一 丿 一 丶 丶 ㇏ 丶 ㇇ 丿 一 丿","一 丿 ㇇ 丶 丿 ㇏ 一 丶 丶 丿 一"
"cnwstqi4804","junior","N","B","殍","殍","殍","一 丿 丶 亅 丿 丶 丿 丶 ㇇ 一 ㇇","一 丿 ㇇ 丶 丿 丶 丶 丿 ㇇ 亅 一"
"cnwstqi4805","junior","N","B","赉","赉","赉","一 丶 丿 ㇏ 丿 一 丶 丨 丨 𠃍 丿","一 丶 丿 一 丨 丿 ㇏ 丨 𠃍 丿 丶"
"cnwstqi4806","junior","N","B","雩","雩","雩","一 ㇀ 一 乛 丨 一 ㇉ 丶 丶 丶 丶","一 ㇀ 乛 丨 丶 丶 丶 丶 一 一 ㇉"
"cnwstqi4807","junior","N","B","辄","辄","辄","一 𠃋 乚 ㇀ 一 丨 ㇀ 一 丨 丨 一","一 𠃋 丨 ㇀ 一 丨 丨 一 一 ㇀ 乚"
"cnwstqi4808","junior","N","B","堑","堑","堑","一 𠃋 一 一 丿 丨 丿 ㇀ 一 丨 丨","一 𠃋 丨 ㇀ 丿 丿 一 丨 一 丨 一"
"cnwstqi4809","junior","N","B","眭","眭","眭","丨 𠃍 一 一 一 一 一 一 丨 一 丨","丨 𠃍 一 一 一 一 丨 一 一 丨 一"
"cnwstqi4810","junior","N","B","眦","眦","眦","丨 𠃍 丿 丨 丨 一 一 ㇀ 一 乚 一","丨 𠃍 一 一 一 丨 一 丨 ㇀ 丿 乚"
"cnwstqi4811","junior","N","B","啧","啧","啧","丨 𠃍 一 丨 丶 一 一 丨 丿 𠃍 一","丨 𠃍 一 一 一 丨 一 丨 𠃍 丿 丶"
"cnwstqi4812","junior","N","B","晡","晡","晡","丨 𠃍 丨 一 一 一 丶 丨 𠃌 一 一","丨 𠃍 一 一 一 丨 𠃌 一 一 丨 丶"
"cnwstqi4813","junior","N","B","晤","晤","晤","丨 𠃍 一 𠃍 丨 一 丨 一 一 𠃍 一","丨 𠃍 一 一 一 丨 𠃍 一 丨 𠃍 一"
"cnwstqi4814","junior","N","A","眺","眺","眺","丨 𠃍 一 一 一 丿 丶 ㇀ 乚 丿 丶","丨 𠃍 丿 丶 一 一 一 ㇀ 丿 丶 乚"
"cnwstqi4815","junior","N","B","眵","眵","眵","丨 𠃍 丿 一 一 丿 ㇇ ㇇ 丶 丶 一","丨 𠃍 一 一 一 丿 ㇇ 丶 丿 ㇇ 丶"
"cnwstqi4816","junior","N","B","眸","眸","眸","丨 𠃍 一 丿 一 一 𠃋 一 一 丨 丶","丨 𠃍 一 一 一 𠃋 丶 丿 一 一 丨"
"cnwstqi4817","junior","N","A","圊","圊","圊","丨 𠃍 一 一 丨 一 丨 𠃌 一 一 一","丨 𠃍 𠃌 一 丨 一 丨 一 一 一 一"
"cnwstqi4818","junior","N","B","喏","喏","喏","丨 𠃍 一 丿 一 一 丨 丨 丨 一 𠃍","丨 𠃍 一 一 丨 丨 一 丿 丨 𠃍 一"
"cnwstqi4819","junior","N","B","喵","喵","喵","丨 𠃍 一 丨 一 一 丨 丨 一 𠃍 丨","丨 𠃍 一 一 丨 丨 丨 𠃍 一 丨 一"
"cnwstqi4820","junior","N","B","啉","啉","啉","丨 𠃍 一 一 丶 丿 丨 一 丿 丨 ㇏","丨 𠃍 一 一 丨 丿 丶 一 丨 丿 ㇏"
"cnwstqi4821","junior","N","A","勖","勖","勖","丨 𠃍 一 一 丨 𠃍 一 一 一 𠃌 丿","丨 𠃍 一 丨 𠃍 一 𠃌 一 一 一 丿"
"cnwstqi4822","junior","N","B","晞","晞","晞","丨 𠃍 一 丶 丨 丿 一 𠃌 一 丿 丨","丨 𠃍 一 一 丿 丶 一 丿 丨 𠃌 丨"
"cnwstqi4823","junior","N","B","唵","唵","唵","丨 𠃍 𠃍 丿 一 一 一 丨 一 乚 ㇏","丨 𠃍 一 一 丿 ㇏ 丨 𠃍 一 一 乚"
"cnwstqi4824","junior","N","A","晗","晗","晗","丨 𠃍 一 一 丿 ㇏ 丶 ㇇ 丨 𠃍 一","丨 𠃍 丶 丨 ㇏ 一 丿 一 一 ㇇ 𠃍"
"cnwstqi4825","junior","N","B","冕","冕","冕","丨 𠃍 丿 一 乚 𠃍 ㇇ 一 一 丨 丿","丨 𠃍 一 一 丿 ㇇ 丨 𠃍 一 丿 乚"
"cnwstqi4826","junior","N","A","啭","啭","啭","丨 𠃍 一 一 𠃋 丨 ㇀ 一 一 𠃑 丶","丨 𠃍 一 一 ㇀ 一 一 丶 丨 𠃑 𠃋"
"cnwstqi4827","junior","N","A","畦","畦","畦","丨 𠃍 一 丨 一 一 丨 一 一 丨 一","丨 𠃍 丨 一 丨 一 一 丨 一 一 一"
"cnwstqi4828","junior","N","A","趺","趺","趺","丨 𠃍 一 丨 一 丨 ㇀ 一 一 丿 ㇏","丨 𠃍 丿 丨 一 一 一 ㇏ 一 ㇀ 丨"
"cnwstqi4829","junior","N","A","啮","啮","啮","丨 𠃍 一 丨 一 丨 一 丿 丶 ㇄ 丨","丨 𠃍 一 丿 一 丶 丨 丨 丨 ㇄ 一"
"cnwstqi4830","junior","N","A","跄","跄","跄","丨 𠃍 一 丨 一 丨 ㇀ 丿 ㇏ 𠃌 乚","丨 𠃍 ㇏ 一 一 丿 𠃌 乚 ㇀ 丨 丨"
"cnwstqi4831","junior","N","A","蚶","蚶","蚶","丨 𠃍 一 丨 一 丶 一 丨 丨 一 一","丨 𠃍 丨 一 一 一 丨 一 丶 丨 一"
"cnwstqi4832","junior","N","B","蛄","蛄","蛄","丨 𠃍 一 丨 一 丶 丨 一 一 𠃍 丨","丨 𠃍 一 丨 一 丶 一 丨 丨 𠃍 一"
"cnwstqi4833","junior","N","B","蛎","蛎","蛎","丨 𠃍 丿 𠃌 一 丨 一 一 丿 丶 一","丨 𠃍 一 丨 一 丶 一 丿 一 𠃌 丿"
"cnwstqi4834","junior","N","B","蛆","蛆","蛆","丨 𠃍 一 一 丨 一 一 一 𠃍 丨 丶","丨 𠃍 一 丨 一 丶 丨 𠃍 一 一 一"
"cnwstqi4835","junior","N","B","蚰","蚰","蚰","丨 𠃍 一 丨 一 𠃍 丶 丨 丨 一 一","丨 𠃍 一 丨 一 丶 丨 𠃍 一 丨 一"
"cnwstqi4836","junior","N","B","蛊","蛊","蛊","丨 𠃍 一 𠃍 丨 丨 一 丨 丶 丨 一","丨 𠃍 一 丨 一 丶 丨 𠃍 丨 丨 一"
"cnwstqi4837","junior","N","A","圉","圉","圉","丨 𠃍 一 丨 一 丶 丿 一 一 丨 一","丨 𠃍 丿 一 一 一 丶 丨 一 丨 一"
"cnwstqi4838","junior","N","A","蚱","蚱","蚱","丨 𠃍 一 丨 一 丶 丿 一 丨 一 一","丨 𠃍 丶 一 一 一 丨 丨 一 一 丿"
"cnwstqi4839","junior","N","A","蛉","蛉","蛉","丨 𠃍 一 丨 一 丶 丿 ㇏ 丶 ㇇ 丶","丨 𠃍 ㇏ 丶 丶 一 丿 丨 ㇇ 丶 一"
"cnwstqi4840","junior","N","A","蛏","蛏","蛏","丨 𠃍 一 丨 一 丶 ㇇ ㇏ 一 丨 一","丨 𠃍 一 ㇏ 丶 一 丨 一 丨 一 ㇇"
"cnwstqi4841","junior","N","A","蚴","蚴","蚴","丨 𠃍 一 丨 一 丶 𠃋 𠃋 丶 𠃌 丿","丨 𠃍 𠃋 丶 一 𠃋 𠃌 丨 丿 丶 一"
"cnwstqi4842","junior","N","B","啁","啁","啁","丨 𠃍 丿 𠃌 一 一 一 一 丨 𠃍 丨","丨 𠃍 一 丿 𠃌 一 丨 一 丨 𠃍 一"
"cnwstqi4843","junior","N","A","啕","啕","啕","丨 𠃍 一 丿 𠃌 丿 一 一 丨 ㇄ 丨","丨 𠃍 丨 一 一 丿 一 ㇄ 𠃌 丿 丨"
"cnwstqi4844","junior","N","B","唿","唿","唿","丨 𠃍 丿 丿 一 丶 𠃌 丶 丿 ㇀ ㇃","丨 𠃍 一 丿 𠃌 丿 丿 ㇀ ㇃ 丶 丶"
"cnwstqi4845","junior","N","A","啐","啐","啐","丨 𠃍 一 丶 一 丿 丶 丿 丶 一 丨","丨 𠃍 丶 一 丿 丶 一 丨 一 丿 丶"
"cnwstqi4846","junior","N","A","唼","唼","唼","丨 𠃍 一 丶 一 丶 丿 一 𡿨 丿 一","丨 𠃍 一 丿 一 丿 一 𡿨 一 丶 丶"
"cnwstqi4847","junior","N","B","唷","唷","唷","丨 𠃍 丨 一 丶 丶 一 𠃋 一 一 𠃌","丨 𠃍 一 丶 一 𠃋 丶 丨 𠃌 一 一"
"cnwstqi4848","junior","N","B","啖","啖","啖","丨 𠃍 ㇀ 一 丶 丿 丿 丿 丿 ㇏ ㇀","丨 𠃍 一 ㇀ 丿 丿 丶 ㇀ 丿 丿 ㇏"
"cnwstqi4849","junior","N","B","啵","啵","啵","丨 𠃍 丶 ㇀ 乛 丶 ㇏ ㇇ 丨 丿 一","丨 𠃍 一 丶 丶 ㇀ 乛 丿 丨 ㇇ ㇏"
"cnwstqi4850","junior","N","A","啶","啶","啶","丨 𠃍 一 丶 ㇀ 乛 一 丨 一 丿 ㇏","丨 𠃍 一 乛 丨 丶 一 ㇏ ㇀ 一 丿"
"cnwstqi4851","junior","N","B","啷","啷","啷","丨 𠃍 丶 一 ㇌ 一 𠄌 一 𠃍 丨 丶","丨 𠃍 一 丶 𠃍 一 一 𠄌 丶 ㇌ 丨"
"cnwstqi4852","junior","N","A","唳","唳","唳","丨 𠃍 一 丶 𠃍 一 丿 一 丿 ㇏ 丶","丨 𠃍 𠃍 丶 一 丿 ㇏ 一 一 丿 丶"
"cnwstqi4853","junior","N","A","唰","唰","唰","丨 𠃍 一 𠃍 一 丿 丨 𠃌 丨 丨 亅","丨 𠃍 丨 亅 𠃌 丨 一 丨 一 𠃍 丿"
"cnwstqi4854","junior","N","A","啜","啜","啜","丨 𠃍 一 ㇇ 丶 ㇇ 丶 ㇇ 丶 ㇇ ㇏","丨 𠃍 一 ㇇ 丶 ㇇ 丶 ㇇ ㇏ ㇇ 丶"
"cnwstqi4855","junior","N","A","帻","帻","帻","丨 𠃌 丨 一 一 丨 一 丨 𠃍 丿 丶","丨 𠃌 丶 丿 一 丨 丨 一 𠃍 丨 一"
"cnwstqi4856","junior","N","A","崚","崚","崚","丨 ㇄ 丨 一 丨 一 丿 丶 丿 ㇇ ㇏","丨 ㇄ 丨 丨 ㇇ ㇏ 一 丿 一 丿 丶"
"cnwstqi4857","junior","N","A","崦","崦","崦","丨 ㇄ 丨 一 丿 ㇏ 丨 𠃍 一 一 乚","丨 ㇄ 一 丨 乚 𠃍 ㇏ 一 一 丨 丿"
"cnwstqi4858","junior","N","B","帼","帼","帼","丨 𠃌 一 一 丶 𠃍 丨 丨 一 丨 一","丨 𠃌 丨 丨 𠃍 一 一 丨 一 丶 一"
"cnwstqi4859","junior","N","B","崮","崮","崮","丨 ㇄ 一 丨 丨 𠃍 一 丨 𠃍 丨 一","丨 ㇄ 丨 丨 𠃍 一 丨 丨 𠃍 一 一"
"cnwstqi4860","junior","N","A","崤","崤","崤","丨 ㇄ 丨 丿 丶 一 丿 丨 𠃌 一 一","丨 ㇄ 一 丿 一 一 丨 丿 丶 丨 𠃌"
"cnwstqi4861","junior","N","A","崆","崆","崆","丨 ㇄ 丨 丶 ㇀ 乛 丿 丶 一 丨 一","丨 ㇄ 丨 ㇀ 丶 乛 丶 丿 丨 一 一"
"cnwstqi4862","junior","N","A","赇","赇","赇","丨 𠃍 丿 丶 一 亅 丶 ㇀ 丿 丶 丶","丨 𠃍 丶 一 丶 丿 亅 丶 丶 ㇀ 丿"
"cnwstqi4863","junior","N","B","赈","赈","赈","丨 𠃍 丿 𠄌 一 ㇏ 丶 一 丿 丿 一","丨 𠃍 丿 丶 一 丿 一 一 𠄌 丿 ㇏"
"cnwstqi4864","junior","N","B","赊","赊","赊","丨 𠃍 丿 丶 丶 一 丿 一 丿 ㇏ 亅","丨 𠃍 丿 丶 丿 ㇏ 一 一 亅 丿 丶"
"cnwstqi4865","junior","N","B","铑","铑","铑","丿 一 一 丿 丿 一 𠄌 乚 一 一 丨","丿 一 一 一 𠄌 一 丨 一 丿 丿 乚"
"cnwstqi4866","junior","N","B","铒","铒","铒","丿 一 一 丨 一 一 丨 一 一 𠄌 一","丿 一 一 一 𠄌 一 丨 丨 一 一 一"
"cnwstqi4867","junior","N","A","铗","铗","铗","丿 一 一 一 𠄌 一 丶 丿 一 丿 ㇏","丿 一 一 𠄌 ㇏ 一 丿 一 一 丿 丶"
"cnwstqi4868","junior","N","A","铙","铙","铙","丿 一 一 一 𠄌 一 ㇂ 丿 一 丿 乚","丿 一 丿 乚 一 ㇂ 一 𠄌 丿 一 一"
"cnwstqi4869","junior","N","B","铟","铟","铟","丿 一 一 丶 一 𠄌 一 丨 一 𠃍 丿","丿 一 一 一 𠄌 丨 𠃍 一 丿 丶 一"
"cnwstqi4870","junior","N","A","铠","铠","铠","丿 一 一 一 𠄌 丨 ㇄ 丨 𠃍 一 乚","丿 一 丨 一 ㇄ 丨 𠄌 一 𠃍 一 乚"
"cnwstqi4871","junior","N","B","铡","铡","铡","丿 一 亅 一 丨 一 𠃍 丶 𠄌 丨 丿","丿 一 一 一 𠄌 丨 𠃍 丿 丶 丨 亅"
"cnwstqi4872","junior","N","B","铢","铢","铢","丿 一 一 丿 丿 𠄌 丨 一 一 一 ㇏","丿 一 一 一 𠄌 丿 一 一 丨 丿 ㇏"
"cnwstqi4873","junior","N","A","铣","铣","铣","丿 一 一 一 𠄌 丿 一 丨 一 丿 乚","丿 一 丨 一 丿 一 丿 𠄌 乚 一 一"
"cnwstqi4874","junior","N","B","铤","铤","铤","丿 一 丨 一 一 ㇋ 𠄌 一 一 丿 ㇏","丿 一 一 一 𠄌 丿 一 丨 一 ㇋ ㇏"
"cnwstqi4875","junior","N","B","铧","铧","铧","丿 一 一 丨 乚 一 丿 丨 丿 一 𠄌","丿 一 一 一 𠄌 丿 丨 丿 乚 一 丨"
"cnwstqi4876","junior","N","B","铨","铨","铨","丿 一 一 一 一 ㇏ 丿 丨 𠄌 一 一","丿 一 一 一 𠄌 丿 ㇏ 一 一 丨 一"
"cnwstqi4877","junior","N","A","铩","铩","铩","丿 一 一 一 𠄌 丿 丶 一 亅 丿 丶","丿 一 丶 亅 一 丶 丿 一 一 𠄌 丿"
"cnwstqi4878","junior","N","A","铪","铪","铪","丿 一 一 一 𠄌 丿 ㇏ 一 丨 𠃍 一","丿 一 一 一 一 丨 ㇏ 丿 一 𠃍 𠄌"
"cnwstqi4879","junior","N","B","铫","铫","铫","丿 一 𠄌 丿 丶 一 ㇀ 丶 乚 丿 一","丿 一 一 一 𠄌 丿 丶 ㇀ 乚 丿 丶"
"cnwstqi4880","junior","N","B","铬","铬","铬","丿 一 𠄌 丨 ㇇ 一 一 丿 ㇏ 一 𠃍","丿 一 一 一 𠄌 丿 ㇇ ㇏ 丨 𠃍 一"
"cnwstqi4881","junior","N","A","铮","铮","铮","丿 一 一 一 𠄌 丿 ㇇ 𠃍 一 一 亅","丿 一 一 丿 一 一 一 ㇇ 亅 𠄌 𠃍"
"cnwstqi4882","junior","N","A","铯","铯","铯","丿 一 一 一 𠄌 丿 ㇇ 𠃍 丨 一 乚","丿 一 乚 一 一 一 丨 𠃍 ㇇ 𠄌 丿"
"cnwstqi4883","junior","N","A","铰","铰","铰","丿 一 一 一 𠄌 丶 一 丿 丶 丿 ㇏","丿 一 丶 𠄌 ㇏ 丿 一 丶 一 丿 一"
"cnwstqi4884","junior","N","B","铱","铱","铱","丿 一 丶 一 一 丿 ㇏ 丿 𠄌 𠄌 一","丿 一 一 一 𠄌 丶 一 丿 𠄌 丿 ㇏"
"cnwstqi4885","junior","N","B","铳","铳","铳","丿 一 丶 一 一 𠃋 乚 一 丿 丶 𠄌","丿 一 一 一 𠄌 丶 一 𠃋 丶 丿 乚"
"cnwstqi4886","junior","N","A","铵","铵","铵","丿 一 一 一 𠄌 丶 ㇀ 乛 𡿨 丿 一","丿 一 丿 一 一 ㇀ 乛 丶 一 𡿨 𠄌"
"cnwstqi4887","junior","N","A","铷","铷","铷","丿 一 一 一 𠄌 𡿨 丿 一 丨 𠃍 一","丿 一 一 一 一 𠃍 𠄌 丿 丨 𡿨 一"
"cnwstqi4888","junior","N","A","氪","氪","氪","丿 一 一 ⺄ 一 丨 丨 𠃍 一 丿 乚","丿 一 丨 ⺄ 𠃍 乚 一 丨 丿 一 一"
"cnwstqi4889","junior","N","A","牾","牾","牾","丿 一 丨 ㇀ 一 丨 𠃍 一 丨 𠃍 一","丿 一 丨 一 一 丨 𠃍 𠃍 ㇀ 一 丨"
"cnwstqi4890","junior","N","B","鸹","鸹","鸹","丿 一 丿 丨 一 丨 𠃌 一 𠃍 丶 ㇉","丿 一 丨 丨 𠃍 一 丿 𠃌 丶 ㇉ 一"
"cnwstqi4891","junior","N","A","秾","秾","秾","丿 一 丨 丿 ㇏ ㇀ 乛 丿 𠄌 丿 ㇏","丿 一 丨 ㇏ 𠄌 乛 ㇏ 丿 丿 丿 ㇀"
"cnwstqi4892","junior","N","A","逶","逶","逶","丿 一 丨 丿 丶 𡿨 丿 一 丶 ㇋ ㇏","丿 一 丿 𡿨 丶 丨 一 ㇏ 丶 丿 ㇋"
"cnwstqi4893","junior","N","B","笺","笺","笺","丿 一 丿 丿 ㇂ 丶 丶 一 一 一 丶","丿 一 丶 丿 一 丶 一 一 ㇂ 丿 丶"
"cnwstqi4894","junior","N","A","筇","筇","筇","丿 一 丶 丿 一 丶 一 丨 ㇀ ㇌ 丨","丿 一 一 一 丨 丨 ㇀ 丶 丿 丶 ㇌"
"cnwstqi4895","junior","N","A","笸","笸","笸","丿 一 丶 丿 一 丶 一 丨 𠃍 一 ㇄","丿 一 丶 丨 ㇄ 丶 一 一 丿 一 𠃍"
"cnwstqi4896","junior","N","B","笪","笪","笪","丿 一 一 丶 丨 一 一 丿 丶 𠃍 一","丿 一 丶 丿 一 丶 丨 𠃍 一 一 一"
"cnwstqi4897","junior","N","B","笮","笮","笮","丿 一 丿 一 丨 一 丶 丿 一 丶 一","丿 一 丶 丿 一 丶 丿 一 丨 一 一"
"cnwstqi4898","junior","N","A","笠","笠","笠","丿 一 丶 丿 一 丶 丶 一 丶 丿 一","丿 一 丶 丶 丿 丶 丶 一 一 一 丿"
"cnwstqi4899","junior","N","A","笥","笥","笥","丿 一 丶 丿 一 丶 𠃌 一 丨 𠃍 一","丿 一 一 丶 𠃌 一 丶 丿 𠃍 一 丨"
"cnwstqi4900","junior","N","B","笤","笤","笤","丿 一 丨 丶 丶 丿 一 丿 𠃌 一 𠃍","丿 一 丶 丿 一 丶 𠃌 丿 丨 𠃍 一"
"cnwstqi4901","junior","N","B","笳","笳","笳","丿 一 一 丿 一 丨 𠃍 𠃌 丶 丶 丿","丿 一 丶 丿 一 丶 𠃌 丿 丨 𠃍 一"
"cnwstqi4902","junior","N","B","笾","笾","笾","丿 一 丶 丿 一 丿 𠃌 ㇋ 丶 丶 ㇏","丿 一 丶 丿 一 丶 𠃌 丿 丶 ㇋ ㇏"
"cnwstqi4903","junior","N","B","笞","笞","笞","丿 一 丿 丨 𠃍 一 𠃋 一 丶 丶 丶","丿 一 丶 丿 一 丶 𠃋 丶 丨 𠃍 一"
"cnwstqi4904","junior","N","B","偾","偾","偾","丿 丨 丨 丨 丨 𠃍 一 丨 丶 丿 一","丿 丨 一 丨 一 丨 丨 丨 𠃍 丿 丶"
"cnwstqi4905","junior","N","B","偃","偃","偃","丿 丨 𡿨 ㇄ 丨 一 一 一 丿 𠃍 一","丿 丨 一 丨 𠃍 一 一 𡿨 丿 一 ㇄"
"cnwstqi4906","junior","N","B","偕","偕","偕","丿 丨 乚 𠃍 一 丿 𠄌 丨 一 丿 一","丿 丨 一 𠄌 丿 乚 丿 丨 𠃍 一 一"
"cnwstqi4907","junior","N","A","偈","偈","偈","丿 丨 丨 𠃍 一 一 丿 𠃌 丿 丶 ㇄","丿 丨 丿 𠃍 一 ㇄ 一 丶 丨 丿 𠃌"
"cnwstqi4908","junior","N","B","傀","傀","傀","丿 丨 𠃋 丿 一 乚 一 丨 𠃍 丶 丿","丿 丨 丿 丨 𠃍 一 一 丿 乚 𠃋 丶"
"cnwstqi4909","junior","N","A","偬","偬","偬","丿 丨 丿 𠃌 丿 丿 丶 ㇀ ㇃ 丶 丶","丿 丨 丶 ㇀ ㇃ 𠃌 丿 丶 丶 丿 丿"
"cnwstqi4910","junior","N","A","偻","偻","偻","丿 丨 丶 丿 一 丨 丿 ㇏ 𡿨 丿 一","丿 丨 𡿨 丿 丨 丿 ㇏ 一 丶 一 丿"
"cnwstqi4911","junior","N","B","皑","皑","皑","丿 丨 𠃍 丨 一 一 一 𠃍 丨 乚 ㇄","丿 丨 𠃍 一 一 丨 ㇄ 丨 𠃍 一 乚"
"cnwstqi4912","junior","N","A","皎","皎","皎","丿 丨 𠃍 一 一 丶 一 丿 丶 丿 ㇏","丿 丨 丿 𠃍 一 丶 ㇏ 一 一 丶 丿"
"cnwstqi4913","junior","N","B","鸻","鸻","鸻","丿 丿 ㇉ 亅 一 丿 一 一 丨 𠃌 丶","丿 丿 丨 一 一 亅 丿 𠃌 丶 ㇉ 一"
"cnwstqi4914","junior","N","B","徜","徜","徜","丿 丿 丿 𠃍 一 丨 丨 丨 丨 丶 𠃌","丿 丿 丨 丨 丶 丿 丨 𠃌 丨 𠃍 一"
"cnwstqi4915","junior","N","B","舸","舸","舸","丿 丿 丨 一 亅 一 𠃌 𠃍 一 丶 丶","丿 丿 𠃌 丶 一 丶 一 丨 𠃍 一 亅"
"cnwstqi4916","junior","N","A","舻","舻","舻","丿 丿 𠃌 丶 一 丶 丨 一 𠃍 一 丿","丿 丿 一 丿 𠃌 丶 𠃍 一 丶 一 丨"
"cnwstqi4917","junior","N","B","舴","舴","舴","丿 丿 丿 一 丶 一 𠃌 一 丶 一 丨","丿 丿 𠃌 丶 一 丶 丿 一 丨 一 一"
"cnwstqi4918","junior","N","B","舷","舷","舷","丿 丿 丶 𠃋 一 𠃋 丶 丶 丶 𠃌 一","丿 丿 𠃌 丶 一 丶 丶 一 𠃋 𠃋 丶"
"cnwstqi4919","junior","N","A","龛","龛","龛","丿 ㇏ 一 丨 𠃍 一 一 丿 乚 丿 丶","丿 ㇏ 丶 丨 一 丿 𠃍 乚 丿 一 一"
"cnwstqi4920","junior","N","B","翎","翎","翎","丿 丶 丶 ㇀ 𠃌 丶 ㇇ ㇀ 𠃌 丶 丶","丿 丶 丶 ㇇ 丶 𠃌 丶 ㇀ 𠃌 丶 ㇀"
"cnwstqi4921","junior","N","A","脬","脬","脬","丿 𠃌 一 一 丿 丶 丶 丿 ㇇ 亅 一","丿 𠃌 亅 一 一 ㇇ 丿 丶 一 丿 丶"
"cnwstqi4922","junior","N","A","脘","脘","脘","丿 𠃌 一 一 丶 ㇀ 乛 一 一 丿 乚","丿 𠃌 乚 一 一 丶 ㇀ 丿 一 乛 一"
"cnwstqi4923","junior","N","B","脲","脲","脲","丿 𠃌 𠃍 丿 一 一 丿 ㇇ ㇏ 一 亅","丿 𠃌 一 一 𠃍 一 丿 亅 ㇇ 丿 ㇏"
"cnwstqi4924","junior","N","A","匐","匐","匐","丿 𠃌 一 丨 𠃍 一 丨 𠃍 一 丨 一","丿 𠃌 𠃍 一 一 一 丨 一 𠃍 丨 丨"
"cnwstqi4925","junior","N","A","猗","猗","猗","丿 ㇁ 丿 一 丿 丶 一 丨 𠃍 一 亅","丿 ㇁ 亅 一 𠃍 一 丨 一 丿 丶 丿"
"cnwstqi4926","junior","N","B","猡","猡","猡","丿 ㇁ 丨 ㇇ 一 丨 丿 丶 丿 丨 𠃍","丿 ㇁ 丿 丨 𠃍 丨 丨 一 丿 ㇇ 丶"
"cnwstqi4927","junior","N","A","猞","猞","猞","丿 ㇁ 丿 丿 ㇏ 一 一 丨 丨 𠃍 一","丿 ㇁ 丨 一 ㇏ 丿 一 一 丿 丨 𠃍"
"cnwstqi4928","junior","N","B","猝","猝","猝","丿 ㇁ 一 一 丿 丨 丶 丿 丿 丶 丶","丿 ㇁ 丿 丶 一 丿 丶 丿 丶 一 丨"
"cnwstqi4929","junior","N","A","斛","斛","斛","丿 ㇇ 丿 𠃌 一 一 丨 丶 丶 一 丨","丿 ㇇ 𠃌 一 丿 丨 丨 丶 丶 一 一"
"cnwstqi4930","junior","N","A","猕","猕","猕","丿 ㇁ 丿 𠃍 一 ㇉ 丿 乛 亅 丿 丶","丿 ㇁ ㇉ 𠃍 亅 丿 丿 丶 丿 一 乛"
"cnwstqi4931","junior","N","A","馗","馗","馗","丿 ⺄ 丶 丿 一 丿 丨 𠃍 一 一 一","丿 ⺄ 𠃍 一 一 丿 丶 一 一 丨 丿"
"cnwstqi4932","junior","N","A","馃","馃","馃","丿 乛 𠄌 丨 𠃍 一 一 一 丨 丿 ㇏","丿 乛 一 𠄌 一 丨 ㇏ 一 𠃍 丿 丨"
"cnwstqi4933","junior","N","B","馄","馄","馄","丿 乛 乚 𠄌 丨 一 一 𠃍 𠄌 丿 一","丿 乛 𠄌 丨 𠃍 一 一 一 𠄌 丿 乚"
"cnwstqi4934","junior","N","B","鸾","鸾","鸾","丶 一 一 丿 丶 ㇉ 丨 𠃌 丶 丿 丨","丶 一 丨 丨 丿 丶 丿 𠃌 丶 ㇉ 一"
"cnwstqi4935","junior","N","B","孰","孰","孰","丶 一 亅 丿 一 ㇇ 丶 𠃍 ㇀ ⺄ 丨","丶 一 丨 𠃍 一 ㇇ 亅 ㇀ 丿 ⺄ 丶"
"cnwstqi4936","junior","N","A","庹","庹","庹","丶 一 丿 一 丨 丨 一 𠃍 一 丿 ㇏","丶 一 一 一 丨 丿 一 𠃍 丨 丿 ㇏"
"cnwstqi4937","junior","N","B","庾","庾","庾","丶 一 一 丿 ㇏ 𠃍 丨 丿 一 丿 一","丶 一 丿 丿 丨 一 𠃍 一 一 丿 ㇏"
"cnwstqi4938","junior","N","A","痔","痔","痔","丶 一 丿 丶 ㇀ 一 丨 一 一 亅 丶","丶 一 一 丨 ㇀ 丿 丶 丶 亅 一 一"
"cnwstqi4939","junior","N","B","痍","痍","痍","丶 一 一 ㇀ 丿 一 丿 ㇉ 丶 ㇏ 𠃍","丶 一 丿 丶 ㇀ 一 𠃍 一 ㇉ 丿 ㇏"
"cnwstqi4940","junior","N","A","疵","疵","疵","丶 一 丿 丶 ㇀ 丨 一 丨 ㇀ 丿 乚","丶 一 丨 丨 一 丿 ㇀ 丶 乚 ㇀ 丿"
"cnwstqi4941","junior","N","A","翊","翊","翊","丶 一 丶 丿 ㇀ 𠃌 丶 ㇀ 𠃌 丶 ㇀","丶 一 丶 ㇀ 丿 𠃌 丶 𠃌 丶 ㇀ ㇀"
"cnwstqi4942","junior","N","B","旌","旌","旌","丶 一 一 一 丿 丿 丨 𠃌 一 丿 一","丶 一 𠃌 丿 丿 一 丿 一 一 丨 一"
"cnwstqi4943","junior","N","A","旎","旎","旎","丶 一 𠃌 丿 丿 一 𠃍 一 丿 丿 乚","丶 一 一 丿 𠃍 丿 丿 丿 一 𠃌 乚"
"cnwstqi4944","junior","N","B","袤","袤","袤","丶 一 丿 𠄌 丶 亅 丿 ㇏ 乛 ㇇ 丿","丶 一 ㇇ 丶 乛 亅 丿 丿 𠄌 丿 ㇏"
"cnwstqi4945","junior","N","A","阇","阇","阇","丨 𠃌  一 丨 一 丿 丨 𠃍 一 一","丨 𠃌 一 丨 丿 丨 一 一 一  𠃍"
"cnwstqi4946","junior","N","B","阈","阈","阈","丶 丨 ㇂ 丨 丶 一 ㇀ 𠃌 一 𠃍 丿","丶 丨 𠃌 一 丨 𠃍 一 ㇀ ㇂ 丿 丶"
"cnwstqi4947","junior","N","B","阉","阉","阉","丶 丨 𠃍 ㇏ 丨 丿 乚 𠃌 一 一 一","丶 丨 𠃌 一 丿 ㇏ 丨 𠃍 一 一 乚"
"cnwstqi4948","junior","N","B","阊","阊","阊","丶 丨 一 一 一 一 𠃍 丨 𠃌 𠃍 丨","丶 丨 𠃌 丨 𠃍 一 一 丨 𠃍 一 一"
"cnwstqi4949","junior","N","B","阋","阋","阋","丶 丨 丿 𠃍 一 一 丿 丨 一 乚 𠃌","丶 丨 𠃌 丿 丨 一 𠃍 一 一 丿 乚"
"cnwstqi4950","junior","N","B","阍","阍","阍","丶 丨 丨 𠄌 ㇂ 𠃌 𠃍 一 丿 一 一","丶 丨 𠃌 丿 𠄌 一 ㇂ 丨 𠃍 一 一"
"cnwstqi4951","junior","N","B","阏","阏","阏","丶 丨 𠃌 丿 ㇏ 丶 一 丶 丿 𠃌 丶","丶 丨 𠃌 丶 一 𠃌 丿 丿 ㇏ 丶 丶"
"cnwstqi4952","junior","N","B","羟","羟","羟","丶 丿 丨 一 丿 一 ㇇ 一 一 丶 一","丶 丿 一 一 一 丿 ㇇ 丶 一 丨 一"
"cnwstqi4953","junior","N","A","粝","粝","粝","丶 丿 一 丨 丿 丶 一 丿 一 𠃌 丿","丶 丿 丿 丿 一 𠃌 丶 丨 丿 一 一"
"cnwstqi4954","junior","N","A","粕","粕","粕","丶 丿 一 丨 丿 丶 丿 丨 𠃍 一 一","丶 丿 丨 丿 丶 一 一 丨 𠃍 丿 一"
"cnwstqi4955","junior","N","B","敝","敝","敝","丶 丿 丿 丶 𠃌 一 丿 丨 丨 丿 ㇏","丶 丿 丨 𠃌 丨 丿 丶 丿 一 丿 ㇏"
"cnwstqi4956","junior","N","A","焐","焐","焐","㇀ 丿 丿 丶 一 丨 𠃍 一 丨 𠃍 一","㇀ 丿 一 丶 𠃍 𠃍 丿 一 丨 一 丨"
"cnwstqi4957","junior","N","A","烯","烯","烯","㇀ 丿 丿 丶 丿 丶 一 丿 丨 𠃌 丨","㇀ 丿 𠃌 丿 丿 丨 丶 丿 丨 丶 一"
"cnwstqi4958","junior","N","B","焓","焓","焓","㇀ 丿 丨 丿 ㇏ 一 𠃍 丶 丶 ㇇ 丿","㇀ 丿 丿 丶 丿 ㇏ 丶 ㇇ 丨 𠃍 一"
"cnwstqi4959","junior","N","A","烽","烽","烽","㇀ 丿 丿 丶 丿 ㇇ ㇏ 一 一 一 丨","㇀ 丿 一 丶 丨 ㇇ 丿 丿 ㇏ 一 一"
"cnwstqi4960","junior","N","B","焖","焖","焖","㇀ 丿 ㇃ 丶 丶 丿 丨 ㇀ 丶 丶 𠃌","㇀ 丿 丿 丶 丶 丨 𠃌 ㇀ ㇃ 丶 丶"
"cnwstqi4961","junior","N","B","烷","烷","烷","㇀ 丿 丶 一 乛 丶 乚 丿 ㇀ 丿 一","㇀ 丿 丿 丶 丶 ㇀ 乛 一 一 丿 乚"
"cnwstqi4962","junior","N","A","焗","焗","焗","㇀ 丿 丿 丶 𠃍 一 丿 𠃌 丨 𠃍 一","㇀ 丿 𠃍 一 𠃍 丿 丿 一 𠃌 丨 丶"
"cnwstqi4963","junior","N","A","渍","渍","渍","丶 丶 ㇀ 一 一 丨 一 丨 𠃍 丿 丶","丶 丶 一 ㇀ 一 丨 一 丶 丨 𠃍 丿"
"cnwstqi4964","junior","N","B","渚","渚","渚","丶 丶 丨 一 丿 𠃍 一 一 ㇀ 丨 一","丶 丶 ㇀ 一 丨 一 丿 丨 𠃍 一 一"
"cnwstqi4965","junior","N","B","淇","淇","淇","丶 丶 一 一 丿 一 丨 丶 丨 ㇀ 一","丶 丶 ㇀ 一 丨 丨 一 一 一 丿 丶"
"cnwstqi4966","junior","N","B","淅","淅","淅","丶 丶 丶 丿 一 ㇀ 一 丨 丿 丨 丿","丶 丶 ㇀ 一 丨 丿 丶 丿 丿 一 丨"
"cnwstqi4967","junior","N","A","淞","淞","淞","丶 丶 ㇀ 一 丨 丿 丶 丿 ㇏ 𠃋 丶","丶 丶 丶 𠃋 一 ㇀ ㇏ 丨 丶 丿 丿"
"cnwstqi4968","junior","N","A","渎","渎","渎","丶 丶 ㇀ 一 丨 乛 丶 丶 一 丿 丶","丶 丶 乛 丶 丨 丶 ㇀ 一 丿 丶 一"
"cnwstqi4969","junior","N","A","涿","涿","涿","丶 丶 ㇀ 一 丿 ㇁ 丿 丿 丶 丿 ㇏","丶 丶 丿 ㇏ 丿 丿 ㇀ ㇁ 丶 丿 一"
"cnwstqi4970","junior","N","B","淖","淖","淖","丶 丶 丨 ㇀ 丨 一 一 𠃍 丨 一 一","丶 丶 ㇀ 丨 一 丨 𠃍 一 一 一 丨"
"cnwstqi4971","junior","N","B","挲","挲","挲","丶 丶 丿 一 亅 丿 一 丿 丨 丶 ㇀","丶 丶 ㇀ 丨 丿 丶 丿 丿 一 一 亅"
"cnwstqi4972","junior","N","A","淠","淠","淠","丶 丶 ㇀ 丨 𠃍 一 丨 一 一 丿 丨","丶 丶 丿 𠃍 一 丨 丨 ㇀ 丨 一 一"
"cnwstqi4973","junior","N","A","涸","涸","涸","丶 丶 ㇀ 丨 𠃍 一 丨 丨 𠃍 一 一","丶 丶 𠃍 丨 一 ㇀ 一 一 丨 丨 𠃍"
"cnwstqi4974","junior","N","B","渑","渑","渑","丶 丶 乚 一 丨 一 𠃍 一 ㇀ 丨 𠃍","丶 丶 ㇀ 丨 𠃍 一 丨 𠃍 一 一 乚"
"cnwstqi4975","junior","N","A","淦","淦","淦","丶 丶 ㇀ 丿 ㇏ 一 一 丨 丶 丿 一","丶 丶 一 丨 一 一 丿 丶 丿 ㇏ ㇀"
"cnwstqi4976","junior","N","B","淝","淝","淝","丶 丶 一 𠃌 一 丨 丿 乚 𠃍 一 ㇀","丶 丶 ㇀ 丿 𠃌 一 一 𠃍 丨 一 乚"
"cnwstqi4977","junior","N","A","淬","淬","淬","丶 丶 ㇀ 丶 一 丿 丶 丿 丶 一 丨","丶 丶 ㇀ 一 一 丶 丶 丨 丿 丶 丿"
"cnwstqi4978","junior","N","A","涪","涪","涪","丶 丶 ㇀ 丶 一 丶 丿 一 丨 𠃍 一","丶 丶 一 𠃍 丿 丶 一 丨 丶 ㇀ 一"
"cnwstqi4979","junior","N","B","淙","淙","淙","丶 丶 ㇀ 丿 一 丶 亅 丶 ㇀ 一 乛","丶 丶 ㇀ 丶 ㇀ 乛 一 一 亅 丿 丶"
"cnwstqi4980","junior","N","A","涫","涫","涫","丶 丶 ㇀ 丶 ㇀ 乛 丨 𠃍 一 𠃍 一","丶 丶 丨 乛 ㇀ 一 𠃍 ㇀ 一 丶 𠃍"
"cnwstqi4981","junior","N","A","渌","渌","渌","丶 丶 ㇀ 𠃍 一 一 亅 丶 ㇀ 丿 ㇏","丶 丶 丿 亅 ㇏ ㇀ 𠃍 ㇀ 一 丶 一"
"cnwstqi4982","junior","N","A","淄","淄","淄","丶 丶 ㇀ 𡿨 𡿨 𡿨 丨 𠃍 一 丨 一","丶 丶 𡿨 ㇀ 𠃍 一 𡿨 丨 丨 𡿨 一"
"cnwstqi4983","junior","N","A","惬","惬","惬","㇀ 丶 丨 一 一 丶 丿 一 丿 丶 ㇄","㇀ 丶 一 丿 一 丶 一 ㇄ 丶 丿 丨"
"cnwstqi4984","junior","N","A","悻","悻","悻","㇀ 丶 丨 一 丨 一 丶 丿 一 一 丨","㇀ 丶 丨 一 丿 丨 丶 丨 一 一 一"
"cnwstqi4985","junior","N","A","悱","悱","悱","㇀ 丶 丨 丨 一 一 一 丨 一 一 一","㇀ 丶 丨 一 丨 一 一 一 丨 一 一"
"cnwstqi4986","junior","N","B","惝","惝","惝","㇀ 丶 丶 丨 𠃌 𠃍 一 丨 丿 丨 丨","㇀ 丶 丨 丨 丶 丿 丨 𠃌 丨 𠃍 一"
"cnwstqi4987","junior","N","B","惘","惘","惘","㇀ 丶 丶 ㇄ 一 一 丨 丿 丨 丶 𠃌","㇀ 丶 丨 丨 𠃌 丶 丿 一 丶 一 ㇄"
"cnwstqi4988","junior","N","B","悸","悸","悸","㇀ 丶 丿 ㇏ 丨 丿 一 丨 一 ㇇ 亅","㇀ 丶 丨 丿 一 丨 丿 ㇏ ㇇ 亅 一"
"cnwstqi4989","junior","N","B","惆","惆","惆","㇀ 丶 丨 丿 𠃍 一 一 一 丨 丨 𠃌","㇀ 丶 丨 丿 𠃌 一 丨 一 丨 𠃍 一"
"cnwstqi4990","junior","N","B","惚","惚","惚","㇀ 丶 ㇀ 丶 ㇃ 丿 丿 𠃌 丿 丨 丶","㇀ 丶 丨 丿 𠃌 丿 丿 ㇀ ㇃ 丶 丶"
"cnwstqi4991","junior","N","B","惇","惇","惇","㇀ 丶 丨 丨 一 ㇇ 一 亅 𠃍 一 丶","㇀ 丶 丨 丶 一 丨 𠃍 一 ㇇ 亅 一"
"cnwstqi4992","junior","N","B","惮","惮","惮","㇀ 丶 一 丨 𠃍 丨 一 丶 丨 丿 一","㇀ 丶 丨 丶 丿 丨 𠃍 一 一 一 丨"
"cnwstqi4993","junior","N","A","窕","窕","窕","丶 ㇀ 乛 丿 丶 丿 丶 ㇀ 乚 丿 丶","丶 ㇀ 丿 丿 丶 ㇀ 乛 丶 丶 乚 丿"
"cnwstqi4994","junior","N","B","谌","谌","谌","丶 ㇊ 丶 一 ㇄ 一 丨 丨 一 丿 一","丶 ㇊ 一 丨 丨 一 一 一 丿 丶 ㇄"
"cnwstqi4995","junior","N","A","谏","谏","谏","丶 ㇊ 一 丨 𠃍 丶 丿 一 丨 丿 ㇏","丶 ㇊ 丨 一 丨 ㇏ 丿 丶 丿 𠃍 一"
"cnwstqi4996","junior","N","A","扈","扈","扈","丶 𠃍 一 丿 丨 𠃍 一 𠃍 丨 一 乚","丶 𠃍 丨 丿 𠃍 𠃍 丨 乚 一 一 一"
"cnwstqi4997","junior","N","B","皲","皲","皲","㇀ 乛 ㇏ ㇀ 乛 丨 丿 ㇇ 丨 一 𠃋","㇀ 乛 一 𠃋 丨 ㇀ 乛 丿 丨 ㇇ ㇏"
"cnwstqi4998","junior","N","A","谑","谑","谑","丶 ㇊ 丨 一 乛 丿 一 乚 一 ㇄ 一","丶 ㇊ 一 一 丨 一 乚 丿 乛 ㇄ 一"
"cnwstqi4999","junior","N","B","裆","裆","裆","丶 ㇇ 一 丨 丨 丶 𠃍 丿 丿 丶 一","丶 ㇇ 丨 丿 丶 丨 丶 丿 𠃍 一 一"
"cnwstqi5000","junior","N","A","袷","袷","袷","丶 ㇇ 丨 丿 丶 丿 ㇏ 一 丨 𠃍 一","丶 ㇇ 丿 ㇏ 丶 一 丨 丿 丨 𠃍 一"
"cnwstqi5001","junior","N","B","裉","裉","裉","丶 ㇇ 丨 𠃍 一 一 ㇏ 丿 丿 丶 𠄌","丶 ㇇ 丨 丿 丶 𠃍 一 一 𠄌 丿 ㇏"
"cnwstqi5002","junior","N","B","谒","谒","谒","丶 ㇊ ㇄ 一 丨 一 𠃌 丿 𠃍 丶 丿","丶 ㇊ 丨 𠃍 一 一 丿 𠃌 丿 丶 ㇄"
"cnwstqi5003","junior","N","A","谔","谔","谔","丶 ㇊ 丨 𠃍 一 丨 𠃍 一 一 一 ㇉","丶 ㇊ ㇉ 𠃍 一 一 𠃍 丨 一 丨 一"
"cnwstqi5004","junior","N","B","谕","谕","谕","丶 ㇊ 一 𠃌 一 丿 丨 一 丨 亅 ㇏","丶 ㇊ 丿 ㇏ 一 丨 𠃌 一 一 丨 亅"
"cnwstqi5005","junior","N","B","谖","谖","谖","丶 ㇊ 丶 丿 丶 一 丿 ㇇ ㇏ 一 丿","丶 ㇊ 丿 丶 丶 丿 一 一 丿 ㇇ ㇏"
"cnwstqi5006","junior","N","A","谗","谗","谗","丶 ㇊ 丿 ㇇ 丨 𠃍 一 丿 乚 丶 丶","丶 ㇊ 丿 丨 丿 𠃍 一 乚 丶 丶 ㇇"
"cnwstqi5007","junior","N","A","谙","谙","谙","丶 ㇊ 丶 一 丶 丿 一 丨 𠃍 一 一","丶 ㇊ 丿 丶 一 一 𠃍 一 丨 一 丶"
"cnwstqi5008","junior","N","A","谛","谛","谛","丶 ㇊ 丶 一 丶 丿 ㇀ 乛 丨 𠃌 丨","丶 ㇊ ㇀ 一 丶 𠃌 丶 丨 乛 丨 丿"
"cnwstqi5009","junior","N","B","谝","谝","谝","丶 ㇊ 𠃌 丨 一 一 丶 丨 𠃍 丿 丨","丶 ㇊ 丶 𠃍 一 丿 丨 𠃌 一 丨 丨"
"cnwstqi5010","junior","N","A","逯","逯","逯","𠃍 一 一 亅 丶 ㇀ 丿 丶 丶 ㇋ ㇏","𠃍 一 ㇏ 一 丶 ㇀ ㇋ 丿 丶 丶 亅"
"cnwstqi5011","junior","N","B","郿","郿","郿","𠃍 丨 丨 一 一 一 一 丿 ㇌ 𠃍 丨","𠃍 丨 一 丿 丨 𠃍 一 一 一 ㇌ 丨"
"cnwstqi5012","junior","N","B","隈","隈","隈","㇌ 丨 丨 𠄌 ㇏ 𠃍 一 丿 一 丨 一","㇌ 丨 丨 𠃍 一 丨 一 一 𠄌 丿 ㇏"
"cnwstqi5013","junior","N","A","粜","粜","粜","㇄ 丨 丨 ㇄ 丨 丶 丿 一 丨 丿 ㇏","㇄ 丨 丶 ㇄ ㇏ 一 丨 丨 丿 丿 丨"
"cnwstqi5014","junior","N","A","隍","隍","隍","㇌ 丨 丿 丨 𠃍 一 一 一 一 丨 一","㇌ 丨 一 一 𠃍 丨 一 一 丨 丿 一"
"cnwstqi5015","junior","N","B","隗","隗","隗","㇌ 丨 乚 丨 𠃍 丶 一 𠃋 丿 丿 一","㇌ 丨 丿 丨 𠃍 一 一 丿 乚 𠃋 丶"
"cnwstqi5016","junior","N","B","婧","婧","婧","𡿨 丿 一 丨 一 𠃌 一 一 丨 一 一","𡿨 丿 一 一 一 丨 一 丨 𠃌 一 一"
"cnwstqi5017","junior","N","B","婊","婊","婊","𡿨 丿 一 一 丿 ㇏ 𠄌 丿 一 丨 一","𡿨 丿 一 一 一 丨 一 丿 𠄌 丿 ㇏"
"cnwstqi5018","junior","N","A","婕","婕","婕","𡿨 丿 一 一 𠃍 一 一 丨 一 丿 ㇏","𡿨 丿 一 一 𠃍 一 一 一 ㇏ 丨 丿"
"cnwstqi5019","junior","N","A","娼","娼","娼","𡿨 丿 一 丨 𠃍 一 一 丨 𠃍 一 一","𡿨 丿 一 一 丨 一 𠃍 丨 𠃍 一 一"
"cnwstqi5020","junior","N","B","婢","婢","婢","𡿨 丿 丿 丨 𠃍 一 丿 丨 一 一 一","𡿨 丿 一 丿 丨 𠃍 一 一 丿 一 丨"
"cnwstqi5021","junior","N","B","婵","婵","婵","𡿨 丿 一 丨 一 一 一 丨 丿 丶 𠃍","𡿨 丿 一 丶 丿 丨 𠃍 一 一 一 丨"
"cnwstqi5022","junior","N","A","胬","胬","胬","𡿨 丿 一 ㇇ ㇏ 丨 𠃌 丿 丶 丿 丶","𡿨 丿 丶 丿 ㇇ 丶 𠃌 ㇏ 一 丨 丿"
"cnwstqi5023","junior","N","B","袈","袈","袈","𠃌 丿 丿 ㇏ 丶 一 丨 丿 𠃍 𠄌 一","𠃌 丿 丨 𠃍 一 丶 一 丿 𠄌 丿 ㇏"
"cnwstqi5024","junior","N","B","翌","翌","翌","𠃍 丶 一 一 𠃍 丶 ㇀ 丶 丿 ㇀ 丶","𠃍 丶 ㇀ 𠃍 丶 ㇀ 丶 一 丶 丿 一"
"cnwstqi5025","junior","N","B","恿","恿","恿","㇇ 丶 丨 ㇀ 一 ㇃ 丨 一 丶 𠃌 丶","㇇ 丶 丨 𠃌 一 一 丨 ㇀ ㇃ 丶 丶"
"cnwstqi5026","junior","N","A","欸","欸","欸","𠃋 丶 丿 一 一 丿 ㇏ 丿 ㇇ 丿 ㇏","𠃋 丶 ㇏ 丿 丿 丿 ㇏ 一 丿 一 ㇇"
"cnwstqi5027","junior","N","B","绫","绫","绫","𠃋 𠃋 ㇏ 丿 一 丿 ㇀ 一 ㇇ 丨 丶","𠃋 𠃋 ㇀ 一 丨 一 丿 丶 丿 ㇇ ㇏"
"cnwstqi5028","junior","N","B","骐","骐","骐","𠃍 ㇉ 一 一 一 丨 丿 一 丨 丶 ㇀","𠃍 ㇉ ㇀ 一 丨 丨 一 一 一 丿 丶"
"cnwstqi5029","junior","N","A","绮","绮","绮","𠃋 𠃋 ㇀ 一 丿 丶 一 丨 𠃍 一 亅","𠃋 𠃋 一 一 亅 ㇀ 一 丨 丶 𠃍 丿"
"cnwstqi5030","junior","N","A","绯","绯","绯","𠃋 𠃋 ㇀ 丨 一 一 一 丨 一 一 一","𠃋 𠃋 一 丨 一 一 一 ㇀ 一 一 丨"
"cnwstqi5031","junior","N","B","绱","绱","绱","𠃋 𠃋 一 丿 𠃌 丨 𠃍 丶 ㇀ 丨 丨","𠃋 𠃋 ㇀ 丨 丶 丿 丨 𠃌 丨 𠃍 一"
"cnwstqi5032","junior","N","B","骒","骒","骒","𠃍 ㇉ 一 ㇏ 一 丿 丨 一 丨 ㇀ 𠃍","𠃍 ㇉ ㇀ 丨 𠃍 一 一 一 丨 丿 ㇏"
"cnwstqi5033","junior","N","A","绲","绲","绲","𠃋 𠃋 ㇀ 丨 𠃍 一 一 一 𠄌 丿 乚","𠃋 𠃋 一 ㇀ 丿 丨 一 一 𠃍 乚 𠄌"
"cnwstqi5034","junior","N","A","骓","骓","骓","𠃍 ㇉ ㇀ 丿 丨 丶 一 一 一 丨 一","𠃍 ㇉ 一 一 ㇀ 一 丶 丨 丨 一 丿"
"cnwstqi5035","junior","N","A","绶","绶","绶","𠃋 𠃋 ㇀ 丿 丶 丶 丿 ㇀ 乛 ㇇ ㇏","𠃋 𠃋 丶 丿 丿 ㇀ 丶 ㇀ 乛 ㇇ ㇏"
"cnwstqi5036","junior","N","A","绺","绺","绺","𠃋 𠃋 ㇀ 丿 ㇇ ㇏ 丨 丶 丨 𠃍 一","𠃋 𠃋 一 ㇏ 丶 丨 ㇀ 𠃍 丿 ㇇ 丨"
"cnwstqi5037","junior","N","B","绻","绻","绻","𠃋 𠃋 𠃌 一 丿 丶 乚 一 丿 ㇀ ㇏","𠃋 𠃋 ㇀ 丶 丿 一 一 丿 ㇏ 𠃌 乚"
"cnwstqi5038","junior","N","A","绾","绾","绾","𠃋 𠃋 ㇀ 丶 ㇀ 乛 丨 𠃍 一 𠃍 一","𠃋 𠃋 一 丶 一 丨 ㇀ 𠃍 ㇀ 乛 𠃍"
"cnwstqi5039","junior","N","A","骖","骖","骖","𠃍 ㇉ ㇀ 𠃋 丶 一 丿 ㇏ 丿 丿 丿","𠃍 ㇉ 丿 丿 丿 ㇏ ㇀ 丿 一 𠃋 丶"
"cnwstqi5040","junior","N","A","缁","缁","缁","𠃋 𠃋 ㇀ 𡿨 𡿨 𡿨 丨 𠃍 一 丨 一","𠃋 𠃋 ㇀ 丨 𠃍 𡿨 𡿨 丨 𡿨 一 一"
"cnwstqi5041","junior","N","A","耠","耠","耠","一 一 一 丨 丿 丶 丿 ㇏ 一 丨 𠃍 一","一 一 一 一 丶 𠃍 丿 丿 丨 ㇏ 一 丨"
"cnwstqi5042","junior","N","A","琫","琫","琫","一 一 丨 ㇀ 一 一 一 丿 ㇏ 一 一 丨","一 一 ㇏ 一 一 一 丨 丨 一 ㇀ 一 丿"
"cnwstqi5043","junior","N","A","琵","琵","琵","一 一 丨 一 一 一 丨 一 一 𠄌 丿 乚","一 一 一 𠄌 乚 一 一 丿 一 一 丨 丨"
"cnwstqi5044","junior","N","B","琶","琶","琶","一 一 𠃍 一 丨 乚 一 一 丨 一 一 丨","一 一 丨 一 一 一 丨 一 𠃍 丨 一 乚"
"cnwstqi5045","junior","N","B","琪","琪","琪","一 一 一 一 一 一 丨 ㇀ 丿 丨 丨 丶","一 一 丨 ㇀ 一 丨 丨 一 一 一 丿 丶"
"cnwstqi5046","junior","N","A","瑛","瑛","瑛","一 一 丨 ㇀ 一 丨 丨 丨 𠃍 一 丿 ㇏","一 一 一 丨 ㇏ ㇀ 一 丨 丨 丿 丨 𠃍"
"cnwstqi5047","junior","N","A","琦","琦","琦","一 一 丨 ㇀ 一 丿 丶 一 丨 𠃍 一 亅","一 一 丨 丨 𠃍 亅 丶 一 ㇀ 一 一 丿"
"cnwstqi5048","junior","N","B","琥","琥","琥","一 一 丿 ㇀ 乛 丨 一 一 乚 丿 丨 ⺄","一 一 丨 ㇀ 丨 一 乛 丿 一 乚 丿 ⺄"
"cnwstqi5049","junior","N","B","琨","琨","琨","一 一 一 丿 𠃍 ㇀ 一 乚 𠄌 一 丨 丨","一 一 丨 ㇀ 丨 𠃍 一 一 一 𠄌 丿 乚"
"cnwstqi5050","junior","N","A","靓","靓","靓","一 一 丨 一 丨 𠃌 一 一 丨 𠃍 丿 乚","一 一 丿 一 一 𠃌 𠃍 乚 一 丨 丨 丨"
"cnwstqi5051","junior","N","B","琰","琰","琰","一 一 丿 丶 丨 ㇏ 丿 丿 ㇀ ㇀ ㇀ 丿","一 一 丨 ㇀ ㇀ 丿 丿 丶 ㇀ 丿 丿 ㇏"
"cnwstqi5052","junior","N","A","琮","琮","琮","一 一 丨 ㇀ 丶 ㇀ 乛 一 一 亅 丿 丶","一 一 一 ㇀ 丿 亅 乛 一 丶 ㇀ 丶 丨"
"cnwstqi5053","junior","N","A","琯","琯","琯","一 一 丨 ㇀ 丶 ㇀ 乛 丨 𠃍 一 𠃍 一","一 一 𠃍 一 乛 ㇀ 一 丨 𠃍 ㇀ 丶 丨"
"cnwstqi5054","junior","N","B","琬","琬","琬","一 一 丶 丨 丶 ㇀ 乛 丿 𠃌 ㇀ 乚 ㇇","一 一 丨 ㇀ 丶 ㇀ 乛 丿 ㇇ 丶 𠃌 乚"
"cnwstqi5055","junior","N","A","琛","琛","琛","一 一 丨 ㇀ ㇀ 乛 丿 丶 一 丨 丿 ㇏","一 一 一 ㇀ 丨 丿 丨 乛 丿 丶 ㇀ ㇏"
"cnwstqi5056","junior","N","B","琚","琚","琚","一 一 一 一 𠃍 丨 一 丨 丨 ㇀ 𠃍 丿","一 一 丨 ㇀ 𠃍 一 丿 一 丨 丨 𠃍 一"
"cnwstqi5057","junior","N","A","辇","辇","辇","一 一 丿 丶 一 一 丿 ㇏ 一 𠃋 一 丨","一 一 一 一 丨 𠃋 丿 丿 丶 ㇏ 一 一"
"cnwstqi5058","junior","N","A","鼋","鼋","鼋","一 一 丿 乚 丨 𠃍 一 丨 𠃍 一 一 乚","一 一 丨 一 𠃍 一 乚 一 乚 丨 丿 𠃍"
"cnwstqi5059","junior","N","B","揳","揳","揳","一 亅 ㇀ 一 一 丨 丿 一 ㇏ 丿 一 𠃌","一 亅 ㇀ 一 一 一 丨 𠃌 丿 一 丿 ㇏"
"cnwstqi5060","junior","N","B","堞","堞","堞","一 丨 一 丿 ㇄ 丨 ㇏ 丨 丨 一 ㇀ 一","一 丨 ㇀ 一 丨 丨 一 ㇄ 一 丨 丿 ㇏"
"cnwstqi5061","junior","N","B","搽","搽","搽","一 亅 丨 ㇀ 一 亅 丨 丿 丶 一 ㇏ 丿","一 亅 ㇀ 一 丨 丨 丿 ㇏ 一 亅 丿 丶"
"cnwstqi5062","junior","N","A","揸","揸","揸","一 亅 ㇀ 一 丨 丿 ㇏ 丨 𠃍 一 一 一","一 亅 ㇀ 一 一 ㇏ 丨 𠃍 丨 一 丿 一"
"cnwstqi5063","junior","N","B","揠","揠","揠","一 亅 丨 一 ㇄ 丿 𠃍 ㇀ 一 一 一 𡿨","一 亅 ㇀ 一 丨 𠃍 一 一 𡿨 丿 一 ㇄"
"cnwstqi5064","junior","N","A","堙","堙","堙","一 丨 ㇀ 一 丨 𠃍 丨 丨 一 一 丨 一","一 丨 一 丨 一 丨 𠃍 丨 丨 一 一 ㇀"
"cnwstqi5065","junior","N","A","趄","趄","趄","一 丨 一 丨 一 丿 ㇏ 丨 𠃍 一 一 一","一 丨 一 丨 丿 一 ㇏ 一 一 一 𠃍 丨"
"cnwstqi5066","junior","N","B","揖","揖","揖","一 亅 丨 ㇀ 一 一 丨 一 丨 一 一 𠃍","一 亅 ㇀ 丨 𠃍 一 一 丨 丨 一 一 一"
"cnwstqi5067","junior","N","A","颉","颉","颉","一 丨 一 丨 𠃍 一 一 丿 丨 𠃍 丿 丶","一 丨 丿 一 一 丿 𠃍 丶 𠃍 一 丨 丨"
"cnwstqi5068","junior","N","B","塄","塄","塄","一 丨 丶 一 𠃌 丨 丿 丨 𠃍 丨 ㇀ 一","一 丨 ㇀ 丨 𠃍 丨 丨 一 丶 一 𠃌 丿"
"cnwstqi5069","junior","N","A","揿","揿","揿","一 亅 ㇀ 丿 一 一 一 𠄌 丿 乛 丿 ㇏","一 亅 一 一 乛 𠄌 丿 ㇀ ㇏ 一 丿 丿"
"cnwstqi5070","junior","N","A","耋","耋","耋","一 丨 一 丿 丿 乚 一 𠃋 丶 一 丨 一","一 丨 一 一 丨 丿 一 丶 𠃋 丿 乚 一"
"cnwstqi5071","junior","N","A","揄","揄","揄","一 亅 ㇀ 丿 ㇏ 一 丨 𠃌 一 一 丨 亅","一 亅 一 丨 丿 ㇀ ㇏ 丨 一 𠃌 一 亅"
"cnwstqi5072","junior","N","B","蛩","蛩","蛩","一 丨 一 丿 丨 𠃍 丨 一 ⺄ ㇀ 丶 丶","一 丨 ㇀ 丿 ⺄ 丶 丨 𠃍 一 丨 一 丶"
"cnwstqi5073","junior","N","A","蛰","蛰","蛰","一 亅 ㇀ 丿 ⺄ 丶 丨 𠃍 一 丨 一 丶","一 亅 𠃍 ㇀ ⺄ 丶 丶 丨 一 丨 丿 一"
"cnwstqi5074","junior","N","A","塆","塆","塆","一 丨 ㇀ 丶 一 丨 丨 丿 丶 𠃍 一 ㇉","一 丨 一 𠃍 丨 ㇉ ㇀ 一 丨 丿 丶 丶"
"cnwstqi5075","junior","N","B","摒","摒","摒","一 亅 ㇀ 丶 丿 丿 𠃍 一 一 丿 一 丨","一 亅 ㇀ 𠃍 一 丿 丶 丿 一 一 丿 丨"
"cnwstqi5076","junior","N","A","揆","揆","揆","一 亅 ㇀ ㇇ 丶 丿 丿 ㇏ 一 一 丿 丶","一 亅 丶 一 丿 ㇀ 丿 丶 一 ㇏ 丿 ㇇"
"cnwstqi5077","junior","N","A","掾","掾","掾","一 亅 ㇀ 𠃋 ㇇ 一 丿 ㇁ 丿 丿 丿 ㇏","一 亅 丿 一 丿 ㇏ ㇁ 丿 ㇇ 丿 ㇀ 𠃋"
"cnwstqi5078","junior","N","A","聒","聒","聒","一 丨 丨 一 一 ㇀ 丿 一 丨 丨 𠃍 一","一 丨 丨 一 丨 𠃍 一 丨 一 ㇀ 丿 一"
"cnwstqi5079","junior","N","B","葑","葑","葑","一 丨 亅 丨 ㇀ 丶 一 丨 丨 一 一 一","一 丨 丨 一 丨 一 一 丨 ㇀ 一 亅 丶"
"cnwstqi5080","junior","N","A","葚","葚","葚","一 丨 丨 一 丨 丨 一 一 一 丿 丶 ㇄","一 丨 丶 丿 丨 丨 ㇄ 一 丨 一 一 一"
"cnwstqi5081","junior","N","A","靰","靰","靰","一 丨 丨 一 丨 𠃍 一 一 丨 一 丿 乚","一 丨 丨 丨 一 𠃍 丿 乚 一 一 丨 一"
"cnwstqi5082","junior","N","A","靸","靸","靸","一 丨 丨 一 丨 𠃍 一 一 丨 丿 ㇋ ㇏","一 丨 丨 丨 𠃍 ㇏ 一 一 丨 ㇋ 丿 一"
"cnwstqi5083","junior","N","B","葳","葳","葳","一 丨 丿 丿 𡿨 一 一 丨 丿 一 丶 ㇂","一 丨 丨 一 丿 一 𡿨 丿 一 ㇂ 丿 丶"
"cnwstqi5084","junior","N","A","葺","葺","葺","一 丨 丨 丨 𠃍 一 一 丨 丨 一 一 一","一 丨 丨 丨 一 一 丨 丨 一 𠃍 一 一"
"cnwstqi5085","junior","N","A","葸","葸","葸","一 丨 丨 丨 𠃍 一 丨 一 ㇀ ㇃ 丶 丶","一 丨 丶 丨 𠃍 ㇃ 丶 ㇀ 丨 一 丨 一"
"cnwstqi5086","junior","N","B","萼","萼","萼","一 丨 𠃍 𠃍 一 一 丨 ㇉ 一 丨 一 丨","一 丨 丨 丨 𠃍 一 丨 𠃍 一 一 一 ㇉"
"cnwstqi5087","junior","N","A","葆","葆","葆","一 丨 丨 丿 丨 丨 𠃍 一 一 丨 丿 ㇏","一 丨 丨 丨 𠃍 丿 丨 一 丿 一 ㇏ 丨"
"cnwstqi5088","junior","N","A","葩","葩","葩","一 丨 丨 丿 丨 𠃍 一 一 𠃍 丨 一 乚","一 丨 丨 乚 一 一 丨 一 丨 𠃍 𠃍 丿"
"cnwstqi5089","junior","N","A","葶","葶","葶","一 丨 丨 丶 一 丨 𠃍 一 ㇀ 乛 一 亅","一 丨 ㇀ 乛 一 𠃍 丨 丶 亅 丨 一 一"
"cnwstqi5090","junior","N","B","蒌","蒌","蒌","一 丨 丿 丿 𡿨 ㇏ 一 丿 丨 丶 一 丨","一 丨 丨 丶 丿 一 丨 丿 ㇏ 𡿨 丿 一"
"cnwstqi5091","junior","N","A","萱","萱","萱","一 丨 丨 丶 ㇀ 乛 一 丨 𠃍 一 一 一","一 丨 ㇀ 丶 一 𠃍 丨 一 乛 一 一 丨"
"cnwstqi5092","junior","N","A","戟","戟","戟","一 丨 丨 𠃍 一 一 一 丨 一 ㇂ 丿 丶","一 丨 ㇂ 一 丿 一 一 丨 丨 一 𠃍 丶"
"cnwstqi5093","junior","N","A","葭","葭","葭","一 丨 丨 𠃍 一 丨 一 一 𠃍 一 ㇇ ㇏","一 丨 𠃍 丨 𠃍 ㇏ 一 一 丨 ㇇ 一 一"
"cnwstqi5094","junior","N","B","楮","楮","楮","一 丨 丿 丨 一 一 一 一 丿 丶 𠃍 丨","一 丨 丿 丶 一 丨 一 丿 丨 𠃍 一 一"
"cnwstqi5095","junior","N","B","棼","棼","棼","一 丨 丿 丿 ㇏ 丶 𠃌 丨 一 丿 丿 丶","一 丨 丿 丶 一 丨 丿 丶 丿 ㇏ 𠃌 丿"
"cnwstqi5096","junior","N","B","椟","椟","椟","一 丨 丶 丿 一 丶 丶 丨 丿 一 丶 乛","一 丨 丿 丶 一 丨 乛 丶 丶 一 丿 丶"
"cnwstqi5097","junior","N","A","棹","棹","棹","一 丨 丿 丶 丨 一 丨 𠃍 一 一 一 丨","一 丨 一 丶 丨 丨 丨 一 一 一 丿 𠃍"
"cnwstqi5098","junior","N","A","椤","椤","椤","一 丨 丿 丶 丨 𠃍 丨 丨 一 丿 ㇇ 丶","一 丨 丶 丿 丶 一 丨 丿 丨 丨 ㇇ 𠃍"
"cnwstqi5099","junior","N","A","棰","棰","棰","一 丨 丿 丶 丿 一 丨 一 丨 丨 一 一","一 丨 一 丿 丨 丿 一 丶 丨 一 丨 一"
"cnwstqi5100","junior","N","B","赍","赍","赍","一 丨 丿 丶 丿 ㇀ 丿 丶 丶 𠃍 乛 丨","一 丨 丿 丶 丿 丶 ㇀ 乛 丨 𠃍 丿 丶"
"cnwstqi5101","junior","N","B","椋","椋","椋","一 丨 一 丿 丿 一 丶 𠃍 丶 丨 丶 亅","一 丨 丿 丶 丶 一 丨 𠃍 一 亅 丿 丶"
"cnwstqi5102","junior","N","B","椁","椁","椁","一 丨 丿 一 亅 丨 一 𠃍 丶 ㇇ 一 丶","一 丨 丿 丶 丶 一 丨 𠃍 一 ㇇ 亅 一"
"cnwstqi5103","junior","N","A","椪","椪","椪","一 丨 丿 丶 丶 丿 一 丨 丨 丶 丿 一","一 丨 丶 一 丶 丨 丿 一 丿 丿 丨 丶"
"cnwstqi5104","junior","N","B","棣","棣","棣","一 丨 丶 ㇏ 丿 一 丶 丿 𠃍 一 ㇀ 亅","一 丨 丿 丶 𠃍 一 一 亅 丶 ㇀ 丿 ㇏"
"cnwstqi5105","junior","N","A","椐","椐","椐","一 丨 丿 丶 𠃍 一 丿 一 丨 丨 𠃍 一","一 丨 一 丶 丿 𠃍 一 丿 一 丨 丨 𠃍"
"cnwstqi5106","junior","N","B","鹁","鹁","鹁","一 丨 ㇇ 丶 ㇉ 亅 乛 丿 𠃌 ㇀ 一 ㇀","一 丨 ㇀ 乛 ㇇ 亅 ㇀ 丿 𠃌 丶 ㇉ 一"
"cnwstqi5107","junior","N","A","覃","覃","覃","一 丨 𠃍 丨 丨 一 丨 𠃍 一 一 一 丨","一 丨 一 丨 一 𠃍 丨 𠃍 丨 一 一 丨"
"cnwstqi5108","junior","N","A","酤","酤","酤","一 丨 𠃍 丿 ㇄ 一 一 一 丨 丨 𠃍 一","一 丨 一 一 丿 𠃍 丨 ㇄ 一 一 丨 𠃍"
"cnwstqi5109","junior","N","A","酢","酢","酢","一 丨 𠃍 丿 ㇄ 一 一 丿 一 丨 一 一","一 丨 一 一 一 𠃍 一 一 ㇄ 丿 丨 丿"
"cnwstqi5110","junior","N","A","酡","酡","酡","一 丨 𠃍 丿 ㇄ 一 一 丶 ㇀ 乛 丿 乚","一 丨 丿 丶 ㇀ 𠃍 乛 丿 一 一 乚 ㇄"
"cnwstqi5111","junior","N","B","鹂","鹂","鹂","一 丨 丿 丶 丶 𠃌 丶 一 ㇉ 𠃌 丨 𠃌","一 丨 𠃌 丶 丨 𠃌 丶 丿 𠃌 丶 ㇉ 一"
"cnwstqi5112","junior","N","A","厥","厥","厥","一 丿 丶 丿 一 ㇄ 丨 丿 丿 乛 丿 ㇏","一 丿 丨 丶 ㇄ 丿 一 ㇏ 丿 乛 丿 丿"
"cnwstqi5113","junior","N","B","殚","殚","殚","一 丿 ㇇ 丶 丿 丨 丨 一 𠃍 一 一 丶","一 丿 ㇇ 丶 丶 丿 丨 𠃍 一 一 一 丨"
"cnwstqi5114","junior","N","A","殛","殛","殛","一 丿 ㇇ 丶 ㇇ 亅 丨 𠃍 一 ㇇ 丶 一","一 丿 丨 亅 一 丶 ㇇ 一 𠃍 ㇇ 丶 ㇇"
"cnwstqi5115","junior","N","A","雯","雯","雯","一 ㇀ 乛 丨 丶 丶 丶 丶 丶 一 丿 ㇏","一 ㇀ 乛 丶 丶 丨 丶 ㇏ 一 丶 丿 丶"
"cnwstqi5116","junior","N","A","雱","雱","雱","一 ㇀ 乛 丨 丶 丶 丶 丶 丶 一 丿 𠃌","一 ㇀ 乛 丶 丶 丶 一 丶 丨 丿 丶 𠃌"
"cnwstqi5117","junior","N","B","辊","辊","辊","一 𠃋 一 一 𠃍 丨 𠄌 丿 乚 ㇀ 一 丨","一 𠃋 丨 ㇀ 丨 𠃍 一 一 一 𠄌 丿 乚"
"cnwstqi5118","junior","N","B","辋","辋","辋","一 𠃋 丶 一 丶 𠃌 一 丨 ㇀ 丿 丨 ㇄","一 𠃋 丨 ㇀ 丨 𠃌 丶 丿 一 丶 一 ㇄"
"cnwstqi5119","junior","N","A","椠","椠","椠","一 𠃋 丨 ㇀ 丿 丿 一 丨 一 丨 丿 ㇏","一 𠃋 丿 ㇀ 丨 一 丨 丿 丿 ㇏ 丨 一"
"cnwstqi5120","junior","N","B","辍","辍","辍","一 𠃋 ㇇ 丶 ㇇ ㇀ 丨 丶 ㇇ ㇇ 丶 ㇏","一 𠃋 丨 ㇀ ㇇ 丶 ㇇ 丶 ㇇ 丶 ㇇ ㇏"
"cnwstqi5121","junior","N","B","辎","辎","辎","一 𠃋 𡿨 𠃍 ㇀ 丨 丨 一 𡿨 丨 𡿨 一","一 𠃋 丨 ㇀ 𡿨 𡿨 𡿨 丨 𠃍 一 丨 一"
"cnwstqi5122","junior","N","B","斐","斐","斐","丨 一 一 丨 一 丶 一 一 一 一 丿 ㇏","丨 一 一 一 丨 一 一 一 丶 一 丿 ㇏"
"cnwstqi5123","junior","N","A","睄","睄","睄","丨 𠃍 一 一 一 丨 丶 丿 丨 𠃌 一 一","丨 𠃍 一 𠃌 一 丨 一 一 丶 一 丨 丿"
"cnwstqi5124","junior","N","A","睑","睑","睑","丨 𠃍 一 一 一 丿 ㇏ 一 丶 丶 丿 一","丨 𠃍 一 丿 一 ㇏ 一 丶 一 一 丶 丿"
"cnwstqi5125","junior","N","B","睇","睇","睇","丨 𠃍 一 丿 丿 丶 一 一 丨 𠃍 一 ㇉","丨 𠃍 一 一 一 丶 丿 𠃍 一 ㇉ 丨 丿"
"cnwstqi5126","junior","N","B","睃","睃","睃","丨 𠃍 丿 一 ㇇ 丶 丿 一 丶 𠃋 ㇏ 一","丨 𠃍 一 一 一 𠃋 丶 丿 丶 丿 ㇇ ㇏"
"cnwstqi5127","junior","N","B","戢","戢","戢","丨 𠃍 丨 一 ㇀ 一 丶 丿 一 丨 ㇂ 一","丨 𠃍 一 一 丨 丨 一 一 ㇀ ㇂ 丿 丶"
"cnwstqi5128","junior","N","A","喋","喋","喋","丨 𠃍 一 一 丨 丨 一 ㇄ 一 丨 丿 ㇏","丨 𠃍 丨 一 一 ㇏ 丨 丿 一 一 ㇄ 丨"
"cnwstqi5129","junior","N","A","嗒","嗒","嗒","丨 𠃍 一 一 丨 丨 丿 ㇏ 一 丨 𠃍 一","丨 𠃍 丨 一 𠃍 一 一 丨 丨 ㇏ 一 丿"
"cnwstqi5130","junior","N","B","喃","喃","喃","丨 𠃍 一 丶 一 一 一 丨 丨 丨 𠃌 丿","丨 𠃍 一 一 丨 丨 𠃌 丶 丿 一 一 丨"
"cnwstqi5131","junior","N","B","喱","喱","喱","丨 𠃍 一 一 一 一 丨 一 一 𠃍 丨 丿","丨 𠃍 一 一 丿 丨 𠃍 一 一 丨 一 一"
"cnwstqi5132","junior","N","B","喹","喹","喹","丨 𠃍 一 一 丿 丨 一 丨 ㇏ 一 一 一","丨 𠃍 一 一 丿 ㇏ 一 丨 一 一 丨 一"
"cnwstqi5133","junior","N","B","晷","晷","晷","丨 𠃍 丨 丨 一 𠃍 ㇏ 丿 ㇇ 一 一 丶","丨 𠃍 一 一 丿 ㇇ ㇏ 丨 丶 丨 𠃍 一"
"cnwstqi5134","junior","N","A","喈","喈","喈","丨 𠃍 一 一 𠄌 丿 乚 丿 丨 𠃍 一 一","丨 𠃍 丿 𠃍 𠄌 一 丿 乚 一 一 丨 一"
"cnwstqi5135","junior","N","B","跖","跖","跖","丨 𠃍 ㇀ 一 一 丨 丿 𠃍 丨 丨 一 一","丨 𠃍 一 丨 一 丨 ㇀ 一 丿 丨 𠃍 一"
"cnwstqi5136","junior","N","A","跗","跗","跗","丨 𠃍 一 丨 一 丨 ㇀ 丿 丨 一 亅 丶","丨 𠃍 一 亅 丨 ㇀ 一 丿 丨 丨 丶 一"
"cnwstqi5137","junior","N","A","跞","跞","跞","丨 𠃍 一 丨 一 丨 ㇀ 丿 ㇄ 亅 丿 丶","丨 𠃍 亅 ㇀ 丿 丶 丨 一 丨 丿 ㇄ 一"
"cnwstqi5138","junior","N","B","跚","跚","跚","丨 𠃍 丨 一 丿 𠃌 一 丿 𠃌 ㇀ 一 丨","丨 𠃍 一 丨 一 丨 ㇀ 丿 𠃌 丿 𠃌 一"
"cnwstqi5139","junior","N","A","跎","跎","跎","丨 𠃍 一 丨 一 丨 ㇀ 丶 ㇀ 乛 丿 乚","丨 𠃍 ㇀ 一 乛 ㇀ 丿 丨 一 乚 丶 丨"
"cnwstqi5140","junior","N","A","跏","跏","跏","丨 𠃍 一 丨 一 丨 ㇀ 𠃌 丿 丨 𠃍 一","丨 𠃍 一 丨 𠃍 丿 一 ㇀ 一 丨 丨 𠃌"
"cnwstqi5141","junior","N","B","跆","跆","跆","丨 𠃍 一 一 丨 𠃍 丶 丨 𠃋 一 丨 ㇀","丨 𠃍 一 丨 一 丨 ㇀ 𠃋 丶 丨 𠃍 一"
"cnwstqi5142","junior","N","B","蛱","蛱","蛱","丨 𠃍 一 丶 ㇏ 丨 一 丿 一 丿 一 丶","丨 𠃍 一 丨 一 丶 一 丶 丿 一 丿 ㇏"
"cnwstqi5143","junior","N","A","蛲","蛲","蛲","丨 𠃍 一 丨 一 丶 一 ㇂ 丿 一 丿 乚","丨 𠃍 一 一 丿 丿 乚 一 丶 一 丨 ㇂"
"cnwstqi5144","junior","N","A","蛭","蛭","蛭","丨 𠃍 一 丨 一 丶 一 𠃋 丶 一 丨 一","丨 𠃍 一 丶 丶 一 一 一 丨 𠃋 丨 一"
"cnwstqi5145","junior","N","B","蛳","蛳","蛳","丨 𠃍 丨 𠃌 一 丨 丿 一 丨 丨 一 丶","丨 𠃍 一 丨 一 丶 丨 丿 一 丨 𠃌 丨"
"cnwstqi5146","junior","N","B","蛐","蛐","蛐","丨 𠃍 丨 𠃍 丶 丨 一 一 一 一 丨 丨","丨 𠃍 一 丨 一 丶 丨 𠃍 一 丨 丨 一"
"cnwstqi5147","junior","N","B","蛔","蛔","蛔","丨 𠃍 丨 丨 𠃍 丶 丨 一 一 一 一 𠃍","丨 𠃍 一 丨 一 丶 丨 𠃍 丨 𠃍 一 一"
"cnwstqi5148","junior","N","B","蛞","蛞","蛞","丨 𠃍 一 丨 一 一 丨 丿 一 𠃍 丶 丨","丨 𠃍 一 丨 一 丶 丿 一 丨 丨 𠃍 一"
"cnwstqi5149","junior","N","A","蛴","蛴","蛴","丨 𠃍 一 丨 一 丶 丶 一 丿 ㇏ 丿 丨","丨 𠃍 丿 ㇏ 丨 一 丨 一 丿 丶 丶 一"
"cnwstqi5150","junior","N","A","蛟","蛟","蛟","丨 𠃍 一 丨 一 丶 丶 一 丿 丶 丿 ㇏","丨 𠃍 丿 丶 一 一 一 丿 ㇏ 丶 丶 丨"
"cnwstqi5151","junior","N","B","蛘","蛘","蛘","丨 𠃍 一 丨 丶 一 丿 一 一 一 丶 丨","丨 𠃍 一 丨 一 丶 丶 丿 一 一 一 丨"
"cnwstqi5152","junior","N","A","喁","喁","喁","丨 𠃍 一 丨 𠃍 一 一 丨 𠃌 丨 ㇀ 丶","丨 𠃍 一 丶 𠃍 丨 ㇀ 丨 丨 一 一 𠃌"
"cnwstqi5153","junior","N","B","喟","喟","喟","丨 𠃍 一 丨 𠃌 一 一 𠃍 一 丨 丨 一","丨 𠃍 一 丨 𠃍 一 丨 一 丨 𠃌 一 一"
"cnwstqi5154","junior","N","B","啾","啾","啾","丨 𠃍 ㇀ 丶 ㇏ 丿 丨 一 一 丿 丿 丿","丨 𠃍 一 丿 一 丨 丿 丶 ㇀ 丿 丿 ㇏"
"cnwstqi5155","junior","N","A","嗖","嗖","嗖","丨 𠃍 一 丿 丨 一 𠃍 一 一 丨 ㇇ ㇏","丨 𠃍 丨 丿 ㇇ 一 一 一 𠃍 丨 一 ㇏"
"cnwstqi5156","junior","N","B","喑","喑","喑","丨 𠃍 丨 一 一 一 一 丶 𠃍 一 丶 丿","丨 𠃍 一 丶 一 丶 丿 一 丨 𠃍 一 一"
"cnwstqi5157","junior","N","A","嗟","嗟","嗟","丨 𠃍 一 丶 丿 一 一 一 丿 一 丨 一","丨 𠃍 一 丿 丶 一 丨 一 一 一 一 丿"
"cnwstqi5158","junior","N","A","喽","喽","喽","丨 𠃍 一 丶 丿 一 丨 丿 ㇏ 𡿨 丿 一","丨 𠃍 一 𡿨 丶 一 丨 ㇏ 丿 一 丿 丿"
"cnwstqi5159","junior","N","A","嗞","嗞","嗞","丨 𠃍 一 丶 丿 一 𠃋 𠃋 丶 𠃋 𠃋 丶","丨 𠃍 一 丶 𠃋 丶 𠃋 丿 丶 𠃋 一 𠃋"
"cnwstqi5160","junior","N","B","喀","喀","喀","丨 𠃍 𠃍 ㇀ 丶 ㇏ 一 乛 一 丨 丿 ㇇","丨 𠃍 一 丶 ㇀ 乛 丿 ㇇ ㇏ 丨 𠃍 一"
"cnwstqi5161","junior","N","A","喔","喔","喔","丨 𠃍 一 𠃍 一 丿 一 𠃋 丶 一 丨 一","丨 𠃍 一 一 𠃍 一 丨 𠃋 一 丿 丶 一"
"cnwstqi5162","junior","N","A","喙","喙","喙","丨 𠃍 一 𠃋 ㇇ 一 丿 ㇁ 丿 丿 丿 ㇏","丨 𠃍 ㇇ 𠃋 丿 ㇁ ㇏ 一 丿 丿 一 丿"
"cnwstqi5163","junior","N","A","嵘","嵘","嵘","丨 ㇄ 丨 一 丨 丨 ㇀ 乛 一 丨 丿 ㇏","丨 ㇄ ㇏ ㇀ 丨 丨 一 丨 乛 丨 一 丿"
"cnwstqi5164","junior","N","A","嵖","嵖","嵖","丨 ㇄ 丨 一 丨 丿 ㇏ 丨 𠃍 一 一 一","丨 ㇄ 丨 𠃍 一 一 丿 丨 ㇏ 丨 一 一"
"cnwstqi5165","junior","N","A","崴","崴","崴","丨 ㇄ 丨 一 丿 一 𡿨 丿 一 ㇂ 丿 丶","丨 ㇄ 丿 一 一 ㇂ 丨 丿 丶 丿 一 𡿨"
"cnwstqi5166","junior","N","A","遄","遄","遄","丨 ㇄ 丨 一 丿 丨 𠃌 丨 丨 丶 ㇋ ㇏","丨 ㇄ ㇏ 一 𠃌 丿 丨 丶 丨 丨 丨 ㇋"
"cnwstqi5167","junior","N","B","詈","詈","詈","丨 𠃍 𠃍 丨 丶 丨 一 一 一 丨 一 一","丨 𠃍 丨 丨 一 丶 一 一 一 丨 𠃍 一"
"cnwstqi5168","junior","N","B","嵎","嵎","嵎","丨 ㇄ 𠃌 一 丨 丶 ㇀ 丨 𠃍 丨 丨 一","丨 ㇄ 丨 丨 𠃍 一 一 丨 𠃌 丨 ㇀ 丶"
"cnwstqi5169","junior","N","A","崽","崽","崽","丨 ㇄ 丨 丨 𠃍 一 丨 一 ㇀ ㇃ 丶 丶","丨 ㇄ 丶 一 丨 丨 丨 ㇃ 丶 一 ㇀ 𠃍"
"cnwstqi5170","junior","N","B","嵬","嵬","嵬","丨 ㇄ 丿 丨 乚 丿 一 𠃋 𠃍 丶 一 丨","丨 ㇄ 丨 丿 丨 𠃍 一 一 丿 乚 𠃋 丶"
"cnwstqi5171","junior","N","B","嵛","嵛","嵛","丨 ㇄ 𠃌 丨 丿 一 亅 丨 ㇏ 丨 一 一","丨 ㇄ 丨 丿 ㇏ 一 丨 𠃌 一 一 丨 亅"
"cnwstqi5172","junior","N","A","嵯","嵯","嵯","丨 ㇄ 丨 丶 丿 一 一 一 丿 一 丨 一","丨 ㇄ 一 丶 一 丨 丿 丿 一 一 一 丨"
"cnwstqi5173","junior","N","A","嵝","嵝","嵝","丨 ㇄ 丨 丶 丿 一 丨 丿 ㇏ 𡿨 丿 一","丨 ㇄ 丨 丿 一 ㇏ 丨 丿 丶 丿 𡿨 一"
"cnwstqi5174","junior","N","A","嵫","嵫","嵫","丨 ㇄ 丨 丶 丿 一 𠃋 𠃋 丶 𠃋 𠃋 丶","丨 ㇄ 𠃋 丶 丨 𠃋 丶 丿 𠃋 一 𠃋 丶"
"cnwstqi5175","junior","N","A","幄","幄","幄","丨 𠃌 丨 𠃍 一 丿 一 𠃋 丶 一 丨 一","丨 𠃌 一 一 𠃍 丿 𠃋 一 一 丶 丨 丨"
"cnwstqi5176","junior","N","B","嵋","嵋","嵋","丨 ㇄ 丨 一 𠃍 𠃍 丨 一 丿 丨 一 一","丨 ㇄ 丨 𠃍 丨 一 丿 丨 𠃍 一 一 一"
"cnwstqi5177","junior","N","B","赕","赕","赕","丨 𠃍 丶 ㇀ ㇀ 丿 丶 ㇏ 丿 丿 丿 丿","丨 𠃍 丿 丶 ㇀ 丿 丿 丶 ㇀ 丿 丿 ㇏"
"cnwstqi5178","junior","N","A","铻","铻","铻","丿 一 一 一 𠄌 一 丨 𠃍 一 丨 𠃍 一","丿 一 一 一 一 一 一 丨 𠄌 𠃍 𠃍 丨"
"cnwstqi5179","junior","N","B","铼","铼","铼","丿 一 丿 丿 一 一 𠄌 ㇏ 丨 一 一 丶","丿 一 一 一 𠄌 一 丶 丿 一 丨 丿 ㇏"
"cnwstqi5180","junior","N","B","铿","铿","铿","丿 一 一 一 丨 𠄌 丨 丨 一 一 ㇏ ㇇","丿 一 一 一 𠄌 丨 丨 ㇇ ㇏ 一 丨 一"
"cnwstqi5181","junior","N","B","锃","锃","锃","丿 一 𠃍 一 一 一 一 丨 丨 一 𠄌 一","丿 一 一 一 𠄌 丨 𠃍 一 一 一 丨 一"
"cnwstqi5182","junior","N","B","锂","锂","锂","丿 一 丨 𠄌 一 一 𠃍 一 丨 一 一 一","丿 一 一 一 𠄌 丨 𠃍 一 一 丨 一 一"
"cnwstqi5183","junior","N","B","锆","锆","锆","丿 一 一 丨 一 𠃍 𠄌 丨 一 丿 一 一","丿 一 一 一 𠄌 丿 一 丨 一 丨 𠃍 一"
"cnwstqi5184","junior","N","A","锇","锇","锇","丿 一 一 一 𠄌 丿 一 亅 ㇀ ㇂ 丿 丶","丿 一 一 ㇀ 丿 ㇂ 亅 一 丿 丶 一 𠄌"
"cnwstqi5185","junior","N","B","锉","锉","锉","丿 一 丶 一 𠄌 一 丨 丶 丿 一 丿 一","丿 一 一 一 𠄌 丿 丶 丿 丶 一 丨 一"
"cnwstqi5186","junior","N","B","锏","锏","锏","丿 一 一 𠃍 一 丶 𠃌 丨 一 一 丨 𠄌","丿 一 一 一 𠄌 丶 丨 𠃌 丨 𠃍 一 一"
"cnwstqi5187","junior","N","A","锑","锑","锑","丿 一 一 一 𠄌 丶 丿 𠃍 一 ㇉ 丨 丿","丿 一 丿 一 丶 丨 𠄌 一 一 ㇉ 𠃍 丿"
"cnwstqi5188","junior","N","A","锒","锒","锒","丿 一 一 一 𠄌 丶 𠃍 一 一 𠄌 丿 ㇏","丿 一 ㇏ 一 𠃍 一 𠄌 𠄌 丿 丶 一 一"
"cnwstqi5189","junior","N","A","锔","锔","锔","丿 一 一 一 𠄌 𠃍 一 丿 𠃌 丨 𠃍 一","丿 一 丿 𠄌 一 一 𠃍 丨 一 𠃍 𠃌 一"
"cnwstqi5190","junior","N","A","锕","锕","锕","丿 一 一 一 𠄌 ㇌ 丨 一 丨 𠃍 一 亅","丿 一 一 一 𠄌 丨 丨 𠃍 一 一 ㇌ 亅"
"cnwstqi5191","junior","N","A","掣","掣","掣","丿 一 一 丨 𠃌 丨 丨 亅 丿 一 一 亅","丿 一 丿 亅 一 一 丨 𠃌 丨 丨 一 亅"
"cnwstqi5192","junior","N","B","矬","矬","矬","丿 一 丶 一 一 丿 丨 丶 一 丶 丿 丿","丿 一 一 丿 丶 丿 丶 丿 丶 一 丨 一"
"cnwstqi5193","junior","N","B","氰","氰","氰","丿 一 𠃌 丨 一 一 丨 一 ⺄ 一 一 一","丿 一 一 ⺄ 一 一 丨 一 丨 𠃌 一 一"
"cnwstqi5194","junior","N","A","毳","毳","毳","丿 一 一 乚 丿 一 一 𠄌 丿 一 一 乚","丿 一 一 乚 乚 一 丿 丿 一 𠄌 一 一"
"cnwstqi5195","junior","N","A","毽","毽","毽","丿 一 一 乚 𠃍 一 一 一 一 丨 ㇋ ㇏","丿 一 ㇋ 一 一 丨 一 一 𠃍 ㇏ 一 乚"
"cnwstqi5196","junior","N","B","犊","犊","犊","丿 一 丶 一 丨 丨 丶 乛 丿 丶 一 ㇀","丿 一 丨 ㇀ 一 丨 乛 丶 丶 一 丿 丶"
"cnwstqi5197","junior","N","A","犄","犄","犄","丿 一 丨 ㇀ 一 丿 丶 一 丨 𠃍 一 亅","丿 一 亅 丶 ㇀ 𠃍 丿 丨 一 一 丨 一"
"cnwstqi5198","junior","N","B","犋","犋","犋","丿 一 一 一 𠃍 丿 一 一 丶 丨 丨 ㇀","丿 一 丨 ㇀ 丨 𠃍 一 一 一 一 丿 丶"
"cnwstqi5199","junior","N","A","鹄","鹄","鹄","丿 一 丨 一 丨 𠃍 一 丿 𠃌 丶 ㇉ 一","丿 一 丨 丿 𠃍 ㇉ 丶 一 一 𠃌 一 丨"
"cnwstqi5200","junior","N","B","犍","犍","犍","丿 一 一 𠃍 一 丨 ㇏ ㇀ ㇋ 一 丨 一","丿 一 丨 ㇀ 𠃍 一 一 一 一 丨 ㇋ ㇏"
"cnwstqi5201","junior","N","B","嵇","嵇","嵇","丿 一 丿 乚 丿 一 丨 丨 丶 丶 丨 ㇄","丿 一 丨 丿 丶 一 丿 乚 丶 丨 ㇄ 丨"
"cnwstqi5202","junior","N","A","黍","黍","黍","丿 一 丨 丿 丶 丿 ㇏ 亅 丶 ㇀ 丿 丶","丿 一 丶 丨 丿 丶 ㇀ 丿 亅 丶 ㇏ 丿"
"cnwstqi5203","junior","N","A","稃","稃","稃","丿 一 丨 丿 丶 丿 丶 丶 丿 ㇇ 亅 一","丿 一 丶 ㇇ 丿 丿 丶 丿 丶 亅 丨 一"
"cnwstqi5204","junior","N","A","稂","稂","稂","丿 一 丨 丿 丶 丶 𠃍 一 一 𠄌 丿 ㇏","丿 一 一 丶 𠃍 丿 𠄌 丶 丿 丨 ㇏ 一"
"cnwstqi5205","junior","N","A","筚","筚","筚","丿 一 丶 丿 一 丶 一 𠄌 丿 乚 一 丨","丿 一 丿 丶 一 丿 乚 一 丶 𠄌 丨 一"
"cnwstqi5206","junior","N","B","筵","筵","筵","丿 一 丿 ㇋ ㇄ 丶 丨 丿 ㇏ 一 丶 一","丿 一 丶 丿 一 丶 丿 丨 一 ㇄ ㇋ ㇏"
"cnwstqi5207","junior","N","B","筌","筌","筌","丿 一 丶 ㇏ 丿 一 一 丿 一 丶 一 丨","丿 一 丶 丿 一 丶 丿 ㇏ 一 一 丨 一"
"cnwstqi5208","junior","N","A","傣","傣","傣","丿 丨 一 一 一 丿 ㇏ 亅 丶 ㇀ 丿 丶","丿 丨 亅 丿 一 丿 ㇏ ㇀ 一 丶 丶 一"
"cnwstqi5209","junior","N","B","傈","傈","傈","丿 丨 丨 一 𠃍 丿 一 ㇏ 丨 丨 一 丨","丿 丨 一 丨 𠃍 丨 丨 一 一 丨 丿 ㇏"
"cnwstqi5210","junior","N","A","舄","舄","舄","丿 丨 一 𠃍 一 一 丿 𠃌 ㇀ 丶 丶 丶","丿 丨 一 丶 丿 𠃌 丶 一 𠃍 一 丶 ㇀"
"cnwstqi5211","junior","N","A","牍","牍","牍","丿 丨 一 𠃍 一 丨 乛 丶 丶 一 丿 丶","丿 丨 一 丨 丿 一 乛 丶 丶 丶 𠃍 一"
"cnwstqi5212","junior","N","A","傥","傥","傥","丿 丨 丨 丶 丿 ㇀ 乛 丨 𠃍 一 丿 乚","丿 丨 丿 一 𠃍 乚 丶 ㇀ 丨 丿 乛 丨"
"cnwstqi5213","junior","N","B","傧","傧","傧","丿 丨 丶 丿 一 丶 丨 乛 一 ㇀ 丨 丿","丿 丨 丶 ㇀ 乛 丿 丨 一 丨 一 丿 丶"
"cnwstqi5214","junior","N","B","遑","遑","遑","丿 丨 一 ㇋ 一 ㇏ 丶 𠃍 一 一 丨 一","丿 丨 𠃍 一 一 一 一 丨 一 丶 ㇋ ㇏"
"cnwstqi5215","junior","N","B","傩","傩","傩","丿 丨 丿 一 一 一 ㇇ 丶 丶 丨 丨 一","丿 丨 ㇇ 丶 丿 丨 丶 一 一 一 丨 一"
"cnwstqi5216","junior","N","B","遁","遁","遁","丿 丿 ㇋ 一 一 丨 ㇏ 𠃍 一 一 丨 丶","丿 丿 一 丨 丨 𠃍 一 一 一 丶 ㇋ ㇏"
"cnwstqi5217","junior","N","B","徨","徨","徨","丿 丿 𠃍 丨 一 一 丨 一 丨 丿 一 一","丿 丿 丨 丿 丨 𠃍 一 一 一 一 丨 一"
"cnwstqi5218","junior","N","B","媭","媭","媭","丿 丿 丿 𡿨 一 一 丶 𠃍 丿 丿 丿 丨","丿 丿 丿 一 丿 丨 𠃍 丿 丶 𡿨 丿 一"
"cnwstqi5219","junior","N","A","畲","畲","畲","丿 ㇏ 一 一 亅 丿 丶 丨 𠃍 一 丨 一","丿 ㇏ 亅 丶 一 一 一 丨 丨 𠃍 一 丿"
"cnwstqi5220","junior","N","B","弑","弑","弑","丿 丶 ㇀ 丿 丶 一 ㇂ 一 丶 亅 丨 一","丿 丶 一 亅 丿 丶 一 一 丨 ㇀ ㇂ 丶"
"cnwstqi5221","junior","N","B","颌","颌","颌","丿 丶 𠃍 丨 丶 一 丨 丿 丿 𠃍 一 一","丿 丶 一 丨 𠃍 一 一 丿 丨 𠃍 丿 丶"
"cnwstqi5222","junior","N","B","翕","翕","翕","丿 ㇏ 𠃌 𠃍 丶 𠃌 ㇀ 丨 一 丶 ㇀ 一","丿 ㇏ 一 丨 𠃍 一 𠃌 丶 ㇀ 𠃌 丶 ㇀"
"cnwstqi5223","junior","N","A","釉","釉","釉","丿 丶 丿 一 丨 丿 丶 丨 𠃍 一 丨 一","丿 丶 一 一 𠃍 丿 一 丨 丶 丨 丿 丨"
"cnwstqi5224","junior","N","A","鹆","鹆","鹆","丿 丶 丿 丶 丨 𠃍 一 丿 𠃌 丶 ㇉ 一","丿 丶 丿 𠃍 丿 丨 一 丶 ㇉ 一 丶 𠃌"
"cnwstqi5225","junior","N","B","舜","舜","舜","丿 丶 丨 乛 ㇇ 丿 丿 一 ㇀ 𠃋 丶 丶","丿 丶 丶 丿 ㇀ 乛 丿 ㇇ 丶 一 𠃋 丨"
"cnwstqi5226","junior","N","B","貂","貂","貂","丿 丶 𠃌 一 丿 丿 丨 丶 𠃍 丿 丿 ㇁","丿 丶 丶 丿 ㇁ 丿 丿 𠃌 丿 丨 𠃍 一"
"cnwstqi5227","junior","N","A","腈","腈","腈","丿 𠃌 一 一 一 一 丨 一 丨 𠃌 一 一","丿 𠃌 丨 𠃌 一 一 一 丨 一 一 一 一"
"cnwstqi5228","junior","N","A","腌","腌","腌","丿 𠃌 一 一 一 丿 ㇏ 丨 𠃍 一 一 乚","丿 𠃌 一 ㇏ 乚 丿 𠃍 一 丨 一 一 一"
"cnwstqi5229","junior","N","A","腓","腓","腓","丿 𠃌 一 一 丨 一 一 一 丨 一 一 一","丿 𠃌 一 一 一 丨 丨 一 一 一 一 一"
"cnwstqi5230","junior","N","B","腆","腆","腆","丿 𠃌 丨 𠃍 丶 丨 丨 一 一 一 一 丿","丿 𠃌 一 一 丨 𠃍 一 丨 丨 一 丿 丶"
"cnwstqi5231","junior","N","A","腴","腴","腴","丿 𠃌 一 一 丿 丨 一 𠃍 一 一 丿 ㇏","丿 𠃌 一 一 一 丿 丿 𠃍 一 丨 ㇏ 一"
"cnwstqi5232","junior","N","A","腑","腑","腑","丿 𠃌 一 一 丶 一 丿 丿 丨 一 亅 丶","丿 𠃌 丨 丿 一 一 一 一 亅 丶 丶 丿"
"cnwstqi5233","junior","N","B","腚","腚","腚","丿 𠃌 丨 一 一 ㇏ 丶 一 乛 丿 ㇀ 一","丿 𠃌 一 一 丶 ㇀ 乛 一 丨 一 丿 ㇏"
"cnwstqi5234","junior","N","A","腱","腱","腱","丿 𠃌 一 一 𠃍 一 一 一 一 丨 ㇋ ㇏","丿 𠃌 𠃍 一 ㇋ 丨 一 一 一 一 ㇏ 一"
"cnwstqi5235","junior","N","B","鱿","鱿","鱿","丿 ㇇ 丨 丿 一 一 𠃍 丶 一 ㇀ 乚 丨","丿 ㇇ 丨 𠃍 一 丨 一 ㇀ 一 丿 乚 丶"
"cnwstqi5236","junior","N","B","鲀","鲀","鲀","丿 ㇇ 乚 丨 ㇄ 丨 丨 一 一 一 𠃍 ㇀","丿 ㇇ 丨 𠃍 一 丨 一 ㇀ 一 ㇄ 丨 乚"
"cnwstqi5237","junior","N","A","鲂","鲂","鲂","丿 ㇇ 丨 𠃍 一 丨 一 ㇀ 丶 一 𠃌 丿","丿 ㇇ 丿 一 ㇀ 丶 一 丨 𠃍 𠃌 一 丨"
"cnwstqi5238","junior","N","B","颍","颍","颍","丿 乚 亅 丨 𠃍 一 丶 丿 丿 丿 ㇇ 丶","丿 乚 亅 ㇇ 丿 丶 一 丿 丨 𠃍 丿 丶"
"cnwstqi5239","junior","N","A","猢","猢","猢","丿 ㇁ 丿 一 丨 丨 𠃍 一 丿 𠃌 一 一","丿 ㇁ 丨 一 𠃌 一 𠃍 丿 丨 一 丿 一"
"cnwstqi5240","junior","N","B","猹","猹","猹","丿 ㇁ 丨 丿 丿 ㇏ 一 𠃍 一 丨 一 一","丿 ㇁ 丿 一 丨 丿 ㇏ 丨 𠃍 一 一 一"
"cnwstqi5241","junior","N","A","猥","猥","猥","丿 ㇁ 丿 丨 𠃍 一 丨 一 一 𠄌 丿 ㇏","丿 ㇁ 丿 一 ㇏ 丿 𠄌 丨 丨 一 𠃍 一"
"cnwstqi5242","junior","N","B","飓","飓","飓","丿 ⺄ 𠃍 一 一 丿 丿 一 一 丶 丨 丶","丿 ⺄ 丿 丶 丨 𠃍 一 一 一 一 丿 丶"
"cnwstqi5243","junior","N","A","觞","觞","觞","丿 ㇇ 丿 𠃌 一 一 丨 丿 一 𠄎 丿 丿","丿 ㇇ 𠄎 丿 丿 丿 丨 丿 𠃌 一 一 一"
"cnwstqi5244","junior","N","A","觚","觚","觚","丿 ㇇ 丿 𠃌 一 一 丨 丿 丿 𠄌 丶 ㇏","丿 ㇇ 丿 𠃌 ㇏ 一 𠄌 丶 丨 一 丿 丿"
"cnwstqi5245","junior","N","A","猱","猱","猱","丿 ㇁ 丿 ㇇ 丶 乛 亅 丿 一 丨 丿 ㇏","丿 ㇁ 丿 乛 丨 ㇏ 丶 ㇇ 亅 丿 丿 一"
"cnwstqi5246","junior","N","A","颎","颎","颎","丿 乚 ㇀ 丿 丿 丶 一 丿 丨 𠃍 丿 丶","丿 乚 ㇀ 丿 丶 一 丿 丿 𠃍 丿 丨 丶"
"cnwstqi5247","junior","N","A","飧","飧","飧","丿 ㇇ 丶 丿 ㇏ 丶 𠃍 一 一 𠄌 丿 ㇏","丿 ㇇ 丶 一 ㇏ 一 ㇏ 丿 丶 𠄌 丿 𠃍"
"cnwstqi5248","junior","N","A","馇","馇","馇","丿 乛 𠄌 一 丨 丿 ㇏ 丨 𠃍 一 一 一","丿 乛 丿 𠃍 一 丨 一 一 𠄌 一 ㇏ 丨"
"cnwstqi5249","junior","N","A","馊","馊","馊","丿 乛 𠄌 丿 丨 一 𠃍 一 一 丨 ㇇ ㇏","丿 乛 丿 一 一 丨 𠄌 ㇏ 丨 ㇇ 𠃍 一"
"cnwstqi5250","junior","N","A","亵","亵","亵","丶 一 一 亅 ㇀ 丿 ⺄ 丶 丿 𠄌 丿 ㇏","丶 一 丿 丿 丿 ㇏ 一 亅 丶 ⺄ ㇀ 𠄌"
"cnwstqi5251","junior","N","A","脔","脔","脔","丶 一 丨 丨 丿 丶 丨 𠃌 丿 丶 丿 丶","丶 一 丶 丨 丿 丨 丨 丶 丶 丿 丿 𠃌"
"cnwstqi5252","junior","N","A","裒","裒","裒","丶 一 丿 丨 一 𠃍 一 一 丿 𠄌 丿 ㇏","丶 一 丿 一 ㇏ 丨 一 𠃍 一 𠄌 丿 丿"
"cnwstqi5253","junior","N","A","痣","痣","痣","丶 一 丿 丶 ㇀ 一 丨 一 ㇀ ㇃ 丶 丶","丶 一 丨 丶 ㇃ ㇀ ㇀ 一 丿 丶 一 丶"
"cnwstqi5254","junior","N","B","痨","痨","痨","丶 一 丨 乛 丶 一 𠃌 ㇀ 丨 ㇀ 丿 丿","丶 一 丿 丶 ㇀ 一 丨 丨 ㇀ 乛 𠃌 丿"
"cnwstqi5255","junior","N","B","痦","痦","痦","丶 一 ㇀ 一 一 丨 一 丿 丶 丨 𠃍 𠃍","丶 一 丿 丶 ㇀ 一 丨 𠃍 一 丨 𠃍 一"
"cnwstqi5256","junior","N","B","痞","痞","痞","丶 一 𠃍 ㇀ 一 丨 丨 丿 丿 一 丶 丶","丶 一 丿 丶 ㇀ 一 丿 丨 丶 丨 𠃍 一"
"cnwstqi5257","junior","N","A","痤","痤","痤","丶 一 丿 丶 ㇀ 丿 丶 丿 丶 一 丨 一","丶 一 丿 丿 一 ㇀ 丶 丿 丶 丨 丶 一"
"cnwstqi5258","junior","N","B","痫","痫","痫","丶 一 丿 ㇀ 丨 丿 丶 𠃌 丨 丶 一 丶","丶 一 丿 丶 ㇀ 丶 丨 𠃌 一 丨 丿 丶"
"cnwstqi5259","junior","N","A","痧","痧","痧","丶 一 丿 丶 ㇀ 丶 丶 ㇀ 丨 丿 丶 丿","丶 一 丶 ㇀ 丨 丿 ㇀ 丶 丶 丶 丿 丿"
"cnwstqi5260","junior","N","B","赓","赓","赓","丶 一 丿 一 一 丶 丨 𠃍 丿 𠃍 ㇏ 丿","丶 一 丿 𠃍 一 一 丿 ㇏ 丨 𠃍 丿 丶"
"cnwstqi5261","junior","N","A","竦","竦","竦","丶 一 丶 丿 ㇀ 一 丨 𠃍 一 丨 丿 ㇏","丶 一 一 𠃍 ㇏ 丨 丿 丿 ㇀ 一 丨 丶"
"cnwstqi5262","junior","N","B","瓿","瓿","瓿","丶 一 丶 ⺄ 一 𠃍 一 丨 𠄌 丶 丿 一","丶 一 丶 丿 一 丨 𠃍 一 一 𠄌 ⺄ 丶"
"cnwstqi5263","junior","N","B","啻","啻","啻","丶 一 𠃍 丿 丨 𠃌 一 丨 丶 ㇀ 乛 丨","丶 一 丶 丿 ㇀ 乛 丨 𠃌 丨 丨 𠃍 一"
"cnwstqi5264","junior","N","B","颏","颏","颏","丶 一 𠃍 丶 一 𠃋 丿 丿 丿 丨 丶 丿","丶 一 𠃋 丿 丿 丶 一 丿 丨 𠃍 丿 丶"
"cnwstqi5265","junior","N","B","鹇","鹇","鹇","丶 丨 丶 ㇉ 丿 一 丨 𠃌 一 丿 𠃌 丶","丶 丨 𠃌 一 丨 丿 丶 丿 𠃌 丶 ㇉ 一"
"cnwstqi5266","junior","N","A","阑","阑","阑","丶 丨 𠃌 一 丨 𠃍 丶 丿 一 丨 丿 丶","丶 丨 𠃌 𠃍 丿 丶 丨 一 丨 丶 丿 一"
"cnwstqi5267","junior","N","A","阒","阒","阒","丶 丨 𠃌 丨 𠃍 一 一 一 一 丿 丶 丶","丶 丨 丿 丨 丶 一 一 𠃌 丶 𠃍 一 一"
"cnwstqi5268","junior","N","A","阕","阕","阕","丶 丨 𠃌 ㇇ 丶 丿 丿 ㇏ 一 一 丿 丶","丶 丨 ㇏ 丿 丶 𠃌 ㇇ 丿 丿 一 一 丶"
"cnwstqi5269","junior","N","B","粞","粞","粞","丶 丿 丶 ㇄ 一 丿 一 丿 丨 𠃍 丨 一","丶 丿 一 丨 丿 丶 一 丨 𠃍 丿 ㇄ 一"
"cnwstqi5270","junior","N","B","遒","遒","遒","丶 丿 丨 ㇄ 一 丶 一 𠃍 ㇏ 一 ㇋ 丿","丶 丿 一 丨 𠃍 丿 ㇄ 一 一 丶 ㇋ ㇏"
"cnwstqi5271","junior","N","A","孳","孳","孳","丶 丿 一 𠃋 𠃋 丶 𠃋 𠃋 丶 ㇇ 亅 一","丶 丿 一 一 丶 亅 𠃋 𠃋 丶 𠃋 𠃋 ㇇"
"cnwstqi5272","junior","N","A","焯","焯","焯","㇀ 丿 丿 丶 丨 一 丨 𠃍 一 一 一 丨","㇀ 丿 丨 一 丨 一 丿 丶 一 丨 𠃍 一"
"cnwstqi5273","junior","N","A","焜","焜","焜","㇀ 丿 丿 丶 丨 𠃍 一 一 一 𠄌 丿 乚","㇀ 丿 一 𠃍 一 丿 𠄌 丶 丨 乚 一 丿"
"cnwstqi5274","junior","N","A","焙","焙","焙","㇀ 丿 丿 丶 丶 一 丶 丿 一 丨 𠃍 一","㇀ 丿 丨 丶 一 丿 一 丶 丿 𠃍 一 丶"
"cnwstqi5275","junior","N","A","焱","焱","焱","㇀ 丿 丿 ㇏ ㇀ 丿 丿 丶 ㇀ 丿 丿 ㇏","㇀ 丿 丶 ㇏ ㇀ ㇀ ㇏ 丿 丿 丿 丿 丿"
"cnwstqi5276","junior","N","A","鹈","鹈","鹈","丶 丿 𠃍 一 ㇉ 丨 丿 丿 𠃌 丶 ㇉ 一","丶 丿 𠃌 𠃍 一 丿 ㇉ ㇉ 丿 一 丶 丨"
"cnwstqi5277","junior","N","A","湛","湛","湛","丶 丶 ㇀ 一 丨 丨 一 一 一 丿 丶 ㇄","丶 丶 丿 丨 ㇄ 一 ㇀ 丨 一 丶 一 一"
"cnwstqi5278","junior","N","B","渫","渫","渫","丶 丶 丿 ㇄ 丨 ㇏ 一 一 一 丨 丨 ㇀","丶 丶 ㇀ 一 丨 丨 一 ㇄ 一 丨 丿 ㇏"
"cnwstqi5279","junior","N","B","湮","湮","湮","丶 丶 丨 一 丨 一 ㇀ 一 丨 丨 一 𠃍","丶 丶 ㇀ 一 丨 𠃍 丨 丨 一 一 丨 一"
"cnwstqi5280","junior","N","B","湎","湎","湎","丶 丶 丨 𠃍 一 一 丿 一 丨 ㇀ 一 丨","丶 丶 ㇀ 一 丿 丨 𠃍 丨 丨 一 一 一"
"cnwstqi5281","junior","N","A","湜","湜","湜","丶 丶 ㇀ 丨 𠃍 一 一 一 丨 一 丿 ㇏","丶 丶 丨 𠃍 一 丨 ㇏ 一 ㇀ 一 一 丿"
"cnwstqi5282","junior","N","A","渭","渭","渭","丶 丶 ㇀ 丨 𠃍 一 丨 一 丨 𠃌 一 一","丶 丶 一 𠃍 𠃌 ㇀ 一 丨 丨 一 一 丨"
"cnwstqi5283","junior","N","A","湍","湍","湍","丶 丶 ㇀ 丨 ㇄ 丨 一 丿 丨 𠃌 丨 丨","丶 丶 丿 丨 丨 丨 一 𠃌 ㇄ ㇀ 丨 丨"
"cnwstqi5284","junior","N","B","湫","湫","湫","丶 丶 ㇀ ㇏ 丿 丿 丨 一 丿 丿 丶 ㇀","丶 丶 ㇀ 丿 一 丨 丿 丶 ㇀ 丿 丿 ㇏"
"cnwstqi5285","junior","N","A","溲","溲","溲","丶 丶 ㇀ 丿 丨 一 𠃍 一 一 丨 ㇇ ㇏","丶 丶 丨 一 丨 ㇀ 丿 一 𠃍 ㇏ 一 ㇇"
"cnwstqi5286","junior","N","A","湟","湟","湟","丶 丶 ㇀ 丿 丨 𠃍 一 一 一 一 丨 一","丶 丶 ㇀ 𠃍 丨 一 丿 一 一 一 丨 一"
"cnwstqi5287","junior","N","A","溆","溆","溆","丶 丶 ㇀ 丿 丶 一 一 亅 丿 丶 ㇇ ㇏","丶 丶 亅 丿 一 丿 ㇏ ㇇ ㇀ 丶 丶 一"
"cnwstqi5288","junior","N","A","湲","湲","湲","丶 丶 ㇀ 丿 丶 丶 丿 一 一 丿 ㇇ ㇏","丶 丶 ㇇ 丿 丿 一 丿 ㇀ 丶 丶 ㇏ 一"
"cnwstqi5289","junior","N","A","湔","湔","湔","丶 丶 ㇀ 丶 丿 一 丨 𠃌 一 一 丨 亅","丶 丶 ㇀ 一 丿 一 丨 𠃌 亅 丨 一 丶"
"cnwstqi5290","junior","N","A","湉","湉","湉","丶 丶 ㇀ ㇀ 丶 丨 丿 一 丨 丨 𠃍 一","丶 丶 丨 ㇀ 丨 一 𠃍 一 丶 ㇀ 丨 丿"
"cnwstqi5291","junior","N","B","渥","渥","渥","丶 丶 𠃍 一 丶 ㇀ 𠃋 丿 一 一 丨 一","丶 丶 ㇀ 𠃍 一 丿 一 𠃋 丶 一 丨 一"
"cnwstqi5292","junior","N","A","湄","湄","湄","丶 丶 ㇀ 𠃍 丨 一 丿 丨 𠃍 一 一 一","丶 丶 一 一 ㇀ 𠃍 一 一 𠃍 丨 丨 丿"
"cnwstqi5293","junior","N","A","滁","滁","滁","丶 丶 ㇀ ㇌ 丨 丿 ㇏ 一 一 亅 丿 丶","丶 丶 ㇏ 丿 丶 一 丨 亅 一 ㇌ 丿 ㇀"
"cnwstqi5294","junior","N","A","愠","愠","愠","㇀ 丶 丨 丨 𠃍 一 一 丨 𠃍 丨 丨 一","㇀ 丶 丨 丨 一 𠃍 一 一 丨 丨 𠃍 丨"
"cnwstqi5295","junior","N","B","惺","惺","惺","㇀ 丶 丨 丨 一 𠃍 一 一 一 一 丨 丿","㇀ 丶 丨 丨 𠃍 一 一 丿 一 一 丨 一"
"cnwstqi5296","junior","N","A","愦","愦","愦","㇀ 丶 丨 丨 𠃍 一 丨 一 丨 𠃍 丿 丶","㇀ 丶 丶 丨 𠃍 一 丨 𠃍 一 丨 丿 丨"
"cnwstqi5297","junior","N","B","惴","惴","惴","㇀ 丶 一 丨 ㇄ 丿 丨 𠃌 丨 丨 丨 丨","㇀ 丶 丨 丨 ㇄ 丨 一 丿 丨 𠃌 丨 丨"
"cnwstqi5298","junior","N","B","愀","愀","愀","㇀ 丶 ㇏ 丿 丿 丿 丨 丿 丶 ㇀ 一 丨","㇀ 丶 丨 丿 一 丨 丿 丶 ㇀ 丿 丿 ㇏"
"cnwstqi5299","junior","N","B","愎","愎","愎","㇀ 丶 𠃍 一 丨 一 丿 ㇇ ㇏ 丨 丿 一","㇀ 丶 丨 丿 一 丨 𠃍 一 一 丿 ㇇ ㇏"
"cnwstqi5300","junior","N","A","愔","愔","愔","㇀ 丶 丨 丶 一 丶 丿 一 丨 𠃍 一 一","㇀ 丶 一 一 丿 一 丶 一 丨 丶 𠃍 丨"
"cnwstqi5301","junior","N","B","喾","喾","喾","丶 丶 丨 丨 乛 ㇀ 𠃍 一 一 一 丿 丿","丶 丶 丿 ㇀ 乛 丿 一 丨 一 丨 𠃍 一"
"cnwstqi5302","junior","N","A","寐","寐","寐","丶 ㇀ 乛 ㇄ 丨 一 丿 一 一 丨 丿 ㇏","丶 ㇀ 丨 丿 一 ㇄ 一 一 丨 乛 ㇏ 丿"
"cnwstqi5303","junior","N","A","谟","谟","谟","丶 ㇊ 一 丨 丨 丨 𠃍 一 一 一 丿 ㇏","丶 ㇊ 𠃍 丿 丨 一 一 一 ㇏ 丨 一 丨"
"cnwstqi5304","junior","N","B","扉","扉","扉","丶 𠃍 丨 一 一 丨 一 丿 一 一 一 一","丶 𠃍 一 丿 丨 一 一 一 丨 一 一 一"
"cnwstqi5305","junior","N","B","裢","裢","裢","丶 ㇇ ㇏ 丿 𠃋 丨 ㇋ 一 丨 丶 一 丶","丶 ㇇ 丨 丿 丶 一 𠃋 一 丨 丶 ㇋ ㇏"
"cnwstqi5306","junior","N","B","裎","裎","裎","丶 ㇇ 一 丿 丨 丶 丨 一 一 丨 一 𠃍","丶 ㇇ 丨 丿 丶 丨 𠃍 一 一 一 丨 一"
"cnwstqi5307","junior","N","A","裥","裥","裥","丶 ㇇ 丨 丿 丶 丶 丨 𠃌 丨 𠃍 一 一","丶 ㇇ 一 丨 丨 丨 丶 𠃌 一 𠃍 丿 丶"
"cnwstqi5308","junior","N","B","祾","祾","祾","丶 ㇇ 一 丶 丨 丿 一 丨 ㇏ 丿 丶 ㇇","丶 ㇇ 丨 丶 一 丨 一 丿 丶 丿 ㇇ ㇏"
"cnwstqi5309","junior","N","B","祺","祺","祺","丶 ㇇ 丨 丶 丶 丨 一 一 一 丿 一 丨","丶 ㇇ 丨 丶 一 丨 丨 一 一 一 丿 丶"
"cnwstqi5310","junior","N","A","谠","谠","谠","丶 ㇊ 丨 丶 丿 ㇀ 乛 丨 𠃍 一 丿 乚","丶 ㇊ 𠃍 丨 一 丿 丿 丨 丶 乛 乚 ㇀"
"cnwstqi5311","junior","N","B","幂","幂","幂","㇀ 乛 丨 丿 𠃌 ㇏ 丨 一 一 丨 一 𠃍","㇀ 乛 丨 𠃍 一 一 一 丿 ㇏ 丨 𠃌 丨"
"cnwstqi5312","junior","N","A","谡","谡","谡","丶 ㇊ 丨 𠃍 一 丨 一 丿 丶 丿 ㇇ ㇏","丶 ㇊ 丶 丨 ㇇ 一 一 𠃍 ㇏ 丿 丿 丨"
"cnwstqi5313","junior","N","B","谥","谥","谥","丶 ㇊ 一 丶 一 丶 丨 𠃍 丿 丨 丨 丿","丶 ㇊ 丶 丿 一 丿 丶 丨 𠃍 丨 丨 一"
"cnwstqi5314","junior","N","A","谧","谧","谧","丶 ㇊ ㇀ ㇃ 丶 丿 丶 丨 𠃍 丨 丨 一","丶 ㇊ 丶 丶 丿 𠃍 ㇀ 丨 丨 ㇃ 丨 一"
"cnwstqi5315","junior","N","A","遐","遐","遐","𠃍 一 丨 一 一 𠃍 一 ㇇ 丶 丶 ㇋ ㇏","𠃍 一 丨 ㇏ 丶 丶 ㇋ 𠃍 一 一 一 ㇇"
"cnwstqi5316","junior","N","A","孱","孱","孱","𠃍 一 丿 ㇇ 亅 一 ㇇ 亅 ㇀ ㇇ 亅 一","𠃍 一 亅 一 ㇇ ㇇ 亅 ㇇ 亅 丿 ㇀ 一"
"cnwstqi5317","junior","N","A","弼","弼","弼","𠃍 一 ㇉ 一 丿 丨 𠃍 一 一 𠃍 一 ㇉","𠃍 一 丿 一 ㇉ 𠃍 𠃍 一 丨 一 ㇉ 一"
"cnwstqi5318","junior","N","A","巽","巽","巽","𠃍 一 乚 𠃍 一 乚 一 丨 丨 一 丿 丶","𠃍 一 丨 一 丨 𠃍 一 乚 丶 一 丿 乚"
"cnwstqi5319","junior","N","A","骘","骘","骘","㇌ 丨 丨 一 丨 一 丨 丿 丿 𠃍 ㇉ 一","㇌ 丨 𠃍 丿 丨 一 丨 ㇉ 一 一 丨 丿"
"cnwstqi5320","junior","N","B","媪","媪","媪","𡿨 丿 一 丨 丨 𠃍 𠃍 丨 一 一 丨 一","𡿨 丿 一 丨 𠃍 一 一 丨 𠃍 丨 丨 一"
"cnwstqi5321","junior","N","B","媛","媛","媛","𡿨 丿 丿 一 丿 丿 ㇇ 一 丶 丶 ㇏ 一","𡿨 丿 一 丿 丶 丶 丿 一 一 丿 ㇇ ㇏"
"cnwstqi5322","junior","N","A","婷","婷","婷","𡿨 丿 一 丶 一 丨 𠃍 一 ㇀ 乛 一 亅","𡿨 丿 一 一 ㇀ 丨 一 一 乛 亅 丶 𠃍"
"cnwstqi5323","junior","N","A","巯","巯","巯","㇇ 丶 一 丨 ㇀ 丶 一 𠃋 丶 丿 丨 乚","㇇ 丶 丶 一 丨 丨 ㇀ 乚 一 𠃋 丿 丶"
"cnwstqi5324","junior","N","A","翚","翚","翚","𠃍 丶 ㇀ 𠃍 丶 ㇀ ㇀ 乛 一 𠃋 一 丨","𠃍 丶 ㇀ 丨 乛 丶 一 𠃋 一 𠃍 ㇀ ㇀"
"cnwstqi5325","junior","N","B","皴","皴","皴","𠃋 丶 丿 丿 ㇇ ㇇ 丶 丨 乛 丶 ㇏ 丿","𠃋 丶 丿 丶 丿 ㇇ 丶 乛 丿 丨 ㇇ ㇏"
"cnwstqi5326","junior","N","B","婺","婺","婺","㇇ 丶 一 丿 乛 ㇏ 𡿨 丿 丿 丿 一 亅","㇇ 丶 乛 亅 丿 丿 一 丿 ㇏ 𡿨 丿 一"
"cnwstqi5327","junior","N","B","骛","骛","骛","㇇ 丶 丿 丿 一 丿 ㇉ 𠃍 一 亅 乛 ㇏","㇇ 丶 乛 亅 丿 丿 一 丿 ㇏ 𠃍 ㇉ 一"
"cnwstqi5328","junior","N","B","缂","缂","缂","𠃋 𠃋 丨 丨 丨 ㇀ 一 一 一 𠃍 一 丨","𠃋 𠃋 ㇀ 一 丨 丨 一 丨 𠃍 一 一 丨"
"cnwstqi5329","junior","N","B","缃","缃","缃","𠃋 𠃋 丨 一 ㇀ 丶 丿 一 一 一 𠃍 丨","𠃋 𠃋 ㇀ 一 丨 丿 丶 丨 𠃍 一 一 一"
"cnwstqi5330","junior","N","A","缄","缄","缄","𠃋 𠃋 ㇀ 一 丿 一 丨 𠃍 一 ㇂ 丿 丶","𠃋 𠃋 ㇂ 丶 丿 ㇀ 一 一 𠃍 丨 一 丿"
"cnwstqi5331","junior","N","A","彘","彘","彘","𠃋 ㇇ 一 一 𠄌 丿 一 一 丿 丶 丿 乚","𠃋 ㇇ 一 丿 丿 一 丶 一 𠄌 一 乚 丿"
"cnwstqi5332","junior","N","B","缇","缇","缇","𠃋 𠃋 𠃍 丨 一 丨 ㇏ 丿 一 ㇀ 一 一","𠃋 𠃋 ㇀ 丨 𠃍 一 一 一 丨 一 丿 ㇏"
"cnwstqi5333","junior","N","A","缈","缈","缈","𠃋 𠃋 ㇀ 丨 𠃍 一 一 一 丨 丿 丶 丿","𠃋 𠃋 一 丨 𠃍 丿 丶 一 ㇀ 一 丨 丿"
"cnwstqi5334","junior","N","A","缌","缌","缌","𠃋 𠃋 ㇀ 丨 𠃍 一 丨 一 ㇀ ㇃ 丶 丶","𠃋 𠃋 ㇀ ㇃ 丶 丨 𠃍 一 ㇀ 一 丶 丨"
"cnwstqi5335","junior","N","A","缑","缑","缑","𠃋 𠃋 ㇀ 丿 丨 𠃍 一 丿 一 一 丿 ㇏","𠃋 𠃋 ㇀ 𠃍 丿 丿 一 一 丨 ㇏ 一 丿"
"cnwstqi5336","junior","N","A","缒","缒","缒","𠃋 𠃋 ㇀ 丿 丨 𠃍 一 𠃍 一 丶 ㇋ ㇏","𠃋 𠃋 丨 一 一 ㇏ 𠃍 丿 𠃍 丶 ㇋ ㇀"
"cnwstqi5337","junior","N","B","缗","缗","缗","𠃋 𠃋 丨 𠃍 一 一 一 一 ㇀ ㇂ 𠄌 𠃍","𠃋 𠃋 ㇀ 𠃍 一 𠄌 一 ㇂ 丨 𠃍 一 一"
"cnwstqi5338","junior","N","B","飨","飨","飨","𠃋 𠃋 丶 丿 𠃍 丿 一 一 丶 丿 𠄌 ㇏","𠃋 𠃋 丿 丿 ㇏ 丶 𠃍 一 一 𠄌 丿 丶"
"cnwstqi5339","junior","N","B","耢","耢","耢","一 一 乛 丶 𠃌 丨 一 丿 丨 一 丨 ㇀ 丿","一 一 一 丨 丿 丶 一 丨 丨 ㇀ 乛 𠃌 丿"
"cnwstqi5340","junior","N","A","瑚","瑚","瑚","一 一 丨 ㇀ 一 丨 丨 𠃍 一 丿 𠃌 一 一","一 一 𠃌 一 一 ㇀ 一 丨 丨 丨 丿 𠃍 一"
"cnwstqi5341","junior","N","B","瑁","瑁","瑁","一 一 𠃍 一 ㇀ 𠃍 丨 一 丨 一 丨 一 一","一 一 丨 ㇀ 丨 𠃍 一 一 丨 𠃍 一 一 一"
"cnwstqi5342","junior","N","A","瑜","瑜","瑜","一 一 丨 ㇀ 丿 ㇏ 一 丨 𠃌 一 一 丨 亅","一 一 丨 ㇏ ㇀ 丨 丿 一 一 丨 一 𠃌 亅"
"cnwstqi5343","junior","N","A","瑗","瑗","瑗","一 一 丨 ㇀ 丿 丶 丶 丿 一 一 丿 ㇇ ㇏","一 一 丿 丿 一 ㇀ 丶 ㇇ 丿 ㇏ 丶 丨 一"
"cnwstqi5344","junior","N","A","瑄","瑄","瑄","一 一 丨 ㇀ 丶 ㇀ 乛 一 丨 𠃍 一 一 一","一 一 一 丨 丨 ㇀ ㇀ 丶 一 一 一 𠃍 乛"
"cnwstqi5345","junior","N","A","瑕","瑕","瑕","一 一 丨 ㇀ 𠃍 一 丨 一 一 𠃍 一 ㇇ ㇏","一 一 一 一 ㇇ 𠃍 丨 一 ㇏ ㇀ 一 丨 𠃍"
"cnwstqi5346","junior","N","B","遨","遨","遨","一 一 丶 ㇏ 𠃌 丿 丿 丨 丶 一 ㇋ 一 丿","一 一 丨 一 𠃌 丿 丿 一 丿 丶 丶 ㇋ ㇏"
"cnwstqi5347","junior","N","B","骜","骜","骜","一 一 ㇏ ㇉ 一 丿 𠃍 丿 丿 𠃌 一 丨 一","一 一 丨 一 𠃌 丿 丿 一 丿 ㇏ 𠃍 ㇉ 一"
"cnwstqi5348","junior","N","A","韫","韫","韫","一 一 𠃌 丨 丨 𠃍 一 一 丨 𠃍 丨 丨 一","一 一 丨 丨 一 丨 丨 丨 一 一 𠃍 𠃌 𠃍"
"cnwstqi5349","junior","N","A","髡","髡","髡","一 丨 一 一 一 𠃋 丶 丿 丿 丿 一 丿 乚","一 丨 乚 一 一 丿 丿 丿 一 一 丿 𠃋 丶"
"cnwstqi5350","junior","N","B","塬","塬","塬","一 丨 亅 丨 𠃍 丿 一 一 丿 一 丿 ㇀ 丶","一 丨 ㇀ 一 丿 丿 丨 𠃍 一 一 亅 丿 丶"
"cnwstqi5351","junior","N","A","鄢","鄢","鄢","一 丨 一 丨 一 一 ㇉ ㇀ 丶 丶 丶 ㇌ 丨","一 丨 一 ㇌ 一 丶 丨 ㇀ ㇉ 一 丶 丨 丶"
"cnwstqi5352","junior","N","B","趔","趔","趔","一 丨 一 丨 一 丿 ㇇ 丨 一 亅 丿 ㇏ 丶","一 丨 一 丨 一 丿 ㇏ 一 丿 ㇇ 丶 丨 亅"
"cnwstqi5353","junior","N","B","趑","趑","趑","一 丨 ㇀ 乛 一 丶 一 丿 丿 丨 丶 丿 ㇏","一 丨 一 丨 一 丿 ㇏ 丶 ㇀ 丿 乛 丿 丶"
"cnwstqi5354","junior","N","B","摅","摅","摅","一 亅 乛 一 ㇀ 一 丶 丿 丶 ㇀ ㇃ 乚 丨","一 亅 ㇀ 丨 一 乛 丿 一 乚 ㇀ ㇃ 丶 丶"
"cnwstqi5355","junior","N","A","摁","摁","摁","一 亅 ㇀ 丨 𠃍 一 丿 丶 一 ㇀ ㇃ 丶 丶","一 亅 丿 一 ㇀ 丶 丶 ㇀ 丨 丶 𠃍 一 ㇃"
"cnwstqi5356","junior","N","B","蜇","蜇","蜇","一 亅 一 一 丿 𠃍 丿 一 丨 丶 ㇀ 丨 丨","一 亅 ㇀ 丿 丿 一 丨 丨 𠃍 一 丨 一 丶"
"cnwstqi5357","junior","N","A","搋","搋","搋","一 亅 ㇀ 丿 丿 丨 一 乛 丿 一 乚 丿 ⺄","一 亅 一 丨 乚 丿 丿 丿 丿 乛 ⺄ 一 ㇀"
"cnwstqi5358","junior","N","A","搪","搪","搪","一 亅 ㇀ 丶 一 丿 𠃍 一 一 丨 丨 𠃍 一","一 亅 𠃍 𠃍 丨 ㇀ 丨 丿 一 一 丶 一 一"
"cnwstqi5359","junior","N","A","搐","搐","搐","一 亅 ㇀ 丶 一 𠃋 𠃋 丶 丨 𠃍 一 丨 一","一 亅 ㇀ 𠃍 丨 𠃋 一 一 丶 丶 𠃋 一 丨"
"cnwstqi5360","junior","N","B","搛","搛","搛","一 亅 丿 丶 丨 丨 𠃍 一 丿 一 ㇏ ㇀ 一","一 亅 ㇀ 丶 丿 一 𠃍 一 一 丨 丨 丿 ㇏"
"cnwstqi5361","junior","N","A","搠","搠","搠","一 亅 ㇀ 丶 丿 一 ㇄ 丨 丿 丿 𠃌 一 一","一 亅 一 ㇄ 𠃌 丿 丿 一 丨 一 ㇀ 丿 丶"
"cnwstqi5362","junior","N","B","摈","摈","摈","一 亅 乛 丿 ㇀ 丨 丶 一 一 丶 丿 丨 ㇀","一 亅 ㇀ 丶 ㇀ 乛 丿 丨 一 丨 一 丿 丶"
"cnwstqi5363","junior","N","B","彀","彀","彀","一 丨 ㇍ 一 ㇉ 一 一 𠃍 ㇀ 乛 丿 ㇇ ㇏","一 丨 一 ㇀ 乛 一 𠃍 一 ㇉ 丿 ㇍ ㇇ ㇏"
"cnwstqi5364","junior","N","A","毂","毂","毂","一 丨 一 ㇀ 乛 一 𠃋 丨 ㇀ 丿 ㇍ ㇇ ㇏","一 丨 ㇇ 乛 ㇀ 丨 一 ㇍ ㇏ 一 𠃋 丿 ㇀"
"cnwstqi5365","junior","N","B","搦","搦","搦","一 亅 丶 ㇀ ㇉ 丶 ㇀ 一 𠃍 一 𠃍 ㇀ ㇉","一 亅 ㇀ 𠃍 一 ㇉ 丶 ㇀ 𠃍 一 ㇉ 丶 ㇀"
"cnwstqi5366","junior","N","B","搡","搡","搡","一 亅 丶 一 丶 ㇏ ㇇ ㇇ 丿 ㇀ 丶 丨 ㇇","一 亅 ㇀ ㇇ 丶 ㇇ 丶 ㇇ 丶 一 丨 丿 ㇏"
"cnwstqi5367","junior","N","A","蓁","蓁","蓁","一 丨 丨 一 一 一 丿 ㇏ 丿 一 丨 丿 丶","一 丨 丨 一 丨 丿 ㇏ 一 一 丿 丶 丿 一"
"cnwstqi5368","junior","N","B","戡","戡","戡","一 丨 丨 一 ㇂ 丿 丶 一 丶 丿 一 一 ㇄","一 丨 丨 一 一 一 丿 丶 ㇄ 一 ㇂ 丿 丶"
"cnwstqi5369","junior","N","B","蓍","蓍","蓍","一 丨 一 乚 丨 丨 丨 丿 一 一 丿 𠃍 一","一 丨 丨 一 丨 一 丿 丿 乚 丨 𠃍 一 一"
"cnwstqi5370","junior","N","A","鄞","鄞","鄞","一 丨 丨 一 丨 𠃍 一 一 一 丨 ㇀ ㇌ 丨","一 丨 一 ㇌ 𠃍 一 丨 一 丨 丨 一 丨 ㇀"
"cnwstqi5371","junior","N","B","靳","靳","靳","一 丨 一 一 丿 𠃍 丨 丨 丿 一 一 丨 丨","一 丨 丨 一 丨 𠃍 一 一 丨 丿 丿 一 丨"
"cnwstqi5372","junior","N","B","蓐","蓐","蓐","一 丨 丶 丿 ㇏ 亅 丨 丿 一 𠄌 一 一 一","一 丨 丨 一 丿 一 一 𠄌 丿 ㇏ 一 亅 丶"
"cnwstqi5373","junior","N","A","蓦","蓦","蓦","一 丨 丨 丨 𠃍 一 一 一 丿 ㇏ 𠃍 ㇉ 一","一 丨 一 丨 一 ㇉ 𠃍 丿 ㇏ 𠃍 一 丨 一"
"cnwstqi5374","junior","N","B","鹋","鹋","鹋","一 丨 丨 ㇉ 丨 一 一 丶 𠃌 丨 丿 𠃍 一","一 丨 丨 丨 𠃍 一 丨 一 丿 𠃌 丶 ㇉ 一"
"cnwstqi5375","junior","N","A","蒽","蒽","蒽","一 丨 丨 丨 𠃍 一 丿 丶 一 ㇀ ㇃ 丶 丶","一 丨 丶 𠃍 丶 一 一 ㇃ ㇀ 丨 丨 丿 丶"
"cnwstqi5376","junior","N","B","蓓","蓓","蓓","一 丨 丨 丨 一 一 丶 丿 丿 丶 一 丨 𠃍","一 丨 丨 丿 丨 丶 一 丶 丿 一 丨 𠃍 一"
"cnwstqi5377","junior","N","B","蓖","蓖","蓖","一 丨 𠃍 一 𠄌 乚 丿 丨 丨 丿 一 丶 丿","一 丨 丨 丿 丨 𠃍 丿 丶 一 一 𠄌 丿 乚"
"cnwstqi5378","junior","N","B","蓊","蓊","蓊","一 丨 𠃌 丨 𠃌 ㇏ 丶 丿 丶 ㇀ 𠃋 ㇀ 丶","一 丨 丨 丿 ㇏ 𠃋 丶 𠃌 丶 ㇀ 𠃌 丶 ㇀"
"cnwstqi5379","junior","N","A","蒯","蒯","蒯","一 丨 丨 丿 𠃌 一 一 丿 𠃌 一 一 丨 亅","一 丨 𠃌 一 丿 亅 一 一 丨 𠃌 丨 一 丿"
"cnwstqi5380","junior","N","A","蓟","蓟","蓟","一 丨 丨 丿 ㇇ 丨 𠃍 一 丨 一 ㇀ 丨 亅","一 丨 亅 一 丨 丿 一 丨 ㇀ 𠃍 ㇇ 丨 丨"
"cnwstqi5381","junior","N","A","蓑","蓑","蓑","一 丨 丨 丶 一 丨 𠃍 一 一 丿 𠄌 丿 ㇏","一 丨 丶 𠃍 丿 一 丨 ㇏ 𠄌 丿 一 丨 一"
"cnwstqi5382","junior","N","B","蒿","蒿","蒿","一 丨 丨 一 一 丶 丨 𠃌 丨 一 丨 𠃍 𠃍","一 丨 丨 丶 一 丨 𠃍 一 丨 𠃌 丨 𠃍 一"
"cnwstqi5383","junior","N","B","蒺","蒺","蒺","一 丨 丶 一 一 丨 丶 丿 丿 ㇀ 一 ㇏ 丿","一 丨 丨 丶 一 丿 丶 ㇀ 丿 一 一 丿 ㇏"
"cnwstqi5384","junior","N","A","蓠","蓠","蓠","一 丨 丨 丶 一 丿 丶 ㇄ 丨 丨 𠃌 𠃋 丶","一 丨 丶 丨 丶 𠃌 丨 一 ㇄ 丶 丿 丨 𠃋"
"cnwstqi5385","junior","N","B","蒟","蒟","蒟","一 丨 丨 一 一 𠃌 丨 丿 丶 丶 𠃍 一 丿","一 丨 丨 丶 一 丶 丿 一 丿 𠃌 丨 𠃍 一"
"cnwstqi5386","junior","N","A","蒡","蒡","蒡","一 丨 丨 丶 一 丶 丿 ㇀ 乛 丶 一 𠃌 丿","一 丨 一 丨 丿 丶 乛 丶 丿 一 ㇀ 丶 𠃌"
"cnwstqi5387","junior","N","A","蒹","蒹","蒹","一 丨 丨 丶 丿 一 𠃍 一 一 丨 丨 丿 ㇏","一 丨 𠃍 丨 丿 丿 ㇏ 一 一 丨 一 丶 丨"
"cnwstqi5388","junior","N","B","蒴","蒴","蒴","一 丨 丶 丨 丨 一 𠃌 一 丿 丿 ㇄ 丿 一","一 丨 丨 丶 丿 一 ㇄ 丨 丿 丿 𠃌 一 一"
"cnwstqi5389","junior","N","A","蒗","蒗","蒗","一 丨 丨 丶 丶 ㇀ 丶 𠃍 一 一 𠄌 丿 ㇏","一 丨 ㇏ 丶 丶 ㇀ 一 丶 𠄌 𠃍 丿 一 丨"
"cnwstqi5390","junior","N","A","蓥","蓥","蓥","一 丨 丨 ㇀ 乛 丿 ㇏ 一 一 丨 丶 丿 一","一 丨 丨 乛 丨 一 丿 一 一 丶 ㇀ 丿 ㇏"
"cnwstqi5391","junior","N","B","颐","颐","颐","一 丨 一 丿 ㇄ 丨 丨 丶 𠃍 一 丨 𠃍 丿","一 丨 丨 𠃍 一 丨 ㇄ 一 丿 丨 𠃍 丿 丶"
"cnwstqi5392","junior","N","A","楔","楔","楔","一 丨 丿 丶 一 一 一 丨 𠃌 丿 一 丿 ㇏","一 丨 丶 丨 丿 丿 丿 一 一 一 ㇏ 𠃌 一"
"cnwstqi5393","junior","N","B","楠","楠","楠","一 丨 丿 丨 丶 𠃌 丨 一 丿 丶 丨 一 一","一 丨 丿 丶 一 丨 丨 𠃌 丶 丿 一 一 丨"
"cnwstqi5394","junior","N","A","楂","楂","楂","一 丨 丿 丶 一 丨 丿 ㇏ 丨 𠃍 一 一 一","一 丨 丶 一 ㇏ 一 一 丨 一 丨 丿 丿 𠃍"
"cnwstqi5395","junior","N","B","楝","楝","楝","一 丨 一 一 𠃍 ㇏ 丶 丿 丿 丿 丨 丶 丨","一 丨 丿 丶 一 丨 𠃍 丶 丿 一 丨 丿 ㇏"
"cnwstqi5396","junior","N","A","楫","楫","楫","一 丨 丿 丶 丨 𠃍 一 一 丨 丨 一 一 一","一 丨 丿 丨 一 一 𠃍 一 一 丨 一 丶 丨"
"cnwstqi5397","junior","N","B","楸","楸","楸","一 丨 丶 丿 丿 丨 ㇀ 丿 丿 丶 一 丿 ㇏","一 丨 丿 丶 丿 一 丨 丿 丶 ㇀ 丿 丿 ㇏"
"cnwstqi5398","junior","N","A","椴","椴","椴","一 丨 丿 丶 丿 丨 一 一 ㇀ 丿 ㇍ ㇇ ㇏","一 丨 ㇇ 丿 ㇏ 丨 一 丿 丶 丿 ㇍ ㇀ 一"
"cnwstqi5399","junior","N","B","槌","槌","槌","一 丨 丿 一 丶 𠃍 ㇋ 𠃍 ㇏ 丶 丨 丿 一","一 丨 丿 丶 丿 丨 𠃍 一 𠃍 一 丶 ㇋ ㇏"
"cnwstqi5400","junior","N","A","楯","楯","楯","一 丨 丿 丶 丿 丿 一 丨 丨 𠃍 一 一 一","一 丨 一 丿 一 一 丿 丨 丿 一 丶 丨 𠃍"
"cnwstqi5401","junior","N","B","皙","皙","皙","一 丨 丨 一 𠃍 丿 丶 丿 丨 丿 一 一 丿","一 丨 丿 丶 丿 丿 一 丨 丿 丨 𠃍 一 一"
"cnwstqi5402","junior","N","A","榈","榈","榈","一 丨 丿 丶 丶 丨 𠃌 丨 𠃍 一 丨 𠃍 一","一 丨 丨 丶 一 一 𠃍 丿 𠃍 丨 𠃌 丶 丨"
"cnwstqi5403","junior","N","B","槎","槎","槎","一 丨 丶 一 丿 丶 一 丿 一 丿 一 一 丨","一 丨 丿 丶 丶 丿 一 一 一 丿 一 丨 一"
"cnwstqi5404","junior","N","A","榉","榉","榉","一 丨 丿 丶 丶 丶 丿 一 丿 ㇏ 一 一 丨","一 丨 丶 一 ㇏ 丿 一 丶 丿 丶 一 丿 丨"
"cnwstqi5405","junior","N","B","楦","楦","楦","一 丨 丨 一 丿 𠃍 乛 一 丶 一 丶 ㇀ 一","一 丨 丿 丶 丶 ㇀ 乛 一 丨 𠃍 一 一 一"
"cnwstqi5406","junior","N","B","楣","楣","楣","一 丨 𠃍 一 丿 一 丨 一 丨 丶 一 𠃍 丿","一 丨 丿 丶 𠃍 丨 一 丿 丨 𠃍 一 一 一"
"cnwstqi5407","junior","N","B","楹","楹","楹","一 丨 丶 ㇇ 丨 丶 丨 丿 丨 丿 𠄎 𠃍 一","一 丨 丿 丶 𠄎 丿 ㇇ 丶 丨 𠃍 丨 丨 一"
"cnwstqi5408","junior","N","B","椽","椽","椽","一 丨 ㇁ ㇇ ㇏ 𠃋 丿 丿 一 丶 丿 丿 丿","一 丨 丿 丶 𠃋 ㇇ 一 丿 ㇁ 丿 丿 丿 ㇏"
"cnwstqi5409","junior","N","A","裘","裘","裘","一 丨 丶 ㇀ 丿 丶 丶 丶 一 丿 𠄌 丿 ㇏","一 丨 丿 丶 一 ㇏ 𠄌 ㇀ 丿 丶 丶 丶 丿"
"cnwstqi5410","junior","N","B","剽","剽","剽","一 丨 一 丨 一 亅 丨 丶 𠃍 亅 丿 一 丨","一 丨 𠃍 丨 丨 一 一 一 亅 丿 丶 丨 亅"
"cnwstqi5411","junior","N","B","甄","甄","甄","一 丨 丶 ⺄ 𠃍 𠄌 丨 一 一 ㇀ 一 丨 丨","一 丨 𠃍 丨 丨 一 一 丨 ㇀ 一 𠄌 ⺄ 丶"
"cnwstqi5412","junior","N","B","酮","酮","酮","一 丨 𠃍 𠃌 𠃍 一 丨 ㇄ 一 一 丨 一 丿","一 丨 𠃍 丿 ㇄ 一 一 丨 𠃌 一 丨 𠃍 一"
"cnwstqi5413","junior","N","A","酰","酰","酰","一 丨 𠃍 丿 ㇄ 一 一 丿 一 丨 一 丿 乚","一 丨 丨 𠃍 丿 一 一 一 丿 一 丿 ㇄ 乚"
"cnwstqi5414","junior","N","A","酯","酯","酯","一 丨 𠃍 丿 ㇄ 一 一 丿 乚 丨 𠃍 一 一","一 丨 一 一 乚 一 一 ㇄ 丿 𠃍 丨 𠃍 丿"
"cnwstqi5415","junior","N","A","酩","酩","酩","一 丨 𠃍 丿 ㇄ 一 一 丿 ㇇ 丶 丨 𠃍 一","一 丨 丨 一 一 𠃍 丿 ㇇ 丶 𠃍 一 丿 ㇄"
"cnwstqi5416","junior","N","B","蜃","蜃","蜃","一 丿 一 丶 丿 一 丨 一 一 𠃍 ㇏ 𠄌 丨","一 丿 一 一 𠄌 丿 ㇏ 丨 𠃍 一 丨 一 丶"
"cnwstqi5417","junior","N","A","碛","碛","碛","一 丿 丨 𠃍 一 一 一 丨 一 丨 𠃍 丿 丶","一 丿 丨 丶 一 丨 一 一 𠃍 𠃍 一 丿 丨"
"cnwstqi5418","junior","N","B","碓","碓","碓","一 丿 一 丨 丶 一 丨 丨 丿 𠃍 一 一 一","一 丿 丨 𠃍 一 丿 丨 丶 一 一 一 丨 一"
"cnwstqi5419","junior","N","B","硼","硼","硼","一 丿 丨 𠃍 𠃌 𠃌 一 一 一 丿 丿 一 一","一 丿 丨 𠃍 一 丿 𠃌 一 一 丿 𠃌 一 一"
"cnwstqi5420","junior","N","A","碉","碉","碉","一 丿 丨 𠃍 一 丿 𠃌 一 丨 一 丨 𠃍 一","一 丿 𠃍 𠃍 丨 丨 𠃌 丨 一 丿 一 一 一"
"cnwstqi5421","junior","N","B","碚","碚","碚","一 丿 丶 一 一 𠃍 一 丨 𠃍 一 丿 丨 丶","一 丿 丨 𠃍 一 丶 一 丶 丿 一 丨 𠃍 一"
"cnwstqi5422","junior","N","B","碇","碇","碇","一 丿 一 丨 𠃍 丨 乛 ㇀ ㇏ 丶 丿 一 一","一 丿 丨 𠃍 一 丶 ㇀ 乛 一 丨 一 丿 ㇏"
"cnwstqi5423","junior","N","A","碜","碜","碜","一 丿 丨 𠃍 一 𠃋 丶 一 丿 ㇏ 丿 丿 丿","一 丿 丿 𠃍 丿 一 丿 丿 一 𠃋 ㇏ 丶 丨"
"cnwstqi5424","junior","N","B","鹌","鹌","鹌","一 丿 丶 丶 ㇉ 𠄌 𠃌 一 一 𠃍 一 丿 丨","一 丿 丶 丨 𠃍 一 一 𠄌 丿 𠃌 丶 ㇉ 一"
"cnwstqi5425","junior","N","B","辏","辏","辏","一 𠃋 丶 一 一 一 一 丨 ㇀ 丿 ㇏ 丿 一","一 𠃋 丨 ㇀ 一 一 一 丿 ㇏ 一 一 丿 丶"
"cnwstqi5426","junior","N","B","龃","龃","龃","丨 一 丿 一 一 丨 𠃍 ㇄ 丶 丨 一 丨 一","丨 一 丨 一 丿 丶 ㇄ 丨 丨 𠃍 一 一 一"
"cnwstqi5427","junior","N","A","龅","龅","龅","丨 一 丨 一 丿 丶 ㇄ 丨 丿 𠃌 𠃍 一 乚","丨 一 丿 丶 𠃍 一 一 丨 丨 ㇄ 𠃌 乚 丿"
"cnwstqi5428","junior","N","A","訾","訾","訾","丨 一 丨 ㇀ 丿 乚 丶 一 一 一 丨 𠃍 一","丨 一 一 一 乚 丨 丿 一 ㇀ 𠃍 丨 丶 一"
"cnwstqi5429","junior","N","B","粲","粲","粲","丨 一 丶 丶 丿 丿 ㇇ ㇏ 丶 丨 ㇇ 丿 一","丨 一 丿 ㇇ 丶 ㇇ 丶 丶 丿 一 丨 丿 ㇏"
"cnwstqi5430","junior","N","A","虞","虞","虞","丨 一 乛 丿 一 乚 丨 𠃍 一 一 一 丿 ㇏","丨 一 乛 乚 丨 丿 丿 一 ㇏ 一 一 一 𠃍"
"cnwstqi5431","junior","N","B","睚","睚","睚","丨 𠃍 一 一 一 丨 一 一 一 一 一 丿 丨","丨 𠃍 一 一 一 一 丿 一 丨 一 一 丨 一"
"cnwstqi5432","junior","N","B","嗪","嗪","嗪","丨 𠃍 一 一 丿 丿 一 丿 ㇏ 一 丶 一 丨","丨 𠃍 一 一 一 一 丿 ㇏ 丿 一 丨 丿 丶"
"cnwstqi5433","junior","N","B","韪","韪","韪","丨 𠃍 一 一 一 丿 丨 一 一 一 𠃌 丨 ㇏","丨 𠃍 一 一 一 丨 一 丿 ㇏ 一 一 𠃌 丨"
"cnwstqi5434","junior","N","A","嗷","嗷","嗷","丨 𠃍 一 一 一 丨 一 𠃌 丿 丿 一 丿 ㇏","丨 𠃍 一 一 ㇏ 丿 一 丿 一 丿 一 丨 𠃌"
"cnwstqi5435","junior","N","A","嗉","嗉","嗉","丨 𠃍 一 一 一 丨 一 𠃋 𠃋 丶 亅 丿 丶","丨 𠃍 丨 一 丶 一 丿 𠃋 𠃋 亅 丶 一 一"
"cnwstqi5436","junior","N","B","睨","睨","睨","丨 𠃍 𠃍 一 一 丿 一 一 一 丿 乚 一 丨","丨 𠃍 一 一 一 丿 丨 一 𠃍 一 一 丿 乚"
"cnwstqi5437","junior","N","A","睢","睢","睢","丨 𠃍 一 一 一 丿 丨 丶 一 一 一 丨 一","丨 𠃍 丶 一 一 丨 一 一 一 丿 一 一 丨"
"cnwstqi5438","junior","N","A","雎","雎","雎","丨 𠃍 一 一 ㇀ 丿 丨 丶 一 一 一 丨 一","丨 𠃍 丶 一 ㇀ 丨 丿 一 一 丨 一 一 一"
"cnwstqi5439","junior","N","B","睥","睥","睥","丨 𠃍 一 一 丿 一 一 一 一 丨 𠃍 丿 丨","丨 𠃍 一 一 一 丿 丨 𠃍 一 一 丿 一 丨"
"cnwstqi5440","junior","N","B","嘟","嘟","嘟","丨 𠃍 丿 丨 丨 一 一 一 一 ㇌ 𠃍 一 丨","丨 𠃍 一 一 丨 一 丿 丨 𠃍 一 一 ㇌ 丨"
"cnwstqi5441","junior","N","A","嗑","嗑","嗑","丨 𠃍 一 一 丨 一 𠃋 丶 丨 𠃍 丨 丨 一","丨 𠃍 丨 一 丨 丨 一 丶 𠃋 一 一 𠃍 丨"
"cnwstqi5442","junior","N","A","嗫","嗫","嗫","丨 𠃍 一 一 丨 丨 一 一 一 ㇇ 丶 ㇇ ㇏","丨 𠃍 ㇇ ㇏ 一 一 丨 一 ㇇ 一 一 丨 丶"
"cnwstqi5443","junior","N","A","嗬","嗬","嗬","丨 𠃍 一 一 丨 丨 丿 丨 一 丨 𠃍 一 亅","丨 𠃍 𠃍 一 亅 丨 一 丿 一 丨 一 丨 丨"
"cnwstqi5444","junior","N","B","嗔","嗔","嗔","丨 𠃍 丶 丿 𠃍 一 一 一 一 一 丨 一 丨","丨 𠃍 一 一 丨 丨 𠃍 一 一 一 一 丿 丶"
"cnwstqi5445","junior","N","A","嗝","嗝","嗝","丨 𠃍 一 一 丨 𠃍 一 丨 𠃌 丶 丿 一 丨","丨 𠃍 一 丨 丨 一 一 𠃌 丨 丿 𠃍 一 丶"
"cnwstqi5446","junior","N","A","戥","戥","戥","丨 𠃍 一 一 丿 一 一 丨 ㇀ 一 ㇂ 丿 丶","丨 𠃍 ㇂ 丶 丿 一 一 一 丿 一 丨 一 ㇀"
"cnwstqi5447","junior","N","A","嗄","嗄","嗄","丨 𠃍 一 一 丿 丨 𠃍 一 一 一 丿 ㇇ ㇏","丨 𠃍 一 𠃍 一 一 ㇏ 一 丨 丿 丿 ㇇ 一"
"cnwstqi5448","junior","N","A","煦","煦","煦","丨 𠃍 一 一 丿 𠃌 丨 𠃍 一 ㇀ 丶 丶 丶","丨 𠃍 一 丿 丶 丶 丶 丨 ㇀ 一 𠃌 𠃍 一"
"cnwstqi5449","junior","N","A","暄","暄","暄","丨 𠃍 一 一 丶 ㇀ 乛 一 丨 𠃍 一 一 一","丨 𠃍 一 丶 一 一 ㇀ 𠃍 一 乛 丨 一 一"
"cnwstqi5450","junior","N","B","遢","遢","遢","丨 𠃍 𠃌 丶 一 丶 一 ㇀ ㇋ 丶 ㇀ 𠃌 ㇏","丨 𠃍 一 一 𠃌 丶 ㇀ 𠃌 丶 ㇀ 丶 ㇋ ㇏"
"cnwstqi5451","junior","N","B","暌","暌","暌","丨 𠃍 一 一 丿 ㇇ 丶 ㇏ 丿 丶 一 一 丿","丨 𠃍 一 一 ㇇ 丶 丿 丿 ㇏ 一 一 丿 丶"
"cnwstqi5452","junior","N","A","跬","跬","跬","丨 𠃍 一 丨 一 丨 ㇀ 一 丨 一 一 丨 一","丨 𠃍 丨 丨 一 丨 ㇀ 一 丨 一 一 一 一"
"cnwstqi5453","junior","N","A","跶","跶","跶","丨 𠃍 一 丨 一 丨 ㇀ 一 丿 丶 丶 ㇋ ㇏","丨 𠃍 丨 丶 丶 ㇏ 一 一 ㇋ 一 丿 ㇀ 丨"
"cnwstqi5454","junior","N","B","跸","跸","跸","丨 𠃍 𠄌 丿 丨 一 一 一 ㇀ 丨 丨 乚 一","丨 𠃍 一 丨 一 丨 ㇀ 一 𠄌 丿 乚 一 丨"
"cnwstqi5455","junior","N","B","跐","跐","跐","丨 𠃍 ㇀ 乚 一 丨 ㇀ 丨 一 丨 一 丨 丿","丨 𠃍 一 丨 一 丨 ㇀ 丨 一 丨 ㇀ 丿 乚"
"cnwstqi5456","junior","N","A","跣","跣","跣","丨 𠃍 一 丨 一 丨 ㇀ 丿 一 丨 一 丿 乚","丨 𠃍 一 丨 ㇀ 丨 一 乚 丿 丨 丿 一 一"
"cnwstqi5457","junior","N","A","跹","跹","跹","丨 𠃍 一 丨 一 丨 ㇀ 丿 一 丨 丶 ㇋ ㇏","丨 𠃍 一 丿 ㇋ 一 一 丨 ㇏ ㇀ 丨 丨 丶"
"cnwstqi5458","junior","N","A","跻","跻","跻","丨 𠃍 一 丨 一 丨 ㇀ 丶 一 丿 ㇏ 丿 丨","丨 𠃍 丶 丨 丿 ㇏ ㇀ 一 丿 丨 一 丨 一"
"cnwstqi5459","junior","N","A","蛸","蛸","蛸","丨 𠃍 一 丨 一 丶 丨 丶 丿 丨 𠃌 一 一","丨 𠃍 丶 丨 一 丨 一 一 𠃌 丶 丨 丿 一"
"cnwstqi5460","junior","N","A","蜊","蜊","蜊","丨 𠃍 一 丨 一 丶 丿 一 丨 丿 丶 丨 亅","丨 𠃍 亅 丨 丨 一 丨 丿 丶 丿 一 一 丶"
"cnwstqi5461","junior","N","B","蜍","蜍","蜍","丨 𠃍 一 ㇏ 丿 丶 丨 亅 丿 一 一 一 丶","丨 𠃍 一 丨 一 丶 丿 ㇏ 一 一 亅 丿 丶"
"cnwstqi5462","junior","N","A","蜉","蜉","蜉","丨 𠃍 一 丨 一 丶 丿 丶 丶 丿 ㇇ 亅 一","丨 𠃍 丨 ㇇ 丿 丶 丶 亅 一 丿 一 丶 一"
"cnwstqi5463","junior","N","B","蜣","蜣","蜣","丨 𠃍 丨 一 丶 丶 丿 一 丿 一 一 一 乚","丨 𠃍 一 丨 一 丶 丶 丿 一 一 一 丿 乚"
"cnwstqi5464","junior","N","A","畹","畹","畹","丨 𠃍 一 丨 一 丶 ㇀ 乛 丿 ㇇ 丶 𠃌 乚","丨 𠃍 丶 乚 丶 ㇇ 一 丨 一 𠃌 乛 ㇀ 丿"
"cnwstqi5465","junior","N","B","蛹","蛹","蛹","丨 𠃍 𠃌 丨 丶 一 丨 一 丨 一 ㇇ 丶 一","丨 𠃍 一 丨 一 丶 ㇇ 丶 丨 𠃌 一 一 丨"
"cnwstqi5466","junior","N","B","嗣","嗣","嗣","丨 𠃍 𠃌 𠃌 一 丨 丨 丨 一 𠃍 一 丨 一","丨 𠃍 一 丨 𠃌 一 丨 丨 𠃌 一 丨 𠃍 一"
"cnwstqi5467","junior","N","A","嗯","嗯","嗯","丨 𠃍 一 丨 𠃍 一 丿 丶 一 ㇀ ㇃ 丶 丶","丨 𠃍 丿 𠃍 丶 一 丶 丶 ㇃ 丨 一 一 ㇀"
"cnwstqi5468","junior","N","B","嗥","嗥","嗥","丨 𠃍 一 丨 丿 一 一 丨 𠃍 一 丿 一 ㇏","丨 𠃍 一 丿 丨 𠃍 一 一 一 丿 ㇏ 一 丨"
"cnwstqi5469","junior","N","B","嗲","嗲","嗲","丨 𠃍 丶 丿 丶 ㇇ ㇇ 丿 一 丿 丶 丿 ㇏","丨 𠃍 一 丿 丶 丿 ㇏ 丿 ㇇ 丶 丿 ㇇ 丶"
"cnwstqi5470","junior","N","B","嗳","嗳","嗳","丨 𠃍 丿 一 丿 丶 ㇇ 丶 ㇀ 丿 乛 ㇏ 一","丨 𠃍 一 丿 丶 丶 丿 ㇀ 乛 一 丿 ㇇ ㇏"
"cnwstqi5471","junior","N","A","嗌","嗌","嗌","丨 𠃍 一 丶 丿 一 丿 丶 丨 𠃍 丨 丨 一","丨 𠃍 𠃍 一 丶 丿 丨 丨 丿 一 一 丶 丨"
"cnwstqi5472","junior","N","A","嗍","嗍","嗍","丨 𠃍 一 丶 丿 一 ㇄ 丨 丿 丿 𠃌 一 一","丨 𠃍 丿 丶 一 𠃌 一 一 一 丨 ㇄ 丿 丿"
"cnwstqi5473","junior","N","A","嗨","嗨","嗨","丨 𠃍 一 丶 丶 ㇀ 丿 一 ㇄ 𠃌 丶 一 丶","丨 𠃍 一 丶 丶 ㇄ ㇀ 丿 丶 丶 𠃌 一 一"
"cnwstqi5474","junior","N","B","嗐","嗐","嗐","丨 𠃍 一 ㇀ 丶 一 丨 乛 𠃍 一 一 丨 一","丨 𠃍 一 丶 ㇀ 乛 一 一 一 丨 丨 𠃍 一"
"cnwstqi5475","junior","N","B","嗤","嗤","嗤","丨 𠃍 𠃍 一 ㇄ 丨 丨 一 一 丨 一 丶 丨","丨 𠃍 一 ㇄ 丨 丨 一 丨 𠃍 一 丨 一 丶"
"cnwstqi5476","junior","N","A","嗵","嗵","嗵","丨 𠃍 一 ㇇ 丶 丨 𠃌 一 一 丨 丶 ㇋ ㇏","丨 𠃍 丨 丶 一 𠃌 丨 ㇋ 一 ㇏ 一 丶 ㇇"
"cnwstqi5477","junior","N","B","罨","罨","罨","丨 𠃍 丨 一 丨 ㇏ 丨 乚 丿 一 一 𠃍 一","丨 𠃍 丨 丨 一 一 丿 ㇏ 丨 𠃍 一 一 乚"
"cnwstqi5478","junior","N","B","嵊","嵊","嵊","丨 ㇄ 丨 ㇏ 丨 乚 丿 一 丿 丨 一 丿 ㇀","丨 ㇄ 丨 丿 一 丨 丨 一 ㇀ 丿 乚 丿 ㇏"
"cnwstqi5479","junior","N","B","嵩","嵩","嵩","丨 ㇄ 丶 一 丨 丨 丨 𠃌 𠃍 𠃍 一 丨 一","丨 ㇄ 丨 丶 一 丨 𠃍 一 丨 𠃌 丨 𠃍 一"
"cnwstqi5480","junior","N","B","嵴","嵴","嵴","丨 ㇄ 丿 丶 丨 丨 ㇏ ㇀ 一 一 丶 𠃌 丿","丨 ㇄ 丨 丶 ㇀ 丿 丶 丿 ㇏ 丨 𠃌 一 一"
"cnwstqi5481","junior","N","A","骰","骰","骰","丨 𠃍 𠃍 ㇀ 乛 丨 𠃌 一 一 丿 ㇍ ㇇ ㇏","丨 𠃍 𠃍 乛 一 ㇀ 丿 ㇇ 一 ㇍ 𠃌 ㇏ 丨"
"cnwstqi5482","junior","N","A","锗","锗","锗","丿 一 一 一 𠄌 一 丨 一 丿 丨 𠃍 一 一","丿 一 一 𠃍 丨 𠄌 一 一 一 一 丨 丿 一"
"cnwstqi5483","junior","N","B","锛","锛","锛","丿 一 丿 一 一 丨 ㇏ 一 一 𠄌 丨 一 丿","丿 一 一 一 𠄌 一 丿 ㇏ 一 丨 一 丿 丨"
"cnwstqi5484","junior","N","B","锜","锜","锜","丿 一 一 一 𠄌 丶 丨 亅 一 丿 𠃍 一 一","丿 一 一 一 𠄌 一 丿 丶 一 丨 𠃍 一 亅"
"cnwstqi5485","junior","N","B","锝","锝","锝","丿 一 一 丶 𠄌 一 一 一 丨 𠃍 一 亅 一","丿 一 一 一 𠄌 丨 𠃍 一 一 一 一 亅 丶"
"cnwstqi5486","junior","N","A","锞","锞","锞","丿 一 一 一 𠄌 丨 𠃍 一 一 一 丨 丿 ㇏","丿 一 一 𠃍 一 丨 ㇏ 𠄌 一 丨 一 丿 一"
"cnwstqi5487","junior","N","B","锟","锟","锟","丿 一 一 一 一 丨 一 丿 乚 𠄌 𠄌 一 𠃍","丿 一 一 一 𠄌 丨 𠃍 一 一 一 𠄌 丿 乚"
"cnwstqi5488","junior","N","A","锢","锢","锢","丿 一 一 一 𠄌 丨 𠃍 一 丨 丨 𠃍 一 一","丿 一 𠃍 一 丨 一 一 一 一 丨 𠄌 丨 𠃍"
"cnwstqi5489","junior","N","B","锨","锨","锨","丿 一 丿 一 一 丿 乛 一 丨 丿 丿 ㇏ 𠄌","丿 一 一 一 𠄌 丿 丿 一 丨 丿 乛 丿 ㇏"
"cnwstqi5490","junior","N","B","锩","锩","锩","丿 一 乚 一 丶 丿 ㇏ 𠃌 𠄌 一 一 丿 一","丿 一 一 一 𠄌 丶 丿 一 一 丿 ㇏ 𠃌 乚"
"cnwstqi5491","junior","N","B","锭","锭","锭","丿 一 一 ㇏ 丿 丨 ㇀ 一 𠄌 一 乛 丶 一","丿 一 一 一 𠄌 丶 ㇀ 乛 一 丨 一 丿 ㇏"
"cnwstqi5492","junior","N","A","锱","锱","锱","丿 一 一 一 𠄌 𡿨 𡿨 𡿨 丨 𠃍 一 丨 一","丿 一 𡿨 丨 一 𡿨 𠃍 丨 一 𡿨 一 一 𠄌"
"cnwstqi5493","junior","N","B","雉","雉","雉","丿 一 丶 丿 丶 一 一 一 丨 丿 一 丨 一","丿 一 一 丿 丶 丿 丨 丶 一 一 一 丨 一"
"cnwstqi5494","junior","N","B","氲","氲","氲","丿 一 一 𠃍 一 𠃍 丨 丨 丨 一 丨 一 ⺄","丿 一 一 ⺄ 丨 𠃍 一 一 丨 𠃍 丨 丨 一"
"cnwstqi5495","junior","N","A","犏","犏","犏","丿 一 丨 ㇀ 丶 𠃍 一 丿 丨 𠃌 一 丨 丨","丿 一 𠃌 𠃍 丶 丨 丨 丨 一 丨 ㇀ 一 丿"
"cnwstqi5496","junior","N","B","歃","歃","歃","丿 一 丿 丨 乛 一 丨 一 一 丿 丿 𠃍 ㇏","丿 一 丨 丿 丨 一 𠃍 一 一 丿 乛 丿 ㇏"
"cnwstqi5497","junior","N","A","稞","稞","稞","丿 一 丨 丿 丶 丨 𠃍 一 一 一 丨 丿 ㇏","丿 一 丿 丨 丶 丨 一 丿 丨 一 ㇏ 𠃍 一"
"cnwstqi5498","junior","N","B","稗","稗","稗","丿 一 一 丨 𠃍 丿 丿 丿 丨 一 丨 丶 一","丿 一 丨 丿 丶 丿 丨 𠃍 一 一 丿 一 丨"
"cnwstqi5499","junior","N","A","稔","稔","稔","丿 一 丨 丿 丶 丿 ㇏ 丶 ㇇ ㇀ ㇃ 丶 丶","丿 一 丿 丶 丨 ㇇ ㇃ 丿 丶 ㇀ ㇏ 丶 丶"
"cnwstqi5500","junior","N","B","筠","筠","筠","丿 一 ㇀ 丶 一 丿 丶 一 𠃌 ㇀ 丶 丨 丿","丿 一 丶 丿 一 丶 一 丨 ㇀ 丿 𠃌 丶 ㇀"
"cnwstqi5501","junior","N","A","筢","筢","筢","丿 一 丶 丿 一 丶 一 亅 ㇀ 𠃍 丨 一 乚","丿 一 一 乚 丿 𠃍 一 丨 丶 一 丶 ㇀ 亅"
"cnwstqi5502","junior","N","A","筮","筮","筮","丿 一 丶 丿 一 丶 一 丨 丿 丶 丿 丶 一","丿 一 丿 丶 丶 丿 丶 一 丶 丨 一 丿 一"
"cnwstqi5503","junior","N","B","筲","筲","筲","丿 一 丶 丿 丶 一 𠃌 丿 一 丶 丨 丨 一","丿 一 丶 丿 一 丶 丨 丶 丿 丨 𠃌 一 一"
"cnwstqi5504","junior","N","A","筱","筱","筱","丿 一 丶 丿 一 丶 丿 丨 丨 丿 一 丿 ㇏","丿 一 丶 丿 一 ㇏ 丿 丿 丨 一 丿 丨 丶"
"cnwstqi5505","junior","N","B","牒","牒","牒","丿 丨 丨 丨 一 一 ㇄ ㇏ 丨 𠃍 一 一 丿","丿 丨 一 𠃍 一 丨 丨 一 ㇄ 一 丨 丿 ㇏"
"cnwstqi5506","junior","N","A","煲","煲","煲","丿 丨 丨 𠃍 一 一 丨 丿 丶 ㇀ 丿 丿 ㇏","丿 丨 一 丶 一 ㇀ 丨 丿 𠃍 丨 丿 ㇏ 丿"
"cnwstqi5507","junior","N","B","敫","敫","敫","丿 丨 一 丶 丿 一 ㇏ 𠃍 一 丿 丿 一 𠃌","丿 丨 𠃍 一 一 丶 一 𠃌 丿 丿 一 丿 ㇏"
"cnwstqi5508","junior","N","B","徭","徭","徭","丿 丿 丶 ㇄ 丿 丨 一 丿 丨 丨 丶 一 丿","丿 丿 丨 丿 丶 丶 丿 丿 一 一 丨 ㇄ 丨"
"cnwstqi5509","junior","N","B","愆","愆","愆","丿 丿 丶 ㇀ 丶 丨 一 ㇀ ㇃ 丶 一 丶 亅","丿 丿 丨 丶 丶 ㇀ 一 一 亅 ㇀ ㇃ 丶 丶"
"cnwstqi5510","junior","N","B","艄","艄","艄","丿 丿 𠃌 丶 一 丶 丨 𠃌 一 丨 丿 丶 一","丿 丿 𠃌 丶 一 丶 丨 丶 丿 丨 𠃌 一 一"
"cnwstqi5511","junior","N","A","觎","觎","觎","丿 丶 一 丨 𠃌 一 一 丨 亅 丨 𠃍 丿 乚","丿 丶 丨 𠃌 一 亅 丿 一 𠃍 乚 一 丨 丨"
"cnwstqi5512","junior","N","B","毹","毹","毹","丿 丶 一 丿 一 𠃌 乚 亅 一 丨 丨 一 一","丿 丶 一 丨 𠃌 一 一 丨 亅 丿 一 一 乚"
"cnwstqi5513","junior","N","B","貊","貊","貊","丿 丶 丿 一 丶 一 ㇁ 丿 丿 丨 一 𠃍 丿","丿 丶 丶 丿 ㇁ 丿 丿 一 丿 丨 𠃍 一 一"
"cnwstqi5514","junior","N","B","貅","貅","貅","丿 丶 ㇁ 丿 丿 丿 一 丨 丿 丶 丿 ㇏ 丨","丿 丶 丶 丿 ㇁ 丿 丿 丿 丨 一 丨 丿 ㇏"
"cnwstqi5515","junior","N","B","貉","貉","貉","丿 丶 丿 丿 丶 ㇏ 一 丿 ㇁ 丨 ㇇ 丿 𠃍","丿 丶 丶 丿 ㇁ 丿 丿 丿 ㇇ ㇏ 丨 𠃍 一"
"cnwstqi5516","junior","N","B","颔","颔","颔","丿 丶 一 𠃍 丨 𠃍 丿 丨 一 丶 丶 丿 ㇇","丿 丶 丶 ㇇ 丨 𠃍 一 一 丿 丨 𠃍 丿 丶"
"cnwstqi5517","junior","N","B","腠","腠","腠","丿 𠃌 一 一 丿 一 一 ㇏ 丶 一 一 一 丿","丿 𠃌 一 一 一 一 一 丿 ㇏ 一 一 丿 丶"
"cnwstqi5518","junior","N","A","腩","腩","腩","丿 𠃌 一 一 一 丨 丨 𠃌 丶 丿 一 一 丨","丿 𠃌 一 一 一 丶 一 丨 一 丨 丿 丨 𠃌"
"cnwstqi5519","junior","N","A","腼","腼","腼","丿 𠃌 一 一 一 丿 丨 𠃍 丨 丨 一 一 一","丿 𠃌 一 丨 一 一 𠃍 丿 一 丨 一 丨 一"
"cnwstqi5520","junior","N","A","腭","腭","腭","丿 𠃌 一 一 丨 𠃍 一 丨 𠃍 一 一 一 ㇉","丿 𠃌 一 丨 一 𠃍 一 ㇉ 一 𠃍 丨 一 一"
"cnwstqi5521","junior","N","A","腧","腧","腧","丿 𠃌 一 一 丿 ㇏ 一 丨 𠃌 一 一 丨 亅","丿 𠃌 丨 一 一 一 一 丨 ㇏ 一 丿 亅 𠃌"
"cnwstqi5522","junior","N","B","塍","塍","塍","丿 𠃌 丨 一 丿 一 丶 一 丿 一 一 一 ㇏","丿 𠃌 一 一 丶 丿 一 一 丿 ㇏ 一 丨 一"
"cnwstqi5523","junior","N","B","媵","媵","媵","丿 𠃌 一 丿 一 ㇏ 丿 𡿨 一 丶 一 丿 一","丿 𠃌 一 一 丶 丿 一 一 丿 ㇏ 𡿨 丿 一"
"cnwstqi5524","junior","N","A","詹","詹","詹","丿 ㇇ 一 丿 丿 丶 丶 一 一 一 丨 𠃍 一","丿 ㇇ 丨 丶 丿 𠃍 一 一 丿 一 一 丶 一"
"cnwstqi5525","junior","N","B","鲅","鲅","鲅","丿 ㇇ 丨 丿 一 一 丶 丨 𠃍 ㇏ ㇇ 一 ㇀","丿 ㇇ 丨 𠃍 一 丨 一 ㇀ 一 丿 ㇇ ㇏ 丶"
"cnwstqi5526","junior","N","A","鲆","鲆","鲆","丿 ㇇ 丨 𠃍 一 丨 一 ㇀ 一 丶 丿 一 丨","丿 ㇇ ㇀ 丨 一 一 丨 一 𠃍 丶 丨 一 丿"
"cnwstqi5527","junior","N","A","鲇","鲇","鲇","丿 ㇇ 丨 𠃍 一 丨 一 ㇀ 丨 一 丨 𠃍 一","丿 ㇇ 𠃍 丨 丨 ㇀ 一 丨 一 丨 一 一 𠃍"
"cnwstqi5528","junior","N","A","鲈","鲈","鲈","丿 ㇇ 丨 𠃍 一 丨 一 ㇀ 丨 一 𠃍 一 丿","丿 ㇇ 一 丿 一 ㇀ 一 丨 𠃍 一 丨 丨 𠃍"
"cnwstqi5529","junior","N","A","稣","稣","稣","丿 ㇇ 丨 𠃍 一 丨 一 ㇀ 丿 一 丨 丿 ㇏","丿 ㇇ ㇏ 一 ㇀ 丨 丿 一 丿 𠃍 丨 一 丨"
"cnwstqi5530","junior","N","B","鲋","鲋","鲋","丿 ㇇ 丨 ㇀ 亅 丨 一 一 𠃍 丶 丨 丿 一","丿 ㇇ 丨 𠃍 一 丨 一 ㇀ 丿 丨 一 亅 丶"
"cnwstqi5531","junior","N","A","鲐","鲐","鲐","丿 ㇇ 丨 𠃍 一 丨 一 ㇀ 𠃋 丶 丨 𠃍 一","丿 ㇇ 丨 𠃋 𠃍 一 丨 一 𠃍 ㇀ 丶 丨 一"
"cnwstqi5532","junior","N","A","肄","肄","肄","丿 乚 丿 一 一 丿 丶 𠃍 一 一 一 一 丨","丿 乚 一 𠃍 丿 丿 一 一 丶 一 一 丨 一"
"cnwstqi5533","junior","N","B","鹐","鹐","鹐","丿 ㇇ 𠃌 丿 一 丨 𠃍 ㇉ 一 丿 一 一 丶","丿 ㇇ 丿 丨 一 𠃍 一 一 丿 𠃌 丶 ㇉ 一"
"cnwstqi5534","junior","N","B","飕","飕","飕","丿 ⺄ 丿 ㇇ 丶 𠃍 丨 丿 丨 一 一 丶 一","丿 ⺄ 丿 丶 丿 丨 一 𠃍 一 一 丨 ㇇ 丶"
"cnwstqi5535","junior","N","A","觥","觥","觥","丿 ㇇ 丿 𠃌 一 一 丨 丨 丶 丿 一 丿 乚","丿 ㇇ 丨 丿 一 𠃌 一 丶 一 丨 乚 丿 丿"
"cnwstqi5536","junior","N","B","遛","遛","遛","丿 𠄌 一 丶 丨 ㇏ 丿 丨 ㇋ 丶 一 𠃌 𠃍","丿 𠄌 丶 𠃌 丿 丨 𠃍 一 丨 一 丶 ㇋ ㇏"
"cnwstqi5537","junior","N","B","馐","馐","馐","丿 乛 丶 一 一 𠄌 一 一 丿 𠃍 丿 丨 一","丿 乛 𠄌 丶 丿 一 一 一 丿 𠃍 丨 一 一"
"cnwstqi5538","junior","N","A","鹑","鹑","鹑","丶 一 丨 𠃍 一 ㇇ 亅 ㇀ 丿 𠃌 丶 ㇉ 一","丶 一 ㇉ 丨 丿 𠃍 一 𠃌 ㇀ 丶 一 ㇇ 亅"
"cnwstqi5539","junior","N","B","亶","亶","亶","丶 一 一 一 丨 𠃍 一 𠃍 丨 一 一 丨 𠃍","丶 一 丨 𠃍 丨 𠃍 一 一 丨 𠃍 一 一 一"
"cnwstqi5540","junior","N","A","瘃","瘃","瘃","丶 一 丿 丶 ㇀ 一 丿 ㇁ 丿 丿 丶 丿 ㇏","丶 一 丿 丶 一 丿 丶 ㇀ ㇁ 丿 丿 丿 ㇏"
"cnwstqi5541","junior","N","B","痱","痱","痱","丶 一 丨 一 丨 丿 一 一 ㇀ 一 一 丶 一","丶 一 丿 丶 ㇀ 丨 一 一 一 丨 一 一 一"
"cnwstqi5542","junior","N","A","痼","痼","痼","丶 一 丿 丶 ㇀ 丨 𠃍 一 丨 丨 𠃍 一 一","丶 一 ㇀ 丨 𠃍 丨 丿 一 丨 𠃍 丶 一 一"
"cnwstqi5543","junior","N","A","痿","痿","痿","丶 一 丿 丶 ㇀ 丿 一 丨 丿 ㇏ 𡿨 丿 一","丶 一 一 一 𡿨 丿 丿 丿 丨 ㇀ 丶 ㇏ 丿"
"cnwstqi5544","junior","N","B","瘐","瘐","瘐","丶 一 丿 一 丿 ㇀ 丿 丨 ㇏ 一 一 𠃍 丶","丶 一 丿 丶 ㇀ 丿 丨 一 𠃍 一 一 丿 ㇏"
"cnwstqi5545","junior","N","B","瘁","瘁","瘁","丶 一 一 ㇀ 丿 丿 一 丨 丿 丶 丶 丶 丶","丶 一 丿 丶 ㇀ 丶 一 丿 丶 丿 丶 一 丨"
"cnwstqi5546","junior","N","B","瘆","瘆","瘆","丶 一 丿 丶 ㇀ 一 丿 丿 ㇏ 丿 丿 𠃋 丶","丶 一 丿 丶 ㇀ 𠃋 丶 一 丿 ㇏ 丿 丿 丿"
"cnwstqi5547","junior","N","B","麂","麂","麂","丶 一 乚 𠃍 丨 丿 一 丨 一 𠄌 丿 丿 ⺄","丶 一 丿 𠃍 丨 丨 一 一 𠄌 丿 乚 丿 ⺄"
"cnwstqi5548","junior","N","B","裔","裔","裔","丶 一 𠃍 ㇏ 丿 丨 丶 𠃌 𠄌 丿 丨 一 丿","丶 一 丿 𠄌 丿 ㇏ 丨 𠃌 丿 丶 丨 𠃍 一"
"cnwstqi5549","junior","N","A","歆","歆","歆","丶 一 丶 丿 一 丨 𠃍 一 一 丿 乛 丿 ㇏","丶 一 一 一 ㇏ 丿 一 乛 𠃍 丨 丿 丶 丿"
"cnwstqi5550","junior","N","A","旒","旒","旒","丶 一 𠃌 丿 丿 一 丶 一 𠃋 丶 丿 丨 乚","丶 一 丿 丶 一 丿 丶 𠃋 丨 丿 𠃌 一 乚"
"cnwstqi5551","junior","N","B","雍","雍","雍","丶 一 丨 丶 𠃋 一 丨 𠃋 一 丿 一 一 丿","丶 一 𠃋 𠃋 丿 丿 丨 丶 一 一 一 丨 一"
"cnwstqi5552","junior","N","A","阖","阖","阖","丶 丨 𠃌 一 丨 一 𠃋 丶 丨 𠃍 丨 丨 一","丶 丨 丨 丨 丨 丶 𠃋 𠃍 丨 一 𠃌 一 一"
"cnwstqi5553","junior","N","B","阗","阗","阗","丶 丨 丿 丶 丨 𠃌 丨 一 一 𠃍 一 一 一","丶 丨 𠃌 一 丨 丨 𠃍 一 一 一 一 丿 丶"
"cnwstqi5554","junior","N","B","阙","阙","阙","丶 丨 一 丶 丿 乛 𠃌 丿 丶 ㇄ 丿 丨 丿","丶 丨 𠃌 丶 丿 一 ㇄ 丨 丿 丿 乛 丿 丶"
"cnwstqi5555","junior","N","B","羧","羧","羧","丶 丿 一 丿 丶 𠃋 丿 一 一 ㇇ 丿 丶 ㇏","丶 丿 一 一 一 丿 𠃋 丶 丿 丶 丿 ㇇ ㇏"
"cnwstqi5556","junior","N","B","豢","豢","豢","丶 丿 丿 ㇁ 丿 丿 ㇏ 一 丶 一 一 丿 丿","丶 丿 一 一 丿 ㇏ 一 丿 ㇁ 丿 丿 丿 丶"
"cnwstqi5557","junior","N","A","粳","粳","粳","丶 丿 一 丨 丿 丶 一 丨 𠃍 一 一 丿 ㇏","丶 丿 一 丨 丨 丿 丶 ㇏ 丿 𠃍 一 一 一"
"cnwstqi5558","junior","N","A","猷","猷","猷","丶 丿 一 丨 𠃍 丿 ㇄ 一 一 一 丿 ㇏ 丶","丶 丿 一 ㇄ 𠃍 ㇏ 一 丿 丶 一 丿 一 丨"
"cnwstqi5559","junior","N","A","煳","煳","煳","㇀ 丿 丿 丶 一 丨 丨 𠃍 一 丿 𠃌 一 一","㇀ 丿 一 丨 一 𠃍 一 一 丿 丿 丶 丨 𠃌"
"cnwstqi5560","junior","N","B","煜","煜","煜","㇀ 丿 丿 丶 𠃍 一 一 一 丶 丨 一 丿 丶","㇀ 丿 丿 丶 丨 𠃍 一 一 丶 一 丶 丿 一"
"cnwstqi5561","junior","N","B","煨","煨","煨","㇀ 丿 丨 丿 一 𠃍 一 一 丶 丨 丿 ㇏ 𠄌","㇀ 丿 丿 丶 丨 𠃍 一 丨 一 一 𠄌 丿 ㇏"
"cnwstqi5562","junior","N","B","煅","煅","煅","㇀ 丿 ㇏ 丿 ㇍ ㇀ 丿 一 丶 一 ㇇ 丨 丿","㇀ 丿 丿 丶 丿 丨 一 一 ㇀ 丿 ㇍ ㇇ ㇏"
"cnwstqi5563","junior","N","A","煊","煊","煊","㇀ 丿 丿 丶 丶 ㇀ 乛 一 丨 𠃍 一 一 一","㇀ 丿 乛 一 一 𠃍 丨 ㇀ 丶 一 丶 一 丿"
"cnwstqi5564","junior","N","B","煸","煸","煸","㇀ 丿 一 丿 𠃌 丨 丿 丶 𠃍 丶 丨 丨 一","㇀ 丿 丿 丶 丶 𠃍 一 丿 丨 𠃌 一 丨 丨"
"cnwstqi5565","junior","N","A","煺","煺","煺","㇀ 丿 丿 丶 𠃍 一 一 𠄌 丿 丶 丶 ㇋ ㇏","㇀ 丿 𠃍 丶 丶 ㇋ 𠄌 ㇏ 一 一 丿 丶 丿"
"cnwstqi5566","junior","N","B","滟","滟","滟","丶 丶 丿 𠃍 ㇀ 一 一 ㇇ 丨 一 一 乚 丨","丶 丶 ㇀ 一 一 一 丨 丿 ㇇ 𠃍 丨 一 乚"
"cnwstqi5567","junior","N","B","溱","溱","溱","丶 丶 ㇀ 一 丿 一 丨 一 一 丶 丿 ㇏ 丿","丶 丶 ㇀ 一 一 一 丿 ㇏ 丿 一 丨 丿 丶"
"cnwstqi5568","junior","N","B","溘","溘","溘","丶 丶 一 丨 一 丨 𠃍 丨 丶 𠃋 一 ㇀ 丨","丶 丶 ㇀ 一 丨 一 𠃋 丶 丨 𠃍 丨 丨 一"
"cnwstqi5569","junior","N","A","漭","漭","漭","丶 丶 ㇀ 一 丨 丨 一 丿 ㇏ 丶 一 丿 丨","丶 丶 ㇏ 一 丿 ㇀ 丿 丨 丨 丨 一 一 丶"
"cnwstqi5570","junior","N","A","滢","滢","滢","丶 丶 ㇀ 一 丨 丨 ㇀ 乛 一 一 丨 一 丶","丶 丶 丨 丨 一 乛 ㇀ 丶 一 一 丨 一 ㇀"
"cnwstqi5571","junior","N","A","溥","溥","溥","丶 丶 ㇀ 一 丨 𠃍 一 一 丨 丶 一 亅 丶","丶 丶 一 丨 𠃍 ㇀ 丶 亅 丶 一 丨 一 一"
"cnwstqi5572","junior","N","A","溧","溧","溧","丶 丶 ㇀ 一 丨 𠃍 丨 丨 一 一 丨 丿 ㇏","丶 丶 丨 丿 ㇏ 一 ㇀ 一 丨 𠃍 丨 丨 一"
"cnwstqi5573","junior","N","B","溽","溽","溽","丶 丶 𠄌 ㇀ 一 一 亅 丶 丿 一 丿 一 ㇏","丶 丶 ㇀ 一 丿 一 一 𠄌 丿 ㇏ 一 亅 丶"
"cnwstqi5574","junior","N","A","裟","裟","裟","丶 丶 ㇀ 丨 丿 丶 丿 丶 一 丿 𠄌 丿 ㇏","丶 丶 ㇀ 丿 一 ㇏ 丿 丿 丶 丿 丶 丨 𠄌"
"cnwstqi5575","junior","N","B","溻","溻","溻","丶 丶 丶 𠃍 一 一 𠃌 ㇀ 丶 ㇀ ㇀ 丨 𠃌","丶 丶 ㇀ 丨 𠃍 一 一 𠃌 丶 ㇀ 𠃌 丶 ㇀"
"cnwstqi5576","junior","N","B","溷","溷","溷","丶 丶 丶 丿 丨 一 𠃍 ㇁ ㇀ 一 丿 丿 丿","丶 丶 ㇀ 丨 𠃍 一 丿 ㇁ 丿 丿 丿 丶 一"
"cnwstqi5577","junior","N","A","滗","滗","滗","丶 丶 ㇀ 丿 一 丶 丿 一 丶 丿 一 一 乚","丶 丶 一 ㇀ 丿 丶 一 丶 乚 一 一 丿 丿"
"cnwstqi5578","junior","N","B","滫","滫","滫","丶 丶 一 丿 𠃌 ㇀ ㇇ 丨 丨 丿 丿 ㇏ 一","丶 丶 ㇀ 丿 丨 丨 丿 ㇇ ㇏ 丿 𠃌 一 一"
"cnwstqi5579","junior","N","B","溴","溴","溴","丶 丶 一 一 丨 丿 ㇏ 𠃍 一 丶 一 ㇀ 丿","丶 丶 ㇀ 丿 丨 𠃍 一 一 一 一 丿 ㇏ 丶"
"cnwstqi5580","junior","N","B","滏","滏","滏","丶 丶 一 丿 一 丿 丨 丿 ㇀ ㇏ 一 丶 丶","丶 丶 ㇀ 丿 丶 丿 ㇏ 一 一 丨 丶 丿 一"
"cnwstqi5581","junior","N","B","滃","滃","滃","丶 丶 丶 ㇏ ㇀ ㇀ 丶 𠃋 𠃌 丶 𠃌 丿 ㇀","丶 丶 ㇀ 丿 ㇏ 𠃋 丶 𠃌 丶 ㇀ 𠃌 丶 ㇀"
"cnwstqi5582","junior","N","A","滦","滦","滦","丶 丶 ㇀ 丶 一 丨 丨 丿 丶 一 丨 丿 ㇏","丶 丶 一 丶 丶 丨 丨 ㇀ 丿 一 丿 ㇏ 丨"
"cnwstqi5583","junior","N","A","溏","溏","溏","丶 丶 ㇀ 丶 一 丿 𠃍 一 一 丨 丨 𠃍 一","丶 丶 丿 𠃍 ㇀ 丨 一 𠃍 一 丶 一 一 丨"
"cnwstqi5584","junior","N","B","滂","滂","滂","丶 丶 丿 丶 丶 一 𠃌 一 丶 ㇀ 丿 ㇀ 乛","丶 丶 ㇀ 丶 一 丶 丿 ㇀ 乛 丶 一 𠃌 丿"
"cnwstqi5585","junior","N","A","滓","滓","滓","丶 丶 ㇀ 丶 ㇀ 乛 丶 一 丶 丿 一 一 丨","丶 丶 一 丨 丿 一 乛 丶 丶 一 丶 ㇀ ㇀"
"cnwstqi5586","junior","N","B","溟","溟","溟","丶 丶 乛 ㇀ 一 ㇀ 丨 一 丶 一 𠃍 丶 丿","丶 丶 ㇀ ㇀ 乛 丨 𠃍 一 一 丶 一 丿 丶"
"cnwstqi5587","junior","N","A","滪","滪","滪","丶 丶 ㇀ ㇇ 丶 乛 亅 一 丿 丨 𠃍 丿 丶","丶 丶 ㇀ 一 丨 乛 丿 丿 ㇇ 亅 丶 𠃍 丶"
"cnwstqi5588","junior","N","B","愫","愫","愫","㇀ 丶 一 丶 𠃋 丨 丶 亅 丨 丿 一 一 𠃋","㇀ 丶 丨 一 一 丨 一 𠃋 𠃋 丶 亅 丿 丶"
"cnwstqi5589","junior","N","B","慑","慑","慑","㇀ 丶 丶 丨 一 ㇏ 丨 丨 一 ㇇ 一 ㇇ 一","㇀ 丶 丨 一 丨 丨 一 一 一 ㇇ 丶 ㇇ ㇏"
"cnwstqi5590","junior","N","A","慊","慊","慊","㇀ 丶 丨 丶 丿 一 𠃍 一 一 丨 丨 丿 ㇏","㇀ 丶 ㇏ 丿 一 一 𠃍 一 丨 丨 丶 丿 丨"
"cnwstqi5591","junior","N","B","鲎","鲎","鲎","丶 丶 ㇀ 丨 一 ㇇ 丿 𠃍 一 丿 一 丨 乛","丶 丶 丿 ㇀ 乛 丿 ㇇ 丨 𠃍 一 丨 一 一"
"cnwstqi5592","junior","N","A","骞","骞","骞","丶 ㇀ 乛 一 一 丨 丨 一 丿 ㇏ 𠃍 ㇉ 一","丶 ㇀ 丨 丨 一 一 一 ㇏ ㇉ 丿 乛 𠃍 一"
"cnwstqi5593","junior","N","A","窦","窦","窦","丶 ㇀ 乛 丿 丶 一 丨 乛 丶 丶 一 丿 丶","丶 ㇀ 丶 乛 丶 丶 丶 丿 丨 丿 乛 一 一"
"cnwstqi5594","junior","N","A","窠","窠","窠","丶 ㇀ 乛 丿 丶 丨 𠃍 一 一 一 丨 丿 ㇏","丶 ㇀ 丶 ㇏ 丿 乛 丨 丨 一 一 一 𠃍 丿"
"cnwstqi5595","junior","N","B","窣","窣","窣","丶 ㇀ 丶 丿 乛 丨 丶 丿 丶 丿 一 丶 一","丶 ㇀ 乛 丿 丶 丶 一 丿 丶 丿 丶 一 丨"
"cnwstqi5596","junior","N","B","裱","裱","裱","丶 ㇇ 一 丶 丿 丿 丨 一 ㇏ 丿 丨 𠄌 一","丶 ㇇ 丨 丿 丶 一 一 丨 一 丿 𠄌 丿 ㇏"
"cnwstqi5597","junior","N","B","褚","褚","褚","丶 ㇇ 丶 丨 𠃍 丨 一 一 一 丿 丿 一 丨","丶 ㇇ 丨 丿 丶 一 丨 一 丿 丨 𠃍 一 一"
"cnwstqi5598","junior","N","A","裨","裨","裨","丶 ㇇ 丨 丿 丶 丿 丨 𠃍 一 一 丿 一 丨","丶 ㇇ 丿 丨 𠃍 一 丿 丿 一 丨 丨 一 丶"
"cnwstqi5599","junior","N","B","裾","裾","裾","丶 ㇇ 丨 一 丿 一 丨 𠃍 一 丨 𠃍 丶 丿","丶 ㇇ 丨 丿 丶 𠃍 一 丿 一 丨 丨 𠃍 一"
"cnwstqi5600","junior","N","B","裰","裰","裰","丶 ㇇ ㇏ ㇇ 丶 ㇇ 丶 ㇇ 丿 丨 丶 ㇇ 丶","丶 ㇇ 丨 丿 丶 ㇇ 丶 ㇇ 丶 ㇇ 丶 ㇇ ㇏"
"cnwstqi5601","junior","N","A","禊","禊","禊","丶 ㇇ 丨 丶 一 一 一 丨 𠃌 丿 一 丿 ㇏","丶 ㇇ 丨 一 𠃌 丿 ㇏ 丶 一 一 丿 一 丨"
"cnwstqi5602","junior","N","A","谩","谩","谩","丶 ㇊ 丨 𠃍 一 一 丨 𠃍 丨 丨 一 ㇇ ㇏","丶 ㇊ 丨 一 丨 ㇏ 一 一 𠃍 丨 ㇇ 丨 𠃍"
"cnwstqi5603","junior","N","A","谪","谪","谪","丶 ㇊ 丶 一 丶 丿 丨 𠃌 一 丨 丨 𠃍 一","丶 ㇊ 丶 一 丿 丶 丨 𠃍 丨 丨 一 一 𠃌"
"cnwstqi5604","junior","N","B","媾","媾","媾","𡿨 丿 丨 一 𠃌 丨 一 一 丨 一 丨 一 一","𡿨 丿 一 一 一 丨 丨 一 丨 𠃌 一 丨 一"
"cnwstqi5605","junior","N","A","嫫","嫫","嫫","𡿨 丿 一 一 丨 丨 丨 𠃍 一 一 一 丿 ㇏","𡿨 丿 一 一 一 ㇏ 丨 丨 一 丿 丨 一 𠃍"
"cnwstqi5606","junior","N","B","媲","媲","媲","𡿨 丿 𠃍 一 乚 丿 丿 丿 一 一 𠄌 丶 丨","𡿨 丿 一 丿 丨 𠃍 丿 丶 一 一 𠄌 丿 乚"
"cnwstqi5607","junior","N","B","嫒","嫒","嫒","𡿨 丿 丿 丿 ㇀ ㇏ 乛 ㇇ 一 丶 丿 丶 一","𡿨 丿 一 丿 丶 丶 丿 ㇀ 乛 一 丿 ㇇ ㇏"
"cnwstqi5608","junior","N","B","嫔","嫔","嫔","𡿨 丿 一 丿 丨 丨 丶 乛 丶 丿 ㇀ 一 一","𡿨 丿 一 丶 ㇀ 乛 丿 丨 一 丨 一 丿 丶"
"cnwstqi5609","junior","N","B","媸","媸","媸","𡿨 丿 丨 ㇄ 𠃍 一 丨 丶 一 一 丨 一 丨","𡿨 丿 一 ㇄ 丨 丨 一 丨 𠃍 一 丨 一 丶"
"cnwstqi5610","junior","N","B","缙","缙","缙","𠃋 𠃋 一 ㇀ 一 丨 丶 丨 一 𠃍 丿 一 丨","𠃋 𠃋 ㇀ 一 丨 丨 丶 丿 一 丨 𠃍 一 一"
"cnwstqi5611","junior","N","A","缜","缜","缜","𠃋 𠃋 ㇀ 一 丨 丨 𠃍 一 一 一 一 丿 丶","𠃋 𠃋 丶 一 一 一 丨 丨 一 ㇀ 一 𠃍 丿"
"cnwstqi5612","junior","N","B","缛","缛","缛","𠃋 𠃋 丿 丶 丿 一 一 ㇏ ㇀ 𠄌 亅 一 一","𠃋 𠃋 ㇀ 一 丿 一 一 𠄌 丿 ㇏ 一 亅 丶"
"cnwstqi5613","junior","N","A","辔","辔","辔","𠃋 𠃋 ㇀ 一 𠃋 一 丨 𠃋 𠃋 ㇀ 丨 𠃍 一","𠃋 𠃋 一 一 ㇀ 丨 ㇀ 丨 𠃋 𠃋 一 𠃋 𠃍"
"cnwstqi5614","junior","N","A","骝","骝","骝","𠃍 ㇉ ㇀ 丿 𠄌 丶 𠃌 丿 丨 𠃍 一 丨 一","𠃍 ㇉ 𠃌 丨 丿 丶 一 丿 ㇀ 一 丨 𠃍 𠄌"
"cnwstqi5615","junior","N","B","缟","缟","缟","𠃋 𠃋 ㇀ 𠃍 丨 𠃌 一 丨 𠃍 丶 丨 一 一","𠃋 𠃋 ㇀ 丶 一 丨 𠃍 一 丨 𠃌 丨 𠃍 一"
"cnwstqi5616","junior","N","A","缡","缡","缡","𠃋 𠃋 ㇀ 丶 一 丿 丶 ㇄ 丨 丨 𠃌 𠃋 丶","𠃋 𠃋 丨 𠃌 一 丶 丶 丶 丿 ㇄ 𠃋 丨 ㇀"
"cnwstqi5617","junior","N","B","缢","缢","缢","𠃋 𠃋 丶 ㇀ 丨 𠃍 丿 丨 丶 一 一 丨 丿","𠃋 𠃋 ㇀ 丶 丿 一 丿 丶 丨 𠃍 丨 丨 一"
"cnwstqi5618","junior","N","A","缣","缣","缣","𠃋 𠃋 ㇀ 丶 丿 一 𠃍 一 一 丨 丨 丿 ㇏","𠃋 𠃋 ㇀ 丶 𠃍 丨 丿 ㇏ 一 一 丨 丿 一"
"cnwstqi5619","junior","N","A","骟","骟","骟","𠃍 ㇉ ㇀ 丶 𠃍 一 丿 𠃌 丶 ㇀ 𠃌 丶 ㇀","𠃍 ㇉ 丿 丶 ㇀ 丶 一 𠃌 ㇀ 丶 𠃍 ㇀ 𠃌"
"cnwstqi5620","junior","N","B","耥","耥","耥","一 一 丨 丨 丨 𠃍 丶 丿 丿 丨 丶 𠃌 一 一","一 一 一 丨 丿 丶 丨 丶 丿 丨 𠃌 丨 𠃍 一"
"cnwstqi5621","junior","N","A","璈","璈","璈","一 一 丨 ㇀ 一 一 丨 一 𠃌 丿 丿 一 丿 ㇏","一 一 一 丿 一 丿 丨 丨 丿 ㇏ 一 𠃌 一 ㇀"
"cnwstqi5622","junior","N","A","瑶","瑶","瑶","一 一 丨 ㇀ 丿 丶 丶 丿 丿 一 一 丨 ㇄ 丨","一 一 丿 丿 一 丨 丨 ㇀ ㇄ 丿 丨 丶 一 丶"
"cnwstqi5623","junior","N","A","瑭","瑭","瑭","一 一 丨 ㇀ 丶 一 丿 𠃍 一 一 丨 丨 𠃍 一","一 一 丨 一 𠃍 丶 ㇀ 丨 一 一 一 丨 丿 𠃍"
"cnwstqi5624","junior","N","B","獒","獒","獒","一 一 丶 丿 丿 一 ㇏ 丿 一 𠃌 丨 丿 一 丶","一 一 丨 一 𠃌 丿 丿 一 丿 丶 一 丿 ㇏ 丶"
"cnwstqi5625","junior","N","A","觏","觏","觏","一 一 丨 丨 一 丨 𠃌 丨 一 一 丨 𠃍 丿 乚","一 一 丨 𠃌 𠃍 一 丨 丨 丨 一 一 乚 丿 丨"
"cnwstqi5626","junior","N","B","慝","慝","慝","一 一 ㇀ 丿 一 丨 丨 ㇃ 一 丶 丨 ㇄ 𠃍 丶","一 一 丨 丨 一 丿 丨 𠃍 一 ㇄ ㇀ ㇃ 丶 丶"
"cnwstqi5627","junior","N","A","嫠","嫠","嫠","一 一 丨 丿 丶 丿 一 丿 ㇏ 一 丿 𡿨 丿 一","一 一 丿 丿 一 𡿨 丨 丿 丿 一 ㇏ 一 丿 丶"
"cnwstqi5628","junior","N","B","韬","韬","韬","一 一 𠃌 丶 𠃍 丨 丶 丿 丿 丿 一 一 一 丨","一 一 𠃌 丨 丿 丶 丶 丿 丿 丨 一 𠃍 一 一"
"cnwstqi5629","junior","N","A","叆","叆","叆","一 一 𠃋 丶 丿 丶 丶 丿 ㇀ 乛 一 丿 ㇇ ㇏","一 一 ㇇ ㇏ 丶 一 丶 丿 丿 丶 ㇀ 丿 乛 𠃋"
"cnwstqi5630","junior","N","A","髦","髦","髦","一 丨 一 一 一 𠃋 丶 丿 丿 丿 丿 一 一 乚","一 丨 丿 丿 𠃋 一 一 乚 一 丿 丶 一 丿 一"
"cnwstqi5631","junior","N","B","摽","摽","摽","一 亅 丨 丨 𠃍 ㇀ 一 一 一 亅 丶 丿 丨 一","一 亅 ㇀ 一 丨 𠃍 丨 丨 一 一 一 亅 丿 丶"
"cnwstqi5632","junior","N","A","墁","墁","墁","一 丨 ㇀ 丨 𠃍 一 一 丨 𠃍 丨 丨 一 ㇇ ㇏","一 丨 𠃍 丨 ㇀ 一 ㇇ 一 丨 丨 丨 𠃍 ㇏ 一"
"cnwstqi5633","junior","N","A","撂","撂","撂","一 亅 ㇀ 丨 𠃍 一 丨 一 丿 ㇇ ㇏ 丨 𠃍 一","一 亅 𠃍 丿 ㇀ 丨 𠃍 一 丨 ㇏ ㇇ 一 一 丨"
"cnwstqi5634","junior","N","A","摞","摞","摞","一 亅 ㇀ 丨 𠃍 一 丨 一 𠃋 𠃋 丶 亅 丿 丶","一 亅 丶 丿 ㇀ 丨 一 𠃍 亅 一 丨 𠃋 𠃋 丶"
"cnwstqi5635","junior","N","A","撄","撄","撄","一 亅 ㇀ 丨 𠃍 丿 丶 丨 𠃍 丿 丶 𡿨 丿 一","一 亅 ㇀ 丿 𡿨 丿 𠃍 丨 丶 丨 一 𠃍 丿 丶"
"cnwstqi5636","junior","N","B","翥","翥","翥","一 丨 𠃍 一 一 𠃌 丶 丨 ㇀ ㇀ 𠃌 丶 一 丿","一 丨 一 丿 丨 𠃍 一 一 𠃌 丶 ㇀ 𠃌 丶 ㇀"
"cnwstqi5637","junior","N","B","踅","踅","踅","一 亅 丨 一 一 丿 一 丨 ㇀ ㇏ 丿 丨 丿 𠃍","一 亅 ㇀ 丿 丿 一 丨 丨 𠃍 一 丨 一 丿 ㇏"
"cnwstqi5638","junior","N","B","摭","摭","摭","一 亅 一 丨 ㇀ 丶 一 丿 丶 丨 丶 一 ㇀ 丶","一 亅 ㇀ 丶 一 丿 一 丨 丨 一 ㇀ 丶 丶 丶"
"cnwstqi5639","junior","N","B","墉","墉","墉","一 丨 ㇀ 丿 一 一 丶 一 𠃍 一 一 丨 𠃌 丨","一 丨 ㇀ 丶 一 丿 𠃍 一 一 丨 𠃌 一 一 丨"
"cnwstqi5640","junior","N","B","墒","墒","墒","一 丨 丿 𠃍 丿 丶 一 ㇀ 丨 一 丶 𠃌 丨 丶","一 丨 ㇀ 丶 一 丶 丿 丨 𠃌 丿 丶 丨 𠃍 一"
"cnwstqi5641","junior","N","B","榖","榖","榖","一 丨 ㇇ ㇏ ㇏ 丿 丨 丨 丿 一 𠃍 一 一 ㇍","一 丨 一 丨 𠃍 一 一 丨 丿 ㇏ 丿 ㇍ ㇇ ㇏"
"cnwstqi5642","junior","N","B","綦","綦","綦","一 丨 𠃋 ㇏ 丿 丶 亅 丿 一 一 一 丶 丨 𠃋","一 丨 丨 一 一 一 丿 ㇏ 𠃋 𠃋 丶 亅 丿 丶"
"cnwstqi5643","junior","N","B","蔫","蔫","蔫","一 丨 一 丨 一 一 丶 丶 ㇉ 一 ㇀ 丶 丨 丨","一 丨 丨 一 丨 一 丨 一 一 ㇉ ㇀ 丶 丶 丶"
"cnwstqi5644","junior","N","B","蔷","蔷","蔷","一 丨 一 丨 丨 丿 一 一 丨 丨 丶 𠃍 𠃍 一","一 丨 丨 一 丨 丶 丿 一 丨 𠃍 丨 𠃍 一 一"
"cnwstqi5645","junior","N","B","靺","靺","靺","一 丨 丨 一 丨 丨 ㇏ 丿 一 一 丨 𠃍 一 一","一 丨 丨 一 丨 𠃍 一 一 丨 一 一 丨 丿 ㇏"
"cnwstqi5646","junior","N","A","靼","靼","靼","一 丨 丨 一 丨 𠃍 一 一 丨 丨 𠃍 一 一 一","一 丨 丨 一 一 一 一 丨 一 𠃍 丨 丨 𠃍 一"
"cnwstqi5647","junior","N","B","鞅","鞅","鞅","一 丨 一 丨 丿 一 丨 丨 ㇏ 𠃍 一 一 𠃍 丨","一 丨 丨 一 丨 𠃍 一 一 丨 丨 𠃍 一 丿 ㇏"
"cnwstqi5648","junior","N","B","靿","靿","靿","一 丨 丨 𠃍 𠃌 一 一 丨 丨 𠃋 丶 丿 一 𠃋","一 丨 丨 一 丨 𠃍 一 一 丨 𠃋 𠃋 丶 𠃌 丿"
"cnwstqi5649","junior","N","A","甍","甍","甍","一 丨 丨 丨 𠃍 丨 丨 一 ㇀ 乛 一 𠄌 ⺄ 丶","一 丨 𠄌 丶 一 丨 一 乛 丨 丨 𠃍 ⺄ 丨 ㇀"
"cnwstqi5650","junior","N","B","蔸","蔸","蔸","一 丨 一 𠄌 丨 一 一 𠃍 丿 𠃍 乚 丿 丨 丿","一 丨 丨 丿 丨 𠃍 一 一 丿 𠄌 𠃍 一 丿 乚"
"cnwstqi5651","junior","N","A","蔟","蔟","蔟","一 丨 丨 丶 一 𠃌 丿 丿 一 丿 一 一 丿 ㇏","一 丨 丿 一 𠃌 丿 一 一 丶 丿 丿 丨 ㇏ 一"
"cnwstqi5652","junior","N","B","蔺","蔺","蔺","一 丨 丿 丨 丶 一 一 一 丨 丨 丨 一 𠃌 丶","一 丨 丨 丶 丨 𠃌 丿 丨 丶 一 一 一 丨 一"
"cnwstqi5653","junior","N","A","戬","戬","戬","一 丨 丨 丶 丿 一 丨 𠃍 一 一 一 ㇂ 丿 丶","一 丨 丶 一 丨 ㇂ 一 一 𠃍 丶 丿 丨 丿 一"
"cnwstqi5654","junior","N","B","蕖","蕖","蕖","一 丨 一 𠃍 一 ㇄ 丶 丶 一 丿 ㇏ 丨 丨 ㇀","一 丨 丨 丶 丶 ㇀ 一 𠃍 一 ㇄ 一 丨 丿 ㇏"
"cnwstqi5655","junior","N","A","蔻","蔻","蔻","一 丨 丨 丶 ㇀ 乛 一 一 丿 乚 丨 一 ㇇ 丶","一 丨 丶 乚 一 丨 乛 丿 一 一 丨 ㇇ ㇀ 丶"
"cnwstqi5656","junior","N","B","蓿","蓿","蓿","一 丨 乛 丨 ㇀ 一 一 丨 丿 丨 一 丿 𠃍 丶","一 丨 丨 丶 ㇀ 乛 丿 丨 一 丿 丨 𠃍 一 一"
"cnwstqi5657","junior","N","A","斡","斡","斡","一 丨 丨 𠃍 一 一 一 丨 丿 ㇏ 丶 丶 一 丨","一 丨 丶 一 一 𠃍 丨 丨 ㇏ 一 一 丨 丿 丶"
"cnwstqi5658","junior","N","A","鹕","鹕","鹕","一 丨 丨 𠃍 一 丿 𠃌 一 一 丿 𠃌 丶 ㇉ 一","一 丨 一 一 𠃌 一 丿 丨 𠃍 𠃌 一 丶 丿 ㇉"
"cnwstqi5659","junior","N","B","蓼","蓼","蓼","一 丨 𠃍 ㇀ 丿 丿 丿 丶 ㇏ 𠃍 丨 ㇀ 丿 丶","一 丨 丨 𠃍 丶 ㇀ 𠃍 丶 ㇀ 丿 ㇏ 丿 丿 丿"
"cnwstqi5660","junior","N","A","榛","榛","榛","一 丨 丿 丶 一 一 一 丿 ㇏ 丿 一 丨 丿 丶","一 丨 一 ㇏ 丿 丶 丿 丨 丶 丿 一 一 丿 一"
"cnwstqi5661","junior","N","B","榧","榧","榧","一 丨 一 丨 一 丨 一 一 一 丶 一 ㇄ 一 丿","一 丨 丿 丶 一 丨 一 一 一 丨 一 一 一 ㇄"
"cnwstqi5662","junior","N","B","榻","榻","榻","一 丨 𠃍 ㇀ 一 丶 𠃌 丿 一 丨 丶 𠃌 丶 ㇀","一 丨 丿 丶 丨 𠃍 一 一 𠃌 丶 ㇀ 𠃌 丶 ㇀"
"cnwstqi5663","junior","N","A","榫","榫","榫","一 丨 丿 丶 丿 丨 丶 一 一 一 丨 一 一 丨","一 丨 丶 一 丨 一 丨 一 丶 丿 丿 一 丨 一"
"cnwstqi5664","junior","N","A","榭","榭","榭","一 丨 丿 丶 丿 丨 𠃌 一 一 一 丿 一 亅 丶","一 丨 丿 丨 一 丿 𠃌 亅 丶 一 一 一 丿 丶"
"cnwstqi5665","junior","N","B","槔","槔","槔","一 丨 一 一 一 一 ㇏ 丨 丨 丿 丿 丿 𠃍 丶","一 丨 丿 丶 丿 丨 𠃍 一 一 一 丿 ㇏ 一 丨"
"cnwstqi5666","junior","N","A","榱","榱","榱","一 丨 丿 丶 丶 一 丨 𠃍 一 一 丿 𠄌 丿 ㇏","一 丨 丿 𠃍 丿 丨 丶 丿 一 丶 ㇏ 一 𠄌 一"
"cnwstqi5667","junior","N","B","槁","槁","槁","一 丨 丶 𠃍 丨 𠃍 丨 一 丨 丿 𠃌 一 一 丶","一 丨 丿 丶 丶 一 丨 𠃍 一 丨 𠃌 丨 𠃍 一"
"cnwstqi5668","junior","N","B","槟","槟","槟","一 丨 丶 一 丶 丶 丨 丿 丨 丿 丿 乛 ㇀ 一","一 丨 丿 丶 丶 ㇀ 乛 丿 丨 一 丨 一 丿 丶"
"cnwstqi5669","junior","N","A","槠","槠","槠","一 丨 丿 丶 丶 ㇊ 一 丨 一 丿 丨 𠃍 一 一","一 丨 丶 𠃍 丨 一 丨 ㇊ 一 丿 丶 一 一 丿"
"cnwstqi5670","junior","N","B","榷","榷","榷","一 丨 乛 ㇀ 丶 一 丨 一 丨 一 丿 丶 丿 一","一 丨 丿 丶 ㇀ 乛 丿 丨 丶 一 一 一 丨 一"
"cnwstqi5671","junior","N","B","僰","僰","僰","一 丨 丨 丨 丿 丨 丿 ㇏ 丶 𠃍 𠃍 丿 一 丶","一 丨 𠃍 丨 丿 丶 一 丨 𠃍 丨 丿 丶 丿 ㇏"
"cnwstqi5672","junior","N","B","酽","酽","酽","一 丨 丿 丨 一 𠃍 丨 丿 一 丿 一 丶 一 ㇄","一 丨 𠃍 丿 ㇄ 一 一 一 丨 丨 丶 丿 一 丿"
"cnwstqi5673","junior","N","B","酶","酶","酶","一 丨 丿 一 一 ㇄ 𠃍 𠃌 一 ㇄ 丶 丿 丶 一","一 丨 𠃍 丿 ㇄ 一 一 丿 一 ㇄ 𠃌 丶 一 丶"
"cnwstqi5674","junior","N","B","酹","酹","酹","一 丨 一 亅 丶 ㇄ 丿 丿 丿 一 𠃍 一 丶 丶","一 丨 𠃍 丿 ㇄ 一 一 丿 丶 丶 丿 一 亅 丶"
"cnwstqi5675","junior","N","B","厮","厮","厮","一 丿 一 丨 一 一 一 丨 丶 丨 一 丿 丿 丿","一 丿 一 丨 丨 一 一 一 丿 丶 丿 丿 一 丨"
"cnwstqi5676","junior","N","B","碡","碡","碡","一 丿 丶 一 丨 丶 一 一 ㇄ 𠃌 𠃍 丨 一 一","一 丿 丨 𠃍 一 一 一 丨 一 ㇄ 𠃌 丶 一 丶"
"cnwstqi5677","junior","N","B","碴","碴","碴","一 丿 丨 𠃍 丨 丿 一 一 ㇏ 一 一 丨 一 𠃍","一 丿 丨 𠃍 一 一 丨 丿 ㇏ 丨 𠃍 一 一 一"
"cnwstqi5678","junior","N","A","碣","碣","碣","一 丿 丨 𠃍 一 丨 𠃍 一 一 丿 𠃌 丿 丶 ㇄","一 丿 ㇄ 𠃍 丨 一 丨 一 丿 𠃍 丶 丿 𠃌 一"
"cnwstqi5679","junior","N","A","碲","碲","碲","一 丿 丨 𠃍 一 丶 一 丶 丿 ㇀ 乛 丨 𠃌 丨","一 丿 𠃌 丨 丿 丨 丨 ㇀ 𠃍 乛 丶 一 丶 一"
"cnwstqi5680","junior","N","A","磋","磋","磋","一 丿 丨 𠃍 一 丶 丿 一 一 一 丿 一 丨 一","一 丿 一 一 一 丨 一 一 丿 丶 一 丿 丨 𠃍"
"cnwstqi5681","junior","N","A","臧","臧","臧","一 丿 ㇄ 一 丿 一 丨 𠃍 一 丨 ㇄ ㇂ 丿 丶","一 丿 一 丿 ㇂ 丶 𠃍 ㇄ 一 ㇄ 一 丨 丿 丨"
"cnwstqi5682","junior","N","B","豨","豨","豨","一 丿 丶 𠃌 丿 丨 丿 一 丿 ㇁ 丶 丨 丿 丿","一 丿 ㇁ 丿 丿 丿 丶 丿 丶 一 丿 丨 𠃌 丨"
"cnwstqi5683","junior","N","B","殡","殡","殡","一 丿 ㇇ 丶 丶 丨 丿 ㇀ 丿 一 一 乛 丶 丨","一 丿 ㇇ 丶 丶 ㇀ 乛 丿 丨 一 丨 一 丿 丶"
"cnwstqi5684","junior","N","B","霆","霆","霆","一 ㇀ 丿 一 丶 ㇏ 一 丶 丨 丶 丶 丨 ㇋ 乛","一 ㇀ 乛 丨 丶 丶 丶 丶 丿 一 丨 一 ㇋ ㇏"
"cnwstqi5685","junior","N","B","霁","霁","霁","一 ㇀ 丿 一 丶 乛 丶 ㇏ 丶 丿 丶 丨 丨 丶","一 ㇀ 乛 丨 丶 丶 丶 丶 丶 一 丿 ㇏ 丿 丨"
"cnwstqi5686","junior","N","A","辕","辕","辕","一 𠃋 丨 ㇀ 一 丨 一 丨 𠃍 一 丿 𠄌 丿 ㇏","一 𠃋 丨 一 一 ㇏ 一 丿 𠄌 丨 ㇀ 丨 丿 𠃍"
"cnwstqi5687","junior","N","B","蜚","蜚","蜚","丨 一 一 一 一 丨 一 丶 𠃍 一 一 丨 丨 一","丨 一 一 一 丨 一 一 一 丨 𠃍 一 丨 一 丶"
"cnwstqi5688","junior","N","A","裴","裴","裴","丨 一 一 一 丨 一 一 一 丶 一 丿 𠄌 丿 ㇏","丨 一 丨 一 丶 一 丿 𠄌 一 一 ㇏ 一 一 丿"
"cnwstqi5689","junior","N","B","翡","翡","翡","丨 一 丶 丶 一 一 丨 𠃌 ㇀ ㇀ 一 一 𠃌 一","丨 一 一 一 丨 一 一 一 𠃌 丶 ㇀ 𠃌 丶 ㇀"
"cnwstqi5690","junior","N","A","龇","龇","龇","丨 一 丨 一 丿 丶 ㇄ 丨 丨 一 丨 ㇀ 丿 乚","丨 一 丿 丿 丨 一 丨 ㇀ 乚 ㇄ 丨 丶 丨 一"
"cnwstqi5691","junior","N","B","龈","龈","龈","丨 一 丨 丿 𠄌 丿 一 ㇏ 一 一 丶 𠃍 ㇄ 丨","丨 一 丨 一 丿 丶 ㇄ 丨 𠃍 一 一 𠄌 丿 ㇏"
"cnwstqi5692","junior","N","B","睿","睿","睿","丨 一 丨 一 丿 ㇏ 𠃍 一 丶 一 丿 乛 ㇀ 一","丨 一 ㇀ 乛 一 丿 丶 丿 ㇏ 丨 𠃍 一 一 一"
"cnwstqi5693","junior","N","B","䁖","䁖","䁖","丨 𠃍 一 ㇏ 一 丿 丿 一 丨 一 一 𡿨 丶 丿","丨 𠃍 一 一 一 丶 丿 一 丨 丿 ㇏ 𡿨 丿 一"
"cnwstqi5694","junior","N","A","睽","睽","睽","丨 𠃍 一 一 一 ㇇ 丶 丿 丿 ㇏ 一 一 丿 丶","丨 𠃍 一 一 一 ㇇ 丶 ㇏ 丿 一 丶 丿 丿 一"
"cnwstqi5695","junior","N","A","嘞","嘞","嘞","丨 𠃍 一 一 丨 丨 一 丨 𠃍 一 一 丨 𠃌 丿","丨 𠃍 一 𠃍 𠃌 丨 丨 丿 丨 一 丨 一 一 一"
"cnwstqi5696","junior","N","A","嘈","嘈","嘈","丨 𠃍 一 一 丨 𠃍 一 丨 丨 一 丨 𠃍 一 一","丨 𠃍 𠃍 一 一 丨 丨 𠃍 一 一 一 丨 丨 一"
"cnwstqi5697","junior","N","A","嘌","嘌","嘌","丨 𠃍 一 一 丨 𠃍 丨 丨 一 一 一 亅 丿 丶","丨 𠃍 亅 一 一 丨 丨 𠃍 一 一 一 丶 丿 丨"
"cnwstqi5698","junior","N","A","嘁","嘁","嘁","丨 𠃍 一 一 丿 丨 一 一 亅 丿 丶 ㇂ 丿 丶","丨 𠃍 丿 一 丶 丿 一 ㇂ 一 丶 丨 一 亅 丿"
"cnwstqi5699","junior","N","B","嘎","嘎","嘎","丨 𠃍 一 一 一 丿 一 一 丶 丿 一 丨 𠃍 ㇂","丨 𠃍 一 一 丿 丨 𠃍 一 一 一 一 ㇂ 丿 丶"
"cnwstqi5700","junior","N","B","暧","暧","暧","丨 𠃍 丶 丿 一 ㇇ 一 ㇏ 一 丿 ㇀ 乛 丿 丶","丨 𠃍 一 一 丿 丶 丶 丿 ㇀ 乛 一 丿 ㇇ ㇏"
"cnwstqi5701","junior","N","B","暝","暝","暝","丨 𠃍 乛 一 一 丿 丨 丶 一 一 𠃍 一 丶 ㇀","丨 𠃍 一 一 ㇀ 乛 丨 𠃍 一 一 丶 一 丿 丶"
"cnwstqi5702","junior","N","A","踌","踌","踌","丨 𠃍 一 丨 一 丨 ㇀ 一 一 一 丿 一 亅 丶","丨 𠃍 一 一 一 ㇀ 丶 丨 一 亅 一 一 丿 丨"
"cnwstqi5703","junior","N","B","踉","踉","踉","丨 𠃍 一 𠄌 丿 𠃍 ㇀ 丨 一 一 丶 ㇏ 一 丨","丨 𠃍 一 丨 一 丨 ㇀ 丶 𠃍 一 一 𠄌 丿 ㇏"
"cnwstqi5704","junior","N","A","蜞","蜞","蜞","丨 𠃍 一 丨 一 丶 一 丨 丨 一 一 一 丿 丶","丨 𠃍 丨 丨 丶 一 丨 丶 一 一 丿 一 一 一"
"cnwstqi5705","junior","N","B","蜥","蜥","蜥","丨 𠃍 丿 丿 丶 一 丿 丨 丶 一 丨 一 丨 一","丨 𠃍 一 丨 一 丶 一 丨 丿 丶 丿 丿 一 丨"
"cnwstqi5706","junior","N","A","蜮","蜮","蜮","丨 𠃍 一 丨 一 丶 一 丨 𠃍 一 ㇀ ㇂ 丿 丶","丨 𠃍 丶 丨 丨 一 丿 一 一 一 ㇀ ㇂ 丶 𠃍"
"cnwstqi5707","junior","N","B","蝈","蝈","蝈","丨 𠃍 一 一 一 丶 丨 一 丨 一 丶 一 𠃍 丨","丨 𠃍 一 丨 一 丶 丨 𠃍 一 一 丨 一 丶 一"
"cnwstqi5708","junior","N","B","蜴","蜴","蜴","丨 𠃍 一 丨 𠃍 丿 一 一 丿 丨 一 丿 丶 𠃌","丨 𠃍 一 丨 一 丶 丨 𠃍 一 一 丿 𠃌 丿 丿"
"cnwstqi5709","junior","N","B","蜱","蜱","蜱","丨 𠃍 一 𠃍 一 丿 丨 一 丶 一 丨 一 丨 丿","丨 𠃍 一 丨 一 丶 丿 丨 𠃍 一 一 丿 一 丨"
"cnwstqi5710","junior","N","A","蜩","蜩","蜩","丨 𠃍 一 丨 一 丶 丿 𠃌 一 丨 一 丨 𠃍 一","丨 𠃍 丨 一 𠃍 一 一 𠃌 丶 丨 丿 一 丨 一"
"cnwstqi5711","junior","N","A","蜷","蜷","蜷","丨 𠃍 一 丨 一 丶 丶 丿 一 一 丿 ㇏ 𠃌 乚","丨 𠃍 一 丶 丶 𠃌 ㇏ 丨 一 一 丿 乚 一 丿"
"cnwstqi5712","junior","N","A","蜿","蜿","蜿","丨 𠃍 一 丨 一 丶 丶 ㇀ 乛 丿 ㇇ 丶 𠃌 乚","丨 𠃍 丶 一 丨 ㇇ 丶 一 丿 ㇀ 丶 乛 乚 𠃌"
"cnwstqi5713","junior","N","A","螂","螂","螂","丨 𠃍 一 丨 一 丶 丶 𠃍 一 一 𠄌 丶 ㇌ 丨","丨 𠃍 丶 𠃍 一 丨 丶 ㇌ 丶 丨 一 一 一 𠄌"
"cnwstqi5714","junior","N","B","蜢","蜢","蜢","丨 𠃍 丶 一 亅 丨 丨 ㇇ 丨 丨 𠃍 一 一 一","丨 𠃍 一 丨 一 丶 ㇇ 亅 一 丨 𠃍 丨 丨 一"
"cnwstqi5715","junior","N","A","嘘","嘘","嘘","丨 𠃍 一 丨 一 乛 丿 一 乚 丨 丨 丶 丿 一","丨 𠃍 丿 乛 一 一 丶 乚 丨 一 丿 丨 一 丨"
"cnwstqi5716","junior","N","A","嘡","嘡","嘡","丨 𠃍 一 丨 丶 丿 ㇀ 乛 丨 𠃍 一 一 丨 一","丨 𠃍 乛 丨 丿 ㇀ 一 𠃍 丨 一 一 丨 一 丶"
"cnwstqi5717","junior","N","B","鹗","鹗","鹗","丨 𠃍 丿 一 一 丶 𠃍 一 𠃌 ㇉ ㇉ 丨 一 一","丨 𠃍 一 丨 𠃍 一 一 一 ㇉ 丿 𠃌 丶 ㇉ 一"
"cnwstqi5718","junior","N","B","嘣","嘣","嘣","丨 𠃍 丿 一 一 𠃌 𠃌 一 丿 一 一 丨 ㇄ 丨","丨 𠃍 一 丨 ㇄ 丨 丿 𠃌 一 一 丿 𠃌 一 一"
"cnwstqi5719","junior","N","B","嘤","嘤","嘤","丨 𠃍 丶 𠃍 丶 丿 𡿨 𠃍 一 丨 丨 丿 丿 一","丨 𠃍 一 丨 𠃍 丿 丶 丨 𠃍 丿 丶 𡿨 丿 一"
"cnwstqi5720","junior","N","B","嘚","嘚","嘚","丨 𠃍 丶 一 丨 一 丿 丿 一 一 𠃍 丨 亅 一","丨 𠃍 一 丿 丿 丨 丨 𠃍 一 一 一 一 亅 丶"
"cnwstqi5721","junior","N","B","嗾","嗾","嗾","丨 𠃍 丿 一 一 丶 一 丿 丿 一 𠃌 丿 ㇏ 一","丨 𠃍 一 丶 一 𠃌 丿 丿 一 丿 一 一 丿 ㇏"
"cnwstqi5722","junior","N","B","嘧","嘧","嘧","丨 𠃍 丿 丶 ㇀ 乛 ㇄ 丨 ㇀ ㇃ 丶 丨 丶 一","丨 𠃍 一 丶 ㇀ 乛 ㇀ ㇃ 丶 丿 丶 丨 ㇄ 丨"
"cnwstqi5723","junior","N","B","罴","罴","罴","丨 𠃍 丨 丨 丶 丶 丶 𠃋 ㇀ 一 一 丶 丨 一","丨 𠃍 丨 丨 一 一 丨 一 𠃋 丶 ㇀ 丶 丶 丶"
"cnwstqi5724","junior","N","B","罱","罱","罱","丨 𠃍 一 丿 丨 丨 丨 𠃌 一 一 一 丨 丨 丶","丨 𠃍 丨 丨 一 一 丨 丨 𠃌 丶 丿 一 一 丨"
"cnwstqi5725","junior","N","A","幔","幔","幔","丨 𠃌 丨 丨 𠃍 一 一 丨 𠃍 丨 丨 一 ㇇ ㇏","丨 𠃌 𠃍 丨 一 丨 丨 𠃍 ㇏ 一 丨 丨 ㇇ 一"
"cnwstqi5726","junior","N","B","嶂","嶂","嶂","丨 ㇄ 丶 一 丿 𠃍 丶 一 一 丨 丨 丨 一 一","丨 ㇄ 丨 丶 一 丶 丿 一 丨 𠃍 一 一 一 丨"
"cnwstqi5727","junior","N","B","幛","幛","幛","丨 𠃌 一 一 一 丨 𠃍 一 丨 丶 丿 一 丨 丶","丨 𠃌 丨 丶 一 丶 丿 一 丨 𠃍 一 一 一 丨"
"cnwstqi5728","junior","N","A","赙","赙","赙","丨 𠃍 丿 丶 一 丨 𠃍 一 一 丨 丶 一 亅 丶","丨 𠃍 丶 亅 𠃍 一 一 丶 丨 一 丿 丨 丶 一"
"cnwstqi5729","junior","N","A","罂","罂","罂","丨 𠃍 丿 丶 丨 𠃍 丿 丶 丿 一 一 丨 ㇄ 丨","丨 𠃍 丿 ㇄ 丶 丨 一 𠃍 丶 丨 丿 丨 一 丿"
"cnwstqi5730","junior","N","A","骷","骷","骷","丨 𠃍 𠃍 ㇀ 乛 丨 𠃌 一 一 一 丨 丨 𠃍 一","丨 𠃍 𠃍 丨 丨 一 丨 乛 ㇀ 𠃍 一 一 𠃌 一"
"cnwstqi5731","junior","N","A","骶","骶","骶","丨 𠃍 𠃍 ㇀ 乛 丨 𠃌 一 一 丿 𠄌 一 ㇂ 丶","丨 𠃍 𠃍 一 乛 ㇂ 丶 一 丨 ㇀ 𠃌 一 𠄌 丿"
"cnwstqi5732","junior","N","A","鹘","鹘","鹘","丨 𠃍 𠃍 ㇀ 乛 丨 𠃌 一 一 丿 𠃌 丶 ㇉ 一","丨 𠃍 ㇉ 一 丨 乛 ㇀ 丶 一 丿 𠃌 𠃍 𠃌 一"
"cnwstqi5733","junior","N","B","锲","锲","锲","丿 一 一 一 𠄌 一 丿 ㇏ 𠃌 一 一 丿 丨 一","丿 一 一 一 𠄌 一 一 一 丨 𠃌 丿 一 丿 ㇏"
"cnwstqi5734","junior","N","B","锴","锴","锴","丿 一 一 一 𠄌 丨 𠄌 一 乚 一 丿 一 丿 𠃍","丿 一 一 一 𠄌 一 𠄌 丿 乚 丿 丨 𠃍 一 一"
"cnwstqi5735","junior","N","A","锶","锶","锶","丿 一 一 一 𠄌 丨 𠃍 一 丨 一 ㇀ ㇃ 丶 丶","丿 一 𠄌 丶 一 丨 ㇃ 一 ㇀ 丶 𠃍 丨 一 一"
"cnwstqi5736","junior","N","A","锷","锷","锷","丿 一 一 一 𠄌 丨 𠃍 一 丨 𠃍 一 一 一 ㇉","丿 一 一 一 ㇉ 𠄌 丨 丨 𠃍 一 一 一 𠃍 一"
"cnwstqi5737","junior","N","A","锸","锸","锸","丿 一 一 一 𠄌 丿 一 丨 丿 丨 一 𠃍 一 一","丿 一 丿 丨 丨 一 一 𠃍 一 一 丿 一 𠄌 一"
"cnwstqi5738","junior","N","A","锵","锵","锵","丿 一 一 一 𠄌 丶 ㇀ 丨 丿 ㇇ 丶 一 亅 丶","丿 一 𠄌 丨 丿 丶 丶 一 ㇇ 一 一 丶 亅 ㇀"
"cnwstqi5739","junior","N","A","镁","镁","镁","丿 一 一 一 𠄌 丶 丿 一 一 丨 一 一 丿 ㇏","丿 一 一 𠄌 一 一 一 ㇏ 丿 一 一 丨 丿 丶"
"cnwstqi5740","junior","N","A","镂","镂","镂","丿 一 一 一 𠄌 丶 丿 一 丨 丿 ㇏ 𡿨 丿 一","丿 一 丿 丨 丿 𡿨 一 一 𠄌 丿 一 ㇏ 丶 一"
"cnwstqi5741","junior","N","B","犒","犒","犒","丿 一 丨 一 一 ㇀ 𠃍 𠃍 丨 一 丨 丨 丶 𠃌","丿 一 丨 ㇀ 丶 一 丨 𠃍 一 丨 𠃌 丨 𠃍 一"
"cnwstqi5742","junior","N","B","箐","箐","箐","丿 一 丨 丶 丨 丶 一 一 𠃌 一 一 一 丿 一","丿 一 丶 丿 一 丶 一 一 丨 一 丨 𠃌 一 一"
"cnwstqi5743","junior","N","B","箦","箦","箦","丿 一 丿 丨 一 𠃍 一 丶 丶 一 一 丿 丶 丨","丿 一 丶 丿 一 丶 一 一 丨 一 丨 𠃍 丿 丶"
"cnwstqi5744","junior","N","A","箧","箧","箧","丿 一 丶 丿 一 丶 一 一 丶 丿 一 丿 丶 ㇄","丿 一 丿 丶 一 丶 丿 一 丶 丿 一 丶 ㇄ 一"
"cnwstqi5745","junior","N","A","箍","箍","箍","丿 一 丶 丿 一 丶 一 亅 ㇀ 一 丨 𠃌 丨 ㇄","丿 一 丨 𠃌 丶 一 亅 一 丿 丶 ㇀ 丨 ㇄ 一"
"cnwstqi5746","junior","N","A","箸","箸","箸","丿 一 丶 丿 一 丶 一 丨 一 丿 丨 𠃍 一 一","丿 一 丶 一 一 丨 丿 丨 一 𠃍 丿 一 丶 一"
"cnwstqi5747","junior","N","B","箬","箬","箬","丿 一 丶 丨 一 丨 丶 一 𠃍 丨 丿 丿 一 一","丿 一 丶 丿 一 丶 一 丨 丨 一 丿 丨 𠃍 一"
"cnwstqi5748","junior","N","A","箅","箅","箅","丿 一 丶 丿 一 丶 丨 𠃍 一 丨 一 一 丿 丨","丿 一 丨 一 丶 一 丨 丿 一 丶 一 丿 𠃍 丨"
"cnwstqi5749","junior","N","A","箪","箪","箪","丿 一 丶 丿 一 丶 丶 丿 丨 𠃍 一 一 一 丨","丿 一 一 一 丿 丶 丶 一 丿 丶 𠃍 丨 丨 一"
"cnwstqi5750","junior","N","B","箔","箔","箔","丿 一 丶 丿 𠃍 一 一 丿 丶 丨 丶 ㇀ 丶 一","丿 一 丶 丿 一 丶 丶 丶 ㇀ 丿 丨 𠃍 一 一"
"cnwstqi5751","junior","N","B","箜","箜","箜","丿 一 丨 丶 一 丿 一 丶 乛 一 丿 丶 丶 ㇀","丿 一 丶 丿 一 丶 丶 ㇀ 乛 丿 丶 一 丨 一"
"cnwstqi5752","junior","N","A","箢","箢","箢","丿 一 丶 丿 一 丶 丶 ㇀ 乛 丿 ㇇ 丶 𠃌 乚","丿 一 一 𠃌 乛 ㇀ ㇇ 丶 丶 丿 丶 丶 乚 丿"
"cnwstqi5753","junior","N","A","箓","箓","箓","丿 一 丶 丿 一 丶 𠃍 一 一 亅 丶 ㇀ 丿 ㇏","丿 一 一 ㇀ 𠃍 丶 丶 ㇏ 亅 一 一 丿 丿 丶"
"cnwstqi5754","junior","N","A","毓","毓","毓","丿 一 ㇄ 𠃌 丶 一 丶 丶 一 𠃋 丶 丿 丨 乚","丿 一 一 𠃋 丶 丿 乚 ㇄ 丨 丶 丶 丶 𠃌 一"
"cnwstqi5755","junior","N","B","僖","僖","僖","丿 丨 丨 一 丨 𠃍 丨 丶 一 一 一 一 𠃍 丿","丿 丨 一 丨 一 丨 𠃍 一 丶 丿 一 丨 𠃍 一"
"cnwstqi5756","junior","N","B","儆","儆","儆","丿 丨 丨 丨 一 一 丿 丿 𠃌 一 丿 ㇏ 丨 𠃍","丿 丨 一 丨 丨 丿 𠃌 丨 𠃍 一 丿 一 丿 ㇏"
"cnwstqi5757","junior","N","B","僳","僳","僳","丿 丨 丨 丨 𠃍 丿 一 ㇏ 丨 丶 丿 一 丨 一","丿 丨 一 丨 𠃍 丨 丨 一 丶 丿 一 丨 丿 ㇏"
"cnwstqi5758","junior","N","A","僭","僭","僭","丿 丨 一 𠃋 丿 𠄌 一 𠃋 丿 乚 丨 𠃍 一 一","丿 丨 𠄌 丨 一 𠃋 丿 一 丿 𠃋 一 𠃍 一 乚"
"cnwstqi5759","junior","N","B","劁","劁","劁","丿 丨 一 一 丶 丶 ㇀ 丶 丨 丨 亅 一 一 丶","丿 丨 丶 一 一 一 丨 一 ㇀ 丶 丶 丶 丨 亅"
"cnwstqi5760","junior","N","A","僮","僮","僮","丿 丨 丶 一 丶 丿 一 丨 𠃍 一 一 丨 一 一","丿 丨 一 一 丶 丶 一 丨 𠃍 一 一 丨 一 丿"
"cnwstqi5761","junior","N","A","魃","魃","魃","丿 丨 𠃍 一 一 丿 乚 𠃋 丶 一 丿 ㇇ 丶 丶","丿 丨 一 𠃍 丶 丶 一 一 ㇇ 丿 乚 丿 𠃋 丶"
"cnwstqi5762","junior","N","A","魆","魆","魆","丿 丨 𠃍 一 一 丿 乚 𠃋 丶 一 𠄌 ㇂ 丿 丶","丿 丨 丶 𠄌 丶 乚 𠃍 𠃋 丿 一 一 丿 ㇂ 一"
"cnwstqi5763","junior","N","A","睾","睾","睾","丿 丨 𠃍 丨 丨 一 一 丨 一 丶 丿 一 一 丨","丿 丨 一 一 丨 𠃍 丨 丶 丿 一 丨 一 丨 一"
"cnwstqi5764","junior","N","A","艋","艋","艋","丿 丿 𠃌 丶 一 丶 ㇇ 亅 一 丨 𠃍 丨 丨 一","丿 丿 丨 一 𠃍 丨 一 丶 𠃌 ㇇ 丶 一 丨 亅"
"cnwstqi5765","junior","N","B","鄱","鄱","鄱","丿 丶 一 丨 一 丿 丿 丨 丨 ㇌ 丶 丨 𠃍 一","丿 丶 丿 一 丨 丿 丶 丨 𠃍 一 丨 一 ㇌ 丨"
"cnwstqi5766","junior","N","B","膈","膈","膈","丿 𠃌 丨 𠃌 一 丨 丶 一 一 丨 𠃍 丿 一 一","丿 𠃌 一 一 一 丨 𠃍 一 丨 𠃌 丶 丿 一 丨"
"cnwstqi5767","junior","N","A","膑","膑","膑","丿 𠃌 一 一 丶 ㇀ 乛 丿 丨 一 丨 一 丿 丶","丿 𠃌 丨 ㇀ 丨 一 丶 丶 一 丿 丿 一 一 乛"
"cnwstqi5768","junior","N","A","鲑","鲑","鲑","丿 ㇇ 丨 𠃍 一 丨 一 ㇀ 一 丨 一 一 丨 一","丿 ㇇ 丨 丨 丨 一 一 丨 一 一 ㇀ 一 𠃍 一"
"cnwstqi5769","junior","N","B","鲔","鲔","鲔","丿 ㇇ 𠃍 一 ㇀ 一 一 丨 丨 一 丨 𠃌 丿 一","丿 ㇇ 丨 𠃍 一 丨 一 ㇀ 一 丿 丨 𠃌 一 一"
"cnwstqi5770","junior","N","A","鲚","鲚","鲚","丿 ㇇ 丨 𠃍 一 丨 一 ㇀ 丶 一 丿 ㇏ 丿 丨","丿 ㇇ 丶 𠃍 ㇏ 一 丨 丨 丿 丿 ㇀ 丨 一 一"
"cnwstqi5771","junior","N","B","鲛","鲛","鲛","丿 ㇇ 丶 一 丨 ㇀ 丿 丶 丿 𠃍 一 一 ㇏ 丨","丿 ㇇ 丨 𠃍 一 丨 一 ㇀ 丶 一 丿 丶 丿 ㇏"
"cnwstqi5772","junior","N","A","鲟","鲟","鲟","丿 ㇇ 丨 𠃍 一 丨 一 ㇀ 𠃍 一 一 一 亅 丶","丿 ㇇ ㇀ 一 𠃍 丨 一 一 一 𠃍 丨 一 亅 丶"
"cnwstqi5773","junior","N","B","獐","獐","獐","丿 ㇁ 一 丿 𠃍 丿 丨 一 一 丶 丨 一 一 丶","丿 ㇁ 丿 丶 一 丶 丿 一 丨 𠃍 一 一 一 丨"
"cnwstqi5774","junior","N","A","觫","觫","觫","丿 ㇇ 丿 𠃌 一 一 丨 一 丨 𠃍 一 丨 丿 ㇏","丿 ㇇ 一 丨 ㇏ 丨 一 一 丨 𠃍 丿 𠃌 丿 一"
"cnwstqi5775","junior","N","A","雒","雒","雒","丿 ㇇ 丶 丨 𠃍 一 丿 丨 丶 一 一 一 丨 一","丿 ㇇ 丿 一 丨 丶 一 𠃍 丶 丨 一 一 一 丨"
"cnwstqi5776","junior","N","A","夤","夤","夤","丿 ㇇ 丶 丶 ㇀ 乛 一 丨 𠃍 一 丨 一 丿 丶","丿 ㇇ 丶 丶 一 丨 一 丶 𠃍 一 丿 ㇀ 丨 乛"
"cnwstqi5777","junior","N","A","馑","馑","馑","丿 ㇇ 𠄌 一 丨 丨 一 丨 𠃍 一 一 一 丨 一","丿 ㇇ 一 𠃍 丨 一 丨 丨 一 一 丨 一 一 𠄌"
"cnwstqi5778","junior","N","B","銮","銮","銮","丶 一 丨 一 丿 ㇏ 丶 丨 一 一 丨 丿 丶 丿","丶 一 丨 丨 丿 丶 丿 ㇏ 一 一 丨 丶 丿 一"
"cnwstqi5779","junior","N","A","塾","塾","塾","丶 一 丨 𠃍 一 ㇇ 亅 ㇀ 丿 ⺄ 丶 一 丨 一","丶 一 丨 亅 一 丶 ⺄ 丿 一 𠃍 丨 ㇇ 一 ㇀"
"cnwstqi5780","junior","N","A","麽","麽","麽","丶 一 丿 一 丨 丿 丶 一 丨 丿 ㇏ 丿 𠃋 丶","丶 一 丿 丿 丿 丿 丨 丶 一 一 丶 𠃋 ㇏ 丨"
"cnwstqi5781","junior","N","B","瘌","瘌","瘌","丶 一 丨 一 丿 丨 𠃍 丶 丨 一 ㇀ 亅 丶 丿","丶 一 丿 丶 ㇀ 一 丨 𠃍 一 丨 丿 丶 丨 亅"
"cnwstqi5782","junior","N","B","瘊","瘊","瘊","丶 一 ㇏ 丿 丨 一 一 ㇀ 丿 丿 丿 𠃍 丶 一","丶 一 丿 丶 ㇀ 丿 丨 𠃍 一 丿 一 一 丿 ㇏"
"cnwstqi5783","junior","N","B","瘘","瘘","瘘","丶 一 丿 丶 ㇏ 丿 丿 𡿨 丶 一 丨 ㇀ 丿 一","丶 一 丿 丶 ㇀ 丶 丿 一 丨 丿 ㇏ 𡿨 丿 一"
"cnwstqi5784","junior","N","A","瘙","瘙","瘙","丶 一 丿 丶 ㇀ ㇇ ㇏ 丶 丨 𠃍 一 丨 一 丶","丶 一 𠃍 ㇀ 丿 ㇏ 一 丶 丶 一 ㇇ 丨 丨 丶"
"cnwstqi5785","junior","N","A","廖","廖","廖","丶 一 丿 𠃍 丶 ㇀ 𠃍 丶 ㇀ 丿 ㇏ 丿 丿 丿","丶 一 ㇏ 𠃍 丿 𠃍 丿 丿 丶 丿 ㇀ ㇀ 丿 丶"
"cnwstqi5786","junior","N","B","韶","韶","韶","丶 一 丨 丿 一 一 一 𠃍 丨 一 丿 𠃍 𠃌 丶","丶 一 丶 丿 一 丨 𠃍 一 一 𠃌 丿 丨 𠃍 一"
"cnwstqi5787","junior","N","B","旖","旖","旖","丶 一 𠃍 丿 亅 丨 一 丿 一 𠃌 丿 一 一 丶","丶 一 𠃌 丿 丿 一 一 丿 丶 一 丨 𠃍 一 亅"
"cnwstqi5788","junior","N","A","膂","膂","膂","丶 一 𠃌 丿 丿 一 丿 𠄌 丿 ㇏ 丨 𠃌 一 一","丶 一 一 𠃌 ㇏ 丨 丿 𠄌 一 丿 𠃌 丿 丿 一"
"cnwstqi5789","junior","N","B","阚","阚","阚","丶 丨 ㇀ 丿 丶 丨 ㇇ 丨 一 一 一 丿 𠃌 一","丶 丨 𠃌 ㇇ 一 丨 丨 一 一 ㇀ 丿 一 丿 丶"
"cnwstqi5790","junior","N","B","鄯","鄯","鄯","丶 丿 一 一 一 一 ㇌ 一 丨 丨 丶 丿 丨 𠃍","丶 丿 一 一 一 丨 丶 丿 一 丨 𠃍 一 ㇌ 丨"
"cnwstqi5791","junior","N","A","鲞","鲞","鲞","丶 丿 一 一 丿 ㇏ 丿 ㇇ 丨 𠃍 一 丨 一 一","丶 丿 一 一 丨 丿 一 丿 𠃍 一 ㇇ 一 ㇏ 丨"
"cnwstqi5792","junior","N","A","粿","粿","粿","丶 丿 一 丨 丿 丶 丨 𠃍 一 一 一 丨 丿 ㇏","丶 丿 一 丨 丨 一 丿 丿 丶 𠃍 一 ㇏ 一 丨"
"cnwstqi5793","junior","N","B","粼","粼","粼","丶 丿 一 丨 𡿨 丨 𡿨 丶 丶 丿 ㇇ 丿 一 𠃋","丶 丿 一 丨 丿 丶 丿 ㇇ 丶 一 𠃋 丨 𡿨 𡿨"
"cnwstqi5794","junior","N","B","粽","粽","粽","丶 丿 亅 丿 丶 丨 乛 ㇀ 一 一 丿 丶 一 丶","丶 丿 一 丨 丿 丶 丶 ㇀ 乛 一 一 亅 丿 丶"
"cnwstqi5795","junior","N","B","糁","糁","糁","丶 丿 丶 一 丿 一 丿 𠃋 丨 丿 丿 丿 ㇏ 丶","丶 丿 一 丨 丿 丶 𠃋 丶 一 丿 ㇏ 丿 丿 丿"
"cnwstqi5796","junior","N","B","槊","槊","槊","丶 丿 一 𠃌 丿 一 丿 一 ㇄ ㇏ 一 丨 丿 丨","丶 丿 一 ㇄ 丨 丿 丿 𠃌 一 一 一 丨 丿 ㇏"
"cnwstqi5797","junior","N","A","鹚","鹚","鹚","丶 丿 一 𠃋 𠃋 丶 𠃋 𠃋 丶 丿 𠃌 丶 ㇉ 一","丶 丿 𠃋 𠃋 𠃌 一 一 𠃋 𠃋 丿 丶 ㇉ 丶 丶"
"cnwstqi5798","junior","N","B","熘","熘","熘","㇀ 丿 丨 一 丿 一 丿 丶 𠃍 丨 𠄌 丶 𠃌 丿","㇀ 丿 丿 丶 丿 𠄌 丶 𠃌 丿 丨 𠃍 一 丨 一"
"cnwstqi5799","junior","N","A","熥","熥","熥","㇀ 丿 丿 丶 ㇇ 丶 丨 𠃌 一 一 丨 丶 ㇋ ㇏","㇀ 丿 丿 丶 丶 ㇏ 丶 丨 一 一 𠃌 丨 ㇋ ㇇"
"cnwstqi5800","junior","N","A","潢","潢","潢","丶 丶 ㇀ 一 丨 丨 一 丨 𠃍 一 丨 一 丿 丶","丶 丶 丶 𠃍 一 丿 丨 一 丨 一 ㇀ 丨 丨 一"
"cnwstqi5801","junior","N","B","漕","漕","漕","丶 丶 𠃍 丨 ㇀ 一 𠃍 一 丨 丨 丨 一 一 一","丶 丶 ㇀ 一 丨 𠃍 一 丨 丨 一 丨 𠃍 一 一"
"cnwstqi5802","junior","N","B","滹","滹","滹","丶 丶 丿 丿 丨 ㇀ 乚 乛 一 一 一 丶 丿 亅","丶 丶 ㇀ 丨 一 乛 丿 一 乚 丿 丶 丿 一 亅"
"cnwstqi5803","junior","N","B","漯","漯","漯","丶 丶 𠃋 一 丿 𠃍 丨 丨 一 ㇀ 亅 𠃋 丶 丶","丶 丶 ㇀ 丨 𠃍 一 丨 一 𠃋 𠃋 丶 亅 丿 丶"
"cnwstqi5804","junior","N","B","漶","漶","漶","丶 丶 丶 丶 𠃍 丨 𠃍 ㇃ 丨 ㇀ 一 丨 ㇀ 一","丶 丶 ㇀ 丨 𠃍 一 丨 𠃍 一 丨 ㇀ ㇃ 丶 丶"
"cnwstqi5805","junior","N","A","潋","潋","潋","丶 丶 ㇀ 丿 丶 一 丶 丶 丿 ㇀ 丿 一 丿 ㇏","丶 丶 丶 丶 ㇏ ㇀ 丿 一 丿 丿 丶 丿 一 ㇀"
"cnwstqi5806","junior","N","A","潴","潴","潴","丶 丶 ㇀ 丿 ㇁ 丿 一 丨 一 丿 丨 𠃍 一 一","丶 丶 丿 ㇁ 一 一 丿 丨 丨 𠃍 ㇀ 一 丿 一"
"cnwstqi5807","junior","N","A","漪","漪","漪","丶 丶 ㇀ 丿 ㇁ 丿 一 丿 丶 一 丨 𠃍 一 亅","丶 丶 𠃍 一 亅 一 ㇀ 丿 丿 丶 ㇁ 一 丿 丨"
"cnwstqi5808","junior","N","A","漉","漉","漉","丶 丶 ㇀ 丶 一 丿 𠃍 丨 丨 一 一 𠄌 丿 乚","丶 丶 丿 𠄌 𠃍 丿 丨 丶 丨 一 乚 ㇀ 一 一"
"cnwstqi5809","junior","N","B","漳","漳","漳","丶 丶 一 丶 丶 一 一 丨 丿 一 𠃍 丨 一 ㇀","丶 丶 ㇀ 丶 一 丶 丿 一 丨 𠃍 一 一 一 丨"
"cnwstqi5810","junior","N","B","漩","漩","漩","丶 丶 ㇏ 丿 一 一 乛 丿 ㇀ 丶 丨 丿 一 𠃌","丶 丶 ㇀ 丶 一 𠃌 丿 丿 一 乛 丨 一 丿 ㇏"
"cnwstqi5811","junior","N","A","澉","澉","澉","丶 丶 ㇀ ㇇ 一 丨 丨 一 一 ㇀ 丿 一 丿 ㇏","丶 丶 ㇏ 一 丨 ㇇ ㇀ 丿 丨 丿 一 一 ㇀ 一"
"cnwstqi5812","junior","N","A","潍","潍","潍","丶 丶 ㇀ 𠃋 𠃋 ㇀ 丿 丨 丶 一 一 一 丨 一","丶 丶 丿 ㇀ 一 𠃋 ㇀ 一 𠃋 丨 丶 丨 一 一"
"cnwstqi5813","junior","N","A","慵","慵","慵","㇀ 丶 丨 丶 一 丿 𠃍 一 一 丨 𠃌 一 一 丨","㇀ 丶 丿 一 一 一 丨 𠃌 丨 丶 一 一 𠃍 丨"
"cnwstqi5814","junior","N","A","搴","搴","搴","丶 ㇀ 乛 一 一 丨 丨 一 丿 ㇏ 丿 一 一 亅","丶 ㇀ 丨 一 一 ㇏ 亅 一 一 丿 乛 丿 丨 一"
"cnwstqi5815","junior","N","B","窨","窨","窨","丶 ㇀ 一 乛 一 丶 丶 丶 𠃍 一 丿 丨 丿 一","丶 ㇀ 乛 丿 丶 丶 一 丶 丿 一 丨 𠃍 一 一"
"cnwstqi5816","junior","N","A","寤","寤","寤","丶 ㇀ 乛 ㇄ 丨 一 丿 一 丨 𠃍 一 丨 𠃍 一","丶 ㇀ 一 丨 一 丨 𠃍 乛 丨 丿 一 一 ㇄ 𠃍"
"cnwstqi5817","junior","N","B","綮","綮","綮","丶 𠃍 ㇏ 丿 𠃋 丿 丿 𠃋 一 一 丶 丶 亅 丿","丶 𠃍 一 丿 丿 一 丿 ㇏ 𠃋 𠃋 丶 亅 丿 丶"
"cnwstqi5818","junior","N","A","谮","谮","谮","丶 ㇊ 一 𠃋 丿 𠄌 一 𠃋 丿 乚 丨 𠃍 一 一","丶 ㇊ 𠃍 一 𠃋 一 丨 乚 丿 丿 𠃋 一 𠄌 一"
"cnwstqi5819","junior","N","B","褡","褡","褡","丶 ㇇ 丨 丿 𠃍 一 丨 一 丶 丿 丨 ㇏ 丨 一","丶 ㇇ 丨 丿 丶 一 丨 丨 丿 ㇏ 一 丨 𠃍 一"
"cnwstqi5820","junior","N","A","褙","褙","褙","丶 ㇇ 丨 丿 丶 丨 一 ㇀ 丿 乚 丨 𠃌 一 一","丶 ㇇ 乚 丿 丿 𠃌 一 丨 丶 丨 ㇀ 丨 一 一"
"cnwstqi5821","junior","N","A","褓","褓","褓","丶 ㇇ 丨 丿 丶 丿 丨 丨 𠃍 一 一 丨 丿 ㇏","丶 ㇇ 丶 丿 丨 𠃍 丨 一 一 丨 丨 丿 丿 ㇏"
"cnwstqi5822","junior","N","A","褛","褛","褛","丶 ㇇ 丨 丿 丶 丶 丿 一 丨 丿 ㇏ 𡿨 丿 一","丶 ㇇ 一 一 丶 丿 丨 丨 丿 丿 ㇏ 丿 𡿨 丶"
"cnwstqi5823","junior","N","B","褊","褊","褊","丶 ㇇ 丨 丶 𠃌 丿 丨 丨 𠃍 一 一 丨 丶 丿","丶 ㇇ 丨 丿 丶 丶 𠃍 一 丿 丨 𠃌 一 丨 丨"
"cnwstqi5824","junior","N","B","谯","谯","谯","丶 ㇊ 丶 ㇀ 一 丿 丨 一 丨 丶 丶 丶 一 一","丶 ㇊ 丿 丨 丶 一 一 一 丨 一 ㇀ 丶 丶 丶"
"cnwstqi5825","junior","N","B","谰","谰","谰","丶 ㇊ 丨 𠃍 一 丿 丶 丿 丨 一 丶 𠃌 丶 丨","丶 ㇊ 丶 丨 𠃌 一 丨 𠃍 丶 丿 一 丨 丿 丶"
"cnwstqi5826","junior","N","B","谲","谲","谲","丶 ㇊ 丶 𠃌 丿 亅 丶 𠃍 一 丨 丿 丨 ㇇ 乛","丶 ㇊ ㇇ 丶 乛 亅 丿 丨 𠃌 丿 丶 丨 𠃍 一"
"cnwstqi5827","junior","N","B","暨","暨","暨","𠃍 一 𠃋 一 丶 一 丨 一 𠄌 一 丿 乚 一 𠃍","𠃍 一 一 𠄌 丶 一 𠃋 丿 乚 丨 𠃍 一 一 一"
"cnwstqi5828","junior","N","B","屣","屣","屣","𠃍 一 一 丿 丨 丿 丨 丿 丨 一 丿 ㇏ 一 丨","𠃍 一 丿 丿 丿 丨 丨 一 丨 一 丨 一 丿 ㇏"
"cnwstqi5829","junior","N","B","鹛","鹛","鹛","𠃍 丨 丨 ㇉ 一 一 一 丿 丿 一 一 𠃌 𠃍 丶","𠃍 丨 一 丿 丨 𠃍 一 一 一 丿 𠃌 丶 ㇉ 一"
"cnwstqi5830","junior","N","A","嫣","嫣","嫣","𡿨 丿 一 一 丨 一 丨 一 一 ㇉ ㇀ 丶 丶 丶","𡿨 丿 一 丶 丨 丶 丶 一 一 一 一 丨 ㇀ ㇉"
"cnwstqi5831","junior","N","A","嫱","嫱","嫱","𡿨 丿 一 一 丨 丶 丿 一 丨 𠃍 丨 𠃍 一 一","𡿨 丿 𠃍 𠃍 一 丨 丿 一 一 丶 丨 一 一 丨"
"cnwstqi5832","junior","N","A","嫖","嫖","嫖","𡿨 丿 一 一 丨 𠃍 丨 丨 一 一 一 亅 丿 丶","𡿨 丿 𠃍 丶 一 一 亅 丨 丿 丨 一 一 一 丨"
"cnwstqi5833","junior","N","A","嫦","嫦","嫦","𡿨 丿 一 丨 丶 丿 ㇀ 乛 丨 𠃍 一 丨 𠃌 丨","𡿨 丿 一 𠃌 𠃍 丨 一 ㇀ 丨 丶 丿 丨 丨 乛"
"cnwstqi5834","junior","N","A","嫚","嫚","嫚","𡿨 丿 一 丨 𠃍 一 一 丨 𠃍 丨 丨 一 ㇇ ㇏","𡿨 丿 𠃍 𠃍 一 丨 丨 一 丨 ㇇ 一 丨 ㇏ 一"
"cnwstqi5835","junior","N","B","嫘","嫘","嫘","𡿨 丿 一 一 丶 丨 丶 一 丨 𠃍 𠃋 𠃋 亅 丿","𡿨 丿 一 丨 𠃍 一 丨 一 𠃋 𠃋 丶 亅 丿 丶"
"cnwstqi5836","junior","N","A","嫡","嫡","嫡","𡿨 丿 一 丶 一 丶 丿 丨 𠃌 一 丨 丨 𠃍 一","𡿨 丿 丨 𠃍 𠃌 丨 丿 一 丶 一 一 丨 一 丶"
"cnwstqi5837","junior","N","A","鼐","鼐","鼐","𠄎 丿 丨 𠃍 一 一 一 ㄣ 一 丿 丨 一 丨 𠃍","𠄎 丿 丨 一 一 ㄣ 𠃍 一 丿 一 𠃍 丨 一 丨"
"cnwstqi5838","junior","N","A","翟","翟","翟","𠃍 丶 ㇀ 𠃍 丶 ㇀ 丿 丨 丶 一 一 一 丨 一","𠃍 丶 𠃍 ㇀ 丶 一 丨 一 丨 一 丿 ㇀ 一 丶"
"cnwstqi5839","junior","N","B","瞀","瞀","瞀","㇇ 丶 一 丿 ㇏ 丿 丿 一 一 𠃍 丨 乛 亅 一","㇇ 丶 乛 亅 丿 丿 一 丿 ㇏ 丨 𠃍 一 一 一"
"cnwstqi5840","junior","N","A","鹜","鹜","鹜","㇇ 丶 乛 亅 丿 丿 一 丿 ㇏ 丿 𠃌 丶 ㇉ 一","㇇ 丶 丿 𠃌 丿 乛 一 丿 丶 丿 一 ㇏ ㇉ 亅"
"cnwstqi5841","junior","N","A","骠","骠","骠","𠃍 ㇉ ㇀ 一 丨 𠃍 丨 丨 一 一 一 亅 丿 丶","𠃍 ㇉ 丨 一 丨 丿 一 一 ㇀ 丶 丨 亅 一 𠃍"
"cnwstqi5842","junior","N","B","缥","缥","缥","𠃋 𠃋 一 丨 一 丨 𠃍 一 一 丨 ㇀ 亅 丿 丶","𠃋 𠃋 ㇀ 一 丨 𠃍 丨 丨 一 一 一 亅 丿 丶"
"cnwstqi5843","junior","N","B","缦","缦","缦","𠃋 𠃋 ㇏ 丨 𠃍 丨 一 一 丨 丨 ㇀ ㇇ 𠃍 一","𠃋 𠃋 ㇀ 丨 𠃍 一 一 丨 𠃍 丨 丨 一 ㇇ ㇏"
"cnwstqi5844","junior","N","A","缧","缧","缧","𠃋 𠃋 ㇀ 丨 𠃍 一 丨 一 𠃋 𠃋 丶 亅 丿 丶","𠃋 𠃋 ㇀ 丨 丶 𠃋 𠃍 一 丿 一 丶 亅 丨 𠃋"
"cnwstqi5845","junior","N","B","缨","缨","缨","𠃋 𠃋 ㇀ 丨 丿 丶 丨 一 𡿨 𠃍 丶 丿 丿 𠃍","𠃋 𠃋 ㇀ 丨 𠃍 丿 丶 丨 𠃍 丿 丶 𡿨 丿 一"
"cnwstqi5846","junior","N","A","骢","骢","骢","𠃍 ㇉ ㇀ 丿 丨 𠃍 丿 ㇇ 丶 一 ㇀ ㇃ 丶 丶","𠃍 ㇉ 丶 丶 丨 ㇀ 丶 ㇃ 𠃍 一 ㇇ 丿 ㇀ 丿"
"cnwstqi5847","junior","N","B","缪","缪","缪","𠃋 𠃋 丶 丿 丿 丿 ㇀ ㇀ ㇏ 丶 𠃍 𠃍 ㇀ 丿","𠃋 𠃋 ㇀ 𠃍 丶 ㇀ 𠃍 丶 ㇀ 丿 ㇏ 丿 丿 丿"
"cnwstqi5848","junior","N","B","缫","缫","缫","𠃋 𠃋 ㇏ ㇀ 𡿨 一 𡿨 𡿨 𠃍 一 丿 丨 丨 一","𠃋 𠃋 ㇀ 𡿨 𡿨 𡿨 丨 𠃍 一 一 一 丨 丿 ㇏"
"cnwstqi5849","junior","N","A","耦","耦","耦","一 一 一 丨 丿 丶 丨 𠃍 一 一 丨 𠃌 丨 ㇀ 丶","一 一 𠃍 丶 丨 一 丨 ㇀ 丿 丨 𠃌 丨 丶 一 一"
"cnwstqi5850","junior","N","A","耧","耧","耧","一 一 一 丨 丿 丶 丶 丿 一 丨 丿 ㇏ 𡿨 丿 一","一 一 丶 丿 一 丨 𡿨 丿 丿 丨 ㇏ 丿 丶 一 一"
"cnwstqi5851","junior","N","A","瑾","瑾","瑾","一 一 丨 ㇀ 一 丨 丨 一 丨 𠃍 一 一 一 丨 一","一 一 一 丨 丨 丨 一 丨 一 丨 ㇀ 𠃍 一 一 一"
"cnwstqi5852","junior","N","B","璜","璜","璜","一 一 一 丨 ㇀ 丨 丶 𠃍 丨 一 丿 丨 一 丨 一","一 一 丨 ㇀ 一 丨 丨 一 丨 𠃍 一 丨 一 丿 丶"
"cnwstqi5853","junior","N","A","璀","璀","璀","一 一 丨 ㇀ 丨 ㇄ 丨 丿 丨 丶 一 一 一 丨 一","一 一 一 一 一 丶 ㇀ 丨 丨 丨 丨 丿 丨 ㇄ 一"
"cnwstqi5854","junior","N","A","璎","璎","璎","一 一 丨 ㇀ 丨 𠃍 丿 丶 丨 𠃍 丿 丶 𡿨 丿 一","一 一 𠃍 𡿨 𠃍 丨 ㇀ 丿 丶 丿 丶 一 丿 丨 丨"
"cnwstqi5855","junior","N","A","璁","璁","璁","一 一 丨 ㇀ 丿 丨 𠃍 丿 ㇇ 丶 一 ㇀ ㇃ 丶 丶","一 一 丿 丶 ㇇ 一 ㇀ ㇀ ㇃ 丶 丨 𠃍 丨 丿 丶"
"cnwstqi5856","junior","N","A","璋","璋","璋","一 一 丨 ㇀ 丶 一 丶 丿 一 丨 𠃍 一 一 一 丨","一 一 𠃍 丨 一 一 一 一 ㇀ 丿 丶 丨 丶 一 丨"
"cnwstqi5857","junior","N","A","璇","璇","璇","一 一 丨 ㇀ 丶 一 𠃌 丿 丿 一 乛 丨 一 丿 ㇏","一 一 一 丿 丶 丿 𠃌 丿 乛 一 ㇀ ㇏ 丨 丨 一"
"cnwstqi5858","junior","N","A","奭","奭","奭","一 一 丿 丨 𠃍 一 一 一 丿 丨 𠃍 一 一 丿 ㇏","一 一 丨 丿 ㇏ 𠃍 一 丨 一 丿 一 一 一 丿 𠃍"
"cnwstqi5859","junior","N","B","髯","髯","髯","一 丨 一 一 丿 丿 𠃌 一 丨 丨 丶 一 一 𠃋 丿","一 丨 一 一 一 𠃋 丶 丿 丿 丿 丨 𠃌 丨 一 一"
"cnwstqi5860","junior","N","A","髫","髫","髫","一 丨 一 一 一 𠃋 丶 丿 丿 丿 𠃌 丿 丨 𠃍 一","一 丨 𠃌 𠃍 丨 一 丿 丶 丿 丿 丿 𠃋 一 一 一"
"cnwstqi5861","junior","N","B","撷","撷","撷","一 亅 一 一 丿 丨 丿 一 丨 一 丨 ㇀ 𠃍 𠃍 丶","一 亅 ㇀ 一 丨 一 丨 𠃍 一 一 丿 丨 𠃍 丿 丶"
"cnwstqi5862","junior","N","A","撅","撅","撅","一 亅 ㇀ 一 丿 丶 丿 一 ㇄ 一 丿 丿 乛 丿 ㇏","一 亅 丿 一 一 ㇀ 乛 ㇄ 丿 ㇏ 丿 丶 丿 丿 一"
"cnwstqi5863","junior","N","B","赭","赭","赭","一 丨 丿 一 丨 亅 丿 一 丨 一 𠃍 一 丶 一 丿","一 丨 一 丿 亅 丿 丶 一 丨 一 丿 丨 𠃍 一 一"
"cnwstqi5864","junior","N","B","撸","撸","撸","一 亅 一 𠃍 丨 𠃍 ㇇ 一 丨 ㇀ 一 丿 一 一 丨","一 亅 ㇀ 丿 ㇇ 丨 𠃍 一 丨 一 一 丨 𠃍 一 一"
"cnwstqi5865","junior","N","B","鋆","鋆","鋆","一 丨 ㇀ ㇀ 丶 一 ㇏ 丿 丶 𠃌 丿 丨 一 丿 一","一 丨 ㇀ 丿 𠃌 丶 ㇀ 丿 ㇏ 一 一 丨 丶 丿 一"
"cnwstqi5866","junior","N","A","撙","撙","撙","一 亅 ㇀ 丶 丿 一 丨 𠃍 丿 ㇄ 一 一 一 亅 丶","一 亅 丶 丨 一 丿 亅 𠃍 一 一 ㇄ 丶 ㇀ 丿 一"
"cnwstqi5867","junior","N","A","撺","撺","撺","一 亅 ㇀ 丶 ㇀ 乛 丿 丶 丨 𠃍 一 丨 𠃍 一 丨","一 亅 一 𠃍 乛 ㇀ 丶 𠃍 丨 丿 ㇀ 丨 丨 一 丶"
"cnwstqi5868","junior","N","A","墀","墀","墀","一 丨 ㇀ 𠃍 一 丿 丨 丶 ㇀ 丿 丶 丿 一 一 丨","一 丨 丶 一 𠃍 一 丶 ㇀ ㇀ 丿 丨 丿 丿 一 丨"
"cnwstqi5869","junior","N","A","聩","聩","聩","一 丨 丨 一 一 ㇀ 丨 𠃍 一 丨 一 丨 𠃍 丿 丶","一 丨 𠃍 一 丿 一 丨 一 𠃍 丨 一 ㇀ 丨 丨 丶"
"cnwstqi5870","junior","N","A","觐","觐","觐","一 丨 丨 一 丨 𠃍 一 一 一 丨 ㇀ 丨 𠃍 丿 乚","一 丨 丨 ㇀ 𠃍 𠃍 一 丨 丨 乚 一 丨 一 一 丿"
"cnwstqi5871","junior","N","A","鞑","鞑","鞑","一 丨 丨 一 丨 𠃍 一 一 丨 一 丿 丶 丶 ㇋ ㇏","一 丨 𠃍 丨 丿 一 一 一 丶 一 丨 ㇏ 丶 ㇋ 丨"
"cnwstqi5872","junior","N","B","蕙","蕙","蕙","一 丨 一 丨 ㇀ 丶 丶 𠃍 一 一 丨 丶 丨 一 ㇃","一 丨 丨 一 丨 𠃍 一 一 丨 一 丶 ㇀ ㇃ 丶 丶"
"cnwstqi5873","junior","N","B","鞒","鞒","鞒","一 丨 丿 𠃍 丿 丨 丨 一 丨 一 一 丨 一 ㇏ 丿","一 丨 丨 一 丨 𠃍 一 一 丨 丿 一 丿 ㇏ 丿 丨"
"cnwstqi5874","junior","N","A","蕈","蕈","蕈","一 丨 丨 一 丨 𠃍 丨 丨 一 丨 𠃍 一 一 一 丨","一 丨 一 丨 𠃍 一 一 一 丨 一 丨 丨 丨 丨 𠃍"
"cnwstqi5875","junior","N","A","蕨","蕨","蕨","一 丨 丨 一 丿 丶 丿 一 ㇄ 丨 丿 丿 乛 丿 ㇏","一 丨 丿 一 ㇏ 丨 丨 乛 ㇄ 一 丿 丿 丶 丿 丿"
"cnwstqi5876","junior","N","A","蕤","蕤","蕤","一 丨 丨 一 丿 ㇁ 丿 丿 丿 ㇏ 丿 一 一 丨 一","一 丨 一 丿 丿 ㇏ 一 一 丨 ㇁ 丿 一 丿 丨 丿"
"cnwstqi5877","junior","N","B","蕞","蕞","蕞","一 丨 一 丨 丨 ㇇ 一 ㇀ 一 𠃍 丨 丨 ㇏ 一 一","一 丨 丨 丨 𠃍 一 一 一 丨 丨 一 一 ㇀ ㇇ ㇏"
"cnwstqi5878","junior","N","A","蕺","蕺","蕺","一 丨 丨 丨 𠃍 一 一 丨 丨 一 一 ㇀ ㇂ 丿 丶","一 丨 ㇂ 𠃍 一 一 丨 丨 丿 一 丨 丶 丨 一 ㇀"
"cnwstqi5879","junior","N","A","瞢","瞢","瞢","一 丨 丨 丨 𠃍 丨 丨 一 ㇀ 乛 丨 𠃍 一 一 一","一 丨 ㇀ 丨 乛 𠃍 丨 丨 一 一 丨 一 丨 𠃍 一"
"cnwstqi5880","junior","N","B","蕃","蕃","蕃","一 丨 𠃍 丨 一 一 丨 丶 一 丿 丨 丨 丿 丿 ㇏","一 丨 丨 丿 丶 丿 一 丨 丿 ㇏ 丨 𠃍 一 丨 一"
"cnwstqi5881","junior","N","B","蕲","蕲","蕲","一 丨 丿 丨 一 丨 丿 丨 一 一 𠃍 丶 丨 一 丿","一 丨 丨 丶 丿 丨 𠃍 一 一 一 丨 丿 丿 一 丨"
"cnwstqi5882","junior","N","A","赜","赜","赜","一 丨 丨 𠃍 一 丨 ㇄ 一 一 丨 一 丨 𠃍 丿 丶","一 丨 丶 丨 一 𠃍 丨 ㇄ 丨 一 𠃍 一 丿 丨 一"
"cnwstqi5883","junior","N","B","槿","槿","槿","一 丨 丶 𠃍 丨 一 一 一 丨 一 一 一 丨 丿 丨","一 丨 丿 丶 一 丨 丨 一 丨 𠃍 一 一 一 丨 一"
"cnwstqi5884","junior","N","B","樯","樯","樯","一 丨 一 丶 𠃍 一 丿 丨 一 丶 一 丿 丨 𠃍 丨","一 丨 丿 丶 一 丨 丶 丿 一 丨 𠃍 丨 𠃍 一 一"
"cnwstqi5885","junior","N","A","槭","槭","槭","一 丨 丿 丶 一 丿 丨 一 一 亅 丿 丶 ㇂ 丿 丶","一 丨 丿 一 丿 一 ㇂ 丶 丶 丿 亅 丨 丿 一 丶"
"cnwstqi5886","junior","N","B","樗","樗","樗","一 丨 丶 丶 ㇀ 丶 丨 一 一 丶 ㇉ 丿 乛 丶 一","一 丨 丿 丶 一 ㇀ 乛 丨 丶 丶 丶 丶 一 一 ㇉"
"cnwstqi5887","junior","N","A","樘","樘","樘","一 丨 丿 丶 丨 丶 丿 ㇀ 乛 丨 𠃍 一 一 丨 一","一 丨 𠃍 丶 丶 丨 一 一 丿 一 ㇀ 丨 乛 丿 丨"
"cnwstqi5888","junior","N","B","樊","樊","樊","一 丨 丿 丶 丶 丨 丶 一 丿 一 丶 丿 丿 ㇏ 丿","一 丨 丿 丶 丿 丶 丿 丶 一 丨 丿 丶 一 丿 ㇏"
"cnwstqi5889","junior","N","B","槲","槲","槲","一 丨 丨 一 丿 𠃌 丶 丶 一 ㇇ 丨 丶 丿 一 丿","一 丨 丿 丶 丿 ㇇ 丿 𠃌 一 一 丨 丶 丶 一 丨"
"cnwstqi5890","junior","N","A","醌","醌","醌","一 丨 𠃍 丿 ㇄ 一 一 丨 𠃍 一 一 一 𠄌 丿 乚","一 丨 丨 乚 丿 ㇄ 𠄌 一 一 一 𠃍 丿 一 一 𠃍"
"cnwstqi5891","junior","N","A","醅","醅","醅","一 丨 𠃍 丿 ㇄ 一 一 丶 一 丶 丿 一 丨 𠃍 一","一 丨 一 ㇄ 𠃍 一 丨 一 一 丿 丶 𠃍 丶 一 丿"
"cnwstqi5892","junior","N","A","靥","靥","靥","一 丿 一 丿 ㇏ 丶 一 丿 丨 𠃍 丨 丨 一 一 一","一 丿 丨 𠃍 一 丨 丿 一 丿 ㇏ 一 丨 丶 一 一"
"cnwstqi5893","junior","N","B","魇","魇","魇","一 丿 𠃋 丨 一 一 ㇏ 丿 𠃍 丿 乚 一 丿 丶 丶","一 丿 一 丿 ㇏ 丶 丿 丨 𠃍 一 一 丿 乚 𠃋 丶"
"cnwstqi5894","junior","N","A","餍","餍","餍","一 丿 一 丿 丶 丶 丿 ㇏ 丶 𠃍 一 一 𠄌 丿 丶","一 丿 丶 𠃍 丿 丿 丶 ㇏ 一 一 丶 𠄌 一 丶 丿"
"cnwstqi5895","junior","N","A","磔","磔","磔","一 丿 丨 𠃍 一 丿 ㇇ 丶 一 𠃋 丨 一 丨 丿 ㇏","一 丿 丨 ㇇ 𠃋 一 ㇏ 丿 丨 丨 一 丶 𠃍 丿 一"
"cnwstqi5896","junior","N","A","磙","磙","磙","一 丿 丨 𠃍 一 丶 一 丿 丶 𠃋 丶 丿 𠄌 丿 ㇏","一 丿 丿 丿 丿 一 𠄌 丶 丶 𠃋 一 ㇏ 丨 𠃍 丶"
"cnwstqi5897","junior","N","B","霈","霈","霈","一 ㇀ 丶 丶 丨 丶 乛 一 丨 丶 ㇀ 丶 丶 丨 𠃌","一 ㇀ 乛 丨 丶 丶 丶 丶 丶 丶 ㇀ 一 丨 𠃌 丨"
"cnwstqi5898","junior","N","B","辘","辘","辘","一 𠃋 丿 𠄌 丿 乚 丨 一 丨 丶 𠃍 一 丨 一 ㇀","一 𠃋 丨 ㇀ 丶 一 丿 𠃍 丨 丨 一 一 𠄌 丿 乚"
"cnwstqi5899","junior","N","B","龉","龉","龉","丨 一 一 一 丨 一 丨 一 丨 丶 𠃍 丨 ㇄ 丿 𠃍","丨 一 丨 一 丿 丶 ㇄ 丨 一 丨 𠃍 一 丨 𠃍 一"
"cnwstqi5900","junior","N","B","龊","龊","龊","丨 一 丿 丨 一 丨 一 一 𠃍 丶 ㇄ 丿 丨 ㇏ 丨","丨 一 丨 一 丿 丶 ㇄ 丨 丨 𠃍 一 丨 一 丿 ㇏"
"cnwstqi5901","junior","N","A","觑","觑","觑","丨 一 乛 丿 一 乚 丨 丨 丶 丿 ㇀ 丨 𠃍 丿 乚","丨 一 乛 丿 丨 ㇀ 丿 丨 丨 乚 丿 乚 丶 一 𠃍"
"cnwstqi5902","junior","N","B","瞌","瞌","瞌","丨 𠃍 丨 丨 一 一 𠃍 丨 丶 一 一 一 丨 𠃋 一","丨 𠃍 一 一 一 一 丨 一 𠃋 丶 丨 𠃍 丨 丨 一"
"cnwstqi5903","junior","N","A","瞋","瞋","瞋","丨 𠃍 一 一 一 一 丨 丨 𠃍 一 一 一 一 丿 丶","丨 𠃍 𠃍 一 一 丨 一 一 丨 一 一 丶 一 丿 一"
"cnwstqi5904","junior","N","A","瞑","瞑","瞑","丨 𠃍 一 一 一 ㇀ 乛 丨 𠃍 一 一 丶 一 丿 丶","丨 𠃍 丿 一 一 ㇀ 乛 𠃍 丶 一 丶 一 一 丨 一"
"cnwstqi5905","junior","N","A","嘭","嘭","嘭","丨 𠃍 一 一 丨 一 丨 𠃍 一 丶 丿 ㇀ 丿 丿 丿","丨 𠃍 ㇀ 一 一 丿 丿 丨 丶 𠃍 丿 丿 一 丨 一"
"cnwstqi5906","junior","N","A","噎","噎","噎","丨 𠃍 一 一 丨 一 ㇀ 乛 一 丨 𠃍 一 丶 丿 一","丨 𠃍 𠃍 乛 一 一 一 一 丨 丶 丨 一 丿 一 ㇀"
"cnwstqi5907","junior","N","A","噶","噶","噶","丨 𠃍 一 一 丨 丨 丨 𠃍 一 一 丿 𠃌 丿 丶 ㇄","丨 𠃍 ㇄ 𠃌 一 丿 丨 丨 丿 丶 𠃍 丨 一 一 一"
"cnwstqi5908","junior","N","B","颙","颙","颙","丨 𠃍 一 ㇀ 一 丨 丶 丨 丨 丿 一 丿 𠃌 丶 𠃍","丨 𠃍 一 一 丨 𠃌 丨 ㇀ 丶 一 丿 丨 𠃍 丿 丶"
"cnwstqi5909","junior","N","B","暹","暹","暹","丨 𠃍 一 一 丨 丶 ㇏ ㇋ 丶 丿 一 丨 一 一 一","丨 𠃍 一 一 丿 丨 丶 一 一 一 丨 一 丶 ㇋ ㇏"
"cnwstqi5910","junior","N","B","噘","噘","噘","丨 𠃍 丿 ㇄ 丿 一 一 丨 丶 丿 一 乛 丿 丿 ㇏","丨 𠃍 一 一 丿 丶 丿 一 ㇄ 丨 丿 丿 乛 丿 ㇏"
"cnwstqi5911","junior","N","A","踔","踔","踔","丨 𠃍 一 丨 一 丨 ㇀ 丨 一 丨 𠃍 一 一 一 丨","丨 𠃍 丨 一 ㇀ 一 𠃍 丨 一 一 一 丨 一 丨 丨"
"cnwstqi5912","junior","N","B","踝","踝","踝","丨 𠃍 丨 ㇏ 一 丨 一 一 丨 一 丿 ㇀ 一 丨 𠃍","丨 𠃍 一 丨 一 丨 ㇀ 丨 𠃍 一 一 一 丨 丿 ㇏"
"cnwstqi5913","junior","N","B","踟","踟","踟","丨 𠃍 丶 𠃍 丨 丿 丿 一 一 一 一 丨 丨 一 ㇀","丨 𠃍 一 丨 一 丨 ㇀ 丿 一 一 丿 丶 丨 𠃍 一"
"cnwstqi5914","junior","N","A","踒","踒","踒","丨 𠃍 一 丨 一 丨 ㇀ 丿 一 丨 丿 ㇏ 𡿨 丿 一","丨 𠃍 一 丿 一 丿 ㇏ ㇀ 𡿨 丿 丨 一 丨 一 丨"
"cnwstqi5915","junior","N","A","踬","踬","踬","丨 𠃍 一 丨 一 丨 ㇀ 丿 丿 一 丨 丨 𠃍 丿 丶","丨 𠃍 丨 丨 一 一 丿 ㇀ 丨 丿 𠃍 一 丨 丶 丿"
"cnwstqi5916","junior","N","A","踮","踮","踮","丨 𠃍 一 丨 一 丨 ㇀ 丶 一 丿 丨 一 丨 𠃍 一","丨 𠃍 丶 丨 一 一 丨 丨 一 一 丿 𠃍 丨 一 ㇀"
"cnwstqi5917","junior","N","A","踯","踯","踯","丨 𠃍 一 丨 一 丨 ㇀ 丶 丿 一 一 丿 丶 ㇌ 丨","丨 𠃍 丨 一 丨 丨 ㇌ 一 一 ㇀ 丶 丿 丿 一 丶"
"cnwstqi5918","junior","N","A","踺","踺","踺","丨 𠃍 一 丨 一 丨 ㇀ 𠃍 一 一 一 一 丨 ㇋ ㇏","丨 𠃍 丨 一 ㇋ 一 𠃍 一 一 一 一 ㇏ 丨 丨 ㇀"
"cnwstqi5919","junior","N","B","踞","踞","踞","丨 𠃍 丨 丨 丨 一 丨 一 丿 一 ㇀ 一 𠃍 一 𠃍","丨 𠃍 一 丨 一 丨 ㇀ 𠃍 一 丿 一 丨 丨 𠃍 一"
"cnwstqi5920","junior","N","B","蝽","蝽","蝽","丨 𠃍 丨 一 丿 ㇏ 一 𠃍 一 丨 一 一 丶 一 一","丨 𠃍 一 丨 一 丶 一 一 一 丿 ㇏ 丨 𠃍 一 一"
"cnwstqi5921","junior","N","B","蝾","蝾","蝾","丨 𠃍 乛 ㇏ 丨 丨 丨 一 ㇀ 一 丶 一 一 丿 丨","丨 𠃍 一 丨 一 丶 一 丨 丨 ㇀ 乛 一 丨 丿 ㇏"
"cnwstqi5922","junior","N","A","蝻","蝻","蝻","丨 𠃍 一 丨 一 丶 一 丨 丨 𠃌 丶 丿 一 一 丨","丨 𠃍 𠃌 丿 一 一 丨 丶 一 丶 丨 丨 一 一 丨"
"cnwstqi5923","junior","N","B","蝰","蝰","蝰","丨 𠃍 丿 一 丨 一 丶 一 一 ㇏ 丨 一 丨 一 一","丨 𠃍 一 丨 一 丶 一 丿 ㇏ 一 丨 一 一 丨 一"
"cnwstqi5924","junior","N","B","蝮","蝮","蝮","丨 𠃍 一 丿 ㇇ 一 一 一 丿 丶 丨 丨 一 ㇏ 𠃍","丨 𠃍 一 丨 一 丶 丿 一 丨 𠃍 一 一 丿 ㇇ ㇏"
"cnwstqi5925","junior","N","B","螋","螋","螋","丨 𠃍 一 丶 一 一 丿 丨 丨 一 ㇇ 丨 一 ㇏ 𠃍","丨 𠃍 一 丨 一 丶 丿 丨 一 𠃍 一 一 丨 ㇇ ㇏"
"cnwstqi5926","junior","N","A","蝓","蝓","蝓","丨 𠃍 一 丨 一 丶 丿 ㇏ 一 丨 𠃌 一 一 丨 亅","丨 𠃍 一 一 丨 ㇏ 丨 一 丶 丨 一 𠃌 亅 一 丿"
"cnwstqi5927","junior","N","B","蝣","蝣","蝣","丨 𠃍 丿 丶 一 丶 一 亅 一 𠃌 一 丨 一 丿 ㇇","丨 𠃍 一 丨 一 丶 丶 一 𠃌 丿 丿 一 ㇇ 亅 一"
"cnwstqi5928","junior","N","A","蝼","蝼","蝼","丨 𠃍 一 丨 一 丶 丶 丿 一 丨 丿 ㇏ 𡿨 丿 一","丨 𠃍 丿 丿 丶 丨 𡿨 一 一 丿 ㇏ 一 丨 丶 一"
"cnwstqi5929","junior","N","A","噗","噗","噗","丨 𠃍 一 丨 丨 丶 丿 一 丶 丿 一 一 一 丿 ㇏","丨 𠃍 丨 丿 一 ㇏ 丶 一 一 丿 丿 丨 一 一 丶"
"cnwstqi5930","junior","N","A","嘬","嘬","嘬","丨 𠃍 一 丨 𠃍 一 一 一 丨 丨 一 一 ㇀ ㇇ ㇏","丨 𠃍 一 ㇏ 一 ㇇ 丨 一 ㇀ 丨 丨 𠃍 一 一 一"
"cnwstqi5931","junior","N","A","颚","颚","颚","丨 𠃍 一 丨 𠃍 一 一 一 ㇉ 一 丿 丨 𠃍 丿 丶","丨 𠃍 丶 𠃍 ㇉ 丿 一 一 一 𠃍 丨 一 丨 一 丿"
"cnwstqi5932","junior","N","B","噍","噍","噍","丨 𠃍 一 丶 一 丨 丶 丨 ㇀ 丶 一 一 丿 一 丶","丨 𠃍 一 丿 丨 丶 一 一 一 丨 一 ㇀ 丶 丶 丶"
"cnwstqi5933","junior","N","B","噢","噢","噢","丨 𠃍 丨 丨 丿 丶 一 ㇏ 丿 丿 丿 一 一 丶 𠃍","丨 𠃍 一 丿 丨 𠃍 丶 丿 一 丨 丿 丶 一 丿 ㇏"
"cnwstqi5934","junior","N","B","噙","噙","噙","丨 𠃍 丶 𠃋 ㇄ 丶 丨 一 丿 𠃌 丶 丨 丿 一 ㇏","丨 𠃍 一 丿 ㇏ 丶 一 丿 丶 ㇄ 丨 丨 𠃌 𠃋 丶"
"cnwstqi5935","junior","N","A","噜","噜","噜","丨 𠃍 一 丿 ㇇ 丨 𠃍 一 丨 一 一 丨 𠃍 一 一","丨 𠃍 𠃍 一 丿 一 一 丨 一 丨 ㇇ 一 一 𠃍 丨"
"cnwstqi5936","junior","N","B","噌","噌","噌","丨 𠃍 丿 丨 一 𠃍 一 丿 一 一 𠃍 丨 丨 丶 丶","丨 𠃍 一 丶 丿 丨 𠃍 丨 丶 丿 一 丨 𠃍 一 一"
"cnwstqi5937","junior","N","B","噔","噔","噔","丨 𠃍 丨 一 ㇇ 𠃍 丿 丶 丿 一 丶 丿 一 ㇏ 一","丨 𠃍 一 ㇇ 丶 丿 丿 ㇏ 一 丨 𠃍 一 丶 丿 一"
"cnwstqi5938","junior","N","B","颛","颛","颛","丨 ㇄ 丿 一 丿 丨 丨 丨 丿 𠃌 𠃍 一 丨 丨 丶","丨 ㇄ 丨 一 丿 丨 𠃌 丨 丨 一 丿 丨 𠃍 丿 丶"
"cnwstqi5939","junior","N","A","幞","幞","幞","丨 𠃌 丨 丨 丨 丶 丿 一 丶 丿 一 一 一 丿 ㇏","丨 𠃌 一 丿 丶 丨 ㇏ 一 丨 丿 一 丨 一 丿 丶"
"cnwstqi5940","junior","N","B","幡","幡","幡","丨 𠃌 丨 一 丶 丨 丿 一 一 丨 𠃍 丨 丿 ㇏ 丿","丨 𠃌 丨 丿 丶 丿 一 丨 丿 ㇏ 丨 𠃍 一 丨 一"
"cnwstqi5941","junior","N","A","嶙","嶙","嶙","丨 ㇄ 丨 丶 丿 一 丨 丿 ㇏ 丿 ㇇ 丶 一 𠃋 丨","丨 ㇄ ㇇ 丨 丶 一 丿 丿 丶 丿 𠃋 丨 丨 ㇏ 一"
"cnwstqi5942","junior","N","B","嶝","嶝","嶝","丨 ㇄ 𠃍 ㇏ 丶 一 一 丨 丿 一 丿 丿 ㇇ 丨 丶","丨 ㇄ 丨 ㇇ 丶 丿 丿 ㇏ 一 丨 𠃍 一 丶 丿 一"
"cnwstqi5943","junior","N","B","骺","骺","骺","丨 𠃍 一 一 丨 𠃍 丿 丨 𠃌 一 丿 一 ㇀ 乛 𠃍","丨 𠃍 𠃍 ㇀ 乛 丨 𠃌 一 一 丿 丿 一 丨 𠃍 一"
"cnwstqi5944","junior","N","B","骼","骼","骼","丨 𠃍 ㇀ 𠃍 丨 ㇏ 丿 乛 𠃍 丨 ㇇ 𠃌 一 一 一","丨 𠃍 𠃍 ㇀ 乛 丨 𠃌 一 一 丿 ㇇ ㇏ 丨 𠃍 一"
"cnwstqi5945","junior","N","A","骸","骸","骸","丨 𠃍 𠃍 ㇀ 乛 丨 𠃌 一 一 丶 一 𠃋 丿 丿 丶","丨 𠃍 𠃋 ㇀ 丶 一 一 𠃌 𠃍 一 丨 乛 丿 丶 丿"
"cnwstqi5946","junior","N","A","镊","镊","镊","丿 一 一 一 𠄌 一 丨 丨 一 一 一 ㇇ 丶 ㇇ ㇏","丿 一 𠄌 一 ㇇ 一 丨 丨 一 一 丶 一 一 ㇏ ㇇"
"cnwstqi5947","junior","N","B","镉","镉","镉","丿 一 丿 𠄌 丶 𠃍 一 一 一 丨 𠃌 丨 一 丨 一","丿 一 一 一 𠄌 一 丨 𠃍 一 丨 𠃌 丶 丿 一 丨"
"cnwstqi5948","junior","N","B","镌","镌","镌","丿 一 丶 一 𠄌 丿 一 一 𠄎 一 一 丨 丿 一 丨","丿 一 一 一 𠄌 丿 丨 丶 一 一 一 丨 一 𠄎 丿"
"cnwstqi5949","junior","N","A","镍","镍","镍","丿 一 一 一 𠄌 丿 丨 𠃍 一 一 一 一 丨 丿 ㇏","丿 一 丨 𠄌 ㇏ 一 一 丿 丿 一 一 丨 一 𠃍 一"
"cnwstqi5950","junior","N","A","镏","镏","镏","丿 一 一 一 𠄌 丿 𠄌 丶 𠃌 丿 丨 𠃍 一 丨 一","丿 一 丿 一 丨 𠃍 𠃌 丨 丿 𠄌 𠄌 丶 一 一 一"
"cnwstqi5951","junior","N","B","镒","镒","镒","丿 一 𠄌 一 𠃍 丶 一 丿 丨 一 丨 丿 一 丶 丨","丿 一 一 一 𠄌 丶 丿 一 丿 丶 丨 𠃍 丨 丨 一"
"cnwstqi5952","junior","N","B","镓","镓","镓","丿 一 ㇁ ㇀ 𠄌 一 一 丶 一 乛 丿 丿 ㇏ 丿 丿","丿 一 一 一 𠄌 丶 ㇀ 乛 一 丿 ㇁ 丿 丿 丿 ㇏"
"cnwstqi5953","junior","N","B","镔","镔","镔","丿 一 𠄌 丨 丶 ㇀ 丿 一 一 一 一 丶 乛 丿 丨","丿 一 一 一 𠄌 丶 ㇀ 乛 丿 丨 一 丨 一 丿 丶"
"cnwstqi5954","junior","N","A","稷","稷","稷","丿 一 丨 丿 丶 丨 𠃍 一 丨 一 丿 丶 丿 ㇇ ㇏","丿 一 ㇏ 丶 丨 𠃍 一 丨 丨 丶 丿 ㇇ 一 丿 丿"
"cnwstqi5955","junior","N","A","箴","箴","箴","丿 一 丶 丿 一 丶 一 丿 一 丨 𠃍 一 ㇂ 丿 丶","丿 一 丿 一 丶 丿 一 ㇂ 丶 一 一 𠃍 丨 丶 丿"
"cnwstqi5956","junior","N","A","篑","篑","篑","丿 一 丶 丿 一 丶 丨 𠃍 一 丨 一 丨 𠃍 丿 丶","丿 一 丨 丶 一 丶 丿 一 丨 𠃍 一 丿 𠃍 丶 丨"
"cnwstqi5957","junior","N","A","篁","篁","篁","丿 一 丶 丿 一 丶 丿 丨 𠃍 一 一 一 一 丨 一","丿 一 一 丨 一 一 丶 丶 丿 丿 一 一 一 𠃍 丨"
"cnwstqi5958","junior","N","A","篌","篌","篌","丿 一 丶 丿 一 丶 丿 丨 𠃍 一 丿 一 一 丿 ㇏","丿 一 一 丶 丿 𠃍 丿 一 丶 丿 一 ㇏ 一 丿 丨"
"cnwstqi5959","junior","N","A","篆","篆","篆","丿 一 丶 丿 一 丶 𠃋 ㇇ 一 丿 ㇁ 丿 丿 丿 ㇏","丿 一 丿 一 丶 丿 ㇏ 丿 丶 ㇁ 丿 ㇇ 𠃋 丿 一"
"cnwstqi5960","junior","N","A","牖","牖","牖","丿 丨 一 𠃍 丶 𠃍 一 丿 一 丨 𠃌 一 一 丨 丶","丿 丨 𠃍 一 一 𠃌 𠃍 丨 丶 丿 丨 一 丶 一 一"
"cnwstqi5961","junior","N","A","儋","儋","儋","丿 丨 丿 ㇇ 一 丿 丿 丶 丶 一 一 一 丨 𠃍 一","丿 丨 ㇇ 𠃍 丿 丿 一 一 丶 一 丨 丿 丶 一 一"
"cnwstqi5962","junior","N","A","徵","徵","徵","丿 丿 丨 丨 ㇄ 丨 一 一 一 丨 一 丿 一 丿 ㇏","丿 丿 丿 丨 一 ㇄ 丨 一 ㇏ 丨 丨 一 一 一 丿"
"cnwstqi5963","junior","N","B","磐","磐","磐","丿 丿 ㇇ ㇍ 一 丿 一 𠃍 丶 ㇏ 一 丶 丨 𠃌 丿","丿 丿 𠃌 丶 一 丶 丿 ㇍ ㇇ ㇏ 一 丿 丨 𠃍 一"
"cnwstqi5964","junior","N","B","虢","虢","虢","丿 丶 丿 乛 亅 一 丶 丿 丶 一 丨 一 乚 丿 ⺄","丿 丶 丶 丿 一 亅 丶 丨 一 乛 丿 一 乚 丿 ⺄"
"cnwstqi5965","junior","N","A","鹞","鹞","鹞","丿 丶 丶 丿 丿 一 一 丨 ㇄ 丨 丿 𠃌 丶 ㇉ 一","丿 丶 ㇉ 丶 丨 𠃌 丿 丿 丿 一 丨 丶 一 ㇄ 一"
"cnwstqi5966","junior","N","A","膘","膘","膘","丿 𠃌 一 一 一 丨 𠃍 丨 丨 一 一 一 亅 丿 丶","丿 𠃌 一 亅 丶 一 一 𠃍 一 丨 一 丨 丿 一 丨"
"cnwstqi5967","junior","N","A","滕","滕","滕","丿 𠃌 一 一 丶 丿 一 一 丿 ㇏ 亅 丶 ㇀ 丿 丶","丿 𠃌 ㇏ 一 亅 丿 ㇀ 一 一 一 丶 丿 丶 丶 丿"
"cnwstqi5968","junior","N","B","鲠","鲠","鲠","丿 ㇇ ㇀ 丨 一 丨 丿 丨 ㇏ 𠃍 一 一 一 一 𠃍","丿 ㇇ 丨 𠃍 一 丨 一 ㇀ 一 丨 𠃍 一 一 丿 ㇏"
"cnwstqi5969","junior","N","A","鲡","鲡","鲡","丿 ㇇ 丨 𠃍 一 丨 一 ㇀ 一 丨 𠃌 丶 丨 𠃌 丶","丿 ㇇ ㇀ 丶 𠃌 丶 𠃍 丨 一 一 𠃌 一 丨 丨 丨"
"cnwstqi5970","junior","N","B","鲢","鲢","鲢","丿 ㇇ 𠃍 𠃋 一 ㇋ 一 丨 ㇏ 丨 一 一 ㇀ 丨 丶","丿 ㇇ 丨 𠃍 一 丨 一 ㇀ 一 𠃋 一 丨 丶 ㇋ ㇏"
"cnwstqi5971","junior","N","A","鲣","鲣","鲣","丿 ㇇ 丨 𠃍 一 丨 一 ㇀ 丨 丨 ㇇ ㇏ 一 丨 一","丿 ㇇ 丨 一 丨 一 ㇀ 丨 ㇏ 𠃍 一 丨 ㇇ 丨 一"
"cnwstqi5972","junior","N","A","鲥","鲥","鲥","丿 ㇇ 丨 𠃍 一 丨 一 ㇀ 丨 𠃍 一 一 一 亅 丶","丿 ㇇ 一 亅 丨 𠃍 丨 丶 𠃍 一 ㇀ 丨 一 一 一"
"cnwstqi5973","junior","N","B","鲧","鲧","鲧","丿 ㇇ 亅 𠃍 一 一 丿 丿 丨 𠃋 丶 𠃋 ㇀ 丶 丨","丿 ㇇ 丨 𠃍 一 丨 一 ㇀ 丿 𠃋 𠃋 丶 亅 丿 丶"
"cnwstqi5974","junior","N","B","鲩","鲩","鲩","丿 ㇇ 𠃍 丨 一 一 丨 丶 乚 乛 一 ㇀ ㇀ 丿 一","丿 ㇇ 丨 𠃍 一 丨 一 ㇀ 丶 ㇀ 乛 一 一 丿 乚"
"cnwstqi5975","junior","N","A","獗","獗","獗","丿 ㇁ 丿 一 丿 丶 丿 一 ㇄ 丨 丿 丿 乛 丿 ㇏","丿 ㇁ 一 丶 丿 ㇄ 丿 乛 ㇏ 丨 丿 丿 一 丿 丿"
"cnwstqi5976","junior","N","A","獠","獠","獠","丿 ㇁ 丿 一 丿 ㇏ 丶 丿 丨 𠃍 一 一 亅 丿 丶","丿 ㇁ 丿 一 丶 一 丿 一 𠃍 丶 丿 丨 丿 ㇏ 亅"
"cnwstqi5977","junior","N","B","觯","觯","觯","丿 ㇇ 𠃍 丿 一 丨 𠃌 一 丶 丿 丨 一 丨 一 一","丿 ㇇ 丿 𠃌 一 一 丨 丶 丿 丨 𠃍 一 一 一 丨"
"cnwstqi5978","junior","N","A","馓","馓","馓","丿 乛 𠄌 一 丨 丨 一 丨 𠃌 一 一 丿 一 丿 ㇏","丿 乛 一 一 𠃌 一 丨 一 丿 丨 𠄌 丿 ㇏ 一 丨"
"cnwstqi5979","junior","N","B","馔","馔","馔","丿 乛 𠄌 丶 一 𠃍 一 𠄌 𠃍 丨 丿 丨 一 乚 一","丿 乛 𠄌 𠃍 一 𠄌 𠃍 一 乚 一 丨 丨 一 丿 丶"
"cnwstqi5980","junior","N","B","麾","麾","麾","丶 一 丿 丿 乚 一 一 一 丶 丿 一 丨 ㇏ 丿 丨","丶 一 丿 一 丨 丿 丶 一 丨 丿 ㇏ 丿 一 一 乚"
"cnwstqi5981","junior","N","A","廛","廛","廛","丶 一 丿 丨 𠃍 一 一 丨 一 一 丿 丶 一 丨 一","丶 一 一 一 丿 丶 丨 丨 一 一 一 丨 一 丿 𠃍"
"cnwstqi5982","junior","N","A","瘛","瘛","瘛","丶 一 丿 丶 ㇀ 一 一 一 丨 𠃌 丿 ㇀ ㇃ 丶 丶","丶 一 ㇃ 丿 ㇀ 丶 丶 ㇀ 一 丿 丶 一 丨 𠃌 一"
"cnwstqi5983","junior","N","A","瘼","瘼","瘼","丶 一 丿 丶 ㇀ 一 丨 丨 丨 𠃍 一 一 一 丿 ㇏","丶 一 丿 丨 丨 丶 丿 一 ㇏ 一 一 ㇀ 𠃍 一 丨"
"cnwstqi5984","junior","N","A","瘢","瘢","瘢","丶 一 丿 丶 ㇀ 丿 丿 𠃌 丶 一 丶 丿 ㇍ ㇇ ㇏","丶 一 丿 丶 丿 丶 丶 丿 丿 一 𠃌 ㇍ ㇀ ㇏ ㇇"
"cnwstqi5985","junior","N","B","瘠","瘠","瘠","丶 一 丿 一 ㇏ 一 ㇀ ㇀ 丿 丶 丨 丶 𠃌 丿 丶","丶 一 丿 丶 ㇀ 丶 ㇀ 丿 丶 丿 ㇏ 丨 𠃌 一 一"
"cnwstqi5986","junior","N","A","齑","齑","齑","丶 一 丿 ㇏ 丿 丨 丨 一 一 一 丨 一 一 一 一","丶 一 丨 一 一 一 丿 丿 一 一 丨 一 一 丨 ㇏"
"cnwstqi5987","junior","N","A","羯","羯","羯","丶 丿 一 一 一 丿 丨 𠃍 一 一 丿 𠃌 丿 丶 ㇄","丶 丿 一 一 一 𠃌 丿 𠃍 丶 丿 ㇄ 丨 一 丿 一"
"cnwstqi5988","junior","N","B","羰","羰","羰","丶 丿 一 ㇏ 丨 丿 一 ㇀ 一 ㇄ 一 丿 丿 丿 丨","丶 丿 一 一 一 丿 丨 ㇄ 丨 一 丿 ㇀ 丿 丿 ㇏"
"cnwstqi5989","junior","N","A","𥻗","𥻗","𥻗","丶 丿 一 丨 丿 丶 一 丨 丿 ㇏ 丨 𠃍 一 一 一","丶 丿 一 丨 𠃍 一 一 一 丿 丨 丿 一 丨 丶 ㇏"
"cnwstqi5990","junior","N","A","遴","遴","遴","丶 丿 一 丨 丿 丶 丿 ㇇ 丶 一 𠃋 丨 丶 ㇋ ㇏","丶 丿 ㇏ 丿 丨 丶 丶 一 ㇇ 一 𠃋 ㇋ 丿 丨 丶"
"cnwstqi5991","junior","N","B","糌","糌","糌","丶 丿 丶 丿 一 丨 丨 丶 一 ㇏ 丨 𠃍 一 丿 ㇇","丶 丿 一 丨 丿 丶 丿 ㇇ ㇏ 丨 丶 丨 𠃍 一 一"
"cnwstqi5992","junior","N","B","糍","糍","糍","丶 丿 𠃋 丶 𠃋 丶 一 丶 𠃋 丿 丶 丿 丨 一 𠃋","丶 丿 一 丨 丿 丶 丶 丿 一 𠃋 𠃋 丶 𠃋 𠃋 丶"
"cnwstqi5993","junior","N","A","糅","糅","糅","丶 丿 一 丨 丿 丶 ㇇ 丶 乛 亅 丿 一 丨 丿 ㇏","丶 丿 乛 亅 丿 ㇏ 一 丶 丿 一 丨 丶 丨 ㇇ 丿"
"cnwstqi5994","junior","N","A","熜","熜","熜","㇀ 丿 丿 丶 丿 丨 𠃍 丿 ㇇ 丶 一 ㇀ ㇃ 丶 丶","㇀ 丿 𠃍 一 丿 丶 丶 丶 ㇇ 丿 ㇀ 丨 丿 丶 ㇃"
"cnwstqi5995","junior","N","B","熵","熵","熵","㇀ 丿 丿 一 丶 丿 𠃍 丨 一 丿 𠃌 丶 丶 丶 丨","㇀ 丿 丿 丶 丶 一 丶 丿 丨 𠃌 丿 丶 丨 𠃍 一"
"cnwstqi5996","junior","N","A","熠","熠","熠","㇀ 丿 丿 丶 𠃍 丶 ㇀ 𠃍 丶 ㇀ 丿 丨 𠃍 一 一","㇀ 丿 一 𠃍 丿 丿 丨 ㇀ 丶 𠃍 𠃍 ㇀ 丶 一 丶"
"cnwstqi5997","junior","N","A","澍","澍","澍","丶 丶 ㇀ 一 丨 一 丨 𠃍 一 丶 丿 ㇀ 一 亅 丶","丶 丶 丿 ㇀ 丨 亅 丶 𠃍 一 丶 ㇀ 一 丨 一 一"
"cnwstqi5998","junior","N","A","澌","澌","澌","丶 丶 ㇀ 一 丨 丨 一 一 一 丿 丶 丿 丿 一 丨","丶 丶 一 一 ㇀ 丿 一 一 丨 丨 丿 一 丿 丶 丨"
"cnwstqi5999","junior","N","B","潸","潸","潸","丶 丶 丶 丨 丿 𠃌 ㇀ 一 丿 一 丨 ㇏ 丨 一 一","丶 丶 ㇀ 一 丨 丿 丶 一 丨 丿 ㇏ 丨 𠃌 一 一"
"cnwstqi6000","junior","N","B","潦","潦","潦","丶 丶 亅 𠃍 丨 丿 丿 一 丶 丶 一 ㇀ 丿 一 ㇏","丶 丶 ㇀ 一 丿 ㇏ 丶 丿 丨 𠃍 一 一 亅 丿 丶"
"cnwstqi6001","junior","N","B","潲","潲","潲","丶 丶 一 丿 一 丨 ㇀ 丨 丨 丿 𠃌 丶 丶 丿 一","丶 丶 ㇀ 丿 一 丨 丿 丶 丨 丶 丿 丨 𠃌 一 一"
"cnwstqi6002","junior","N","B","鋈","鋈","鋈","丶 丶 一 一 丿 丿 ㇀ 一 丿 丶 丿 一 ㇏ 丨 丶","丶 丶 ㇀ 丿 一 丿 丶 丿 ㇏ 一 一 丨 丶 丿 一"
"cnwstqi6003","junior","N","B","潟","潟","潟","丶 丶 丿 丿 一 ㇀ ㇀ 𠃌 丶 一 一 丨 𠃍 丶 丶","丶 丶 ㇀ 丿 丨 一 𠃍 一 一 丿 𠃌 ㇀ 丶 丶 丶"
"cnwstqi6004","junior","N","A","潼","潼","潼","丶 丶 ㇀ 丶 一 丶 丿 一 丨 𠃍 一 一 丨 一 一","丶 丶 一 丿 一 一 丨 𠃍 一 丨 丶 一 一 ㇀ 丶"
"cnwstqi6005","junior","N","A","潺","潺","潺","丶 丶 ㇀ 𠃍 一 丿 ㇇ 亅 一 ㇇ 亅 ㇀ ㇇ 亅 一","丶 丶 ㇀ 丿 亅 一 𠃍 一 ㇇ ㇇ 亅 亅 一 ㇀ ㇇"
"cnwstqi6006","junior","N","A","憬","憬","憬","㇀ 丶 丨 丨 𠃍 一 一 丶 一 丨 𠃍 一 亅 丿 丶","㇀ 丶 一 丶 一 丶 丨 𠃍 丨 丨 一 丿 一 𠃍 亅"
"cnwstqi6007","junior","N","A","憧","憧","憧","㇀ 丶 丨 丶 一 丶 丿 一 丨 𠃍 一 一 丨 一 一","㇀ 丶 丿 一 丶 一 丨 一 𠃍 丨 一 一 一 丨 丶"
"cnwstqi6008","junior","N","A","寮","寮","寮","丶 ㇀ 乛 一 丿 ㇏ 丶 丿 丨 𠃍 一 一 亅 丿 丶","丶 ㇀ 丨 一 丿 丿 丿 ㇏ 亅 丶 乛 𠃍 一 一 丶"
"cnwstqi6009","junior","N","B","窳","窳","窳","丶 ㇀ 丿 丿 丿 丿 丶 丶 丶 𠄌 丿 𠄌 乛 ㇏ 丶","丶 ㇀ 乛 丿 丶 丿 丿 𠄌 丶 丶 丿 丿 𠄌 丶 ㇏"
"cnwstqi6010","junior","N","B","谳","谳","谳","丶 ㇊ 𠃌 一 丶 一 丨 丨 丶 丿 一 ㇏ 丿 丨 一","丶 ㇊ 一 丨 丨 𠃌 丶 丿 一 一 丨 一 丿 ㇏ 丶"
"cnwstqi6011","junior","N","B","褴","褴","褴","丶 ㇇ 丨 丨 丶 𠃍 丨 一 丨 丨 丶 丿 丨 一 丿","丶 ㇇ 丨 丿 丶 丨 丨 丿 一 丶 丨 𠃍 丨 丨 一"
"cnwstqi6012","junior","N","B","褟","褟","褟","丶 ㇇ 一 丨 丶 𠃌 丶 丶 𠃍 ㇀ 丨 丿 一 𠃌 ㇀","丶 ㇇ 丨 丿 丶 丨 𠃍 一 一 𠃌 丶 ㇀ 𠃌 丶 ㇀"
"cnwstqi6013","junior","N","A","褫","褫","褫","丶 ㇇ 丨 丿 丶 丿 丿 丨 一 乛 丿 一 乚 丿 ⺄","丶 ㇇ 丿 丿 丶 一 一 ⺄ 丿 丿 丿 乚 乛 丨 丨"
"cnwstqi6014","junior","N","A","谵","谵","谵","丶 ㇊ 丿 ㇇ 一 丿 丿 丶 丶 一 一 一 丨 𠃍 一","丶 ㇊ 𠃍 丿 丿 一 丶 一 丨 ㇇ 一 一 一 丿 丶"
"cnwstqi6015","junior","N","B","熨","熨","熨","𠃍 一 ㇀ 一 亅 丶 一 ㇏ 一 丿 亅 丿 丿 丶 丿","𠃍 一 丿 一 一 亅 丿 丶 一 亅 丶 ㇀ 丿 丿 ㇏"
"cnwstqi6016","junior","N","B","屦","屦","屦","𠃍 一 丿 丿 丶 丿 丨 丨 丿 一 丿 一 丿 ㇏ 𡿨","𠃍 一 丿 丿 丿 丨 丶 丿 一 丨 丿 ㇏ 𡿨 丿 一"
"cnwstqi6017","junior","N","B","嬉","嬉","嬉","𡿨 丿 一 丶 一 𠃍 丨 丨 丨 𠃍 一 一 一 丿 一","𡿨 丿 一 一 丨 一 丨 𠃍 一 丶 丿 一 丨 𠃍 一"
"cnwstqi6018","junior","N","B","勰","勰","勰","𠃌 丿 丿 丨 𠃌 一 一 𠃍 丨 ㇃ 丿 𠃌 ㇀ 丶 丶","𠃌 丿 𠃌 丿 𠃌 丿 丨 𠃍 一 丨 一 ㇀ ㇃ 丶 丶"
"cnwstqi6019","junior","N","A","戮","戮","戮","𠃍 丶 ㇀ 𠃍 丶 ㇀ 丿 丶 丿 丿 丿 一 ㇂ 丿 丶","𠃍 丶 丶 丶 ㇀ 一 𠃍 ㇀ 丿 丿 ㇂ 丿 丿 丿 丶"
"cnwstqi6020","junior","N","A","蝥","蝥","蝥","㇇ 丶 乛 亅 丿 丿 一 丿 ㇏ 丨 𠃍 一 丨 一 丶","㇇ 丶 ㇏ 丿 丨 一 一 丿 丶 一 丨 乛 亅 丿 𠃍"
"cnwstqi6021","junior","N","A","缬","缬","缬","𠃋 𠃋 ㇀ 一 丨 一 丨 𠃍 一 一 丿 丨 𠃍 丿 丶","𠃋 𠃋 丶 𠃍 丿 一 一 丨 一 丨 ㇀ 丿 𠃍 一 丨"
"cnwstqi6022","junior","N","B","缮","缮","缮","𠃋 𠃋 一 丨 一 丿 丶 𠃍 一 一 丶 丨 丿 ㇀ 一","𠃋 𠃋 ㇀ 丶 丿 一 一 一 丨 丶 丿 一 丨 𠃍 一"
"cnwstqi6023","junior","N","B","缯","缯","缯","𠃋 𠃋 ㇀ 丨 丨 一 丶 丨 一 𠃍 丿 丶 丿 𠃍 一","𠃋 𠃋 ㇀ 丶 丿 丨 𠃍 丨 丶 丿 一 丨 𠃍 一 一"
"cnwstqi6024","junior","N","A","骣","骣","骣","𠃍 ㇉ ㇀ 𠃍 一 丿 ㇇ 亅 一 ㇇ 亅 ㇀ ㇇ 亅 一","𠃍 ㇉ 𠃍 亅 亅 ㇇ ㇀ ㇇ 亅 一 ㇀ 一 一 ㇇ 丿"
"cnwstqi6025","junior","N","B","畿","畿","畿","𠃋 𠃋 丿 丶 ㇂ 丨 𠃍 一 一 一 丶 𠃋 丨 𠃋 丶","𠃋 𠃋 丶 𠃋 𠃋 丶 一 丨 𠃍 一 丨 一 ㇂ 丿 丶"
"cnwstqi6026","junior","N","B","耩","耩","耩","一 一 𠃌 一 一 丶 丨 一 一 一 一 丨 丿 丨 丨 丨","一 一 一 丨 丿 丶 一 一 丨 丨 一 丨 𠃌 丨 一 一"
"cnwstqi6027","junior","N","A","耨","耨","耨","一 一 一 丨 丿 丶 一 丿 一 一 𠄌 丿 ㇏ 一 亅 丶","一 一 丶 一 丿 一 丨 ㇏ 丿 一 一 一 亅 𠄌 丿 丶"
"cnwstqi6028","junior","N","A","耪","耪","耪","一 一 一 丨 丿 丶 丶 一 丶 丿 ㇀ 乛 丶 一 𠃌 丿","一 一 丶 丿 乛 丿 丶 一 一 𠃌 丶 一 丿 丶 ㇀ 丨"
"cnwstqi6029","junior","N","B","璞","璞","璞","一 一 一 一 丿 丿 一 丶 ㇀ 丨 丨 一 丶 丨 丿 ㇏","一 一 丨 ㇀ 丨 丨 丶 丿 一 丶 丿 一 一 一 丿 ㇏"
"cnwstqi6030","junior","N","B","璟","璟","璟","一 一 𠃍 丨 丨 亅 一 𠃍 丨 丶 丿 一 一 ㇀ 丶 一","一 一 丨 ㇀ 丨 𠃍 一 一 丶 一 丨 𠃍 一 亅 丿 丶"
"cnwstqi6031","junior","N","B","靛","靛","靛","一 一 丨 丿 一 ㇏ ㇀ 丨 𠃌 一 丨 乛 一 一 一 丶","一 一 丨 一 丨 𠃌 一 一 丶 ㇀ 乛 一 丨 一 丿 ㇏"
"cnwstqi6032","junior","N","B","璠","璠","璠","一 一 𠃍 一 丨 丿 丨 ㇀ 丿 一 丨 丶 一 丨 丿 ㇏","一 一 丨 ㇀ 丿 丶 丿 一 丨 丿 ㇏ 丨 𠃍 一 丨 一"
"cnwstqi6033","junior","N","B","璘","璘","璘","一 一 ㇀ 一 丿 丶 ㇏ 丶 ㇇ 丿 丿 丨 一 𠃋 丨 丨","一 一 丨 ㇀ 丶 丿 一 丨 丿 ㇏ 丿 ㇇ 丶 一 𠃋 丨"
"cnwstqi6034","junior","N","A","聱","聱","聱","一 一 丨 一 𠃌 丿 丿 一 丿 ㇏ 一 丨 丨 一 一 一","一 一 丿 ㇏ 一 丿 一 一 丨 𠃌 一 一 丨 一 丨 丿"
"cnwstqi6035","junior","N","A","螯","螯","螯","一 一 丨 一 𠃌 丿 丿 一 丿 ㇏ 丨 𠃍 一 丨 一 丶","一 一 ㇏ 丨 丨 一 丨 𠃌 丿 丶 一 一 丿 一 𠃍 丿"
"cnwstqi6036","junior","N","A","髻","髻","髻","一 丨 一 一 一 𠃋 丶 丿 丿 丿 一 丨 一 丨 𠃍 一","一 丨 丨 丿 一 一 丨 一 丶 一 𠃋 一 𠃍 一 丿 丿"
"cnwstqi6037","junior","N","B","髭","髭","髭","一 丨 丨 丿 一 乚 ㇀ 丿 一 丨 一 一 丿 𠃋 丿 丶","一 丨 一 一 一 𠃋 丶 丿 丿 丿 丨 一 丨 ㇀ 丿 乚"
"cnwstqi6038","junior","N","B","髹","髹","髹","一 丨 丿 丨 ㇏ 𠃋 丶 丿 丿 丿 一 一 丨 一 丿 一","一 丨 一 一 一 𠃋 丶 丿 丿 丿 丿 丨 一 丨 丿 ㇏"
"cnwstqi6039","junior","N","B","擀","擀","擀","一 亅 ㇏ 一 一 一 丨 一 一 𠃍 ㇀ 丨 丨 丿 一 丨","一 亅 ㇀ 一 丨 丨 𠃍 一 一 一 丨 丿 ㇏ 一 一 丨"
"cnwstqi6040","junior","N","B","熹","熹","熹","一 丨 丶 丨 一 丶 一 丶 丨 𠃍 丿 𠃍 ㇀ 丶 一 一","一 丨 一 丨 𠃍 一 丶 丿 一 丨 𠃍 一 ㇀ 丶 丶 丶"
"cnwstqi6041","junior","N","A","甏","甏","甏","一 丨 一 丨 𠃍 一 丶 丿 ㇀ 丿 丿 丿 一 𠄌 ⺄ 丶","一 丨 ⺄ 丿 𠄌 丿 𠃍 丿 丶 一 ㇀ 一 丨 丿 丶 一"
"cnwstqi6042","junior","N","A","擞","擞","擞","一 亅 ㇀ 丶 丿 一 丨 丿 丶 𡿨 丿 一 丿 一 丿 ㇏","一 亅 丿 ㇀ 丿 丶 𡿨 一 丿 丿 丶 ㇏ 一 一 丿 丨"
"cnwstqi6043","junior","N","A","縠","縠","縠","一 丨 一 丨 𠃍 一 𠃋 𠃋 丶 亅 丿 丶 丿 ㇍ ㇇ ㇏","一 丨 丿 ㇇ 丶 ㇏ 亅 丨 丿 𠃋 ㇍ 𠃋 𠃍 一 丶 一"
"cnwstqi6044","junior","N","A","磬","磬","磬","一 丨 一 𠃍 丨 一 丿 丿 ㇍ ㇇ 丶 一 丿 丨 𠃍 一","一 丨 ㇍ 𠃍 一 丿 丨 一 ㇇ 丿 𠃍 丨 丶 丿 一 一"
"cnwstqi6045","junior","N","B","颞","颞","颞","一 丨 丶 ㇇ 𠃍 丿 丿 一 一 丶 丶 丨 ㇇ 一 一 丨","一 丨 丨 一 一 一 ㇇ 丶 ㇇ 丶 一 丿 丨 𠃍 丿 丶"
"cnwstqi6046","junior","N","B","蕻","蕻","蕻","一 丨 一 丨 丨 一 一 丶 丨 丶 一 丿 𠃋 一 丨 一","一 丨 丨 一 丨 一 一 一 𠃋 丶 一 丨 丨 一 丿 丶"
"cnwstqi6047","junior","N","A","鞘","鞘","鞘","一 丨 丨 一 丨 𠃍 一 一 丨 丨 丶 丿 丨 𠃌 一 一","一 丨 丿 一 一 一 𠃍 𠃌 丨 丶 丨 丨 一 丨 丨 一"
"cnwstqi6048","junior","N","A","颟","颟","颟","一 丨 丨 一 丨 𠃌 丿 丶 丿 丶 一 丿 丨 𠃍 丿 丶","一 丨 𠃌 丨 丿 一 丶 丿 丨 丿 丶 一 丿 𠃍 丨 丶"
"cnwstqi6049","junior","N","A","薤","薤","薤","一 丨 丨 一 丿 ㇇ 丶 丨 一 一 一 丨 一 一 一 一","一 丨 一 丨 丨 一 一 一 丶 一 ㇇ 一 一 丿 丨 一"
"cnwstqi6050","junior","N","A","薨","薨","薨","一 丨 丨 丨 𠃍 丨 丨 一 ㇀ 乛 一 丿 ㇇ 丶 丿 乚","一 丨 ㇇ 丨 ㇀ 丨 丶 丿 𠃍 丨 一 乚 丨 丿 一 乛"
"cnwstqi6051","junior","N","B","檠","檠","檠","一 丨 丿 𠃍 一 丿 丿 丨 一 丨 丿 𠃌 丶 一 ㇏ 丨","一 丨 丨 丿 𠃌 丨 𠃍 一 丿 一 丿 丶 一 丨 丿 ㇏"
"cnwstqi6052","junior","N","A","薏","薏","薏","一 丨 丨 丶 一 丶 丿 一 丨 𠃍 一 一 ㇀ ㇃ 丶 丶","一 丨 丿 丨 ㇃ 一 ㇀ 一 丨 丶 丶 丶 𠃍 丶 一 一"
"cnwstqi6053","junior","N","B","薮","薮","薮","一 丨 𡿨 丶 丿 丨 丨 一 一 丿 丿 丿 丿 丶 ㇏ 一","一 丨 丨 丶 丿 一 丨 丿 丶 𡿨 丿 一 丿 一 丿 ㇏"
"cnwstqi6054","junior","N","B","薜","薜","薜","一 丨 丨 丶 一 丿 一 𠃍 丨 丶 一 一 丿 一 丨 𠃍","一 丨 丨 𠃍 一 丿 丨 𠃍 一 丶 一 丶 丿 一 一 丨"
"cnwstqi6055","junior","N","A","薅","薅","薅","一 丨 丨 𡿨 丿 一 一 丿 一 一 𠄌 丿 ㇏ 一 亅 丶","一 丨 亅 丿 一 丨 𡿨 丿 丿 一 一 丶 ㇏ 一 一 𠄌"
"cnwstqi6056","junior","N","B","樾","樾","樾","一 丨 𠄌 丨 丨 丿 丿 一 一 一 一 丶 ㇂ ㇏ 丶 丿","一 丨 丿 丶 一 丨 一 丨 一 丿 ㇏ 一 𠄌 ㇂ 丿 丶"
"cnwstqi6057","junior","N","B","橛","橛","橛","一 丨 丶 丶 丿 一 丿 丿 ㇏ 乛 丿 一 丿 丿 ㇄ 丨","一 丨 丿 丶 一 丿 丶 丿 一 ㇄ 丨 丿 丿 乛 丿 ㇏"
"cnwstqi6058","junior","N","B","橇","橇","橇","一 丨 丿 一 一 丶 乚 乚 一 丿 一 𠄌 丿 丿 一 一","一 丨 丿 丶 丿 一 一 乚 丿 一 一 𠄌 丿 一 一 乚"
"cnwstqi6059","junior","N","B","樵","樵","樵","一 丨 ㇀ 丶 一 丿 丿 一 丶 丨 丶 一 丶 丨 一 丶","一 丨 丿 丶 丿 丨 丶 一 一 一 丨 一 ㇀ 丶 丶 丶"
"cnwstqi6060","junior","N","A","檎","檎","檎","一 丨 丿 丶 丿 ㇏ 丶 一 丿 丶 ㇄ 丨 丨 𠃌 𠃋 丶","一 丨 丨 丿 丨 丿 丶 一 𠃋 ㇄ 𠃌 丶 ㇏ 丿 丶 丶"
"cnwstqi6061","junior","N","A","橹","橹","橹","一 丨 丿 丶 丿 ㇇ 丨 𠃍 一 丨 一 一 丨 𠃍 一 一","一 丨 丶 一 丨 丿 丿 一 丨 𠃍 丨 𠃍 一 一 一 ㇇"
"cnwstqi6062","junior","N","A","樽","樽","樽","一 丨 丿 丶 丶 丿 一 丨 𠃍 丿 ㇄ 一 一 一 亅 丶","一 丨 一 丿 ㇄ 丶 一 一 丿 一 丶 𠃍 丨 丶 丿 亅"
"cnwstqi6063","junior","N","B","樨","樨","樨","一 丨 丿 丶 丿 丿 ㇀ 一 丶 一 丨 丨 丶 一 丿 𠃍","一 丨 丿 丶 𠃍 一 丿 丨 丶 ㇀ 丿 丶 丿 一 一 丨"
"cnwstqi6064","junior","N","B","橼","橼","橼","一 丨 ㇁ 𠃋 ㇀ 丶 丿 𠃋 一 丿 丿 丿 丿 ㇏ ㇇ 𠃋","一 丨 丿 丶 𠃋 𠃋 ㇀ 𠃋 ㇇ 一 丿 ㇁ 丿 丿 丿 ㇏"
"cnwstqi6065","junior","N","B","墼","墼","墼","一 丨 ㇏ 丿 一 丨 丨 一 ㇍ 丨 ㇇ 𠃍 一 ㇄ 一 一","一 丨 𠃍 一 一 一 丨 ㇄ 丨 丿 ㇍ ㇇ ㇏ 一 丨 一"
"cnwstqi6066","junior","N","A","橐","橐","橐","一 丨 𠃍 一 丨 ㇀ 乛 一 丿 丨 𠃍 一 一 丨 丿 ㇏","一 丨 一 一 丨 ㇏ 𠃍 丿 一 丨 乛 𠃍 ㇀ 一 丨 丿"
"cnwstqi6067","junior","N","A","翮","翮","翮","一 丨 𠃍 一 丨 𠃌 丶 丿 一 丨 𠃌 丶 ㇀ 𠃌 丶 ㇀","一 丨 丶 𠃌 𠃍 丶 ㇀ 𠃌 𠃌 丶 ㇀ 一 丨 丨 丿 一"
"cnwstqi6068","junior","N","B","醛","醛","醛","一 丨 丨 一 一 丨 丨 ㇄ 一 丿 ㇏ 一 一 𠃍 一 丿","一 丨 𠃍 丿 ㇄ 一 一 一 丨 丨 丿 ㇏ 一 一 丨 一"
"cnwstqi6069","junior","N","A","醐","醐","醐","一 丨 𠃍 丿 ㇄ 一 一 一 丨 丨 𠃍 一 丿 𠃌 一 一","一 丨 一 丨 一 一 𠃍 𠃌 丨 一 ㇄ 一 一 𠃍 丿 丿"
"cnwstqi6070","junior","N","B","醍","醍","醍","一 丨 一 一 𠃍 丿 一 ㇏ 一 一 丨 丨 ㇄ 𠃍 一 丿","一 丨 𠃍 丿 ㇄ 一 一 丨 𠃍 一 一 一 丨 一 丿 ㇏"
"cnwstqi6071","junior","N","A","醚","醚","醚","一 丨 𠃍 丿 ㇄ 一 一 丶 丿 一 丨 丿 丶 丶 ㇋ ㇏","一 丨 𠃍 丿 丿 ㇄ 丶 一 丶 丿 ㇋ 一 ㇏ 丶 一 丨"
"cnwstqi6072","junior","N","B","磲","磲","磲","一 丿 丿 𠃍 一 ㇏ 一 ㇀ ㇄ 𠃍 一 丶 丶 丨 丨 一","一 丿 丨 𠃍 一 丶 丶 ㇀ 一 𠃍 一 ㇄ 一 丨 丿 ㇏"
"cnwstqi6073","junior","N","B","赝","赝","赝","一 丿 丿 一 丨 丨 𠃍 丿 丿 丨 丶 一 丶 一 一 丨","一 丿 丿 丨 丿 丨 丶 一 一 一 丨 一 丨 𠃍 丿 丶"
"cnwstqi6074","junior","N","B","飙","飙","飙","一 丿 丿 一 一 ⺄ 丿 丿 丶 丶 丶 丶 丶 丿 丶 丶","一 丿 丶 丶 一 丿 丶 丶 一 丿 丶 丶 丿 ⺄ 丿 丶"
"cnwstqi6075","junior","N","A","殪","殪","殪","一 丿 ㇇ 丶 一 丨 一 ㇀ 乛 一 丨 𠃍 一 丶 丿 一","一 丿 一 丶 乛 一 丶 丨 丨 一 ㇀ 一 一 𠃍 丿 ㇇"
"cnwstqi6076","junior","N","A","霖","霖","霖","一 ㇀ 乛 丨 丶 丶 丶 丶 一 丨 丿 丶 一 丨 丿 ㇏","一 ㇀ 丿 丶 丨 丶 丶 丶 一 丨 一 丶 丨 乛 丿 ㇏"
"cnwstqi6077","junior","N","A","霏","霏","霏","一 ㇀ 乛 丨 丶 丶 丶 丶 丨 一 一 一 丨 一 一 一","一 ㇀ 丶 一 一 丨 一 丶 一 丶 丶 乛 丨 一 一 丨"
"cnwstqi6078","junior","N","A","霓","霓","霓","一 ㇀ 乛 丨 丶 丶 丶 丶 丿 丨 一 𠃍 一 一 丿 乚","一 ㇀ 丶 丨 乚 丨 一 丶 丶 丶 一 丿 一 丿 𠃍 乛"
"cnwstqi6079","junior","N","A","錾","錾","錾","一 𠃋 丨 ㇀ 丿 丿 一 丨 丿 ㇏ 一 一 丨 丶 丿 一","一 𠃋 丶 一 一 丿 丿 丨 一 ㇀ 一 ㇏ 丨 丨 丿 丿"
"cnwstqi6080","junior","N","A","辚","辚","辚","一 𠃋 丨 ㇀ 丶 丿 一 丨 丿 ㇏ 丿 ㇇ 丶 一 𠃋 丨","一 𠃋 丶 丿 ㇀ ㇇ 丨 丨 丿 丶 一 丿 丨 一 𠃋 ㇏"
"cnwstqi6081","junior","N","A","臻","臻","臻","一 𠃋 丶 一 丨 ㇀ 一 一 一 丿 ㇏ 丿 一 丨 丿 丶","一 𠃋 丿 丿 丶 ㇀ 一 丨 丨 丿 一 一 一 一 丶 ㇏"
"cnwstqi6082","junior","N","B","遽","遽","遽","丨 一 丿 丿 丿 乛 一 丿 ㇋ 丿 丶 一 丶 ㇁ ㇏ 乚","丨 一 乛 丿 一 乚 一 丿 ㇁ 丿 丿 丿 丶 丶 ㇋ ㇏"
"cnwstqi6083","junior","N","A","氅","氅","氅","丨 丶 丿 丨 𠃌 丨 𠃍 一 丿 一 丿 ㇏ 丿 一 一 乚","丨 丶 一 ㇏ 丨 乚 丿 丿 丿 一 丿 一 𠃌 丨 𠃍 一"
"cnwstqi6084","junior","N","B","瞟","瞟","瞟","丨 𠃍 丨 一 一 𠃍 丨 一 丶 一 一 一 亅 丿 丨 一","丨 𠃍 一 一 一 一 丨 𠃍 丨 丨 一 一 一 亅 丿 丶"
"cnwstqi6085","junior","N","B","瞠","瞠","瞠","丨 𠃍 一 丿 一 一 一 一 丨 ㇀ 丨 丨 𠃍 乛 丶 一","丨 𠃍 一 一 一 丨 丶 丿 ㇀ 乛 丨 𠃍 一 一 丨 一"
"cnwstqi6086","junior","N","A","瞰","瞰","瞰","丨 𠃍 一 一 一 ㇇ 一 丨 丨 一 一 ㇀ 丿 一 丿 ㇏","丨 𠃍 丿 一 丨 一 一 一 丿 ㇏ 一 丨 ㇀ 一 一 ㇇"
"cnwstqi6087","junior","N","A","嚄","嚄","嚄","丨 𠃍 一 一 丨 丨 丿 丨 丶 一 一 一 丨 一 ㇇ ㇏","丨 𠃍 丶 ㇇ 一 一 一 一 丨 一 一 丨 丨 ㇏ 丨 丿"
"cnwstqi6088","junior","N","B","嚆","嚆","嚆","丨 𠃍 一 丨 丨 一 丨 丨 丶 丨 一 一 𠃍 一 𠃍 𠃌","丨 𠃍 一 一 丨 丨 丶 一 丨 𠃍 一 丨 𠃌 丨 𠃍 一"
"cnwstqi6089","junior","N","B","噤","噤","噤","丨 𠃍 一 一 丶 丨 丨 一 ㇏ 一 丿 丿 丿 一 亅 丶","丨 𠃍 一 一 丨 丿 丶 一 丨 丿 ㇏ 一 一 亅 丿 丶"
"cnwstqi6090","junior","N","A","暾","暾","暾","丨 𠃍 一 一 丶 一 丨 𠃍 一 ㇇ 亅 ㇀ 丿 一 丿 ㇏","丨 𠃍 亅 一 𠃍 一 一 丶 丨 ㇇ 一 丿 ㇏ 一 丿 ㇀"
"cnwstqi6091","junior","N","A","蹀","蹀","蹀","丨 𠃍 一 丨 一 丨 ㇀ 一 丨 丨 一 ㇄ 一 丨 丿 ㇏","丨 𠃍 丨 丨 ㇄ ㇏ 一 一 ㇀ 一 丨 一 一 丿 丨 丨"
"cnwstqi6092","junior","N","B","踹","踹","踹","丨 𠃍 丨 一 丨 丨 丨 丨 丿 一 ㇀ ㇄ 丨 𠃌 一 丨","丨 𠃍 一 丨 一 丨 ㇀ 丨 ㇄ 丨 一 丿 丨 𠃌 丨 丨"
"cnwstqi6093","junior","N","A","踵","踵","踵","丨 𠃍 一 丨 一 丨 ㇀ 丿 一 丨 𠃍 一 一 丨 一 一","丨 𠃍 一 ㇀ 一 𠃍 丨 丿 一 一 丨 丨 一 一 一 丨"
"cnwstqi6094","junior","N","B","踽","踽","踽","丨 𠃍 丨 一 丨 ㇀ 丶 一 丨 𠃍 ㇀ 丨 一 丿 丨 𠃌","丨 𠃍 一 丨 一 丨 ㇀ 丿 丨 𠃍 一 丨 𠃌 丨 ㇀ 丶"
"cnwstqi6095","junior","N","A","蹉","蹉","蹉","丨 𠃍 一 丨 一 丨 ㇀ 丶 丿 一 一 一 丿 一 丨 一","丨 𠃍 一 一 丿 一 一 一 丨 丿 丨 丶 一 一 丨 ㇀"
"cnwstqi6096","junior","N","A","蹁","蹁","蹁","丨 𠃍 一 丨 一 丨 ㇀ 丶 𠃍 一 丿 丨 𠃌 一 丨 丨","丨 𠃍 丿 一 𠃍 丨 一 𠃌 一 丨 ㇀ 丨 丨 丨 丶 一"
"cnwstqi6097","junior","N","A","螨","螨","螨","丨 𠃍 一 丨 一 丶 一 丨 丨 一 丨 𠃌 丿 丶 丿 丶","丨 𠃍 丶 丨 丿 丨 丨 丶 一 𠃌 一 一 丿 一 丶 丨"
"cnwstqi6098","junior","N","B","蟒","蟒","蟒","丨 𠃍 丨 丨 一 丶 一 一 丿 丨 丨 ㇏ 一 一 丶 丿","丨 𠃍 一 丨 一 丶 一 丨 丨 一 丿 ㇏ 丶 一 丿 丨"
"cnwstqi6099","junior","N","A","螈","螈","螈","丨 𠃍 一 丨 一 丶 一 丿 丿 丨 𠃍 一 一 亅 丿 丶","丨 𠃍 亅 丶 一 丿 一 丿 丨 𠃍 丶 丨 一 一 一 丿"
"cnwstqi6100","junior","N","B","螅","螅","螅","丨 𠃍 丿 丶 𠃍 一 丨 一 丨 ㇃ 一 一 一 ㇀ 丶 丶","丨 𠃍 一 丨 一 丶 丿 丨 𠃍 一 一 一 ㇀ ㇃ 丶 丶"
"cnwstqi6101","junior","N","B","螭","螭","螭","丨 𠃍 丨 𠃌 一 丨 丶 一 一 丶 丶 𠃋 丨 丶 ㇄ 丿","丨 𠃍 一 丨 一 丶 丶 一 丿 丶 ㇄ 丨 丨 𠃌 𠃋 丶"
"cnwstqi6102","junior","N","A","螠","螠","螠","丨 𠃍 一 丨 一 丶 丶 丿 一 丿 丶 丨 𠃍 丨 丨 一","丨 𠃍 一 一 丿 丨 一 丨 丿 一 丨 丨 丶 丶 𠃍 丶"
"cnwstqi6103","junior","N","A","螟","螟","螟","丨 𠃍 一 丨 一 丶 ㇀ 乛 丨 𠃍 一 一 丶 一 丿 丶","丨 𠃍 乛 一 一 一 ㇀ 丨 丶 丶 一 丶 𠃍 丿 一 丨"
"cnwstqi6104","junior","N","B","噱","噱","噱","丨 𠃍 丿 一 丿 丿 一 乚 丿 丨 乛 一 丿 ㇁ 一 ㇏","丨 𠃍 一 丨 一 乛 丿 一 乚 一 丿 ㇁ 丿 丿 丿 ㇏"
"cnwstqi6105","junior","N","B","噬","噬","噬","丨 𠃍 一 丨 一 丶 一 一 丶 丿 丿 丿 一 丶 丶 丿","丨 𠃍 一 丿 一 丶 丿 一 丶 一 丨 丿 丶 丿 丶 一"
"cnwstqi6106","junior","N","A","噫","噫","噫","丨 𠃍 一 丶 一 丶 丿 一 丨 𠃍 一 一 ㇀ ㇃ 丶 丶","丨 𠃍 ㇃ 一 ㇀ 丶 丶 𠃍 丿 丨 一 一 一 丶 一 丶"
"cnwstqi6107","junior","N","A","噻","噻","噻","丨 𠃍 一 丶 ㇀ 乛 一 一 丨 丨 一 丿 ㇏ 一 丨 一","丨 𠃍 乛 丿 ㇀ 一 一 丶 一 丨 一 一 ㇏ 丨 一 丨"
"cnwstqi6108","junior","N","A","噼","噼","噼","丨 𠃍 一 𠃍 一 丿 丨 𠃍 一 丶 一 丶 丿 一 一 丨","丨 𠃍 一 𠃍 丶 一 丨 丶 丿 一 丨 一 丿 一 𠃍 一"
"cnwstqi6109","junior","N","A","罹","罹","罹","丨 𠃍 丨 丨 一 ㇀ 丶 丨 丿 丨 丶 一 一 一 丨 一","丨 𠃍 丨 一 丨 丶 一 丿 一 丨 丨 一 ㇀ 丶 丨 一"
"cnwstqi6110","junior","N","B","圜","圜","圜","丨 𠃍 丨 𠃍 丨 丿 丨 一 丿 一 一 丶 𠄌 一 𠃍 丨","丨 𠃍 丨 𠃍 丨 丨 一 一 丨 𠃍 一 丿 𠄌 丿 丶 一"
"cnwstqi6111","junior","N","B","䦃","䦃","䦃","丿 一 一 丨 丨 一 𠃍 一 𠄌 丨 一 一 丨 丿 一 一","丿 一 一 一 𠄌 一 丨 丨 一 丨 一 丿 丨 𠃍 一 一"
"cnwstqi6112","junior","N","B","镖","镖","镖","丿 一 一 丶 一 一 丨 丨 一 𠄌 𠃍 丨 一 丿 亅 一","丿 一 一 一 𠄌 一 丨 𠃍 丨 丨 一 一 一 亅 丿 丶"
"cnwstqi6113","junior","N","A","镗","镗","镗","丿 一 一 一 𠄌 丨 丶 丿 ㇀ 乛 丨 𠃍 一 一 丨 一","丿 一 丨 一 𠄌 丨 一 丿 乛 一 𠃍 一 丶 ㇀ 丨 一"
"cnwstqi6114","junior","N","A","镘","镘","镘","丿 一 一 一 𠄌 丨 𠃍 一 一 丨 𠃍 丨 丨 一 ㇇ ㇏","丿 一 丨 丨 丨 一 ㇇ 𠃍 一 一 ㇏ 丨 一 𠃍 一 𠄌"
"cnwstqi6115","junior","N","B","镚","镚","镚","丿 一 一 一 一 丿 𠄌 𠃌 一 丨 丨 丿 一 ㇄ 𠃌 一","丿 一 一 一 𠄌 丨 ㇄ 丨 丿 𠃌 一 一 丿 𠃌 一 一"
"cnwstqi6116","junior","N","B","镛","镛","镛","丿 一 丶 一 丨 𠄌 一 丨 一 一 一 一 𠃌 丿 一 𠃍","丿 一 一 一 𠄌 丶 一 丿 𠃍 一 一 丨 𠃌 一 一 丨"
"cnwstqi6117","junior","N","A","镝","镝","镝","丿 一 一 一 𠄌 丶 一 丶 丿 丨 𠃌 一 丨 丨 𠃍 一","丿 一 一 一 丶 丿 丶 丨 一 𠄌 一 𠃍 丨 丨 一 𠃌"
"cnwstqi6118","junior","N","B","镞","镞","镞","丿 一 一 丿 一 一 丿 丶 丿 ㇏ 一 丿 一 𠄌 一 𠃌","丿 一 一 一 𠄌 丶 一 𠃌 丿 丿 一 丿 一 一 丿 ㇏"
"cnwstqi6119","junior","N","B","镠","镠","镠","丿 一 ㇏ 丶 一 丿 丿 𠃍 ㇀ 丶 丿 丿 𠄌 𠃍 一 ㇀","丿 一 一 一 𠄌 𠃍 丶 ㇀ 𠃍 丶 ㇀ 丿 ㇏ 丿 丿 丿"
"cnwstqi6120","junior","N","A","氇","氇","氇","丿 一 一 乚 丿 ㇇ 丨 𠃍 一 丨 一 一 丨 𠃍 一 一","丿 一 𠃍 丿 一 一 乚 一 丨 丨 丨 ㇇ 一 𠃍 一 一"
"cnwstqi6121","junior","N","A","氆","氆","氆","丿 一 一 乚 丶 丿 一 丨 丨 丶 丿 一 丨 𠃍 一 一","丿 一 一 丶 𠃍 丨 丶 一 一 一 丿 一 丨 丨 丿 乚"
"cnwstqi6122","junior","N","B","憩","憩","憩","丿 一 一 一 丶 𠃍 丨 丨 丿 ㇀ 一 ㇃ 一 丶 丨 𠃍","丿 一 丨 丨 𠃍 一 丿 丨 𠃍 一 一 一 ㇀ ㇃ 丶 丶"
"cnwstqi6123","junior","N","A","穑","穑","穑","丿 一 丨 丿 丶 一 丨 丶 丿 一 丨 𠃍 丨 𠃍 一 一","丿 一 一 一 丨 丨 一 一 丿 丶 丨 𠃍 𠃍 丿 丨 丶"
"cnwstqi6124","junior","N","B","篝","篝","篝","丿 一 一 丨 丿 𠃌 一 一 一 丨 丶 丶 一 丨 丨 一","丿 一 丶 丿 一 丶 一 一 丨 丨 一 丨 𠃌 丨 一 一"
"cnwstqi6125","junior","N","A","篥","篥","篥","丿 一 丶 丿 一 丶 一 丨 𠃍 丨 丨 一 一 丨 丿 ㇏","丿 一 丨 丿 一 一 丨 丨 丿 丶 𠃍 一 丨 ㇏ 一 丶"
"cnwstqi6126","junior","N","A","篦","篦","篦","丿 一 丶 丿 一 丶 丿 丨 𠃍 丿 丶 一 一 𠄌 丿 乚","丿 一 丿 丿 乚 丶 丶 丶 𠄌 𠃍 一 一 丿 丨 丿 一"
"cnwstqi6127","junior","N","B","篪","篪","篪","丿 一 丶 丿 一 ⺄ 丶 丿 丿 一 一 丨 乚 丿 乛 丿","丿 一 丶 丿 一 丶 丿 丿 丨 一 乛 丿 一 乚 丿 ⺄"
"cnwstqi6128","junior","N","A","篙","篙","篙","丿 一 丶 丿 一 丶 丶 一 丨 𠃍 一 丨 𠃌 丨 𠃍 一","丿 一 一 丶 𠃍 丶 𠃍 丨 一 一 𠃌 丨 一 丿 丶 丨"
"cnwstqi6129","junior","N","B","盥","盥","盥","丿 丨 丶 丿 丨 𠃍 一 ㇇ 一 一 一 丨 丨 亅 一 𠃍","丿 丨 一 一 亅 ㇇ 丿 丶 𠃍 一 一 丨 𠃍 丨 丨 一"
"cnwstqi6130","junior","N","A","劓","劓","劓","丿 丨 𠃍 一 一 一 丨 𠃍 一 丨 一 一 丿 丨 丨 亅","丿 丨 丨 丨 一 一 一 丨 丨 𠃍 一 一 𠃍 亅 丿 一"
"cnwstqi6131","junior","N","B","翱","翱","翱","丿 丨 丿 一 丶 丶 丶 ㇀ 一 一 𠃌 𠃌 ㇀ 𠃍 丨 一","丿 丨 𠃍 一 一 一 丿 丶 一 丨 𠃌 丶 ㇀ 𠃌 丶 ㇀"
"cnwstqi6132","junior","N","A","魉","魉","魉","丿 丨 𠃍 一 一 丿 乚 𠃋 丶 一 丨 𠃌 丿 丶 丿 丶","丿 丨 乚 一 一 丿 丶 𠃌 丿 丶 丨 𠃍 丶 丿 𠃋 一"
"cnwstqi6133","junior","N","A","魈","魈","魈","丿 丨 𠃍 一 一 丿 乚 𠃋 丶 丨 丶 丿 丨 𠃌 一 一","丿 丨 𠃌 一 丿 丨 一 一 丿 一 丶 丶 𠃋 丨 乚 𠃍"
"cnwstqi6134","junior","N","A","徼","徼","徼","丿 丿 丨 丿 丨 𠃍 一 一 丶 一 𠃌 丿 丿 一 丿 ㇏","丿 丿 ㇏ 丿 一 丿 𠃌 一 𠃍 丨 丶 丿 丿 一 丨 一"
"cnwstqi6135","junior","N","A","歙","歙","歙","丿 丶 一 丨 𠃍 一 𠃌 丶 ㇀ 𠃌 丶 ㇀ 丿 乛 丿 ㇏","丿 丶 𠃌 𠃍 丨 ㇀ 乛 一 𠃌 ㇀ 丶 一 丿 丿 ㇏ 丶"
"cnwstqi6136","junior","N","B","膳","膳","膳","丿 𠃌 一 丶 丶 𠃍 丿 一 丨 一 一 丨 丿 一 一 一","丿 𠃌 一 一 丶 丿 一 一 一 丨 丶 丿 一 丨 𠃍 一"
"cnwstqi6137","junior","N","A","膦","膦","膦","丿 𠃌 一 一 丶 丿 一 丨 丿 ㇏ 丿 ㇇ 丶 一 𠃋 丨","丿 𠃌 ㇇ 丶 丿 ㇏ 丶 一 丿 𠃋 一 丨 一 丿 丨 一"
"cnwstqi6138","junior","N","A","膙","膙","膙","丿 𠃌 一 一  一 ㇉ 丨 𠃍 一 丨 𠃍 一 丨 一 丶","丿 𠃌 丨 丨 一 𠃍 丨 ㇉ 一 丶 一 一 一  一 𠃍"
"cnwstqi6139","junior","N","B","鲮","鲮","鲮","丿 ㇇ 一 ㇀ ㇇ 一 丨 丿 丨 丶 一 一 丨 丿 ㇏ 𠃍","丿 ㇇ 丨 𠃍 一 丨 一 ㇀ 一 丨 一 丿 丶 丿 ㇇ ㇏"
"cnwstqi6140","junior","N","A","鲱","鲱","鲱","丿 ㇇ 丨 𠃍 一 丨 一 ㇀ 丨 一 一 一 丨 一 一 一","丿 ㇇ 一 一 一 ㇀ 丨 丨 丨 一 丨 𠃍 一 一 一 一"
"cnwstqi6141","junior","N","A","鲲","鲲","鲲","丿 ㇇ 丨 𠃍 一 丨 一 ㇀ 丨 𠃍 一 一 一 𠄌 丿 乚","丿 ㇇ 丿 丨 一 一 一 一 一 ㇀ 𠄌 丨 丨 𠃍 乚 𠃍"
"cnwstqi6142","junior","N","A","鲳","鲳","鲳","丿 ㇇ 丨 𠃍 一 丨 一 ㇀ 丨 𠃍 一 一 丨 𠃍 一 一","丿 ㇇ 丨 𠃍 𠃍 一 丨 ㇀ 一 一 丨 一 一 丨 𠃍 一"
"cnwstqi6143","junior","N","B","鲴","鲴","鲴","丿 ㇇ 𠃍 𠃍 ㇀ 丨 丨 丨 一 一 𠃍 丨 一 丨 一 一","丿 ㇇ 丨 𠃍 一 丨 一 ㇀ 丨 𠃍 一 丨 丨 𠃍 一 一"
"cnwstqi6144","junior","N","A","鲵","鲵","鲵","丿 ㇇ 丨 𠃍 一 丨 一 ㇀ 丿 丨 一 𠃍 一 一 丿 乚","丿 ㇇ 丨 ㇀ 丨 一 丨 乚 一 丿 丿 一 𠃍 一 𠃍 一"
"cnwstqi6145","junior","N","A","鲷","鲷","鲷","丿 ㇇ 丨 𠃍 一 丨 一 ㇀ 丿 𠃌 一 丨 一 丨 𠃍 一","丿 ㇇ 𠃌 丿 丨 一 一 一 𠃍 丨 丨 一 𠃍 一 ㇀ 丨"
"cnwstqi6146","junior","N","A","鲻","鲻","鲻","丿 ㇇ 丨 𠃍 一 丨 一 ㇀ 𡿨 𡿨 𡿨 丨 𠃍 一 丨 一","丿 ㇇ 一 𠃍 一 丨 一 𡿨 丨 丨 𡿨 𡿨 丨 一 𠃍 ㇀"
"cnwstqi6147","junior","N","A","獴","獴","獴","丿 ㇁ 丿 一 丨 丨 ㇀ 乛 一 一 丿 ㇁ 丿 丿 丿 ㇏","丿 ㇁ ㇏ ㇀ 一 一 丨 丿 丨 丿 丿 ㇁ 丿 丿 乛 一"
"cnwstqi6148","junior","N","B","獭","獭","獭","丿 ㇁ 一 丿 丶 丨 丨 丨 一 丿 𠃍 ㇇ 丶 丿 𠃍 丿","丿 ㇁ 丿 一 丨 𠃍 一 丨 丿 丶 丿 ㇇ 丨 𠃍 丿 丶"
"cnwstqi6149","junior","N","B","獬","獬","獬","丿 ㇁ ㇇ 丿 丨 一 一 一 丨 丿 𠃌 丿 丿 一 𠃌 丿","丿 ㇁ 丿 丿 ㇇ 丿 𠃌 一 一 丨 𠃌 丿 丿 一 一 丨"
"cnwstqi6150","junior","N","A","邂","邂","邂","丿 ㇇ 丿 𠃌 一 一 丨 𠃌 丿 丿 一 一 丨 丶 ㇋ ㇏","丿 ㇇ 丶 丿 一 丨 丿 ㇏ ㇋ 𠃌 一 一 一 丿 丨 𠃌"
"cnwstqi6151","junior","N","B","鹧","鹧","鹧","丶 一 丨 丶 ㇉ 丶 一 丶 丿 丶 一 一 丨 𠃌 ㇀ 丿","丶 一 丿 一 丨 丨 一 ㇀ 丶 丶 丶 丿 𠃌 丶 ㇉ 一"
"cnwstqi6152","junior","N","A","廨","廨","廨","丶 一 丿 丿 ㇇ 丿 𠃌 一 一 丨 𠃌 丿 丿 一 一 丨","丶 一 一 一 一 丿 丨 丿 丨 一 丿 𠃌 丿 丿 ㇇ 𠃌"
"cnwstqi6153","junior","N","B","赟","赟","赟","丶 一 丶 丨 ㇂ 一 一 𠃍 ㇀ 丶 丿 丶 丨 一 丿 丨","丶 一 丿 丶 一 一 丨 一 丨 ㇀ ㇂ 丶 丨 𠃍 丿 丶"
"cnwstqi6154","junior","N","B","瘰","瘰","瘰","丶 一 丶 𠃍 丶 一 一 𠃋 亅 丿 ㇀ 丿 𠃋 丨 丶 丨","丶 一 丿 丶 ㇀ 丨 𠃍 一 丨 一 𠃋 𠃋 丶 亅 丿 丶"
"cnwstqi6155","junior","N","A","廪","廪","廪","丶 一 丿 丶 一 丨 𠃍 丨 𠃍 一 一 一 一 亅 丿 丶","丶 一 一 丿 𠃍 丶 亅 丶 𠃍 丿 一 一 丨 一 一 丨"
"cnwstqi6156","junior","N","A","瘿","瘿","瘿","丶 一 丿 丶 ㇀ 丨 𠃍 丿 丶 丨 𠃍 丿 丶 𡿨 丿 一","丶 一 丶 丨 𡿨 𠃍 𠃍 丶 丿 丿 丨 丶 丿 丿 ㇀ 一"
"cnwstqi6157","junior","N","A","瘵","瘵","瘵","丶 一 丿 丶 ㇀ 丿 ㇇ 丶 丶 ㇇ ㇏ 一 一 亅 丿 丶","丶 一 ㇏ ㇇ 丶 丶 丿 ㇀ 丶 ㇇ 丿 一 丿 丶 一 亅"
"cnwstqi6158","junior","N","A","瘴","瘴","瘴","丶 一 丿 丶 ㇀ 丶 一 丶 丿 一 丨 𠃍 一 一 一 丨","丶 一 𠃍 丶 丨 丶 ㇀ 丨 一 一 一 丿 丿 丶 一 一"
"cnwstqi6159","junior","N","B","癃","癃","癃","丶 一 一 ㇏ 一 丿 丶 ㇌ 丿 丿 丨 一 一 ㇇ 丨 ㇀","丶 一 丿 丶 ㇀ ㇌ 丨 丿 ㇇ ㇏ 一 丿 一 一 丨 一"
"cnwstqi6160","junior","N","B","瘳","瘳","瘳","丶 一 丿 丿 丿 丶 丿 𠃍 𠃍 ㇀ 丶 ㇀ 丶 丿 ㇀ ㇏","丶 一 丿 丶 ㇀ 𠃍 丶 ㇀ 𠃍 丶 ㇀ 丿 ㇏ 丿 丿 丿"
"cnwstqi6161","junior","N","A","斓","斓","斓","丶 一 丿 丶 丶 丨 𠃌 一 丨 𠃍 丶 丿 一 丨 丿 丶","丶 一 丨 丿 丨 丶 丿 丶 丶 𠃍 丿 一 丨 一 丶 𠃌"
"cnwstqi6162","junior","N","B","麇","麇","麇","丶 一 𠃍 𠄌 丿 丿 乚 丿 丨 ㇏ 丨 丿 丨 一 一 一","丶 一 丿 𠃍 丨 丨 一 一 𠄌 丿 乚 丿 一 丨 丿 ㇏"
"cnwstqi6163","junior","N","A","麈","麈","麈","丶 一 丿 𠃍 丨 丨 一 一 𠄌 丿 乚 丶 一 一 丨 一","丶 一 一 丨 乚 丨 丶 一 丿 丨 𠄌 𠃍 一 一 丿 一"
"cnwstqi6164","junior","N","A","嬴","嬴","嬴","丶 一 ㇄ 丨 𠃍 一 丿 𠃌 一 一 𡿨 丿 一 丿 ⺄ 丶","丶 一 ⺄ 丶 ㇄ 𠃌 𡿨 一 一 𠃍 丿 丿 一 丨 一 丿"
"cnwstqi6165","junior","N","B","壅","壅","壅","丶 一 丿 一 丨 𠃋 𠃋 一 丶 一 丨 丿 一 丨 一 一","丶 一 𠃋 𠃋 丿 丿 丨 丶 一 一 一 丨 一 一 丨 一"
"cnwstqi6166","junior","N","B","羲","羲","羲","丶 丿 丶 丿 一 ㇂ 一 丨 丶 一 丿 一 丨 一 ㇉ 丿","丶 丿 一 一 丨 一 丿 一 丨 丿 丶 一 ㇉ ㇂ 丿 丶"
"cnwstqi6167","junior","N","B","糗","糗","糗","丶 丿 一 一 丨 𠃍 丿 丶 丿 丨 一 丶 丿 一 ㇏ 一","丶 丿 一 丨 丿 丶 丿 丨 𠃍 一 一 一 一 丿 ㇏ 丶"
"cnwstqi6168","junior","N","A","瞥","瞥","瞥","丶 丿 丨 𠃌 丨 丿 丶 丿 一 丿 ㇏ 丨 𠃍 一 一 一","丶 丿 丿 丿 丿 一 𠃌 一 一 ㇏ 丨 丶 一 𠃍 丨 丨"
"cnwstqi6169","junior","N","B","甑","甑","甑","丶 丿 丨 一 丶 丨 丨 丶 一 𠄌 一 𠃍 丿 𠃍 一 ⺄","丶 丿 丨 𠃍 丨 丶 丿 一 丨 𠃍 一 一 一 𠄌 ⺄ 丶"
"cnwstqi6170","junior","N","B","燎","燎","燎","㇀ 丿 一 丿 丶 亅 丿 丶 一 一 丿 丿 𠃍 ㇏ 丨 丶","㇀ 丿 丿 丶 一 丿 ㇏ 丶 丿 丨 𠃍 一 一 亅 丿 丶"
"cnwstqi6171","junior","N","B","燠","燠","燠","㇀ 丿 ㇏ 丨 丿 丶 丶 丿 丿 一 𠃍 丿 丨 丶 一 丿","㇀ 丿 丿 丶 丿 丨 𠃍 丶 丿 一 丨 丿 丶 一 丿 ㇏"
"cnwstqi6172","junior","N","B","燔","燔","燔","㇀ 丿 丶 丨 丶 一 丿 丨 一 丨 丿 丿 ㇏ 丿 一 𠃍","㇀ 丿 丿 丶 丿 丶 丿 一 丨 丿 ㇏ 丨 𠃍 一 丨 一"
"cnwstqi6173","junior","N","B","燧","燧","燧","㇀ 丿 丿 丶 ㇋ 丿 ㇁ 丿 丶 丿 丶 一 丿 ㇏ 丶 丿","㇀ 丿 丿 丶 丶 丿 一 丿 ㇁ 丿 丿 丿 丶 丶 ㇋ ㇏"
"cnwstqi6174","junior","N","B","濑","濑","濑","丶 丶 丨 丿 丨 𠃍 一 𠃍 丶 ㇇ 丨 丿 丿 一 丶 ㇀","丶 丶 ㇀ 一 丨 𠃍 一 丨 丿 丶 丿 ㇇ 丨 𠃍 丿 丶"
"cnwstqi6175","junior","N","A","濉","濉","濉","丶 丶 ㇀ 丨 𠃍 一 一 一 丿 丨 丶 一 一 一 丨 一","丶 丶 ㇀ 𠃍 一 一 丿 丨 一 一 一 丨 丨 一 丶 一"
"cnwstqi6176","junior","N","A","潞","潞","潞","丶 丶 ㇀ 丨 𠃍 一 丨 一 丨 ㇀ 丿 ㇇ ㇏ 丨 𠃍 一","丶 丶 ㇇ ㇀ 一 丨 丿 𠃍 丨 ㇀ 一 𠃍 丨 丨 一 ㇏"
"cnwstqi6177","junior","N","A","澧","澧","澧","丶 丶 ㇀ 丨 𠃍 一 丨 丨 一 一 丨 𠃍 一 丶 丿 一","丶 丶 丨 一 一 丶 𠃍 ㇀ 丿 一 丨 一 丨 𠃍 丨 一"
"cnwstqi6178","junior","N","A","澹","澹","澹","丶 丶 ㇀ 丿 ㇇ 一 丿 丿 丶 丶 一 一 一 丨 𠃍 一","丶 丶 丨 一 一 丶 𠃍 丶 丿 一 一 一 丿 丿 ㇀ ㇇"
"cnwstqi6179","junior","N","B","澥","澥","澥","丶 丶 丿 丿 一 一 丿 丿 丨 一 ㇇ 𠃌 一 ㇀ 𠃌 丨","丶 丶 ㇀ 丿 ㇇ 丿 𠃌 一 一 丨 𠃌 丿 丿 一 一 丨"
"cnwstqi6180","junior","N","B","澶","澶","澶","丶 丶 𠃍 一 𠃍 一 丶 ㇀ 丨 𠃍 一 丨 一 丨 一 一","丶 丶 ㇀ 丶 一 丨 𠃍 丨 𠃍 一 一 丨 𠃍 一 一 一"
"cnwstqi6181","junior","N","B","濂","濂","濂","丶 丶 ㇏ 丿 一 𠃍 丨 丶 丿 一 丶 丿 ㇀ 丨 一 一","丶 丶 ㇀ 丶 一 丿 丶 丿 一 𠃍 一 一 丨 丨 丿 ㇏"
"cnwstqi6182","junior","N","B","褰","褰","褰","丶 ㇀ 乛 一 丿 丶 丿 𠄌 一 一 一 丨 丨 ㇏ ㇏ 丿","丶 ㇀ 乛 一 一 丨 丨 一 丿 ㇏ 丶 一 丿 𠄌 丿 ㇏"
"cnwstqi6183","junior","N","B","寰","寰","寰","丶 ㇀ 丿 𠃍 丨 𠃍 丨 ㇏ 丿 丨 丨 一 一 𠄌 乛 一","丶 ㇀ 乛 丨 𠃍 丨 丨 一 一 丨 𠃍 一 丿 𠄌 丿 ㇏"
"cnwstqi6184","junior","N","A","窸","窸","窸","丶 ㇀ 乛 丿 丶 丿 丶 丿 一 丨 丿 ㇏ ㇀ ㇃ 丶 丶","丶 ㇀ 丶 丿 丿 一 丶 丶 ㇀ ㇏ 乛 丿 丨 ㇃ 丶 丿"
"cnwstqi6185","junior","N","B","褶","褶","褶","丶 ㇇ 丨 丿 一 丶 ㇀ 丿 𠃍 一 丨 丶 丶 𠃍 ㇀ 𠃍","丶 ㇇ 丨 丿 丶 𠃍 丶 ㇀ 𠃍 丶 ㇀ 丿 丨 𠃍 一 一"
"cnwstqi6186","junior","N","B","禧","禧","禧","丶 ㇇ 丶 丨 丨 丨 丶 𠃍 𠃍 一 丨 丿 一 一 一 一","丶 ㇇ 丨 丶 一 丨 一 丨 𠃍 一 丶 丿 一 丨 𠃍 一"
"cnwstqi6187","junior","N","A","嬖","嬖","嬖","𠃍 一 丿 丨 𠃍 一 丶 一 丶 丿 一 一 丨 𡿨 丿 一","𠃍 一 丿 𡿨 一 丶 丿 𠃍 丶 一 一 丿 一 一 丨 丨"
"cnwstqi6188","junior","N","A","犟","犟","犟","𠃍 一 ㇉ 丨 𠃍 一 丨 𠃍 一 丨 一 丶 丿 一 一 丨","𠃍 一 𠃍 一 丨 𠃍 一 丨 一 一 丨 ㇉ 丿 一 丶 丨"
"cnwstqi6189","junior","N","B","隰","隰","隰","㇌ 丨 丶 丶 ㇀ 𠃋 𠃋 丶 一 𠃍 丶 丶 𠃋 𠃋 一 丨","㇌ 丨 丨 𠃍 一 一 𠃋 𠃋 丶 𠃋 𠃋 丶 ㇀ 丶 丶 丶"
"cnwstqi6190","junior","N","A","嬗","嬗","嬗","𡿨 丿 一 丶 一 丨 𠃍 丨 𠃍 一 一 丨 𠃍 一 一 一","𡿨 丿 一 𠃍 一 𠃍 一 一 一 一 一 丶 𠃍 丨 丨 丨"
"cnwstqi6191","junior","N","B","颡","颡","颡","㇇ 丶 丨 丶 ㇇ 丶 一 丿 丶 丶 丿 丨 𠃍 丿 一 ㇇","㇇ 丶 ㇇ 丶 ㇇ 丶 一 丨 丿 丶 一 丿 丨 𠃍 丿 丶"
"cnwstqi6192","junior","N","B","缱","缱","缱","𠃋 𠃋 𠃍 ㇀ 一 丨 一 𠃍 丶 一 ㇏ 丨 𠃍 丨 一 ㇋","𠃋 𠃋 ㇀ 丨 𠃍 一 丨 一 丨 𠃍 一 𠃍 一 丶 ㇋ ㇏"
"cnwstqi6193","junior","N","B","缲","缲","缲","𠃋 𠃋 𠃍 一 丨 丨 一 ㇀ 一 一 𠃍 丿 丨 ㇏ 𠃍 丨","𠃋 𠃋 ㇀ 丨 𠃍 一 丨 𠃍 一 丨 𠃍 一 一 丨 丿 ㇏"
"cnwstqi6194","junior","N","B","缳","缳","缳","𠃋 𠃋 ㇏ 一 𠄌 丨 丨 丨 一 一 丨 𠃍 ㇀ 丿 丿 𠃍","𠃋 𠃋 ㇀ 丨 𠃍 丨 丨 一 一 丨 𠃍 一 丿 𠄌 丿 ㇏"
"cnwstqi6195","junior","N","A","璨","璨","璨","一 一 丨 ㇀ 丨 一 丿 ㇇ 丶 ㇇ 丶 丶 丿 一 丨 丿 ㇏","一 一 丿 丶 ㇇ 一 丿 丿 一 丨 ㇏ 丨 ㇀ 丶 丶 丨 ㇇"
"cnwstqi6196","junior","N","A","璩","璩","璩","一 一 丨 ㇀ 丨 一 乛 丿 一 乚 一 丿 ㇁ 丿 丿 丿 ㇏","一 一 一 一 乛 一 丨 丿 丿 ㇁ 丿 ㇀ 丿 ㇏ 乚 丿 丨"
"cnwstqi6197","junior","N","A","璐","璐","璐","一 一 丨 ㇀ 丨 𠃍 一 丨 一 丨 ㇀ 丿 ㇇ ㇏ 丨 𠃍 一","一 一 ㇏ 一 丨 丨 丨 ㇇ ㇀ 𠃍 一 一 𠃍 ㇀ 丨 丿 丨"
"cnwstqi6198","junior","N","B","璪","璪","璪","一 一 一 𠃍 𠃍 一 丿 丨 ㇏ 一 一 丨 丨 丨 𠃍 ㇀ 丨","一 一 丨 ㇀ 丨 𠃍 一 丨 𠃍 一 丨 𠃍 一 一 丨 丿 ㇏"
"cnwstqi6199","junior","N","B","螫","螫","螫","一 丨 丿 一 丨 ㇏ 丿 丨 丶 一 𠃍 丶 丿 丿 一 亅 一","一 丨 一 丿 亅 丿 丶 丿 一 丿 ㇏ 丨 𠃍 一 丨 一 丶"
"cnwstqi6200","junior","N","A","擤","擤","擤","一 亅 ㇀ 丿 丨 𠃍 一 一 一 丨 𠃍 一 丨 一 一 丿 丨","一 亅 丿 一 丨 丨 丨 一 一 一 丿 丨 ㇀ 𠃍 一 𠃍 一"
"cnwstqi6201","junior","N","B","壕","壕","壕","一 丨 丶 一 丿 一 乛 ㇀ 丿 ㇀ 丿 丨 ㇁ 一 𠃍 丿 ㇏","一 丨 ㇀ 丶 一 丨 𠃍 一 ㇀ 乛 一 丿 ㇁ 丿 丿 丿 ㇏"
"cnwstqi6202","junior","N","A","觳","觳","觳","一 丨 一 ㇀ ㇇ 一 丿 ㇇ 丿 𠃌 一 一 丨 丿 ㇍ ㇇ ㇏","一 丨 丨 ㇇ 丿 一 一 ㇍ 丿 一 𠃌 ㇀ 丿 ㇇ ㇏ 一 ㇇"
"cnwstqi6203","junior","N","B","罄","罄","罄","一 丨 一 一 ㇇ 丨 丿 丿 丶 一 ㇄ ㇍ 丨 𠃍 一 丨 丿","一 丨 一 𠃍 丨 一 丿 丿 ㇍ ㇇ 丶 丿 一 一 丨 ㇄ 丨"
"cnwstqi6204","junior","N","A","擢","擢","擢","一 亅 ㇀ 𠃍 丶 ㇀ 𠃍 丶 ㇀ 丿 丨 丶 一 一 一 丨 一","一 亅 一 一 丶 丨 一 一 ㇀ 丶 ㇀ ㇀ 𠃍 𠃍 丿 丶 丨"
"cnwstqi6205","junior","N","B","薹","薹","薹","一 丨 一 一 丨 一 一 乛 丨 一 ㇀ 丨 𠃍 丨 丶 𠃋 一","一 丨 丨 一 丨 一 丨 𠃍 一 ㇀ 乛 一 𠃋 丶 一 丨 一"
"cnwstqi6206","junior","N","B","鞡","鞡","鞡","一 丨 一 一 一 丿 ㇀ 一 丶 丶 亅 一 丨 一 丨 𠃍 丨","一 丨 丨 一 丨 𠃍 一 一 丨 一 亅 ㇀ 丶 一 丶 丿 一"
"cnwstqi6207","junior","N","B","鞬","鞬","鞬","一 丨 丨 一 丨 一 一 ㇏ 丨 丨 𠃍 ㇋ 一 一 𠃍 一 一","一 丨 丨 一 丨 𠃍 一 一 丨 𠃍 一 一 一 一 丨 ㇋ ㇏"
"cnwstqi6208","junior","N","B","薷","薷","薷","一 丨 丶 乛 丶 丿 丨 一 𠃌 丨 丶 丶 一 ㇀ 丨 丨 丨","一 丨 丨 一 ㇀ 乛 丨 丶 丶 丶 丶 一 丿 丨 𠃌 丨 丨"
"cnwstqi6209","junior","N","A","薰","薰","薰","一 丨 丨 丿 一 丨 𠃍 丶 丿 一 丨 一 一 ㇀ 丶 丶 丶","一 丨 一 丿 丨 丿 丶 丶 一 一 一 𠃍 丨 丶 ㇀ 丶 丨"
"cnwstqi6210","junior","N","A","藓","藓","藓","一 丨 丨 丿 ㇇ 丨 𠃍 一 丨 一 ㇀ 丶 丿 一 一 一 丨","一 丨 丿 丶 丨 ㇇ 一 丨 𠃍 ㇀ 一 一 丿 一 丨 丨 一"
"cnwstqi6211","junior","N","A","藁","藁","藁","一 丨 丨 丶 一 丨 𠃍 一 丨 𠃌 丨 𠃍 一 一 丨 丿 ㇏","一 丨 丶 𠃍 丨 丨 丨 丨 一 丨 𠃌 一 一 丿 ㇏ 𠃍 一"
"cnwstqi6212","junior","N","A","檄","檄","檄","一 丨 丿 丶 丿 丨 𠃍 一 一 丶 一 𠃌 丿 丿 一 丿 ㇏","一 丨 𠃍 一 丿 丶 丨 一 一 丿 ㇏ 丿 丶 丿 𠃌 丿 一"
"cnwstqi6213","junior","N","A","檩","檩","檩","一 丨 丿 丶 丶 一 丨 𠃍 丨 𠃍 一 一 一 一 亅 丿 丶","一 丨 一 丶 丨 亅 一 𠃍 𠃍 丿 一 丶 一 丿 丶 一 丨"
"cnwstqi6214","junior","N","B","懋","懋","懋","一 丨 ㇀ 丿 丶 丨 一 ㇇ 亅 丿 乛 丶 ㇏ 丿 丶 ㇃ 丶","一 丨 丿 丶 ㇇ 丶 乛 亅 丿 一 丨 丿 ㇏ ㇀ ㇃ 丶 丶"
"cnwstqi6215","junior","N","A","醢","醢","醢","一 丨 𠃍 丿 ㇄ 一 一 一 丿 丨 𠃍 一 丨 𠃍 丨 丨 一","一 丨 丨 一 丨 一 𠃍 𠃍 丨 ㇄ 丿 一 𠃍 一 丿 一 丨"
"cnwstqi6216","junior","N","B","翳","翳","翳","一 丿 ㇀ 一 𠃌 丶 丿 丶 丿 ㇇ ㇄ 𠃌 ㇀ 一 ㇏ ㇍ 丶","一 丿 一 一 丿 丶 ㇄ 丿 ㇍ ㇇ ㇏ 𠃌 丶 ㇀ 𠃌 丶 ㇀"
"cnwstqi6217","junior","N","A","礅","礅","礅","一 丿 丨 𠃍 一 丶 一 丨 𠃍 一 ㇇ 亅 ㇀ 丿 一 丿 ㇏","一 丿 丨 一 丨 亅 丿 𠃍 一 一 ㇀ ㇏ 𠃍 丶 丿 一 ㇇"
"cnwstqi6218","junior","N","B","磴","磴","磴","一 丿 𠃍 ㇏ 一 𠃍 丶 ㇇ 丿 丨 丿 丶 丿 一 丨 一 一","一 丿 丨 𠃍 一 ㇇ 丶 丿 丿 ㇏ 一 丨 𠃍 一 丶 丿 一"
"cnwstqi6219","junior","N","B","鹩","鹩","鹩","一 丿 丿 一 丿 丶 一 亅 ㇏ 丨 丶 ㇉ 丿 𠃌 一 𠃍 丶","一 丿 ㇏ 丶 丿 丨 𠃍 一 一 亅 丿 丶 丿 𠃌 丶 ㇉ 一"
"cnwstqi6220","junior","N","A","龋","龋","龋","丨 一 丨 一 丿 丶 ㇄ 丨 丿 丨 𠃍 一 丨 𠃌 丨 ㇀ 丶","丨 一 一 丿 𠃍 丨 𠃌 一 ㇀ 丿 丨 丨 丶 ㇄ 丶 丨 丨"
"cnwstqi6221","junior","N","B","龌","龌","龌","丨 一 ㇄ 一 丨 丨 𠃋 一 一 丶 一 丨 𠃍 丿 丿 丶 一","丨 一 丨 一 丿 丶 ㇄ 丨 𠃍 一 丿 一 𠃋 丶 一 丨 一"
"cnwstqi6222","junior","N","A","豳","豳","豳","丨 一 丿 ㇁ 丿 丿 丿 丶 一 丿 ㇁ 丿 丿 丿 丶 ㇄ 丨","丨 一 ㇁ 一 丿 ㇁ 丿 丿 丶 丿 丿 丨 丿 丿 丿 ㇄ 丶"
"cnwstqi6223","junior","N","B","壑","壑","壑","丨 一 丿 ㇏ 一 乛 ㇀ 一 丨 丿 一 ㇏ 一 𠃍 ㇇ 丶 丨","丨 一 ㇀ 乛 一 丿 丶 丿 ㇏ 丨 𠃍 一 ㇇ ㇏ 一 丨 一"
"cnwstqi6224","junior","N","A","黻","黻","黻","丨 丨 丶 丿 一 丶 丿 丨 𠃌 丨 丿 丶 一 丿 ㇇ ㇏ 丶","丨 丨 ㇇ 𠃌 丶 丿 丿 一 一 丿 丨 丨 丿 丶 丶 丶 ㇏"
"cnwstqi6225","junior","N","B","嚏","嚏","嚏","丨 𠃍 一 丨 丨 一 一 丨 丿 一 丨 乛 乛 ㇀ ㇏ 𠃍 一","丨 𠃍 一 一 丨 ㇀ 乛 丨 𠃍 一 丨 一 乛 丨 一 丿 ㇏"
"cnwstqi6226","junior","N","B","嚅","嚅","嚅","丨 𠃍 丶 丶 一 一 丨 丨 一 丨 ㇀ 乛 丶 丶 𠃌 丿 丨","丨 𠃍 一 一 ㇀ 乛 丨 丶 丶 丶 丶 一 丿 丨 𠃌 丨 丨"
"cnwstqi6227","junior","N","B","蹑","蹑","蹑","丨 𠃍 ㇏ 丨 一 丨 一 一 ㇇ 一 丨 一 一 ㇀ 丶 ㇇ 丨","丨 𠃍 一 丨 一 丨 ㇀ 一 丨 丨 一 一 一 ㇇ 丶 ㇇ ㇏"
"cnwstqi6228","junior","N","A","蹒","蹒","蹒","丨 𠃍 一 丨 一 丨 ㇀ 一 丨 丨 一 丨 𠃌 丿 丶 丿 丶","丨 𠃍 丨 丿 丨 丶 一 𠃌 ㇀ 丿 丨 一 丨 丶 一 一 丨"
"cnwstqi6229","junior","N","B","蹊","蹊","蹊","丨 𠃍 ㇀ 𠃋 丿 丨 丿 一 丶 一 丶 一 丨 ㇏ 丿 𠃋 丶","丨 𠃍 一 丨 一 丨 ㇀ 丿 丶 丶 丿 𠃋 𠃋 丶 一 丿 ㇏"
"cnwstqi6230","junior","N","A","蟥","蟥","蟥","丨 𠃍 一 丨 一 丶 一 丨 丨 一 丨 𠃍 一 丨 一 丿 丶","丨 𠃍 丨 一 一 丨 一 丨 一 丶 丶 丨 丨 一 一 丿 𠃍"
"cnwstqi6231","junior","N","A","螬","螬","螬","丨 𠃍 一 丨 一 丶 一 丨 𠃍 一 丨 丨 一 丨 𠃍 一 一","丨 𠃍 一 一 丶 𠃍 丨 丨 丨 一 丨 丨 𠃍 一 一 一 一"
"cnwstqi6232","junior","N","A","螵","螵","螵","丨 𠃍 一 丨 一 丶 一 丨 𠃍 丨 丨 一 一 一 亅 丿 丶","丨 𠃍 一 一 一 一 丨 丨 丶 一 丶 丿 丨 一 丨 𠃍 亅"
"cnwstqi6233","junior","N","B","疃","疃","疃","丨 𠃍 丶 一 一 一 一 丿 一 丨 丶 丨 𠃍 一 一 一 丨","丨 𠃍 一 丨 一 丶 一 丶 丿 一 丨 𠃍 一 一 丨 一 一"
"cnwstqi6234","junior","N","A","螳","螳","螳","丨 𠃍 一 丨 一 丶 丨 丶 丿 ㇀ 乛 丨 𠃍 一 一 丨 一","丨 𠃍 丨 丶 ㇀ 丿 丨 乛 一 丶 一 一 丨 一 一 丨 𠃍"
"cnwstqi6235","junior","N","B","蟑","蟑","蟑","丨 𠃍 丶 一 一 丨 丿 一 一 丨 丨 一 丶 𠃍 丶 一 一","丨 𠃍 一 丨 一 丶 丶 一 丶 丿 一 丨 𠃍 一 一 一 丨"
"cnwstqi6236","junior","N","A","嚓","嚓","嚓","丨 𠃍 一 丶 ㇀ 乛 丿 ㇇ 丶 丶 ㇇ ㇏ 一 一 亅 丿 丶","丨 𠃍 ㇏ 一 丶 亅 丶 ㇀ ㇇ 一 丶 丶 丿 乛 ㇇ 丿 一"
"cnwstqi6237","junior","N","B","羁","羁","羁","丨 𠃍 丨 一 一 𠃍 丨 一 丨 𠃍 丨 一 丨 一 丨 ㇉ 一","丨 𠃍 丨 丨 一 一 丨 丨 一 丨 𠃍 一 一 丨 𠃍 ㇉ 一"
"cnwstqi6238","junior","N","A","罽","罽","罽","丨 𠃍 丨 丨 一 一 丿 ㇀ 丿 丿 丶 ㇀ 丿 丿 丶 丨 亅","丨 𠃍 丿 亅 丿 丨 丶 丿 丿 丨 ㇀ ㇀ 丿 丶 一 丨 一"
"cnwstqi6239","junior","N","B","罾","罾","罾","丨 𠃍 丿 丨 一 一 丨 一 𠃍 丿 丨 一 丨 𠃍 丶 丨 丶","丨 𠃍 丨 丨 一 丶 丿 丨 𠃍 丨 丶 丿 一 丨 𠃍 一 一"
"cnwstqi6240","junior","N","A","嶷","嶷","嶷","丨 ㇄ 丨 丿 乚 丿 一 一 丿 丶 ㇇ 丶 乛 丨 一 丿 ㇏","丨 ㇄ ㇇ 一 丶 一 丿 ㇏ 丶 乚 一 丿 乛 丨 丿 丨 丿"
"cnwstqi6241","junior","N","B","黜","黜","黜","丨 𠃍 ㇀ 一 丶 丨 丨 ㇄ 丨 丿 丨 丶 丶 ㇄ 一 丶 ㇀","丨 𠃍 丶 丿 一 丨 一 ㇀ ㇀ 丶 丶 丶 ㇄ 丨 丨 ㇄ 丨"
"cnwstqi6242","junior","N","B","黝","黝","黝","丨 𠃍 一 丨 𠃋 ㇀ 一 丿 丶 丶 丶 ㇀ 𠃋 丿 丶 丶 𠃌","丨 𠃍 丶 丿 一 丨 一 ㇀ ㇀ 丶 丶 丶 𠃋 𠃋 丶 𠃌 丿"
"cnwstqi6243","junior","N","A","髁","髁","髁","丨 𠃍 𠃍 ㇀ 乛 丨 𠃌 一 一 丨 𠃍 一 一 一 丨 丿 ㇏","丨 𠃍 ㇀ 丨 一 一 一 乛 ㇏ 𠃍 𠃌 丿 丨 𠃍 一 丨 一"
"cnwstqi6244","junior","N","B","髀","髀","髀","丨 𠃍 𠃌 丿 𠃍 丨 𠃍 一 一 一 ㇀ 丨 丨 一 丿 一 乛","丨 𠃍 𠃍 ㇀ 乛 丨 𠃌 一 一 丿 丨 𠃍 一 一 丿 一 丨"
"cnwstqi6245","junior","N","A","镡","镡","镡","丿 一 一 一 𠄌 一 丨 𠃍 丨 丨 一 丨 𠃍 一 一 一 丨","丿 一 丨 一 丨 一 𠃍 一 一 𠃍 一 丨 𠄌 丨 一 一 丨"
"cnwstqi6246","junior","N","B","镢","镢","镢","丿 一 丿 𠄌 丿 丨 一 ㇏ 乛 一 丿 丿 一 ㇄ 丿 一 丶","丿 一 一 一 𠄌 一 丿 丶 丿 一 ㇄ 丨 丿 丿 乛 丿 ㇏"
"cnwstqi6247","junior","N","B","镣","镣","镣","丿 一 一 丶 丿 ㇏ 亅 一 丿 一 一 丨 𠄌 丶 𠃍 丿 一","丿 一 一 一 𠄌 一 丿 ㇏ 丶 丿 丨 𠃍 一 一 亅 丿 丶"
"cnwstqi6248","junior","N","B","镦","镦","镦","丿 一 一 𠄌 一 一 ㇏ ㇀ 丿 丿 一 一 丨 亅 丶 ㇇ 𠃍","丿 一 一 一 𠄌 丶 一 丨 𠃍 一 ㇇ 亅 ㇀ 丿 一 丿 ㇏"
"cnwstqi6249","junior","N","A","镧","镧","镧","丿 一 一 一 𠄌 丶 丨 𠃌 一 丨 𠃍 丶 丿 一 丨 丿 丶","丿 一 丶 丨 丿 丶 丨 𠃌 一 丶 丿 一 丨 𠄌 𠃍 一 一"
"cnwstqi6250","junior","N","A","镩","镩","镩","丿 一 一 一 𠄌 丶 ㇀ 乛 丿 丶 丨 𠃍 一 丨 𠃍 一 丨","丿 一 丶 丶 丨 𠄌 丿 𠃍 乛 一 丨 一 一 一 𠃍 ㇀ 丨"
"cnwstqi6251","junior","N","A","镪","镪","镪","丿 一 一 一 𠄌 𠃍 一 ㇉ 丨 𠃍 一 丨 𠃍 一 丨 一 丶","丿 一 𠃍 一 ㇉ 一 𠄌 𠃍 一 丶 丨 一 丨 𠃍 一 一 丨"
"cnwstqi6252","junior","N","A","镫","镫","镫","丿 一 一 一 𠄌 ㇇ 丶 丿 丿 ㇏ 一 丨 𠃍 一 丶 丿 一","丿 一 一 一 𠄌 丶 一 ㇇ 丶 一 ㇏ 丿 丿 丨 丿 𠃍 一"
"cnwstqi6253","junior","N","B","罅","罅","罅","丿 一 丿 亅 一 丿 丿 丶 一 丨 丨 一 一 丨 ㇄ 乛 乚","丿 一 一 丨 ㇄ 丨 丨 一 乛 丿 一 乚 丿 丶 丿 一 亅"
"cnwstqi6254","junior","N","B","黏","黏","黏","丿 一 丿 丶 一 丿 一 丨 丶 丶 丨 ㇀ 𠃍 丨 丶 亅 ㇀","丿 一 丨 丿 丶 丿 丶 亅 丶 ㇀ ㇀ 丶 丨 一 丨 𠃍 一"
"cnwstqi6255","junior","N","A","簌","簌","簌","丿 一 丶 丿 一 丶 一 丨 𠃍 一 丨 丿 丶 丿 乛 丿 ㇏","丿 一 乛 ㇏ 丨 丿 丶 一 丿 一 丨 丶 一 丿 丿 𠃍 丶"
"cnwstqi6256","junior","N","B","篾","篾","篾","丿 一 丶 丶 一 丶 一 丿 𠃍 ㇂ 丿 丶 丨 丿 一 丨 丨","丿 一 丶 丿 一 丶 丨 𠃍 丨 丨 一 一 丿 丶 ㇂ 丿 丶"
"cnwstqi6257","junior","N","B","篼","篼","篼","丿 一 𠃍 丶 一 𠃍 一 乚 丿 丶 一 丿 丿 一 丿 丨 𠄌","丿 一 丶 丿 一 丶 丿 丨 𠃍 一 一 丿 𠄌 𠃍 一 丿 乚"
"cnwstqi6258","junior","N","B","簖","簖","簖","丿 一 丿 丶 丿 丿 一 丨 丶 丶 丨 丶 一 丿 丿 一 ㇄","丿 一 丶 丿 一 丶 丶 丿 一 丨 丿 丶 ㇄ 丿 丿 一 丨"
"cnwstqi6259","junior","N","A","簋","簋","簋","丿 一 丶 丿 一 丶 𠃍 一 一 𠄌 丿 ㇏ 丨 𠃍 丨 丨 一","丿 一 丶 丿 丨 丿 丨 丨 𠃍 一 一 𠄌 丶 𠃍 一 ㇏ 一"
"cnwstqi6260","junior","N","B","鼢","鼢","鼢","丿 丨 丿 𠄌 𠄌 丿 丶 𠃌 ㇏ 丶 𠃍 丶 ㇂ 丶 一 一 一","丿 丨 一 𠃍 一 一 𠄌 丶 丶 𠄌 丶 丶 ㇂ 丿 ㇏ 𠃌 丿"
"cnwstqi6261","junior","N","A","黛","黛","黛","丿 丨 一 ㇂ 丶 丨 𠃍 丶 丿 一 丨 一 一 ㇀ 丶 丶 丶","丿 丨 丶 ㇀ 丶 丶 一 一 丨 一 ㇂ 丨 丿 一 丶 𠃍 丶"
"cnwstqi6262","junior","N","B","儡","儡","儡","丿 丨 丨 一 𠃍 丨 丨 丨 一 𠃍 𠃍 一 一 一 一 丨 丨","丿 丨 丨 𠃍 一 丨 一 丨 𠃍 一 丨 一 丨 𠃍 一 丨 一"
"cnwstqi6263","junior","N","B","鹪","鹪","鹪","丿 丨 ㇀ 丨 丶 丶 丶 ㇉ 丶 丶 丿 一 一 𠃌 一 一 一","丿 丨 丶 一 一 一 丨 一 ㇀ 丶 丶 丶 丿 𠃌 丶 ㇉ 一"
"cnwstqi6264","junior","N","A","鼾","鼾","鼾","丿 丨 𠃍 一 一 一 丨 𠃍 一 丨 一 一 丿 丨 一 一 丨","丿 丨 一 𠃍 一 丨 丨 一 丨 一 一 𠃍 一 丿 一 丨 一"
"cnwstqi6265","junior","N","A","皤","皤","皤","丿 丨 𠃍 一 一 丿 丶 丿 一 丨 丿 ㇏ 丨 𠃍 一 丨 一","丿 丨 丶 丿 一 丿 一 𠃍 丨 ㇏ 一 一 丨 丿 𠃍 一 丨"
"cnwstqi6266","junior","N","B","魍","魍","魍","丿 丨 丶 丿 一 𠃌 丶 丿 ㇄ 丨 丶 𠃋 乚 一 𠃍 一 一","丿 丨 𠃍 一 一 丿 乚 𠃋 丶 丨 𠃌 丶 丿 一 丶 一 ㇄"
"cnwstqi6267","junior","N","A","龠","龠","龠","丿 ㇏ 一 丨 𠃍 一 丨 𠃍 一 丨 𠃍 一 丨 𠃌 一 丨 丨","丿 ㇏ 一 丨 丨 𠃍 𠃌 丨 一 丨 丨 𠃍 𠃍 一 一 一 丨"
"cnwstqi6268","junior","N","A","繇","繇","繇","丿 丶 丶 丿 丿 一 一 丨 ㇄ 丨 丿 𠃋 𠃋 丶 亅 丿 丶","丿 丶 ㇄ 丶 一 丨 丿 丶 𠃋 𠃋 丿 丶 一 丨 亅 丿 丿"
"cnwstqi6269","junior","N","B","貘","貘","貘","丿 丶 丨 ㇁ 一 丿 一 丿 𠃍 丿 丶 丨 丿 丨 一 ㇏ 一","丿 丶 丶 丿 ㇁ 丿 丿 一 丨 丨 丨 𠃍 一 一 一 丿 ㇏"
"cnwstqi6270","junior","N","B","邈","邈","邈","丿 丶 丿 乚 丶 ㇁ 一 ㇏ 丿 丶 𠃍 丿 ㇋ 一 丿 丨 丿","丿 丶 丶 丿 ㇁ 丿 丿 丿 丨 𠃍 一 一 丿 乚 丶 ㇋ ㇏"
"cnwstqi6271","junior","N","A","貔","貔","貔","丿 丶 丶 丿 ㇁ 丿 丿 丿 丨 𠃍 丿 丶 一 一 𠄌 丿 乚","丿 丶 丶 一 一 丶 丿 乚 丨 丿 𠄌 𠃍 丿 丿 丿 ㇁ 丿"
"cnwstqi6272","junior","N","A","臌","臌","臌","丿 𠃌 一 一 一 丨 一 丨 𠃍 一 丶 丿 ㇀ 一 丨 ㇇ ㇏","丿 𠃌 一 𠃍 丨 一 ㇏ 丿 一 丶 丨 ㇀ ㇇ 一 一 一 丨"
"cnwstqi6273","junior","N","A","膻","膻","膻","丿 𠃌 一 一 丶 一 丨 𠃍 丨 𠃍 一 一 丨 𠃍 一 一 一","丿 𠃌 一 𠃍 一 一 丨 𠃍 𠃍 一 一 一 丨 丨 一 一 丶"
"cnwstqi6274","junior","N","A","臆","臆","臆","丿 𠃌 一 一 丶 一 丶 丿 一 丨 𠃍 一 一 ㇀ ㇃ 丶 丶","丿 𠃌 一 𠃍 丨 一 丿 丶 丶 一 ㇀ ㇃ 一 丶 丶 一 一"
"cnwstqi6275","junior","N","B","臃","臃","臃","丿 𠃌 一 丨 𠃋 丶 𠃋 一 一 丿 一 丨 丶 一 一 一 丿","丿 𠃌 一 一 丶 一 𠃋 𠃋 丿 丿 丨 丶 一 一 一 丨 一"
"cnwstqi6276","junior","N","A","鲼","鲼","鲼","丿 ㇇ 丨 𠃍 一 丨 一 ㇀ 一 丨 一 丨 丨 丨 𠃍 丿 丶","丿 ㇇ 丨 丨 一 丨 丿 𠃍 丨 一 一 𠃍 丶 ㇀ 丨 一 丨"
"cnwstqi6277","junior","N","B","鲽","鲽","鲽","丿 ㇇ ㇄ 丨 ㇏ ㇀ 丿 一 丨 丨 𠃍 一 一 一 丨 丨 一","丿 ㇇ 丨 𠃍 一 丨 一 ㇀ 一 丨 丨 一 ㇄ 一 丨 丿 ㇏"
"cnwstqi6278","junior","N","A","鳀","鳀","鳀","丿 ㇇ 丨 𠃍 一 丨 一 ㇀ 丨 𠃍 一 一 一 丨 一 丿 ㇏","丿 ㇇ 丨 一 一 丨 一 一 一 丨 丨 ㇀ 丿 ㇏ 𠃍 一 𠃍"
"cnwstqi6279","junior","N","A","鳃","鳃","鳃","丿 ㇇ 丨 𠃍 一 丨 一 ㇀ 丨 𠃍 一 丨 一 ㇀ ㇃ 丶 丶","丿 ㇇ 一 𠃍 一 丶 ㇀ 𠃍 ㇃ 一 一 ㇀ 丨 丨 丨 丨 丶"
"cnwstqi6280","junior","N","A","鳅","鳅","鳅","丿 ㇇ 丨 𠃍 一 丨 一 ㇀ 丿 一 丨 丿 丶 ㇀ 丿 丿 ㇏","丿 ㇇ 丶 丨 一 丨 丿 ㇏ 一 丨 ㇀ 丿 ㇀ 一 𠃍 丿 丿"
"cnwstqi6281","junior","N","A","鳇","鳇","鳇","丿 ㇇ 丨 𠃍 一 丨 一 ㇀ 丿 丨 𠃍 一 一 一 一 丨 一","丿 ㇇ 一 丨 𠃍 丨 一 一 𠃍 一 丨 一 一 一 丨 ㇀ 丿"
"cnwstqi6282","junior","N","B","鳊","鳊","鳊","丿 ㇇ 丨 ㇀ 丨 𠃍 一 𠃍 一 丨 丿 丨 丶 𠃌 一 一 丨","丿 ㇇ 丨 𠃍 一 丨 一 ㇀ 丶 𠃍 一 丿 丨 𠃌 一 丨 丨"
"cnwstqi6283","junior","N","B","螽","螽","螽","丿 ㇇ 𠃍 丨 一 丶 一 ㇏ 丨 𠃍 一 丨 丶 丨 丶 丶 一","丿 ㇇ ㇏ 丶 丶 丨 𠃍 一 丨 一 丶 丨 𠃍 一 丨 一 丶"
"cnwstqi6284","junior","N","B","燮","燮","燮","丶 一 ㇀ 丶 一 𠃍 一 丿 ㇏ ㇇ 丿 丶 丿 一 丿 ㇀ 丨","丶 一 一 一 丨 𠃍 一 ㇀ 丿 丿 丶 ㇀ 丿 丿 丶 ㇇ ㇏"
"cnwstqi6285","junior","N","B","鹫","鹫","鹫","丶 一 丶 一 一 丿 一 丨 丿 丶 丿 亅 𠃍 乚 𠃌 ㇉ 丶","丶 一 丨 𠃍 一 亅 丿 丶 一 丿 乚 丶 丿 𠃌 丶 ㇉ 一"
"cnwstqi6286","junior","N","B","襄","襄","襄","丶 一 𠄌 ㇏ 𠃍 丿 一 丨 丿 𠃍 丨 一 一 丨 丨 一 一","丶 一 丨 𠃍 一 丨 𠃍 一 一 一 丨 丨 一 丿 𠄌 丿 ㇏"
"cnwstqi6287","junior","N","B","糜","糜","糜","丶 一 一 丿 丨 丿 丿 ㇏ 丶 一 丿 丨 丿 丨 ㇏ 一 丶","丶 一 丿 一 丨 丿 丶 一 丨 丿 ㇏ 丶 丿 一 丨 丿 ㇏"
"cnwstqi6288","junior","N","B","縻","縻","縻","丶 一 亅 一 𠃋 丿 丶 丶 ㇏ 𠃋 一 丶 丨 丿 丿 丨 丿","丶 一 丿 一 丨 丿 丶 一 丨 丿 ㇏ 𠃋 𠃋 丶 亅 丿 丶"
"cnwstqi6289","junior","N","A","膺","膺","膺","丶 一 丿 丿 丨 丿 丨 丶 一 一 一 丨 一 丨 𠃌 一 一","丶 一 一 丨 一 丿 一 一 丨 一 𠃌 丶 丨 丿 丿 一 丨"
"cnwstqi6290","junior","N","A","癍","癍","癍","丶 一 丿 丶 ㇀ 一 一 丨 ㇀ 丶 一 丿 丶 一 一 丨 一","丶 一 ㇀ 丿 一 丶 一 丶 丨 一 丶 一 一 丨 ㇀ 一 丿"
"cnwstqi6291","junior","N","B","麋","麋","麋","丶 一 一 丿 一 一 丨 丶 𠃍 ㇏ 丨 丿 𠄌 乚 丨 丿 丿","丶 一 丿 𠃍 丨 丨 一 一 𠄌 丿 乚 丶 丿 一 丨 丿 ㇏"
"cnwstqi6292","junior","N","A","懑","懑","懑","丶 丶 ㇀ 一 丨 丨 一 丨 𠃌 丿 丶 丿 丶 ㇀ ㇃ 丶 丶","丶 丶 丿 丨 ㇀ 丶 丶 丿 丨 丨 一 ㇃ 丶 ㇀ 丶 𠃌 一"
"cnwstqi6293","junior","N","B","濡","濡","濡","丶 丶 一 丶 一 乛 丨 丨 ㇀ 丨 丶 丶 𠃌 ㇀ 丿 丶 丨","丶 丶 ㇀ 一 ㇀ 乛 丨 丶 丶 丶 丶 一 丿 丨 𠃌 丨 丨"
"cnwstqi6294","junior","N","A","濮","濮","濮","丶 丶 ㇀ 丿 丨 丨 丨 丶 丿 一 丶 丿 一 一 一 丿 ㇏","丶 丶 ㇏ ㇀ 丨 丿 丿 丨 丶 丿 一 一 丿 一 丨 一 丶"
"cnwstqi6295","junior","N","B","濞","濞","濞","丶 丶 丨 一 ㇀ 丿 𠃍 一 丨 丨 丿 一 一 丨 𠃍 一 一","丶 丶 ㇀ 丿 丨 𠃍 一 一 一 丨 𠃍 一 丨 一 一 丿 丨"
"cnwstqi6296","junior","N","B","濠","濠","濠","丶 丶 ㇀ 乛 丿 ㇁ 丿 ㇏ ㇀ 一 𠃍 一 丿 丨 丶 丿 一","丶 丶 ㇀ 丶 一 丨 𠃍 一 ㇀ 乛 一 丿 ㇁ 丿 丿 丿 ㇏"
"cnwstqi6297","junior","N","A","濯","濯","濯","丶 丶 ㇀ 𠃍 丶 ㇀ 𠃍 丶 ㇀ 丿 丨 丶 一 一 一 丨 一","丶 丶 丨 𠃍 ㇀ 丶 丶 ㇀ 一 一 丿 丶 丨 一 一 ㇀ 𠃍"
"cnwstqi6298","junior","N","A","蹇","蹇","蹇","丶 ㇀ 乛 一 一 丨 丨 一 丿 ㇏ 丨 𠃍 一 丨 一 丿 ㇏","丶 ㇀ 一 ㇏ 丨 一 一 丨 丨 一 丿 丿 丨 一 乛 ㇏ 𠃍"
"cnwstqi6299","junior","N","A","謇","謇","謇","丶 ㇀ 乛 一 一 丨 丨 一 丿 ㇏ 丶 一 一 一 丨 𠃍 一","丶 ㇀ 一 𠃍 一 一 ㇏ 一 丶 丿 一 丨 乛 丨 一 丨 一"
"cnwstqi6300","junior","N","B","邃","邃","邃","丶 ㇀ 乛 丿 丶 丿 ㇋ 丿 ㇏ 丶 丿 ㇁ 丿 丶 一 丶 丿","丶 ㇀ 乛 丿 丶 丶 丿 一 丿 ㇁ 丿 丿 丿 丶 丶 ㇋ ㇏"
"cnwstqi6301","junior","N","B","襁","襁","襁","丶 ㇇ 丨 丶 丿 一 丨 𠃍 𠃍 一 ㇉ 丶 一 𠃍 一 丨 丨","丶 ㇇ 丨 丿 丶 𠃍 一 ㇉ 丨 𠃍 一 丨 𠃍 一 丨 一 丶"
"cnwstqi6302","junior","N","B","檗","檗","檗","𠃍 一 一 丿 丿 一 ㇏ 丨 丿 一 一 𠃍 丶 一 丨 丶 丨","𠃍 一 丿 丨 𠃍 一 丶 一 丶 丿 一 一 丨 一 丨 丿 ㇏"
"cnwstqi6303","junior","N","A","擘","擘","擘","𠃍 一 丿 丨 𠃍 一 丶 一 丶 丿 一 一 丨 丿 一 一 亅","𠃍 一 丿 一 一 丨 一 丶 丨 一 丿 一 丿 一 亅 丶 𠃍"
"cnwstqi6304","junior","N","A","孺","孺","孺","㇇ 亅 ㇀ 一 ㇀ 乛 丨 丶 丶 丶 丶 一 丿 丨 𠃌 丨 丨","㇇ 亅 ㇀ 丶 一 乛 丶 𠃌 一 丶 丨 丨 丨 丶 丨 ㇀ 丿"
"cnwstqi6305","junior","N","B","隳","隳","隳","㇌ 丨 一 丶 一 一 丶 ㇀ 丨 丨 丿 一 亅 𠃌 丿 ㇏ 一","㇌ 丨 一 丿 一 丨 一 丨 𠃌 一 一 丿 ㇏ 亅 ㇀ 丶 丶"
"cnwstqi6306","junior","N","A","嬷","嬷","嬷","𡿨 丿 一 丶 一 丿 一 丨 丿 丶 一 丨 丿 ㇏ 丿 𠃋 丶","𡿨 丿 𠃋 一 一 一 丶 ㇏ 一 丨 丿 丿 丿 丿 丶 丨 丶"
"cnwstqi6307","junior","N","B","蟊","蟊","蟊","㇇ 丶 丨 𠃍 一 一 丿 一 𠃍 一 亅 乛 丨 丶 丨 丨 丶","㇇ 丶 乛 亅 丿 丨 𠃍 一 丨 一 丶 丨 𠃍 一 丨 一 丶"
"cnwstqi6308","junior","N","A","鹬","鹬","鹬","㇇ 丶 乛 亅 丿 丨 𠃌 丿 丶 丨 𠃍 一 丿 𠃌 丶 ㇉ 一","㇇ 丶 一 ㇉ 乛 亅 𠃍 丶 丿 𠃌 𠃌 一 丨 丨 丿 丶 丿"
"cnwstqi6309","junior","N","A","鍪","鍪","鍪","㇇ 丶 乛 亅 丿 丿 一 丿 丶 丿 ㇏ 一 一 丨 丶 丿 一","㇇ 丶 丿 丨 丿 丶 乛 一 一 丿 丿 一 丿 亅 ㇏ 丶 一"
"cnwstqi6310","junior","N","A","鏊","鏊","鏊","一 一 丨 一 𠃌 丿 丿 一 丿 丶 丿 ㇏ 一 一 丨 丶 丿 一","一 一 一 一 一 丶 𠃌 丿 ㇏ 丶 丿 丿 丿 丿 一 一 丨 丨"
"cnwstqi6311","junior","N","A","鳌","鳌","鳌","一 一 丨 一 𠃌 丿 丿 一 丿 ㇏ 丿 ㇇ 丨 𠃍 一 丨 一 一","一 一 丨 𠃍 ㇇ 丿 一 丿 一 丨 丿 ㇏ 一 𠃌 一 一 丿 丨"
"cnwstqi6312","junior","N","B","鬈","鬈","鬈","一 丨 ㇏ 𠃌 一 丶 丿 𠃋 丶 一 丿 丿 一 一 丿 乚 丿 一","一 丨 一 一 一 𠃋 丶 丿 丿 丿 丶 丿 一 一 丿 ㇏ 𠃌 乚"
"cnwstqi6313","junior","N","A","鬃","鬃","鬃","一 丨 一 一 一 𠃋 丶 丿 丿 丿 丶 ㇀ 乛 一 一 亅 丿 丶","一 丨 丶 丿 丿 丶 一 亅 𠃋 一 乛 一 丶 一 ㇀ 丿 丿 一"
"cnwstqi6314","junior","N","A","瞽","瞽","瞽","一 丨 一 丨 𠃍 一 丶 丿 ㇀ 一 丨 ㇇ ㇏ 丨 𠃍 一 一 一","一 丨 一 𠃍 𠃍 丨 丿 ㇇ 丨 ㇏ 一 丨 一 ㇀ 一 一 一 丶"
"cnwstqi6315","junior","N","A","鞯","鞯","鞯","一 丨 丨 一 丨 𠃍 一 一 丨 一 丨 丨 一 丿 丨 ㇇ 亅 一","一 丨 一 丨 一 丿 𠃍 一 丨 ㇇ 丨 丨 一 丨 丨 亅 一 一"
"cnwstqi6316","junior","N","A","鞨","鞨","鞨","一 丨 丨 一 丨 𠃍 一 一 丨 丨 𠃍 一 一 丿 𠃌 丿 丶 ㇄","一 丨 丿 丨 𠃌 一 一 𠃍 一 ㇄ 丨 丿 一 一 𠃍 丨 丶 丨"
"cnwstqi6317","junior","N","B","鞫","鞫","鞫","一 丨 丶 𠃍 丨 一 一 𠃍 一 丨 一 丨 丿 一 丨 𠃌 一 一","一 丨 丨 一 丨 𠃍 一 一 丨 丿 𠃌 丶 一 一 一 丨 𠃍 一"
"cnwstqi6318","junior","N","A","鞧","鞧","鞧","一 丨 丨 一 丨 𠃍 一 一 丨 丶 丿 一 丨 𠃍 丿 ㇄ 一 一","一 丨 丨 一 𠃍 丿 丿 一 一 丨 一 一 丶 丨 ㇄ 𠃍 丨 一"
"cnwstqi6319","junior","N","A","鞣","鞣","鞣","一 丨 丨 一 丨 𠃍 一 一 丨 ㇇ 丶 乛 亅 丿 一 丨 丿 ㇏","一 丨 丿 ㇇ 丨 丶 亅 一 丨 一 丿 丨 𠃍 丨 乛 一 一 ㇏"
"cnwstqi6320","junior","N","A","藜","藜","藜","一 丨 丨 丿 一 丨 丿 丶 丿 𠃌 丿 丿 ㇏ 亅 丶 ㇀ 丿 丶","一 丨 丿 𠃌 丶 丿 丶 ㇀ 一 丨 丿 丿 亅 丿 丿 ㇏ 丨 丶"
"cnwstqi6321","junior","N","A","藠","藠","藠","一 丨 丨 丿 丨 𠃍 一 一 丿 丨 𠃍 一 一 丿 丨 𠃍 一 一","一 丨 丨 丿 丨 𠃍 一 丨 一 一 𠃍 丿 丿 一 𠃍 丨 一 一"
"cnwstqi6322","junior","N","A","藩","藩","藩","一 丨 丨 丶 丶 ㇀ 丿 丶 丿 一 丨 丿 ㇏ 丨 𠃍 一 丨 一","一 丨 丶 丿 一 𠃍 丶 丨 ㇏ 丿 丿 丶 丨 丨 一 丨 ㇀ 一"
"cnwstqi6323","junior","N","B","醪","醪","醪","一 丨 丿 一 ㇏ 丿 ㇀ 𠃍 丿 ㇀ 𠃍 丶 丿 一 ㇄ 丶 丿 𠃍","一 丨 𠃍 丿 ㇄ 一 一 𠃍 丶 ㇀ 𠃍 丶 ㇀ 丿 ㇏ 丿 丿 丿"
"cnwstqi6324","junior","N","A","蹙","蹙","蹙","一 丿 丨 一 一 亅 丿 丶 ㇂ 丿 丶 丨 𠃍 一 丨 一 丿 ㇏","一 丿 ㇂ 丨 ㇏ 一 丶 亅 丿 𠃍 一 丶 一 丿 丿 丨 一 丨"
"cnwstqi6325","junior","N","B","礓","礓","礓","一 丿 一 丨 一 一 𠃍 一 一 一 丨 丨 𠃍 一 丨 𠃍 一 丨","一 丿 丨 𠃍 一 一 丨 𠃍 一 丨 一 一 丨 𠃍 一 丨 一 一"
"cnwstqi6326","junior","N","A","燹","燹","燹","一 丿 ㇁ 丿 丿 丿 丶 一 丿 ㇁ 丿 丿 丿 丶 ㇀ 丿 丿 ㇏","一 丿 丿 ㇁ 丿 一 ㇏ 丿 丿 ㇀ 丿 丿 丶 丿 ㇁ 丿 丶 丿"
"cnwstqi6327","junior","N","A","餮","餮","餮","一 丿 ㇇ 丶 丿 ㇏ 丿 丿 丿 丿 ㇏ 丶 𠃍 一 一 𠄌 丿 丶","一 丿 丿 丶 ㇏ 丶 丿 丿 一 ㇇ 丿 丿 𠃍 一 丶 ㇏ 𠄌 丿"
"cnwstqi6328","junior","N","B","瞿","瞿","瞿","丨 𠃍 丿 一 一 一 一 丨 一 一 𠃍 一 丨 丨 一 一 丶 一","丨 𠃍 一 一 一 丨 𠃍 一 一 一 丿 丨 丶 一 一 一 丨 一"
"cnwstqi6329","junior","N","B","曛","曛","曛","丨 𠃍 一 一 一 丿 一 丨 丶 一 丿 丶 丨 一 𠃍 丶 丶 ㇀","丨 𠃍 一 一 丿 一 丨 𠃍 丶 丿 一 丨 一 一 ㇀ 丶 丶 丶"
"cnwstqi6330","junior","N","B","颢","颢","颢","丨 𠃍 一 𠃍 一 丿 丿 丨 丨 𠃍 丶 亅 丿 一 丶 一 丶 一","丨 𠃍 一 一 丶 一 丨 𠃍 一 亅 丿 丶 一 丿 丨 𠃍 丿 丶"
"cnwstqi6331","junior","N","A","曜","曜","曜","丨 𠃍 一 一 𠃍 丶 ㇀ 𠃍 丶 ㇀ 丿 丨 丶 一 一 一 丨 一","丨 𠃍 丶 丶 一 丨 一 一 一 ㇀ 丿 𠃍 丨 一 一 𠃍 丶 ㇀"
"cnwstqi6332","junior","N","A","躇","躇","躇","丨 𠃍 一 丨 一 丨 ㇀ 一 丨 丨 一 丨 一 丿 丨 𠃍 一 一","丨 𠃍 一 丨 一 一 ㇀ 丨 丨 一 𠃍 一 一 丨 丨 一 丿 丨"
"cnwstqi6333","junior","N","A","蹚","蹚","蹚","丨 𠃍 一 丨 一 丨 ㇀ 丨 丶 丿 ㇀ 乛 丨 𠃍 一 一 丨 一","丨 𠃍 一 乛 丿 𠃍 丨 丨 丨 丨 丶 一 一 丨 ㇀ 一 ㇀ 一"
"cnwstqi6334","junior","N","A","鹭","鹭","鹭","丨 𠃍 一 丨 一 丨 ㇀ 丿 ㇇ ㇏ 丨 𠃍 一 丿 𠃌 丶 ㇉ 一","丨 𠃍 丨 丿 一 一 丶 一 ㇉ 𠃌 丨 ㇀ 丨 丿 ㇏ ㇇ 𠃍 一"
"cnwstqi6335","junior","N","A","蟛","蟛","蟛","丨 𠃍 一 丨 一 丶 一 丨 一 丨 𠃍 一 丶 丿 ㇀ 丿 丿 丿","丨 𠃍 丨 丨 𠃍 一 一 丿 丨 一 ㇀ 丶 丿 丿 一 丶 丿 一"
"cnwstqi6336","junior","N","A","蟪","蟪","蟪","丨 𠃍 一 丨 一 丶 一 丨 𠃍 一 一 丨 一 丶 ㇀ ㇃ 丶 丶","丨 𠃍 一 ㇀ 𠃍 一 ㇃ 丶 一 丨 丶 丨 一 一 丨 丶 一 丶"
"cnwstqi6337","junior","N","B","蟠","蟠","蟠","丨 𠃍 𠃍 丨 丨 丿 一 一 一 丶 一 丿 丨 丨 ㇏ 一 丿 丶","丨 𠃍 一 丨 一 丶 丿 丶 丿 一 丨 丿 ㇏ 丨 𠃍 一 丨 一"
"cnwstqi6338","junior","N","A","蟮","蟮","蟮","丨 𠃍 一 丨 一 丶 丶 丿 一 一 一 丨 丶 丿 一 丨 𠃍 一","丨 𠃍 一 一 丿 𠃍 丨 一 一 一 一 丨 丶 丨 丿 一 丶 丶"
"cnwstqi6339","junior","N","A","鹮","鹮","鹮","丨 𠃍 丨 丨 一 一 丨 𠃍 一 丿 𠄌 丿 丶 丿 𠃌 丶 ㇉ 一","丨 𠃍 𠄌 丿 丨 丨 丨 一 丿 丶 一 丿 𠃍 ㇉ 丶 一 一 𠃌"
"cnwstqi6340","junior","N","B","黠","黠","黠","丨 𠃍 丨 一 丶 ㇀ 丶 一 丨 丨 ㇀ 丶 一 一 𠃍 一 丿 丶","丨 𠃍 丶 丿 一 丨 一 ㇀ ㇀ 丶 丶 丶 一 丨 一 丨 𠃍 一"
"cnwstqi6341","junior","N","A","黟","黟","黟","丨 𠃍 丶 丿 一 丨 一 ㇀ ㇀ 丶 丶 丶 丿 ㇇ 丶 丿 ㇇ 丶","丨 𠃍 丶 ㇇ ㇇ 丶 丶 ㇀ 丶 一 丨 一 丿 ㇀ 丿 丿 丶 丶"
"cnwstqi6342","junior","N","B","髅","髅","髅","丨 𠃍 丨 𡿨 𠃌 一 一 乛 丿 一 ㇏ ㇀ 丶 丿 一 丨 丿 𠃍","丨 𠃍 𠃍 ㇀ 乛 丨 𠃌 一 一 丶 丿 一 丨 丿 ㇏ 𡿨 丿 一"
"cnwstqi6343","junior","N","B","髂","髂","髂","丨 𠃍 ㇀ 丨 ㇇ 乛 ㇏ 乛 丶 ㇀ 一 𠃍 丨 𠃌 一 丿 一 𠃍","丨 𠃍 𠃍 ㇀ 乛 丨 𠃌 一 一 丶 ㇀ 乛 丿 ㇇ ㇏ 丨 𠃍 一"
"cnwstqi6344","junior","N","B","镬","镬","镬","丿 一 丨 丨 𠄌 一 一 一 一 丿 一 丶 丨 丨 一 一 ㇏ ㇇","丿 一 一 一 𠄌 一 丨 丨 丿 丨 丶 一 一 一 丨 一 ㇇ ㇏"
"cnwstqi6345","junior","N","A","镭","镭","镭","丿 一 一 一 𠄌 一 ㇀ 乛 丨 丶 丶 丶 丶 丨 𠃍 一 丨 一","丿 一 丨 𠃍 丨 丶 一 ㇀ 一 一 一 丶 丨 乛 丶 𠄌 一 丶"
"cnwstqi6346","junior","N","A","镯","镯","镯","丿 一 一 一 𠄌 丨 𠃍 丨 丨 一 丿 𠃌 丨 𠃍 一 丨 一 丶","丿 一 丨 𠃍 一 丶 丨 一 丨 一 𠃍 丨 𠃌 𠄌 丿 一 一 丨"
"cnwstqi6347","junior","N","A","馥","馥","馥","丿 一 丨 丿 丶 丨 𠃍 一 一 丿 一 丨 𠃍 一 一 丿 ㇇ ㇏","丿 一 丨 一 ㇇ 一 丿 丶 一 丿 𠃍 一 ㇏ 丿 𠃍 一 丨 丨"
"cnwstqi6348","junior","N","B","簟","簟","簟","丿 一 𠃍 一 丨 丨 丶 𠃍 一 一 丨 一 丶 一 丿 丨 丨 一","丿 一 丶 丿 一 丶 一 丨 𠃍 丨 丨 一 丨 𠃍 一 一 一 丨"
"cnwstqi6349","junior","N","A","簪","簪","簪","丿 一 丶 丿 一 丶 一 𠃋 丿 𠄌 一 𠃋 丿 乚 丨 𠃍 一 一","丿 一 𠄌 一 乚 丿 𠃍 丿 丨 一 𠃋 丿 𠃋 丶 一 一 一 丶"
"cnwstqi6350","junior","N","B","鼬","鼬","鼬","丿 丨 丶 丨 丨 𠃍 丶 𠄌 一 一 𠃍 丶 一 𠄌 ㇂ 一 丶 一","丿 丨 一 𠃍 一 一 𠄌 丶 丶 𠄌 丶 丶 ㇂ 丨 𠃍 一 丨 一"
"cnwstqi6351","junior","N","B","雠","雠","雠","丿 丨 一 丨 一 一 丨 丶 丿 一 ㇊ 一 丶 一 一 一 丶 丨","丿 丨 丶 一 一 一 丨 一 丶 ㇊ 丿 丨 丶 一 一 一 丨 一"
"cnwstqi6352","junior","N","B","艟","艟","艟","丿 丿 丨 一 丶 一 丨 丿 丶 一 一 丶 一 一 𠃌 丶 𠃍 一","丿 丿 𠃌 丶 一 丶 丶 一 丶 丿 一 丨 𠃍 一 一 丨 一 一"
"cnwstqi6353","junior","N","A","鳎","鳎","鳎","丿 ㇇ 丨 𠃍 一 丨 一 ㇀ 丨 𠃍 一 一 𠃌 丶 ㇀ 𠃌 丶 ㇀","丿 ㇇ ㇀ 一 一 丨 丶 𠃌 𠃌 𠃍 ㇀ 𠃍 一 丨 一 丶 丨 ㇀"
"cnwstqi6354","junior","N","B","鳏","鳏","鳏","丿 ㇇ 丿 丶 丶 丨 𠃍 丿 ㇀ 丨 丨 丨 一 𠃍 一 丨 一 丨","丿 ㇇ 丨 𠃍 一 丨 一 ㇀ 丨 𠃍 丨 丨 一 丨 丿 丿 丶 丶"
"cnwstqi6355","junior","N","A","鳐","鳐","鳐","丿 ㇇ 丨 𠃍 一 丨 一 ㇀ 丿 丶 丶 丿 丿 一 一 丨 ㇄ 丨","丿 ㇇ 𠃍 丨 丿 一 丿 一 一 丶 丿 丨 一 丶 ㇀ ㇄ 丨 丨"
"cnwstqi6356","junior","N","A","癞","癞","癞","丶 一 丿 丶 ㇀ 一 丨 𠃍 一 丨 丿 丶 丿 ㇇ 丨 𠃍 丿 丶","丶 一 丶 丨 ㇇ 丨 丿 丿 一 丿 𠃍 丶 丨 丿 丶 一 𠃍 ㇀"
"cnwstqi6357","junior","N","B","癔","癔","癔","丶 一 丶 一 一 𠃍 ㇀ 丶 丿 丶 一 丨 丿 ㇃ ㇀ 丶 一 丶","丶 一 丿 丶 ㇀ 丶 一 丶 丿 一 丨 𠃍 一 一 ㇀ ㇃ 丶 丶"
"cnwstqi6358","junior","N","A","癜","癜","癜","丶 一 丿 丶 ㇀ 𠃍 一 丿 一 丨 丨 一 丿 丶 丿 ㇍ ㇇ ㇏","丶 一 丿 ㇏ ㇀ 丨 一 丿 丨 一 丿 𠃍 丿 一 丶 ㇇ 丶 ㇍"
"cnwstqi6359","junior","N","B","癖","癖","癖","丶 一 ㇀ 一 丿 丶 丿 𠃍 𠃍 丨 丶 丿 丶 一 一 丨 一 一","丶 一 丿 丶 ㇀ 𠃍 一 丿 丨 𠃍 一 丶 一 丶 丿 一 一 丨"
"cnwstqi6360","junior","N","A","糨","糨","糨","丶 丿 一 丨 丿 丶 𠃍 一 ㇉ 丨 𠃍 一 丨 𠃍 一 丨 一 丶","丶 丿 丿 一 𠃍 丨 一 𠃍 ㇉ 丨 一 𠃍 一 一 丨 丶 丶 丨"
"cnwstqi6361","junior","N","A","蹩","蹩","蹩","丶 丿 丨 𠃌 丨 丿 丶 丿 一 丿 ㇏ 丨 𠃍 一 丨 一 丿 ㇏","丶 丿 丶 一 丿 丨 一 丿 丿 丨 丨 𠃍 丿 ㇏ ㇏ 一 丨 𠃌"
"cnwstqi6362","junior","N","A","鎏","鎏","鎏","丶 丶 ㇀ 丶 一 𠃋 丶 丿 丨 乚 丿 ㇏ 一 一 丨 丶 丿 一","丶 丶 一 𠃋 丿 乚 丶 一 ㇀ 丶 丶 丨 ㇏ 一 丨 丿 一 丿"
"cnwstqi6363","junior","N","A","懵","懵","懵","㇀ 丶 丨 一 丨 丨 丨 𠃍 丨 丨 一 ㇀ 乛 丨 𠃍 一 一 一","㇀ 丶 丨 一 ㇀ 丨 丨 一 丨 丨 丨 丨 𠃍 乛 一 一 一 𠃍"
"cnwstqi6364","junior","N","A","彝","彝","彝","𠃋 ㇇ 一 丶 丿 一 丨 丿 丶 𠃋 𠃋 丶 亅 丿 丶 一 丿 丨","𠃋 ㇇ 一 亅 丿 𠃋 丨 丶 一 丶 丿 一 丶 丿 丨 𠃋 丶 丿"
"cnwstqi6365","junior","N","A","邋","邋","邋","𡿨 𡿨 𡿨 丨 𠃍 丿 丶 一 𠄌 丶 丶 𠄌 丶 丶 ㇂ 丶 ㇋ ㇏","𡿨 𡿨 丶 𠄌 丶 丶 ㇋ 𡿨 𠄌 ㇂ ㇏ 丨 丶 丶 丿 𠃍 丶 一"
"cnwstqi6366","junior","N","B","鬏","鬏","鬏","一 丨 丿 丶 丿 一 丿 丿 丿 ㇀ ㇏ 一 丿 丶 𠃋 丨 一 丿 一","一 丨 一 一 一 𠃋 丶 丿 丿 丿 丿 一 丨 丿 丶 ㇀ 丿 丿 ㇏"
"cnwstqi6367","junior","N","B","攉","攉","攉","一 亅 一 丨 丨 一 一 丶 丨 丿 丶 乛 丶 丶 丶 ㇀ ㇀ 一 一","一 亅 ㇀ 一 ㇀ 乛 丨 丶 丶 丶 丶 丿 丨 丶 一 一 一 丨 一"
"cnwstqi6368","junior","N","A","攒","攒","攒","一 亅 ㇀ 丿 一 丨 一 丿 𠄌 丿 一 丨 一 丿 乚 丨 𠃍 丿 丶","一 亅 𠄌 一 一 丿 丿 丿 丨 丨 一 ㇀ 乚 丿 丨 丶 𠃍 一 丿"
"cnwstqi6369","junior","N","A","鞲","鞲","鞲","一 丨 丨 一 丨 𠃍 一 一 丨 一 一 丨 丨 一 丨 𠃌 丨 一 一","一 丨 丨 一 一 丨 一 丨 一 一 一 𠃍 丨 丨 一 丨 一 丨 𠃌"
"cnwstqi6370","junior","N","A","鞴","鞴","鞴","一 丨 丨 一 丨 𠃍 一 一 丨 一 丨 丨 一 丿 丨 𠃌 一 一 丨","一 丨 丨 一 一 丨 丨 𠃍 一 一 丿 丨 𠃌 丨 丨 丨 一 一 一"
"cnwstqi6371","junior","N","A","藿","藿","藿","一 丨 丨 一 ㇀ 乛 丨 丶 丶 丶 丶 丿 丨 丶 一 一 一 丨 一","一 丨 丶 丨 一 乛 丶 丨 ㇀ 一 丶 一 丿 丶 一 丶 一 丨 丨"
"cnwstqi6372","junior","N","B","蘧","蘧","蘧","一 丨 ㇏ 一 丨 丿 一 一 丿 丶 ㇋ 丨 丶 丿 ㇁ 乛 丿 乚 丿","一 丨 丨 丨 一 乛 丿 一 乚 一 丿 ㇁ 丿 丿 丿 丶 丶 ㇋ ㇏"
"cnwstqi6373","junior","N","B","蘅","蘅","蘅","一 丨 亅 丿 一 ㇇ 丨 一 一 丨 丶 丨 丿 一 丨 𠃍 丿 丿 一","一 丨 丨 丿 丿 丨 丿 ㇇ 丨 𠃍 一 丨 一 一 丿 丶 一 一 亅"
"cnwstqi6374","junior","N","A","麓","麓","麓","一 丨 丿 丶 一 丨 丿 ㇏ 丶 一 丿 𠃍 丨 丨 一 一 𠄌 丿 乚","一 丨 𠃍 丨 一 𠄌 丿 丨 ㇏ 丿 丨 一 乚 一 丿 丶 一 丶 丿"
"cnwstqi6375","junior","N","A","醮","醮","醮","一 丨 𠃍 丿 ㇄ 一 一 丿 丨 丶 一 一 一 丨 一 ㇀ 丶 丶 丶","一 丨 丶 ㇄ 丿 一 一 丨 丶 丨 一 丶 一 丶 𠃍 丿 ㇀ 一 一"
"cnwstqi6376","junior","N","B","醯","醯","醯","一 丨 𠃍 丶 丨 乚 丨 一 ㇄ 丨 一 𠃋 丿 丶 𠃍 一 丨 丿 一","一 丨 𠃍 丿 ㇄ 一 一 丶 一 𠃋 丶 丿 丨 乚 丨 𠃍 丨 丨 一"
"cnwstqi6377","junior","N","A","酃","酃","酃","一 ㇀ 乛 丨 丶 丶 丶 丶 丨 𠃍 一 丨 𠃍 一 丨 𠃍 一 ㇌ 丨","一 ㇀ 𠃍 丶 一 丶 一 丨 一 丨 丨 丶 丶 乛 丨 ㇌ 𠃍 𠃍 丨"
"cnwstqi6378","junior","N","A","霪","霪","霪","一 ㇀ 乛 丨 丶 丶 丶 丶 丶 丶 ㇀ 丿 丶 丶 丿 丿 一 丨 一","一 ㇀ 丿 丿 丨 丶 丶 丶 丶 丨 ㇀ 乛 丶 丶 一 丶 丶 一 丿"
"cnwstqi6379","junior","N","B","霭","霭","霭","一 ㇀ 乛 𠃍 丿 ㇊ 一 丨 丶 丶 一 丿 丶 丶 𠃌 丶 ㇄ 丨 丶","一 ㇀ 乛 丨 丶 丶 丶 丶 丶 ㇊ 丨 𠃍 一 一 丿 𠃌 丿 丶 ㇄"
"cnwstqi6380","junior","N","B","霨","霨","霨","一 ㇀ 乛 丶 丶 丿 一 丶 丨 一 亅 丶 丶 亅 一 𠃍 一 丶 丿","一 ㇀ 乛 丨 丶 丶 丶 丶 𠃍 一 丿 一 一 亅 丿 丶 一 亅 丶"
"cnwstqi6381","junior","N","B","黼","黼","黼","丨 丨 丶 丿 一 丨 丿 丨 丿 一 𠃌 丶 一 丶 𠃌 丨 丨 丶 一","丨 丨 丶 丿 一 丶 丿 丨 𠃌 丨 丿 丶 一 丨 𠃌 一 一 丨 丶"
"cnwstqi6382","junior","N","B","嚯","嚯","嚯","丨 𠃍 丨 丨 ㇀ 丿 丶 丶 一 一 丶 丶 乛 一 一 一 一 丨 丶","丨 𠃍 一 一 ㇀ 乛 丨 丶 丶 丶 丶 丿 丨 丶 一 一 一 丨 一"
"cnwstqi6383","junior","N","A","蹰","蹰","蹰","丨 𠃍 一 丨 一 丨 ㇀ 一 丿 一 丨 𠃍 一 丶 丿 ㇀ 一 亅 丶","丨 𠃍 丶 一 丿 丨 丿 丨 丶 ㇀ ㇀ 一 丨 𠃍 一 一 一 一 亅"
"cnwstqi6384","junior","N","B","蹶","蹶","蹶","丨 𠃍 ㇀ 丿 丿 丿 一 一 ㇄ 一 丶 丿 丨 一 丿 丨 ㇏ 乛 丨","丨 𠃍 一 丨 一 丨 ㇀ 一 丿 丶 丿 一 ㇄ 丨 丿 丿 乛 丿 ㇏"
"cnwstqi6385","junior","N","B","蹽","蹽","蹽"," 𠃍 丿 ㇏ 丿 𠃍 一 丨 一 丶 丨 丿 ㇀ 一 一 丨 丶 一 亅"," 𠃍 一 丨 一 丨 ㇀ 一 丿 ㇏ 丶 丿 丨 𠃍 一 一 亅 丿 丶"
"cnwstqi6386","junior","N","A","蹼","蹼","蹼","丨 𠃍 一 丨 一 丨 ㇀ 丨 丨 丶 丿 一 丶 丿 一 一 一 丿 ㇏","丨 𠃍 丨 丨 ㇀ 丨 一 丿 丿 一 一 一 丿 丨 一 一 丶 ㇏ 丶"
"cnwstqi6387","junior","N","A","蹴","蹴","蹴","丨 𠃍 一 丨 一 丨 ㇀ 丶 一 丨 𠃍 一 亅 丿 丶 一 丿 乚 丶","丨 𠃍 ㇀ 丿 丨 𠃍 亅 丨 一 丶 一 丿 乚 一 丶 一 丶 一 丨"
"cnwstqi6388","junior","N","A","蹾","蹾","蹾","丨 𠃍 一 丨 一 丨 ㇀ 丶 一 丨 𠃍 一 ㇇ 亅 ㇀ 丿 一 丿 ㇏","丨 𠃍 𠃍 亅 一 一 丶 ㇇ ㇀ 一 丿 ㇏ 一 ㇀ 丨 一 丿 丨 丨"
"cnwstqi6389","junior","N","B","蹿","蹿","蹿","丨 𠃍 一 丨 丶 一 乛 𠃍 一 ㇀ 𠃍 丨 丨 ㇀ 丶 丨 一 丿 丨","丨 𠃍 一 丨 一 丨 ㇀ 丶 ㇀ 乛 丿 丶 丨 𠃍 一 丨 𠃍 一 丨"
"cnwstqi6390","junior","N","B","蠖","蠖","蠖","丨 𠃍 丿 一 一 一 ㇇ 丨 一 丨 丶 丨 丶 一 一 丨 ㇏ 丨 一","丨 𠃍 一 丨 一 丶 一 丨 丨 丿 丨 丶 一 一 一 丨 一 ㇇ ㇏"
"cnwstqi6391","junior","N","A","蠓","蠓","蠓","丨 𠃍 一 丨 一 丶 一 丨 丨 ㇀ 乛 一 一 丿 ㇁ 丿 丿 丿 ㇏","丨 𠃍 丶 一 丨 一 ㇀ 丿 ㇁ 丿 乛 丿 一 丿 丨 丨 一 一 ㇏"
"cnwstqi6392","junior","N","B","蟾","蟾","蟾","丨 𠃍 丿 一 一 𠃍 丿 一 丨 一 丨 丶 ㇇ 一 丿 一 丶 丶 一","丨 𠃍 一 丨 一 丶 丿 ㇇ 一 丿 丿 丶 丶 一 一 一 丨 𠃍 一"
"cnwstqi6393","junior","N","A","蠊","蠊","蠊","丨 𠃍 一 丨 一 丶 丶 一 丿 丶 丿 一 𠃍 一 一 丨 丨 丿 ㇏","丨 𠃍 丶 丨 一 丶 一 一 丿 𠃍 ㇏ 一 丶 丿 丿 一 丨 丨 一"
"cnwstqi6394","junior","N","B","黢","黢","黢","丨 𠃍 一 ㇀ 丶 丶 丶 丶 丶 一 丿 ㇇ 丶 𠃋 ㇏ 丨 丿 ㇀ 丿","丨 𠃍 丶 丿 一 丨 一 ㇀ ㇀ 丶 丶 丶 𠃋 丶 丿 丶 丿 ㇇ ㇏"
"cnwstqi6395","junior","N","A","髋","髋","髋","丨 𠃍 𠃍 ㇀ 乛 丨 𠃌 一 一 丶 ㇀ 乛 一 丨 丨 丨 𠃍 丿 乚","丨 𠃍 丨 一 丿 乛 乛 丨 一 丶 𠃌 ㇀ 𠃍 一 乚 丨 𠃍 ㇀ 丨"
"cnwstqi6396","junior","N","B","髌","髌","髌","丨 𠃍 ㇀ 一 一 ㇀ 𠃍 丿 丶 𠃌 丨 一 丨 丨 乛 一 丿 乛 丶","丨 𠃍 𠃍 ㇀ 乛 丨 𠃌 一 一 丶 ㇀ 乛 丿 丨 一 丨 一 丿 丶"
"cnwstqi6397","junior","N","B","镲","镲","镲","丿 一 丶 一 𠄌 ㇇ 丿 丶 ㇏ ㇀ 丶 一 丿 ㇇ 亅 一 丶 一 乛","丿 一 一 一 𠄌 丶 ㇀ 乛 丿 ㇇ 丶 丶 ㇇ ㇏ 一 一 亅 丿 丶"
"cnwstqi6398","junior","N","A","籀","籀","籀","丿 一 丶 丿 一 丶 一 亅 ㇀ 丿 𠄌 丶 𠃌 丿 丨 𠃍 一 丨 一","丿 一 亅 丿 一 一 ㇀ 丨 丶 丶 丿 𠄌 丿 𠃍 丨 𠃌 一 丶 一"
"cnwstqi6399","junior","N","A","籁","籁","籁","丿 一 丶 丿 一 丶 一 丨 𠃍 一 丨 丿 丶 丿 ㇇ 丨 𠃍 丿 丶","丿 一 ㇇ 丨 𠃍 丿 一 𠃍 一 丶 丿 丶 丿 丿 丨 丶 丨 丶 一"
"cnwstqi6400","junior","N","B","齁","齁","齁","丿 丨 𠃌 一 𠃍 丿 丨 丿 一 一 一 一 𠃍 丨 丨 一 丨 一 𠃍","丿 丨 𠃍 一 一 一 丨 𠃍 一 丨 一 一 丿 丨 丿 𠃌 丨 𠃍 一"
"cnwstqi6401","junior","N","B","魑","魑","魑","丿 丨 乚 丶 丿 𠃋 一 丿 丨 𠃍 一 丶 丶 𠃋 丶 ㇄ 一 丨 𠃌","丿 丨 𠃍 一 一 丿 乚 𠃋 丶 丶 一 丿 丶 ㇄ 丨 丨 𠃌 𠃋 丶"
"cnwstqi6402","junior","N","A","艨","艨","艨","丿 丿 𠃌 丶 一 丶 一 丨 丨 ㇀ 乛 一 一 丿 ㇁ 丿 丿 丿 ㇏","丿 丿 丿 一 丨 一 丿 ㇀ ㇁ 丿 丨 丶 𠃌 乛 丿 一 一 ㇏ 丶"
"cnwstqi6403","junior","N","A","鳓","鳓","鳓","丿 ㇇ 丨 𠃍 一 丨 一 ㇀ 一 丨 丨 一 丨 𠃍 一 一 丨 𠃌 丿","丿 ㇇ 丨 𠃍 丨 𠃍 ㇀ 一 一 丨 一 丨 丨 𠃌 一 丿 丨 一 一"
"cnwstqi6404","junior","N","A","鳔","鳔","鳔","丿 ㇇ 丨 𠃍 一 丨 一 ㇀ 一 丨 𠃍 丨 丨 一 一 一 亅 丿 丶","丿 ㇇ 丨 ㇀ 丨 丨 一 一 𠃍 亅 一 一 丨 𠃍 一 丶 一 丨 丿"
"cnwstqi6405","junior","N","A","鳕","鳕","鳕","丿 ㇇ 丨 𠃍 一 丨 一 ㇀ 一 ㇀ 乛 丨 丶 丶 丶 丶 𠃍 一 一","丿 ㇇ 一 一 一 一 丶 丶 丶 ㇀ 乛 丨 𠃍 ㇀ 丨 一 𠃍 丨 丶"
"cnwstqi6406","junior","N","B","鳗","鳗","鳗","丿 ㇇ ㇀ 𠃍 丨 一 一 一 ㇏ 丨 丨 丨 𠃍 丨 一 𠃍 ㇇ 一 丨","丿 ㇇ 丨 𠃍 一 丨 一 ㇀ 丨 𠃍 一 一 丨 𠃍 丨 丨 一 ㇇ ㇏"
"cnwstqi6407","junior","N","B","鳙","鳙","鳙","丿 ㇇ 一 丨 一 𠃍 一 一 丨 一 丨 ㇀ 丨 丿 一 一 𠃌 𠃍 丶","丿 ㇇ 丨 𠃍 一 丨 一 ㇀ 丶 一 丿 𠃍 一 一 丨 𠃌 一 一 丨"
"cnwstqi6408","junior","N","A","麒","麒","麒","丶 一 丿 𠃍 丨 丨 一 一 𠄌 一 𠄌 一 丨 丨 一 一 一 丿 丶","丶 一 丨 𠄌 丿 一 𠄌 丿 一 𠃍 一 一 一 一 一 丨 丨 丶 丨"
"cnwstqi6409","junior","N","A","鏖","鏖","鏖","丶 一 丿 𠃍 丨 丨 一 一 𠄌 丿 乚 丿 ㇏ 一 一 丨 丶 丿 一","丶 一 丿 丿 丨 丿 𠃍 一 丨 丨 𠄌 一 一 丶 乚 一 一 丿 ㇏"
"cnwstqi6410","junior","N","B","羸","羸","羸","丶 一 一 丨 丶 丨 𠃍 一 一 丿 ㇄ 丿 丶 一 𠃌 一 一 ⺄ 丿","丶 一 ㇄ 丨 𠃍 一 丿 𠃌 一 一 丶 丿 一 一 一 丨 丿 ⺄ 丶"
"cnwstqi6411","junior","N","A","㸆","㸆","㸆","㇀ 丿 丿 丶 丿 一 丨 一 丨 𠃍 一 丨 一 一 一 丨 一 一 一","㇀ 丿 一 一 一 丨 一 一 丨 𠃍 丨 一 丿 丿 丨 一 丶 一 一"
"cnwstqi6412","junior","N","A","瀚","瀚","瀚","丶 丶 ㇀ 一 丨 丨 𠃍 一 一 一 丨 丿 ㇏ 𠃌 丶 ㇀ 𠃌 丶 ㇀","丶 丶 一 丿 丨 𠃍 丨 一 一 𠃌 ㇀ ㇀ ㇀ ㇏ 一 丶 丨 丶 𠃌"
"cnwstqi6413","junior","N","A","瀣","瀣","瀣","丶 丶 ㇀ 丨 一 丿 ㇇ 丶 ㇇ ㇏ 丨 一 一 一 丨 一 一 一 一","丶 丶 丨 一 一 一 丨 丿 丶 ㇇ 一 ㇀ 一 一 一 丨 一 ㇏ ㇇"
"cnwstqi6414","junior","N","B","瀛","瀛","瀛","丶 丶 一 一 𠃌 丿 丨 丿 一 ㇀ 一 丶 丿 ⺄ ㇄ 一 丶 𡿨 𠃍","丶 丶 ㇀ 丶 一 ㇄ 丨 𠃍 一 丿 𠃌 一 一 𡿨 丿 一 丿 ⺄ 丶"
"cnwstqi6415","junior","N","B","襦","襦","襦","丶 ㇇ 一 ㇀ 丶 丶 丶 乛 丨 𠃌 丶 丶 丿 丿 丨 丨 丨 一 丨","丶 ㇇ 丨 丿 丶 一 ㇀ 乛 丨 丶 丶 丶 丶 一 丿 丨 𠃌 丨 丨"
"cnwstqi6416","junior","N","A","谶","谶","谶","丶 ㇊ 丿 丶 丿 丶 一 丨 一 一 一 丨 一 一 一 ㇀ ㇂ 丿 丶","丶 ㇊ 丶 一 丶 丿 一 一 ㇂ 一 丿 一 一 丶 ㇀ 一 丨 丿 丨"
"cnwstqi6417","junior","N","B","襞","襞","襞","𠃍 一 𠃍 一 丶 丿 丶 一 丨 丨 丿 𠄌 ㇏ 丶 丿 一 丿 一 一","𠃍 一 丿 丨 𠃍 一 丶 一 丶 丿 一 一 丨 丶 一 丿 𠄌 丿 ㇏"
"cnwstqi6418","junior","N","B","骥","骥","骥","𠃍 ㇉ 一 丨 一 乚 丿 𠃍 ㇀ 丨 一 一 丨 丨 一 ㇀ 丶 丿 丨","𠃍 ㇉ ㇀ 丨 一 ㇀ 丿 乚 丨 𠃍 一 丨 一 一 丨 丨 一 丿 丶"
"cnwstqi6419","junior","N","A","缵","缵","缵","𠃋 𠃋 ㇀ 丿 一 丨 一 丿 𠄌 丿 一 丨 一 丿 乚 丨 𠃍 丿 丶","𠃋 𠃋 丿 一 丿 丨 丿 𠃍 一 丨 丶 ㇀ 𠄌 丿 乚 一 丿 丨 一"
"cnwstqi6420","junior","N","B","瓒","瓒","瓒","一 一 丨 丿 𠃍 丿 一 丿 一 一 丨 丨 ㇀ 丿 一 𠄌 丨 丿 丶 乚","一 一 丨 ㇀ 丿 一 丨 一 丿 𠄌 丿 一 丨 一 丿 乚 丨 𠃍 丿 丶"
"cnwstqi6421","junior","N","B","攘","攘","攘","一 亅 一 一 丶 丿 丨 𠄌 ㇏ 𠃍 丿 一 一 𠃍 丨 ㇀ 丨 一 丨 一","一 亅 ㇀ 丶 一 丨 𠃍 一 丨 𠃍 一 一 一 丨 丨 一 丿 𠄌 丿 ㇏"
"cnwstqi6422","junior","N","A","蘩","蘩","蘩","一 丨 丨 丿 一 ㇄ 𠃍 丶 一 丶 丿 一 丿 ㇏ 𠃋 𠃋 丶 亅 丿 丶","一 丨 丨 一 亅 丿 ㇄ 𠃋 丶 一 丶 丿 丶 𠃋 丿 丿 一 ㇏ 𠃍 丶"
"cnwstqi6423","junior","N","B","蘖","蘖","蘖","一 丨 一 一 丿 一 一 丶 丶 丨 丨 丨 一 丿 𠃍 𠃍 一 丿 丨 ㇏","一 丨 丨 丿 丨 𠃍 一 𠃍 一 丶 一 丶 丿 一 一 丨 一 丨 丿 ㇏"
"cnwstqi6424","junior","N","A","醴","醴","醴","一 丨 𠃍 丿 ㇄ 一 一 丨 𠃍 一 丨 丨 一 一 丨 𠃍 一 丶 丿 一","一 丨 𠃍 ㇄ 丿 丶 丨 𠃍 一 𠃍 一 丨 一 一 丨 一 丿 一 丨 一"
"cnwstqi6425","junior","N","B","霰","霰","霰","一 ㇀ 一 一 丶 丶 一 𠃌 ㇏ 乛 一 丨 丨 丿 丿 丨 一 丶 丨 丶","一 ㇀ 乛 丨 丶 丶 丶 丶 一 丨 丨 一 丨 𠃌 一 一 丿 一 丿 ㇏"
"cnwstqi6426","junior","N","A","酆","酆","酆","丨 一 一 一 丨 一 一 一 丨 ㇄ 丨 一 丨 𠃍 一 丶 丿 ㇀ ㇌ 丨","丨 一 一 ㇌ 一 𠃍 ㇄ 丨 丿 一 丨 一 一 丨 丨 ㇀ 丶 一 一 丨"
"cnwstqi6427","junior","N","B","矍","矍","矍","丨 𠃍 一 一 一 一 一 一 丿 ㇏ 一 一 一 丨 ㇇ 丨 丶 丨 一 𠃍","丨 𠃍 一 一 一 丨 𠃍 一 一 一 丿 丨 丶 一 一 一 丨 一 ㇇ ㇏"
"cnwstqi6428","junior","N","B","曦","曦","曦","丨 𠃍 丿 ㇉ 丶 丿 ㇂ 丶 丿 一 丨 一 一 一 丨 丶 丿 一 一 一","丨 𠃍 一 一 丶 丿 一 一 丨 一 丿 一 丨 丿 丶 一 ㇉ ㇂ 丿 丶"
"cnwstqi6429","junior","N","B","躅","躅","躅","丨 𠃍 𠃌 𠃍 一 ㇀ 丨 一 丨 丿 𠃍 一 丨 丨 丨 丶 丨 一 一 丨","丨 𠃍 一 丨 一 丨 ㇀ 丨 𠃍 丨 丨 一 丿 𠃌 丨 𠃍 一 丨 一 丶"
"cnwstqi6430","junior","N","B","鼍","鼍","鼍","丨 𠃍 丨 丨 一 丨 一 一 一 𠃍 丨 丨 𠃍 一 一 𠃍 一 𠃍 乚 一","丨 𠃍 一 丨 𠃍 一 丨 𠃍 一 丨 一 一 丨 𠃍 一 丨 𠃍 一 一 乚"
"cnwstqi6431","junior","N","A","巉","巉","巉","丨 ㇄ 丨 丿 ㇇ 丨 𠃍 一 一 𠄌 丿 乚 丿 ㇇ 丨 𠃍 一 丿 乚 丶","丨 ㇄ 一 丨 一 丿 𠄌 丿 丿 𠃍 ㇇ 丨 丶 丿 乚 ㇇ 𠃍 乚 丨 一"
"cnwstqi6432","junior","N","B","黩","黩","黩","丨 𠃍 ㇀ 一 丶 ㇀ 丶 丶 丶 丶 一 一 丶 丨 丨 一 丿 乛 丿 丶","丨 𠃍 丶 丿 一 丨 一 ㇀ ㇀ 丶 丶 丶 一 丨 乛 丶 丶 一 丿 丶"
"cnwstqi6433","junior","N","B","黥","黥","黥","丨 𠃍 𠃍 一 丶 亅 丨 一 丿 一 丿 丶 丶 ㇀ ㇀ 一 丨 丶 丶 丶","丨 𠃍 丶 丿 一 丨 一 ㇀ ㇀ 丶 丶 丶 丶 一 丨 𠃍 一 亅 丿 丶"
"cnwstqi6434","junior","N","A","黪","黪","黪","丨 𠃍 丶 丿 一 丨 一 ㇀ ㇀ 丶 丶 丶 𠃋 丶 一 丿 ㇏ 丿 丿 丿","丨 𠃍 丶 丿 丿 ㇀ 𠃋 丿 丶 一 丶 一 丿 丶 丿 一 ㇏ ㇀ 丶 丨"
"cnwstqi6435","junior","N","B","镳","镳","镳","丿 一 丶 丨 一 丿 丶 𠄌 丶 丶 𠄌 𠃍 丿 丨 一 一 ㇀ 一 一 乚","丿 一 一 一 𠄌 丶 一 丿 𠃍 丨 丨 一 一 𠄌 丿 乚 ㇀ 丶 丶 丶"
"cnwstqi6436","junior","N","A","镴","镴","镴","丿 一 一 一 𠄌 𡿨 𡿨 𡿨 丨 𠃍  丿 丶 𠄌 丶 丶 𠄌 丶 丶 ㇂","丿 一 丶 𡿨 ㇂ 丶 丿 𠃍 一 𠄌 𡿨  丶 𠄌 丶 𠄌 一 丨 丶 𡿨"
"cnwstqi6437","junior","N","A","黧","黧","黧","丿 一 丨 丿 丶 丿 𠃌 丿 丨 𠃍 丶 丿 一 丨 一 一 ㇀ 丶 丶 丶","丿 一 丨 一 一 丶 丨 一 丶 丿 丿 𠃍 丿 𠃌 丿 丶 ㇀ 丶 丨 丶"
"cnwstqi6438","junior","N","B","纂","纂","纂","丿 一 丶 亅 丶 丶 𠃋 丿 一 𠃍 ㇏ 丨 一 一 一 一 丶 丿 丿 𠃋","丿 一 丶 丿 一 丶 丨 𠃍 一 一 一 一 丿 ㇏ 𠃋 𠃋 丶 亅 丿 丶"
"cnwstqi6439","junior","N","A","璺","璺","璺","丿 丨 一 一 丨 𠃍 一 丨 𠃍 一 𠃍 一 一 ㇀ 乛 一 一 丨 一 丶","丿 丨 𠃍 乛 一 𠃍 一 ㇀ 一 一 一 一 丨 丨 丨 一 丶 一 一 𠃍"
"cnwstqi6440","junior","N","B","鼯","鼯","鼯","丿 丨 丶 𠄌 𠄌 一 𠃍 一 一 𠃍 丶 丶 丶 ㇂ 𠃍 丨 丨 一 一 一","丿 丨 一 𠃍 一 一 𠄌 丶 丶 𠄌 丶 丶 ㇂ 一 丨 𠃍 一 丨 𠃍 一"
"cnwstqi6441","junior","N","A","臜","臜","臜","丿 𠃌 一 一 丿 一 丨 一 丿 𠄌 丿 一 丨 一 丿 乚 丨 𠃍 丿 丶","丿 𠃌 丶 丨 一 丿 一 𠄌 一 乚 丿 丿 丨 一 𠃍 丨 一 丿 丿 一"
"cnwstqi6442","junior","N","A","鳜","鳜","鳜","丿 ㇇ 丨 𠃍 一 丨 一 ㇀ 一 丿 丶 丿 一 ㇄ 丨 丿 丿 乛 丿 ㇏","丿 ㇇ 丨 丿 丿 丿 乛 丿 𠃍 丶 一 一 ㇀ ㇄ ㇏ 丨 丿 丨 一 一"
"cnwstqi6443","junior","N","A","鳝","鳝","鳝","丿 ㇇ 丨 𠃍 一 丨 一 ㇀ 丶 丿 一 一 一 丨 丶 丿 一 丨 𠃍 一","丿 ㇇ 丶 丨 丨 丨 一 ㇀ 一 丨 丿 一 𠃍 一 丶 一 一 丿 一 𠃍"
"cnwstqi6444","junior","N","A","鳟","鳟","鳟","丿 ㇇ 丨 𠃍 一 丨 一 ㇀ 丶 丿 一 丨 𠃍 丿 ㇄ 一 一 一 亅 丶","丿 ㇇ 一 一 ㇄ 一 丨 丿 一 丶 一 一 𠃍 ㇀ 丨 丨 亅 𠃍 丿 丶"
"cnwstqi6445","junior","N","A","獾","獾","獾","丿 ㇁ 丿 一 丨 丨 丨 𠃍 一 丨 𠃍 一 丿 丨 丶 一 一 一 丨 一","丿 ㇁ 一 丨 一 丨 一 丨 一 𠃍 丿 丿 丨 丨 一 一 丨 丶 一 𠃍"
"cnwstqi6446","junior","N","A","孀","孀","孀","𡿨 丿 一 一 ㇀ 乛 丨 丶 丶 丶 丶 一 丨 丿 丶 丨 𠃍 一 一 一","𡿨 丿 丶 一 一 丨 丿 丨 一 丶 乛 丶 一 ㇀ 丨 一 一 𠃍 丶 丶"
"cnwstqi6447","junior","N","B","骧","骧","骧","𠃍 ㇉ 一 一 𠃍 ㇏ 一 丿 丨 𠃍 丨 ㇀ 丶 丨 丨 一 一 丿 𠄌 一","𠃍 ㇉ ㇀ 丶 一 丨 𠃍 一 丨 𠃍 一 一 一 丨 丨 一 丿 𠄌 丿 ㇏"
"cnwstqi6448","junior","N","B","瓘","瓘","瓘","一 一 𠃍 ㇀ 𠃍 丨 一 一 一 丶 一 丿 丨 丨 丨 丨 一 一 丨 丨 一","一 一 丨 ㇀ 一 丨 丨 丨 𠃍 一 丨 𠃍 一 丿 丨 丶 一 一 一 丨 一"
"cnwstqi6449","junior","N","B","鼙","鼙","鼙","一 丨 丿 丶 丨 一 𠃍 ㇇ 丨 ㇀ 一 一 丨 一 一 𠃍 丿 丿 丨 ㇏ 一","一 丨 一 丨 𠃍 一 丶 丿 ㇀ 一 丨 ㇇ ㇏ 丿 丨 𠃍 一 一 丿 一 丨"
"cnwstqi6450","junior","N","A","醺","醺","醺","一 丨 𠃍 丿 ㇄ 一 一 丿 一 丨 𠃍 丶 丿 一 丨 一 一 ㇀ 丶 丶 丶","一 丨 一 𠃍 一 𠃍 丶 一 丨 丶 丶 一 一 丶 丿 ㇀ 丿 一 丿 ㇄ 丨"
"cnwstqi6451","junior","N","B","礴","礴","礴","一 丿 一 丨 丨 一 𠃍 丨 一 𠃍 一 ㇀ 丨 丶 丶 丶 亅 一 丶 一 丨","一 丿 丨 𠃍 一 一 丨 丨 丶 丶 ㇀ 一 丨 𠃍 一 一 丨 丶 一 亅 丶"
"cnwstqi6452","junior","N","A","颦","颦","颦","丨 一 丨 一 丨 丿 丿 一 丿 丨 𠃍 丿 丶 丿 丨 𠃍 一 一 丿 一 丨","丨 一 丿 𠃍 丿 丨 丿 丨 丿 丨 丿 一 一 丨 一 一 一 丨 丶 丿 𠃍"
"cnwstqi6453","junior","N","A","曩","曩","曩","丨 𠃍 一 一 丶 一 丨 𠃍 一 丨 𠃍 一 一 一 丨 丨 一 丿 𠄌 丿 ㇏","丨 𠃍 𠄌 一 𠃍 ㇏ 一 一 丨 丨 丿 一 丨 一 𠃍 丨 丿 一 一 一 丶"
"cnwstqi6454","junior","N","A","鳢","鳢","鳢","丿 ㇇ 丨 𠃍 一 丨 一 ㇀ 丨 𠃍 一 丨 丨 一 一 丨 𠃍 一 丶 丿 一","丿 ㇇ 丿 一 一 丶 一 𠃍 ㇀ 一 一 𠃍 一 丨 丨 一 丨 丨 丨 𠃍 丨"
"cnwstqi6455","junior","N","B","癫","癫","癫","丶 一 一 丿 丿 一 丶 丶 一 丶 丨 一 𠃍 丿 丨 一 丨 𠃍 ㇀ 一 丿","丶 一 丿 丶 ㇀ 一 丨 丨 𠃍 一 一 一 一 丿 丶 一 丿 丨 𠃍 丿 丶"
"cnwstqi6456","junior","N","A","麝","麝","麝","丶 一 丿 𠃍 丨 丨 一 一 𠄌 丿 乚 丿 丨 𠃌 一 一 一 丿 一 亅 丶","丶 一 乚 一 𠃌 𠄌 𠃍 丨 一 一 丨 丿 丿 丿 丶 丿 一 一 丨 亅 一"
"cnwstqi6457","junior","N","A","夔","夔","夔","丶 丿 一 丿 丨 𠃍 一 一 一 丨 一 丨 ㇀ 𠃍 一 乚 丿 丶 丿 ㇇ ㇏","丶 丿 丿 一 一 丨 丨 ㇏ 乚 丨 ㇇ 一 一 丿 丶 𠃍 𠃍 一 丿 一 ㇀"
"cnwstqi6458","junior","N","B","爝","爝","爝","㇀ 丿 丨 丶 丶 一 𠄌 丿 一 丶 亅 丨 丶 丿 丶 一 一 丨 𠃍 丿 𠃍","㇀ 丿 丿 丶 丿 丶 丶 丿 丨 𠃍 丨 丨 一 𠃍 一 一 𠄌 丶 一 亅 丶"
"cnwstqi6459","junior","N","A","灏","灏","灏","丶 丶 ㇀ 丨 𠃍 一 一 丶 一 丨 𠃍 一 亅 丿 丶 一 丿 丨 𠃍 丿 丶","丶 丶 丶 一 一 丿 一 丨 丶 一 丨 𠃍 丿 𠃍 丨 𠃍 丶 丿 一 ㇀ 亅"
"cnwstqi6460","junior","N","A","禳","禳","禳","丶 ㇇ 丨 丶 丶 一 丨 𠃍 一 丨 𠃍 一 一 一 丨 丨 一 丿 𠄌 丿 ㇏","丶 ㇇ 丨 𠄌 ㇏ 一 一 一 丨 𠃍 一 丿 丿 丶 一 丨 丨 丨 𠃍 一 丶"
"cnwstqi6461","junior","N","B","鐾","鐾","鐾","𠃍 一 一 丶 丿 丨 丿 𠃍 一 丨 丿 丶 一 一 ㇏ 丿 一 丶 丨 一 一","𠃍 一 丿 丨 𠃍 一 丶 一 丶 丿 一 一 丨 丿 ㇏ 一 一 丨 丶 丿 一"
"cnwstqi6462","junior","N","B","羼","羼","羼","𠃍 一 丶 一 一 一 丿 丿 丿 一 一 丿 丿 丶 一 丨 丶 丨 一 一 一","𠃍 一 丿 丶 丿 一 一 一 丨 丶 丿 一 一 一 丿 丶 丿 一 一 一 丨"
"cnwstqi6463","junior","N","A","蠡","蠡","蠡","𠃋 ㇇ 一 丿 ㇁ 丿 丿 丿 ㇏ 丨 𠃍 一 丨 一 丶 丨 𠃍 一 丨 一 丶","𠃋 ㇇ 丶 丿 丨 丨 丿 丿 一 丨 𠃍 一 丶 一 丨 一 丿 ㇏ 𠃍 一 ㇁"
"cnwstqi6464","junior","N","A","耱","耱","耱","一 一 一 丨 丿 丶 丶 一 丿 一 丨 丿 丶 一 丨 丿 ㇏ 一 丿 丨 𠃍 一","一 一 一 丿 丶 丿 丨 一 一 一 丨 一 丿 丶 丨 丿 丶 丿 𠃍 ㇏ 丨 一"
"cnwstqi6465","junior","N","A","懿","懿","懿","一 丨 一 ㇀ 乛 一 丨 𠃍 一 丶 丿 ㇀ 丶 ㇀ 丿 乛 丿 ㇏ ㇀ ㇃ 丶 丶","一 丨 丶 ㇏ 乛 丿 ㇀ ㇃ 丿 丿 丨 乛 丶 ㇀ 一 ㇀ 𠃍 一 丶 丶 ㇀ 一"
"cnwstqi6466","junior","N","A","蘸","蘸","蘸","一 丨 丨 一 丨 𠃍 丿 ㇄ 一 一 丿 丨 丶 一 一 一 丨 一 ㇀ 丶 丶 丶","一 丨 一 ㇄ 丨 一 𠃍 丨 一 丿 一 ㇀ 丶 丿 一 丶 丨 丶 丨 丶 一 一"
"cnwstqi6467","junior","N","A","鹳","鹳","鹳","一 丨 丨 丨 𠃍 一 丨 𠃍 一 丿 丨 丶 一 一 一 丨 一 丿 𠃌 丶 ㇉ 一","一 丨 一 𠃍 丶 一 一 丨 丨 一 ㇉ 一 丿 丨 丨 一 一 丨 丿 𠃌 丶 𠃍"
"cnwstqi6468","junior","N","A","霾","霾","霾","一 ㇀ 乛 丨 丶 丶 丶 丶 丿 丶 丶 丿 ㇁ 丿 丿 丨 𠃍 一 一 丨 一 一","一 ㇀ 丨 丶 一 丶 丶 一 一 丶 丿 丨 丨 丶 丶 ㇁ 丿 乛 丿 丿 一 𠃍"
"cnwstqi6469","junior","N","A","氍","氍","氍","丨 𠃍 一 一 一 丨 𠃍 一 一 一 丿 丨 丶 一 一 一 丨 一 丿 一 一 乚","丨 𠃍 一 丶 一 丨 一 𠃍 一 丨 一 乚 一 一 丨 一 一 丿 一 一 一 丿"
"cnwstqi6470","junior","N","B","饕","饕","饕","丨 𠃍 丿 丿 一 丶 乛 ⺄ 一 一 ㇉ 𠃍 丨 乚 丿 ㇏ 一 𠄌 丶 丿 一 一","丨 𠃍 一 一 ㇉ 丨 一 乛 丿 一 乚 丿 ⺄ 丿 ㇏ 丶 𠃍 一 一 𠄌 丿 丶"
"cnwstqi6471","junior","N","A","躐","躐","躐","丨 𠃍 一 丨 一 丨 ㇀ 𡿨 𡿨 𡿨 丨 𠃍 丿 丶 一 𠄌 丶 丶 𠄌 丶 丶 ㇂","丨 𠃍 𠄌 丨 𠃍 一 𡿨 丶 丶 丨 丶 丿 ㇂ 丶 𡿨 一 𡿨 ㇀ 丨 一 𠄌 丶"
"cnwstqi6472","junior","N","A","髑","髑","髑","丨 𠃍 𠃍 ㇀ 乛 丨 𠃌 一 一 丨 𠃍 丨 丨 一 丿 𠃌 丨 𠃍 一 丨 一 丶","丨 𠃍 𠃍 一 一 𠃌 ㇀ 丨 丨 丿 丨 𠃍 一 一 丨 𠃍 丨 丨 𠃌 一 乛 丶"
"cnwstqi6473","junior","N","A","镵","镵","镵","丿 一 一 一 𠄌 丿 ㇇ 丨 𠃍 一 一 𠄌 丿 乚 丿 ㇇ 丨 𠃍 一 丿 乚 丶","丿 一 丨 乚 一 丿 丿 丶 𠃍 丨 𠄌 ㇇ 一 丿 ㇇ 𠃍 一 乚 一 𠄌 一 丿"
"cnwstqi6474","junior","N","A","穰","穰","穰","丿 一 丨 丿 丶 丶 一 丨 𠃍 一 丨 𠃍 一 一 一 丨 丨 一 丿 𠄌 丿 ㇏","丿 一 丨 𠃍 一 丶 丨 丨 丨 一 丿 ㇏ 丿 一 𠄌 丶 一 一 一 丨 丿 𠃍"
"cnwstqi6475","junior","N","B","饔","饔","饔","丶 一 丨 丿 𠃍 一 𠃋 丨 丶 丿 丶 丶 一 一 丿 一 丿 𠄌 一 一 ㇏ 𠃋","丶 一 𠃋 𠃋 丿 丿 丨 丶 一 一 一 丨 一 丿 ㇏ 丶 𠃍 一 一 𠄌 丿 丶"
"cnwstqi6476","junior","N","A","鬻","鬻","鬻","𠃍 一 ㇉ 丶 丿 一 丨 丿 丶 𠃍 一 ㇉ 一 丨 𠃍 一 丨 𠃌 丶 丿 一 丨","𠃍 一 丿 丶 ㇉ ㇉ 丨 𠃌 𠃍 𠃍 丨 丿 一 一 丿 丶 一 一 一 丨 丶 丨"
"cnwstqi6477","junior","N","B","鬟","鬟","鬟","一 丨 丨 𠃍 丿 丨 一 𠃍 丿 一 一 丨 丨 一 丿 ㇏ 丿 𠃋 𠄌 一 一 丿 丶","一 丨 一 一 一 𠃋 丶 丿 丿 丿 丨 𠃍 丨 丨 一 一 丨 𠃍 一 丿 𠄌 丿 ㇏"
"cnwstqi6478","junior","N","A","趱","趱","趱","一 丨 一 丨 一 丿 ㇏ 丿 一 丨 一 丿 𠄌 丿 一 丨 一 丿 乚 丨 𠃍 丿 丶","一 丨 丿 丨 𠃍 一 丿 一 丨 丨 丿 一 一 丨 一 丿 一 𠄌 丶 丿 丿 乚 ㇏"
"cnwstqi6479","junior","N","B","攫","攫","攫","一 亅 𠃍 丿 一 一 一 𠃍 一 丨 丨 一 丨 ㇇ 一 一 丶 一 ㇀ 一 丨 一 ㇏","一 亅 ㇀ 丨 𠃍 一 一 一 丨 𠃍 一 一 一 丿 丨 丶 一 一 一 丨 一 ㇇ ㇏"
"cnwstqi6480","junior","N","A","攥","攥","攥","一 亅 ㇀ 丿 一 丶 丿 一 丶 丨 𠃍 一 一 一 一 丿 ㇏ 𠃋 𠃋 丶 亅 丿 丶","一 亅 丶 ㇀ 丶 丿 一 丶 丨 一 一 亅 ㇏ 丿 丿 𠃋 丶 𠃍 一 𠃋 丿 一 一"
"cnwstqi6481","junior","N","B","颧","颧","颧","一 丨 丶 丨 𠃍 一 𠃍 丿 丶 𠃍 丨 一 一 丨 丿 一 一 一 丨 丨 丨 丿 一","一 丨 丨 丨 𠃍 一 丨 𠃍 一 丿 丨 丶 一 一 一 丨 一 一 丿 丨 𠃍 丿 丶"
"cnwstqi6482","junior","N","B","躜","躜","躜","丨 𠃍 丿 一 乚 一 一 丨 𠃍 一 ㇀ 𠄌 丨 丨 一 丶 丿 丿 丨 一 丿 丿 丨","丨 𠃍 一 丨 一 丨 ㇀ 丿 一 丨 一 丿 𠄌 丿 一 丨 一 丿 乚 丨 𠃍 丿 丶"
"cnwstqi6483","junior","N","B","鼹","鼹","鼹","丿 丨 一 丶 𠄌 一 乛 丶 丶 丿 𠃍 丶 丨 一 ㇀ 丶 𠃍 一 𠄌 ㇂ 𡿨 一 一","丿 丨 一 𠃍 一 一 𠄌 丶 丶 𠄌 丶 丶 ㇂ 丨 𠃍 一 一 丶 ㇀ 乛 𡿨 丿 一"
"cnwstqi6484","junior","N","A","癯","癯","癯","丶 一 丿 丶 ㇀ 丨 𠃍 一 一 一 丨 𠃍 一 一 一 丿 丨 丶 一 一 一 丨 一","丶 一 丨 丶 丨 一 一 丨 一 𠃍 ㇀ 一 丿 一 丨 丶 一 丿 一 一 一 𠃍 一"
"cnwstqi6485","junior","N","B","麟","麟","麟","丶 一 丿 一 丿 丿 一 丨 ㇇ 丶 丨 丿 ㇏ 一 𠄌 一 一 丨 𠄌 丨 丶 𠃋 𠃍","丶 一 丿 𠃍 丨 丨 一 一 𠄌 一 𠄌 丶 丿 一 丨 丿 ㇏ 丿 ㇇ 丶 一 𠃋 丨"
"cnwstqi6486","junior","N","B","蠲","蠲","蠲","丶 丿 丶 𠃍 丨 一 𠃍 丨 𠃌 丶 一 ㇀ 丨 丨 一 丿 丨 丨 𠃍 丿 丨 丨 一","丶 丿 一 丿 丶 丨 𠃍 丨 丨 ㇀ 丨 𠃍 丨 丨 一 丿 𠃌 丨 𠃍 一 丨 一 丶"
"cnwstqi6487","junior","N","A","蠹","蠹","蠹","一 丨 𠃍 一 丨 ㇀ 乛 一 丿 丨 𠃍 一 丨 𠃍 一 丨 一 丶 丨 𠃍 一 丨 一 丶","一 丨 𠃍 丶 丿 一 ㇀ 丨 𠃍 丨 乛 丨 一 一 丨 𠃍 丨 一 一 丨 丶 一 𠃍 一"
"cnwstqi6488","junior","N","B","躞","躞","躞","丨 𠃍 一 一 丿 丨 一 一 丿 丶 丨 丿 丶 丨 ㇀ 丿 一 ㇏ ㇇ 𠃍 一 ㇀ ㇀ 丶","丨 𠃍 一 丨 一 丨 ㇀ 丶 一 一 一 丨 𠃍 一 ㇀ 丿 丿 丶 ㇀ 丿 丿 丶 ㇇ ㇏"
"cnwstqi6489","junior","N","B","衢","衢","衢","丿 丿 一 一 一 丶 一 𠃍 一 一 一 一 丨 丨 丿 一 一 丨 一 亅 一 𠃍 丨 丨","丿 丿 丨 丨 𠃍 一 一 一 丨 𠃍 一 一 一 丿 丨 丶 一 一 一 丨 一 一 一 亅"
"cnwstqi6490","junior","N","A","鑫","鑫","鑫","丿 ㇏ 一 一 丨 丶 丿 一 丿 ㇏ 一 一 丨 丶 丿 ㇀ 丿 ㇏ 一 一 丨 丶 丿 一","丿 ㇏ 一 ㇀ 一 一 一 丿 ㇏ 丶 一 丶 丿 丿 丨 一 丶 丿 丨 ㇏ 丿 一 丨 一"
"cnwstqi6491","junior","N","B","灞","灞","灞","丶 丶 ㇀ 一 丨 丨 丶 丨 丶 一 乛 丶 ㇀ 一 丶 一 𠃍 一 丨 丿 一 一 𠃌 丨","丶 丶 ㇀ 一 ㇀ 乛 丨 丶 丶 丶 丶 一 丨 丨 一 丨 𠃍 一 一 丨 丿 𠃌 一 一"
"cnwstqi6492","junior","N","B","襻","襻","襻","丶 ㇇ 丿 丿 丶 丿 丨 一 丨 丿 一 丿 丶 一 丶 一 丶 ㇏ 亅 丿 丨 一 丿 丶","丶 ㇇ 丨 丿 丶 一 丨 丿 丶 丿 丶 丿 丶 一 丨 丿 丶 一 丿 ㇏ 丿 一 一 亅"
"cnwstqi6493","junior","N","A","纛","纛","纛","一 一 丨 一 ㇄ 𠃍 丶 一 丶 丨 𠃍 一 一 一 一 亅 丿 丶 丿 𠃋 𠃋 丶 亅 丿 丶","一 一 一 丿 丿 𠃍 一 亅 丶 一 丶 一 𠃍 𠃋 一 丿 ㇄ 丨 亅 丨 丶 丶 𠃋 丶 一"
"cnwstqi6494","junior","N","B","鬣","鬣","鬣","一 丨 一 𠃍 丶 丶 一 一 丶 一 𡿨 丿 𡿨 丶 丨 𠃋 丿 丶 𠄌 丿 ㇂ 丶 𠄌 丿 𡿨","一 丨 一 一 一 𠃋 丶 丿 丿 丿 𡿨 𡿨 𡿨 丨 𠃍 丿 丶 一 𠄌 丶 丶 𠄌 丶 丶 ㇂"
"cnwstqi6495","junior","N","B","攮","攮","攮","一 亅 丨 丿 ㇏ 𠃍 𠄌 𠃍 ㇀ 一 丿 一 丨 ㇀ 一 一 丨 乛 一 丨 丨 一 丨 一 𠃍","一 亅 ㇀ 一 丨 𠃍 一 丨 ㇀ 乛 丨 𠃍 一 丨 𠃍 一 一 一 丨 丨 一 丿 𠄌 丿 ㇏"
"cnwstqi6496","junior","N","B","囔","囔","囔","丨 𠃍 一 ㇏ 一 丨 一 𠃍 丿 丨 丨 乛 𠃍 𠃍 一 一 一 一 丨 ㇀ 一 丿 丨 𠄌 丨","丨 𠃍 一 一 丨 𠃍 一 丨 ㇀ 乛 丨 𠃍 一 丨 𠃍 一 一 一 丨 丨 一 丿 𠄌 丿 ㇏"
"cnwstqi6497","junior","N","A","馕","馕","馕","丿 乛 𠄌 一 丨 𠃍 一 丨 ㇀ 乛 丨 𠃍 一 丨 𠃍 一 一 一 丨 丨 一 丿 𠄌 丿 ㇏","丿 乛 𠄌 ㇏ 丨 一 丨 丨 一 ㇀ 丿 一 𠃍 一 𠄌 𠃍 丿 𠃍 丨 一 乛 丨 一 一 丨"
"cnwstqi6498","junior","N","A","戆","戆","戆","丶 一 丶 丿 一 丨 𠃍 一 一 一 丨 丿 ㇇ ㇏ 一 丨 一 丨 𠃍 丿 丶 ㇀ ㇃ 丶 丶","丶 一 ㇏ 丿 𠃍 一 丨 一 丨 ㇇ ㇀ 一 丿 丶 丶 丨 一 丶 丨 𠃍 一 丿 丶 ㇃ 一"
"cnwstqi6499","junior","N","A","爨","爨","爨","丿 丨 一 一 丨 𠃍 一 丨 𠃍 一 𠃍 一 一 ㇀ 乛 一 丨 丿 丶 一 丨 丿 丶 一 丿 ㇏ ㇀ 丿 丿 丶","丿 丨 丨 丶 丨 一 丿 丿 ㇀ 丶 一 𠃍 丶 丿 丨 一 乛 丿 𠃍 一 一 一 ㇏ ㇀ 丨 一 一 𠃍 一 丿"
"cnwstqi6500","junior","N","A","齉","齉","齉","丿 丨 𠃍 一 一 一 丨 𠃍 一 丨 一 一 丿 丨 一 丨 𠃍 一 丨 ㇀ 乛 丨 𠃍 一 丨 𠃍 一 一 一 丨 丨 一 丿 𠄌 丿 ㇏","丿 丨 丨 丨 𠃍 一 𠄌 一 丨 一 一 一 𠃍 一 一 乛 一 丿 丨 丨 一 丨 ㇀ 丨 丿 丿 ㇏ 𠃍 一 一 一 丨 丨 一 𠃍 𠃍"
"cnwstqi6501","senior","N","A","亍","亍","亍","一 一 亅","X"
"cnwstqi6502","senior","N","B","尢","尢","尢","X","一 丿 乚"
"cnwstqi6503","senior","N","A","彳","彳","彳","丿 丿 丨","X"
"cnwstqi6504","senior","N","A","卬","卬","卬","丿 𠄌 𠃌 丨","丿 𠄌 丨 𠃌"
"cnwstqi6505","senior","N","A","殳","殳","殳","丿 ㇍ ㇇ ㇏","丿 ㇍ ㇏ ㇇"
"cnwstqi6506","senior","N","B","𠙶","𠙶","𠙶","㇇ 亅 丨 𠃊","㇇ 亅 𠃊 丨"
"cnwstqi6507","senior","N","A","毌","毌","毌","𠃊 𠃍 一 丨","𠃊 𠃍 丨 一"
"cnwstqi6508","senior","N","B","邘","邘","邘","一 一 ㇌ 亅 丨","一 一 亅 ㇌ 丨"
"cnwstqi6509","senior","N","A","戋","戋","戋","一 一 ㇂ 丿 丶","一 一 ㇂ 丶 丿"
"cnwstqi6510","senior","N","A","圢","圢","圢","","X"
"cnwstqi6511","senior","N","B","氕","氕","氕","丿 一 一 丿 ⺄","丿 一 一 ⺄ 丿"
"cnwstqi6512","senior","N","A","伋","伋","伋","","X"
"cnwstqi6513","senior","N","B","仝","仝","仝","丿 ㇏ 一 一 丨","丿 ㇏ 一 丨 一"
"cnwstqi6514","senior","N","A","冮","冮","冮","","X"
"cnwstqi6515","senior","N","A","氿","氿","氿","","X"
"cnwstqi6516","senior","N","B","汈","汈","汈","X",""
"cnwstqi6517","senior","N","B","氾","氾","氾","X",""
"cnwstqi6518","senior","N","A","忉","忉","忉","㇀ 丶 丨 𠃌 丿","㇀ 丶 𠃌 丨 丿"
"cnwstqi6519","senior","N","A","宄","宄","宄","丶 ㇀ 乛 丿 ⺄","丶 ㇀ ⺄ 乛 丿"
"cnwstqi6520","senior","N","B","𬣙","𬣙","𬣙","X",""
"cnwstqi6521","senior","N","A","讱","讱","讱","","X"
"cnwstqi6522","senior","N","B","扞","扞","扞","X",""
"cnwstqi6523","senior","N","B","圲","圲","圲","X",""
"cnwstqi6524","senior","N","A","圫","圫","圫","","X"
"cnwstqi6525","senior","N","A","芏","芏","芏","一 丨 丨 一 丨 一","一 丨 丨 一 一 丨"
"cnwstqi6526","senior","N","A","芃","芃","芃","一 丨 丨 丿 ⺄ 丶","一 丨 丨 丶 丿 ⺄"
"cnwstqi6527","senior","N","B","朳","朳","朳","X",""
"cnwstqi6528","senior","N","A","朸","朸","朸","","X"
"cnwstqi6529","senior","N","B","𨙸","𨙸","𨙸","X",""
"cnwstqi6530","senior","N","A","邨","邨","邨","一 ㇄ 丨 𠄌 𠄎|㇌ 丨","一 ㇄ 丨 丨 𠄎|㇌ 𠄌"
"cnwstqi6531","senior","N","B","吒","吒","吒","丨 𠃍 一 乚 丿 一","丨 𠃍 一 丿 一 乚"
"cnwstqi6532","senior","N","B","吖","吖","吖","丨 𠃍 丶 丨 丿 一","丨 𠃍 一 丶 丿 丨"
"cnwstqi6533","senior","N","A","屼","屼","屼","","X"
"cnwstqi6534","senior","N","A","屾","屾","屾","丨 ㇄ 丨 丨 ㇄ 丨","丨 ㇄ ㇄ 丨 丨 丨"
"cnwstqi6535","senior","N","B","辿","辿","辿","X",""
"cnwstqi6536","senior","N","B","钆","钆","钆","丿 一 𠄌 乚 一 一","丿 一 一 一 𠄌 乚"
"cnwstqi6537","senior","N","A","仳","仳","仳","丿 丨 一 𠄌 丿 乚","丿 丨 丿 𠄌 一 乚"
"cnwstqi6538","senior","N","A","伣","伣","伣","","X"
"cnwstqi6539","senior","N","B","伈","伈","伈","X",""
"cnwstqi6540","senior","N","A","癿","癿","癿","","X"
"cnwstqi6541","senior","N","A","甪","甪","甪","丿 丿 𠃌 一 一 丨","丿 丿 丨 一 一 𠃌"
"cnwstqi6542","senior","N","B","邠","邠","邠","X",""
"cnwstqi6543","senior","N","B","犴","犴","犴","丿 ㇁ 一 丨 丿 一","丿 ㇁ 丿 一 一 丨"
"cnwstqi6544","senior","N","B","冱","冱","冱","丶 ㇀ 𠃋 一 ㇇|乛 一","丶 ㇀ 一 𠃋 ㇇|乛 一"
"cnwstqi6545","senior","N","A","邡","邡","邡","丶 一 𠃌 丿 𠄎|㇌ 丨","丶 一 丿 𠃌 𠄎|㇌ 丨"
"cnwstqi6546","senior","N","B","闫","闫","闫","丶 丨 一 一 一 𠃌","丶 丨 𠃌 一 一 一"
"cnwstqi6547","senior","N","B","𬇕","𬇕","𬇕","X",""
"cnwstqi6548","senior","N","B","汋","汋","汋","X",""
"cnwstqi6549","senior","N","A","䜣","䜣","䜣","","X"
"cnwstqi6550","senior","N","A","讻","讻","讻","","X"
"cnwstqi6551","senior","N","A","𬣞","𬣞","𬣞","","X"
"cnwstqi6552","senior","N","B","孖","孖","孖","㇇|乛 亅 ㇇|乛 ㇀ 亅 一","㇇|乛 亅 ㇀ ㇇|乛 亅 一"
"cnwstqi6553","senior","N","B","𬘓","𬘓","𬘓","X",""
"cnwstqi6554","senior","N","B","纩","纩","纩","𠃋 𠃋 ㇀ 丶 丿 一","𠃋 𠃋 ㇀ 丶 一 丿"
"cnwstqi6555","senior","N","A","玒","玒","玒","","X"
"cnwstqi6556","senior","N","B","玓","玓","玓","X",""
"cnwstqi6557","senior","N","A","玘","玘","玘","","X"
"cnwstqi6558","senior","N","A","玚","玚","玚","","X"
"cnwstqi6559","senior","N","B","刬","刬","刬","X",""
"cnwstqi6560","senior","N","B","𫭟","𫭟","𫭟","X",""
"cnwstqi6561","senior","N","B","坜","坜","坜","一 丨 丿 𠃌 一 丿 ㇀","一 丨 ㇀ 一 丿 𠃌 丿"
"cnwstqi6562","senior","N","B","坉","坉","坉","X",""
"cnwstqi6563","senior","N","A","扽","扽","扽","","X"
"cnwstqi6564","senior","N","A","𫭢","𫭢","𫭢","","X"
"cnwstqi6565","senior","N","B","坋","坋","坋","X",""
"cnwstqi6566","senior","N","B","扺","扺","扺","X",""
"cnwstqi6567","senior","N","A","㧑","㧑","㧑","","X"
"cnwstqi6568","senior","N","A","毐","毐","毐","","X"
"cnwstqi6569","senior","N","B","芰","芰","芰","一 丨 ㇇|乛 丨 ㇏ 一 丨","一 丨 丨 一 丨 ㇇|乛 ㇏"
"cnwstqi6570","senior","N","B","芣","芣","芣","X",""
"cnwstqi6571","senior","N","A","苊","苊","苊","一 丨 丨 一 丿 𠃌 乚","一 丨 𠃌 丨 丿 乚 一"
"cnwstqi6572","senior","N","A","苉","苉","苉","","X"
"cnwstqi6573","senior","N","A","芘","芘","芘","一 丨 丨 一 𠄌 丿 乚","一 丨 𠄌 丨 丿 一 乚"
"cnwstqi6574","senior","N","A","芴","芴","芴","一 丨 丨 丿 𠃌 丿 丿","一 丨 丨 丿 丿 𠃌 丿"
"cnwstqi6575","senior","N","B","芠","芠","芠","X",""
"cnwstqi6576","senior","N","B","𫇭","𫇭","𫇭","X",""
"cnwstqi6577","senior","N","A","芤","芤","芤","一 丨 丨 ㇇|乛 亅 ㇀ 乚","一 丨 丨 乚 ㇀ ㇇|乛 亅"
"cnwstqi6578","senior","N","A","杕","杕","杕","","X"
"cnwstqi6579","senior","N","A","杙","杙","杙","","X"
"cnwstqi6580","senior","N","B","杄","杄","杄","X",""
"cnwstqi6581","senior","N","B","杧","杧","杧","X",""
"cnwstqi6582","senior","N","A","杩","杩","杩","一 丨 丿 丶 𠃍 ㇉ 一","一 丨 丶 一 ㇉ 丿 𠃍"
"cnwstqi6583","senior","N","B","尪","尪","尪","X",""
"cnwstqi6584","senior","N","A","尨","尨","尨","","X"
"cnwstqi6585","senior","N","B","轪","轪","轪","X",""
"cnwstqi6586","senior","N","B","𫐄","𫐄","𫐄","X",""
"cnwstqi6587","senior","N","B","坒","坒","坒","X",""
"cnwstqi6588","senior","N","A","芈","芈","芈","丨 一 丨 一 一 一 丨","丨 一 一 一 一 丨 丨"
"cnwstqi6589","senior","N","B","旴","旴","旴","X",""
"cnwstqi6590","senior","N","B","旵","旵","旵","X",""
"cnwstqi6591","senior","N","B","呙","呙","呙","丨 𠃍 𠃌 一 丨 丿 丶","丨 𠃍 一 丨 𠃌 丿 丶"
"cnwstqi6592","senior","N","A","㕮","㕮","㕮","","X"
"cnwstqi6593","senior","N","A","岍","岍","岍","丨 ㇄ 丨 一 一 丿 丨","丨 ㇄ 一 丨 丨 一 丿"
"cnwstqi6594","senior","N","B","𫵷","𫵷","𫵷","X",""
"cnwstqi6595","senior","N","B","岠","岠","岠","X",""
"cnwstqi6596","senior","N","B","岜","岜","岜","丨 ㇄ 𠃍 乚 丨 丨 一","丨 ㇄ 丨 𠃍 丨 一 乚"
"cnwstqi6597","senior","N","A","呇","呇","呇","","X"
"cnwstqi6598","senior","N","A","冏","冏","冏","","X"
"cnwstqi6599","senior","N","A","觃","觃","觃","","X"
"cnwstqi6600","senior","N","A","岙","岙","岙","丿 一 丿 ㇏ 丨 ㇄ 丨","丿 一 丨 ㇏ ㇄ 丨 丿"
"cnwstqi6601","senior","N","A","伾","伾","伾","","X"
"cnwstqi6602","senior","N","A","㑇","㑇","㑇","","X"
"cnwstqi6603","senior","N","B","伭","伭","伭","X",""
"cnwstqi6604","senior","N","B","佖","佖","佖","X",""
"cnwstqi6605","senior","N","B","伲","伲","伲","丿 丨 𠃍 丿 一 乚 丿","丿 丨 𠃍 一 丿 丿 乚"
"cnwstqi6606","senior","N","B","佁","佁","佁","X",""
"cnwstqi6607","senior","N","A","飏","飏","飏","丿 ⺄ 丿 丶 𠄎|㇌ 丿 丿","丿 ⺄ 丿 丶 丿 𠄎|㇌ 丿"
"cnwstqi6608","senior","N","A","狃","狃","狃","丿 ㇁ 丿 𠃍 丨 一 一","丿 ㇁ 一 𠃍 丿 丨 一"
"cnwstqi6609","senior","N","A","闶","闶","闶","丶 丨 𠃌 丶 一 丿 ⺄","丶 丨 𠃌 丶 ⺄ 丿 一"
"cnwstqi6610","senior","N","B","汧","汧","汧","X",""
"cnwstqi6611","senior","N","B","汫","汫","汫","X",""
"cnwstqi6612","senior","N","A","𣲘","𣲘","𣲘","","X"
"cnwstqi6613","senior","N","B","𣲗","𣲗","𣲗","X",""
"cnwstqi6614","senior","N","A","沄","沄","沄","","X"
"cnwstqi6615","senior","N","A","沘","沘","沘","","X"
"cnwstqi6616","senior","N","A","𬇙","𬇙","𬇙","","X"
"cnwstqi6617","senior","N","A","汭","汭","汭","","X"
"cnwstqi6618","senior","N","A","㳇","㳇","㳇","","X"
"cnwstqi6619","senior","N","A","沇","沇","沇","","X"
"cnwstqi6620","senior","N","A","忮","忮","忮","㇀ 丶 丨 一 丨 ㇇|乛 ㇏","㇀ 丶 一 丨 ㇇|乛 丨 ㇏"
"cnwstqi6621","senior","N","A","忳","忳","忳","","X"
"cnwstqi6622","senior","N","A","忺","忺","忺","","X"
"cnwstqi6623","senior","N","A","𬣡","𬣡","𬣡","","X"
"cnwstqi6624","senior","N","B","祃","祃","祃","X",""
"cnwstqi6625","senior","N","B","诇","诇","诇","X",""
"cnwstqi6626","senior","N","A","邲","邲","邲","","X"
"cnwstqi6627","senior","N","A","诎","诎","诎","丶 ㇊ ㇄ 丨 丨 ㇄ 丨","丶 ㇊ 丨 丨 丨 ㇄ ㇄"
"cnwstqi6628","senior","N","B","诐","诐","诐","X",""
"cnwstqi6629","senior","N","B","屃","屃","屃","X",""
"cnwstqi6630","senior","N","B","𫸩","𫸩","𫸩","X",""
"cnwstqi6631","senior","N","B","岊","岊","岊","X",""
"cnwstqi6632","senior","N","A","阽","阽","阽","𠄎|㇌ 丨 丨 一 丨 𠃍 一","𠄎|㇌ 丨 𠃍 一 一 丨 丨"
"cnwstqi6633","senior","N","B","䢺","䢺","䢺","X",""
"cnwstqi6634","senior","N","B","阼","阼","阼","𠄎|㇌ 丨 一 丿 一 丨 一","𠄎|㇌ 丨 丿 一 丨 一 一"
"cnwstqi6635","senior","N","A","妧","妧","妧","","X"
"cnwstqi6636","senior","N","B","妘","妘","妘","X",""
"cnwstqi6637","senior","N","B","𨚕","𨚕","𨚕","X",""
"cnwstqi6638","senior","N","B","纮","纮","纮","X",""
"cnwstqi6639","senior","N","A","驲","驲","驲","","X"
"cnwstqi6640","senior","N","B","𫘜","𫘜","𫘜","X",""
"cnwstqi6641","senior","N","B","纻","纻","纻","X",""
"cnwstqi6642","senior","N","A","𬘘","𬘘","𬘘","","X"
"cnwstqi6643","senior","N","A","𫘝","𫘝","𫘝","","X"
"cnwstqi6644","senior","N","A","纼","纼","纼","","X"
"cnwstqi6645","senior","N","A","玤","玤","玤","","X"
"cnwstqi6646","senior","N","A","玞","玞","玞","","X"
"cnwstqi6647","senior","N","B","玱","玱","玱","X",""
"cnwstqi6648","senior","N","A","玟","玟","玟","一 一 丨 ㇀ 丶 一 丿 ㇏","一 一 ㇀ 丶 ㇏ 丿 一 丨"
"cnwstqi6649","senior","N","B","邽","邽","邽","X",""
"cnwstqi6650","senior","N","B","邿","邿","邿","X",""
"cnwstqi6651","senior","N","A","坥","坥","坥","","X"
"cnwstqi6652","senior","N","B","坰","坰","坰","X",""
"cnwstqi6653","senior","N","B","坬","坬","坬","X",""
"cnwstqi6654","senior","N","B","坽","坽","坽","X",""
"cnwstqi6655","senior","N","B","弆","弆","弆","X",""
"cnwstqi6656","senior","N","A","耵","耵","耵","一 丨 丨 一 一 ㇀ 一 亅","一 丨 亅 一 丨 一 ㇀ 一"
"cnwstqi6657","senior","N","A","䢼","䢼","䢼","","X"
"cnwstqi6658","senior","N","B","𦭜","𦭜","𦭜","X",""
"cnwstqi6659","senior","N","B","茋","茋","茋","X",""
"cnwstqi6660","senior","N","B","苧","苧","苧","X",""
"cnwstqi6661","senior","N","A","苾","苾","苾","","X"
"cnwstqi6662","senior","N","B","苠","苠","苠","一 丨 ㇂|㇃ 一 𠃍 𠄌 丨 一","一 丨 丨 𠃍 一 𠄌 一 ㇂|㇃"
"cnwstqi6663","senior","N","B","枅","枅","枅","X",""
"cnwstqi6664","senior","N","A","㭎","㭎","㭎","","X"
"cnwstqi6665","senior","N","B","枘","枘","枘","一 丨 丿 丨 丶 丿 𠃌 丶","一 丨 丿 丶 丨 𠃌 丿 丶"
"cnwstqi6666","senior","N","A","枍","枍","枍","","X"
"cnwstqi6667","senior","N","A","矼","矼","矼","","X"
"cnwstqi6668","senior","N","A","矻","矻","矻","","X"
"cnwstqi6669","senior","N","A","匼","匼","匼","","X"
"cnwstqi6670","senior","N","B","𬨂","𬨂","𬨂","X",""
"cnwstqi6671","senior","N","A","𬀩","𬀩","𬀩","","X"
"cnwstqi6672","senior","N","B","𬀪","𬀪","𬀪","X",""
"cnwstqi6673","senior","N","B","旿","旿","旿","X",""
"cnwstqi6674","senior","N","B","昇","昇","昇","丨 𠃍 丨 丿 一 一 丿 一","丨 𠃍 一 一 丿 一 丿 丨"
"cnwstqi6675","senior","N","B","昄","昄","昄","X",""
"cnwstqi6676","senior","N","B","昒","昒","昒","X",""
"cnwstqi6677","senior","N","A","昈","昈","昈","","X"
"cnwstqi6678","senior","N","B","咉","咉","咉","X",""
"cnwstqi6679","senior","N","B","咇","咇","咇","X",""
"cnwstqi6680","senior","N","B","咍","咍","咍","X",""
"cnwstqi6681","senior","N","A","岵","岵","岵","丨 ㇄ 丨 一 丨 丨 𠃍 一","丨 ㇄ 一 𠃍 丨 丨 丨 一"
"cnwstqi6682","senior","N","B","岽","岽","岽","丨 ㇄ 丨 𠃋 一 丶 丿 亅","丨 ㇄ 丨 一 𠃋 亅 丿 丶"
"cnwstqi6683","senior","N","A","岨","岨","岨","","X"
"cnwstqi6684","senior","N","B","岞","岞","岞","X",""
"cnwstqi6685","senior","N","A","峂","峂","峂","","X"
"cnwstqi6686","senior","N","B","㟃","㟃","㟃","X",""
"cnwstqi6687","senior","N","B","囷","囷","囷","X",""
"cnwstqi6688","senior","N","A","𬬩","𬬩","𬬩","","X"
"cnwstqi6689","senior","N","B","钐","钐","钐","丿 一 𠄌 丿 丿 丿 一 一","丿 一 一 一 𠄌 丿 丿 丿"
"cnwstqi6690","senior","N","A","钔","钔","钔","丿 一 一 一 𠄌 丶 丨 𠃌","丿 一 𠃌 𠄌 丶 丨 一 一"
"cnwstqi6691","senior","N","A","钖","钖","钖","","X"
"cnwstqi6692","senior","N","B","牥","牥","牥","X",""
"cnwstqi6693","senior","N","B","佴","佴","佴","丿 丨 一 丨 一 一 一 丨","丿 丨 一 丨 丨 一 一 一"
"cnwstqi6694","senior","N","A","垈","垈","垈","","X"
"cnwstqi6695","senior","N","A","侁","侁","侁","","X"
"cnwstqi6696","senior","N","A","侹","侹","侹","","X"
"cnwstqi6697","senior","N","B","佸","佸","佸","X",""
"cnwstqi6698","senior","N","B","佺","佺","佺","丿 丨 丨 丿 ㇏ 一 一 一","丿 丨 丿 ㇏ 一 一 丨 一"
"cnwstqi6699","senior","N","A","隹","隹","隹","丿 丨 丶 一 一 一 丨 一","丿 丨 一 一 丶 丨 一 一"
"cnwstqi6700","senior","N","A","㑊","㑊","㑊","","X"
"cnwstqi6701","senior","N","B","侂","侂","侂","X",""
"cnwstqi6702","senior","N","B","佽","佽","佽","X",""
"cnwstqi6703","senior","N","B","侘","侘","侘","X",""
"cnwstqi6704","senior","N","B","郈","郈","郈","X",""
"cnwstqi6705","senior","N","A","舠","舠","舠","","X"
"cnwstqi6706","senior","N","A","郐","郐","郐","丿 丶 一 一 𠃋 丶 𠄎|㇌ 丨","丿 丶 丨 一 一 丶 𠄎|㇌ 𠃋"
"cnwstqi6707","senior","N","B","郃","郃","郃","X",""
"cnwstqi6708","senior","N","B","攽","攽","攽","X",""
"cnwstqi6709","senior","N","B","肭","肭","肭","丿 𠃌 一 丿 丨 丶 𠃌 一","丿 𠃌 一 一 丨 𠃌 丿 丶"
"cnwstqi6710","senior","N","A","肸","肸","肸","","X"
"cnwstqi6711","senior","N","A","肷","肷","肷","丿 𠃌 一 一 丿 ㇇|乛 丿 ㇏","丿 𠃌 ㇏ 丿 丿 ㇇|乛 一 一"
"cnwstqi6712","senior","N","B","狉","狉","狉","X",""
"cnwstqi6713","senior","N","A","狝","狝","狝","","X"
"cnwstqi6714","senior","N","A","饳","饳","饳","","X"
"cnwstqi6715","senior","N","A","忞","忞","忞","","X"
"cnwstqi6716","senior","N","B","於","於","於","丶 一 丶 ㇏ 丿 丿 𠃌 丶","丶 一 𠃌 丿 丿 ㇏ 丶 丶"
"cnwstqi6717","senior","N","A","炌","炌","炌","","X"
"cnwstqi6718","senior","N","B","炆","炆","炆","X",""
"cnwstqi6719","senior","N","A","泙","泙","泙","","X"
"cnwstqi6720","senior","N","B","沺","沺","沺","X",""
"cnwstqi6721","senior","N","B","泂","泂","泂","X",""
"cnwstqi6722","senior","N","B","泜","泜","泜","X",""
"cnwstqi6723","senior","N","B","泃","泃","泃","丶 丶 𠃍 丨 𠃌 ㇀ 一 丿","丶 丶 ㇀ 丿 𠃌 丨 𠃍 一"
"cnwstqi6724","senior","N","B","泇","泇","泇","X",""
"cnwstqi6725","senior","N","B","怊","怊","怊","㇀ 丶 丨 𠃌 丨 𠃍 一 丿","㇀ 丶 丨 𠃌 丿 丨 𠃍 一"
"cnwstqi6726","senior","N","B","峃","峃","峃","X",""
"cnwstqi6727","senior","N","A","穸","穸","穸","丶 ㇀ ㇇|乛 丿 丶 丿 ㇇|乛 丶","丶 ㇀ 丿 ㇇|乛 丶 ㇇|乛 丿 丶"
"cnwstqi6728","senior","N","B","祋","祋","祋","X",""
"cnwstqi6729","senior","N","B","祊","祊","祊","X",""
"cnwstqi6730","senior","N","B","𫍣","𫍣","𫍣","X",""
"cnwstqi6731","senior","N","A","𬣳","𬣳","𬣳","","X"
"cnwstqi6732","senior","N","A","𬩽","𬩽","𬩽","","X"
"cnwstqi6733","senior","N","B","鸤","鸤","鸤","X",""
"cnwstqi6734","senior","N","A","弢","弢","弢","𠃍 一 ㇉ 丨 ㇄ 丨 ㇇|乛 ㇏","𠃍 一 ㇄ ㇏ ㇉ 丨 ㇇|乛 丨"
"cnwstqi6735","senior","N","B","弨","弨","弨","X",""
"cnwstqi6736","senior","N","B","陑","陑","陑","X",""
"cnwstqi6737","senior","N","B","𬮿","𬮿","𬮿","X",""
"cnwstqi6738","senior","N","B","陎","陎","陎","X",""
"cnwstqi6739","senior","N","A","𬯀","𬯀","𬯀","","X"
"cnwstqi6740","senior","N","A","卺","卺","卺","㇇|乛 亅 ㇇|乛 丿 ㇏ 一 𠃌 乚","㇇|乛 亅 𠃌 一 丿 ㇇|乛 ㇏ 乚"
"cnwstqi6741","senior","N","A","乸","乸","乸","","X"
"cnwstqi6742","senior","N","A","妭","妭","妭","","X"
"cnwstqi6743","senior","N","B","姈","姈","姈","X",""
"cnwstqi6744","senior","N","B","𫰛","𫰛","𫰛","X",""
"cnwstqi6745","senior","N","B","迳","迳","迳","㇇|乛 丶 一 一 丨 ㇏ ㇋ 丶","㇇|乛 丶 一 丨 一 丶 ㇋ ㇏"
"cnwstqi6746","senior","N","B","叕","叕","叕","㇇|乛 丶 ㇇|乛 丶 丶 ㇇|乛 ㇇|乛 ㇏","㇇|乛 丶 ㇇|乛 丶 ㇇|乛 丶 ㇇|乛 ㇏"
"cnwstqi6747","senior","N","A","𬳵","𬳵","𬳵","","X"
"cnwstqi6748","senior","N","A","驵","驵","驵","𠃍 ㇉ ㇀ 丨 𠃍 一 一 一","𠃍 ㇉ 丨 一 一 一 𠃍 ㇀"
"cnwstqi6749","senior","N","A","𬳶","𬳶","𬳶","","X"
"cnwstqi6750","senior","N","B","䌹","䌹","䌹","X",""
"cnwstqi6751","senior","N","A","驺","驺","驺","𠃍 ㇉ ㇀ 丿 ㇇|乛 𠃍 一 一","𠃍 ㇉ 丿 一 ㇇|乛 一 ㇀ 𠃍"
"cnwstqi6752","senior","N","B","𫠊","𫠊","𫠊","X",""
"cnwstqi6753","senior","N","B","绋","绋","绋","𠃋 𠃋 ㇀ 丨 ㇉ 一 𠃍 丿","𠃋 𠃋 ㇀ 𠃍 一 ㇉ 丿 丨"
"cnwstqi6754","senior","N","B","绐","绐","绐","𠃋 𠃋 丶 𠃋 丨 ㇀ 一 𠃍","𠃋 𠃋 ㇀ 𠃋 丶 丨 𠃍 一"
"cnwstqi6755","senior","N","B","砉","砉","砉","一 一 丨 丨 一 一 一 𠃍 丿","一 一 一 丨 一 丿 丨 𠃍 一"
"cnwstqi6756","senior","N","B","耔","耔","耔","一 一 亅 丨 ㇇|乛 一 丿 一 丶","一 一 一 丨 丿 丶 ㇇|乛 亅 一"
"cnwstqi6757","senior","N","B","㛃","㛃","㛃","X",""
"cnwstqi6758","senior","N","A","玶","玶","玶","","X"
"cnwstqi6759","senior","N","A","珇","珇","珇","","X"
"cnwstqi6760","senior","N","B","珅","珅","珅","一 一 𠃍 丨 一 丨 ㇀ 一 丨","一 一 丨 ㇀ 丨 𠃍 一 一 丨"
"cnwstqi6761","senior","N","B","𬍛","𬍛","𬍛","X",""
"cnwstqi6762","senior","N","A","珋","珋","珋","","X"
"cnwstqi6763","senior","N","A","玹","玹","玹","一 一 丨 ㇀ 丶 一 𠃋 𠃋 丶","一 一 𠃋 𠃋 丶 一 ㇀ 丨 丶"
"cnwstqi6764","senior","N","A","珌","珌","珌","","X"
"cnwstqi6765","senior","N","A","玿","玿","玿","","X"
"cnwstqi6766","senior","N","B","韨","韨","韨","X",""
"cnwstqi6767","senior","N","B","垚","垚","垚","一 丨 一 一 一 ㇀ 丨 丨 一","一 丨 一 一 丨 ㇀ 一 丨 一"
"cnwstqi6768","senior","N","A","垯","垯","垯","","X"
"cnwstqi6769","senior","N","B","垙","垙","垙","X",""
"cnwstqi6770","senior","N","A","垲","垲","垲","一 丨 ㇀ 丨 ㇄ 丨 𠃍 一 乚","一 丨 ㇀ 一 丨 ㇄ 乚 𠃍 丨"
"cnwstqi6771","senior","N","B","埏","埏","埏","一 丨 丨 丿 一 ㇋ ㇀ ㇏ ㇄","一 丨 ㇀ 丿 丨 一 ㇄ ㇋ ㇏"
"cnwstqi6772","senior","N","A","垍","垍","垍","","X"
"cnwstqi6773","senior","N","A","耇","耇","耇","","X"
"cnwstqi6774","senior","N","A","鿍","鿍","鿍","","X"
"cnwstqi6775","senior","N","A","垎","垎","垎","","X"
"cnwstqi6776","senior","N","A","垴","垴","垴","一 丨 ㇀ 丶 一 丿 丶 ㇄ 丨","一 丨 丨 丶 丶 ㇀ 一 ㇄ 丿"
"cnwstqi6777","senior","N","B","垟","垟","垟","一 丨 丿 一 丶 一 一 ㇀ 丨","一 丨 ㇀ 丶 丿 一 一 一 丨"
"cnwstqi6778","senior","N","B","垞","垞","垞","X",""
"cnwstqi6779","senior","N","A","挓","挓","挓","","X"
"cnwstqi6780","senior","N","A","垵","垵","垵","一 丨 ㇀ 丶 ㇀ ㇇|乛 𡿨 丿 一","一 丨 丶 ㇀ 一 ㇇|乛 ㇀ 丿 𡿨"
"cnwstqi6781","senior","N","A","垏","垏","垏","","X"
"cnwstqi6782","senior","N","B","拶","拶","拶","一 亅 𡿨 ㇇|乛 丿 𡿨 ㇀ 丶 𡿨","一 亅 ㇀ 𡿨 𡿨 𡿨 丿 ㇇|乛 丶"
"cnwstqi6783","senior","N","A","荖","荖","荖","","X"
"cnwstqi6784","senior","N","A","荁","荁","荁","","X"
"cnwstqi6785","senior","N","B","荙","荙","荙","X",""
"cnwstqi6786","senior","N","A","荛","荛","荛","一 丨 丨 一 ㇂|㇃ 丿 一 丿 乚","一 丨 丿 一 ㇂|㇃ 丨 乚 丿 一"
"cnwstqi6787","senior","N","A","茈","茈","茈","一 丨 丨 丨 一 丨 ㇀ 丿 乚","一 丨 丨 丨 丿 一 丨 乚 ㇀"
"cnwstqi6788","senior","N","A","茽","茽","茽","","X"
"cnwstqi6789","senior","N","B","荄","荄","荄","X",""
"cnwstqi6790","senior","N","B","茺","茺","茺","一 丨 丶 丨 丿 丶 𠃋 乚 一","一 丨 丨 丶 一 𠃋 丶 丿 乚"
"cnwstqi6791","senior","N","A","𬜬","𬜬","𬜬","","X"
"cnwstqi6792","senior","N","A","荓","荓","荓","","X"
"cnwstqi6793","senior","N","B","茳","茳","茳","一 丨 一 丨 丶 ㇀ 丶 一 丨","一 丨 丨 丶 丶 ㇀ 一 丨 一"
"cnwstqi6794","senior","N","A","𦰡","𦰡","𦰡","","X"
"cnwstqi6795","senior","N","B","茛","茛","茛","一 丨 丿 丨 一 ㇏ 一 𠄌 𠃍","一 丨 丨 𠃍 一 一 𠄌 丿 ㇏"
"cnwstqi6796","senior","N","B","荭","荭","荭","一 丨 一 ㇀ 丨 丨 𠃋 一 𠃋","一 丨 丨 𠃋 𠃋 ㇀ 一 丨 一"
"cnwstqi6797","senior","N","A","㭕","㭕","㭕","","X"
"cnwstqi6798","senior","N","B","柷","柷","柷","X",""
"cnwstqi6799","senior","N","A","柃","柃","柃","一 丨 丿 丶 丿 ㇏ 丶 ㇇|乛 丶","一 丨 ㇏ ㇇|乛 丶 丶 丿 丶 丿"
"cnwstqi6800","senior","N","B","柊","柊","柊","X",""
"cnwstqi6801","senior","N","B","枹","枹","枹","X",""
"cnwstqi6802","senior","N","A","栐","栐","栐","","X"
"cnwstqi6803","senior","N","B","柖","柖","柖","X",""
"cnwstqi6804","senior","N","A","郚","郚","郚","","X"
"cnwstqi6805","senior","N","A","剅","剅","剅","","X"
"cnwstqi6806","senior","N","A","䴓","䴓","䴓","","X"
"cnwstqi6807","senior","N","B","迺","迺","迺","X",""
"cnwstqi6808","senior","N","A","厖","厖","厖","","X"
"cnwstqi6809","senior","N","B","砆","砆","砆","X",""
"cnwstqi6810","senior","N","A","砑","砑","砑","一 丿 丨 𠃍 一 一 𠃋 亅 丿","一 丿 𠃋 一 亅 丨 𠃍 丿 一"
"cnwstqi6811","senior","N","B","砄","砄","砄","X",""
"cnwstqi6812","senior","N","B","耏","耏","耏","X",""
"cnwstqi6813","senior","N","A","奓","奓","奓","","X"
"cnwstqi6814","senior","N","A","䶮","䶮","䶮","","X"
"cnwstqi6815","senior","N","A","轵","轵","轵","一 𠃋 丨 ㇀ 丨 𠃍 一 丿 丶","一 𠃋 丶 一 丨 𠃍 丨 丿 ㇀"
"cnwstqi6816","senior","N","B","轷","轷","轷","一 𠃋 丨 丿 丶 一 丿 亅 ㇀","一 𠃋 丨 ㇀ 丿 丶 丿 一 亅"
"cnwstqi6817","senior","N","B","轹","轹","轹","一 𠃋 丨 ㇄ 丶 丿 ㇀ 亅 丿","一 𠃋 丨 ㇀ 丿 ㇄ 亅 丿 丶"
"cnwstqi6818","senior","N","B","轺","轺","轺","一 𠃋 𠃍 一 𠃌 丨 丨 ㇀ 丿","一 𠃋 丨 ㇀ 𠃌 丿 丨 𠃍 一"
"cnwstqi6819","senior","N","A","昺","昺","昺","丨 𠃍 一 一 一 丨 𠃌 丿 丶","丨 𠃍 丶 一 𠃌 一 一 丨 丿"
"cnwstqi6820","senior","N","A","𪾢","𪾢","𪾢","","X"
"cnwstqi6821","senior","N","A","昽","昽","昽","","X"
"cnwstqi6822","senior","N","B","盷","盷","盷","X",""
"cnwstqi6823","senior","N","A","咡","咡","咡","","X"
"cnwstqi6824","senior","N","A","咺","咺","咺","","X"
"cnwstqi6825","senior","N","A","昳","昳","昳","丨 𠃍 一 一 丿 一 一 丿 ㇏","丨 𠃍 一 一 丿 一 丿 一 ㇏"
"cnwstqi6826","senior","N","B","昣","昣","昣","X",""
"cnwstqi6827","senior","N","A","哒","哒","哒","丨 𠃍 一 一 丿 丶 丶 ㇋ ㇏","丨 𠃍 丶 一 ㇏ ㇋ 丿 丶 一"
"cnwstqi6828","senior","N","B","昤","昤","昤","X",""
"cnwstqi6829","senior","N","A","昫","昫","昫","","X"
"cnwstqi6830","senior","N","A","昡","昡","昡","","X"
"cnwstqi6831","senior","N","B","咥","咥","咥","X",""
"cnwstqi6832","senior","N","B","昪","昪","昪","X",""
"cnwstqi6833","senior","N","B","虷","虷","虷","X",""
"cnwstqi6834","senior","N","B","虸","虸","虸","X",""
"cnwstqi6835","senior","N","A","哃","哃","哃","","X"
"cnwstqi6836","senior","N","A","峘","峘","峘","","X"
"cnwstqi6837","senior","N","B","耑","耑","耑","X",""
"cnwstqi6838","senior","N","B","峛","峛","峛","X",""
"cnwstqi6839","senior","N","A","𪨰","𪨰","𪨰","","X"
"cnwstqi6840","senior","N","B","峗","峗","峗","X",""
"cnwstqi6841","senior","N","B","峧","峧","峧","X",""
"cnwstqi6842","senior","N","B","帡","帡","帡","X",""
"cnwstqi6843","senior","N","A","钘","钘","钘","","X"
"cnwstqi6844","senior","N","B","𫓧","𫓧","𫓧","X",""
"cnwstqi6845","senior","N","A","钜","钜","钜","丿 一 一 一 𠄌 一 𠃍 一 ㇄","丿 一 𠄌 𠃍 一 一 一 一 ㇄"
"cnwstqi6846","senior","N","A","𬬮","𬬮","𬬮","","X"
"cnwstqi6847","senior","N","A","𬬱","𬬱","𬬱","","X"
"cnwstqi6848","senior","N","A","𬬭","𬬭","𬬭","","X"
"cnwstqi6849","senior","N","A","钪","钪","钪","丿 一 一 一 𠄌 丶 一 丿 ⺄","丿 一 一 一 丿 𠄌 丶 一 ⺄"
"cnwstqi6850","senior","N","A","钬","钬","钬","丿 一 一 一 𠄌 ㇀ 丿 丿 ㇏","丿 一 丿 一 丿 ㇏ ㇀ 一 𠄌"
"cnwstqi6851","senior","N","B","钭","钭","钭","丿 一 丶 一 丶 一 一 丨 𠄌","丿 一 一 一 𠄌 丶 丶 一 丨"
"cnwstqi6852","senior","N","B","矧","矧","矧","丿 一 ㇉ 一 丶 一 丨 𠃍 丿","丿 一 一 丿 丶 𠃍 一 ㇉ 丨"
"cnwstqi6853","senior","N","A","秬","秬","秬","","X"
"cnwstqi6854","senior","N","B","俫","俫","俫","X",""
"cnwstqi6855","senior","N","A","舁","舁","舁","丿 丨 一 𠃍 一 一 一 丿 丨","丿 丨 丨 一 一 𠃍 丿 一 一"
"cnwstqi6856","senior","N","B","俜","俜","俜","丿 丨 一 丨 一 一 ㇉ 𠃍 丨","丿 丨 丨 𠃍 一 丨 一 一 ㇉"
"cnwstqi6857","senior","N","A","俙","俙","俙","","X"
"cnwstqi6858","senior","N","A","俍","俍","俍","","X"
"cnwstqi6859","senior","N","A","垕","垕","垕","丿 丿 一 丨 𠃍 一 一 丨 一","丿 丿 丨 一 𠃍 一 丨 一 一"
"cnwstqi6860","senior","N","B","衎","衎","衎","X",""
"cnwstqi6861","senior","N","B","舣","舣","舣","丿 丿 丶 丶 一 ㇏ 丿 𠃌 丶","丿 丿 𠃌 丶 一 丶 丶 丿 ㇏"
"cnwstqi6862","senior","N","A","弇","弇","弇","","X"
"cnwstqi6863","senior","N","B","侴","侴","侴","X",""
"cnwstqi6864","senior","N","A","鸧","鸧","鸧","","X"
"cnwstqi6865","senior","N","B","䏡","䏡","䏡","X",""
"cnwstqi6866","senior","N","B","胠","胠","胠","X",""
"cnwstqi6867","senior","N","A","𦙶","𦙶","𦙶","","X"
"cnwstqi6868","senior","N","A","胈","胈","胈","","X"
"cnwstqi6869","senior","N","A","胩","胩","胩","丿 𠃌 一 一 丨 一 一 丨 丶","丿 𠃌 丶 丨 丨 一 一 一 一"
"cnwstqi6870","senior","N","A","胣","胣","胣","","X"
"cnwstqi6871","senior","N","A","朏","朏","朏","","X"
"cnwstqi6872","senior","N","A","飐","飐","飐","","X"
"cnwstqi6873","senior","N","A","訄","訄","訄","","X"
"cnwstqi6874","senior","N","A","饻","饻","饻","","X"
"cnwstqi6875","senior","N","B","庤","庤","庤","X",""
"cnwstqi6876","senior","N","A","疢","疢","疢","","X"
"cnwstqi6877","senior","N","A","炣","炣","炣","","X"
"cnwstqi6878","senior","N","A","炟","炟","炟","","X"
"cnwstqi6879","senior","N","B","㶲","㶲","㶲","X",""
"cnwstqi6880","senior","N","A","洭","洭","洭","","X"
"cnwstqi6881","senior","N","A","洘","洘","洘","","X"
"cnwstqi6882","senior","N","A","洓","洓","洓","","X"
"cnwstqi6883","senior","N","B","洿","洿","洿","X",""
"cnwstqi6884","senior","N","A","㳚","㳚","㳚","","X"
"cnwstqi6885","senior","N","B","泚","泚","泚","X",""
"cnwstqi6886","senior","N","A","浈","浈","浈","丶 丶 ㇀ 丨 一 丨 𠃍 丿 丶","丶 丶 丨 𠃍 丿 一 丶 ㇀ 丨"
"cnwstqi6887","senior","N","A","浉","浉","浉","","X"
"cnwstqi6888","senior","N","A","洸","洸","洸","丶 丶 ㇀ 丨 丶 丿 一 丿 乚","丶 丶 丿 一 丶 丨 乚 ㇀ 丿"
"cnwstqi6889","senior","N","A","洑","洑","洑","","X"
"cnwstqi6890","senior","N","A","洢","洢","洢","","X"
"cnwstqi6891","senior","N","A","洈","洈","洈","","X"
"cnwstqi6892","senior","N","A","洚","洚","洚","丶 丶 ㇀ 丿 ㇇|乛 ㇏ 一 𠃋 丨","丶 丶 丿 ㇏ 丨 ㇀ 一 𠃋 ㇇|乛"
"cnwstqi6893","senior","N","B","洺","洺","洺","丶 丶 一 ㇇|乛 丨 𠃍 丿 丶 ㇀","丶 丶 ㇀ 丿 ㇇|乛 丶 丨 𠃍 一"
"cnwstqi6894","senior","N","A","洨","洨","洨","","X"
"cnwstqi6895","senior","N","A","浐","浐","浐","丶 丶 ㇀ 丶 一 丶 丿 一 丿","丶 丶 一 丶 一 丿 丿 丶 ㇀"
"cnwstqi6896","senior","N","A","㳘","㳘","㳘","","X"
"cnwstqi6897","senior","N","B","洴","洴","洴","X",""
"cnwstqi6898","senior","N","B","洣","洣","洣","X",""
"cnwstqi6899","senior","N","B","恔","恔","恔","X",""
"cnwstqi6900","senior","N","B","宬","宬","宬","X",""
"cnwstqi6901","senior","N","A","窀","窀","窀","丶 ㇀ ㇇|乛 丿 丶 一 ㇄ 丨 乚","丶 ㇀ 乚 丶 一 丨 ㇇|乛 丿 ㇄"
"cnwstqi6902","senior","N","A","扂","扂","扂","","X"
"cnwstqi6903","senior","N","B","袆","袆","袆","X",""
"cnwstqi6904","senior","N","B","祏","祏","祏","X",""
"cnwstqi6905","senior","N","A","祐","祐","祐","丶 ㇇|乛 丨 丶 一 丿 丨 𠃍 一","丶 ㇇|乛 丨 丶 丨 𠃍 一 丿 一"
"cnwstqi6906","senior","N","A","祕","祕","祕","","X"
"cnwstqi6907","senior","N","B","叚","叚","叚","X",""
"cnwstqi6908","senior","N","A","陧","陧","陧","𠄎|㇌ 丨 丨 𠃍 一 一 一 丨 一","𠄎|㇌ 丨 丨 一 丨 一 一 一 𠃍"
"cnwstqi6909","senior","N","B","陞","陞","陞","𠄎|㇌ 丨 一 丿 丿 一 一 丨 丨","𠄎|㇌ 丨 丿 一 丿 丨 一 丨 一"
"cnwstqi6910","senior","N","B","娀","娀","娀","X",""
"cnwstqi6911","senior","N","B","姞","姞","姞","X",""
"cnwstqi6912","senior","N","A","姱","姱","姱","","X"
"cnwstqi6913","senior","N","A","姤","姤","姤","","X"
"cnwstqi6914","senior","N","A","姶","姶","姶","","X"
"cnwstqi6915","senior","N","A","姽","姽","姽","","X"
"cnwstqi6916","senior","N","B","枲","枲","枲","X",""
"cnwstqi6917","senior","N","B","绖","绖","绖","X",""
"cnwstqi6918","senior","N","A","骃","骃","骃","","X"
"cnwstqi6919","senior","N","B","𬘡","𬘡","𬘡","X",""
"cnwstqi6920","senior","N","A","𬳽","𬳽","𬳽","","X"
"cnwstqi6921","senior","N","B","𬘩","𬘩","𬘩","X",""
"cnwstqi6922","senior","N","A","𫄧","𫄧","𫄧","","X"
"cnwstqi6923","senior","N","B","彖","彖","彖","𠃋 ㇇|乛 丿 ㇁ 一 ㇏ 丿 丿 丿","𠃋 ㇇|乛 一 丿 ㇁ 丿 丿 丿 ㇏"
"cnwstqi6924","senior","N","A","骉","骉","骉","","X"
"cnwstqi6925","senior","N","A","恝","恝","恝","一 一 一 丨 𠃌 丿 ㇀ ㇂|㇃ 丶 丶","一 一 丶 ㇀ 一 丿 丨 ㇂|㇃ 丶 𠃌"
"cnwstqi6926","senior","N","B","珪","珪","珪","一 一 一 一 丨 一 一 ㇀ 丨 丨","一 一 丨 ㇀ 一 丨 一 一 丨 一"
"cnwstqi6927","senior","N","B","珛","珛","珛","X",""
"cnwstqi6928","senior","N","A","珹","珹","珹","","X"
"cnwstqi6929","senior","N","A","琊","琊","琊","一 一 丨 ㇀ 一 𠃋 亅 丿 𠄎|㇌ 丨","一 一 丨 丨 一 ㇀ 丿 𠄎|㇌ 亅 𠃋"
"cnwstqi6930","senior","N","B","玼","玼","玼","X",""
"cnwstqi6931","senior","N","B","珖","珖","珖","X",""
"cnwstqi6932","senior","N","B","𪟝","𪟝","𪟝","X",""
"cnwstqi6933","senior","N","B","珽","珽","珽","一 一 ㇀ 丿 ㇋ ㇏ 一 丨 一 丨","一 一 丨 ㇀ 丿 一 丨 一 ㇋ ㇏"
"cnwstqi6934","senior","N","B","珦","珦","珦","X",""
"cnwstqi6935","senior","N","B","珫","珫","珫","X",""
"cnwstqi6936","senior","N","B","珒","珒","珒","X",""
"cnwstqi6937","senior","N","B","𬍤","𬍤","𬍤","X",""
"cnwstqi6938","senior","N","B","珢","珢","珢","X",""
"cnwstqi6939","senior","N","B","珕","珕","珕","X",""
"cnwstqi6940","senior","N","B","珝","珝","珝","X",""
"cnwstqi6941","senior","N","A","𫭼","𫭼","𫭼","","X"
"cnwstqi6942","senior","N","B","埗","埗","埗","一 丨 一 丨 丨 丿 丿 一 ㇀ 丨","一 丨 ㇀ 丨 一 丨 一 丨 丿 丿"
"cnwstqi6943","senior","N","B","垾","垾","垾","X",""
"cnwstqi6944","senior","N","B","垺","垺","垺","X",""
"cnwstqi6945","senior","N","A","埆","埆","埆","","X"
"cnwstqi6946","senior","N","B","垿","垿","垿","X",""
"cnwstqi6947","senior","N","A","埌","埌","埌","","X"
"cnwstqi6948","senior","N","A","埇","埇","埇","一 丨 ㇀ ㇇|乛 丶 丨 𠃌 一 一 丨","一 丨 丨 丶 𠃌 丨 ㇇|乛 一 ㇀ 一"
"cnwstqi6949","senior","N","B","莰","莰","莰","一 丨 丿 丿 丨 ㇏ 一 ㇇|乛 ㇀ 丨","一 丨 丨 一 丨 ㇀ 丿 ㇇|乛 丿 ㇏"
"cnwstqi6950","senior","N","B","茝","茝","茝","X",""
"cnwstqi6951","senior","N","A","𬜯","𬜯","𬜯","","X"
"cnwstqi6952","senior","N","B","鄀","鄀","鄀","X",""
"cnwstqi6953","senior","N","A","莶","莶","莶","一 丨 丨 丿 ㇏ 一 丶 丶 丿 一","一 丨 丶 丿 丿 ㇏ 丨 丶 一 一"
"cnwstqi6954","senior","N","B","莝","莝","莝","X",""
"cnwstqi6955","senior","N","B","䓖","䓖","䓖","X",""
"cnwstqi6956","senior","N","B","莙","莙","莙","X",""
"cnwstqi6957","senior","N","A","栻","栻","栻","","X"
"cnwstqi6958","senior","N","A","桠","桠","桠","一 丨 丿 丶 一 丨 丨 丶 丿 一","一 丨 一 丿 丨 丶 一 丨 丶 丿"
"cnwstqi6959","senior","N","A","𬂩","𬂩","𬂩","","X"
"cnwstqi6960","senior","N","A","桄","桄","桄","一 丨 丿 丶 丨 丶 丿 一 丿 乚","一 丨 丿 丿 丶 丶 丨 一 丿 乚"
"cnwstqi6961","senior","N","A","梠","梠","梠","","X"
"cnwstqi6962","senior","N","A","栴","栴","栴","","X"
"cnwstqi6963","senior","N","B","梴","梴","梴","X",""
"cnwstqi6964","senior","N","A","栒","栒","栒","","X"
"cnwstqi6965","senior","N","A","酎","酎","酎","一 丨 𠃍 丿 ㇄ 一 一 一 亅 丶","一 丨 丶 一 𠃍 一 亅 丿 ㇄ 一"
"cnwstqi6966","senior","N","A","酏","酏","酏","一 丨 𠃍 丿 ㇄ 一 一 𠃌 丨 乚","一 丨 一 一 ㇄ 丿 𠃍 乚 𠃌 丨"
"cnwstqi6967","senior","N","B","𫠆","𫠆","𫠆","X",""
"cnwstqi6968","senior","N","B","砵","砵","砵","X",""
"cnwstqi6969","senior","N","B","砠","砠","砠","X",""
"cnwstqi6970","senior","N","A","砫","砫","砫","","X"
"cnwstqi6971","senior","N","A","砬","砬","砬","一 丿 丨 𠃍 一 丶 一 丶 丿 一","一 丿 丨 一 丶 𠃍 一 丶 丿 一"
"cnwstqi6972","senior","N","A","硁","硁","硁","","X"
"cnwstqi6973","senior","N","B","恧","恧","恧","一 丿 丶 丨 丶 ㇂|㇃ 丨 ㇀ 𠃌 丨","一 丿 丨 𠃌 丨 丨 ㇀ ㇂|㇃ 丶 丶"
"cnwstqi6974","senior","N","B","翃","翃","翃","一 丿 𠃌 丶 丶 ㇀ ㇀ 𠃌 丶 𠃋","一 丿 𠃋 丶 𠃌 丶 ㇀ 𠃌 丶 ㇀"
"cnwstqi6975","senior","N","B","郪","郪","郪","X",""
"cnwstqi6976","senior","N","A","𨐈","𨐈","𨐈","","X"
"cnwstqi6977","senior","N","B","辀","辀","辀","X",""
"cnwstqi6978","senior","N","A","辁","辁","辁","一 𠃋 丨 ㇀ 丿 ㇏ 一 一 丨 一","一 𠃋 一 丿 ㇀ 一 一 丨 ㇏ 丨"
"cnwstqi6979","senior","N","A","𬌗","𬌗","𬌗","","X"
"cnwstqi6980","senior","N","A","剕","剕","剕","","X"
"cnwstqi6981","senior","N","A","赀","赀","赀","丨 一 丨 ㇀ 丿 乚 丨 𠃍 丿 丶","丨 一 丿 乚 𠃍 丨 丿 ㇀ 丨 丶"
"cnwstqi6982","senior","N","B","哢","哢","哢","X",""
"cnwstqi6983","senior","N","A","晅","晅","晅","","X"
"cnwstqi6984","senior","N","A","晊","晊","晊","","X"
"cnwstqi6985","senior","N","A","唝","唝","唝","","X"
"cnwstqi6986","senior","N","A","哳","哳","哳","丨 𠃍 一 一 亅 ㇀ 丿 丿 一 丨","丨 𠃍 一 亅 丿 丨 一 一 ㇀ 丿"
"cnwstqi6987","senior","N","A","哱","哱","哱","","X"
"cnwstqi6988","senior","N","B","冔","冔","冔","X",""
"cnwstqi6989","senior","N","B","晔","晔","晔","丨 𠃍 丨 丿 一 一 丨 丿 乚 一","丨 𠃍 一 一 丿 丨 丿 乚 一 丨"
"cnwstqi6990","senior","N","B","晐","晐","晐","X",""
"cnwstqi6991","senior","N","B","晖","晖","晖","丨 𠃍 ㇇|乛 一 一 一 𠃋 ㇀ 丨 一","丨 𠃍 一 一 ㇀ ㇇|乛 一 𠃋 一 丨"
"cnwstqi6992","senior","N","A","畖","畖","畖","","X"
"cnwstqi6993","senior","N","A","蚄","蚄","蚄","","X"
"cnwstqi6994","senior","N","B","蚆","蚆","蚆","X",""
"cnwstqi6995","senior","N","A","𫑡","𫑡","𫑡","","X"
"cnwstqi6996","senior","N","B","帱","帱","帱","丨 𠃌 亅 丿 丶 一 一 一 丨 一","丨 𠃌 丨 一 一 一 丿 一 亅 丶"
"cnwstqi6997","senior","N","A","崁","崁","崁","","X"
"cnwstqi6998","senior","N","B","峿","峿","峿","X",""
"cnwstqi6999","senior","N","B","𪨶","𪨶","𪨶","X",""
"cnwstqi7000","senior","N","B","崄","崄","崄","X",""
"cnwstqi7001","senior","N","A","帨","帨","帨","","X"
"cnwstqi7002","senior","N","A","崀","崀","崀","丨 ㇄ 丨 丶 𠃍 一 一 𠄌 丿 ㇏","丨 ㇄ 𠃍 一 𠄌 丨 丿 ㇏ 丶 一"
"cnwstqi7003","senior","N","B","赆","赆","赆","丨 𠃍 𠃍 丶 丶 一 丶 丿 丿 ㇏","丨 𠃍 丿 丶 𠃍 一 丿 ㇏ 丶 丶"
"cnwstqi7004","senior","N","A","𬬸","𬬸","𬬸","","X"
"cnwstqi7005","senior","N","A","钷","钷","钷","丿 一 一 一 𠄌 一 丨 𠃍 一 ㇄","丿 一 丨 ㇄ 一 一 一 𠄌 𠃍 一"
"cnwstqi7006","senior","N","A","𬬻","𬬻","𬬻","","X"
"cnwstqi7007","senior","N","B","𬬹","𬬹","𬬹","X",""
"cnwstqi7008","senior","N","A","𬬿","𬬿","𬬿","","X"
"cnwstqi7009","senior","N","B","𬭁","𬭁","𬭁","X",""
"cnwstqi7010","senior","N","B","眚","眚","眚","丿 一 一 丨 一 一 一 一 丨 𠃍","丿 一 一 丨 一 丨 𠃍 一 一 一"
"cnwstqi7011","senior","N","B","甡","甡","甡","X",""
"cnwstqi7012","senior","N","A","笫","笫","笫","丿 一 丶 丿 一 丶 丿 ㇉ 丨 丿","丿 一 丶 ㇉ 一 丿 丿 丿 丶 丨"
"cnwstqi7013","senior","N","B","倻","倻","倻","X",""
"cnwstqi7014","senior","N","A","倴","倴","倴","","X"
"cnwstqi7015","senior","N","A","脩","脩","脩","丿 丨 丨 丿 ㇇|乛 ㇏ 丨 𠃌 一 一","丿 丨 一 一 ㇇|乛 𠃌 丨 丿 ㇏ 丨"
"cnwstqi7016","senior","N","B","倮","倮","倮","丿 丨 丨 丨 一 ㇏ 一 丿 𠃍 一","丿 丨 丨 𠃍 一 一 一 丨 丿 ㇏"
"cnwstqi7017","senior","N","B","倕","倕","倕","X",""
"cnwstqi7018","senior","N","A","倞","倞","倞","","X"
"cnwstqi7019","senior","N","B","𫢸","𫢸","𫢸","X",""
"cnwstqi7020","senior","N","A","倓","倓","倓","丿 丨 ㇀ 丿 丿 丶 ㇀ 丿 丿 ㇏","丿 丨 丶 丿 丿 丿 ㇀ ㇏ ㇀ 丿"
"cnwstqi7021","senior","N","B","倧","倧","倧","X",""
"cnwstqi7022","senior","N","B","衃","衃","衃","X",""
"cnwstqi7023","senior","N","A","虒","虒","虒","","X"
"cnwstqi7024","senior","N","A","舭","舭","舭","丿 丿 𠃌 丶 一 丶 一 𠄌 丿 乚","丿 丿 一 一 丶 丿 丶 𠃌 乚 𠄌"
"cnwstqi7025","senior","N","B","舯","舯","舯","丿 丿 𠃍 丨 一 丨 丶 丶 𠃌 一","丿 丿 𠃌 丶 一 丶 丨 𠃍 一 丨"
"cnwstqi7026","senior","N","B","舥","舥","舥","X",""
"cnwstqi7027","senior","N","B","瓞","瓞","瓞","丿 丿 一 一 丿 丶 丿 ㇏ 丶 𠄌","丿 丿 𠄌 丶 ㇏ 丿 一 一 丿 丶"
"cnwstqi7028","senior","N","A","鬯","鬯","鬯","丿 丶 丶 丶 丶 丶 ㇄ 丨 丿 乚","丿 丶 ㇄ 丶 丶 丿 丨 丶 乚 丶"
"cnwstqi7029","senior","N","B","鸰","鸰","鸰","X",""
"cnwstqi7030","senior","N","B","脎","脎","脎","丿 𠃌 丿 一 丶 一 丿 一 亅 丶","丿 𠃌 一 一 丿 丶 一 亅 丿 丶"
"cnwstqi7031","senior","N","B","朓","朓","朓","X",""
"cnwstqi7032","senior","N","A","胲","胲","胲","丿 𠃌 一 一 丶 一 𠃋 丿 丿 丶","丿 𠃌 丶 一 丿 𠃋 一 一 丶 丿"
"cnwstqi7033","senior","N","B","虓","虓","虓","X",""
"cnwstqi7034","senior","N","B","鱽","鱽","鱽","X",""
"cnwstqi7035","senior","N","B","狴","狴","狴","丿 ㇁ 丨 𠄌 丿 丿 一 一 乚 一","丿 ㇁ 丿 一 𠄌 丿 乚 一 丨 一"
"cnwstqi7036","senior","N","B","峱","峱","峱","X",""
"cnwstqi7037","senior","N","A","狻","狻","狻","丿 ㇁ 丿 𠃋 丶 丿 丶 丿 ㇇|乛 ㇏","丿 ㇁ 丶 𠃋 丿 丶 丿 ㇏ ㇇|乛 丿"
"cnwstqi7038","senior","N","B","眢","眢","眢","丿 ㇇|乛 一 𠃍 一 丨 丶 𠃌 乚 一","丿 ㇇|乛 丶 𠃌 乚 丨 𠃍 一 一 一"
"cnwstqi7039","senior","N","A","𫗧","𫗧","𫗧","","X"
"cnwstqi7040","senior","N","A","勍","勍","勍","","X"
"cnwstqi7041","senior","N","A","痄","痄","痄","丶 一 丿 丶 ㇀ 丿 一 丨 一 一","丶 一 丶 丿 丿 一 一 丨 ㇀ 一"
"cnwstqi7042","senior","N","A","疰","疰","疰","丶 一 丿 丶 ㇀ 丶 一 一 丨 一","丶 一 一 丶 一 一 丿 ㇀ 丨 丶"
"cnwstqi7043","senior","N","B","痃","痃","痃","丶 一 丶 𠃋 丿 一 𠃋 ㇀ 丶 丶","丶 一 丿 丶 ㇀ 丶 一 𠃋 𠃋 丶"
"cnwstqi7044","senior","N","A","竘","竘","竘","","X"
"cnwstqi7045","senior","N","B","羖","羖","羖","X",""
"cnwstqi7046","senior","N","A","羓","羓","羓","","X"
"cnwstqi7047","senior","N","A","桊","桊","桊","丶 丿 一 一 丿 ㇏ 一 丨 丿 ㇏","丶 丿 丨 一 丿 ㇏ 一 ㇏ 丿 一"
"cnwstqi7048","senior","N","B","敉","敉","敉","丶 丿 一 丿 丿 一 丿 ㇏ 丶 丨","丶 丿 一 丨 丿 丶 丿 一 丿 ㇏"
"cnwstqi7049","senior","N","B","烠","烠","烠","X",""
"cnwstqi7050","senior","N","A","烔","烔","烔","","X"
"cnwstqi7051","senior","N","A","烶","烶","烶","","X"
"cnwstqi7052","senior","N","A","烻","烻","烻","","X"
"cnwstqi7053","senior","N","B","𬊈","𬊈","𬊈","X",""
"cnwstqi7054","senior","N","B","涍","涍","涍","X",""
"cnwstqi7055","senior","N","A","浡","浡","浡","","X"
"cnwstqi7056","senior","N","A","浭","浭","浭","","X"
"cnwstqi7057","senior","N","B","浬","浬","浬","X",""
"cnwstqi7058","senior","N","A","涄","涄","涄","","X"
"cnwstqi7059","senior","N","A","涢","涢","涢","","X"
"cnwstqi7060","senior","N","A","涐","涐","涐","","X"
"cnwstqi7061","senior","N","A","浰","浰","浰","","X"
"cnwstqi7062","senior","N","B","浟","浟","浟","X",""
"cnwstqi7063","senior","N","A","浛","浛","浛","","X"
"cnwstqi7064","senior","N","B","浼","浼","浼","丶 丶 一 ㇀ 丿 丿 乚 丨 𠃍 ㇇|乛","丶 丶 ㇀ 丿 ㇇|乛 丨 𠃍 一 丿 乚"
"cnwstqi7065","senior","N","B","浲","浲","浲","X",""
"cnwstqi7066","senior","N","A","涘","涘","涘","","X"
"cnwstqi7067","senior","N","A","悈","悈","悈","","X"
"cnwstqi7068","senior","N","A","悃","悃","悃","㇀ 丶 丨 丨 𠃍 一 丨 丿 丶 一","㇀ 丶 丨 丨 丶 丨 𠃍 丿 一 一"
"cnwstqi7069","senior","N","A","悢","悢","悢","","X"
"cnwstqi7070","senior","N","A","𬒈","𬒈","𬒈","","X"
"cnwstqi7071","senior","N","A","宧","宧","宧","","X"
"cnwstqi7072","senior","N","B","窅","窅","窅","X",""
"cnwstqi7073","senior","N","A","窊","窊","窊","","X"
"cnwstqi7074","senior","N","B","窎","窎","窎","X",""
"cnwstqi7075","senior","N","A","扅","扅","扅","","X"
"cnwstqi7076","senior","N","A","扆","扆","扆","","X"
"cnwstqi7077","senior","N","A","袪","袪","袪","","X"
"cnwstqi7078","senior","N","B","袗","袗","袗","X",""
"cnwstqi7079","senior","N","B","袯","袯","袯","X",""
"cnwstqi7080","senior","N","B","祧","祧","祧","丶 ㇇|乛 乚 丶 丶 丨 ㇀ 丶 丿 丿","丶 ㇇|乛 丨 丶 丿 丶 ㇀ 乚 丿 丶"
"cnwstqi7081","senior","N","B","隺","隺","隺","X",""
"cnwstqi7082","senior","N","A","堲","堲","堲","","X"
"cnwstqi7083","senior","N","A","疍","疍","疍","㇇|乛 丨 一 丿 ㇏ 丨 𠃍 一 一 一","㇇|乛 丨 一 丿 一 𠃍 一 ㇏ 一 丨"
"cnwstqi7084","senior","N","A","𨺙","𨺙","𨺙","","X"
"cnwstqi7085","senior","N","B","陴","陴","陴","𠄎|㇌ 丨 丿 丨 一 𠃍 丿 丨 一 一","𠄎|㇌ 丨 丿 丨 𠃍 一 一 丿 一 丨"
"cnwstqi7086","senior","N","A","烝","烝","烝","","X"
"cnwstqi7087","senior","N","B","砮","砮","砮","X",""
"cnwstqi7088","senior","N","A","㛚","㛚","㛚","","X"
"cnwstqi7089","senior","N","A","哿","哿","哿","𠃌 丿 丨 𠃍 一 一 丨 𠃍 一 亅","𠃌 丿 丨 一 一 丨 𠃍 亅 𠃍 一"
"cnwstqi7090","senior","N","B","翀","翀","翀","𠃌 丶 𠃌 丨 丶 ㇀ 丨 ㇀ 𠃍 一","𠃌 丶 ㇀ 𠃌 丶 ㇀ 丨 𠃍 一 丨"
"cnwstqi7091","senior","N","B","翂","翂","翂","X",""
"cnwstqi7092","senior","N","B","剟","剟","剟","X",""
"cnwstqi7093","senior","N","A","𬳿","𬳿","𬳿","","X"
"cnwstqi7094","senior","N","B","𫄨","𫄨","𫄨","X",""
"cnwstqi7095","senior","N","A","绤","绤","绤","","X"
"cnwstqi7096","senior","N","A","骍","骍","骍","","X"
"cnwstqi7097","senior","N","A","𬘫","𬘫","𬘫","","X"
"cnwstqi7098","senior","N","A","䂮","䂮","䂮","","X"
"cnwstqi7099","senior","N","B","琎","琎","琎","一 一 丿 ㇀ 一 丶 一 ㇋ 丨 ㇏ 丨","一 一 丨 ㇀ 一 一 丿 丨 丶 ㇋ ㇏"
"cnwstqi7100","senior","N","A","珸","珸","珸","","X"
"cnwstqi7101","senior","N","B","珵","珵","珵","一 一 丨 𠃍 一 丨 一 丨 ㇀ 一 一","一 一 丨 ㇀ 丨 𠃍 一 一 一 丨 一"
"cnwstqi7102","senior","N","B","琄","琄","琄","X",""
"cnwstqi7103","senior","N","B","琈","琈","琈","X",""
"cnwstqi7104","senior","N","A","琀","琀","琀","","X"
"cnwstqi7105","senior","N","A","珺","珺","珺","一 一 丨 ㇀ 𠃍 一 一 丿 丨 𠃍 一","一 一 一 丨 丨 一 𠃍 一 丿 ㇀ 𠃍"
"cnwstqi7106","senior","N","B","掭","掭","掭","一 亅 一 ㇏ ㇀ 丶 亅 一 ㇀ 丶 丿","一 亅 ㇀ 一 一 丿 ㇏ 亅 ㇀ 丶 丶"
"cnwstqi7107","senior","N","A","堎","堎","堎","","X"
"cnwstqi7108","senior","N","B","堐","堐","堐","X",""
"cnwstqi7109","senior","N","A","埼","埼","埼","一 丨 ㇀ 一 丿 丶 一 丨 𠃍 一 亅","一 丨 一 𠃍 一 丶 一 丿 丨 亅 ㇀"
"cnwstqi7110","senior","N","B","掎","掎","掎","一 亅 丶 丿 一 一 亅 丨 ㇀ 𠃍 一","一 亅 ㇀ 一 丿 丶 一 丨 𠃍 一 亅"
"cnwstqi7111","senior","N","A","埫","埫","埫","","X"
"cnwstqi7112","senior","N","B","堌","堌","堌","一 丨 一 𠃍 ㇀ 一 𠃍 丨 丨 丨 一","一 丨 ㇀ 丨 𠃍 一 丨 丨 𠃍 一 一"
"cnwstqi7113","senior","N","B","晢","晢","晢","X",""
"cnwstqi7114","senior","N","A","𫮃","𫮃","𫮃","","X"
"cnwstqi7115","senior","N","B","掞","掞","掞","X",""
"cnwstqi7116","senior","N","B","埪","埪","埪","X",""
"cnwstqi7117","senior","N","A","壸","壸","壸","","X"
"cnwstqi7118","senior","N","A","㙍","㙍","㙍","","X"
"cnwstqi7119","senior","N","B","聍","聍","聍","一 丨 丶 ㇇|乛 亅 ㇀ 一 一 ㇀ 一 丨","一 丨 丨 一 一 ㇀ 丶 ㇀ ㇇|乛 一 亅"
"cnwstqi7120","senior","N","B","菝","菝","菝","一 丨 丶 一 ㇀ 丨 亅 一 ㇏ 丿 ㇇|乛","一 丨 丨 一 亅 ㇀ 一 丿 ㇇|乛 ㇏ 丶"
"cnwstqi7121","senior","N","A","萚","萚","萚","","X"
"cnwstqi7122","senior","N","B","菥","菥","菥","一 丨 一 丿 丨 丿 丨 丨 一 丶 丿","一 丨 丨 一 丨 丿 丶 丿 丿 一 丨"
"cnwstqi7123","senior","N","A","莿","莿","莿","","X"
"cnwstqi7124","senior","N","A","䓫","䓫","䓫","","X"
"cnwstqi7125","senior","N","A","勚","勚","勚","","X"
"cnwstqi7126","senior","N","A","䓬","䓬","䓬","","X"
"cnwstqi7127","senior","N","A","萆","萆","萆","一 丨 丨 丿 丨 𠃍 一 一 丿 一 丨","一 丨 𠃍 丨 丿 一 丿 一 丨 丨 一"
"cnwstqi7128","senior","N","B","菂","菂","菂","一 丨 丿 丨 丨 𠃍 𠃌 丿 一 一 丶","一 丨 丨 丿 丨 𠃍 一 一 丿 𠃌 丶"
"cnwstqi7129","senior","N","A","菍","菍","菍","","X"
"cnwstqi7130","senior","N","B","菼","菼","菼","X",""
"cnwstqi7131","senior","N","B","萣","萣","萣","X",""
"cnwstqi7132","senior","N","A","䓨","䓨","䓨","","X"
"cnwstqi7133","senior","N","A","菉","菉","菉","","X"
"cnwstqi7134","senior","N","A","䓛","䓛","䓛","","X"
"cnwstqi7135","senior","N","B","梼","梼","梼","X",""
"cnwstqi7136","senior","N","A","梽","梽","梽","","X"
"cnwstqi7137","senior","N","B","桲","桲","桲","X",""
"cnwstqi7138","senior","N","B","梾","梾","梾","X",""
"cnwstqi7139","senior","N","A","桯","桯","桯","","X"
"cnwstqi7140","senior","N","B","梣","梣","梣","X",""
"cnwstqi7141","senior","N","A","梌","梌","梌","","X"
"cnwstqi7142","senior","N","A","桹","桹","桹","","X"
"cnwstqi7143","senior","N","A","敔","敔","敔","","X"
"cnwstqi7144","senior","N","A","厣","厣","厣","一 丿 一 丿 ㇏ 丶 丨 𠃍 一 一 丨","一 丿 丿 一 丨 一 丶 丨 一 𠃍 ㇏"
"cnwstqi7145","senior","N","A","硔","硔","硔","","X"
"cnwstqi7146","senior","N","A","鿎","鿎","鿎","","X"
"cnwstqi7147","senior","N","A","硙","硙","硙","","X"
"cnwstqi7148","senior","N","B","硚","硚","硚","一 丿 ㇏ 丿 𠃍 一 丿 一 丨 丿 丨","一 丿 丨 𠃍 一 丿 一 丿 ㇏ 丿 丨"
"cnwstqi7149","senior","N","B","硊","硊","硊","X",""
"cnwstqi7150","senior","N","A","硍","硍","硍","","X"
"cnwstqi7151","senior","N","B","勔","勔","勔","X",""
"cnwstqi7152","senior","N","B","䴕","䴕","䴕","X",""
"cnwstqi7153","senior","N","A","龁","龁","龁","","X"
"cnwstqi7154","senior","N","B","逴","逴","逴","X",""
"cnwstqi7155","senior","N","B","唪","唪","唪","丨 𠃍 ㇏ 一 一 一 丨 一 丿 一 一","丨 𠃍 一 一 一 一 丿 ㇏ 一 一 丨"
"cnwstqi7156","senior","N","A","啫","啫","啫","","X"
"cnwstqi7157","senior","N","A","翈","翈","翈","","X"
"cnwstqi7158","senior","N","B","㫰","㫰","㫰","X",""
"cnwstqi7159","senior","N","A","晙","晙","晙","","X"
"cnwstqi7160","senior","N","B","畤","畤","畤","X",""
"cnwstqi7161","senior","N","B","𬱖","𬱖","𬱖","X",""
"cnwstqi7162","senior","N","B","趼","趼","趼","丨 𠃍 一 一 丨 丿 一 丨 一 ㇀ 丨","丨 𠃍 一 丨 一 丨 ㇀ 一 一 丿 丨"
"cnwstqi7163","senior","N","B","跂","跂","跂","X",""
"cnwstqi7164","senior","N","A","蛃","蛃","蛃","","X"
"cnwstqi7165","senior","N","B","蚲","蚲","蚲","X",""
"cnwstqi7166","senior","N","A","𬟽","𬟽","𬟽","","X"
"cnwstqi7167","senior","N","B","蚺","蚺","蚺","丨 𠃍 丶 丨 一 丨 𠃌 一 一 丨 一","丨 𠃍 一 丨 一 丶 丨 𠃌 丨 一 一"
"cnwstqi7168","senior","N","B","啴","啴","啴","X",""
"cnwstqi7169","senior","N","B","䎃","䎃","䎃","X",""
"cnwstqi7170","senior","N","A","崧","崧","崧","丨 ㇄ 丨 一 丨 丿 丶 丿 ㇏ 𠃋 丶","丨 ㇄ 丶 丿 丶 𠃋 丨 丨 ㇏ 一 丿"
"cnwstqi7171","senior","N","A","崟","崟","崟","","X"
"cnwstqi7172","senior","N","A","崞","崞","崞","丨 ㇄ 丨 丶 一 丨 𠃍 一 ㇇|乛 亅 一","丨 ㇄ 一 ㇇|乛 丶 丨 亅 丨 一 一 𠃍"
"cnwstqi7173","senior","N","B","崒","崒","崒","X",""
"cnwstqi7174","senior","N","B","崌","崌","崌","X",""
"cnwstqi7175","senior","N","B","崡","崡","崡","X",""
"cnwstqi7176","senior","N","B","铏","铏","铏","X",""
"cnwstqi7177","senior","N","B","𫓯","𫓯","𫓯","X",""
"cnwstqi7178","senior","N","B","𫟹","𫟹","𫟹","X",""
"cnwstqi7179","senior","N","A","铕","铕","铕","丿 一 一 一 𠄌 一 丿 丨 𠃌 一 一","丿 一 一 丨 一 一 𠃌 一 丿 𠄌 一"
"cnwstqi7180","senior","N","B","𫟼","𫟼","𫟼","X",""
"cnwstqi7181","senior","N","B","铖","铖","铖","丿 一 𠄌 一 一 𠃌 ㇂|㇃ 丶 一 丿 丿","丿 一 一 一 𠄌 一 丿 𠃌 ㇂|㇃ 丿 丶"
"cnwstqi7182","senior","N","B","铘","铘","铘","丿 一 𠃋 𠄌 一 一 丿 一 丨 𠄎|㇌ 亅","丿 一 一 一 𠄌 一 𠃋 亅 丿 𠄎|㇌ 丨"
"cnwstqi7183","senior","N","B","铚","铚","铚","X",""
"cnwstqi7184","senior","N","B","铞","铞","铞","丿 一 𠃍 一 一 一 丨 丨 𠄌 丨 𠃌","丿 一 一 一 𠄌 丨 𠃍 一 丨 𠃌 丨"
"cnwstqi7185","senior","N","B","铥","铥","铥","丿 一 一 一 一 丶 丿 𠄌 丨 𠃋 一","丿 一 一 一 𠄌 丿 一 丨 一 𠃋 丶"
"cnwstqi7186","senior","N","A","铴","铴","铴","丿 一 一 一 𠄌 丶 丶 ㇀ 𠄎|㇌ 丿 丿","丿 一 丿 丶 𠄌 丿 丶 ㇀ 一 一 𠄎|㇌"
"cnwstqi7187","senior","N","A","牻","牻","牻","","X"
"cnwstqi7188","senior","N","B","牿","牿","牿","丿 一 一 丿 丨 𠃍 丨 一 ㇀ 一 丨","丿 一 丨 ㇀ 丿 一 丨 一 丨 𠃍 一"
"cnwstqi7189","senior","N","A","稆","稆","稆","丿 一 丨 丿 丶 丨 𠃍 一 丨 𠃍 一","丿 一 𠃍 一 丶 丿 丨 一 𠃍 丨 丨"
"cnwstqi7190","senior","N","A","笱","笱","笱","丿 一 丶 丿 一 丶 丿 𠃌 丨 𠃍 一","丿 一 丿 一 丨 𠃍 一 丶 𠃌 丿 丶"
"cnwstqi7191","senior","N","B","笯","笯","笯","X",""
"cnwstqi7192","senior","N","B","偰","偰","偰","X",""
"cnwstqi7193","senior","N","A","偡","偡","偡","","X"
"cnwstqi7194","senior","N","B","鸺","鸺","鸺","丿 丨 丨 丿 丶 丿 一 丶 𠃌 ㇉ 一","丿 丨 一 丨 丿 丶 丿 𠃌 丶 ㇉ 一"
"cnwstqi7195","senior","N","A","偭","偭","偭","","X"
"cnwstqi7196","senior","N","A","偲","偲","偲","丿 丨 丨 𠃍 一 丨 一 ㇀ ㇂|㇃ 丶 丶","丿 丨 一 丨 一 ㇂|㇃ ㇀ 𠃍 丶 丶 丨"
"cnwstqi7197","senior","N","B","偁","偁","偁","X",""
"cnwstqi7198","senior","N","B","㿠","㿠","㿠","X",""
"cnwstqi7199","senior","N","A","鄅","鄅","鄅","","X"
"cnwstqi7200","senior","N","A","偓","偓","偓","","X"
"cnwstqi7201","senior","N","B","徛","徛","徛","X",""
"cnwstqi7202","senior","N","B","衒","衒","衒","X",""
"cnwstqi7203","senior","N","A","舳","舳","舳","丿 丿 𠃌 丶 一 丶 丨 𠃍 一 丨 一","丿 丿 丶 𠃍 丶 一 𠃌 丨 丨 一 一"
"cnwstqi7204","senior","N","A","舲","舲","舲","","X"
"cnwstqi7205","senior","N","B","鸼","鸼","鸼","X",""
"cnwstqi7206","senior","N","B","悆","悆","悆","X",""
"cnwstqi7207","senior","N","B","鄃","鄃","鄃","X",""
"cnwstqi7208","senior","N","A","瓻","瓻","瓻","","X"
"cnwstqi7209","senior","N","A","䝙","䝙","䝙","","X"
"cnwstqi7210","senior","N","B","脶","脶","脶","丿 𠃌 一 𠃌 𠃍 丿 丶 一 丨 丨 一","丿 𠃌 一 一 丨 𠃍 一 丨 𠃌 丿 丶"
"cnwstqi7211","senior","N","A","脞","脞","脞","丿 𠃌 一 一 丿 丶 丿 丶 一 丨 一","丿 𠃌 一 丶 一 丿 丨 一 一 丶 丿"
"cnwstqi7212","senior","N","A","脟","脟","脟","","X"
"cnwstqi7213","senior","N","A","䏲","䏲","䏲","","X"
"cnwstqi7214","senior","N","B","鱾","鱾","鱾","X",""
"cnwstqi7215","senior","N","A","猇","猇","猇","","X"
"cnwstqi7216","senior","N","A","猊","猊","猊","丿 ㇁ 丿 丿 丨 一 𠃍 一 一 丿 乚","丿 ㇁ 丿 乚 丿 丨 一 丿 一 𠃍 一"
"cnwstqi7217","senior","N","B","猄","猄","猄","X",""
"cnwstqi7218","senior","N","A","觖","觖","觖","丿 ㇇|乛 丿 𠃌 一 一 丨 𠃍 一 丿 ㇏","丿 ㇇|乛 𠃌 一 一 ㇏ 丿 丨 𠃍 一 丿"
"cnwstqi7219","senior","N","A","𠅤","𠅤","𠅤","","X"
"cnwstqi7220","senior","N","A","庱","庱","庱","","X"
"cnwstqi7221","senior","N","B","庼","庼","庼","X",""
"cnwstqi7222","senior","N","B","庳","庳","庳","丶 一 𠃍 丿 一 丨 一 丨 一 丿 丿","丶 一 丿 丿 丨 𠃍 一 一 丿 一 丨"
"cnwstqi7223","senior","N","A","痓","痓","痓","","X"
"cnwstqi7224","senior","N","B","䴔","䴔","䴔","X",""
"cnwstqi7225","senior","N","B","竫","竫","竫","X",""
"cnwstqi7226","senior","N","B","堃","堃","堃","丶 一 丿 丶 丿 𠃌 𠃌 一 一 丨 一","丶 一 𠃌 丿 丶 一 𠃌 丿 一 丨 一"
"cnwstqi7227","senior","N","A","阌","阌","阌","丶 丨 𠃌 丿 丶 丶 丿 ㇀ ㇇|乛 ㇇|乛 丶","丶 丨 ㇇|乛 ㇇|乛 𠃌 ㇀ 丶 丶 丿 丶 丿"
"cnwstqi7228","senior","N","B","羝","羝","羝","丶 丿 一 一 丿 丶 ㇂|㇃ 一 丿 一 𠄌","丶 丿 一 一 一 丿 丿 𠄌 一 ㇂|㇃ 丶"
"cnwstqi7229","senior","N","B","羕","羕","羕","X",""
"cnwstqi7230","senior","N","A","焆","焆","焆","","X"
"cnwstqi7231","senior","N","B","烺","烺","烺","X",""
"cnwstqi7232","senior","N","B","焌","焌","焌","X",""
"cnwstqi7233","senior","N","A","淏","淏","淏","","X"
"cnwstqi7234","senior","N","A","𬇹","𬇹","𬇹","","X"
"cnwstqi7235","senior","N","B","淟","淟","淟","X",""
"cnwstqi7236","senior","N","A","淜","淜","淜","","X"
"cnwstqi7237","senior","N","B","淴","淴","淴","X",""
"cnwstqi7238","senior","N","A","淯","淯","淯","","X"
"cnwstqi7239","senior","N","A","湴","湴","湴","","X"
"cnwstqi7240","senior","N","B","涴","涴","涴","X",""
"cnwstqi7241","senior","N","B","𬍡","𬍡","𬍡","X",""
"cnwstqi7242","senior","N","B","㥄","㥄","㥄","X",""
"cnwstqi7243","senior","N","A","惛","惛","惛","","X"
"cnwstqi7244","senior","N","A","惔","惔","惔","","X"
"cnwstqi7245","senior","N","B","悰","悰","悰","X",""
"cnwstqi7246","senior","N","B","惙","惙","惙","X",""
"cnwstqi7247","senior","N","A","寁","寁","寁","","X"
"cnwstqi7248","senior","N","B","逭","逭","逭","丶 ㇀ ㇏ 𠃍 丶 𠃍 丨 ㇋ ㇇|乛 一 一","丶 ㇀ ㇇|乛 丨 𠃍 一 𠃍 一 丶 ㇋ ㇏"
"cnwstqi7249","senior","N","A","𬤇","𬤇","𬤇","","X"
"cnwstqi7250","senior","N","A","𫍯","𫍯","𫍯","","X"
"cnwstqi7251","senior","N","A","袼","袼","袼","丶 ㇇|乛 丨 丿 丶 丿 ㇇|乛 ㇏ 丨 𠃍 一","丶 ㇇|乛 丨 一 丿 丨 丶 ㇇|乛 𠃍 ㇏ 丿"
"cnwstqi7252","senior","N","B","裈","裈","裈","X",""
"cnwstqi7253","senior","N","A","祲","祲","祲","","X"
"cnwstqi7254","senior","N","B","𬤊","𬤊","𬤊","X",""
"cnwstqi7255","senior","N","B","𫍲","𫍲","𫍲","X",""
"cnwstqi7256","senior","N","A","谞","谞","谞","丶 ㇊ ㇇|乛 丨 一 丿 ㇏ 丨 𠃌 一 一","丶 ㇊ 丨 丨 ㇇|乛 一 ㇏ 一 一 丿 𠃌"
"cnwstqi7257","senior","N","A","艴","艴","艴","𠃍 一 ㇉ 丿 丨 丿 ㇇|乛 𠃍 丨 一 乚","𠃍 一 丨 丿 乚 𠃍 ㇉ 一 丨 ㇇|乛 丿"
"cnwstqi7258","senior","N","A","弸","弸","弸","","X"
"cnwstqi7259","senior","N","B","弶","弶","弶","X",""
"cnwstqi7260","senior","N","B","𬯎","𬯎","𬯎","X",""
"cnwstqi7261","senior","N","B","隃","隃","隃","X",""
"cnwstqi7262","senior","N","B","婞","婞","婞","X",""
"cnwstqi7263","senior","N","B","娵","娵","娵","X",""
"cnwstqi7264","senior","N","A","婼","婼","婼","","X"
"cnwstqi7265","senior","N","B","媖","媖","媖","X",""
"cnwstqi7266","senior","N","B","婳","婳","婳","X",""
"cnwstqi7267","senior","N","B","婍","婍","婍","X",""
"cnwstqi7268","senior","N","B","婌","婌","婌","X",""
"cnwstqi7269","senior","N","B","婫","婫","婫","X",""
"cnwstqi7270","senior","N","B","婤","婤","婤","X",""
"cnwstqi7271","senior","N","B","婘","婘","婘","X",""
"cnwstqi7272","senior","N","B","婠","婠","婠","X",""
"cnwstqi7273","senior","N","B","𬘬","𬘬","𬘬","X",""
"cnwstqi7274","senior","N","B","𬘭","𬘭","𬘭","X",""
"cnwstqi7275","senior","N","B","𬴂","𬴂","𬴂","X",""
"cnwstqi7276","senior","N","B","𫘦","𫘦","𫘦","X",""
"cnwstqi7277","senior","N","A","绹","绹","绹","","X"
"cnwstqi7278","senior","N","B","𫟅","𫟅","𫟅","X",""
"cnwstqi7279","senior","N","A","𬘯","𬘯","𬘯","","X"
"cnwstqi7280","senior","N","B","骕","骕","骕","X",""
"cnwstqi7281","senior","N","A","𫘧","𫘧","𫘧","","X"
"cnwstqi7282","senior","N","B","絜","絜","絜","X",""
"cnwstqi7283","senior","N","A","珷","珷","珷","","X"
"cnwstqi7284","senior","N","B","琲","琲","琲","X",""
"cnwstqi7285","senior","N","A","琡","琡","琡","","X"
"cnwstqi7286","senior","N","A","琟","琟","琟","","X"
"cnwstqi7287","senior","N","B","琔","琔","琔","X",""
"cnwstqi7288","senior","N","B","琭","琭","琭","X",""
"cnwstqi7289","senior","N","A","堾","堾","堾","","X"
"cnwstqi7290","senior","N","A","堼","堼","堼","","X"
"cnwstqi7291","senior","N","B","揕","揕","揕","X",""
"cnwstqi7292","senior","N","B","㙘","㙘","㙘","X",""
"cnwstqi7293","senior","N","A","堧","堧","堧","","X"
"cnwstqi7294","senior","N","B","喆","喆","喆","一 丨 一 𠃍 一 一 一 丨 一 丨 𠃍 丨","一 丨 一 丨 𠃍 一 一 丨 一 丨 𠃍 一"
"cnwstqi7295","senior","N","B","堨","堨","堨","X",""
"cnwstqi7296","senior","N","B","塅","塅","塅","X",""
"cnwstqi7297","senior","N","A","堠","堠","堠","一 丨 ㇀ 丿 丨 𠃍 一 丿 一 一 丿 ㇏","一 丨 丿 𠃍 一 ㇀ 一 丨 丿 一 ㇏ 丿"
"cnwstqi7298","senior","N","A","絷","絷","絷","一 亅 ㇀ 丿 ⺄ 丶 𠃋 𠃋 丶 亅 丿 丶","一 亅 亅 丿 丶 𠃋 丶 ⺄ ㇀ 丿 丶 𠃋"
"cnwstqi7299","senior","N","B","𪣻","𪣻","𪣻","X",""
"cnwstqi7300","senior","N","B","𡎚","𡎚","𡎚","X",""
"cnwstqi7301","senior","N","A","葜","葜","葜","一 丨 丨 一 一 一 丨 𠃌 丿 一 丿 ㇏","一 丨 ㇏ 一 𠃌 丿 丨 一 一 丿 一 丨"
"cnwstqi7302","senior","N","A","惎","惎","惎","","X"
"cnwstqi7303","senior","N","A","萳","萳","萳","","X"
"cnwstqi7304","senior","N","B","葙","葙","葙","一 丨 丨 丨 丿 丶 丨 一 一 一 一 𠃍","一 丨 丨 一 丨 丿 丶 丨 𠃍 一 一 一"
"cnwstqi7305","senior","N","A","靬","靬","靬","","X"
"cnwstqi7306","senior","N","A","葴","葴","葴","","X"
"cnwstqi7307","senior","N","B","蒇","蒇","蒇","一 丨 丿 丿 一 丨 ㇂|㇃ 丨 𠃍 丶 丶 丿","一 丨 丨 一 丿 丨 𠃍 丿 丶 ㇂|㇃ 丿 丶"
"cnwstqi7308","senior","N","A","蒈","蒈","蒈","一 丨 丨 一 𠄌 丿 乚 丿 丨 𠃍 一 一","一 丨 丿 𠃍 一 丿 𠄌 丨 乚 一 一 丨"
"cnwstqi7309","senior","N","A","鄚","鄚","鄚","","X"
"cnwstqi7310","senior","N","A","蒉","蒉","蒉","一 丨 丨 丨 𠃍 一 丨 一 丨 𠃍 丿 丶","一 丨 丶 丨 𠃍 一 丨 一 丨 丿 𠃍 丨"
"cnwstqi7311","senior","N","B","蓇","蓇","蓇","X",""
"cnwstqi7312","senior","N","B","萩","萩","萩","一 丨 丿 ㇀ 丿 丿 ㇏ 丨 丶 丿 一 丨","一 丨 丨 丿 一 丨 丿 丶 ㇀ 丿 丿 ㇏"
"cnwstqi7313","senior","N","B","蒐","蒐","蒐","X",""
"cnwstqi7314","senior","N","B","葰","葰","葰","X",""
"cnwstqi7315","senior","N","A","葎","葎","葎","","X"
"cnwstqi7316","senior","N","B","鄑","鄑","鄑","X",""
"cnwstqi7317","senior","N","B","蒎","蒎","蒎","一 丨 丨 𠄌 丿 丶 丶 丿 丿 ㇏ ㇀ 丿","一 丨 丨 丶 丶 ㇀ 丿 丿 丿 𠄌 丿 ㇏"
"cnwstqi7318","senior","N","B","葖","葖","葖","X",""
"cnwstqi7319","senior","N","A","蒄","蒄","蒄","","X"
"cnwstqi7320","senior","N","A","萹","萹","萹","","X"
"cnwstqi7321","senior","N","B","棤","棤","棤","X",""
"cnwstqi7322","senior","N","B","棽","棽","棽","X",""
"cnwstqi7323","senior","N","A","棫","棫","棫","","X"
"cnwstqi7324","senior","N","A","椓","椓","椓","","X"
"cnwstqi7325","senior","N","B","椑","椑","椑","X",""
"cnwstqi7326","senior","N","A","𬃊","𬃊","𬃊","","X"
"cnwstqi7327","senior","N","B","鹀","鹀","鹀","一 丨 ㇉ 丿 𠃌 丶 丿 丿 一 ㇀ 丶 丶","一 丨 丿 丶 丿 丶 ㇀ 丿 𠃌 丶 ㇉ 一"
"cnwstqi7328","senior","N","B","椆","椆","椆","X",""
"cnwstqi7329","senior","N","A","棓","棓","棓","","X"
"cnwstqi7330","senior","N","A","棬","棬","棬","","X"
"cnwstqi7331","senior","N","B","棪","棪","棪","一 丨 丿 ㇀ ㇏ 丶 丶 ㇀ 丿 丿 丿 丿","一 丨 丿 丶 ㇀ 丿 丿 丶 ㇀ 丿 丿 ㇏"
"cnwstqi7332","senior","N","B","椀","椀","椀","X",""
"cnwstqi7333","senior","N","B","楗","楗","楗","一 丨 一 一 ㇏ 一 丶 𠃍 丿 丨 ㇋ 一","一 丨 丿 丶 𠃍 一 一 一 一 丨 ㇋ ㇏"
"cnwstqi7334","senior","N","B","𬷕","𬷕","𬷕","X",""
"cnwstqi7335","senior","N","A","甦","甦","甦","一 丨 𠃍 一 一 丿 ㇏ 丿 一 一 丨 一","一 丨 一 丿 一 一 丿 𠃍 丨 一 ㇏ 一"
"cnwstqi7336","senior","N","A","酦","酦","酦","","X"
"cnwstqi7337","senior","N","A","觌","觌","觌","一 丨 ㇇|乛 丶 丶 一 丿 丶 丨 𠃍 丿 乚","一 丨 ㇇|乛 𠃍 丿 乚 丶 一 丶 丿 丨 丶"
"cnwstqi7338","senior","N","A","奡","奡","奡","","X"
"cnwstqi7339","senior","N","A","皕","皕","皕","","X"
"cnwstqi7340","senior","N","A","硪","硪","硪","一 丿 丨 𠃍 一 丿 一 亅 ㇀ ㇂|㇃ 丿 丶","一 丿 一 ㇀ 亅 𠃍 丶 丨 丿 一 丿 ㇂|㇃"
"cnwstqi7341","senior","N","A","欹","欹","欹","一 丿 丶 一 丨 𠃍 一 亅 丿 ㇇|乛 丿 ㇏","一 丿 丨 一 𠃍 ㇏ 丶 亅 一 丿 ㇇|乛 丿"
"cnwstqi7342","senior","N","A","詟","詟","詟","","X"
"cnwstqi7343","senior","N","A","𫐐","𫐐","𫐐","","X"
"cnwstqi7344","senior","N","B","辌","辌","辌","X",""
"cnwstqi7345","senior","N","A","棐","棐","棐","","X"
"cnwstqi7346","senior","N","B","龂","龂","龂","X",""
"cnwstqi7347","senior","N","B","𬹼","𬹼","𬹼","X",""
"cnwstqi7348","senior","N","B","黹","黹","黹","丨 丨 丨 丨 丿 丿 丿 丶 一 𠃌 丶 丶","丨 丨 丶 丿 一 丶 丿 丨 𠃌 丨 丿 丶"
"cnwstqi7349","senior","N","A","牚","牚","牚","","X"
"cnwstqi7350","senior","N","A","睎","睎","睎","","X"
"cnwstqi7351","senior","N","B","晫","晫","晫","X",""
"cnwstqi7352","senior","N","B","晪","晪","晪","X",""
"cnwstqi7353","senior","N","B","晱","晱","晱","X",""
"cnwstqi7354","senior","N","B","𧿹","𧿹","𧿹","X",""
"cnwstqi7355","senior","N","A","蛑","蛑","蛑","丨 𠃍 一 丨 一 丶 𠃋 丶 丿 一 一 丨","丨 𠃍 丶 一 丨 𠃋 一 丶 丨 丿 一 一"
"cnwstqi7356","senior","N","A","畯","畯","畯","","X"
"cnwstqi7357","senior","N","B","斝","斝","斝","X",""
"cnwstqi7358","senior","N","B","喤","喤","喤","X",""
"cnwstqi7359","senior","N","A","崶","崶","崶","","X"
"cnwstqi7360","senior","N","A","嵁","嵁","嵁","","X"
"cnwstqi7361","senior","N","B","𫶇","𫶇","𫶇","X",""
"cnwstqi7362","senior","N","B","崾","崾","崾","丨 ㇄ 丨 丨 一 丿 𡿨 𠃍 丨 一 一 丨","丨 ㇄ 丨 一 丨 𠃍 丨 丨 一 𡿨 丿 一"
"cnwstqi7363","senior","N","A","嵅","嵅","嵅","","X"
"cnwstqi7364","senior","N","B","崿","崿","崿","X",""
"cnwstqi7365","senior","N","A","嵚","嵚","嵚","","X"
"cnwstqi7366","senior","N","B","翙","翙","翙","X",""
"cnwstqi7367","senior","N","B","𫖮","𫖮","𫖮","X",""
"cnwstqi7368","senior","N","B","圌","圌","圌","X",""
"cnwstqi7369","senior","N","A","圐","圐","圐","","X"
"cnwstqi7370","senior","N","B","赑","赑","赑","X",""
"cnwstqi7371","senior","N","B","淼","淼","淼","亅 ㇇|乛 亅 丿 ㇇|乛 ㇏ 亅 丿 ㇏ 丶 丿 ㇇|乛","亅 ㇇|乛 丿 ㇏ 亅 ㇇|乛 丿 丶 亅 ㇇|乛 丿 ㇏"
"cnwstqi7372","senior","N","B","赒","赒","赒","X",""
"cnwstqi7373","senior","N","B","鿏","鿏","鿏","X",""
"cnwstqi7374","senior","N","B","铹","铹","铹","丿 一 丿 ㇀ ㇇|乛 𠄌 𠃌 一 一 丨 丨 一","丿 一 一 一 𠄌 一 丨 丨 ㇀ ㇇|乛 𠃌 丿"
"cnwstqi7375","senior","N","B","𬭊","𬭊","𬭊","X",""
"cnwstqi7376","senior","N","B","铽","铽","铽","丿 一 ㇀ 丶 一 一 ㇂|㇃ 丶 一 丶 𠄌 ㇂|㇃","丿 一 一 一 𠄌 一 ㇀ ㇂|㇃ 丶 丶 ㇂|㇃ 丶"
"cnwstqi7377","senior","N","B","𨱇","𨱇","𨱇","X",""
"cnwstqi7378","senior","N","B","𫓶","𫓶","𫓶","X",""
"cnwstqi7379","senior","N","A","锊","锊","锊","丿 一 一 一 𠄌 丿 丶 丶 丿 一 亅 丶","丿 一 一 丶 丿 亅 一 丶 一 丿 丶 𠄌"
"cnwstqi7380","senior","N","A","锍","锍","锍","丿 一 一 一 𠄌 丶 一 𠃋 丶 丿 丨 乚","丿 一 丶 丶 一 一 丨 𠄌 𠃋 乚 一 丿"
"cnwstqi7381","senior","N","B","锎","锎","锎","丿 一 一 𠄌 一 丶 一 一 丿 𠃌 丨 丨","丿 一 一 一 𠄌 丶 丨 𠃌 一 一 丿 丨"
"cnwstqi7382","senior","N","A","𬭎","𬭎","𬭎","","X"
"cnwstqi7383","senior","N","A","锓","锓","锓","丿 一 一 一 𠄌 𠃍 一 一 ㇀ ㇇|乛 ㇇|乛 ㇏","丿 一 一 ㇏ 𠄌 ㇇|乛 𠃍 一 一 ㇀ 一 ㇇|乛"
"cnwstqi7384","senior","N","A","犇","犇","犇","丿 一 一 丨 丿 一 丨 ㇀ 丿 一 一 丨","丿 一 一 一 ㇀ 丨 丿 丿 一 丨 一 丨"
"cnwstqi7385","senior","N","A","颋","颋","颋","","X"
"cnwstqi7386","senior","N","A","稌","稌","稌","","X"
"cnwstqi7387","senior","N","A","筀","筀","筀","","X"
"cnwstqi7388","senior","N","A","筘","筘","筘","丿 一 丶 丿 一 丶 一 亅 ㇀ 丨 𠃍 一","丿 一 ㇀ 一 丨 一 𠃍 亅 丶 丶 一 丿"
"cnwstqi7389","senior","N","B","筜","筜","筜","X",""
"cnwstqi7390","senior","N","A","筥","筥","筥","","X"
"cnwstqi7391","senior","N","B","筅","筅","筅","丿 一 一 丶 丨 丿 丿 一 乚 丿 一 丶","丿 一 丶 丿 一 丶 丿 一 丨 一 丿 乚"
"cnwstqi7392","senior","N","A","傃","傃","傃","","X"
"cnwstqi7393","senior","N","A","傉","傉","傉","","X"
"cnwstqi7394","senior","N","B","翛","翛","翛","X",""
"cnwstqi7395","senior","N","B","傒","傒","傒","X",""
"cnwstqi7396","senior","N","B","傕","傕","傕","X",""
"cnwstqi7397","senior","N","A","舾","舾","舾","丿 丿 𠃌 丶 一 丶 一 丨 𠃍 丿 ㇄ 一","丿 丿 一 一 𠃍 丿 丨 一 丶 𠃌 ㇄ 丶"
"cnwstqi7398","senior","N","B","畬","畬","畬","丿 ㇏ 丨 一 丨 𠃍 亅 一 丿 一 一 丶","丿 ㇏ 一 一 亅 丿 丶 丨 𠃍 一 丨 一"
"cnwstqi7399","senior","N","B","𫖯","𫖯","𫖯","X",""
"cnwstqi7400","senior","N","B","脿","脿","脿","X",""
"cnwstqi7401","senior","N","B","腘","腘","腘","X",""
"cnwstqi7402","senior","N","B","䐃","䐃","䐃","X",""
"cnwstqi7403","senior","N","A","腙","腙","腙","丿 𠃌 一 一 丶 ㇀ ㇇|乛 一 一 亅 丿 丶","丿 𠃌 一 ㇇|乛 丶 亅 丿 一 一 一 ㇀ 丶"
"cnwstqi7404","senior","N","A","腒","腒","腒","","X"
"cnwstqi7405","senior","N","B","𬱟","𬱟","𬱟","X",""
"cnwstqi7406","senior","N","B","鲃","鲃","鲃","X",""
"cnwstqi7407","senior","N","B","猰","猰","猰","X",""
"cnwstqi7408","senior","N","A","𫛭","𫛭","𫛭","","X"
"cnwstqi7409","senior","N","A","猯","猯","猯","","X"
"cnwstqi7410","senior","N","B","㺄","㺄","㺄","X",""
"cnwstqi7411","senior","N","B","馉","馉","馉","X",""
"cnwstqi7412","senior","N","B","凓","凓","凓","X",""
"cnwstqi7413","senior","N","B","鄗","鄗","鄗","X",""
"cnwstqi7414","senior","N","B","𫷷","𫷷","𫷷","X",""
"cnwstqi7415","senior","N","B","廋","廋","廋","X",""
"cnwstqi7416","senior","N","B","廆","廆","廆","X",""
"cnwstqi7417","senior","N","B","鄌","鄌","鄌","X",""
"cnwstqi7418","senior","N","B","粢","粢","粢","丶 ㇀ ㇇|乛 ㇏ 丿 一 丶 丿 丨 丿 ㇏ 丿","丶 ㇀ 丿 ㇇|乛 丿 ㇏ 丶 丿 一 丨 丿 ㇏"
"cnwstqi7419","senior","N","B","遆","遆","遆","X",""
"cnwstqi7420","senior","N","B","旐","旐","旐","X",""
"cnwstqi7421","senior","N","B","𬮱","𬮱","𬮱","X",""
"cnwstqi7422","senior","N","B","焞","焞","焞","X",""
"cnwstqi7423","senior","N","A","𬊤","𬊤","𬊤","","X"
"cnwstqi7424","senior","N","B","欻","欻","欻","X",""
"cnwstqi7425","senior","N","B","𣸣","𣸣","𣸣","X",""
"cnwstqi7426","senior","N","A","溚","溚","溚","","X"
"cnwstqi7427","senior","N","A","溁","溁","溁","","X"
"cnwstqi7428","senior","N","B","湝","湝","湝","X",""
"cnwstqi7429","senior","N","B","渰","渰","渰","X",""
"cnwstqi7430","senior","N","B","湓","湓","湓","丶 丶 𠃍 𠃌 丿 丨 丿 一 ㇀ ㇏ 丨 丨","丶 丶 ㇀ 丿 ㇏ 𠃌 丿 丨 𠃍 丨 丨 一"
"cnwstqi7431","senior","N","A","㴔","㴔","㴔","","X"
"cnwstqi7432","senior","N","A","渟","渟","渟","","X"
"cnwstqi7433","senior","N","A","溠","溠","溠","","X"
"cnwstqi7434","senior","N","A","渼","渼","渼","","X"
"cnwstqi7435","senior","N","B","溇","溇","溇","X",""
"cnwstqi7436","senior","N","B","湣","湣","湣","X",""
"cnwstqi7437","senior","N","B","湑","湑","湑","X",""
"cnwstqi7438","senior","N","B","溞","溞","溞","X",""
"cnwstqi7439","senior","N","B","愐","愐","愐","X",""
"cnwstqi7440","senior","N","B","愃","愃","愃","X",""
"cnwstqi7441","senior","N","A","敩","敩","敩","","X"
"cnwstqi7442","senior","N","A","甯","甯","甯","丶 ㇀ ㇇|乛 ㇀ ㇂|㇃ 丶 丶 丨 𠃌 一 一 丨","丶 ㇀ 丶 ㇀ 丶 一 丨 ㇂|㇃ 丨 ㇇|乛 𠃌 一"
"cnwstqi7443","senior","N","A","棨","棨","棨","","X"
"cnwstqi7444","senior","N","A","扊","扊","扊","","X"
"cnwstqi7445","senior","N","A","裣","裣","裣","丶 ㇇|乛 丨 丿 丶 丿 ㇏ 一 丶 丶 丿 一","丶 ㇇|乛 丶 丶 一 ㇏ 丿 一 丿 丨 丿 丶"
"cnwstqi7446","senior","N","A","祼","祼","祼","","X"
"cnwstqi7447","senior","N","B","婻","婻","婻","X",""
"cnwstqi7448","senior","N","A","媆","媆","媆","","X"
"cnwstqi7449","senior","N","B","媞","媞","媞","X",""
"cnwstqi7450","senior","N","A","㛹","㛹","㛹","","X"
"cnwstqi7451","senior","N","A","媓","媓","媓","","X"
"cnwstqi7452","senior","N","A","媂","媂","媂","","X"
"cnwstqi7453","senior","N","A","媄","媄","媄","","X"
"cnwstqi7454","senior","N","B","毵","毵","毵","𠃋 丶 一 丶 丿 丿 丿 一 乚 丿 一 丿","𠃋 丶 一 丿 丶 丿 丿 丿 丿 一 一 乚"
"cnwstqi7455","senior","N","B","矞","矞","矞","X",""
"cnwstqi7456","senior","N","B","𬴃","𬴃","𬴃","X",""
"cnwstqi7457","senior","N","A","𫘨","𫘨","𫘨","","X"
"cnwstqi7458","senior","N","A","缊","缊","缊","","X"
"cnwstqi7459","senior","N","A","缐","缐","缐","","X"
"cnwstqi7460","senior","N","A","骙","骙","骙","","X"
"cnwstqi7461","senior","N","A","瑃","瑃","瑃","","X"
"cnwstqi7462","senior","N","B","瑓","瑓","瑓","X",""
"cnwstqi7463","senior","N","A","瑅","瑅","瑅","","X"
"cnwstqi7464","senior","N","B","瑆","瑆","瑆","X",""
"cnwstqi7465","senior","N","B","䴖","䴖","䴖","X",""
"cnwstqi7466","senior","N","B","瑖","瑖","瑖","X",""
"cnwstqi7467","senior","N","B","瑝","瑝","瑝","X",""
"cnwstqi7468","senior","N","A","瑔","瑔","瑔","","X"
"cnwstqi7469","senior","N","A","瑀","瑀","瑀","一 一 丨 ㇀ 丿 丨 𠃍 一 丨 𠃌 丨 ㇀ 丶","一 一 一 𠃍 ㇀ 丿 丨 丨 𠃌 ㇀ 丶 丨 丨"
"cnwstqi7470","senior","N","B","𤧛","𤧛","𤧛","X",""
"cnwstqi7471","senior","N","B","瑳","瑳","瑳","X",""
"cnwstqi7472","senior","N","A","瑂","瑂","瑂","","X"
"cnwstqi7473","senior","N","A","嶅","嶅","嶅","","X"
"cnwstqi7474","senior","N","A","瑑","瑑","瑑","","X"
"cnwstqi7475","senior","N","A","遘","遘","遘","一 一 丨 丨 一 丨 𠃌 丨 一 一 丶 ㇋ ㇏","一 一 丨 丨 丨 一 ㇋ 𠃌 一 ㇏ 丶 丨 一"
"cnwstqi7476","senior","N","A","髢","髢","髢","","X"
"cnwstqi7477","senior","N","B","塥","塥","塥","一 丨 丨 一 丨 𠃍 𠃌 ㇀ 一 丿 一 丶 丨","一 丨 ㇀ 一 丨 𠃍 一 丨 𠃌 丶 丿 一 丨"
"cnwstqi7478","senior","N","B","堽","堽","堽","X",""
"cnwstqi7479","senior","N","B","赪","赪","赪","X",""
"cnwstqi7480","senior","N","B","摛","摛","摛","X",""
"cnwstqi7481","senior","N","B","塝","塝","塝","X",""
"cnwstqi7482","senior","N","B","搒","搒","搒","X",""
"cnwstqi7483","senior","N","B","搌","搌","搌","一 亅 𠃍 丨 丨 丿 一 ㇏ ㇀ 一 𠄌 一 丿","一 亅 ㇀ 𠃍 一 丿 一 丨 丨 一 𠄌 丿 ㇏"
"cnwstqi7484","senior","N","A","蒱","蒱","蒱","","X"
"cnwstqi7485","senior","N","B","蒨","蒨","蒨","X",""
"cnwstqi7486","senior","N","B","蓏","蓏","蓏","X",""
"cnwstqi7487","senior","N","B","蔀","蔀","蔀","X",""
"cnwstqi7488","senior","N","B","蓢","蓢","蓢","一 丨 𠃌 丶 一 𠃍 一 一 一 丿 𠄌 丨 丶","一 丨 丨 丶 𠃍 一 一 𠄌 丶 丿 𠃌 一 一"
"cnwstqi7489","senior","N","A","蓂","蓂","蓂","","X"
"cnwstqi7490","senior","N","A","蒻","蒻","蒻","","X"
"cnwstqi7491","senior","N","A","蓣","蓣","蓣","一 丨 丨 ㇇|乛 丶 ㇇|乛 亅 一 丿 丨 𠃍 丿 丶","一 丨 亅 一 丿 丨 丿 ㇇|乛 𠃍 丨 丶 丶 ㇇|乛"
"cnwstqi7492","senior","N","A","椹","椹","椹","一 丨 丿 丶 一 丨 丨 一 一 一 丿 丶 ㇄","一 丨 丿 丨 一 丶 丨 一 ㇄ 丶 一 一 丿"
"cnwstqi7493","senior","N","B","楪","楪","楪","X",""
"cnwstqi7494","senior","N","A","榃","榃","榃","","X"
"cnwstqi7495","senior","N","A","榅","榅","榅","一 丨 丿 丶 丨 𠃍 一 一 丨 𠃍 丨 丨 一","一 丨 一 𠃍 丨 一 𠃍 丨 一 丨 丶 丨 丿"
"cnwstqi7496","senior","N","B","楒","楒","楒","X",""
"cnwstqi7497","senior","N","A","楞","楞","楞","一 丨 丿 丶 丨 𠃍 丨 丨 一 丶 一 𠃌 丿","一 丨 一 丨 丶 𠃌 一 丿 𠃍 丶 丨 丿 丨"
"cnwstqi7498","senior","N","A","楩","楩","楩","","X"
"cnwstqi7499","senior","N","B","榇","榇","榇","一 丨 丿 亅 丶 一 丶 丿 一 丶 丿 丶 一","一 丨 丿 丶 丶 一 丶 丿 一 一 亅 丿 丶"
"cnwstqi7500","senior","N","A","椸","椸","椸","","X"
"cnwstqi7501","senior","N","B","楙","楙","楙","X",""
"cnwstqi7502","senior","N","B","歅","歅","歅","X",""
"cnwstqi7503","senior","N","A","𬪩","𬪩","𬪩","","X"
"cnwstqi7504","senior","N","A","碃","碃","碃","","X"
"cnwstqi7505","senior","N","B","碏","碏","碏","X",""
"cnwstqi7506","senior","N","A","𬒔","𬒔","𬒔","","X"
"cnwstqi7507","senior","N","A","碈","碈","碈","","X"
"cnwstqi7508","senior","N","A","䃅","䃅","䃅","","X"
"cnwstqi7509","senior","N","A","硿","硿","硿","","X"
"cnwstqi7510","senior","N","A","鄠","鄠","鄠","一 ㇀ ㇇|乛 丨 丶 丶 丶 丶 一 一 ㇉ 𠄎|㇌ 丨","一 ㇀ 丨 丶 ㇉ 一 一 ㇇|乛 丶 丶 丶 𠄎|㇌ 丨"
"cnwstqi7511","senior","N","A","辒","辒","辒","","X"
"cnwstqi7512","senior","N","B","𬨎","𬨎","𬨎","X",""
"cnwstqi7513","senior","N","B","𫐓","𫐓","𫐓","X",""
"cnwstqi7514","senior","N","B","龆","龆","龆","丨 一 丿 丨 丿 𠃌 丨 丶 一 一 丨 𠃍 ㇄","丨 一 丨 一 丿 丶 ㇄ 丨 𠃌 丿 丨 𠃍 一"
"cnwstqi7515","senior","N","B","觜","觜","觜","丨 一 丿 丨 丿 ㇇|乛 一 乚 一 丨 丿 𠃌 ㇀","丨 一 丨 ㇀ 丿 乚 丿 ㇇|乛 丿 𠃌 一 一 丨"
"cnwstqi7516","senior","N","A","䣘","䣘","䣘","","X"
"cnwstqi7517","senior","N","B","暕","暕","暕","X",""
"cnwstqi7518","senior","N","B","鹍","鹍","鹍","X",""
"cnwstqi7519","senior","N","B","𫫇","𫫇","𫫇","X",""
"cnwstqi7520","senior","N","A","㬊","㬊","㬊","","X"
"cnwstqi7521","senior","N","B","暅","暅","暅","X",""
"cnwstqi7522","senior","N","B","跱","跱","跱","X",""
"cnwstqi7523","senior","N","B","蜐","蜐","蜐","X",""
"cnwstqi7524","senior","N","A","蜎","蜎","蜎","","X"
"cnwstqi7525","senior","N","B","嵲","嵲","嵲","X",""
"cnwstqi7526","senior","N","A","赗","赗","赗","","X"
"cnwstqi7527","senior","N","B","骱","骱","骱","丨 𠃍 丨 ㇏ 丨 丿 一 𠃍 𠃌 ㇇|乛 ㇀ 丿 一","丨 𠃍 𠃍 ㇀ ㇇|乛 丨 𠃌 一 一 丿 ㇏ 丿 丨"
"cnwstqi7528","senior","N","A","锖","锖","锖","丿 一 一 一 𠄌 一 一 丨 一 丨 𠃌 一 一","丿 一 一 一 𠃌 一 丨 一 一 𠄌 丨 一 一"
"cnwstqi7529","senior","N","A","𫓹","𫓹","𫓹","","X"
"cnwstqi7530","senior","N","B","锘","锘","锘","丿 一 一 丿 一 丨 一 丨 一 丨 𠃍 一 𠄌","丿 一 一 一 𠄌 一 丨 丨 一 丿 丨 𠃍 一"
"cnwstqi7531","senior","N","A","锳","锳","锳","","X"
"cnwstqi7532","senior","N","A","锧","锧","锧","","X"
"cnwstqi7533","senior","N","B","锪","锪","锪","丿 一 丶 丿 𠃌 丿 ㇂|㇃ 𠄌 一 ㇀ 丿 一 丶","丿 一 一 一 𠄌 丿 𠃌 丿 丿 ㇀ ㇂|㇃ 丶 丶"
"cnwstqi7534","senior","N","B","𬭚","𬭚","𬭚","X",""
"cnwstqi7535","senior","N","B","锫","锫","锫","丿 一 𠄌 𠃍 一 一 一 丨 丿 丶 丶 一 一","丿 一 一 一 𠄌 丶 一 丶 丿 一 丨 𠃍 一"
"cnwstqi7536","senior","N","B","锬","锬","锬","丿 一 丿 一 ㇀ 丶 丿 一 丿 ㇀ 丿 ㇏ 𠄌","丿 一 一 一 𠄌 ㇀ 丿 丿 丶 ㇀ 丿 丿 ㇏"
"cnwstqi7537","senior","N","B","𬭛","𬭛","𬭛","X",""
"cnwstqi7538","senior","N","A","稑","稑","稑","","X"
"cnwstqi7539","senior","N","A","稙","稙","稙","","X"
"cnwstqi7540","senior","N","A","䅟","䅟","䅟","","X"
"cnwstqi7541","senior","N","B","𬕂","𬕂","𬕂","X",""
"cnwstqi7542","senior","N","A","筻","筻","筻","丿 一 丶 丿 一 丶 一 丨 𠃍 一 一 丿 ㇏","丿 一 𠃍 丨 丶 丿 ㇏ 丿 一 一 一 丶 一"
"cnwstqi7543","senior","N","A","筼","筼","筼","","X"
"cnwstqi7544","senior","N","A","筶","筶","筶","","X"
"cnwstqi7545","senior","N","B","筦","筦","筦","X",""
"cnwstqi7546","senior","N","B","筤","筤","筤","X",""
"cnwstqi7547","senior","N","B","傺","傺","傺","丿 丨 丶 丶 ㇏ 一 丿 一 ㇇|乛 亅 丿 ㇇|乛 丶","丿 丨 丿 ㇇|乛 丶 丶 ㇇|乛 ㇏ 一 一 亅 丿 丶"
"cnwstqi7548","senior","N","A","鹎","鹎","鹎","丿 丨 𠃍 一 一 丿 一 丨 丿 𠃌 丶 ㇉ 一","丿 丨 丿 一 ㇉ 一 𠃍 丨 一 一 𠃌 丿 丶"
"cnwstqi7549","senior","N","A","僇","僇","僇","","X"
"cnwstqi7550","senior","N","A","艅","艅","艅","","X"
"cnwstqi7551","senior","N","A","艉","艉","艉","丿 丿 𠃌 丶 一 丶 𠃍 一 丿 丿 一 一 乚","丿 丿 丿 乚 一 一 𠃌 丿 丶 丶 𠃍 一 一"
"cnwstqi7552","senior","N","A","谼","谼","谼","","X"
"cnwstqi7553","senior","N","A","貆","貆","貆","","X"
"cnwstqi7554","senior","N","B","腽","腽","腽","丿 𠃌 𠃍 一 一 一 丨 丨 丨 𠃍 一 一 丨","丿 𠃌 一 一 丨 𠃍 一 一 丨 𠃍 丨 丨 一"
"cnwstqi7555","senior","N","A","腨","腨","腨","","X"
"cnwstqi7556","senior","N","A","腯","腯","腯","","X"
"cnwstqi7557","senior","N","A","鲉","鲉","鲉","","X"
"cnwstqi7558","senior","N","B","鲊","鲊","鲊","X",""
"cnwstqi7559","senior","N","A","鲌","鲌","鲌","","X"
"cnwstqi7560","senior","N","B","䲟","䲟","䲟","X",""
"cnwstqi7561","senior","N","A","𬶋","𬶋","𬶋","","X"
"cnwstqi7562","senior","N","A","𬶍","𬶍","𬶍","","X"
"cnwstqi7563","senior","N","B","鲏","鲏","鲏","X",""
"cnwstqi7564","senior","N","B","雊","雊","雊","X",""
"cnwstqi7565","senior","N","B","猺","猺","猺","X",""
"cnwstqi7566","senior","N","B","飔","飔","飔","X",""
"cnwstqi7567","senior","N","A","觟","觟","觟","","X"
"cnwstqi7568","senior","N","B","𦝼","𦝼","𦝼","X",""
"cnwstqi7569","senior","N","B","馌","馌","馌","X",""
"cnwstqi7570","senior","N","A","裛","裛","裛","","X"
"cnwstqi7571","senior","N","B","廒","廒","廒","丶 一 一 一 一 丿 丿 丿 一 ㇏ 丨 𠃌 丿","丶 一 丿 一 一 丨 一 𠃌 丿 丿 一 丿 ㇏"
"cnwstqi7572","senior","N","A","瘀","瘀","瘀","丶 一 丿 丶 ㇀ 丶 一 𠃌 丿 丿 ㇏ 丶 丶","丶 一 丿 丶 丶 丿 丿 一 𠃌 ㇏ 丶 ㇀ 丶"
"cnwstqi7573","senior","N","B","瘅","瘅","瘅","丶 一 一 丨 丿 一 丶 丿 一 丶 ㇀ 丨 𠃍","丶 一 丿 丶 ㇀ 丶 丿 丨 𠃍 一 一 一 丨"
"cnwstqi7574","senior","N","B","鄘","鄘","鄘","X",""
"cnwstqi7575","senior","N","A","鹒","鹒","鹒","","X"
"cnwstqi7576","senior","N","A","鄜","鄜","鄜","","X"
"cnwstqi7577","senior","N","A","麀","麀","麀","","X"
"cnwstqi7578","senior","N","B","鄣","鄣","鄣","丶 一 一 一 丶 𠃍 一 丨 丿 一 丨 𠄎|㇌ 丨","丶 一 丶 丿 一 丨 𠃍 一 一 一 丨 𠄎|㇌ 丨"
"cnwstqi7579","senior","N","A","阘","阘","阘","","X"
"cnwstqi7580","senior","N","A","𫔶","𫔶","𫔶","","X"
"cnwstqi7581","senior","N","B","煁","煁","煁","X",""
"cnwstqi7582","senior","N","B","煃","煃","煃","X",""
"cnwstqi7583","senior","N","B","煴","煴","煴","X",""
"cnwstqi7584","senior","N","B","煋","煋","煋","X",""
"cnwstqi7585","senior","N","A","煟","煟","煟","","X"
"cnwstqi7586","senior","N","B","煓","煓","煓","X",""
"cnwstqi7587","senior","N","A","滠","滠","滠","丶 丶 ㇀ 一 丨 丨 一 一 一 ㇇|乛 丶 ㇇|乛 ㇏","丶 丶 丨 一 一 丨 ㇀ 一 一 丶 ㇇|乛 ㇏ ㇇|乛"
"cnwstqi7588","senior","N","B","溍","溍","溍","X",""
"cnwstqi7589","senior","N","A","溹","溹","溹","","X"
"cnwstqi7590","senior","N","B","滆","滆","滆","X",""
"cnwstqi7591","senior","N","A","滉","滉","滉","","X"
"cnwstqi7592","senior","N","B","溦","溦","溦","X",""
"cnwstqi7593","senior","N","B","溵","溵","溵","X",""
"cnwstqi7594","senior","N","B","漷","漷","漷","丶 丶 ㇀ 𠃍 一 ㇇|乛 丨 丶 一 ㇀ 丨 亅 𠄎|㇌","丶 丶 ㇀ 丶 一 丨 𠃍 一 ㇇|乛 亅 ㇀ 𠄎|㇌ 丨"
"cnwstqi7595","senior","N","B","滧","滧","滧","X",""
"cnwstqi7596","senior","N","A","滘","滘","滘","丶 丶 ㇀ ㇀ ㇇|乛 丿 丶 一 丨 一 丨 𠃍 一","丶 丶 ㇀ 丿 丨 丨 丶 𠃍 ㇀ 一 ㇇|乛 一 一"
"cnwstqi7597","senior","N","A","滍","滍","滍","","X"
"cnwstqi7598","senior","N","A","愭","愭","愭","","X"
"cnwstqi7599","senior","N","B","慥","慥","慥","X",""
"cnwstqi7600","senior","N","A","慆","慆","慆","","X"
"cnwstqi7601","senior","N","A","塱","塱","塱","丶 𠃍 一 一 𠄌 丶 丿 𠃌 一 一 一 丨 一","丶 𠃍 丶 一 丿 一 一 一 𠄌 𠃌 一 丨 一"
"cnwstqi7602","senior","N","B","𫌀","𫌀","𫌀","X",""
"cnwstqi7603","senior","N","B","裼","裼","裼","丶 ㇇|乛 一 丶 丨 𠃌 丨 丿 丿 丿 𠃍 丿 一","丶 ㇇|乛 丨 丿 丶 丨 𠃍 一 一 丿 𠃌 丿 丿"
"cnwstqi7604","senior","N","B","禋","禋","禋","X",""
"cnwstqi7605","senior","N","A","禔","禔","禔","","X"
"cnwstqi7606","senior","N","A","禘","禘","禘","","X"
"cnwstqi7607","senior","N","A","禒","禒","禒","","X"
"cnwstqi7608","senior","N","B","谫","谫","谫","丶 ㇊ 丨 一 亅 丨 𠃌 丿 丶 一 一 𠃌 丿","丶 ㇊ 丶 丿 一 丨 𠃌 一 一 丨 亅 𠃌 丿"
"cnwstqi7609","senior","N","A","鹔","鹔","鹔","","X"
"cnwstqi7610","senior","N","B","𫖳","𫖳","𫖳","X",""
"cnwstqi7611","senior","N","A","愍","愍","愍","𠃍 一 𠄌 一 ㇂|㇃ 丿 一 丿 ㇏ ㇀ ㇂|㇃ 丶 丶","𠃍 一 一 丶 丿 ㇏ 丶 𠄌 一 ㇀ ㇂|㇃ ㇂|㇃ 丿"
"cnwstqi7612","senior","N","A","嫄","嫄","嫄","","X"
"cnwstqi7613","senior","N","A","媱","媱","媱","","X"
"cnwstqi7614","senior","N","B","戤","戤","戤","𠄎|㇌ 丿 丨 丶 丨 丶 一 ㇇|乛 丨 𠃍 ㇂|㇃ ㇀ 丿","𠄎|㇌ 丿 ㇇|乛 丶 丨 𠃍 丨 丨 ㇀ 一 ㇂|㇃ 丿 丶"
"cnwstqi7615","senior","N","A","勠","勠","勠","𠃍 丶 ㇀ 𠃍 丶 ㇀ 丿 丶 丿 丿 丿 𠃌 丿","𠃍 丶 ㇀ 丶 𠃍 丿 𠃌 丶 丿 丿 丿 ㇀ 丿"
"cnwstqi7616","senior","N","B","戣","戣","戣","X",""
"cnwstqi7617","senior","N","B","𫘪","𫘪","𫘪","X",""
"cnwstqi7618","senior","N","A","𫘬","𫘬","𫘬","","X"
"cnwstqi7619","senior","N","A","缞","缞","缞","","X"
"cnwstqi7620","senior","N","B","耤","耤","耤","X",""
"cnwstqi7621","senior","N","A","瑧","瑧","瑧","","X"
"cnwstqi7622","senior","N","A","𫞩","𫞩","𫞩","","X"
"cnwstqi7623","senior","N","A","瑨","瑨","瑨","","X"
"cnwstqi7624","senior","N","B","瑱","瑱","瑱","X",""
"cnwstqi7625","senior","N","A","瑷","瑷","瑷","一 一 丨 ㇀ 丿 丶 丶 丿 ㇀ ㇇|乛 一 丿 ㇇|乛 ㇏","一 一 ㇏ 丶 ㇇|乛 丿 ㇇|乛 丶 丿 丨 ㇀ 一 ㇀ 丿"
"cnwstqi7626","senior","N","A","瑢","瑢","瑢","","X"
"cnwstqi7627","senior","N","B","斠","斠","斠","X",""
"cnwstqi7628","senior","N","A","摏","摏","摏","","X"
"cnwstqi7629","senior","N","A","墕","墕","墕","","X"
"cnwstqi7630","senior","N","A","墈","墈","墈","","X"
"cnwstqi7631","senior","N","A","墐","墐","墐","","X"
"cnwstqi7632","senior","N","A","墘","墘","墘","","X"
"cnwstqi7633","senior","N","A","摴","摴","摴","","X"
"cnwstqi7634","senior","N","A","銎","銎","銎","一 丨 ㇀ 丿 ⺄ 丶 丿 ㇏ 一 一 丨 丶 丿 一","一 丨 一 一 ㇀ 丶 ㇏ 一 丨 丿 ⺄ 丿 丶 丿"
"cnwstqi7635","senior","N","A","𡐓","𡐓","𡐓","","X"
"cnwstqi7636","senior","N","A","墚","墚","墚","一 丨 ㇀ 丶 丶 ㇀ 𠃌 丿 ㇀ 丶 一 丨 丿 ㇏","一 丨 丶 ㇀ 丶 𠃌 丨 ㇏ 丿 丶 丿 ㇀ ㇀ 一"
"cnwstqi7637","senior","N","B","撖","撖","撖","一 亅 ㇀ ㇏ 丨 一 丿 丨 一 一 ㇀ 丿 一 ㇇|乛","一 亅 ㇀ ㇇|乛 一 丨 丨 一 一 ㇀ 丿 一 丿 ㇏"
"cnwstqi7638","senior","N","A","𪤗","𪤗","𪤗","","X"
"cnwstqi7639","senior","N","A","靽","靽","靽","","X"
"cnwstqi7640","senior","N","A","鞁","鞁","鞁","","X"
"cnwstqi7641","senior","N","B","蔌","蔌","蔌","一 丨 丨 丿 丨 ㇏ 𠃍 丨 一 ㇇|乛 丶 丿 一 丿","一 丨 丨 一 丨 𠃍 一 丨 丿 丶 丿 ㇇|乛 丿 ㇏"
"cnwstqi7642","senior","N","A","蔈","蔈","蔈","","X"
"cnwstqi7643","senior","N","A","蓰","蓰","蓰","一 丨 丨 丿 丿 丨 丨 一 丨 一 丨 一 丿 ㇏","一 丨 ㇏ 一 丿 丨 丿 丿 一 丨 丨 丨 丨 一"
"cnwstqi7644","senior","N","A","蔹","蔹","蔹","一 丨 丨 丿 ㇏ 一 丶 丶 丿 ㇀ 丿 一 丿 ㇏","一 丨 丶 丨 丿 ㇏ 丿 ㇀ 丶 丿 ㇏ 一 丿 一"
"cnwstqi7645","senior","N","A","蔊","蔊","蔊","","X"
"cnwstqi7646","senior","N","B","嘏","嘏","嘏","一 丨 𠃍 一 𠃍 一 丨 一 ㇇|乛 𠃍 一 一 ㇏ 丨","一 丨 丨 𠃍 一 𠃍 一 丨 一 一 𠃍 一 ㇇|乛 ㇏"
"cnwstqi7647","senior","N","A","榰","榰","榰","","X"
"cnwstqi7648","senior","N","A","榑","榑","榑","","X"
"cnwstqi7649","senior","N","A","槚","槚","槚","","X"
"cnwstqi7650","senior","N","A","𣗋","𣗋","𣗋","","X"
"cnwstqi7651","senior","N","A","槜","槜","槜","","X"
"cnwstqi7652","senior","N","A","榍","榍","榍","一 丨 丿 丶 𠃍 一 丿 丨 丶 丿 丨 𠃌 一 一","一 丨 𠃍 丿 一 𠃌 一 丶 一 丶 丿 丨 丨 丿"
"cnwstqi7653","senior","N","B","疐","疐","疐","X",""
"cnwstqi7654","senior","N","B","𬸘","𬸘","𬸘","X",""
"cnwstqi7655","senior","N","A","酺","酺","酺","","X"
"cnwstqi7656","senior","N","A","酾","酾","酾","一 丨 𠃍 丿 ㇄ 一 一 一 丨 𠃌 丶 丨 𠃌 丶","一 丨 一 丶 一 𠃍 ㇄ 丿 丨 𠃌 丶 𠃌 一 丨"
"cnwstqi7657","senior","N","A","酲","酲","酲","一 丨 𠃍 丿 ㇄ 一 一 丨 𠃍 一 一 一 丨 一","一 丨 𠃍 ㇄ 丨 丨 一 一 一 𠃍 一 丿 一 一"
"cnwstqi7658","senior","N","A","酴","酴","酴","一 丨 𠃍 丿 ㇄ 一 一 丿 ㇏ 一 一 亅 丿 丶","一 丨 丿 𠃍 丶 丿 丿 ㇏ 一 一 亅 ㇄ 一 一"
"cnwstqi7659","senior","N","A","碶","碶","碶","","X"
"cnwstqi7660","senior","N","A","䃎","䃎","䃎","","X"
"cnwstqi7661","senior","N","A","𬒗","𬒗","𬒗","","X"
"cnwstqi7662","senior","N","B","碨","碨","碨","X",""
"cnwstqi7663","senior","N","A","𥔲","𥔲","𥔲","","X"
"cnwstqi7664","senior","N","A","碹","碹","碹","一 丿 丨 𠃍 一 丶 ㇀ ㇇|乛 一 丨 𠃍 一 一 一","一 丿 一 丶 ㇇|乛 𠃍 一 丨 一 𠃍 一 一 ㇀ 丨"
"cnwstqi7665","senior","N","A","碥","碥","碥","一 丿 丨 𠃍 一 丶 𠃍 一 丿 丨 𠃌 一 丨 丨","一 丿 丨 𠃌 丨 一 一 丿 𠃍 𠃍 丶 丨 丨 一"
"cnwstqi7666","senior","N","A","劂","劂","劂","一 丿 丶 丿 一 ㇄ 丨 丿 丿 ㇇|乛 丿 丶 丨 亅","一 丿 丿 丿 丿 丶 ㇄ ㇇|乛 一 丨 亅 丶 丿 丨"
"cnwstqi7667","senior","N","A","𫚖","𫚖","𫚖","","X"
"cnwstqi7668","senior","N","B","䴗","䴗","䴗","X",""
"cnwstqi7669","senior","N","B","夥","夥","夥","丨 𠃍 一 ㇇|乛 丶 丶 丿 一 丿 一 丨 丶 ㇇|乛 丿","丨 𠃍 一 一 一 丨 丿 丶 丿 ㇇|乛 丶 丿 ㇇|乛 丶"
"cnwstqi7670","senior","N","B","瞍","瞍","瞍","丨 𠃍 ㇇|乛 𠃍 一 一 一 丿 丨 ㇏ 丨 一 一 一","丨 𠃍 一 一 一 丿 丨 一 𠃍 一 一 丨 ㇇|乛 ㇏"
"cnwstqi7671","senior","N","A","鹖","鹖","鹖","","X"
"cnwstqi7672","senior","N","A","㬎","㬎","㬎","","X"
"cnwstqi7673","senior","N","B","跽","跽","跽","丨 𠃍 乚 𠃍 ㇀ 丨 丨 丶 丶 一 一 一 ㇂|㇃ ㇀","丨 𠃍 一 丨 一 丨 ㇀ 𠃍 一 乚 ㇀ ㇂|㇃ 丶 丶"
"cnwstqi7674","senior","N","A","蜾","蜾","蜾","丨 𠃍 一 丨 一 丶 丨 𠃍 一 一 一 丨 丿 ㇏","丨 𠃍 丨 一 丶 丿 丨 丨 ㇏ 𠃍 一 一 一 一"
"cnwstqi7675","senior","N","B","幖","幖","幖","X",""
"cnwstqi7676","senior","N","A","嶍","嶍","嶍","","X"
"cnwstqi7677","senior","N","B","圙","圙","圙","X",""
"cnwstqi7678","senior","N","A","𨱏","𨱏","𨱏","","X"
"cnwstqi7679","senior","N","A","锺","锺","锺","丿 一 一 一 𠄌 丿 一 丨 𠃍 一 一 一 丨 一","丿 一 一 丨 丨 𠃍 一 一 一 一 一 𠄌 一 丿"
"cnwstqi7680","senior","N","A","锼","锼","锼","丿 一 一 一 𠄌 丿 丨 一 𠃍 一 一 丨 ㇇|乛 ㇏","丿 一 ㇏ 丨 一 一 丨 一 一 丿 ㇇|乛 𠄌 一 𠃍"
"cnwstqi7681","senior","N","A","锽","锽","锽","","X"
"cnwstqi7682","senior","N","B","𬭤","𬭤","𬭤","X",""
"cnwstqi7683","senior","N","B","锾","锾","锾","丿 一 一 丿 丿 𠄌 一 一 丿 丶 一 丶 ㇇|乛 ㇏","丿 一 一 一 𠄌 丿 丶 丶 丿 一 一 丿 ㇇|乛 ㇏"
"cnwstqi7684","senior","N","B","锿","锿","锿","丿 一 一 一 丿 ㇏ 丶 一 一 丨 𠄌 𠄌 𠃍 丿","丿 一 一 一 𠄌 丶 一 丨 𠃍 一 丿 𠄌 丿 ㇏"
"cnwstqi7685","senior","N","A","镃","镃","镃","","X"
"cnwstqi7686","senior","N","B","镄","镄","镄","丿 一 丶 𠃍 𠄌 一 丨 丨 一 丿 ㇉ 𠃍 丿 一","丿 一 一 一 𠄌 𠃍 一 ㇉ 丿 丨 丨 𠃍 丿 丶"
"cnwstqi7687","senior","N","B","镅","镅","镅","丿 一 𠄌 丨 一 丿 一 𠃍 一 𠃍 一 丨 一 一","丿 一 一 一 𠄌 𠃍 丨 一 丿 丨 𠃍 一 一 一"
"cnwstqi7688","senior","N","A","馝","馝","馝","","X"
"cnwstqi7689","senior","N","A","鹙","鹙","鹙","","X"
"cnwstqi7690","senior","N","A","箨","箨","箨","丿 一 丶 丿 一 丶 一 亅 ㇀ ㇇|乛 ㇏ 一 一 丨","丿 一 ㇏ 一 丿 ㇀ 丶 丶 一 丨 ㇇|乛 一 一 亅"
"cnwstqi7691","senior","N","B","箖","箖","箖","X",""
"cnwstqi7692","senior","N","A","劄","劄","劄","","X"
"cnwstqi7693","senior","N","B","僬","僬","僬","丿 丨 ㇀ 丨 一 一 丶 一 丿 丨 一 丶 丶 丶","丿 丨 丿 丨 丶 一 一 一 丨 一 ㇀ 丶 丶 丶"
"cnwstqi7694","senior","N","B","僦","僦","僦","丿 丨 丿 丿 亅 丶 丨 丶 一 一 丶 𠃍 一 乚","丿 丨 丶 一 丨 𠃍 一 亅 丿 丶 一 丿 乚 丶"
"cnwstqi7695","senior","N","B","僔","僔","僔","X",""
"cnwstqi7696","senior","N","B","僎","僎","僎","X",""
"cnwstqi7697","senior","N","B","槃","槃","槃","丿 丿 ㇏ 丿 丿 ㇅|㇍ ㇇|乛 丶 丶 𠃌 一 一 丶 丨","丿 丿 𠃌 丶 一 丶 丿 ㇅|㇍ ㇇|乛 丶 一 丨 丿 ㇏"
"cnwstqi7698","senior","N","B","㙦","㙦","㙦","X",""
"cnwstqi7699","senior","N","B","鲒","鲒","鲒","丿 ㇇|乛 ㇀ 丨 一 𠃍 一 丨 𠃍 丨 一 一 丨 一","丿 ㇇|乛 丨 𠃍 一 丨 一 ㇀ 一 丨 一 丨 𠃍 一"
"cnwstqi7700","senior","N","B","鲕","鲕","鲕","丿 ㇇|乛 𠃌 𠃍 一 丨 丨 丨 丿 丨 ㇀ 一 丨 一","丿 ㇇|乛 丨 𠃍 一 丨 一 ㇀ 一 丿 丨 𠃌 丨 丨"
"cnwstqi7701","senior","N","B","𫚕","𫚕","𫚕","X",""
"cnwstqi7702","senior","N","A","鲖","鲖","鲖","","X"
"cnwstqi7703","senior","N","B","鲗","鲗","鲗","X",""
"cnwstqi7704","senior","N","B","鲘","鲘","鲘","X",""
"cnwstqi7705","senior","N","A","鲙","鲙","鲙","","X"
"cnwstqi7706","senior","N","A","𬶐","𬶐","𬶐","","X"
"cnwstqi7707","senior","N","A","𬶏","𬶏","𬶏","","X"
"cnwstqi7708","senior","N","A","𩽾","𩽾","𩽾","","X"
"cnwstqi7709","senior","N","A","夐","夐","夐","","X"
"cnwstqi7710","senior","N","B","獍","獍","獍","丿 ㇁ 乚 丿 一 一 丿 丨 丶 丿 𠃍 一 丶 一","丿 ㇁ 丿 丶 一 丶 丿 一 丨 𠃍 一 一 丿 乚"
"cnwstqi7711","senior","N","B","飗","飗","飗","X",""
"cnwstqi7712","senior","N","A","𬸚","𬸚","𬸚","","X"
"cnwstqi7713","senior","N","B","凘","凘","凘","X",""
"cnwstqi7714","senior","N","B","廑","廑","廑","丶 一 丿 一 一 丨 丨 一 丨 一 一 丨 𠃍 一","丶 一 丿 一 丨 丨 一 丨 𠃍 一 一 一 丨 一"
"cnwstqi7715","senior","N","A","廙","廙","廙","","X"
"cnwstqi7716","senior","N","A","瘗","瘗","瘗","丶 一 丿 丶 ㇀ 一 丶 丿 一 丿 ㇏ 一 丨 一","丶 一 丿 丶 丶 丨 丿 一 ㇀ ㇏ 一 丿 一 一"
"cnwstqi7717","senior","N","B","瘥","瘥","瘥","丶 一 一 一 丶 一 丿 丨 ㇀ 一 丿 丿 丶 一","丶 一 丿 丶 ㇀ 丶 丿 一 一 一 丿 一 丨 一"
"cnwstqi7718","senior","N","B","瘕","瘕","瘕","丶 一 ㇀ 一 一 一 𠃍 一 ㇏ ㇇|乛 𠃍 丿 丶 丨","丶 一 丿 丶 ㇀ 𠃍 一 丨 一 一 𠃍 一 ㇇|乛 ㇏"
"cnwstqi7719","senior","N","A","鲝","鲝","鲝","","X"
"cnwstqi7720","senior","N","B","鄫","鄫","鄫","X",""
"cnwstqi7721","senior","N","B","熇","熇","熇","X",""
"cnwstqi7722","senior","N","B","漹","漹","漹","X",""
"cnwstqi7723","senior","N","A","漖","漖","漖","丶 丶 ㇀ 一 丨 一 丿 ㇇|乛 亅 ㇀ 丿 一 丿 ㇏","丶 丶 ㇀ 丿 一 丿 一 一 丨 丿 ㇇|乛 亅 ㇏ ㇀"
"cnwstqi7724","senior","N","B","潆","潆","潆","丶 丶 丶 丿 亅 ㇀ 𠃋 一 丨 𠃋 丶 丨 ㇀ ㇇|乛","丶 丶 ㇀ 一 丨 丨 ㇀ ㇇|乛 𠃋 𠃋 丶 亅 丿 丶"
"cnwstqi7725","senior","N","B","漤","漤","漤","丶 丶 丿 丿 丨 丶 丨 一 ㇀ 丿 ㇏ 一 一 𡿨","丶 丶 ㇀ 一 丨 丿 丶 一 丨 丿 ㇏ 𡿨 丿 一"
"cnwstqi7726","senior","N","B","潩","潩","潩","X",""
"cnwstqi7727","senior","N","B","漼","漼","漼","X",""
"cnwstqi7728","senior","N","B","漴","漴","漴","X",""
"cnwstqi7729","senior","N","A","㽏","㽏","㽏","","X"
"cnwstqi7730","senior","N","B","漈","漈","漈","丶 丶 ㇀ 丶 ㇏ 丿 一 丶 一 亅 丿 丶 ㇇|乛 ㇇|乛","丶 丶 ㇀ 丿 ㇇|乛 丶 丶 ㇇|乛 ㇏ 一 一 亅 丿 丶"
"cnwstqi7731","senior","N","B","漋","漋","漋","X",""
"cnwstqi7732","senior","N","A","漻","漻","漻","","X"
"cnwstqi7733","senior","N","B","慬","慬","慬","X",""
"cnwstqi7734","senior","N","A","窬","窬","窬","丶 ㇀ ㇇|乛 丿 丶 丿 ㇏ 一 丨 𠃌 一 一 丨 亅","丶 ㇀ 一 ㇏ 𠃌 丿 丨 一 亅 丨 ㇇|乛 丶 丿 一"
"cnwstqi7735","senior","N","B","窭","窭","窭","丶 ㇀ ㇏ 丿 一 丶 丿 𡿨 丿 一 丨 丶 丿 ㇇|乛","丶 ㇀ ㇇|乛 丿 丶 丶 丿 一 丨 丿 ㇏ 𡿨 丿 一"
"cnwstqi7736","senior","N","A","㮾","㮾","㮾","","X"
"cnwstqi7737","senior","N","B","𬤝","𬤝","𬤝","X",""
"cnwstqi7738","senior","N","A","褕","褕","褕","","X"
"cnwstqi7739","senior","N","A","禛","禛","禛","","X"
"cnwstqi7740","senior","N","A","禚","禚","禚","丶 ㇇|乛 丨 丶 丶 丿 一 一 丨 一 ㇀ 丶 丶 丶","丶 ㇇|乛 丶 丿 丶 一 ㇀ 丨 一 丶 丶 丶 丨 一"
"cnwstqi7741","senior","N","A","隩","隩","隩","","X"
"cnwstqi7742","senior","N","B","嫕","嫕","嫕","X",""
"cnwstqi7743","senior","N","A","嫭","嫭","嫭","","X"
"cnwstqi7744","senior","N","A","嫜","嫜","嫜","𡿨 丿 一 丶 一 丶 丿 一 丨 𠃍 一 一 一 丨","𡿨 丿 丿 一 一 一 丶 一 𠃍 丶 一 一 丨 丨"
"cnwstqi7745","senior","N","B","嫪","嫪","嫪","X",""
"cnwstqi7746","senior","N","A","𬙂","𬙂","𬙂","","X"
"cnwstqi7747","senior","N","A","㻬","㻬","㻬","","X"
"cnwstqi7748","senior","N","A","麹","麹","麹","","X"
"cnwstqi7749","senior","N","B","璆","璆","璆","X",""
"cnwstqi7750","senior","N","B","漦","漦","漦","X",""
"cnwstqi7751","senior","N","B","叇","叇","叇","X",""
"cnwstqi7752","senior","N","B","墣","墣","墣","X",""
"cnwstqi7753","senior","N","A","墦","墦","墦","","X"
"cnwstqi7754","senior","N","B","墡","墡","墡","X",""
"cnwstqi7755","senior","N","B","劐","劐","劐","一 丨 丶 丶 ㇇|乛 丨 丨 丨 一 一 一 一 丿 亅 丨","一 丨 丨 丿 丨 丶 一 一 一 丨 一 ㇇|乛 丶 丨 亅"
"cnwstqi7756","senior","N","B","薁","薁","薁","X",""
"cnwstqi7757","senior","N","A","蕰","蕰","蕰","","X"
"cnwstqi7758","senior","N","B","蔃","蔃","蔃","X",""
"cnwstqi7759","senior","N","B","鼒","鼒","鼒","X",""
"cnwstqi7760","senior","N","B","槱","槱","槱","X",""
"cnwstqi7761","senior","N","A","鹝","鹝","鹝","","X"
"cnwstqi7762","senior","N","B","磏","磏","磏","X",""
"cnwstqi7763","senior","N","A","磉","磉","磉","一 丿 丨 𠃍 一 ㇇|乛 丶 ㇇|乛 丶 ㇇|乛 丶 一 丨 丿 ㇏","一 丿 一 丿 丶 𠃍 丶 ㇇|乛 ㇇|乛 ㇇|乛 丶 丨 一 ㇏ 丨"
"cnwstqi7764","senior","N","B","殣","殣","殣","X",""
"cnwstqi7765","senior","N","A","慭","慭","慭","","X"
"cnwstqi7766","senior","N","B","霅","霅","霅","X",""
"cnwstqi7767","senior","N","B","暵","暵","暵","X",""
"cnwstqi7768","senior","N","B","暲","暲","暲","X",""
"cnwstqi7769","senior","N","A","暶","暶","暶","","X"
"cnwstqi7770","senior","N","B","踦","踦","踦","X",""
"cnwstqi7771","senior","N","A","踣","踣","踣","丨 𠃍 一 丨 一 丨 ㇀ 丶 一 丶 丿 一 丨 𠃍 一","丨 𠃍 丶 丶 丨 一 𠃍 丿 丨 丨 一 一 一 ㇀ 一"
"cnwstqi7772","senior","N","B","䗖","䗖","䗖","X",""
"cnwstqi7773","senior","N","B","蝘","蝘","蝘","X",""
"cnwstqi7774","senior","N","A","蝲","蝲","蝲","","X"
"cnwstqi7775","senior","N","B","蝤","蝤","蝤","丨 𠃍 丿 一 丶 一 丿 丨 丶 一 𠃍 ㇄ 丨 一 一","丨 𠃍 一 丨 一 丶 丶 丿 一 丨 𠃍 丿 ㇄ 一 一"
"cnwstqi7776","senior","N","B","噇","噇","噇","X",""
"cnwstqi7777","senior","N","B","噂","噂","噂","X",""
"cnwstqi7778","senior","N","A","噀","噀","噀","","X"
"cnwstqi7779","senior","N","B","罶","罶","罶","X",""
"cnwstqi7780","senior","N","A","嶲","嶲","嶲","","X"
"cnwstqi7781","senior","N","B","嶓","嶓","嶓","X",""
"cnwstqi7782","senior","N","B","㠇","㠇","㠇","X",""
"cnwstqi7783","senior","N","B","嶟","嶟","嶟","X",""
"cnwstqi7784","senior","N","A","嶒","嶒","嶒","","X"
"cnwstqi7785","senior","N","A","镆","镆","镆","丿 一 一 一 𠄌 一 丨 丨 丨 𠃍 一 一 一 丿 ㇏","丿 一 丨 一 一 丿 𠃍 丨 一 一 一 ㇏ 丨 𠄌 一"
"cnwstqi7786","senior","N","A","镈","镈","镈","","X"
"cnwstqi7787","senior","N","A","镋","镋","镋","","X"
"cnwstqi7788","senior","N","B","镎","镎","镎","丿 一 一 丿 𠃍 一 一 丿 亅 一 ㇏ 一 丨 一 𠄌","丿 一 一 一 𠄌 丿 ㇏ 一 丨 𠃍 一 丿 一 一 亅"
"cnwstqi7789","senior","N","B","𬭩","𬭩","𬭩","X",""
"cnwstqi7790","senior","N","A","镕","镕","镕","丿 一 一 一 𠄌 丶 ㇀ ㇇|乛 丿 丶 丿 ㇏ 丨 𠃍 一","丿 一 ㇇|乛 一 丨 丶 丿 丿 ㇏ 一 一 𠄌 ㇀ 丶 𠃍"
"cnwstqi7791","senior","N","B","稹","稹","稹","丿 一 一 丨 一 丨 丨 𠃍 丶 一 丿 一 丿 一 丶","丿 一 丨 丿 丶 一 丨 丨 𠃍 一 一 一 一 丿 丶"
"cnwstqi7792","senior","N","B","儇","儇","儇","丿 丨 丿 一 ㇏ 丨 丨 丿 𠃍 𠄌 一 丨 𠃍 一 丨","丿 丨 丨 𠃍 丨 丨 一 一 丨 𠃍 一 丿 𠄌 丿 ㇏"
"cnwstqi7793","senior","N","B","皞","皞","皞","X",""
"cnwstqi7794","senior","N","B","皛","皛","皛","X",""
"cnwstqi7795","senior","N","A","䴘","䴘","䴘","","X"
"cnwstqi7796","senior","N","A","艎","艎","艎","","X"
"cnwstqi7797","senior","N","B","艏","艏","艏","丿 丿 一 丿 丶 丨 一 一 丶 丿 𠃍 𠃌 一 一 丶","丿 丿 𠃌 丶 一 丶 丶 丿 一 丿 丨 𠃍 一 一 一"
"cnwstqi7798","senior","N","B","鹟","鹟","鹟","X",""
"cnwstqi7799","senior","N","A","𩾃","𩾃","𩾃","","X"
"cnwstqi7800","senior","N","A","鲦","鲦","鲦","丿 ㇇|乛 丨 𠃍 一 丨 一 ㇀ 丿 ㇇|乛 ㇏ 一 亅 丿 丶","丿 ㇇|乛 丶 一 亅 ㇇|乛 一 丨 丿 𠃍 丨 丿 ㇀ 一 ㇏"
"cnwstqi7801","senior","N","A","鲪","鲪","鲪","","X"
"cnwstqi7802","senior","N","A","鲬","鲬","鲬","","X"
"cnwstqi7803","senior","N","A","橥","橥","橥","丿 ㇁ 丿 一 丨 一 丿 丨 𠃍 一 一 一 丨 丿 ㇏","丿 ㇁ 一 一 丿 一 ㇏ 一 一 丿 丨 𠃍 丨 丨 丿"
"cnwstqi7804","senior","N","A","觭","觭","觭","","X"
"cnwstqi7805","senior","N","B","鹠","鹠","鹠","X",""
"cnwstqi7806","senior","N","A","鹡","鹡","鹡","","X"
"cnwstqi7807","senior","N","B","糇","糇","糇","丶 丿 ㇏ 丿 𠃍 丨 一 一 丨 一 丶 丿 一 丿 丿","丶 丿 一 丨 丿 丶 丿 丨 𠃍 一 丿 一 一 丿 ㇏"
"cnwstqi7808","senior","N","B","糈","糈","糈","丶 丿 一 一 一 丨 ㇇|乛 丨 ㇏ 𠃌 丨 丿 一 丿 丶","丶 丿 一 丨 丿 丶 ㇇|乛 丨 一 丿 ㇏ 丨 𠃌 一 一"
"cnwstqi7809","senior","N","A","翦","翦","翦","丶 丿 一 丨 𠃌 一 一 丨 亅 𠃌 丶 ㇀ 𠃌 丶 ㇀","丶 丿 𠃌 丶 ㇀ 亅 一 丶 一 𠃌 ㇀ 丨 丨 𠃌 一"
"cnwstqi7810","senior","N","B","鹢","鹢","鹢","X",""
"cnwstqi7811","senior","N","A","鹣","鹣","鹣","丶 丿 一 𠃍 一 一 丨 丨 丿 丶 丿 𠃌 丶 ㇉ 一","丶 丿 丿 𠃍 丶 一 一 丨 丿 𠃌 ㇉ 一 一 丨 丶"
"cnwstqi7812","senior","N","A","熛","熛","熛","","X"
"cnwstqi7813","senior","N","A","潖","潖","潖","","X"
"cnwstqi7814","senior","N","B","潵","潵","潵","X",""
"cnwstqi7815","senior","N","B","㵐","㵐","㵐","X",""
"cnwstqi7816","senior","N","B","澂","澂","澂","丶 丶 一 ㇀ 丨 一 一 丿 丨 丿 ㇏ 丨 一 ㇄ 一","丶 丶 ㇀ 丨 ㇄ 丨 一 一 一 丨 一 丿 一 丿 ㇏"
"cnwstqi7817","senior","N","A","澛","澛","澛","","X"
"cnwstqi7818","senior","N","A","瑬","瑬","瑬","","X"
"cnwstqi7819","senior","N","A","潽","潽","潽","","X"
"cnwstqi7820","senior","N","B","潾","潾","潾","X",""
"cnwstqi7821","senior","N","A","潏","潏","潏","","X"
"cnwstqi7822","senior","N","B","憭","憭","憭","X",""
"cnwstqi7823","senior","N","B","憕","憕","憕","X",""
"cnwstqi7824","senior","N","A","𬸣","𬸣","𬸣","","X"
"cnwstqi7825","senior","N","B","戭","戭","戭","X",""
"cnwstqi7826","senior","N","A","褯","褯","褯","","X"
"cnwstqi7827","senior","N","A","禤","禤","禤","丶 ㇇|乛 丨 丶 丨 𠃍 丨 丨 一 𠃌 丶 ㇀ 𠃌 丶 ㇀","丶 ㇇|乛 丶 ㇀ 丨 𠃍 𠃌 丨 𠃌 ㇀ 丶 一 丶 丨 丨"
"cnwstqi7828","senior","N","B","𫍽","𫍽","𫍽","X",""
"cnwstqi7829","senior","N","B","嫽","嫽","嫽","X",""
"cnwstqi7830","senior","N","B","遹","遹","遹","X",""
"cnwstqi7831","senior","N","A","𬴊","𬴊","𬴊","","X"
"cnwstqi7832","senior","N","B","璥","璥","璥","X",""
"cnwstqi7833","senior","N","A","璲","璲","璲","","X"
"cnwstqi7834","senior","N","B","璒","璒","璒","X",""
"cnwstqi7835","senior","N","B","憙","憙","憙","X",""
"cnwstqi7836","senior","N","A","擐","擐","擐","一 亅 ㇀ 丨 𠃍 丨 丨 一 一 丨 𠃍 一 丿 𠄌 丿 ㇏","一 亅 𠄌 ㇀ 一 一 丨 一 丿 丨 𠃍 丿 𠃍 ㇏ 丨 丨"
"cnwstqi7837","senior","N","A","鄹","鄹","鄹","一 丨 丨 一 一 ㇀ ㇇|乛 丶 丿 丨 丿 丿 丿 丶 𠄎|㇌ 丨","一 丨 丿 𠄎|㇌ 丿 丨 丶 丨 丿 丿 一 一 ㇀ 丨 ㇇|乛 丶"
"cnwstqi7838","senior","N","A","薳","薳","薳","","X"
"cnwstqi7839","senior","N","B","鞔","鞔","鞔","一 丨 ㇇|乛 丨 丿 一 丨 一 丨 一 丨 乚 𠃍 丿 𠃍 一","一 丨 丨 一 丨 𠃍 一 一 丨 丿 ㇇|乛 丨 𠃍 一 丿 乚"
"cnwstqi7840","senior","N","A","黇","黇","黇","","X"
"cnwstqi7841","senior","N","B","𬞟","𬞟","𬞟","X",""
"cnwstqi7842","senior","N","A","蕗","蕗","蕗","一 丨 丨 丨 𠃍 一 丨 一 丨 ㇀ 丿 ㇇|乛 ㇏ 丨 𠃍 一","一 丨 丨 丨 丨 𠃍 一 丨 丿 ㇏ ㇇|乛 丨 一 ㇀ 一 𠃍"
"cnwstqi7843","senior","N","B","薢","薢","薢","X",""
"cnwstqi7844","senior","N","B","蕹","蕹","蕹","一 丨 一 一 丶 丨 𠃋 一 𠃋 丿 丨 一 丨 丿 一 丶","一 丨 丨 丶 一 𠃋 𠃋 丿 丿 丨 丶 一 一 一 丨 一"
"cnwstqi7845","senior","N","A","橞","橞","橞","","X"
"cnwstqi7846","senior","N","A","橑","橑","橑","","X"
"cnwstqi7847","senior","N","A","橦","橦","橦","","X"
"cnwstqi7848","senior","N","A","醑","醑","醑","一 丨 𠃍 丿 ㇄ 一 一 ㇇|乛 丨 一 丿 ㇏ 丨 𠃌 一 一","一 丨 丨 丿 ㇄ 丨 一 𠃍 一 𠃌 ㇇|乛 一 一 ㇏ 一 丿"
"cnwstqi7849","senior","N","A","觱","觱","觱","","X"
"cnwstqi7850","senior","N","B","磡","磡","磡","一 丿 一 一 一 一 𠃌 丨 丿 𠃍 丶 ㇄ 丨 一 丨 丿","一 丿 丨 𠃍 一 一 丨 丨 一 一 一 丿 丶 ㇄ 𠃌 丿"
"cnwstqi7851","senior","N","B","𥕢","𥕢","𥕢","X",""
"cnwstqi7852","senior","N","A","磜","磜","磜","","X"
"cnwstqi7853","senior","N","B","豮","豮","豮","X",""
"cnwstqi7854","senior","N","A","𫟦","𫟦","𫟦","","X"
"cnwstqi7855","senior","N","B","𬺈","𬺈","𬺈","X",""
"cnwstqi7856","senior","N","B","𫠜","𫠜","𫠜","X",""
"cnwstqi7857","senior","N","A","鹾","鹾","鹾","丨 一 丨 𠃍 丿 丶 一 丶 丿 一 一 一 丿 一 丨 一","丨 一 丿 𠃍 一 一 丿 丿 一 丨 一 丶 丶 一 丨 一"
"cnwstqi7858","senior","N","B","虤","虤","虤","X",""
"cnwstqi7859","senior","N","B","暿","暿","暿","X",""
"cnwstqi7860","senior","N","B","曌","曌","曌","丨 𠃍 丶 丿 丨 一 ㇀ 𠃌 一 一 一 丿 丶 ㇇|乛 一 一","丨 𠃍 一 一 丿 𠃌 一 一 丶 ㇀ ㇇|乛 丿 丶 一 丨 一"
"cnwstqi7861","senior","N","A","曈","曈","曈","丨 𠃍 一 一 丶 一 丶 丿 一 丨 𠃍 一 一 丨 一 一","丨 𠃍 一 一 丿 丶 丨 一 丶 一 𠃍 一 一 丨 一 一"
"cnwstqi7862","senior","N","B","㬚","㬚","㬚","X",""
"cnwstqi7863","senior","N","A","蹅","蹅","蹅","","X"
"cnwstqi7864","senior","N","B","踶","踶","踶","X",""
"cnwstqi7865","senior","N","A","䗛","䗛","䗛","","X"
"cnwstqi7866","senior","N","A","螗","螗","螗","丨 𠃍 一 丨 一 丶 丶 一 丿 𠃍 一 一 丨 丨 𠃍 一","丨 𠃍 丨 丨 一 一 𠃍 丶 丿 𠃍 一 丨 一 一 一 丶"
"cnwstqi7867","senior","N","B","疁","疁","疁","X",""
"cnwstqi7868","senior","N","B","㠓","㠓","㠓","X",""
"cnwstqi7869","senior","N","A","幪","幪","幪","","X"
"cnwstqi7870","senior","N","A","𪩘","𪩘","𪩘","","X"
"cnwstqi7871","senior","N","A","嶦","嶦","嶦","","X"
"cnwstqi7872","senior","N","B","𬭬","𬭬","𬭬","X",""
"cnwstqi7873","senior","N","A","𨱑","𨱑","𨱑","","X"
"cnwstqi7874","senior","N","B","𬭯","𬭯","𬭯","X",""
"cnwstqi7875","senior","N","B","馞","馞","馞","X",""
"cnwstqi7876","senior","N","A","穄","穄","穄","","X"
"cnwstqi7877","senior","N","B","篚","篚","篚","丿 一 一 丨 ㇄ 一 丶 一 一 一 一 一 丿 丶 丨 一","丿 一 丶 丿 一 丶 一 丨 一 一 一 丨 一 一 一 ㇄"
"cnwstqi7878","senior","N","B","篯","篯","篯","X",""
"cnwstqi7879","senior","N","A","簉","簉","簉","","X"
"cnwstqi7880","senior","N","A","鼽","鼽","鼽","丿 丨 𠃍 一 一 一 丨 𠃍 一 丨 一 一 丿 丨 丿 ⺄","丿 丨 一 𠃍 ⺄ 丨 丿 一 𠃍 丨 一 一 一 丨 丿 一"
"cnwstqi7881","senior","N","A","衠","衠","衠","","X"
"cnwstqi7882","senior","N","A","盦","盦","盦","","X"
"cnwstqi7883","senior","N","A","螣","螣","螣","","X"
"cnwstqi7884","senior","N","A","縢","縢","縢","","X"
"cnwstqi7885","senior","N","B","鲭","鲭","鲭","丿 ㇇|乛 丨 𠃌 丨 ㇀ 一 一 丨 𠃍 一 一 丨 一 一 一","丿 ㇇|乛 丨 𠃍 一 丨 一 ㇀ 一 一 丨 一 丨 𠃌 一 一"
"cnwstqi7886","senior","N","B","鲯","鲯","鲯","X",""
"cnwstqi7887","senior","N","A","鲰","鲰","鲰","丿 ㇇|乛 丨 𠃍 一 丨 一 ㇀ 一 丨 丨 一 一 ㇀ ㇇|乛 ㇏","丿 ㇇|乛 𠃍 一 一 丨 丨 一 ㇀ 一 一 丨 ㇏ ㇇|乛 ㇀ 丨"
"cnwstqi7888","senior","N","A","鲺","鲺","鲺","丿 ㇇|乛 丨 𠃍 一 丨 一 ㇀ ⺄ 一 丨 𠃍 一 丨 一 丶","丿 ㇇|乛 丨 一 一 𠃍 丶 一 𠃍 一 丨 ⺄ 一 ㇀ 丨 丨"
"cnwstqi7889","senior","N","B","鲹","鲹","鲹","X",""
"cnwstqi7890","senior","N","B","𫗴","𫗴","𫗴","X",""
"cnwstqi7891","senior","N","B","亸","亸","亸","X",""
"cnwstqi7892","senior","N","B","癀","癀","癀","丶 一 丿 一 𠃍 丶 丨 一 丶 丨 一 丿 ㇀ 一 丨 丨","丶 一 丿 丶 ㇀ 一 丨 丨 一 丨 𠃍 一 丨 一 丿 丶"
"cnwstqi7893","senior","N","A","瘭","瘭","瘭","丶 一 丿 丶 ㇀ 一 丨 𠃍 丨 丨 一 一 一 亅 丿 丶","丶 一 丨 丶 一 丿 丨 丨 一 一 𠃍 一 丶 ㇀ 丿 亅"
"cnwstqi7894","senior","N","A","𬸦","𬸦","𬸦","","X"
"cnwstqi7895","senior","N","B","羱","羱","羱","X",""
"cnwstqi7896","senior","N","A","糒","糒","糒","","X"
"cnwstqi7897","senior","N","A","燋","燋","燋","","X"
"cnwstqi7898","senior","N","B","熻","熻","熻","X",""
"cnwstqi7899","senior","N","A","燊","燊","燊","㇀ 丿 丿 丶 ㇀ 丿 丿 丶 ㇀ 丿 丿 丶 一 丨 丿 ㇏","㇀ 丿 丨 丿 ㇀ 丿 丶 ㇀ 丿 丿 丿 丿 ㇏ 丶 一 丶"
"cnwstqi7900","senior","N","B","燚","燚","燚","㇀ 丿 丶 丿 丶 丶 丿 ㇏ ㇀ 丿 丿 丿 ㇀ 丿 丿 ㇀","㇀ 丿 丿 丶 ㇀ 丿 丿 丶 ㇀ 丿 丿 丶 ㇀ 丿 丿 ㇏"
"cnwstqi7901","senior","N","B","燏","燏","燏","X",""
"cnwstqi7902","senior","N","A","濩","濩","濩","","X"
"cnwstqi7903","senior","N","B","濋","濋","濋","X",""
"cnwstqi7904","senior","N","B","澪","澪","澪","X",""
"cnwstqi7905","senior","N","B","澽","澽","澽","X",""
"cnwstqi7906","senior","N","A","澴","澴","澴","","X"
"cnwstqi7907","senior","N","B","澭","澭","澭","X",""
"cnwstqi7908","senior","N","B","澼","澼","澼","X",""
"cnwstqi7909","senior","N","B","憷","憷","憷","㇀ 丶 丨 丶 丿 丨 一 ㇏ ㇇|乛 一 丿 丨 一 丶 丨 丿","㇀ 丶 丨 一 丨 丿 丶 一 丨 丿 丶 ㇇|乛 丨 一 丿 ㇏"
"cnwstqi7910","senior","N","B","憺","憺","憺","X",""
"cnwstqi7911","senior","N","A","懔","懔","懔","㇀ 丶 丨 丶 一 丨 𠃍 丨 𠃍 一 一 一 一 亅 丿 丶","㇀ 丶 亅 丨 丨 一 一 𠃍 𠃍 丶 一 丶 丨 一 一 丿"
"cnwstqi7912","senior","N","B","黉","黉","黉","丶 丶 丿 𠃍 丨 一 丨 丨 丿 ㇀ 丨 一 ㇇|乛 一 丶 一","丶 丶 丿 ㇀ ㇇|乛 一 丨 丨 一 丨 𠃍 一 丨 一 丿 丶"
"cnwstqi7913","senior","N","A","嬛","嬛","嬛","𡿨 丿 一 丨 𠃍 丨 丨 一 一 丨 𠃍 一 丿 𠄌 丿 ㇏","𡿨 丿 𠃍 丨 一 一 ㇏ 𠄌 丨 丿 丨 一 丿 丨 𠃍 一"
"cnwstqi7914","senior","N","B","鹨","鹨","鹨","𠃍 丶 𠃍 丶 𠃌 丿 丶 ㇀ 丿 丶 一 丿 丿 丿 ㇉ ㇀","𠃍 丶 ㇀ 𠃍 丶 ㇀ 丿 丶 丿 丿 丿 丿 𠃌 丶 ㇉ 一"
"cnwstqi7915","senior","N","A","翯","翯","翯","","X"
"cnwstqi7916","senior","N","B","𫄷","𫄷","𫄷","X",""
"cnwstqi7917","senior","N","B","璱","璱","璱","X",""
"cnwstqi7918","senior","N","A","𤩽","𤩽","𤩽","","X"
"cnwstqi7919","senior","N","B","璬","璬","璬","X",""
"cnwstqi7920","senior","N","B","璮","璮","璮","X",""
"cnwstqi7921","senior","N","A","髽","髽","髽","","X"
"cnwstqi7922","senior","N","B","擿","擿","擿","X",""
"cnwstqi7923","senior","N","A","薿","薿","薿","","X"
"cnwstqi7924","senior","N","B","薸","薸","薸","X",""
"cnwstqi7925","senior","N","A","檑","檑","檑","一 丨 丿 丶 一 ㇀ ㇇|乛 丨 丶 丶 丶 丶 丨 𠃍 一 丨 一","一 丨 丶 丨 丶 ㇀ 丶 一 丨 一 一 丶 丨 ㇇|乛 𠃍 丿 丶"
"cnwstqi7926","senior","N","B","櫆","櫆","櫆","X",""
"cnwstqi7927","senior","N","B","檞","檞","檞","X",""
"cnwstqi7928","senior","N","B","醨","醨","醨","X",""
"cnwstqi7929","senior","N","B","繄","繄","繄","X",""
"cnwstqi7930","senior","N","A","磹","磹","磹","","X"
"cnwstqi7931","senior","N","B","磻","磻","磻","X",""
"cnwstqi7932","senior","N","A","瞫","瞫","瞫","","X"
"cnwstqi7933","senior","N","B","瞵","瞵","瞵","丨 𠃍 ㇏ 一 丨 一 丿 一 丿 丶 𠃋 ㇇|乛 丨 一 丶 一 丿","丨 𠃍 一 一 一 丶 丿 一 丨 丿 ㇏ 丿 ㇇|乛 丶 一 𠃋 丨"
"cnwstqi7934","senior","N","B","蹐","蹐","蹐","X",""
"cnwstqi7935","senior","N","A","蟏","蟏","蟏","","X"
"cnwstqi7936","senior","N","B","㘎","㘎","㘎","X",""
"cnwstqi7937","senior","N","B","𬭳","𬭳","𬭳","X",""
"cnwstqi7938","senior","N","A","镤","镤","镤","丿 一 一 一 𠄌 丨 丨 丶 丿 一 丶 丿 一 一 一 丿 ㇏","丿 一 丶 丶 丿 一 一 ㇏ 一 丨 一 𠄌 丿 一 丿 一 丨"
"cnwstqi7939","senior","N","A","𬭶","𬭶","𬭶","","X"
"cnwstqi7940","senior","N","B","𫔍","𫔍","𫔍","X",""
"cnwstqi7941","senior","N","B","镥","镥","镥","丿 一 𠄌 一 一 一 𠃍 丨 丿 一 丨 一 𠃍 ㇇|乛 丨 一 一","丿 一 一 一 𠄌 丿 ㇇|乛 丨 𠃍 一 丨 一 一 丨 𠃍 一 一"
"cnwstqi7942","senior","N","B","镨","镨","镨","丿 一 丿 一 丨 𠄌 一 丶 一 丿 丨 丶 𠃍 丨 一 一 一","丿 一 一 一 𠄌 丶 丿 一 丨 丨 丶 丿 一 丨 𠃍 一 一"
"cnwstqi7943","senior","N","A","𬭸","𬭸","𬭸","","X"
"cnwstqi7944","senior","N","A","𨱔","𨱔","𨱔","","X"
"cnwstqi7945","senior","N","B","𬭼","𬭼","𬭼","X",""
"cnwstqi7946","senior","N","B","𫔎","𫔎","𫔎","X",""
"cnwstqi7947","senior","N","A","矰","矰","矰","","X"
"cnwstqi7948","senior","N","A","穙","穙","穙","","X"
"cnwstqi7949","senior","N","B","穜","穜","穜","X",""
"cnwstqi7950","senior","N","B","穟","穟","穟","X",""
"cnwstqi7951","senior","N","B","簕","簕","簕","丿 一 𠃍 一 一 一 丿 𠃌 丿 丶 一 丨 丶 一 丨 丨 丨","丿 一 丶 丿 一 丶 一 丨 丨 一 丨 𠃍 一 一 丨 𠃌 丿"
"cnwstqi7952","senior","N","B","簃","簃","簃","X",""
"cnwstqi7953","senior","N","B","簏","簏","簏","丿 一 丶 一 丿 丿 丿 丶 丨 乚 丶 一 丨 𠄌 一 𠃍 一","丿 一 丶 丿 一 丶 丶 一 丿 𠃍 丨 丨 一 一 𠄌 丿 乚"
"cnwstqi7954","senior","N","B","儦","儦","儦","X",""
"cnwstqi7955","senior","N","A","魋","魋","魋","","X"
"cnwstqi7956","senior","N","A","斶","斶","斶","","X"
"cnwstqi7957","senior","N","A","艚","艚","艚","丿 丿 𠃌 丶 一 丶 一 丨 𠃍 一 丨 丨 一 丨 𠃍 一 一","丿 丿 丨 一 一 丨 一 丶 𠃍 丶 一 一 丨 一 𠃌 𠃍 丨"
"cnwstqi7958","senior","N","A","𬸪","𬸪","𬸪","","X"
"cnwstqi7959","senior","N","A","谿","谿","谿","","X"
"cnwstqi7960","senior","N","A","䲠","䲠","䲠","","X"
"cnwstqi7961","senior","N","B","𬶟","𬶟","𬶟","X",""
"cnwstqi7962","senior","N","B","鲾","鲾","鲾","X",""
"cnwstqi7963","senior","N","A","𬶠","𬶠","𬶠","","X"
"cnwstqi7964","senior","N","A","鲿","鲿","鲿","","X"
"cnwstqi7965","senior","N","B","鳁","鳁","鳁","X",""
"cnwstqi7966","senior","N","B","鳂","鳂","鳂","X",""
"cnwstqi7967","senior","N","A","鳈","鳈","鳈","","X"
"cnwstqi7968","senior","N","A","鳉","鳉","鳉","","X"
"cnwstqi7969","senior","N","A","獯","獯","獯","丿 ㇁ 丿 丿 一 丨 𠃍 丶 丿 一 丨 一 一 ㇀ 丶 丶 丶","丿 ㇁ 一 丶 丿 丶 丶 ㇀ 丨 𠃍 丿 丶 丿 一 丨 一 一"
"cnwstqi7970","senior","N","A","䗪","䗪","䗪","","X"
"cnwstqi7971","senior","N","A","馘","馘","馘","丶 丿 一 丿 丨 𠃍 一 一 一 一 丨 𠃍 一 ㇀ ㇂|㇃ 丿 丶","丶 丿 𠃍 一 𠃍 丨 丿 丨 一 一 ㇂|㇃ 丶 一 一 ㇀ 丿 一"
"cnwstqi7972","senior","N","B","襕","襕","襕","X",""
"cnwstqi7973","senior","N","A","襚","襚","襚","","X"
"cnwstqi7974","senior","N","A","𬶨","𬶨","𬶨","","X"
"cnwstqi7975","senior","N","A","螱","螱","螱","","X"
"cnwstqi7976","senior","N","A","甓","甓","甓","𠃍 一 丿 丨 𠃍 一 丶 一 丶 丿 一 一 丨 一 𠄌 ⺄ 丶","𠃍 一 丨 丶 一 丨 一 𠄌 丶 一 𠃍 丿 ⺄ 丿 丶 一 一"
"cnwstqi7977","senior","N","B","嬬","嬬","嬬","X",""
"cnwstqi7978","senior","N","A","嬥","嬥","嬥","","X"
"cnwstqi7979","senior","N","B","𦈡","𦈡","𦈡","X",""
"cnwstqi7980","senior","N","A","𫄸","𫄸","𫄸","","X"
"cnwstqi7981","senior","N","B","瓀","瓀","瓀","X",""
"cnwstqi7982","senior","N","A","釐","釐","釐","","X"
"cnwstqi7983","senior","N","A","鬶","鬶","鬶","","X"
"cnwstqi7984","senior","N","B","爇","爇","爇","X",""
"cnwstqi7985","senior","N","B","鞳","鞳","鞳","X",""
"cnwstqi7986","senior","N","A","鞮","鞮","鞮","","X"
"cnwstqi7987","senior","N","B","𬟁","𬟁","𬟁","X",""
"cnwstqi7988","senior","N","B","藟","藟","藟","X",""
"cnwstqi7989","senior","N","B","藦","藦","藦","X",""
"cnwstqi7990","senior","N","A","藨","藨","藨","","X"
"cnwstqi7991","senior","N","A","鹲","鹲","鹲","","X"
"cnwstqi7992","senior","N","B","檫","檫","檫","一 丨 丶 一 丶 ㇀ 丶 ㇏ 一 丿 ㇇|乛 ㇇|乛 丿 丶 丶 亅 丿 ㇇|乛","一 丨 丿 丶 丶 ㇀ ㇇|乛 丿 ㇇|乛 丶 丶 ㇇|乛 ㇏ 一 一 亅 丿 丶"
"cnwstqi7993","senior","N","B","黡","黡","黡","X",""
"cnwstqi7994","senior","N","A","礞","礞","礞","一 丿 丨 𠃍 一 一 丨 丨 ㇀ ㇇|乛 一 一 丿 ㇁ 丿 丿 丿 丶","一 丿 丨 一 丿 一 一 丿 丶 丨 ㇁ 丨 一 ㇀ 𠃍 丿 丿 ㇇|乛"
"cnwstqi7995","senior","N","A","礌","礌","礌","","X"
"cnwstqi7996","senior","N","B","𥖨","𥖨","𥖨","X",""
"cnwstqi7997","senior","N","A","蹢","蹢","蹢","","X"
"cnwstqi7998","senior","N","A","蹜","蹜","蹜","","X"
"cnwstqi7999","senior","N","B","蟫","蟫","蟫","X",""
"cnwstqi8000","senior","N","A","䗴","䗴","䗴","","X"
"cnwstqi8001","senior","N","B","嚚","嚚","嚚","X",""
"cnwstqi8002","senior","N","A","髃","髃","髃","","X"
"cnwstqi8003","senior","N","A","镮","镮","镮","","X"
"cnwstqi8004","senior","N","B","镱","镱","镱","丿 一 𠄌 丨 一 一 丶 一 ㇂|㇃ 丶 一 丶 𠃍 丶 丿 一 ㇀ 一","丿 一 一 一 𠄌 丶 一 丶 丿 一 丨 𠃍 一 一 ㇀ ㇂|㇃ 丶 丶"
"cnwstqi8005","senior","N","B","酂","酂","酂","X",""
"cnwstqi8006","senior","N","B","馧","馧","馧","X",""
"cnwstqi8007","senior","N","B","簠","簠","簠","X",""
"cnwstqi8008","senior","N","B","簝","簝","簝","X",""
"cnwstqi8009","senior","N","B","簰","簰","簰","X",""
"cnwstqi8010","senior","N","B","鼫","鼫","鼫","X",""
"cnwstqi8011","senior","N","B","鼩","鼩","鼩","X",""
"cnwstqi8012","senior","N","B","皦","皦","皦","X",""
"cnwstqi8013","senior","N","A","臑","臑","臑","","X"
"cnwstqi8014","senior","N","A","䲢","䲢","䲢","","X"
"cnwstqi8015","senior","N","A","鳑","鳑","鳑","","X"
"cnwstqi8016","senior","N","A","鳒","鳒","鳒","","X"
"cnwstqi8017","senior","N","A","鹱","鹱","鹱","丿 𠃌 丶 ㇉ ㇀ 一 丨 丨 丿 丨 丶 一 一 一 丨 一 ㇇|乛 ㇏","丿 𠃌 一 ㇉ ㇇|乛 丨 丨 丶 一 丿 丨 一 ㇏ 一 丶 一 ㇀ 丨"
"cnwstqi8018","senior","N","A","鹯","鹯","鹯","","X"
"cnwstqi8019","senior","N","B","癗","癗","癗","X",""
"cnwstqi8020","senior","N","A","𦒍","𦒍","𦒍","","X"
"cnwstqi8021","senior","N","B","旞","旞","旞","X",""
"cnwstqi8022","senior","N","B","翷","翷","翷","X",""
"cnwstqi8023","senior","N","B","冁","冁","冁","丶 丿 丿 丨 一 𠄌 丿 一 ㇏ 一 丨 一 一 𠃍 一 丨 丨 𠃍","丶 丿 丨 𠃍 一 一 一 丨 𠃍 一 丿 一 丨 丨 一 𠄌 丿 ㇏"
"cnwstqi8024","senior","N","B","䎖","䎖","䎖","X",""
"cnwstqi8025","senior","N","B","瀔","瀔","瀔","X",""
"cnwstqi8026","senior","N","A","瀍","瀍","瀍","丶 丶 ㇀ 丶 一 丿 丨 𠃍 一 一 丨 一 一 丿 丶 一 丨 一","丶 丶 一 丨 丨 丶 丿 丶 丨 一 一 𠃍 一 一 丿 一 ㇀ 一"
"cnwstqi8027","senior","N","A","瀌","瀌","瀌","","X"
"cnwstqi8028","senior","N","A","襜","襜","襜","","X"
"cnwstqi8029","senior","N","A","䴙","䴙","䴙","","X"
"cnwstqi8030","senior","N","A","𬙊","𬙊","𬙊","","X"
"cnwstqi8031","senior","N","A","嚭","嚭","嚭","","X"
"cnwstqi8032","senior","N","A","㰀","㰀","㰀","","X"
"cnwstqi8033","senior","N","B","鬷","鬷","鬷","X",""
"cnwstqi8034","senior","N","A","醭","醭","醭","一 丨 𠃍 丿 ㇄ 一 一 丨 丨 丶 丿 一 丶 丿 一 一 一 丿 ㇏","一 丨 丿 ㇄ 一 丶 一 一 𠃍 一 丿 丶 ㇏ 丿 丿 一 丨 丨 一"
"cnwstqi8035","senior","N","A","蹯","蹯","蹯","丨 𠃍 一 丨 一 丨 ㇀ 丿 丶 丿 一 丨 丿 ㇏ 丨 𠃍 一 丨 一","丨 𠃍 丶 丨 丨 一 一 丨 ㇏ ㇀ 𠃍 一 丿 丿 一 一 丨 丨 丿"
"cnwstqi8036","senior","N","B","蠋","蠋","蠋","X",""
"cnwstqi8037","senior","N","A","翾","翾","翾","","X"
"cnwstqi8038","senior","N","A","鳘","鳘","鳘","丿 一 ㇄ 𠃍 丶 一 丶 丿 一 丿 ㇏ 丿 ㇇|乛 丨 𠃍 一 丨 一 一","丿 一 𠃍 丶 丿 ㇏ 一 一 丿 丶 ㇄ 丨 𠃍 一 一 ㇇|乛 丿 丨 一"
"cnwstqi8039","senior","N","B","儳","儳","儳","X",""
"cnwstqi8040","senior","N","A","儴","儴","儴","","X"
"cnwstqi8041","senior","N","B","鼗","鼗","鼗","丿 丶 一 ㇀ 𠃍 丿 丶 丨 一 一 丿 ㇀ ㇏ ㇇|乛 丨 丶 乚 丨 一","丿 丶 ㇀ 乚 丿 丶 一 丨 一 丨 𠃍 一 丶 丿 ㇀ 一 丨 ㇇|乛 ㇏"
"cnwstqi8042","senior","N","A","𬶭","𬶭","𬶭","","X"
"cnwstqi8043","senior","N","B","𩾌","𩾌","𩾌","X",""
"cnwstqi8044","senior","N","A","鳚","鳚","鳚","","X"
"cnwstqi8045","senior","N","B","鳛","鳛","鳛","X",""
"cnwstqi8046","senior","N","B","麑","麑","麑","X",""
"cnwstqi8047","senior","N","B","麖","麖","麖","X",""
"cnwstqi8048","senior","N","A","蠃","蠃","蠃","丶 一 ㇄ 丨 𠃍 一 丿 𠃌 一 一 丨 𠃍 一 丨 一 丶 丿 ⺄ 丶","丶 一 ㇄ 一 𠃍 ⺄ 一 丶 一 丨 丨 丶 一 𠃍 一 丿 丨 丿 𠃌"
"cnwstqi8049","senior","N","A","彟","彟","彟","","X"
"cnwstqi8050","senior","N","A","嬿","嬿","嬿","","X"
"cnwstqi8051","senior","N","A","鬒","鬒","鬒","","X"
"cnwstqi8052","senior","N","B","蘘","蘘","蘘","X",""
"cnwstqi8053","senior","N","B","欂","欂","欂","X",""
"cnwstqi8054","senior","N","B","醵","醵","醵","一 丨 ㇇|乛 一 一 乚 丿 丿 ㇁ 丿 ㇄ 丿 一 一 ㇏ 丿 𠃍 一 丨 丿","一 丨 𠃍 丿 ㇄ 一 一 丨 一 ㇇|乛 丿 一 乚 一 丿 ㇁ 丿 丿 丿 ㇏"
"cnwstqi8055","senior","N","A","颥","颥","颥","一 ㇀ ㇇|乛 丨 丶 丶 丶 丶 一 丿 丨 𠃌 丨 丨 一 丿 丨 𠃍 丿 丶","一 ㇀ 一 丶 丨 ㇇|乛 丶 𠃌 丨 丶 丶 丨 丶 一 丿 𠃍 丨 丿 丿 丨"
"cnwstqi8056","senior","N","A","甗","甗","甗","","X"
"cnwstqi8057","senior","N","B","𨟠","𨟠","𨟠","X",""
"cnwstqi8058","senior","N","B","巇","巇","巇","X",""
"cnwstqi8059","senior","N","B","酅","酅","酅","X",""
"cnwstqi8060","senior","N","B","髎","髎","髎","X",""
"cnwstqi8061","senior","N","B","犨","犨","犨","X",""
"cnwstqi8062","senior","N","B","𬶮","𬶮","𬶮","X",""
"cnwstqi8063","senior","N","A","𨭉","𨭉","𨭉","","X"
"cnwstqi8064","senior","N","A","㸌","㸌","㸌","","X"
"cnwstqi8065","senior","N","A","爔","爔","爔","","X"
"cnwstqi8066","senior","N","B","瀱","瀱","瀱","X",""
"cnwstqi8067","senior","N","B","瀹","瀹","瀹","丶 丶 一 𠃍 𠃍 丨 一 一 丿 丨 丨 𠃌 丨 一 ㇏ 一 ㇀ 丨 丨 𠃍","丶 丶 ㇀ 丿 ㇏ 一 丨 𠃍 一 丨 𠃍 一 丨 𠃍 一 丨 𠃌 一 丨 丨"
"cnwstqi8068","senior","N","A","瀼","瀼","瀼","","X"
"cnwstqi8069","senior","N","B","瀵","瀵","瀵","丶 丶 一 𠃍 ㇏ 丶 丨 丨 丨 丿 一 一 ㇀ 丨 一 一 丿 丨 丶 丿","丶 丶 ㇀ 丶 丿 一 丨 丿 ㇏ 丨 𠃍 一 丨 一 一 丨 丨 一 丿 丶"
"cnwstqi8070","senior","N","B","襫","襫","襫","X",""
"cnwstqi8071","senior","N","A","孅","孅","孅","","X"
"cnwstqi8072","senior","N","B","骦","骦","骦","X",""
"cnwstqi8073","senior","N","A","𬙋","𬙋","𬙋","","X"
"cnwstqi8074","senior","N","A","耰","耰","耰","","X"
"cnwstqi8075","senior","N","A","𤫉","𤫉","𤫉","","X"
"cnwstqi8076","senior","N","B","瓖","瓖","瓖","X",""
"cnwstqi8077","senior","N","B","鬘","鬘","鬘","X",""
"cnwstqi8078","senior","N","A","趯","趯","趯","","X"
"cnwstqi8079","senior","N","B","𬺓","𬺓","𬺓","X",""
"cnwstqi8080","senior","N","A","罍","罍","罍","丨 𠃍 一 丨 一 丨 𠃍 一 丨 一 丨 𠃍 一 丨 一 丿 一 一 丨 ㇄ 丨","丨 𠃍 丨 𠃍 丨 一 ㇄ 一 一 丨 一 一 丿 丨 𠃍 一 丨 一 丨 一 丨"
"cnwstqi8081","senior","N","B","鼱","鼱","鼱","X",""
"cnwstqi8082","senior","N","B","鳠","鳠","鳠","X",""
"cnwstqi8083","senior","N","A","鳡","鳡","鳡","","X"
"cnwstqi8084","senior","N","B","鳣","鳣","鳣","X",""
"cnwstqi8085","senior","N","A","爟","爟","爟","","X"
"cnwstqi8086","senior","N","A","爚","爚","爚","","X"
"cnwstqi8087","senior","N","A","灈","灈","灈","","X"
"cnwstqi8088","senior","N","B","韂","韂","韂","X",""
"cnwstqi8089","senior","N","B","糵","糵","糵","X",""
"cnwstqi8090","senior","N","A","蘼","蘼","蘼","一 丨 丨 丶 一 丿 一 丨 丿 丶 一 丨 丿 ㇏ 丨 一 一 一 丨 一 一 一","一 丨 丨 一 丨 丨 ㇏ 丿 丨 一 一 丶 一 丨 丿 一 丶 一 一 一 一 丿"
"cnwstqi8091","senior","N","A","礵","礵","礵","","X"
"cnwstqi8092","senior","N","B","鹴","鹴","鹴","X",""
"cnwstqi8093","senior","N","B","躔","躔","躔","丨 𠃍 一 一 一 丿 丨 ㇀ 丶 一 𠃍 丨 丶 一 丨 一 丨 一 一 一 丨 丿","丨 𠃍 一 丨 一 丨 ㇀ 丶 一 丿 丨 𠃍 一 一 丨 一 一 丿 丶 一 丨 一"
"cnwstqi8094","senior","N","B","皭","皭","皭","X",""
"cnwstqi8095","senior","N","B","龢","龢","龢","丿 丶 丨 𠃍 一 丿 ㇏ 丨 𠃍 丨 一 一 一 丨 丨 丨 𠃍 一 𠃌 一 丨 丿","丿 丶 一 丨 𠃍 一 丨 𠃍 一 丨 𠃍 一 丨 𠃌 一 丨 丨 丿 一 丨 丿 ㇏"
"cnwstqi8096","senior","N","B","鳤","鳤","鳤","X",""
"cnwstqi8097","senior","N","B","亹","亹","亹","X",""
"cnwstqi8098","senior","N","B","籥","籥","籥","X",""
"cnwstqi8099","senior","N","B","鼷","鼷","鼷","丿 丨 丶 丶 一 一 ㇂|㇃ ㇏ 丶 丶 𠃍 丶 丿 丶 𠃋 𠄌 丿 𠃋 𠄌 一 丿 一 丶","丿 丨 一 𠃍 一 一 𠄌 丶 丶 𠄌 丶 丶 ㇂|㇃ 丿 丶 丶 丿 𠃋 𠃋 丶 一 丿 ㇏"
"cnwstqi8100","senior","N","A","𫚭","𫚭","𫚭","","X"
"cnwstqi8101","senior","N","A","玃","玃","玃","","X"
"cnwstqi8102","senior","N","B","醾","醾","醾","X",""
"cnwstqi8103","senior","N","B","齇","齇","齇","X",""
"cnwstqi8104","senior","N","B","觿","觿","觿","X",""
"cnwstqi8105","senior","N","B","蠼","蠼","蠼","丨 𠃍 一 丶 ㇏ 一 ㇇|乛 一 一 一 丿 一 一 𠃍 丶 丨 丨 一 一 𠃍 一 丨 一 一 丨 丨","丨 𠃍 一 丨 一 丶 丨 𠃍 一 一 一 丨 𠃍 一 一 一 丿 丨 丶 一 一 一 丨 一 ㇇|乛 ㇏"
