id,type,mchoice,ans,title,desc,opa,opb
"cnwqi0001","primary","N","A","一","一","yī","lǐ"
"cnwqi0002","primary","N","A","乙","乙","yǐ","jì"
"cnwqi0003","primary","N","B","二","二","xū","èr"
"cnwqi0004","primary","N","A","十","十","shí","xiōng"
"cnwqi0005","primary","N","A","丁","丁","dīng、zhēng","xiè"
"cnwqi0006","primary","N","B","厂","厂","què","chǎng、ān、hàn"
"cnwqi0007","primary","N","A","七","七","qī","qiān"
"cnwqi0008","primary","N","B","卜","卜","kǎo","bo、bǔ"
"cnwqi0009","primary","N","B","八","八","lín、lìn","bā"
"cnwqi0010","primary","N","A","人","人","rén","bó"
"cnwqi0011","primary","N","A","入","入","rù","děng"
"cnwqi0012","primary","N","B","儿","儿","suō、sù","ér"
"cnwqi0013","primary","N","B","匕","匕","bì","bǐ"
"cnwqi0014","primary","N","A","几","几","jī、jǐ","yǎo"
"cnwqi0015","primary","N","A","九","九","jiǔ","bó"
"cnwqi0016","primary","N","B","刁","刁","lòu、lù","diāo"
"cnwqi0017","primary","N","B","了","了","chěng","le、liǎo"
"cnwqi0018","primary","N","A","刀","刀","dāo","piǎo"
"cnwqi0019","primary","N","A","力","力","lì","xuān"
"cnwqi0020","primary","N","B","乃","乃","yá","nǎi"
"cnwqi0021","primary","N","B","又","又","bèn","yòu"
"cnwqi0022","primary","N","A","三","三","sān","lín、lǐn"
"cnwqi0023","primary","N","B","干","干","méi","gān、gàn"
"cnwqi0024","primary","N","B","于","于","xì","yú"
"cnwqi0025","primary","N","B","亏","亏","yú","kuī"
"cnwqi0026","primary","N","B","工","工","dǐ","gōng"
"cnwqi0027","primary","N","B","土","土","máo","tǔ"
"cnwqi0028","primary","N","A","士","士","shì","biāo、piào"
"cnwqi0029","primary","N","B","才","才","pā","cái"
"cnwqi0030","primary","N","B","下","下","hóu","xià"
"cnwqi0031","primary","N","B","寸","寸","zhì","cùn"
"cnwqi0032","primary","N","A","大","大","dà、dài、tài","mù"
"cnwqi0033","primary","N","B","丈","丈","pí","zhàng"
"cnwqi0034","primary","N","B","与","与","chā、chá、chǎ、chà","yǔ、yù、yú"
"cnwqi0035","primary","N","A","万","万","wàn、mò","yǔn"
"cnwqi0036","primary","N","A","上","上","shàng、shǎng","hǎi"
"cnwqi0037","primary","N","A","小","小","xiǎo","mó"
"cnwqi0038","primary","N","B","口","口","zī","kǒu"
"cnwqi0039","primary","N","A","山","山","shān","xiáng"
"cnwqi0040","primary","N","B","巾","巾","hóu","jīn"
"cnwqi0041","primary","N","B","千","千","zào","qiān"
"cnwqi0042","primary","N","B","乞","乞","yāo","qǐ"
"cnwqi0043","primary","N","A","川","川","chuān","bǎ、bà"
"cnwqi0044","primary","N","B","亿","亿","lòu、lù","yì"
"cnwqi0045","primary","N","A","个","个","gè、gě","guǒ"
"cnwqi0046","primary","N","A","夕","夕","xī","lěi"
"cnwqi0047","primary","N","B","久","久","hēng","jiǔ"
"cnwqi0048","primary","N","B","么","么","yú","me、mó、ma、yāo"
"cnwqi0049","primary","N","B","勺","勺","tōu","sháo"
"cnwqi0050","primary","N","A","凡","凡","fán","bì"
"cnwqi0051","primary","N","A","丸","丸","wán","bì"
"cnwqi0052","primary","N","A","及","及","jí","wéi"
"cnwqi0053","primary","N","A","广","广","guǎng、ān","máng"
"cnwqi0054","primary","N","B","亡","亡","huāng","wáng、wú"
"cnwqi0055","primary","N","B","门","门","cūn","mén"
"cnwqi0056","primary","N","A","丫","丫","yā","fǎ"
"cnwqi0057","primary","N","B","义","义","zhū","yì"
"cnwqi0058","primary","N","B","之","之","tú","zhī"
"cnwqi0059","primary","N","B","尸","尸","líng","shī"
"cnwqi0060","primary","N","A","己","己","jǐ","xī、shè"
"cnwqi0061","primary","N","B","已","已","mèi","yǐ"
"cnwqi0062","primary","N","A","巳","巳","sì","táng"
"cnwqi0063","primary","N","B","弓","弓","yún","gōng"
"cnwqi0064","primary","N","A","子","子","zǐ","pí"
"cnwqi0065","primary","N","B","卫","卫","chōng","wèi"
"cnwqi0066","primary","N","A","也","也","yě","zào"
"cnwqi0067","primary","N","A","女","女","nǚ、rǔ","bàng"
"cnwqi0068","primary","N","A","刃","刃","rèn","huó"
"cnwqi0069","primary","N","A","飞","飞","fēi","jú"
"cnwqi0070","primary","N","B","习","习","cūn","xí"
"cnwqi0071","primary","N","B","叉","叉","fú","chā、chá、chǎ、chà"
"cnwqi0072","primary","N","A","马","马","mǎ","xī"
"cnwqi0073","primary","N","A","乡","乡","xiāng","jiǎo"
"cnwqi0074","primary","N","B","丰","丰","shā","fēng"
"cnwqi0075","primary","N","B","王","王","pò、bā、bō","wáng、wàng"
"cnwqi0076","primary","N","A","开","开","kāi","hè"
"cnwqi0077","primary","N","B","井","井","huá","jǐng"
"cnwqi0078","primary","N","A","天","天","tiān","wàn"
"cnwqi0079","primary","N","A","夫","夫","fū、fú","xiè"
"cnwqi0080","primary","N","B","元","元","guó","yuán"
"cnwqi0081","primary","N","B","无","无","qí","mó、wú"
"cnwqi0082","primary","N","A","云","云","yún","chuò、chāo"
"cnwqi0083","primary","N","A","专","专","zhuān","duǒ、duò"
"cnwqi0084","primary","N","A","丐","丐","gài","gǎn"
"cnwqi0085","primary","N","A","扎","扎","zā、zhā、zhá","jù"
"cnwqi0086","primary","N","A","艺","艺","yì","xiāo"
"cnwqi0087","primary","N","B","木","木","rú","mù"
"cnwqi0088","primary","N","A","五","五","wǔ","wéi、yù"
"cnwqi0089","primary","N","B","支","支","zǐ、zī、zǎi","zhī"
"cnwqi0090","primary","N","B","厅","厅","pán","tīng"
"cnwqi0091","primary","N","A","不","不","bù、fǒu","miǎn"
"cnwqi0092","primary","N","A","犬","犬","quǎn","jīng"
"cnwqi0093","primary","N","A","太","太","tài","jiǎ"
"cnwqi0094","primary","N","B","区","区","wéi","ōu、qū"
"cnwqi0095","primary","N","A","历","历","lì","hǎn"
"cnwqi0096","primary","N","A","歹","歹","dǎi","rào"
"cnwqi0097","primary","N","A","友","友","yǒu","hòu"
"cnwqi0098","primary","N","A","尤","尤","yóu","lán"
"cnwqi0099","primary","N","A","匹","匹","pǐ","cǎi"
"cnwqi0100","primary","N","A","车","车","chē、jū","wèi"
"cnwqi0101","primary","N","B","巨","巨","xiáo","jù"
"cnwqi0102","primary","N","B","牙","牙","qǐng","yá"
"cnwqi0103","primary","N","A","屯","屯","tún、zhūn","jiǎn"
"cnwqi0104","primary","N","A","戈","戈","gē","jīng"
"cnwqi0105","primary","N","B","比","比","jī","bǐ"
"cnwqi0106","primary","N","B","互","互","kāi","hù"
"cnwqi0107","primary","N","A","切","切","qiē、qiè","zuì"
"cnwqi0108","primary","N","B","瓦","瓦","zǒng","wǎ、wà"
"cnwqi0109","primary","N","B","止","止","bī","zhǐ"
"cnwqi0110","primary","N","A","少","少","shǎo、shào","yǎn"
"cnwqi0111","primary","N","A","曰","曰","yuē","xiòng、xuàn"
"cnwqi0112","primary","N","A","日","日","rì","cán"
"cnwqi0113","primary","N","B","中","中","yīn","zhōng、zhòng"
"cnwqi0114","primary","N","B","贝","贝","lì","bèi"
"cnwqi0115","primary","N","A","冈","冈","gāng","mò"
"cnwqi0116","primary","N","B","内","内","yáo","nèi、nà"
"cnwqi0117","primary","N","B","水","水","yào","shuǐ"
"cnwqi0118","primary","N","B","见","见","yún","jiàn、xiàn"
"cnwqi0119","primary","N","B","午","午","pǔ","wǔ"
"cnwqi0120","primary","N","A","牛","牛","niú","fán"
"cnwqi0121","primary","N","A","手","手","shǒu","gōng、zhōng"
"cnwqi0122","primary","N","A","气","气","qì","shū"
"cnwqi0123","primary","N","B","毛","毛","gǔ","máo"
"cnwqi0124","primary","N","A","壬","壬","rén","mò"
"cnwqi0125","primary","N","A","升","升","shēng","yíng"
"cnwqi0126","primary","N","B","夭","夭","qí","yāo"
"cnwqi0127","primary","N","B","长","长","li、lǐ、lī","cháng、zhǎng"
"cnwqi0128","primary","N","A","仁","仁","rén","chù"
"cnwqi0129","primary","N","A","什","什","shén、shí","bǎi"
"cnwqi0130","primary","N","B","片","片","huáng","piān、piàn"
"cnwqi0131","primary","N","B","仆","仆","dī","pū、pú"
"cnwqi0132","primary","N","A","化","化","huà、huā","sōu"
"cnwqi0133","primary","N","A","仇","仇","chóu、qiú","chuáng"
"cnwqi0134","primary","N","A","币","币","bì","zhě"
"cnwqi0135","primary","N","A","仍","仍","réng","èr"
"cnwqi0136","primary","N","A","仅","仅","jǐn、jìn","rù"
"cnwqi0137","primary","N","A","斤","斤","jīn","shōu"
"cnwqi0138","primary","N","A","爪","爪","zhǎo、zhuǎ","chú"
"cnwqi0139","primary","N","B","反","反","zhēn、shèn","fǎn"
"cnwqi0140","primary","N","B","介","介","bēi、bèi","jiè"
"cnwqi0141","primary","N","A","父","父","fù、fǔ","xī"
"cnwqi0142","primary","N","A","从","从","cóng、zòng","guǎn"
"cnwqi0143","primary","N","B","仑","仑","pái","lún"
"cnwqi0144","primary","N","A","今","今","jīn","zhì"
"cnwqi0145","primary","N","B","凶","凶","yīn","xiōng"
"cnwqi0146","primary","N","A","分","分","fēn、fèn","niè"
"cnwqi0147","primary","N","A","乏","乏","fá","lái、lài"
"cnwqi0148","primary","N","A","公","公","gōng","fén"
"cnwqi0149","primary","N","B","仓","仓","wēi、wǎi","cāng"
"cnwqi0150","primary","N","B","月","月","dá","yuè"
"cnwqi0151","primary","N","B","氏","氏","wèng","shì、zhī"
"cnwqi0152","primary","N","A","勿","勿","wù","lòu"
"cnwqi0153","primary","N","A","欠","欠","qiàn","wēi"
"cnwqi0154","primary","N","B","风","风","zuò","fēng、fěng"
"cnwqi0155","primary","N","B","丹","丹","mèng","dān"
"cnwqi0156","primary","N","B","匀","匀","guā","yún"
"cnwqi0157","primary","N","B","乌","乌","ō、wō","wū"
"cnwqi0158","primary","N","A","勾","勾","gōu、gòu","bì"
"cnwqi0159","primary","N","A","凤","凤","fèng","yuè"
"cnwqi0160","primary","N","A","六","六","liù、lù","nín"
"cnwqi0161","primary","N","B","文","文","tǐng、dīng","wén"
"cnwqi0162","primary","N","B","亢","亢","zǐ","kàng"
"cnwqi0163","primary","N","A","方","方","fāng","mín"
"cnwqi0164","primary","N","B","火","火","bó、po","huǒ"
"cnwqi0165","primary","N","B","为","为","xī","wéi、wèi"
"cnwqi0166","primary","N","A","斗","斗","dǒu、dòu","tā、tuó"
"cnwqi0167","primary","N","A","忆","忆","yì","yì"
"cnwqi0168","primary","N","B","计","计","kuǎn","jì"
"cnwqi0169","primary","N","B","订","订","òu","dìng"
"cnwqi0170","primary","N","A","户","户","hù","sǐ"
"cnwqi0171","primary","N","B","认","认","sī","rèn"
"cnwqi0172","primary","N","A","冗","冗","rǒng","zǒng"
"cnwqi0173","primary","N","A","讥","讥","jī","hòu"
"cnwqi0174","primary","N","B","心","心","zhī","xīn"
"cnwqi0175","primary","N","A","尺","尺","chě、chǐ","yáng"
"cnwqi0176","primary","N","B","引","引","bú","yǐn"
"cnwqi0177","primary","N","B","丑","丑","yú","chǒu"
"cnwqi0178","primary","N","A","巴","巴","bā","dǎo"
"cnwqi0179","primary","N","B","孔","孔","chún","kǒng"
"cnwqi0180","primary","N","B","队","队","jìng、chēng","duì"
"cnwqi0181","primary","N","B","办","办","chài","bàn"
"cnwqi0182","primary","N","B","以","以","tài","yǐ"
"cnwqi0183","primary","N","A","允","允","yǔn","shē、yú"
"cnwqi0184","primary","N","A","予","予","yú、yǔ","háo"
"cnwqi0185","primary","N","B","邓","邓","bèi","dèng"
"cnwqi0186","primary","N","B","劝","劝","xīn","quàn"
"cnwqi0187","primary","N","B","双","双","táng","shuāng"
"cnwqi0188","primary","N","B","书","书","měng","shū"
"cnwqi0189","primary","N","B","幻","幻","fú","huàn"
"cnwqi0190","primary","N","B","玉","玉","sàn、sǎ","yù"
"cnwqi0191","primary","N","B","刊","刊","cí","kān"
"cnwqi0192","primary","N","B","未","未","chuàng","wèi"
"cnwqi0193","primary","N","B","末","末","hè、xiāo","mò"
"cnwqi0194","primary","N","B","示","示","gǔ","shì"
"cnwqi0195","primary","N","A","击","击","jī","biàn"
"cnwqi0196","primary","N","A","打","打","dá、dǎ","qí"
"cnwqi0197","primary","N","B","巧","巧","ō","qiǎo"
"cnwqi0198","primary","N","B","正","正","jù","zhēng、zhèng"
"cnwqi0199","primary","N","A","扑","扑","pū","chuān"
"cnwqi0200","primary","N","A","卉","卉","huì","xún"
"cnwqi0201","primary","N","B","扒","扒","zhì","bā、pá"
"cnwqi0202","primary","N","A","功","功","gōng","wò、guǎn"
"cnwqi0203","primary","N","B","扔","扔","cú","rēng"
"cnwqi0204","primary","N","A","去","去","qù","yā"
"cnwqi0205","primary","N","A","甘","甘","gān","chán、tán"
"cnwqi0206","primary","N","B","世","世","xí","shì"
"cnwqi0207","primary","N","A","艾","艾","ài、yì","dì"
"cnwqi0208","primary","N","B","古","古","hán","gǔ"
"cnwqi0209","primary","N","B","节","节","bēi","jiē、jié"
"cnwqi0210","primary","N","B","本","本","sī","běn"
"cnwqi0211","primary","N","B","术","术","hàn","shù、shú、zhú"
"cnwqi0212","primary","N","B","可","可","cù","kě、kè"
"cnwqi0213","primary","N","B","丙","丙","fán","bǐng"
"cnwqi0214","primary","N","B","左","左","cī、cì","zuǒ"
"cnwqi0215","primary","N","B","厉","厉","yǎn","lì"
"cnwqi0216","primary","N","A","石","石","dàn、shí","huá、huà"
"cnwqi0217","primary","N","A","右","右","yòu","gù"
"cnwqi0218","primary","N","B","布","布","ruì","bù"
"cnwqi0219","primary","N","A","夯","夯","hāng、bèn","wù"
"cnwqi0220","primary","N","B","戊","戊","chī","wù"
"cnwqi0221","primary","N","B","龙","龙","móu","lóng"
"cnwqi0222","primary","N","B","平","平","cōng","píng"
"cnwqi0223","primary","N","B","灭","灭","gān","miè"
"cnwqi0224","primary","N","A","轧","轧","yà、zhá","wēi"
"cnwqi0225","primary","N","B","东","东","jiū","dōng"
"cnwqi0226","primary","N","A","卡","卡","kǎ、qiǎ","kuī"
"cnwqi0227","primary","N","A","北","北","běi、bèi","jiā"
"cnwqi0228","primary","N","A","占","占","zhàn、zhān","xiā"
"cnwqi0229","primary","N","B","凸","凸","yīn","tū"
"cnwqi0230","primary","N","A","卢","卢","lú","guàng"
"cnwqi0231","primary","N","A","业","业","yè","mào"
"cnwqi0232","primary","N","A","旧","旧","jiù","xuán、xuàn"
"cnwqi0233","primary","N","A","帅","帅","shuài","wān"
"cnwqi0234","primary","N","B","归","归","jiàn","guī"
"cnwqi0235","primary","N","B","旦","旦","máng","dàn"
"cnwqi0236","primary","N","B","目","目","hūn","mù"
"cnwqi0237","primary","N","A","且","且","qiě、jū","xù"
"cnwqi0238","primary","N","A","叶","叶","yè、xié","pǐ"
"cnwqi0239","primary","N","B","甲","甲","zān","jiǎ"
"cnwqi0240","primary","N","A","申","申","shēn","xī"
"cnwqi0241","primary","N","A","叮","叮","dīng","zhào"
"cnwqi0242","primary","N","A","电","电","diàn","héng、háng"
"cnwqi0243","primary","N","A","号","号","háo、hào","yuán"
"cnwqi0244","primary","N","B","田","田","dié","tián"
"cnwqi0245","primary","N","B","由","由","ràng","yóu"
"cnwqi0246","primary","N","B","只","只","tú","zhī、zhǐ"
"cnwqi0247","primary","N","A","叭","叭","bā","xuán"
"cnwqi0248","primary","N","B","史","史","wàng","shǐ"
"cnwqi0249","primary","N","A","央","央","yāng","miǎn"
"cnwqi0250","primary","N","A","兄","兄","xiōng","ěr"
"cnwqi0251","primary","N","B","叽","叽","tuó","jī"
"cnwqi0252","primary","N","A","叼","叼","diāo","dùn"
"cnwqi0253","primary","N","A","叫","叫","jiào","chí"
"cnwqi0254","primary","N","B","叩","叩","sī","kòu"
"cnwqi0255","primary","N","A","叨","叨","dāo、dáo、tāo","pá"
"cnwqi0256","primary","N","B","另","另","chèn","lìng"
"cnwqi0257","primary","N","A","叹","叹","tàn","cù"
"cnwqi0258","primary","N","A","冉","冉","rǎn","jī、qī"
"cnwqi0259","primary","N","A","皿","皿","mǐn","méng"
"cnwqi0260","primary","N","A","凹","凹","āo、wā","qú"
"cnwqi0261","primary","N","B","囚","囚","jūn","qiú"
"cnwqi0262","primary","N","A","四","四","sì","táo"
"cnwqi0263","primary","N","B","生","生","lǐn","shēng"
"cnwqi0264","primary","N","B","矢","矢","zhān","shǐ"
"cnwqi0265","primary","N","B","失","失","yán","shī"
"cnwqi0266","primary","N","B","乍","乍","hǎi","zhà"
"cnwqi0267","primary","N","B","禾","禾","gé","hé"
"cnwqi0268","primary","N","B","丘","丘","màn","qiū"
"cnwqi0269","primary","N","B","付","付","yuán","fù"
"cnwqi0270","primary","N","B","仗","仗","sōu","zhàng"
"cnwqi0271","primary","N","B","代","代","yīng","dài"
"cnwqi0272","primary","N","A","仙","仙","xiān","zhài"
"cnwqi0273","primary","N","B","们","们","bèi","mén、men"
"cnwqi0274","primary","N","B","仪","仪","zhě","yí"
"cnwqi0275","primary","N","B","白","白","téng","bái"
"cnwqi0276","primary","N","A","仔","仔","zǐ、zī、zǎi","yǔn"
"cnwqi0277","primary","N","A","他","他","tā","qù"
"cnwqi0278","primary","N","A","斥","斥","chì","liè"
"cnwqi0279","primary","N","A","瓜","瓜","guā","fén"
"cnwqi0280","primary","N","B","乎","乎","diàn","hū"
"cnwqi0281","primary","N","A","丛","丛","cóng","ēn"
"cnwqi0282","primary","N","A","令","令","líng、lǐng、lìng","tè"
"cnwqi0283","primary","N","B","用","用","yàn","yòng"
"cnwqi0284","primary","N","B","甩","甩","zhěn","shuǎi"
"cnwqi0285","primary","N","A","印","印","yìn","chēn"
"cnwqi0286","primary","N","B","尔","尔","cháo","ěr"
"cnwqi0287","primary","N","A","乐","乐","lè、yuè、yào、lào","shē"
"cnwqi0288","primary","N","B","句","句","wèi","jù、gōu"
"cnwqi0289","primary","N","B","匆","匆","cèng","cōng"
"cnwqi0290","primary","N","B","册","册","shèn、shén","cè"
"cnwqi0291","primary","N","A","卯","卯","mǎo","wǎng"
"cnwqi0292","primary","N","B","犯","犯","xù","fàn"
"cnwqi0293","primary","N","B","外","外","jiǔ","wài"
"cnwqi0294","primary","N","A","处","处","chǔ、chù","lóng"
"cnwqi0295","primary","N","A","冬","冬","dōng","lù"
"cnwqi0296","primary","N","B","鸟","鸟","huì","niǎo"
"cnwqi0297","primary","N","A","务","务","wù","nàn"
"cnwqi0298","primary","N","A","包","包","bāo","háo"
"cnwqi0299","primary","N","A","饥","饥","jī","gāng、gàng"
"cnwqi0300","primary","N","B","主","主","wěi、yǐ","zhǔ"
"cnwqi0301","primary","N","A","市","市","shì","liàn"
"cnwqi0302","primary","N","A","立","立","lì","hé"
"cnwqi0303","primary","N","A","冯","冯","féng、píng","zuō、zuò"
"cnwqi0304","primary","N","A","玄","玄","xuán","wǎn"
"cnwqi0305","primary","N","A","闪","闪","shǎn","duàn"
"cnwqi0306","primary","N","B","兰","兰","yàn","lán"
"cnwqi0307","primary","N","B","半","半","dì","bàn"
"cnwqi0308","primary","N","A","汁","汁","zhī","gài"
"cnwqi0309","primary","N","B","汇","汇","mài","huì"
"cnwqi0310","primary","N","A","头","头","tóu、tou","piān"
"cnwqi0311","primary","N","A","汉","汉","hàn","jí"
"cnwqi0312","primary","N","B","宁","宁","pēng","níng、nìng、zhù"
"cnwqi0313","primary","N","A","穴","穴","xué","lěi"
"cnwqi0314","primary","N","B","它","它","yǎn","tā"
"cnwqi0315","primary","N","A","讨","讨","tǎo","qióng"
"cnwqi0316","primary","N","A","写","写","xiě","wéi"
"cnwqi0317","primary","N","A","让","让","ràng","bǐng"
"cnwqi0318","primary","N","B","礼","礼","xǐ、xiǎn","lǐ"
"cnwqi0319","primary","N","A","训","训","xùn","cí"
"cnwqi0320","primary","N","B","议","议","gòu","yì"
"cnwqi0321","primary","N","A","必","必","bì","xīn"
"cnwqi0322","primary","N","B","讯","讯","yǎn","xùn"
"cnwqi0323","primary","N","B","记","记","mǐn、hūn","jì"
"cnwqi0324","primary","N","B","永","永","qíng","yǒng"
"cnwqi0325","primary","N","B","司","司","jiū","sī"
"cnwqi0326","primary","N","A","尼","尼","ní","kuì"
"cnwqi0327","primary","N","B","民","民","nǎng","mín"
"cnwqi0328","primary","N","B","弗","弗","zhé","fú"
"cnwqi0329","primary","N","B","弘","弘","qiú","hóng"
"cnwqi0330","primary","N","B","出","出","ā、á、ǎ、à、a","chū"
"cnwqi0331","primary","N","B","辽","辽","guān","liáo"
"cnwqi0332","primary","N","A","奶","奶","nǎi","jiǎn"
"cnwqi0333","primary","N","B","奴","奴","qiū","nú"
"cnwqi0334","primary","N","B","召","召","tú","shào、zhào"
"cnwqi0335","primary","N","B","加","加","hán","jiā"
"cnwqi0336","primary","N","B","皮","皮","sōng","pí"
"cnwqi0337","primary","N","A","边","边","biān","mèn"
"cnwqi0338","primary","N","A","孕","孕","yùn","lǎo"
"cnwqi0339","primary","N","A","发","发","fā、fà","liú"
"cnwqi0340","primary","N","A","圣","圣","shèng","piāo"
"cnwqi0341","primary","N","B","对","对","shè","duì"
"cnwqi0342","primary","N","A","台","台","tāi、tái","dī"
"cnwqi0343","primary","N","A","矛","矛","máo","shè"
"cnwqi0344","primary","N","B","纠","纠","zhàn","jiū"
"cnwqi0345","primary","N","B","母","母","bā","mǔ"
"cnwqi0346","primary","N","B","幼","幼","yīn、yān、yǐn","yòu"
"cnwqi0347","primary","N","B","丝","丝","qiàn、qiè","sī"
"cnwqi0348","primary","N","A","邦","邦","bāng","kuī、lǐ"
"cnwqi0349","primary","N","B","式","式","mí","shì"
"cnwqi0350","primary","N","A","迂","迂","yū","yòu"
"cnwqi0351","primary","N","A","刑","刑","xíng","dǎng、dàng"
"cnwqi0352","primary","N","B","戎","戎","niè、rěn","róng"
"cnwqi0353","primary","N","A","动","动","dòng","zǎn、cuán"
"cnwqi0354","primary","N","B","扛","扛","yé","gāng、káng"
"cnwqi0355","primary","N","B","寺","寺","mài","sì"
"cnwqi0356","primary","N","B","吉","吉","měng","jí"
"cnwqi0357","primary","N","A","扣","扣","kòu","chī"
"cnwqi0358","primary","N","B","考","考","tī","kǎo"
"cnwqi0359","primary","N","A","托","托","tuō","táng"
"cnwqi0360","primary","N","B","老","老","dǒng","lǎo"
"cnwqi0361","primary","N","B","巩","巩","rú","gǒng"
"cnwqi0362","primary","N","B","圾","圾","liè","jī"
"cnwqi0363","primary","N","B","执","执","dòng","zhí"
"cnwqi0364","primary","N","B","扩","扩","chéng","kuò"
"cnwqi0365","primary","N","A","扫","扫","sǎo、sào","gǔ"
"cnwqi0366","primary","N","A","地","地","de、dì","zhēn"
"cnwqi0367","primary","N","B","场","场","yàn","cháng、chǎng"
"cnwqi0368","primary","N","B","扬","扬","jì","yáng"
"cnwqi0369","primary","N","B","耳","耳","chě","ěr"
"cnwqi0370","primary","N","A","芋","芋","yù","gù"
"cnwqi0371","primary","N","B","共","共","pián","gòng、gōng"
"cnwqi0372","primary","N","B","芒","芒","mào","máng"
"cnwqi0373","primary","N","B","亚","亚","zhì、chóu、shì","yà"
"cnwqi0374","primary","N","A","芝","芝","zhī","cǎo"
"cnwqi0375","primary","N","A","朽","朽","xiǔ","bó、bèi"
"cnwqi0376","primary","N","B","朴","朴","hūn","pǔ、pò、pō、piáo"
"cnwqi0377","primary","N","A","机","机","jī","péi"
"cnwqi0378","primary","N","B","权","权","chuáng、zhuàng","quán"
"cnwqi0379","primary","N","B","过","过","sāo、sǎo","guò、guo、guō"
"cnwqi0380","primary","N","B","臣","臣","zhuó","chén"
"cnwqi0381","primary","N","B","吏","吏","guān","lì"
"cnwqi0382","primary","N","B","再","再","zēng","zài"
"cnwqi0383","primary","N","B","协","协","fū","xié"
"cnwqi0384","primary","N","A","西","西","xī","ǒu"
"cnwqi0385","primary","N","A","压","压","yā、yà","kǎn"
"cnwqi0386","primary","N","B","厌","厌","chā、chá、chǎ、chà","yàn"
"cnwqi0387","primary","N","B","戌","戌","dí","qu、xū"
"cnwqi0388","primary","N","B","在","在","shǔ","zài"
"cnwqi0389","primary","N","B","百","百","zhū","bǎi"
"cnwqi0390","primary","N","A","有","有","yǒu、yòu","yè"
"cnwqi0391","primary","N","A","存","存","cún","liáo"
"cnwqi0392","primary","N","B","而","而","biàn","ér"
"cnwqi0393","primary","N","B","页","页","xiàn","yè"
"cnwqi0394","primary","N","B","匠","匠","quán","jiàng"
"cnwqi0395","primary","N","B","夸","夸","shǐ","kuā、kuà"
"cnwqi0396","primary","N","B","夺","夺","yàn","duó"
"cnwqi0397","primary","N","A","灰","灰","huī","sī"
"cnwqi0398","primary","N","B","达","达","sù","dá"
"cnwqi0399","primary","N","B","列","列","mā","liè"
"cnwqi0400","primary","N","A","死","死","sǐ","ǒu"
"cnwqi0401","primary","N","B","成","成","wū","chéng"
"cnwqi0402","primary","N","B","夹","夹","chóu","gā、jiā、jiá"
"cnwqi0403","primary","N","B","夷","夷","liú","yí"
"cnwqi0404","primary","N","B","轨","轨","fén","guǐ"
"cnwqi0405","primary","N","A","邪","邪","xié、yá、yé、yú、xú","fán"
"cnwqi0406","primary","N","A","尧","尧","yáo","míng"
"cnwqi0407","primary","N","B","划","划","qióng","huá、huà"
"cnwqi0408","primary","N","B","迈","迈","xǐ","mài"
"cnwqi0409","primary","N","B","毕","毕","mò、mù","bì"
"cnwqi0410","primary","N","A","至","至","zhì","quán"
"cnwqi0411","primary","N","B","此","此","wù","cǐ"
"cnwqi0412","primary","N","A","贞","贞","zhēn","yǐng"
"cnwqi0413","primary","N","B","师","师","gé","shī"
"cnwqi0414","primary","N","A","尘","尘","chén","hán"
"cnwqi0415","primary","N","A","尖","尖","jiān","nán"
"cnwqi0416","primary","N","B","劣","劣","shè","liè"
"cnwqi0417","primary","N","A","光","光","guāng","fù"
"cnwqi0418","primary","N","A","当","当","dāng、dàng","tā"
"cnwqi0419","primary","N","B","早","早","xún","zǎo"
"cnwqi0420","primary","N","A","吁","吁","xū、yū、yù","piě"
"cnwqi0421","primary","N","A","吐","吐","tǔ、tù","xīn"
"cnwqi0422","primary","N","A","吓","吓","hè、xià","dǎng"
"cnwqi0423","primary","N","A","虫","虫","chóng","cōng"
"cnwqi0424","primary","N","A","曲","曲","qū、qǔ","huì"
"cnwqi0425","primary","N","A","团","团","tuán","chá、zhā"
"cnwqi0426","primary","N","A","吕","吕","lǚ","wú"
"cnwqi0427","primary","N","A","同","同","tóng、tòng","qiān"
"cnwqi0428","primary","N","A","吊","吊","diào","lè"
"cnwqi0429","primary","N","B","吃","吃","yǎn","chī"
"cnwqi0430","primary","N","B","因","因","cuò","yīn"
"cnwqi0431","primary","N","A","吸","吸","xī","lěi"
"cnwqi0432","primary","N","A","吗","吗","má、mǎ、ma","qí"
"cnwqi0433","primary","N","A","吆","吆","yāo","cài"
"cnwqi0434","primary","N","A","屿","屿","yǔ","ěr"
"cnwqi0435","primary","N","B","屹","屹","juān","yì"
"cnwqi0436","primary","N","A","岁","岁","suì","wéi"
"cnwqi0437","primary","N","A","帆","帆","fān","huái"
"cnwqi0438","primary","N","A","回","回","huí","wū"
"cnwqi0439","primary","N","A","岂","岂","qǐ、kǎi","wò"
"cnwqi0440","primary","N","A","则","则","zé","jiǎn"
"cnwqi0441","primary","N","B","刚","刚","yīng","gāng"
"cnwqi0442","primary","N","B","网","网","ráng、xiāng","wǎng"
"cnwqi0443","primary","N","B","肉","肉","shǐ","ròu"
"cnwqi0444","primary","N","A","年","年","nián","bǔ"
"cnwqi0445","primary","N","B","朱","朱","lǜ","zhū、shú"
"cnwqi0446","primary","N","A","先","先","xiān","guò、guo、guō"
"cnwqi0447","primary","N","A","丢","丢","diū","huái"
"cnwqi0448","primary","N","B","廷","廷","lián","tíng"
"cnwqi0449","primary","N","B","舌","舌","tuí","shé"
"cnwqi0450","primary","N","B","竹","竹","qián","zhú"
"cnwqi0451","primary","N","A","迁","迁","qiān","dié"
"cnwqi0452","primary","N","A","乔","乔","qiáo","xún、huán"
"cnwqi0453","primary","N","A","迄","迄","qì","jūn"
"cnwqi0454","primary","N","B","伟","伟","tū","wěi"
"cnwqi0455","primary","N","B","传","传","xiǔ","chuán、zhuàn"
"cnwqi0456","primary","N","B","乒","乒","měng","pīng"
"cnwqi0457","primary","N","A","乓","乓","pāng","gǔ"
"cnwqi0458","primary","N","B","休","休","tā","xiū、xǔ"
"cnwqi0459","primary","N","A","伍","伍","wǔ","chǎng"
"cnwqi0460","primary","N","B","伏","伏","yuē","fú"
"cnwqi0461","primary","N","A","优","优","yōu","qiáo"
"cnwqi0462","primary","N","B","臼","臼","fáng","jiù"
"cnwqi0463","primary","N","A","伐","伐","fá","yǔ"
"cnwqi0464","primary","N","A","延","延","yán","lài"
"cnwqi0465","primary","N","B","仲","仲","fú","zhòng"
"cnwqi0466","primary","N","B","件","件","miù","jiàn"
"cnwqi0467","primary","N","B","任","任","náo","rén、rèn"
"cnwqi0468","primary","N","B","伤","伤","fū","shāng"
"cnwqi0469","primary","N","A","价","价","jià、jiè、jie","qiàn"
"cnwqi0470","primary","N","A","伦","伦","lún","cǎi"
"cnwqi0471","primary","N","B","份","份","bǔ","fèn、bīn"
"cnwqi0472","primary","N","B","华","华","dùn","huá、huà、huā"
"cnwqi0473","primary","N","A","仰","仰","yǎng、áng","yì"
"cnwqi0474","primary","N","B","仿","仿","piān、piàn","fǎng"
"cnwqi0475","primary","N","A","伙","伙","huǒ","líng"
"cnwqi0476","primary","N","A","伪","伪","wěi","ne、ní"
"cnwqi0477","primary","N","B","自","自","sāo","zì"
"cnwqi0478","primary","N","A","伊","伊","yī","chéng"
"cnwqi0479","primary","N","A","血","血","xiě、xuè","pī"
"cnwqi0480","primary","N","B","向","向","xiá","xiàng"
"cnwqi0481","primary","N","B","似","似","suǒ","shì、sì"
"cnwqi0482","primary","N","A","后","后","hòu","yì"
"cnwqi0483","primary","N","B","行","行","jīn、qín、guān","háng、héng、xíng"
"cnwqi0484","primary","N","A","舟","舟","zhōu","yuè"
"cnwqi0485","primary","N","A","全","全","quán","nào"
"cnwqi0486","primary","N","B","会","会","tiě","huì、kuài"
"cnwqi0487","primary","N","A","杀","杀","shā","là"
"cnwqi0488","primary","N","B","合","合","cáo","gě、hé"
"cnwqi0489","primary","N","B","兆","兆","wǎn、yuān","zhào"
"cnwqi0490","primary","N","A","企","企","qǐ","mài"
"cnwqi0491","primary","N","B","众","众","xiōng","zhòng"
"cnwqi0492","primary","N","A","爷","爷","yé","chǎ"
"cnwqi0493","primary","N","A","伞","伞","sǎn","qū"
"cnwqi0494","primary","N","A","创","创","chuāng、chuàng","cài"
"cnwqi0495","primary","N","A","肌","肌","jī","xūn"
"cnwqi0496","primary","N","A","肋","肋","lèi、lē","chǎng"
"cnwqi0497","primary","N","A","朵","朵","duǒ","jī"
"cnwqi0498","primary","N","B","杂","杂","bīng","zá"
"cnwqi0499","primary","N","B","危","危","tā","wēi"
"cnwqi0500","primary","N","B","旬","旬","zhuī","xún"
"cnwqi0501","primary","N","A","旨","旨","zhǐ","shì"
"cnwqi0502","primary","N","A","旭","旭","xù","sōu"
"cnwqi0503","primary","N","A","负","负","fù","jiá"
"cnwqi0504","primary","N","B","匈","匈","hōng","xiōng"
"cnwqi0505","primary","N","B","名","名","chuǎn","míng"
"cnwqi0506","primary","N","B","各","各","qú","gè、gě"
"cnwqi0507","primary","N","B","多","多","gān","duō"
"cnwqi0508","primary","N","B","争","争","qí","zhēng"
"cnwqi0509","primary","N","A","色","色","sè、shǎi","gū"
"cnwqi0510","primary","N","B","壮","壮","měi","zhuàng"
"cnwqi0511","primary","N","B","冲","冲","èr、nài","chōng、chòng"
"cnwqi0512","primary","N","B","妆","妆","è、e","zhuāng"
"cnwqi0513","primary","N","A","冰","冰","bīng","dòng"
"cnwqi0514","primary","N","B","庄","庄","qiū","zhuāng"
"cnwqi0515","primary","N","A","庆","庆","qìng","tán"
"cnwqi0516","primary","N","B","亦","亦","wēi","yì"
"cnwqi0517","primary","N","A","刘","刘","liú","yáo"
"cnwqi0518","primary","N","B","齐","齐","jiān","qí"
"cnwqi0519","primary","N","A","交","交","jiāo","liè"
"cnwqi0520","primary","N","A","衣","衣","yī","qiú"
"cnwqi0521","primary","N","B","次","次","gāo","cì"
"cnwqi0522","primary","N","B","产","产","wěn","chǎn"
"cnwqi0523","primary","N","A","决","决","jué","xiàn"
"cnwqi0524","primary","N","A","亥","亥","hài","nǎo"
"cnwqi0525","primary","N","B","充","充","bā","chōng"
"cnwqi0526","primary","N","A","妄","妄","wàng","bá"
"cnwqi0527","primary","N","A","闭","闭","bì","ō"
"cnwqi0528","primary","N","A","问","问","wèn","bà"
"cnwqi0529","primary","N","B","闯","闯","xuàn","chuǎng"
"cnwqi0530","primary","N","B","羊","羊","bā","yáng、xiáng"
"cnwqi0531","primary","N","A","并","并","bìng、bīng","bèi"
"cnwqi0532","primary","N","B","关","关","wū","guān"
"cnwqi0533","primary","N","A","米","米","mǐ","jié"
"cnwqi0534","primary","N","B","灯","灯","hū","dēng"
"cnwqi0535","primary","N","B","州","州","zhì","zhōu"
"cnwqi0536","primary","N","B","汗","汗","āi","hán、hàn"
"cnwqi0537","primary","N","B","污","污","lì","wū"
"cnwqi0538","primary","N","B","江","江","jǐn、jìn","jiāng"
"cnwqi0539","primary","N","A","汛","汛","xùn","lún、guān"
"cnwqi0540","primary","N","B","池","池","yán","chí"
"cnwqi0541","primary","N","A","汝","汝","rǔ","xiū"
"cnwqi0542","primary","N","B","汤","汤","bǎng、bàng","tāng、shāng"
"cnwqi0543","primary","N","A","忙","忙","máng","fū"
"cnwqi0544","primary","N","A","兴","兴","xīng、xìng","suō、sù"
"cnwqi0545","primary","N","B","宇","宇","yē","yǔ"
"cnwqi0546","primary","N","B","守","守","dú","shǒu"
"cnwqi0547","primary","N","A","宅","宅","zhái","yǎn"
"cnwqi0548","primary","N","A","字","字","zì","chì"
"cnwqi0549","primary","N","B","安","安","zuò","ān"
"cnwqi0550","primary","N","B","讲","讲","chéng","jiǎng"
"cnwqi0551","primary","N","B","讳","讳","chà","huì"
"cnwqi0552","primary","N","B","军","军","yū","jūn"
"cnwqi0553","primary","N","B","讶","讶","yuè","yà"
"cnwqi0554","primary","N","B","许","许","lì","xǔ、hǔ"
"cnwqi0555","primary","N","B","讹","讹","mò","é"
"cnwqi0556","primary","N","A","论","论","lún、lùn","xiáng"
"cnwqi0557","primary","N","B","讼","讼","jiā","sòng"
"cnwqi0558","primary","N","B","农","农","yí、dài","nóng"
"cnwqi0559","primary","N","B","讽","讽","zhèng","fěng"
"cnwqi0560","primary","N","B","设","设","jìn","shè"
"cnwqi0561","primary","N","B","访","访","nǎi","fǎng"
"cnwqi0562","primary","N","B","诀","诀","bì","jué"
"cnwqi0563","primary","N","B","寻","寻","qú、xù、chǔn","xún"
"cnwqi0564","primary","N","B","那","那","dì","nà、nǎ、nèi、nā"
"cnwqi0565","primary","N","B","迅","迅","lán","xùn"
"cnwqi0566","primary","N","A","尽","尽","jǐn、jìn","zhēn"
"cnwqi0567","primary","N","B","导","导","jiǔ","dǎo"
"cnwqi0568","primary","N","A","异","异","yì","chǎn"
"cnwqi0569","primary","N","B","弛","弛","lí","chí"
"cnwqi0570","primary","N","B","孙","孙","xǐ","sūn、xùn"
"cnwqi0571","primary","N","B","阵","阵","bì","zhèn"
"cnwqi0572","primary","N","A","阳","阳","yáng","jī"
"cnwqi0573","primary","N","B","收","收","dàn","shōu"
"cnwqi0574","primary","N","A","阶","阶","jiē","yǎn"
"cnwqi0575","primary","N","B","阴","阴","dū","yīn"
"cnwqi0576","primary","N","B","防","防","qiǎng、qiāng、chēng","fáng"
"cnwqi0577","primary","N","B","奸","奸","tuó","jiān"
"cnwqi0578","primary","N","A","如","如","rú","sàn、sǎ"
"cnwqi0579","primary","N","A","妇","妇","fù","huī"
"cnwqi0580","primary","N","A","妃","妃","fēi、pèi","bì"
"cnwqi0581","primary","N","B","好","好","léi","hǎo、hào"
"cnwqi0582","primary","N","A","她","她","tā、jiě","dì"
"cnwqi0583","primary","N","B","妈","妈","jì","mā"
"cnwqi0584","primary","N","B","戏","戏","tuí","xì、hū"
"cnwqi0585","primary","N","B","羽","羽","náo","yǔ"
"cnwqi0586","primary","N","B","观","观","pú","guān、guàn"
"cnwqi0587","primary","N","B","欢","欢","hǒu","huān"
"cnwqi0588","primary","N","A","买","买","mǎi","ōu"
"cnwqi0589","primary","N","A","红","红","hóng、gōng","pián"
"cnwqi0590","primary","N","A","驮","驮","duò、tuó","fén"
"cnwqi0591","primary","N","B","纤","纤","xuǎn","qiàn、xiān"
"cnwqi0592","primary","N","B","驯","驯","diàn","xùn"
"cnwqi0593","primary","N","A","约","约","yāo、yuē","huà"
"cnwqi0594","primary","N","B","级","级","jí、qì","jí"
"cnwqi0595","primary","N","B","纪","纪","tóng","jǐ、jì"
"cnwqi0596","primary","N","A","驰","驰","chí","lǚ"
"cnwqi0597","primary","N","A","纫","纫","rèn","jū、qū"
"cnwqi0598","primary","N","B","巡","巡","qí","xún"
"cnwqi0599","primary","N","B","寿","寿","xiè","shòu"
"cnwqi0600","primary","N","A","弄","弄","lòng、nòng","méi"
"cnwqi0601","primary","N","B","麦","麦","jù","mài"
"cnwqi0602","primary","N","B","玖","玖","yóu","jiǔ"
"cnwqi0603","primary","N","B","玛","玛","dài、dāi","mǎ"
"cnwqi0604","primary","N","A","形","形","xíng","hóng"
"cnwqi0605","primary","N","B","进","进","tiáo、tiāo","jìn"
"cnwqi0606","primary","N","A","戒","戒","jiè","lài"
"cnwqi0607","primary","N","A","吞","吞","tūn","guāng、guàng"
"cnwqi0608","primary","N","B","远","远","xīng","yuǎn、yuàn"
"cnwqi0609","primary","N","B","违","违","zhuī","wéi"
"cnwqi0610","primary","N","B","韧","韧","hǎn","rèn"
"cnwqi0611","primary","N","B","运","运","lěi","yùn"
"cnwqi0612","primary","N","A","扶","扶","fú","shǔ"
"cnwqi0613","primary","N","B","抚","抚","xiǎn","fǔ"
"cnwqi0614","primary","N","B","坛","坛","fù、pì","tán"
"cnwqi0615","primary","N","A","技","技","jì","máo"
"cnwqi0616","primary","N","B","坏","坏","mò","huài"
"cnwqi0617","primary","N","B","抠","抠","lì","kōu"
"cnwqi0618","primary","N","B","扰","扰","chāng","rǎo"
"cnwqi0619","primary","N","B","扼","扼","shù","è"
"cnwqi0620","primary","N","A","拒","拒","jù","huái"
"cnwqi0621","primary","N","A","找","找","zhǎo","hún"
"cnwqi0622","primary","N","B","批","批","niān","pī"
"cnwqi0623","primary","N","A","址","址","zhǐ","kuài"
"cnwqi0624","primary","N","B","扯","扯","nǎo","chě"
"cnwqi0625","primary","N","B","走","走","yóu","zǒu"
"cnwqi0626","primary","N","B","抄","抄","fū","chāo"
"cnwqi0627","primary","N","A","贡","贡","gòng","mó"
"cnwqi0628","primary","N","A","汞","汞","gǒng","líng"
"cnwqi0629","primary","N","B","坝","坝","bēn、bèn","bà"
"cnwqi0630","primary","N","A","攻","攻","gōng","bò、bǒ"
"cnwqi0631","primary","N","B","赤","赤","pǔ","chì"
"cnwqi0632","primary","N","B","折","折","dí","shé、zhē、zhé"
"cnwqi0633","primary","N","B","抓","抓","bēi","zhuā"
"cnwqi0634","primary","N","B","扳","扳","bàn","bān"
"cnwqi0635","primary","N","B","抡","抡","mài","lūn、lún"
"cnwqi0636","primary","N","A","扮","扮","bàn","qī"
"cnwqi0637","primary","N","A","抢","抢","qiǎng、qiāng、chēng","jiàn、xiàn"
"cnwqi0638","primary","N","B","孝","孝","fēi","xiào"
"cnwqi0639","primary","N","B","坎","坎","gāng","kǎn"
"cnwqi0640","primary","N","A","均","均","jūn","làng"
"cnwqi0641","primary","N","A","抑","抑","yì","xián"
"cnwqi0642","primary","N","A","抛","抛","pāo",""
"cnwqi0643","primary","N","B","投","投","èn","tóu"
"cnwqi0644","primary","N","A","坟","坟","fén","xù"
"cnwqi0645","primary","N","B","坑","坑","yōng、yòng","kēng"
"cnwqi0646","primary","N","A","抗","抗","kàng","háo"
"cnwqi0647","primary","N","A","坊","坊","fāng、fáng","guān、guàn"
"cnwqi0648","primary","N","B","抖","抖","kèn","dǒu"
"cnwqi0649","primary","N","B","护","护","wò","hù"
"cnwqi0650","primary","N","B","壳","壳","niè","ké、qiào"
"cnwqi0651","primary","N","A","志","志","zhì","jì、qí"
"cnwqi0652","primary","N","B","块","块","bó","kuài"
"cnwqi0653","primary","N","B","扭","扭","yì","niǔ"
"cnwqi0654","primary","N","B","声","声","gōu、gòu","shēng"
"cnwqi0655","primary","N","B","把","把","chí","bǎ、bà"
"cnwqi0656","primary","N","A","报","报","bào","héng"
"cnwqi0657","primary","N","B","拟","拟","jiè、kè","nǐ"
"cnwqi0658","primary","N","B","却","却","xuān","què"
"cnwqi0659","primary","N","B","抒","抒","xùn","shū"
"cnwqi0660","primary","N","A","劫","劫","jié","xìn、shēn"
"cnwqi0661","primary","N","A","芙","芙","fú","qiú"
"cnwqi0662","primary","N","A","芜","芜","wú","guó"
"cnwqi0663","primary","N","A","苇","苇","wěi","tú"
"cnwqi0664","primary","N","A","芽","芽","yá","sǎng"
"cnwqi0665","primary","N","A","花","花","huā","qiān"
"cnwqi0666","primary","N","B","芹","芹","hú、hè","qín"
"cnwqi0667","primary","N","B","芥","芥","yòu","gài、jiè"
"cnwqi0668","primary","N","A","芬","芬","fēn","zhú"
"cnwqi0669","primary","N","B","苍","苍","zhǐ","cāng"
"cnwqi0670","primary","N","B","芳","芳","gā","fāng"
"cnwqi0671","primary","N","A","严","严","yán","sǒng"
"cnwqi0672","primary","N","B","芦","芦","tíng","lú、lǔ"
"cnwqi0673","primary","N","B","芯","芯","xún","xīn、xìn"
"cnwqi0674","primary","N","B","劳","劳","fù","láo"
"cnwqi0675","primary","N","B","克","克","dàn","kè"
"cnwqi0676","primary","N","B","芭","芭","tóu","bā"
"cnwqi0677","primary","N","A","苏","苏","sū、sù","zhān"
"cnwqi0678","primary","N","A","杆","杆","gān、gǎn","cān"
"cnwqi0679","primary","N","A","杠","杠","gàng、gāng","shuǐ"
"cnwqi0680","primary","N","A","杜","杜","dù","diàn"
"cnwqi0681","primary","N","B","材","材","xián","cái"
"cnwqi0682","primary","N","B","村","村","pēng","cūn"
"cnwqi0683","primary","N","B","杖","杖","xǐ","zhàng"
"cnwqi0684","primary","N","A","杏","杏","xìng","mào"
"cnwqi0685","primary","N","A","杉","杉","shā、shān","suí"
"cnwqi0686","primary","N","A","巫","巫","wū","diǎ"
"cnwqi0687","primary","N","B","极","极","dèn","jí"
"cnwqi0688","primary","N","A","李","李","lǐ","qú、jù"
"cnwqi0689","primary","N","B","杨","杨","niè","yáng"
"cnwqi0690","primary","N","B","求","求","dài","qiú"
"cnwqi0691","primary","N","A","甫","甫","fǔ","líng"
"cnwqi0692","primary","N","B","匣","匣","yuán","xiá"
"cnwqi0693","primary","N","A","更","更","gēng、gèng","ào、yù"
"cnwqi0694","primary","N","B","束","束","tà、dá","shù"
"cnwqi0695","primary","N","A","吾","吾","wú、yù","wēi、wǎi"
"cnwqi0696","primary","N","A","豆","豆","dòu","jiǎo"
"cnwqi0697","primary","N","A","两","两","liǎng","qīn"
"cnwqi0698","primary","N","A","酉","酉","yǒu","jùn"
"cnwqi0699","primary","N","A","丽","丽","lí、lì","běn"
"cnwqi0700","primary","N","B","医","医","huò","yī"
"cnwqi0701","primary","N","B","辰","辰","diàn","chén"
"cnwqi0702","primary","N","A","励","励","lì","cí"
"cnwqi0703","primary","N","A","否","否","fǒu、pǐ","zhòu"
"cnwqi0704","primary","N","A","还","还","hái、huán","tè"
"cnwqi0705","primary","N","B","尬","尬","cuō","gà"
"cnwqi0706","primary","N","A","歼","歼","jiān","yì"
"cnwqi0707","primary","N","B","来","来","jié","lái"
"cnwqi0708","primary","N","B","连","连","zhì","lián"
"cnwqi0709","primary","N","A","轩","轩","xuān","lú"
"cnwqi0710","primary","N","B","步","步","yān","bù"
"cnwqi0711","primary","N","A","卤","卤","lǔ","lōu"
"cnwqi0712","primary","N","B","坚","坚","mù","jiān"
"cnwqi0713","primary","N","A","肖","肖","xiāo、xiào","lì"
"cnwqi0714","primary","N","B","旱","旱","hàn","hàn"
"cnwqi0715","primary","N","A","盯","盯","dīng","yuàn"
"cnwqi0716","primary","N","B","呈","呈","lún","chéng"
"cnwqi0717","primary","N","A","时","时","shí","tǎng"
"cnwqi0718","primary","N","B","吴","吴","sè、shǎi","wú"
"cnwqi0719","primary","N","A","助","助","zhù、chú","jìn"
"cnwqi0720","primary","N","B","县","县","shuāi","xiàn、xuán"
"cnwqi0721","primary","N","A","里","里","lǐ","shǐ"
"cnwqi0722","primary","N","A","呆","呆","dāi","kuí"
"cnwqi0723","primary","N","A","吱","吱","zhī、zī","gàng、zhuàng"
"cnwqi0724","primary","N","B","吠","吠","jī","fèi"
"cnwqi0725","primary","N","B","呕","呕","zàng","ǒu、ōu、òu"
"cnwqi0726","primary","N","B","园","园","chè","yuán"
"cnwqi0727","primary","N","A","旷","旷","kuàng","chūn"
"cnwqi0728","primary","N","B","围","围","bēi","wéi"
"cnwqi0729","primary","N","A","呀","呀","yā、ya","jí"
"cnwqi0730","primary","N","B","吨","吨","bì","dūn"
"cnwqi0731","primary","N","B","足","足","guǐ","zú"
"cnwqi0732","primary","N","A","邮","邮","yóu","zī、cí"
"cnwqi0733","primary","N","B","男","男","luò、lào","nán"
"cnwqi0734","primary","N","B","困","困","gōng、gòng","kùn"
"cnwqi0735","primary","N","A","吵","吵","chāo、chǎo","méi"
"cnwqi0736","primary","N","A","串","串","chuàn","chuán"
"cnwqi0737","primary","N","A","员","员","yuán、yún、yùn","zhǒng"
"cnwqi0738","primary","N","B","呐","呐","zhì","nà、nè"
"cnwqi0739","primary","N","B","听","听","wān","tīng"
"cnwqi0740","primary","N","B","吟","吟","fēng","yín"
"cnwqi0741","primary","N","B","吩","吩","cèng","fēn"
"cnwqi0742","primary","N","B","呛","呛","cháo、zhāo","qiāng、qiàng"
"cnwqi0743","primary","N","A","吻","吻","wěn","zhé"
"cnwqi0744","primary","N","B","吹","吹","dǎng、dàng","chuī"
"cnwqi0745","primary","N","B","呜","呜","jiǎ、xiá、xiā","wū"
"cnwqi0746","primary","N","B","吭","吭","jiǒng","háng、kēng"
"cnwqi0747","primary","N","A","吧","吧","bā、ba","pī、pí、bǐ"
"cnwqi0748","primary","N","A","邑","邑","yì","èn"
"cnwqi0749","primary","N","B","吼","吼","sù","hǒu"
"cnwqi0750","primary","N","A","囤","囤","dùn、tún","sǒng"
"cnwqi0751","primary","N","A","别","别","bié、biè","míng"
"cnwqi0752","primary","N","A","吮","吮","shǔn","gā、jiá"
"cnwqi0753","primary","N","B","岖","岖","chì","qū"
"cnwqi0754","primary","N","A","岗","岗","gāng、gǎng","ào"
"cnwqi0755","primary","N","A","帐","帐","zhàng","lù"
"cnwqi0756","primary","N","B","财","财","biàn","cái"
"cnwqi0757","primary","N","A","针","针","zhēn","fù"
"cnwqi0758","primary","N","A","钉","钉","dīng、dìng","huì"
"cnwqi0759","primary","N","A","牡","牡","mǔ","chéng、chěng"
"cnwqi0760","primary","N","A","告","告","gào","chuī"
"cnwqi0761","primary","N","B","我","我","suì","wǒ"
"cnwqi0762","primary","N","A","乱","乱","luàn","tì"
"cnwqi0763","primary","N","A","利","利","lì","gē"
"cnwqi0764","primary","N","B","秃","秃","wēng","tū"
"cnwqi0765","primary","N","B","秀","秀","zǎi","xiù"
"cnwqi0766","primary","N","B","私","私","fèi","sī"
"cnwqi0767","primary","N","B","每","每","cūn","měi"
"cnwqi0768","primary","N","B","兵","兵","níng","bīng"
"cnwqi0769","primary","N","B","估","估","hóng","gū、gù"
"cnwqi0770","primary","N","B","体","体","yóu","tī、tǐ"
"cnwqi0771","primary","N","B","何","何","chēng","hé、hē、hè"
"cnwqi0772","primary","N","B","佐","佐","xuàn","zuǒ"
"cnwqi0773","primary","N","A","佑","佑","yòu","shēn"
"cnwqi0774","primary","N","B","但","但","yín","dàn"
"cnwqi0775","primary","N","A","伸","伸","shēn","kāng"
"cnwqi0776","primary","N","B","佃","佃","kuǐ","diàn、tián"
"cnwqi0777","primary","N","B","作","作","chuāng、chuàng","zuō、zuò"
"cnwqi0778","primary","N","A","伯","伯","bó、bǎi、bà","gē"
"cnwqi0779","primary","N","B","伶","伶","fēi、fěi","líng"
"cnwqi0780","primary","N","B","佣","佣","lù、lǜ","yōng、yòng"
"cnwqi0781","primary","N","B","低","低","lí","dī"
"cnwqi0782","primary","N","A","你","你","nǐ","cóng、zòng"
"cnwqi0783","primary","N","A","住","住","zhù","yóu"
"cnwqi0784","primary","N","A","位","位","wèi","fǔ"
"cnwqi0785","primary","N","B","伴","伴","zhōng","bàn"
"cnwqi0786","primary","N","B","身","身","bāo、fú","shēn"
"cnwqi0787","primary","N","A","皂","皂","zào","pèi"
"cnwqi0788","primary","N","B","伺","伺","lěng","cì、sì"
"cnwqi0789","primary","N","A","佛","佛","fó、fú、bì、bó","guān"
"cnwqi0790","primary","N","A","囱","囱","cōng","zhí"
"cnwqi0791","primary","N","B","近","近","huō","jìn"
"cnwqi0792","primary","N","B","彻","彻","yù","chè"
"cnwqi0793","primary","N","B","役","役","wù","yì"
"cnwqi0794","primary","N","B","返","返","hān","fǎn"
"cnwqi0795","primary","N","A","余","余","yú","sào、sǎo"
"cnwqi0796","primary","N","B","希","希","gǒng","xī"
"cnwqi0797","primary","N","A","坐","坐","zuò","kè"
"cnwqi0798","primary","N","B","谷","谷","míng","gǔ"
"cnwqi0799","primary","N","B","妥","妥","qǐng","tuǒ"
"cnwqi0800","primary","N","A","含","含","hán","guō"
"cnwqi0801","primary","N","B","邻","邻","dāi","lín"
"cnwqi0802","primary","N","A","岔","岔","chà","dí"
"cnwqi0803","primary","N","A","肝","肝","gān","yīn"
"cnwqi0804","primary","N","A","肛","肛","gāng","yí、dài"
"cnwqi0805","primary","N","A","肚","肚","dǔ、dù","xū"
"cnwqi0806","primary","N","A","肘","肘","zhǒu","yìn、xūn"
"cnwqi0807","primary","N","B","肠","肠","yì","cháng"
"cnwqi0808","primary","N","A","龟","龟","guī、jūn、qiū","dá"
"cnwqi0809","primary","N","A","甸","甸","diàn、tián、shèng","zhū"
"cnwqi0810","primary","N","A","免","免","miǎn","guǐ"
"cnwqi0811","primary","N","B","狂","狂","xiě、xuè","kuáng"
"cnwqi0812","primary","N","A","犹","犹","yóu","líng"
"cnwqi0813","primary","N","A","狈","狈","bèi","háo"
"cnwqi0814","primary","N","A","角","角","jiǎo、jué","hā、kē"
"cnwqi0815","primary","N","A","删","删","shān","bào、pù"
"cnwqi0816","primary","N","A","条","条","tiáo、tiāo","miāo"
"cnwqi0817","primary","N","B","彤","彤","yīng","tóng"
"cnwqi0818","primary","N","B","卵","卵","yuè","luǎn"
"cnwqi0819","primary","N","B","灸","灸","méng","jiǔ"
"cnwqi0820","primary","N","A","岛","岛","dǎo","yuè"
"cnwqi0821","primary","N","A","刨","刨","bào、páo","zhā"
"cnwqi0822","primary","N","B","迎","迎","hào","yíng"
"cnwqi0823","primary","N","B","饭","饭","jiāo","fàn"
"cnwqi0824","primary","N","B","饮","饮","cāng","yǐn、yìn"
"cnwqi0825","primary","N","A","系","系","jì、xì","jiǒng"
"cnwqi0826","primary","N","A","言","言","yán","shì"
"cnwqi0827","primary","N","B","冻","冻","fēng","dòng"
"cnwqi0828","primary","N","A","状","状","zhuàng","bié、biè"
"cnwqi0829","primary","N","B","亩","亩","lín","mǔ"
"cnwqi0830","primary","N","A","况","况","kuàng","sī"
"cnwqi0831","primary","N","A","床","床","chuáng","tún"
"cnwqi0832","primary","N","A","库","库","kù","měi"
"cnwqi0833","primary","N","B","庇","庇","chán","bì"
"cnwqi0834","primary","N","A","疗","疗","liáo","pín"
"cnwqi0835","primary","N","B","吝","吝","zá","lìn"
"cnwqi0836","primary","N","B","应","应","gěng","yīng、yìng"
"cnwqi0837","primary","N","B","这","这","qū","zhè、zhèi"
"cnwqi0838","primary","N","A","冷","冷","lěng","gěng"
"cnwqi0839","primary","N","A","庐","庐","lú","bù"
"cnwqi0840","primary","N","A","序","序","xù","gàng"
"cnwqi0841","primary","N","A","辛","辛","xīn","xiǎo"
"cnwqi0842","primary","N","B","弃","弃","zhēn、qín","qì"
"cnwqi0843","primary","N","A","冶","冶","yě","yáng"
"cnwqi0844","primary","N","A","忘","忘","wàng","jù"
"cnwqi0845","primary","N","A","闰","闰","rùn","tí、tǐ"
"cnwqi0846","primary","N","B","闲","闲","quān、juàn","xián"
"cnwqi0847","primary","N","B","间","间","pěng","jiān、jiàn"
"cnwqi0848","primary","N","B","闷","闷","yán","mēn、mèn"
"cnwqi0849","primary","N","B","判","判","yòu","pàn"
"cnwqi0850","primary","N","A","兑","兑","duì、ruì、yuè","zāng"
"cnwqi0851","primary","N","B","灶","灶","dūn","zào"
"cnwqi0852","primary","N","A","灿","灿","càn","bǐ"
"cnwqi0853","primary","N","B","灼","灼","bǎn","zhuó"
"cnwqi0854","primary","N","A","弟","弟","dì、tì、tuí","chéng"
"cnwqi0855","primary","N","A","汪","汪","wāng","tán"
"cnwqi0856","primary","N","A","沐","沐","mù","diàn"
"cnwqi0857","primary","N","A","沛","沛","pèi","wéi"
"cnwqi0858","primary","N","B","汰","汰","shè","tài"
"cnwqi0859","primary","N","B","沥","沥","kuì","lì"
"cnwqi0860","primary","N","B","沙","沙","yǔn","shā、shà"
"cnwqi0861","primary","N","A","汽","汽","qì","dōng"
"cnwqi0862","primary","N","B","沃","沃","huāng","wò"
"cnwqi0863","primary","N","A","沦","沦","lún","dǎo"
"cnwqi0864","primary","N","A","汹","汹","xiōng","liào"
"cnwqi0865","primary","N","B","泛","泛","bāng","fàn"
"cnwqi0866","primary","N","A","沧","沧","cāng","yǔ"
"cnwqi0867","primary","N","B","没","没","fěi、fēi","méi、mò"
"cnwqi0868","primary","N","B","沟","沟","è、ài、yè","gōu"
"cnwqi0869","primary","N","B","沪","沪","liáng","hù"
"cnwqi0870","primary","N","A","沈","沈","shěn、chén","xián"
"cnwqi0871","primary","N","A","沉","沉","chén","dǎi、dài"
"cnwqi0872","primary","N","A","沁","沁","qìn","xué"
"cnwqi0873","primary","N","A","怀","怀","huái","liǎn"
"cnwqi0874","primary","N","A","忧","忧","yōu","kǎo"
"cnwqi0875","primary","N","B","忱","忱","gān","chén"
"cnwqi0876","primary","N","B","快","快","luó","kuài"
"cnwqi0877","primary","N","B","完","完","dú、dòu","wán"
"cnwqi0878","primary","N","B","宋","宋","huō、huò、huá","sòng"
"cnwqi0879","primary","N","A","宏","宏","hóng","hài"
"cnwqi0880","primary","N","A","牢","牢","láo","pán、bàn"
"cnwqi0881","primary","N","A","究","究","jiū","yū"
"cnwqi0882","primary","N","B","穷","穷","jié、xié","qióng"
"cnwqi0883","primary","N","A","灾","灾","zāi","má、mò"
"cnwqi0884","primary","N","B","良","良","quán","liáng"
"cnwqi0885","primary","N","B","证","证","gǎn","zhèng"
"cnwqi0886","primary","N","B","启","启","wéi","qǐ"
"cnwqi0887","primary","N","A","评","评","píng","xiē"
"cnwqi0888","primary","N","B","补","补","jǐn、qín、jìn","bǔ"
"cnwqi0889","primary","N","B","初","初","xī","chū"
"cnwqi0890","primary","N","B","社","社","lǐ","shè"
"cnwqi0891","primary","N","A","祀","祀","sì","zhè"
"cnwqi0892","primary","N","B","识","识","qìn","shí、zhì"
"cnwqi0893","primary","N","A","诈","诈","zhà","xìng"
"cnwqi0894","primary","N","A","诉","诉","sù","zàn"
"cnwqi0895","primary","N","B","罕","罕","kuí","hǎn"
"cnwqi0896","primary","N","A","诊","诊","zhěn","nuò"
"cnwqi0897","primary","N","B","词","词","jiàng、xiáng","cí"
"cnwqi0898","primary","N","A","译","译","yì","xī"
"cnwqi0899","primary","N","A","君","君","jūn","mǐ"
"cnwqi0900","primary","N","B","灵","灵","suí、duò","líng"
"cnwqi0901","primary","N","A","即","即","jí","chēng、chèng"
"cnwqi0902","primary","N","B","层","层","àn","céng"
"cnwqi0903","primary","N","A","屁","屁","pì","diǎn"
"cnwqi0904","primary","N","A","尿","尿","niào、suī","lán"
"cnwqi0905","primary","N","B","尾","尾","jiàn、jiān","wěi、yǐ"
"cnwqi0906","primary","N","A","迟","迟","chí","zhēn"
"cnwqi0907","primary","N","B","局","局","qiáo","jú"
"cnwqi0908","primary","N","B","改","改","jié","gǎi"
"cnwqi0909","primary","N","A","张","张","zhāng","jiàn"
"cnwqi0910","primary","N","B","忌","忌","xiū","jì"
"cnwqi0911","primary","N","B","际","际","yí","jì"
"cnwqi0912","primary","N","A","陆","陆","liù、lù","dī"
"cnwqi0913","primary","N","A","阿","阿","ā、ē","gè、gě"
"cnwqi0914","primary","N","A","陈","陈","chén","diāo"
"cnwqi0915","primary","N","B","阻","阻","chóu、táo、dào","zǔ"
"cnwqi0916","primary","N","B","附","附","xūn","fù"
"cnwqi0917","primary","N","A","坠","坠","zhuì","sháo"
"cnwqi0918","primary","N","B","妓","妓","hé","jì"
"cnwqi0919","primary","N","B","妙","妙","dōng","miào"
"cnwqi0920","primary","N","B","妖","妖","mó","yāo"
"cnwqi0921","primary","N","A","姊","姊","zǐ","gāng"
"cnwqi0922","primary","N","B","妨","妨","zhuō、chāo","fáng"
"cnwqi0923","primary","N","A","妒","妒","dù","lín"
"cnwqi0924","primary","N","A","努","努","nǔ","kǎ"
"cnwqi0925","primary","N","B","忍","忍","yòu","rěn"
"cnwqi0926","primary","N","B","劲","劲","qū","jìn、jìng"
"cnwqi0927","primary","N","B","矣","矣","áo","yǐ"
"cnwqi0928","primary","N","A","鸡","鸡","jī","pàn"
"cnwqi0929","primary","N","A","纬","纬","wěi","yě"
"cnwqi0930","primary","N","B","驱","驱","kān","qū"
"cnwqi0931","primary","N","A","纯","纯","chún","tuí"
"cnwqi0932","primary","N","B","纱","纱","wěng、wēng","shā"
"cnwqi0933","primary","N","B","纲","纲","gǒu","gāng"
"cnwqi0934","primary","N","A","纳","纳","nà","yé"
"cnwqi0935","primary","N","B","驳","驳","yuè","bó"
"cnwqi0936","primary","N","A","纵","纵","zòng、zǒng","yàn"
"cnwqi0937","primary","N","B","纷","纷","zhì","fēn"
"cnwqi0938","primary","N","B","纸","纸","pèng","zhǐ"
"cnwqi0939","primary","N","B","纹","纹","lín","wén、wèn"
"cnwqi0940","primary","N","B","纺","纺","zhǔn","fǎng"
"cnwqi0941","primary","N","B","驴","驴","sōu","lǘ"
"cnwqi0942","primary","N","B","纽","纽","pí","niǔ"
"cnwqi0943","primary","N","B","奉","奉","xiāo","fèng"
"cnwqi0944","primary","N","A","玩","玩","wán","shàng"
"cnwqi0945","primary","N","B","环","环","yú","huán"
"cnwqi0946","primary","N","B","武","武","huán","wǔ"
"cnwqi0947","primary","N","A","青","青","qīng","xìng"
"cnwqi0948","primary","N","A","责","责","zé、zhài","lù"
"cnwqi0949","primary","N","B","现","现","jí","xiàn"
"cnwqi0950","primary","N","A","玫","玫","méi","yī、yǐ"
"cnwqi0951","primary","N","A","表","表","biǎo","chán"
"cnwqi0952","primary","N","A","规","规","guī","jiè"
"cnwqi0953","primary","N","B","抹","抹","chán、càn","mā、mǒ、mò"
"cnwqi0954","primary","N","A","卦","卦","guà","máo"
"cnwqi0955","primary","N","A","坷","坷","kē、kě","zhù"
"cnwqi0956","primary","N","B","坯","坯","dài","pī"
"cnwqi0957","primary","N","A","拓","拓","tuò、tà、zhí","hūn"
"cnwqi0958","primary","N","B","拢","拢","miǎn","lǒng"
"cnwqi0959","primary","N","A","拔","拔","bá","fèn、bīn"
"cnwqi0960","primary","N","A","坪","坪","píng","lán"
"cnwqi0961","primary","N","B","拣","拣","hàn","jiǎn"
"cnwqi0962","primary","N","B","坦","坦","róng","tǎn"
"cnwqi0963","primary","N","B","担","担","hé、hú","dān、dàn、dǎn"
"cnwqi0964","primary","N","A","坤","坤","kūn","àn"
"cnwqi0965","primary","N","A","押","押","yā","xīn"
"cnwqi0966","primary","N","A","抽","抽","chōu","lǔ"
"cnwqi0967","primary","N","B","拐","拐","xiù","guǎi"
"cnwqi0968","primary","N","A","拖","拖","tuō","qiǎn、jiān"
"cnwqi0969","primary","N","B","者","者","chēng、chèn、chèng","zhě"
"cnwqi0970","primary","N","A","拍","拍","pāi","gàn"
"cnwqi0971","primary","N","B","顶","顶","yōu","dǐng"
"cnwqi0972","primary","N","B","拆","拆","láo","chāi、cā"
"cnwqi0973","primary","N","B","拎","拎","kuí","līn"
"cnwqi0974","primary","N","B","拥","拥","qì","yōng"
"cnwqi0975","primary","N","B","抵","抵","xūn","dǐ"
"cnwqi0976","primary","N","A","拘","拘","jū、gōu","jiǎ"
"cnwqi0977","primary","N","A","势","势","shì","pú"
"cnwqi0978","primary","N","B","抱","抱","kěn","bào"
"cnwqi0979","primary","N","B","拄","拄","tán","zhǔ"
"cnwqi0980","primary","N","B","垃","垃","téng","lā"
"cnwqi0981","primary","N","B","拉","拉","yú","lā、lá"
"cnwqi0982","primary","N","A","拦","拦","lán","fāng、bàng"
"cnwqi0983","primary","N","A","幸","幸","xìng","shēng"
"cnwqi0984","primary","N","B","拌","拌","zhòu","bàn、pàn"
"cnwqi0985","primary","N","A","拧","拧","nǐng、níng、nìng","yǒng"
"cnwqi0986","primary","N","B","拂","拂","méi","fú、bì"
"cnwqi0987","primary","N","B","拙","拙","sòng","zhuō"
"cnwqi0988","primary","N","B","招","招","jū、qū","zhāo"
"cnwqi0989","primary","N","B","坡","坡","qiāo","pō"
"cnwqi0990","primary","N","A","披","披","pī","niān"
"cnwqi0991","primary","N","B","拨","拨","yuè","bō"
"cnwqi0992","primary","N","A","择","择","zé、zhái","hán"
"cnwqi0993","primary","N","A","抬","抬","tái","lì"
"cnwqi0994","primary","N","A","拇","拇","mǔ","shǔ、zhǔ"
"cnwqi0995","primary","N","B","拗","拗","yǒu","ào、niù、ǎo"
"cnwqi0996","primary","N","A","其","其","qí、jī","kē、kè"
"cnwqi0997","primary","N","A","取","取","qǔ","qiān"
"cnwqi0998","primary","N","B","茉","茉","shēn","mò"
"cnwqi0999","primary","N","A","苦","苦","kǔ","shuǐ"
"cnwqi1000","primary","N","A","昔","昔","xī","bì"
"cnwqi1001","primary","N","B","苛","苛","yǎn","kē、hē"
"cnwqi1002","primary","N","A","若","若","ruò、rě","wěi"
"cnwqi1003","primary","N","B","茂","茂","xìng","mào"
"cnwqi1004","primary","N","B","苹","苹","shù","píng、pēng"
"cnwqi1005","primary","N","A","苗","苗","miáo","xǐng"
"cnwqi1006","primary","N","A","英","英","yīng","chàng"
"cnwqi1007","primary","N","A","苟","苟","gǒu","hàn"
"cnwqi1008","primary","N","B","苑","苑","lèi","yuàn"
"cnwqi1009","primary","N","B","苞","苞","tāo","bāo"
"cnwqi1010","primary","N","B","范","范","mèi","fàn"
"cnwqi1011","primary","N","A","直","直","zhí","ào"
"cnwqi1012","primary","N","A","茁","茁","zhuó","zuǐ"
"cnwqi1013","primary","N","A","茄","茄","jiā、qié","ài、yì"
"cnwqi1014","primary","N","A","茎","茎","jīng","là"
"cnwqi1015","primary","N","B","苔","苔","wèi","tāi、tái"
"cnwqi1016","primary","N","A","茅","茅","máo","níng"
"cnwqi1017","primary","N","B","枉","枉","jiǎ","wǎng"
"cnwqi1018","primary","N","A","林","林","lín","rú"
"cnwqi1019","primary","N","B","枝","枝","jié","zhī、qí"
"cnwqi1020","primary","N","B","杯","杯","shān","bēi"
"cnwqi1021","primary","N","B","枢","枢","wěi","shū"
"cnwqi1022","primary","N","A","柜","柜","guì、jǔ","cái"
"cnwqi1023","primary","N","B","枚","枚","xìng","méi"
"cnwqi1024","primary","N","B","析","析","zǐ","xī"
"cnwqi1025","primary","N","A","板","板","bǎn","jué、juě"
"cnwqi1026","primary","N","B","松","松","zūn","sōng"
"cnwqi1027","primary","N","A","枪","枪","qiāng","shì"
"cnwqi1028","primary","N","A","枫","枫","fēng","yù"
"cnwqi1029","primary","N","B","构","构","mǐn","gòu"
"cnwqi1030","primary","N","B","杭","杭","liǎng","háng"
"cnwqi1031","primary","N","B","杰","杰","huī","jié"
"cnwqi1032","primary","N","B","述","述","zǐ","shù"
"cnwqi1033","primary","N","A","枕","枕","zhěn","xián"
"cnwqi1034","primary","N","A","丧","丧","sāng、sàng","fèn"
"cnwqi1035","primary","N","B","或","或","yí、dài","huò"
"cnwqi1036","primary","N","A","画","画","huà","qiān"
"cnwqi1037","primary","N","B","卧","卧","qì","wò"
"cnwqi1038","primary","N","A","事","事","shì","shā、shà"
"cnwqi1039","primary","N","B","刺","刺","chuò、chāo","cī、cì"
"cnwqi1040","primary","N","B","枣","枣","huàn","zǎo"
"cnwqi1041","primary","N","A","雨","雨","yǔ、yù","wù"
"cnwqi1042","primary","N","B","卖","卖","dū","mài"
"cnwqi1043","primary","N","A","郁","郁","yù","yún"
"cnwqi1044","primary","N","A","矾","矾","fán","liè、liě"
"cnwqi1045","primary","N","A","矿","矿","kuàng","yuán"
"cnwqi1046","primary","N","B","码","码","lèi","mǎ"
"cnwqi1047","primary","N","A","厕","厕","cè","yá"
"cnwqi1048","primary","N","A","奈","奈","nài","shì"
"cnwqi1049","primary","N","A","奔","奔","bēn、bèn","bū"
"cnwqi1050","primary","N","A","奇","奇","jī、qí","fú"
"cnwqi1051","primary","N","B","奋","奋","guì、suī","fèn"
"cnwqi1052","primary","N","B","态","态","rǎn","tài"
"cnwqi1053","primary","N","B","欧","欧","bì","ōu"
"cnwqi1054","primary","N","A","殴","殴","ōu","jué、jiào"
"cnwqi1055","primary","N","A","垄","垄","lǒng","cháo"
"cnwqi1056","primary","N","B","妻","妻","shān","qī、qì"
"cnwqi1057","primary","N","B","轰","轰","áo","hōng"
"cnwqi1058","primary","N","A","顷","顷","qǐng","xuān"
"cnwqi1059","primary","N","A","转","转","zhuǎn、zhuàn、zhuǎi","ǎn"
"cnwqi1060","primary","N","A","斩","斩","zhǎn","yū、yú"
"cnwqi1061","primary","N","B","轮","轮","má、mǎ、ma","lún"
"cnwqi1062","primary","N","A","软","软","ruǎn","zhù、níng"
"cnwqi1063","primary","N","A","到","到","dào","xuán"
"cnwqi1064","primary","N","B","非","非","tā、jiě","fēi"
"cnwqi1065","primary","N","A","叔","叔","shū","pá"
"cnwqi1066","primary","N","A","歧","歧","qí","zhì"
"cnwqi1067","primary","N","A","肯","肯","kěn","kāng"
"cnwqi1068","primary","N","B","齿","齿","jié","chǐ"
"cnwqi1069","primary","N","A","些","些","xiē、suò","chán、càn"
"cnwqi1070","primary","N","A","卓","卓","zhuó","mó"
"cnwqi1071","primary","N","B","虎","虎","sì","hǔ"
"cnwqi1072","primary","N","B","虏","虏","zhuì","lǔ"
"cnwqi1073","primary","N","A","肾","肾","shèn","mò"
"cnwqi1074","primary","N","B","贤","贤","lǚ","xián"
"cnwqi1075","primary","N","A","尚","尚","shàng","fèng"
"cnwqi1076","primary","N","A","旺","旺","wàng","wēi"
"cnwqi1077","primary","N","B","具","具","jiǎ","jù"
"cnwqi1078","primary","N","B","味","味","biē","wèi"
"cnwqi1079","primary","N","A","果","果","guǒ","jū、chá"
"cnwqi1080","primary","N","A","昆","昆","kūn","chéng"
"cnwqi1081","primary","N","B","国","国","gǒu","guó"
"cnwqi1082","primary","N","B","哎","哎","zhī","āi"
"cnwqi1083","primary","N","A","咕","咕","gū","diào"
"cnwqi1084","primary","N","B","昌","昌","páng","chāng"
"cnwqi1085","primary","N","B","呵","呵","chán","hē、a、kē"
"cnwqi1086","primary","N","B","畅","畅","fēi、fěi","chàng"
"cnwqi1087","primary","N","B","明","明","mì","míng"
"cnwqi1088","primary","N","B","易","易","dǎi、dài","yì"
"cnwqi1089","primary","N","B","咙","咙","guǎn","lóng"
"cnwqi1090","primary","N","A","昂","昂","áng","gòu"
"cnwqi1091","primary","N","A","迪","迪","dí","chóu"
"cnwqi1092","primary","N","A","典","典","diǎn","mò"
"cnwqi1093","primary","N","B","固","固","gé、há","gù"
"cnwqi1094","primary","N","A","忠","忠","zhōng","yù"
"cnwqi1095","primary","N","B","呻","呻","tōng、tòng","shēn"
"cnwqi1096","primary","N","B","咒","咒","bào、bō","zhòu"
"cnwqi1097","primary","N","B","咋","咋","dùn、tún","zǎ、zé、zhā"
"cnwqi1098","primary","N","B","咐","咐","suí、duò","fù"
"cnwqi1099","primary","N","A","呼","呼","hū","pēi"
"cnwqi1100","primary","N","B","鸣","鸣","qiān","míng"
"cnwqi1101","primary","N","B","咏","咏","bò、bāi","yǒng"
"cnwqi1102","primary","N","B","呢","呢","tún","ne、ní"
"cnwqi1103","primary","N","A","咄","咄","duō","shēng"
"cnwqi1104","primary","N","B","咖","咖","pǐ、bǐ","gā、kā"
"cnwqi1105","primary","N","B","岸","岸","pú","àn"
"cnwqi1106","primary","N","B","岩","岩","yàn","yán"
"cnwqi1107","primary","N","B","帖","帖","liàn","tiē、tiě、tiè"
"cnwqi1108","primary","N","B","罗","罗","bì","luó"
"cnwqi1109","primary","N","B","帜","帜","xún","zhì"
"cnwqi1110","primary","N","B","帕","帕","hú","pà"
"cnwqi1111","primary","N","B","岭","岭","qū","lǐng、líng"
"cnwqi1112","primary","N","B","凯","凯","zhǐ","kǎi"
"cnwqi1113","primary","N","A","败","败","bài","cóng"
"cnwqi1114","primary","N","A","账","账","zhàng","gāo"
"cnwqi1115","primary","N","A","贩","贩","fàn","bū"
"cnwqi1116","primary","N","B","贬","贬","xiàng","biǎn"
"cnwqi1117","primary","N","B","购","购","yān","gòu"
"cnwqi1118","primary","N","A","贮","贮","zhù","chéng"
"cnwqi1119","primary","N","A","图","图","tú","náo"
"cnwqi1120","primary","N","A","钓","钓","diào","chè"
"cnwqi1121","primary","N","B","制","制","yǎng","zhì"
"cnwqi1122","primary","N","B","知","知","zhǔn","zhī、zhì"
"cnwqi1123","primary","N","A","迭","迭","dié","lèi"
"cnwqi1124","primary","N","B","氛","氛","zhí","fēn"
"cnwqi1125","primary","N","B","垂","垂","chá","chuí"
"cnwqi1126","primary","N","B","牧","牧","diàn","mù"
"cnwqi1127","primary","N","B","物","物","cāng","wù"
"cnwqi1128","primary","N","B","乖","乖","tán、dàn","guāi"
"cnwqi1129","primary","N","B","刮","刮","mān","guā"
"cnwqi1130","primary","N","B","秆","秆","xí","gǎn"
"cnwqi1131","primary","N","B","和","和","chéng","hé、hè、hú、huó、huò、huo"
"cnwqi1132","primary","N","A","季","季","jì","jiǎn"
"cnwqi1133","primary","N","A","委","委","wěi、wēi","guǒ"
"cnwqi1134","primary","N","A","秉","秉","bǐng","jīng"
"cnwqi1135","primary","N","A","佳","佳","jiā","shī"
"cnwqi1136","primary","N","A","侍","侍","shì","shǎn"
"cnwqi1137","primary","N","A","岳","岳","yuè","kā、kǎ"
"cnwqi1138","primary","N","B","供","供","tāo","gōng、gòng"
"cnwqi1139","primary","N","A","使","使","shǐ","chī"
"cnwqi1140","primary","N","B","例","例","láo","lì"
"cnwqi1141","primary","N","A","侠","侠","xiá","dié"
"cnwqi1142","primary","N","B","侥","侥","huì","jiǎo、yáo"
"cnwqi1143","primary","N","A","版","版","bǎn","nǎi"
"cnwqi1144","primary","N","A","侄","侄","zhí","yù"
"cnwqi1145","primary","N","A","侦","侦","zhēn","zhuó"
"cnwqi1146","primary","N","A","侣","侣","lǚ","jìn"
"cnwqi1147","primary","N","A","侧","侧","cè、zè、zhāi","wèi"
"cnwqi1148","primary","N","B","凭","凭","gōng","píng"
"cnwqi1149","primary","N","A","侨","侨","qiáo","yǐ"
"cnwqi1150","primary","N","A","佩","佩","pèi","nǜ"
"cnwqi1151","primary","N","A","货","货","huò","yān、yīn"
"cnwqi1152","primary","N","B","侈","侈","rǎn","chǐ"
"cnwqi1153","primary","N","A","依","依","yī","kāng"
"cnwqi1154","primary","N","B","卑","卑","zhà","bēi"
"cnwqi1155","primary","N","B","的","的","guà、wā","de、dī、dí、dì"
"cnwqi1156","primary","N","A","迫","迫","pǎi、pò","liáo"
"cnwqi1157","primary","N","A","质","质","zhì","bīn"
"cnwqi1158","primary","N","B","欣","欣","pàn","xīn"
"cnwqi1159","primary","N","B","征","征","liáng","zhēng"
"cnwqi1160","primary","N","B","往","往","fú","wǎng"
"cnwqi1161","primary","N","B","爬","爬","nuò","pá"
"cnwqi1162","primary","N","B","彼","彼","chǒu","bǐ"
"cnwqi1163","primary","N","B","径","径","shuāng","jìng"
"cnwqi1164","primary","N","B","所","所","luǎn","suǒ"
"cnwqi1165","primary","N","A","舍","舍","shě、shè","xīn"
"cnwqi1166","primary","N","B","金","金","xiào、jiǎo","jīn"
"cnwqi1167","primary","N","A","刹","刹","chà、shā","róu"
"cnwqi1168","primary","N","A","命","命","mìng","gāo、gào"
"cnwqi1169","primary","N","B","肴","肴","xǔ","yáo"
"cnwqi1170","primary","N","A","斧","斧","fǔ","shè"
"cnwqi1171","primary","N","B","爸","爸","chǎng","bà"
"cnwqi1172","primary","N","A","采","采","cǎi、cài","mù"
"cnwqi1173","primary","N","B","觅","觅","lí","mì"
"cnwqi1174","primary","N","B","受","受","pāng","shòu"
"cnwqi1175","primary","N","B","乳","乳","huāng","rǔ"
"cnwqi1176","primary","N","A","贪","贪","tān","mǔ"
"cnwqi1177","primary","N","A","念","念","niàn","ēn"
"cnwqi1178","primary","N","B","贫","贫","kē","pín"
"cnwqi1179","primary","N","B","忿","忿","jī","fèn"
"cnwqi1180","primary","N","A","肤","肤","fū","jǐn"
"cnwqi1181","primary","N","A","肺","肺","fèi","suì"
"cnwqi1182","primary","N","A","肢","肢","zhī","huò"
"cnwqi1183","primary","N","A","肿","肿","zhǒng","bó"
"cnwqi1184","primary","N","B","胀","胀","chū","zhàng"
"cnwqi1185","primary","N","A","朋","朋","péng","yù、xù、jué"
"cnwqi1186","primary","N","B","股","股","chōng","gǔ"
"cnwqi1187","primary","N","B","肮","肮","duō","āng"
"cnwqi1188","primary","N","B","肪","肪","zhì","fáng"
"cnwqi1189","primary","N","B","肥","肥","jǐn","féi"
"cnwqi1190","primary","N","A","服","服","fú、fù","yùn"
"cnwqi1191","primary","N","A","胁","胁","xié","zú、cuì"
"cnwqi1192","primary","N","A","周","周","zhōu","ní"
"cnwqi1193","primary","N","B","昏","昏","wèn、mén","hūn"
"cnwqi1194","primary","N","B","鱼","鱼","huò","yú"
"cnwqi1195","primary","N","A","兔","兔","tù","wù"
"cnwqi1196","primary","N","A","狐","狐","hú","mò"
"cnwqi1197","primary","N","A","忽","忽","hū","bā"
"cnwqi1198","primary","N","B","狗","狗","bàn","gǒu"
"cnwqi1199","primary","N","B","狞","狞","la","níng"
"cnwqi1200","primary","N","B","备","备","lín","bèi"
"cnwqi1201","primary","N","A","饰","饰","shì","sòng"
"cnwqi1202","primary","N","B","饱","饱","hù","bǎo"
"cnwqi1203","primary","N","B","饲","饲","xiè","sì"
"cnwqi1204","primary","N","A","变","变","biàn","guì"
"cnwqi1205","primary","N","B","京","京","gēng","jīng"
"cnwqi1206","primary","N","B","享","享","qiú","xiǎng"
"cnwqi1207","primary","N","B","庞","庞","mò","páng"
"cnwqi1208","primary","N","A","店","店","diàn","xí"
"cnwqi1209","primary","N","A","夜","夜","yè","guàn"
"cnwqi1210","primary","N","B","庙","庙","shēn","miào"
"cnwqi1211","primary","N","A","府","府","fǔ","zhōng"
"cnwqi1212","primary","N","A","底","底","dǐ、de","róu"
"cnwqi1213","primary","N","B","疟","疟","èn","nüè、yào"
"cnwqi1214","primary","N","A","疙","疙","gē、yì","sòu"
"cnwqi1215","primary","N","A","疚","疚","jiù","yí"
"cnwqi1216","primary","N","A","剂","剂","jì","bì"
"cnwqi1217","primary","N","B","卒","卒","shàn","cù、zú"
"cnwqi1218","primary","N","B","郊","郊","hòu","jiāo"
"cnwqi1219","primary","N","A","庚","庚","gēng","bì"
"cnwqi1220","primary","N","A","废","废","fèi","páng"
"cnwqi1221","primary","N","A","净","净","jìng、chēng","dīng"
"cnwqi1222","primary","N","A","盲","盲","máng","lōu"
"cnwqi1223","primary","N","B","放","放","zhè","fàng"
"cnwqi1224","primary","N","A","刻","刻","kè","kuí"
"cnwqi1225","primary","N","B","育","育","tóng","yù"
"cnwqi1226","primary","N","B","氓","氓","bā","méng、máng"
"cnwqi1227","primary","N","A","闸","闸","zhá","gěng"
"cnwqi1228","primary","N","B","闹","闹","bǎng","nào"
"cnwqi1229","primary","N","B","郑","郑","huì","zhèng"
"cnwqi1230","primary","N","B","券","券","qǐng","quàn、xuàn"
"cnwqi1231","primary","N","B","卷","卷","líng","juǎn、juàn"
"cnwqi1232","primary","N","A","单","单","chán、dān、shàn","gāo"
"cnwqi1233","primary","N","B","炬","炬","pó","jù"
"cnwqi1234","primary","N","A","炒","炒","chǎo","fù"
"cnwqi1235","primary","N","B","炊","炊","kē","chuī"
"cnwqi1236","primary","N","B","炕","炕","ò、ó、é","kàng"
"cnwqi1237","primary","N","A","炎","炎","yán","yì"
"cnwqi1238","primary","N","B","炉","炉","liáng、liàng","lú"
"cnwqi1239","primary","N","B","沫","沫","yāng","mò"
"cnwqi1240","primary","N","B","浅","浅","dié","qiǎn、jiān"
"cnwqi1241","primary","N","A","法","法","fǎ","qiàn"
"cnwqi1242","primary","N","B","泄","泄","màn","xiè、yì"
"cnwqi1243","primary","N","B","沽","沽","quán","gū"
"cnwqi1244","primary","N","B","河","河","cūn","hé"
"cnwqi1245","primary","N","B","沾","沾","jǐ","zhān"
"cnwqi1246","primary","N","B","泪","泪","wèi","lèi"
"cnwqi1247","primary","N","A","沮","沮","jǔ、jù","mù"
"cnwqi1248","primary","N","B","油","油","lǐ","yóu"
"cnwqi1249","primary","N","B","泊","泊","chǒu","bó、pō"
"cnwqi1250","primary","N","A","沿","沿","yán","chūn"
"cnwqi1251","primary","N","B","泡","泡","qiáo","pāo、pào"
"cnwqi1252","primary","N","B","注","注","chù","zhù"
"cnwqi1253","primary","N","B","泣","泣","diān","qì"
"cnwqi1254","primary","N","A","泞","泞","nìng","bǎi"
"cnwqi1255","primary","N","B","泻","泻","qí","xiè"
"cnwqi1256","primary","N","A","泌","泌","bì、mì","bān"
"cnwqi1257","primary","N","B","泳","泳","yóu","yǒng"
"cnwqi1258","primary","N","B","泥","泥","huò","ní、nì"
"cnwqi1259","primary","N","A","沸","沸","fèi","yīng"
"cnwqi1260","primary","N","B","沼","沼","tuò","zhǎo"
"cnwqi1261","primary","N","A","波","波","bō","cuì"
"cnwqi1262","primary","N","B","泼","泼","méng","pō"
"cnwqi1263","primary","N","B","泽","泽","kuí","zé、shì"
"cnwqi1264","primary","N","A","治","治","zhì","fēng"
"cnwqi1265","primary","N","B","怔","怔","zhēn、shèn","zhèng"
"cnwqi1266","primary","N","A","怯","怯","qiè","gě"
"cnwqi1267","primary","N","A","怖","怖","bù","mù"
"cnwqi1268","primary","N","B","性","性","duó","xìng"
"cnwqi1269","primary","N","B","怕","怕","màn","pà"
"cnwqi1270","primary","N","B","怜","怜","zhàng","lián"
"cnwqi1271","primary","N","B","怪","怪","shēng","guài"
"cnwqi1272","primary","N","B","怡","怡","biē","yí"
"cnwqi1273","primary","N","A","学","学","xué","yě"
"cnwqi1274","primary","N","B","宝","宝","chún","bǎo"
"cnwqi1275","primary","N","B","宗","宗","bì","zōng"
"cnwqi1276","primary","N","A","定","定","dìng","tíng"
"cnwqi1277","primary","N","A","宠","宠","chǒng","dōng"
"cnwqi1278","primary","N","B","宜","宜","děng","yí"
"cnwqi1279","primary","N","B","审","审","chóu","shěn"
"cnwqi1280","primary","N","B","宙","宙","xiǎn","zhòu"
"cnwqi1281","primary","N","A","官","官","guān","jī"
"cnwqi1282","primary","N","B","空","空","lú","kōng、kòng、kǒng"
"cnwqi1283","primary","N","B","帘","帘","lì","lián"
"cnwqi1284","primary","N","B","宛","宛","rǎn","wǎn、yuān"
"cnwqi1285","primary","N","A","实","实","shí","piě"
"cnwqi1286","primary","N","A","试","试","shì","xuán、xián"
"cnwqi1287","primary","N","A","郎","郎","láng、làng","hé"
"cnwqi1288","primary","N","B","诗","诗","táng","shī"
"cnwqi1289","primary","N","B","肩","肩","yù","jiān"
"cnwqi1290","primary","N","A","房","房","fáng","jiǎn"
"cnwqi1291","primary","N","B","诚","诚","miē","chéng"
"cnwqi1292","primary","N","B","衬","衬","qǔ、kǒu","chèn"
"cnwqi1293","primary","N","B","衫","衫","fàn","shān"
"cnwqi1294","primary","N","B","视","视","xīn","shì"
"cnwqi1295","primary","N","A","祈","祈","qí","yù"
"cnwqi1296","primary","N","A","话","话","huà","yì"
"cnwqi1297","primary","N","B","诞","诞","téng","dàn"
"cnwqi1298","primary","N","A","诡","诡","guǐ","xīng"
"cnwqi1299","primary","N","A","询","询","xún","tǎ"
"cnwqi1300","primary","N","A","该","该","gāi","jí"
"cnwqi1301","primary","N","B","详","详","xu","xiáng、yáng"
"cnwqi1302","primary","N","A","建","建","jiàn","chù"
"cnwqi1303","primary","N","B","肃","肃","quǎn","sù"
"cnwqi1304","primary","N","A","录","录","lù","rǎo"
"cnwqi1305","primary","N","B","隶","隶","suō","lì"
"cnwqi1306","primary","N","A","帚","帚","zhǒu","kāi"
"cnwqi1307","primary","N","B","屉","屉","luǒ","tì"
"cnwqi1308","primary","N","B","居","居","zhū","jū"
"cnwqi1309","primary","N","A","届","届","jiè","kuò"
"cnwqi1310","primary","N","A","刷","刷","shuā、shuà","yì"
"cnwqi1311","primary","N","B","屈","屈","ruì","qū"
"cnwqi1312","primary","N","A","弧","弧","hú","gǒng"
"cnwqi1313","primary","N","A","弥","弥","mí","qiān"
"cnwqi1314","primary","N","A","弦","弦","xián","hěn"
"cnwqi1315","primary","N","B","承","承","dùn、tún","chéng"
"cnwqi1316","primary","N","A","孟","孟","mèng","dàn"
"cnwqi1317","primary","N","A","陋","陋","lòu","zhù"
"cnwqi1318","primary","N","B","陌","陌","zhēn","mò"
"cnwqi1319","primary","N","B","孤","孤","jī","gū"
"cnwqi1320","primary","N","B","陕","陕","xiā","shǎn"
"cnwqi1321","primary","N","A","降","降","jiàng、xiáng","hú"
"cnwqi1322","primary","N","B","函","函","xiǎn","hán"
"cnwqi1323","primary","N","A","限","限","xiàn","xuān"
"cnwqi1324","primary","N","A","妹","妹","mèi","rú"
"cnwqi1325","primary","N","A","姑","姑","gū","gē"
"cnwqi1326","primary","N","B","姐","姐","fú","jiě"
"cnwqi1327","primary","N","A","姓","姓","xìng","xī"
"cnwqi1328","primary","N","A","妮","妮","nī","shuǎi"
"cnwqi1329","primary","N","A","始","始","shǐ","fēi"
"cnwqi1330","primary","N","A","姆","姆","mǔ","fèng"
"cnwqi1331","primary","N","A","迢","迢","tiáo","huò"
"cnwqi1332","primary","N","B","驾","驾","liú","jià"
"cnwqi1333","primary","N","A","叁","叁","sān","shù"
"cnwqi1334","primary","N","B","参","参","lè","cān、shēn、cēn、sān"
"cnwqi1335","primary","N","A","艰","艰","jiān","zǒu"
"cnwqi1336","primary","N","B","线","线","zhà、zhā","xiàn"
"cnwqi1337","primary","N","B","练","练","ní","liàn"
"cnwqi1338","primary","N","B","组","组","bié、biè","zǔ"
"cnwqi1339","primary","N","B","绅","绅","diàn、tián","shēn"
"cnwqi1340","primary","N","B","细","细","méng","xì"
"cnwqi1341","primary","N","B","驶","驶","yán","shǐ"
"cnwqi1342","primary","N","B","织","织","zhǎng","zhī、zhì"
"cnwqi1343","primary","N","B","驹","驹","duō","jū"
"cnwqi1344","primary","N","A","终","终","zhōng","cǎi"
"cnwqi1345","primary","N","B","驻","驻","zhàn、zhān","zhù"
"cnwqi1346","primary","N","B","绊","绊","jiā","bàn"
"cnwqi1347","primary","N","A","驼","驼","tuó","liú"
"cnwqi1348","primary","N","B","绍","绍","sè","shào"
"cnwqi1349","primary","N","B","绎","绎","guā","yì"
"cnwqi1350","primary","N","A","经","经","jīng、jìng","qìng、qǐ"
"cnwqi1351","primary","N","B","贯","贯","jiǎ","guàn"
"cnwqi1352","primary","N","B","契","契","cái","qì、qiè、xiè"
"cnwqi1353","primary","N","B","贰","贰","tǎn","èr"
"cnwqi1354","primary","N","B","奏","奏","chǒu","zòu"
"cnwqi1355","primary","N","B","春","春","quán","chūn"
"cnwqi1356","primary","N","B","帮","帮","shé、zhē、zhé","bāng"
"cnwqi1357","primary","N","B","玷","玷","biào","diàn"
"cnwqi1358","primary","N","A","珍","珍","zhēn","lù"
"cnwqi1359","primary","N","A","玲","玲","líng","jū"
"cnwqi1360","primary","N","B","珊","珊","tú","shān"
"cnwqi1361","primary","N","B","玻","玻","guǐ","bō"
"cnwqi1362","primary","N","B","毒","毒","qín","dú、dài"
"cnwqi1363","primary","N","A","型","型","xíng","dǒu"
"cnwqi1364","primary","N","B","拭","拭","dōu","shì"
"cnwqi1365","primary","N","B","挂","挂","lì","guà"
"cnwqi1366","primary","N","A","封","封","fēng","luó"
"cnwqi1367","primary","N","B","持","持","xiá","chí"
"cnwqi1368","primary","N","B","拷","拷","fū","kǎo"
"cnwqi1369","primary","N","B","拱","拱","lài","gǒng"
"cnwqi1370","primary","N","A","项","项","xiàng","zé、zhài"
"cnwqi1371","primary","N","A","垮","垮","kuǎ","yóu、dí"
"cnwqi1372","primary","N","B","挎","挎","qí","kuà、kū"
"cnwqi1373","primary","N","A","城","城","chéng","xiū"
"cnwqi1374","primary","N","B","挟","挟","chàng、yáng","xié、jiā"
"cnwqi1375","primary","N","A","挠","挠","náo","hā、kē"
"cnwqi1376","primary","N","A","政","政","zhèng","juǎn"
"cnwqi1377","primary","N","B","赴","赴","fēng","fù"
"cnwqi1378","primary","N","A","赵","赵","zhào","hù"
"cnwqi1379","primary","N","A","挡","挡","dǎng、dàng","ruì"
"cnwqi1380","primary","N","B","拽","拽","yī","zhuài、zhuāi、yè"
"cnwqi1381","primary","N","B","哉","哉","yùn","zāi"
"cnwqi1382","primary","N","B","挺","挺","qiào、xiào","tǐng"
"cnwqi1383","primary","N","A","括","括","kuò、guā","tún"
"cnwqi1384","primary","N","B","垢","垢","bāo","gòu"
"cnwqi1385","primary","N","B","拴","拴","chòng","shuān"
"cnwqi1386","primary","N","B","拾","拾","jūn","shí、shè"
"cnwqi1387","primary","N","A","挑","挑","tiāo、tiǎo","yóu"
"cnwqi1388","primary","N","A","垛","垛","duǒ、duò","fēi"
"cnwqi1389","primary","N","A","指","指","zhǐ","qiān"
"cnwqi1390","primary","N","B","垫","垫","zào","diàn"
"cnwqi1391","primary","N","B","挣","挣","chuò","zhèng、zhēng"
"cnwqi1392","primary","N","A","挤","挤","jǐ","huò"
"cnwqi1393","primary","N","A","拼","拼","pīn","xiè"
"cnwqi1394","primary","N","B","挖","挖","zhuī","wā"
"cnwqi1395","primary","N","A","按","按","àn","ào"
"cnwqi1396","primary","N","A","挥","挥","huī","lí"
"cnwqi1397","primary","N","A","挪","挪","nuó","jiāo"
"cnwqi1398","primary","N","A","拯","拯","zhěng","jiǎ、gǔ"
"cnwqi1399","primary","N","B","某","某","xīng","mǒu"
"cnwqi1400","primary","N","B","甚","甚","ní、nì","shèn、shén"
"cnwqi1401","primary","N","A","荆","荆","jīng","yǒu"
"cnwqi1402","primary","N","B","茸","茸","chuō","róng"
"cnwqi1403","primary","N","A","革","革","gé","xiè"
"cnwqi1404","primary","N","A","茬","茬","chá","bù、fǒu"
"cnwqi1405","primary","N","B","荐","荐","chà、shā","jiàn"
"cnwqi1406","primary","N","A","巷","巷","xiàng、hàng","tà"
"cnwqi1407","primary","N","A","带","带","dài","sù"
"cnwqi1408","primary","N","B","草","草","shàn","cǎo"
"cnwqi1409","primary","N","A","茧","茧","jiǎn","zuān"
"cnwqi1410","primary","N","B","茵","茵","lǐ","yīn"
"cnwqi1411","primary","N","B","茶","茶","shì","chá"
"cnwqi1412","primary","N","B","荒","荒","kuì","huāng"
"cnwqi1413","primary","N","A","茫","茫","máng","shǎn"
"cnwqi1414","primary","N","A","荡","荡","dàng","jiè"
"cnwqi1415","primary","N","B","荣","荣","bèi","róng"
"cnwqi1416","primary","N","B","荤","荤","bāng","hūn"
"cnwqi1417","primary","N","B","荧","荧","lù","yíng"
"cnwqi1418","primary","N","B","故","故","pàn","gù"
"cnwqi1419","primary","N","A","胡","胡","hú","zǒu"
"cnwqi1420","primary","N","B","荫","荫","cuì","yīn、yìn"
"cnwqi1421","primary","N","A","荔","荔","lì","xī"
"cnwqi1422","primary","N","A","南","南","nán、nā","hú"
"cnwqi1423","primary","N","A","药","药","yào","cāng"
"cnwqi1424","primary","N","A","标","标","biāo","zhǎ"
"cnwqi1425","primary","N","A","栈","栈","zhàn","hóng"
"cnwqi1426","primary","N","B","柑","柑","yàn","gān"
"cnwqi1427","primary","N","A","枯","枯","kū","tǔ"
"cnwqi1428","primary","N","B","柄","柄","pǎng","bǐng"
"cnwqi1429","primary","N","B","栋","栋","gā、jiá","dòng"
"cnwqi1430","primary","N","B","相","相","sī","xiāng、xiàng"
"cnwqi1431","primary","N","B","查","查","xīng","chá、zhā"
"cnwqi1432","primary","N","B","柏","柏","lái","bǎi、bó、bò"
"cnwqi1433","primary","N","B","栅","栅","táng","zhà、shān、shi、cè"
"cnwqi1434","primary","N","A","柳","柳","liǔ","mào"
"cnwqi1435","primary","N","A","柱","柱","zhù","miǎn"
"cnwqi1436","primary","N","A","柿","柿","shì","yù"
"cnwqi1437","primary","N","A","栏","栏","lán","zhé"
"cnwqi1438","primary","N","A","柠","柠","níng","suǒ"
"cnwqi1439","primary","N","B","树","树","máng","shù"
"cnwqi1440","primary","N","B","勃","勃","gǎn","bó、bèi"
"cnwqi1441","primary","N","B","要","要","kè","yào、yāo"
"cnwqi1442","primary","N","B","柬","柬","chǎn","jiǎn"
"cnwqi1443","primary","N","B","咸","咸","kuī","xián"
"cnwqi1444","primary","N","A","威","威","wēi","zuān"
"cnwqi1445","primary","N","A","歪","歪","wāi","jiāo"
"cnwqi1446","primary","N","A","研","研","yán、yàn","yuè"
"cnwqi1447","primary","N","A","砖","砖","zhuān","jīn"
"cnwqi1448","primary","N","B","厘","厘","jiù","lí"
"cnwqi1449","primary","N","A","厚","厚","hòu","sù"
"cnwqi1450","primary","N","B","砌","砌","yǎn","qì、qiè"
"cnwqi1451","primary","N","B","砂","砂","shù","shā"
"cnwqi1452","primary","N","A","泵","泵","bèng","diàn"
"cnwqi1453","primary","N","A","砚","砚","yàn","shì、zhī"
"cnwqi1454","primary","N","B","砍","砍","xiāng","kǎn"
"cnwqi1455","primary","N","A","面","面","miàn","xián"
"cnwqi1456","primary","N","B","耐","耐","pián","nài"
"cnwqi1457","primary","N","A","耍","耍","shuǎ","wù"
"cnwqi1458","primary","N","A","牵","牵","qiān","yù"
"cnwqi1459","primary","N","B","鸥","鸥","yù","ōu"
"cnwqi1460","primary","N","A","残","残","cán","yǒu"
"cnwqi1461","primary","N","B","殃","殃","qī","yāng"
"cnwqi1462","primary","N","A","轴","轴","zhóu、zhòu","dàng"
"cnwqi1463","primary","N","A","轻","轻","qīng","téng"
"cnwqi1464","primary","N","A","鸦","鸦","yā","mó、mú"
"cnwqi1465","primary","N","B","皆","皆","yá","jiē"
"cnwqi1466","primary","N","B","韭","韭","lǒng","jiǔ"
"cnwqi1467","primary","N","B","背","背","zhǒu","bēi、bèi"
"cnwqi1468","primary","N","A","战","战","zhàn","dá"
"cnwqi1469","primary","N","A","点","点","diǎn","kū"
"cnwqi1470","primary","N","B","虐","虐","fān","nüè"
"cnwqi1471","primary","N","A","临","临","lín","bèi、pī"
"cnwqi1472","primary","N","A","览","览","lǎn","gān"
"cnwqi1473","primary","N","B","竖","竖","xuān","shù"
"cnwqi1474","primary","N","B","省","省","zǎi","shěng、xǐng"
"cnwqi1475","primary","N","B","削","削","chá","xiāo、xuē"
"cnwqi1476","primary","N","A","尝","尝","cháng","yáo"
"cnwqi1477","primary","N","B","昧","昧","tíng、tīng","mèi"
"cnwqi1478","primary","N","A","盹","盹","dǔn","yóu"
"cnwqi1479","primary","N","A","是","是","shì","mìng"
"cnwqi1480","primary","N","A","盼","盼","pàn","tāo"
"cnwqi1481","primary","N","A","眨","眨","zhǎ","yǒng、chōng"
"cnwqi1482","primary","N","B","哇","哇","pèi","wā、wa"
"cnwqi1483","primary","N","B","哄","哄","shī","hōng、hǒng、hòng"
"cnwqi1484","primary","N","A","哑","哑","yǎ、yā","huáng"
"cnwqi1485","primary","N","A","显","显","xiǎn","tǎn"
"cnwqi1486","primary","N","B","冒","冒","biǎn","mào、mò"
"cnwqi1487","primary","N","A","映","映","yìng","pǎng"
"cnwqi1488","primary","N","A","星","星","xīng","diāo"
"cnwqi1489","primary","N","A","昨","昨","zuó","tóu"
"cnwqi1490","primary","N","A","咧","咧","liē、liě、lié、lie","qī"
"cnwqi1491","primary","N","A","昭","昭","zhāo","zhào"
"cnwqi1492","primary","N","B","畏","畏","dīng","wèi"
"cnwqi1493","primary","N","A","趴","趴","pā","mǔ"
"cnwqi1494","primary","N","A","胃","胃","wèi","wēi"
"cnwqi1495","primary","N","A","贵","贵","guì","xiè"
"cnwqi1496","primary","N","A","界","界","jiè","zā"
"cnwqi1497","primary","N","A","虹","虹","hóng、jiàng","méi"
"cnwqi1498","primary","N","A","虾","虾","xiā、hā","yù"
"cnwqi1499","primary","N","B","蚁","蚁","zhuó、zhào","yǐ"
"cnwqi1500","primary","N","B","思","思","diāo","sī、sāi"
"cnwqi1501","primary","N","B","蚂","蚂","lì","mǎ、mā、mà"
"cnwqi1502","primary","N","A","虽","虽","suī","lǔ"
"cnwqi1503","primary","N","A","品","品","pǐn","jiàn、jiān"
"cnwqi1504","primary","N","B","咽","咽","yú","yān、yàn、yè"
"cnwqi1505","primary","N","A","骂","骂","mà","jié、xié、jiá"
"cnwqi1506","primary","N","A","勋","勋","xūn","jī"
"cnwqi1507","primary","N","A","哗","哗","huā、huá","biǎo"
"cnwqi1508","primary","N","B","咱","咱","xiāng","zán、zá、zǎ"
"cnwqi1509","primary","N","B","响","响","zèng、zōng","xiǎng"
"cnwqi1510","primary","N","B","哈","哈","wǎn","hā、hǎ、hà"
"cnwqi1511","primary","N","A","哆","哆","duō","zhǐ"
"cnwqi1512","primary","N","B","咬","咬","biāo","yǎo"
"cnwqi1513","primary","N","B","咳","咳","kē","hāi、ké"
"cnwqi1514","primary","N","B","咪","咪","kuí","mī、mǐ"
"cnwqi1515","primary","N","A","哪","哪","nǎ、něi、na、né","lì"
"cnwqi1516","primary","N","B","哟","哟","lǔ","yō、yo"
"cnwqi1517","primary","N","B","炭","炭","tíng","tàn"
"cnwqi1518","primary","N","A","峡","峡","xiá","fū"
"cnwqi1519","primary","N","B","罚","罚","tà","fá"
"cnwqi1520","primary","N","A","贱","贱","jiàn","jìn"
"cnwqi1521","primary","N","A","贴","贴","tiē","dié"
"cnwqi1522","primary","N","A","贻","贻","yí","fēng、fěng"
"cnwqi1523","primary","N","B","骨","骨","rén","gǔ、gū"
"cnwqi1524","primary","N","B","幽","幽","guō","yōu"
"cnwqi1525","primary","N","B","钙","钙","jǐn","gài"
"cnwqi1526","primary","N","B","钝","钝","cè","dùn"
"cnwqi1527","primary","N","B","钞","钞","zhēn、qín","chāo"
"cnwqi1528","primary","N","B","钟","钟","jiù","zhōng"
"cnwqi1529","primary","N","B","钢","钢","shí","gāng、gàng"
"cnwqi1530","primary","N","B","钠","钠","nú","nà"
"cnwqi1531","primary","N","A","钥","钥","yuè、yào","liú"
"cnwqi1532","primary","N","A","钦","钦","qīn","chì"
"cnwqi1533","primary","N","A","钧","钧","jūn","qiáng"
"cnwqi1534","primary","N","B","钩","钩","jìn","gōu"
"cnwqi1535","primary","N","A","钮","钮","niǔ","nà"
"cnwqi1536","primary","N","A","卸","卸","xiè","pì"
"cnwqi1537","primary","N","A","缸","缸","gāng","yín"
"cnwqi1538","primary","N","B","拜","拜","zǒng","bái、bài"
"cnwqi1539","primary","N","A","看","看","kān、kàn","dīng、dǐng"
"cnwqi1540","primary","N","B","矩","矩","liǎng","jǔ"
"cnwqi1541","primary","N","B","毡","毡","biǎo","zhān"
"cnwqi1542","primary","N","A","氢","氢","qīng","xiāng"
"cnwqi1543","primary","N","B","怎","怎","rǎn","zěn"
"cnwqi1544","primary","N","A","牲","牲","shēng","xiù"
"cnwqi1545","primary","N","A","选","选","xuǎn","è"
"cnwqi1546","primary","N","A","适","适","shì","yàn"
"cnwqi1547","primary","N","A","秒","秒","miǎo","liàng"
"cnwqi1548","primary","N","A","香","香","xiāng","hàn"
"cnwqi1549","primary","N","A","种","种","zhǒng、zhòng、chóng","hù"
"cnwqi1550","primary","N","B","秋","秋","zhěng","qiū"
"cnwqi1551","primary","N","A","科","科","kē","rán"
"cnwqi1552","primary","N","B","重","重","jué","zhòng、chóng"
"cnwqi1553","primary","N","A","复","复","fù","xiāng"
"cnwqi1554","primary","N","A","竿","竿","gān","niè"
"cnwqi1555","primary","N","B","段","段","xiá","duàn"
"cnwqi1556","primary","N","B","便","便","qín","biàn、pián"
"cnwqi1557","primary","N","B","俩","俩","jiào","liǎng、liǎ"
"cnwqi1558","primary","N","A","贷","贷","dài","wěi"
"cnwqi1559","primary","N","A","顺","顺","shùn","rǎn"
"cnwqi1560","primary","N","A","修","修","xiū","fán"
"cnwqi1561","primary","N","B","俏","俏","gū","qiào、xiào"
"cnwqi1562","primary","N","A","保","保","bǎo","jī"
"cnwqi1563","primary","N","B","促","促","guǎ","cù"
"cnwqi1564","primary","N","A","俄","俄","é","cuì"
"cnwqi1565","primary","N","B","俐","俐","chuáng","lì"
"cnwqi1566","primary","N","A","侮","侮","wǔ","kěn"
"cnwqi1567","primary","N","B","俭","俭","páo","jiǎn"
"cnwqi1568","primary","N","B","俗","俗","páng","sú"
"cnwqi1569","primary","N","B","俘","俘","qì","fú"
"cnwqi1570","primary","N","B","信","信","jù","xìn、shēn"
"cnwqi1571","primary","N","A","皇","皇","huáng","róng"
"cnwqi1572","primary","N","B","泉","泉","zhěn","quán"
"cnwqi1573","primary","N","A","鬼","鬼","guǐ","mó"
"cnwqi1574","primary","N","B","侵","侵","chà、shā","qīn"
"cnwqi1575","primary","N","A","禹","禹","yǔ","bei、bài"
"cnwqi1576","primary","N","A","侯","侯","hóu、hòu","lì"
"cnwqi1577","primary","N","B","追","追","yè","zhuī、duī"
"cnwqi1578","primary","N","A","俊","俊","jùn","hù"
"cnwqi1579","primary","N","A","盾","盾","dùn","péi"
"cnwqi1580","primary","N","A","待","待","dài、dāi","pò"
"cnwqi1581","primary","N","B","徊","徊","lì","huái"
"cnwqi1582","primary","N","A","衍","衍","yǎn","dú"
"cnwqi1583","primary","N","A","律","律","lǜ","sī"
"cnwqi1584","primary","N","B","很","很","xué","hěn"
"cnwqi1585","primary","N","B","须","须","ruò","xū"
"cnwqi1586","primary","N","B","叙","叙","zān","xù"
"cnwqi1587","primary","N","B","剑","剑","kuàng","jiàn"
"cnwqi1588","primary","N","A","逃","逃","táo","duān、zhuān"
"cnwqi1589","primary","N","A","食","食","shí、sì、yì","gǔ"
"cnwqi1590","primary","N","A","盆","盆","pén","yuān"
"cnwqi1591","primary","N","A","胚","胚","pēi","yí"
"cnwqi1592","primary","N","A","胧","胧","lóng","liāo、liáo"
"cnwqi1593","primary","N","B","胆","胆","gōng","dǎn"
"cnwqi1594","primary","N","A","胜","胜","shèng","kē"
"cnwqi1595","primary","N","A","胞","胞","bāo","zhuì"
"cnwqi1596","primary","N","B","胖","胖","hǒu、hōng、ōu","pàng、pán、pàn"
"cnwqi1597","primary","N","A","脉","脉","mài、mò","é"
"cnwqi1598","primary","N","A","胎","胎","tāi","jūn"
"cnwqi1599","primary","N","B","勉","勉","xuān","miǎn"
"cnwqi1600","primary","N","B","狭","狭","tiān","xiá"
"cnwqi1601","primary","N","A","狮","狮","shī","chóng、shuāng"
"cnwqi1602","primary","N","B","独","独","qiāo","dú"
"cnwqi1603","primary","N","B","狰","狰","lóu、lou","zhēng"
"cnwqi1604","primary","N","A","狡","狡","jiǎo","yī"
"cnwqi1605","primary","N","B","狱","狱","sù","yù"
"cnwqi1606","primary","N","A","狠","狠","hěn","nèn"
"cnwqi1607","primary","N","B","贸","贸","mí","mào"
"cnwqi1608","primary","N","B","怨","怨","dié","yuàn"
"cnwqi1609","primary","N","B","急","急","jiǎo","jí"
"cnwqi1610","primary","N","B","饵","饵","hé、hè","ěr"
"cnwqi1611","primary","N","A","饶","饶","ráo","zú"
"cnwqi1612","primary","N","A","蚀","蚀","shí","yǔ"
"cnwqi1613","primary","N","B","饺","饺","dì","jiǎo"
"cnwqi1614","primary","N","A","饼","饼","bǐng","qiān"
"cnwqi1615","primary","N","B","峦","峦","é、yǐ","luán"
"cnwqi1616","primary","N","B","弯","弯","yǒng","wān"
"cnwqi1617","primary","N","A","将","将","jiāng、jiàng","shào"
"cnwqi1618","primary","N","A","奖","奖","jiǎng","wò"
"cnwqi1619","primary","N","B","哀","哀","lǘ","āi"
"cnwqi1620","primary","N","B","亭","亭","bì","tíng"
"cnwqi1621","primary","N","B","亮","亮","ráo","liàng"
"cnwqi1622","primary","N","B","度","度","tóng","dù、duó"
"cnwqi1623","primary","N","A","迹","迹","jì","zhě"
"cnwqi1624","primary","N","B","庭","庭","kāng","tíng"
"cnwqi1625","primary","N","A","疮","疮","chuāng","cuō"
"cnwqi1626","primary","N","A","疯","疯","fēng","jiāng、qiáng"
"cnwqi1627","primary","N","B","疫","疫","yà","yì"
"cnwqi1628","primary","N","B","疤","疤","zuò、zhà","bā"
"cnwqi1629","primary","N","B","咨","咨","yōu","zī"
"cnwqi1630","primary","N","B","姿","姿","kū","zī"
"cnwqi1631","primary","N","B","亲","亲","yóu","qīn、qìng"
"cnwqi1632","primary","N","A","音","音","yīn","yùn"
"cnwqi1633","primary","N","A","帝","帝","dì","jiē、jié"
"cnwqi1634","primary","N","A","施","施","shī","máng"
"cnwqi1635","primary","N","B","闺","闺","dài、dāi","guī"
"cnwqi1636","primary","N","A","闻","闻","wén","lóu"
"cnwqi1637","primary","N","A","闽","闽","mǐn","yá"
"cnwqi1638","primary","N","A","阀","阀","fá","dǎn"
"cnwqi1639","primary","N","B","阁","阁","méng","gé"
"cnwqi1640","primary","N","B","差","差","yǐ","chà、chā、chāi、cī"
"cnwqi1641","primary","N","A","养","养","yǎng","mó、mò"
"cnwqi1642","primary","N","B","美","美","dòu","měi"
"cnwqi1643","primary","N","A","姜","姜","jiāng","shào"
"cnwqi1644","primary","N","B","叛","叛","lù","pàn"
"cnwqi1645","primary","N","A","送","送","sòng","bū"
"cnwqi1646","primary","N","A","类","类","lèi","yú"
"cnwqi1647","primary","N","A","迷","迷","mí","hùn、kūn"
"cnwqi1648","primary","N","A","籽","籽","zǐ","qiáo"
"cnwqi1649","primary","N","A","娄","娄","lóu","sī"
"cnwqi1650","primary","N","B","前","前","tóng","qián"
"cnwqi1651","primary","N","B","首","首","yí","shǒu"
"cnwqi1652","primary","N","B","逆","逆","zhǒng","nì"
"cnwqi1653","primary","N","A","兹","兹","zī、cí","pán、bàn"
"cnwqi1654","primary","N","B","总","总","zhēn","zǒng"
"cnwqi1655","primary","N","B","炼","炼","jiǎ、gǔ","liàn"
"cnwqi1656","primary","N","A","炸","炸","zhà、zhá","yòu"
"cnwqi1657","primary","N","B","烁","烁","jiǒng","shuò"
"cnwqi1658","primary","N","A","炮","炮","pào、páo、bāo","xiào、xué"
"cnwqi1659","primary","N","A","炫","炫","xuàn","yì"
"cnwqi1660","primary","N","B","烂","烂","suǒ","làn"
"cnwqi1661","primary","N","B","剃","剃","diàn","tì"
"cnwqi1662","primary","N","B","洼","洼","niǎo","wā"
"cnwqi1663","primary","N","B","洁","洁","zhāng","jié"
"cnwqi1664","primary","N","B","洪","洪","lěi","hóng"
"cnwqi1665","primary","N","B","洒","洒","quán","sǎ、xǐ"
"cnwqi1666","primary","N","B","柒","柒","wéi","qī"
"cnwqi1667","primary","N","B","浇","浇","nǐ","jiāo"
"cnwqi1668","primary","N","A","浊","浊","zhuó","lài"
"cnwqi1669","primary","N","A","洞","洞","dòng、tóng","yù"
"cnwqi1670","primary","N","B","测","测","biàn","cè"
"cnwqi1671","primary","N","A","洗","洗","xǐ、xiǎn","chàn"
"cnwqi1672","primary","N","B","活","活","māo、máo","huó"
"cnwqi1673","primary","N","A","派","派","pài","xián"
"cnwqi1674","primary","N","A","洽","洽","qià","fēn"
"cnwqi1675","primary","N","A","染","染","rǎn","bì"
"cnwqi1676","primary","N","A","洛","洛","luò","quán"
"cnwqi1677","primary","N","A","浏","浏","liú","liào"
"cnwqi1678","primary","N","B","济","济","shā","jì、jǐ"
"cnwqi1679","primary","N","B","洋","洋","gǔ","yáng"
"cnwqi1680","primary","N","A","洲","洲","zhōu","zāng、zàng、cáng"
"cnwqi1681","primary","N","B","浑","浑","wéi","hún"
"cnwqi1682","primary","N","A","浓","浓","nóng","hūn"
"cnwqi1683","primary","N","A","津","津","jīn","fèng"
"cnwqi1684","primary","N","B","恃","恃","fēn","shì"
"cnwqi1685","primary","N","A","恒","恒","héng","bēng、fāng"
"cnwqi1686","primary","N","A","恢","恢","huī","jié"
"cnwqi1687","primary","N","A","恍","恍","huǎng","yān"
"cnwqi1688","primary","N","B","恬","恬","jīn","tián"
"cnwqi1689","primary","N","B","恤","恤","piáo","xù"
"cnwqi1690","primary","N","B","恰","恰","wǔ","qià"
"cnwqi1691","primary","N","B","恼","恼","jì、qí","nǎo"
"cnwqi1692","primary","N","B","恨","恨","xiāng","hèn"
"cnwqi1693","primary","N","A","举","举","jǔ","jī"
"cnwqi1694","primary","N","A","觉","觉","jué、jiào","hǔ、xǔ"
"cnwqi1695","primary","N","B","宣","宣","kuī","xuān"
"cnwqi1696","primary","N","A","宦","宦","huàn","lí"
"cnwqi1697","primary","N","B","室","室","dūn","shì"
"cnwqi1698","primary","N","A","宫","宫","gōng","kòng"
"cnwqi1699","primary","N","B","宪","宪","wān","xiàn"
"cnwqi1700","primary","N","B","突","突","fú","tū"
"cnwqi1701","primary","N","A","穿","穿","chuān","yì"
"cnwqi1702","primary","N","B","窃","窃","gǎng、jiǎng","qiè"
"cnwqi1703","primary","N","B","客","客","shòu","kè"
"cnwqi1704","primary","N","B","诫","诫","féng、píng","jiè"
"cnwqi1705","primary","N","A","冠","冠","guàn、guān","sī"
"cnwqi1706","primary","N","A","诬","诬","wū","zhēng"
"cnwqi1707","primary","N","B","语","语","dài","yǔ、yù"
"cnwqi1708","primary","N","B","扁","扁","kěn","biǎn、piān"
"cnwqi1709","primary","N","B","袄","袄","yàng","ǎo"
"cnwqi1710","primary","N","B","祖","祖","pēng","zǔ"
"cnwqi1711","primary","N","B","神","神","sǔn","shén"
"cnwqi1712","primary","N","B","祝","祝","bā","zhù"
"cnwqi1713","primary","N","A","祠","祠","cí","xiào、jiǎo"
"cnwqi1714","primary","N","A","误","误","wù","wō"
"cnwqi1715","primary","N","A","诱","诱","yòu","shǔ、zhǔ"
"cnwqi1716","primary","N","A","诲","诲","huì","nǎ、něi、na、né"
"cnwqi1717","primary","N","B","说","说","hù","shuō、shuì、yuè"
"cnwqi1718","primary","N","B","诵","诵","gǔ、hú","sòng"
"cnwqi1719","primary","N","A","垦","垦","kěn","chěng"
"cnwqi1720","primary","N","A","退","退","tuì","kuī"
"cnwqi1721","primary","N","A","既","既","jì","yāng"
"cnwqi1722","primary","N","A","屋","屋","wū","shāo"
"cnwqi1723","primary","N","B","昼","昼","shí","zhòu"
"cnwqi1724","primary","N","A","屏","屏","píng、bǐng","xù"
"cnwqi1725","primary","N","A","屎","屎","shǐ","chì"
"cnwqi1726","primary","N","B","费","费","shén","fèi"
"cnwqi1727","primary","N","B","陡","陡","lào","dǒu"
"cnwqi1728","primary","N","A","逊","逊","xùn","lí"
"cnwqi1729","primary","N","B","眉","眉","báo、bó、bò","méi"
"cnwqi1730","primary","N","B","孩","孩","chēn","hái"
"cnwqi1731","primary","N","A","陨","陨","yǔn","cōng"
"cnwqi1732","primary","N","B","除","除","nǎ、něi、na、né","chú"
"cnwqi1733","primary","N","A","险","险","xiǎn","é"
"cnwqi1734","primary","N","B","院","院","shàn","yuàn"
"cnwqi1735","primary","N","A","娃","娃","wá","bàn"
"cnwqi1736","primary","N","A","姥","姥","lǎo、mǔ","yíng"
"cnwqi1737","primary","N","A","姨","姨","yí","zhuó、què"
"cnwqi1738","primary","N","B","姻","姻","mǎ","yīn"
"cnwqi1739","primary","N","A","娇","娇","jiāo","xuàn"
"cnwqi1740","primary","N","A","姚","姚","yáo","bó"
"cnwqi1741","primary","N","B","娜","娜","wēi","nuó、nà"
"cnwqi1742","primary","N","A","怒","怒","nù","jiǒng"
"cnwqi1743","primary","N","A","架","架","jià","ǒu、ōu、òu"
"cnwqi1744","primary","N","B","贺","贺","guǐ","hè"
"cnwqi1745","primary","N","A","盈","盈","yíng","bū"
"cnwqi1746","primary","N","B","勇","勇","liáo","yǒng"
"cnwqi1747","primary","N","B","怠","怠","wēn","dài"
"cnwqi1748","primary","N","A","癸","癸","guǐ","huò"
"cnwqi1749","primary","N","A","蚤","蚤","zǎo","zhuàn"
"cnwqi1750","primary","N","B","柔","柔","xī、xǐ","róu"
"cnwqi1751","primary","N","B","垒","垒","mào","lěi"
"cnwqi1752","primary","N","B","绑","绑","wú","bǎng"
"cnwqi1753","primary","N","A","绒","绒","róng","pèi"
"cnwqi1754","primary","N","B","结","结","fú","jié、jiē"
"cnwqi1755","primary","N","B","绕","绕","qiǎo","rào"
"cnwqi1756","primary","N","B","骄","骄","wān","jiāo"
"cnwqi1757","primary","N","A","绘","绘","huì","lěi"
"cnwqi1758","primary","N","B","给","给","zū","gěi、jǐ"
"cnwqi1759","primary","N","B","绚","绚","diǎn","xuàn"
"cnwqi1760","primary","N","A","骆","骆","luò","tāo"
"cnwqi1761","primary","N","B","络","络","xiōng","luò、lào"
"cnwqi1762","primary","N","B","绝","绝","chēn","jué"
"cnwqi1763","primary","N","A","绞","绞","jiǎo","niǎn"
"cnwqi1764","primary","N","B","骇","骇","jīng、jìng","hài"
"cnwqi1765","primary","N","A","统","统","tǒng","xīn"
"cnwqi1766","primary","N","B","耕","耕","chén","gēng"
"cnwqi1767","primary","N","B","耘","耘","zhèng、zhēng","yún"
"cnwqi1768","primary","N","B","耗","耗","kuài","hào"
"cnwqi1769","primary","N","B","耙","耙","qiáng","bà、pá"
"cnwqi1770","primary","N","B","艳","艳","luán","yàn"
"cnwqi1771","primary","N","B","泰","泰","cí","tài"
"cnwqi1772","primary","N","B","秦","秦","fǎng","qín"
"cnwqi1773","primary","N","B","珠","珠","qín","zhū"
"cnwqi1774","primary","N","A","班","班","bān","yú"
"cnwqi1775","primary","N","B","素","素","lǜ、shuài","sù"
"cnwqi1776","primary","N","A","匿","匿","nì","zhōu"
"cnwqi1777","primary","N","B","蚕","蚕","luò、pō","cán"
"cnwqi1778","primary","N","A","顽","顽","wán","jù"
"cnwqi1779","primary","N","A","盏","盏","zhǎn","líng"
"cnwqi1780","primary","N","B","匪","匪","zhào","fěi"
"cnwqi1781","primary","N","A","捞","捞","lāo","hé、hē、hè"
"cnwqi1782","primary","N","B","栽","栽","wéi","zāi"
"cnwqi1783","primary","N","B","捕","捕","liàn","bǔ"
"cnwqi1784","primary","N","B","埂","埂","dǎo","gěng"
"cnwqi1785","primary","N","B","捂","捂","fú、bì","wǔ"
"cnwqi1786","primary","N","B","振","振","kǎo、kào","zhèn"
"cnwqi1787","primary","N","B","载","载","lè、lēi","zài、zǎi"
"cnwqi1788","primary","N","A","赶","赶","gǎn","dū"
"cnwqi1789","primary","N","B","起","起","tián","qǐ"
"cnwqi1790","primary","N","A","盐","盐","yán","jū"
"cnwqi1791","primary","N","A","捎","捎","shāo、shào","xiè"
"cnwqi1792","primary","N","B","捍","捍","qù","hàn"
"cnwqi1793","primary","N","B","捏","捏","xiāo","niē"
"cnwqi1794","primary","N","B","埋","埋","yīn","mái、mán"
"cnwqi1795","primary","N","A","捉","捉","zhuō","ráng"
"cnwqi1796","primary","N","B","捆","捆","kuì、huì","kǔn"
"cnwqi1797","primary","N","A","捐","捐","juān","yú"
"cnwqi1798","primary","N","A","损","损","sǔn","dá、tǎ"
"cnwqi1799","primary","N","A","袁","袁","yuán","zhèng"
"cnwqi1800","primary","N","B","捌","捌","qī","bā"
"cnwqi1801","primary","N","B","都","都","jiè","dōu、dū"
"cnwqi1802","primary","N","B","哲","哲","sù","zhé"
"cnwqi1803","primary","N","A","逝","逝","shì","máo"
"cnwqi1804","primary","N","A","捡","捡","jiǎn","qiū"
"cnwqi1805","primary","N","B","挫","挫","yì","cuò"
"cnwqi1806","primary","N","B","换","换","hán","huàn"
"cnwqi1807","primary","N","B","挽","挽","dé","wǎn"
"cnwqi1808","primary","N","A","挚","挚","zhì","yuān"
"cnwqi1809","primary","N","A","热","热","rè","chà"
"cnwqi1810","primary","N","A","恐","恐","kǒng","bāo"
"cnwqi1811","primary","N","A","捣","捣","dǎo","shōu"
"cnwqi1812","primary","N","A","壶","壶","hú","zhān"
"cnwqi1813","primary","N","A","捅","捅","tǒng","liè"
"cnwqi1814","primary","N","A","埃","埃","āi","hé、gé"
"cnwqi1815","primary","N","B","挨","挨","yǒng","āi、ái"
"cnwqi1816","primary","N","B","耻","耻","móu","chǐ"
"cnwqi1817","primary","N","A","耿","耿","gěng","kǎi"
"cnwqi1818","primary","N","A","耽","耽","dān","jiǎn"
"cnwqi1819","primary","N","B","聂","聂","xīng","niè"
"cnwqi1820","primary","N","A","恭","恭","gōng","yàn"
"cnwqi1821","primary","N","B","莽","莽","sù","mǎng"
"cnwqi1822","primary","N","B","莱","莱","yè","lái"
"cnwqi1823","primary","N","A","莲","莲","lián","dǎo"
"cnwqi1824","primary","N","A","莫","莫","mò、mù","chuí"
"cnwqi1825","primary","N","A","莉","莉","lì","xī"
"cnwqi1826","primary","N","B","荷","荷","xiōng","hé、hè"
"cnwqi1827","primary","N","A","获","获","huò","pǔ"
"cnwqi1828","primary","N","B","晋","晋","qí","jìn"
"cnwqi1829","primary","N","B","恶","恶","hǎn","è、wù、ě、wū"
"cnwqi1830","primary","N","B","莹","莹","yù","yíng"
"cnwqi1831","primary","N","B","莺","莺","qiāng","yīng"
"cnwqi1832","primary","N","B","真","真","chēn","zhēn"
"cnwqi1833","primary","N","A","框","框","kuàng","zhū"
"cnwqi1834","primary","N","A","梆","梆","bāng","lóng"
"cnwqi1835","primary","N","A","桂","桂","guì","qiǎn"
"cnwqi1836","primary","N","A","桔","桔","jié、jú","xuǎn"
"cnwqi1837","primary","N","B","栖","栖","miàn","qī、xī"
"cnwqi1838","primary","N","A","档","档","dàng","jì"
"cnwqi1839","primary","N","B","桐","桐","liè","tóng"
"cnwqi1840","primary","N","B","株","株","yuè","zhū"
"cnwqi1841","primary","N","B","桥","桥","tǐng、dīng","qiáo"
"cnwqi1842","primary","N","A","桦","桦","huà","dì"
"cnwqi1843","primary","N","B","栓","栓","duàn","shuān"
"cnwqi1844","primary","N","B","桃","桃","bǐ","táo"
"cnwqi1845","primary","N","B","格","格","zèng","gé"
"cnwqi1846","primary","N","A","桩","桩","zhuāng","kāi"
"cnwqi1847","primary","N","B","校","校","dē、dēi","xiào、jiào"
"cnwqi1848","primary","N","B","核","核","chēng、chèn、chèng","hé、hú"
"cnwqi1849","primary","N","A","样","样","yàng","xuàn"
"cnwqi1850","primary","N","B","根","根","zǐ","gēn"
"cnwqi1851","primary","N","B","索","索","yù","suǒ"
"cnwqi1852","primary","N","B","哥","哥","mó","gē"
"cnwqi1853","primary","N","A","速","速","sù","wēn"
"cnwqi1854","primary","N","B","逗","逗","jiāng","dòu"
"cnwqi1855","primary","N","A","栗","栗","lì","shèn"
"cnwqi1856","primary","N","A","贾","贾","jiǎ、gǔ","míng"
"cnwqi1857","primary","N","A","酌","酌","zhuó","tú"
"cnwqi1858","primary","N","B","配","配","pí","pèi"
"cnwqi1859","primary","N","A","翅","翅","chì","lǎng"
"cnwqi1860","primary","N","B","辱","辱","xì、hū","rǔ"
"cnwqi1861","primary","N","A","唇","唇","chún","rào"
"cnwqi1862","primary","N","A","夏","夏","xià","yuàn"
"cnwqi1863","primary","N","B","砸","砸","wéi、yù","zá"
"cnwqi1864","primary","N","A","砰","砰","pēng","shàn"
"cnwqi1865","primary","N","A","砾","砾","lì","gěng"
"cnwqi1866","primary","N","A","础","础","chǔ","fèi"
"cnwqi1867","primary","N","B","破","破","fǎ","pò"
"cnwqi1868","primary","N","A","原","原","yuán","xuàn"
"cnwqi1869","primary","N","B","套","套","xī","tào"
"cnwqi1870","primary","N","A","逐","逐","zhú","tíng、tīng"
"cnwqi1871","primary","N","B","烈","烈","xī","liè"
"cnwqi1872","primary","N","B","殊","殊","zhōu","shū"
"cnwqi1873","primary","N","A","殉","殉","xùn","jī"
"cnwqi1874","primary","N","A","顾","顾","gù","yáng"
"cnwqi1875","primary","N","A","轿","轿","jiào","cáng、zàng"
"cnwqi1876","primary","N","B","较","较","gǎ","jiào"
"cnwqi1877","primary","N","A","顿","顿","dùn","lóu"
"cnwqi1878","primary","N","A","毙","毙","bì","líng、léng"
"cnwqi1879","primary","N","B","致","致","jì","zhì"
"cnwqi1880","primary","N","A","柴","柴","chái","nán、nā"
"cnwqi1881","primary","N","A","桌","桌","zhuō","bì"
"cnwqi1882","primary","N","B","虑","虑","hù","lǜ"
"cnwqi1883","primary","N","A","监","监","jiān、jiàn","yú"
"cnwqi1884","primary","N","B","紧","紧","kāi","jǐn"
"cnwqi1885","primary","N","B","党","党","wǎn","dǎng"
"cnwqi1886","primary","N","B","逞","逞","sì","chěng"
"cnwqi1887","primary","N","A","晒","晒","shài","xún"
"cnwqi1888","primary","N","A","眠","眠","mián","tā"
"cnwqi1889","primary","N","A","晓","晓","xiǎo","zhuó"
"cnwqi1890","primary","N","A","哮","哮","xiào","dú"
"cnwqi1891","primary","N","A","唠","唠","lào、láo","gǔ"
"cnwqi1892","primary","N","B","鸭","鸭","chàng","yā"
"cnwqi1893","primary","N","B","晃","晃","gǎn","huǎng、huàng"
"cnwqi1894","primary","N","A","哺","哺","bǔ","qī"
"cnwqi1895","primary","N","B","晌","晌","lòu","shǎng"
"cnwqi1896","primary","N","A","剔","剔","tī","wàng"
"cnwqi1897","primary","N","A","晕","晕","yūn、yùn","làng"
"cnwqi1898","primary","N","A","蚌","蚌","bàng、bèng","lì"
"cnwqi1899","primary","N","A","畔","畔","pàn","dàn"
"cnwqi1900","primary","N","A","蚣","蚣","gōng、zhōng","xú"
"cnwqi1901","primary","N","A","蚊","蚊","wén","pā"
"cnwqi1902","primary","N","A","蚪","蚪","dǒu","táng"
"cnwqi1903","primary","N","A","蚓","蚓","yǐn","zuì"
"cnwqi1904","primary","N","A","哨","哨","shào","píng"
"cnwqi1905","primary","N","B","哩","哩","shàn","li、lǐ、lī"
"cnwqi1906","primary","N","B","圃","圃","yù","pǔ"
"cnwqi1907","primary","N","A","哭","哭","kū","zhì"
"cnwqi1908","primary","N","A","哦","哦","ò、ó、é","xī"
"cnwqi1909","primary","N","A","恩","恩","ēn","pēi"
"cnwqi1910","primary","N","B","鸯","鸯","jiě","yāng"
"cnwqi1911","primary","N","A","唤","唤","huàn","sǒu"
"cnwqi1912","primary","N","B","唁","唁","zǒng","yàn"
"cnwqi1913","primary","N","B","哼","哼","lí","hēng"
"cnwqi1914","primary","N","B","唧","唧","zhú","jī"
"cnwqi1915","primary","N","A","啊","啊","ā、á、ǎ、à、a","xiè"
"cnwqi1916","primary","N","A","唉","唉","āi、ài","yú"
"cnwqi1917","primary","N","A","唆","唆","suō","ní"
"cnwqi1918","primary","N","A","罢","罢","bà、ba、pí","qiáng"
"cnwqi1919","primary","N","A","峭","峭","qiào","tà"
"cnwqi1920","primary","N","A","峨","峨","é","gòu"
"cnwqi1921","primary","N","B","峰","峰","hé","fēng"
"cnwqi1922","primary","N","A","圆","圆","yuán","shù"
"cnwqi1923","primary","N","A","峻","峻","jùn","hé"
"cnwqi1924","primary","N","B","贼","贼","diào","zéi"
"cnwqi1925","primary","N","B","贿","贿","yíng","huì"
"cnwqi1926","primary","N","A","赂","赂","lù","miǎn、shéng"
"cnwqi1927","primary","N","B","赃","赃","zhuài、zhuāi、yè","zāng"
"cnwqi1928","primary","N","B","钱","钱","hán","qián"
"cnwqi1929","primary","N","A","钳","钳","qián","zhá"
"cnwqi1930","primary","N","A","钻","钻","zuān、zuàn","gēng"
"cnwqi1931","primary","N","A","钾","钾","jiǎ","sù"
"cnwqi1932","primary","N","B","铁","铁","jìn","tiě"
"cnwqi1933","primary","N","A","铃","铃","líng","yù"
"cnwqi1934","primary","N","B","铅","铅","yú","qiān、yán"
"cnwqi1935","primary","N","A","缺","缺","quē","quàn"
"cnwqi1936","primary","N","B","氧","氧","è","yǎng"
"cnwqi1937","primary","N","A","氨","氨","ān","hèng"
"cnwqi1938","primary","N","A","特","特","tè","sù"
"cnwqi1939","primary","N","B","牺","牺","pǐ","xī"
"cnwqi1940","primary","N","B","造","造","sǎng","zào"
"cnwqi1941","primary","N","A","乘","乘","chéng、shèng","xiá"
"cnwqi1942","primary","N","B","敌","敌","èr","dí"
"cnwqi1943","primary","N","A","秤","秤","chèng","lā、lá"
"cnwqi1944","primary","N","B","租","租","yí、chì","zū"
"cnwqi1945","primary","N","B","积","积","shì","jī"
"cnwqi1946","primary","N","B","秧","秧","pín","yāng"
"cnwqi1947","primary","N","B","秩","秩","xuě","zhì"
"cnwqi1948","primary","N","A","称","称","chēng、chèn、chèng","lì"
"cnwqi1949","primary","N","B","秘","秘","jùn、qū","mì、bì"
"cnwqi1950","primary","N","A","透","透","tòu","gài"
"cnwqi1951","primary","N","A","笔","笔","bǐ","kài"
"cnwqi1952","primary","N","A","笑","笑","xiào","fá"
"cnwqi1953","primary","N","B","笋","笋","zhè","sǔn"
"cnwqi1954","primary","N","A","债","债","zhài","fū"
"cnwqi1955","primary","N","A","借","借","jiè","zuǒ"
"cnwqi1956","primary","N","B","值","值","liú","zhí"
"cnwqi1957","primary","N","A","倚","倚","yǐ","cǎi、cài"
"cnwqi1958","primary","N","A","俺","俺","ǎn","pú"
"cnwqi1959","primary","N","A","倾","倾","qīng","dàng"
"cnwqi1960","primary","N","A","倒","倒","dǎo、dào","shà"
"cnwqi1961","primary","N","B","倘","倘","tù","tǎng、cháng"
"cnwqi1962","primary","N","B","俱","俱","bēn","jū、jù"
"cnwqi1963","primary","N","B","倡","倡","zuì","chàng、chāng"
"cnwqi1964","primary","N","A","候","候","hòu","niè"
"cnwqi1965","primary","N","A","赁","赁","lìn","wēng"
"cnwqi1966","primary","N","B","俯","俯","lǚ","fǔ"
"cnwqi1967","primary","N","A","倍","倍","bèi","lí"
"cnwqi1968","primary","N","A","倦","倦","juàn","zōng"
"cnwqi1969","primary","N","A","健","健","jiàn","huàn"
"cnwqi1970","primary","N","B","臭","臭","huáng","chòu、xiù"
"cnwqi1971","primary","N","A","射","射","shè、yè、yì","jì"
"cnwqi1972","primary","N","B","躬","躬","jùn","gōng"
"cnwqi1973","primary","N","B","息","息","màn","xī"
"cnwqi1974","primary","N","A","倔","倔","juè、jué","tǐng、tìng"
"cnwqi1975","primary","N","A","徒","徒","tú","jū"
"cnwqi1976","primary","N","A","徐","徐","xú","yōng、yǒng"
"cnwqi1977","primary","N","B","殷","殷","huàn","yīn、yān、yǐn"
"cnwqi1978","primary","N","B","舰","舰","chuāng、chuàng","jiàn"
"cnwqi1979","primary","N","A","舱","舱","cāng","chà"
"cnwqi1980","primary","N","A","般","般","bān","jī、qí"
"cnwqi1981","primary","N","A","航","航","háng","shī"
"cnwqi1982","primary","N","B","途","途","cuān","tú"
"cnwqi1983","primary","N","A","拿","拿","ná","zǐ"
"cnwqi1984","primary","N","A","耸","耸","sǒng","zòng、zǒng"
"cnwqi1985","primary","N","B","爹","爹","bǎn","diē"
"cnwqi1986","primary","N","B","舀","舀","chuí","yǎo"
"cnwqi1987","primary","N","A","爱","爱","ài","láng"
"cnwqi1988","primary","N","A","豺","豺","chái","fèn"
"cnwqi1989","primary","N","A","豹","豹","bào","bó"
"cnwqi1990","primary","N","B","颁","颁","jí","bān"
"cnwqi1991","primary","N","A","颂","颂","sòng","shǎn"
"cnwqi1992","primary","N","B","翁","翁","zhè","wēng"
"cnwqi1993","primary","N","A","胰","胰","yí","shé、yí"
"cnwqi1994","primary","N","B","脆","脆","jiāo","cuì"
"cnwqi1995","primary","N","B","脂","脂","jiǎng","zhī"
"cnwqi1996","primary","N","A","胸","胸","xiōng","mó"
"cnwqi1997","primary","N","A","胳","胳","gē、gé","tián"
"cnwqi1998","primary","N","A","脏","脏","zāng、zàng","cān"
"cnwqi1999","primary","N","B","脐","脐","póu","qí"
"cnwqi2000","primary","N","A","胶","胶","jiāo","chuō"
"cnwqi2001","primary","N","A","脑","脑","nǎo","wēi"
"cnwqi2002","primary","N","B","脓","脓","sòng","nóng"
"cnwqi2003","primary","N","A","逛","逛","guàng","jiǔ"
"cnwqi2004","primary","N","B","狸","狸","qiāo","lí"
"cnwqi2005","primary","N","B","狼","狼","zōng","láng"
"cnwqi2006","primary","N","B","卿","卿","pīng","qīng"
"cnwqi2007","primary","N","B","逢","逢","yíng","féng"
"cnwqi2008","primary","N","A","鸵","鸵","tuó","zòng、zǒng"
"cnwqi2009","primary","N","A","留","留","liú","shì"
"cnwqi2010","primary","N","A","鸳","鸳","yuān","zhòng、chóng"
"cnwqi2011","primary","N","A","皱","皱","zhòu","bēi、pí、pō"
"cnwqi2012","primary","N","A","饿","饿","è","yè"
"cnwqi2013","primary","N","A","馁","馁","něi","zǎng"
"cnwqi2014","primary","N","B","凌","凌","qiān","líng"
"cnwqi2015","primary","N","B","凄","凄","yàn","qī"
"cnwqi2016","primary","N","B","恋","恋","huáng","liàn"
"cnwqi2017","primary","N","A","桨","桨","jiǎng","zhōu、chōu"
"cnwqi2018","primary","N","A","浆","浆","jiāng、jiàng","jí"
"cnwqi2019","primary","N","A","衰","衰","shuāi、cuī","luō、luó、luo"
"cnwqi2020","primary","N","A","衷","衷","zhōng","tiāo"
"cnwqi2021","primary","N","B","高","高","táo","gāo"
"cnwqi2022","primary","N","B","郭","郭","shuā、shuà","guō"
"cnwqi2023","primary","N","B","席","席","tóu、tou","xí"
"cnwqi2024","primary","N","B","准","准","màn","zhǔn"
"cnwqi2025","primary","N","B","座","座","móu","zuò"
"cnwqi2026","primary","N","A","症","症","zhèng、zhēng","yù"
"cnwqi2027","primary","N","A","病","病","bìng","wén"
"cnwqi2028","primary","N","A","疾","疾","jí","yùn、yūn、wēn"
"cnwqi2029","primary","N","B","斋","斋","yù","zhāi"
"cnwqi2030","primary","N","B","疹","疹","là","zhěn"
"cnwqi2031","primary","N","B","疼","疼","zhǔ、chǔ","téng"
"cnwqi2032","primary","N","B","疲","疲","huō","pí"
"cnwqi2033","primary","N","A","脊","脊","jǐ","huì"
"cnwqi2034","primary","N","A","效","效","xiào","cáng、zàng"
"cnwqi2035","primary","N","B","离","离","hāo","lí"
"cnwqi2036","primary","N","A","紊","紊","wěn","yà"
"cnwqi2037","primary","N","B","唐","唐","sù","táng"
"cnwqi2038","primary","N","A","瓷","瓷","cí","jié、jiá"
"cnwqi2039","primary","N","B","资","资","zòu","zī"
"cnwqi2040","primary","N","B","凉","凉","gòu","liáng、liàng"
"cnwqi2041","primary","N","A","站","站","zhàn","pài"
"cnwqi2042","primary","N","A","剖","剖","pōu","nǎo"
"cnwqi2043","primary","N","A","竞","竞","jìng","zǔ、jù"
"cnwqi2044","primary","N","A","部","部","bù","wéi"
"cnwqi2045","primary","N","A","旁","旁","páng、bàng","téng"
"cnwqi2046","primary","N","A","旅","旅","lǚ","juān"
"cnwqi2047","primary","N","B","畜","畜","fén","chù、xù"
"cnwqi2048","primary","N","B","阅","阅","pǔ","yuè"
"cnwqi2049","primary","N","B","羞","羞","jiā","xiū"
"cnwqi2050","primary","N","B","羔","羔","péng","gāo"
"cnwqi2051","primary","N","A","瓶","瓶","píng","dòng、tóng、tǒng"
"cnwqi2052","primary","N","A","拳","拳","quán","qiáng"
"cnwqi2053","primary","N","B","粉","粉","cuàn","fěn"
"cnwqi2054","primary","N","B","料","料","jiāng","liào"
"cnwqi2055","primary","N","A","益","益","yì","kū"
"cnwqi2056","primary","N","B","兼","兼","xū","jiān"
"cnwqi2057","primary","N","A","烤","烤","kǎo","duō"
"cnwqi2058","primary","N","A","烘","烘","hōng","shì"
"cnwqi2059","primary","N","B","烦","烦","jī","fán"
"cnwqi2060","primary","N","B","烧","烧","fù","shāo"
"cnwqi2061","primary","N","B","烛","烛","chè","zhú"
"cnwqi2062","primary","N","B","烟","烟","yíng","yān"
"cnwqi2063","primary","N","A","烙","烙","lào、luò","guā"
"cnwqi2064","primary","N","B","递","递","cǎi、cài","dì"
"cnwqi2065","primary","N","B","涛","涛","shī","tāo"
"cnwqi2066","primary","N","A","浙","浙","zhè","chī"
"cnwqi2067","primary","N","B","涝","涝","diāo","lào"
"cnwqi2068","primary","N","A","浦","浦","pǔ","hán"
"cnwqi2069","primary","N","B","酒","酒","miǎn","jiǔ"
"cnwqi2070","primary","N","A","涉","涉","shè","shā"
"cnwqi2071","primary","N","A","消","消","xiāo","mǎ"
"cnwqi2072","primary","N","B","涡","涡","máng","wō、guō"
"cnwqi2073","primary","N","B","浩","浩","hù","hào"
"cnwqi2074","primary","N","A","海","海","hǎi","huò"
"cnwqi2075","primary","N","A","涂","涂","tú","zhǒng"
"cnwqi2076","primary","N","B","浴","浴","wàng","yù"
"cnwqi2077","primary","N","A","浮","浮","fú","yáng"
"cnwqi2078","primary","N","B","涣","涣","sǎn","huàn"
"cnwqi2079","primary","N","B","涤","涤","ruò","dí"
"cnwqi2080","primary","N","B","流","流","fén","liú"
"cnwqi2081","primary","N","B","润","润","qiú","rùn"
"cnwqi2082","primary","N","B","涧","涧","tāo","jiàn"
"cnwqi2083","primary","N","B","涕","涕","jiǔ","tì"
"cnwqi2084","primary","N","B","浪","浪","yù","làng"
"cnwqi2085","primary","N","B","浸","浸","suān","jìn"
"cnwqi2086","primary","N","B","涨","涨","rú","zhǎng、zhàng"
"cnwqi2087","primary","N","A","烫","烫","tàng","chēng"
"cnwqi2088","primary","N","B","涩","涩","yōu","sè"
"cnwqi2089","primary","N","A","涌","涌","yǒng、chōng","wèi"
"cnwqi2090","primary","N","A","悖","悖","bèi","sǎn、shēn"
"cnwqi2091","primary","N","A","悟","悟","wù","hùn"
"cnwqi2092","primary","N","B","悄","悄","cì、sì","qiāo、qiǎo"
"cnwqi2093","primary","N","B","悍","悍","xiān、liǎn","hàn"
"cnwqi2094","primary","N","B","悔","悔","chí","huǐ"
"cnwqi2095","primary","N","B","悯","悯","xiù","mǐn"
"cnwqi2096","primary","N","A","悦","悦","yuè","yún"
"cnwqi2097","primary","N","A","害","害","hài","tái"
"cnwqi2098","primary","N","B","宽","宽","yí","kuān"
"cnwqi2099","primary","N","B","家","家","hān、àn","jiā、jia、jie"
"cnwqi2100","primary","N","B","宵","宵","jiāo","xiāo"
"cnwqi2101","primary","N","B","宴","宴","sì、qí","yàn"
"cnwqi2102","primary","N","A","宾","宾","bīn","jué"
"cnwqi2103","primary","N","A","窍","窍","qiào","cōng"
"cnwqi2104","primary","N","B","窄","窄","cuàn","zhǎi"
"cnwqi2105","primary","N","B","容","容","zhǐ","róng"
"cnwqi2106","primary","N","A","宰","宰","zǎi","mí、mǐ"
"cnwqi2107","primary","N","A","案","案","àn","shí"
"cnwqi2108","primary","N","B","请","请","qí","qǐng"
"cnwqi2109","primary","N","B","朗","朗","qīn","lǎng"
"cnwqi2110","primary","N","A","诸","诸","zhū","yā"
"cnwqi2111","primary","N","B","诺","诺","bèi","nuò"
"cnwqi2112","primary","N","A","读","读","dú、dòu","yǎn"
"cnwqi2113","primary","N","A","扇","扇","shàn、shān","wěi"
"cnwqi2114","primary","N","A","诽","诽","fěi","suí、duò"
"cnwqi2115","primary","N","B","袜","袜","tián、zhèn","wà"
"cnwqi2116","primary","N","B","袖","袖","jìng","xiù"
"cnwqi2117","primary","N","A","袍","袍","páo","jì、qí"
"cnwqi2118","primary","N","B","被","被","gǎo","bèi、pī"
"cnwqi2119","primary","N","B","祥","祥","chī","xiáng"
"cnwqi2120","primary","N","B","课","课","hāng、bèn","kè"
"cnwqi2121","primary","N","A","冥","冥","míng","xué"
"cnwqi2122","primary","N","B","谁","谁","qū、cù","shéi、shuí"
"cnwqi2123","primary","N","A","调","调","tiáo、diào、zhōu","qiāo"
"cnwqi2124","primary","N","A","冤","冤","yuān","liáo"
"cnwqi2125","primary","N","B","谅","谅","shàng","liàng"
"cnwqi2126","primary","N","A","谆","谆","zhūn","zhǐ"
"cnwqi2127","primary","N","B","谈","谈","pǔ","tán"
"cnwqi2128","primary","N","B","谊","谊","yě","yì"
"cnwqi2129","primary","N","B","剥","剥","huàn","bō、bāo"
"cnwqi2130","primary","N","A","恳","恳","kěn","gǔ"
"cnwqi2131","primary","N","B","展","展","zhì","zhǎn"
"cnwqi2132","primary","N","B","剧","剧","shè","jù"
"cnwqi2133","primary","N","A","屑","屑","xiè","kuāng"
"cnwqi2134","primary","N","A","弱","弱","ruò","huì"
"cnwqi2135","primary","N","A","陵","陵","líng","huǒ"
"cnwqi2136","primary","N","B","祟","祟","tì","suì"
"cnwqi2137","primary","N","B","陶","陶","yí","táo"
"cnwqi2138","primary","N","A","陷","陷","xiàn","yú"
"cnwqi2139","primary","N","B","陪","陪","cáo","péi"
"cnwqi2140","primary","N","B","娱","娱","tāng、shāng","yú"
"cnwqi2141","primary","N","A","娟","娟","juān","yú"
"cnwqi2142","primary","N","B","恕","恕","dǎng","shù"
"cnwqi2143","primary","N","B","娥","娥","pén","é"
"cnwqi2144","primary","N","B","娘","娘","zǐ","niáng"
"cnwqi2145","primary","N","B","通","通","rù","tōng、tòng"
"cnwqi2146","primary","N","A","能","能","néng、nài","sòng"
"cnwqi2147","primary","N","A","难","难","nán、nàn、nuó","chuō"
"cnwqi2148","primary","N","B","预","预","qíng","yù"
"cnwqi2149","primary","N","A","桑","桑","sāng","wēn"
"cnwqi2150","primary","N","B","绢","绢","fèi","juàn"
"cnwqi2151","primary","N","A","绣","绣","xiù","gēng"
"cnwqi2152","primary","N","A","验","验","yàn","kè"
"cnwqi2153","primary","N","A","继","继","jì","gǔ"
"cnwqi2154","primary","N","A","骏","骏","jùn","gòng、gōng"
"cnwqi2155","primary","N","A","球","球","qiú","liǎn"
"cnwqi2156","primary","N","B","琐","琐","cháng","suǒ"
"cnwqi2157","primary","N","B","理","理","bèn","lǐ"
"cnwqi2158","primary","N","B","琉","琉","tóng","liú"
"cnwqi2159","primary","N","A","琅","琅","láng","zūn"
"cnwqi2160","primary","N","A","捧","捧","pěng","sūn"
"cnwqi2161","primary","N","A","堵","堵","dǔ","hè、xià"
"cnwqi2162","primary","N","A","措","措","cuò","fāng"
"cnwqi2163","primary","N","B","描","描","hóu、hòu","miáo"
"cnwqi2164","primary","N","A","域","域","yù","gān"
"cnwqi2165","primary","N","B","捺","捺","zhī","nà"
"cnwqi2166","primary","N","B","掩","掩","kù","yǎn"
"cnwqi2167","primary","N","B","捷","捷","lǒu、lōu","jié"
"cnwqi2168","primary","N","A","排","排","pái、pǎi","xiān"
"cnwqi2169","primary","N","A","焉","焉","yān","dū"
"cnwqi2170","primary","N","A","掉","掉","diào","tiě"
"cnwqi2171","primary","N","B","捶","捶","qiā","chuí"
"cnwqi2172","primary","N","B","赦","赦","xiáng","shè"
"cnwqi2173","primary","N","A","堆","堆","duī","chà、chā、chāi、cī"
"cnwqi2174","primary","N","B","推","推","yá","tuī"
"cnwqi2175","primary","N","B","埠","埠","dí","bù"
"cnwqi2176","primary","N","A","掀","掀","xiān","qǐ"
"cnwqi2177","primary","N","A","授","授","shòu","niè"
"cnwqi2178","primary","N","B","捻","捻","móu","niǎn、niē"
"cnwqi2179","primary","N","B","教","教","méng、měng","jiào、jiāo"
"cnwqi2180","primary","N","B","掏","掏","tā","tāo"
"cnwqi2181","primary","N","A","掐","掐","qiā","xún"
"cnwqi2182","primary","N","B","掠","掠","chá","lüè"
"cnwqi2183","primary","N","A","掂","掂","diān","bèi"
"cnwqi2184","primary","N","B","培","培","lǐ","péi"
"cnwqi2185","primary","N","B","接","接","péng","jiē"
"cnwqi2186","primary","N","B","掷","掷","zhōng","zhì"
"cnwqi2187","primary","N","B","控","控","ǎn","kòng"
"cnwqi2188","primary","N","A","探","探","tàn","juān"
"cnwqi2189","primary","N","A","据","据","jù、jū","dí"
"cnwqi2190","primary","N","B","掘","掘","zèn","jué"
"cnwqi2191","primary","N","B","掺","掺","mǐ","chān、xiān、càn、shǎn"
"cnwqi2192","primary","N","B","职","职","niè","zhí"
"cnwqi2193","primary","N","A","基","基","jī","pō"
"cnwqi2194","primary","N","A","聆","聆","líng","le、liǎo"
"cnwqi2195","primary","N","A","勘","勘","kān","píng"
"cnwqi2196","primary","N","B","聊","聊","gǔ","liáo"
"cnwqi2197","primary","N","A","娶","娶","qǔ","bàn"
"cnwqi2198","primary","N","A","著","著","zhù、zhuó、zhe","gài"
"cnwqi2199","primary","N","B","菱","菱","qiān","líng"
"cnwqi2200","primary","N","A","勒","勒","lè、lēi","zhì"
"cnwqi2201","primary","N","A","黄","黄","huáng","jì、jǐ"
"cnwqi2202","primary","N","B","菲","菲","xùn","fēi、fěi"
"cnwqi2203","primary","N","B","萌","萌","lǚ、lóu","méng"
"cnwqi2204","primary","N","B","萝","萝","zuò","luó"
"cnwqi2205","primary","N","B","菌","菌","sè","jūn、jùn"
"cnwqi2206","primary","N","A","萎","萎","wěi","huī"
"cnwqi2207","primary","N","A","菜","菜","cài","pú"
"cnwqi2208","primary","N","A","萄","萄","táo","mǎng、měng"
"cnwqi2209","primary","N","B","菊","菊","yìn","jú"
"cnwqi2210","primary","N","A","菩","菩","pú","yī"
"cnwqi2211","primary","N","A","萍","萍","píng","nǔ"
"cnwqi2212","primary","N","A","菠","菠","bō","zōng"
"cnwqi2213","primary","N","B","萤","萤","zhàng","yíng"
"cnwqi2214","primary","N","A","营","营","yíng","lí"
"cnwqi2215","primary","N","A","乾","乾","qián、gān","lù"
"cnwqi2216","primary","N","B","萧","萧","bù","xiāo"
"cnwqi2217","primary","N","A","萨","萨","sà","jiǎn"
"cnwqi2218","primary","N","A","菇","菇","gū","chū"
"cnwqi2219","primary","N","A","械","械","xiè","pí"
"cnwqi2220","primary","N","B","彬","彬","wā、wa","bīn"
"cnwqi2221","primary","N","A","梦","梦","mèng","mǐn"
"cnwqi2222","primary","N","B","婪","婪","wèi","lán"
"cnwqi2223","primary","N","A","梗","梗","gěng","zǐ"
"cnwqi2224","primary","N","B","梧","梧","dǎn","wú"
"cnwqi2225","primary","N","B","梢","梢","xí","shāo、sào"
"cnwqi2226","primary","N","A","梅","梅","méi","āi"
"cnwqi2227","primary","N","A","检","检","jiǎn","fàn"
"cnwqi2228","primary","N","A","梳","梳","shū","duō"
"cnwqi2229","primary","N","B","梯","梯","xiě","tī"
"cnwqi2230","primary","N","A","桶","桶","tǒng","shāng"
"cnwqi2231","primary","N","B","梭","梭","zāi","suō"
"cnwqi2232","primary","N","B","救","救","kuài","jiù"
"cnwqi2233","primary","N","B","曹","曹","gū","cáo"
"cnwqi2234","primary","N","B","副","副","yuàn","fù、pì"
"cnwqi2235","primary","N","A","票","票","piào、piāo","jiě"
"cnwqi2236","primary","N","B","酝","酝","qú","yùn"
"cnwqi2237","primary","N","A","酗","酗","xù","nī"
"cnwqi2238","primary","N","A","厢","厢","xiāng","xié"
"cnwqi2239","primary","N","A","戚","戚","qī","yāo、yuē"
"cnwqi2240","primary","N","A","硅","硅","guī","kǎi"
"cnwqi2241","primary","N","A","硕","硕","shuò、shí","diāo"
"cnwqi2242","primary","N","B","奢","奢","jīn","shē"
"cnwqi2243","primary","N","B","盔","盔","zhǎn","kuī"
"cnwqi2244","primary","N","A","爽","爽","shuǎng","lián"
"cnwqi2245","primary","N","B","聋","聋","diàn、tián","lóng"
"cnwqi2246","primary","N","A","袭","袭","xí","xiào"
"cnwqi2247","primary","N","B","盛","盛","nóng","shèng、chéng"
"cnwqi2248","primary","N","B","匾","匾","sào","biǎn"
"cnwqi2249","primary","N","B","雪","雪","hán","xuě"
"cnwqi2250","primary","N","B","辅","辅","zhěn","fǔ"
"cnwqi2251","primary","N","B","辆","辆","fù","liàng"
"cnwqi2252","primary","N","A","颅","颅","lú","bì"
"cnwqi2253","primary","N","A","虚","虚","xū","yáo、yóu、zhòu"
"cnwqi2254","primary","N","B","彪","彪","jī","biāo"
"cnwqi2255","primary","N","A","雀","雀","què、qiāo、qiǎo","wǔ"
"cnwqi2256","primary","N","B","堂","堂","juàn、quán","táng"
"cnwqi2257","primary","N","B","常","常","tūn","cháng"
"cnwqi2258","primary","N","A","眶","眶","kuàng","zhì"
"cnwqi2259","primary","N","B","匙","匙","tán","chí、shi"
"cnwqi2260","primary","N","A","晨","晨","chén","zhā、chā"
"cnwqi2261","primary","N","A","睁","睁","zhēng","lei、lē"
"cnwqi2262","primary","N","A","眯","眯","mī、mí","xiāo"
"cnwqi2263","primary","N","B","眼","眼","léi","yǎn"
"cnwqi2264","primary","N","A","悬","悬","xuán","pǐ、bǐ"
"cnwqi2265","primary","N","A","野","野","yě","jūn"
"cnwqi2266","primary","N","A","啪","啪","pā","xiā"
"cnwqi2267","primary","N","A","啦","啦","lā、la","jié、jú"
"cnwqi2268","primary","N","B","曼","曼","jiǎo","màn"
"cnwqi2269","primary","N","B","晦","晦","xiàn","huì"
"cnwqi2270","primary","N","A","晚","晚","wǎn","liáng"
"cnwqi2271","primary","N","A","啄","啄","zhuó","shèn、shén"
"cnwqi2272","primary","N","B","啡","啡","dǎi","fēi"
"cnwqi2273","primary","N","A","距","距","jù","jì"
"cnwqi2274","primary","N","B","趾","趾","xiá","zhǐ"
"cnwqi2275","primary","N","B","啃","啃","zhèn","kěn"
"cnwqi2276","primary","N","B","跃","跃","péi","yuè"
"cnwqi2277","primary","N","A","略","略","lüè","xiè"
"cnwqi2278","primary","N","B","蚯","蚯","bèng","qiū"
"cnwqi2279","primary","N","A","蛀","蛀","zhù","chǔ"
"cnwqi2280","primary","N","A","蛇","蛇","shé、yí","gá"
"cnwqi2281","primary","N","A","唬","唬","hǔ、xià","xiè"
"cnwqi2282","primary","N","B","累","累","kǎ","léi、lěi、lèi"
"cnwqi2283","primary","N","A","鄂","鄂","è","gǔn"
"cnwqi2284","primary","N","B","唱","唱","gū","chàng"
"cnwqi2285","primary","N","A","患","患","huàn","biǎo"
"cnwqi2286","primary","N","A","啰","啰","luō、luó、luo","hāo"
"cnwqi2287","primary","N","B","唾","唾","yuán","tuò"
"cnwqi2288","primary","N","A","唯","唯","wéi","gōng"
"cnwqi2289","primary","N","B","啤","啤","pù、bào","pí"
"cnwqi2290","primary","N","B","啥","啥","tiǎn","shá"
"cnwqi2291","primary","N","A","啸","啸","xiào","zhí"
"cnwqi2292","primary","N","A","崖","崖","yá","tī"
"cnwqi2293","primary","N","A","崎","崎","qí","chí"
"cnwqi2294","primary","N","B","崭","崭","háo","zhǎn、chán"
"cnwqi2295","primary","N","B","逻","逻","bǐng","luó"
"cnwqi2296","primary","N","B","崔","崔","shěn","cuī"
"cnwqi2297","primary","N","B","帷","帷","jiāo","wéi"
"cnwqi2298","primary","N","B","崩","崩","wǎ、wà","bēng"
"cnwqi2299","primary","N","A","崇","崇","chóng","fù"
"cnwqi2300","primary","N","A","崛","崛","jué","qī"
"cnwqi2301","primary","N","A","婴","婴","yīng","yuān"
"cnwqi2302","primary","N","B","圈","圈","bié","quān、juàn、juān"
"cnwqi2303","primary","N","B","铐","铐","diān","kào"
"cnwqi2304","primary","N","B","铛","铛","fāng","dāng、chēng"
"cnwqi2305","primary","N","A","铝","铝","lǚ","zēng"
"cnwqi2306","primary","N","B","铜","铜","xī","tóng"
"cnwqi2307","primary","N","A","铭","铭","míng","yán"
"cnwqi2308","primary","N","A","铲","铲","chǎn","yōu"
"cnwqi2309","primary","N","B","银","银","jué","yín"
"cnwqi2310","primary","N","B","矫","矫","hóng","jiǎo、jiáo"
"cnwqi2311","primary","N","A","甜","甜","tián","é"
"cnwqi2312","primary","N","A","秸","秸","jiē","xún"
"cnwqi2313","primary","N","A","梨","梨","lí","yǒng"
"cnwqi2314","primary","N","B","犁","犁","yáng","lí"
"cnwqi2315","primary","N","B","秽","秽","xīn","huì"
"cnwqi2316","primary","N","A","移","移","yí","chuáng、zhuàng"
"cnwqi2317","primary","N","A","笨","笨","bèn","shuāng"
"cnwqi2318","primary","N","A","笼","笼","lóng、lǒng","quē"
"cnwqi2319","primary","N","A","笛","笛","dí","rú"
"cnwqi2320","primary","N","B","笙","笙","hòu","shēng"
"cnwqi2321","primary","N","B","符","符","wén","fú"
"cnwqi2322","primary","N","A","第","第","dì","shū"
"cnwqi2323","primary","N","A","敏","敏","mǐn","ào"
"cnwqi2324","primary","N","B","做","做","yú","zuò"
"cnwqi2325","primary","N","B","袋","袋","gǎo","dài"
"cnwqi2326","primary","N","B","悠","悠","nào、chuò、zhuō","yōu"
"cnwqi2327","primary","N","A","偿","偿","cháng","jiāng"
"cnwqi2328","primary","N","B","偶","偶","chà、chā、chāi、cī","ǒu"
"cnwqi2329","primary","N","B","偎","偎","yín","wēi"
"cnwqi2330","primary","N","A","偷","偷","tōu","ǎo"
"cnwqi2331","primary","N","A","您","您","nín","jí"
"cnwqi2332","primary","N","B","售","售","kù","shòu"
"cnwqi2333","primary","N","A","停","停","tíng","bo"
"cnwqi2334","primary","N","B","偏","偏","tuán","piān"
"cnwqi2335","primary","N","A","躯","躯","qū","lǎn"
"cnwqi2336","primary","N","A","兜","兜","dōu","yī"
"cnwqi2337","primary","N","B","假","假","yú、yù、shù","jiǎ、jià"
"cnwqi2338","primary","N","B","衅","衅","míng","xìn"
"cnwqi2339","primary","N","B","徘","徘","dǐ、chí","pái"
"cnwqi2340","primary","N","A","徙","徙","xǐ","tàng、tāng"
"cnwqi2341","primary","N","B","得","得","tíng","dé、děi、de"
"cnwqi2342","primary","N","B","衔","衔","lù、liù","xián"
"cnwqi2343","primary","N","A","盘","盘","pán","róng"
"cnwqi2344","primary","N","A","舶","舶","bó","jù"
"cnwqi2345","primary","N","A","船","船","chuán","wú"
"cnwqi2346","primary","N","A","舵","舵","duò","lǎ"
"cnwqi2347","primary","N","B","斜","斜","chí","xié"
"cnwqi2348","primary","N","A","盒","盒","hé","gā、jiā、jiá"
"cnwqi2349","primary","N","A","鸽","鸽","gē","huà"
"cnwqi2350","primary","N","A","敛","敛","liǎn","yù"
"cnwqi2351","primary","N","B","悉","悉","chè","xī"
"cnwqi2352","primary","N","B","欲","欲","lí","yù"
"cnwqi2353","primary","N","A","彩","彩","cǎi","huàn"
"cnwqi2354","primary","N","A","领","领","lǐng","kuò"
"cnwqi2355","primary","N","B","脚","脚","xuān","jiǎo"
"cnwqi2356","primary","N","A","脖","脖","bó","yì"
"cnwqi2357","primary","N","A","脯","脯","fǔ、pú","jù"
"cnwqi2358","primary","N","A","豚","豚","tún","jù"
"cnwqi2359","primary","N","B","脸","脸","guǎn","liǎn"
"cnwqi2360","primary","N","B","脱","脱","míng","tuō"
"cnwqi2361","primary","N","A","象","象","xiàng","gēng"
"cnwqi2362","primary","N","A","够","够","gòu","zhèng"
"cnwqi2363","primary","N","B","逸","逸","yú","yì"
"cnwqi2364","primary","N","B","猜","猜","mǐn","cāi"
"cnwqi2365","primary","N","B","猪","猪","shì","zhū"
"cnwqi2366","primary","N","B","猎","猎","gōng","liè"
"cnwqi2367","primary","N","A","猫","猫","māo、máo","hǎo"
"cnwqi2368","primary","N","A","凰","凰","huáng","shì"
"cnwqi2369","primary","N","A","猖","猖","chāng","hào"
"cnwqi2370","primary","N","B","猛","猛","zhī、qí","měng"
"cnwqi2371","primary","N","A","祭","祭","jì、zhài","wǎn"
"cnwqi2372","primary","N","A","馅","馅","xiàn","cí"
"cnwqi2373","primary","N","A","馆","馆","guǎn","zhèn"
"cnwqi2374","primary","N","A","凑","凑","còu","zhēng"
"cnwqi2375","primary","N","B","减","减","pái","jiǎn"
"cnwqi2376","primary","N","A","毫","毫","háo","zhì"
"cnwqi2377","primary","N","A","烹","烹","pēng","méi"
"cnwqi2378","primary","N","B","庶","庶","suì","shù"
"cnwqi2379","primary","N","B","麻","麻","è","má"
"cnwqi2380","primary","N","B","庵","庵","mǐn","ān"
"cnwqi2381","primary","N","A","痊","痊","quán","jié"
"cnwqi2382","primary","N","A","痒","痒","yǎng","pú"
"cnwqi2383","primary","N","B","痕","痕","kàn","hén"
"cnwqi2384","primary","N","A","廊","廊","láng","jìn"
"cnwqi2385","primary","N","B","康","康","sūn","kāng"
"cnwqi2386","primary","N","A","庸","庸","yōng","yàng"
"cnwqi2387","primary","N","B","鹿","鹿","xiū","lù"
"cnwqi2388","primary","N","A","盗","盗","dào","hàn"
"cnwqi2389","primary","N","B","章","章","pīng","zhāng"
"cnwqi2390","primary","N","A","竟","竟","jìng","yì"
"cnwqi2391","primary","N","A","商","商","shāng","àn"
"cnwqi2392","primary","N","B","族","族","tì","zú"
"cnwqi2393","primary","N","B","旋","旋","wǔ","xuán、xuàn"
"cnwqi2394","primary","N","A","望","望","wàng","qiǎn"
"cnwqi2395","primary","N","B","率","率","mǎn","lǜ、shuài"
"cnwqi2396","primary","N","B","阎","阎","léi、lèi","yán"
"cnwqi2397","primary","N","B","阐","阐","huì","chǎn"
"cnwqi2398","primary","N","B","着","着","chēn","zhuó、zháo、zhāo、zhe"
"cnwqi2399","primary","N","B","羚","羚","gù","líng"
"cnwqi2400","primary","N","A","盖","盖","gài、gě、hé","é"
"cnwqi2401","primary","N","A","眷","眷","juàn","wǔ"
"cnwqi2402","primary","N","B","粘","粘","juàn、quán","nián、zhān"
"cnwqi2403","primary","N","A","粗","粗","cū","xún"
"cnwqi2404","primary","N","A","粒","粒","lì","dùn"
"cnwqi2405","primary","N","A","断","断","duàn","duàn"
"cnwqi2406","primary","N","A","剪","剪","jiǎn","dié"
"cnwqi2407","primary","N","B","兽","兽","hé","shòu"
"cnwqi2408","primary","N","A","焊","焊","hàn","qiān"
"cnwqi2409","primary","N","A","焕","焕","huàn","mǐn"
"cnwqi2410","primary","N","B","清","清","biāo","qīng"
"cnwqi2411","primary","N","A","添","添","tiān","bèi"
"cnwqi2412","primary","N","B","鸿","鸿","kǎi、jiē","hóng"
"cnwqi2413","primary","N","B","淋","淋","xuàn","lín、lìn"
"cnwqi2414","primary","N","B","涯","涯","qǐ","yá"
"cnwqi2415","primary","N","A","淹","淹","yān","jiào"
"cnwqi2416","primary","N","B","渠","渠","chá","qú、jù"
"cnwqi2417","primary","N","B","渐","渐","bō","jiàn、jiān"
"cnwqi2418","primary","N","B","淑","淑","huí","shū"
"cnwqi2419","primary","N","B","淌","淌","fén","tǎng、chǎng"
"cnwqi2420","primary","N","A","混","混","hùn、hún","wā"
"cnwqi2421","primary","N","A","淮","淮","huái","bié"
"cnwqi2422","primary","N","B","淆","淆","ái","xiáo"
"cnwqi2423","primary","N","B","渊","渊","hǎi","yuān"
"cnwqi2424","primary","N","B","淫","淫","dǎn","yín"
"cnwqi2425","primary","N","A","渔","渔","yú","dá"
"cnwqi2426","primary","N","B","淘","淘","sù","táo"
"cnwqi2427","primary","N","A","淳","淳","chún、zhūn","lěi"
"cnwqi2428","primary","N","A","液","液","yè","zhèng"
"cnwqi2429","primary","N","B","淤","淤","miǎn","yū"
"cnwqi2430","primary","N","A","淡","淡","dàn","kào"
"cnwqi2431","primary","N","A","淀","淀","diàn","yīng"
"cnwqi2432","primary","N","A","深","深","shēn","yù"
"cnwqi2433","primary","N","B","涮","涮","líng","shuàn"
"cnwqi2434","primary","N","B","涵","涵","zhū","hán"
"cnwqi2435","primary","N","A","婆","婆","pó","dá"
"cnwqi2436","primary","N","A","梁","梁","liáng","jiào"
"cnwqi2437","primary","N","B","渗","渗","pēi","shèn"
"cnwqi2438","primary","N","B","情","情","fù、pì","qíng"
"cnwqi2439","primary","N","A","惜","惜","xī","pēi"
"cnwqi2440","primary","N","B","惭","惭","méng","cán"
"cnwqi2441","primary","N","B","悼","悼","niào","dào"
"cnwqi2442","primary","N","A","惧","惧","jù","mó"
"cnwqi2443","primary","N","B","惕","惕","chāo","tì"
"cnwqi2444","primary","N","B","惟","惟","méi","wéi"
"cnwqi2445","primary","N","B","惊","惊","kuǎ","jīng"
"cnwqi2446","primary","N","A","惦","惦","diàn","jǔ"
"cnwqi2447","primary","N","A","悴","悴","cuì","hǎi"
"cnwqi2448","primary","N","B","惋","惋","pī","wǎn"
"cnwqi2449","primary","N","A","惨","惨","cǎn","zǎn、cuán"
"cnwqi2450","primary","N","B","惯","惯","lù","guàn"
"cnwqi2451","primary","N","A","寇","寇","kòu","yíng"
"cnwqi2452","primary","N","B","寅","寅","xù","yín"
"cnwqi2453","primary","N","B","寄","寄","wán","jì"
"cnwqi2454","primary","N","B","寂","寂","huó","jì"
"cnwqi2455","primary","N","A","宿","宿","sù、xiǔ、xiù","chǎn"
"cnwqi2456","primary","N","A","窒","窒","zhì","fān"
"cnwqi2457","primary","N","B","窑","窑","zhì","yáo"
"cnwqi2458","primary","N","B","密","密","zhěng","mì"
"cnwqi2459","primary","N","A","谋","谋","móu","lǘ"
"cnwqi2460","primary","N","B","谍","谍","wēi","dié"
"cnwqi2461","primary","N","B","谎","谎","jīng","huǎng"
"cnwqi2462","primary","N","B","谐","谐","lí","xié"
"cnwqi2463","primary","N","B","袱","袱","yōng","fú"
"cnwqi2464","primary","N","B","祷","祷","yì","dǎo"
"cnwqi2465","primary","N","B","祸","祸","yìng","huò"
"cnwqi2466","primary","N","A","谓","谓","wèi","dàn"
"cnwqi2467","primary","N","A","谚","谚","yàn","biāo"
"cnwqi2468","primary","N","B","谜","谜","hán","mí"
"cnwqi2469","primary","N","A","逮","逮","dǎi、dài","táng"
"cnwqi2470","primary","N","A","敢","敢","gǎn","jiā"
"cnwqi2471","primary","N","B","尉","尉","píng","wèi、yù"
"cnwqi2472","primary","N","A","屠","屠","tú","gǎn"
"cnwqi2473","primary","N","A","弹","弹","tán、dàn","quán"
"cnwqi2474","primary","N","A","隋","隋","suí、duò","zèng"
"cnwqi2475","primary","N","B","堕","堕","tū","duò、huī"
"cnwqi2476","primary","N","B","随","随","bào、páo","suí"
"cnwqi2477","primary","N","A","蛋","蛋","dàn","yòu"
"cnwqi2478","primary","N","A","隅","隅","yú","mǔ"
"cnwqi2479","primary","N","A","隆","隆","lóng","chéng"
"cnwqi2480","primary","N","B","隐","隐","huáng","yǐn、yìn"
"cnwqi2481","primary","N","B","婚","婚","xiǔ","hūn"
"cnwqi2482","primary","N","B","婶","婶","zhǐ","shěn"
"cnwqi2483","primary","N","A","婉","婉","wǎn","xiàn"
"cnwqi2484","primary","N","B","颇","颇","cháng","pō"
"cnwqi2485","primary","N","A","颈","颈","jǐng、gěng","lǐng"
"cnwqi2486","primary","N","A","绩","绩","jì","gāi"
"cnwqi2487","primary","N","A","绪","绪","xù","xùn"
"cnwqi2488","primary","N","B","续","续","yú","xù"
"cnwqi2489","primary","N","A","骑","骑","qí","huáng"
"cnwqi2490","primary","N","B","绰","绰","còu","chuò、chāo"
"cnwqi2491","primary","N","B","绳","绳","mà","shéng"
"cnwqi2492","primary","N","B","维","维","piē、piě","wéi"
"cnwqi2493","primary","N","A","绵","绵","mián","guì、suī"
"cnwqi2494","primary","N","A","绷","绷","bēng、běng、bèng","chā、chà"
"cnwqi2495","primary","N","B","绸","绸","xiào","chóu"
"cnwqi2496","primary","N","B","综","综","héng","zèng、zōng"
"cnwqi2497","primary","N","B","绽","绽","gāi","zhàn"
"cnwqi2498","primary","N","B","绿","绿","chéng","lù、lǜ"
"cnwqi2499","primary","N","A","缀","缀","zhuì","shì"
"cnwqi2500","primary","N","B","巢","巢","zhè","cháo"
"cnwqi2501","primary","N","B","琴","琴","yǒng","qín"
"cnwqi2502","primary","N","B","琳","琳","yòu","lín"
"cnwqi2503","primary","N","A","琢","琢","zhuó、zuó","ér"
"cnwqi2504","primary","N","A","琼","琼","qióng","róng"
"cnwqi2505","primary","N","B","斑","斑","gài、jiè","bān"
"cnwqi2506","primary","N","B","替","替","yún、jūn","tì"
"cnwqi2507","primary","N","B","揍","揍","shì","zòu"
"cnwqi2508","primary","N","A","款","款","kuǎn","liē、liě、lié、lie"
"cnwqi2509","primary","N","A","堪","堪","kān","xǐ"
"cnwqi2510","primary","N","B","塔","塔","sì","tǎ"
"cnwqi2511","primary","N","A","搭","搭","dā","liáng"
"cnwqi2512","primary","N","A","堰","堰","yàn","shī"
"cnwqi2513","primary","N","A","揩","揩","kāi","jì"
"cnwqi2514","primary","N","A","越","越","yuè","jiāng、jiàng"
"cnwqi2515","primary","N","A","趁","趁","chèn","lǒng"
"cnwqi2516","primary","N","A","趋","趋","qū、cù","suō"
"cnwqi2517","primary","N","A","超","超","chāo","fú"
"cnwqi2518","primary","N","A","揽","揽","lǎn","dān"
"cnwqi2519","primary","N","A","堤","堤","dī","píng"
"cnwqi2520","primary","N","A","提","提","tí、dī、dǐ","shē"
"cnwqi2521","primary","N","B","博","博","chā、chá、chǎ、chà","bó"
"cnwqi2522","primary","N","A","揭","揭","jiē、qì","shǔ"
"cnwqi2523","primary","N","B","喜","喜","chuán","xǐ"
"cnwqi2524","primary","N","B","彭","彭","huáng、guāng","péng、bāng"
"cnwqi2525","primary","N","B","揣","揣","xiǎn","chuài、chuǎi、chuāi、tuán、zhuī"
"cnwqi2526","primary","N","A","插","插","chā","niǎn"
"cnwqi2527","primary","N","A","揪","揪","jiū","chù"
"cnwqi2528","primary","N","B","搜","搜","liè","sōu"
"cnwqi2529","primary","N","A","煮","煮","zhǔ","jiā"
"cnwqi2530","primary","N","B","援","援","dōng","yuán"
"cnwqi2531","primary","N","B","搀","搀","jìn","chān"
"cnwqi2532","primary","N","B","裁","裁","pū","cái"
"cnwqi2533","primary","N","B","搁","搁","tóng","gē、gé"
"cnwqi2534","primary","N","B","搓","搓","dīng","cuō"
"cnwqi2535","primary","N","B","搂","搂","chǔ","lǒu、lōu"
"cnwqi2536","primary","N","A","搅","搅","jiǎo","ào"
"cnwqi2537","primary","N","A","壹","壹","yī","sù"
"cnwqi2538","primary","N","A","握","握","wò","píng、péng"
"cnwqi2539","primary","N","A","搔","搔","sāo","yì"
"cnwqi2540","primary","N","A","揉","揉","róu","qín"
"cnwqi2541","primary","N","A","斯","斯","sī","quǎn"
"cnwqi2542","primary","N","A","期","期","qī、jī","yīn"
"cnwqi2543","primary","N","B","欺","欺","hé","qī"
"cnwqi2544","primary","N","B","联","联","zhī、zhì","lián"
"cnwqi2545","primary","N","B","葫","葫","fá","hú"
"cnwqi2546","primary","N","A","散","散","sàn、sǎn","bì"
"cnwqi2547","primary","N","B","惹","惹","jiōng","rě"
"cnwqi2548","primary","N","A","葬","葬","zàng","jìng"
"cnwqi2549","primary","N","A","募","募","mù","yō"
"cnwqi2550","primary","N","A","葛","葛","gé、gě","biē、biě"
"cnwqi2551","primary","N","A","董","董","dǒng","jì"
"cnwqi2552","primary","N","B","葡","葡","jì","pú"
"cnwqi2553","primary","N","A","敬","敬","jìng","sì"
"cnwqi2554","primary","N","B","葱","葱","tóu、tou","cōng"
"cnwqi2555","primary","N","B","蒋","蒋","zhóu","jiǎng"
"cnwqi2556","primary","N","B","蒂","蒂","jīng","dì"
"cnwqi2557","primary","N","B","落","落","jué","luò、là、lào"
"cnwqi2558","primary","N","B","韩","韩","jú","hán"
"cnwqi2559","primary","N","A","朝","朝","cháo、zhāo","shī"
"cnwqi2560","primary","N","A","辜","辜","gū","jiǎo"
"cnwqi2561","primary","N","A","葵","葵","kuí","yǎn"
"cnwqi2562","primary","N","B","棒","棒","xiè","bàng"
"cnwqi2563","primary","N","A","棱","棱","léng、lēng、líng","nà"
"cnwqi2564","primary","N","B","棋","棋","wèn","qí"
"cnwqi2565","primary","N","B","椰","椰","hěn","yē"
"cnwqi2566","primary","N","B","植","植","cháng、shang","zhí"
"cnwqi2567","primary","N","A","森","森","sēn","xiāo"
"cnwqi2568","primary","N","B","焚","焚","dí、zhái","fén"
"cnwqi2569","primary","N","A","椅","椅","yǐ、yī","qín"
"cnwqi2570","primary","N","B","椒","椒","chuàng","jiāo"
"cnwqi2571","primary","N","A","棵","棵","kē","gàn、hàn"
"cnwqi2572","primary","N","B","棍","棍","lǎng","gùn、hùn"
"cnwqi2573","primary","N","A","椎","椎","zhuī、chuí","jué"
"cnwqi2574","primary","N","B","棉","棉","lián","mián"
"cnwqi2575","primary","N","A","棚","棚","péng","gòu"
"cnwqi2576","primary","N","A","棕","棕","zōng","píng"
"cnwqi2577","primary","N","B","棺","棺","yīn","guān"
"cnwqi2578","primary","N","A","榔","榔","láng","niān"
"cnwqi2579","primary","N","B","椭","椭","cā、chā","tuǒ"
"cnwqi2580","primary","N","B","惠","惠","ōu","huì"
"cnwqi2581","primary","N","B","惑","惑","miè","huò"
"cnwqi2582","primary","N","B","逼","逼","dǐ","bī"
"cnwqi2583","primary","N","B","粟","粟","fáng","sù"
"cnwqi2584","primary","N","B","棘","棘","dā","jí"
"cnwqi2585","primary","N","A","酣","酣","hān","kòu"
"cnwqi2586","primary","N","A","酥","酥","sū","quān、juàn、juān"
"cnwqi2587","primary","N","B","厨","厨","xiá","chú"
"cnwqi2588","primary","N","B","厦","厦","qiú","shà、xià"
"cnwqi2589","primary","N","B","硬","硬","qiāng、qiàng","yìng"
"cnwqi2590","primary","N","A","硝","硝","xiāo","xīn"
"cnwqi2591","primary","N","A","确","确","què","huáng"
"cnwqi2592","primary","N","A","硫","硫","liú","xiǎn"
"cnwqi2593","primary","N","A","雁","雁","yàn","gǎo"
"cnwqi2594","primary","N","B","殖","殖","shǎng","zhí、shi"
"cnwqi2595","primary","N","B","裂","裂","jīng","liè、liě"
"cnwqi2596","primary","N","B","雄","雄","xuē","xióng"
"cnwqi2597","primary","N","B","颊","颊","jié、xié","jiá"
"cnwqi2598","primary","N","A","雳","雳","lì","tái"
"cnwqi2599","primary","N","B","暂","暂","xiù","zàn"
"cnwqi2600","primary","N","B","雅","雅","yáo","yǎ"
"cnwqi2601","primary","N","A","翘","翘","qiáo、qiào","xiè"
"cnwqi2602","primary","N","B","辈","辈","hán","bèi"
"cnwqi2603","primary","N","B","悲","悲","wú","bēi"
"cnwqi2604","primary","N","B","紫","紫","xìn","zǐ"
"cnwqi2605","primary","N","A","凿","凿","záo","xué"
"cnwqi2606","primary","N","A","辉","辉","huī","nī"
"cnwqi2607","primary","N","A","敞","敞","chǎng","shèng"
"cnwqi2608","primary","N","B","棠","棠","qíng","táng"
"cnwqi2609","primary","N","A","赏","赏","shǎng","dié"
"cnwqi2610","primary","N","A","掌","掌","zhǎng","zhōu"
"cnwqi2611","primary","N","B","晴","晴","qiān","qíng"
"cnwqi2612","primary","N","A","睐","睐","lài","xǔ"
"cnwqi2613","primary","N","A","暑","暑","shǔ","zhuāng"
"cnwqi2614","primary","N","B","最","最","yì","zuì"
"cnwqi2615","primary","N","A","晰","晰","xī","qìn"
"cnwqi2616","primary","N","A","量","量","liàng、liáng、liang","miǎo"
"cnwqi2617","primary","N","B","鼎","鼎","jué","dǐng"
"cnwqi2618","primary","N","B","喷","喷","èr、nài","pēn、pèn"
"cnwqi2619","primary","N","B","喳","喳","jí","zhā、chā"
"cnwqi2620","primary","N","B","晶","晶","ráo","jīng"
"cnwqi2621","primary","N","B","喇","喇","suǒ","lǎ"
"cnwqi2622","primary","N","B","遇","遇","chèn","yù"
"cnwqi2623","primary","N","B","喊","喊","mò","hǎn"
"cnwqi2624","primary","N","B","遏","遏","wò","è"
"cnwqi2625","primary","N","A","晾","晾","liàng","liáng"
"cnwqi2626","primary","N","A","景","景","jǐng、yǐng","dì"
"cnwqi2627","primary","N","B","畴","畴","zhí","chóu"
"cnwqi2628","primary","N","B","践","践","yí、nǐ","jiàn"
"cnwqi2629","primary","N","A","跋","跋","bá","jí"
"cnwqi2630","primary","N","A","跌","跌","diē","yí"
"cnwqi2631","primary","N","A","跑","跑","pǎo、páo","yān"
"cnwqi2632","primary","N","A","跛","跛","bǒ","qí"
"cnwqi2633","primary","N","B","遗","遗","gē","yí"
"cnwqi2634","primary","N","B","蛙","蛙","wán","wā"
"cnwqi2635","primary","N","B","蛛","蛛","kuǐ","zhū"
"cnwqi2636","primary","N","A","蜓","蜓","tíng","qǐn"
"cnwqi2637","primary","N","B","蜒","蜒","cù","yán"
"cnwqi2638","primary","N","A","蛤","蛤","gé、há","móu"
"cnwqi2639","primary","N","A","喝","喝","hē、hè、yè","chài"
"cnwqi2640","primary","N","B","鹃","鹃","zhī、qí","juān"
"cnwqi2641","primary","N","B","喂","喂","qiān","wèi"
"cnwqi2642","primary","N","A","喘","喘","chuǎn","bǐng"
"cnwqi2643","primary","N","A","喉","喉","hóu","gōu"
"cnwqi2644","primary","N","B","喻","喻","chī","yù"
"cnwqi2645","primary","N","B","啼","啼","tái","tí"
"cnwqi2646","primary","N","B","喧","喧","dǐ、de","xuān"
"cnwqi2647","primary","N","A","嵌","嵌","qiàn、kàn","huí"
"cnwqi2648","primary","N","A","幅","幅","fú","xùn"
"cnwqi2649","primary","N","B","帽","帽","dìng","mào"
"cnwqi2650","primary","N","B","赋","赋","tà","fù"
"cnwqi2651","primary","N","A","赌","赌","dǔ","dù"
"cnwqi2652","primary","N","B","赎","赎","lí","shú"
"cnwqi2653","primary","N","B","赐","赐","shí","cì"
"cnwqi2654","primary","N","B","赔","赔","chì","péi"
"cnwqi2655","primary","N","A","黑","黑","hēi","mō"
"cnwqi2656","primary","N","B","铸","铸","niáng","zhù"
"cnwqi2657","primary","N","A","铺","铺","pū、pù","ài"
"cnwqi2658","primary","N","A","链","链","liàn","bāo"
"cnwqi2659","primary","N","A","销","销","xiāo","gé"
"cnwqi2660","primary","N","B","锁","锁","jù","suǒ"
"cnwqi2661","primary","N","A","锄","锄","chú","tuò"
"cnwqi2662","primary","N","A","锅","锅","guō","duī"
"cnwqi2663","primary","N","A","锈","锈","xiù","bān"
"cnwqi2664","primary","N","B","锋","锋","chán","fēng"
"cnwqi2665","primary","N","B","锌","锌","chán、chàn","xīn"
"cnwqi2666","primary","N","A","锐","锐","ruì","yè"
"cnwqi2667","primary","N","A","甥","甥","shēng","róng"
"cnwqi2668","primary","N","A","掰","掰","bāi","gù"
"cnwqi2669","primary","N","B","短","短","cháng","duǎn"
"cnwqi2670","primary","N","B","智","智","sī","zhì"
"cnwqi2671","primary","N","A","氮","氮","dàn","dú、dòu"
"cnwqi2672","primary","N","B","毯","毯","chǎng","tǎn"
"cnwqi2673","primary","N","B","氯","氯","zhā、zhá","lǜ"
"cnwqi2674","primary","N","B","鹅","鹅","qiáo","é"
"cnwqi2675","primary","N","B","剩","剩","mèng","shèng"
"cnwqi2676","primary","N","B","稍","稍","pí","shāo、shào"
"cnwqi2677","primary","N","A","程","程","chéng","bǎo"
"cnwqi2678","primary","N","A","稀","稀","xī","zhàn"
"cnwqi2679","primary","N","A","税","税","shuì","jiàng"
"cnwqi2680","primary","N","B","筐","筐","mí","kuāng"
"cnwqi2681","primary","N","A","等","等","děng","cuǒ"
"cnwqi2682","primary","N","B","筑","筑","kǒu","zhù、zhú"
"cnwqi2683","primary","N","A","策","策","cè","qīn"
"cnwqi2684","primary","N","B","筛","筛","pù、bào","shāi"
"cnwqi2685","primary","N","A","筒","筒","tǒng","hún"
"cnwqi2686","primary","N","A","筏","筏","fá","shǔn"
"cnwqi2687","primary","N","B","答","答","shàn","dá、dā"
"cnwqi2688","primary","N","B","筋","筋","shēn","jīn"
"cnwqi2689","primary","N","A","筝","筝","zhēng","shuāng"
"cnwqi2690","primary","N","A","傲","傲","ào","diàn"
"cnwqi2691","primary","N","A","傅","傅","fù","é"
"cnwqi2692","primary","N","B","牌","牌","nǎi","pái"
"cnwqi2693","primary","N","B","堡","堡","tǒng","bǎo、bǔ、pù"
"cnwqi2694","primary","N","B","集","集","yún","jí"
"cnwqi2695","primary","N","A","焦","焦","jiāo","yú、tōu"
"cnwqi2696","primary","N","A","傍","傍","bàng","tài"
"cnwqi2697","primary","N","A","储","储","chǔ","kè"
"cnwqi2698","primary","N","A","皓","皓","hào","zōng"
"cnwqi2699","primary","N","B","皖","皖","yǒng","wǎn"
"cnwqi2700","primary","N","B","粤","粤","zhàng","yuè"
"cnwqi2701","primary","N","A","奥","奥","ào、yù","lín"
"cnwqi2702","primary","N","B","街","街","wān","jiē"
"cnwqi2703","primary","N","A","惩","惩","chéng","wéi"
"cnwqi2704","primary","N","B","御","御","guān","yù"
"cnwqi2705","primary","N","B","循","循","pàn","xún"
"cnwqi2706","primary","N","B","艇","艇","xuān","tǐng"
"cnwqi2707","primary","N","B","舒","舒","mù","shū"
"cnwqi2708","primary","N","A","逾","逾","yú","yàng"
"cnwqi2709","primary","N","A","番","番","fān、pān","cháo、zhāo"
"cnwqi2710","primary","N","A","释","释","shì","dài"
"cnwqi2711","primary","N","B","禽","禽","xiǎn","qín"
"cnwqi2712","primary","N","A","腊","腊","là、xī","xūn"
"cnwqi2713","primary","N","A","脾","脾","pí","bèi、pī"
"cnwqi2714","primary","N","B","腋","腋","wěi、mén","yè"
"cnwqi2715","primary","N","B","腔","腔","yuán","qiāng"
"cnwqi2716","primary","N","A","腕","腕","wàn","wǎng"
"cnwqi2717","primary","N","A","鲁","鲁","lǔ","wǔ"
"cnwqi2718","primary","N","A","猩","猩","xīng","yì"
"cnwqi2719","primary","N","B","猬","猬","dǐ","wèi"
"cnwqi2720","primary","N","B","猾","猾","jīng","huá"
"cnwqi2721","primary","N","B","猴","猴","ò、ó、é","hóu"
"cnwqi2722","primary","N","B","惫","惫","dié","bèi"
"cnwqi2723","primary","N","B","然","然","gùn、hùn","rán"
"cnwqi2724","primary","N","B","馈","馈","zhǒng","kuì"
"cnwqi2725","primary","N","B","馋","馋","cōng","chán"
"cnwqi2726","primary","N","A","装","装","zhuāng","niǔ"
"cnwqi2727","primary","N","A","蛮","蛮","mán","là"
"cnwqi2728","primary","N","B","就","就","zhè","jiù"
"cnwqi2729","primary","N","A","敦","敦","dūn、duì","gū"
"cnwqi2730","primary","N","A","斌","斌","bīn","mā、mǒ、mò"
"cnwqi2731","primary","N","A","痘","痘","dòu","zhá"
"cnwqi2732","primary","N","B","痢","痢","zhě","lì"
"cnwqi2733","primary","N","A","痪","痪","huàn","sōu"
"cnwqi2734","primary","N","A","痛","痛","tòng","qiú"
"cnwqi2735","primary","N","A","童","童","tóng","zhèn"
"cnwqi2736","primary","N","B","竣","竣","yáo","jùn"
"cnwqi2737","primary","N","B","阔","阔","huì","kuò"
"cnwqi2738","primary","N","A","善","善","shàn","shuò"
"cnwqi2739","primary","N","B","翔","翔","hé","xiáng"
"cnwqi2740","primary","N","B","羡","羡","jiāo","xiàn"
"cnwqi2741","primary","N","A","普","普","pǔ","chī"
"cnwqi2742","primary","N","A","粪","粪","fèn","tǐng"
"cnwqi2743","primary","N","A","尊","尊","zūn","zhǐ"
"cnwqi2744","primary","N","B","奠","奠","ná","diàn"
"cnwqi2745","primary","N","B","道","道","méng、měng","dào"
"cnwqi2746","primary","N","A","遂","遂","suí、suì","fū"
"cnwqi2747","primary","N","B","曾","曾","lǚ","céng、zēng"
"cnwqi2748","primary","N","B","焰","焰","yú","yàn"
"cnwqi2749","primary","N","A","港","港","gǎng、jiǎng","piāo"
"cnwqi2750","primary","N","A","滞","滞","zhì","pò"
"cnwqi2751","primary","N","A","湖","湖","hú","dí"
"cnwqi2752","primary","N","B","湘","湘","fāng、fáng","xiāng"
"cnwqi2753","primary","N","B","渣","渣","dǎi","zhā"
"cnwqi2754","primary","N","A","渤","渤","bó","dú"
"cnwqi2755","primary","N","B","渺","渺","fū","miǎo"
"cnwqi2756","primary","N","A","湿","湿","shī","jū"
"cnwqi2757","primary","N","B","温","温","chī","wēn"
"cnwqi2758","primary","N","B","渴","渴","hào","kě"
"cnwqi2759","primary","N","B","溃","溃","gēng","kuì、huì"
"cnwqi2760","primary","N","A","溅","溅","jiàn、jiān","wǔ"
"cnwqi2761","primary","N","A","滑","滑","huá","tāng"
"cnwqi2762","primary","N","B","湃","湃","jiōng","pài"
"cnwqi2763","primary","N","B","渝","渝","yǒng","yú"
"cnwqi2764","primary","N","B","湾","湾","xié","wān"
"cnwqi2765","primary","N","A","渡","渡","dù","lǚ"
"cnwqi2766","primary","N","B","游","游","chuǎn","yóu"
"cnwqi2767","primary","N","B","滋","滋","mǐn","zī"
"cnwqi2768","primary","N","A","渲","渲","xuàn","lèi、lē"
"cnwqi2769","primary","N","A","溉","溉","gài","wǔ"
"cnwqi2770","primary","N","B","愤","愤","kǎi","fèn"
"cnwqi2771","primary","N","B","慌","慌","qǔ","huāng"
"cnwqi2772","primary","N","B","惰","惰","xiū","duò"
"cnwqi2773","primary","N","A","愕","愕","è","mù"
"cnwqi2774","primary","N","B","愣","愣","fén","lèng"
"cnwqi2775","primary","N","A","惶","惶","huáng","bā"
"cnwqi2776","primary","N","A","愧","愧","kuì","niè"
"cnwqi2777","primary","N","B","愉","愉","zhōu","yú、tōu"
"cnwqi2778","primary","N","A","慨","慨","kǎi","dǎng、dàng"
"cnwqi2779","primary","N","B","割","割","wā","gē"
"cnwqi2780","primary","N","B","寒","寒","zào","hán"
"cnwqi2781","primary","N","A","富","富","fù","zī"
"cnwqi2782","primary","N","A","寓","寓","yù","cōng"
"cnwqi2783","primary","N","A","窜","窜","cuàn","tán"
"cnwqi2784","primary","N","A","窝","窝","wō","cí"
"cnwqi2785","primary","N","A","窖","窖","jiào","jiān、qián"
"cnwqi2786","primary","N","A","窗","窗","chuāng","chún"
"cnwqi2787","primary","N","A","窘","窘","jiǒng","cù"
"cnwqi2788","primary","N","A","遍","遍","biàn","jiān"
"cnwqi2789","primary","N","A","雇","雇","gù","pǔ"
"cnwqi2790","primary","N","B","裕","裕","liāo","yù"
"cnwqi2791","primary","N","A","裤","裤","kù","kuǐ"
"cnwqi2792","primary","N","A","裙","裙","qún","zhuì"
"cnwqi2793","primary","N","B","禅","禅","yì","chán、shàn"
"cnwqi2794","primary","N","B","禄","禄","dí","lù"
"cnwqi2795","primary","N","A","谢","谢","xiè","kuàng"
"cnwqi2796","primary","N","B","谣","谣","píng、bǐng","yáo"
"cnwqi2797","primary","N","B","谤","谤","ké、qiào","bàng"
"cnwqi2798","primary","N","B","谦","谦","nǔ","qiān"
"cnwqi2799","primary","N","A","犀","犀","xī","xù"
"cnwqi2800","primary","N","B","属","属","piào","shǔ、zhǔ"
"cnwqi2801","primary","N","A","屡","屡","lǚ","gòu"
"cnwqi2802","primary","N","B","强","强","xiàn","qiáng、qiǎng、jiàng"
"cnwqi2803","primary","N","B","粥","粥","shēn","zhōu、yù"
"cnwqi2804","primary","N","B","疏","疏","gù","shū"
"cnwqi2805","primary","N","A","隔","隔","gé","huò"
"cnwqi2806","primary","N","A","隙","隙","xì","mǎn"
"cnwqi2807","primary","N","A","隘","隘","ài","lǚ"
"cnwqi2808","primary","N","A","媒","媒","méi","náo"
"cnwqi2809","primary","N","A","絮","絮","xù","wǔ"
"cnwqi2810","primary","N","B","嫂","嫂","lóu","sǎo"
"cnwqi2811","primary","N","B","媚","媚","pēng","mèi"
"cnwqi2812","primary","N","A","婿","婿","xù","hè"
"cnwqi2813","primary","N","B","登","登","mó","dēng"
"cnwqi2814","primary","N","B","缅","缅","xiáo","miǎn"
"cnwqi2815","primary","N","A","缆","缆","lǎn","lè、lēi"
"cnwqi2816","primary","N","B","缉","缉","chén","jī、qī"
"cnwqi2817","primary","N","B","缎","缎","mán、màn、wàn","duàn"
"cnwqi2818","primary","N","A","缓","缓","huǎn","jué"
"cnwqi2819","primary","N","B","缔","缔","pán","dì"
"cnwqi2820","primary","N","A","缕","缕","lǚ","gǎo"
"cnwqi2821","primary","N","B","骗","骗","léi","piàn"
"cnwqi2822","primary","N","A","编","编","biān","qiú"
"cnwqi2823","primary","N","A","骚","骚","sāo、sǎo","mò"
"cnwqi2824","primary","N","A","缘","缘","yuán","zhì"
"cnwqi2825","primary","N","B","瑟","瑟","kōng、kòng、kǒng","sè"
"cnwqi2826","primary","N","A","鹉","鹉","wǔ","ài"
"cnwqi2827","primary","N","B","瑞","瑞","wǎn、guǎn、guān","ruì"
"cnwqi2828","primary","N","B","瑰","瑰","chù","guī"
"cnwqi2829","primary","N","B","瑙","瑙","lán","nǎo"
"cnwqi2830","primary","N","B","魂","魂","zào","hún"
"cnwqi2831","primary","N","B","肆","肆","jiān","sì"
"cnwqi2832","primary","N","B","摄","摄","héng","shè、niè"
"cnwqi2833","primary","N","B","摸","摸","lóng","mō"
"cnwqi2834","primary","N","B","填","填","ruì","tián、zhèn"
"cnwqi2835","primary","N","B","搏","搏","duò","bó"
"cnwqi2836","primary","N","A","塌","塌","tā","jué"
"cnwqi2837","primary","N","A","鼓","鼓","gǔ","dùn"
"cnwqi2838","primary","N","B","摆","摆","yào","bǎi"
"cnwqi2839","primary","N","B","携","携","chán","xié"
"cnwqi2840","primary","N","B","搬","搬","gē、gé","bān"
"cnwqi2841","primary","N","A","摇","摇","yáo","fén"
"cnwqi2842","primary","N","A","搞","搞","gǎo","zé"
"cnwqi2843","primary","N","A","塘","塘","táng","bì"
"cnwqi2844","primary","N","B","摊","摊","léi","tān"
"cnwqi2845","primary","N","B","聘","聘","fá","pìn"
"cnwqi2846","primary","N","B","斟","斟","xiè","zhēn"
"cnwqi2847","primary","N","A","蒜","蒜","suàn","zè"
"cnwqi2848","primary","N","B","勤","勤","tiào","qín"
"cnwqi2849","primary","N","B","靴","靴","nòu","xuē"
"cnwqi2850","primary","N","A","靶","靶","bǎ","qí、yín"
"cnwqi2851","primary","N","A","鹊","鹊","què","zhì"
"cnwqi2852","primary","N","A","蓝","蓝","lán","tài"
"cnwqi2853","primary","N","B","墓","墓","chǎn","mù"
"cnwqi2854","primary","N","A","幕","幕","mù","gū"
"cnwqi2855","primary","N","B","蓬","蓬","xǐ","péng"
"cnwqi2856","primary","N","B","蓄","蓄","sǐ","xù"
"cnwqi2857","primary","N","A","蒲","蒲","pú","zhí"
"cnwqi2858","primary","N","B","蓉","蓉","wèi","róng"
"cnwqi2859","primary","N","B","蒙","蒙","gǎ","mēng、méng、měng"
"cnwqi2860","primary","N","A","蒸","蒸","zhēng","fèi"
"cnwqi2861","primary","N","A","献","献","xiàn","rǎng"
"cnwqi2862","primary","N","B","椿","椿","chǎng","chūn"
"cnwqi2863","primary","N","A","禁","禁","jīn、jìn","jué、jiào"
"cnwqi2864","primary","N","B","楚","楚","bū","chǔ"
"cnwqi2865","primary","N","A","楷","楷","kǎi、jiē","duān、zhuān"
"cnwqi2866","primary","N","B","榄","榄","chòng","lǎn"
"cnwqi2867","primary","N","A","想","想","xiǎng","gǎi"
"cnwqi2868","primary","N","B","槐","槐","kǎi","huái"
"cnwqi2869","primary","N","B","榆","榆","jūn、qún","yú"
"cnwqi2870","primary","N","A","楼","楼","lóu","róu"
"cnwqi2871","primary","N","A","概","概","gài","mào"
"cnwqi2872","primary","N","A","赖","赖","lài","jiān"
"cnwqi2873","primary","N","A","酪","酪","lào","yě"
"cnwqi2874","primary","N","A","酬","酬","chóu","fěi"
"cnwqi2875","primary","N","B","感","感","màn","gǎn"
"cnwqi2876","primary","N","A","碍","碍","ài","zhān"
"cnwqi2877","primary","N","A","碘","碘","diǎn","kǎi"
"cnwqi2878","primary","N","A","碑","碑","bēi","sháo"
"cnwqi2879","primary","N","B","碎","碎","bū","suì"
"cnwqi2880","primary","N","B","碰","碰","la","pèng"
"cnwqi2881","primary","N","A","碗","碗","wǎn","jùn、juàn"
"cnwqi2882","primary","N","B","碌","碌","tún、zhūn","lù、liù"
"cnwqi2883","primary","N","A","尴","尴","gān","zhā"
"cnwqi2884","primary","N","A","雷","雷","léi","hún"
"cnwqi2885","primary","N","A","零","零","líng","pēng、píng"
"cnwqi2886","primary","N","B","雾","雾","zhōng","wù"
"cnwqi2887","primary","N","A","雹","雹","báo","xiàn"
"cnwqi2888","primary","N","A","辐","辐","fú","yuán"
"cnwqi2889","primary","N","A","辑","辑","jí","qiān"
"cnwqi2890","primary","N","A","输","输","shū","zhé"
"cnwqi2891","primary","N","A","督","督","dū","fēn"
"cnwqi2892","primary","N","A","频","频","pín、bīn","zhòu"
"cnwqi2893","primary","N","A","龄","龄","líng","ào"
"cnwqi2894","primary","N","A","鉴","鉴","jiàn","làng"
"cnwqi2895","primary","N","A","睛","睛","jīng","hàn"
"cnwqi2896","primary","N","A","睹","睹","dǔ","fèi"
"cnwqi2897","primary","N","A","睦","睦","mù","gé"
"cnwqi2898","primary","N","A","瞄","瞄","miáo","chá"
"cnwqi2899","primary","N","A","睫","睫","jié","lǐn"
"cnwqi2900","primary","N","B","睡","睡","téng","shuì"
"cnwqi2901","primary","N","B","睬","睬","huá","cǎi"
"cnwqi2902","primary","N","A","嗜","嗜","shì","yuán、yún、yùn"
"cnwqi2903","primary","N","A","鄙","鄙","bǐ","jiāo、qiáo、jué、zhuó"
"cnwqi2904","primary","N","B","嗦","嗦","hǒu","suō"
"cnwqi2905","primary","N","A","愚","愚","yú","mǎ、mā、mà"
"cnwqi2906","primary","N","B","暖","暖","miǎo","nuǎn"
"cnwqi2907","primary","N","B","盟","盟","bèi、pī","méng"
"cnwqi2908","primary","N","B","歇","歇","běng","xiē"
"cnwqi2909","primary","N","B","暗","暗","zī","àn"
"cnwqi2910","primary","N","B","暇","暇","yān","xiá"
"cnwqi2911","primary","N","A","照","照","zhào","shān、shàn"
"cnwqi2912","primary","N","A","畸","畸","jī","lái"
"cnwqi2913","primary","N","B","跨","跨","ráng","kuà"
"cnwqi2914","primary","N","B","跷","跷","suì","qiāo"
"cnwqi2915","primary","N","B","跳","跳","wò","tiào、táo"
"cnwqi2916","primary","N","B","跺","跺","jī","duò"
"cnwqi2917","primary","N","A","跪","跪","guì","suí"
"cnwqi2918","primary","N","B","路","路","jiàn","lù"
"cnwqi2919","primary","N","A","跤","跤","jiāo","chàng"
"cnwqi2920","primary","N","A","跟","跟","gēn","biān"
"cnwqi2921","primary","N","B","遣","遣","fèng","qiǎn"
"cnwqi2922","primary","N","B","蜈","蜈","liǎng、liǎ","wú"
"cnwqi2923","primary","N","A","蜗","蜗","wō","dì"
"cnwqi2924","primary","N","A","蛾","蛾","é、yǐ","fèi"
"cnwqi2925","primary","N","A","蜂","蜂","fēng","duì"
"cnwqi2926","primary","N","A","蜕","蜕","tuì","lì"
"cnwqi2927","primary","N","A","嗅","嗅","xiù","lǎo、mǔ"
"cnwqi2928","primary","N","A","嗡","嗡","wēng","liǎng、liǎ"
"cnwqi2929","primary","N","A","嗓","嗓","sǎng","sú"
"cnwqi2930","primary","N","B","署","署","kāng","shǔ"
"cnwqi2931","primary","N","A","置","置","zhì","kū"
"cnwqi2932","primary","N","A","罪","罪","zuì","jiáo、jué、jiào"
"cnwqi2933","primary","N","A","罩","罩","zhào","chī"
"cnwqi2934","primary","N","A","蜀","蜀","shǔ","jīng"
"cnwqi2935","primary","N","A","幌","幌","huǎng","zhěn"
"cnwqi2936","primary","N","A","错","错","cuò","gān"
"cnwqi2937","primary","N","B","锚","锚","yāo","máo"
"cnwqi2938","primary","N","A","锡","锡","xī","qī、jī"
"cnwqi2939","primary","N","A","锣","锣","luó","yìn、xūn"
"cnwqi2940","primary","N","B","锤","锤","xiǎn","chuí"
"cnwqi2941","primary","N","B","锥","锥","xiǎo","zhuī"
"cnwqi2942","primary","N","A","锦","锦","jǐn","luó"
"cnwqi2943","primary","N","B","键","键","xiǎn","jiàn"
"cnwqi2944","primary","N","B","锯","锯","gān","jù"
"cnwqi2945","primary","N","B","锰","锰","wéi","měng"
"cnwqi2946","primary","N","A","矮","矮","ǎi","péng、bèng"
"cnwqi2947","primary","N","A","辞","辞","cí","wǔ"
"cnwqi2948","primary","N","A","稚","稚","zhì","héng"
"cnwqi2949","primary","N","B","稠","稠","chěng","chóu"
"cnwqi2950","primary","N","A","颓","颓","tuí","biāo"
"cnwqi2951","primary","N","B","愁","愁","huàn","chóu"
"cnwqi2952","primary","N","A","筹","筹","chóu","shèn"
"cnwqi2953","primary","N","B","签","签","niǔ","qiān"
"cnwqi2954","primary","N","A","简","简","jiǎn","liǎo、liào"
"cnwqi2955","primary","N","B","筷","筷","téng","kuài"
"cnwqi2956","primary","N","A","毁","毁","huǐ","jiē"
"cnwqi2957","primary","N","A","舅","舅","jiù","lǔ"
"cnwqi2958","primary","N","B","鼠","鼠","zhōng","shǔ"
"cnwqi2959","primary","N","A","催","催","cuī","hé"
"cnwqi2960","primary","N","B","傻","傻","liáo","shǎ"
"cnwqi2961","primary","N","B","像","像","guì","xiàng"
"cnwqi2962","primary","N","A","躲","躲","duǒ","cí"
"cnwqi2963","primary","N","A","魁","魁","kuí","xiáng"
"cnwqi2964","primary","N","B","衙","衙","tuó","yá"
"cnwqi2965","primary","N","A","微","微","wēi","liū"
"cnwqi2966","primary","N","B","愈","愈","gōng","yù"
"cnwqi2967","primary","N","B","遥","遥","hé","yáo"
"cnwqi2968","primary","N","B","腻","腻","wén","nì"
"cnwqi2969","primary","N","A","腰","腰","yāo","yì"
"cnwqi2970","primary","N","B","腥","腥","náng、nāng","xīng"
"cnwqi2971","primary","N","B","腮","腮","suǒ","sāi"
"cnwqi2972","primary","N","B","腹","腹","zī","fù"
"cnwqi2973","primary","N","B","腺","腺","mì、bì","xiàn"
"cnwqi2974","primary","N","A","鹏","鹏","péng","ne、ní"
"cnwqi2975","primary","N","B","腾","腾","xiǎn","téng"
"cnwqi2976","primary","N","B","腿","腿","kuàng","tuǐ"
"cnwqi2977","primary","N","B","鲍","鲍","yǎn","bào"
"cnwqi2978","primary","N","B","猿","猿","jiè、jí","yuán"
"cnwqi2979","primary","N","A","颖","颖","yǐng","hē"
"cnwqi2980","primary","N","B","触","触","tuó","chù"
"cnwqi2981","primary","N","A","解","解","jiě、jiè、xiè","tíng"
"cnwqi2982","primary","N","A","煞","煞","shā、shà","tài"
"cnwqi2983","primary","N","B","雏","雏","hài","chú"
"cnwqi2984","primary","N","B","馍","馍","xiāo","mó"
"cnwqi2985","primary","N","A","馏","馏","liù、liú","tàng、tāng"
"cnwqi2986","primary","N","B","酱","酱","shào","jiàng"
"cnwqi2987","primary","N","B","禀","禀","róng","bǐng"
"cnwqi2988","primary","N","B","痹","痹","tú","bì"
"cnwqi2989","primary","N","A","廓","廓","kuò","huì"
"cnwqi2990","primary","N","B","痴","痴","tuí","chī"
"cnwqi2991","primary","N","A","痰","痰","tán","zǔ、jù"
"cnwqi2992","primary","N","A","廉","廉","lián","cài"
"cnwqi2993","primary","N","B","靖","靖","shèn","jìng"
"cnwqi2994","primary","N","B","新","新","nài","xīn"
"cnwqi2995","primary","N","B","韵","韵","lì","yùn"
"cnwqi2996","primary","N","A","意","意","yì","shū"
"cnwqi2997","primary","N","B","誊","誊","huān","téng"
"cnwqi2998","primary","N","B","粮","粮","shān","liáng"
"cnwqi2999","primary","N","B","数","数","jiù","shǔ、shù、shuò"
"cnwqi3000","primary","N","A","煎","煎","jiān","táo"
"cnwqi3001","primary","N","A","塑","塑","sù","yì"
"cnwqi3002","primary","N","B","慈","慈","zhài","cí"
"cnwqi3003","primary","N","A","煤","煤","méi","shǔ"
"cnwqi3004","primary","N","B","煌","煌","jiǎn","huáng"
"cnwqi3005","primary","N","B","满","满","jiè","mǎn"
"cnwqi3006","primary","N","A","漠","漠","mò","fú"
"cnwqi3007","primary","N","B","滇","滇","bù","diān"
"cnwqi3008","primary","N","B","源","源","màn","yuán"
"cnwqi3009","primary","N","A","滤","滤","lǜ","chéng"
"cnwqi3010","primary","N","B","滥","滥","fēi、fěi","làn"
"cnwqi3011","primary","N","B","滔","滔","gǔ","tāo"
"cnwqi3012","primary","N","B","溪","溪","mì","xī"
"cnwqi3013","primary","N","B","溜","溜","zú","liū、liù"
"cnwqi3014","primary","N","B","漓","漓","wò","lí"
"cnwqi3015","primary","N","B","滚","滚","xiáng","gǔn"
"cnwqi3016","primary","N","A","溢","溢","yì","diàn"
"cnwqi3017","primary","N","A","溯","溯","sù","duō"
"cnwqi3018","primary","N","B","滨","滨","gǔn","bīn"
"cnwqi3019","primary","N","A","溶","溶","róng","cháng、zhǎng"
"cnwqi3020","primary","N","B","溺","溺","tòng","nì、niào"
"cnwqi3021","primary","N","A","粱","粱","liáng","liú"
"cnwqi3022","primary","N","B","滩","滩","duàn","tān"
"cnwqi3023","primary","N","A","慎","慎","shèn","sǒng"
"cnwqi3024","primary","N","A","誉","誉","yù","diān"
"cnwqi3025","primary","N","B","塞","塞","tāo","sāi、sài、sè"
"cnwqi3026","primary","N","B","寞","寞","ò、ó、é","mò"
"cnwqi3027","primary","N","B","窥","窥","hū","kuī"
"cnwqi3028","primary","N","B","窟","窟","gǎn","kū"
"cnwqi3029","primary","N","B","寝","寝","liè","qǐn"
"cnwqi3030","primary","N","B","谨","谨","gān","jǐn"
"cnwqi3031","primary","N","A","褂","褂","guà","yòu"
"cnwqi3032","primary","N","B","裸","裸","xiào","luǒ"
"cnwqi3033","primary","N","B","福","福","zào","fú"
"cnwqi3034","primary","N","A","谬","谬","miù","xún"
"cnwqi3035","primary","N","A","群","群","qún","hàn"
"cnwqi3036","primary","N","A","殿","殿","diàn","wèng"
"cnwqi3037","primary","N","A","辟","辟","pì、bì","dì"
"cnwqi3038","primary","N","B","障","障","shē","zhàng"
"cnwqi3039","primary","N","A","媳","媳","xí","xún"
"cnwqi3040","primary","N","B","嫉","嫉","yě","jí"
"cnwqi3041","primary","N","A","嫌","嫌","xián","pú"
"cnwqi3042","primary","N","A","嫁","嫁","jià","mǔ"
"cnwqi3043","primary","N","B","叠","叠","sū","dié"
"cnwqi3044","primary","N","B","缚","缚","áo","fù"
"cnwqi3045","primary","N","A","缝","缝","féng、fèng","jīng"
"cnwqi3046","primary","N","B","缠","缠","tóng","chán"
"cnwqi3047","primary","N","B","缤","缤","āi","bīn"
"cnwqi3048","primary","N","B","剿","剿","gōu","jiǎo、chāo"
"cnwqi3049","primary","N","B","静","静","qiàn、qiè","jìng"
"cnwqi3050","primary","N","A","碧","碧","bì","qiāo"
"cnwqi3051","primary","N","A","璃","璃","lí","yòu"
"cnwqi3052","primary","N","A","赘","赘","zhuì","yà"
"cnwqi3053","primary","N","A","熬","熬","āo、áo","tíng"
"cnwqi3054","primary","N","B","墙","墙","qù","qiáng"
"cnwqi3055","primary","N","B","墟","墟","bǐng","xū"
"cnwqi3056","primary","N","B","嘉","嘉","zī","jiā"
"cnwqi3057","primary","N","A","摧","摧","cuī","huàn"
"cnwqi3058","primary","N","B","赫","赫","cén","hè"
"cnwqi3059","primary","N","A","截","截","jié","xiē"
"cnwqi3060","primary","N","A","誓","誓","shì","zhào"
"cnwqi3061","primary","N","A","境","境","jìng","róng"
"cnwqi3062","primary","N","B","摘","摘","zhú","zhāi"
"cnwqi3063","primary","N","B","摔","摔","xiá","shuāi"
"cnwqi3064","primary","N","B","撇","撇","zàn","piē、piě"
"cnwqi3065","primary","N","A","聚","聚","jù","lüè"
"cnwqi3066","primary","N","B","慕","慕","cáo","mù"
"cnwqi3067","primary","N","A","暮","暮","mù","xiàng"
"cnwqi3068","primary","N","A","摹","摹","mó","dǔ、dù"
"cnwqi3069","primary","N","A","蔓","蔓","mán、màn、wàn","téng"
"cnwqi3070","primary","N","B","蔑","蔑","wěi","miè"
"cnwqi3071","primary","N","B","蔡","蔡","tuì","cài"
"cnwqi3072","primary","N","B","蔗","蔗","sǎ","zhè"
"cnwqi3073","primary","N","B","蔽","蔽","xiān","bì"
"cnwqi3074","primary","N","A","蔼","蔼","ǎi","shì"
"cnwqi3075","primary","N","A","熙","熙","xī","tuō"
"cnwqi3076","primary","N","B","蔚","蔚","xiàn","wèi、yù"
"cnwqi3077","primary","N","A","兢","兢","jīng","zhǎn"
"cnwqi3078","primary","N","B","模","模","kuài","mó、mú"
"cnwqi3079","primary","N","B","槛","槛","quán","jiàn、kǎn"
"cnwqi3080","primary","N","B","榴","榴","chuāng、chuàng","liú"
"cnwqi3081","primary","N","B","榜","榜","kè","bǎng、bàng"
"cnwqi3082","primary","N","B","榨","榨","fēng","zhà"
"cnwqi3083","primary","N","B","榕","榕","tuì、tùn","róng"
"cnwqi3084","primary","N","A","歌","歌","gē","cōng"
"cnwqi3085","primary","N","B","遭","遭","pī、pí、bǐ","zāo"
"cnwqi3086","primary","N","B","酵","酵","sōng","jiào"
"cnwqi3087","primary","N","A","酷","酷","kù","hán"
"cnwqi3088","primary","N","A","酿","酿","niàng","pèi"
"cnwqi3089","primary","N","B","酸","酸","fēn","suān"
"cnwqi3090","primary","N","A","碟","碟","dié","nè"
"cnwqi3091","primary","N","A","碱","碱","jiǎn","yǎn"
"cnwqi3092","primary","N","A","碳","碳","tàn","chán"
"cnwqi3093","primary","N","B","磁","磁","pǔ","cí"
"cnwqi3094","primary","N","A","愿","愿","yuàn","tāo"
"cnwqi3095","primary","N","B","需","需","bá","xū"
"cnwqi3096","primary","N","A","辖","辖","xiá","yàn"
"cnwqi3097","primary","N","A","辗","辗","zhǎn、niǎn","bìn"
"cnwqi3098","primary","N","A","雌","雌","cí","fǔ"
"cnwqi3099","primary","N","B","裳","裳","méi","cháng、shang"
"cnwqi3100","primary","N","B","颗","颗","xiāng、xiàng","kē"
"cnwqi3101","primary","N","B","瞅","瞅","shì","chǒu"
"cnwqi3102","primary","N","B","墅","墅","réng","shù"
"cnwqi3103","primary","N","A","嗽","嗽","sòu","tì"
"cnwqi3104","primary","N","A","踊","踊","yǒng","míng"
"cnwqi3105","primary","N","B","蜻","蜻","yóu","qīng"
"cnwqi3106","primary","N","A","蜡","蜡","là","zhì、chóu、shì"
"cnwqi3107","primary","N","A","蝇","蝇","yíng","wéi"
"cnwqi3108","primary","N","B","蜘","蜘","mù","zhī"
"cnwqi3109","primary","N","B","蝉","蝉","wèi、yù","chán"
"cnwqi3110","primary","N","B","嘛","嘛","zàng","má、ma"
"cnwqi3111","primary","N","A","嘀","嘀","dí","zhuǎn、zhuàn、zhuǎi"
"cnwqi3112","primary","N","B","赚","赚","shēn","zhuàn"
"cnwqi3113","primary","N","A","锹","锹","qiāo","pú"
"cnwqi3114","primary","N","A","锻","锻","duàn","hàn"
"cnwqi3115","primary","N","B","镀","镀","nān","dù"
"cnwqi3116","primary","N","B","舞","舞","wāng","wǔ"
"cnwqi3117","primary","N","B","舔","舔","yǔ","tiǎn"
"cnwqi3118","primary","N","B","稳","稳","shén","wěn"
"cnwqi3119","primary","N","A","熏","熏","xūn、xùn","gǔ"
"cnwqi3120","primary","N","B","箕","箕","kǎ、qiǎ","jī"
"cnwqi3121","primary","N","A","算","算","suàn","shuā、shuà"
"cnwqi3122","primary","N","B","箩","箩","liǎn","luó"
"cnwqi3123","primary","N","B","管","管","xiǎo","guǎn"
"cnwqi3124","primary","N","A","箫","箫","xiāo","zhàng"
"cnwqi3125","primary","N","A","舆","舆","yú","míng"
"cnwqi3126","primary","N","B","僚","僚","tiǎn","liáo"
"cnwqi3127","primary","N","A","僧","僧","sēng","suō"
"cnwqi3128","primary","N","B","鼻","鼻","chá","bí"
"cnwqi3129","primary","N","A","魄","魄","pò","chān、xiān、càn、shǎn"
"cnwqi3130","primary","N","B","魅","魅","là","mèi"
"cnwqi3131","primary","N","A","貌","貌","mào","xuàn"
"cnwqi3132","primary","N","A","膜","膜","mó","hū"
"cnwqi3133","primary","N","A","膊","膊","bó","cháo、zhāo"
"cnwqi3134","primary","N","A","膀","膀","bǎng、pāng、páng","lǒu"
"cnwqi3135","primary","N","A","鲜","鲜","xiān、xiǎn","chéng"
"cnwqi3136","primary","N","A","疑","疑","yí、nǐ","tuí"
"cnwqi3137","primary","N","A","孵","孵","fū","chǒu"
"cnwqi3138","primary","N","B","馒","馒","xuē","mán"
"cnwqi3139","primary","N","A","裹","裹","guǒ","tà"
"cnwqi3140","primary","N","B","敲","敲","lǐ","qiāo"
"cnwqi3141","primary","N","B","豪","豪","jì","háo"
"cnwqi3142","primary","N","A","膏","膏","gāo、gào","līn"
"cnwqi3143","primary","N","B","遮","遮","ní","zhē"
"cnwqi3144","primary","N","A","腐","腐","fǔ","páng"
"cnwqi3145","primary","N","A","瘩","瘩","dá、da","xī"
"cnwqi3146","primary","N","B","瘟","瘟","shǐ","wēn"
"cnwqi3147","primary","N","B","瘦","瘦","dá","shòu"
"cnwqi3148","primary","N","A","辣","辣","là","lóu"
"cnwqi3149","primary","N","B","彰","彰","lì","zhāng"
"cnwqi3150","primary","N","A","竭","竭","jié","dé"
"cnwqi3151","primary","N","B","端","端","wěng、wēng","duān"
"cnwqi3152","primary","N","B","旗","旗","wěi","qí"
"cnwqi3153","primary","N","B","精","精","mèi","jīng"
"cnwqi3154","primary","N","B","粹","粹","tú、chá","cuì"
"cnwqi3155","primary","N","B","歉","歉","jù","qiàn"
"cnwqi3156","primary","N","B","弊","弊","ruò","bì"
"cnwqi3157","primary","N","A","熄","熄","xī","dīng"
"cnwqi3158","primary","N","A","熔","熔","róng","hàn"
"cnwqi3159","primary","N","A","煽","煽","shān","xiá"
"cnwqi3160","primary","N","A","潇","潇","xiāo","dōng"
"cnwqi3161","primary","N","A","漆","漆","qī","huàn"
"cnwqi3162","primary","N","B","漱","漱","ráo","shù"
"cnwqi3163","primary","N","A","漂","漂","piāo、piǎo、piào","pái、pǎi"
"cnwqi3164","primary","N","B","漫","漫","xī","màn"
"cnwqi3165","primary","N","A","滴","滴","dī","luó"
"cnwqi3166","primary","N","A","漾","漾","yàng","cāng、chen"
"cnwqi3167","primary","N","B","演","演","yán","yǎn"
"cnwqi3168","primary","N","A","漏","漏","lòu","chà"
"cnwqi3169","primary","N","A","慢","慢","màn","chéng、dèng、zhèng"
"cnwqi3170","primary","N","A","慷","慷","kāng","huáng"
"cnwqi3171","primary","N","B","寨","寨","qiān","zhài"
"cnwqi3172","primary","N","B","赛","赛","luó","sài"
"cnwqi3173","primary","N","B","寡","寡","jiān","guǎ"
"cnwqi3174","primary","N","A","察","察","chá","běi、bèi"
"cnwqi3175","primary","N","B","蜜","蜜","biē、biě","mì"
"cnwqi3176","primary","N","A","寥","寥","liáo","mán"
"cnwqi3177","primary","N","B","谭","谭","qiè","tán"
"cnwqi3178","primary","N","B","肇","肇","hún","zhào"
"cnwqi3179","primary","N","B","褐","褐","lèi","hè"
"cnwqi3180","primary","N","A","褪","褪","tuì、tùn","nuó"
"cnwqi3181","primary","N","A","谱","谱","pǔ","yóu"
"cnwqi3182","primary","N","B","隧","隧","lián","suì"
"cnwqi3183","primary","N","A","嫩","嫩","nèn","xún、huán"
"cnwqi3184","primary","N","A","翠","翠","cuì","chī"
"cnwqi3185","primary","N","B","熊","熊","xūn","xióng"
"cnwqi3186","primary","N","B","凳","凳","fú","dèng"
"cnwqi3187","primary","N","A","骡","骡","luó","xiè"
"cnwqi3188","primary","N","B","缩","缩","xiè","suō、sù"
"cnwqi3189","primary","N","A","慧","慧","huì","hú"
"cnwqi3190","primary","N","A","撵","撵","niǎn","dūn"
"cnwqi3191","primary","N","B","撕","撕","bì","sī"
"cnwqi3192","primary","N","A","撒","撒","sā、sǎ","xiāo"
"cnwqi3193","primary","N","B","撩","撩","sì","liāo、liáo"
"cnwqi3194","primary","N","A","趣","趣","qù、cù","bó"
"cnwqi3195","primary","N","A","趟","趟","tàng、tāng","zuàn"
"cnwqi3196","primary","N","B","撑","撑","tuán","chēng"
"cnwqi3197","primary","N","A","撮","撮","cuō、zuǒ","liǎng"
"cnwqi3198","primary","N","A","撬","撬","qiào","cén"
"cnwqi3199","primary","N","B","播","播","chù","bō"
"cnwqi3200","primary","N","A","擒","擒","qín","shū"
"cnwqi3201","primary","N","B","墩","墩","jiàn","dūn"
"cnwqi3202","primary","N","B","撞","撞","huī、duò","zhuàng"
"cnwqi3203","primary","N","A","撤","撤","chè","hóu"
"cnwqi3204","primary","N","A","增","增","zēng","liú"
"cnwqi3205","primary","N","B","撰","撰","duō","zhuàn"
"cnwqi3206","primary","N","A","聪","聪","cōng","tūn"
"cnwqi3207","primary","N","B","鞋","鞋","jìn","xié"
"cnwqi3208","primary","N","B","鞍","鞍","qìn","ān"
"cnwqi3209","primary","N","A","蕉","蕉","jiāo","náo"
"cnwqi3210","primary","N","B","蕊","蕊","bó","ruǐ"
"cnwqi3211","primary","N","B","蔬","蔬","jī","shū"
"cnwqi3212","primary","N","B","蕴","蕴","jiē","yùn"
"cnwqi3213","primary","N","A","横","横","héng、hèng","shěn"
"cnwqi3214","primary","N","B","槽","槽","gài、gě、hé","cáo"
"cnwqi3215","primary","N","B","樱","樱","shì","yīng"
"cnwqi3216","primary","N","A","橡","橡","xiàng","mào"
"cnwqi3217","primary","N","B","樟","樟","zhuāng","zhāng"
"cnwqi3218","primary","N","B","橄","橄","bì","gǎn"
"cnwqi3219","primary","N","A","敷","敷","fū","juàn"
"cnwqi3220","primary","N","A","豌","豌","wān","kǎo"
"cnwqi3221","primary","N","A","飘","飘","piāo","xié"
"cnwqi3222","primary","N","B","醋","醋","biāo","cù"
"cnwqi3223","primary","N","B","醇","醇","qǐ","chún"
"cnwqi3224","primary","N","B","醉","醉","jiǎn","zuì"
"cnwqi3225","primary","N","A","磕","磕","kē","shū"
"cnwqi3226","primary","N","B","磊","磊","yì","lěi"
"cnwqi3227","primary","N","B","磅","磅","qí","bàng、páng"
"cnwqi3228","primary","N","A","碾","碾","niǎn","qiān"
"cnwqi3229","primary","N","B","震","震","ào","zhèn"
"cnwqi3230","primary","N","B","霄","霄","luò、gè","xiāo"
"cnwqi3231","primary","N","B","霉","霉","lǎng","méi"
"cnwqi3232","primary","N","B","瞒","瞒","chéng、shèng","mán、mén"
"cnwqi3233","primary","N","A","题","题","tí","mò"
"cnwqi3234","primary","N","B","暴","暴","xí","bào、pù"
"cnwqi3235","primary","N","A","瞎","瞎","xiā","shē"
"cnwqi3236","primary","N","B","嘻","嘻","lóu","xī"
"cnwqi3237","primary","N","A","嘶","嘶","sī","tè"
"cnwqi3238","primary","N","A","嘲","嘲","cháo、zhāo","jī、qí"
"cnwqi3239","primary","N","B","嘹","嘹","hóng","liáo"
"cnwqi3240","primary","N","A","影","影","yǐng","bì"
"cnwqi3241","primary","N","A","踢","踢","tī","é"
"cnwqi3242","primary","N","A","踏","踏","tā、tà","zā、zhā、zhá"
"cnwqi3243","primary","N","A","踩","踩","cǎi","xué"
"cnwqi3244","primary","N","A","踪","踪","zōng","fǔ"
"cnwqi3245","primary","N","B","蝶","蝶","jùn、juàn","dié"
"cnwqi3246","primary","N","A","蝴","蝴","hú","yí"
"cnwqi3247","primary","N","B","蝠","蝠","pèi","fú"
"cnwqi3248","primary","N","A","蝎","蝎","xiē","bǎi"
"cnwqi3249","primary","N","A","蝌","蝌","kē","wǎn"
"cnwqi3250","primary","N","B","蝗","蝗","xīn","huáng"
"cnwqi3251","primary","N","A","蝙","蝙","biān","mù"
"cnwqi3252","primary","N","A","嘿","嘿","hēi、mò","méng"
"cnwqi3253","primary","N","A","嘱","嘱","zhǔ","jūn"
"cnwqi3254","primary","N","A","幢","幢","chuáng、zhuàng","pó"
"cnwqi3255","primary","N","B","墨","墨","ní","mò"
"cnwqi3256","primary","N","B","镇","镇","zhuì","zhèn"
"cnwqi3257","primary","N","B","镐","镐","è","gǎo、hào"
"cnwqi3258","primary","N","A","镑","镑","bàng","chóu"
"cnwqi3259","primary","N","A","靠","靠","kào","bàng"
"cnwqi3260","primary","N","B","稽","稽","shēn","jī、qǐ"
"cnwqi3261","primary","N","B","稻","稻","líng、léng","dào"
"cnwqi3262","primary","N","B","黎","黎","zhēng、zhǐ","lí"
"cnwqi3263","primary","N","A","稿","稿","gǎo","hú"
"cnwqi3264","primary","N","B","稼","稼","pǔ","jià"
"cnwqi3265","primary","N","B","箱","箱","yuán","xiāng"
"cnwqi3266","primary","N","A","篓","篓","lǒu","háng"
"cnwqi3267","primary","N","A","箭","箭","jiàn","pí、pī"
"cnwqi3268","primary","N","A","篇","篇","piān","yì"
"cnwqi3269","primary","N","B","僵","僵","wǔ","jiāng"
"cnwqi3270","primary","N","A","躺","躺","tǎng","qué"
"cnwqi3271","primary","N","B","僻","僻","ráo、rǎo","pì"
"cnwqi3272","primary","N","A","德","德","dé","fú"
"cnwqi3273","primary","N","B","艘","艘","róng","sōu"
"cnwqi3274","primary","N","A","膝","膝","xī","xī"
"cnwqi3275","primary","N","B","膛","膛","gā、gá、gǎ","táng"
"cnwqi3276","primary","N","A","鲤","鲤","lǐ","jìng"
"cnwqi3277","primary","N","A","鲫","鲫","jì","jié、jiē"
"cnwqi3278","primary","N","B","熟","熟","qiāng、cāng","shóu、shú"
"cnwqi3279","primary","N","A","摩","摩","mā、mó","cuī、suī、shuāi"
"cnwqi3280","primary","N","B","褒","褒","xián","bāo"
"cnwqi3281","primary","N","A","瘪","瘪","biē、biě","bǐ"
"cnwqi3282","primary","N","A","瘤","瘤","liú","yǐng"
"cnwqi3283","primary","N","A","瘫","瘫","tān","pāng"
"cnwqi3284","primary","N","B","凛","凛","chāng","lǐn"
"cnwqi3285","primary","N","A","颜","颜","yán","zhòu"
"cnwqi3286","primary","N","B","毅","毅","huǐ、huī","yì"
"cnwqi3287","primary","N","A","糊","糊","hū、hú、hù","tì、xī"
"cnwqi3288","primary","N","B","遵","遵","da","zūn"
"cnwqi3289","primary","N","B","憋","憋","dá","biē"
"cnwqi3290","primary","N","A","潜","潜","qián","yún"
"cnwqi3291","primary","N","A","澎","澎","péng","yá"
"cnwqi3292","primary","N","B","潮","潮","jiàn、jiān","cháo"
"cnwqi3293","primary","N","B","潭","潭","yǎn、shàn","tán"
"cnwqi3294","primary","N","B","鲨","鲨","huá、huà、huā","shā"
"cnwqi3295","primary","N","A","澳","澳","ào","jū、jù"
"cnwqi3296","primary","N","A","潘","潘","pān","zè"
"cnwqi3297","primary","N","B","澈","澈","yǎng","chè"
"cnwqi3298","primary","N","A","澜","澜","lán","shū"
"cnwqi3299","primary","N","A","澄","澄","chéng、dèng","sǎng"
"cnwqi3300","primary","N","A","懂","懂","dǒng","chǐ"
"cnwqi3301","primary","N","A","憔","憔","qiáo","xián"
"cnwqi3302","primary","N","B","懊","懊","liáo","ào"
"cnwqi3303","primary","N","B","憎","憎","guà","zēng"
"cnwqi3304","primary","N","A","额","额","é","xù"
"cnwqi3305","primary","N","A","翩","翩","piān","jìng"
"cnwqi3306","primary","N","A","褥","褥","rù","lì"
"cnwqi3307","primary","N","A","谴","谴","qiǎn","tǎn"
"cnwqi3308","primary","N","A","鹤","鹤","hè","chǎng"
"cnwqi3309","primary","N","A","憨","憨","hān","yú"
"cnwqi3310","primary","N","B","慰","慰","mèng","wèi"
"cnwqi3311","primary","N","A","劈","劈","pī、pǐ","zhù、zhú"
"cnwqi3312","primary","N","A","履","履","lǚ","tǎng"
"cnwqi3313","primary","N","B","豫","豫","nǎo","yù"
"cnwqi3314","primary","N","A","缭","缭","liáo","mǎ、mā、mà"
"cnwqi3315","primary","N","A","撼","撼","hàn","ǎn"
"cnwqi3316","primary","N","A","擂","擂","léi、lèi","qìng、qǐ"
"cnwqi3317","primary","N","B","操","操","xiàn","cāo"
"cnwqi3318","primary","N","B","擅","擅","yú","shàn"
"cnwqi3319","primary","N","B","燕","燕","jué","yàn、yān"
"cnwqi3320","primary","N","A","蕾","蕾","lěi","chéng"
"cnwqi3321","primary","N","A","薯","薯","shǔ","cāi、sī"
"cnwqi3322","primary","N","B","薛","薛","yáo","xuē"
"cnwqi3323","primary","N","A","薇","薇","wēi","fù"
"cnwqi3324","primary","N","A","擎","擎","qíng","shàn、yàn、yǎn"
"cnwqi3325","primary","N","B","薪","薪","kuài","xīn"
"cnwqi3326","primary","N","A","薄","薄","báo、bó、bò","sù"
"cnwqi3327","primary","N","B","颠","颠","yí","diān"
"cnwqi3328","primary","N","B","翰","翰","huí、huǐ","hàn"
"cnwqi3329","primary","N","A","噩","噩","è","xí"
"cnwqi3330","primary","N","B","橱","橱","jì","chú"
"cnwqi3331","primary","N","B","橙","橙","chá、zhā","chéng"
"cnwqi3332","primary","N","A","橘","橘","jú","zàng"
"cnwqi3333","primary","N","B","整","整","lù","zhěng"
"cnwqi3334","primary","N","A","融","融","róng","gān"
"cnwqi3335","primary","N","B","瓢","瓢","kè","piáo"
"cnwqi3336","primary","N","A","醒","醒","xǐng","mài"
"cnwqi3337","primary","N","B","霍","霍","tóng","huò"
"cnwqi3338","primary","N","B","霎","霎","biàn","shà"
"cnwqi3339","primary","N","A","辙","辙","zhé","bǐ"
"cnwqi3340","primary","N","B","冀","冀","wéi","jì"
"cnwqi3341","primary","N","B","餐","餐","zhǐ","cān"
"cnwqi3342","primary","N","B","嘴","嘴","fēng","zuǐ"
"cnwqi3343","primary","N","A","踱","踱","duó","yōu"
"cnwqi3344","primary","N","B","蹄","蹄","qiāo","tí"
"cnwqi3345","primary","N","B","蹂","蹂","dāng","róu"
"cnwqi3346","primary","N","B","蟆","蟆","dǐng","má、mò"
"cnwqi3347","primary","N","B","螃","螃","chán","páng"
"cnwqi3348","primary","N","A","器","器","qì","mǎo"
"cnwqi3349","primary","N","A","噪","噪","zào","yī"
"cnwqi3350","primary","N","B","鹦","鹦","wéi","yīng"
"cnwqi3351","primary","N","A","赠","赠","zèng","jué"
"cnwqi3352","primary","N","A","默","默","mò","zhèn"
"cnwqi3353","primary","N","A","黔","黔","qián","shuì"
"cnwqi3354","primary","N","A","镜","镜","jìng","tiáo、diào、zhōu"
"cnwqi3355","primary","N","A","赞","赞","zàn","hén"
"cnwqi3356","primary","N","A","穆","穆","mù","kuǐ、guī"
"cnwqi3357","primary","N","A","篮","篮","lán","pǒ"
"cnwqi3358","primary","N","B","篡","篡","jīn","cuàn"
"cnwqi3359","primary","N","A","篷","篷","péng","qiān"
"cnwqi3360","primary","N","A","篱","篱","lí","shè"
"cnwqi3361","primary","N","A","儒","儒","rú","lè"
"cnwqi3362","primary","N","A","邀","邀","yāo","zhǒng"
"cnwqi3363","primary","N","A","衡","衡","héng","láo"
"cnwqi3364","primary","N","A","膨","膨","péng","quán"
"cnwqi3365","primary","N","B","雕","雕","tiǎn","diāo"
"cnwqi3366","primary","N","B","鲸","鲸","jiè","jīng"
"cnwqi3367","primary","N","A","磨","磨","mó、mò","jù"
"cnwqi3368","primary","N","A","瘾","瘾","yǐn","pú"
"cnwqi3369","primary","N","A","瘸","瘸","qué","qiàn"
"cnwqi3370","primary","N","A","凝","凝","níng","shì"
"cnwqi3371","primary","N","B","辨","辨","āi、ài","biàn"
"cnwqi3372","primary","N","A","辩","辩","biàn","jì"
"cnwqi3373","primary","N","B","糙","糙","shǔ、shù、shuò","cāo"
"cnwqi3374","primary","N","B","糖","糖","tǒng","táng"
"cnwqi3375","primary","N","A","糕","糕","gāo","huàn"
"cnwqi3376","primary","N","A","燃","燃","rán","xiè"
"cnwqi3377","primary","N","A","濒","濒","bīn","fǔ"
"cnwqi3378","primary","N","B","澡","澡","huì、kuài","zǎo"
"cnwqi3379","primary","N","A","激","激","jī","jǐng"
"cnwqi3380","primary","N","B","懒","懒","tóu","lǎn"
"cnwqi3381","primary","N","A","憾","憾","hàn","máng"
"cnwqi3382","primary","N","B","懈","懈","jī、qī","xiè"
"cnwqi3383","primary","N","A","窿","窿","lóng","bǎo"
"cnwqi3384","primary","N","B","壁","壁","xū","bì"
"cnwqi3385","primary","N","B","避","避","gū、gù","bì"
"cnwqi3386","primary","N","A","缰","缰","jiāng","zhà"
"cnwqi3387","primary","N","B","缴","缴","è","jiǎo、zhuó"
"cnwqi3388","primary","N","A","戴","戴","dài","fēi"
"cnwqi3389","primary","N","A","擦","擦","cā","yóu"
"cnwqi3390","primary","N","B","藉","藉","kē","jiè、jí"
"cnwqi3391","primary","N","B","鞠","鞠","lì","jū"
"cnwqi3392","primary","N","A","藏","藏","cáng、zàng","ruǎn、nèn"
"cnwqi3393","primary","N","A","藐","藐","miǎo","shàn"
"cnwqi3394","primary","N","A","檬","檬","méng","bù"
"cnwqi3395","primary","N","A","檐","檐","yán","bì"
"cnwqi3396","primary","N","A","檀","檀","tán","yīn"
"cnwqi3397","primary","N","B","礁","礁","cáo","jiāo"
"cnwqi3398","primary","N","B","磷","磷","shí","lín"
"cnwqi3399","primary","N","B","霜","霜","fū","shuāng"
"cnwqi3400","primary","N","A","霞","霞","xiá","duì"
"cnwqi3401","primary","N","B","瞭","瞭","jiáo、jué、jiào","liǎo、liào"
"cnwqi3402","primary","N","B","瞧","瞧","mài","qiáo"
"cnwqi3403","primary","N","A","瞬","瞬","shùn","zī"
"cnwqi3404","primary","N","B","瞳","瞳","jīn、jìn","tóng"
"cnwqi3405","primary","N","A","瞩","瞩","zhǔ","lào"
"cnwqi3406","primary","N","A","瞪","瞪","dèng","jū"
"cnwqi3407","primary","N","B","曙","曙","kē","shǔ"
"cnwqi3408","primary","N","B","蹋","蹋","jǐng、gěng","tà"
"cnwqi3409","primary","N","A","蹈","蹈","dǎo","huái"
"cnwqi3410","primary","N","A","螺","螺","luó","zào"
"cnwqi3411","primary","N","A","蟋","蟋","xī","gǒng"
"cnwqi3412","primary","N","A","蟀","蟀","shuài","tū"
"cnwqi3413","primary","N","A","嚎","嚎","háo","lì"
"cnwqi3414","primary","N","B","赡","赡","gāng","shàn"
"cnwqi3415","primary","N","A","穗","穗","suì","jié、jí"
"cnwqi3416","primary","N","B","魏","魏","zhé","wèi"
"cnwqi3417","primary","N","A","簧","簧","huáng","xiǎng"
"cnwqi3418","primary","N","A","簇","簇","cù","qiáo、qiào"
"cnwqi3419","primary","N","A","繁","繁","fán、pó","móu"
"cnwqi3420","primary","N","B","徽","徽","nù","huī"
"cnwqi3421","primary","N","B","爵","爵","yú","jué"
"cnwqi3422","primary","N","A","朦","朦","méng","náo"
"cnwqi3423","primary","N","B","臊","臊","shǎng","sāo、sào"
"cnwqi3424","primary","N","B","鳄","鳄","zī","è"
"cnwqi3425","primary","N","A","癌","癌","ái","xiāng"
"cnwqi3426","primary","N","A","辫","辫","biàn","xǐ"
"cnwqi3427","primary","N","B","赢","赢","shè、niè","yíng"
"cnwqi3428","primary","N","B","糟","糟","tiǎn","zāo"
"cnwqi3429","primary","N","A","糠","糠","kāng","xíng"
"cnwqi3430","primary","N","B","燥","燥","gá","zào"
"cnwqi3431","primary","N","B","懦","懦","chú","nuò"
"cnwqi3432","primary","N","A","豁","豁","huō、huò、huá","qiè、xì"
"cnwqi3433","primary","N","A","臀","臀","tún","lú"
"cnwqi3434","primary","N","A","臂","臂","bì、bei","lǚ"
"cnwqi3435","primary","N","A","翼","翼","yì","cǎi、cài"
"cnwqi3436","primary","N","B","骤","骤","cháo、zhāo","zhòu"
"cnwqi3437","primary","N","A","藕","藕","ǒu","hàn"
"cnwqi3438","primary","N","B","鞭","鞭","dīng","biān"
"cnwqi3439","primary","N","B","藤","藤","ráo","téng"
"cnwqi3440","primary","N","B","覆","覆","jī","fù"
"cnwqi3441","primary","N","A","瞻","瞻","zhān","yǎo"
"cnwqi3442","primary","N","B","蹦","蹦","lú","bèng"
"cnwqi3443","primary","N","B","嚣","嚣","dèng","xiāo"
"cnwqi3444","primary","N","A","镰","镰","lián","péi"
"cnwqi3445","primary","N","B","翻","翻","yīng","fān"
"cnwqi3446","primary","N","A","鳍","鳍","qí","yīng"
"cnwqi3447","primary","N","B","鹰","鹰","nī","yīng"
"cnwqi3448","primary","N","A","瀑","瀑","pù、bào","táo"
"cnwqi3449","primary","N","A","襟","襟","jīn","niè"
"cnwqi3450","primary","N","A","璧","璧","bì","duǒ"
"cnwqi3451","primary","N","B","戳","戳","cī、cì","chuō"
"cnwqi3452","primary","N","B","孽","孽","piāo、piǎo、piào","niè"
"cnwqi3453","primary","N","B","警","警","zì","jǐng"
"cnwqi3454","primary","N","B","蘑","蘑","yǎn","mó"
"cnwqi3455","primary","N","B","藻","藻","miǎn","zǎo"
"cnwqi3456","primary","N","A","攀","攀","pān","pài"
"cnwqi3457","primary","N","A","曝","曝","pù、bào","wéi"
"cnwqi3458","primary","N","A","蹲","蹲","dūn","bì"
"cnwqi3459","primary","N","A","蹭","蹭","cèng","fēn、fèn"
"cnwqi3460","primary","N","A","蹬","蹬","dēng","mǎ"
"cnwqi3461","primary","N","A","巅","巅","diān","lù"
"cnwqi3462","primary","N","B","簸","簸","xiāng","bò、bǒ"
"cnwqi3463","primary","N","B","簿","簿","dòng、tóng、tǒng","bù、bó"
"cnwqi3464","primary","N","A","蟹","蟹","xiè","shū"
"cnwqi3465","primary","N","A","颤","颤","chàn、zhàn","rěn"
"cnwqi3466","primary","N","A","靡","靡","mí、mǐ","bào"
"cnwqi3467","primary","N","B","癣","癣","kē","xuǎn"
"cnwqi3468","primary","N","B","瓣","瓣","niè","bàn"
"cnwqi3469","primary","N","B","羹","羹","rú","gēng"
"cnwqi3470","primary","N","B","鳖","鳖","mǐn","biē"
"cnwqi3471","primary","N","B","爆","爆","tì、yuè","bào"
"cnwqi3472","primary","N","A","疆","疆","jiāng、qiáng","wū"
"cnwqi3473","primary","N","A","鬓","鬓","bìn","bǔ"
"cnwqi3474","primary","N","B","壤","壤","xiǎn","rǎng"
"cnwqi3475","primary","N","A","馨","馨","xīn","téng"
"cnwqi3476","primary","N","A","耀","耀","yào","hóng"
"cnwqi3477","primary","N","B","躁","躁","gōng","zào"
"cnwqi3478","primary","N","B","蠕","蠕","lǎng","rú"
"cnwqi3479","primary","N","B","嚼","嚼","wǔ","jiáo、jué、jiào"
"cnwqi3480","primary","N","A","嚷","嚷","rǎng、rāng","fù"
"cnwqi3481","primary","N","B","巍","巍","yìn","wēi"
"cnwqi3482","primary","N","B","籍","籍","jùn、qū","jí"
"cnwqi3483","primary","N","B","鳞","鳞","lì","lín"
"cnwqi3484","primary","N","A","魔","魔","mó","chuán"
"cnwqi3485","primary","N","A","糯","糯","nuò","zōng"
"cnwqi3486","primary","N","A","灌","灌","guàn","chēn"
"cnwqi3487","primary","N","A","譬","譬","pì","èr"
"cnwqi3488","primary","N","B","蠢","蠢","bì","chǔn"
"cnwqi3489","primary","N","A","霸","霸","bà","qián"
"cnwqi3490","primary","N","B","露","露","zhì","lòu、lù"
"cnwqi3491","primary","N","A","霹","霹","pī","dòng"
"cnwqi3492","primary","N","A","躏","躏","lìn","jué"
"cnwqi3493","primary","N","A","黯","黯","àn","pǎng"
"cnwqi3494","primary","N","A","髓","髓","suǐ","jù"
"cnwqi3495","primary","N","B","赣","赣","hē","gàn"
"cnwqi3496","primary","N","A","囊","囊","náng、nāng","fǔ"
"cnwqi3497","primary","N","A","镶","镶","xiāng","zì"
"cnwqi3498","primary","N","B","瓤","瓤","yóu","ráng"
"cnwqi3499","primary","N","B","罐","罐","bǎn","guàn"
"cnwqi3500","primary","N","A","矗","矗","chù","qū、qǔ"
"cnwqi3501","junior","N","A","乂","乂","yì","bīng"
"cnwqi3502","junior","N","A","乜","乜","miē、niè","qì、qiè"
"cnwqi3503","junior","N","A","兀","兀","wù","wěi"
"cnwqi3504","junior","N","A","弋","弋","yì","zhǔ"
"cnwqi3505","junior","N","A","孑","孑","jié","pǔ"
"cnwqi3506","junior","N","A","孓","孓","jué","rú"
"cnwqi3507","junior","N","B","幺","幺","huāng","yāo"
"cnwqi3508","junior","N","A","亓","亓","qí","shāo"
"cnwqi3509","junior","N","B","韦","韦","cáo","wéi"
"cnwqi3510","junior","N","A","廿","廿","niàn","fán"
"cnwqi3511","junior","N","B","丏","丏","dān","miǎn"
"cnwqi3512","junior","N","B","卅","卅","huán、xuān、qióng","sà"
"cnwqi3513","junior","N","B","仄","仄","mān、màn","zè"
"cnwqi3514","junior","N","A","厄","厄","è","hù"
"cnwqi3515","junior","N","A","仃","仃","dīng","suō"
"cnwqi3516","junior","N","A","仉","仉","zhǎng","zhuō"
"cnwqi3517","junior","N","A","仂","仂","lè","pō"
"cnwqi3518","junior","N","A","兮","兮","xī","jǔ"
"cnwqi3519","junior","N","B","刈","刈","tǔ、tù","yì"
"cnwqi3520","junior","N","B","爻","爻","hé","yáo"
"cnwqi3521","junior","N","A","卞","卞","biàn","shēn、xīn"
"cnwqi3522","junior","N","B","闩","闩","chè","shuān"
"cnwqi3523","junior","N","A","讣","讣","fù","chāng"
"cnwqi3524","junior","N","A","尹","尹","yǐn","tāo"
"cnwqi3525","junior","N","A","夬","夬","guài","è"
"cnwqi3526","junior","N","A","爿","爿","pán","tú"
"cnwqi3527","junior","N","B","毋","毋","fù","wú"
"cnwqi3528","junior","N","B","邗","邗","guǎn","hán"
"cnwqi3529","junior","N","A","邛","邛","qióng","piàn"
"cnwqi3530","junior","N","B","艽","艽","zhāng","jiāo、qiú"
"cnwqi3531","junior","N","A","艿","艿","nǎi","zōng"
"cnwqi3532","junior","N","B","札","札","jiàn","zhá"
"cnwqi3533","junior","N","B","叵","叵","lè、lēi","pǒ"
"cnwqi3534","junior","N","A","匝","匝","zā","qí"
"cnwqi3535","junior","N","A","丕","丕","pī","yǐ"
"cnwqi3536","junior","N","B","匜","匜","jiù","yí"
"cnwqi3537","junior","N","B","劢","劢","dōu、dū","mài"
"cnwqi3538","junior","N","A","卟","卟","bǔ","xiǔ"
"cnwqi3539","junior","N","B","叱","叱","zōu","chì"
"cnwqi3540","junior","N","B","叻","叻","lì","lè"
"cnwqi3541","junior","N","A","仨","仨","sā","xù"
"cnwqi3542","junior","N","B","仕","仕","áo","shì"
"cnwqi3543","junior","N","A","仟","仟","qiān","duó"
"cnwqi3544","junior","N","A","仡","仡","yì、gē","zhǔ"
"cnwqi3545","junior","N","B","仫","仫","shāi","mù"
"cnwqi3546","junior","N","B","仞","仞","sè","rèn"
"cnwqi3547","junior","N","A","卮","卮","zhī","zhí"
"cnwqi3548","junior","N","B","氐","氐","jiàn、jiān","dī、dǐ"
"cnwqi3549","junior","N","A","犰","犰","qiú","mèi"
"cnwqi3550","junior","N","A","刍","刍","chú","jìng"
"cnwqi3551","junior","N","A","邝","邝","kuàng","lǎng"
"cnwqi3552","junior","N","B","邙","邙","qiū","máng"
"cnwqi3553","junior","N","A","汀","汀","tīng","sǒng"
"cnwqi3554","junior","N","A","讦","讦","jié","jì"
"cnwqi3555","junior","N","B","讧","讧","lū","hòng"
"cnwqi3556","junior","N","A","讪","讪","shàn","shǔ"
"cnwqi3557","junior","N","A","讫","讫","qì","hào"
"cnwqi3558","junior","N","B","尻","尻","zī","kāo"
"cnwqi3559","junior","N","B","阡","阡","jùn","qiān"
"cnwqi3560","junior","N","B","尕","尕","hè","gǎ"
"cnwqi3561","junior","N","B","弁","弁","yù","biàn"
"cnwqi3562","junior","N","B","驭","驭","huáng","yù"
"cnwqi3563","junior","N","A","匡","匡","kuāng","mǐ"
"cnwqi3564","junior","N","B","耒","耒","fēng","lěi"
"cnwqi3565","junior","N","B","玎","玎","xiū","dīng"
"cnwqi3566","junior","N","A","玑","玑","jī","piàn"
"cnwqi3567","junior","N","A","邢","邢","xíng","jī"
"cnwqi3568","junior","N","A","圩","圩","xū、wéi","qiàn"
"cnwqi3569","junior","N","B","圬","圬","rèn","wū"
"cnwqi3570","junior","N","B","圭","圭","zhī、qí","guī"
"cnwqi3571","junior","N","B","扦","扦","miǎn","qiān"
"cnwqi3572","junior","N","A","圪","圪","gē","guō"
"cnwqi3573","junior","N","A","圳","圳","zhèn","gāi"
"cnwqi3574","junior","N","A","圹","圹","kuàng","è"
"cnwqi3575","junior","N","A","扪","扪","mén","pàn"
"cnwqi3576","junior","N","A","圮","圮","pǐ","cù"
"cnwqi3577","junior","N","B","圯","圯","zhì","yí"
"cnwqi3578","junior","N","A","芊","芊","qiān","zhì"
"cnwqi3579","junior","N","A","芍","芍","sháo","jì"
"cnwqi3580","junior","N","B","芄","芄","zī","wán"
"cnwqi3581","junior","N","A","芨","芨","jī","mú"
"cnwqi3582","junior","N","A","芑","芑","qǐ","xǔ"
"cnwqi3583","junior","N","A","芎","芎","xiōng","fēng"
"cnwqi3584","junior","N","B","芗","芗","ān","xiāng"
"cnwqi3585","junior","N","A","亘","亘","gèn","wǎn、yuān"
"cnwqi3586","junior","N","B","厍","厍","xuē","shè"
"cnwqi3587","junior","N","A","夼","夼","kuǎng","xuǎn、xuān"
"cnwqi3588","junior","N","A","戍","戍","shù","hǎn"
"cnwqi3589","junior","N","B","尥","尥","jiā、jia、jie","liào"
"cnwqi3590","junior","N","A","乩","乩","jī","zhuān"
"cnwqi3591","junior","N","A","旯","旯","lá","miǎo"
"cnwqi3592","junior","N","B","曳","曳","ài、yì","yè"
"cnwqi3593","junior","N","A","岌","岌","jí","zhù、zhuó、zhe"
"cnwqi3594","junior","N","B","屺","屺","xiē","qǐ"
"cnwqi3595","junior","N","A","凼","凼","dàng","liú"
"cnwqi3596","junior","N","A","囡","囡","nān","xún、huán"
"cnwqi3597","junior","N","B","钇","钇","xì","yǐ"
"cnwqi3598","junior","N","A","缶","缶","fǒu","ráo、rǎo"
"cnwqi3599","junior","N","B","氘","氘","zhōu","dāo"
"cnwqi3600","junior","N","A","氖","氖","nǎi","liú"
"cnwqi3601","junior","N","A","牝","牝","pìn","zhì"
"cnwqi3602","junior","N","A","伎","伎","jì、qí","rén、rèn"
"cnwqi3603","junior","N","B","伛","伛","xuān","yǔ"
"cnwqi3604","junior","N","B","伢","伢","ōu","yá"
"cnwqi3605","junior","N","A","佤","佤","wǎ","ruì"
"cnwqi3606","junior","N","A","仵","仵","wǔ","qǐ"
"cnwqi3607","junior","N","B","伥","伥","huì","chāng"
"cnwqi3608","junior","N","B","伧","伧","jù","cāng、chen"
"cnwqi3609","junior","N","A","伉","伉","kàng","lèng"
"cnwqi3610","junior","N","B","伫","伫","chè","zhù"
"cnwqi3611","junior","N","A","囟","囟","xìn","dēng"
"cnwqi3612","junior","N","A","汆","汆","cuān","zēng"
"cnwqi3613","junior","N","A","刖","刖","yuè","què"
"cnwqi3614","junior","N","A","夙","夙","sù","jiān"
"cnwqi3615","junior","N","A","旮","旮","gā","huǒ"
"cnwqi3616","junior","N","A","刎","刎","wěn","kuí"
"cnwqi3617","junior","N","A","犷","犷","guǎng","lái"
"cnwqi3618","junior","N","B","犸","犸","jū","mǎ"
"cnwqi3619","junior","N","A","舛","舛","chuǎn","mào"
"cnwqi3620","junior","N","A","凫","凫","fú","xīng"
"cnwqi3621","junior","N","A","邬","邬","wū","làng、liáng"
"cnwqi3622","junior","N","B","饧","饧","lǐ","xíng"
"cnwqi3623","junior","N","A","汕","汕","shàn","biāo"
"cnwqi3624","junior","N","A","汔","汔","qì","wú"
"cnwqi3625","junior","N","A","汐","汐","xī","liú"
"cnwqi3626","junior","N","A","汲","汲","jí","huò"
"cnwqi3627","junior","N","B","汜","汜","dāng、chēng","sì"
"cnwqi3628","junior","N","B","汊","汊","yàn","chà"
"cnwqi3629","junior","N","B","忖","忖","jué","cǔn"
"cnwqi3630","junior","N","B","忏","忏","hǔ","chàn"
"cnwqi3631","junior","N","B","讴","讴","shì","ōu"
"cnwqi3632","junior","N","A","讵","讵","jù","gǔ"
"cnwqi3633","junior","N","B","祁","祁","qì","qí"
"cnwqi3634","junior","N","B","讷","讷","yǐ、chì","nè"
"cnwqi3635","junior","N","B","聿","聿","wù","yù"
"cnwqi3636","junior","N","A","艮","艮","gěn、gèn","yān"
"cnwqi3637","junior","N","B","厾","厾","ní","dū"
"cnwqi3638","junior","N","B","阱","阱","bào、páo","jǐng"
"cnwqi3639","junior","N","A","阮","阮","ruǎn","huī"
"cnwqi3640","junior","N","B","阪","阪","sù","bǎn"
"cnwqi3641","junior","N","A","丞","丞","chéng","yà、jiá、qiè"
"cnwqi3642","junior","N","B","妁","妁","gǔ","shuò"
"cnwqi3643","junior","N","B","牟","牟","huò","móu、mù"
"cnwqi3644","junior","N","B","纡","纡","páng、bàng","yū"
"cnwqi3645","junior","N","A","纣","纣","zhòu","jǔ"
"cnwqi3646","junior","N","A","纥","纥","hé、gē","bì"
"cnwqi3647","junior","N","B","纨","纨","liáng","wán"
"cnwqi3648","junior","N","A","玕","玕","gān","lián"
"cnwqi3649","junior","N","B","玙","玙","tā","yú"
"cnwqi3650","junior","N","B","抟","抟","niǔ、chǒu","tuán"
"cnwqi3651","junior","N","B","抔","抔","hán","póu"
"cnwqi3652","junior","N","A","圻","圻","qí、yín","lǜ"
"cnwqi3653","junior","N","A","坂","坂","bǎn","chóu、dào"
"cnwqi3654","junior","N","A","坍","坍","tān","bào、bō"
"cnwqi3655","junior","N","A","坞","坞","wù","zī"
"cnwqi3656","junior","N","B","抃","抃","liú","biàn"
"cnwqi3657","junior","N","B","抉","抉","jī","jué"
"cnwqi3658","junior","N","A","㧐","㧐","sǒng","jué、xué"
"cnwqi3659","junior","N","A","芫","芫","yán、yuán","bì"
"cnwqi3660","junior","N","B","邯","邯","jí","hán"
"cnwqi3661","junior","N","B","芸","芸","wén","yún"
"cnwqi3662","junior","N","B","芾","芾","hū","fèi、fú"
"cnwqi3663","junior","N","B","苈","苈","guō","lì"
"cnwqi3664","junior","N","A","苣","苣","jù、qǔ","xiāng"
"cnwqi3665","junior","N","A","芷","芷","zhǐ","zhǎo、zhuǎ"
"cnwqi3666","junior","N","A","芮","芮","ruì","chǎng"
"cnwqi3667","junior","N","A","苋","苋","xiàn","kē、kè"
"cnwqi3668","junior","N","A","芼","芼","máo、mào","zhuō"
"cnwqi3669","junior","N","B","苌","苌","fèi","cháng"
"cnwqi3670","junior","N","A","苁","苁","cōng","biàn"
"cnwqi3671","junior","N","A","芩","芩","qín","hù"
"cnwqi3672","junior","N","B","芪","芪","cáo","qí"
"cnwqi3673","junior","N","B","芡","芡","gé","qiàn"
"cnwqi3674","junior","N","A","芟","芟","shān","zhì、chóu、shì"
"cnwqi3675","junior","N","A","苄","苄","biàn","yì"
"cnwqi3676","junior","N","B","苎","苎","kū","zhù"
"cnwqi3677","junior","N","A","苡","苡","yǐ","bó、bà"
"cnwqi3678","junior","N","A","杌","杌","wù","gāng"
"cnwqi3679","junior","N","B","杓","杓","niǎn","sháo、biāo"
"cnwqi3680","junior","N","B","杞","杞","niǎo","qǐ"
"cnwqi3681","junior","N","B","杈","杈","xiàn","chā、chà"
"cnwqi3682","junior","N","B","忑","忑","bō","tè"
"cnwqi3683","junior","N","B","孛","孛","bǒ","bèi"
"cnwqi3684","junior","N","B","邴","邴","yáng","bǐng"
"cnwqi3685","junior","N","A","邳","邳","pī","huǒ"
"cnwqi3686","junior","N","A","矶","矶","jī","diàn"
"cnwqi3687","junior","N","A","奁","奁","lián","fù"
"cnwqi3688","junior","N","A","豕","豕","shǐ","bī"
"cnwqi3689","junior","N","B","忒","忒","tūn","tè、tuī"
"cnwqi3690","junior","N","B","欤","欤","huà","yú"
"cnwqi3691","junior","N","A","轫","轫","rèn","zì"
"cnwqi3692","junior","N","B","迓","迓","sǎo","yà"
"cnwqi3693","junior","N","A","邶","邶","bèi","tóng、dòng"
"cnwqi3694","junior","N","A","忐","忐","tǎn","zhù、zhú"
"cnwqi3695","junior","N","A","卣","卣","yǒu","chéng"
"cnwqi3696","junior","N","B","邺","邺","sè","yè"
"cnwqi3697","junior","N","A","旰","旰","gàn、hàn","dì"
"cnwqi3698","junior","N","B","呋","呋","jiá","fū"
"cnwqi3699","junior","N","B","呒","呒","jī","fǔ"
"cnwqi3700","junior","N","A","呓","呓","yì","zhé"
"cnwqi3701","junior","N","A","呔","呔","dāi","hàn"
"cnwqi3702","junior","N","B","呖","呖","fū","lì"
"cnwqi3703","junior","N","A","呃","呃","è、e","qì"
"cnwqi3704","junior","N","B","旸","旸","yūn","yáng"
"cnwqi3705","junior","N","A","吡","吡","pǐ、bǐ","wǎn、yuān"
"cnwqi3706","junior","N","B","町","町","tóng","tǐng、dīng"
"cnwqi3707","junior","N","A","虬","虬","qiú","líng"
"cnwqi3708","junior","N","B","呗","呗","gé","bei、bài"
"cnwqi3709","junior","N","B","吽","吽","pàng、pán、pàn","hǒu、hōng、ōu"
"cnwqi3710","junior","N","B","吣","吣","gèn","qìn"
"cnwqi3711","junior","N","B","吲","吲","zhí","yǐn、shěn"
"cnwqi3712","junior","N","A","帏","帏","wéi","dū"
"cnwqi3713","junior","N","A","岐","岐","qí","pí"
"cnwqi3714","junior","N","A","岈","岈","yá","shù"
"cnwqi3715","junior","N","B","岘","岘","sǎo、sào","xiàn"
"cnwqi3716","junior","N","B","岑","岑","yì","cén"
"cnwqi3717","junior","N","A","岚","岚","lán","lǎng"
"cnwqi3718","junior","N","A","兕","兕","sì","zhǎn"
"cnwqi3719","junior","N","B","囵","囵","yǎng","lún"
"cnwqi3720","junior","N","B","囫","囫","tóng","hú"
"cnwqi3721","junior","N","B","钊","钊","biāo","zhāo"
"cnwqi3722","junior","N","A","钋","钋","pō","shuò"
"cnwqi3723","junior","N","A","钌","钌","liǎo、liào","jiǎn"
"cnwqi3724","junior","N","B","迕","迕","xiōng","wǔ"
"cnwqi3725","junior","N","B","氙","氙","zhūn、chún","xiān"
"cnwqi3726","junior","N","A","氚","氚","chuān","láo"
"cnwqi3727","junior","N","B","牤","牤","yìn、xūn","māng"
"cnwqi3728","junior","N","B","佞","佞","kǔn","nìng"
"cnwqi3729","junior","N","A","邱","邱","qiū","zhuàn"
"cnwqi3730","junior","N","A","攸","攸","yōu","gé"
"cnwqi3731","junior","N","A","佚","佚","yì、dié","kàng"
"cnwqi3732","junior","N","B","佝","佝","jiǎo","gōu、kòu"
"cnwqi3733","junior","N","A","佟","佟","tóng","dǎi、dài"
"cnwqi3734","junior","N","A","佗","佗","tuó","zuò"
"cnwqi3735","junior","N","A","伽","伽","jiā、qié、gā","tài"
"cnwqi3736","junior","N","B","彷","彷","tǐng","páng、fǎng"
"cnwqi3737","junior","N","B","佘","佘","dì、tí","shé"
"cnwqi3738","junior","N","B","佥","佥","chú","qiān"
"cnwqi3739","junior","N","B","孚","孚","shú","fú"
"cnwqi3740","junior","N","B","豸","豸","zhān、shàn","zhài、zhì"
"cnwqi3741","junior","N","A","坌","坌","bèn","qià"
"cnwqi3742","junior","N","A","肟","肟","wò","wǔ"
"cnwqi3743","junior","N","B","邸","邸","jiāng","dǐ"
"cnwqi3744","junior","N","B","奂","奂","jìn","huàn"
"cnwqi3745","junior","N","B","劬","劬","chí","qú"
"cnwqi3746","junior","N","B","狄","狄","yān","dí"
"cnwqi3747","junior","N","B","狁","狁","wù","yǔn"
"cnwqi3748","junior","N","A","鸠","鸠","jiū","yīng"
"cnwqi3749","junior","N","A","邹","邹","zōu","bèi"
"cnwqi3750","junior","N","A","饨","饨","tún","fán"
"cnwqi3751","junior","N","A","饩","饩","xì","wèn"
"cnwqi3752","junior","N","B","饪","饪","fēng","rèn"
"cnwqi3753","junior","N","B","饫","饫","liǔ","yù"
"cnwqi3754","junior","N","B","饬","饬","hù","chì"
"cnwqi3755","junior","N","B","亨","亨","luán","hēng、pēng"
"cnwqi3756","junior","N","A","庑","庑","wǔ","chě"
"cnwqi3757","junior","N","A","庋","庋","guǐ","dāng"
"cnwqi3758","junior","N","B","疔","疔","dié、yì","dīng"
"cnwqi3759","junior","N","A","疖","疖","jiē","chuāng"
"cnwqi3760","junior","N","B","肓","肓","tǐng、dìng","huāng"
"cnwqi3761","junior","N","A","闱","闱","wéi","guàn"
"cnwqi3762","junior","N","B","闳","闳","chēn","hóng"
"cnwqi3763","junior","N","A","闵","闵","mǐn","hé"
"cnwqi3764","junior","N","B","羌","羌","fū","qiāng"
"cnwqi3765","junior","N","B","炀","炀","zuì","yáng"
"cnwqi3766","junior","N","B","沣","沣","shā、shān","fēng"
"cnwqi3767","junior","N","B","沅","沅","wěi","yuán"
"cnwqi3768","junior","N","B","沔","沔","jí","miǎn"
"cnwqi3769","junior","N","A","沤","沤","òu、ōu","tào"
"cnwqi3770","junior","N","B","沌","沌","qú、xù、chǔn","dùn、zhuàn"
"cnwqi3771","junior","N","B","沏","沏","sǐ","qī"
"cnwqi3772","junior","N","A","沚","沚","zhǐ","líng"
"cnwqi3773","junior","N","A","汩","汩","gǔ、yù","gū"
"cnwqi3774","junior","N","A","汨","汨","mì","yù"
"cnwqi3775","junior","N","A","沂","沂","yí","yāo"
"cnwqi3776","junior","N","A","汾","汾","fén","rào"
"cnwqi3777","junior","N","B","沨","沨","yǒng","fēng"
"cnwqi3778","junior","N","A","汴","汴","biàn","yì"
"cnwqi3779","junior","N","A","汶","汶","wèn、mén","guì"
"cnwqi3780","junior","N","B","沆","沆","huí","hàng"
"cnwqi3781","junior","N","A","沩","沩","wéi","wò"
"cnwqi3782","junior","N","B","泐","泐","dàn","lè"
"cnwqi3783","junior","N","A","怃","怃","wǔ","huì"
"cnwqi3784","junior","N","A","怄","怄","òu","yá"
"cnwqi3785","junior","N","A","忡","忡","chōng","ōu、qū"
"cnwqi3786","junior","N","A","忤","忤","wǔ","xī"
"cnwqi3787","junior","N","B","忾","忾","biāo","kài、xì"
"cnwqi3788","junior","N","A","怅","怅","chàng","kāi"
"cnwqi3789","junior","N","A","忻","忻","xīn","shù"
"cnwqi3790","junior","N","B","忪","忪","huáng","sōng、zhōng"
"cnwqi3791","junior","N","A","怆","怆","chuàng","yín、xún"
"cnwqi3792","junior","N","A","忭","忭","biàn","yǔ"
"cnwqi3793","junior","N","B","忸","忸","zhì","niǔ"
"cnwqi3794","junior","N","B","诂","诂","yá","gǔ"
"cnwqi3795","junior","N","A","诃","诃","hē","diān"
"cnwqi3796","junior","N","B","诅","诅","diǎn","zǔ"
"cnwqi3797","junior","N","A","诋","诋","dǐ","kē"
"cnwqi3798","junior","N","A","诌","诌","zhōu","chēng"
"cnwqi3799","junior","N","A","诏","诏","zhào","xiá"
"cnwqi3800","junior","N","A","诒","诒","yí、dài","gài"
"cnwqi3801","junior","N","B","孜","孜","qiáng","zī"
"cnwqi3802","junior","N","A","陇","陇","lǒng","xù"
"cnwqi3803","junior","N","B","陀","陀","bì","tuó"
"cnwqi3804","junior","N","A","陂","陂","bēi、pí、pō","bàn"
"cnwqi3805","junior","N","B","陉","陉","kǎi","xíng"
"cnwqi3806","junior","N","A","妍","妍","yán","fén"
"cnwqi3807","junior","N","B","妩","妩","tán","wǔ"
"cnwqi3808","junior","N","B","妪","妪","zhàng","yù"
"cnwqi3809","junior","N","A","妣","妣","bǐ","móu、mù"
"cnwqi3810","junior","N","A","妊","妊","rèn","yù"
"cnwqi3811","junior","N","B","妗","妗","shā","jìn"
"cnwqi3812","junior","N","A","妫","妫","guī","zhuó"
"cnwqi3813","junior","N","B","妞","妞","qǐn","niū"
"cnwqi3814","junior","N","B","姒","姒","xiá","sì"
"cnwqi3815","junior","N","B","妤","妤","bǐ","yú"
"cnwqi3816","junior","N","B","邵","邵","tán","shào"
"cnwqi3817","junior","N","B","劭","劭","niàng","shào"
"cnwqi3818","junior","N","B","刭","刭","jiù","jǐng"
"cnwqi3819","junior","N","A","甬","甬","yǒng","shǔn"
"cnwqi3820","junior","N","A","邰","邰","tái","lǒu"
"cnwqi3821","junior","N","B","纭","纭","dié","yún"
"cnwqi3822","junior","N","B","纰","纰","pò","pī、pí、bǐ"
"cnwqi3823","junior","N","A","纴","纴","rèn","yōng"
"cnwqi3824","junior","N","A","纶","纶","lún、guān","jì"
"cnwqi3825","junior","N","B","纾","纾","hāo","shū"
"cnwqi3826","junior","N","A","玮","玮","wěi","shàng、shǎng"
"cnwqi3827","junior","N","A","玡","玡","yá","qu、xū"
"cnwqi3828","junior","N","B","玭","玭","xún","pín"
"cnwqi3829","junior","N","B","玠","玠","yì","jiè"
"cnwqi3830","junior","N","A","玢","玢","bīn、fēn","mào"
"cnwqi3831","junior","N","B","玥","玥","zhuó","yuè"
"cnwqi3832","junior","N","B","玦","玦","zào","jué"
"cnwqi3833","junior","N","B","盂","盂","zǔ","yú"
"cnwqi3834","junior","N","B","忝","忝","yān","tiǎn"
"cnwqi3835","junior","N","B","匦","匦","bà、ba、pí","guǐ"
"cnwqi3836","junior","N","A","坩","坩","gān","shí"
"cnwqi3837","junior","N","A","抨","抨","pēng","mài"
"cnwqi3838","junior","N","B","拤","拤","yáng","qiá"
"cnwqi3839","junior","N","A","坫","坫","diàn","yīn"
"cnwqi3840","junior","N","A","拈","拈","niān","xiān"
"cnwqi3841","junior","N","A","垆","垆","lú","jiāng、jiàng"
"cnwqi3842","junior","N","B","抻","抻","chī","chēn"
"cnwqi3843","junior","N","A","劼","劼","jié","lán"
"cnwqi3844","junior","N","A","拃","拃","zhǎ","xiān"
"cnwqi3845","junior","N","A","拊","拊","fǔ","nà、nǎ、nèi、nā"
"cnwqi3846","junior","N","B","坼","坼","jiào","chè"
"cnwqi3847","junior","N","B","坻","坻","yì","dǐ、chí"
"cnwqi3848","junior","N","B","㧟","㧟","yà","kuǎi"
"cnwqi3849","junior","N","B","坨","坨","léi","tuó"
"cnwqi3850","junior","N","A","坭","坭","ní","bì"
"cnwqi3851","junior","N","A","抿","抿","mǐn","jī"
"cnwqi3852","junior","N","B","坳","坳","tuǐ","ào"
"cnwqi3853","junior","N","A","耶","耶","yé、yē","diāo"
"cnwqi3854","junior","N","B","苷","苷","fú、piǎo","gān"
"cnwqi3855","junior","N","A","苯","苯","běn","qiè"
"cnwqi3856","junior","N","A","苤","苤","piě","diàn、tián、shèng"
"cnwqi3857","junior","N","A","茏","茏","lóng","bàng"
"cnwqi3858","junior","N","B","苫","苫","jiàng","shān、shàn"
"cnwqi3859","junior","N","B","苜","苜","jǐ","mù"
"cnwqi3860","junior","N","B","苴","苴","chà、shā","jū、chá"
"cnwqi3861","junior","N","B","苒","苒","cè、zè、zhāi","rǎn"
"cnwqi3862","junior","N","B","苘","苘","méi、mò","qǐng"
"cnwqi3863","junior","N","A","茌","茌","chí","fǎn"
"cnwqi3864","junior","N","A","苻","苻","fú","shǐ"
"cnwqi3865","junior","N","A","苓","苓","líng","quán"
"cnwqi3866","junior","N","A","茚","茚","yìn","guàn"
"cnwqi3867","junior","N","A","茆","茆","máo","zhēn"
"cnwqi3868","junior","N","B","茑","茑","wò","niǎo"
"cnwqi3869","junior","N","B","茓","茓","bìng、bīng","xué"
"cnwqi3870","junior","N","B","茔","茔","shǐ","yíng"
"cnwqi3871","junior","N","A","茕","茕","qióng","sā"
"cnwqi3872","junior","N","B","茀","茀","fàn","fú"
"cnwqi3873","junior","N","B","苕","苕","lán","tiáo、sháo"
"cnwqi3874","junior","N","B","枥","枥","niān","lì"
"cnwqi3875","junior","N","B","枇","枇","hóu、hòu","pí"
"cnwqi3876","junior","N","A","杪","杪","miǎo","réng"
"cnwqi3877","junior","N","A","杳","杳","yǎo","chēng"
"cnwqi3878","junior","N","B","枧","枧","mào","jiǎn"
"cnwqi3879","junior","N","A","杵","杵","chǔ","měng"
"cnwqi3880","junior","N","B","枨","枨","zhǐ","chéng"
"cnwqi3881","junior","N","B","枞","枞","gài","cōng、zōng"
"cnwqi3882","junior","N","B","枋","枋","xùn","fāng、bìng"
"cnwqi3883","junior","N","A","杻","杻","niǔ、chǒu","zhǒu"
"cnwqi3884","junior","N","A","杷","杷","pá","gù"
"cnwqi3885","junior","N","B","杼","杼","cōng、zōng","zhù"
"cnwqi3886","junior","N","B","矸","矸","mù","gān"
"cnwqi3887","junior","N","B","砀","砀","héng、háng","dàng"
"cnwqi3888","junior","N","A","刳","刳","kū","qū"
"cnwqi3889","junior","N","B","奄","奄","liǎn","yǎn、yān"
"cnwqi3890","junior","N","A","瓯","瓯","ōu","zèng"
"cnwqi3891","junior","N","B","殁","殁","huì","mò"
"cnwqi3892","junior","N","B","郏","郏","zhì、shì","jiá"
"cnwqi3893","junior","N","A","轭","轭","è","chán、chàn"
"cnwqi3894","junior","N","A","郅","郅","zhì","xiāo"
"cnwqi3895","junior","N","A","鸢","鸢","yuān","niē"
"cnwqi3896","junior","N","B","盱","盱","kǎi、jiē","xū"
"cnwqi3897","junior","N","A","昊","昊","hào","shēn"
"cnwqi3898","junior","N","B","昙","昙","lāng","tán"
"cnwqi3899","junior","N","B","杲","杲","hán","gǎo"
"cnwqi3900","junior","N","B","昃","昃","yáng","zè"
"cnwqi3901","junior","N","A","咂","咂","zā","qīn、qìng"
"cnwqi3902","junior","N","B","呸","呸","chéng、dèng、zhèng","pēi"
"cnwqi3903","junior","N","B","昕","昕","huò","xīn"
"cnwqi3904","junior","N","B","昀","昀","jù","yún"
"cnwqi3905","junior","N","B","旻","旻","jí","mín"
"cnwqi3906","junior","N","B","昉","昉","liáo","fǎng"
"cnwqi3907","junior","N","B","炅","炅","cháo、zhāo","guì、jiǒng"
"cnwqi3908","junior","N","A","咔","咔","kā、kǎ","liàng"
"cnwqi3909","junior","N","B","畀","畀","ān","bì"
"cnwqi3910","junior","N","A","虮","虮","jǐ","kuǎ"
"cnwqi3911","junior","N","B","咀","咀","huàn","jǔ、zuǐ"
"cnwqi3912","junior","N","B","呷","呷","shèng","xiā"
"cnwqi3913","junior","N","A","黾","黾","mǐn、miǎn、měng","yì"
"cnwqi3914","junior","N","B","呱","呱","zhuō","guā、gū、guǎ"
"cnwqi3915","junior","N","B","呤","呤","máo","líng"
"cnwqi3916","junior","N","B","咚","咚","yún","dōng"
"cnwqi3917","junior","N","A","咆","咆","páo","miǎn"
"cnwqi3918","junior","N","A","咛","咛","níng","shēn"
"cnwqi3919","junior","N","A","呶","呶","náo","xí"
"cnwqi3920","junior","N","A","呣","呣","móu","kuǐ"
"cnwqi3921","junior","N","A","呦","呦","yōu","xūn"
"cnwqi3922","junior","N","A","咝","咝","sī","rùn"
"cnwqi3923","junior","N","B","岢","岢","xuān","kě"
"cnwqi3924","junior","N","B","岿","岿","biāo、piào","kuī"
"cnwqi3925","junior","N","A","岬","岬","jiǎ","chāo"
"cnwqi3926","junior","N","A","岫","岫","xiù","xī"
"cnwqi3927","junior","N","A","帙","帙","zhì","zǎng"
"cnwqi3928","junior","N","A","岣","岣","gǒu","pēi"
"cnwqi3929","junior","N","B","峁","峁","nèn、nín","mǎo"
"cnwqi3930","junior","N","A","刿","刿","guì","cāng"
"cnwqi3931","junior","N","B","迥","迥","lí","jiǒng"
"cnwqi3932","junior","N","A","岷","岷","mín","huán"
"cnwqi3933","junior","N","B","剀","剀","yào、yāo","kǎi"
"cnwqi3934","junior","N","B","帔","帔","yí、tí","pèi"
"cnwqi3935","junior","N","B","峄","峄","fǔ","yì"
"cnwqi3936","junior","N","B","沓","沓","chéng","tà、dá"
"cnwqi3937","junior","N","A","囹","囹","líng","jiàn"
"cnwqi3938","junior","N","B","罔","罔","xiāo","wǎng"
"cnwqi3939","junior","N","A","钍","钍","tǔ","hù"
"cnwqi3940","junior","N","A","钎","钎","qiān","yǎ"
"cnwqi3941","junior","N","B","钏","钏","sào、sǎo","chuàn"
"cnwqi3942","junior","N","B","钒","钒","bā","fán"
"cnwqi3943","junior","N","A","钕","钕","nǚ","fěi、fēi"
"cnwqi3944","junior","N","B","钗","钗","dǒu、dòu","chāi"
"cnwqi3945","junior","N","B","邾","邾","huī","zhū"
"cnwqi3946","junior","N","B","迮","迮","kuí","zé"
"cnwqi3947","junior","N","B","牦","牦","wān","máo"
"cnwqi3948","junior","N","A","竺","竺","zhú、dǔ","yán"
"cnwqi3949","junior","N","B","迤","迤","yuàn","yǐ、yí"
"cnwqi3950","junior","N","A","佶","佶","jí","jiān"
"cnwqi3951","junior","N","A","佬","佬","lǎo","sàn、sǎn"
"cnwqi3952","junior","N","A","佰","佰","bǎi","xiā"
"cnwqi3953","junior","N","B","侑","侑","qiāng、qiàng","yòu"
"cnwqi3954","junior","N","A","侉","侉","kuǎ","tīng"
"cnwqi3955","junior","N","B","臾","臾","mǎo","yú"
"cnwqi3956","junior","N","A","岱","岱","dài","biàn"
"cnwqi3957","junior","N","A","侗","侗","dòng、tóng、tǒng","bīn"
"cnwqi3958","junior","N","B","侃","侃","jǐng","kǎn"
"cnwqi3959","junior","N","A","侏","侏","zhū","yíng"
"cnwqi3960","junior","N","A","侩","侩","kuài","yí"
"cnwqi3961","junior","N","B","佻","佻","wǎng","tiāo"
"cnwqi3962","junior","N","B","佾","佾","yǒu","yì"
"cnwqi3963","junior","N","A","侪","侪","chái","xù"
"cnwqi3964","junior","N","A","佼","佼","jiǎo","wěi"
"cnwqi3965","junior","N","A","佯","佯","yáng","yí"
"cnwqi3966","junior","N","A","侬","侬","nóng","gǎn"
"cnwqi3967","junior","N","A","帛","帛","bó","chǎn"
"cnwqi3968","junior","N","A","阜","阜","fù","chuài"
"cnwqi3969","junior","N","A","侔","侔","móu","qín"
"cnwqi3970","junior","N","B","徂","徂","qí、jī","cú"
"cnwqi3971","junior","N","A","刽","刽","guì","shēn"
"cnwqi3972","junior","N","A","郄","郄","qiè、xì","gē、gé"
"cnwqi3973","junior","N","B","怂","怂","guàn","sǒng"
"cnwqi3974","junior","N","A","籴","籴","dí","qiǎng、qiāng、chēng"
"cnwqi3975","junior","N","A","瓮","瓮","wèng","hān"
"cnwqi3976","junior","N","B","戗","戗","bīn","qiāng、qiàng"
"cnwqi3977","junior","N","B","肼","肼","qiū","jǐng"
"cnwqi3978","junior","N","A","䏝","䏝","zhuān","tī"
"cnwqi3979","junior","N","B","肽","肽","mián","tài"
"cnwqi3980","junior","N","B","肱","肱","guàn","gōng"
"cnwqi3981","junior","N","B","肫","肫","nì","zhūn、chún"
"cnwqi3982","junior","N","B","剁","剁","xǐ","duò"
"cnwqi3983","junior","N","B","迩","迩","sǎn","ěr"
"cnwqi3984","junior","N","A","郇","郇","xún、huán","duō"
"cnwqi3985","junior","N","A","狙","狙","jū","zhì"
"cnwqi3986","junior","N","A","狎","狎","xiá","lěi"
"cnwqi3987","junior","N","B","狍","狍","yóu","páo"
"cnwqi3988","junior","N","B","狒","狒","kài","fèi"
"cnwqi3989","junior","N","A","咎","咎","jiù","xiū"
"cnwqi3990","junior","N","B","炙","炙","pāo、pào","zhì"
"cnwqi3991","junior","N","B","枭","枭","liáng","xiāo"
"cnwqi3992","junior","N","A","饯","饯","jiàn","xiē"
"cnwqi3993","junior","N","B","饴","饴","pǎo、páo","yí"
"cnwqi3994","junior","N","B","冽","冽","gǎo","liè"
"cnwqi3995","junior","N","B","冼","冼","mèi","xiǎn"
"cnwqi3996","junior","N","B","庖","庖","zhí","páo"
"cnwqi3997","junior","N","B","疠","疠","zǎn","lì、lài"
"cnwqi3998","junior","N","B","疝","疝","gǎn","shàn"
"cnwqi3999","junior","N","A","疡","疡","yáng","àn"
"cnwqi4000","junior","N","B","兖","兖","duān","yǎn"
"cnwqi4001","junior","N","B","妾","妾","móu","qiè"
"cnwqi4002","junior","N","A","劾","劾","hé","yǐn"
"cnwqi4003","junior","N","A","炜","炜","wěi","chén"
"cnwqi4004","junior","N","A","𬉼","𬉼","ǒu","sōng"
"cnwqi4005","junior","N","A","炖","炖","dùn","tǎn"
"cnwqi4006","junior","N","A","炘","炘","xīn","róng"
"cnwqi4007","junior","N","A","炝","炝","qiàng","zé"
"cnwqi4008","junior","N","B","炔","炔","fāng","quē"
"cnwqi4009","junior","N","B","泔","泔","líng","gān"
"cnwqi4010","junior","N","A","沭","沭","shù","gān"
"cnwqi4011","junior","N","A","泷","泷","lóng、shuāng","bù"
"cnwqi4012","junior","N","A","泸","泸","lú","chóu"
"cnwqi4013","junior","N","A","泱","泱","yāng","duì"
"cnwqi4014","junior","N","A","泅","泅","qiú","hú"
"cnwqi4015","junior","N","B","泗","泗","cuò","sì"
"cnwqi4016","junior","N","B","泠","泠","mǔ","líng"
"cnwqi4017","junior","N","B","泺","泺","tǎng","luò、pō"
"cnwqi4018","junior","N","A","泖","泖","mǎo","bái"
"cnwqi4019","junior","N","B","泫","泫","dì","xuàn"
"cnwqi4020","junior","N","B","泮","泮","jī","pàn"
"cnwqi4021","junior","N","A","沱","沱","tuó","wū"
"cnwqi4022","junior","N","B","泯","泯","zhù","mǐn"
"cnwqi4023","junior","N","A","泓","泓","hóng","yīng"
"cnwqi4024","junior","N","A","泾","泾","jīng","jù"
"cnwqi4025","junior","N","B","怙","怙","dài","hù"
"cnwqi4026","junior","N","B","怵","怵","xī、xì","chù"
"cnwqi4027","junior","N","A","怦","怦","pēng","líng"
"cnwqi4028","junior","N","A","怛","怛","dá","yuán"
"cnwqi4029","junior","N","A","怏","怏","yàng","xí"
"cnwqi4030","junior","N","A","怍","怍","zuò、zhà","hóu"
"cnwqi4031","junior","N","A","㤘","㤘","zhòu","xū"
"cnwqi4032","junior","N","A","怩","怩","ní","guì、jiǒng"
"cnwqi4033","junior","N","B","怫","怫","bèi","fú"
"cnwqi4034","junior","N","B","怿","怿","bā","yì"
"cnwqi4035","junior","N","B","宕","宕","lào","dàng"
"cnwqi4036","junior","N","A","穹","穹","qióng","zhì"
"cnwqi4037","junior","N","B","宓","宓","shī","mì、fú"
"cnwqi4038","junior","N","A","诓","诓","kuāng","jí"
"cnwqi4039","junior","N","A","诔","诔","lěi","zhǔ"
"cnwqi4040","junior","N","B","诖","诖","sōu","guà"
"cnwqi4041","junior","N","A","诘","诘","jié、jí","dāi"
"cnwqi4042","junior","N","B","戾","戾","wàn","lì"
"cnwqi4043","junior","N","A","诙","诙","huī","lóng"
"cnwqi4044","junior","N","A","戽","戽","hù","jǔ"
"cnwqi4045","junior","N","B","郓","郓","lí","yùn"
"cnwqi4046","junior","N","A","衩","衩","chǎ、chà","háo"
"cnwqi4047","junior","N","A","祆","祆","xiān","yuǎn、yuàn"
"cnwqi4048","junior","N","A","祎","祎","yī","xiāo"
"cnwqi4049","junior","N","B","祉","祉","tuí","zhǐ"
"cnwqi4050","junior","N","B","祇","祇","tī、tǐ","zhǐ、qí"
"cnwqi4051","junior","N","B","诛","诛","guà","zhū"
"cnwqi4052","junior","N","B","诜","诜","é","shēn"
"cnwqi4053","junior","N","A","诟","诟","gòu","sōng"
"cnwqi4054","junior","N","A","诠","诠","quán","qíng"
"cnwqi4055","junior","N","B","诣","诣","xī","yì"
"cnwqi4056","junior","N","A","诤","诤","zhèng","yīn"
"cnwqi4057","junior","N","A","诧","诧","chà","wěi"
"cnwqi4058","junior","N","B","诨","诨","bì","hùn"
"cnwqi4059","junior","N","A","诩","诩","xǔ","zhǔ"
"cnwqi4060","junior","N","A","戕","戕","qiāng","yán"
"cnwqi4061","junior","N","A","孢","孢","bāo","cōng"
"cnwqi4062","junior","N","B","亟","亟","sù","jí、qì"
"cnwqi4063","junior","N","B","陔","陔","jūn","gāi"
"cnwqi4064","junior","N","B","妲","妲","jìn","dá"
"cnwqi4065","junior","N","A","妯","妯","zhóu","suān"
"cnwqi4066","junior","N","A","姗","姗","shān、shàn","jiǎo、yáo"
"cnwqi4067","junior","N","B","帑","帑","kuàng","nú、tǎng"
"cnwqi4068","junior","N","B","弩","弩","jué","nǔ"
"cnwqi4069","junior","N","B","孥","孥","zǐ","nú"
"cnwqi4070","junior","N","B","驽","驽","rén","nú"
"cnwqi4071","junior","N","A","虱","虱","shī","zhá"
"cnwqi4072","junior","N","B","迦","迦","luó","jiā"
"cnwqi4073","junior","N","B","迨","迨","qǐng","dài"
"cnwqi4074","junior","N","B","绀","绀","cuō","gàn"
"cnwqi4075","junior","N","B","绁","绁","zhuā","xiè"
"cnwqi4076","junior","N","B","绂","绂","dàng","fú"
"cnwqi4077","junior","N","B","驷","驷","xu","sì"
"cnwqi4078","junior","N","B","驸","驸","bù","fù"
"cnwqi4079","junior","N","B","绉","绉","fēn","zhòu"
"cnwqi4080","junior","N","B","绌","绌","dǎo","chù"
"cnwqi4081","junior","N","A","驿","驿","yì","miào"
"cnwqi4082","junior","N","B","骀","骀","ào","dài、tái"
"cnwqi4083","junior","N","B","甾","甾","qī、xī","zāi、zī"
"cnwqi4084","junior","N","A","珏","珏","jué","gǔ、hú"
"cnwqi4085","junior","N","A","珐","珐","fà","dàn"
"cnwqi4086","junior","N","B","珂","珂","xūn","kē"
"cnwqi4087","junior","N","B","珑","珑","huī","lóng"
"cnwqi4088","junior","N","B","玳","玳","xián","dài"
"cnwqi4089","junior","N","A","珀","珀","pò","tǒng"
"cnwqi4090","junior","N","B","顸","顸","méi","hān"
"cnwqi4091","junior","N","A","珉","珉","mín","pán"
"cnwqi4092","junior","N","B","珈","珈","liào","jiā"
"cnwqi4093","junior","N","A","拮","拮","jié、jiá","huàn"
"cnwqi4094","junior","N","A","垭","垭","yā","tǎ"
"cnwqi4095","junior","N","A","挝","挝","wō、zhuā","miǎn"
"cnwqi4096","junior","N","B","垣","垣","xiū","yuán"
"cnwqi4097","junior","N","B","挞","挞","cāo","tà"
"cnwqi4098","junior","N","B","垤","垤","líng","dié"
"cnwqi4099","junior","N","A","赳","赳","jiū","zhuàng"
"cnwqi4100","junior","N","A","贲","贲","bì、bēn","láng"
"cnwqi4101","junior","N","A","垱","垱","dàng","kuài"
"cnwqi4102","junior","N","B","垌","垌","kǎi","dòng、tóng"
"cnwqi4103","junior","N","B","郝","郝","qìng","hǎo"
"cnwqi4104","junior","N","B","垧","垧","xiāo","shǎng"
"cnwqi4105","junior","N","A","垓","垓","gāi","bàn"
"cnwqi4106","junior","N","A","挦","挦","xián","rèn"
"cnwqi4107","junior","N","A","垠","垠","yín","yè"
"cnwqi4108","junior","N","A","茜","茜","qiàn、xī","yáo、yóu、zhòu"
"cnwqi4109","junior","N","A","荚","荚","jiá","tī、zhì、zhāi"
"cnwqi4110","junior","N","B","荑","荑","nuò","yí、tí"
"cnwqi4111","junior","N","B","贳","贳","zhǔ","shì"
"cnwqi4112","junior","N","A","荜","荜","bì","lú"
"cnwqi4113","junior","N","A","莒","莒","jǔ","huàn"
"cnwqi4114","junior","N","B","茼","茼","lóu","tóng"
"cnwqi4115","junior","N","A","茴","茴","huí","wǔ"
"cnwqi4116","junior","N","A","茱","茱","zhū","qí"
"cnwqi4117","junior","N","B","莛","莛","yǎn","tíng"
"cnwqi4118","junior","N","A","荞","荞","qiáo","yán"
"cnwqi4119","junior","N","A","茯","茯","fú","bì"
"cnwqi4120","junior","N","B","荏","荏","lóu、lǘ","rěn"
"cnwqi4121","junior","N","A","荇","荇","xìng","sī"
"cnwqi4122","junior","N","B","荃","荃","yāng","quán"
"cnwqi4123","junior","N","B","荟","荟","tiē","huì"
"cnwqi4124","junior","N","B","荀","荀","zào","xún"
"cnwqi4125","junior","N","B","茗","茗","lù","míng"
"cnwqi4126","junior","N","A","荠","荠","jì、qí","mǐ"
"cnwqi4127","junior","N","B","茭","茭","kuáng","jiāo"
"cnwqi4128","junior","N","A","茨","茨","cí","yì"
"cnwqi4129","junior","N","B","垩","垩","luò","è"
"cnwqi4130","junior","N","A","荥","荥","xíng、yíng","lián"
"cnwqi4131","junior","N","B","荦","荦","bǎi","luò"
"cnwqi4132","junior","N","B","荨","荨","luò","qián、xún"
"cnwqi4133","junior","N","A","荩","荩","jìn","méi"
"cnwqi4134","junior","N","A","剋","剋","kēi、kè","jìng"
"cnwqi4135","junior","N","B","荪","荪","dá、tǎ","sūn"
"cnwqi4136","junior","N","B","茹","茹","yǎ、yā","rú"
"cnwqi4137","junior","N","A","荬","荬","mǎi","nòu"
"cnwqi4138","junior","N","A","荮","荮","zhòu","liáo"
"cnwqi4139","junior","N","A","柰","柰","nài","tái"
"cnwqi4140","junior","N","B","栉","栉","lǐ","zhì"
"cnwqi4141","junior","N","B","柯","柯","yún","kē"
"cnwqi4142","junior","N","B","柘","柘","chéng","zhè"
"cnwqi4143","junior","N","B","栊","栊","cháng","lóng"
"cnwqi4144","junior","N","A","柩","柩","jiù","yáo"
"cnwqi4145","junior","N","A","枰","枰","píng","hào"
"cnwqi4146","junior","N","A","栌","栌","lú","jiù"
"cnwqi4147","junior","N","B","柙","柙","měng","xiá"
"cnwqi4148","junior","N","A","枵","枵","xiāo","guāng"
"cnwqi4149","junior","N","A","柚","柚","yòu、yóu","qǐn"
"cnwqi4150","junior","N","A","枳","枳","zhǐ","chǎn"
"cnwqi4151","junior","N","A","柞","柞","zuò、zhà","jiǎo、zhuó"
"cnwqi4152","junior","N","B","柝","柝","kuò、guā","tuò"
"cnwqi4153","junior","N","B","栀","栀","yóng","zhī"
"cnwqi4154","junior","N","B","柢","柢","tāng","dǐ、chí"
"cnwqi4155","junior","N","B","栎","栎","zhōng","lì、yuè"
"cnwqi4156","junior","N","A","枸","枸","gōu、gǒu、jǔ","lüè"
"cnwqi4157","junior","N","B","柈","柈","zǐ","pán、bàn"
"cnwqi4158","junior","N","A","柁","柁","tuó、duò","bīn"
"cnwqi4159","junior","N","B","枷","枷","huàn","jiā"
"cnwqi4160","junior","N","A","柽","柽","chēng","kuǎi"
"cnwqi4161","junior","N","B","剌","剌","yàn","là、lá"
"cnwqi4162","junior","N","B","酊","酊","zī","dīng、dǐng"
"cnwqi4163","junior","N","B","郦","郦","tǎn","lì、zhí"
"cnwqi4164","junior","N","B","甭","甭","qú","béng"
"cnwqi4165","junior","N","A","砗","砗","chē","juān"
"cnwqi4166","junior","N","B","砘","砘","tāo","dùn"
"cnwqi4167","junior","N","A","砒","砒","pī","kuǎ"
"cnwqi4168","junior","N","B","斫","斫","piě","zhuó"
"cnwqi4169","junior","N","A","砭","砭","biān","mán、màn、wàn"
"cnwqi4170","junior","N","B","砜","砜","wéi、yù","fēng"
"cnwqi4171","junior","N","B","奎","奎","bǐng","kuí"
"cnwqi4172","junior","N","B","耷","耷","sī","dā"
"cnwqi4173","junior","N","B","虺","虺","móu","huǐ、huī"
"cnwqi4174","junior","N","B","殂","殂","mò","cú"
"cnwqi4175","junior","N","B","殇","殇","táo","shāng"
"cnwqi4176","junior","N","A","殄","殄","tiǎn","zhān"
"cnwqi4177","junior","N","A","殆","殆","dài","de、dì"
"cnwqi4178","junior","N","A","轱","轱","gū","mǐ"
"cnwqi4179","junior","N","A","轲","轲","kē","jūn、jùn"
"cnwqi4180","junior","N","A","轳","轳","lú","liǎn"
"cnwqi4181","junior","N","A","轶","轶","yì","fēi"
"cnwqi4182","junior","N","B","轸","轸","huǒ","zhěn"
"cnwqi4183","junior","N","B","虿","虿","zhú","chài"
"cnwqi4184","junior","N","A","毖","毖","bì","xiàn"
"cnwqi4185","junior","N","B","觇","觇","yān","chān"
"cnwqi4186","junior","N","A","尜","尜","gá","tún、zhūn、dùn"
"cnwqi4187","junior","N","B","哐","哐","méi","kuāng"
"cnwqi4188","junior","N","B","眄","眄","nǔ","miàn"
"cnwqi4189","junior","N","A","眍","眍","kōu","pāo、pào"
"cnwqi4190","junior","N","A","𠳐","𠳐","bāng","guàn"
"cnwqi4191","junior","N","A","郢","郢","yǐng","tā、jiě"
"cnwqi4192","junior","N","B","眇","眇","bù","miǎo"
"cnwqi4193","junior","N","B","眊","眊","zhì","mào"
"cnwqi4194","junior","N","A","眈","眈","dān","chéng"
"cnwqi4195","junior","N","A","禺","禺","yú、yù、ǒu","yì"
"cnwqi4196","junior","N","A","哂","哂","shěn","zhēn"
"cnwqi4197","junior","N","A","咴","咴","huī","wēi"
"cnwqi4198","junior","N","A","曷","曷","hé","xiāo"
"cnwqi4199","junior","N","B","昴","昴","zhǎ、zhà","mǎo"
"cnwqi4200","junior","N","B","昱","昱","shù","yù"
"cnwqi4201","junior","N","B","昵","昵","cù","nì"
"cnwqi4202","junior","N","A","咦","咦","yí","pā"
"cnwqi4203","junior","N","B","哓","哓","zhì","xiāo"
"cnwqi4204","junior","N","B","哔","哔","jì","bì"
"cnwqi4205","junior","N","A","畎","畎","quǎn","xiāo"
"cnwqi4206","junior","N","A","毗","毗","pí","chéng"
"cnwqi4207","junior","N","A","呲","呲","zī、cī","sū"
"cnwqi4208","junior","N","B","胄","胄","jiù","zhòu"
"cnwqi4209","junior","N","B","畋","畋","luǒ","tián"
"cnwqi4210","junior","N","B","畈","畈","ní","fàn"
"cnwqi4211","junior","N","A","虼","虼","gè","shuì"
"cnwqi4212","junior","N","B","虻","虻","xī","méng"
"cnwqi4213","junior","N","A","盅","盅","zhōng","hào"
"cnwqi4214","junior","N","B","咣","咣","lā","guāng"
"cnwqi4215","junior","N","A","哕","哕","yuě、huì","mái"
"cnwqi4216","junior","N","B","剐","剐","liāo","guǎ"
"cnwqi4217","junior","N","A","郧","郧","yún","yǎn"
"cnwqi4218","junior","N","B","咻","咻","pèi","xiū"
"cnwqi4219","junior","N","A","囿","囿","yòu","bó"
"cnwqi4220","junior","N","A","咿","咿","yī","tóng、zhuàng"
"cnwqi4221","junior","N","B","哌","哌","cǐ","pài"
"cnwqi4222","junior","N","B","哙","哙","jù、gōu","kuài"
"cnwqi4223","junior","N","A","哚","哚","duǒ","yī"
"cnwqi4224","junior","N","A","咯","咯","kǎ、luò、lo、gē","yán、yàn"
"cnwqi4225","junior","N","B","咩","咩","lù","miē"
"cnwqi4226","junior","N","B","咤","咤","wú","zhà"
"cnwqi4227","junior","N","A","哝","哝","nóng","léi、lěi、lèi"
"cnwqi4228","junior","N","A","哏","哏","gén、hěn","é"
"cnwqi4229","junior","N","B","哞","哞","ráo","mōu"
"cnwqi4230","junior","N","A","峙","峙","zhì、shì","cā"
"cnwqi4231","junior","N","B","峣","峣","jìn","yáo"
"cnwqi4232","junior","N","A","罘","罘","fú","tǒng"
"cnwqi4233","junior","N","A","帧","帧","zhēn","gēng"
"cnwqi4234","junior","N","A","峒","峒","tóng、dòng","xiāo"
"cnwqi4235","junior","N","B","峤","峤","yòng","qiáo、jiào"
"cnwqi4236","junior","N","B","峋","峋","rǎo","xún"
"cnwqi4237","junior","N","B","峥","峥","màn","zhēng"
"cnwqi4238","junior","N","A","贶","贶","kuàng","bō"
"cnwqi4239","junior","N","A","钚","钚","bù","bīn"
"cnwqi4240","junior","N","B","钛","钛","xiǎn","tài"
"cnwqi4241","junior","N","A","钡","钡","bèi","qiū"
"cnwqi4242","junior","N","A","钣","钣","bǎn","cuó"
"cnwqi4243","junior","N","B","钤","钤","guì、jǔ","qián"
"cnwqi4244","junior","N","A","钨","钨","wū","hóng"
"cnwqi4245","junior","N","A","钫","钫","fāng","pào"
"cnwqi4246","junior","N","A","钯","钯","bǎ、pá","shū"
"cnwqi4247","junior","N","A","氡","氡","dōng","bàng、páng"
"cnwqi4248","junior","N","B","氟","氟","yì","fú"
"cnwqi4249","junior","N","A","牯","牯","gǔ","lóu"
"cnwqi4250","junior","N","B","郜","郜","xuán","gào"
"cnwqi4251","junior","N","B","秕","秕","zào","bǐ"
"cnwqi4252","junior","N","A","秭","秭","zǐ","jiè"
"cnwqi4253","junior","N","A","竽","竽","yú","yuán"
"cnwqi4254","junior","N","B","笈","笈","yàng","jí"
"cnwqi4255","junior","N","B","笃","笃","fàn","dǔ"
"cnwqi4256","junior","N","B","俦","俦","yù","chóu"
"cnwqi4257","junior","N","B","俨","俨","xiè","yǎn"
"cnwqi4258","junior","N","A","俅","俅","qiú","yù"
"cnwqi4259","junior","N","A","俪","俪","lì","jiǎn"
"cnwqi4260","junior","N","A","叟","叟","sǒu","xuě"
"cnwqi4261","junior","N","B","垡","垡","lín、lǐn","fá"
"cnwqi4262","junior","N","B","牮","牮","jiàn、jiān","jiàn"
"cnwqi4263","junior","N","A","俣","俣","yǔ","bū"
"cnwqi4264","junior","N","B","俚","俚","chēng、chèn、chèng","lǐ"
"cnwqi4265","junior","N","B","皈","皈","fèn","guī"
"cnwqi4266","junior","N","A","俑","俑","yǒng","hěn"
"cnwqi4267","junior","N","B","俟","俟","zhēng","sì、qí"
"cnwqi4268","junior","N","B","逅","逅","lǚ、lóu","hòu"
"cnwqi4269","junior","N","B","徇","徇","jiě、jiè、xiè","xùn"
"cnwqi4270","junior","N","B","徉","徉","yà","yáng"
"cnwqi4271","junior","N","A","舢","舢","shān","chōu"
"cnwqi4272","junior","N","A","俞","俞","yú、yù、shù","huái"
"cnwqi4273","junior","N","B","郗","郗","sōng","xī"
"cnwqi4274","junior","N","B","俎","俎","zhuì","zǔ"
"cnwqi4275","junior","N","A","郤","郤","xì","kǒng"
"cnwqi4276","junior","N","B","爰","爰","qí","yuán"
"cnwqi4277","junior","N","A","郛","郛","fú","chà"
"cnwqi4278","junior","N","A","瓴","瓴","líng","chá"
"cnwqi4279","junior","N","A","胨","胨","dòng","gǔn"
"cnwqi4280","junior","N","B","胪","胪","lín","lú"
"cnwqi4281","junior","N","B","胛","胛","liáo","jiǎ"
"cnwqi4282","junior","N","A","胂","胂","shèn","biàn"
"cnwqi4283","junior","N","B","胙","胙","cí","zuò"
"cnwqi4284","junior","N","A","胍","胍","guā","xiá"
"cnwqi4285","junior","N","B","胗","胗","yú","zhēn"
"cnwqi4286","junior","N","B","胝","胝","yí","zhī"
"cnwqi4287","junior","N","B","朐","朐","miào","qú、xù、chǔn"
"cnwqi4288","junior","N","B","胫","胫","yǎn","jìng"
"cnwqi4289","junior","N","A","鸨","鸨","bǎo","dié"
"cnwqi4290","junior","N","A","匍","匍","pú","jìn"
"cnwqi4291","junior","N","A","狨","狨","róng","děng"
"cnwqi4292","junior","N","A","狯","狯","kuài","là"
"cnwqi4293","junior","N","B","飑","飑","chéng","biāo"
"cnwqi4294","junior","N","B","狩","狩","bì、pì","shòu"
"cnwqi4295","junior","N","B","狲","狲","tǎn","sūn"
"cnwqi4296","junior","N","A","訇","訇","hōng","shì"
"cnwqi4297","junior","N","A","逄","逄","páng","dìng"
"cnwqi4298","junior","N","A","昝","昝","zǎn","jiǎn"
"cnwqi4299","junior","N","B","饷","饷","tuó","xiǎng"
"cnwqi4300","junior","N","A","饸","饸","hé","fāng"
"cnwqi4301","junior","N","A","饹","饹","gē、le","xīng"
"cnwqi4302","junior","N","B","胤","胤","yè","yìn"
"cnwqi4303","junior","N","B","孪","孪","shēn","luán"
"cnwqi4304","junior","N","B","娈","娈","huán、huān","luán"
"cnwqi4305","junior","N","B","弈","弈","zhēng、zhèng","yì"
"cnwqi4306","junior","N","A","奕","奕","yì","cè"
"cnwqi4307","junior","N","A","庥","庥","xiū","gān"
"cnwqi4308","junior","N","B","疬","疬","duàn","lì"
"cnwqi4309","junior","N","B","疣","疣","yāng","yóu"
"cnwqi4310","junior","N","A","疥","疥","jiè","xī"
"cnwqi4311","junior","N","A","疭","疭","zòng","xuān"
"cnwqi4312","junior","N","A","庠","庠","xiáng","wù"
"cnwqi4313","junior","N","A","竑","竑","hóng","xǔ"
"cnwqi4314","junior","N","A","彦","彦","yàn","tiǎn"
"cnwqi4315","junior","N","A","飒","飒","sà","jiā"
"cnwqi4316","junior","N","A","闼","闼","tà","zhī"
"cnwqi4317","junior","N","A","闾","闾","lǘ","zǎng"
"cnwqi4318","junior","N","B","闿","闿","huí","kǎi"
"cnwqi4319","junior","N","B","阂","阂","líng","hé"
"cnwqi4320","junior","N","B","羑","羑","dī","yǒu"
"cnwqi4321","junior","N","B","迸","迸","yǔ","bèng"
"cnwqi4322","junior","N","B","籼","籼","gǎo","xiān"
"cnwqi4323","junior","N","B","酋","酋","liè","qiú"
"cnwqi4324","junior","N","A","炳","炳","bǐng","qiān"
"cnwqi4325","junior","N","A","炻","炻","shí","chán、chàn"
"cnwqi4326","junior","N","B","炽","炽","dàng","chì"
"cnwqi4327","junior","N","B","炯","炯","bo","jiǒng"
"cnwqi4328","junior","N","B","烀","烀","niú","hū"
"cnwqi4329","junior","N","B","炷","炷","huí","zhù"
"cnwqi4330","junior","N","A","烃","烃","tīng","bān"
"cnwqi4331","junior","N","A","洱","洱","ěr","yuè"
"cnwqi4332","junior","N","A","洹","洹","huán","yù"
"cnwqi4333","junior","N","B","洧","洧","fū","wěi"
"cnwqi4334","junior","N","A","洌","洌","liè","qíng"
"cnwqi4335","junior","N","B","浃","浃","cè","jiā"
"cnwqi4336","junior","N","A","洇","洇","yīn","làn"
"cnwqi4337","junior","N","B","洄","洄","lián","huí"
"cnwqi4338","junior","N","A","洙","洙","zhū","jú"
"cnwqi4339","junior","N","A","涎","涎","xián","bào、páo"
"cnwqi4340","junior","N","B","洎","洎","fú","jì"
"cnwqi4341","junior","N","B","洫","洫","méng","xù"
"cnwqi4342","junior","N","B","浍","浍","wù","kuài、huì"
"cnwqi4343","junior","N","B","洮","洮","zī、cī","táo"
"cnwqi4344","junior","N","A","洵","洵","xún","miào"
"cnwqi4345","junior","N","B","浒","浒","nuǎn","hǔ、xǔ"
"cnwqi4346","junior","N","A","浔","浔","xún","bēi、pí、pō"
"cnwqi4347","junior","N","A","浕","浕","jìn","bǎng、pāng、páng"
"cnwqi4348","junior","N","B","洳","洳","rēng","rù"
"cnwqi4349","junior","N","A","恸","恸","tòng","cù"
"cnwqi4350","junior","N","A","恓","恓","xī、qī、xù","qīn、qìng"
"cnwqi4351","junior","N","A","恹","恹","yān","chù、xù"
"cnwqi4352","junior","N","A","恫","恫","dòng","jiǎn"
"cnwqi4353","junior","N","A","恺","恺","kǎi","yīn"
"cnwqi4354","junior","N","A","恻","恻","cè","bèng"
"cnwqi4355","junior","N","A","恂","恂","xún","pái"
"cnwqi4356","junior","N","B","恪","恪","pēi","kè"
"cnwqi4357","junior","N","B","恽","恽","sháo","yùn"
"cnwqi4358","junior","N","B","宥","宥","tuī","yòu"
"cnwqi4359","junior","N","A","扃","扃","jiōng","áng"
"cnwqi4360","junior","N","B","衲","衲","láo","nà"
"cnwqi4361","junior","N","A","衽","衽","rèn","jǐ"
"cnwqi4362","junior","N","B","衿","衿","zhì","jīn"
"cnwqi4363","junior","N","A","袂","袂","mèi","xué"
"cnwqi4364","junior","N","B","祛","祛","huò","qū"
"cnwqi4365","junior","N","A","祜","祜","hù","yǒng、chōng"
"cnwqi4366","junior","N","B","祓","祓","zhān","fú"
"cnwqi4367","junior","N","A","祚","祚","zuò","wàng"
"cnwqi4368","junior","N","A","诮","诮","qiào","sī"
"cnwqi4369","junior","N","B","祗","祗","hóng","zhī"
"cnwqi4370","junior","N","B","祢","祢","dòu","mí"
"cnwqi4371","junior","N","B","诰","诰","yí","gào"
"cnwqi4372","junior","N","B","诳","诳","yì","kuáng"
"cnwqi4373","junior","N","B","鸩","鸩","shuò","zhèn"
"cnwqi4374","junior","N","A","昶","昶","chǎng","zèng"
"cnwqi4375","junior","N","A","郡","郡","jùn","quē、què"
"cnwqi4376","junior","N","B","咫","咫","mài、mò","zhǐ"
"cnwqi4377","junior","N","A","弭","弭","mǐ","bǐ"
"cnwqi4378","junior","N","A","牁","牁","kē","wén、wèn"
"cnwqi4379","junior","N","B","胥","胥","guǎn","xū"
"cnwqi4380","junior","N","B","陛","陛","qìn","bì"
"cnwqi4381","junior","N","B","陟","陟","kuí","zhì"
"cnwqi4382","junior","N","B","娅","娅","yán","yà"
"cnwqi4383","junior","N","A","姮","姮","héng","kài、xì"
"cnwqi4384","junior","N","B","娆","娆","dì、tì、tuí","ráo、rǎo"
"cnwqi4385","junior","N","A","姝","姝","shū","lì"
"cnwqi4386","junior","N","B","姣","姣","kěn","jiāo、xiáo"
"cnwqi4387","junior","N","B","姘","姘","gū、gù","pīn"
"cnwqi4388","junior","N","B","姹","姹","zhé","chà"
"cnwqi4389","junior","N","A","怼","怼","duì","jiè"
"cnwqi4390","junior","N","B","羿","羿","ā","yì"
"cnwqi4391","junior","N","B","炱","炱","ào、yù","tái"
"cnwqi4392","junior","N","B","矜","矜","shuāng","jīn、qín、guān"
"cnwqi4393","junior","N","A","绔","绔","kù","jiǎng"
"cnwqi4394","junior","N","A","骁","骁","xiāo","jìn"
"cnwqi4395","junior","N","A","骅","骅","huá","quē、què"
"cnwqi4396","junior","N","A","绗","绗","háng","nà"
"cnwqi4397","junior","N","B","绛","绛","léng、lēng、líng","jiàng"
"cnwqi4398","junior","N","A","骈","骈","pián","ǒu"
"cnwqi4399","junior","N","A","耖","耖","chào","sī"
"cnwqi4400","junior","N","A","挈","挈","qiè","huàn"
"cnwqi4401","junior","N","A","珥","珥","ěr","pō"
"cnwqi4402","junior","N","B","珙","珙","sōu","gǒng"
"cnwqi4403","junior","N","B","顼","顼","kūn","xū"
"cnwqi4404","junior","N","A","珰","珰","dāng","xī"
"cnwqi4405","junior","N","B","珩","珩","xùn","héng"
"cnwqi4406","junior","N","B","珧","珧","qiè","yáo"
"cnwqi4407","junior","N","B","珣","珣","zǎi","xún"
"cnwqi4408","junior","N","A","珞","珞","luò","hè"
"cnwqi4409","junior","N","A","琤","琤","chēng","zān"
"cnwqi4410","junior","N","A","珲","珲","hún、huī","yú"
"cnwqi4411","junior","N","A","敖","敖","áo","huì"
"cnwqi4412","junior","N","B","恚","恚","kǒng","huì"
"cnwqi4413","junior","N","B","埔","埔","yān、yǎn","pǔ、bù"
"cnwqi4414","junior","N","B","埕","埕","shù","chéng"
"cnwqi4415","junior","N","B","埘","埘","pú","shí"
"cnwqi4416","junior","N","A","埙","埙","xūn","chǐ"
"cnwqi4417","junior","N","A","埚","埚","guō","zhá"
"cnwqi4418","junior","N","B","挹","挹","chóu、dào","yì"
"cnwqi4419","junior","N","A","耆","耆","qí、shì","pò"
"cnwqi4420","junior","N","A","耄","耄","mào","suō"
"cnwqi4421","junior","N","A","埒","埒","liè","sōu"
"cnwqi4422","junior","N","B","捋","捋","lán","luō、lǚ"
"cnwqi4423","junior","N","A","贽","贽","zhì","nìng"
"cnwqi4424","junior","N","A","垸","垸","yuàn、huán","qiè"
"cnwqi4425","junior","N","A","捃","捃","jùn","wú"
"cnwqi4426","junior","N","B","盍","盍","yān","hé"
"cnwqi4427","junior","N","B","荸","荸","dú","bí"
"cnwqi4428","junior","N","A","莆","莆","pú","kuí"
"cnwqi4429","junior","N","A","莳","莳","shì、shí","rì"
"cnwqi4430","junior","N","B","莴","莴","miǎn","wō"
"cnwqi4431","junior","N","B","莪","莪","zhǔ","é"
"cnwqi4432","junior","N","B","莠","莠","yáng","yǒu"
"cnwqi4433","junior","N","B","莓","莓","tù","méi"
"cnwqi4434","junior","N","A","莜","莜","yóu","xiāng"
"cnwqi4435","junior","N","B","莅","莅","jiǎn","lì"
"cnwqi4436","junior","N","A","荼","荼","tú","nǎng"
"cnwqi4437","junior","N","B","莩","莩","bò","fú、piǎo"
"cnwqi4438","junior","N","A","荽","荽","suī","yǐ"
"cnwqi4439","junior","N","A","莸","莸","yóu","zhòu"
"cnwqi4440","junior","N","B","荻","荻","wǎn","dí"
"cnwqi4441","junior","N","B","莘","莘","yǎn","shēn、xīn"
"cnwqi4442","junior","N","A","莎","莎","suō、shā","mán、màn、wàn"
"cnwqi4443","junior","N","B","莞","莞","liú","wǎn、guǎn、guān"
"cnwqi4444","junior","N","B","莨","莨","mà","làng、liáng"
"cnwqi4445","junior","N","A","鸪","鸪","gū","fèng"
"cnwqi4446","junior","N","B","莼","莼","cuì","chún"
"cnwqi4447","junior","N","B","栲","栲","liáng","kǎo"
"cnwqi4448","junior","N","B","栳","栳","jìng","lǎo"
"cnwqi4449","junior","N","A","郴","郴","chēn","wǎn"
"cnwqi4450","junior","N","B","桓","桓","miǎn","huán"
"cnwqi4451","junior","N","B","桡","桡","ào","ráo、náo"
"cnwqi4452","junior","N","A","桎","桎","zhì","péng"
"cnwqi4453","junior","N","B","桢","桢","yīn","zhēn"
"cnwqi4454","junior","N","B","桤","桤","xiù","qī"
"cnwqi4455","junior","N","A","梃","梃","tǐng、tìng","bā"
"cnwqi4456","junior","N","B","栝","栝","yán","guā、tiǎn"
"cnwqi4457","junior","N","A","桕","桕","jiù","pā"
"cnwqi4458","junior","N","A","桁","桁","héng、háng","zūn"
"cnwqi4459","junior","N","A","桧","桧","guì、huì","bù"
"cnwqi4460","junior","N","B","桅","桅","chú","wéi"
"cnwqi4461","junior","N","B","栟","栟","yù","bēn、bīng"
"cnwqi4462","junior","N","A","桉","桉","ān","fú"
"cnwqi4463","junior","N","A","栩","栩","xǔ","lòu"
"cnwqi4464","junior","N","B","逑","逑","chā、zha","qiú"
"cnwqi4465","junior","N","A","逋","逋","bū","diāo"
"cnwqi4466","junior","N","A","彧","彧","yù","móu"
"cnwqi4467","junior","N","A","鬲","鬲","gé、lì","gū"
"cnwqi4468","junior","N","B","豇","豇","guà","jiāng"
"cnwqi4469","junior","N","B","酐","酐","dú","gān"
"cnwqi4470","junior","N","B","逦","逦","qiǎng","lǐ"
"cnwqi4471","junior","N","A","厝","厝","cuò","zhòng"
"cnwqi4472","junior","N","B","孬","孬","yáng","nāo"
"cnwqi4473","junior","N","A","砝","砝","fǎ","yì"
"cnwqi4474","junior","N","B","砹","砹","mén","ài"
"cnwqi4475","junior","N","B","砺","砺","xuán","lì"
"cnwqi4476","junior","N","A","砧","砧","zhēn","zhě"
"cnwqi4477","junior","N","B","砷","砷","yán","shēn"
"cnwqi4478","junior","N","B","砟","砟","xuǎn","zhǎ"
"cnwqi4479","junior","N","B","砼","砼","shóu、shú","tóng"
"cnwqi4480","junior","N","B","砥","砥","tāo","dǐ"
"cnwqi4481","junior","N","B","砣","砣","jiǎng","tuó"
"cnwqi4482","junior","N","B","剞","剞","yè","jī"
"cnwqi4483","junior","N","B","砻","砻","yín","lóng"
"cnwqi4484","junior","N","A","轼","轼","shì","jiá、jié、qiā"
"cnwqi4485","junior","N","A","轾","轾","zhì","zhòu"
"cnwqi4486","junior","N","B","辂","辂","zhī","lù"
"cnwqi4487","junior","N","A","鸫","鸫","dōng","chī"
"cnwqi4488","junior","N","B","趸","趸","xīn","dǔn"
"cnwqi4489","junior","N","B","龀","龀","yáng、yàng","chèn"
"cnwqi4490","junior","N","B","鸬","鸬","zhēn","lú"
"cnwqi4491","junior","N","A","虔","虔","qián","kuì"
"cnwqi4492","junior","N","A","逍","逍","xiāo","xī"
"cnwqi4493","junior","N","B","眬","眬","qún","lóng"
"cnwqi4494","junior","N","B","唛","唛","yǔ、yù、yú","mài"
"cnwqi4495","junior","N","A","晟","晟","shèng、chéng","juān"
"cnwqi4496","junior","N","B","眩","眩","qián","xuàn"
"cnwqi4497","junior","N","A","眙","眙","yí、chì","guō"
"cnwqi4498","junior","N","A","哧","哧","chī","dá"
"cnwqi4499","junior","N","B","哽","哽","méng","gěng"
"cnwqi4500","junior","N","B","唔","唔","gé","wù、wú"
"cnwqi4501","junior","N","A","晁","晁","cháo","miáo"
"cnwqi4502","junior","N","A","晏","晏","yàn","xié"
"cnwqi4503","junior","N","A","鸮","鸮","xiāo","liú、liù"
"cnwqi4504","junior","N","A","趵","趵","bào、bō","chuāng"
"cnwqi4505","junior","N","A","趿","趿","tā","dān"
"cnwqi4506","junior","N","A","畛","畛","zhěn","xiǎo"
"cnwqi4507","junior","N","A","蚨","蚨","fú","mò"
"cnwqi4508","junior","N","B","蚜","蚜","shì","yá"
"cnwqi4509","junior","N","B","蚍","蚍","nǎo","pí"
"cnwqi4510","junior","N","A","蚋","蚋","ruì","bēng"
"cnwqi4511","junior","N","A","蚬","蚬","xiǎn","wèi"
"cnwqi4512","junior","N","B","蚝","蚝","lǒu、lōu","háo"
"cnwqi4513","junior","N","A","蚧","蚧","jiè","jiǎn"
"cnwqi4514","junior","N","B","唢","唢","jī、jǐ","suǒ"
"cnwqi4515","junior","N","B","圄","圄","bù","yǔ"
"cnwqi4516","junior","N","A","唣","唣","zào","zǎn、cuán"
"cnwqi4517","junior","N","A","唏","唏","xī","guàn"
"cnwqi4518","junior","N","B","盎","盎","zèng","àng"
"cnwqi4519","junior","N","B","唑","唑","liāo","zuò"
"cnwqi4520","junior","N","B","崂","崂","juàn","láo"
"cnwqi4521","junior","N","A","崃","崃","lái","jìn"
"cnwqi4522","junior","N","A","罡","罡","gāng","xī"
"cnwqi4523","junior","N","B","罟","罟","pǐ","gǔ"
"cnwqi4524","junior","N","B","峪","峪","jū、jù","yù"
"cnwqi4525","junior","N","A","觊","觊","jì","shàn"
"cnwqi4526","junior","N","A","赅","赅","gāi","jié、xié、jiá"
"cnwqi4527","junior","N","A","钰","钰","yù","zuān"
"cnwqi4528","junior","N","A","钲","钲","zhēng、zhèng","rù"
"cnwqi4529","junior","N","B","钴","钴","mín","gǔ"
"cnwqi4530","junior","N","A","钵","钵","bō","dā"
"cnwqi4531","junior","N","B","钹","钹","bā、pá","bó"
"cnwqi4532","junior","N","A","钺","钺","yuè","yì"
"cnwqi4533","junior","N","B","钽","钽","lián","tǎn"
"cnwqi4534","junior","N","A","钼","钼","mù","chù"
"cnwqi4535","junior","N","A","钿","钿","diàn、tián","wéi"
"cnwqi4536","junior","N","B","铀","铀","dòng、tóng、tǒng","yóu"
"cnwqi4537","junior","N","B","铂","铂","jǐn","bó"
"cnwqi4538","junior","N","A","铄","铄","shuò","nà、nè"
"cnwqi4539","junior","N","A","铆","铆","mǎo","xù"
"cnwqi4540","junior","N","B","铈","铈","ǒu","shì"
"cnwqi4541","junior","N","B","铉","铉","pì","xuàn"
"cnwqi4542","junior","N","B","铊","铊","kuài","tā、tuó"
"cnwqi4543","junior","N","A","铋","铋","bì","yòu"
"cnwqi4544","junior","N","B","铌","铌","huō","ní"
"cnwqi4545","junior","N","B","铍","铍","līn","pí、pī"
"cnwqi4546","junior","N","A","䥽","䥽","pō","bié"
"cnwqi4547","junior","N","A","铎","铎","duó","jǐng"
"cnwqi4548","junior","N","B","氩","氩","shān","yà"
"cnwqi4549","junior","N","B","氤","氤","kàn","yīn"
"cnwqi4550","junior","N","B","氦","氦","biǎo","hài"
"cnwqi4551","junior","N","B","毪","毪","qiú","mú"
"cnwqi4552","junior","N","B","舐","舐","pí","shì"
"cnwqi4553","junior","N","A","秣","秣","mò","dān"
"cnwqi4554","junior","N","A","秫","秫","shú","wù"
"cnwqi4555","junior","N","B","盉","盉","cuò","hé"
"cnwqi4556","junior","N","B","笄","笄","fán","jī"
"cnwqi4557","junior","N","A","笕","笕","jiǎn","fǔ"
"cnwqi4558","junior","N","A","笊","笊","zhào","biàn"
"cnwqi4559","junior","N","A","笏","笏","hù","píng"
"cnwqi4560","junior","N","B","笆","笆","kuí","bā"
"cnwqi4561","junior","N","B","俸","俸","huì","fèng"
"cnwqi4562","junior","N","A","倩","倩","qiàn","yì"
"cnwqi4563","junior","N","A","俵","俵","biào","gè"
"cnwqi4564","junior","N","A","偌","偌","ruò","kē"
"cnwqi4565","junior","N","A","俳","俳","pái","hàn"
"cnwqi4566","junior","N","B","俶","俶","sī","chù、tì"
"cnwqi4567","junior","N","A","倬","倬","zhuō","mǐ"
"cnwqi4568","junior","N","B","倏","倏","kāng","shū"
"cnwqi4569","junior","N","B","恁","恁","piē","nèn、nín"
"cnwqi4570","junior","N","B","倭","倭","xié","wō、wēi"
"cnwqi4571","junior","N","B","倪","倪","fù","ní"
"cnwqi4572","junior","N","A","俾","俾","bǐ","lè"
"cnwqi4573","junior","N","A","倜","倜","tì","hóng"
"cnwqi4574","junior","N","A","隼","隼","sǔn","qí"
"cnwqi4575","junior","N","A","隽","隽","jùn、juàn","wǔ"
"cnwqi4576","junior","N","B","倌","倌","hàn","guān"
"cnwqi4577","junior","N","A","倥","倥","kōng、kǒng","kǒng"
"cnwqi4578","junior","N","A","臬","臬","niè","fù"
"cnwqi4579","junior","N","A","皋","皋","gāo、háo","yuè"
"cnwqi4580","junior","N","A","郫","郫","pí","yì"
"cnwqi4581","junior","N","A","倨","倨","jù","qí"
"cnwqi4582","junior","N","B","衄","衄","niào、suī","nǜ"
"cnwqi4583","junior","N","A","颀","颀","qí","pū、pù"
"cnwqi4584","junior","N","A","徕","徕","lái、lài","dá、tǎ"
"cnwqi4585","junior","N","A","舫","舫","fǎng","cā、chā"
"cnwqi4586","junior","N","A","釜","釜","fǔ","zhǎng"
"cnwqi4587","junior","N","B","奚","奚","tuān、tuàn","xī"
"cnwqi4588","junior","N","B","衾","衾","kù","qīn"
"cnwqi4589","junior","N","A","胯","胯","kuà","sháo"
"cnwqi4590","junior","N","B","胱","胱","wǎng","guāng"
"cnwqi4591","junior","N","B","胴","胴","lín","dòng"
"cnwqi4592","junior","N","A","胭","胭","yān","yīn、yìn"
"cnwqi4593","junior","N","A","脍","脍","kuài","suǒ"
"cnwqi4594","junior","N","A","胼","胼","pián","pái、pǎi"
"cnwqi4595","junior","N","B","朕","朕","lǒng","zhèn"
"cnwqi4596","junior","N","B","脒","脒","bīn","mǐ"
"cnwqi4597","junior","N","B","胺","胺","zhòu","àn"
"cnwqi4598","junior","N","A","鸱","鸱","chī","nài"
"cnwqi4599","junior","N","A","玺","玺","xǐ","liáng"
"cnwqi4600","junior","N","A","鸲","鸲","qú","xiáo"
"cnwqi4601","junior","N","A","狷","狷","juàn","jìn"
"cnwqi4602","junior","N","A","猁","猁","lì","yōu"
"cnwqi4603","junior","N","B","狳","狳","péng、bèng","yú"
"cnwqi4604","junior","N","A","猃","猃","xiǎn","gāi"
"cnwqi4605","junior","N","A","狺","狺","yín","piān"
"cnwqi4606","junior","N","A","逖","逖","tì","xiāng"
"cnwqi4607","junior","N","B","桀","桀","tí","jié"
"cnwqi4608","junior","N","A","袅","袅","niǎo","guàn"
"cnwqi4609","junior","N","A","饽","饽","bō","xióng"
"cnwqi4610","junior","N","B","凇","凇","shù","sōng"
"cnwqi4611","junior","N","B","栾","栾","huō、huò、huá","luán"
"cnwqi4612","junior","N","A","挛","挛","luán","nóng"
"cnwqi4613","junior","N","A","亳","亳","bó","nà"
"cnwqi4614","junior","N","B","疳","疳","dié","gān"
"cnwqi4615","junior","N","A","疴","疴","kē","xù"
"cnwqi4616","junior","N","B","疸","疸","qī、xī","dǎn"
"cnwqi4617","junior","N","A","疽","疽","jū","jué"
"cnwqi4618","junior","N","B","痈","痈","biǎo","yōng"
"cnwqi4619","junior","N","B","疱","疱","jìn、jìng","pào"
"cnwqi4620","junior","N","A","痂","痂","jiā","jiàn"
"cnwqi4621","junior","N","B","痉","痉","niǎn","jìng"
"cnwqi4622","junior","N","B","衮","衮","huàn","gǔn"
"cnwqi4623","junior","N","B","凋","凋","shì","diāo"
"cnwqi4624","junior","N","A","颃","颃","háng","wǎn、guǎn、guān"
"cnwqi4625","junior","N","B","恣","恣","piáo","zì"
"cnwqi4626","junior","N","A","旆","旆","pèi","yuè"
"cnwqi4627","junior","N","B","旄","旄","xián","máo、mào"
"cnwqi4628","junior","N","A","旃","旃","zhān","bàng"
"cnwqi4629","junior","N","A","阃","阃","kǔn","qiāo"
"cnwqi4630","junior","N","B","阄","阄","kā、kǎ","jiū"
"cnwqi4631","junior","N","A","訚","訚","yín","wān"
"cnwqi4632","junior","N","A","阆","阆","làng","mào"
"cnwqi4633","junior","N","B","恙","恙","liàn","yàng"
"cnwqi4634","junior","N","B","粑","粑","yì","bā"
"cnwqi4635","junior","N","A","朔","朔","shuò","jí"
"cnwqi4636","junior","N","B","郸","郸","yín","dān"
"cnwqi4637","junior","N","A","烜","烜","xuǎn","cóng"
"cnwqi4638","junior","N","B","烨","烨","pī","yè"
"cnwqi4639","junior","N","A","烩","烩","huì","gāo、gào"
"cnwqi4640","junior","N","B","烊","烊","wú","yáng、yàng"
"cnwqi4641","junior","N","A","剡","剡","yǎn、shàn","jiāo"
"cnwqi4642","junior","N","A","郯","郯","tán","jìng"
"cnwqi4643","junior","N","A","烬","烬","jìn","gōng、zhōng"
"cnwqi4644","junior","N","B","涑","涑","huò","sù"
"cnwqi4645","junior","N","B","浯","浯","zé、zhài","wú"
"cnwqi4646","junior","N","B","涞","涞","biàn","lái"
"cnwqi4647","junior","N","A","涟","涟","lián","duò"
"cnwqi4648","junior","N","B","娑","娑","shēng","suō"
"cnwqi4649","junior","N","A","涅","涅","niè","dǐ"
"cnwqi4650","junior","N","B","涠","涠","xì","wéi"
"cnwqi4651","junior","N","A","浞","浞","zhuó","qiáo"
"cnwqi4652","junior","N","B","涓","涓","sài","juān"
"cnwqi4653","junior","N","A","浥","浥","yì","lǚ"
"cnwqi4654","junior","N","B","涔","涔","fá","cén"
"cnwqi4655","junior","N","B","浜","浜","suǒ","bāng"
"cnwqi4656","junior","N","B","浠","浠","dòng","xī"
"cnwqi4657","junior","N","B","浣","浣","yíng","huàn"
"cnwqi4658","junior","N","A","浚","浚","jùn、xùn","òu、ōu"
"cnwqi4659","junior","N","A","悚","悚","sǒng","gé、lì"
"cnwqi4660","junior","N","A","悭","悭","qiān","wèi"
"cnwqi4661","junior","N","A","悝","悝","kuī、lǐ","cā"
"cnwqi4662","junior","N","B","悒","悒","zhǎng","yì"
"cnwqi4663","junior","N","A","悌","悌","tì","xíng"
"cnwqi4664","junior","N","A","悛","悛","quān","mén"
"cnwqi4665","junior","N","A","宸","宸","chén","gào"
"cnwqi4666","junior","N","B","窈","窈","gè、gě","yǎo"
"cnwqi4667","junior","N","B","剜","剜","zā","wān"
"cnwqi4668","junior","N","B","诹","诹","xī","zōu"
"cnwqi4669","junior","N","B","冢","冢","chèn","zhǒng"
"cnwqi4670","junior","N","A","诼","诼","zhuó","cǎi"
"cnwqi4671","junior","N","A","袒","袒","tǎn","zhòu"
"cnwqi4672","junior","N","B","袢","袢","bāo","pàn"
"cnwqi4673","junior","N","B","祯","祯","biǎo","zhēn"
"cnwqi4674","junior","N","B","诿","诿","kài","wěi"
"cnwqi4675","junior","N","B","谀","谀","yín、xún","yú"
"cnwqi4676","junior","N","A","谂","谂","shěn","mì"
"cnwqi4677","junior","N","A","谄","谄","chǎn","tóu、tou"
"cnwqi4678","junior","N","A","谇","谇","suì","kāi"
"cnwqi4679","junior","N","B","屐","屐","tǎn","jī"
"cnwqi4680","junior","N","A","屙","屙","ē","chǎn"
"cnwqi4681","junior","N","A","陬","陬","zōu","diē"
"cnwqi4682","junior","N","A","勐","勐","měng","qióng"
"cnwqi4683","junior","N","B","奘","奘","xún","zàng、zhuǎng"
"cnwqi4684","junior","N","A","牂","牂","zāng","tú"
"cnwqi4685","junior","N","B","蚩","蚩","líng","chī"
"cnwqi4686","junior","N","B","陲","陲","shǔ","chuí"
"cnwqi4687","junior","N","A","姬","姬","jī","lú"
"cnwqi4688","junior","N","A","娠","娠","shēn","luò"
"cnwqi4689","junior","N","A","娌","娌","lǐ","bīng"
"cnwqi4690","junior","N","B","娉","娉","zhòu","pīng"
"cnwqi4691","junior","N","A","娲","娲","wā","liǎn"
"cnwqi4692","junior","N","B","娩","娩","shàn","miǎn"
"cnwqi4693","junior","N","B","娴","娴","zào","xián"
"cnwqi4694","junior","N","B","娣","娣","móu","dì"
"cnwqi4695","junior","N","B","娓","娓","tù","wěi"
"cnwqi4696","junior","N","A","婀","婀","ē","lài"
"cnwqi4697","junior","N","A","畚","畚","běn","dài"
"cnwqi4698","junior","N","B","逡","逡","xī、xǐ","qūn"
"cnwqi4699","junior","N","A","绠","绠","gěng","róng"
"cnwqi4700","junior","N","B","骊","骊","nǚ","lí"
"cnwqi4701","junior","N","B","绡","绡","dīng","xiāo"
"cnwqi4702","junior","N","A","骋","骋","chěng","wù"
"cnwqi4703","junior","N","A","绥","绥","suí","gē、yì"
"cnwqi4704","junior","N","A","绦","绦","tāo","yè"
"cnwqi4705","junior","N","B","绨","绨","yǒu、yòu","tí、tì"
"cnwqi4706","junior","N","A","骎","骎","qīn","póu"
"cnwqi4707","junior","N","B","邕","邕","lèi、lē","yōng"
"cnwqi4708","junior","N","A","鸶","鸶","sī","táng"
"cnwqi4709","junior","N","A","彗","彗","huì","tǒng"
"cnwqi4710","junior","N","A","耜","耜","sì","chī"
"cnwqi4711","junior","N","A","焘","焘","tāo","jù"
"cnwqi4712","junior","N","A","舂","舂","chōng","jiàn"
"cnwqi4713","junior","N","A","琏","琏","liǎn","shuǐ"
"cnwqi4714","junior","N","A","琇","琇","xiù","láng"
"cnwqi4715","junior","N","B","麸","麸","yìng","fū"
"cnwqi4716","junior","N","B","揶","揶","xié","yé"
"cnwqi4717","junior","N","A","埴","埴","zhí","mèn"
"cnwqi4718","junior","N","A","埯","埯","ǎn","pán"
"cnwqi4719","junior","N","B","捯","捯","xī","dáo"
"cnwqi4720","junior","N","A","掳","掳","lǔ","miǎo"
"cnwqi4721","junior","N","A","掴","掴","guāi","tōng"
"cnwqi4722","junior","N","A","埸","埸","yì","zhé"
"cnwqi4723","junior","N","B","埵","埵","suàn","duǒ"
"cnwqi4724","junior","N","A","赧","赧","nǎn","chún"
"cnwqi4725","junior","N","A","埤","埤","pí、pì","rǔ"
"cnwqi4726","junior","N","A","捭","捭","bǎi","zhào"
"cnwqi4727","junior","N","A","逵","逵","kuí","shā、shà"
"cnwqi4728","junior","N","A","埝","埝","niàn","lán"
"cnwqi4729","junior","N","A","堋","堋","péng、bèng","dǔn"
"cnwqi4730","junior","N","A","堍","堍","tù","fū"
"cnwqi4731","junior","N","A","掬","掬","jū","hū"
"cnwqi4732","junior","N","A","鸷","鸷","zhì","jiàn"
"cnwqi4733","junior","N","B","掖","掖","shī","yè、yē"
"cnwqi4734","junior","N","B","捽","捽","chù","zuó"
"cnwqi4735","junior","N","B","掊","掊","chéng","pǒu、póu"
"cnwqi4736","junior","N","A","堉","堉","yù","gá"
"cnwqi4737","junior","N","B","掸","掸","zhǐ","dǎn、shàn"
"cnwqi4738","junior","N","B","捩","捩","dàng","liè"
"cnwqi4739","junior","N","B","掮","掮","lóu","qián"
"cnwqi4740","junior","N","A","悫","悫","què","jiāo"
"cnwqi4741","junior","N","B","埭","埭","chá","dài"
"cnwqi4742","junior","N","B","埽","埽","píng","sào、sǎo"
"cnwqi4743","junior","N","A","掇","掇","duō","tì"
"cnwqi4744","junior","N","A","掼","掼","guàn","shí、zhì"
"cnwqi4745","junior","N","A","聃","聃","dān","xiàn"
"cnwqi4746","junior","N","A","菁","菁","jīng","háng、héng、xíng"
"cnwqi4747","junior","N","A","萁","萁","qí","láng、làng"
"cnwqi4748","junior","N","A","菘","菘","sōng","duǒ"
"cnwqi4749","junior","N","B","堇","堇","bàn","jǐn"
"cnwqi4750","junior","N","A","萘","萘","nài","chàng"
"cnwqi4751","junior","N","A","萋","萋","qī","sì"
"cnwqi4752","junior","N","A","菽","菽","shū","mò"
"cnwqi4753","junior","N","A","菖","菖","chāng","yín"
"cnwqi4754","junior","N","A","萜","萜","tiē","sāi"
"cnwqi4755","junior","N","B","萸","萸","guō","yú"
"cnwqi4756","junior","N","B","萑","萑","zèng","huán"
"cnwqi4757","junior","N","A","棻","棻","fēn","niàng"
"cnwqi4758","junior","N","A","菔","菔","fú","pí"
"cnwqi4759","junior","N","B","菟","菟","diē","tù、tú"
"cnwqi4760","junior","N","B","萏","萏","sōu","dàn"
"cnwqi4761","junior","N","A","萃","萃","cuì","jiù"
"cnwqi4762","junior","N","A","菏","菏","hé","dōng"
"cnwqi4763","junior","N","A","菹","菹","zū","jùn"
"cnwqi4764","junior","N","B","菪","菪","zā","dàng"
"cnwqi4765","junior","N","A","菅","菅","jiān","mài"
"cnwqi4766","junior","N","B","菀","菀","dūn","wǎn、yùn"
"cnwqi4767","junior","N","A","萦","萦","yíng","jiǎ、jià"
"cnwqi4768","junior","N","A","菰","菰","gū","shū"
"cnwqi4769","junior","N","A","菡","菡","hàn","xuàn"
"cnwqi4770","junior","N","A","梵","梵","fàn","xù"
"cnwqi4771","junior","N","A","梿","梿","lián、liǎn","táng"
"cnwqi4772","junior","N","B","梏","梏","yǐ、yí","gù"
"cnwqi4773","junior","N","B","觋","觋","hōu","xí"
"cnwqi4774","junior","N","A","桴","桴","fú","sāng"
"cnwqi4775","junior","N","B","桷","桷","lóu、lou","jué"
"cnwqi4776","junior","N","B","梓","梓","shì","zǐ"
"cnwqi4777","junior","N","B","棁","棁","yōng、yòng","zhuō"
"cnwqi4778","junior","N","A","桫","桫","suō","héng"
"cnwqi4779","junior","N","B","棂","棂","dàn","líng"
"cnwqi4780","junior","N","A","啬","啬","sè","sòng"
"cnwqi4781","junior","N","A","郾","郾","yǎn","sū"
"cnwqi4782","junior","N","B","匮","匮","wū","kuì、guì"
"cnwqi4783","junior","N","B","敕","敕","jì","chì"
"cnwqi4784","junior","N","B","豉","豉","xiàn","chǐ"
"cnwqi4785","junior","N","A","鄄","鄄","juàn","jiā"
"cnwqi4786","junior","N","B","酞","酞","sāi、xǐ","tài"
"cnwqi4787","junior","N","B","酚","酚","zhú","fēn"
"cnwqi4788","junior","N","A","戛","戛","gā、jiá","lì、liàn"
"cnwqi4789","junior","N","B","硎","硎","lěi","xíng"
"cnwqi4790","junior","N","B","硭","硭","nǎn","máng"
"cnwqi4791","junior","N","B","硒","硒","bó、bèi","xī"
"cnwqi4792","junior","N","B","硖","硖","jiān","xiá"
"cnwqi4793","junior","N","B","硗","硗","dàn","qiāo"
"cnwqi4794","junior","N","A","硐","硐","dòng","yì"
"cnwqi4795","junior","N","A","硇","硇","náo","jué"
"cnwqi4796","junior","N","A","硌","硌","luò、gè","pàn"
"cnwqi4797","junior","N","B","鸸","鸸","háng","ér"
"cnwqi4798","junior","N","A","瓠","瓠","hù","yāo"
"cnwqi4799","junior","N","A","匏","匏","páo","dàn、shí"
"cnwqi4800","junior","N","A","厩","厩","jiù","lán"
"cnwqi4801","junior","N","A","龚","龚","gōng","yì"
"cnwqi4802","junior","N","B","殒","殒","chì","yǔn"
"cnwqi4803","junior","N","B","殓","殓","móu","liàn"
"cnwqi4804","junior","N","A","殍","殍","piǎo","xīn"
"cnwqi4805","junior","N","A","赉","赉","lài","xuān"
"cnwqi4806","junior","N","A","雩","雩","yú","nuó"
"cnwqi4807","junior","N","A","辄","辄","zhé","wěi"
"cnwqi4808","junior","N","A","堑","堑","qiàn、jiàn","lā、la"
"cnwqi4809","junior","N","B","眭","眭","guān","guì、suī"
"cnwqi4810","junior","N","B","眦","眦","jiè","zì"
"cnwqi4811","junior","N","A","啧","啧","zé","dòu"
"cnwqi4812","junior","N","A","晡","晡","bū","bá"
"cnwqi4813","junior","N","B","晤","晤","chū","wù"
"cnwqi4814","junior","N","B","眺","眺","cāo","tiào"
"cnwqi4815","junior","N","A","眵","眵","chī","chí"
"cnwqi4816","junior","N","B","眸","眸","tíng、tīng","móu"
"cnwqi4817","junior","N","A","圊","圊","qīng","bǐ"
"cnwqi4818","junior","N","B","喏","喏","chī","nuò、rě"
"cnwqi4819","junior","N","A","喵","喵","miāo","xiǔ"
"cnwqi4820","junior","N","B","啉","啉","dèng","lán、lín"
"cnwqi4821","junior","N","B","勖","勖","ǎi","xù"
"cnwqi4822","junior","N","B","晞","晞","shòu","xī"
"cnwqi4823","junior","N","A","唵","唵","ǎn","tán"
"cnwqi4824","junior","N","A","晗","晗","hán","hù"
"cnwqi4825","junior","N","A","冕","冕","miǎn","zhì"
"cnwqi4826","junior","N","B","啭","啭","lǚ","zhuàn"
"cnwqi4827","junior","N","A","畦","畦","qí","tǒng"
"cnwqi4828","junior","N","B","趺","趺","cāo","fū"
"cnwqi4829","junior","N","B","啮","啮","duó","niè"
"cnwqi4830","junior","N","A","跄","跄","qiāng、qiàng","chún"
"cnwqi4831","junior","N","B","蚶","蚶","biān","hān"
"cnwqi4832","junior","N","B","蛄","蛄","diāo","gū、gǔ"
"cnwqi4833","junior","N","B","蛎","蛎","bì","lì"
"cnwqi4834","junior","N","A","蛆","蛆","qū","xiá"
"cnwqi4835","junior","N","B","蚰","蚰","chú","yóu"
"cnwqi4836","junior","N","B","蛊","蛊","páo","gǔ"
"cnwqi4837","junior","N","B","圉","圉","shēn","yǔ"
"cnwqi4838","junior","N","B","蚱","蚱","miē、niè","zhà"
"cnwqi4839","junior","N","B","蛉","蛉","zhuàn","líng"
"cnwqi4840","junior","N","A","蛏","蛏","chēng","mǐn"
"cnwqi4841","junior","N","B","蚴","蚴","tāng","yòu"
"cnwqi4842","junior","N","B","啁","啁","lǐ","zhōu、zhāo、tiào"
"cnwqi4843","junior","N","B","啕","啕","huò、hù","táo"
"cnwqi4844","junior","N","A","唿","唿","hū","sì"
"cnwqi4845","junior","N","B","啐","啐","xí","cuì、qi"
"cnwqi4846","junior","N","A","唼","唼","shà","pín"
"cnwqi4847","junior","N","A","唷","唷","yō","è、yà"
"cnwqi4848","junior","N","B","啖","啖","mán","dàn"
"cnwqi4849","junior","N","A","啵","啵","bo","xù"
"cnwqi4850","junior","N","A","啶","啶","dìng","pò、bā、bō"
"cnwqi4851","junior","N","A","啷","啷","lāng","nèi、nà"
"cnwqi4852","junior","N","A","唳","唳","lì","léi"
"cnwqi4853","junior","N","A","唰","唰","shuā","fū"
"cnwqi4854","junior","N","B","啜","啜","gān、hán","chuò、chuài"
"cnwqi4855","junior","N","A","帻","帻","zé","bìn"
"cnwqi4856","junior","N","A","崚","崚","líng、léng","hè"
"cnwqi4857","junior","N","A","崦","崦","yān","liáo"
"cnwqi4858","junior","N","B","帼","帼","táo","guó"
"cnwqi4859","junior","N","A","崮","崮","gù","chá"
"cnwqi4860","junior","N","B","崤","崤","jīn","xiáo"
"cnwqi4861","junior","N","A","崆","崆","kōng","fán"
"cnwqi4862","junior","N","B","赇","赇","què","qiú"
"cnwqi4863","junior","N","A","赈","赈","zhèn","luó"
"cnwqi4864","junior","N","A","赊","赊","shē","péng"
"cnwqi4865","junior","N","B","铑","铑","guì、jiǒng","lǎo"
"cnwqi4866","junior","N","B","铒","铒","jiè、jí","ěr"
"cnwqi4867","junior","N","B","铗","铗","yōu","jiá"
"cnwqi4868","junior","N","B","铙","铙","yē","náo"
"cnwqi4869","junior","N","A","铟","铟","yīn","jiē、jié"
"cnwqi4870","junior","N","B","铠","铠","fǔ","kǎi"
"cnwqi4871","junior","N","A","铡","铡","zhá","yīn"
"cnwqi4872","junior","N","B","铢","铢","zhěn","zhū"
"cnwqi4873","junior","N","B","铣","铣","jī","xiǎn、xǐ"
"cnwqi4874","junior","N","B","铤","铤","wài","tǐng、dìng"
"cnwqi4875","junior","N","A","铧","铧","huá","shèn"
"cnwqi4876","junior","N","B","铨","铨","qiāng","quán"
"cnwqi4877","junior","N","A","铩","铩","shā","wú"
"cnwqi4878","junior","N","B","铪","铪","tàng","hā、kē"
"cnwqi4879","junior","N","A","铫","铫","diào、tiáo、yáo","cǎn"
"cnwqi4880","junior","N","A","铬","铬","gè","gǎn"
"cnwqi4881","junior","N","A","铮","铮","zhēng","yǔ"
"cnwqi4882","junior","N","A","铯","铯","sè","chán、càn"
"cnwqi4883","junior","N","A","铰","铰","jiǎo","xiāng"
"cnwqi4884","junior","N","B","铱","铱","lián","yī"
"cnwqi4885","junior","N","A","铳","铳","chòng","shì"
"cnwqi4886","junior","N","A","铵","铵","ǎn","qí"
"cnwqi4887","junior","N","A","铷","铷","rú","wú"
"cnwqi4888","junior","N","B","氪","氪","shī","kè"
"cnwqi4889","junior","N","A","牾","牾","wǔ","wéi"
"cnwqi4890","junior","N","B","鸹","鸹","zān","guā"
"cnwqi4891","junior","N","B","秾","秾","tíng","nóng"
"cnwqi4892","junior","N","A","逶","逶","wēi","chāo"
"cnwqi4893","junior","N","B","笺","笺","pì","jiān"
"cnwqi4894","junior","N","A","筇","筇","qióng","qì"
"cnwqi4895","junior","N","A","笸","笸","pǒ","wǎn"
"cnwqi4896","junior","N","A","笪","笪","dá","chuò"
"cnwqi4897","junior","N","A","笮","笮","zuó、zé","yí、chì"
"cnwqi4898","junior","N","B","笠","笠","zhū","lì"
"cnwqi4899","junior","N","B","笥","笥","fèng","sì"
"cnwqi4900","junior","N","B","笤","笤","chōu","tiáo"
"cnwqi4901","junior","N","A","笳","笳","jiā","dī"
"cnwqi4902","junior","N","A","笾","笾","biān","hú"
"cnwqi4903","junior","N","A","笞","笞","chī","kēng"
"cnwqi4904","junior","N","B","偾","偾","láng","fèn"
"cnwqi4905","junior","N","B","偃","偃","xiǎo","yǎn"
"cnwqi4906","junior","N","A","偕","偕","xié","xūn、xùn"
"cnwqi4907","junior","N","A","偈","偈","jì、jié","fū"
"cnwqi4908","junior","N","A","傀","傀","kuǐ、guī","duò"
"cnwqi4909","junior","N","A","偬","偬","zǒng","yǎn"
"cnwqi4910","junior","N","A","偻","偻","lǚ、lóu","lú"
"cnwqi4911","junior","N","B","皑","皑","zhě","ái"
"cnwqi4912","junior","N","A","皎","皎","jiǎo","wēn"
"cnwqi4913","junior","N","A","鸻","鸻","héng","ào"
"cnwqi4914","junior","N","B","徜","徜","lā","cháng"
"cnwqi4915","junior","N","B","舸","舸","duō","gě"
"cnwqi4916","junior","N","A","舻","舻","lú","qiàn、xī"
"cnwqi4917","junior","N","B","舴","舴","gē、gé","zé"
"cnwqi4918","junior","N","B","舷","舷","lèi、lē","xián"
"cnwqi4919","junior","N","A","龛","龛","kān","móu、miù、miào、mù、liǎo"
"cnwqi4920","junior","N","A","翎","翎","líng","gān"
"cnwqi4921","junior","N","A","脬","脬","pāo","wù"
"cnwqi4922","junior","N","B","脘","脘","mèng","wǎn"
"cnwqi4923","junior","N","A","脲","脲","niào","jì"
"cnwqi4924","junior","N","B","匐","匐","yàn","fú"
"cnwqi4925","junior","N","B","猗","猗","wù","yī、yǐ"
"cnwqi4926","junior","N","A","猡","猡","luó","jiā"
"cnwqi4927","junior","N","B","猞","猞","yīn","shē"
"cnwqi4928","junior","N","A","猝","猝","cù","dì"
"cnwqi4929","junior","N","A","斛","斛","hú","yì"
"cnwqi4930","junior","N","A","猕","猕","mí","biān"
"cnwqi4931","junior","N","A","馗","馗","kuí","xié"
"cnwqi4932","junior","N","A","馃","馃","guǒ","jūn"
"cnwqi4933","junior","N","B","馄","馄","réng","hún"
"cnwqi4934","junior","N","B","鸾","鸾","qiàn","luán"
"cnwqi4935","junior","N","B","孰","孰","wò、guǎn","shú"
"cnwqi4936","junior","N","A","庹","庹","tuǒ","péng、bèng"
"cnwqi4937","junior","N","A","庾","庾","yǔ","xī"
"cnwqi4938","junior","N","A","痔","痔","zhì","jí"
"cnwqi4939","junior","N","A","痍","痍","yí","bà"
"cnwqi4940","junior","N","B","疵","疵","dǐ、chí","cī"
"cnwqi4941","junior","N","B","翊","翊","yì","yì"
"cnwqi4942","junior","N","B","旌","旌","pài","jīng"
"cnwqi4943","junior","N","A","旎","旎","nǐ","bì"
"cnwqi4944","junior","N","A","袤","袤","mào","hù"
"cnwqi4945","junior","N","B","阇","阇","ài","dū、shé"
"cnwqi4946","junior","N","B","阈","阈","liú","yù"
"cnwqi4947","junior","N","B","阉","阉","qí","yān"
"cnwqi4948","junior","N","A","阊","阊","chāng","liǎng"
"cnwqi4949","junior","N","B","阋","阋","yì","xì"
"cnwqi4950","junior","N","B","阍","阍","lǐ","hūn"
"cnwqi4951","junior","N","B","阏","阏","dié、zhá","yān"
"cnwqi4952","junior","N","A","羟","羟","qiǎng","cán"
"cnwqi4953","junior","N","A","粝","粝","lì","yī"
"cnwqi4954","junior","N","B","粕","粕","yuán","pò"
"cnwqi4955","junior","N","B","敝","敝","zuān、zuàn","bì"
"cnwqi4956","junior","N","A","焐","焐","wù","yīng"
"cnwqi4957","junior","N","A","烯","烯","xī","fāng、fáng"
"cnwqi4958","junior","N","B","焓","焓","xiè","hán"
"cnwqi4959","junior","N","B","烽","烽","měi","fēng"
"cnwqi4960","junior","N","A","焖","焖","mèn","qiú"
"cnwqi4961","junior","N","A","烷","烷","wán","xiē"
"cnwqi4962","junior","N","A","焗","焗","jú","lú"
"cnwqi4963","junior","N","B","渍","渍","chéng","zì"
"cnwqi4964","junior","N","B","渚","渚","tāi、tái","zhǔ"
"cnwqi4965","junior","N","A","淇","淇","qí","chǎng"
"cnwqi4966","junior","N","B","淅","淅","yī","xī"
"cnwqi4967","junior","N","B","淞","淞","zhà","sōng"
"cnwqi4968","junior","N","A","渎","渎","dú、dòu","cūn"
"cnwqi4969","junior","N","B","涿","涿","qiào","zhuō"
"cnwqi4970","junior","N","B","淖","淖","guān","nào、chuò、zhuō"
"cnwqi4971","junior","N","B","挲","挲","yìn、xūn","sā、suō"
"cnwqi4972","junior","N","A","淠","淠","pì、pèi","qū"
"cnwqi4973","junior","N","A","涸","涸","hé","ǎn"
"cnwqi4974","junior","N","B","渑","渑","gū","miǎn、shéng"
"cnwqi4975","junior","N","B","淦","淦","fú、bì","gàn"
"cnwqi4976","junior","N","A","淝","淝","féi","dǒng"
"cnwqi4977","junior","N","B","淬","淬","qù","cuì"
"cnwqi4978","junior","N","A","涪","涪","fú","jiù"
"cnwqi4979","junior","N","A","淙","淙","cóng","zhí"
"cnwqi4980","junior","N","B","涫","涫","qiáo","guàn"
"cnwqi4981","junior","N","B","渌","渌","dì","lù"
"cnwqi4982","junior","N","B","淄","淄","gāo","zī"
"cnwqi4983","junior","N","A","惬","惬","qiè","chī"
"cnwqi4984","junior","N","A","悻","悻","xìng","guī"
"cnwqi4985","junior","N","A","悱","悱","fěi","bì、pí"
"cnwqi4986","junior","N","B","惝","惝","wěn","chǎng"
"cnwqi4987","junior","N","B","惘","惘","chù","wǎng"
"cnwqi4988","junior","N","A","悸","悸","jì","rì"
"cnwqi4989","junior","N","B","惆","惆","yú","chóu"
"cnwqi4990","junior","N","A","惚","惚","hū","yú"
"cnwqi4991","junior","N","B","惇","惇","tíng","dūn"
"cnwqi4992","junior","N","A","惮","惮","dàn、dá","tíng"
"cnwqi4993","junior","N","B","窕","窕","shú","tiǎo、yáo"
"cnwqi4994","junior","N","B","谌","谌","yà","chén、shèn"
"cnwqi4995","junior","N","A","谏","谏","jiàn","tā"
"cnwqi4996","junior","N","B","扈","扈","huí","hù"
"cnwqi4997","junior","N","B","皲","皲","xīng","jūn"
"cnwqi4998","junior","N","A","谑","谑","xuè","tàng、tāng"
"cnwqi4999","junior","N","B","裆","裆","xún","dāng"
"cnwqi5000","junior","N","A","袷","袷","jiá、jié、qiā","pài"
"cnwqi5001","junior","N","A","裉","裉","kèn","yòu"
"cnwqi5002","junior","N","B","谒","谒","yì","yè"
"cnwqi5003","junior","N","A","谔","谔","è","zāng、zàng、cáng"
"cnwqi5004","junior","N","B","谕","谕","qīng","yù"
"cnwqi5005","junior","N","B","谖","谖","quán","xuān"
"cnwqi5006","junior","N","B","谗","谗","luán","chán"
"cnwqi5007","junior","N","B","谙","谙","mǔ","ān"
"cnwqi5008","junior","N","A","谛","谛","dì","guāng"
"cnwqi5009","junior","N","B","谝","谝","nèi、nà","piǎn"
"cnwqi5010","junior","N","A","逯","逯","lù","zé、shì"
"cnwqi5011","junior","N","B","郿","郿","shèng","méi"
"cnwqi5012","junior","N","A","隈","隈","wēi","sú"
"cnwqi5013","junior","N","A","粜","粜","tiào","yáng"
"cnwqi5014","junior","N","A","隍","隍","huáng","shù"
"cnwqi5015","junior","N","B","隗","隗","shì","wěi、kuí"
"cnwqi5016","junior","N","B","婧","婧","jū","jìng"
"cnwqi5017","junior","N","A","婊","婊","biǎo","tì"
"cnwqi5018","junior","N","B","婕","婕","bì","jié"
"cnwqi5019","junior","N","B","娼","娼","náo","chāng"
"cnwqi5020","junior","N","A","婢","婢","bì","liè"
"cnwqi5021","junior","N","B","婵","婵","xiàn","chán"
"cnwqi5022","junior","N","B","胬","胬","zhòu","nǔ"
"cnwqi5023","junior","N","A","袈","袈","jiā","guō"
"cnwqi5024","junior","N","B","翌","翌","duǎn","yì"
"cnwqi5025","junior","N","B","恿","恿","yǒu","yǒng"
"cnwqi5026","junior","N","B","欸","欸","lán","èi、ěi、ǎi"
"cnwqi5027","junior","N","A","绫","绫","líng","gòng"
"cnwqi5028","junior","N","B","骐","骐","yān","qí"
"cnwqi5029","junior","N","A","绮","绮","qǐ","xiào、jiào"
"cnwqi5030","junior","N","B","绯","绯","zhī","fēi"
"cnwqi5031","junior","N","B","绱","绱","jìn","shàng"
"cnwqi5032","junior","N","A","骒","骒","kè","bào"
"cnwqi5033","junior","N","B","绲","绲","xūn","gǔn"
"cnwqi5034","junior","N","B","骓","骓","dū","zhuī"
"cnwqi5035","junior","N","A","绶","绶","shòu","mǎo"
"cnwqi5036","junior","N","B","绺","绺","kuāng","liǔ"
"cnwqi5037","junior","N","A","绻","绻","quǎn","wéi"
"cnwqi5038","junior","N","A","绾","绾","wǎn","lüè"
"cnwqi5039","junior","N","A","骖","骖","cān","lú"
"cnwqi5040","junior","N","B","缁","缁","jiǎo、yáo","zī"
"cnwqi5041","junior","N","B","耠","耠","qián","huō"
"cnwqi5042","junior","N","A","琫","琫","běng","dèng"
"cnwqi5043","junior","N","A","琵","琵","pí","tóng"
"cnwqi5044","junior","N","A","琶","琶","pá","qiào"
"cnwqi5045","junior","N","A","琪","琪","qí","bǎi"
"cnwqi5046","junior","N","A","瑛","瑛","yīng","cuì"
"cnwqi5047","junior","N","B","琦","琦","bīn、bīng","qí"
"cnwqi5048","junior","N","A","琥","琥","hǔ","jiǎng"
"cnwqi5049","junior","N","A","琨","琨","kūn","hóng"
"cnwqi5050","junior","N","B","靓","靓","fèi","jìng、liàng"
"cnwqi5051","junior","N","A","琰","琰","yǎn","sù"
"cnwqi5052","junior","N","B","琮","琮","zhēn","cóng"
"cnwqi5053","junior","N","A","琯","琯","guǎn","zǎn"
"cnwqi5054","junior","N","B","琬","琬","hái","wǎn"
"cnwqi5055","junior","N","A","琛","琛","chēn","yòu、yóu"
"cnwqi5056","junior","N","B","琚","琚","sǔn","jū"
"cnwqi5057","junior","N","B","辇","辇","qíng","niǎn"
"cnwqi5058","junior","N","B","鼋","鼋","liē、liě、lié、lie","yuán"
"cnwqi5059","junior","N","B","揳","揳","tái","xiē"
"cnwqi5060","junior","N","A","堞","堞","dié","chāng"
"cnwqi5061","junior","N","A","搽","搽","chá","kěn"
"cnwqi5062","junior","N","A","揸","揸","zhā","bié"
"cnwqi5063","junior","N","B","揠","揠","chóu、táo、dào","yà"
"cnwqi5064","junior","N","A","堙","堙","yīn","hàn"
"cnwqi5065","junior","N","A","趄","趄","qiè、jū","máng"
"cnwqi5066","junior","N","A","揖","揖","yī","nà"
"cnwqi5067","junior","N","A","颉","颉","jié、xié、jiá","jí"
"cnwqi5068","junior","N","A","塄","塄","léng","zēng"
"cnwqi5069","junior","N","B","揿","揿","xián","qìn"
"cnwqi5070","junior","N","A","耋","耋","dié","juān"
"cnwqi5071","junior","N","B","揄","揄","kū","yú"
"cnwqi5072","junior","N","B","蛩","蛩","yōu","qióng"
"cnwqi5073","junior","N","B","蛰","蛰","luó","zhé"
"cnwqi5074","junior","N","B","塆","塆","lián","wān"
"cnwqi5075","junior","N","A","摒","摒","bìng","jiān"
"cnwqi5076","junior","N","B","揆","揆","zhá","kuí"
"cnwqi5077","junior","N","A","掾","掾","yuàn","wěi、wēi"
"cnwqi5078","junior","N","B","聒","聒","sù","guō"
"cnwqi5079","junior","N","B","葑","葑","suō","fēng"
"cnwqi5080","junior","N","A","葚","葚","rèn、shèn","jiàn、jiān"
"cnwqi5081","junior","N","A","靰","靰","wù","dīng"
"cnwqi5082","junior","N","A","靸","靸","sǎ","gàn、hàn"
"cnwqi5083","junior","N","A","葳","葳","wēi","jì"
"cnwqi5084","junior","N","B","葺","葺","yùn","qì"
"cnwqi5085","junior","N","A","葸","葸","xǐ","biāo"
"cnwqi5086","junior","N","B","萼","萼","liè","è"
"cnwqi5087","junior","N","A","葆","葆","bǎo","jǐng"
"cnwqi5088","junior","N","A","葩","葩","pā","tún"
"cnwqi5089","junior","N","B","葶","葶","yú","tíng"
"cnwqi5090","junior","N","B","蒌","蒌","duó","lóu"
"cnwqi5091","junior","N","A","萱","萱","xuān","jī"
"cnwqi5092","junior","N","A","戟","戟","jǐ","hóng"
"cnwqi5093","junior","N","B","葭","葭","duō","jiā"
"cnwqi5094","junior","N","B","楮","楮","wò、guǎn","chǔ"
"cnwqi5095","junior","N","B","棼","棼","běng","fén"
"cnwqi5096","junior","N","B","椟","椟","hěn","dú"
"cnwqi5097","junior","N","A","棹","棹","zhào、zhuō","yà、zhá"
"cnwqi5098","junior","N","B","椤","椤","dí、zhái","luó"
"cnwqi5099","junior","N","B","棰","棰","lián","chuí"
"cnwqi5100","junior","N","A","赍","赍","jī","fán"
"cnwqi5101","junior","N","A","椋","椋","liáng","liǎng"
"cnwqi5102","junior","N","A","椁","椁","guǒ","xuàn"
"cnwqi5103","junior","N","A","椪","椪","pèng","huò、hù"
"cnwqi5104","junior","N","B","棣","棣","dōng","dì、dài、tì"
"cnwqi5105","junior","N","B","椐","椐","bēi","jū"
"cnwqi5106","junior","N","B","鹁","鹁","dié","bó"
"cnwqi5107","junior","N","A","覃","覃","tán、qín","huáng"
"cnwqi5108","junior","N","B","酤","酤","qīng","gū"
"cnwqi5109","junior","N","A","酢","酢","zuò","pí、pì"
"cnwqi5110","junior","N","A","酡","酡","tuó","zōu"
"cnwqi5111","junior","N","B","鹂","鹂","chǐ","lí"
"cnwqi5112","junior","N","B","厥","厥","huō、huò、huá","jué"
"cnwqi5113","junior","N","A","殚","殚","dān","bào"
"cnwqi5114","junior","N","A","殛","殛","jí","lù"
"cnwqi5115","junior","N","A","雯","雯","wén","yóu、wāng"
"cnwqi5116","junior","N","A","雱","雱","pāng","sūn"
"cnwqi5117","junior","N","A","辊","辊","gǔn","kěn"
"cnwqi5118","junior","N","A","辋","辋","wǎng","děng"
"cnwqi5119","junior","N","B","椠","椠","huáng","qiàn"
"cnwqi5120","junior","N","B","辍","辍","píng","chuò"
"cnwqi5121","junior","N","A","辎","辎","zī","jū"
"cnwqi5122","junior","N","B","斐","斐","yì","fěi、fēi"
"cnwqi5123","junior","N","B","睄","睄","wàng","qiáo、shào、xiāo"
"cnwqi5124","junior","N","A","睑","睑","jiǎn","yán"
"cnwqi5125","junior","N","B","睇","睇","sāo、sǎo","dì"
"cnwqi5126","junior","N","B","睃","睃","jiàn、jiān","suō"
"cnwqi5127","junior","N","A","戢","戢","jí","wán"
"cnwqi5128","junior","N","A","喋","喋","dié、zhá","huán"
"cnwqi5129","junior","N","B","嗒","嗒","fú","dā、tà"
"cnwqi5130","junior","N","A","喃","喃","nán","chèn"
"cnwqi5131","junior","N","B","喱","喱","gòu","lí"
"cnwqi5132","junior","N","A","喹","喹","kuí","pī"
"cnwqi5133","junior","N","B","晷","晷","hái","guǐ"
"cnwqi5134","junior","N","A","喈","喈","jiē","wǎn"
"cnwqi5135","junior","N","A","跖","跖","zhí","chéng"
"cnwqi5136","junior","N","B","跗","跗","hào","fū"
"cnwqi5137","junior","N","A","跞","跞","lì、luò","liǎo、lù"
"cnwqi5138","junior","N","A","跚","跚","shān","yóu"
"cnwqi5139","junior","N","B","跎","跎","lǎo、lào、liáo","tuó"
"cnwqi5140","junior","N","B","跏","跏","jì","jiā"
"cnwqi5141","junior","N","B","跆","跆","qīn","tái"
"cnwqi5142","junior","N","A","蛱","蛱","jiá","xián、xuán"
"cnwqi5143","junior","N","B","蛲","蛲","chéng","náo"
"cnwqi5144","junior","N","A","蛭","蛭","zhì","bó"
"cnwqi5145","junior","N","A","蛳","蛳","sī","féi"
"cnwqi5146","junior","N","A","蛐","蛐","qū","shā"
"cnwqi5147","junior","N","A","蛔","蛔","huí","sǎo"
"cnwqi5148","junior","N","A","蛞","蛞","kuò","pái"
"cnwqi5149","junior","N","B","蛴","蛴","fāng、fáng","qí"
"cnwqi5150","junior","N","B","蛟","蛟","jiāo","jiāo"
"cnwqi5151","junior","N","A","蛘","蛘","yáng","diàn"
"cnwqi5152","junior","N","A","喁","喁","yóng、yú","niǔ"
"cnwqi5153","junior","N","B","喟","喟","qǔ","kuì"
"cnwqi5154","junior","N","B","啾","啾","qí","jiū"
"cnwqi5155","junior","N","B","嗖","嗖","jué","sōu"
"cnwqi5156","junior","N","B","喑","喑","lí","yīn"
"cnwqi5157","junior","N","A","嗟","嗟","jiē","lán"
"cnwqi5158","junior","N","A","喽","喽","lóu、lou","hòu"
"cnwqi5159","junior","N","A","嗞","嗞","zī","mǔ"
"cnwqi5160","junior","N","B","喀","喀","ruǎn","kā"
"cnwqi5161","junior","N","B","喔","喔","bǎ、bà","ō、wō"
"cnwqi5162","junior","N","B","喙","喙","ěr","huì"
"cnwqi5163","junior","N","B","嵘","嵘","gāng","róng"
"cnwqi5164","junior","N","A","嵖","嵖","chá","chēn"
"cnwqi5165","junior","N","A","崴","崴","wēi、wǎi","pīn"
"cnwqi5166","junior","N","B","遄","遄","xiān、qiān","chuán"
"cnwqi5167","junior","N","B","詈","詈","fén","lì"
"cnwqi5168","junior","N","B","嵎","嵎","gǔ","yú"
"cnwqi5169","junior","N","B","崽","崽","suǒ","zǎi"
"cnwqi5170","junior","N","A","嵬","嵬","wéi","xiāo"
"cnwqi5171","junior","N","A","嵛","嵛","yú","qiáo"
"cnwqi5172","junior","N","A","嵯","嵯","cuó","shī"
"cnwqi5173","junior","N","B","嵝","嵝","rǎn","lǒu"
"cnwqi5174","junior","N","A","嵫","嵫","zī","yá"
"cnwqi5175","junior","N","B","幄","幄","xī","wò"
"cnwqi5176","junior","N","B","嵋","嵋","féng、hóng","méi"
"cnwqi5177","junior","N","B","赕","赕","biāo","dǎn"
"cnwqi5178","junior","N","B","铻","铻","jīn","wú"
"cnwqi5179","junior","N","A","铼","铼","lái","gàn"
"cnwqi5180","junior","N","B","铿","铿","guǐ","kēng"
"cnwqi5181","junior","N","B","锃","锃","mǐn、hūn","zèng"
"cnwqi5182","junior","N","B","锂","锂","luò、gè","lǐ"
"cnwqi5183","junior","N","B","锆","锆","dòng、tóng","gào"
"cnwqi5184","junior","N","B","锇","锇","dǔ","é"
"cnwqi5185","junior","N","B","锉","锉","dǐ","cuò"
"cnwqi5186","junior","N","B","锏","锏","dí","jiǎn"
"cnwqi5187","junior","N","B","锑","锑","hāi、hēi","tī"
"cnwqi5188","junior","N","B","锒","锒","wǔ","láng"
"cnwqi5189","junior","N","A","锔","锔","jū、jú","jiù"
"cnwqi5190","junior","N","A","锕","锕","ā","jìn"
"cnwqi5191","junior","N","A","掣","掣","chè","gū"
"cnwqi5192","junior","N","B","矬","矬","lì","cuó"
"cnwqi5193","junior","N","B","氰","氰","ǒu","qíng"
"cnwqi5194","junior","N","B","毳","毳","gá","cuì"
"cnwqi5195","junior","N","B","毽","毽","jiàn","jiàn"
"cnwqi5196","junior","N","A","犊","犊","dú","lán"
"cnwqi5197","junior","N","B","犄","犄","lòu","jī"
"cnwqi5198","junior","N","B","犋","犋","huáng","jù"
"cnwqi5199","junior","N","B","鹄","鹄","lín","hú"
"cnwqi5200","junior","N","A","犍","犍","jiān、qián","wěi"
"cnwqi5201","junior","N","A","嵇","嵇","jī","qú、jù"
"cnwqi5202","junior","N","B","黍","黍","ào","shǔ"
"cnwqi5203","junior","N","A","稃","稃","fū","yǎn"
"cnwqi5204","junior","N","B","稂","稂","yōng","láng"
"cnwqi5205","junior","N","A","筚","筚","bì","jiè"
"cnwqi5206","junior","N","B","筵","筵","mī、mǐ","yán"
"cnwqi5207","junior","N","A","筌","筌","quán","gū"
"cnwqi5208","junior","N","B","傣","傣","tài","dǎi"
"cnwqi5209","junior","N","B","傈","傈","jí","lì"
"cnwqi5210","junior","N","A","舄","舄","xì","xū"
"cnwqi5211","junior","N","B","牍","牍","yǐ","dú"
"cnwqi5212","junior","N","A","傥","傥","tǎng","fū"
"cnwqi5213","junior","N","A","傧","傧","bīn","xuān"
"cnwqi5214","junior","N","A","遑","遑","huáng","suō"
"cnwqi5215","junior","N","A","傩","傩","nuó","hú"
"cnwqi5216","junior","N","B","遁","遁","jì","dùn"
"cnwqi5217","junior","N","B","徨","徨","chì","huáng"
"cnwqi5218","junior","N","A","媭","媭","xū","cuō"
"cnwqi5219","junior","N","B","畲","畲","niǔ","shē"
"cnwqi5220","junior","N","A","弑","弑","shì","ài"
"cnwqi5221","junior","N","B","颌","颌","hàn","hé、gé"
"cnwqi5222","junior","N","A","翕","翕","xī","gù"
"cnwqi5223","junior","N","A","釉","釉","yòu","xìn"
"cnwqi5224","junior","N","A","鹆","鹆","yù","qǔ"
"cnwqi5225","junior","N","B","舜","舜","qīn","shùn"
"cnwqi5226","junior","N","A","貂","貂","diāo","yǐng"
"cnwqi5227","junior","N","A","腈","腈","jīng","gá"
"cnwqi5228","junior","N","A","腌","腌","ā、yān","xiū"
"cnwqi5229","junior","N","B","腓","腓","yuǎn、yuàn","féi"
"cnwqi5230","junior","N","B","腆","腆","měi","tiǎn"
"cnwqi5231","junior","N","A","腴","腴","yú","yáng"
"cnwqi5232","junior","N","B","腑","腑","gǔ","fǔ"
"cnwqi5233","junior","N","A","腚","腚","dìng","kuāng"
"cnwqi5234","junior","N","A","腱","腱","jiàn","jiù"
"cnwqi5235","junior","N","B","鱿","鱿","dié","yóu"
"cnwqi5236","junior","N","A","鲀","鲀","tún","chēn、shēn"
"cnwqi5237","junior","N","A","鲂","鲂","fáng","mèn"
"cnwqi5238","junior","N","B","颍","颍","chūn","yǐng"
"cnwqi5239","junior","N","A","猢","猢","hú","hù"
"cnwqi5240","junior","N","A","猹","猹","chá","chàng"
"cnwqi5241","junior","N","A","猥","猥","wěi","gū"
"cnwqi5242","junior","N","B","飓","飓","xiàng","jù"
"cnwqi5243","junior","N","B","觞","觞","là","shāng"
"cnwqi5244","junior","N","B","觚","觚","gài","gū"
"cnwqi5245","junior","N","B","猱","猱","zhǔ、chǔ","náo"
"cnwqi5246","junior","N","A","颎","颎","jiǒng","huáng"
"cnwqi5247","junior","N","B","飧","飧","dūn、duì","sūn"
"cnwqi5248","junior","N","A","馇","馇","chā、zha","xiá"
"cnwqi5249","junior","N","A","馊","馊","sōu","zhāng"
"cnwqi5250","junior","N","A","亵","亵","xiè","qiǎn"
"cnwqi5251","junior","N","B","脔","脔","zuò、zhà","luán"
"cnwqi5252","junior","N","B","裒","裒","jiāo","póu"
"cnwqi5253","junior","N","B","痣","痣","jiǎ","zhì"
"cnwqi5254","junior","N","A","痨","痨","láo","qīn"
"cnwqi5255","junior","N","A","痦","痦","wù","jiǎn"
"cnwqi5256","junior","N","A","痞","痞","pǐ","méng"
"cnwqi5257","junior","N","A","痤","痤","cuó","yāo"
"cnwqi5258","junior","N","B","痫","痫","wā","xián"
"cnwqi5259","junior","N","B","痧","痧","bā","shā"
"cnwqi5260","junior","N","B","赓","赓","yǒng","gēng"
"cnwqi5261","junior","N","A","竦","竦","sǒng","qiú"
"cnwqi5262","junior","N","B","瓿","瓿","kuǐ","bù"
"cnwqi5263","junior","N","B","啻","啻","yǎn","chì"
"cnwqi5264","junior","N","B","颏","颏","lóng","kē、ké"
"cnwqi5265","junior","N","A","鹇","鹇","xián","qióng"
"cnwqi5266","junior","N","A","阑","阑","lán","xìn、shēn"
"cnwqi5267","junior","N","A","阒","阒","qù","báo"
"cnwqi5268","junior","N","B","阕","阕","biāo、pāo","què"
"cnwqi5269","junior","N","B","粞","粞","nǐ、nì","xī"
"cnwqi5270","junior","N","A","遒","遒","qiú","lí"
"cnwqi5271","junior","N","A","孳","孳","zī","qún"
"cnwqi5272","junior","N","A","焯","焯","zhuō、chāo","zhōng"
"cnwqi5273","junior","N","A","焜","焜","kūn","sì"
"cnwqi5274","junior","N","A","焙","焙","bèi","chà、shā"
"cnwqi5275","junior","N","A","焱","焱","yàn","huì、kuài"
"cnwqi5276","junior","N","A","鹈","鹈","tí","xián"
"cnwqi5277","junior","N","A","湛","湛","zhàn","dān"
"cnwqi5278","junior","N","A","渫","渫","xiè","kuò"
"cnwqi5279","junior","N","B","湮","湮","sāng","yān、yīn"
"cnwqi5280","junior","N","B","湎","湎","jìn","miǎn"
"cnwqi5281","junior","N","B","湜","湜","guǎn","shí"
"cnwqi5282","junior","N","A","渭","渭","wèi","méi"
"cnwqi5283","junior","N","A","湍","湍","tuān","mó、mú"
"cnwqi5284","junior","N","A","湫","湫","qiū、jiǎo","zǐ"
"cnwqi5285","junior","N","B","溲","溲","kòu","sōu"
"cnwqi5286","junior","N","B","湟","湟","gǔ","huáng"
"cnwqi5287","junior","N","B","溆","溆","shù","xù"
"cnwqi5288","junior","N","A","湲","湲","yuán","tún"
"cnwqi5289","junior","N","B","湔","湔","lù","jiān"
"cnwqi5290","junior","N","A","湉","湉","tián","gǔ"
"cnwqi5291","junior","N","B","渥","渥","pā","wò"
"cnwqi5292","junior","N","B","湄","湄","tā","méi"
"cnwqi5293","junior","N","B","滁","滁","chǎn","chú"
"cnwqi5294","junior","N","B","愠","愠","cáng、zàng","yùn"
"cnwqi5295","junior","N","A","惺","惺","xīng","táng"
"cnwqi5296","junior","N","B","愦","愦","yán","kuì"
"cnwqi5297","junior","N","B","惴","惴","shèn","zhuì"
"cnwqi5298","junior","N","B","愀","愀","hú","qiǎo"
"cnwqi5299","junior","N","B","愎","愎","chāng","bì"
"cnwqi5300","junior","N","B","愔","愔","cóng","yīn"
"cnwqi5301","junior","N","B","喾","喾","tēng","kù"
"cnwqi5302","junior","N","A","寐","寐","mèi","zhī"
"cnwqi5303","junior","N","A","谟","谟","mó","hù"
"cnwqi5304","junior","N","B","扉","扉","tòng","fēi"
"cnwqi5305","junior","N","A","裢","裢","lián","liàng"
"cnwqi5306","junior","N","A","裎","裎","chéng、chěng","jù"
"cnwqi5307","junior","N","B","裥","裥","yǔ","jiǎn"
"cnwqi5308","junior","N","A","祾","祾","líng","rè"
"cnwqi5309","junior","N","B","祺","祺","yòu","qí"
"cnwqi5310","junior","N","B","谠","谠","màn","dǎng"
"cnwqi5311","junior","N","A","幂","幂","mì","kuǎn"
"cnwqi5312","junior","N","B","谡","谡","tì","sù"
"cnwqi5313","junior","N","A","谥","谥","shì","dú、dài"
"cnwqi5314","junior","N","A","谧","谧","mì","cān、shēn、cēn、sān"
"cnwqi5315","junior","N","B","遐","遐","bīng","xiá"
"cnwqi5316","junior","N","A","孱","孱","chán、càn","ruì"
"cnwqi5317","junior","N","A","弼","弼","bì","yān"
"cnwqi5318","junior","N","B","巽","巽","fēn","xùn"
"cnwqi5319","junior","N","B","骘","骘","xiōng","zhì"
"cnwqi5320","junior","N","A","媪","媪","ǎo","lüè"
"cnwqi5321","junior","N","B","媛","媛","zhǔ、chǔ","yuàn、yuán"
"cnwqi5322","junior","N","B","婷","婷","xù","tíng"
"cnwqi5323","junior","N","B","巯","巯","tún、zhūn、dùn","qiú"
"cnwqi5324","junior","N","A","翚","翚","huī","zhōu"
"cnwqi5325","junior","N","A","皴","皴","cūn","shāo、shào"
"cnwqi5326","junior","N","B","婺","婺","shù","wù"
"cnwqi5327","junior","N","B","骛","骛","hóng","wù"
"cnwqi5328","junior","N","B","缂","缂","yāng、yàng","kè"
"cnwqi5329","junior","N","A","缃","缃","xiāng","rú"
"cnwqi5330","junior","N","A","缄","缄","jiān","guì、jué"
"cnwqi5331","junior","N","A","彘","彘","zhì","qiǎng"
"cnwqi5332","junior","N","A","缇","缇","tí","zhí"
"cnwqi5333","junior","N","B","缈","缈","ruò","miǎo"
"cnwqi5334","junior","N","A","缌","缌","sī","jī"
"cnwqi5335","junior","N","B","缑","缑","tún","gōu"
"cnwqi5336","junior","N","B","缒","缒","wò","zhuì"
"cnwqi5337","junior","N","A","缗","缗","mín","màn"
"cnwqi5338","junior","N","A","飨","飨","xiǎng","yān、yīn"
"cnwqi5339","junior","N","B","耢","耢","miē","lào"
"cnwqi5340","junior","N","B","瑚","瑚","jiā","hú"
"cnwqi5341","junior","N","B","瑁","瑁","qiá","mào"
"cnwqi5342","junior","N","B","瑜","瑜","huī","yú"
"cnwqi5343","junior","N","A","瑗","瑗","yuàn","gāi"
"cnwqi5344","junior","N","B","瑄","瑄","zhuó","xuān"
"cnwqi5345","junior","N","B","瑕","瑕","līn","xiá"
"cnwqi5346","junior","N","A","遨","遨","áo","áo、ào"
"cnwqi5347","junior","N","A","骜","骜","ào","shū"
"cnwqi5348","junior","N","A","韫","韫","yùn、wēn","wèi、yù"
"cnwqi5349","junior","N","A","髡","髡","kūn","bàng"
"cnwqi5350","junior","N","A","塬","塬","yuán","tà、dá"
"cnwqi5351","junior","N","A","鄢","鄢","yān","jì"
"cnwqi5352","junior","N","B","趔","趔","è","liè"
"cnwqi5353","junior","N","B","趑","趑","qí","zī"
"cnwqi5354","junior","N","B","摅","摅","kuí","shū"
"cnwqi5355","junior","N","B","摁","摁","sù","èn"
"cnwqi5356","junior","N","B","蜇","蜇","wèi","zhē、zhé"
"cnwqi5357","junior","N","A","搋","搋","chuāi","qú、xù、chǔn"
"cnwqi5358","junior","N","B","搪","搪","mó","táng"
"cnwqi5359","junior","N","B","搐","搐","é","chù"
"cnwqi5360","junior","N","B","搛","搛","yì","jiān"
"cnwqi5361","junior","N","A","搠","搠","shuò","bù"
"cnwqi5362","junior","N","A","摈","摈","bìn","bá"
"cnwqi5363","junior","N","B","彀","彀","bāo","gòu"
"cnwqi5364","junior","N","A","毂","毂","gǔ","zhuāng"
"cnwqi5365","junior","N","A","搦","搦","nuò","fū"
"cnwqi5366","junior","N","B","搡","搡","bǐng","sǎng"
"cnwqi5367","junior","N","A","蓁","蓁","zhēn","bēn、bèn"
"cnwqi5368","junior","N","B","戡","戡","lí","kān"
"cnwqi5369","junior","N","A","蓍","蓍","shī","kàn"
"cnwqi5370","junior","N","B","鄞","鄞","pìn","yín"
"cnwqi5371","junior","N","A","靳","靳","jìn","jǐn"
"cnwqi5372","junior","N","A","蓐","蓐","rù","zhěn"
"cnwqi5373","junior","N","A","蓦","蓦","mò","biān"
"cnwqi5374","junior","N","B","鹋","鹋","xī","miáo"
"cnwqi5375","junior","N","B","蒽","蒽","qīng","ēn"
"cnwqi5376","junior","N","B","蓓","蓓","yì","bèi"
"cnwqi5377","junior","N","B","蓖","蓖","yú","bì"
"cnwqi5378","junior","N","B","蓊","蓊","huáng","wěng"
"cnwqi5379","junior","N","A","蒯","蒯","kuǎi","tī、zhì、zhāi"
"cnwqi5380","junior","N","B","蓟","蓟","hàn","jì"
"cnwqi5381","junior","N","B","蓑","蓑","diàn","suō"
"cnwqi5382","junior","N","A","蒿","蒿","hāo","yuān"
"cnwqi5383","junior","N","B","蒺","蒺","jué","jí"
"cnwqi5384","junior","N","B","蓠","蓠","táng","lí"
"cnwqi5385","junior","N","A","蒟","蒟","jǔ","zhī、zī"
"cnwqi5386","junior","N","A","蒡","蒡","bàng","bo、bǔ"
"cnwqi5387","junior","N","A","蒹","蒹","jiān","yáng"
"cnwqi5388","junior","N","A","蒴","蒴","shuò","xiǎo"
"cnwqi5389","junior","N","B","蒗","蒗","lián","làng"
"cnwqi5390","junior","N","A","蓥","蓥","yíng","tuó"
"cnwqi5391","junior","N","A","颐","颐","yí","tái"
"cnwqi5392","junior","N","A","楔","楔","xiē","pù、bào"
"cnwqi5393","junior","N","A","楠","楠","nán","gěng"
"cnwqi5394","junior","N","A","楂","楂","zhā、chá","huò"
"cnwqi5395","junior","N","A","楝","楝","liàn","guǎ"
"cnwqi5396","junior","N","B","楫","楫","pèi","jí"
"cnwqi5397","junior","N","A","楸","楸","qiū","qiū"
"cnwqi5398","junior","N","A","椴","椴","duàn","bìn"
"cnwqi5399","junior","N","A","槌","槌","chuí","xìn"
"cnwqi5400","junior","N","A","楯","楯","shǔn、dùn","hái、huán"
"cnwqi5401","junior","N","A","皙","皙","xī","xīn"
"cnwqi5402","junior","N","A","榈","榈","lǘ","zī、cí"
"cnwqi5403","junior","N","A","槎","槎","chá","jiè"
"cnwqi5404","junior","N","A","榉","榉","jǔ","huàn"
"cnwqi5405","junior","N","A","楦","楦","xuàn","jǐn、jìn"
"cnwqi5406","junior","N","A","楣","楣","méi","sōu"
"cnwqi5407","junior","N","B","楹","楹","fá","yíng"
"cnwqi5408","junior","N","B","椽","椽","gǔ","chuán"
"cnwqi5409","junior","N","B","裘","裘","guài","qiú"
"cnwqi5410","junior","N","B","剽","剽","chì","piāo"
"cnwqi5411","junior","N","A","甄","甄","zhēn","bū"
"cnwqi5412","junior","N","A","酮","酮","tóng","chán"
"cnwqi5413","junior","N","B","酰","酰","lóu","xiān"
"cnwqi5414","junior","N","B","酯","酯","zhēn","zhǐ"
"cnwqi5415","junior","N","B","酩","酩","lǔ","mǐng"
"cnwqi5416","junior","N","B","蜃","蜃","pū","shèn"
"cnwqi5417","junior","N","A","碛","碛","qì","bó"
"cnwqi5418","junior","N","B","碓","碓","lì","duì"
"cnwqi5419","junior","N","A","硼","硼","péng","gē"
"cnwqi5420","junior","N","B","碉","碉","yáo","diāo"
"cnwqi5421","junior","N","A","碚","碚","bèi","tì"
"cnwqi5422","junior","N","B","碇","碇","liǎn","dìng"
"cnwqi5423","junior","N","A","碜","碜","chěn","zhuī"
"cnwqi5424","junior","N","A","鹌","鹌","ān","zhǎn"
"cnwqi5425","junior","N","B","辏","辏","lù","còu"
"cnwqi5426","junior","N","B","龃","龃","fèi","jǔ"
"cnwqi5427","junior","N","B","龅","龅","rú","bāo"
"cnwqi5428","junior","N","A","訾","訾","zǐ","lǐng、líng"
"cnwqi5429","junior","N","A","粲","粲","càn","shān"
"cnwqi5430","junior","N","B","虞","虞","yǒu、yòu","yú"
"cnwqi5431","junior","N","A","睚","睚","yá","zhǐ"
"cnwqi5432","junior","N","B","嗪","嗪","xiá","qín"
"cnwqi5433","junior","N","A","韪","韪","wěi","miè"
"cnwqi5434","junior","N","B","嗷","嗷","dǔ","áo"
"cnwqi5435","junior","N","B","嗉","嗉","yú","sù"
"cnwqi5436","junior","N","A","睨","睨","nì","dòng、tóng"
"cnwqi5437","junior","N","A","睢","睢","huī、suī","tí、zhǐ"
"cnwqi5438","junior","N","B","雎","雎","xuān","jū"
"cnwqi5439","junior","N","B","睥","睥","jiāng","bì、pì"
"cnwqi5440","junior","N","A","嘟","嘟","dū","cuó"
"cnwqi5441","junior","N","A","嗑","嗑","kē、kè","zhān"
"cnwqi5442","junior","N","B","嗫","嗫","kān、zhàn","niè"
"cnwqi5443","junior","N","A","嗬","嗬","hē","qiāng"
"cnwqi5444","junior","N","B","嗔","嗔","jìn、jìng","chēn"
"cnwqi5445","junior","N","A","嗝","嗝","gé","wǎn、yuān"
"cnwqi5446","junior","N","B","戥","戥","jiào","děng"
"cnwqi5447","junior","N","B","嗄","嗄","huì","shà"
"cnwqi5448","junior","N","B","煦","煦","yān、yīn","xù"
"cnwqi5449","junior","N","B","暄","暄","yì","xuān"
"cnwqi5450","junior","N","B","遢","遢","lín","tā"
"cnwqi5451","junior","N","B","暌","暌","zuàn","kuí"
"cnwqi5452","junior","N","B","跬","跬","zàn","kuǐ"
"cnwqi5453","junior","N","A","跶","跶","da","tiáo、diào、zhōu"
"cnwqi5454","junior","N","B","跸","跸","yú","bì"
"cnwqi5455","junior","N","A","跐","跐","cī","mù"
"cnwqi5456","junior","N","B","跣","跣","qī","xiǎn"
"cnwqi5457","junior","N","A","跹","跹","xiān","tuó"
"cnwqi5458","junior","N","A","跻","跻","jī","sī"
"cnwqi5459","junior","N","A","蛸","蛸","shāo、xiāo","líng"
"cnwqi5460","junior","N","A","蜊","蜊","lí","sōng"
"cnwqi5461","junior","N","A","蜍","蜍","chú","chǒu"
"cnwqi5462","junior","N","B","蜉","蜉","tàn","fú"
"cnwqi5463","junior","N","B","蜣","蜣","cí、zǐ","qiāng"
"cnwqi5464","junior","N","A","畹","畹","wǎn","yáng"
"cnwqi5465","junior","N","B","蛹","蛹","shì","yǒng"
"cnwqi5466","junior","N","A","嗣","嗣","sì","liáng"
"cnwqi5467","junior","N","A","嗯","嗯","èn","liàng、liáng、liang"
"cnwqi5468","junior","N","B","嗥","嗥","zhàn","háo"
"cnwqi5469","junior","N","B","嗲","嗲","fú","diǎ"
"cnwqi5470","junior","N","B","嗳","嗳","bo、bǔ","ài、ǎi、āi"
"cnwqi5471","junior","N","B","嗌","嗌","cóng","yì、ài"
"cnwqi5472","junior","N","A","嗍","嗍","suō","ài、yì"
"cnwqi5473","junior","N","A","嗨","嗨","hāi、hēi","wān"
"cnwqi5474","junior","N","A","嗐","嗐","hài","zhāng"
"cnwqi5475","junior","N","A","嗤","嗤","chī","xiān"
"cnwqi5476","junior","N","A","嗵","嗵","tōng","chuí"
"cnwqi5477","junior","N","B","罨","罨","zhēn","yǎn"
"cnwqi5478","junior","N","A","嵊","嵊","shèng","miǎn"
"cnwqi5479","junior","N","B","嵩","嵩","rù","sōng"
"cnwqi5480","junior","N","A","嵴","嵴","jí","tūn"
"cnwqi5481","junior","N","A","骰","骰","tóu","hóng"
"cnwqi5482","junior","N","A","锗","锗","zhě","bó"
"cnwqi5483","junior","N","A","锛","锛","bēn","pá"
"cnwqi5484","junior","N","B","锜","锜","jǐng、gěng","qí"
"cnwqi5485","junior","N","B","锝","锝","zhào","dé"
"cnwqi5486","junior","N","A","锞","锞","kè","wú、yù"
"cnwqi5487","junior","N","B","锟","锟","fǔ","kūn"
"cnwqi5488","junior","N","A","锢","锢","gù","qí"
"cnwqi5489","junior","N","B","锨","锨","kuī","xiān"
"cnwqi5490","junior","N","A","锩","锩","juǎn","lǒu"
"cnwqi5491","junior","N","B","锭","锭","hāo","dìng"
"cnwqi5492","junior","N","A","锱","锱","zī","qū"
"cnwqi5493","junior","N","B","雉","雉","róng","zhì"
"cnwqi5494","junior","N","A","氲","氲","yūn","xī"
"cnwqi5495","junior","N","B","犏","犏","yǔ","piān"
"cnwqi5496","junior","N","A","歃","歃","shà","kòu"
"cnwqi5497","junior","N","A","稞","稞","kē","sī"
"cnwqi5498","junior","N","B","稗","稗","tiān","bài"
"cnwqi5499","junior","N","A","稔","稔","rěn","hú、hè"
"cnwqi5500","junior","N","B","筠","筠","jiá","yún、jūn"
"cnwqi5501","junior","N","A","筢","筢","pá","quán"
"cnwqi5502","junior","N","B","筮","筮","huān","shì"
"cnwqi5503","junior","N","B","筲","筲","qiān","shāo"
"cnwqi5504","junior","N","B","筱","筱","jiǔ","xiǎo"
"cnwqi5505","junior","N","A","牒","牒","dié","pà"
"cnwqi5506","junior","N","B","煲","煲","qún","bāo"
"cnwqi5507","junior","N","A","敫","敫","jiǎo","bā"
"cnwqi5508","junior","N","B","徭","徭","lì","yáo"
"cnwqi5509","junior","N","A","愆","愆","qiān","yǐ、yī"
"cnwqi5510","junior","N","A","艄","艄","shāo","jǐng"
"cnwqi5511","junior","N","B","觎","觎","bì","yú"
"cnwqi5512","junior","N","B","毹","毹","kuàng","shū"
"cnwqi5513","junior","N","B","貊","貊","kuàng","mò"
"cnwqi5514","junior","N","B","貅","貅","dīng、zhēng","xiū"
"cnwqi5515","junior","N","A","貉","貉","hé、háo、mò","yì"
"cnwqi5516","junior","N","B","颔","颔","kāng","hàn"
"cnwqi5517","junior","N","B","腠","腠","yí","còu"
"cnwqi5518","junior","N","B","腩","腩","tán、tàn","nǎn"
"cnwqi5519","junior","N","B","腼","腼","kōu","miǎn"
"cnwqi5520","junior","N","A","腭","腭","è","xiū"
"cnwqi5521","junior","N","A","腧","腧","shù","chàn、zhàn"
"cnwqi5522","junior","N","A","塍","塍","chéng","zāng、zàng"
"cnwqi5523","junior","N","B","媵","媵","tiē、tiě、tiè","yìng"
"cnwqi5524","junior","N","A","詹","詹","zhān","è"
"cnwqi5525","junior","N","B","鲅","鲅","tiǎn","bà"
"cnwqi5526","junior","N","B","鲆","鲆","dèng","píng"
"cnwqi5527","junior","N","B","鲇","鲇","kè","nián"
"cnwqi5528","junior","N","B","鲈","鲈","lù","lú"
"cnwqi5529","junior","N","B","稣","稣","tíng","sū"
"cnwqi5530","junior","N","A","鲋","鲋","fù","xún"
"cnwqi5531","junior","N","B","鲐","鲐","ào、yù","tái"
"cnwqi5532","junior","N","B","肄","肄","shì","yì"
"cnwqi5533","junior","N","A","鹐","鹐","qiān","lā"
"cnwqi5534","junior","N","B","飕","飕","fēi、pèi","sōu"
"cnwqi5535","junior","N","B","觥","觥","jiè","gōng"
"cnwqi5536","junior","N","A","遛","遛","liù","hōng"
"cnwqi5537","junior","N","A","馐","馐","xiū","kèn"
"cnwqi5538","junior","N","A","鹑","鹑","chún","xù"
"cnwqi5539","junior","N","A","亶","亶","dǎn、dàn","jì"
"cnwqi5540","junior","N","B","瘃","瘃","dùn","zhú"
"cnwqi5541","junior","N","B","痱","痱","yàn","fèi、féi"
"cnwqi5542","junior","N","A","痼","痼","gù","chán"
"cnwqi5543","junior","N","B","痿","痿","jiān、qián","wěi"
"cnwqi5544","junior","N","A","瘐","瘐","yǔ","gǎn"
"cnwqi5545","junior","N","A","瘁","瘁","cuì","sà"
"cnwqi5546","junior","N","A","瘆","瘆","shèn","bo、bǔ"
"cnwqi5547","junior","N","B","麂","麂","qiāo","jǐ"
"cnwqi5548","junior","N","A","裔","裔","yì","mà"
"cnwqi5549","junior","N","A","歆","歆","xīn","yù"
"cnwqi5550","junior","N","B","旒","旒","lǎn","liú"
"cnwqi5551","junior","N","A","雍","雍","yōng","qiàn"
"cnwqi5552","junior","N","B","阖","阖","gén、hěn","hé"
"cnwqi5553","junior","N","B","阗","阗","guā","tián"
"cnwqi5554","junior","N","B","阙","阙","shāng","quē、què"
"cnwqi5555","junior","N","A","羧","羧","suō","rù"
"cnwqi5556","junior","N","A","豢","豢","huàn","huǎn"
"cnwqi5557","junior","N","B","粳","粳","shí","jīng"
"cnwqi5558","junior","N","B","猷","猷","yé","yóu"
"cnwqi5559","junior","N","A","煳","煳","hú","hán"
"cnwqi5560","junior","N","A","煜","煜","yù","yíng"
"cnwqi5561","junior","N","A","煨","煨","wēi","pí"
"cnwqi5562","junior","N","A","煅","煅","duàn","róng"
"cnwqi5563","junior","N","B","煊","煊","níng","xuān"
"cnwqi5564","junior","N","A","煸","煸","biān","shū"
"cnwqi5565","junior","N","A","煺","煺","tuì","gōng"
"cnwqi5566","junior","N","A","滟","滟","yàn","fèng"
"cnwqi5567","junior","N","A","溱","溱","zhēn、qín","qǐ"
"cnwqi5568","junior","N","A","溘","溘","kè","xiāo"
"cnwqi5569","junior","N","A","漭","漭","mǎng","zēng、zèng"
"cnwqi5570","junior","N","A","滢","滢","yíng","xiāng"
"cnwqi5571","junior","N","A","溥","溥","pǔ","qí"
"cnwqi5572","junior","N","A","溧","溧","lì","jí"
"cnwqi5573","junior","N","B","溽","溽","xué","rù"
"cnwqi5574","junior","N","A","裟","裟","shā","shēn"
"cnwqi5575","junior","N","A","溻","溻","tā","yán"
"cnwqi5576","junior","N","A","溷","溷","hùn","duò"
"cnwqi5577","junior","N","B","滗","滗","wéi、yù","bì"
"cnwqi5578","junior","N","A","滫","滫","xiǔ","zhā、chá"
"cnwqi5579","junior","N","A","溴","溴","xiù","xiè"
"cnwqi5580","junior","N","A","滏","滏","fǔ","fú"
"cnwqi5581","junior","N","B","滃","滃","shuāng","wěng、wēng"
"cnwqi5582","junior","N","B","滦","滦","nì","luán"
"cnwqi5583","junior","N","A","溏","溏","táng","gào"
"cnwqi5584","junior","N","A","滂","滂","pāng","jié"
"cnwqi5585","junior","N","A","滓","滓","zǐ","lào"
"cnwqi5586","junior","N","B","溟","溟","zhù、chú","míng"
"cnwqi5587","junior","N","B","滪","滪","xūn","yù"
"cnwqi5588","junior","N","A","愫","愫","sù","yí"
"cnwqi5589","junior","N","B","慑","慑","shì","shè"
"cnwqi5590","junior","N","B","慊","慊","xiàn","qiàn、qiè"
"cnwqi5591","junior","N","A","鲎","鲎","hòu","zhōu"
"cnwqi5592","junior","N","B","骞","骞","cuǐ","qiān"
"cnwqi5593","junior","N","A","窦","窦","dòu","tǐng"
"cnwqi5594","junior","N","B","窠","窠","qiāo、sāo","kē"
"cnwqi5595","junior","N","A","窣","窣","sū","yīng"
"cnwqi5596","junior","N","A","裱","裱","biǎo","jiǎn"
"cnwqi5597","junior","N","A","褚","褚","zhǔ、chǔ","guì、huì"
"cnwqi5598","junior","N","A","裨","裨","pí、bì","yún"
"cnwqi5599","junior","N","B","裾","裾","fù","jū"
"cnwqi5600","junior","N","B","裰","裰","léi","duō"
"cnwqi5601","junior","N","A","禊","禊","xì","láng"
"cnwqi5602","junior","N","A","谩","谩","màn","zhèn"
"cnwqi5603","junior","N","B","谪","谪","sī","zhé"
"cnwqi5604","junior","N","A","媾","媾","gòu","qù、qū"
"cnwqi5605","junior","N","B","嫫","嫫","chì","mó"
"cnwqi5606","junior","N","B","媲","媲","huō","pì"
"cnwqi5607","junior","N","B","嫒","嫒","fú","ài"
"cnwqi5608","junior","N","B","嫔","嫔","fú","pín"
"cnwqi5609","junior","N","B","媸","媸","zēng","chī"
"cnwqi5610","junior","N","B","缙","缙","niè","jìn"
"cnwqi5611","junior","N","A","缜","缜","zhěn","jiāo"
"cnwqi5612","junior","N","B","缛","缛","jiān","rù"
"cnwqi5613","junior","N","A","辔","辔","pèi","chèn"
"cnwqi5614","junior","N","B","骝","骝","pái","liú"
"cnwqi5615","junior","N","A","缟","缟","gǎo","dē、dēi"
"cnwqi5616","junior","N","A","缡","缡","lí","piǎo"
"cnwqi5617","junior","N","A","缢","缢","yì","quán"
"cnwqi5618","junior","N","A","缣","缣","jiān","qīng"
"cnwqi5619","junior","N","A","骟","骟","shàn","wō、guō"
"cnwqi5620","junior","N","A","耥","耥","tāng","jué、juě"
"cnwqi5621","junior","N","A","璈","璈","áo","zhōng"
"cnwqi5622","junior","N","A","瑶","瑶","yáo","zhuō"
"cnwqi5623","junior","N","B","瑭","瑭","chún、zhūn","táng"
"cnwqi5624","junior","N","A","獒","獒","áo","jī"
"cnwqi5625","junior","N","A","觏","觏","gòu","kuī"
"cnwqi5626","junior","N","B","慝","慝","yuè、yào","tè"
"cnwqi5627","junior","N","A","嫠","嫠","lí","dǒu"
"cnwqi5628","junior","N","A","韬","韬","tāo","lì"
"cnwqi5629","junior","N","A","叆","叆","ài","yīng"
"cnwqi5630","junior","N","B","髦","髦","zēng","máo"
"cnwqi5631","junior","N","A","摽","摽","biào、biāo","líng"
"cnwqi5632","junior","N","A","墁","墁","màn","sōu"
"cnwqi5633","junior","N","B","撂","撂","chéng、dèng、zhèng","liào"
"cnwqi5634","junior","N","A","摞","摞","luò","sàn、sǎ"
"cnwqi5635","junior","N","B","撄","撄","yè","yīng"
"cnwqi5636","junior","N","A","翥","翥","zhù","liú"
"cnwqi5637","junior","N","B","踅","踅","lián","xué"
"cnwqi5638","junior","N","B","摭","摭","yǎn","zhí"
"cnwqi5639","junior","N","A","墉","墉","yōng","chì"
"cnwqi5640","junior","N","A","墒","墒","shāng","è"
"cnwqi5641","junior","N","B","榖","榖","náo","gǔ"
"cnwqi5642","junior","N","A","綦","綦","qí","zhì"
"cnwqi5643","junior","N","A","蔫","蔫","niān","chuí"
"cnwqi5644","junior","N","A","蔷","蔷","qiáng","chá"
"cnwqi5645","junior","N","B","靺","靺","tiǎn","mò"
"cnwqi5646","junior","N","B","靼","靼","tuān","dá"
"cnwqi5647","junior","N","A","鞅","鞅","yāng、yàng","xióng"
"cnwqi5648","junior","N","A","靿","靿","yào","gǎn"
"cnwqi5649","junior","N","A","甍","甍","méng","shèn"
"cnwqi5650","junior","N","A","蔸","蔸","dōu","xī"
"cnwqi5651","junior","N","A","蔟","蔟","cù","huō"
"cnwqi5652","junior","N","B","蔺","蔺","lù","lìn"
"cnwqi5653","junior","N","A","戬","戬","jiǎn","lǐ"
"cnwqi5654","junior","N","B","蕖","蕖","jiā","qú"
"cnwqi5655","junior","N","A","蔻","蔻","kòu","suì"
"cnwqi5656","junior","N","A","蓿","蓿","xu","tiē"
"cnwqi5657","junior","N","A","斡","斡","wò、guǎn","liǎn"
"cnwqi5658","junior","N","B","鹕","鹕","hěn","hú"
"cnwqi5659","junior","N","B","蓼","蓼","zhōu","liǎo、lù"
"cnwqi5660","junior","N","A","榛","榛","zhēn","zǒu"
"cnwqi5661","junior","N","B","榧","榧","huì","fěi"
"cnwqi5662","junior","N","A","榻","榻","tà","ruò"
"cnwqi5663","junior","N","A","榫","榫","sǔn","zhuó、zháo、zhāo、zhe"
"cnwqi5664","junior","N","A","榭","榭","xiè","yín"
"cnwqi5665","junior","N","A","槔","槔","gāo","sǒu"
"cnwqi5666","junior","N","B","榱","榱","lín","cuī"
"cnwqi5667","junior","N","A","槁","槁","gǎo","bèi"
"cnwqi5668","junior","N","B","槟","槟","huì","bīn、bīng"
"cnwqi5669","junior","N","A","槠","槠","zhū","yùn"
"cnwqi5670","junior","N","B","榷","榷","shū","què"
"cnwqi5671","junior","N","A","僰","僰","bó","wàn、mò"
"cnwqi5672","junior","N","B","酽","酽","dēng","yàn"
"cnwqi5673","junior","N","B","酶","酶","hé","méi"
"cnwqi5674","junior","N","A","酹","酹","lèi","gé"
"cnwqi5675","junior","N","A","厮","厮","sī","gǒng"
"cnwqi5676","junior","N","B","碡","碡","jí","zhóu"
"cnwqi5677","junior","N","A","碴","碴","chá、chā","chēng、chèn"
"cnwqi5678","junior","N","B","碣","碣","lù","jié、yà"
"cnwqi5679","junior","N","B","碲","碲","yǐng","dì"
"cnwqi5680","junior","N","A","磋","磋","cuō","bì"
"cnwqi5681","junior","N","A","臧","臧","zāng、zàng、cáng","huò"
"cnwqi5682","junior","N","B","豨","豨","qiáo","xī"
"cnwqi5683","junior","N","A","殡","殡","bìn","é"
"cnwqi5684","junior","N","B","霆","霆","fó、fú、bì、bó","tíng"
"cnwqi5685","junior","N","A","霁","霁","jì","hú"
"cnwqi5686","junior","N","B","辕","辕","xiū","yuán"
"cnwqi5687","junior","N","B","蜚","蜚","rǎng、rāng","fēi、fěi"
"cnwqi5688","junior","N","A","裴","裴","péi","shī"
"cnwqi5689","junior","N","A","翡","翡","fěi","miù"
"cnwqi5690","junior","N","A","龇","龇","zī","juàn"
"cnwqi5691","junior","N","A","龈","龈","yín、kěn","mán、màn、wàn"
"cnwqi5692","junior","N","A","睿","睿","ruì","huà"
"cnwqi5693","junior","N","A","䁖","䁖","lōu","dié"
"cnwqi5694","junior","N","B","睽","睽","fú","kuí"
"cnwqi5695","junior","N","B","嘞","嘞","liú","lei、lē"
"cnwqi5696","junior","N","A","嘈","嘈","cáo","wān"
"cnwqi5697","junior","N","B","嘌","嘌","xuān","piào"
"cnwqi5698","junior","N","A","嘁","嘁","qī","sàn、sǎ"
"cnwqi5699","junior","N","B","嘎","嘎","nǎn","gā、gá、gǎ"
"cnwqi5700","junior","N","B","暧","暧","shé","ài"
"cnwqi5701","junior","N","B","暝","暝","huī","míng"
"cnwqi5702","junior","N","A","踌","踌","chóu","dāo"
"cnwqi5703","junior","N","B","踉","踉","chóu、qiú","liáng、liàng"
"cnwqi5704","junior","N","A","蜞","蜞","qí","hàng"
"cnwqi5705","junior","N","A","蜥","蜥","xī","pí"
"cnwqi5706","junior","N","B","蜮","蜮","huān","yù"
"cnwqi5707","junior","N","B","蝈","蝈","zhuàn","guō"
"cnwqi5708","junior","N","A","蜴","蜴","yì","nà"
"cnwqi5709","junior","N","B","蜱","蜱","wǔ","pí"
"cnwqi5710","junior","N","B","蜩","蜩","yǔn","tiáo"
"cnwqi5711","junior","N","A","蜷","蜷","quán","bēi"
"cnwqi5712","junior","N","B","蜿","蜿","gài","wān"
"cnwqi5713","junior","N","A","螂","螂","láng","là、lá"
"cnwqi5714","junior","N","A","蜢","蜢","měng","xū"
"cnwqi5715","junior","N","A","嘘","嘘","xū、shī","yīng"
"cnwqi5716","junior","N","A","嘡","嘡","tāng","měng"
"cnwqi5717","junior","N","A","鹗","鹗","è","gòu"
"cnwqi5718","junior","N","A","嘣","嘣","bēng","fēn"
"cnwqi5719","junior","N","A","嘤","嘤","yīng","guó"
"cnwqi5720","junior","N","B","嘚","嘚","pǔ","dē、dēi"
"cnwqi5721","junior","N","A","嗾","嗾","sǒu","tuò"
"cnwqi5722","junior","N","A","嘧","嘧","mì","guā、tiǎn"
"cnwqi5723","junior","N","B","罴","罴","jiè","pí"
"cnwqi5724","junior","N","B","罱","罱","lí","lǎn"
"cnwqi5725","junior","N","A","幔","幔","màn","gōu"
"cnwqi5726","junior","N","A","嶂","嶂","zhàng","yú"
"cnwqi5727","junior","N","B","幛","幛","kūn","zhàng"
"cnwqi5728","junior","N","A","赙","赙","fù","kǔn"
"cnwqi5729","junior","N","A","罂","罂","yīng","huán、huān"
"cnwqi5730","junior","N","B","骷","骷","gòu","kū"
"cnwqi5731","junior","N","A","骶","骶","dǐ","jū"
"cnwqi5732","junior","N","A","鹘","鹘","gǔ、hú","fáng"
"cnwqi5733","junior","N","B","锲","锲","mí、mǐ","qiè"
"cnwqi5734","junior","N","A","锴","锴","kǎi","xiàn"
"cnwqi5735","junior","N","B","锶","锶","āi、ài","sī"
"cnwqi5736","junior","N","A","锷","锷","è","jìn"
"cnwqi5737","junior","N","A","锸","锸","chā","fù"
"cnwqi5738","junior","N","A","锵","锵","qiāng","zhōu"
"cnwqi5739","junior","N","A","镁","镁","měi","ō、wō"
"cnwqi5740","junior","N","A","镂","镂","lòu","pú"
"cnwqi5741","junior","N","B","犒","犒","pò","kào"
"cnwqi5742","junior","N","B","箐","箐","hǔ","qìng、jīng"
"cnwqi5743","junior","N","A","箦","箦","zé","jìng"
"cnwqi5744","junior","N","B","箧","箧","xiān","qiè"
"cnwqi5745","junior","N","B","箍","箍","shú","gū"
"cnwqi5746","junior","N","A","箸","箸","zhù","yǐ"
"cnwqi5747","junior","N","B","箬","箬","kūn","ruò"
"cnwqi5748","junior","N","A","箅","箅","bì","ōu"
"cnwqi5749","junior","N","B","箪","箪","ǒu、ōu、òu","dān"
"cnwqi5750","junior","N","A","箔","箔","bó","yān"
"cnwqi5751","junior","N","A","箜","箜","kōng","náng、nǎng"
"cnwqi5752","junior","N","A","箢","箢","wǎn、yuān","qiú"
"cnwqi5753","junior","N","B","箓","箓","jùn","lù"
"cnwqi5754","junior","N","A","毓","毓","yù","xiǎn"
"cnwqi5755","junior","N","B","僖","僖","kuí","xī"
"cnwqi5756","junior","N","B","儆","儆","luò、pō","jǐng"
"cnwqi5757","junior","N","A","僳","僳","sù","zhǐ"
"cnwqi5758","junior","N","B","僭","僭","jì、jǐ","jiàn"
"cnwqi5759","junior","N","A","劁","劁","qiāo","ài"
"cnwqi5760","junior","N","A","僮","僮","tóng、zhuàng","xué"
"cnwqi5761","junior","N","A","魃","魃","bá","qí、jī"
"cnwqi5762","junior","N","A","魆","魆","xū","wǎn"
"cnwqi5763","junior","N","B","睾","睾","guó","gāo"
"cnwqi5764","junior","N","A","艋","艋","měng","zhī"
"cnwqi5765","junior","N","B","鄱","鄱","qū、cù","pó"
"cnwqi5766","junior","N","A","膈","膈","gé","fēng"
"cnwqi5767","junior","N","A","膑","膑","bìn","ráng、nǎng"
"cnwqi5768","junior","N","B","鲑","鲑","gū","guī、xié"
"cnwqi5769","junior","N","A","鲔","鲔","wěi","hù"
"cnwqi5770","junior","N","B","鲚","鲚","qì","jì"
"cnwqi5771","junior","N","B","鲛","鲛","kuài","jiāo"
"cnwqi5772","junior","N","A","鲟","鲟","xún","jí"
"cnwqi5773","junior","N","A","獐","獐","zhāng","cuó"
"cnwqi5774","junior","N","B","觫","觫","nǎi","sù"
"cnwqi5775","junior","N","A","雒","雒","luò","bèi"
"cnwqi5776","junior","N","B","夤","夤","chàng、yáng","yín"
"cnwqi5777","junior","N","B","馑","馑","bāo","jǐn"
"cnwqi5778","junior","N","B","銮","銮","chēn","luán"
"cnwqi5779","junior","N","B","塾","塾","méi","shú"
"cnwqi5780","junior","N","B","麽","麽","háng","me、mó"
"cnwqi5781","junior","N","B","瘌","瘌","guǎng","là"
"cnwqi5782","junior","N","B","瘊","瘊","yōng","hóu"
"cnwqi5783","junior","N","B","瘘","瘘","sǎo","lòu"
"cnwqi5784","junior","N","A","瘙","瘙","sào","pāng"
"cnwqi5785","junior","N","A","廖","廖","liào","jué"
"cnwqi5786","junior","N","A","韶","韶","sháo","yòu"
"cnwqi5787","junior","N","A","旖","旖","yǐ","chǎn"
"cnwqi5788","junior","N","A","膂","膂","lǚ","zǎo"
"cnwqi5789","junior","N","A","阚","阚","kàn","zhóu"
"cnwqi5790","junior","N","A","鄯","鄯","shàn","duǒ"
"cnwqi5791","junior","N","A","鲞","鲞","xiǎng","zēng"
"cnwqi5792","junior","N","B","粿","粿","xīn","guǒ"
"cnwqi5793","junior","N","B","粼","粼","huì","lín"
"cnwqi5794","junior","N","B","粽","粽","lán","zòng"
"cnwqi5795","junior","N","A","糁","糁","sǎn、shēn","méi"
"cnwqi5796","junior","N","A","槊","槊","shuò","mǎ"
"cnwqi5797","junior","N","B","鹚","鹚","liàn","cí"
"cnwqi5798","junior","N","B","熘","熘","zhēng、zhèng","liū"
"cnwqi5799","junior","N","A","熥","熥","tēng","hán"
"cnwqi5800","junior","N","B","潢","潢","qiàn","huáng、guāng"
"cnwqi5801","junior","N","B","漕","漕","tóng","cáo"
"cnwqi5802","junior","N","B","滹","滹","fēng","hū"
"cnwqi5803","junior","N","B","漯","漯","xún","luò、tà"
"cnwqi5804","junior","N","B","漶","漶","niè","huàn"
"cnwqi5805","junior","N","B","潋","潋","zhú","liàn"
"cnwqi5806","junior","N","A","潴","潴","zhū","mù"
"cnwqi5807","junior","N","B","漪","漪","xìng","yī"
"cnwqi5808","junior","N","A","漉","漉","lù","yī"
"cnwqi5809","junior","N","B","漳","漳","tiàn、tián、zhèn","zhāng"
"cnwqi5810","junior","N","B","漩","漩","zhuó","xuán"
"cnwqi5811","junior","N","A","澉","澉","gǎn","zhú"
"cnwqi5812","junior","N","A","潍","潍","wéi","yín"
"cnwqi5813","junior","N","B","慵","慵","cí","yōng"
"cnwqi5814","junior","N","A","搴","搴","qiān","bì"
"cnwqi5815","junior","N","A","窨","窨","yìn、xūn","ruì"
"cnwqi5816","junior","N","B","寤","寤","nǎi","wù"
"cnwqi5817","junior","N","B","綮","綮","dǒng","qìng、qǐ"
"cnwqi5818","junior","N","B","谮","谮","pū","zèn"
"cnwqi5819","junior","N","A","褡","褡","dā","xǔ"
"cnwqi5820","junior","N","A","褙","褙","bèi","huáng"
"cnwqi5821","junior","N","A","褓","褓","bǎo","tán、qín"
"cnwqi5822","junior","N","A","褛","褛","lǚ","jǐng"
"cnwqi5823","junior","N","B","褊","褊","héng","biǎn"
"cnwqi5824","junior","N","A","谯","谯","qiáo","dǎo、dào"
"cnwqi5825","junior","N","A","谰","谰","lán","mào"
"cnwqi5826","junior","N","B","谲","谲","róng","jué"
"cnwqi5827","junior","N","A","暨","暨","jì","pēng、píng"
"cnwqi5828","junior","N","B","屣","屣","shì","xǐ"
"cnwqi5829","junior","N","A","鹛","鹛","méi","fù"
"cnwqi5830","junior","N","A","嫣","嫣","yān","jī"
"cnwqi5831","junior","N","B","嫱","嫱","shū","qiáng"
"cnwqi5832","junior","N","B","嫖","嫖","guǒ","piáo、piāo"
"cnwqi5833","junior","N","B","嫦","嫦","lǚ","cháng"
"cnwqi5834","junior","N","B","嫚","嫚","qú","mān、màn"
"cnwqi5835","junior","N","B","嫘","嫘","fěi、kū","léi"
"cnwqi5836","junior","N","A","嫡","嫡","dí","xiá"
"cnwqi5837","junior","N","A","鼐","鼐","nài","luò、gè"
"cnwqi5838","junior","N","A","翟","翟","dí、zhái","tián"
"cnwqi5839","junior","N","B","瞀","瞀","biān","mào"
"cnwqi5840","junior","N","A","鹜","鹜","wù","liáng"
"cnwqi5841","junior","N","A","骠","骠","biāo、piào","gāng"
"cnwqi5842","junior","N","A","缥","缥","piǎo、piāo","zhuàn"
"cnwqi5843","junior","N","A","缦","缦","màn","yǒng"
"cnwqi5844","junior","N","B","缧","缧","biān","léi"
"cnwqi5845","junior","N","B","缨","缨","huáng","yīng"
"cnwqi5846","junior","N","A","骢","骢","cōng","mèn"
"cnwqi5847","junior","N","B","缪","缪","qū","móu、miù、miào、mù、liǎo"
"cnwqi5848","junior","N","A","缫","缫","sāo","bì"
"cnwqi5849","junior","N","B","耦","耦","fǔ","ǒu"
"cnwqi5850","junior","N","B","耧","耧","bīn","lóu"
"cnwqi5851","junior","N","A","瑾","瑾","jǐn","nài"
"cnwqi5852","junior","N","B","璜","璜","kěn","huáng"
"cnwqi5853","junior","N","B","璀","璀","zēng","cuǐ"
"cnwqi5854","junior","N","B","璎","璎","wén","yīng"
"cnwqi5855","junior","N","B","璁","璁","dū、shé","cōng"
"cnwqi5856","junior","N","B","璋","璋","shàng","zhāng"
"cnwqi5857","junior","N","A","璇","璇","xuán","pá"
"cnwqi5858","junior","N","B","奭","奭","chuǎng","shì"
"cnwqi5859","junior","N","A","髯","髯","rán","chóu"
"cnwqi5860","junior","N","A","髫","髫","tiáo","yì"
"cnwqi5861","junior","N","A","撷","撷","xié","dǎi"
"cnwqi5862","junior","N","B","撅","撅","ǎo","juē、jué"
"cnwqi5863","junior","N","A","赭","赭","zhě","shuāng"
"cnwqi5864","junior","N","B","撸","撸","páo","lū"
"cnwqi5865","junior","N","A","鋆","鋆","yún","shēn"
"cnwqi5866","junior","N","A","撙","撙","zǔn","qú"
"cnwqi5867","junior","N","B","撺","撺","lèi、lē","cuān"
"cnwqi5868","junior","N","A","墀","墀","chí","bù"
"cnwqi5869","junior","N","B","聩","聩","bù","kuì"
"cnwqi5870","junior","N","A","觐","觐","jìn","xún"
"cnwqi5871","junior","N","B","鞑","鞑","biān","dá"
"cnwqi5872","junior","N","A","蕙","蕙","huì","ní"
"cnwqi5873","junior","N","B","鞒","鞒","quǎn","qiáo"
"cnwqi5874","junior","N","A","蕈","蕈","xùn","bǐ"
"cnwqi5875","junior","N","B","蕨","蕨","rú","jué"
"cnwqi5876","junior","N","B","蕤","蕤","dá","ruí"
"cnwqi5877","junior","N","B","蕞","蕞","xiōng","zuì"
"cnwqi5878","junior","N","B","蕺","蕺","cù","jí"
"cnwqi5879","junior","N","A","瞢","瞢","méng、měng","juǎn"
"cnwqi5880","junior","N","B","蕃","蕃","biǎo","fán"
"cnwqi5881","junior","N","B","蕲","蕲","pàn","qí"
"cnwqi5882","junior","N","B","赜","赜","nìng","zé"
"cnwqi5883","junior","N","B","槿","槿","fú","jǐn"
"cnwqi5884","junior","N","B","樯","樯","èn","qiáng"
"cnwqi5885","junior","N","B","槭","槭","duān、zhuān","qì、sè"
"cnwqi5886","junior","N","A","樗","樗","chū","jué"
"cnwqi5887","junior","N","A","樘","樘","táng","càn"
"cnwqi5888","junior","N","A","樊","樊","fán","gǒng"
"cnwqi5889","junior","N","B","槲","槲","fáng","hú"
"cnwqi5890","junior","N","A","醌","醌","kūn","lòu"
"cnwqi5891","junior","N","B","醅","醅","yàn","pēi"
"cnwqi5892","junior","N","A","靥","靥","yè","yì"
"cnwqi5893","junior","N","B","魇","魇","sòng","yǎn"
"cnwqi5894","junior","N","B","餍","餍","dàn","yàn"
"cnwqi5895","junior","N","B","磔","磔","bǐ","zhé"
"cnwqi5896","junior","N","B","磙","磙","chí","gǔn"
"cnwqi5897","junior","N","B","霈","霈","shàn","pèi"
"cnwqi5898","junior","N","A","辘","辘","lù","nāng"
"cnwqi5899","junior","N","B","龉","龉","chóu","yǔ"
"cnwqi5900","junior","N","A","龊","龊","chuò","ní"
"cnwqi5901","junior","N","B","觑","觑","mào","qù、qū"
"cnwqi5902","junior","N","A","瞌","瞌","kē","shēng"
"cnwqi5903","junior","N","B","瞋","瞋","pǒ","chēn"
"cnwqi5904","junior","N","A","瞑","瞑","míng","huǎng"
"cnwqi5905","junior","N","A","嘭","嘭","pēng","zhì"
"cnwqi5906","junior","N","B","噎","噎","tǎn","yē"
"cnwqi5907","junior","N","A","噶","噶","gá","jū、chá"
"cnwqi5908","junior","N","A","颙","颙","yóng","gèng"
"cnwqi5909","junior","N","A","暹","暹","xiān","duì"
"cnwqi5910","junior","N","B","噘","噘","hè","juē"
"cnwqi5911","junior","N","B","踔","踔","bào、páo","chuō"
"cnwqi5912","junior","N","B","踝","踝","xī","huái"
"cnwqi5913","junior","N","A","踟","踟","chí","shù"
"cnwqi5914","junior","N","A","踒","踒","wō","yǐn"
"cnwqi5915","junior","N","B","踬","踬","bó","zhì"
"cnwqi5916","junior","N","A","踮","踮","diǎn","jiāng"
"cnwqi5917","junior","N","B","踯","踯","yú","zhí"
"cnwqi5918","junior","N","B","踺","踺","yì","jiàn"
"cnwqi5919","junior","N","B","踞","踞","lù","jù"
"cnwqi5920","junior","N","A","蝽","蝽","chūn","xié"
"cnwqi5921","junior","N","A","蝾","蝾","róng","bā"
"cnwqi5922","junior","N","A","蝻","蝻","nǎn","chéng、dèng"
"cnwqi5923","junior","N","A","蝰","蝰","kuí","liàng、jìng"
"cnwqi5924","junior","N","A","蝮","蝮","fù","gǔn"
"cnwqi5925","junior","N","A","螋","螋","sōu","bǎo"
"cnwqi5926","junior","N","A","蝓","蝓","yú","guàn"
"cnwqi5927","junior","N","B","蝣","蝣","cáo","yóu"
"cnwqi5928","junior","N","A","蝼","蝼","lóu","dì"
"cnwqi5929","junior","N","B","噗","噗","bǐ","pū"
"cnwqi5930","junior","N","B","嘬","嘬","kě","zuō"
"cnwqi5931","junior","N","A","颚","颚","è","huī"
"cnwqi5932","junior","N","B","噍","噍","yān","jiào"
"cnwqi5933","junior","N","A","噢","噢","ō","shì"
"cnwqi5934","junior","N","A","噙","噙","qín","lù"
"cnwqi5935","junior","N","A","噜","噜","lū","guàn"
"cnwqi5936","junior","N","B","噌","噌","hē","cēng"
"cnwqi5937","junior","N","B","噔","噔","xiù","dēng"
"cnwqi5938","junior","N","B","颛","颛","yú","zhuān"
"cnwqi5939","junior","N","A","幞","幞","fú","yíng"
"cnwqi5940","junior","N","B","幡","幡","píng","fān"
"cnwqi5941","junior","N","B","嶙","嶙","zǐ","lín"
"cnwqi5942","junior","N","B","嶝","嶝","gá","dèng"
"cnwqi5943","junior","N","A","骺","骺","hóu","áo"
"cnwqi5944","junior","N","B","骼","骼","jiē","gé"
"cnwqi5945","junior","N","B","骸","骸","pēng","hái"
"cnwqi5946","junior","N","B","镊","镊","xiāo、xuē","niè"
"cnwqi5947","junior","N","B","镉","镉","jùn","gé、lì"
"cnwqi5948","junior","N","B","镌","镌","dié","juān"
"cnwqi5949","junior","N","A","镍","镍","niè","pú"
"cnwqi5950","junior","N","A","镏","镏","liú、liù","gǒng"
"cnwqi5951","junior","N","B","镒","镒","zàng、zhuǎng","yì"
"cnwqi5952","junior","N","B","镓","镓","sù","jiā"
"cnwqi5953","junior","N","B","镔","镔","kōu","bīn"
"cnwqi5954","junior","N","B","稷","稷","lù","jì"
"cnwqi5955","junior","N","A","箴","箴","zhēn","lǐn"
"cnwqi5956","junior","N","A","篑","篑","kuì","zhù"
"cnwqi5957","junior","N","B","篁","篁","jīng","huáng"
"cnwqi5958","junior","N","A","篌","篌","hóu","huái"
"cnwqi5959","junior","N","B","篆","篆","gào","zhuàn"
"cnwqi5960","junior","N","B","牖","牖","dā","yǒu"
"cnwqi5961","junior","N","A","儋","儋","dān、dàn","chén、shèn"
"cnwqi5962","junior","N","B","徵","徵","fēi","zhēng、zhǐ"
"cnwqi5963","junior","N","A","磐","磐","pán","dié"
"cnwqi5964","junior","N","B","虢","虢","yì","guó"
"cnwqi5965","junior","N","B","鹞","鹞","shù、shú、zhú","yào"
"cnwqi5966","junior","N","B","膘","膘","lián、qiān","biāo"
"cnwqi5967","junior","N","B","滕","滕","yí、tí","téng"
"cnwqi5968","junior","N","A","鲠","鲠","gěng","diāo"
"cnwqi5969","junior","N","A","鲡","鲡","lí","jì"
"cnwqi5970","junior","N","A","鲢","鲢","lián","diàn"
"cnwqi5971","junior","N","B","鲣","鲣","yī","jiān"
"cnwqi5972","junior","N","A","鲥","鲥","shí","chǔ"
"cnwqi5973","junior","N","A","鲧","鲧","gǔn","liè"
"cnwqi5974","junior","N","A","鲩","鲩","huàn","fū"
"cnwqi5975","junior","N","A","獗","獗","jué","yé"
"cnwqi5976","junior","N","B","獠","獠","méng、měng","liáo"
"cnwqi5977","junior","N","A","觯","觯","zhì","chú"
"cnwqi5978","junior","N","A","馓","馓","sǎn","dá、tǎ"
"cnwqi5979","junior","N","A","馔","馔","zhuàn","jùn"
"cnwqi5980","junior","N","B","麾","麾","shì","huī"
"cnwqi5981","junior","N","A","廛","廛","chán","bèi"
"cnwqi5982","junior","N","B","瘛","瘛","xiàn","chì"
"cnwqi5983","junior","N","A","瘼","瘼","mò","yán"
"cnwqi5984","junior","N","A","瘢","瘢","bān","dān"
"cnwqi5985","junior","N","A","瘠","瘠","jí","tūn"
"cnwqi5986","junior","N","B","齑","齑","líng","jī"
"cnwqi5987","junior","N","B","羯","羯","zhǎo、zhuǎ","jié"
"cnwqi5988","junior","N","A","羰","羰","tāng","gěng"
"cnwqi5989","junior","N","B","𥻗","𥻗","gàng","chá"
"cnwqi5990","junior","N","B","遴","遴","lán、lín","lín"
"cnwqi5991","junior","N","B","糌","糌","fěi、fēi","zān"
"cnwqi5992","junior","N","A","糍","糍","cí","jiē、jié"
"cnwqi5993","junior","N","B","糅","糅","huà","róu"
"cnwqi5994","junior","N","B","熜","熜","hòu","cōng、zǒng"
"cnwqi5995","junior","N","A","熵","熵","shāng","bàng、péng"
"cnwqi5996","junior","N","A","熠","熠","yì","yín"
"cnwqi5997","junior","N","B","澍","澍","tà","shù、zhù"
"cnwqi5998","junior","N","A","澌","澌","sī","yú"
"cnwqi5999","junior","N","B","潸","潸","yuè","shān"
"cnwqi6000","junior","N","A","潦","潦","lǎo、lào、liáo","cì、sì"
"cnwqi6001","junior","N","A","潲","潲","shào","pín"
"cnwqi6002","junior","N","A","鋈","鋈","wù","jiā"
"cnwqi6003","junior","N","B","潟","潟","zhàn","xì"
"cnwqi6004","junior","N","B","潼","潼","bāo","tóng"
"cnwqi6005","junior","N","A","潺","潺","chán","xià"
"cnwqi6006","junior","N","A","憬","憬","jǐng","bǐng"
"cnwqi6007","junior","N","A","憧","憧","chōng","luán"
"cnwqi6008","junior","N","B","寮","寮","zhī、zhǐ","liáo"
"cnwqi6009","junior","N","A","窳","窳","yǔ","qǐ"
"cnwqi6010","junior","N","A","谳","谳","yàn","rěn"
"cnwqi6011","junior","N","B","褴","褴","quán","lán"
"cnwqi6012","junior","N","A","褟","褟","tā","shì"
"cnwqi6013","junior","N","A","褫","褫","chǐ","hū"
"cnwqi6014","junior","N","A","谵","谵","zhān","táng"
"cnwqi6015","junior","N","A","熨","熨","yùn、yù","jiǒng"
"cnwqi6016","junior","N","A","屦","屦","jù","guó"
"cnwqi6017","junior","N","B","嬉","嬉","ér","xī"
"cnwqi6018","junior","N","A","勰","勰","xié","shì"
"cnwqi6019","junior","N","B","戮","戮","jì、jǐ","lù"
"cnwqi6020","junior","N","A","蝥","蝥","máo","kuì"
"cnwqi6021","junior","N","A","缬","缬","xié","chóu"
"cnwqi6022","junior","N","A","缮","缮","shàn","zhuàn"
"cnwqi6023","junior","N","B","缯","缯","xù","zēng、zèng"
"cnwqi6024","junior","N","A","骣","骣","chǎn","fèi"
"cnwqi6025","junior","N","A","畿","畿","jī","zuò"
"cnwqi6026","junior","N","B","耩","耩","tǐng","jiǎng"
"cnwqi6027","junior","N","A","耨","耨","nòu","xiāo"
"cnwqi6028","junior","N","B","耪","耪","gǎn","pǎng"
"cnwqi6029","junior","N","A","璞","璞","pú","chán"
"cnwqi6030","junior","N","B","璟","璟","jiàn","jǐng"
"cnwqi6031","junior","N","A","靛","靛","diàn","mái"
"cnwqi6032","junior","N","A","璠","璠","fán","miáo"
"cnwqi6033","junior","N","B","璘","璘","huí","lín"
"cnwqi6034","junior","N","A","聱","聱","áo","chān"
"cnwqi6035","junior","N","B","螯","螯","shān","áo"
"cnwqi6036","junior","N","B","髻","髻","yì","jì"
"cnwqi6037","junior","N","A","髭","髭","zī","yuè"
"cnwqi6038","junior","N","A","髹","髹","xiū","mì"
"cnwqi6039","junior","N","A","擀","擀","gǎn","mài"
"cnwqi6040","junior","N","A","熹","熹","xī","yān"
"cnwqi6041","junior","N","A","甏","甏","bèng","tán、qín"
"cnwqi6042","junior","N","A","擞","擞","sòu、sǒu","cǎn"
"cnwqi6043","junior","N","B","縠","縠","guāng","hú"
"cnwqi6044","junior","N","A","磬","磬","qìng","kuàng"
"cnwqi6045","junior","N","A","颞","颞","niè","quān"
"cnwqi6046","junior","N","A","蕻","蕻","hóng","tā"
"cnwqi6047","junior","N","A","鞘","鞘","qiào、shāo","cǐ"
"cnwqi6048","junior","N","B","颟","颟","dǎo","mān"
"cnwqi6049","junior","N","B","薤","薤","yàn","xiè"
"cnwqi6050","junior","N","B","薨","薨","cēng","hōng"
"cnwqi6051","junior","N","A","檠","檠","qíng","shuò"
"cnwqi6052","junior","N","A","薏","薏","yì","niǔ"
"cnwqi6053","junior","N","B","薮","薮","guān","sǒu"
"cnwqi6054","junior","N","A","薜","薜","bì","xiū"
"cnwqi6055","junior","N","A","薅","薅","hāo","zǔ"
"cnwqi6056","junior","N","A","樾","樾","yuè","xiá"
"cnwqi6057","junior","N","A","橛","橛","jué","jī"
"cnwqi6058","junior","N","A","橇","橇","qiāo","bàn"
"cnwqi6059","junior","N","B","樵","樵","huàn","qiáo"
"cnwqi6060","junior","N","A","檎","檎","qín","biāo"
"cnwqi6061","junior","N","A","橹","橹","lǔ","dūn"
"cnwqi6062","junior","N","A","樽","樽","zūn","pī"
"cnwqi6063","junior","N","A","樨","樨","xī","bái、bài"
"cnwqi6064","junior","N","B","橼","橼","lǎng","yuán"
"cnwqi6065","junior","N","A","墼","墼","jī","dàn、tán"
"cnwqi6066","junior","N","A","橐","橐","tuó","dǐ"
"cnwqi6067","junior","N","B","翮","翮","nǎo","hé"
"cnwqi6068","junior","N","A","醛","醛","quán","dǒng"
"cnwqi6069","junior","N","B","醐","醐","jīng","hú"
"cnwqi6070","junior","N","B","醍","醍","guì","tí、tǐ"
"cnwqi6071","junior","N","B","醚","醚","líng","mí"
"cnwqi6072","junior","N","B","磲","磲","sǎng","qú"
"cnwqi6073","junior","N","B","赝","赝","tuò","yàn"
"cnwqi6074","junior","N","B","飙","飙","biē、biě","biāo"
"cnwqi6075","junior","N","A","殪","殪","yì","ǎn"
"cnwqi6076","junior","N","A","霖","霖","lín","suī"
"cnwqi6077","junior","N","B","霏","霏","dǔ","fēi"
"cnwqi6078","junior","N","A","霓","霓","ní","hūn"
"cnwqi6079","junior","N","A","錾","錾","zàn","chéng"
"cnwqi6080","junior","N","A","辚","辚","lín","guō"
"cnwqi6081","junior","N","B","臻","臻","liù、lù","zhēn"
"cnwqi6082","junior","N","A","遽","遽","jù","ròu"
"cnwqi6083","junior","N","A","氅","氅","chǎng","zǎn"
"cnwqi6084","junior","N","B","瞟","瞟","fān、pān","piǎo"
"cnwqi6085","junior","N","A","瞠","瞠","chēng","měng"
"cnwqi6086","junior","N","B","瞰","瞰","shì、zhē","kàn"
"cnwqi6087","junior","N","A","嚄","嚄","huō","xiū"
"cnwqi6088","junior","N","B","嚆","嚆","è","hāo"
"cnwqi6089","junior","N","A","噤","噤","jìn","sì"
"cnwqi6090","junior","N","A","暾","暾","tūn","nào"
"cnwqi6091","junior","N","B","蹀","蹀","wěi","dié"
"cnwqi6092","junior","N","B","踹","踹","qī、xī","chuài"
"cnwqi6093","junior","N","B","踵","踵","qiān","zhǒng"
"cnwqi6094","junior","N","B","踽","踽","yì","jǔ"
"cnwqi6095","junior","N","A","蹉","蹉","cuō","ān"
"cnwqi6096","junior","N","B","蹁","蹁","jūn、jùn","pián"
"cnwqi6097","junior","N","A","螨","螨","mǎn","cái"
"cnwqi6098","junior","N","B","蟒","蟒","jiǎn","mǎng、měng"
"cnwqi6099","junior","N","A","螈","螈","yuán","zú、cuì"
"cnwqi6100","junior","N","B","螅","螅","huá","xī"
"cnwqi6101","junior","N","A","螭","螭","chī","yì"
"cnwqi6102","junior","N","A","螠","螠","yì","wén"
"cnwqi6103","junior","N","A","螟","螟","míng","shì"
"cnwqi6104","junior","N","B","噱","噱","ào","jué、xué"
"cnwqi6105","junior","N","B","噬","噬","tí","shì"
"cnwqi6106","junior","N","A","噫","噫","yī","lái"
"cnwqi6107","junior","N","A","噻","噻","sāi","kē"
"cnwqi6108","junior","N","B","噼","噼","máng","pī"
"cnwqi6109","junior","N","B","罹","罹","āi","lí"
"cnwqi6110","junior","N","B","圜","圜","chā","huán、yuán"
"cnwqi6111","junior","N","B","䦃","䦃","lì","zhuō"
"cnwqi6112","junior","N","B","镖","镖","sǒu","biāo"
"cnwqi6113","junior","N","B","镗","镗","shù","tāng、táng"
"cnwqi6114","junior","N","A","镘","镘","màn","yīn"
"cnwqi6115","junior","N","B","镚","镚","běn","bèng"
"cnwqi6116","junior","N","B","镛","镛","gāng","yōng"
"cnwqi6117","junior","N","B","镝","镝","chén","dī"
"cnwqi6118","junior","N","B","镞","镞","láo","zú"
"cnwqi6119","junior","N","A","镠","镠","liú","hù"
"cnwqi6120","junior","N","B","氇","氇","yǎo","lu"
"cnwqi6121","junior","N","A","氆","氆","pǔ","hù"
"cnwqi6122","junior","N","B","憩","憩","shì","qì"
"cnwqi6123","junior","N","A","穑","穑","sè","píng"
"cnwqi6124","junior","N","B","篝","篝","tiàn","gōu"
"cnwqi6125","junior","N","A","篥","篥","lì","bèi"
"cnwqi6126","junior","N","A","篦","篦","bì","xī"
"cnwqi6127","junior","N","A","篪","篪","chí","jiē"
"cnwqi6128","junior","N","A","篙","篙","gāo","sāo"
"cnwqi6129","junior","N","B","盥","盥","cāo","guàn"
"cnwqi6130","junior","N","A","劓","劓","yì","láng"
"cnwqi6131","junior","N","A","翱","翱","áo","zuò"
"cnwqi6132","junior","N","B","魉","魉","jīn","liǎng"
"cnwqi6133","junior","N","B","魈","魈","guà","xiāo"
"cnwqi6134","junior","N","A","徼","徼","jiǎo、jiào","pā"
"cnwqi6135","junior","N","B","歙","歙","fǎn","xī、shè"
"cnwqi6136","junior","N","B","膳","膳","páng","shàn"
"cnwqi6137","junior","N","B","膦","膦","gāng","lìn"
"cnwqi6138","junior","N","A","膙","膙","jiǎng","tiǎo"
"cnwqi6139","junior","N","A","鲮","鲮","líng","shì"
"cnwqi6140","junior","N","A","鲱","鲱","fēi","gé、há"
"cnwqi6141","junior","N","B","鲲","鲲","èr","kūn"
"cnwqi6142","junior","N","B","鲳","鲳","lǒu、lōu","chāng"
"cnwqi6143","junior","N","B","鲴","鲴","bǐ","gù"
"cnwqi6144","junior","N","A","鲵","鲵","ní","jù"
"cnwqi6145","junior","N","A","鲷","鲷","diāo","huò"
"cnwqi6146","junior","N","B","鲻","鲻","yī","zī"
"cnwqi6147","junior","N","B","獴","獴","chǎn","měng"
"cnwqi6148","junior","N","A","獭","獭","tǎ","sè、shǎi"
"cnwqi6149","junior","N","A","獬","獬","xiè","lóu"
"cnwqi6150","junior","N","A","邂","邂","xiè","chūn"
"cnwqi6151","junior","N","B","鹧","鹧","biāo","zhè"
"cnwqi6152","junior","N","B","廨","廨","biǎo","xiè"
"cnwqi6153","junior","N","B","赟","赟","qǔ","yūn"
"cnwqi6154","junior","N","A","瘰","瘰","luǒ","qiān"
"cnwqi6155","junior","N","B","廪","廪","chén","lǐn"
"cnwqi6156","junior","N","B","瘿","瘿","xīng","yǐng"
"cnwqi6157","junior","N","A","瘵","瘵","zhài","gōng"
"cnwqi6158","junior","N","B","瘴","瘴","pén","zhàng"
"cnwqi6159","junior","N","B","癃","癃","huái","lóng"
"cnwqi6160","junior","N","B","瘳","瘳","nì","chōu"
"cnwqi6161","junior","N","A","斓","斓","lán","xùn"
"cnwqi6162","junior","N","A","麇","麇","jūn、qún","guài"
"cnwqi6163","junior","N","B","麈","麈","pí","zhǔ"
"cnwqi6164","junior","N","B","嬴","嬴","gǎng、jiǎng","yíng"
"cnwqi6165","junior","N","A","壅","壅","yōng","yì"
"cnwqi6166","junior","N","A","羲","羲","xī","jiàn"
"cnwqi6167","junior","N","A","糗","糗","qiǔ","yē"
"cnwqi6168","junior","N","B","瞥","瞥","huò","piē"
"cnwqi6169","junior","N","A","甑","甑","zèng","shà"
"cnwqi6170","junior","N","B","燎","燎","yōu","liáo、liǎo"
"cnwqi6171","junior","N","B","燠","燠","chù","yù"
"cnwqi6172","junior","N","B","燔","燔","juàn","fán"
"cnwqi6173","junior","N","A","燧","燧","suì","mān、màn"
"cnwqi6174","junior","N","A","濑","濑","lài","xū"
"cnwqi6175","junior","N","A","濉","濉","suī","chǒu"
"cnwqi6176","junior","N","A","潞","潞","lù","gé、lì"
"cnwqi6177","junior","N","A","澧","澧","lǐ","fěi"
"cnwqi6178","junior","N","B","澹","澹","huáng","dàn、tán"
"cnwqi6179","junior","N","A","澥","澥","xiè","měng"
"cnwqi6180","junior","N","B","澶","澶","fú","chán"
"cnwqi6181","junior","N","A","濂","濂","lián","zhū"
"cnwqi6182","junior","N","A","褰","褰","qiān","yuán"
"cnwqi6183","junior","N","B","寰","寰","yáng","huán"
"cnwqi6184","junior","N","A","窸","窸","xī","sàn、sǎ"
"cnwqi6185","junior","N","B","褶","褶","lǐ","zhě"
"cnwqi6186","junior","N","B","禧","禧","méi","xǐ"
"cnwqi6187","junior","N","B","嬖","嬖","bì","bì"
"cnwqi6188","junior","N","A","犟","犟","jiàng","hèn"
"cnwqi6189","junior","N","A","隰","隰","xí","è"
"cnwqi6190","junior","N","A","嬗","嬗","shàn","píng"
"cnwqi6191","junior","N","B","颡","颡","jí","sǎng"
"cnwqi6192","junior","N","B","缱","缱","dài","qiǎn"
"cnwqi6193","junior","N","B","缲","缲","yuàn","qiāo、sāo"
"cnwqi6194","junior","N","B","缳","缳","jiāo","huán"
"cnwqi6195","junior","N","A","璨","璨","càn","shì、sì"
"cnwqi6196","junior","N","A","璩","璩","qú","guǐ"
"cnwqi6197","junior","N","A","璐","璐","lù","xián"
"cnwqi6198","junior","N","A","璪","璪","zǎo","lí"
"cnwqi6199","junior","N","B","螫","螫","jūn","shì、zhē"
"cnwqi6200","junior","N","A","擤","擤","xǐng","chōng"
"cnwqi6201","junior","N","B","壕","壕","dāng、chēng","háo"
"cnwqi6202","junior","N","A","觳","觳","hú","xī"
"cnwqi6203","junior","N","B","罄","罄","jìn","qìng"
"cnwqi6204","junior","N","B","擢","擢","jìng","zhuó"
"cnwqi6205","junior","N","A","薹","薹","tái","chèn"
"cnwqi6206","junior","N","B","鞡","鞡","tí","la"
"cnwqi6207","junior","N","A","鞬","鞬","jiàn、jiān","hé"
"cnwqi6208","junior","N","A","薷","薷","rú","shì"
"cnwqi6209","junior","N","A","薰","薰","xūn","zhuàn"
"cnwqi6210","junior","N","A","藓","藓","xiǎn","yǔ"
"cnwqi6211","junior","N","B","藁","藁","miǎo","gǎo"
"cnwqi6212","junior","N","B","檄","檄","màn","xí"
"cnwqi6213","junior","N","B","檩","檩","duì","lǐn"
"cnwqi6214","junior","N","B","懋","懋","zhī、qí","mào"
"cnwqi6215","junior","N","A","醢","醢","hǎi","kǎi"
"cnwqi6216","junior","N","A","翳","翳","yì","sān"
"cnwqi6217","junior","N","A","礅","礅","dūn","xiāo"
"cnwqi6218","junior","N","A","磴","磴","dèng","ráo、rǎo"
"cnwqi6219","junior","N","B","鹩","鹩","yàn","liáo"
"cnwqi6220","junior","N","A","龋","龋","qǔ","xiū"
"cnwqi6221","junior","N","A","龌","龌","wò","zhǎng、zhàng"
"cnwqi6222","junior","N","A","豳","豳","bīn","hòu"
"cnwqi6223","junior","N","A","壑","壑","hè","yǒu"
"cnwqi6224","junior","N","A","黻","黻","fú","héng"
"cnwqi6225","junior","N","B","嚏","嚏","jǐn、qín、jìn","tì"
"cnwqi6226","junior","N","B","嚅","嚅","chǒu","rú"
"cnwqi6227","junior","N","A","蹑","蹑","niè","luán"
"cnwqi6228","junior","N","B","蹒","蹒","ài、yì","pán"
"cnwqi6229","junior","N","B","蹊","蹊","jié","qī、xī"
"cnwqi6230","junior","N","B","蟥","蟥","yìng","huáng"
"cnwqi6231","junior","N","B","螬","螬","fēn","cáo"
"cnwqi6232","junior","N","B","螵","螵","shēn","piāo"
"cnwqi6233","junior","N","A","疃","疃","tuǎn","pī"
"cnwqi6234","junior","N","B","螳","螳","yuán","táng"
"cnwqi6235","junior","N","A","蟑","蟑","zhāng","fú"
"cnwqi6236","junior","N","A","嚓","嚓","cā、chā","jiǔ"
"cnwqi6237","junior","N","A","羁","羁","jī","wèn、mén"
"cnwqi6238","junior","N","B","罽","罽","xíng","jì"
"cnwqi6239","junior","N","B","罾","罾","líng","zēng"
"cnwqi6240","junior","N","A","嶷","嶷","yí","xùn"
"cnwqi6241","junior","N","B","黜","黜","fù","chù"
"cnwqi6242","junior","N","B","黝","黝","lǎo","yǒu"
"cnwqi6243","junior","N","A","髁","髁","kē","tíng"
"cnwqi6244","junior","N","A","髀","髀","bì","qiǎo"
"cnwqi6245","junior","N","A","镡","镡","chán、tán","qí"
"cnwqi6246","junior","N","B","镢","镢","zhāi","jué"
"cnwqi6247","junior","N","B","镣","镣","kòng","liào"
"cnwqi6248","junior","N","A","镦","镦","dūn","cāng"
"cnwqi6249","junior","N","A","镧","镧","lán","kuài"
"cnwqi6250","junior","N","B","镩","镩","shuò","cuān"
"cnwqi6251","junior","N","B","镪","镪","shī","qiāng"
"cnwqi6252","junior","N","A","镫","镫","dèng","tuó"
"cnwqi6253","junior","N","B","罅","罅","róu","xià"
"cnwqi6254","junior","N","A","黏","黏","nián","bì"
"cnwqi6255","junior","N","A","簌","簌","sù","dēng"
"cnwqi6256","junior","N","B","篾","篾","jiā","miè"
"cnwqi6257","junior","N","B","篼","篼","kǎn","dōu"
"cnwqi6258","junior","N","A","簖","簖","duàn","wéi"
"cnwqi6259","junior","N","A","簋","簋","guǐ","féi"
"cnwqi6260","junior","N","A","鼢","鼢","fén","qiāng、qiàng"
"cnwqi6261","junior","N","B","黛","黛","yàng","dài"
"cnwqi6262","junior","N","A","儡","儡","lěi","biān"
"cnwqi6263","junior","N","B","鹪","鹪","zāi","jiāo"
"cnwqi6264","junior","N","A","鼾","鼾","hān","qiāng"
"cnwqi6265","junior","N","B","皤","皤","ài、yì","pó"
"cnwqi6266","junior","N","B","魍","魍","xùn","wǎng"
"cnwqi6267","junior","N","B","龠","龠","tòng","yuè"
"cnwqi6268","junior","N","B","繇","繇","sòng","yáo、yóu、zhòu"
"cnwqi6269","junior","N","A","貘","貘","mò","huáng"
"cnwqi6270","junior","N","A","邈","邈","miǎo","guǎn"
"cnwqi6271","junior","N","A","貔","貔","pí","zhù"
"cnwqi6272","junior","N","A","臌","臌","gǔ","tiáo"
"cnwqi6273","junior","N","A","膻","膻","shān、dàn","jù"
"cnwqi6274","junior","N","A","臆","臆","yì","hóng"
"cnwqi6275","junior","N","A","臃","臃","yōng","fú"
"cnwqi6276","junior","N","B","鲼","鲼","qián","fèn"
"cnwqi6277","junior","N","B","鲽","鲽","yán","dié"
"cnwqi6278","junior","N","A","鳀","鳀","tí","miǎo"
"cnwqi6279","junior","N","B","鳃","鳃","xuàn","sāi、xǐ"
"cnwqi6280","junior","N","A","鳅","鳅","qiū","jué、jiào"
"cnwqi6281","junior","N","B","鳇","鳇","xī","huáng"
"cnwqi6282","junior","N","B","鳊","鳊","áo","biān"
"cnwqi6283","junior","N","A","螽","螽","zhōng","wú"
"cnwqi6284","junior","N","A","燮","燮","xiè","hào"
"cnwqi6285","junior","N","B","鹫","鹫","cháng","jiù"
"cnwqi6286","junior","N","B","襄","襄","fǔ","xiāng"
"cnwqi6287","junior","N","B","糜","糜","tǐng","mí、méi"
"cnwqi6288","junior","N","B","縻","縻","guī、jūn、qiū","mí"
"cnwqi6289","junior","N","B","膺","膺","gǔ","yīng"
"cnwqi6290","junior","N","A","癍","癍","bān","jiǎo"
"cnwqi6291","junior","N","A","麋","麋","mí","mò"
"cnwqi6292","junior","N","B","懑","懑","mǐn","mèn"
"cnwqi6293","junior","N","A","濡","濡","rú","dū、shé"
"cnwqi6294","junior","N","B","濮","濮","cài","pú"
"cnwqi6295","junior","N","A","濞","濞","bì、pì","tuò"
"cnwqi6296","junior","N","B","濠","濠","sǒng","háo"
"cnwqi6297","junior","N","A","濯","濯","zhuó、zhào","wò"
"cnwqi6298","junior","N","B","蹇","蹇","yuán","jiǎn"
"cnwqi6299","junior","N","A","謇","謇","jiǎn","miǎn"
"cnwqi6300","junior","N","A","邃","邃","suì","xǐ"
"cnwqi6301","junior","N","A","襁","襁","qiǎng","xuǎn、xuān"
"cnwqi6302","junior","N","B","檗","檗","bèi","bò"
"cnwqi6303","junior","N","A","擘","擘","bò、bāi","míng"
"cnwqi6304","junior","N","B","孺","孺","dèng","rú"
"cnwqi6305","junior","N","B","隳","隳","shuǐ","huī、duò"
"cnwqi6306","junior","N","B","嬷","嬷","gù","mó"
"cnwqi6307","junior","N","B","蟊","蟊","yìn","máo"
"cnwqi6308","junior","N","A","鹬","鹬","yù","yǎn"
"cnwqi6309","junior","N","A","鍪","鍪","móu","wèi"
"cnwqi6310","junior","N","B","鏊","鏊","yān","ào"
"cnwqi6311","junior","N","A","鳌","鳌","áo","yàng"
"cnwqi6312","junior","N","A","鬈","鬈","quán","zhòu"
"cnwqi6313","junior","N","A","鬃","鬃","zōng","jiē"
"cnwqi6314","junior","N","A","瞽","瞽","gǔ","yú"
"cnwqi6315","junior","N","B","鞯","鞯","hóng","jiān"
"cnwqi6316","junior","N","A","鞨","鞨","hé","qí"
"cnwqi6317","junior","N","B","鞫","鞫","jiè","jū"
"cnwqi6318","junior","N","B","鞧","鞧","liáo","qiū"
"cnwqi6319","junior","N","A","鞣","鞣","róu","yóu"
"cnwqi6320","junior","N","A","藜","藜","lí","bèi"
"cnwqi6321","junior","N","A","藠","藠","jiào","xuán"
"cnwqi6322","junior","N","A","藩","藩","fān","shí"
"cnwqi6323","junior","N","B","醪","醪","kù","láo"
"cnwqi6324","junior","N","B","蹙","蹙","cháo","cù"
"cnwqi6325","junior","N","B","礓","礓","lín","jiāng"
"cnwqi6326","junior","N","A","燹","燹","xiǎn","fèn"
"cnwqi6327","junior","N","B","餮","餮","jiān","tiè"
"cnwqi6328","junior","N","B","瞿","瞿","zāo","qú、jù"
"cnwqi6329","junior","N","A","曛","曛","xūn","qiú"
"cnwqi6330","junior","N","B","颢","颢","zhòu","hào"
"cnwqi6331","junior","N","B","曜","曜","xiān","yào"
"cnwqi6332","junior","N","A","躇","躇","chú","chàn"
"cnwqi6333","junior","N","B","蹚","蹚","léi","tāng"
"cnwqi6334","junior","N","A","鹭","鹭","lù","jù"
"cnwqi6335","junior","N","B","蟛","蟛","hū、hú、hù","péng"
"cnwqi6336","junior","N","B","蟪","蟪","kū","huì"
"cnwqi6337","junior","N","B","蟠","蟠","huáng","pán"
"cnwqi6338","junior","N","B","蟮","蟮","jū、gōu","shàn"
"cnwqi6339","junior","N","A","鹮","鹮","huán","lú、lǔ"
"cnwqi6340","junior","N","B","黠","黠","lüè","xiá"
"cnwqi6341","junior","N","A","黟","黟","yī","chěng"
"cnwqi6342","junior","N","A","髅","髅","lóu","wǎn"
"cnwqi6343","junior","N","A","髂","髂","qià","mǔ"
"cnwqi6344","junior","N","A","镬","镬","huò","zhé"
"cnwqi6345","junior","N","B","镭","镭","líng","léi"
"cnwqi6346","junior","N","B","镯","镯","qī","zhuó"
"cnwqi6347","junior","N","B","馥","馥","chěng","fù"
"cnwqi6348","junior","N","B","簟","簟","áo、ào","diàn"
"cnwqi6349","junior","N","B","簪","簪","háo","zān"
"cnwqi6350","junior","N","A","鼬","鼬","yòu","xì"
"cnwqi6351","junior","N","A","雠","雠","chóu","huǎn"
"cnwqi6352","junior","N","A","艟","艟","chōng","sù、xiǔ、xiù"
"cnwqi6353","junior","N","A","鳎","鳎","tǎ","bàng"
"cnwqi6354","junior","N","A","鳏","鳏","guān","jī"
"cnwqi6355","junior","N","A","鳐","鳐","yáo","yì"
"cnwqi6356","junior","N","A","癞","癞","lài","pí"
"cnwqi6357","junior","N","A","癔","癔","yì","shēn"
"cnwqi6358","junior","N","A","癜","癜","diàn","fēi"
"cnwqi6359","junior","N","B","癖","癖","róng","pǐ"
"cnwqi6360","junior","N","B","糨","糨","wěi","jiàng"
"cnwqi6361","junior","N","A","蹩","蹩","bié","dí、zhái"
"cnwqi6362","junior","N","A","鎏","鎏","liú","gù"
"cnwqi6363","junior","N","A","懵","懵","měng","chú"
"cnwqi6364","junior","N","A","彝","彝","yí","dá"
"cnwqi6365","junior","N","A","邋","邋","lā","lǐ"
"cnwqi6366","junior","N","A","鬏","鬏","jiū","xiǎn"
"cnwqi6367","junior","N","A","攉","攉","huō","kē"
"cnwqi6368","junior","N","B","攒","攒","biǎn","zǎn、cuán"
"cnwqi6369","junior","N","A","鞲","鞲","gōu","mù"
"cnwqi6370","junior","N","A","鞴","鞴","bèi","gān"
"cnwqi6371","junior","N","A","藿","藿","huò","xù"
"cnwqi6372","junior","N","A","蘧","蘧","qú","líng"
"cnwqi6373","junior","N","B","蘅","蘅","liáng、liàng","héng"
"cnwqi6374","junior","N","B","麓","麓","pǐ、bǐ","lù"
"cnwqi6375","junior","N","B","醮","醮","jū","jiào"
"cnwqi6376","junior","N","A","醯","醯","xī","xī"
"cnwqi6377","junior","N","B","酃","酃","yùn","líng"
"cnwqi6378","junior","N","A","霪","霪","yín","shuān"
"cnwqi6379","junior","N","A","霭","霭","ǎi","tù、tú"
"cnwqi6380","junior","N","B","霨","霨","fú","wèi"
"cnwqi6381","junior","N","B","黼","黼","léi、lèi","fǔ"
"cnwqi6382","junior","N","A","嚯","嚯","huò","diàn"
"cnwqi6383","junior","N","B","蹰","蹰","mǐ","chú"
"cnwqi6384","junior","N","A","蹶","蹶","jué、juě","cóng"
"cnwqi6385","junior","N","A","蹽","蹽","liāo","pīn"
"cnwqi6386","junior","N","A","蹼","蹼","pǔ","tuǒ"
"cnwqi6387","junior","N","A","蹴","蹴","cù","jū"
"cnwqi6388","junior","N","A","蹾","蹾","dūn","jì"
"cnwqi6389","junior","N","B","蹿","蹿","gào","cuān"
"cnwqi6390","junior","N","A","蠖","蠖","huò","ǒu"
"cnwqi6391","junior","N","B","蠓","蠓","yào","měng"
"cnwqi6392","junior","N","A","蟾","蟾","chán","gù"
"cnwqi6393","junior","N","B","蠊","蠊","fū","lián"
"cnwqi6394","junior","N","A","黢","黢","qū","bié"
"cnwqi6395","junior","N","A","髋","髋","kuān","mò"
"cnwqi6396","junior","N","A","髌","髌","bìn","xī"
"cnwqi6397","junior","N","B","镲","镲","zhuī、cuī、wéi","chǎ"
"cnwqi6398","junior","N","B","籀","籀","jué","zhòu"
"cnwqi6399","junior","N","B","籁","籁","pèng","lài"
"cnwqi6400","junior","N","B","齁","齁","cuān","hōu"
"cnwqi6401","junior","N","A","魑","魑","chī","piě"
"cnwqi6402","junior","N","B","艨","艨","zāng、zàng、cáng","méng"
"cnwqi6403","junior","N","B","鳓","鳓","duàn","lè"
"cnwqi6404","junior","N","B","鳔","鳔","jù","biào"
"cnwqi6405","junior","N","A","鳕","鳕","xuě","xiàn"
"cnwqi6406","junior","N","A","鳗","鳗","mán","bó、bèi"
"cnwqi6407","junior","N","B","鳙","鳙","niǔ","yōng"
"cnwqi6408","junior","N","B","麒","麒","niè","qí"
"cnwqi6409","junior","N","A","鏖","鏖","áo","chá"
"cnwqi6410","junior","N","A","羸","羸","léi","zhào"
"cnwqi6411","junior","N","B","㸆","㸆","qiāng、qiàng","kào"
"cnwqi6412","junior","N","B","瀚","瀚","luán","hàn"
"cnwqi6413","junior","N","A","瀣","瀣","xiè","bì"
"cnwqi6414","junior","N","A","瀛","瀛","yíng","dú"
"cnwqi6415","junior","N","A","襦","襦","rú","yún"
"cnwqi6416","junior","N","A","谶","谶","chèn","shān、shàn"
"cnwqi6417","junior","N","A","襞","襞","bì","mǐ"
"cnwqi6418","junior","N","A","骥","骥","jì","sōng"
"cnwqi6419","junior","N","A","缵","缵","zuǎn","dān、dàn、dǎn"
"cnwqi6420","junior","N","A","瓒","瓒","zàn","qī"
"cnwqi6421","junior","N","B","攘","攘","shuò","rǎng"
"cnwqi6422","junior","N","A","蘩","蘩","fán","kān"
"cnwqi6423","junior","N","B","蘖","蘖","dǎng、dàng","niè"
"cnwqi6424","junior","N","A","醴","醴","lǐ","yàn"
"cnwqi6425","junior","N","A","霰","霰","xiàn","sūn"
"cnwqi6426","junior","N","A","酆","酆","fēng","zōng"
"cnwqi6427","junior","N","A","矍","矍","jué","liáo"
"cnwqi6428","junior","N","B","曦","曦","lǎo、mǔ","xī"
"cnwqi6429","junior","N","A","躅","躅","zhú","zhǔ"
"cnwqi6430","junior","N","A","鼍","鼍","tuó","pāo"
"cnwqi6431","junior","N","A","巉","巉","chán","cuō"
"cnwqi6432","junior","N","A","黩","黩","dú","sǎng"
"cnwqi6433","junior","N","B","黥","黥","zǔn","qíng"
"cnwqi6434","junior","N","B","黪","黪","āi","cǎn"
"cnwqi6435","junior","N","B","镳","镳","fāng、bàng","biāo"
"cnwqi6436","junior","N","B","镴","镴","yī","là"
"cnwqi6437","junior","N","A","黧","黧","lí","tuí"
"cnwqi6438","junior","N","A","纂","纂","zuǎn","zhān"
"cnwqi6439","junior","N","A","璺","璺","wèn","huáng"
"cnwqi6440","junior","N","B","鼯","鼯","líng","wú"
"cnwqi6441","junior","N","B","臜","臜","yùn","zā"
"cnwqi6442","junior","N","A","鳜","鳜","guì、jué","shé、zhē、zhé"
"cnwqi6443","junior","N","A","鳝","鳝","shàn","làng"
"cnwqi6444","junior","N","B","鳟","鳟","hào","zūn"
"cnwqi6445","junior","N","A","獾","獾","huān","lái"
"cnwqi6446","junior","N","B","孀","孀","jiū","shuāng"
"cnwqi6447","junior","N","B","骧","骧","shòu","xiāng"
"cnwqi6448","junior","N","B","瓘","瓘","wèi","guàn"
"cnwqi6449","junior","N","B","鼙","鼙","xī","pí"
"cnwqi6450","junior","N","A","醺","醺","xūn","kē"
"cnwqi6451","junior","N","B","礴","礴","yīng","bó"
"cnwqi6452","junior","N","A","颦","颦","pín","fāng"
"cnwqi6453","junior","N","B","曩","曩","cāng","nǎng"
"cnwqi6454","junior","N","B","鳢","鳢","lā、lá","lǐ"
"cnwqi6455","junior","N","A","癫","癫","diān","qú、jù"
"cnwqi6456","junior","N","A","麝","麝","shè","jiān、jiàn"
"cnwqi6457","junior","N","A","夔","夔","kuí","hè"
"cnwqi6458","junior","N","B","爝","爝","xíng","jué"
"cnwqi6459","junior","N","A","灏","灏","hào","zhù、níng"
"cnwqi6460","junior","N","B","禳","禳","lìn","ráng"
"cnwqi6461","junior","N","A","鐾","鐾","bèi","yǎn"
"cnwqi6462","junior","N","B","羼","羼","cuàn","chàn"
"cnwqi6463","junior","N","A","蠡","蠡","lí、lǐ","jiàn、jiān"
"cnwqi6464","junior","N","B","耱","耱","gá","mò"
"cnwqi6465","junior","N","B","懿","懿","hái、huán","yì"
"cnwqi6466","junior","N","A","蘸","蘸","zhàn","zhuàng"
"cnwqi6467","junior","N","A","鹳","鹳","guàn","xī"
"cnwqi6468","junior","N","B","霾","霾","shuāng","mái"
"cnwqi6469","junior","N","A","氍","氍","qú","zhuàn"
"cnwqi6470","junior","N","B","饕","饕","zàng、zhuǎng","tāo"
"cnwqi6471","junior","N","B","躐","躐","yì","liè"
"cnwqi6472","junior","N","A","髑","髑","dú","biǎo"
"cnwqi6473","junior","N","B","镵","镵","hòu","chán"
"cnwqi6474","junior","N","A","穰","穰","ráng","jiā"
"cnwqi6475","junior","N","B","饔","饔","bó","yōng"
"cnwqi6476","junior","N","B","鬻","鬻","chǔ","yù"
"cnwqi6477","junior","N","A","鬟","鬟","huán","ràng"
"cnwqi6478","junior","N","A","趱","趱","zǎn","hǔ"
"cnwqi6479","junior","N","A","攫","攫","jué","mí"
"cnwqi6480","junior","N","A","攥","攥","zuàn","xiè"
"cnwqi6481","junior","N","B","颧","颧","wèi","quán"
"cnwqi6482","junior","N","A","躜","躜","zuān","qǐ"
"cnwqi6483","junior","N","B","鼹","鼹","piǎo","yǎn"
"cnwqi6484","junior","N","A","癯","癯","qú","xī"
"cnwqi6485","junior","N","B","麟","麟","è","lín"
"cnwqi6486","junior","N","B","蠲","蠲","shú","juān"
"cnwqi6487","junior","N","B","蠹","蠹","fù","dù"
"cnwqi6488","junior","N","B","躞","躞","yào","xiè"
"cnwqi6489","junior","N","B","衢","衢","wù","qú"
"cnwqi6490","junior","N","B","鑫","鑫","fēng","xīn"
"cnwqi6491","junior","N","B","灞","灞","yuè","bà"
"cnwqi6492","junior","N","B","襻","襻","chē","pàn"
"cnwqi6493","junior","N","A","纛","纛","dào","qióng"
"cnwqi6494","junior","N","A","鬣","鬣","liè","xué"
"cnwqi6495","junior","N","B","攮","攮","chóng","nǎng"
"cnwqi6496","junior","N","B","囔","囔","měng","nāng"
"cnwqi6497","junior","N","B","馕","馕","yù","náng、nǎng"
"cnwqi6498","junior","N","A","戆","戆","gàng、zhuàng","yǔ"
"cnwqi6499","junior","N","A","爨","爨","cuàn","dǒu"
"cnwqi6500","junior","N","A","齉","齉","nàng","zhí"
"cnwqi6501","senior","N","A","亍","亍","chù","jí"
"cnwqi6502","senior","N","B","尢","尢","zhuàn","yóu、wāng"
"cnwqi6503","senior","N","A","彳","彳","chì","bǐ"
"cnwqi6504","senior","N","B","卬","卬","dǎi、dài","yǎng、áng"
"cnwqi6505","senior","N","B","殳","殳","juǎn、juàn","shū"
"cnwqi6506","senior","N","A","𠙶","𠙶","ǒu","shǐ"
"cnwqi6507","senior","N","A","毌","毌","guàn、wān","jì"
"cnwqi6508","senior","N","B","邘","邘","xìng","yú"
"cnwqi6509","senior","N","A","戋","戋","jiān","kè"
"cnwqi6510","senior","N","A","圢","圢","tǐng","zèng"
"cnwqi6511","senior","N","B","氕","氕","gài","piē"
"cnwqi6512","senior","N","B","伋","伋","shū","jí"
"cnwqi6513","senior","N","A","仝","仝","tóng","wú"
"cnwqi6514","senior","N","B","冮","冮","luò、tà","gāng"
"cnwqi6515","senior","N","B","氿","氿","bìn","guǐ、jiǔ"
"cnwqi6516","senior","N","A","汈","汈","diāo","zàn"
"cnwqi6517","senior","N","A","氾","氾","fán","xī"
"cnwqi6518","senior","N","A","忉","忉","dāo","méi"
"cnwqi6519","senior","N","B","宄","宄","hé","guǐ"
"cnwqi6520","senior","N","A","𬣙","𬣙","xū","rén"
"cnwqi6521","senior","N","B","讱","讱","qū","rèn"
"cnwqi6522","senior","N","A","扞","扞","hàn","zhǎo"
"cnwqi6523","senior","N","A","圲","圲","qiān","fū"
"cnwqi6524","senior","N","B","圫","圫","è、wù、ě、wū","yù、zhūn"
"cnwqi6525","senior","N","A","芏","芏","dù","yú"
"cnwqi6526","senior","N","B","芃","芃","cā","péng"
"cnwqi6527","senior","N","B","朳","朳","lì","bā"
"cnwqi6528","senior","N","A","朸","朸","lì","yín"
"cnwqi6529","senior","N","B","𨙸","𨙸","xún","qí"
"cnwqi6530","senior","N","A","邨","邨","cūn","yù"
"cnwqi6531","senior","N","A","吒","吒","zhà、zhā","bèi"
"cnwqi6532","senior","N","A","吖","吖","yā、ā","bì、bēn"
"cnwqi6533","senior","N","A","屼","屼","wù","ruǎn、nèn"
"cnwqi6534","senior","N","B","屾","屾","bó、pō","shēn"
"cnwqi6535","senior","N","B","辿","辿","shí","chān"
"cnwqi6536","senior","N","B","钆","钆","měi","gá"
"cnwqi6537","senior","N","B","仳","仳","yǔ","pǐ、pí"
"cnwqi6538","senior","N","B","伣","伣","chēng","qiàn"
"cnwqi6539","senior","N","A","伈","伈","xǐn","shū"
"cnwqi6540","senior","N","A","癿","癿","bié","zǔn"
"cnwqi6541","senior","N","B","甪","甪","hǎn","lù"
"cnwqi6542","senior","N","A","邠","邠","bīn","zhān"
"cnwqi6543","senior","N","A","犴","犴","hān、àn","chī"
"cnwqi6544","senior","N","A","冱","冱","hù","cūn"
"cnwqi6545","senior","N","A","邡","邡","fāng","fū"
"cnwqi6546","senior","N","A","闫","闫","yán","huò"
"cnwqi6547","senior","N","A","𬇕","𬇕","wàn","sāo"
"cnwqi6548","senior","N","B","汋","汋","gǔn","zhuó、què"
"cnwqi6549","senior","N","B","䜣","䜣","yì、ài","xīn"
"cnwqi6550","senior","N","B","讻","讻","zuō","xiōng"
"cnwqi6551","senior","N","A","𬣞","𬣞","zhǔ","zhǐ"
"cnwqi6552","senior","N","A","孖","孖","zī、mā","kuǎ"
"cnwqi6553","senior","N","B","𬘓","𬘓","hài","xún"
"cnwqi6554","senior","N","B","纩","纩","gāng","kuàng"
"cnwqi6555","senior","N","B","玒","玒","shèn","hóng"
"cnwqi6556","senior","N","A","玓","玓","dì","yù"
"cnwqi6557","senior","N","B","玘","玘","jiāng","qǐ"
"cnwqi6558","senior","N","B","玚","玚","zhā","chàng、yáng"
"cnwqi6559","senior","N","A","刬","刬","chǎn、chàn","yì"
"cnwqi6560","senior","N","A","𫭟","𫭟","ōu、qū","jìn"
"cnwqi6561","senior","N","A","坜","坜","lì","lín"
"cnwqi6562","senior","N","B","坉","坉","jiá","tún、dùn"
"cnwqi6563","senior","N","B","扽","扽","tuó","dèn"
"cnwqi6564","senior","N","B","𫭢","𫭢","shī","lǔn"
"cnwqi6565","senior","N","B","坋","坋","bǒ","bèn、fèn"
"cnwqi6566","senior","N","B","扺","扺","huáng、guāng","zhǐ"
"cnwqi6567","senior","N","A","㧑","㧑","huī","yà、zhá"
"cnwqi6568","senior","N","A","毐","毐","ǎi","jiàng"
"cnwqi6569","senior","N","B","芰","芰","qìng、jīng","jì"
"cnwqi6570","senior","N","B","芣","芣","xiū","fú"
"cnwqi6571","senior","N","B","苊","苊","yé","è"
"cnwqi6572","senior","N","B","苉","苉","cuān","pǐ"
"cnwqi6573","senior","N","B","芘","芘","sī","bì、pí"
"cnwqi6574","senior","N","A","芴","芴","wù、hū","pà"
"cnwqi6575","senior","N","B","芠","芠","bì","wén"
"cnwqi6576","senior","N","A","𫇭","𫇭","wěi","áo"
"cnwqi6577","senior","N","B","芤","芤","xiào、jiào","kōu"
"cnwqi6578","senior","N","B","杕","杕","jīng","dì、duò"
"cnwqi6579","senior","N","A","杙","杙","yì","zhóu"
"cnwqi6580","senior","N","B","杄","杄","bǎ","qiān"
"cnwqi6581","senior","N","A","杧","杧","máng","hōng"
"cnwqi6582","senior","N","A","杩","杩","mǎ、mà","diào"
"cnwqi6583","senior","N","A","尪","尪","wāng","chéng"
"cnwqi6584","senior","N","B","尨","尨","bā","lóng、máng、méng、páng"
"cnwqi6585","senior","N","B","轪","轪","yì","dài"
"cnwqi6586","senior","N","A","𫐄","𫐄","yuè","yuè"
"cnwqi6587","senior","N","A","坒","坒","bì","fú"
"cnwqi6588","senior","N","B","芈","芈","bù","mǐ"
"cnwqi6589","senior","N","A","旴","旴","xū、xù","jì"
"cnwqi6590","senior","N","B","旵","旵","tiǎn","chǎn"
"cnwqi6591","senior","N","B","呙","呙","jiè","wāi、hé、wǒ、wā、guǎ、guō"
"cnwqi6592","senior","N","A","㕮","㕮","fǔ","xūn"
"cnwqi6593","senior","N","A","岍","岍","qiān","yù"
"cnwqi6594","senior","N","A","𫵷","𫵷","lì","dǎo"
"cnwqi6595","senior","N","B","岠","岠","shuāi、cuī","jù"
"cnwqi6596","senior","N","B","岜","岜","chǎn","bā"
"cnwqi6597","senior","N","A","呇","呇","mèn","gù"
"cnwqi6598","senior","N","A","冏","冏","jiǒng","jué、xué"
"cnwqi6599","senior","N","B","觃","觃","ruò","yàn"
"cnwqi6600","senior","N","B","岙","岙","cè","ào"
"cnwqi6601","senior","N","B","伾","伾","zuó、zé","pī"
"cnwqi6602","senior","N","B","㑇","㑇","yǒng","zhòu"
"cnwqi6603","senior","N","B","伭","伭","xiāo、xiào","xián、xuán"
"cnwqi6604","senior","N","A","佖","佖","bì","tāo"
"cnwqi6605","senior","N","A","伲","伲","nǐ、nì","pú"
"cnwqi6606","senior","N","B","佁","佁","kào","yǐ、chì"
"cnwqi6607","senior","N","A","飏","飏","yáng","bó"
"cnwqi6608","senior","N","A","狃","狃","niǔ","tú、chá"
"cnwqi6609","senior","N","A","闶","闶","kàng、kāng","xūn"
"cnwqi6610","senior","N","A","汧","汧","qiān","yǎn"
"cnwqi6611","senior","N","A","汫","汫","jǐng","shū"
"cnwqi6612","senior","N","A","𣲘","𣲘","wǔ","chào"
"cnwqi6613","senior","N","A","𣲗","𣲗","wéi","cóng、zòng"
"cnwqi6614","senior","N","A","沄","沄","yún","gài"
"cnwqi6615","senior","N","B","沘","沘","shuā、shuà","bǐ"
"cnwqi6616","senior","N","A","𬇙","𬇙","bèi","jǐ"
"cnwqi6617","senior","N","B","汭","汭","tà","ruì"
"cnwqi6618","senior","N","A","㳇","㳇","fù","chù"
"cnwqi6619","senior","N","A","沇","沇","yǎn","zhǔ"
"cnwqi6620","senior","N","A","忮","忮","zhì","yǎo"
"cnwqi6621","senior","N","A","忳","忳","tún、zhūn、dùn","biān"
"cnwqi6622","senior","N","B","忺","忺","nuǎn","xiān"
"cnwqi6623","senior","N","A","𬣡","𬣡","jiàn","hè、xià"
"cnwqi6624","senior","N","A","祃","祃","mà","duò"
"cnwqi6625","senior","N","A","诇","诇","xiòng","zhǎng、zhàng"
"cnwqi6626","senior","N","A","邲","邲","bì","zhuó"
"cnwqi6627","senior","N","A","诎","诎","qū","wěi"
"cnwqi6628","senior","N","A","诐","诐","bì","chǎng"
"cnwqi6629","senior","N","A","屃","屃","xì","gēng"
"cnwqi6630","senior","N","A","𫸩","𫸩","kōu","zhǎn"
"cnwqi6631","senior","N","A","岊","岊","jié","tóng"
"cnwqi6632","senior","N","B","阽","阽","bān","diàn"
"cnwqi6633","senior","N","B","䢺","䢺","pā","chū"
"cnwqi6634","senior","N","A","阼","阼","zuò","pí"
"cnwqi6635","senior","N","B","妧","妧","wú","wàn、yuán"
"cnwqi6636","senior","N","A","妘","妘","yún","guó"
"cnwqi6637","senior","N","A","𨚕","𨚕","biàn","dǐ"
"cnwqi6638","senior","N","B","纮","纮","léi、lěi、lèi","hóng"
"cnwqi6639","senior","N","B","驲","驲","xī","rì"
"cnwqi6640","senior","N","A","𫘜","𫘜","wén","wò"
"cnwqi6641","senior","N","B","纻","纻","shuò","zhù"
"cnwqi6642","senior","N","B","𬘘","𬘘","gǔ","dǎn"
"cnwqi6643","senior","N","A","𫘝","𫘝","jué","xīng"
"cnwqi6644","senior","N","A","纼","纼","zhèn","cuì、qi"
"cnwqi6645","senior","N","B","玤","玤","huàn","bàng"
"cnwqi6646","senior","N","A","玞","玞","fū","dì、duò"
"cnwqi6647","senior","N","A","玱","玱","qiāng、cāng","yō、yo"
"cnwqi6648","senior","N","B","玟","玟","cōng","mín、wén"
"cnwqi6649","senior","N","A","邽","邽","guī","zhěn"
"cnwqi6650","senior","N","B","邿","邿","sōu","shī"
"cnwqi6651","senior","N","B","坥","坥","juè、jué","qū"
"cnwqi6652","senior","N","A","坰","坰","jiōng","méng"
"cnwqi6653","senior","N","A","坬","坬","guà、wā","zhuō"
"cnwqi6654","senior","N","A","坽","坽","líng","niè"
"cnwqi6655","senior","N","B","弆","弆","tàn","jǔ"
"cnwqi6656","senior","N","A","耵","耵","dīng","qiāo、qiǎo"
"cnwqi6657","senior","N","B","䢼","䢼","lěi","gōng"
"cnwqi6658","senior","N","A","𦭜","𦭜","zhī","xù"
"cnwqi6659","senior","N","B","茋","茋","bào","dǐ"
"cnwqi6660","senior","N","A","苧","苧","zhù、níng","yùn"
"cnwqi6661","senior","N","A","苾","苾","bì","líng、léng"
"cnwqi6662","senior","N","B","苠","苠","xì","mín"
"cnwqi6663","senior","N","A","枅","枅","jī","diǎn"
"cnwqi6664","senior","N","B","㭎","㭎","é","gāng"
"cnwqi6665","senior","N","B","枘","枘","gǎn","ruì"
"cnwqi6666","senior","N","A","枍","枍","yì","shuā"
"cnwqi6667","senior","N","B","矼","矼","zhuō","gāng、qiāng、kòng"
"cnwqi6668","senior","N","A","矻","矻","kū","zào"
"cnwqi6669","senior","N","B","匼","匼","huì","kē、qià"
"cnwqi6670","senior","N","A","𬨂","𬨂","qí","gǔn"
"cnwqi6671","senior","N","B","𬀩","𬀩","jiǎo","wěi"
"cnwqi6672","senior","N","A","𬀪","𬀪","xiàn","wò"
"cnwqi6673","senior","N","A","旿","旿","wù、wǔ","fú、bì"
"cnwqi6674","senior","N","B","昇","昇","dì、duò","shēng"
"cnwqi6675","senior","N","B","昄","昄","zhōng、zhòng","bǎn"
"cnwqi6676","senior","N","B","昒","昒","jiǒng","hū"
"cnwqi6677","senior","N","B","昈","昈","dāng","hù"
"cnwqi6678","senior","N","A","咉","咉","yāng","yīng"
"cnwqi6679","senior","N","A","咇","咇","bì","mà"
"cnwqi6680","senior","N","A","咍","咍","hāi","yōng"
"cnwqi6681","senior","N","A","岵","岵","hù","kūn"
"cnwqi6682","senior","N","B","岽","岽","qín","dōng"
"cnwqi6683","senior","N","A","岨","岨","jū、qū","gē"
"cnwqi6684","senior","N","A","岞","岞","zuò","wǔ"
"cnwqi6685","senior","N","B","峂","峂","jiǎn","tóng"
"cnwqi6686","senior","N","B","㟃","㟃","pèng","sī"
"cnwqi6687","senior","N","B","囷","囷","zōng","qūn"
"cnwqi6688","senior","N","B","𬬩","𬬩","gào","yì"
"cnwqi6689","senior","N","A","钐","钐","shān、shàn","fēi"
"cnwqi6690","senior","N","B","钔","钔","yù","mén"
"cnwqi6691","senior","N","B","钖","钖","qià","yáng"
"cnwqi6692","senior","N","B","牥","牥","liáo、liǎo","fāng"
"cnwqi6693","senior","N","B","佴","佴","guī、xī、juàn","èr、nài"
"cnwqi6694","senior","N","B","垈","垈","qíng","dài"
"cnwqi6695","senior","N","A","侁","侁","shēn","zhù"
"cnwqi6696","senior","N","A","侹","侹","tǐng","ēn"
"cnwqi6697","senior","N","A","佸","佸","huó","gǔn"
"cnwqi6698","senior","N","A","佺","佺","quán","tóng"
"cnwqi6699","senior","N","B","隹","隹","xiān","zhuī、cuī、wéi"
"cnwqi6700","senior","N","A","㑊","㑊","yì","yā"
"cnwqi6701","senior","N","A","侂","侂","tuō","bó"
"cnwqi6702","senior","N","A","佽","佽","cì","chǎ"
"cnwqi6703","senior","N","B","侘","侘","zǔ","chà"
"cnwqi6704","senior","N","A","郈","郈","hòu","dī"
"cnwqi6705","senior","N","B","舠","舠","ān","dāo"
"cnwqi6706","senior","N","A","郐","郐","kuài","dòng、tóng、tǒng"
"cnwqi6707","senior","N","B","郃","郃","fǎ","hé"
"cnwqi6708","senior","N","B","攽","攽","xiàn","bān"
"cnwqi6709","senior","N","B","肭","肭","xuè","nà"
"cnwqi6710","senior","N","B","肸","肸","liǎn","xī"
"cnwqi6711","senior","N","B","肷","肷","nuò","qiǎn"
"cnwqi6712","senior","N","B","狉","狉","shè","pī"
"cnwqi6713","senior","N","B","狝","狝","zhǐ","xiǎn"
"cnwqi6714","senior","N","A","饳","饳","duò","dèng"
"cnwqi6715","senior","N","A","忞","忞","mǐn、wěn、mín","nàn"
"cnwqi6716","senior","N","A","於","於","yū、yú","wèi、yù"
"cnwqi6717","senior","N","B","炌","炌","lì、lài","kài"
"cnwqi6718","senior","N","A","炆","炆","wén","lù、liù"
"cnwqi6719","senior","N","A","泙","泙","pēng、píng","kǔn"
"cnwqi6720","senior","N","B","沺","沺","kàng","tián"
"cnwqi6721","senior","N","A","泂","泂","jiǒng","nián"
"cnwqi6722","senior","N","A","泜","泜","zhī","lóu"
"cnwqi6723","senior","N","A","泃","泃","jū","kòu"
"cnwqi6724","senior","N","B","泇","泇","jiù","jiā"
"cnwqi6725","senior","N","A","怊","怊","chāo","hān"
"cnwqi6726","senior","N","A","峃","峃","xué","fú"
"cnwqi6727","senior","N","A","穸","穸","xī","diāo"
"cnwqi6728","senior","N","B","祋","祋","jìng","duì"
"cnwqi6729","senior","N","A","祊","祊","bēng、fāng","guàn"
"cnwqi6730","senior","N","A","𫍣","𫍣","tóng","gē"
"cnwqi6731","senior","N","B","𬣳","𬣳","wò","hěn"
"cnwqi6732","senior","N","B","𬩽","𬩽","bèi","xún"
"cnwqi6733","senior","N","B","鸤","鸤","yí、nǐ","shī"
"cnwqi6734","senior","N","B","弢","弢","shàn、shān","tāo"
"cnwqi6735","senior","N","B","弨","弨","yǒng","chāo"
"cnwqi6736","senior","N","A","陑","陑","ér","dǎi"
"cnwqi6737","senior","N","B","𬮿","𬮿","jì","gài"
"cnwqi6738","senior","N","B","陎","陎","miǎo","shū"
"cnwqi6739","senior","N","B","𬯀","𬯀","xiū","jī"
"cnwqi6740","senior","N","A","卺","卺","jǐn","nóng"
"cnwqi6741","senior","N","A","乸","乸","nǎ","gù"
"cnwqi6742","senior","N","A","妭","妭","bá","lè"
"cnwqi6743","senior","N","B","姈","姈","bǐ","líng"
"cnwqi6744","senior","N","B","𫰛","𫰛","rén","xíng"
"cnwqi6745","senior","N","A","迳","迳","jìng","luó"
"cnwqi6746","senior","N","A","叕","叕","zhuó、yǐ、lì、jué","yì"
"cnwqi6747","senior","N","B","𬳵","𬳵","lǒng","pī"
"cnwqi6748","senior","N","A","驵","驵","zǎng","xù"
"cnwqi6749","senior","N","A","𬳶","𬳶","jiōng","tōng"
"cnwqi6750","senior","N","A","䌹","䌹","jiǒng","fú、bì"
"cnwqi6751","senior","N","A","驺","驺","zōu","tān"
"cnwqi6752","senior","N","A","𫠊","𫠊","xuán","dài"
"cnwqi6753","senior","N","B","绋","绋","yún","fú"
"cnwqi6754","senior","N","B","绐","绐","hé","dài"
"cnwqi6755","senior","N","B","砉","砉","gāo","xū、huā"
"cnwqi6756","senior","N","B","耔","耔","shù","zǐ"
"cnwqi6757","senior","N","B","㛃","㛃","chān、yán","jié"
"cnwqi6758","senior","N","B","玶","玶","yòu","píng"
"cnwqi6759","senior","N","B","珇","珇","lián","zǔ、jù"
"cnwqi6760","senior","N","B","珅","珅","sù","shēn"
"cnwqi6761","senior","N","B","𬍛","𬍛","tuān、tuàn","lì"
"cnwqi6762","senior","N","B","珋","珋","zhèn","liǔ"
"cnwqi6763","senior","N","A","玹","玹","xuán、xián","mì"
"cnwqi6764","senior","N","A","珌","珌","bì","yì"
"cnwqi6765","senior","N","B","玿","玿","bì","sháo"
"cnwqi6766","senior","N","B","韨","韨","āi、ái","fú"
"cnwqi6767","senior","N","A","垚","垚","yáo","yǎng、áng"
"cnwqi6768","senior","N","A","垯","垯","da","suí"
"cnwqi6769","senior","N","A","垙","垙","guāng","má、mò"
"cnwqi6770","senior","N","B","垲","垲","mǔ","kǎi"
"cnwqi6771","senior","N","B","埏","埏","hún","yán、shān"
"cnwqi6772","senior","N","B","垍","垍","mǐn","jì"
"cnwqi6773","senior","N","B","耇","耇","kàng、kāng","gǒu"
"cnwqi6774","senior","N","A","鿍","鿍","gàng","dǎn、shàn"
"cnwqi6775","senior","N","B","垎","垎","dòng、tóng","hè"
"cnwqi6776","senior","N","A","垴","垴","nǎo","yì"
"cnwqi6777","senior","N","B","垟","垟","máo","yáng"
"cnwqi6778","senior","N","A","垞","垞","chá","xún"
"cnwqi6779","senior","N","B","挓","挓","gǒng","zhā"
"cnwqi6780","senior","N","A","垵","垵","ān","bèi"
"cnwqi6781","senior","N","B","垏","垏","dūn、duì","lǜ"
"cnwqi6782","senior","N","B","拶","拶","zēng","zā、zǎn"
"cnwqi6783","senior","N","B","荖","荖","qí","lǎo"
"cnwqi6784","senior","N","A","荁","荁","huán","zuò"
"cnwqi6785","senior","N","B","荙","荙","pī","dá"
"cnwqi6786","senior","N","A","荛","荛","ráo","kǎ、qiǎ"
"cnwqi6787","senior","N","B","茈","茈","yín、xún","cí、zǐ"
"cnwqi6788","senior","N","A","茽","茽","zhòng","hé"
"cnwqi6789","senior","N","A","荄","荄","gāi","càn"
"cnwqi6790","senior","N","A","茺","茺","chōng","jìn"
"cnwqi6791","senior","N","A","𬜬","𬜬","màn","tǎn"
"cnwqi6792","senior","N","A","荓","荓","píng","yún"
"cnwqi6793","senior","N","B","茳","茳","tán","jiāng"
"cnwqi6794","senior","N","B","𦰡","𦰡","jiē","nà、nuó"
"cnwqi6795","senior","N","B","茛","茛","kǒu","gèn"
"cnwqi6796","senior","N","A","荭","荭","hóng","huì"
"cnwqi6797","senior","N","A","㭕","㭕","qū","diāo"
"cnwqi6798","senior","N","A","柷","柷","zhù","niè"
"cnwqi6799","senior","N","B","柃","柃","yǔ","líng"
"cnwqi6800","senior","N","B","柊","柊","guān","zhōng"
"cnwqi6801","senior","N","B","枹","枹","biāo","bāo、fú"
"cnwqi6802","senior","N","A","栐","栐","yǒng","pǐn"
"cnwqi6803","senior","N","B","柖","柖","jí","sháo、shào"
"cnwqi6804","senior","N","B","郚","郚","hé、hē、hè","wú"
"cnwqi6805","senior","N","A","剅","剅","lóu","chú"
"cnwqi6806","senior","N","B","䴓","䴓","yǎn","shī"
"cnwqi6807","senior","N","B","迺","迺","mì","nǎi"
"cnwqi6808","senior","N","B","厖","厖","huán","máng"
"cnwqi6809","senior","N","A","砆","砆","fū","jiān、jiàn"
"cnwqi6810","senior","N","A","砑","砑","yà","zhá"
"cnwqi6811","senior","N","A","砄","砄","jué","huì"
"cnwqi6812","senior","N","B","耏","耏","wēi","ér、nài"
"cnwqi6813","senior","N","B","奓","奓","yíng","shē、chǐ、zhà"
"cnwqi6814","senior","N","A","䶮","䶮","yǎn","zhōu、zhāo、tiào"
"cnwqi6815","senior","N","A","轵","轵","zhǐ","kùn"
"cnwqi6816","senior","N","B","轷","轷","tí","hū"
"cnwqi6817","senior","N","A","轹","轹","lì","fán"
"cnwqi6818","senior","N","A","轺","轺","yáo","juān"
"cnwqi6819","senior","N","A","昺","昺","bǐng","lìn"
"cnwqi6820","senior","N","B","𪾢","𪾢","sǔn","xiàn"
"cnwqi6821","senior","N","A","昽","昽","lóng","měng"
"cnwqi6822","senior","N","B","盷","盷","lù","xián、tián"
"cnwqi6823","senior","N","A","咡","咡","èr","dá、dā"
"cnwqi6824","senior","N","A","咺","咺","xuǎn、xuān","shān"
"cnwqi6825","senior","N","A","昳","昳","dié、yì","xiāo"
"cnwqi6826","senior","N","B","昣","昣","dié","zhěn"
"cnwqi6827","senior","N","A","哒","哒","dā","lán"
"cnwqi6828","senior","N","A","昤","昤","líng","yì"
"cnwqi6829","senior","N","B","昫","昫","yìn","xù"
"cnwqi6830","senior","N","B","昡","昡","yǎn","xuàn"
"cnwqi6831","senior","N","B","咥","咥","xiāo","dié、xī"
"cnwqi6832","senior","N","A","昪","昪","biàn","zhuī、cuī、wéi"
"cnwqi6833","senior","N","A","虷","虷","gān、hán","yì"
"cnwqi6834","senior","N","A","虸","虸","zǐ","liù"
"cnwqi6835","senior","N","A","哃","哃","tóng","yí"
"cnwqi6836","senior","N","A","峘","峘","huán","kāi"
"cnwqi6837","senior","N","B","耑","耑","fù、fǔ","duān、zhuān"
"cnwqi6838","senior","N","B","峛","峛","chá","liè"
"cnwqi6839","senior","N","A","𪨰","𪨰","qū","líng"
"cnwqi6840","senior","N","B","峗","峗","chǔ、chù","wéi"
"cnwqi6841","senior","N","B","峧","峧","sōu","jiāo"
"cnwqi6842","senior","N","A","帡","帡","píng","duò"
"cnwqi6843","senior","N","B","钘","钘","jié","xíng"
"cnwqi6844","senior","N","A","𫓧","𫓧","fū","fū"
"cnwqi6845","senior","N","B","钜","钜","ào","jù"
"cnwqi6846","senior","N","B","𬬮","𬬮","yú","chǎng"
"cnwqi6847","senior","N","A","𬬱","𬬱","jīn","miǎn"
"cnwqi6848","senior","N","A","𬬭","𬬭","lún","bāng"
"cnwqi6849","senior","N","B","钪","钪","chóu","kàng"
"cnwqi6850","senior","N","B","钬","钬","yān、yīn","huǒ"
"cnwqi6851","senior","N","A","钭","钭","dǒu","màn"
"cnwqi6852","senior","N","B","矧","矧","cuī","shěn"
"cnwqi6853","senior","N","A","秬","秬","jù","gǔ"
"cnwqi6854","senior","N","B","俫","俫","tí","lái"
"cnwqi6855","senior","N","A","舁","舁","yú","rú"
"cnwqi6856","senior","N","A","俜","俜","pīng","líng"
"cnwqi6857","senior","N","B","俙","俙","duō","xī"
"cnwqi6858","senior","N","B","俍","俍","nüè、yào","liáng"
"cnwqi6859","senior","N","B","垕","垕","bào、pù","hòu"
"cnwqi6860","senior","N","A","衎","衎","kàn","diàn"
"cnwqi6861","senior","N","B","舣","舣","ān","yǐ"
"cnwqi6862","senior","N","B","弇","弇","píng","yǎn"
"cnwqi6863","senior","N","A","侴","侴","chǒu","zhàng"
"cnwqi6864","senior","N","A","鸧","鸧","cāng","yù"
"cnwqi6865","senior","N","A","䏡","䏡","shì","diàn、tián"
"cnwqi6866","senior","N","A","胠","胠","qū","hè"
"cnwqi6867","senior","N","B","𦙶","𦙶","diǎn","gǔ"
"cnwqi6868","senior","N","B","胈","胈","zhān","bá"
"cnwqi6869","senior","N","A","胩","胩","kǎ","mǎng、měng"
"cnwqi6870","senior","N","B","胣","胣","mǐng","chǐ"
"cnwqi6871","senior","N","A","朏","朏","fěi、kū","lóu、lou"
"cnwqi6872","senior","N","A","飐","飐","zhǎn","pāi"
"cnwqi6873","senior","N","B","訄","訄","xú","qiú"
"cnwqi6874","senior","N","B","饻","饻","yú","xī"
"cnwqi6875","senior","N","B","庤","庤","qīng","zhì"
"cnwqi6876","senior","N","A","疢","疢","chèn","qǐ、kǎi"
"cnwqi6877","senior","N","B","炣","炣","nǐ、nì","kě"
"cnwqi6878","senior","N","A","炟","炟","dá","tái"
"cnwqi6879","senior","N","B","㶲","㶲","zhù","yòng"
"cnwqi6880","senior","N","A","洭","洭","kuāng","kēng"
"cnwqi6881","senior","N","B","洘","洘","gōu、gǒu、jǔ","kǎo、kào"
"cnwqi6882","senior","N","A","洓","洓","sè、qì、zì","sù"
"cnwqi6883","senior","N","B","洿","洿","yǎn","wū"
"cnwqi6884","senior","N","A","㳚","㳚","xù","yà、zhá"
"cnwqi6885","senior","N","A","泚","泚","cǐ","gū"
"cnwqi6886","senior","N","A","浈","浈","zhēn","kōng、kòng、kǒng"
"cnwqi6887","senior","N","A","浉","浉","shī","chóu"
"cnwqi6888","senior","N","B","洸","洸","kuàng","guāng"
"cnwqi6889","senior","N","B","洑","洑","xián","fú、fù"
"cnwqi6890","senior","N","A","洢","洢","yī","huán"
"cnwqi6891","senior","N","B","洈","洈","yùn","wéi"
"cnwqi6892","senior","N","B","洚","洚","qī","jiàng"
"cnwqi6893","senior","N","B","洺","洺","sù","míng"
"cnwqi6894","senior","N","A","洨","洨","xiáo","róng"
"cnwqi6895","senior","N","B","浐","浐","zhēng","chǎn"
"cnwqi6896","senior","N","A","㳘","㳘","chōng","lǚ"
"cnwqi6897","senior","N","A","洴","洴","píng","mán"
"cnwqi6898","senior","N","B","洣","洣","cǐ","mǐ"
"cnwqi6899","senior","N","A","恔","恔","xiào、jiǎo","zhēng"
"cnwqi6900","senior","N","A","宬","宬","chéng","bǐ"
"cnwqi6901","senior","N","B","窀","窀","zhā","zhūn"
"cnwqi6902","senior","N","A","扂","扂","diàn","shī"
"cnwqi6903","senior","N","B","袆","袆","jiān","huī"
"cnwqi6904","senior","N","A","祏","祏","shí","yì"
"cnwqi6905","senior","N","B","祐","祐","gū","yòu"
"cnwqi6906","senior","N","A","祕","祕","mì、bì","mìng"
"cnwqi6907","senior","N","A","叚","叚","xiá","chà"
"cnwqi6908","senior","N","A","陧","陧","niè","wēng"
"cnwqi6909","senior","N","A","陞","陞","shēng","guāng"
"cnwqi6910","senior","N","B","娀","娀","nuǎn","sōng"
"cnwqi6911","senior","N","A","姞","姞","jí","huáng"
"cnwqi6912","senior","N","B","姱","姱","shān、shàn","kuā、hù"
"cnwqi6913","senior","N","A","姤","姤","gòu、dù","lì"
"cnwqi6914","senior","N","B","姶","姶","dá","è、yà"
"cnwqi6915","senior","N","A","姽","姽","guǐ","zhuó、què"
"cnwqi6916","senior","N","B","枲","枲","qiú","xǐ"
"cnwqi6917","senior","N","B","绖","绖","shuì","dié"
"cnwqi6918","senior","N","A","骃","骃","yīn","qí"
"cnwqi6919","senior","N","A","𬘡","𬘡","yīn","wū"
"cnwqi6920","senior","N","A","𬳽","𬳽","shēn","lài"
"cnwqi6921","senior","N","B","𬘩","𬘩","shì","tīng"
"cnwqi6922","senior","N","A","𫄧","𫄧","yán","kǎ、luò、lo、gē"
"cnwqi6923","senior","N","B","彖","彖","cú","tuàn"
"cnwqi6924","senior","N","B","骉","骉","dào","biāo"
"cnwqi6925","senior","N","B","恝","恝","dūn","jiá"
"cnwqi6926","senior","N","A","珪","珪","guī","diào"
"cnwqi6927","senior","N","A","珛","珛","xiù","yīn"
"cnwqi6928","senior","N","B","珹","珹","tú","chéng"
"cnwqi6929","senior","N","A","琊","琊","yá","lú"
"cnwqi6930","senior","N","B","玼","玼","fǔ","cī、cǐ"
"cnwqi6931","senior","N","A","珖","珖","guāng","pō"
"cnwqi6932","senior","N","B","𪟝","𪟝","kǎi","jì"
"cnwqi6933","senior","N","A","珽","珽","tǐng","mó"
"cnwqi6934","senior","N","A","珦","珦","xiàng","jiān"
"cnwqi6935","senior","N","A","珫","珫","chōng","hǎi"
"cnwqi6936","senior","N","A","珒","珒","jīn","jiǎn"
"cnwqi6937","senior","N","A","𬍤","𬍤","xún","fú、fū"
"cnwqi6938","senior","N","B","珢","珢","kē","yín"
"cnwqi6939","senior","N","B","珕","珕","fēi、pèi","lì"
"cnwqi6940","senior","N","A","珝","珝","xǔ","gòng、gōng"
"cnwqi6941","senior","N","A","𫭼","𫭼","láo","dì"
"cnwqi6942","senior","N","B","埗","埗","jiā、jia、jie","bù"
"cnwqi6943","senior","N","A","垾","垾","hàn","è"
"cnwqi6944","senior","N","B","垺","垺","rán","póu、fú"
"cnwqi6945","senior","N","B","埆","埆","xī","què、jué"
"cnwqi6946","senior","N","A","垿","垿","xù","zhú"
"cnwqi6947","senior","N","A","埌","埌","làng","xuán、xuàn"
"cnwqi6948","senior","N","B","埇","埇","zhān","yǒng"
"cnwqi6949","senior","N","B","莰","莰","pī","kǎn"
"cnwqi6950","senior","N","B","茝","茝","xiān","chǎi"
"cnwqi6951","senior","N","A","𬜯","𬜯","liǎng","lìn"
"cnwqi6952","senior","N","B","鄀","鄀","qiú","ruò"
"cnwqi6953","senior","N","A","莶","莶","xiān、liǎn","bàn"
"cnwqi6954","senior","N","B","莝","莝","wàng","cuò"
"cnwqi6955","senior","N","A","䓖","䓖","qióng","xí"
"cnwqi6956","senior","N","B","莙","莙","ǎo","jūn"
"cnwqi6957","senior","N","B","栻","栻","chēng、chèn","shì"
"cnwqi6958","senior","N","A","桠","桠","yā","tí"
"cnwqi6959","senior","N","A","𬂩","𬂩","jiā","hōng"
"cnwqi6960","senior","N","B","桄","桄","yù","guāng、guàng"
"cnwqi6961","senior","N","B","梠","梠","gōng","lǚ"
"cnwqi6962","senior","N","A","栴","栴","zhān","tì"
"cnwqi6963","senior","N","B","梴","梴","yáng","chān、yán"
"cnwqi6964","senior","N","A","栒","栒","xún","lì"
"cnwqi6965","senior","N","B","酎","酎","wěi","zhòu"
"cnwqi6966","senior","N","A","酏","酏","yǐ","xún"
"cnwqi6967","senior","N","A","𫠆","𫠆","kuǐ","diǎn"
"cnwqi6968","senior","N","A","砵","砵","bō","màn"
"cnwqi6969","senior","N","A","砠","砠","jū","yā"
"cnwqi6970","senior","N","B","砫","砫","yàn","zhù、zhǔ"
"cnwqi6971","senior","N","A","砬","砬","lì、lā、lá","yǐn、shěn"
"cnwqi6972","senior","N","A","硁","硁","kēng","shē"
"cnwqi6973","senior","N","B","恧","恧","wén","nǜ"
"cnwqi6974","senior","N","B","翃","翃","guó","hóng"
"cnwqi6975","senior","N","B","郪","郪","zhā","qī"
"cnwqi6976","senior","N","B","𨐈","𨐈","jì","guāng"
"cnwqi6977","senior","N","A","辀","辀","zhōu","miǎn"
"cnwqi6978","senior","N","B","辁","辁","guā、gū、guǎ","quán"
"cnwqi6979","senior","N","B","𬌗","𬌗","diào、tiáo、yáo","hé"
"cnwqi6980","senior","N","B","剕","剕","táo","fèi"
"cnwqi6981","senior","N","B","赀","赀","āi","zī"
"cnwqi6982","senior","N","A","哢","哢","lòng","tún"
"cnwqi6983","senior","N","A","晅","晅","xuǎn","zì"
"cnwqi6984","senior","N","B","晊","晊","jié","zhì"
"cnwqi6985","senior","N","B","唝","唝","rán","gòng、hǒng、gǒng"
"cnwqi6986","senior","N","A","哳","哳","zhā","diàn、tián"
"cnwqi6987","senior","N","B","哱","哱","zhěn","pò、bā、bō"
"cnwqi6988","senior","N","A","冔","冔","xǔ","róng"
"cnwqi6989","senior","N","A","晔","晔","yè","tiǎo、yáo"
"cnwqi6990","senior","N","B","晐","晐","bó","gāi"
"cnwqi6991","senior","N","A","晖","晖","huī","bàn"
"cnwqi6992","senior","N","B","畖","畖","jí","wā"
"cnwqi6993","senior","N","B","蚄","蚄","zī、cí","fāng、bàng"
"cnwqi6994","senior","N","B","蚆","蚆","guì","bā"
"cnwqi6995","senior","N","A","𫑡","𫑡","méng","hán"
"cnwqi6996","senior","N","B","帱","帱","wū","chóu、dào"
"cnwqi6997","senior","N","B","崁","崁","bǎng、bàng","kàn"
"cnwqi6998","senior","N","B","峿","峿","wō、guō","wú"
"cnwqi6999","senior","N","B","𪨶","𪨶","jì","shē"
"cnwqi7000","senior","N","B","崄","崄","cōng","xiǎn"
"cnwqi7001","senior","N","A","帨","帨","shuì","hé、gé"
"cnwqi7002","senior","N","B","崀","崀","zī","làng"
"cnwqi7003","senior","N","B","赆","赆","jī","jìn"
"cnwqi7004","senior","N","B","𬬸","𬬸","yí、nǐ","shù"
"cnwqi7005","senior","N","A","钷","钷","pǒ","sōu"
"cnwqi7006","senior","N","A","𬬻","𬬻","lú","yàng"
"cnwqi7007","senior","N","A","𬬹","𬬹","shén","pí"
"cnwqi7008","senior","N","B","𬬿","𬬿","shì、zhē","zhāo"
"cnwqi7009","senior","N","B","𬭁","𬭁","cán","mǔ"
"cnwqi7010","senior","N","A","眚","眚","shěng","qī"
"cnwqi7011","senior","N","A","甡","甡","shēn","zhǒng"
"cnwqi7012","senior","N","B","笫","笫","mó、mú","zǐ"
"cnwqi7013","senior","N","B","倻","倻","xún","yē"
"cnwqi7014","senior","N","A","倴","倴","bèn","pēi"
"cnwqi7015","senior","N","A","脩","脩","xiū","kāng"
"cnwqi7016","senior","N","B","倮","倮","bǎo","luǒ"
"cnwqi7017","senior","N","B","倕","倕","lún","chuí"
"cnwqi7018","senior","N","A","倞","倞","liàng、jìng","diān"
"cnwqi7019","senior","N","B","𫢸","𫢸","sā、sǎ","dàn"
"cnwqi7020","senior","N","B","倓","倓","wēi","tán、tàn"
"cnwqi7021","senior","N","A","倧","倧","zōng","chē、jū"
"cnwqi7022","senior","N","B","衃","衃","cǐ","pēi"
"cnwqi7023","senior","N","A","虒","虒","sī","gāng"
"cnwqi7024","senior","N","A","舭","舭","bǐ","gè、gě"
"cnwqi7025","senior","N","B","舯","舯","guāng、guàng","zhōng"
"cnwqi7026","senior","N","B","舥","舥","zhū","pā"
"cnwqi7027","senior","N","A","瓞","瓞","dié","chǎ、chà"
"cnwqi7028","senior","N","B","鬯","鬯","yīn","chàng"
"cnwqi7029","senior","N","B","鸰","鸰","qiū","líng"
"cnwqi7030","senior","N","B","脎","脎","tāo","sà"
"cnwqi7031","senior","N","A","朓","朓","tiǎo","xī"
"cnwqi7032","senior","N","A","胲","胲","hǎi","lì"
"cnwqi7033","senior","N","B","虓","虓","qū、cù","xiāo"
"cnwqi7034","senior","N","B","鱽","鱽","guǒ","dāo"
"cnwqi7035","senior","N","A","狴","狴","bì","ān"
"cnwqi7036","senior","N","A","峱","峱","náo","sì"
"cnwqi7037","senior","N","A","狻","狻","suān","zhōng"
"cnwqi7038","senior","N","A","眢","眢","yuān","ruì"
"cnwqi7039","senior","N","B","𫗧","𫗧","jiàn、jiān","sù"
"cnwqi7040","senior","N","A","勍","勍","qíng","pèng"
"cnwqi7041","senior","N","A","痄","痄","zhà","gū"
"cnwqi7042","senior","N","B","疰","疰","yín","zhù"
"cnwqi7043","senior","N","B","痃","痃","lā","xuán"
"cnwqi7044","senior","N","A","竘","竘","qǔ、kǒu","mò"
"cnwqi7045","senior","N","A","羖","羖","gǔ","shěn"
"cnwqi7046","senior","N","B","羓","羓","tuò、tà、zhí","bā"
"cnwqi7047","senior","N","B","桊","桊","nǎi","juàn"
"cnwqi7048","senior","N","A","敉","敉","mǐ","líng"
"cnwqi7049","senior","N","B","烠","烠","hǔ、xià","huí、huǐ"
"cnwqi7050","senior","N","B","烔","烔","qiān","tóng、dòng"
"cnwqi7051","senior","N","B","烶","烶","fú","tǐng"
"cnwqi7052","senior","N","B","烻","烻","háng","shān"
"cnwqi7053","senior","N","A","𬊈","𬊈","xún","chá"
"cnwqi7054","senior","N","B","涍","涍","ān","xiào"
"cnwqi7055","senior","N","B","浡","浡","huò","bó"
"cnwqi7056","senior","N","B","浭","浭","mǐn、hūn","gēng"
"cnwqi7057","senior","N","B","浬","浬","rú","lǐ"
"cnwqi7058","senior","N","B","涄","涄","tǎ","pīng"
"cnwqi7059","senior","N","B","涢","涢","ā、ē","yún"
"cnwqi7060","senior","N","B","涐","涐","zhēng","é"
"cnwqi7061","senior","N","A","浰","浰","lì、liàn","liáng"
"cnwqi7062","senior","N","A","浟","浟","yóu、dí","nuò"
"cnwqi7063","senior","N","B","浛","浛","xǐ","hán"
"cnwqi7064","senior","N","B","浼","浼","diǎ","měi"
"cnwqi7065","senior","N","A","浲","浲","féng、hóng","lǎn"
"cnwqi7066","senior","N","A","涘","涘","sì","guāng"
"cnwqi7067","senior","N","B","悈","悈","yòng","jiè、kè"
"cnwqi7068","senior","N","B","悃","悃","bǎo","kǔn"
"cnwqi7069","senior","N","A","悢","悢","liàng","fāng、bìng"
"cnwqi7070","senior","N","B","𬒈","𬒈","shān","què"
"cnwqi7071","senior","N","B","宧","宧","mā、mó","yí"
"cnwqi7072","senior","N","A","窅","窅","yǎo","hàn"
"cnwqi7073","senior","N","A","窊","窊","wā","chuān"
"cnwqi7074","senior","N","A","窎","窎","diào","shì"
"cnwqi7075","senior","N","A","扅","扅","yí","bān"
"cnwqi7076","senior","N","B","扆","扆","zú","yǐ"
"cnwqi7077","senior","N","B","袪","袪","qióng","qū"
"cnwqi7078","senior","N","A","袗","袗","zhěn","shēng"
"cnwqi7079","senior","N","B","袯","袯","lǎo","bó"
"cnwqi7080","senior","N","A","祧","祧","tiāo","dī"
"cnwqi7081","senior","N","A","隺","隺","hú、hè","nèn、nín"
"cnwqi7082","senior","N","B","堲","堲","sǎng","jí"
"cnwqi7083","senior","N","B","疍","疍","shā、shān","dàn"
"cnwqi7084","senior","N","B","𨺙","𨺙","yíng","nì"
"cnwqi7085","senior","N","A","陴","陴","pí","kuài"
"cnwqi7086","senior","N","B","烝","烝","jiān","zhēng"
"cnwqi7087","senior","N","B","砮","砮","tuó","nǔ"
"cnwqi7088","senior","N","B","㛚","㛚","yuán","tǒng"
"cnwqi7089","senior","N","B","哿","哿","zhì","gě、jiā"
"cnwqi7090","senior","N","A","翀","翀","chōng","shì"
"cnwqi7091","senior","N","A","翂","翂","fēn","quàn"
"cnwqi7092","senior","N","A","剟","剟","duō","hén"
"cnwqi7093","senior","N","B","𬳿","𬳿","chǐ","tú"
"cnwqi7094","senior","N","A","𫄨","𫄨","chī","mù"
"cnwqi7095","senior","N","B","绤","绤","pīng","xì"
"cnwqi7096","senior","N","A","骍","骍","xīng","chī"
"cnwqi7097","senior","N","A","𬘫","𬘫","huán","tāo"
"cnwqi7098","senior","N","A","䂮","䂮","lüè","shān"
"cnwqi7099","senior","N","B","琎","琎","liú","jìn"
"cnwqi7100","senior","N","A","珸","珸","wú","duò、huī"
"cnwqi7101","senior","N","A","珵","珵","chéng","qiāng"
"cnwqi7102","senior","N","B","琄","琄","dí","xuàn"
"cnwqi7103","senior","N","B","琈","琈","lín","fú、fū"
"cnwqi7104","senior","N","A","琀","琀","hán","dài"
"cnwqi7105","senior","N","B","珺","珺","bāi","jùn"
"cnwqi7106","senior","N","A","掭","掭","tiàn","bǎi"
"cnwqi7107","senior","N","B","堎","堎","jiào","lèng"
"cnwqi7108","senior","N","B","堐","堐","liáo","yá"
"cnwqi7109","senior","N","B","埼","埼","jiào","qí"
"cnwqi7110","senior","N","B","掎","掎","gùn、hùn","jǐ"
"cnwqi7111","senior","N","A","埫","埫","tǎng","gū"
"cnwqi7112","senior","N","B","堌","堌","jū","gù"
"cnwqi7113","senior","N","A","晢","晢","zhé","bàng、bèng"
"cnwqi7114","senior","N","B","𫮃","𫮃","shuò","shàn"
"cnwqi7115","senior","N","A","掞","掞","shàn、yàn、yǎn","kuò"
"cnwqi7116","senior","N","A","埪","埪","kōng","xiōng"
"cnwqi7117","senior","N","B","壸","壸","bì","kǔn"
"cnwqi7118","senior","N","A","㙍","㙍","duō","me、mó"
"cnwqi7119","senior","N","A","聍","聍","níng","lǎng"
"cnwqi7120","senior","N","A","菝","菝","bá","xīng"
"cnwqi7121","senior","N","A","萚","萚","tuò","tíng"
"cnwqi7122","senior","N","A","菥","菥","xī","kān"
"cnwqi7123","senior","N","A","莿","莿","cì","yuān"
"cnwqi7124","senior","N","A","䓫","䓫","qí","dù"
"cnwqi7125","senior","N","A","勚","勚","yì","gù"
"cnwqi7126","senior","N","B","䓬","䓬","yàn","zhuó"
"cnwqi7127","senior","N","A","萆","萆","bì","tóng、zhuàng"
"cnwqi7128","senior","N","A","菂","菂","dì","líng"
"cnwqi7129","senior","N","A","菍","菍","niè、rěn","zī、zuǐ"
"cnwqi7130","senior","N","A","菼","菼","tǎn","fǔ"
"cnwqi7131","senior","N","B","萣","萣","wū","dìng"
"cnwqi7132","senior","N","A","䓨","䓨","yīng","gōng、gòng"
"cnwqi7133","senior","N","B","菉","菉","hǎo、hào","lù"
"cnwqi7134","senior","N","B","䓛","䓛","zé、shì","qū"
"cnwqi7135","senior","N","A","梼","梼","chóu、táo、dào","juǎn"
"cnwqi7136","senior","N","B","梽","梽","yùn、yūn、wēn","zhì"
"cnwqi7137","senior","N","B","桲","桲","sù","bó、po"
"cnwqi7138","senior","N","A","梾","梾","lái","miào"
"cnwqi7139","senior","N","A","桯","桯","tīng、yíng","dí"
"cnwqi7140","senior","N","A","梣","梣","chén、qín","zhàng"
"cnwqi7141","senior","N","B","梌","梌","láo","tú、chá"
"cnwqi7142","senior","N","A","桹","桹","láng","mò"
"cnwqi7143","senior","N","A","敔","敔","yǔ","wěi"
"cnwqi7144","senior","N","A","厣","厣","yǎn","qiū"
"cnwqi7145","senior","N","A","硔","硔","gǒng","xīn"
"cnwqi7146","senior","N","A","鿎","鿎","dá、tǎ","jīng"
"cnwqi7147","senior","N","B","硙","硙","yǒu、yòu","wèi"
"cnwqi7148","senior","N","A","硚","硚","qiáo","píng"
"cnwqi7149","senior","N","B","硊","硊","qí","huì"
"cnwqi7150","senior","N","A","硍","硍","yín","biǎo"
"cnwqi7151","senior","N","B","勔","勔","mò","miǎn"
"cnwqi7152","senior","N","B","䴕","䴕","hāo","liè"
"cnwqi7153","senior","N","A","龁","龁","hé","gòng、hǒng、gǒng"
"cnwqi7154","senior","N","A","逴","逴","chuō","tiáo"
"cnwqi7155","senior","N","A","唪","唪","fěng","zhù"
"cnwqi7156","senior","N","B","啫","啫","chù","zhě"
"cnwqi7157","senior","N","A","翈","翈","xiá","jiā、qié、gā"
"cnwqi7158","senior","N","B","㫰","㫰","shǔ、zhǔ","làng"
"cnwqi7159","senior","N","A","晙","晙","jùn","hǔ、xià"
"cnwqi7160","senior","N","A","畤","畤","zhì、chóu、shì","fù"
"cnwqi7161","senior","N","B","𬱖","𬱖","mí","dí"
"cnwqi7162","senior","N","B","趼","趼","miǎo","jiǎn"
"cnwqi7163","senior","N","B","跂","跂","shuāng","qí、qǐ"
"cnwqi7164","senior","N","A","蛃","蛃","bǐng","nóng"
"cnwqi7165","senior","N","B","蚲","蚲","zhèn","píng"
"cnwqi7166","senior","N","A","𬟽","𬟽","dōng","cǎi"
"cnwqi7167","senior","N","B","蚺","蚺","xié","rán"
"cnwqi7168","senior","N","B","啴","啴","rù","tān、chǎn、tuō"
"cnwqi7169","senior","N","A","䎃","䎃","rǎn","yǎn"
"cnwqi7170","senior","N","B","崧","崧","tuǒ","sōng"
"cnwqi7171","senior","N","B","崟","崟","dài","yín"
"cnwqi7172","senior","N","B","崞","崞","tuó","guō"
"cnwqi7173","senior","N","A","崒","崒","zú、cuì","jūn"
"cnwqi7174","senior","N","B","崌","崌","yǔ","jū"
"cnwqi7175","senior","N","B","崡","崡","shěn","hán"
"cnwqi7176","senior","N","B","铏","铏","hóu","xíng"
"cnwqi7177","senior","N","B","𫓯","𫓯","lán、lín","jī"
"cnwqi7178","senior","N","B","𫟹","𫟹","jǔ","hóng"
"cnwqi7179","senior","N","A","铕","铕","yǒu","zào"
"cnwqi7180","senior","N","A","𫟼","𫟼","dá","dūn"
"cnwqi7181","senior","N","A","铖","铖","chéng","bǐ"
"cnwqi7182","senior","N","A","铘","铘","yé","bié"
"cnwqi7183","senior","N","A","铚","铚","zhì","lán"
"cnwqi7184","senior","N","B","铞","铞","nuò、rě","diào"
"cnwqi7185","senior","N","A","铥","铥","diū","yūn、yùn"
"cnwqi7186","senior","N","A","铴","铴","tàng、tāng","xǔ"
"cnwqi7187","senior","N","B","牻","牻","cè","máng"
"cnwqi7188","senior","N","B","牿","牿","guàn","gù"
"cnwqi7189","senior","N","A","稆","稆","lǚ","é、yǐ"
"cnwqi7190","senior","N","B","笱","笱","zhī","gǒu"
"cnwqi7191","senior","N","B","笯","笯","ǎi","nú"
"cnwqi7192","senior","N","A","偰","偰","xiè","guī"
"cnwqi7193","senior","N","A","偡","偡","zhàn","hú"
"cnwqi7194","senior","N","A","鸺","鸺","xiū","tuó"
"cnwqi7195","senior","N","B","偭","偭","lǚ","miǎn"
"cnwqi7196","senior","N","B","偲","偲","rǎn","cāi、sī"
"cnwqi7197","senior","N","A","偁","偁","chēng、chèn","kān、kàn"
"cnwqi7198","senior","N","B","㿠","㿠","xiōng","huàng"
"cnwqi7199","senior","N","A","鄅","鄅","yǔ","lù"
"cnwqi7200","senior","N","A","偓","偓","wò","lǎng"
"cnwqi7201","senior","N","A","徛","徛","jì","fàn"
"cnwqi7202","senior","N","A","衒","衒","xuàn","dào"
"cnwqi7203","senior","N","A","舳","舳","zhú","nóng"
"cnwqi7204","senior","N","A","舲","舲","líng","fàng"
"cnwqi7205","senior","N","B","鸼","鸼","wō","zhōu"
"cnwqi7206","senior","N","B","悆","悆","cuì","yù、shū"
"cnwqi7207","senior","N","B","鄃","鄃","shǎng","shū"
"cnwqi7208","senior","N","B","瓻","瓻","dí","chī"
"cnwqi7209","senior","N","A","䝙","䝙","chū","lóng"
"cnwqi7210","senior","N","B","脶","脶","zhū","luó"
"cnwqi7211","senior","N","A","脞","脞","cuǒ","chí"
"cnwqi7212","senior","N","A","脟","脟","liè","yáng"
"cnwqi7213","senior","N","B","䏲","䏲","miǎn","tī"
"cnwqi7214","senior","N","B","鱾","鱾","zǐ","jǐ"
"cnwqi7215","senior","N","B","猇","猇","cuī","xiāo"
"cnwqi7216","senior","N","B","猊","猊","lòng、nòng","ní"
"cnwqi7217","senior","N","B","猄","猄","yán","jīng"
"cnwqi7218","senior","N","B","觖","觖","jiào","jué"
"cnwqi7219","senior","N","A","𠅤","𠅤","xí","zūn"
"cnwqi7220","senior","N","B","庱","庱","jī","chěng"
"cnwqi7221","senior","N","B","庼","庼","sǒu","qǐng"
"cnwqi7222","senior","N","A","庳","庳","bì","xuān"
"cnwqi7223","senior","N","B","痓","痓","āng","chì"
"cnwqi7224","senior","N","A","䴔","䴔","jiāo","dòng"
"cnwqi7225","senior","N","B","竫","竫","dié、yì","jìng"
"cnwqi7226","senior","N","B","堃","堃","wán","kūn"
"cnwqi7227","senior","N","A","阌","阌","wén","jiān"
"cnwqi7228","senior","N","A","羝","羝","dī","tóng"
"cnwqi7229","senior","N","B","羕","羕","pén","yàng"
"cnwqi7230","senior","N","B","焆","焆","cī","juān、yè"
"cnwqi7231","senior","N","B","烺","烺","fù","lǎng"
"cnwqi7232","senior","N","A","焌","焌","jùn、qū","gǎn"
"cnwqi7233","senior","N","B","淏","淏","tāo","hào"
"cnwqi7234","senior","N","A","𬇹","𬇹","guó","jùn"
"cnwqi7235","senior","N","A","淟","淟","tiǎn","lí"
"cnwqi7236","senior","N","B","淜","淜","pán","píng、péng"
"cnwqi7237","senior","N","B","淴","淴","yòu","hū"
"cnwqi7238","senior","N","B","淯","淯","yě","yù"
"cnwqi7239","senior","N","B","湴","湴","zào","bàn、pán"
"cnwqi7240","senior","N","B","涴","涴","kuì","wǎn、wò、yuān"
"cnwqi7241","senior","N","B","𬍡","𬍡","jùn、qū","dàng"
"cnwqi7242","senior","N","B","㥄","㥄","hé、hè","líng"
"cnwqi7243","senior","N","A","惛","惛","hūn、mèn","dàng"
"cnwqi7244","senior","N","B","惔","惔","shān","tán、dàn"
"cnwqi7245","senior","N","A","悰","悰","cóng","fū"
"cnwqi7246","senior","N","B","惙","惙","yáng","chuò、chuì"
"cnwqi7247","senior","N","A","寁","寁","zǎn","jū"
"cnwqi7248","senior","N","B","逭","逭","lōu","huàn"
"cnwqi7249","senior","N","B","𬤇","𬤇","péng","yīn"
"cnwqi7250","senior","N","B","𫍯","𫍯","xuān","xián"
"cnwqi7251","senior","N","A","袼","袼","gē","biāo"
"cnwqi7252","senior","N","B","裈","裈","jiè","kūn"
"cnwqi7253","senior","N","A","祲","祲","jìn","sì"
"cnwqi7254","senior","N","B","𬤊","𬤊","sī","shì"
"cnwqi7255","senior","N","B","𫍲","𫍲","tóng、dòng","xiǎo"
"cnwqi7256","senior","N","A","谞","谞","xū","huà"
"cnwqi7257","senior","N","B","艴","艴","sī","bó"
"cnwqi7258","senior","N","B","弸","弸","gū、gǔ","péng"
"cnwqi7259","senior","N","A","弶","弶","jiàng","xuàn"
"cnwqi7260","senior","N","B","𬯎","𬯎","sǒng","tuí"
"cnwqi7261","senior","N","B","隃","隃","mǎng","yú、yáo、shù"
"cnwqi7262","senior","N","A","婞","婞","xìng","hè、xià"
"cnwqi7263","senior","N","B","娵","娵","mù","jū"
"cnwqi7264","senior","N","B","婼","婼","huáng","ruò、chuò"
"cnwqi7265","senior","N","A","媖","媖","yīng","zhāng"
"cnwqi7266","senior","N","A","婳","婳","huà","huì"
"cnwqi7267","senior","N","A","婍","婍","qǐ","hǔ"
"cnwqi7268","senior","N","A","婌","婌","shú","mài"
"cnwqi7269","senior","N","B","婫","婫","mì","hùn、kūn"
"cnwqi7270","senior","N","B","婤","婤","gǔn","zhōu、chōu"
"cnwqi7271","senior","N","A","婘","婘","juàn、quán","fù"
"cnwqi7272","senior","N","A","婠","婠","wān、wà","méi"
"cnwqi7273","senior","N","B","𬘬","𬘬","tí、dī、dǐ","qiàn"
"cnwqi7274","senior","N","B","𬘭","𬘭","bèi","chēn"
"cnwqi7275","senior","N","A","𬴂","𬴂","fēi","yǔ"
"cnwqi7276","senior","N","B","𫘦","𫘦","wǎn","táo"
"cnwqi7277","senior","N","A","绹","绹","táo","jiàn"
"cnwqi7278","senior","N","B","𫟅","𫟅","yáo","liáng"
"cnwqi7279","senior","N","B","𬘯","𬘯","biǎn","zhǔn"
"cnwqi7280","senior","N","A","骕","骕","sù","guǒ"
"cnwqi7281","senior","N","B","𫘧","𫘧","yì","lù"
"cnwqi7282","senior","N","A","絜","絜","jié、xié","kuí"
"cnwqi7283","senior","N","B","珷","珷","qián","wǔ"
"cnwqi7284","senior","N","A","琲","琲","bèi","guì"
"cnwqi7285","senior","N","A","琡","琡","chù","lù"
"cnwqi7286","senior","N","A","琟","琟","wéi、yù","bà、ba、pí"
"cnwqi7287","senior","N","B","琔","琔","cuò","diàn"
"cnwqi7288","senior","N","B","琭","琭","lèng","lù"
"cnwqi7289","senior","N","B","堾","堾","dēng","chūn"
"cnwqi7290","senior","N","B","堼","堼","xiòng","hèng"
"cnwqi7291","senior","N","B","揕","揕","téng","zhèn、zhēn"
"cnwqi7292","senior","N","A","㙘","㙘","yāo","yà"
"cnwqi7293","senior","N","B","堧","堧","shěn","ruán"
"cnwqi7294","senior","N","B","喆","喆","yì","zhé"
"cnwqi7295","senior","N","A","堨","堨","è、ài、yè","yóu"
"cnwqi7296","senior","N","B","塅","塅","liáo","duàn"
"cnwqi7297","senior","N","B","堠","堠","cuì","hòu"
"cnwqi7298","senior","N","A","絷","絷","zhí","duàn"
"cnwqi7299","senior","N","B","𪣻","𪣻","jiàng、xiáng","lóu"
"cnwqi7300","senior","N","A","𡎚","𡎚","piǎn","tā"
"cnwqi7301","senior","N","B","葜","葜","yì","qiā"
"cnwqi7302","senior","N","B","惎","惎","fú","jì"
"cnwqi7303","senior","N","B","萳","萳","kuì、guì","nán"
"cnwqi7304","senior","N","A","葙","葙","xiāng","xī"
"cnwqi7305","senior","N","B","靬","靬","yú","qián"
"cnwqi7306","senior","N","B","葴","葴","wéi","zhēn"
"cnwqi7307","senior","N","A","蒇","蒇","chǎn","xiā"
"cnwqi7308","senior","N","B","蒈","蒈","zhōng","kǎi"
"cnwqi7309","senior","N","A","鄚","鄚","mào","cāng"
"cnwqi7310","senior","N","A","蒉","蒉","kuì、kuài","shì、sì"
"cnwqi7311","senior","N","A","蓇","蓇","gū","shàn"
"cnwqi7312","senior","N","A","萩","萩","qiū","huán"
"cnwqi7313","senior","N","A","蒐","蒐","sōu","quán"
"cnwqi7314","senior","N","A","葰","葰","jùn、suǒ","chéng、shèng"
"cnwqi7315","senior","N","B","葎","葎","jiāng","lǜ"
"cnwqi7316","senior","N","B","鄑","鄑","mián","zī"
"cnwqi7317","senior","N","A","蒎","蒎","pài","guǐ"
"cnwqi7318","senior","N","A","葖","葖","tū","xún"
"cnwqi7319","senior","N","B","蒄","蒄","yīn","guān"
"cnwqi7320","senior","N","B","萹","萹","dé","biān"
"cnwqi7321","senior","N","B","棤","棤","jiè","cuò"
"cnwqi7322","senior","N","B","棽","棽","gū","chēn、shēn"
"cnwqi7323","senior","N","A","棫","棫","yù","biāo"
"cnwqi7324","senior","N","A","椓","椓","zhuó","bǎn"
"cnwqi7325","senior","N","B","椑","椑","tǐng","bēi"
"cnwqi7326","senior","N","A","𬃊","𬃊","zhì","míng"
"cnwqi7327","senior","N","A","鹀","鹀","wú","biāo"
"cnwqi7328","senior","N","A","椆","椆","chóu、zhòu、diāo","luó"
"cnwqi7329","senior","N","B","棓","棓","fú","bàng、pǒu、bèi、bēi"
"cnwqi7330","senior","N","B","棬","棬","bēn","quān、juàn"
"cnwqi7331","senior","N","A","棪","棪","yǎn、yàn","nè"
"cnwqi7332","senior","N","A","椀","椀","wǎn","zhòng"
"cnwqi7333","senior","N","A","楗","楗","jiàn","láo"
"cnwqi7334","senior","N","B","𬷕","𬷕","kòng","bǔ"
"cnwqi7335","senior","N","B","甦","甦","dì、tí","sū"
"cnwqi7336","senior","N","B","酦","酦","rú","pō"
"cnwqi7337","senior","N","A","觌","觌","dí","qiàn、xiān"
"cnwqi7338","senior","N","A","奡","奡","ào","xié、yá、yé、yú、xú"
"cnwqi7339","senior","N","A","皕","皕","bì","cuō、zuǒ"
"cnwqi7340","senior","N","A","硪","硪","wò","xī"
"cnwqi7341","senior","N","A","欹","欹","qī","xī"
"cnwqi7342","senior","N","A","詟","詟","zhé","wàng"
"cnwqi7343","senior","N","B","𫐐","𫐐","yīng","ní"
"cnwqi7344","senior","N","A","辌","辌","liáng","bān"
"cnwqi7345","senior","N","B","棐","棐","cuì","fěi"
"cnwqi7346","senior","N","A","龂","龂","yín、kěn","qiáo"
"cnwqi7347","senior","N","B","𬹼","𬹼","xiá","xiè"
"cnwqi7348","senior","N","A","黹","黹","zhǐ","méng"
"cnwqi7349","senior","N","A","牚","牚","chēng、chèng","chài"
"cnwqi7350","senior","N","A","睎","睎","xī","dāo"
"cnwqi7351","senior","N","A","晫","晫","zhuó","pài"
"cnwqi7352","senior","N","A","晪","晪","tiǎn","liǎo、liáo"
"cnwqi7353","senior","N","A","晱","晱","shǎn","mí"
"cnwqi7354","senior","N","B","𧿹","𧿹","bì","mǔ"
"cnwqi7355","senior","N","B","蛑","蛑","zhěn","móu"
"cnwqi7356","senior","N","A","畯","畯","jùn","ruò、rě"
"cnwqi7357","senior","N","B","斝","斝","gé、lì","jiǎ"
"cnwqi7358","senior","N","B","喤","喤","yóu","huáng"
"cnwqi7359","senior","N","A","崶","崶","fēng","fèi"
"cnwqi7360","senior","N","B","嵁","嵁","kōu","kān、zhàn"
"cnwqi7361","senior","N","B","𫶇","𫶇","dài","dié"
"cnwqi7362","senior","N","A","崾","崾","yào","xié"
"cnwqi7363","senior","N","A","嵅","嵅","hán","chǐ"
"cnwqi7364","senior","N","A","崿","崿","è","diān"
"cnwqi7365","senior","N","B","嵚","嵚","pú","qīn"
"cnwqi7366","senior","N","B","翙","翙","fú","huì"
"cnwqi7367","senior","N","B","𫖮","𫖮","liǎn","yǐ"
"cnwqi7368","senior","N","B","圌","圌","sōu","chuán、chuí"
"cnwqi7369","senior","N","B","圐","圐","li、lǐ、lī","kū"
"cnwqi7370","senior","N","B","赑","赑","jiǎo","bì"
"cnwqi7371","senior","N","B","淼","淼","liè","miǎo"
"cnwqi7372","senior","N","A","赒","赒","zhōu","piǎo"
"cnwqi7373","senior","N","A","鿏","鿏","mài","lín"
"cnwqi7374","senior","N","A","铹","铹","láo","tì"
"cnwqi7375","senior","N","A","𬭊","𬭊","dù","míng"
"cnwqi7376","senior","N","B","铽","铽","xiǎo","tè"
"cnwqi7377","senior","N","A","𨱇","𨱇","qiú","lín"
"cnwqi7378","senior","N","A","𫓶","𫓶","xuān","biǎo"
"cnwqi7379","senior","N","B","锊","锊","mén","lüè"
"cnwqi7380","senior","N","B","锍","锍","chuǎn","liǔ"
"cnwqi7381","senior","N","B","锎","锎","wā","kāi"
"cnwqi7382","senior","N","B","𬭎","𬭎","gù","hóng"
"cnwqi7383","senior","N","A","锓","锓","qǐn","tí、dī、dǐ"
"cnwqi7384","senior","N","A","犇","犇","bēn","kè"
"cnwqi7385","senior","N","B","颋","颋","chī","tǐng"
"cnwqi7386","senior","N","B","稌","稌","ruǐ","tú、shǔ"
"cnwqi7387","senior","N","A","筀","筀","guì","yàn、yān"
"cnwqi7388","senior","N","B","筘","筘","héng","kòu"
"cnwqi7389","senior","N","B","筜","筜","yòng","dāng"
"cnwqi7390","senior","N","A","筥","筥","jǔ","bū"
"cnwqi7391","senior","N","B","筅","筅","pà","xiǎn"
"cnwqi7392","senior","N","A","傃","傃","sù","xìng"
"cnwqi7393","senior","N","A","傉","傉","nù","chē"
"cnwqi7394","senior","N","B","翛","翛","jiàn、xiàn","xiāo"
"cnwqi7395","senior","N","A","傒","傒","xī、xì","fēi"
"cnwqi7396","senior","N","B","傕","傕","jiǎn","què、jué"
"cnwqi7397","senior","N","B","舾","舾","yùn","xī"
"cnwqi7398","senior","N","B","畬","畬","jiē","shē、yú"
"cnwqi7399","senior","N","B","𫖯","𫖯","nuò","fǔ"
"cnwqi7400","senior","N","A","脿","脿","biǎo","cuì"
"cnwqi7401","senior","N","A","腘","腘","guó","zhǎn、chán"
"cnwqi7402","senior","N","B","䐃","䐃","xíng","jùn"
"cnwqi7403","senior","N","A","腙","腙","zōng","gǎn"
"cnwqi7404","senior","N","B","腒","腒","luán","jū"
"cnwqi7405","senior","N","B","𬱟","𬱟","jí","wěi"
"cnwqi7406","senior","N","B","鲃","鲃","duō","bā、bà"
"cnwqi7407","senior","N","A","猰","猰","yà、jiá、qiè","jiǔ"
"cnwqi7408","senior","N","A","𫛭","𫛭","kuáng","yìn、xūn"
"cnwqi7409","senior","N","A","猯","猯","tuān、tuàn","liǔ"
"cnwqi7410","senior","N","B","㺄","㺄","shí","yǔ"
"cnwqi7411","senior","N","B","馉","馉","guī","gǔ"
"cnwqi7412","senior","N","B","凓","凓","fú","lì"
"cnwqi7413","senior","N","A","鄗","鄗","hào","chēng"
"cnwqi7414","senior","N","A","𫷷","𫷷","xīn","gèn"
"cnwqi7415","senior","N","B","廋","廋","cōng","sōu"
"cnwqi7416","senior","N","A","廆","廆","guī、wěi、huì","pò"
"cnwqi7417","senior","N","B","鄌","鄌","zhào","táng"
"cnwqi7418","senior","N","B","粢","粢","qí","zī、cí"
"cnwqi7419","senior","N","A","遆","遆","dì、tí","shǒu"
"cnwqi7420","senior","N","B","旐","旐","jù","zhào"
"cnwqi7421","senior","N","A","𬮱","𬮱","yīn","yǔ"
"cnwqi7422","senior","N","A","焞","焞","tūn","sī"
"cnwqi7423","senior","N","A","𬊤","𬊤","chǎn","kān"
"cnwqi7424","senior","N","A","欻","欻","xū、chuā","gǒu"
"cnwqi7425","senior","N","A","𣸣","𣸣","fén","qì"
"cnwqi7426","senior","N","B","溚","溚","dāng","dá、tǎ"
"cnwqi7427","senior","N","A","溁","溁","yíng","xiǎn"
"cnwqi7428","senior","N","A","湝","湝","jiē","měng"
"cnwqi7429","senior","N","B","渰","渰","hù","yān、yǎn"
"cnwqi7430","senior","N","B","湓","湓","téng","pén"
"cnwqi7431","senior","N","A","㴔","㴔","jí","líng"
"cnwqi7432","senior","N","A","渟","渟","tíng、tīng","xī"
"cnwqi7433","senior","N","B","溠","溠","biāo","zhà"
"cnwqi7434","senior","N","A","渼","渼","měi","kū"
"cnwqi7435","senior","N","A","溇","溇","lóu","chuǎn"
"cnwqi7436","senior","N","B","湣","湣","pán","mǐn、hūn"
"cnwqi7437","senior","N","A","湑","湑","xǔ、xū","wō"
"cnwqi7438","senior","N","A","溞","溞","sāo","chū"
"cnwqi7439","senior","N","A","愐","愐","miǎn","shěn"
"cnwqi7440","senior","N","B","愃","愃","móu","xuān"
"cnwqi7441","senior","N","B","敩","敩","péng","xiào、xué"
"cnwqi7442","senior","N","A","甯","甯","níng、nìng","zhèn"
"cnwqi7443","senior","N","B","棨","棨","yāo","qǐ"
"cnwqi7444","senior","N","A","扊","扊","yǎn","mí"
"cnwqi7445","senior","N","B","裣","裣","ǎn","liǎn"
"cnwqi7446","senior","N","A","祼","祼","guàn","nǎn"
"cnwqi7447","senior","N","B","婻","婻","huái","nàn"
"cnwqi7448","senior","N","A","媆","媆","ruǎn、nèn","bǎo、bǔ、pù"
"cnwqi7449","senior","N","B","媞","媞","jí","shì"
"cnwqi7450","senior","N","B","㛹","㛹","tǔ","pián"
"cnwqi7451","senior","N","A","媓","媓","huáng","xù"
"cnwqi7452","senior","N","A","媂","媂","dì","yán"
"cnwqi7453","senior","N","B","媄","媄","tuō","měi"
"cnwqi7454","senior","N","A","毵","毵","sān","xuān"
"cnwqi7455","senior","N","A","矞","矞","yù、xù、jué","fú"
"cnwqi7456","senior","N","B","𬴃","𬴃","wēi","huō"
"cnwqi7457","senior","N","B","𫘨","𫘨","yuán","tí"
"cnwqi7458","senior","N","A","缊","缊","yùn、yūn、wēn","tíng"
"cnwqi7459","senior","N","A","缐","缐","xiàn","lì"
"cnwqi7460","senior","N","B","骙","骙","niǔ","kuí"
"cnwqi7461","senior","N","B","瑃","瑃","liú","chūn"
"cnwqi7462","senior","N","B","瑓","瑓","qí","liàn"
"cnwqi7463","senior","N","A","瑅","瑅","tí","xī"
"cnwqi7464","senior","N","B","瑆","瑆","kàng","xīng"
"cnwqi7465","senior","N","A","䴖","䴖","jīng","zī"
"cnwqi7466","senior","N","B","瑖","瑖","hā、hǎ、hà","duàn"
"cnwqi7467","senior","N","B","瑝","瑝","huà","huáng"
"cnwqi7468","senior","N","A","瑔","瑔","quán","mín"
"cnwqi7469","senior","N","B","瑀","瑀","tì","yǔ"
"cnwqi7470","senior","N","A","𤧛","𤧛","dì","líng"
"cnwqi7471","senior","N","B","瑳","瑳","jiù","cuō"
"cnwqi7472","senior","N","B","瑂","瑂","qǐ","méi"
"cnwqi7473","senior","N","B","嶅","嶅","tǎn","áo、ào"
"cnwqi7474","senior","N","B","瑑","瑑","gé","zhuàn"
"cnwqi7475","senior","N","A","遘","遘","gòu","zhǎng"
"cnwqi7476","senior","N","A","髢","髢","dí","dī、dǐ"
"cnwqi7477","senior","N","A","塥","塥","gé","quán"
"cnwqi7478","senior","N","B","堽","堽","duàn","gāng"
"cnwqi7479","senior","N","A","赪","赪","chēng","lǐn"
"cnwqi7480","senior","N","B","摛","摛","háo","chī"
"cnwqi7481","senior","N","B","塝","塝","bīn","bàng"
"cnwqi7482","senior","N","A","搒","搒","bàng、péng","biāo"
"cnwqi7483","senior","N","A","搌","搌","zhǎn","yǎo"
"cnwqi7484","senior","N","B","蒱","蒱","shài","pú"
"cnwqi7485","senior","N","A","蒨","蒨","qiàn","tóng"
"cnwqi7486","senior","N","B","蓏","蓏","lín","luǒ"
"cnwqi7487","senior","N","A","蔀","蔀","bù","jiàn、kǎn"
"cnwqi7488","senior","N","A","蓢","蓢","lǎng","tóu、tou"
"cnwqi7489","senior","N","A","蓂","蓂","mì","sù"
"cnwqi7490","senior","N","B","蒻","蒻","mèi","ruò"
"cnwqi7491","senior","N","A","蓣","蓣","yù","wéi"
"cnwqi7492","senior","N","A","椹","椹","zhēn、shèn","tā"
"cnwqi7493","senior","N","A","楪","楪","dié、yè","qǐn"
"cnwqi7494","senior","N","B","榃","榃","bèi、pī","tán"
"cnwqi7495","senior","N","B","榅","榅","bǎn","wēn、yùn"
"cnwqi7496","senior","N","B","楒","楒","wéi","sī"
"cnwqi7497","senior","N","A","楞","楞","léng","suì"
"cnwqi7498","senior","N","B","楩","楩","xí","pián"
"cnwqi7499","senior","N","A","榇","榇","chèn","sè"
"cnwqi7500","senior","N","B","椸","椸","sháo","yí"
"cnwqi7501","senior","N","A","楙","楙","mào","qiān"
"cnwqi7502","senior","N","A","歅","歅","yān、yīn","tuó"
"cnwqi7503","senior","N","A","𬪩","𬪩","nóng","hù"
"cnwqi7504","senior","N","A","碃","碃","qìng","dàng"
"cnwqi7505","senior","N","A","碏","碏","què、xī","bì"
"cnwqi7506","senior","N","B","𬒔","𬒔","jìng、chēng","gěng"
"cnwqi7507","senior","N","A","碈","碈","hūn","jīng"
"cnwqi7508","senior","N","B","䃅","䃅","gěn、gèn","dī"
"cnwqi7509","senior","N","B","硿","硿","lì","kòng"
"cnwqi7510","senior","N","B","鄠","鄠","rǔ","hù"
"cnwqi7511","senior","N","A","辒","辒","wēn","dá"
"cnwqi7512","senior","N","A","𬨎","𬨎","yóu","xiōng"
"cnwqi7513","senior","N","A","𫐓","𫐓","róu","qú"
"cnwqi7514","senior","N","A","龆","龆","tiáo","yóu"
"cnwqi7515","senior","N","A","觜","觜","zī、zuǐ","chè"
"cnwqi7516","senior","N","A","䣘","䣘","táng","xǐ"
"cnwqi7517","senior","N","B","暕","暕","cōng","jiǎn"
"cnwqi7518","senior","N","A","鹍","鹍","kūn","lüè"
"cnwqi7519","senior","N","A","𫫇","𫫇","è","lín"
"cnwqi7520","senior","N","A","㬊","㬊","huǎn","zhuāng"
"cnwqi7521","senior","N","B","暅","暅","xiè","gèng"
"cnwqi7522","senior","N","B","跱","跱","qīng","zhì"
"cnwqi7523","senior","N","A","蜐","蜐","jié","tóu"
"cnwqi7524","senior","N","B","蜎","蜎","jiǔ","yuān"
"cnwqi7525","senior","N","B","嵲","嵲","wǔ","niè"
"cnwqi7526","senior","N","B","赗","赗","zhuī","fèng"
"cnwqi7527","senior","N","B","骱","骱","rǎn","jiè"
"cnwqi7528","senior","N","B","锖","锖","luò","qiāng"
"cnwqi7529","senior","N","B","𫓹","𫓹","hān","jī"
"cnwqi7530","senior","N","B","锘","锘","jì","nuò"
"cnwqi7531","senior","N","A","锳","锳","yīng","é"
"cnwqi7532","senior","N","B","锧","锧","bì","zhì"
"cnwqi7533","senior","N","A","锪","锪","huō","dì"
"cnwqi7534","senior","N","A","𬭚","𬭚","chún","dài"
"cnwqi7535","senior","N","A","锫","锫","péi","qiān"
"cnwqi7536","senior","N","B","锬","锬","qī","tán"
"cnwqi7537","senior","N","A","𬭛","𬭛","bō","tī"
"cnwqi7538","senior","N","A","稑","稑","lù","mǐng"
"cnwqi7539","senior","N","A","稙","稙","zhī","mǎo"
"cnwqi7540","senior","N","B","䅟","䅟","mán","cǎn"
"cnwqi7541","senior","N","B","𬕂","𬕂","tì","lǒng"
"cnwqi7542","senior","N","B","筻","筻","lán","gàng"
"cnwqi7543","senior","N","A","筼","筼","yún","méi、mò"
"cnwqi7544","senior","N","B","筶","筶","liū、liù","gào"
"cnwqi7545","senior","N","A","筦","筦","guǎn","mó"
"cnwqi7546","senior","N","B","筤","筤","xǐng","láng、làng"
"cnwqi7547","senior","N","B","傺","傺","lì、lài","chì"
"cnwqi7548","senior","N","A","鹎","鹎","bēi","huá"
"cnwqi7549","senior","N","A","僇","僇","lù","hē"
"cnwqi7550","senior","N","B","艅","艅","lán","yú"
"cnwqi7551","senior","N","B","艉","艉","hóng","wěi"
"cnwqi7552","senior","N","B","谼","谼","zhǐ","hóng"
"cnwqi7553","senior","N","B","貆","貆","xī","huán、huān"
"cnwqi7554","senior","N","A","腽","腽","wà","shuàn"
"cnwqi7555","senior","N","B","腨","腨","wěi","shuàn"
"cnwqi7556","senior","N","B","腯","腯","jiā","tú"
"cnwqi7557","senior","N","B","鲉","鲉","qiān","yóu"
"cnwqi7558","senior","N","A","鲊","鲊","zhǎ、zhà","mǎo"
"cnwqi7559","senior","N","A","鲌","鲌","bó、bà","nuò"
"cnwqi7560","senior","N","B","䲟","䲟","ruǎn、nèn","yìn"
"cnwqi7561","senior","N","B","𬶋","𬶋","tì","jū"
"cnwqi7562","senior","N","B","𬶍","𬶍","tāo","tuó"
"cnwqi7563","senior","N","B","鲏","鲏","kē","pí"
"cnwqi7564","senior","N","B","雊","雊","ān","gòu"
"cnwqi7565","senior","N","B","猺","猺","ǎn","yáo"
"cnwqi7566","senior","N","B","飔","飔","jīn","sī"
"cnwqi7567","senior","N","A","觟","觟","huà、xiè","hé、hē、hè"
"cnwqi7568","senior","N","A","𦝼","𦝼","lóu、lǘ","zhǎo"
"cnwqi7569","senior","N","A","馌","馌","yè","gòu"
"cnwqi7570","senior","N","A","裛","裛","yì","fēi、pèi"
"cnwqi7571","senior","N","B","廒","廒","zhōng","áo"
"cnwqi7572","senior","N","B","瘀","瘀","bù、bó","yū"
"cnwqi7573","senior","N","B","瘅","瘅","xūn","dān、dàn"
"cnwqi7574","senior","N","B","鄘","鄘","bàn、pàn","yōng"
"cnwqi7575","senior","N","B","鹒","鹒","qiàn","gēng"
"cnwqi7576","senior","N","B","鄜","鄜","mì","fū"
"cnwqi7577","senior","N","A","麀","麀","yōu","mā"
"cnwqi7578","senior","N","B","鄣","鄣","fēng","zhāng"
"cnwqi7579","senior","N","A","阘","阘","tà","fèi、féi"
"cnwqi7580","senior","N","B","𫔶","𫔶","zì","niè"
"cnwqi7581","senior","N","B","煁","煁","guǒ","chén"
"cnwqi7582","senior","N","B","煃","煃","cháo、zhāo","kuǐ"
"cnwqi7583","senior","N","A","煴","煴","yūn、yǔn","huàn"
"cnwqi7584","senior","N","A","煋","煋","xīng","cáo"
"cnwqi7585","senior","N","A","煟","煟","wèi","yāo"
"cnwqi7586","senior","N","B","煓","煓","yá","tuān"
"cnwqi7587","senior","N","A","滠","滠","shè","huàng"
"cnwqi7588","senior","N","B","溍","溍","shòu","jìn"
"cnwqi7589","senior","N","B","溹","溹","pàn","suǒ"
"cnwqi7590","senior","N","A","滆","滆","gé","zhá"
"cnwqi7591","senior","N","A","滉","滉","huàng","yé"
"cnwqi7592","senior","N","A","溦","溦","wēi","yí"
"cnwqi7593","senior","N","A","溵","溵","yīn","dài"
"cnwqi7594","senior","N","B","漷","漷","láo","huǒ、huò、kuò"
"cnwqi7595","senior","N","A","滧","滧","xiào","yì"
"cnwqi7596","senior","N","B","滘","滘","tián","jiào"
"cnwqi7597","senior","N","B","滍","滍","lí、lǐ","zhì"
"cnwqi7598","senior","N","A","愭","愭","qí","duō"
"cnwqi7599","senior","N","A","慥","慥","zào","jiān"
"cnwqi7600","senior","N","A","慆","慆","tāo","tí"
"cnwqi7601","senior","N","A","塱","塱","lǎng","lì"
"cnwqi7602","senior","N","B","𫌀","𫌀","róng","jī"
"cnwqi7603","senior","N","A","裼","裼","tì、xī","téng"
"cnwqi7604","senior","N","A","禋","禋","yīn","mō"
"cnwqi7605","senior","N","A","禔","禔","tí、zhǐ","cuǐ"
"cnwqi7606","senior","N","B","禘","禘","shān、shàn","dì"
"cnwqi7607","senior","N","A","禒","禒","xiǎn","shī"
"cnwqi7608","senior","N","A","谫","谫","jiǎn","qiàn、qiè"
"cnwqi7609","senior","N","A","鹔","鹔","sù","ráng"
"cnwqi7610","senior","N","B","𫖳","𫖳","shēn","yūn"
"cnwqi7611","senior","N","A","愍","愍","mǐn","yì"
"cnwqi7612","senior","N","B","嫄","嫄","kàn","yuán"
"cnwqi7613","senior","N","A","媱","媱","yáo","fū、fú"
"cnwqi7614","senior","N","B","戤","戤","zī","gài"
"cnwqi7615","senior","N","A","勠","勠","lù","fēn"
"cnwqi7616","senior","N","A","戣","戣","kuí","jiào"
"cnwqi7617","senior","N","B","𫘪","𫘪","cì","yuán"
"cnwqi7618","senior","N","B","𫘬","𫘬","è","xí"
"cnwqi7619","senior","N","A","缞","缞","cuī、suī、shuāi","zhǐ"
"cnwqi7620","senior","N","A","耤","耤","jí、jiè","liǎn"
"cnwqi7621","senior","N","B","瑧","瑧","jǐng、yǐng","zhēn"
"cnwqi7622","senior","N","B","𫞩","𫞩","lì","mén"
"cnwqi7623","senior","N","B","瑨","瑨","yì","jìn"
"cnwqi7624","senior","N","B","瑱","瑱","bó","tiàn、tián、zhèn"
"cnwqi7625","senior","N","A","瑷","瑷","ài","biāo"
"cnwqi7626","senior","N","A","瑢","瑢","róng","shēn"
"cnwqi7627","senior","N","A","斠","斠","jiào","xíng"
"cnwqi7628","senior","N","A","摏","摏","chōng","xiū"
"cnwqi7629","senior","N","A","墕","墕","yān","gè"
"cnwqi7630","senior","N","B","墈","墈","xiāo","kàn"
"cnwqi7631","senior","N","B","墐","墐","gǔ","jìn"
"cnwqi7632","senior","N","B","墘","墘","mù","qián"
"cnwqi7633","senior","N","B","摴","摴","yù","chū"
"cnwqi7634","senior","N","A","銎","銎","qióng","cāi"
"cnwqi7635","senior","N","B","𡐓","𡐓","lóu、lǘ","kāng"
"cnwqi7636","senior","N","B","墚","墚","bì","liáng"
"cnwqi7637","senior","N","B","撖","撖","mǎ","hàn"
"cnwqi7638","senior","N","A","𪤗","𪤗","liào","lián"
"cnwqi7639","senior","N","A","靽","靽","bàn","pú"
"cnwqi7640","senior","N","B","鞁","鞁","zhǔ","bèi"
"cnwqi7641","senior","N","A","蔌","蔌","sù","kūn"
"cnwqi7642","senior","N","B","蔈","蔈","gòu","piào"
"cnwqi7643","senior","N","A","蓰","蓰","xǐ","mì"
"cnwqi7644","senior","N","A","蔹","蔹","liǎn","tuí"
"cnwqi7645","senior","N","A","蔊","蔊","hǎn、hàn","tāng"
"cnwqi7646","senior","N","B","嘏","嘏","zhǐ","gǔ"
"cnwqi7647","senior","N","B","榰","榰","rú","zhī"
"cnwqi7648","senior","N","B","榑","榑","tǎn","fú、fù、bó"
"cnwqi7649","senior","N","B","槚","槚","qián","jiǎ"
"cnwqi7650","senior","N","B","𣗋","𣗋","jiǎn","dǎng"
"cnwqi7651","senior","N","A","槜","槜","zuì","fú"
"cnwqi7652","senior","N","B","榍","榍","gǔ","xiè"
"cnwqi7653","senior","N","B","疐","疐","wú","zhì、dì"
"cnwqi7654","senior","N","B","𬸘","𬸘","kàng","yǎn"
"cnwqi7655","senior","N","A","酺","酺","pú","méi"
"cnwqi7656","senior","N","A","酾","酾","shī","huáng"
"cnwqi7657","senior","N","B","酲","酲","xiào、jiǎo","chéng"
"cnwqi7658","senior","N","B","酴","酴","dòng","tú"
"cnwqi7659","senior","N","B","碶","碶","tiáo、tiāo","qì"
"cnwqi7660","senior","N","A","䃎","䃎","zhà","chì"
"cnwqi7661","senior","N","B","𬒗","𬒗","huì","lán"
"cnwqi7662","senior","N","B","碨","碨","kuǎn","wěi、wèi"
"cnwqi7663","senior","N","B","𥔲","𥔲","shuǐ","è"
"cnwqi7664","senior","N","B","碹","碹","nè","xuàn"
"cnwqi7665","senior","N","B","碥","碥","zé、zhái","biǎn"
"cnwqi7666","senior","N","B","劂","劂","shèn","jué"
"cnwqi7667","senior","N","B","𫚖","𫚖","sòng","cǐ"
"cnwqi7668","senior","N","A","䴗","䴗","jú","zhuàn"
"cnwqi7669","senior","N","B","夥","夥","zuò、zhà","huǒ"
"cnwqi7670","senior","N","B","瞍","瞍","dá","sǒu"
"cnwqi7671","senior","N","B","鹖","鹖","dī","hé"
"cnwqi7672","senior","N","A","㬎","㬎","xiǎn","máng"
"cnwqi7673","senior","N","A","跽","跽","jì","wù"
"cnwqi7674","senior","N","A","蜾","蜾","guǒ","zhěng"
"cnwqi7675","senior","N","B","幖","幖","gùn、hùn","biāo"
"cnwqi7676","senior","N","B","嶍","嶍","qī","xí"
"cnwqi7677","senior","N","A","圙","圙","lüè","niàn"
"cnwqi7678","senior","N","B","𨱏","𨱏","shā","dā"
"cnwqi7679","senior","N","B","锺","锺","liú","zhōng"
"cnwqi7680","senior","N","A","锼","锼","sōu","liè"
"cnwqi7681","senior","N","A","锽","锽","huáng","chuí"
"cnwqi7682","senior","N","A","𬭤","𬭤","hóu","pēi"
"cnwqi7683","senior","N","A","锾","锾","huán","shàn"
"cnwqi7684","senior","N","A","锿","锿","āi","zhí"
"cnwqi7685","senior","N","A","镃","镃","zī","yōng"
"cnwqi7686","senior","N","B","镄","镄","lu","fèi"
"cnwqi7687","senior","N","A","镅","镅","méi","yáo"
"cnwqi7688","senior","N","A","馝","馝","bì","zī"
"cnwqi7689","senior","N","B","鹙","鹙","chù、tì","qiū"
"cnwqi7690","senior","N","A","箨","箨","tuò","gū"
"cnwqi7691","senior","N","B","箖","箖","jìn","lín、lǐn"
"cnwqi7692","senior","N","A","劄","劄","zhā、zhá","mǎo"
"cnwqi7693","senior","N","A","僬","僬","jiāo","hùn、kūn"
"cnwqi7694","senior","N","B","僦","僦","zhì","jiù"
"cnwqi7695","senior","N","A","僔","僔","zǔn","qià"
"cnwqi7696","senior","N","B","僎","僎","nán","zhuàn"
"cnwqi7697","senior","N","A","槃","槃","pán","xiū"
"cnwqi7698","senior","N","B","㙦","㙦","shì","xié"
"cnwqi7699","senior","N","B","鲒","鲒","chóu","jié"
"cnwqi7700","senior","N","A","鲕","鲕","ér","xuàn"
"cnwqi7701","senior","N","B","𫚕","𫚕","jiǎ","shī"
"cnwqi7702","senior","N","A","鲖","鲖","tóng","jiàn"
"cnwqi7703","senior","N","B","鲗","鲗","fán","zéi"
"cnwqi7704","senior","N","A","鲘","鲘","hòu","liè"
"cnwqi7705","senior","N","B","鲙","鲙","jiù","kuài"
"cnwqi7706","senior","N","B","𬶐","𬶐","zā","zhào"
"cnwqi7707","senior","N","A","𬶏","𬶏","wéi","liú"
"cnwqi7708","senior","N","B","𩽾","𩽾","shān","ān"
"cnwqi7709","senior","N","A","夐","夐","xiòng、xuàn","jiē"
"cnwqi7710","senior","N","A","獍","獍","jìng","zhāo"
"cnwqi7711","senior","N","A","飗","飗","liú","yá"
"cnwqi7712","senior","N","B","𬸚","𬸚","zhǎn、chán","yuè"
"cnwqi7713","senior","N","A","凘","凘","sī","wā"
"cnwqi7714","senior","N","A","廑","廑","jǐn","chà"
"cnwqi7715","senior","N","A","廙","廙","yì","dāi"
"cnwqi7716","senior","N","A","瘗","瘗","yì","diān"
"cnwqi7717","senior","N","B","瘥","瘥","lí","chài、cuó"
"cnwqi7718","senior","N","A","瘕","瘕","jiǎ、xiá、xiā","bá"
"cnwqi7719","senior","N","A","鲝","鲝","zhǎ","guàn"
"cnwqi7720","senior","N","B","鄫","鄫","téng","zēng"
"cnwqi7721","senior","N","B","熇","熇","fèng","hè、xiāo"
"cnwqi7722","senior","N","A","漹","漹","yān","mián"
"cnwqi7723","senior","N","B","漖","漖","qū","jiào"
"cnwqi7724","senior","N","A","潆","潆","yíng","zōng"
"cnwqi7725","senior","N","B","漤","漤","zhōu","lǎn"
"cnwqi7726","senior","N","A","潩","潩","yì","mù"
"cnwqi7727","senior","N","B","漼","漼","mò","cuǐ、cuī"
"cnwqi7728","senior","N","B","漴","漴","wū","chóng、shuāng"
"cnwqi7729","senior","N","A","㽏","㽏","gàn","chī"
"cnwqi7730","senior","N","B","漈","漈","xù","jì"
"cnwqi7731","senior","N","A","漋","漋","lóng","lí、lǐ"
"cnwqi7732","senior","N","A","漻","漻","liáo、liú","xiāo"
"cnwqi7733","senior","N","B","慬","慬","shì","jǐn、qín、jìn"
"cnwqi7734","senior","N","A","窬","窬","yú","duó"
"cnwqi7735","senior","N","B","窭","窭","ān","jù"
"cnwqi7736","senior","N","A","㮾","㮾","lǎng","qiè"
"cnwqi7737","senior","N","A","𬤝","𬤝","huì","miáo"
"cnwqi7738","senior","N","B","褕","褕","méi","yú"
"cnwqi7739","senior","N","A","禛","禛","zhēn","kāi"
"cnwqi7740","senior","N","B","禚","禚","shí、shè","zhuó"
"cnwqi7741","senior","N","B","隩","隩","sù","ào、yù"
"cnwqi7742","senior","N","A","嫕","嫕","yì","tái"
"cnwqi7743","senior","N","B","嫭","嫭","háo","hù"
"cnwqi7744","senior","N","B","嫜","嫜","zōng","zhāng"
"cnwqi7745","senior","N","A","嫪","嫪","lào","zhān"
"cnwqi7746","senior","N","B","𬙂","𬙂","sòu、sǒu","yǎn"
"cnwqi7747","senior","N","A","㻬","㻬","tū","yīn、yān、yǐn"
"cnwqi7748","senior","N","A","麹","麹","qū","shē"
"cnwqi7749","senior","N","B","璆","璆","qiú","qiú"
"cnwqi7750","senior","N","A","漦","漦","chí","zhēng"
"cnwqi7751","senior","N","B","叇","叇","dūn","dài"
"cnwqi7752","senior","N","B","墣","墣","kuàng","pú"
"cnwqi7753","senior","N","B","墦","墦","kàn","fán"
"cnwqi7754","senior","N","A","墡","墡","shàn","fǒu"
"cnwqi7755","senior","N","B","劐","劐","huì","huō"
"cnwqi7756","senior","N","B","薁","薁","wáng、wú","ào"
"cnwqi7757","senior","N","A","蕰","蕰","wēn","yǒu"
"cnwqi7758","senior","N","A","蔃","蔃","qiáng","máo"
"cnwqi7759","senior","N","B","鼒","鼒","jiū","zī"
"cnwqi7760","senior","N","B","槱","槱","tǎ","yǒu、chǎo"
"cnwqi7761","senior","N","B","鹝","鹝","fāng","yì"
"cnwqi7762","senior","N","B","磏","磏","qióng","lián、qiān"
"cnwqi7763","senior","N","A","磉","磉","sǎng","cháng"
"cnwqi7764","senior","N","B","殣","殣","sōng","jìn"
"cnwqi7765","senior","N","A","慭","慭","yìn","yàng"
"cnwqi7766","senior","N","B","霅","霅","shèng","zhà"
"cnwqi7767","senior","N","A","暵","暵","hàn","miǎn"
"cnwqi7768","senior","N","A","暲","暲","zhāng","shú"
"cnwqi7769","senior","N","A","暶","暶","xuán","zhāng"
"cnwqi7770","senior","N","B","踦","踦","wò","yǐ"
"cnwqi7771","senior","N","A","踣","踣","bó","mí"
"cnwqi7772","senior","N","B","䗖","䗖","sī","dì"
"cnwqi7773","senior","N","A","蝘","蝘","yǎn","luò"
"cnwqi7774","senior","N","A","蝲","蝲","là","dōng"
"cnwqi7775","senior","N","A","蝤","蝤","qiú、yóu","duó"
"cnwqi7776","senior","N","B","噇","噇","fá","chuáng"
"cnwqi7777","senior","N","B","噂","噂","chéng","zǔn"
"cnwqi7778","senior","N","A","噀","噀","xùn","xiáng"
"cnwqi7779","senior","N","A","罶","罶","liǔ","sè"
"cnwqi7780","senior","N","A","嶲","嶲","guī、xī、juàn","tài"
"cnwqi7781","senior","N","A","嶓","嶓","bō","qī"
"cnwqi7782","senior","N","A","㠇","㠇","jiù","àn"
"cnwqi7783","senior","N","B","嶟","嶟","fěn","zūn"
"cnwqi7784","senior","N","B","嶒","嶒","guàn","céng"
"cnwqi7785","senior","N","B","镆","镆","jiǎo","mò"
"cnwqi7786","senior","N","B","镈","镈","luó","bó"
"cnwqi7787","senior","N","A","镋","镋","tǎng","huán"
"cnwqi7788","senior","N","A","镎","镎","ná","yǐ"
"cnwqi7789","senior","N","A","𬭩","𬭩","wēng","chǎo"
"cnwqi7790","senior","N","B","镕","镕","xī","róng"
"cnwqi7791","senior","N","B","稹","稹","qí","zhěn"
"cnwqi7792","senior","N","A","儇","儇","xuān","xù"
"cnwqi7793","senior","N","A","皞","皞","hào","zhī、zhì"
"cnwqi7794","senior","N","B","皛","皛","gōng","xiǎo"
"cnwqi7795","senior","N","A","䴘","䴘","tī","yāo"
"cnwqi7796","senior","N","B","艎","艎","bìng","huáng"
"cnwqi7797","senior","N","B","艏","艏","mín","shǒu"
"cnwqi7798","senior","N","B","鹟","鹟","dàn、shí","wēng"
"cnwqi7799","senior","N","A","𩾃","𩾃","miǎn","jiān"
"cnwqi7800","senior","N","B","鲦","鲦","xiū","tiáo"
"cnwqi7801","senior","N","A","鲪","鲪","jūn","chūn"
"cnwqi7802","senior","N","B","鲬","鲬","fěi","yǒng"
"cnwqi7803","senior","N","A","橥","橥","zhū","jìn"
"cnwqi7804","senior","N","A","觭","觭","jī、qí","zhuō"
"cnwqi7805","senior","N","A","鹠","鹠","liú","xún"
"cnwqi7806","senior","N","B","鹡","鹡","yí","jí"
"cnwqi7807","senior","N","B","糇","糇","nuò","hóu"
"cnwqi7808","senior","N","B","糈","糈","gèng","xǔ"
"cnwqi7809","senior","N","B","翦","翦","tū","jiǎn"
"cnwqi7810","senior","N","B","鹢","鹢","niè","yì"
"cnwqi7811","senior","N","B","鹣","鹣","lǎ","jiān"
"cnwqi7812","senior","N","A","熛","熛","biāo","piáo"
"cnwqi7813","senior","N","B","潖","潖","chú","pá"
"cnwqi7814","senior","N","B","潵","潵","xiè","sàn、sǎ"
"cnwqi7815","senior","N","B","㵐","㵐","jiǎo","jué"
"cnwqi7816","senior","N","B","澂","澂","jiū","chéng"
"cnwqi7817","senior","N","B","澛","澛","xù","lǔ"
"cnwqi7818","senior","N","A","瑬","瑬","liú","fán"
"cnwqi7819","senior","N","B","潽","潽","zhú","pū"
"cnwqi7820","senior","N","A","潾","潾","lín","kuáng"
"cnwqi7821","senior","N","B","潏","潏","yàn","yù"
"cnwqi7822","senior","N","B","憭","憭","mī、mí","liǎo、liáo"
"cnwqi7823","senior","N","A","憕","憕","chéng、dèng、zhèng","tān"
"cnwqi7824","senior","N","A","𬸣","𬸣","xiān","zhǎo"
"cnwqi7825","senior","N","B","戭","戭","jiǎo、yáo","yǎn"
"cnwqi7826","senior","N","A","褯","褯","jiè","dòng、tóng"
"cnwqi7827","senior","N","B","禤","禤","yào","xuān"
"cnwqi7828","senior","N","A","𫍽","𫍽","xuān","chǐ"
"cnwqi7829","senior","N","A","嫽","嫽","liáo","jì"
"cnwqi7830","senior","N","B","遹","遹","jūn、qún","yù"
"cnwqi7831","senior","N","B","𬴊","𬴊","kuí","lín"
"cnwqi7832","senior","N","B","璥","璥","shì","jǐng"
"cnwqi7833","senior","N","B","璲","璲","jiē","suì"
"cnwqi7834","senior","N","A","璒","璒","dēng","chà"
"cnwqi7835","senior","N","B","憙","憙","rán","xǐ"
"cnwqi7836","senior","N","B","擐","擐","bì","huàn"
"cnwqi7837","senior","N","A","鄹","鄹","zōu","fán"
"cnwqi7838","senior","N","A","薳","薳","yuǎn、wěi","wǎn"
"cnwqi7839","senior","N","B","鞔","鞔","dí","mán、mèn"
"cnwqi7840","senior","N","A","黇","黇","tiān","kào"
"cnwqi7841","senior","N","A","𬞟","𬞟","pín","jiǎn"
"cnwqi7842","senior","N","B","蕗","蕗","shēng","lù"
"cnwqi7843","senior","N","A","薢","薢","xiè","lóng"
"cnwqi7844","senior","N","B","蕹","蕹","duō","wèng"
"cnwqi7845","senior","N","A","橞","橞","huì","lì"
"cnwqi7846","senior","N","A","橑","橑","liáo","qián"
"cnwqi7847","senior","N","B","橦","橦","liù、lù","tóng、chuáng"
"cnwqi7848","senior","N","A","醑","醑","xǔ","bà、ba、pí"
"cnwqi7849","senior","N","B","觱","觱","kuáng","bì"
"cnwqi7850","senior","N","A","磡","磡","kàn","qìng"
"cnwqi7851","senior","N","A","𥕢","𥕢","cáo","xiù"
"cnwqi7852","senior","N","B","磜","磜","chè","qì"
"cnwqi7853","senior","N","B","豮","豮","jīn","fén"
"cnwqi7854","senior","N","A","𫟦","𫟦","suì","gǒu"
"cnwqi7855","senior","N","A","𬺈","𬺈","yǐ","tán"
"cnwqi7856","senior","N","A","𫠜","𫠜","ní","kuò、guā"
"cnwqi7857","senior","N","A","鹾","鹾","cuó","qiú"
"cnwqi7858","senior","N","A","虤","虤","yán","liàn"
"cnwqi7859","senior","N","A","暿","暿","xī、xǐ","lín"
"cnwqi7860","senior","N","B","曌","曌","cuì","zhào"
"cnwqi7861","senior","N","A","曈","曈","tóng","qiū"
"cnwqi7862","senior","N","A","㬚","㬚","chè","suō"
"cnwqi7863","senior","N","A","蹅","蹅","chǎ","jū"
"cnwqi7864","senior","N","B","踶","踶","shuāng","dì"
"cnwqi7865","senior","N","B","䗛","䗛","bà、pá","xiū"
"cnwqi7866","senior","N","B","螗","螗","gài","táng"
"cnwqi7867","senior","N","A","疁","疁","liú","yì"
"cnwqi7868","senior","N","B","㠓","㠓","wèi","méng"
"cnwqi7869","senior","N","A","幪","幪","méng","jìng"
"cnwqi7870","senior","N","B","𪩘","𪩘","sāo、sào","yǎn"
"cnwqi7871","senior","N","B","嶦","嶦","jué","zhān、shàn"
"cnwqi7872","senior","N","B","𬭬","𬭬","zhá","huì"
"cnwqi7873","senior","N","A","𨱑","𨱑","huáng","shǐ"
"cnwqi7874","senior","N","A","𬭯","𬭯","piě","kè"
"cnwqi7875","senior","N","A","馞","馞","bó","biàn"
"cnwqi7876","senior","N","A","穄","穄","jì","hǎn"
"cnwqi7877","senior","N","A","篚","篚","fěi","shěng、xǐng"
"cnwqi7878","senior","N","A","篯","篯","jiǎn、jiān","jǔ、jù"
"cnwqi7879","senior","N","A","簉","簉","zào","jī"
"cnwqi7880","senior","N","B","鼽","鼽","dié","qiú"
"cnwqi7881","senior","N","A","衠","衠","zhūn","hù"
"cnwqi7882","senior","N","B","盦","盦","hòu","ān"
"cnwqi7883","senior","N","A","螣","螣","téng","luǒ"
"cnwqi7884","senior","N","B","縢","縢","zhì","téng"
"cnwqi7885","senior","N","B","鲭","鲭","yè","qīng"
"cnwqi7886","senior","N","B","鲯","鲯","chén","qí"
"cnwqi7887","senior","N","A","鲰","鲰","zōu","qiào、shāo"
"cnwqi7888","senior","N","B","鲺","鲺","yún","shī"
"cnwqi7889","senior","N","B","鲹","鲹","shì","shēn"
"cnwqi7890","senior","N","B","𫗴","𫗴","pì","zhān"
"cnwqi7891","senior","N","B","亸","亸","jiū","duǒ"
"cnwqi7892","senior","N","B","癀","癀","qí","huáng"
"cnwqi7893","senior","N","A","瘭","瘭","biāo","càn"
"cnwqi7894","senior","N","A","𬸦","𬸦","zhuó","chì"
"cnwqi7895","senior","N","A","羱","羱","yuán","zhào"
"cnwqi7896","senior","N","B","糒","糒","cè","bèi"
"cnwqi7897","senior","N","B","燋","燋","yóu","jiāo、qiáo、jué、zhuó"
"cnwqi7898","senior","N","A","熻","熻","xī","bīn"
"cnwqi7899","senior","N","A","燊","燊","shēn","kǔn"
"cnwqi7900","senior","N","A","燚","燚","yì","zī"
"cnwqi7901","senior","N","B","燏","燏","gài","yù"
"cnwqi7902","senior","N","A","濩","濩","huò、hù","mào"
"cnwqi7903","senior","N","A","濋","濋","chǔ","kuān"
"cnwqi7904","senior","N","A","澪","澪","líng","biāo"
"cnwqi7905","senior","N","A","澽","澽","jù","bù、fǒu"
"cnwqi7906","senior","N","B","澴","澴","jué","huán"
"cnwqi7907","senior","N","B","澭","澭","jiě、jiè、xiè","yōng、yǒng"
"cnwqi7908","senior","N","A","澼","澼","pì","bì"
"cnwqi7909","senior","N","A","憷","憷","chù","yòu"
"cnwqi7910","senior","N","B","憺","憺","bò","dàn"
"cnwqi7911","senior","N","B","懔","懔","máng","lǐn"
"cnwqi7912","senior","N","A","黉","黉","hóng","sōu"
"cnwqi7913","senior","N","A","嬛","嬛","huán、xuān、qióng","chái"
"cnwqi7914","senior","N","B","鹨","鹨","rǔ","liù"
"cnwqi7915","senior","N","B","翯","翯","yē","hè"
"cnwqi7916","senior","N","A","𫄷","𫄷","yì","gē"
"cnwqi7917","senior","N","A","璱","璱","sè","guài"
"cnwqi7918","senior","N","A","𤩽","𤩽","huán","xiǎn"
"cnwqi7919","senior","N","A","璬","璬","jiǎo","bì"
"cnwqi7920","senior","N","B","璮","璮","bá","tǎn"
"cnwqi7921","senior","N","A","髽","髽","zhuā","xiǎng"
"cnwqi7922","senior","N","B","擿","擿","tì","tī、zhì、zhāi"
"cnwqi7923","senior","N","B","薿","薿","sāo","nǐ"
"cnwqi7924","senior","N","A","薸","薸","piáo","bào"
"cnwqi7925","senior","N","A","檑","檑","léi","gū、gù"
"cnwqi7926","senior","N","B","櫆","櫆","xiàn","kuí"
"cnwqi7927","senior","N","B","檞","檞","kuàng","jiě"
"cnwqi7928","senior","N","A","醨","醨","lí","màn"
"cnwqi7929","senior","N","A","繄","繄","yī","yù、shū"
"cnwqi7930","senior","N","A","磹","磹","tán","biān"
"cnwqi7931","senior","N","A","磻","磻","pán、bō","péng"
"cnwqi7932","senior","N","A","瞫","瞫","shěn","niàng"
"cnwqi7933","senior","N","A","瞵","瞵","lín","jiā"
"cnwqi7934","senior","N","A","蹐","蹐","jí","guǐ"
"cnwqi7935","senior","N","B","蟏","蟏","qiàn","xiāo"
"cnwqi7936","senior","N","A","㘎","㘎","hǎn","dài、dāi"
"cnwqi7937","senior","N","A","𬭳","𬭳","xǐ","huáng"
"cnwqi7938","senior","N","B","镤","镤","dǔ","pú"
"cnwqi7939","senior","N","B","𬭶","𬭶","jú","hēi"
"cnwqi7940","senior","N","B","𫔍","𫔍","zhà","fán"
"cnwqi7941","senior","N","A","镥","镥","lǔ","jī"
"cnwqi7942","senior","N","B","镨","镨","zhū、shú","pǔ"
"cnwqi7943","senior","N","A","𬭸","𬭸","lín","kǔn"
"cnwqi7944","senior","N","A","𨱔","𨱔","zūn","huí、huǐ"
"cnwqi7945","senior","N","A","𬭼","𬭼","suì","zhàn"
"cnwqi7946","senior","N","A","𫔎","𫔎","jué","téng"
"cnwqi7947","senior","N","B","矰","矰","lāo","zēng"
"cnwqi7948","senior","N","A","穙","穙","pú","tuó"
"cnwqi7949","senior","N","B","穜","穜","xù","tóng、zhǒng"
"cnwqi7950","senior","N","B","穟","穟","qià","suì"
"cnwqi7951","senior","N","B","簕","簕","yè","lè"
"cnwqi7952","senior","N","A","簃","簃","yí","bǐ"
"cnwqi7953","senior","N","A","簏","簏","lù","fàn"
"cnwqi7954","senior","N","A","儦","儦","biāo","jīng"
"cnwqi7955","senior","N","A","魋","魋","tuí","cù"
"cnwqi7956","senior","N","A","斶","斶","chù","qí"
"cnwqi7957","senior","N","A","艚","艚","cáo","liǎng、liǎ"
"cnwqi7958","senior","N","B","𬸪","𬸪","chǎng","fán"
"cnwqi7959","senior","N","B","谿","谿","xī","xī"
"cnwqi7960","senior","N","B","䲠","䲠","zhī、zhì","chūn"
"cnwqi7961","senior","N","B","𬶟","𬶟","zhāng","là"
"cnwqi7962","senior","N","A","鲾","鲾","bī","fán"
"cnwqi7963","senior","N","B","𬶠","𬶠","yǐ","liàn"
"cnwqi7964","senior","N","A","鲿","鲿","cháng","tíng"
"cnwqi7965","senior","N","A","鳁","鳁","wēn","é"
"cnwqi7966","senior","N","B","鳂","鳂","jué","wēi"
"cnwqi7967","senior","N","B","鳈","鳈","huī","quán"
"cnwqi7968","senior","N","B","鳉","鳉","shì","jiāng"
"cnwqi7969","senior","N","A","獯","獯","xūn","zhú"
"cnwqi7970","senior","N","A","䗪","䗪","zhè","ráng、xiāng"
"cnwqi7971","senior","N","A","馘","馘","guó","bìn"
"cnwqi7972","senior","N","B","襕","襕","lí","lán"
"cnwqi7973","senior","N","A","襚","襚","suì","pà"
"cnwqi7974","senior","N","B","𬶨","𬶨","méi","jì"
"cnwqi7975","senior","N","B","螱","螱","chì","wèi"
"cnwqi7976","senior","N","B","甓","甓","gé","pì"
"cnwqi7977","senior","N","B","嬬","嬬","bǔ","rú"
"cnwqi7978","senior","N","B","嬥","嬥","shì","tiǎo"
"cnwqi7979","senior","N","A","𦈡","𦈡","xū","è、wù、ě、wū"
"cnwqi7980","senior","N","A","𫄸","𫄸","xūn","liàng"
"cnwqi7981","senior","N","B","瓀","瓀","shān","ruǎn"
"cnwqi7982","senior","N","B","釐","釐","yōng","lí、xǐ、xī"
"cnwqi7983","senior","N","B","鬶","鬶","zhēng","guī"
"cnwqi7984","senior","N","B","爇","爇","cuì","ruò"
"cnwqi7985","senior","N","A","鞳","鞳","tà","zhēn"
"cnwqi7986","senior","N","A","鞮","鞮","dī","jiǎn"
"cnwqi7987","senior","N","A","𬟁","𬟁","yì","zī"
"cnwqi7988","senior","N","A","藟","藟","lěi","zhuó"
"cnwqi7989","senior","N","B","藦","藦","zhǒu","mó"
"cnwqi7990","senior","N","B","藨","藨","hē","biāo、pāo"
"cnwqi7991","senior","N","A","鹲","鹲","méng","bèi"
"cnwqi7992","senior","N","B","檫","檫","wǎn","chá"
"cnwqi7993","senior","N","A","黡","黡","yǎn","mài"
"cnwqi7994","senior","N","B","礞","礞","yǎn","méng"
"cnwqi7995","senior","N","A","礌","礌","léi、lěi","bèi"
"cnwqi7996","senior","N","B","𥖨","𥖨","zhēn","zào"
"cnwqi7997","senior","N","B","蹢","蹢","fàng","dí"
"cnwqi7998","senior","N","A","蹜","蹜","sù","dì、dài、tì"
"cnwqi7999","senior","N","B","蟫","蟫","yǐ","yín、xún"
"cnwqi8000","senior","N","B","䗴","䗴","zhǐ","tíng"
"cnwqi8001","senior","N","B","嚚","嚚","fǎ","yín"
"cnwqi8002","senior","N","B","髃","髃","móu","yú"
"cnwqi8003","senior","N","A","镮","镮","huán","jiào"
"cnwqi8004","senior","N","A","镱","镱","yì","yǎn"
"cnwqi8005","senior","N","A","酂","酂","cuó、zàn","wà"
"cnwqi8006","senior","N","B","馧","馧","líng","yūn、wò"
"cnwqi8007","senior","N","A","簠","簠","fǔ","sī"
"cnwqi8008","senior","N","B","簝","簝","sǒu","liáo"
"cnwqi8009","senior","N","A","簰","簰","pái","zú"
"cnwqi8010","senior","N","B","鼫","鼫","qǐng","shí"
"cnwqi8011","senior","N","A","鼩","鼩","qú","shí、shè"
"cnwqi8012","senior","N","A","皦","皦","jiǎo","hòu"
"cnwqi8013","senior","N","B","臑","臑","shí","nào"
"cnwqi8014","senior","N","A","䲢","䲢","téng","jū"
"cnwqi8015","senior","N","B","鳑","鳑","cāng","páng"
"cnwqi8016","senior","N","A","鳒","鳒","jiān","cūn"
"cnwqi8017","senior","N","A","鹱","鹱","hù","tú"
"cnwqi8018","senior","N","B","鹯","鹯","dòng、tóng、tǒng","zhān"
"cnwqi8019","senior","N","B","癗","癗","méi","lěi"
"cnwqi8020","senior","N","B","𦒍","𦒍","dàn","tóng"
"cnwqi8021","senior","N","A","旞","旞","suì","kāng"
"cnwqi8022","senior","N","A","翷","翷","lín","biǎo"
"cnwqi8023","senior","N","A","冁","冁","chǎn","yǐ"
"cnwqi8024","senior","N","B","䎖","䎖","pěng","zēng"
"cnwqi8025","senior","N","B","瀔","瀔","huán","gǔ"
"cnwqi8026","senior","N","B","瀍","瀍","jì","chán"
"cnwqi8027","senior","N","A","瀌","瀌","biāo","dàn"
"cnwqi8028","senior","N","B","襜","襜","zhàng","chān"
"cnwqi8029","senior","N","A","䴙","䴙","pì","jú"
"cnwqi8030","senior","N","A","𬙊","𬙊","mò","piān"
"cnwqi8031","senior","N","B","嚭","嚭","chén","pǐ"
"cnwqi8032","senior","N","B","㰀","㰀","gāi","lí"
"cnwqi8033","senior","N","A","鬷","鬷","zōng","jū"
"cnwqi8034","senior","N","A","醭","醭","bú","hāi、hēi"
"cnwqi8035","senior","N","A","蹯","蹯","fán","gōng、gòng"
"cnwqi8036","senior","N","A","蠋","蠋","zhú","yuē"
"cnwqi8037","senior","N","A","翾","翾","xuān","chì"
"cnwqi8038","senior","N","B","鳘","鳘","yīng","mǐn"
"cnwqi8039","senior","N","B","儳","儳","chí","chán、chàn"
"cnwqi8040","senior","N","B","儴","儴","zāng、zàng","ráng、xiāng"
"cnwqi8041","senior","N","A","鼗","鼗","táo","líng"
"cnwqi8042","senior","N","A","𬶭","𬶭","jì","yún"
"cnwqi8043","senior","N","B","𩾌","𩾌","yù","kāng"
"cnwqi8044","senior","N","B","鳚","鳚","bèi","wèi"
"cnwqi8045","senior","N","A","鳛","鳛","xí","wò"
"cnwqi8046","senior","N","A","麑","麑","ní","zhèn"
"cnwqi8047","senior","N","A","麖","麖","jīng","hūn"
"cnwqi8048","senior","N","B","蠃","蠃","shì","luǒ"
"cnwqi8049","senior","N","B","彟","彟","shàn","yuē"
"cnwqi8050","senior","N","A","嬿","嬿","yàn","qué"
"cnwqi8051","senior","N","A","鬒","鬒","zhěn","yín"
"cnwqi8052","senior","N","A","蘘","蘘","ráng","lóng"
"cnwqi8053","senior","N","A","欂","欂","bó","mào"
"cnwqi8054","senior","N","A","醵","醵","jù","cái"
"cnwqi8055","senior","N","B","颥","颥","huì","rú"
"cnwqi8056","senior","N","A","甗","甗","yǎn","qū、qǔ"
"cnwqi8057","senior","N","B","𨟠","𨟠","zhào","quān"
"cnwqi8058","senior","N","B","巇","巇","fáng","xī"
"cnwqi8059","senior","N","A","酅","酅","xī","bā"
"cnwqi8060","senior","N","B","髎","髎","xún","liáo"
"cnwqi8061","senior","N","B","犨","犨","yǎo","chōu"
"cnwqi8062","senior","N","A","𬶮","𬶮","xǐ","yě"
"cnwqi8063","senior","N","B","𨭉","𨭉","lèi","bān"
"cnwqi8064","senior","N","B","㸌","㸌","téng","huò"
"cnwqi8065","senior","N","B","爔","爔","huán","xī"
"cnwqi8066","senior","N","B","瀱","瀱","xié","jì"
"cnwqi8067","senior","N","A","瀹","瀹","yuè","bèi"
"cnwqi8068","senior","N","B","瀼","瀼","miǎo","ráng、nǎng"
"cnwqi8069","senior","N","B","瀵","瀵","yí","fèn"
"cnwqi8070","senior","N","A","襫","襫","shì","shà"
"cnwqi8071","senior","N","B","孅","孅","ní","xiān、qiān"
"cnwqi8072","senior","N","A","骦","骦","shuāng","zhòng"
"cnwqi8073","senior","N","B","𬙋","𬙋","níng","xiāng"
"cnwqi8074","senior","N","A","耰","耰","yōu","zhuó"
"cnwqi8075","senior","N","A","𤫉","𤫉","xiè","qiáo"
"cnwqi8076","senior","N","A","瓖","瓖","xiāng","luán"
"cnwqi8077","senior","N","A","鬘","鬘","mán","chuàng"
"cnwqi8078","senior","N","B","趯","趯","tǎng、cháng","tì、yuè"
"cnwqi8079","senior","N","A","𬺓","𬺓","","zhāo"
"cnwqi8080","senior","N","B","罍","罍","tǔ","léi"
"cnwqi8081","senior","N","B","鼱","鼱","chāo","jīng"
"cnwqi8082","senior","N","B","鳠","鳠","lù","hù"
"cnwqi8083","senior","N","B","鳡","鳡","hùn、kūn","gǎn"
"cnwqi8084","senior","N","A","鳣","鳣","zhān、shàn","gāo"
"cnwqi8085","senior","N","B","爟","爟","yí","guàn"
"cnwqi8086","senior","N","B","爚","爚","chéng","yuè"
"cnwqi8087","senior","N","A","灈","灈","qú","nóng"
"cnwqi8088","senior","N","B","韂","韂","huán","chàn"
"cnwqi8089","senior","N","B","糵","糵","lüè","niè"
"cnwqi8090","senior","N","A","蘼","蘼","mí","fǔ"
"cnwqi8091","senior","N","B","礵","礵","yù","shuāng"
"cnwqi8092","senior","N","B","鹴","鹴","liàng","shuāng"
"cnwqi8093","senior","N","A","躔","躔","chán","hú"
"cnwqi8094","senior","N","A","皭","皭","jiào","sù"
"cnwqi8095","senior","N","A","龢","龢","hé","lǜ"
"cnwqi8096","senior","N","B","鳤","鳤","fàn","guǎn"
"cnwqi8097","senior","N","B","亹","亹","lǚ","wěi、mén"
"cnwqi8098","senior","N","B","籥","籥","yù","yuè"
"cnwqi8099","senior","N","A","鼷","鼷","xī","shàn"
"cnwqi8100","senior","N","A","𫚭","𫚭","liè","xí"
"cnwqi8101","senior","N","B","玃","玃","fū","jué"
"cnwqi8102","senior","N","A","醾","醾","mí","qìn"
"cnwqi8103","senior","N","A","齇","齇","zhā","tān"
"cnwqi8104","senior","N","A","觿","觿","xī","miǎo"
"cnwqi8105","senior","N","A","蠼","蠼","qú","zá"
