序号,单词,exchange,音标,中文意思,
1,a,(an),/ə，eɪ(ən)/,art.一（个、件……）,
2,abandon,,/əˈbændən/,v.抛弃，舍弃，放弃,
3,ability,,/əˈbɪlɪtɪ/,n.能力；才能,
4,able,,/ˈeɪb(ə)l/,a.能够；有能力的,
5,abnormal,,/æbˈnɔːm(ə)l/,a.反常的，变态的,
6,aboard,,/əˈbɔːd/,prep.上（船，飞机，火车，汽车等）,
7,abolish,,/əˈbɔlɪʃ/,v.废除，废止,
8,abortion,,/əˈbɔːʃ(ə)n/,v.人工流产，堕胎,
9,about,,/əˈbaʊt/,ad.大约；到处；四处prep.关于；在各处；四处,
10,above,,/əˈbʌv/,prep.在……上面a.上面的ad.在……之上,
11,abroad,,/əˈbrɔːd/,ad.到（在）国外,
12,abrupt,,/əˈbrʌpt/,a.突然的，意外的，粗鲁,
13,absence,,/ˈæbsəns/,n.不在，缺席,
14,absent,,/ˈæbsənt/,a.缺席，不在,
15,absolute,,/ˈæbsəluːt/,a.完全，全部，绝对的,
16,absorb,,/əbˈsɔːb/,v.吸收，使全神贯注,
17,abstract,,/ˈæbstrækt/,a./n.抽象的（作品）,
18,absurd,,/əbˈsɜːd/,a.荒谬的，怪诞不经的,
19,abundant,,/əˈbʌndənt/,a.大量，丰盛的，充裕的,
20,abuse,,/əˈbjuːz/,v.（酗酒）滥用，虐待，恶语,
21,academic,,/ækəˈdemɪk/,a./n.学术的，教学的,
22,academy,,/əˈkædəmɪ/,n.专科学院，（美）私立学校,
23,accelerate,,/əkˈseləreɪt/,v.（使）加速，加快,
24,accent,,/ˈæksənt/,n.口音，音调,
25,accept,,/əkˈsept/,vt.接受,
26,access,,/ˈækses/,n./v.通道，入径，存取(计算机文件),
27,accessible,,/əkˈsesɪb(ə)l/,a.可到达的，可接受的，易相处的）,
28,accident,,/ˈæksɪdənt/,n.事故，意外的事,
29,accommodation,,/əkɔməˈdeɪʃ(ə)n/,n.住宿，膳宿,
30,accompany,,/əˈkʌmpənɪ/,v.陪同，陪伴，与…同时发生,
31,accomplish,,/əˈkʌmplɪʃ/,v.完成,
32,accordingto,,/əˈkɔːdɪŋtʊ/,ad.按照，根据,
33,account,,/əˈkaʊnt/,n.账目;描述,
34,accountant,,/əˈkaʊnt(ə)nt/,n.会计，会计师,
35,accumulate,,/əˈkjuːmjʊleɪt/,v.积累，积聚,
36,accuracy,,/ˈækjʊrəsɪ/,n.准确，精确,
37,accuse,,/əˈkjuːz/,v.正确无误的，精确的,
38,accustomed,,/əˈkʌstəmd/,a.习惯于，惯常的,
39,ache,,/eɪk/,vi.&n.痛，疼痛,
40,achieve,,/əˈtʃiːv/,vt.达到，取得,
41,achievement,,/əˈtʃiːvmənt/,n.成就，成绩，功绩,
42,acid,,/ˈæsɪd/,a.酸的,
43,acknowledge,,/əkˈnɔlɪdʒ/,v.承认,
44,acquaintance,,/əˈkweɪntəns/,n.熟人，(与某人)认识,
45,acquire,,/əˈkwaɪə(r)/,v.获得，得到,
46,acquisition,,/ækwɪˈzɪʃ(ə)n/,n.获得，得到,
47,acre,,/ˈeɪkə(r)/,n.英亩,
48,across,,/əˈkrɔs/,prep.横过，穿过,
49,act,,/ækt/,n.法令，条例v.（戏）表演，扮演（角色），演出（戏）；行动，做事,
50,action,,/ˈækʃ(ə)n/,n.行动,
51,active,,/ˈæktɪv/,a.积极的，主动的,
52,activity,,/ækˈtɪvɪtɪ/,n.活动,
53,actor,,/ˈæktə(r)/,n.男演员,
54,actress,,/ˈæktrɪs/,n.女演员,
55,actual,,/ˈæktʃʊəl/,a.实际的；现实的,
56,acute,,/ə'kjuːt/,a.十分严重的，（病）急性的,
57,ad,(缩)advertisement,/æd/,n.广告,
58,adapt,,/əˈdæpt/,v.使适应，适合，改编,
59,adaptation,,/ədæpˈteɪʃ(ə)n/,n.适应，改编本,
60,add,,/æd/,vt.添加，增加,
61,addicted,,/əˈdɪktɪd/,a.上瘾，成瘾，入迷,
62,addition,,/əˈdɪʃ(ə)n/,n.增加;（算数用语）加,
63,address,,/əˈdres/,n.地址,
64,adequate,,/ˈædɪkwət/,a.合适的，合乎需要的,
65,adjust,,/əˈdʒʌst/,v.调整，调节，适应，习惯,
66,adjustment,,/əˈdʒʌstmənt/,n.调整，适应,
67,administration,,/ədmɪnɪˈstreɪʃ(ə)n/,n.管理，行政部门,
68,admirable,,/ˈædmərəb(ə)l/,a.值得赞赏的，可钦佩的,
69,admire,,/ədˈmaɪə(r)/,v.钦佩；羡慕,
70,admission,,/ədˈmɪʃ(ə)n/,n.准入，接纳,
71,admit,,/ədˈmɪt/,vt.承认，准许（入场，入学，入会）,
72,adolescence,,/ædəʊ'lesns/,n.青春，青春期,
73,adolescent,,/ædəˈlesənt/,n.青少年,
74,adopt,,/əˈdɔpt/,v.收养，领养,
75,adore,,/əˈdɔː(r)/,v.（不用于进行时）热爱，爱慕某人,
76,adult,,/ˈædʌlt/,n.成年人,
77,advance,,/ədˈvɑːns;(US)ədˈvæns/,v.推进，促进；前进,
78,advantage,,/ədˈvɑːntɪdʒ/,n.优点；好处,
79,adventure,,/ədˈventʃə(r)/,n.冒险；奇遇,
80,advertise,,/ˈædvətaɪz/,vt.为……做广告,
81,advertisement,,/ədˈvɜːtɪsmənt/,n.广告,
82,advice,,/ədˈvaɪs/,n.忠告，劝告，建议,
83,advise,,/ədˈvaɪz/,vt.忠告，劝告，建议,
84,advocate,,/ˈædvəkət/,v.拥护，支持，提倡,
85,aeroplane,,/`erə，pleɪn/,n.(英)飞机,
86,affair,,/əˈfeə(r)/,n.事，事情,
87,affect,,/əˈfekt/,vt.影响,
88,affection,,/əˈfekʃ(ə)n/,n.喜爱，钟爱,
89,afford,,/əˈfɔːd/,vt.负担得起（…的费用）；抽得出（时间）；提供,
90,afraid,,/əˈfreɪd/,a.害怕的；担心,
91,Africa,,/ˈæfrɪkə/,*n.非洲,
92,African,,/ˈæfrɪkən/,a.非洲的，非洲人的n.非洲人,
93,after,,/'ɑːftə/,ad.在后；后来prep.在…之后；在后面conj.在…以后,
94,afternoon,,/ɑːftəˈnuːn/,n.下午，午后,
95,afterward,(afterwards),/ˈɑːftəwəd(z)/,ad.后来,
96,again,,/əˈɡeɪn/,ad.再一次；再，又,
97,against,,/əˈɡeɪnst/,prep.对着，反对,
98,age,,/eɪdʒ/,n.年龄；时代,
99,agency,,/ˈeɪdʒənsɪ/,n.代理机构,
100,agenda,,/əˈdʒendə/,n.（会议）议程表，议事日程,
101,agent,,/ˈeɪdʒənt/,n.代理人，经济人,
102,aggression,,/ˈəɡreʃ(ə)n/,n.侵略,
103,aggressive,,/ˈəɡresɪv/,a.侵略的；咄咄逼人,
104,ago,,/əˈɡəʊ/,ad.以前,
105,agree,,/əˈɡriː/,v.同意；应允,
106,agreement,,/əˈɡriːmənt/,n.同意，一致；协定，协议,
107,agricultural,,/æɡrɪˈkʌltʃər(ə)l/,a.农业的,
108,agriculture,,/ˈæɡrɪkʌltʃə(r)/,n.农业，农学,
109,ahead,,/əˈhed/,ad.在前，向前,
110,aid,,/eɪd/,n.援助；救护；辅助器具,
111,AIDS,,/eɪdz/,n.艾滋病,
112,aim,,/eɪm/,n.目的；目标v.计划，打算；瞄准；针对,
113,air,,/eə(r)/,n.空气；大气,
114,aircraft,,/ˈeəkrɑːft/,n.飞机(单复数同),
115,airmail,,/ˈeəmeɪl/,n.航空邮件,
116,airplane,,/ˈeəpleɪn/,n.（美）飞机,
117,airport,,/ˈeəpɔːt/,n.航空站，飞机场,
118,airspace,,/ˈeəspeɪs/,n.领空，（某国的）空域,
119,alarm,,/əˈlɑːm/,n.警报,
120,album,,/ˈælbəm/,n.相册，影集，集邮簿,
121,alcohol,,/ˈælkəhɔl/,n.含酒精饮料，酒,
122,alcoholic,,/ælkəˈhɔlɪk/,a./n.含酒精的，酒鬼,
123,algebra,,/ˈældʒɪbrə/,n.代数,
124,alike,,/əˈlaɪk/,ad.很相似地，同样地,
125,alive,,/əˈlaɪv/,a.活着的，存在的,
126,all,,/ɔːl/,ad.全部地a.全（部）;所有的;总;整pron.全部;全体人员,
127,allergic,,/əˈlɜːdʒɪk/,a.过敏的，厌恶,
128,alley,,/ˈælɪ/,n.小巷，胡同,
129,allocate,,/ˈæləkeɪt/,v.拨给，划归，分配…给,
130,allow,,/əˈlaʊ/,vt.允许，准许,
131,allowance,,/əˈlaʊəns/,n.津贴，补助,
132,almost,,/ˈɔːlməʊst/,ad.几乎，差不多,
133,alone,,/əˈləʊn/,a.单独的，孤独的,
134,along,,/əˈlɔŋ;(US)əˈlɔŋ/,ad.向前；和…一起；一同prep.沿着；顺着,
135,alongside,,/əlɔŋˈsaɪd/,ad.在…旁边，与…同时,
136,aloud,,/əˈlaʊd/,ad.大声地,
137,alphabet,,/ˈælfəbet/,n.字母表，字母,
138,already,,/ɔːlˈredɪ/,ad.已经,
139,also,,/ˈɔːlsəʊ/,ad.也,
140,alternative,,/ɔːlˈtɜːnətɪv/,a.可供替代，非传统的,
141,although,,/ɔːlˈðəʊ/,conj.虽然，尽管,
142,altitude,,/ˈæltɪtjuːd;(US)ælˈtɪtuːd/,n.海拔高度,
143,altogether,,/ɔːltəˈɡeðə(r)/,ad.总共,
144,aluminium,,/æljʊˈmɪnɪəm/,n.（化）铝,
145,always,,/ˈɔːlweɪz/,ad.总是；一直；永远,
146,am,,/æm/,v.be的人称形式之一,
147,ａ.m.,,//,n.午前，上午,
148,A.M.,,//,n.午前，上午,
149,ａ.m./A.M.,,//,n.午前，上午,
150,amateur,,/ˈæmətə(r)/,a.业余爱好的,
151,amaze,,/əˈmeɪz/,v.惊奇，惊叹；震惊,
152,amazing,,/əˈmeɪzɪŋ/,a.惊奇，惊叹的;震惊的,
153,ambassador,,/æmˈbæsədə(r)/,n.大使,
154,ambassadress,,/æmˈbæsədə(r)/,n.大使,
155,ambiguous,,/æmˈbɪɡjʊəs/,a.模棱两可的,
156,ambition,,/æmˈbɪʃ(ə)n/,n.目标，野心，雄心，抱负,
157,ambulance,,/ˈæmbjʊləns/,n.救护车,
158,America,,/əˈmerɪkə/,*n.美国；美洲,
159,American,,/əˈmerɪkən/,a.美国的；美国人的n.美国人,
160,among,,/əˈmʌŋ/,prep.在…中间；在（三个以上）之间,
161,amount,,/əˈmaʊnt/,n./v.金额，数量，总计,
162,ample,,/ˈæmp(ə)l/,a.足够的，丰裕的,
163,amuse,,/əˈmjuːz/,vt.（使人）快乐，逗乐,
164,amusement,,/əˈmjuːzmənt/,n.娱乐,
165,analyze,,/'ænəlaɪz/,v.分析,
166,analysis,,/əˈnæləsɪs/,n.分析，分析结果,
167,ancestor,,/ˈænsəstə(r)/,n.祖宗；祖先,
168,Anchor,,/'æŋkə/,n.锚，抛锚,
169,ancient,,/ˈeɪnʃənt/,a.古代的，古老的,
170,and,,/ənd，ænd/,conj.和；又；而,
171,anecdote,,/ˈænɪkdəʊt/,n.逸事，趣闻,
172,anger,,/ˈæŋɡə(r)/,n.怒，愤怒,
173,angle,,/ˈæŋɡ(ə)l/,n.角度,
174,angry,,/ˈænɡrɪ/,a.生气的，愤怒的,
175,animal,,/ˈænɪm(ə)l/,n.动物,
176,ankle,,/ˈæŋk(ə)l/,n.踝，踝关节,
177,anniversary,,/ænɪˈvɜːsərɪ/,n.周年纪念日,
178,announce,,/əˈnaʊns/,vt.宣布，宣告,
179,announcement,,/əˈnaʊnsmənt/,n.通告，通知,
180,annoy,,/əˈnɔɪ/,vt.（使）烦恼,
181,annual,,/ˈænjʊəl/,a.每年的，年度的，一年一次的,
182,another,,/əˈnʌðə(r)/,a.再一；另一；别的；不同的pron.另一个,
183,answer,,/ˈɑːnsə(r);(US)ˈænsər/,n.回答，答复;回信;答案v.回答，答复;回信;（作出）答案,
184,ant,,/ænt/,n.蚂蚁,
185,Antarctic,,/ænˈtɑːktɪk/,a.南极的,
186,theAntarctic,,/ænˈtɑːktɪk/,南极,
187,Antarctica,,/æn'tɑːktɪkə/,*n.南极洲,
188,antique,,/ænˈtiːk/,n.古董,
189,anxiety,,/æŋˈzaɪətɪ/,n.担忧，焦虑,
190,anxious,,/ˈæŋkʃəs/,a.忧虑的，焦急的,
191,any,,/ˈenɪ/,pron.（无论）哪一个；哪些任何的；（用于疑问句、否定句）一些；什么,
192,anybody,,/ˈenɪbɔdɪ/,pron.任何人，无论谁,
193,anyhow,,/ˈenɪhaʊ/,ad.不管怎样,
194,anyone,,/ˈenɪwʌn/,pron.任何人，无论谁,
195,anything,,/ˈenɪθɪŋ/,pron.什么事（物）；任何事（物）,
196,anywa,,/ˈenɪweɪ/,yad.不管怎样,
197,anywhere,,/ˈenɪweə(r)/,ad.任何地方,
198,apart,,/əˈpɑːt/,ad，/a.相隔，相距，除外,
199,apartment,,/əˈpɑːtmənt/,n.（美）楼中单元房，一套房间；房间,
200,apologize,,/əˈpɔlədʒaɪz/,vi.道歉，谢罪,
201,apology,,/əˈpɔlədʒɪ/,n.道歉；歉意,
202,apparent,,/əˈpærənt/,a.显而易见,
203,appeal,,/əˈpiːl/,v.上诉，申诉，吸引力,
204,appear,,/əˈpɪə(r)/,vi.出现,
205,appearance,,/əˈpɪərəns/,n.出现，露面；容貌,
206,appendix,,/əˈpendɪks/,n.附录，阑尾,
207,appetite,,/ˈæpɪtaɪt/,n.食欲，胃口,
208,applaud,,/əˈplɔːd/,v./n.鼓掌，赞许，赞赏,
209,apple,,/ˈæp(ə)l/,n.苹果,
210,applicant,,/ˈæplɪkənt/,n.申请人,
211,application,,/æplɪˈkeɪʃ(ə)n/,n.申请,
212,apply,,/əˈplaɪ/,v.申请,
213,appoint,,/əˈpɔɪnt/,v.任命，委任，安排，确定（时间，地点）,
214,appointment,,/əˈpɔɪntmənt/,n.约会,
215,appreciate,,/əˈpriːʃɪeɪt/,v.欣赏；感激,
216,appreciation,,/əpriːʃɪˈeɪʃ(ə)n/,n.欣赏，鉴定，评估,
217,approach,,/əˈprəʊtʃ/,n./v.靠近，接近，建议，要求,
218,appropriate,,/əˈprəʊprɪət/,a.合适的，恰当的,
219,approve,,/əˈpruːv/,v.赞成，同意，批准，通过,
220,approximately,,/əprɔksɪˈmətlɪ/,ad.近似，大约,
221,apron,,/ˈeɪprən/,n.（机场的）停机坪,
222,arbitrary,,/ˈɑːbɪtrərɪ;(US)ˈɑːrbɪtrerɪ/,a.随心所欲的，独裁的，专断的,
223,arch,,/ɑːtʃ/,n.拱，拱门,
224,architect,,/ˈɑːkɪtekt/,n.建筑师，设计师,
225,architecture,,/ˈɑːkɪtektʃə(r)/,n.建筑学，建筑设计，风格,
226,April,,/ˈeɪpr(ə)l/,n.4月,
227,Arab,,/ˈærəb/,*a.阿拉伯的n.阿拉伯人,
228,Arabic,,/ˈærəbɪk/,a.阿拉伯语的n.阿拉伯语,
229,Arctic,,/ˈɑːktɪk/,a.北极的,
230,theArctic,,/ˈɑːktɪk/,北极,
231,theArcticOcean,,/ˈɑːktɪkˈəʊʃ(ə)n/,北冰洋,
232,are,,/ɑː(r)/,v.(be)是,
233,area,,/ˈeərɪə/,n.面积；地域，地方，区域；范围，领域,
234,argue,,/ˈɑːɡjuː/,vi.争辩，争论,
235,argument,,/ˈɑːɡjʊmənt/,n.争论，辩论,
236,arise,,/əˈraɪz/,vi.起来，升起；出现,
237,arose,,/əˈraɪz/,vi.起来，升起；出现,
238,arisen,,/əˈraɪz/,vi.起来，升起；出现,
239,arise,,(arose，arisen)/əˈraɪz/,vi.起来，升起；出现,
240,arithmetic,,/əˈrɪθmətɪk/,n.算术,
241,arm,,/ɑːm/,n.臂，支架v.以…装备，武装起来n.（美）武器，武力,
242,armchair,,/ɑːmˈtʃeə(r)/,n.扶手椅,
243,army,,/ˈɑːmɪ/,n.军队,
244,around,,/əˈraʊnd/,ad.在周围；在附近prep.在……周围；大约,
245,arrange,,/əˈreɪndʒ/,v.安排，布置,
246,arrangement,,/əˈreɪndʒmənt/,n.安排，布置,
247,arrest,,/əˈrest/,v.逮捕，拘留,
248,arrival,,/əˈraɪv(ə)l/,n.到来，到达,
249,arrive,,/əˈraɪv/,vi.到达；达到,
250,arrow,,/ˈærəʊ/,n.箭；箭头,
251,art,,/ɑːt/,n.艺术，美术；技艺,
252,article,,/ˈɑːtɪk(ə)l/,n.文章;东西，物品;冠词,
253,artificial,,/ɑːtɪˈfɪʃ(ə)l/,a.人工的，人造的,
254,artist,,/ˈɑːtɪst/,n.艺术家,
255,as,,/əz，æz/,ad.&conj.像……一样；如同；因为prep.作为，当做,
256,ash,,/æʃ/,n.灰；灰末,
257,ashamed,,/əˈʃeɪmd/,a.惭愧；害臊,
258,Asia,,/ˈeɪʃə/,*n.亚洲,
259,Asian,,/ˈeɪʃ(ə)n，ˈeɪʒ(ə)n/,a.亚洲（人）的n.亚洲人,
260,aside,,/əˈsaɪd/,ad.在旁边,
261,ask,,/ɑːsk/,v.问；请求，要求；邀请,
262,asleep,,/əˈsliːp/,a.睡着的，熟睡,
263,aspect,,/ˈæspekt/,n.方面，外观，外表,
264,assess,,/əˈses/,v.评价，评定（性质，质量）,
265,assessment,,/əˈsesmənt/,n.看法，评价,
266,assist,,/əˈsɪst/,v.帮助，协助,
267,assistance,,/əˈsɪst(ə)ns/,n.帮助，援助，支持,
268,assistant,,/əˈsɪst(ə)nt/,n.助手，助理,
269,associate,,/əˈsəʊʃɪeɪt/,v.联想，联系,
270,association,,/əsəʊsɪˈeɪʃ(ə)n/,n.协会，社团，联系,
271,assume,,/əˈsjuːm;(US)əˈsuːm/,v.假定，假设,
272,assumption,,/əˈsʌmpʃ(ə)n/,n.假定，假设,
273,astonish,,/əˈstɔnɪʃ/,vt.使惊讶,
274,astronaut,,/ˈæstrənɔːt/,n.宇航员,
275,astronomer,,/əˈstrɔnəmə(r)/,n.天文学家,
276,astronomy,,/əˈstrɔnəmɪ/,n.天文学,
277,at,,/æt/,prep.在（几点钟）;在（某处）,
278,athlete,,/ˈæθliːt/,n.运动员,
279,athletic,,/æθˈletɪk/,a.健壮的，体育运动的,
280,athletics,,/æθˈletɪks/,n.田径,
281,Atlantic,,/ətˈlæntɪk/,a.大西洋的,
282,theAtlanticOcean,,/ətˈlæntɪkˈəʊʃ(ə)n/,大西洋,
283,atmosphere,,/ˈætməsfɪə(r)/,n.大气；气氛,
284,atom,,/ˈætəm/,n.原子，微粒,
285,attach,,/əˈtætʃ/,v.把…固定，重视,
286,attack,,/əˈtæk/,vt./n.攻击，袭击,
287,attain,,/əˈteɪn/,v.（经过努力）获得，得到,
288,attempt,,/əˈtempt/,vt.试图，尝试,
289,attend,,/əˈtend/,v.看护，照料，服侍；出席，参加,
290,attention,,/əˈtenʃ(ə)n/,n.注意，关心,
291,attentively,,/ə'tentɪvli/,ad.注意地,
292,attitude,,/ˈætɪtjuːd;(US)ˈætɪtʊd/,n.态度，看法,
293,attract,,/əˈtrækt/,v.吸引，引起,
294,attraction,,/əˈtrækʃ(ə)n/,n.吸引，爱慕,
295,attractive,,/əˈtræktɪv/,a.迷人的，有吸引力的,
296,audience,,/ˈɔːdɪəns/,n.观众，听众,
297,authentic,,/ɜːˈθentɪk/,a.真正的，真品的,
298,author,,/ˈɔːθə(r)/,n.作者，作家,
299,authority,,/ɔːˈθɔrɪtɪ/,n.权力，权威，威信，官方,
300,automatic,,/ɔːtəˈmætɪk/,a.自动的，机械的,
301,autonomous,,/ɔːˈtɔnəməs/,a.自治的，自主的,
302,August,,/ˈɔːɡəst/,n.8月,
303,aunt,,/ɑːnt;(US)ænt/,n.伯母；舅母；婶；姑；姨,
304,Australia,,/ɔˈstreɪljə/,*n.澳洲；澳大利亚,
305,Australian,,/ɔˈstreɪlɪən/,a.澳洲的，澳大利亚人的n.澳大利亚人,
306,autumn,,/ˈɔːtəm/,n.秋天，秋季,
307,available,,/ˈɔːtəm/,a.可获得的，有空的,
308,avenue,,/ˈævənjuːˈævənuː/,n.大道,
309,average,,/ˈævərɪdʒ/,a.平均；普通的n.平均数,
310,avoid,,/əˈvɔɪd/,v.避免，躲开，逃避,
311,awake,,(awoke，awoken)/əˈweɪk/,v.唤醒a.醒着的,
312,award,,/wɔːd/,n.奖品，奖励,
313,aware,,/əˈweə(r)/,a.知道，意识到，发觉,
314,away,,/əˈweɪ/,ad.离开；远离,
315,awesome,,/ˈɔːsəm/,a.令人惊叹，很困难的,
316,awful,,/ˈɔːfʊl/,a.很坏的，极讨厌的,
317,awkward,,/ˈɔːkwəd/,a.令人尴尬，使人难堪的,
318,Baby,,/ˈbeɪbɪ/,n.婴儿,
319,bachelor,,/ˈbætʃələ(r)/,n.未婚男子，单身汉,
320,back,,/bæk/,ad.回（原处）；向后a.后面的n.背后，后部；背,
321,backache,,/ˈbækeɪk/,n.背痛,
322,background,,/ˈbækɡraʊnd/,n.背景,
323,backward,(backwards),/ˈbækwəd/,ad.向后,
324,bacon,,/ˈbeɪkən/,n.咸猪肉；熏猪肉,
325,bacterium,,/bækˈtɪərɪəm/,(复bacteria)n.细菌,
326,bad,,/bæd/,a.坏的；有害的，不利的；严重的,
327,worse,,/bæd/,a.坏的；有害的，不利的；严重的,
328,worst,,/bæd/,a.坏的；有害的，不利的；严重的,
329,bad,,(worse，worst)/bæd/,a.坏的；有害的，不利的；严重的,
330,badly,,/ˈbædlɪ/,ad.坏，恶劣地,
331,badminton,,/ˈbædmɪntən/,n.羽毛球,
332,bag,,/bæɡ/,n.书包；提包；袋子,
333,baggage,,/ˈbæɡɪdʒ/,n.行李,
334,bake,,/beɪk/,v.烤；烘（面包）,
335,bakery,,/ˈbeɪkərɪ/,n.面包店,
336,balance,,/ˈbæləns/,n.平衡,
337,balcony,,/ˈbælkənɪ/,n.阳台；楼座,
338,ball,,/bɔːl/,n.球n.舞会,
339,ballet,,/ˈbæleɪ/,n.芭蕾舞,
340,balloon,,/bəˈluːn/,n.气球,
341,ballpoint,,/`bɔl，pɔɪnt/,圆珠笔,
342,ballpoint,(ballpointpen),/`bɔl，pɔɪnt/,圆珠笔,
343,bamboo,,/bæmˈbuː/,n.竹,
344,ban,,/bæn/,n.禁令v.禁止；取缔,
345,banana,,/bəˈnɑːnə;(US)bəˈnænə/,n.香蕉,
346,band,,/bænd/,n.乐队,
347,bandage,,/ˈbændɪdʒ/,n.绷带,
348,bang,,/bæŋ/,int.砰,
349,bank,,/bæŋk/,n.（河海湖的）岸，堤n.银行,
350,bankaccount,,/bæŋkəˈkaʊnt/,n.银行账户,
351,bar,,/bɑː(r)/,n.条（长方）块，棒，横木n.（酒店的）买酒柜台；酒吧；（卖东西的）柜台,
352,barbecue,,/ˈbɑːbɪkjuː/,n.烤肉野餐,
353,barber,,/ˈbɑːbə(r)/,n.（为男人理发）理发师,
354,barbershop,,/`bɑrbər，ʃɑp/,n.理发店,
355,bare,,/beə(r)/,a.裸露的，光秃秃的,
356,bargain,,/ˈbɑːɡɪn/,n.（经讨价还价后）成交的商品；廉价货v.讨价还价,
357,bark,,/bɑːk/,v.狗叫n.狗叫声,
358,barrier,,/'bærɪə/,n.屏障，障碍，关卡,
359,base,,/beɪs/,n.根据地，基地（棒球）垒,
360,baseball,,/ˈbeɪsbɔːl/,n.棒球,
361,basement,,/ˈbeɪsmənt/,n.地下室,
362,basic,,/ˈbeɪsɪk/,a.基本的,
363,basin,,/ˈbeɪs(ə)n/,n.水盆，脸盆,
364,basis,,/ˈbeɪsɪs/,n.原因，缘由，要素,
365,basket,,/ˈbɑːskɪt;(US)ˈbæskɪt/,n.篮子,
366,basketball,,/ˈbɑːskɪtbɔːl/,n.篮球,
367,bat,,/bæt/,n.（棒球、板球的）球棒n.蝙蝠,
368,bath,,/bɑːθ;(US)bæθ/,n.洗澡；浴室；澡盆,
369,bathe,,/beɪð/,vi.洗澡；游泳,
370,bathrobe,,/ˈbɑːθrəʊb/,n.浴衣,
371,bathroom,,/ˈbɑːθruːm/,n.浴室，盥洗室,
372,bathtub,,/'bɑːθtʌb/,n.澡盆,
373,battery,,/ˈbætərɪ/,n.电池,
374,battle,,/ˈbæt(ə)l/,n.战斗；战役,
375,battleground,,/ˈbæt(ə)lɡraʊnd/,n.战场,
376,bay,,/beɪ/,n.湾；海湾,
377,BC,,/ˌbiːˈsiː/,n.公元前,
378,be,,/biː/,v.是（原形），其人称和时态形式有(am，is，are，was，were，being，been)；成为,
379,beach,,/biːtʃ/,n.海滨，海滩,
380,beam,,/biːm/,n.平衡木,
381,bean,,/biːn/,n.豆，豆科植物,
382,beancurd,,/'biːnkɜːd/,n.豆腐,
383,bear,,/beə(r)/,v.承受，负担，承担；忍受；容忍n.熊,
384,beard,,/bɪəd/,n.（下巴上的）胡须,
385,beast,,/biːst/,n.野兽；牲畜,
386,beat,,/biːt/,v.敲打；跳动；打赢n.（音乐）节拍,
387,beaten,,/biːt/,v.敲打；跳动；打赢n.（音乐）节拍,
388,beat,,(beaten)/biːt/,v.敲打；跳动；打赢n.（音乐）节拍,
389,beautiful,,/ˈbjuːtɪf(ə)l/,a.美，美丽，美观的,
390,beauty,,/ˈbjuːtɪ/,n.美丽，美人,
391,because,,/bɪˈkɔz;(US)bɪˈkɔːz/,conj.因为,
392,become,,(became，become)/bɪˈkʌm/,v.变得；成为,
393,bed,,/bed/,n.床,
394,bedclothes,,/ˈbedkləʊðz/,n.铺盖（被褥等）,
395,beddings,,/ˈbedɪŋ/,n.卧具，铺盖,
396,bedroom,,/ˈbedruːm/,n.寝室，卧室,
397,bee,,/biː/,n..蜜蜂,
398,beef,,/biːf/,n.牛肉,
399,beehive,,/ˈbiːhaɪv/,n.蜂箱,
400,beer,,/bɪə(r)/,n.啤酒,
401,before,,/bɪˈfɔː(r)/,prep.在…以前；在…前面ad.以前conj.在…之前,
402,beg,,/beɡ/,v.请求，乞求，乞讨,
403,begin,,/bɪˈɡɪn/,v.开始，着手,
404,began,,/bɪˈɡɪn/,v.开始，着手,
405,begun,,/bɪˈɡɪn/,v.开始，着手,
406,begin,,(began，begun)/bɪˈɡɪn/,v.开始，着手,
407,beginning,,/bɪˈɡɪnɪŋ/,n.开始，开端,
408,behalf,,/bɪˈhɑːf/,n.代表某人，为了某人,
409,behave,,/bɪˈheɪv/,v.守规矩，行为,
410,behaviour,,/bɪ`heɪvjər/,n.行为，举止,
411,behind,,/bɪˈhaɪnd/,prep.(表示位置)在…后面ad.在后面；向后,
412,being,,/ˈbiːɪŋ/,n.物；生物；人,
413,Belgium,,/ˈbeldʒəm/,*n.比利时,
414,belief,,/bɪˈliːf/,n.信条，信念,
415,believe,,/bɪˈliːv/,v.相信，认为,
416,bell,,/bel/,n.钟，铃;钟(铃)声;钟形物,
417,belly,,/ˈbelɪ/,n.肚子,
418,belong,,/bɪˈlɔŋ/,vi.属，附属,
419,below,,/bɪˈləʊ/,prep.在……下面,
420,belt,,/belt/,n.（皮）带,
421,bench,,/bentʃ/,n.长凳；工作台,
422,bend,,/bend/,vt.使弯曲,
423,bent,,/bend/,vt.使弯曲,
424,bend,(bent),/bend/,vt.使弯曲,
425,beneath,,/bɪˈniːθ/,prep.在…下方（面）,
426,beneficial,,/benɪˈfɪʃ(ə)l/,a.有利的，有帮助的，有用的,
427,benefit,,/ˈbenɪfɪt/,n./v.优势，益处，使…受益,
428,bent,,/bent/,a.弯的,
429,beside,,/bɪˈsaɪd/,prep.在…旁边；靠近,
430,besides,,/bɪˈsaɪdz/,prep.除…以外（还有）ad.还有，此外,
431,best,,/best/,（good，well的最高级）a.&ad.最好的；最好地，最n.最好的（人或物）,
432,best--seller,,/best- ˈselə(r)/,n.畅销书,
433,better,,/ˈbetə(r)/,(good，well的比较级)a.&ad.较好的，更好的；好些；更好地；更，更多n.较好的事物；较优者v.改善；胜过,
434,betray,,/bɪˈtreɪ/,v.出卖，泄露（机密），辜负,
435,between,,/bɪˈtwiːn/,prep.在（两者）之间；在…中间,
436,beyond,,/bɪˈjɔnd/,prep.(表示位置)在…的那边,
437,bicycle,,/ˈbaɪsɪk(ə)l/,n.自行车,
438,bid,,/bɪd/,v./n.出价，投标，向（某人）道别,
439,big,,/bɪɡ/,a.大的,
440,bike,(bicycle),/baɪk/,n.自行车,
441,bill,,/bɪl/,n.账单；法案，议案；（美）钞票，纸币,
442,billion,,/ˈbɪlɪən/,num.十亿，百亿,
443,bingo,,/ˈbɪŋɡəʊ/,n.宾戈游戏,
444,biochemistry,,/'baɪəʊ'kemɪstri/,n.生物化学,
445,biography,,/baɪˈɔɡrəfɪ/,n.传记,
446,biology,,/baɪˈɔlədʒɪ/,n.生物（学）,
447,bird,,/bɜːd/,n.鸟,
448,birdcage,,/ˈbɜːdkeɪdʒ/,n.鸟笼,
449,birth,,/bɜːθ/,n.出生；诞生,
450,birthday,,/ˈbɜːθdeɪ/,n.生日,
451,birthplace,,/ˈbɜːθpleɪs/,n.出生地；故乡,
452,biscuit,,/ˈbɪskɪt/,n.饼干,
453,bishop,,/ˈbɪʃəp/,n.主教,
454,bit,,/bɪt/,n.一点，一些，少量的,
455,bite,,/baɪt/,v.咬；叮,
456,bit,,/baɪt/,v.咬；叮,
457,bitten,,/baɪt/,v.咬；叮,
458,bite,,(bit，bitten)/baɪt/,v.咬；叮,
459,bitter,,/ˈbɪtə(r)/,a.有苦味的；痛苦的，难过的；严酷的,
460,black,,/blæk/,n.黑色a.黑色的,
461,blackboard,,/ˈblækbɔːd/,n.黑板,
462,blame,,/bleɪm/,n.&v.责备；责怪,
463,blank,,/blæŋk/,n.&a.空格，空白（处）；空的；茫然无表情的,
464,blanket,,/ˈblæŋkɪt/,n.毛毯，毯子,
465,bleed,,/bliːd/,vi.出血，流血,
466,bless,,/bles/,vt.保佑，降福,
467,blind,,/blaɪnd/,a.瞎的,
468,block,,/blɔk/,n.大块；（木、石等）块；街区；路障vt.阻塞；阻挡,
469,blood,,/blʌd/,n.血，血液,
470,blouse,,/blaʊz;ʊ.S.blaʊs/,n.宽罩衫；（妇女、儿童穿的）短上衣,
471,blow,,/bləʊ/,n.击；打击,
472,blow,,/bləʊ/,v.吹；刮风；吹气,
473,blew,,/bləʊ/,v.吹；刮风；吹气,
474,blown,,/bləʊ/,v.吹；刮风；吹气,
475,blow,,(blew，blown)/bləʊ/,v.吹；刮风；吹气,
476,blue,,/bluː/,n.蓝色a.蓝色的a.悲伤的；沮丧的,
477,board,,/bɔːd/,n.木板；布告牌；委员会；（政府的）部v.上（船、火车、飞机）,
478,boat,,/bəʊt/,n.小船，小舟,
479,boat--race,,/bəʊt-reɪs/,n.划船比赛,
480,boating,,/ˈbəʊtɪŋ/,n.划船（游玩），泛舟,
481,body,,/'bɔdi/,n.身体,
482,body--building,,/ˈbɔdɪ-ˈbɪldɪŋ/,n.健美,
483,boil,,/bɔɪl/,v.沸腾；烧开；煮……,
484,bomb,,/bɔm/,n.炸弹v.轰炸,
485,bond,,/bɔnd/,n./v.纽带，联系，使牢固,
486,bone,,/bəʊn/,n.骨头，骨质（复数bones骨骼；骨骸）,
487,bonus,,/ˈbəʊnəs/,n.津贴，奖金，红利,
488,book,,/bʊk/,n.书；本子v.预定，定（房间、车票等）,
489,bookcase,,/ˈbʊkkeɪs/,n.书橱,
490,bookmark,,/ˈbʊkmɑːk/,n.书签,
491,bookshelf,,/`bʊk，ʃelf/,n.书架,
492,bookshop,,/ˈbʊkʃɔp/,n.书店,
493,bookstore,,/ˈbʊkstɔː(r)/,n.书店,
494,boom,,/buːm/,n./v.繁荣，轰鸣，激增,
495,boot,,/buːt/,n.长统靴；靴,
496,booth,,/buːð/,n.岗；（为某种用途而设的）亭或小隔间,
497,telephonebooth,,/ˈtelɪfəʊn-buːð/,电话亭,
498,border,,/ˈbɔːdə(r)/,n.边缘；边境，国界,
499,bored,,/bɔrd/,a.（对人，事）厌倦的，烦闷的,
500,boring,,/`bɔrɪŋ/,a.乏味的，无聊的,
501,born,,/bɔːn/,a.出生,
502,borrow,,/ˈbɔrəʊ/,v.（向别人）借用；借,
503,boss,,/bɔs/,n.领班；老板,
504,botanical,,/bəˈtænɪk(ə)l/,a.植物学的,
505,botany,,/ˈbɔtənɪ/,n.植物；植物学,
506,both,,/bəʊθ/,a.两；双pron.两者；双方,
507,bottle,,/ˈbɔt(ə)l/,n.瓶子,
508,bottom,,/ˈbɔtəm/,n.底部；底,
509,bounce,,/baʊns/,v.弹起，蹦，上下晃动,
510,bound,,/baʊnd/,a.被束缚的；被绑的；有义务的v.&n.跳跃,
511,boundary,,/ˈbaʊndərɪ/,n.边界，界限,
512,bow,,/bəʊ/,v.&n.鞠躬，弯腰行礼,
513,bowl,,/bəʊl/,n.碗,
514,bowling,,/ˈbəʊlɪŋ/,n.保龄球,
515,box,,/bɔks/,n.盒子，箱子,
516,boxing,,/ˈbɔksɪŋ/,n.拳击（运动）,
517,boy,,/bɔɪ/,n.男孩,
518,boycott,,/ˈbɔɪkɔt/,v.拒绝购买，抵制,
519,brain,,/breɪn/,n.脑（子）,
520,brake,,/breɪk/,n.闸vi.刹车,
521,branch,,/brɑːntʃ/,n.树枝；分枝；分公司，分店；支部,
522,brand,,/brænd/,n.品牌,
523,brave,,/breɪv/,a.勇敢的,
524,bravery,,/ˈbreɪvərɪ/,n.勇气,
525,bread,,/bred/,n.面包,
526,break,,/breɪk/,n.间隙,
527,break,,(broke，broken)/breɪk/,v.打破（断，碎）；损坏，撕开,
528,breakfast,,/ˈbrekfəst/,n.早餐,
529,breakthrough,,/ˈbreɪkθruː/,n.重大进展，突破,
530,breast,,/brest/,n.乳房，胸脯,
531,breath,,/breθ/,n.气息；呼吸,
532,breathe,,/briːð/,vi.呼吸,
533,breathless,,/ˈbreθlɪs/,a.气喘吁吁的，上气不接下气的,
534,brewery,,/ˈbruːərɪ/,n.啤酒厂（公司）,
535,brick,,/brɪk/,n.砖；砖块,
536,bride,,/braɪd/,n.新娘,
537,bridegroom,,/ˈbraɪdɡruːm/,n.新郎,
538,bridge,,/brɪdʒ/,n.桥,
539,brief,,/briːf/,a.简洁的,
540,bright,,/braɪt/,a.明亮的；聪明的,
541,brilliant,,/ˈbrɪlɪənt/,a.巧妙的，使人印象深刻的，技艺高的,
542,bring,,(brought，brought)/brɪŋ/,vt.拿来，带来，取来,
543,Britain,,/ˈbrɪtən/,*n.英国；不列颠,
544,British,,/ˈbrɪtɪʃ/,a.英国的；大不列颠的；英国人的,
545,theBritish,,/ˈbrɪtɪʃ/,n.英国国民；大不列颠人,
546,broad,,/brɔːd/,a.宽的，宽大的,
547,broadcast,,/ˈbrɔːdkɑːst/,n.广播节目,
548,broadcast,,/ˈbrɔːdkɑːst/,vt.广播,
549,broadcast,（broadcast，broadcast或--ed，--ed）,/ˈbrɔːdkɑːst/,vt.广播,
550,brochure,,/brəʊˈʃə(r);(US)brəʊˈʃʊər/,n.资料（或广告）手册,
551,broken,,/ˈbrəʊkən/,a.弄坏了的,
552,broom,,/bruːm/,n.扫帚,
553,brother,,/ˈbrʌðə(r)/,n.兄；弟,
554,brotherhood,,/ˈbrʌðəhʊd/,n.兄弟般的关系,
555,brown,,/braʊn/,n.褐色，棕色a.褐色的，棕色的,
556,brunch,,/ˈbrʌntʃ/,n.早午饭（晚早饭）,
557,brush,,/brʌʃ/,v.刷；擦n.刷子,
558,bucket,,/ˈbʌkɪt/,n.铲斗；桶,
559,Buddhism,,/ˈbʊdɪz(ə)m/,n.佛教,
560,Buddhist,,/'bʊdɪst/,n.佛教徒,
561,budget,,/ˈbʌdʒɪt/,n.预算,
562,buffet,,/ˈbʊfeɪ;(US)bəˈfeɪ/,n.自助餐,
563,build,,(built，built)/bɪld/,v.建筑；造,
564,building,,/ˈbɪldɪŋ/,n.建筑物；房屋；大楼,
565,bun,,/bʌn/,n.馒头；小甜面包,
566,bunch,,/bʌntʃ/,n.串，束，扎，大量，大批,
567,bungalow,,/ˈbʌŋɡələʊ/,n.平房,
568,burden,,/ˈbɜːd(ə)n/,n.（义务，责任的）重担，负担,
569,bureaucratic,,/bjʊəˌrəʊ'krætɪk/,a.官僚的,
570,burglar,,/ˈbɜːɡlə(r)/,n.入室窃贼,
571,burial,,/ˈberɪəl/,n.埋葬,
572,burn,,/bɜːn/,v.燃，烧，着火；使烧焦；使晒黑n.烧伤；晒伤,
573,burn,(--ed，--ed或burnt，burnt),/bɜːn/,v.燃，烧，着火；使烧焦；使晒黑n.烧伤；晒伤,
574,burst,,/ˈbɜːst/,v.突然发生；突然发作,
575,bury,,/ˈberɪ/,vt.埋；葬,
576,bus,,/bʌs/,n.公共汽车,
577,busstop,,/bʌsstɔp/,n。公共汽车站,
578,bush,,/bʊʃ/,n.灌木丛，矮树丛,
579,business,,/ˈbɪznɪs/,n.（本分）工作，职业；职责；生意，交易；事业,
580,businessman,,/ˈbɪznɪsmæn/,n.商人（男）；男企业家,
581,businessman,(pl.businessmen),/ˈbɪznɪsmæn/,n.商人（男）；男企业家,
582,businesswoman,,/ˈbɪznɪswʊmæn/,n.商人（女）；女企业家,
583,businesswoman,(businesswomen),/ˈbɪznɪswʊmæn/,n.商人（女）；女企业家,
584,busy,,/ˈbɪzɪ/,a.忙（碌）的,
585,but,,/bət，bʌt/,conj.但是，可是prep.除了，除……外,
586,butcher,,/'bʊtʃə/,n.vt.肉店；屠夫屠宰（动物）；残杀（人）,
587,butter,,/ˈbʌtə(r)/,n.黄油，奶油,
588,butterfly,,/ˈbʌtəflaɪ/,n.蝴蝶,
590,button,,/ˈbʌt(ə)n/,n.纽扣；（电铃等的）按钮v.扣（纽扣）,
591,buy,,/baɪ/,vt.买,
592,buy,(bought),/baɪ/,vt.买,
593,by,,/baɪ/,prep.靠近，在…旁；在…时间；不迟于；被；用；由；乘（车）,
594,bye,,/baɪ/,int.再见,
595,cab,,/kæb/,n.（美）出租车,
596,cabbage,,/ˈkæbɪdʒ/,n.卷心菜，洋白菜,
597,café,,/ˈkæfeɪ;(US)kæˈfeɪ/,n.咖啡馆；餐馆,
598,cafeteria,,/kæfɪˈtɪərɪə/,n.自助餐厅,
599,cage,,/keɪdʒ/,n笼；鸟笼,
600,calculate,,/ˈkælkjʊleɪt/,v.计算，核算，推测,
601,cake,,/keɪk/,n.蛋糕，糕点；饼,
602,call,,/kɔːl/,n.喊，叫；电话，通话v.称呼；呼唤；喊，叫,
603,calm,,/kɑːm;(US)kɑːlm/,a.镇静，沉着的v.镇静沉着,
604,camel,,/ˈkæm(ə)l/,n.骆驼,
605,camera,,/ˈkæmərə/,n.照相机；摄像机,
606,camp,,/kæmp/,n.（夏令）营vi.野营，宿营,
607,campaign,,/kæmˈpeɪn/,n.运动，战役,
608,can,(could)can't＝can not,/ken，kæn/,v.可能；能够；可以不能n.（美）罐头；罐子,
609,agarbagecan,,/ˈɡɑːbɪdʒ/,（美）垃圾桶,
610,acanopener,,/ˈəʊpənə(r)/,开罐器,
611,Canada,,/ˈkænədə/,*n.加拿大,
612,Canadian,,/kəˈneɪdɪən/,a.加拿大的；加拿大人的n.加拿大人,
613,canal,,/kəˈnæl/,n.运河；水道,
614,cancel,,/ˈkæns(ə)l/,vt.取消,
615,cance,,/ˈkænsə(r)/,rn.癌,
616,candidate,,/ˈkændɪdət;(US)ˈkændɪdeɪt/,n.候选人，申请人,
617,candle,,/ˈkænd(ə)l/,n.蜡烛,
618,candy,,/ˈkændɪ/,n.糖果,
619,canteen,,/kænˈtiːn/,n.餐厅；食堂,
620,cap,,/kæp/,n.（无檐的或仅在前面有檐的）帽子；（瓶子的）盖；（钢笔等的）笔套,
621,capital,,/ˈkæpɪt(ə)l/,n.首都.省会.大写；资本,
622,capsule,,/ˈkæpsjuːl;(US)ˈkæpsl/,n.（药）胶囊,
623,captain,,/ˈkæptɪn/,n.（海军）上校；船长，舰长；队长,
624,caption,,/ˈkæpʃ(ə)n/,n.（图片，漫画等的）说明文字,
625,car,,/kɑː(r)/,n.汽车，小卧车,
626,carbon,,/ˈkɑːbən/,n.碳,
627,card,,/kɑːd/,n.卡片；名片；纸牌,
628,cardgames,,/kɑːdɡeɪm/,纸牌游戏,
629,care,,/keə(r)/,n.照料，保护；小心v.介意……，在乎；关心,
630,careful,,/ˈkeəfʊl/,a.小心，仔细，谨慎的,
631,careless,,/ˈkeəlɪs/,a.粗心的，漫不经心的,
632,carpenter,,/ˈkɑːpɪntə(r)/,n.木工，木匠,
633,carpet,,/ˈkɑːpɪt/,n.地毯,
634,carriage,,/ˈkærɪdʒ/,n.四轮马车;（火车）客车厢,
635,carrier,,/ˈkærɪə(r)/,n.搬运者；媒介;（自行车等的）置物架；（车的）货架,
636,carrot,,/ˈkærət/,n.胡萝卜,
637,carry,,/ˈkærɪ/,vt.拿，搬，带，提，抬，背，抱，运等,
638,cartoon,,/kɑːˈtuːn/,n.动画片，卡通；漫画,
639,carve,,/kɑːv/,vt.刻；雕刻,
640,case,,/keɪs/,n.情况；病例；案件；真相n.箱；盒；容器,
641,cash,,/kæʃ/,n.现金，现钞v.兑现,
642,cassettle,,/kæ'set/,n.磁带,
643,cast,(cast，cast),/kɑːst;(US)kæst/,v.扔，抛，撒,
644,castle,,/ˈkɑːs(ə)l;(US)ˈkæsl/,n.城堡,
645,casual,,/ˈkæʒʊəl/,a.漫不经心的，不经意的，非正式的,
646,cat,,/kæt/,n.猫,
647,catalogue,,/'kætəlɔg/,n.目录,
648,catastrophe,,/kəˈtæstrəfɪ/,n.灾难，灾祸，不幸事件,
649,catch,,/kætʃ/,v.接住；捉住；赶上；染上（疾病）,
650,caught,,/kætʃ/,v.接住；捉住；赶上；染上（疾病）,
651,catch,(caught),/kætʃ/,v.接住；捉住；赶上；染上（疾病）,
652,category,,/ˈkætɪɡərɪ/,n.类别，种类,
653,cater,,/ˈkeɪtə(r)/,v.提供饮食，承办酒席,
654,catholic,,/ˈkæθəlɪk/,a.天主教的,
655,cathedral,,/kəˈθiːdr(ə)l/,n.大教堂（天主教）,
656,cattle,,/ˈkæt(ə)l/,n.牛（总称），家畜,
657,cause,,/kɔːz/,n.原因，起因vt.促使，引起，使发生,
658,caution,,/ˈkɔːʃ(ə)n/,n.谨慎，小心，警告,
659,cautious,,/ˈkɔːʃəs/,a.小心的，谨慎的,
660,cave,,/keɪv/,n.洞，穴；地窖,
661,CD,,/ˌsiː'diː/,光盘(compactdisk的缩写),
662,CDROM,,/ˌsiː'diː-rɔm，rəʊm/,信息储存光盘(compactdiskreadonlymemory的缩写),
663,ceiling,,/ˈsiːlɪŋ/,n.天花板，顶棚,
664,celebrate,,/ˈselɪbreɪt/,v.庆祝,
665,celebration,,/selɪˈbreɪʃ(ə)n/,n.庆祝；庆祝会,
666,cell,,/sel/,n.（监狱的）单人牢房；（修道院等的）单人小室；（蜂巢的）小蜂窝，蜂房；［生物］细胞,
667,cellar,,/ˈselə(r)/,n.地窖；地下储藏室,
668,cent,,/sent/,n.美分（100cents＝1dollar）,
669,dollar,,/'dɔlə/,n.(美、加等国)元,
670,centigrade,,/ˈsentɪɡreɪd/,a.摄氏的,
671,centimetre,,/'sentɪˌmiːtə(r)/,(美centimeter)n.公分，厘米,
672,central,,/ˈsentr(ə)l/,a.中心，中央；主要的,
673,century,,/ˈsentʃərɪ/,n.世纪，百年,
674,ceremony,,/ˈserɪmənɪ/,n.典礼，仪式，礼节,
675,certain,,/ˈsɜːt(ə)n/,a.（未指明真实名称的）某…；确定的，无疑的；一定会…,
676,certainly,,/ˈsɜːtənlɪ/,ad.当然；一定，无疑,
677,certificate,,/səˈtɪfɪkət/,n.证明，证明书,
678,chain,,/tʃeɪn/,n.链；链条,
679,chainstore,(chainstores),/tʃeɪn stɔː(r)/,连锁店,
680,chair,,/tʃeə(r)/,n.椅子,
681,chairman,(pl.chairmen),/ˈtʃeəmən/,n.主席，会长；议长,
682,chairwoman,,/'tʃeəˌwʊmən/,n.女主席，女会长；女议长,
683,chairwoman(pl.chairwomen),,/'tʃeəˌwʊmən/,n.女主席，女会长；女议长,
684,chalk,,/tʃɔːk/,n.粉笔,
685,challenge,,/ˈtʃælɪndʒ/,n.挑战(性),
686,challenging,,/ˈtʃælɪndʒɪŋ/,a.具有挑战性的,
687,champion,,/ˈtʃæmpɪən/,n.冠军，优胜者,
688,chance,,/tʃɑːns;(US)tʃæns/,n.机会，可能性,
689,changeable,,/ˈtʃeɪndʒəb(ə)l/,a.易变的，变化无常的,
690,change,,/tʃeɪndʒ/,n.零钱；找头v.改变，变化；更换；兑换,
691,channel,,/ˈtʃæn(ə)l/,n.频道；通道；水渠,
692,chant,,/tʃɑːnt/,v./n.反复呼喊,
693,chaos,,/ˈkeɪɔs/,n.混乱，杂乱，紊乱,
694,character,,/ˈkærɪktə(r)/,n.（汉）字.字体；品格,
695,characteristic,,/kærɪktəˈrɪstɪk/,a.典型的，独特的,
696,charge,,/tʃɑːdʒ/,v.要求收费；索价；将(电池)充电n.费用；价钱,
697,chapter,,/ˈtʃæptə(r)/,n.章,
698,chart,,/tʃɑːt/,n.图表；航海图,
699,chat,,/tʃæt/,n.&vi.聊天，闲谈,
700,cheap,,/tʃiːp/,a.便宜的，贱,
701,cheat,,/tʃiːt/,n.&v.骗取，哄骗；作弊,
702,check,,/tʃek/,n.检查；批改vt.校对，核对；检查；批改,
703,cheek,,/tʃiːk/,n.面颊，脸蛋,
704,cheer,,/tʃɪə(r)/,n.&vi.欢呼；喝彩,
705,Cheerup,,/tʃɪə(r)-ʌp/,振作起来！提起精神！,
706,cheerful,,/ˈtʃɪəfʊl/,a.兴高采烈的，快活的,
707,cheers,,/tʃɪə(r)/,int.干杯，(口)谢谢，再见,
708,cheese,,/tʃiːz/,n.奶酪,
709,chef,,/ʃef/,n.厨师长，主厨,
710,chemical,,/ˈkemɪk(ə)l/,a.化学的n.化学品,
711,chemist,,/ˈkemɪst/,n.药剂师；化学家,
712,chemistry,,/ˈkemɪstrɪ/,n.化学,
713,cheque,(美check),/tʃek/,n.支票,
714,chess,,/tʃes/,n.棋,
715,chest,,/tʃest/,n.箱子；盒子；胸部,
716,chew,,/tʃuː/,vt.咀嚼,
717,chick,,/tʃɪk/,n.小鸡,
718,chicken,,/ˈtʃɪkən/,n.鸡；鸡肉,
719,chief,,/tʃiːf/,a.主要，首要的n.领导，头,
720,child,(复children),/tʃaɪld/,n.孩子，儿童,
721,childhood,,/ˈtʃaɪldhʊd/,n.幼年时代，童年,
722,chimney,,/ˈtʃɪmnɪ/,n.烟囱，烟筒,
723,China,,/ˈtʃaɪnə/,*n.中国,
724,Chinese,,/tʃaɪˈniːz/,a.中国的；中国人的；中国话的，汉语的n.中国人；中国话，汉语，中文,
725,chips,,/tʃɪp/,n.(pl.)炸土豆条（片）,
726,chocolate,,/ˈtʃɔklət/,n.巧克力,
727,choice,,/tʃɔɪs/,n.选择；抉择,
728,choir,,/ˈkwaɪə(r)/,n.合唱团，教堂的唱诗班,
729,choke,,/tʃəʊk/,n.&v.窒息,
730,choose,,/tʃuːz/,vt.选择,
731,chose,(choose的过去式),/tʃəʊz/,vt.选择,
732,chosen,(choose的过去分词),/'tʃəʊzn/,vt.选择,
733,choose,(chose，chosen),/tʃuːz/,vt.选择,
734,chopsticks,,/ˈtʃɔpstɪks/,n.筷子,
735,chorus,,/ˈkɔːrəs/,n.合唱曲，歌咏队,
736,Christian,,/ˈkrɪstɪən/,n.基督教徒和天主教徒的总称,
737,Christmas,,/ˈkrɪsməs/,n.圣诞节（12月25日）,
738,Christmascard,,/ˈkrɪsməskɑːd/,圣诞卡,
739,Christmastree,,/ˈkrɪsməstriː/,圣诞树,
740,ChristmasEve,,/ˈkrɪsməsiːv/,圣诞（前）夜,
741,church,,/tʃɜːtʃ/,n.教堂；教会,
742,cigar,,/sɪˈɡɑː(r)/,n.雪茄烟,
743,cigarette,,/sɪɡəˈret/,n.纸烟，香烟,
744,cinema,,/ˈsɪnəmə/,n.电影院；电影,
745,circle,,/ˈsɜːk(ə)l/,n./vt.圆圈将…圈起来,
746,circuit,,/ˈsɜːkɪt/,n.环形路线，巡回赛,
747,circulate,,/ˈsɜːkjʊleɪt/,v.（液体或气体）环流，循环,
748,circumstance,,/ˈsɜːkəmstəns/,n.条件，环境，状况,
749,circus,,/ˈsɜːkəs/,n.马戏团,
750,citizen,,/ˈsɪtɪz(ə)n/,n.公民；居民,
751,city,,/ˈsɪtɪ/,n.市，城市，都市,
752,civil,,/ˈsɪv(ə)l/,a.国内的；平民（非军人）的；民用的,
753,civilian,,/sɪˈvɪlɪən/,n.平民，老百姓,
754,civilization,,/sɪvɪlaɪˈzeɪʃ(ə)n;(US)sɪvəlɪˈzeɪʃən/,n.文明,
755,clap,,/klæp/,vi.拍手；鼓掌,
756,clarify,,/ˈklærɪfaɪ/,v.澄清，阐明,
757,class,,/klɑːs;(US)klæs/,n.（学校的）班；年级；课,
758,classic,,/ˈklæsɪk/,a.一流的，典型的，有代表性的,
759,classical,,/ˈklæsɪk(ə)l/,a.传统的；古典的,
760,classify,,/ˈklæsɪfaɪ/,v.分类，归类,
761,classmate,,/ˈklɑːsmeɪt/,n.同班同学,
762,classroom,,/ˈklɑːsruːm/,n.教室,
763,claw,,/klɔː/,n.爪,
764,clay,,/kleɪ/,n.黏土，陶土,
765,clean,,/kliːn/,vt.弄干净，擦干净a.清洁的，干净的,
766,cleaner,,/kliːnə(r)/,n.清洁工.，清洁器.，清洁剂,
767,clear,,/klɪə(r)/,a.清晰；明亮的；清楚的,
768,clearly,,/ˈklɪəlɪ/,ad.清楚地，无疑地,
769,clerk,,/klɑːk;(US)klərk/,n.书记员；办事员；职员,
770,clever,,/ˈklevə(r)/,a.聪明的，伶俐的,
771,click,,/klɪk/,v.点击（计算机用语）,
772,climate,,/ˈklaɪmɪt/,n.气候,
773,climb,,/klaɪm/,v.爬，攀登,
774,clinic,,/ˈklɪnɪk/,n.诊所,
775,clock,,/klɔk/,n.钟,
776,clone,,/kləʊn/,n.克隆（无性繁殖出来的有机体群）,
777,close,,/kləʊz/,a.亲密的；近，靠近ad.近，靠近vt.关，关闭,
778,cloth,,/klɔθ;(US)klɔθ/,n.布,
779,clothes,,/klɔðz;(US)kləʊz/,n.衣服；各种衣物,
780,clothing,,/ˈkləʊðɪŋ/,n.(总称)衣服,
781,cloud,,/ˈkləʊðɪŋ/,n.云；云状物；阴影,
782,cloudy,,/ˈklaʊdɪ/,a.多云的，阴天的,
783,club,,/klʌb/,n.俱乐部；纸牌中的梅花,
784,clumsy,,/ˈklʌmzɪ/,a.笨拙的，不灵巧的,
785,coach,,/kəʊtʃ/,n.教练；马车；长途车,
786,coal,,/kəʊl/,n.煤；煤块,
787,coast,,/kəʊst/,n.海岸；海滨,
788,coat,,/kəʊt/,n.外套；涂层；表皮；皮毛vt.给……穿外套；涂上,
789,cock,,/kɔk/,n.公鸡,
790,cocoa,,/ˈkəʊkəʊ/,n.可可粉,
791,coffee,,/ˈkɔfɪ;(US)ˈkɔːfɪ/,n.咖啡,
792,coin,,/kɔɪn/,n.硬币,
793,coincidence,,/kəʊɪnˈsɪdəns/,n.巧合，巧事,
794,coke,,/kəʊk/,n.可口可乐,
795,cold,,/kəʊld/,a.冷的，寒的n.寒冷；感冒，伤风,
796,cold--blooded,,/kəʊldblʌdɪd/,a.(动物)冷血的,
797,collar,,/ˈkɔlə(r)/,n.衣领；硬领,
798,colleague,,/ˈkɔliːɡ/,n.同事,
799,collect,,/kəˈlekt/,vt.收集，搜集,
800,collection,,/kəˈlekʃ(ə)n/,n.收藏品，收集物,
801,college,,/ˈkɔlɪdʒ/,n.学院；专科学校,
802,collision,,/kəˈlɪʒ(ə)n/,n.碰撞事故,
803,colour(美color),,/'kʌlə/,n.颜色vt.给…着色，涂色,
804,comb,,/kəʊm/,n.梳子v.梳,
805,combine,,/kəmˈbaɪn/,vt.使联合；使结合,
806,come,(came，come),/kʌm/,vi.来，来到,
807,comedy,,/ˈkɔmədɪ/,n.喜剧,
808,comfort,,/ˈkʌmfət/,n.安慰；慰问,
809,comfortable,,/ˈkʌmfətəb(ə)l;(US)ˈkʌmfərtəbl/,a.舒服的；安逸的；舒服自在的,
810,comma,,/ˈkɔmə/,n.逗号,
811,command,,/kəˈmɑːnd;(US)kəˈmænd/,n.&v.命令,
812,comment,,/ˈkɔment/,n.评论,
813,commit,,/kəˈmɪt/,v.犯（罪，错），自杀,
814,commitment,,/kəˈmɪtmənt/,n.承诺，允诺，承担,
815,committee,,/kəˈmɪtɪ/,n.委员会,
816,common,,/ˈkɔmən/,a.普通，一般；共有的,
817,communicate,,/kəˈmjuːnɪkeɪt/,v.交际；传达（感情，信息等）,
818,communication,,/kəmjuːnɪˈkeɪʃ(ə)n/,n.交际，交往;通讯,
819,communism,,/ˈkɔmjʊnɪz(ə)m/,n.共产主义,
820,communist,,/ˈkɔmjuːnɪst/,n.共产主义者a.共产党的；共产主义的,
821,companion,,/kəmˈpænɪən/,n.同伴；同事,
822,company,,/ˈkʌmpənɪ/,n.公司,
823,compare,,/kəmˈpeə(r)/,vt.比较，对照,
824,compass,,/ˈkʌmpəs/,n.罗盘，指南针,
825,compensate,,/ˈkɔmpenseɪt/,v.补偿，弥补,
826,compete,,/kəmˈpiːt/,vi.比赛，竞赛,
827,competence,,/ˈkɔmpətəns/,n.能力，胜任，管辖权,
828,competition,,/kɔmpəˈtɪʃ(ə)n/,n.比赛，竞赛,
829,competitor,,/kəmˈpetɪtə(r)/,n.竞赛者，比赛者,
830,complete,,/kəmˈpliːt/,a.完成vt.完成，结束,
831,complex,,/ˈkɔmpleks/,a./n.复杂的，建筑群,
832,component,,/kəmˈpəʊnənt/,n.组成部分，部件,
833,composition,,/kɔmpəˈzɪʃ(ə)n/,n.作文；作曲,
834,comprehension,,/kɔmprɪˈhenʃ(ə)n/,n.理解,
835,compromise,,/ˈkɔmprəmaɪz/,v.妥协，折中，让步,
836,compulsory,,/kəmˈpʌlsərɪ/,a.强制的，必须做的,
837,computer,,/kəmˈpjuːtə(r)/,n.电子计算机,
838,computergame,,/kəmˈpjuːtə(r)ɡeɪm/,电子游戏,
839,comrade,,/ˈkɔmrɪd;(US)ˈkɑmræd/,n.同志,
840,concentrate,,/ˈkɔnsəntreɪt/,v.聚精会神,
841,concept,,/ˈkɔnsept/,n.概念,
842,concern,,/kənˈsɜːn/,v./n.涉及，关心,
843,concert,,/ˈkɔnsət/,n.音乐会；演奏会,
844,conclude,,/kənˈkluːd/,v.完成，结束,
845,conclusion,,/kənˈkluːʒ(ə)n/,n.结论；结束,
846,concrete,,/ˈkɔŋkriːt/,a.混凝土制的,
847,condition,,/kənˈdɪʃ(ə)n/,n.条件，状况,
848,condemn,,/kənˈdem/,v.谴责，指责，宣判,
849,conduct,,/ˈkɔndʌkt/,vt.引导，带领,
850,conductor,,/kənˈdʌktə(r)/,n.管理人；指导者；（车上的）售票员，列车员；乐队指挥,
851,confident,,/ˈkɔnfɪdənt/,a.自信的,
852,confidential,,/kɔnfɪˈdenʃ(ə)l/,a.机密的，保密的,
853,conference,,/ˈkɔnfərəns/,n.(正式的)会议；讨论,
854,confirm,,/kənˈfɜːm/,v.证实，证明，确认,
855,conflict,,/ˈkɔnflɪkt/,n.冲突，争执，争论,
856,confuse,,/kənˈfjuːz/,v.使迷惑，混淆,
857,congratulate,,/kənˈɡrætjʊleɪt/,vt.祝贺,
858,congratulation,,/kənɡrætjʊˈleɪʃ(ə)n/,n.祝贺，庆贺,
859,connect,,/kəˈnekt/,v.连接，把…联系起来,
860,connection,,/kəˈnekʃ(ə)n/,n.连接物;接触，联系,
861,conscience,,/ˈkɔnʃəns/,n.良心，良知，内疚,
862,consensus,,/kənˈsensəs/,n.一致的意见，共识,
863,consequence,,/ˈkɔnsɪkwəns;(US)ˈkɔnsɪkwens/,n.结果，后果,
864,conservation,,/kɔnsəˈveɪʃ(ə)n/,n保存；（自然资源的）保护，管理,
865,conservative,,/kənˈsɜːvətɪv/,a.保守的，守旧的；保守主义的；谨慎的n.保守的人，保守主义,
866,consider,,/kənˈsɪdə(r)/,vt.考虑,
867,considerate,,/kənˈsɪdərət/,a.体贴的,
868,consideration,,/kənsɪdəˈreɪʃ(ə)n/,n.考虑；关心,
869,consist,,/kənˈsɪst/,v.包含，组成，构成,
870,consistent,,/kənˈsɪst(ə)nt/,a.一致的，始终如一的，连续的,
871,constant,,/ˈkɔnstənt/,a.经常的，不断的,
872,constitution,,/kɔnstɪˈtjuːʃ(ə)n;(US)kɔnstəˈtuːʃən/,n.宪法，章程，身体素质,
873,construct,,/kənˈstrʌkt/,v.构筑；建造，建设,
874,construction,,/kənˈstrʌkʃ(ə)n/,n.建造，建设，建筑物,
875,consult,,/kənˈsʌlt/,v.咨询，商量,
876,consultant,,/kənˈsʌltənt/,n.顾问,
877,consume,,/kənˈsʌltənt/,v.消耗，耗费（燃料，能量，时间等）,
878,contain,,/kənˈteɪn/,v.包含；包括；能容纳,
879,container,,/kənˈteɪnə(r)/,n.容器,
880,contemporary,,/kənˈtempərərɪ;(US)kənˈtempərerɪ/,a.属同时期的，同一时代的,
881,content,,/kənˈtent/,a.甘愿的，满意的n.内容,
882,continent,,/ˈkɔntɪnənt/,n.大陆，大洲；陆地,
883,continue,,/kənˈtɪnjuː/,vi.继续,
884,contradict,,/kɔntrəˈdɪkt/,v.反驳，驳斥，批驳,
885,contradictory,,/ˌkɔntrə'dɪktəri/,a.相互矛盾，对立的,
886,contrary,,/ˈkɔntrərɪ;(US)ˈkɔntrerɪ/,n./a.相反相反的,
887,contribute,,/kənˈtrɪbjuːt/,v.贡献,
888,contribution,,/kɔnˈtrɪbjuːt/,n.贡献,
889,control,,/kənˈtrol/,vt.&n.控制,
890,controversial,,/kɔntrəˈvɜːʃ(ə)l/,a.引起争论的，有争议的,
891,convenience,,/kənˈviːnɪəns/,n.便利,
892,convenient,,/kənˈviːnɪənt/,a.便利的，方便的,
893,conventional,,/kənˈvenʃən(ə)l/,a.依照惯例的，习惯的,
894,conversation,,/kɔnvəˈseɪʃ(ə)n/,n.谈话，交谈,
895,convey,,/kənˈveɪ/,v.表达，传递（思想，感情等）,
896,convince,,/kənˈvɪns/,v.使确信，使信服,
897,cook,,/kʊk/,n.炊事员，厨师v.烹调，做饭,
898,cooker,,/ˈkʊkə(r)/,n.炊具(锅、炉灶、烤炉等),
899,cookie,,/ˈkʊkɪ/,n.小甜饼,
900,cool,,/kuːl/,a.凉的，凉爽的；酷,
901,copy,,/ˈkɔpɪ/,n.抄本，副本；一本（份，册……）v.抄写；复印；（计算机用语）拷（备份盘）,
902,coral,,/ˈkɔr(ə)l;(US)ˈkɔːrəl/,n.珊瑚；珊瑚虫,
903,cordless,,/ˈkɔːdlɪs/,a.无线的,
904,corn,,/kɔːn/,n.玉米，谷物,
905,corner,,/ˈkɔːnə(r)/,n.角；角落；拐角,
906,corporation,,/kɔːpəˈreɪʃ(ə)n/,n.（大）公司,
907,correct,,/kəˈrekt/,v.改正；纠正a.正确的，对的；恰当的,
908,correction,,/kəˈrekʃ(ə)n/,n.改正,
909,correspond,,/kɔrɪˈspɔnd;(US)kɔːrəˈspɔnd/,vi.一致；与……相当；(与人)通信，有书信往来,
910,corrupt,,/kəˈrʌpt/,a./v.贪污的，腐败的，使腐化，堕落,
911,cost,(cost，cost),/kɔst;(US)kɔːst/,v.值（钱），花费n.价格,
912,cosy,,/'kəʊzi/,a.暖和舒适的，亲密无间的,
913,cottage,,/ˈkɔtɪdʒ/,n.(郊外)小屋，村舍，别墅,
914,cotton,,/ˈkɔt(ə)n/,n.棉花a.棉花的,
915,cough,,/kɔf;(US)kɔːf/,n.&vi.咳嗽,
916,could,（can的过去式）,/kʊdˈməʊd(ə)l/,v.可以…；（表示许可或请求）可以…，行,
917,count,,/kaʊnt/,vt.数，点数,
918,counter,,/ˈkaʊntə(r)/,n.柜台，结账处,
919,country,,/ˈkʌntrɪ/,n.国家；农村，乡下,
920,countryside,,/ˈkʌntrɪsaɪd/,n.乡下，农村,
921,couple,,/ˈkʌp(ə)l/,n.夫妇，一对,
922,courage,,/ˈkʌrɪdʒ/,n.勇气；胆略,
923,course,,/kɔːs/,n.过程；经过；课程,
924,court,,/kɔːt/,n.法庭；法院,
925,courtyard,,/ˈkɔːtjɑːd/,n.庭院，院子,
926,cousin,,/ˈkʌz(ə)n/,n.堂（表）兄弟，堂（表）姐妹,
927,cover,,/ˈkʌvə(r)/,n.盖子；罩v.覆盖，遮盖；掩盖,
928,cow,,/kaʊ/,n.母牛，奶牛,
929,cowboy,,/ˈkaʊbɔɪ/,n.（美国）牛仔;牧场骑士,
930,co-worker,,/ˈkəʊˈwɜːkə(r)/,n.合作者；同事,
931,crash,,/kræʃ/,v./n.碰撞，撞击,
932,crayon,,/ˈkreɪən/,n蜡笔；蜡笔画,
933,crazy,,/ˈkreɪzɪ/,a.疯狂的,
934,cream,,/kriːm/,n.奶油，乳脂,
935,create,,/kriːˈeɪt/,vt.创造；造成,
936,creature,,/ˈkriːtʃə(r)/,n.生物，动物,
937,credit,,/ˈkredɪt/,n.信用；信赖；信誉,
938,crime,,/kraɪm/,n.（法律上的）罪，犯罪,
939,criminal,,/ˈkrɪmɪn(ə)l/,n.罪犯,
940,crew,,/kruː/,n.全体船员,
941,criterion,,/kraɪˈtɪərɪən/,n.标准，准则，原则,
942,criterion,(pl.criteria),/kraɪˈtɪərɪən/,n.标准，准则，原则,
943,crop,,/krɔp/,n.庄稼；收成,
944,cross,,/krɔs/,a.脾气不好的，易怒的n.十字形的东西vt.越过；穿过,
945,crossing,,/ˈkrɔsɪŋ/,n.十字路口，人行横道,
946,crossroads,,/ˈkrɔsrəʊd/,n.交叉路口,
947,crowd,,/kraʊd/,n.人群vt.拥挤，群聚,
948,crowded,,/ˈkraʊdɪd/,a.拥挤的,
949,cruel,,/ˈkruːəl/,a.残忍的，残酷的；无情的,
950,cry,,/kraɪ/,n.叫喊；哭声v.喊叫；哭,
951,cube,,/kjuːb/,n.立方体,
952,cubic,,/ˈkjuːbɪk/,a.立方体的，立方形的,
953,cuisine,,/kwɪˈziːn/,n.饭菜，佳肴,
954,culture,,/ˈkʌltʃə(r)/,n.文化,
955,cup,,/kʌp/,n.茶杯,
956,cupboard,,/ˈkʌbəd/,n.碗柜；橱柜,
957,cure,,/kjʊə(r)/,n.&vt.治疗；医好,
958,curious,,/ˈkjʊərɪəs/,a.好奇的；奇异的,
959,currency,,/ˈkʌrənsɪ/,n.货币；现金,
960,curriculum,,/kəˈrɪkjʊləm/,n.（学校的）全部课程,
961,curtain,,/ˈkɜːt(ə)n/,n.窗帘,
962,cushion,,/ˈkʊʃ(ə)n/,n.垫子,
963,custom,,/ˈkʌstəm/,n.习惯，习俗，风俗习惯,
964,customer,,/ˈkʌstəmə(r)/,n.（商店）顾客，主顾,
965,customs,,/ˈkʌstəm/,n.海关，关税,
966,cut,(cut，cut),/kʌt/,v./n.切，剪，削，割，伤口,
967,cycle,,/ˈsaɪk(ə)l/,vi.骑自行车,
968,cyclist,,/ˈsaɪklɪst/,n.骑自行车的人,
969,dad,,/dæd/,n.（口）爸爸，爹爹,
970,dad,(daddy),/dæd/,n.（口）爸爸，爹爹,
971,daily,,/ˈdeɪlɪ/,a.每日的；日常的ad.每天n.日报,
972,dam,,/dæm/,n.水坝，堰堤,
973,damage,,/ˈdæmɪdʒ/,n.&vt.毁坏，损害,
974,damp,,/dæmp/,a.&n.潮湿（的）,
975,dance,,/dɑːns;(US)dæns/,n.&vi.跳舞,
976,danger,,/ˈdeɪndʒə(r)/,n.危险,
977,dangerous,,/ˈdeɪndʒərəs/,a.危险的,
978,dare,,/deə(r)/,v.&aux..（后接不带to的不定式；主要用于疑问，否定或条件句）敢，敢于,
979,dark,,/dɑːk/,n.黑暗；暗处；日暮a.黑暗的；暗淡的；深色的,
980,darkness,,/ˈdɑːknɪs/,n.黑暗，阴暗,
981,dash,,/dæʃ/,v.&n.快跑，冲刺，短跑,
982,data,,/ˈdeɪtə，ˈdɑːtə;(US)ˈdætə/,n.资料，数据,
983,database,,/ˈdeɪtbeɪs/,n.资料库，数据库,
984,date,,/deɪt/,n.日期；约会n.枣,
985,daughter,,/ˈdɔːtə(r)/,n.女儿,
986,dawn,,/dɔːn/,n.黎明，拂晓,
987,day,,/deɪ/,n.（一）天，（一）日；白天,
988,daylight,,/ˈdeɪlaɪt/,n.日光，白昼；黎明,
989,dead,,/ded/,a.死的；无生命的,
990,deadline,,/ˈdedlaɪn/,n.最后期限，截止日期,
991,deaf,,/def/,a.聋的,
992,deal,,/diːl/,n.量，数额；交易,
993,dear,,/dɪə(r)/,int.（表示惊愕）哎呀！唷！a.亲爱的；贵的,
994,death,,/deθ/,n.死,
995,debate,,/dɪˈbeɪt/,n.&v.讨论，辩论,
996,debt,,/det/,n.债务；欠款,
997,decade,,/ˈdekeɪd/,n.十年期,
998,December,,/dɪˈsembə(r)/,n.12月,
999,decide,,/dɪˈsaɪd/,v.决定；下决心,
1000,decision,,/dɪˈsɪʒ(ə)n/,n.决定；决心,
1001,declare,,/dɪˈkleə(r)/,vt.声明；断言,
1002,decline,,/dɪˈklaɪn/,v.减少，下降，衰退，谢绝,
1003,decorate,,/ˈdekəreɪt/,vt.装饰…，修饰…,
1004,decoration,,/dekəˈreɪʃ(ə)n/,n.装饰，修饰,
1005,decrease,,/dɪˈkriːs/,v.减少，减小，降低,
1006,deed,,/diːd/,n.行为；事迹,
1007,deep,,/diːp/,a.深ad.深；深厚,
1008,deeply,,/ˈdiːplɪ/,ad.深深地,
1009,deer,,/dɪə(r)/,n.鹿,
1010,defeat,,/dɪˈfiːt/,vt.击败；战胜,
1011,defence,(美defense),/dɪ'fens/,n.&v.防御；防务,
1012,defend,,/dɪˈfend/,vt.防守；保卫,
1013,degree,,/dɪˈɡriː/,n.程度；度数；学位,
1014,delay,,/dɪˈleɪ/,v.&n.拖延，延误，延迟，延期；耽搁,
1015,delete,,/dɪˈliːt/,v.删去,
1016,deliberately,,/dɪˈlɪbərətlɪ/,ad.故意，蓄意，存心,
1017,delicate,,/ˈdelɪkət/,a.易损的，易碎的,
1018,delicious,,/dɪˈlɪʃəs/,a.美味的，可口的,
1019,delight,,/dɪˈlaɪt/,n.快乐；乐事,
1020,delighted,,/dɪ'laɪtɪd/,a.高兴的，快乐的,
1021,deliver,,/dɪˈlɪvə(r)/,vt.投递（信件，邮包等）,
1022,demand,,/dɪˈmɑːnd;(US)dɪˈmænd/,vt.要求,
1023,dentist,,/ˈdentɪst/,n.牙科医生,
1024,department,,/dɪˈpɑːtmənt/,n.部门；（机关的）司，处；（大学的）系,
1025,department,(缩Dept.),/dɪˈpɑːtmənt/,n.部门；（机关的）司，处；（大学的）系,
1026,department-store,,/dɪˈpɑːtmənt-stɔː(r)/,n.百货商场,
1027,departure,,/dɪˈpɑːtʃə(r)/,n.离开，启程,
1028,depend,,/dɪˈpend/,vi.依靠，依赖，指望；取决于,
1029,deposit,,/dɪˈpɔzɪt/,v./n.订金，押金，放下，放置，储存,
1030,depth,,/depθ/,n.深，深度,
1031,describe,,/dɪˈskraɪb/,vt.描写，叙述,
1032,description,,/dɪˈskrɪpʃ(ə)n/,n.描述，描写,
1033,desert,,/dɪˈzɜːt/,n.沙漠vt.舍弃；遗弃,
1034,deserve,,/dɪˈzɜːv/,v.（不用于进行时态）应得，应受,
1035,design,,/dɪˈzaɪn/,n.&vt.n.设计，策划图案，图样，样式,
1036,desire,,/dɪˈzaɪə(r)/,vt.&n.要求；期望,
1037,desk,,/desk/,n.书桌，写字台,
1038,desperate,,/ˈdespərət/,a.（因绝望而）不惜冒险的，不顾一切的，拼命的,
1039,dessert,,/dɪˈzɜːt/,n.甜点,
1040,destination,,/destɪˈneɪʃ(ə)n/,n.目的地，终点,
1041,destroy,,/dɪˈstrɔɪ/,vt.破坏，毁坏,
1042,detective,,/dɪˈtektɪv/,n.侦探,
1043,determination,,/dɪtɜːmɪˈneɪʃ(ə)n/,n.决心,
1044,determine,,/dɪˈtɜːmɪn/,vt.决定；决心,
1045,develop,,/dɪˈveləp/,v.（使）发展；（使）发达；（使）发育；开发vt.冲洗（照片）,
1046,development,,/dɪˈveləpmənt/,n.发展，发达，发育，开发,
1047,devote,,/dɪˈvəʊt/,vt.把…奉献，把…专用（于）,
1048,devotion,,/dɪˈvəʊʃ(ə)n/,n.奉献，奉献精神,
1049,diagram,,/ˈdaɪəɡræm/,n.图表，图样,
1050,dial,,/ˈdaɪ(ə)l/,vt.拨（电话号码）,
1051,dialogue,,/ˈdaɪəlɔɡ/,(美dialog)n.对话,
1052,diamond,,/ˈdaɪəmənd/,n.钻石，金刚石；纸牌中的方块,
1053,diary,,/ˈdaɪərɪ/,n.日记；日记簿,
1054,dictation,,/dɪkˈteɪʃ(ə)n/,n.听写,
1055,dictionary,,/ˈdɪkʃənərɪ;(US)ˈdɪkʃənerɪ/,n.词典，字典,
1056,die,,/daɪ/,v.死,
1057,diet,,/daɪ/,n.饮食,
1058,differ,,/ˈdɪfə(r)/,v.相异，有区别,
1059,difference,,/ˈdɪfrəns/,n.不同,
1060,different,,/ˈdɪfrənt/,a.不同的，有差异的,
1061,difficult,,/ˈdɪfɪkəlt/,a.难；艰难；不易相处,
1062,difficulty,,/ˈdɪfɪkəltɪ/,n.困难，费力,
1063,dig(dug，dug),,/dɪɡ/,v.挖（洞沟），掘,
1064,digest,,/dɪˈdʒest，daɪˈdʒest/,v.消化，领会,
1065,digital,,/ˈdɪdʒɪt(ə)l/,a..数字的，数码的,
1066,dignity,,/ˈdɪɡnɪtɪ/,n.庄重，庄严，尊严。尊贵，高尚,
1067,dilemma,,/daɪˈlemə/,n.（进退两难的）窘境，困境,
1068,dimension,,/dɪˈmenʃ(ə)n/,n.量度，尺寸，面积，程度，范围,
1069,dine,,/daɪn/,v.吃饭；（指正式）进餐,
1070,dining-room,,/'daɪnɪŋ-rʊm/,食堂，饭厅,
1071,dinner,,/ˈdɪnə(r)/,n.正餐，宴会,
1072,dinosaur,,/ˈdaɪnəsɔː(r)/,n.恐龙,
1073,dioxide,,/daɪˈɔksaɪd/,n.二氧化物,
1074,dip,,/dɪp/,vt.浸，蘸；把…放入又取出,
1075,diploma,,/dɪˈpləʊmə/,n.毕业文凭；学位证书,
1076,direct,,/dɪˈrekt，daɪˈrekt/,a./vt.直接的；直达的；直截了当的指挥；指导；监督；管理；指挥（演奏）；导演（电影）,
1077,direction,,/dɪˈrekʃ(ə)n，daɪˈrekʃ(ə)n/,n.方向；方位,
1078,director,,/dɪˈrektə(r)/,n.所长，处长，主任；董事；导演,
1079,directory,,/dɪˈrektərɪ/,n.姓名地址录,
1080,dirt,,/dɜːt/,n.污物；脏物,
1081,dirty,,/ˈdɜːtɪ/,a.脏的,
1082,disability,,/dɪsəˈbɪlɪtɪ/,n..残疾；无能,
1083,disabled,,/dɪsˈeɪb(ə)ld/,a.残废的，残疾的,
1084,disadvantage,,/dɪsədˈvɑːntɪdʒ/,n.不利条件；弱点,
1085,disagree,,/dɪsəˈɡriː/,vi.意见不一致，持不同意见,
1086,disagreement,,/dɪsəˈɡriːmənt/,n.意见不一致；相违；争论,
1087,disappear,,/dɪsəˈpɪə(r)/,vi.消失,
1088,disappoint,,/dɪsəˈpɔɪnt/,vt.使失望,
1089,disappointment,,/dɪsəˈpɔɪntmənt/,n.失望；沮丧,
1090,disaster,,/dɪˈzɑːstə(r);(US)dɪzˈæstər/,n.灾难；祸患,
1091,discount,,/ˈdɪskaʊnt/,n.折扣,
1092,discourage,,/dɪˈskʌrɪdʒ/,vt.（使）气馁；打消（做…的念头）,
1093,discover,,/dɪˈskʌvə(r)/,vt.发现,
1094,discovery,,/dɪˈskʌvərɪ/,n.发现,
1095,discrimination,,/dɪskrɪmɪˈneɪʃ(ə)n/,n.歧视,
1096,discuss,,/dɪsˈkʌs/,vt.讨论，议论,
1097,discussion,,/dɪsˈkʌʃ(ə)n/,n.讨论，辩论,
1098,disease,,/dɪˈziːz/,n.病，疾病,
1099,disgusting,,/dɪsˈɡʌstɪŋ/,a.极糟的，令人不快的，令人厌恶的,
1100,dish,,/dɪʃ/,n.盘，碟；盘装菜；盘形物,
1101,disk,(disc),/dɪsk/,n.磁盘,
1102,dislike,,/dɪsˈlaɪk/,vt.不喜爱；厌恶,
1103,dismiss,,/dɪsˈmɪs/,vt.让……离开；遣散；解散；解雇,
1104,disobey,,/dɪsəˈbeɪ/,vt.不服从,
1105,distance,,/ˈdɪstəns/,n.距离,
1106,distant,,/ˈdɪst(ə)nt/,a.远的，遥远的,
1107,distinction,,/dɪˈstɪŋkʃ(ə)n/,n.差别，区别，优秀，卓越,
1108,distinguish,,/dɪˈstɪŋɡwɪʃ/,v.区分，辨别，分清,
1109,distribute,,/dɪˈstrɪbjuːt/,v.分发，分配,
1110,district,,/ˈdɪstrɪkt/,n.区；地区；区域,
1111,disturb,,/dɪˈstɜːb/,vt.扰乱；打扰,
1112,disturbing,,/dɪˈstɜːbɪŋ/,a.令人不安的，引起恐慌的,
1113,dive,,/daɪv/,vi.跳水,
1114,diverse,,/daɪˈvɜːs/,v.不同的，多种多样，形形色色的,
1115,divide,,/dɪˈvaɪd/,vt.分，划分,
1116,division,,/dɪˈvɪʒ(ə)n/,n.（算术用语）除,
1117,divorce,,/dɪˈvɔːs/,v.离婚,
1118,dizzy,,/ˈdɪzɪ/,a.头眩目晕的,
1119,do,,/dʊ，duː/,v.&aux.做，干,
1120,did,,/dɪd/,v.&aux.(do的过去式)做，干,
1121,done,(do的过去分词),/dʌn/,v.&aux.做，干,
1122,don't,(do not),/dəʊnt/,不做，不干,
1123,doctor,,/ˈdɔktə(r)/,n.医生，大夫；博士,
1124,document,,/ˈdɔkjʊmənt/,n.文件；文献,
1125,does,,/dʌz/,do的第三人称单数现在式,
1126,dog,,/dɔɡ;(US)dɔːɡ/,n.狗,
1127,doll,,/dɔl;(US)dɔːl/,n.玩偶，玩具娃娃,
1128,dollar,,/dɔl;(US)dɔːl/,n.元（美国、加拿大、澳大利亚等国货币单位）,
1129,door,,/dɔː(r)/,n.门,
1130,dormitory,(缩写式dorm),/ˈdɔːmɪtərɪ;(US)ˈdɔːrmɪtɔːrɪ/,n.学生宿舍,
1131,dot,,/dɔt/,n.点，小点，圆点,
1132,double,,/ˈdʌb(ə)l/,a.两倍.双的n.两个.双,
1133,doubt,,/daʊt/,n.&v.怀疑，疑惑,
1134,down,,/daʊn/,prep.沿着，沿…而下ad.向下,
1135,download,,/'daʊnləʊd/,n.&v.下载,
1136,downstairs,,/ˈdaʊnsteəz/,ad.在楼下；到楼下,
1137,downtown,,/ˈdaʊntaʊn/,ad.往或在城市的商业区（或中心区、闹市区）n.城市的商业区，中心区，闹市区,
1138,downward,,/ˈdaʊnwəd/,ad.向下,
1139,dozen,,/ˈdaʊnwəd/,n.十二个；几十，许多,
1140,Dr,(缩Doctor),//,n.医生，大夫；博士,
1141,draft,,/drɑːft;(US)dræft/,n./v.草稿，草案，起草，草拟,
1142,drag,,/dræɡ/,v.拖；拽,
1143,draw,,/drɔː/,v.绘画；绘制；拉，拖；提取（金钱）,
1144,drew,,/drɔː/,v.绘画；绘制；拉，拖；提取（金钱）,
1145,drawn,,/drɔː/,v.绘画；绘制；拉，拖；提取（金钱）,
1146,draw,(drew，drawn),/drɔː/,v.绘画；绘制；拉，拖；提取（金钱）,
1147,drawback,,/ˈdrɔːbæk/,n.缺点，不利条件,
1148,drawer,,/ˈdrɔːə(r)/,n.抽屉,
1149,drawing,,/ˈdrɔːɪŋ/,n.图画，素描，绘画,
1150,dream,,/driːm/,n.&vt.梦，梦想,
1151,dream,(dreamt或--ed),/driːm/,n.&vt.梦，梦想,
1152,dress,,/dres/,n.女服，连衣裙；(统指)服装；童装v.穿衣；穿着,
1153,drier,(dryer),/ˈdraɪə(r)/,n.烘干机；吹风机,
1154,drill,,/drɪl/,n.钻头；（反复的）训练vt.钻(孔)，在…上钻孔；重复训练,
1155,drink,,/drɪŋk/,n.饮料；喝酒,
1156,drink,,/drɪŋk/,v.喝，饮,
1157,drank,,/drɪŋk/,v.喝，饮,
1158,drunk,,/drɪŋk/,v.喝，饮,
1159,drink,(drank，drunk),/drɪŋk/,v.喝，饮,
1160,drive,,/draɪv/,v.驾驶，开（车）；驱赶,
1161,drove,,/draɪv/,v.驾驶，开（车）；驱赶,
1162,driven,,/draɪv/,v.驾驶，开（车）；驱赶,
1163,drive,(drove，driven),/draɪv/,v.驾驶，开（车）；驱赶,
1164,driver,,/ˈdraɪvə(r)/,n.司机，驾驶员,
1165,drop,,/drɔp/,n.滴v.掉下.落下.投递.放弃,
1166,drown,,/draʊn/,vi.溺死；淹没,
1167,drug,,/drʌɡ/,n.药，药物；毒品,
1168,drum,,/drʌm/,n.鼓,
1169,drunk,,/drʌŋk/,a.醉的,
1170,dry,,/draɪ/,v.使…干；弄干；擦干a.干的；干燥的,
1171,duck,,/dʌk/,n.鸭子,
1172,due,,/djuː;(US)duː/,a.预期的；约定的,
1173,dull,,/dʌl/,a.阴暗的；单调无味,
1174,dumpling,,/ˈdʌmplɪŋ/,n.饺子,
1175,during,,/ˈdjʊərɪŋ;(US)ˈdʊərɪŋ/,prep.在…期间；在…过程中,
1176,dusk,,/dʌsk/,n.黄昏,
1177,dust,,/dʌst/,n.灰尘，尘土,
1178,dustbin,,/ˈdʌstbɪn/,n.垃圾箱,
1179,dusty,,/ˈdʌstɪ/,a.尘土般的，尘土多的,
1180,duty,,/ˈdjuːtɪ;(US)ˈduːtɪ/,n.责任，义务,
1181,DVD,(digital versatile disk),/'diː'viː'diː/,数码影碟,
1182,Dynamic,,/daɪˈnæmɪk/,a.充满活力，精力充沛的,
1183,Dynasty,,/ˈdɪnəstɪ;(US)ˈdaɪnəstɪ/,n.王朝，朝代,
1184,each,,/iːtʃ/,a.&pron.每人.每个.每件,
1185,eager,,/ˈiːɡə(r)/,a.渴望的，热切的,
1186,eagle,,/ˈiːɡ(ə)l/,n.鹰,
1187,ear,,/ɪə(r)/,n.耳朵.耳状物；听力，听觉,
1188,early,,/ɜːlɪ/,a.早的ad.早地,
1189,earn,,/ɜːn/,vt.挣得，赚得,
1190,earth,,/ɜːθ/,n.地球；土，泥；大地,
1191,earthquake,,/ˈɜːθkweɪk/,n.地震,
1192,ease,,/iːz/,v.减轻；缓解（难度或严重程度）,
1193,easily,,/ˈiːzɪlɪ/,ad.容易地,
1194,east,,/iːst/,a.东方；东部的；朝东的；从东方来ad.在东方；向东方；从东方n.东，东方；东部,
1195,Easter,,/ˈiːstə(r)/,n.复活节,
1196,eastern,,/ˈiːst(ə)n/,a.东方的；东部的,
1197,eastwards,,/ˈiːstwədz/,ad.向东,
1198,easy,,/ˈiːzɪ/,a.容易的，不费力的,
1199,easy--going,,/ˈiːzɪ-ˈɡəʊɪŋ/,a.随和的,
1200,eat,,/iːt/,v.吃,
1201,ate,(eat的过去式),/eɪt/,v.吃,
1202,eaten,(eat的过去分词),/'iːtn/,v.吃,
1203,eat,(ate，eaten),/iːt/,v.吃,
1204,ecology,,/ɪˈkɔlədʒɪ/,n.生态，生态学,
1205,edge,,/edʒ/,n.边缘,
1206,edition,,/ɪˈdɪʃ(ə)n/,n.（发行物的）版，版（本）,
1207,editor,,/ˈedɪtə(r)/,n.编辑,
1208,educate,,/ˈedjʊkeɪt/,vt.教育，培养,
1209,educator,,/'edjuːkeɪtə(r)/,n.教育家,
1210,education,,/edjʊˈkeɪʃ(ə)n/,n.教育，培养,
1211,effect,,/ɪˈfekt/,n.效果；作用,
1212,effort,,/ˈefət/,n.努力，艰难的尝试,
1213,egg,,/eɡ/,n.蛋；卵,
1214,eggplant,,/ˈeɡplɑːnt/,n.茄子,
1215,Egypt,,/ˈiːdʒɪpt/,n.埃及,
1216,Egyptian,,/ɪˈdʒɪpʃ(ə)n/,a.埃及的；埃及人的；埃及语的n.埃及人,
1217,eight,,/eɪt/,num.八,
1218,eighteen,,/ˈeɪˈtiːn/,num.十八,
1219,eighth,,/eɪtθ/,num.第八,
1220,eighty,,/ˈeɪtɪ/,num.八十,
1221,either,,/ˈaɪðə(r)/,a.两方任一方的；二者之一conj.二者之一；要么……,
1222,ad.,,/æd/,(用于否定句或短语后)也,
1223,elder,,/ˈeldə(r)/,n.长者；前辈,
1224,elect,,/ɪˈlekt/,vt.（投票）选举,
1225,electric,,/ɪˈlektrɪk/,a.电的,
1226,electrical,,/ɪˈlektrɪk(ə)l/,a.电的；电器的,
1227,electricity,,/ɪlekˈtrɪsɪtɪ/,n.电；电流,
1228,electronic,,/ɪlekˈtrɔnɪk/,a.电子的,
1229,elegant,,/ˈelɪɡənt/,a.文雅的，漂亮的，精美的,
1230,elephant,,/ˈelɪfənt/,n.象,
1231,eleven,,/ɪˈlev(ə)n/,num.十一,
1232,else,,/els/,ad.别的，其他的,
1233,e-mail/e,,/iː-meɪl/,]n.电子邮件,
1234,embarrass,,/ɪmˈbærəs/,v.使窘迫，尴尬,
1235,embassy,,/ˈembəsɪ/,n.大使馆,
1236,emergency,,/ɪˈmɜːdʒənsɪ/,n.紧急情况或状态,
1237,emperor,,/ˈempərə(r)/,n.皇帝,
1238,empire,,/ˈempaɪə(r)/,n.帝国,
1239,employ,,/ɪmˈplɔɪ/,vt.雇佣,
1240,empty,,/ˈemptɪ/,a.空的,
1241,encourage,,/ɪnˈkʌrɪdʒ/,vt.鼓励,
1242,encouragement,,/ɪnˈkʌrɪdʒmənt/,n.鼓励,
1243,end,,/end/,n.末尾；终点；结束v.结束，终止,
1244,ending,,/ˈendɪŋ/,n.结局；结尾，最后,
1245,endless,,/ˈendlɪs/,a.无止境的；没完的,
1246,enemy,,/ˈenɪmɪ/,n.敌人；敌军,
1247,energetic,,/enəˈdʒetɪk/,a.精力旺盛的,
1248,energ,,/ˈenədʒɪ/,yn.精力，能量,
1249,engine,,/ˈendʒɪn/,n.发动机，引擎,
1250,engineer,,/endʒɪˈnɪə(r)/,n.工程师；技师,
1251,England,,/ˈɪŋɡlənd/,n.英格兰,
1252,English,,/ˈɪŋɡlɪʃ/,a.英国的，英国人的，英语的n.英语,
1253,English-speaking,,/ˈɪŋɡlɪʃ-spiːk/,a.说英语的,
1254,enjoy,,/ɪnˈdʒɔɪ/,vt.欣赏；享受乐趣；喜欢,
1255,enjoyable,,/ɪnˈdʒɔɪəb(ə)l/,a.愉快的；有趣的,
1256,enlarge,,/ɪnˈlɑːdʒ/,vt.扩大,
1257,enough,,/ɪˈnʌf/,n.足够；充足a.足够；充分的ad.足够地；充分地,
1258,enquiry,,/ɪnˈkwaɪərɪ/,n.询问,
1259,enter,,/ˈentə(r)/,vt.进入,
1260,enterprise,,/ˈentəpraɪz/,n.公司，企，事业单位,
1261,entertainment,,/entəˈteɪnmənt/,n.娱乐,
1262,enthusiastic,,/ɪnθjuːzɪˈæstɪk/,a.热情的，热心的,
1263,entire,,/ɪnˈtaɪə(r)/,a.整个的，全部的,
1264,entrance,,/ˈentrəns/,n.入口；入场；进入的权利;入学许可,
1265,entry,,/ˈentrɪ/,n.进入,
1266,envelope,,/ˈenvələʊp/,n.信封,
1267,environment,,/ɪnˈvaɪərənmənt/,n.环境,
1268,envy,,/ˈenvɪ/,vt.&n.忌妒；羡慕,
1269,equal,,/ˈiːkw(ə)l/,a.平等的vt.等于，使等于,
1270,equality,,/iːˈkwɔlətɪ/,n.平等,
1271,equip,,/ɪˈkwɪp/,vt.提供设备；装备；配备,
1272,equipment,,/ɪˈkwɪpmənt/,n.装备，设备,
1273,eraser,,/ɪˈreɪzə(r)/,n.橡皮擦；黑板擦,
1274,error,,/ˈerə(r)/,n.错误；差错,
1275,erupt,,/ɪˈrʌpt/,v.（火山）爆发，喷发,
1276,escape,,/ɪˈskeɪp/,n.&vi.逃跑；逃脱,
1277,especially,,/ɪˈspeʃəlɪ/,ad.特别，尤其,
1278,essay,,/ˈeseɪ/,n.散文；文章；随笔,
1279,Europe*,,/ˈjʊərəp/,n.欧洲,
1280,European,,/jʊərəˈpiːən/,a.欧洲的，欧洲人的n.欧洲人,
1281,evaluate,,/ɪˈvæljʊeɪt/,v.估值，评价，评估,
1282,even,,/ˈiːv(ə)n/,ad.甚至，连（…都）；更,
1283,evening,,/ˈiːvnɪŋ/,n.傍晚，晚上,
1284,event,,/ɪ'vent/,n.事件，大事,
1285,eventually,,/ɪˈventjʊəlɪ/,ad.最终地,
1286,ever,,/ˈevə(r)/,ad.曾经；无论何时,
1287,every,,/ˈevrɪ/,a.每一，每个的,
1288,everyday,,/ˈevrɪbɔdɪ/,a.每日的；日常的,
1289,everyone,,/ˈevrɪwʌn/,pron.每人，人人,
1290,everything,,/ˈevrɪθɪŋ/,pron.每件事，事事,
1291,everywhere,,/ˈevrɪweə(r)/,ad.到处,
1292,evidence,,/ˈevɪdəns/,n.证据，证明,
1293,evident,,/ˈevɪdənt/,a.清楚的，显而易见的,
1294,evolution,,/iːvəˈluːʃ(ə)n;(US)ev-/,n.进化，演变,
1295,exact,,/ɪɡˈzækt/,a.精确的；确切的,
1296,exactly,,/ex'act·ly/,ad.精确地；确切地,
1297,exam,(examination),/ɪɡzæmɪˈneɪʃ(ə)n/,n.考试，测试；检查；审查,
1298,examine,,/ɪɡˈzæmɪn/,vt.检查；诊察,
1299,example,,/ɪɡˈzɑːmp(ə)l;(US)ɪɡˈzæmpl/,n.例子；榜样,
1300,excellent,,/ˈeksələnt/,a.极好的，优秀的,
1301,except,,/ɪkˈsept/,prep.除……之外,
1302,exchange,,/ɪksˈtʃeɪndʒ/,n.交换，掉换；交流,
1303,excite,,/ɪkˈsaɪt/,vt.使兴奋，使激动,
1304,excuse,,/ɪkˈskjuːz/,n.借口.辩解vt.原谅.宽恕,
1305,exercise,,/ˈeksəsaɪz/,n.锻炼，做操；练习，习题vi.锻炼,
1306,exhibition,,/eksɪˈbɪʃ(ə)n/,n.展览；展览会,
1307,exist,,/ɪg'zɪst/,vi.存在,
1308,existence,,/ɪɡˈzɪst(ə)ns/,n.存在；生存；存在物,
1309,exit,,/ˈeksɪt/,n.出口，太平门,
1310,expand,,/ɪkˈspænd/,v.扩大，增加，扩展,
1311,expect,,/ɪkˈspekt/,vt.预料；盼望；认为,
1312,expectation,,/ekspekˈteɪʃ(ə)n/,n.预料；期望,
1313,expense,,/ɪkˈspens/,n.消费；支出,
1314,expensive,,/ɪkˈspensɪv/,a.昂贵的,
1315,experience,,/ɪkˈspɪərɪəns/,n.经验；经历,
1316,experiment,,/ɪkˈsperɪmənt/,n.实验,
1317,expert,,/ˈekspɜːt/,n.专家，能手,
1318,explain,,/ɪksˈpleɪn/,vt.解释，说明,
1319,explanation,,/ekspləˈneɪʃ(ə)n/,n.解释，说明,
1320,explicit,,/ɪkˈsplɪsɪt/,a.清楚明白，易于理解的,
1321,explode,,/ɪkˈspləʊd/,v.（使）爆炸,
1323,explore,,/ɪkˈsplɔː(r)/,v.探险,
1324,explorer,,/ɪkˈsplɔːrə(r)/,n.探险者,
1325,export,,/ɪkˈspɔːt/,n./v.出口，输出,
1326,expose,,/ɪkˈspəʊz;(US)ekspəˈzeɪ/,vt.揭露,
1327,express,,/ɪkˈspres/,vt.表达；表示；表情n.快车，特快专递,
1328,expression,,/ɪkˈspreʃ(ə)n/,n.表达；词句；表示，说法；表情,
1329,extension,,/ɪkˈstenʃ(ə)n/,n.扩大，延伸,
1330,extra,,/ˈekstrə/,a.额外的，外加的,
1331,extraordinary,,/ɪkˈstrɔːdɪnərɪ;(US)-dənerɪ/,a.离奇的；使人惊奇的,
1332,extreme,,/ɪkˈstriːm/,a.极其的，非常的,
1333,extremely,,/ɪkˈstriːmlɪ/,ad.极其，非常,
1334,eye,,/aɪ/,n.眼睛,
1335,eyesight,,/ˈaɪsaɪt/,n.视力；视觉,
1336,eyewitness,,/ˈaɪwɪtnɪs/,n.目击证人,
1337,f,,//,f(缩)＝female(或＝foot，feet)[ef]n.女(的)；雌(的)；英尺,
1338,face,,/feɪs/,n.脸vt.面向；面对,
1339,facial,,/ˈfeɪʃ(ə)l/,a.面部用的,
1340,fact,,/fækt/,n.事实，现实,
1342,fade,,/feɪd/,vi.褪色，（颜色）消退,
1343,fail,,/feɪl/,v.失败；不及格；衰退,
1344,failure,,/ˈfeɪljə(r)/,n.失败,
1345,fair,,/feə(r)/,a.公平的，合理的a.(肤色)白皙的；（人）白肤金发的n.集市；庙会；展览会,
1346,fairly,,/ˈfeəlɪ/,ad.公正地，正当地；相当（程度）地,
1347,fairness,,/'feənɪs/,n.公平；公正,
1348,faith,,/feɪθ/,n.信仰；信念,
1349,fall,,/fɔːl/,n.（美）秋季,
1350,fall,(fell，fallen),/fɔːl/,vi.落（下），降落；倒,
1351,FALSE,,/fɔːls/,a.不正确的；假的,
1352,familiar,,/fəˈmɪlɪə(r)/,a.熟悉的,
1353,family,,/ˈfæmɪlɪ/,n.家庭；家族；子女,
1355,famous,,/ˈfeɪməs/,a.著名的,
1356,fan,,/fæn/,n.（电影、运动等的）迷；热心的爱好者（支持者）n.风扇,
1357,fancy,,/ˈfænsɪ/,a.花式；装饰的；奇特的,
1358,fantasy,,/ˈfæntəsɪ/,n幻想，梦想,
1359,far,(farther，farthest或further，furthest),/fɑː(r)/,a.&ad.远的；远地,
1360,fare,,/feə(r)/,n.（车或船的）费用，票（价）,
1361,farm,,/fɑːm/,n.农场；农庄,
1362,farmer,,/ˈfɑːmə(r)/,n.农民,
1363,fast,,/fɑːst;(US)fæst/,a.快的，迅速的；紧密的ad.快地，迅速地；紧密地,
1364,fasten,,/ˈfɑːs(ə)n;(US)fæsn/,vt.扎牢；扣住,
1365,fat,,/fæt/,n.脂肪a.胖的；肥的,
1366,father,,/ˈfɑːðə(r)/,n.父亲,
1367,fault,,/fɔːlt/,n.缺点，毛病,
1368,favour,,/'feɪvə/,(美favor)n.恩惠；好意；帮助,
1369,favourite,(美favorite),/'feɪvərɪt/,a.喜爱的n.特别喜爱的人（或物）,
1370,fax,,/fæks/,n.传真,
1371,fear,,/fɪə(r)/,n.害怕；恐惧；担忧,
1372,feast,,/fiːst/,n.盛宴，宴会，（宗教的）节日,
1373,feather,,/ˈfeðə(r)/,n.羽毛,
1374,February,,/'febrʊəri/,n.2月,
1375,federa,,/ˈfedər(ə)l/,la.中央的（政府）联邦的,
1376,fee,,/fiː/,n.费，费用,
1377,feed,(fed，fed),/fiːd/,vt.喂（养）；饲（养）,
1378,feel,(felt，felt),/fiːl/,v.&link感觉，觉得；摸，触,
1379,feeling,,/ˈfiːlɪŋ/,n.感情；感觉,
1380,fellow,,/ˈfeləʊ/,n.同伴；伙伴,
1381,female,,/ˈfiːmeɪl/,a.女的；女性的；雌性的,
1382,fence,,/fens/,n.栅栏；围栏；篱笆,
1383,ferry,,/ˈferɪ/,n.渡船,
1384,festival,,/ˈfestɪvəl/,a.节日的，喜庆的,
1385,fetch,,/fetʃ/,vt.（去）取（物）来，（去）带（人）来,
1386,fever,,/ˈfiːvə(r)/,n.发烧；发热,
1387,few,,/fjuː/,pron.不多；少数不多的；少数的,
1388,fibre,,/'faɪbə/,(美fiber)n.纤维质,
1389,fiction,,/ˈfɪkʃ(ə)n/,n.小说，虚构的事,
1390,field,,/fiːld/,n.田地；牧场；场地,
1391,fierce,,/ˈfɪəs/,a.猛烈的,
1392,fifteen,,/fɪfˈtiːn/,num.十五,
1393,fifth,,/fɪfθ/,num.第五,
1394,fifty,,/ˈfɪftɪ/,num.五十,
1395,fight,,/faɪt/,n.打仗（架），争论,
1396,fight,(fought，fought),/faɪt/,n.打仗（架），与……打仗（架）,
1397,fighter,,/ˈfaɪtə(r)/,v.战士；斗士,
1398,figure,,/ˈfɪɡə(r);(US)ˈfɪgjər/,n.数字；数目；图；图形；（人的）身型；人物；（绘画、雕刻）人物像,
1399,file,,/faɪl/,n.公文柜；档案(计算机)文档,
1400,fill,,/fɪl/,vt.填空，装满,
1401,film,,/fɪlm/,n.电影；影片；胶卷vt.拍摄，把……拍成电影,
1402,final,,/ˈfaɪn(ə)l/,a.最后的；终极的,
1403,finance,,/ˈfaɪnæns/,n.资金，财政，财务,
1404,find,(found，found),/faɪnd/,vt.找到，发现，感到,
1405,fine,,/faɪn/,a.细的；晴朗的；美好的；（身体）健康的n.&v.罚款,
1406,finger,,/ˈfɪŋɡə(r)/,n.手指,
1407,fingernail,,/ˈfɪŋɡəneɪl/,n.指甲,
1408,finish,,/ˈfɪnɪʃ/,v.结束；做完,
1409,fire,,/ˈfaɪə(r)/,n.火；火炉；火灾vi.开火，开（枪，炮等），射击,
1410,fireplace,,/ˈfaɪəpleɪs/,n.壁炉,
1411,firewood,,/'faɪrwʊd/,n.木柴,
1412,firework,,/ˈfaɪəwɜːk/,n.焰火,
1413,firm,,/fɜːm/,n.公司;企业a.坚固的，坚定的,
1414,firmly,,/ˈfɜːmlɪ/,ad.牢牢地,
1415,first,,/fɜːst/,num.第一a.&ad.第一；首次；最初n.开始；开端,
1416,fish,,/fɪʃ/,n.鱼；鱼肉vi.钓鱼；捕鱼,
1417,fisherman,,/ˈfɪʃəmən/,n.渔民；钓鱼健身者,
1418,fist,,/fɪst/,n.拳(头),
1419,fit,,/fɪt/,a.健康的，适合的v.（使）适合，安装,
1420,fittingroom,,/ˈfɪtɪŋ-rʊm/,]试衣间,
1421,five,,/faɪv/,num.五,
1422,fix,,/fɪks/,vt.修理；安装；确定，决定,
1423,flag,,/flæɡ/,n.旗；标志；旗舰,
1424,flame,,/fleɪm/,n.火焰，光辉,
1425,flaming,,/ˈfleɪmɪŋ/,a.火红的；火焰般的,
1426,flash,,/flæʃ/,n.闪；闪光；转瞬间,
1427,flashlight,,/flæʃ/,n.手电,
1428,flat,,/flæt/,a.平的n.楼中一套房间；公寓(常用复数),
1429,flee,(fled，fled),/fliː/,v.逃走；逃跑,
1430,flexible,,/'fleksəbl/,a.灵活的，可变动的,
1431,flesh,,/fleʃ/,n.肉,
1432,flight,,/flaɪt/,n.航班n.楼梯的一段,
1433,float,,/fləʊt/,vi.漂浮，浮动,
1434,flood,,/flʌd/,n.洪水vt.淹没，使泛滥,
1435,floor,,/flɔː(r)/,n.地面，地板.（楼房的）层,
1436,flour,,/ˈflaʊə(r)/,n.面粉，粉,
1437,flow,,/fləʊ/,vi.流动,
1438,flower,,/ˈflaʊə(r)/,n.花,
1439,flu,,/fluː/,n.流行性感冒,
1440,fluency,,/'flʊənsi/,n.（外语）流利，流畅,
1441,fluent,,/ˈfluːənt/,a.（外语）流利的，流畅,
1442,fly,,/ˈfluːənt/,n.飞行；苍蝇,
1443,fly,(flew，flown),/flaɪ/,vi.（鸟、飞机）飞；（人乘飞机）飞行；（旗子等）飘动vt.空运（乘客，货物等）；放（风筝、飞机模型等）,
1444,focus,,/ˈfəʊkəs/,v./n.集中（注意力，精力）于，焦点，中心点,
1445,fog,,/fɔɡ/,n.雾,
1446,foggy,,/ˈfɔɡɪ/,a.多雾的,
1447,fold,,/fəʊld/,vt.折叠；合拢,
1448,folk,,/fəʊk/,a.民间的,
1449,follow,,/ˈfɔləʊ/,vt.跟随；仿效；跟得上,
1450,following,,/ˈfɔləʊwɪŋ/,a.接着的；以下的,
1451,fond,,/fɔnd/,a.喜爱的，爱好的,
1452,food,,/fɔnd/,n.食物，食品,
1453,fool,,/fuːl/,n.傻子，蠢人,
1454,foolish,,/ˈfuːlɪʃ/,a.愚蠢的，傻的,
1455,foot,(复feet),/fʊt/,n.足，脚；英尺,
1456,football,,/ˈfʊtbɔːl/,n.（英式）足球；（美式）橄榄球,
1457,for,,/fə(r)，fɔː(r)/,prep.为了…；向…，往…；与…交换；防备…；适合…；因为…；在…期间；对于…；对…来说conj.因为，由于,
1458,forbid,(forbade，forbidden),/fəˈbɪd/,vt.禁止，不许,
1459,force,,/fɔːs/,vt.强迫，迫使,
1460,forecast,,/ˈfɔːkɑːst;(US)ˈfɔrkæst/,n.&vt.预告,
1461,forehead,,/ˈfɔrɪd;(US)ˈfɔːrɪd/,n.前额,
1462,foreign,,/ˈfɔrən;(US)ˈfɔːrɪn/,a.外国的,
1463,foreigner,,/ˈfɔrənə(r)/,n.外国人,
1464,foresee,(foresaw，foreseen),/fɔːˈsiː/,vt.预见.预知,
1465,forest,,/ˈfɔrɪst;(US)ˈfɔːrɪst/,n.森林,
1466,forever,,/fəˈrevə(r)/,ad.永远；永恒的,
1467,forget,(forgot，forgotten),/fəˈrevə(r)/,v.忘记；忘掉,
1468,forgetful,,/fəˈɡetfʊl/,a.健忘的，不留心的,
1469,forgive,(forgave，forgiven),/fəˈɡɪv/,vt.原谅，宽恕,
1470,fork,,/fɔːk/,n.叉，餐叉,
1471,form,,/fɔːm/,n.表格；形式；结构,
1472,format,,/ˈfɔːmæt/,n.安排，计划，设计,
1473,former,,/ˈfɔːmə(r)/,a.以前的，从前的；（两者之中的）前者,
1474,fortnight,,/ˈfɔːtnaɪt/,n.十四日，两星期,
1475,fortunate,,/ˈfɔːtʃənət/,a.幸运的；侥幸的,
1476,fortune,,/ˈfɔːtjuːn，ˈfɔːtʃuːn/,n.财产；运气,
1477,forty,,/ˈfɔːtɪ/,num.四十,
1478,forward,,/ˈfɔːwəd/,ad.将来.今后.向前，前进,
1479,found,,/faʊnd/,vt.成立，建立,
1480,founding,,/'faʊndɪŋ/,n.成立，建立,
1481,fountain,,/ˈfaʊntɪn;(US)ˈfaʊntn/,n.喷泉,
1482,four,,/fɔː(r)/,num.四,
1483,fourteen,,/ˈfɔːˈtiːn/,num.十四,
1484,fourth,,/ˈfɔːˈtiːn/,num.第四,
1485,fox,,/fɔks/,n.狐狸,
1486,franc,,/fræŋk/,n.法郎,
1487,France*,,/fræns/,n.法国,
1488,fragile,,/ˈfrædʒaɪl;(US)ˈfrædʒl/,a.易碎的，易损的,
1489,fragrant,,/ˈfreɪɡrənt/,a.香的，芳香的,
1490,framework,,/ˈfreɪmwɜːk/,n.（建筑物）框架，结构,
1491,free,,/friː/,a.自由，空闲的；免费的,
1492,freedom,,/ˈfriːdəm/,n.自由,
1493,freeway,,/ˈfriːweɪ/,n.高速公路,
1494,freeze,(froze，frozen),/friːz/,vi.结冰,
1495,freezing,,/'friːzɪŋ/,a.冻结的；极冷的,
1496,French,,/frentʃ/,n.法语a法国的；法国人的；法语的,
1497,Frenchman,,/ˈfrentʃmən/,(复Frenchmen)n.法国人（男）,
1498,frequent,,/ˈfriːkwənt/,a.经常的；频繁的,
1499,fresh,,/freʃ/,a.新鲜的,
1500,Friday,,/ˈfraɪdɪ/,n.星期五,
1501,friction,,/ˈfrɪkʃ(ə)n/,n.摩擦,
1502,fridge,refrigerator,/rɪˈfrɪdʒəreɪtə(r)/,n.冰箱,
1503,fried,,/fraɪd/,a.油煎的,
1504,friend,,/frend/,n.朋友,
1505,friendly,,/ˈfrendlɪ/,a.友好的,
1506,friendship,,/ˈfrendʃɪp/,n.友谊，友情,
1507,fright,,/fraɪt/,n.惊恐；恐吓,
1508,frighten,,/ˈfraɪt(ə)n/,vt.使惊恐，吓唬,
1509,frog,,/frɔɡ;(US)frɔːɡ/,n.青蛙,
1510,from,,/frəm，frɔm/,prep.从；从…起.距.来自,
1511,front,,/frʌnt/,a.前面的；前部的n.前面；前部；前线,
1512,frontier,,/ˈfrʌntɪə(r);(US)frʌnˈtɪər/,n.前沿，边界；前线,
1513,frost,,/frɔst;(US)frɔːst/,n.霜,
1514,fruit,,/fruːt/,n.水果；果实,
1515,fruitjuice,,/fruːtdʒuːs/,n.果汁,
1516,fry,,/fraɪ/,vt.用油煎；用油炸,
1517,fuel,,/fjuːəl/,n.燃料,
1518,full,,/fʊl/,a.满的，充满的；完全的,
1519,fun,,/fʌn/,n.有趣的事，娱乐，玩笑,
1520,function,,/'fʌŋkʃən/,n./v.作用，功能，运转,
1521,fundamental,,/fʌndəˈment(ə)l/,a.十分重大的，根本的,
1522,funeral,,/ˈfjuːˈnər(ə)l/,n.葬礼,
1523,funny,,/ˈfʌnɪ/,a.有趣的，滑稽可笑的,
1524,fur,,/fɜː(r)/,n.毛皮；皮子,
1525,furnished,,/'fɜːnɪʃt/,a.配备了家具的,
1526,furniture,,/ˈfɜːnɪtʃə(r)/,n.（总称）家具,
1527,future,,/ˈfjuːtʃə(r)/,n.将来,
1528,gain,,/ɡeɪn/,vt.赢得；挣得,
1529,gale,,/ɡeɪl/,n.强风（约每小时60英里）,
1530,gallery,,/ˈɡælərɪ/,n.画廊；美术品陈列室,
1531,gallon,,/ˈɡælən/,n.加仑,
1532,game,,/ɡeɪm/,n.游戏；运动；比赛,
1533,garage,,/ˈɡærɑːʒ，-rɪdʒ;(US)ɡəˈrɑːʒ/,n.汽车间（库）,
1534,garbage,,/ˈɡɑːbɪdʒ/,n.垃圾,
1535,garden,,/ˈɡɑːd(ə)n/,n.花园，果园，菜园,
1536,gardening,,/ˈɡɑːdnɪŋ/,n.园艺学,
1537,garlic,,/ˈɡɑːlɪk/,n.大蒜,
1538,garment,,/ˈɡɑːmənt/,n.（一件）衣服,
1539,gas,,/ɡæs/,n.煤气,
1540,gate,,/ɡeɪt/,n.大门,
1541,gather,,/ˈɡæðə(r)/,v.聚集；采集,
1542,gay,,/ɡeɪ/,a.（男）同性恋的；快活的，愉快的,
1543,general,,/ˈdʒenər(ə)l/,a.大体，笼统的，总的,
1544,generation,,/dʒenəˈreɪʃ(ə)n/,n.代，一代,
1545,generous,,/ˈdʒenərəs/,a.慷慨大方的,
1546,gentle,,/ˈdʒent(ə)l/,a.温柔的，轻轻的,
1547,gentleman,,/ˈdʒent(ə)lmən/,n.绅士，先生；有身份、有教养的人,
1548,geography,,/dʒɪˈɔɡrəfɪ/,n.地理学,
1549,geometry,,/dʒɪ'ɑmɪtrɪ/,n.几何学,
1550,German,,/ˈdʒɜːmən/,a.德国的，德国人的，德语的n.德国人，德语,
1551,Germany,,/ˈdʒɜːmənɪ/,*n.德国,
1552,gesture,,/ˈdʒestʃə(r)/,n.姿势，手势,
1553,get,(got，got),/ɡet/,vt.成为；得到；具有；到达,
1554,get--together,,/ɡet-təˈɡeðə(r)/,n.聚会,
1555,gift,,/ɡɪft/,n.赠品；礼物,
1556,gifted,,/ˈɡɪftɪd/,a.有天赋的；有才华的,
1557,giraffe,,/dʒɪˈrɑːf;(US)dʒəˈræf/,n.长颈鹿,
1558,girl,,/ɡɜːl/,n.女孩,
1559,give(gave，given),,/ɡɪv/,vt.给，递给，付出，给予,
1560,glad,,/ɡlæd/,a.高兴的；乐意的,
1561,glance,,/glæns/glɑːns/,vi.匆匆一看；一瞥,
1562,glare,,/ɡleə(r)/,v.瞪眼，怒目而视，闪耀,
1563,glass,,/ɡlɑːs;(US)ɡlæs/,n.玻璃杯，玻璃；(复)眼镜,
1564,glasshouse,,/ˈɡlɑːshaʊs/,n.温室，暖房,
1565,globe,,/ɡləʊb/,n.地球仪，地球,
1566,glory,,/ˈɡlɔːrɪ/,n.巨大的光荣;荣誉;赞美,
1567,glove,,/ɡlʌv/,n.手套,
1568,glue,,/ɡluː/,n.胶水,
1569,go,(went，gone),/ɡəʊ/,vi.去；走；驶；通到；到达n.尝试（做某事）,
1570,goal,,/ɡəʊl/,n.（足球）球门，目标,
1571,goat,,/ɡəʊt/,n.山羊,
1572,god,,/ɡɔd/,n.神，（大写）上帝,
1573,gold,,/ɡəʊld/,n.黄金a金的，黄金的,
1574,golden,,/ˈɡəʊld(ə)n/,a.金(黄)色的,
1575,goldfish,,/ˈɡəʊldfɪʃ/,n.金鱼,
1576,golf,,/ɡɔlf/,n.高尔夫球,
1577,good,(better，best),/ɡʊd/,a.好；良好,
1578,good-bye,,/ɡʊd-baɪ/,int.再见；再会,
1579,goodness,,/ˈɡʊdnɪs/,n.善良，美德,
1580,goods,,/ɡʊd/,n.商品，货物,
1581,goose,(复geese),/ɡuːs/,n.鹅,
1582,govern,,/ˈɡʌv(ə)n/,v.统治；管理,
1583,government,,/ˈɡʌvənmənt/,n.政府,
1584,gown,,/ɡaʊn/,n.礼服，长外衣，睡衣,
1585,grade,,/ɡreɪd/,n.等级；（中小学的）学年；成绩，分数,
1586,gradually,,/ˈɡrædjʊəlɪ/,ad.逐渐地,
1587,graduate,,/ˈɡrædjʊət/,v.毕业,
1588,graduation,,/ɡrædjʊˈeɪʃ(ə)n/,n.毕业，毕业典礼,
1589,grain,,/ɡreɪn/,n.谷物，谷类,
1590,gram,,/ɡræm/,n.克(重量单位),
1591,grammar,,/ˈɡræmə(r)/,n.语法,
1592,grand,,/ɡrænd/,a.宏伟的,
1593,grandchild,,/'græntʃaɪld/,n.(外)孙或孙女.孙辈,
1594,granddaughter,,/ˈɡrændɔːtə(r)/,n.（外）孙女,
1595,grandma,grandmother,/ˈɡrænmɑː/,n.奶奶；外婆,
1596,grandpa,grandfather,/ˈɡrænpɑː/,n.爷爷，外公,
1597,grandparents,,/ˈɡrændpeərənt/,n.祖父母.外祖父母,
1598,grandson,,/ˈɡrændsʌn/,n.（外）孙子,
1599,granny,,/ˈɡrænɪ/,n.老奶奶；祖母；外婆,
1600,grape,,/ɡreɪp/,n.葡萄,
1601,graph,,/ɡrɑːf;(US)ɡræf/,n.图表，曲线图,
1602,grasp,,/ɡrɑːsp;(US)ɡræsp/,v.抓住；紧握,
1603,grass,,/ɡrɑːs;(US)ɡræs/,n.草；草场；牧草,
1604,grateful,,/ˈɡreɪtfʊl/,a.感激的，感谢的,
1605,gravity,,/ˈɡrævɪtɪ/,n.重力，地球引力,
1606,great,,/ɡreɪt/,a.伟大的，重要的，好极了ad.（口语）好极了，很好,
1607,Greece,,/ɡriːs/,*n.希腊,
1608,greedy,,/ˈɡriːdɪ/,a.贪婪的,
1609,Greek,,/ɡriːk/,a./n.希腊的，希腊人的，希腊语的;希腊人，希腊语,
1610,green,,/ɡriːn/,a.绿色的；青的n.绿色,
1611,greengrocer,,/ˈɡriːnɡrəʊsə(r)/,n.（英）蔬菜水果商,
1612,greet,,/ɡriːt/,vt.问候；向……致敬,
1613,greeting,,/ˈɡriːtɪŋ/,n.祝贺,
1614,grey/gray,,/ɡreɪ/,a.灰色的；灰白的,
1615,grill,,/ɡrɪl/,n.（烧食物的）烤架,
1616,grocer,,/ˈɡrəʊsə(r)/,n.零售商人；食品店,
1617,ground,,/ɡraʊnd/,n.地面,
1618,group,,/ɡruːp/,n.组，群,
1619,grow,(grew，grown),/ɡrəʊ/,v.生长；发育；种植；变成,
1620,growth,,/ɡrəʊθ/,n.生长，增长,
1621,gruel,,/ɡrʊəl/,n.粥,
1622,guarantee,,/ɡærənˈtiː/,v.保证，担保,
1623,guard,,/ɡɑːd/,n.防护装置，警戒,
1624,guess,,/ɡes/,vi.猜,
1625,guest,,/ɡest/,n.客人，宾客,
1626,guidance,,/ˈɡaɪdəns/,n.引导，指导,
1627,guide,,/ɡaɪd/,n.向导，导游者,
1628,guilty,,/ˈɡɪltɪ/,a.有罪，犯法的，做错事的,
1629,guitar,,/ɡɪˈtɑː(r)/,n.吉他，六弦琴,
1630,gun,,/ɡʌn/,n.枪，炮,
1631,gym,gymnasium,/dʒɪm/,n.体操；体育馆；健身房,
1632,gymnastics,,/dʒɪmˈnæstɪks/,n.体操,
1633,ha,,/hɑː/,int.哈(笑声),
1634,habit,,/ˈhæbɪt/,n.习惯，习性,
1635,hair,,/heə(r)/,n.头发,
1636,haircut,,/ˈheəkʌt/,n.（男子）理发,
1637,half,,/hɑːf;(US)hæf/,a.&n.半，一半，半个,
1638,hall,,/hɔːl/,n.大厅，会堂，礼堂;过道,
1639,ham,,/hæm/,n.火腿,
1640,hamburger,,/ˈhæmbɜːɡə(r)/,n.汉堡包,
1641,hammer,,/'hæmə(r)/,n.锤子，锣锤,
1642,hand,,/hænd/,n.手；指针v.递；给；交付交上；交进,
1643,handbag,,/ˈhændbæɡ/,n.女用皮包，手提包,
1644,handful,,/ˈhændfʊl/,n.(一)把；少数，少量,
1645,handkerchief,,/ˈhæŋkətʃɪf/,n.手帕,
1646,handle,,/ˈhænd(ə)l/,n.柄，把柄v.处理,
1647,handsome,,/ˈhænsəm/,a.英俊的,
1648,handtruck,,/'hændtrʌk/,n.手推运货车,
1649,handwriting,,/ˈhændraɪtɪŋ/,n.书法,
1650,handy,,/ˈhændɪ/,a.便利的，顺手的hang(hanged，hanged)v.处（人）绞刑；上吊,
1651,hang,(hung，hung),/hæŋ/,v.悬挂，吊着；把……吊起,
1652,happen,,/ˈhæpən/,vi.（偶然）发生,
1653,happily,,/'hæpɪlɪ/,ad.幸福地，快乐地,
1654,happiness,,/ˈhæpɪnɪs/,n.幸福，愉快,
1655,happy,,/ˈhæpɪ/,a.幸福；快乐的，高兴的,
1656,harbour,(美harbor),/'hɑːbə/,n.港口,
1657,hard,,/hɑːd/,ad.努力地；使劲；猛烈地a.硬的；困难的；艰难的,
1658,hardly,,/ˈhɑːdlɪ/,ad.几乎不,
1659,hardship,,/ˈhɑːdʃɪp/,n.困难,
1660,hardworking,,/'haːd'wɜːkɪŋ/,a.努力工作的,
1661,harm,,/hɑːm/,n.&v.伤害；损伤,
1662,harmful,,/ˈhɑːmfʊl/,a.有害的；致伤的,
1663,harmless,,/ˈhɑːmlɪs/,a.无害的;不致伤的,
1664,harmony,,/ˈhɑːmənɪ/,n.融洽，和睦,
1665,harvest,,/ˈhɑːvɪst/,n.&vt.收割，收获（物）,
1666,hat,,/hæt/,n.帽子(一般指有边的)；礼帽,
1667,hatch,,/hætʃ/,v.（鸟、鸡）孵蛋,
1668,hate,,/heɪt/,vt.&n.恨，讨厌,
1669,have,(has，had，had),/hæv/,vt.有；吃；喝；进行；经受,
1670,hawk,,/hɔːk/,n.鹰,
1671,hay,,/heɪ/,n.作饲料用的干草,
1672,he,,/heɪ/,pron.他,
1673,head,,/hed/,n.头；头脑(像)；才智；首脑；源头；标题a.头部的；主要的；首席的v.率领；加标题；用头顶；出发；(船等)驶向,
1674,headache,,/ˈhedeɪk/,n.头疼,
1675,headline,,/ˈhedlaɪn/,n.（报刊的）大字标题,
1676,headmaster,,/hedˈmɑːstə(r)/,n.（英）中小学校长,
1677,headmistress,,/'hed'mɪstrɪs/,n.女校长,
1678,health,,/helθ/,n.健康，卫生,
1679,healthy,,/ˈhelθɪ/,a.健康的，健壮的,
1680,heap,,/hiːp/,n.堆v.堆起来,
1681,hear,(heard，heard),/hɪə(r)/,v.听见；听说，得知,
1682,hearing,,/ˈhɪərɪŋ/,n.听力,
1683,heart,,/hɑːt/,n.心.心脏，纸牌中的红桃,
1684,heat,,/hiːt/,n.热vt.把……加热,
1685,heaven,,/ˈhev(ə)n/,n.天，天空,
1686,heavy,,/ˈhevɪ/,a.重的,
1687,heavily,,/ˈhevɪlɪ/,ad.重地，大量地,
1688,heel,,/hiːl/,n.脚后跟,
1689,height,,/haɪt/,n.高，高度,
1690,helicopter,,/ˈhelɪkɔptə(r)/,n.直升飞机,
1691,hello,,/həˈləʊ/,int.喂；你好（表示打招呼，问候或唤起注意）,
1692,helmet,,/'helmɪt/,n.头盔,
1693,help,,/help/,n.&vt.帮助，帮忙,
1694,helpful,,/ˈhelpfʊl/,a.有帮助的，有益的,
1695,hen,,/hen/,n.母鸡,
1696,her,,/hɜː(r)/,pron.她(宾格)，她的,
1697,herb,,/hɜːb;(US)ɜːrb/,n.草药,
1698,here,,/hɪə(r)/,ad.这里，在这里；向这里,
1699,hero,,/ˈhɪərəʊ/,n.英雄，勇士，男主角,
1700,heroine,,/ˈherəʊɪn/,n.女英雄，女主角,
1701,hers,,/hɜːz/,pron.她的,
1702,herself,,/hɜːˈself/,pron.她自己,
1703,hey,,/heɪ/,int.嘿！,
1704,hi,,/haɪ/,int.你好（表示打招呼、问候或唤起注意）,
1705,hibernate,,/ˈhaɪbəneɪt/,vi.冬眠,
1706,hibernation,,/haɪbə(r)'neɪʃn/,n.冬眠,
1707,hide,,/haɪd/,(hid，hidden)v.把…藏起来，隐藏,
1708,hideandseek,,/haɪd-ənd-siːk/,捉迷藏,
1709,high,,/haɪ/,a.高的;高度的ad.高地,
1710,highway,,/ˈhaɪweɪ/,n.公路，主要交通道路,
1711,hill,,/hɪl/,n.小山;丘陵;土堆;斜坡,
1712,hillside,,/ˈhɪlsaɪd/,n.（小山）山腰，山坡,
1713,hilly,,/ˈhɪlɪ/,a.丘陵的；多小山的,
1714,him,,/hɪm/,pron.他（宾格）,
1715,himself,,/hɪmˈself/,pron.他自己,
1716,hire,,/ˈhaɪə(r)/,vt.租用,
1717,his,,/hɪz/,pron.他的,
1718,history,,/ˈhɪstərɪ/,n.历史，历史学,
1719,hit,(hit，hit),/hɪt/,n.&vt.打，撞，击中,
1720,hive,,/haɪv/,n.蜂房；蜂箱,
1721,hobby,,/ˈhɔbɪ/,n.业余爱好，嗜好,
1722,hold,(held，held),/həʊld/,vt.拿；抱；握住；举行；进行,
1723,hole,,/həʊl/,n.洞，坑,
1724,holiday,,/ˈhɔlɪdɪ/,n.假日；假期,
1725,holy,,/ˈhəʊlɪ/,a.神圣的,
1726,home,,/həʊm/,n.家ad.到家；回家,
1727,homeland,,/ˈhəʊmlænd/,n.祖国,
1728,hometown,,/ˈhəʊmtaʊn/,n.故乡,
1729,homework,,/ˈhəʊmwɜːk/,n.家庭作业,
1730,honest,,/ˈɔnɪst/,a.诚实的，正直的,
1731,honey,,/ˈɔnɪst/,n.蜂蜜,
1732,HongKong,,/hɔŋkɔŋ/,*n.香港,
1733,honour,,/'ɔnə/,(美honor)n.荣誉，光荣vt.尊敬，给予荣誉,
1734,hook,,/hʊk/,n.&v.钩子；衔接，连接,
1735,hooray,,/hʊˈreɪ/,int.好哇！（欢呼声）,
1736,hope,,/həʊp/,n.&v.希望,
1737,hopeful,,/ˈhəʊpfʊl/,a.有希望的；有前途的,
1738,hopeless,,/'həʊplɪsli/,a.没有希望，不可救药的,
1739,horrible,,/ˈhɔrɪb(ə)l/,a.令人恐惧；恐怖的,
1740,horse,,/hɔːs/,n.马,
1741,hospital,,/ˈhɔspɪt(ə)l/,n.医院,
1742,host,,/həʊst/,n.主人；节目主持人v.做主人招待,
1743,hostess,,/ˈhəʊstɪs/,n.女主人,
1744,hot,,/hɔt，hɑt/,a.热的,
1745,hotdog,,/hɔt-dɔɡ/,n.热狗(红肠面包),
1746,hotel,,/həʊˈtel/,n.旅馆，饭店，宾馆,
1747,hour,,/ˈaʊə(r)/,n.小时,
1748,house,,/haʊs/,n.房子；住宅,
1749,housewife,,/ˈhaʊswaɪf/,n.家庭主妇,
1750,housework,,/ˈhaʊswɜːk/,n.家务劳动,
1751,how,,/haʊ/,ad.怎样，如何；多少；多么,
1752,however,,/haʊˈevə(r)/,ad.可是conj.然而，可是，尽管如此,
1753,howl,,/haʊl/,vi.嚎叫，嚎哭,
1754,hug,,/hʌɡ/,v.拥抱,
1755,huge,,/hjuːdʒ/,a.巨大的，庞大的,
1756,human,,/ˈhjuːmən/,a.人的，人类的,
1757,humanbeing,,/ˈhjuːmənˈbiːɪŋ/,人,
1758,humorous,,/ˈhjuːmərəs/,a.富于幽默的,
1759,humour,(美humor),/'hjuːmə/,n.幽默，幽默感,
1760,hundred,,/ˈhʌndrəd/,num.百,
1761,hunger,,/ˈhʌŋɡə(r)/,n.饥饿,
1762,hungry,,/ˈhʌŋɡrɪ/,a.（饥）饿的,
1763,hunt,,/hʌnt/,vt.寻找；狩猎，猎取,
1764,hunter,,/ˈhʌntə(r)/,n.猎人,
1765,hurricane,,/ˈhʌrɪkən/,n.飓风，十二级风,
1766,hurry,,/ˈhʌrɪ/,vi.赶快；急忙,
1767,hurt(hurt，hurt),,/hɜːt/,vt.伤害，受伤；伤人感情,
1768,husband,,/ˈhʌzbənd/,n.丈夫,
1769,hydrogen,,/ˈhaɪdrədʒ(ə)n/,n.氢,
1770,I,,/aɪ/,pron.我,
1771,ice,,/aɪs/,n.冰,
1772,ice--cream,,/aɪs-kriːm/,n.冰淇淋,
1773,Iceland,,/ˈaɪslənd/,*n.冰岛,
1774,idea,,/aɪˈdɪə/,n.主意，意见，打算，想法,
1775,identity,,/aɪˈdentɪtɪ/,n.身份，特征,
1776,identification,,/aɪdentɪfɪˈkeɪʃ(ə)n/,n.鉴定，辨别,
1777,idiom,,/ˈɪdɪəm/,n.习语，成语,
1778,if,,/ɪf/,conj.如果，假使，是否，是不是,
1779,ignore,,/ɪɡˈnɔː(r)/,v.忽视，对…不理会,
1780,ill,,/ɪl/,a.有病的；不健康的,
1781,illegal,,/ɪˈliːɡ(ə)l/,a.非法的,
1782,illness,,/ˈɪlnɪs/,n.疾病,
1783,imagine,,/ɪˈmædʒɪn/,vt.想像，设想,
1784,immediate,,/ɪˈmiːdɪət/,a.立即的，马上,
1785,immediately,,/ɪˈmiːdɪətlɪ/,ad.立即,
1786,immigration,,/ɪmɪ'greɪʃn/,n.移民,
1787,import,,/ɪmˈpɔːt/,v.&n.进口，输入,
1788,importance,,/ɪmˈpɔːt(ə)ns/,n.重要性,
1789,important,,/ɪmˈpɔːtənt/,a.重要的,
1790,impossible,,/ɪmˈpɔsɪb(ə)l/,a.不可能的,
1791,impress,,/ɪmˈpres/,vt.留下极深的印象,
1792,impression,,/ɪmˈpreʃ(ə)n/,n.印象，感觉,
1793,improve,,/ɪmˈpruːv/,vt.改进，更新,
1794,in,,/ɪn/,prep.在…里(内)；在…；以…ad.在家，在内，向内,
1795,inch,,/ɪntʃ/,n.英寸,
1796,incident,,/ˈɪnsɪd(ə)nt/,n.事件,
1797,include,,/ɪnˈkluːd/,vt.包含，包括,
1798,income,,/ˈɪnkʌm/,n.收入，所得,
1799,incorrect,,/ɪnkəˈrekt/,a.不正确的，错误的,
1800,increase,,/ɪnˈkriːs/,v.&n.增加，繁殖,
1801,indeed,,/ɪnˈdiːd/,a.确实；实在,
1802,independence,,/ɪndɪˈpendəns/,n.独立,
1803,independent,,/ɪndɪˈpendənt/,a.独立的，有主见的,
1804,India,,/ˈɪndɪə/,*n.印度,
1805,Indian,,/ˈɪndɪən/,a.（美洲）印地安人的；印度人的n.印地安人；印度人,
1806,Indicate,,/'ɪndɪkeɪt/,v.表明，象征，暗示,
1807,industry,,/ˈɪndəstrɪ/,n.工业，产业,
1808,influence,,/ˈɪnflʊəns/,n.&v.影响,
1809,inform,,/ɪnˈfɔːm/,vt.告诉；通知,
1810,information,,/ɪnfəˈmeɪʃ(ə)n/,n.信息,
1811,informationdesk,,/ɪnfəˈmeɪʃ(ə)ndesk/,问讯处,
1812,initial,,/ɪˈnɪʃ(ə)l/,a.开始的，最初的,
1813,injure,,/ˈɪndʒə(r)/,vt.损害，伤害,
1814,injury,,/ˈɪndʒərɪ/,n.受伤处,
1815,ink,,/ɪŋk/,n.墨水，油墨,
1816,inland,,/ˈɪnlənd，ˈɪnlænd/,a.内陆的；内地的,
1817,inn,,/ɪn/,n.小旅店；小饭店,
1818,innocent,,/ˈɪnəsənt/,a.无辜的，清白的,
1819,insect,,/ˈɪnsekt/,n.昆虫,
1820,insert,,/ɪnˈsɜːt/,vt.插入,
1821,inside,,/ɪnˈsaɪd/,prep.在…里面ad.在里面,
1822,insist,,/ɪnˈsɪst/,vi.坚持；坚决认为,
1823,inspect,,/ɪnˈspekt/,vt.检查；检验；审视,
1824,inspire,,/ɪnˈspaɪə(r)/,vt.鼓舞；激励,
1825,instant,,/ˈɪnst(ə)nt/,a.瞬间；刹那,
1826,instead,,/ɪnˈsted/,ad.代替，顶替,
1827,institute,,/ˈɪnstɪtjuːt;(US)ˈɪnstətuːt/,n.(研究)所，院，学院,
1828,institution,,/ɪnstɪˈtjuːʃ(ə)n;(US)ɪnstəˈtuːʃn/,n.(慈善、宗教等性质的)公共机构；学校,
1829,instruct,,/ɪnˈstrʌkt/,vt.通知；指示；教,
1830,instruction,,/ɪnˈstrʌkʃ(ə)n/,n.说明，须知;教导,
1831,instrument,,/ˈɪnstrʊmənt/,n.乐器;工具，器械,
1832,insurance,,/ɪnˈʃʊərəns/,n.保险,
1833,insure,,/ɪnˈʃʊə(r)/,vt.给……保险,
1834,intelligence,,/ɪnˈtelɪdʒəns/,n.智力，才智，智慧,
1835,intend,,/ɪnˈtend/,vt.想要，打算,
1836,intention,,/ɪnˈtenʃ(ə)n/,n.打算，计划，意图,
1837,interest,,/ˈɪntrəst/,n.兴趣，趣味;利息,
1838,interesting,,/ˈɪntrətɪŋ/,a.有趣的,
1839,international,,/ɪntəˈnæʃən(ə)l/,a.国际的,
1840,internet,,/ˈɪntənet/,n.互联网，英特网,
1841,interpreter,,/ɪnˈtɜːprɪtə(r)/,n.翻译,
1842,interrupt,,/ɪntəˈrʌpt/,v.打扰，打断,
1843,interval,,/ˈɪntəv(ə)l/,n.间歇；间隔,
1844,interview,,/ˈɪntəvjuː/,n.&vt.采访，会见，面试,
1845,into,,/ˈɪntʊ，ˈɪntə/,prep.到…里;向内；变成,
1846,introduce,,/ɪntrəˈdjuːs;(US)-duːs/,vt.介绍,
1847,introduction,,/ɪntrəˈdʌkʃ(ə)n/,n.引进，介绍,
1848,invent,,/ɪnˈvent/,vt.发明，创造,
1849,invention,,/ɪnˈvenʃ(ə)n/,n.发明，创造,
1850,inventor,,/ɪnˈventə(r)/,n.发明者，创造者,
1851,invitation,,/ɪnvɪˈteɪʃ(ə)n/,n.邀请，请帖,
1852,invite,,/ɪnˈvaɪt/,vt.邀请，招待,
1853,Ireland,,/ˈaɪələnd/,*n.爱尔兰,
1854,Irish,,/ˈaɪərɪʃ/,a.爱尔兰的，爱尔兰人的,
1855,iron,,/ˈaɪən;(US)ˈaɪərn/,n.铁，熨斗vt.熨烫,
1856,irrigate,,/ˈɪrɪɡeɪt/,vt.灌溉,
1857,irrigation,,/ɪrɪˈɡeɪʃ(ə)n/,n.灌溉,
1858,island,,/ˈaɪlənd/,n.岛,
1859,it,,/ɪt/,pron.它,
1860,Italian,,/ɪˈtæljən/,a.意大利(人)的；意大利语的n.意大利人；意大利语,
1861,Italy,,/ˈɪtəlɪ/,*n.意大利,
1862,its,,/ɪts/,pron.它的,
1863,itself,,/ɪtˈself/,pron.它自己,
1864,jacket,,/ˈdʒækɪt/,n.短上衣，夹克衫,
1865,jam,,/dʒæm/,n.果酱；阻塞,
1866,January,,/ˈdʒænjʊərɪ;(US)ˈdʒænjʊerɪ/,n.1月,
1867,Japan,,/dʒæˈpæn/,*n.日本,
1868,Japanese,,/dʒæpəˈniːz/,a.日本的，日本人的，日语的n.日本人，日语,
1869,jar,,/dʒɑː(r)/,n.罐子；坛子,
1870,jaw,,/dʒɔː/,n.下巴,
1871,jazz,,/dʒæz/,n.爵士音乐，爵士舞曲,
1872,jeans,,/dʒiːns/,n.牛仔裤,
1873,jeep,,/dʒiːp/,n.吉普车,
1874,jet,,/dʒet/,n.喷气式飞机；喷射（器）,
1875,jewel,,/ˈdʒuːəl/,n.宝石,
1876,jewelry,,/ˈdʒuːəlrɪ/,n.（总称）珠宝,
1877,job,,/dʒɔb/,n.（一份）工作,
1878,jog,,/dʒɔɡ/,v.慢跑,
1879,join,,/dʒɔɪn/,v.参加，加入;连接;会合,
1880,joke,,/dʒəʊk/,n.笑话,
1881,journalist,,/ˈdʒɜːnəlɪzt/,n.记者，新闻工作者,
1882,journey,,/ˈdʒɜːnɪ/,n.旅行，路程,
1883,joy,,/dʒɔɪ/,n.欢乐，高兴，乐趣,
1884,judge,,/dʒʌdʒ/,n.裁判；审判员；法官vt.判断，断定,
1885,judgement,,/'dʒʌdʒmənt/,n.裁判,
1886,juice,,/dʒuːs/,n.汁、液,
1887,juicy,,/dʒuːsɪ/,a.多汁的；水分多的,
1888,July,,/dʒʊˈlaɪ/,n.7月,
1889,jump,,/dʒʌmp/,n.跳跃；跳变v.跳跃；惊起；猛扑,
1890,June,,/dʒuːn/,n.6月,
1891,jungle,,/ˈdʒʌŋɡ(ə)l/,n.丛林，密林,
1892,junior,,/ˈdʒuːnɪə(r)/,a.初级的；年少的,
1893,junk,,/dʒʌŋk/,n.（口语）废品，破烂货,
1894,junkmail,,/dʒʌŋkmeɪl/,塞到邮箱的广告宣传品,
1895,junkfood,,/dʒʌŋkfuːd/,没有营养的垃圾食品,
1896,just,,/dʒʌst/,ad.刚才；恰好；不过；仅a.公正的,
1897,justice,,/ˈdʒʌstɪs/,n.正义；公正；司法,
1898,kangaroo,,/kæŋɡəˈruː/,n.大袋鼠,
1899,keep,(kept，kept),/kiːp/,v.保持；保存；继续不断vt.培育，饲养,
1900,keeper,,/ˈkiːpə(r)/,n.（动物园中的）饲养员，看守人,
1901,kettle,,/ˈket(ə)l/,n.(烧水用的)水壶,
1902,key,,/kiː/,n.钥匙;答案;键;关键,
1903,keyboard,,/kiːbɔːd/,n.键盘,
1904,kick,,/kɪk/,v.&n.踢,
1905,kid,,/kɪd/,n.小孩,
1906,kill,,/kɪl/,v.杀死，弄死,
1907,kilo,,/ˈkiːləʊ/,n.千克；千米,
1908,kilogram,,/ˈkɪləɡræm/,n.千克,
1909,kilometr,,/'kɪləʊmiːtə(r)/,en.千米（公里）,
1910,kind,,/kaɪnd/,n.种;类a.善良，友好的,
1911,kindergarten,,/kɪndəˈɡɑːt(ə)n/,n.幼儿园,
1912,kind-hearted,,/kaɪnd-'hɑːtɪd/,a.好心的,
1913,kindness,,/ˈkaɪndnɪs/,n.仁慈；善良,
1914,king,,/kɪŋ/,n.国王,
1915,kingdom,,/ˈkɪŋdəm/,n.王国,
1916,kiss,,/kɪs/,n.&vt.吻，亲吻,
1917,kitchen,,/ˈkɪtʃɪn/,n.厨房,
1918,kite,,/kaɪt/,n.风筝,
1919,knee,,/niː/,n.膝盖,
1920,knife,(复knives),/naɪf/,n.小刀;匕首;刀片,
1921,knock,,/nɔk/,n.&v.敲；打；击,
1922,know,(knew，known)v,/nəʊ/,.知道，了解；认识；懂得,
1923,knowledge,,/ˈnɔlɪdʒ/,n.知识，学问,
1924,lab,laboratory,/ˈnɔlɪdʒ/,n.实验室,
1925,labour,(美labor),/ˈleɪbə(r)/,n.劳动,
1926,labourer,(laborer),/'leɪbərə/,n.体力劳动者,
1927,lack,,/læk/,n.&vt.缺乏，缺少,
1928,ladder,,/ˈlædə(r)/,rn.梯子,
1929,lady,,/ˈleɪdɪ/,n.女士，夫人,
1930,lake,,/leɪk/,n.湖,
1931,lamb,,/læm/,n.羔羊,
1932,lame,,/leɪm/,a.跛的，瘸的，残废的,
1933,lamp,,/læmp/,n.灯，油灯；光源,
1934,land,,/lænd/,n.陆地，土地v.登岸(陆)降落,
1935,language,,/ˈlæŋɡwɪdʒ/,n.语言,
1936,lantern,,/ˈlæntən/,n.灯笼；提灯,
1937,lap,,/læp/,n.(人坐时)膝部.(跑道的)一圈,
1938,large,,/lɑːdʒ/,a.大的；巨大的,
1939,laser,,/ˈleɪzə(r)/,n.激光,
1940,last,,/lɑːst;(US)læst/,a.最近刚过去;最后的ad.最近刚过去;最后地n.最后v.持续,
1941,late,,/leɪt/,a.晚的，迟的ad.晚地，迟地,
1942,lately,,/ˈleɪtlɪ/,ad.最近，不久前,
1943,later,,/ˈleɪtə(r)/,a.晚些的，迟些的,
1944,latest,,/ˈleɪtɪst/,a.最近，最新的；最晚的,
1945,latter,,/ˈlætə(r)/,n.（两者之中的）后者,
1946,laugh,,/lɑːf/,n.&v.笑，大笑；嘲笑,
1947,laughter,,/ˈlɑːftə(r);(US)ˈlæftər/,n.笑；笑声,
1948,laundry,,/ˈlɔːndrɪ/,n.洗衣店;要洗的衣服,
1949,lavatory,,/ˈlævətrɪ;(US)ˈlævətɔːrɪ/,n.便所，厕所,
1950,law,,/lɔː/,n.法律，法令；定律,
1951,lawyer,,/ˈlɔːjə(r)，ˈlɔɪə(r)/,n.律师,
1952,lay,(laid，laid),/leɪ/,vt.放，搁,
1953,lazy,,/ˈleɪzɪ/,a.懒惰的,
1954,lead,(led，led),/liːd/,v.领导，带领n.铅,
1955,leader,,/ˈliːdə(r)/,n.领袖，领导人,
1956,leading,,/ˈliːdɪŋ/,a.最主要的，第一位的,
1957,leaf,(复leaves),/liːf/,n.（树，菜）叶,
1958,league,,/liːɡ/,n.联盟，社团,
1959,leak,,/liːk/,vi.漏；渗,
1960,learn,(learnt，learnt；--ed--ed),/lɜːn/,vt.学，学习，学会,
1961,learned,,/ˈlɜːnɪd/,a.有才华的；博学的,
1962,least,,/liːst/,n.最少，最少量,
1963,leather,,/ˈleðə(r)/,n.皮革,
1964,leave,(left，left),/liːv/,v.离开;把…留下，剩下,
1965,lecture,,/ˈlektʃə(r)/,n.讲课，演讲,
1966,left,,/left/,a.左边的ad.向左n.左，左边,
1967,left-handed,,/left-'hændɪd/,a.惯用左手的,
1968,leftover,,/'leftˌəʊvə/,a.剩余，剩下的n.剩饭菜,
1969,left-wing,,/left-wɪŋ/,n.左翼的,
1970,leg,,/leɡ/,n.腿；腿脚；支柱,
1971,legal,,/ˈliːɡ(ə)l/,a.与法律有关的，法律的,
1972,lemon,,/ˈlemən/,n.柠檬a.柠檬色(味)的,
1973,lemonade,,/leməˈneɪd/,n.柠檬水,
1974,lend,(lent，lent),/lend/,vt.借(出)，把…借给,
1975,length,,/leŋθ/,n.长，长度，段，节,
1976,less,（little的比较级）,/les/,a.&ad.少于，小于,
1977,lesson,,/ˈles(ə)n/,n.课；功课；教训,
1978,let,(let，let),/let/,vt.让,
1979,letter,,/ˈletə(r)/,n.信；字母,
1980,letter-box,,/ˈletə(r)-bɔks/,n.信箱,
1981,level,,/ˈlev(ə)l/,n.水平线，水平,
1982,liberty,,/ˈlɪbətɪ/,n.自由,
1983,liberate,,/ˈlɪbəreɪt/,vt.解放，使获自由,
1984,liberation,,/lɪbəˈreɪʃ(ə)n/,n.解放,
1985,librarian,,/laɪˈbreərɪən/,n.图书管理员；（西方的）图书馆馆长,
1986,library,,/ˈlaɪbrərɪ;(US)ˈlaɪbrerɪ/,n.图书馆，图书室,
1987,license,,/ˈlaɪsəns/,n.执照，许可证,
1988,lid,,/lɪd/,n.盖子,
1989,lie,(lay，lain),/laɪ/,v.躺;卧;平放;位于n.&vi.谎言;说谎,
1990,life,(复lives),/laɪf/,n.生命；生涯；生活；人生；生物,
1991,lifetime,,/ˈlaɪftaɪm/,n.一生，终生,
1992,lift,,/lɪft/,v.举起，抬起；（云、烟等）消散n.（英）电梯,
1993,light,,/laɪt/,n.光，光亮；灯，灯光vt.点（火），点燃a.明亮的；轻的；浅色的,
1994,lightning,,/ˈlaɪtnɪŋ/,n.闪电,
1995,like,,/laɪk/,prep.像，跟…一样vt.喜欢，喜爱,
1996,likely,,/ˈlaɪklɪ/,a.很可能的,
1997,limit,,/ˈlɪmɪt/,vt.限制；减少,
1998,line,,/laɪn/,n.绳索，线，排，行，线路v.画线于，（使）成行,
1999,link,,/lɪŋk/,v.连接；联系,
2000,lion,,/ˈlaɪən/,n.狮子,
2001,lip,,/lɪp/,n.嘴唇,
2002,liquid,,/ˈlɪkwɪd/,n.&a.液体；液体的,
2003,list,,/lɪst/,n.一览表，清单,
2004,listen,,/ˈlɪs(ə)n/,vi.听，仔细听,
2005,literature,,/ˈlɪtərətʃə(r);(US)ˈlɪtrətʃʊər/,n.文学,
2006,literary,,/ˈlɪtərərɪ;(US)ˈlɪtərerɪ/,a.文学的,
2007,litre,,/liːtə(r)/,(美liter)n.升；公升,
2008,litter,,/ˈlɪtə(r)/,v.乱丢杂物,
2009,little,(less，least),/ˈlɪt(ə)l/,a.小的，少的ad.很少地，稍许n.没有多少，一点,
2010,live,,/lɪv/,vi.生活;居住;活着a.活的，活着的;实况，现场（直播）的,
2011,lively,,/ˈlaɪvlɪ/,a.活泼的;充满生气的,
2012,living,,/ˈlɪvɪŋ/,a.活着的n.生计,
2013,load,,/ləʊd/,n.担子，货物,
2014,loaf,,/ləʊf/,n.一个面包,
2015,local,,/ˈləʊk(ə)l/,a.当地的；地方的,
2016,lock,,/lɔk/,n.锁vt.锁，锁上,
2017,locust,,/ˈləʊkəst/,n.蝗虫,
2018,London,,/ˈlʌnd(ə)n/,n.伦敦,
2019,lonely,,/ˈləʊnlɪ/,a.孤独的，寂寞的,
2020,long,,/lɔŋ;(US)lɔːŋ/,a.长的，远ad.长久,
2021,look,,/lʊk/,n.看，瞧v.看，观看v.link看起来,
2022,loose,,/luːs/,a.松散的；宽松的,
2023,lorry,,/ˈlɔrɪ;(US)ˈlɔːrɪ/,n.（英）运货汽车，卡车,
2024,loss,,/lɔs;(US)lɔːs/,n.丧失；损耗,
2025,lose,(lost，lost),/luːz/,vt.失去，丢失,
2026,Lost,,/lɔst/,失物招领处,
2027,lot,,/lɔt/,n.许多，好些,
2028,loud,,/laʊd/,a.大声的,
2029,loudly,,/laʊdlɪ/,ad.大声地,
2030,loudspeaker,,/laʊdˈspiːkə(r)/,n.扬声器，喇叭,
2031,lounge,,/laʊndʒ/,n.休息厅；休息室,
2032,love,,/lʌv/,n.&vt.爱；热爱;很喜欢,
2033,lovely,,/ˈlʌvlɪ/,a.美好的，可爱的,
2034,low,,/ləʊ/,a.&ad.低；矮,
2035,luck,,/lʌk/,n.运气，好运,
2036,lucky,,/ˈlʌkɪ/,a.运气好，侥幸,
2037,luggage,,/ˈlʌɡɪdʒ/,n.(总称)行李,
2038,lunch,,/lʌntʃ/,n.午餐，午饭,
2039,lung,,/lʌŋ/,n.肺；肺脏,
2040,machine,,/məˈʃiːn/,n.机器,
2041,mad,,/mæd/,a.发疯的；生气的,
2042,madam,(madame),/ˈmædəm/,n.夫人，女士,
2043,magazine,,/mæɡəˈziːn/,n.杂志,
2044,magic,,/ˈmædʒɪk/,a.有魔力的,
2045,maid,,/meɪd/,n.女仆；侍女,
2046,mail,,/meɪl/,n.邮政，邮递v.(美)邮寄,
2047,mailbox,,/'meɪlbɒks/,n.邮筒；邮箱,
2048,main,,/meɪn/,a.主要的,
2049,mainland,,/ˈmeɪnlənd/,n.大陆,
2050,major,,/ˈmeɪdʒə(r)/,a.较大的；主要的,
2051,majority,,/məˈdʒɔrɪtɪ/,n.大多数,
2052,make,(made，made),/meɪk/,vt.制造，做;使得n.样式；制造,
2053,male,,/meɪl/,a.男（性）的；雄的,
2054,man,(复men),/mæn/,n.成年男人;人类,
2055,manage,,/ˈmænɪdʒ/,v.管理；设法对付,
2056,manager,,/ˈmænɪdʒə(r)/,n.经理,
2057,mankind,,/mænˈkaɪnd/,n.人类;（总称）人,
2058,man-made,,/mæn-meɪd/,a.人造的，人工的,
2059,manner,,/ˈmænə(r)/,n.方式，态度，举止,
2060,tablemanners,,/ˈteɪb(ə)lˈmænə(r)z/,餐桌礼节，用餐的规矩,
2061,many,(more，most),/ˈmenɪ/,pron.许多人（或物）a.许多的,
2062,map,,/mæp/,n.地图,
2063,maple,,/ˈmeɪp(ə)l/,n.枫树,
2064,mapleleaves,,/ˈmeɪp(ə)l-liːvz/,枫叶,
2065,marathon,,/ˈmærəθ(ə)n/,n.马拉松,
2066,marble,,/ˈmɑːb(ə)l/,n.大理石；玻璃弹子,
2067,march,,/mɑːtʃ/,n.游行，行进,
2068,March,,/mɑːtʃ/,n.3月,
2069,mark,,/mɑːk/,n.标记vt.标明，作记号于,
2070,market,,/ˈmɑːkɪt/,n.市场，集市,
2071,marriage,,/ˈmærɪdʒ/,n.结婚，婚姻,
2072,married,,/ˈmærɪd/,a.已婚的,
2073,marry,,/ˈmærɪ/,v.（使）成婚，结婚,
2074,mask,,/mɑːsk;(US)mæsk/,n.口罩；面罩(具)；遮盖物v.戴面具；掩饰；伪装,
2075,mass,,/mæs/,n.众多;大量;（复）群众,
2076,master,,/ˈmɑːstə(r);(US)ˈmæstər/,vt.精通，掌握,
2077,mat,,/mæt/,n.垫子,
2078,match,,/mætʃ/,vt.使相配，使成对n.比赛，竞赛n.火柴,
2079,material,,/məˈtɪərɪəl/,n.材料，原料,
2080,mathematics,(math/maths),/mæθəˈmætɪks/,n.（常作单数用）数学，(英美口语)数学,
2081,matter,,/ˈmætə(r)/,n.要紧事，要紧，事情；问题vi.要紧，有重大关系,
2082,mature,,/məˈtjʊə(r);(US)məˈtʊər/,a.成熟的,
2083,maximum,,/ˈmæksɪməm/,a.&n.最大量(的)；最大限度(的),
2084,may,,/meɪ/,v.可以;也许，可能,
2085,May,,/meɪ/,n.5月,
2086,maybe,,/ˈmeɪbiː/,ad.可能，大概，也许,
2087,me,,/miː，mɪ/,pron.我（宾格）,
2088,meal,,/miːl/,n.一餐（饭）,
2089,mean,(meant，meant),/miːn/,vt.意思，意指,
2090,meaning,,/ˈmiːnɪŋ/,n.意思，含意,
2091,means,,/miːnz/,n.方法，手段；财产,
2092,meanwhile,,/ˈmiːnwaɪl;(US)ˈmɪnhwaɪl/,ad.同时,
2093,measure,,/ˈmeʒə(r)/,v.量,
2094,meat,,/miːt/,n.（猪、牛、羊等的）肉,
2095,medal,,/ˈmed(ə)l/,n.奖牌,
2096,goldmedal,,/ɡəʊldˈmed(ə)l/,金牌,
2097,media,,/ˈmiːdɪə/,n.大众传播媒介,
2098,medical,,/ˈmedɪk(ə)l/,a.医学的，医疗的,
2099,medicine,,/ˈmeds(ə)n;(US)ˈmedɪsn/,n.药,
2100,medium,,/ˈmiːdɪəm/,n.媒体，中间的，中等的,
2101,meet,(met，met),/miːt/,vt./n.遇见，见到会；集会,
2102,meeting,,/ˈmiːtɪŋ/,n.会，集会，会见，汇合点,
2103,melon,,/ˈmelən/,n.（甜）瓜；瓜状物,
2104,member,,/ˈmembə(r)/,n.成员，会员,
2105,memorial,,/mɪˈmɔːrɪəl/,n.纪念馆,
2106,memory,,/ˈmemərɪ/,n.回忆，记忆,
2107,memorize,,/ˈmeməraɪz/,v.记忆,
2108,mend,,/mend/,v.修理，修补,
2109,mental,,/ˈment(ə)l/,a.精神的；脑力的,
2110,mentally,,/ˈmentəlɪ/,ad.精神上；智力上,
2111,mention,,/ˈmenʃ(ə)n/,n.提及；记载vt.提到，说起；提名表扬,
2112,menu,,/ˈmenʃ(ə)n/,n.菜单,
2113,merchant,,/ˈmɜːtʃənt/,a.商业的；商人的n.商人；生意人,
2114,merciful,,/ˈmɜːsɪfʊl/,a.仁慈的；宽大的,
2115,mercy,,/ˈmɜːsɪ/,n.怜悯,
2116,merely,,/ˈmɪəlɪ/,ad.仅仅，只不过,
2117,merry,,/ˈmerɪ/,a.高兴的，愉快的,
2118,mess,,/mes/,n.凌乱,
2119,message,,/ˈmesɪdʒ/,n.消息，音信,
2120,messy,,/ˈmesɪ/,a.乱七八糟的,
2121,metal,,/ˈmet(ə)l/,n.金属a.金属制成的,
2122,method,,/ˈmeθəd/,n.方法，办法,
2123,metre,,/'miːtə/,(美meter)n.米，公尺,
2124,Mexican,,/ˈmeksɪkən/,a.墨西哥的,
2125,Mexico,,/ˈmeksɪkəʊ/,*n.墨西哥,
2126,microcomputer,,/ˈmaɪkrəʊkəmpjuːtə(r)/,n.微机,
2127,microscope,,/ˈmaɪkrəskəʊp/,n.显微镜,
2128,microwave,,/ˈmaɪkrəʊweɪv/,n.微波,
2129,mid-autumn,,/mɪd-ˈɔːtəm/,n.中秋,
2130,midday,,/ˈmɪddeɪ/,n.中午，正午,
2131,middle,,/ˈmɪd(ə)l/,n.中间;当中;中级的,
2132,MiddleEast,,/ˈmɪd(ə)liːst/,n.中东,
2133,midnight,,/ˈmɪdnaɪt/,n.午夜,
2134,might,(may的过去式，助动词),/maɪt/,v.aux.可能，也许，或许,
2135,mild,,/maɪld/,a.温和，暖和的，凉爽的,
2136,mile,,/maɪl/,n.英里,
2137,milk,,/mɪlk/,n.牛奶vt.挤奶,
2138,million,,/ˈmɪlɪən/,num.百万n.百万个（人或物）,
2139,millionaire,,/mɪljəˈneə(r)/,n.百万富翁,
2140,mind,,/maɪnd/,n.思想，想法v.介意，关心,
2141,mine,,/maɪn/,n.矿藏，矿山vt.开采(矿物)pron.我的,
2142,mineral,,/ˈmɪnər(ə)l/,n.矿物质，矿物,
2143,minibus,,/ˈmɪnɪbʌs/,n.小型公共汽车,
2144,minimum,,/ˈmɪnɪməm/,a.最小的,
2145,miniskirt,,/ˈmɪnɪskɜːt/,n.超短裙,
2146,minister,,/ˈmɪnɪstə(r)/,n.部长；牧师,
2147,ministry,,/ˈmɪnɪstrɪ/,n.（政府的）部,
2148,minority,,/maɪˈnɔrɪtɪ;(US)-ˈnɔːr-/,n.少数；少数民族,
2149,minus,,/ˈmaɪnəs/,prep.&a.负的，减去的,
2150,minute,,/ˈmɪnɪt/,n.分钟;一会儿，瞬间,
2151,mirror,,/ˈmɪrə(r)/,n.镜子,
2152,miss,,/mɪs/,vt.失去，错过，缺,
2153,Miss.,,/mɪs/,n.小姐，女士(称呼未婚妇女),
2154,missile,,/ˈmɪsaɪl/,n导弹,
2155,mist,,/mɪst/,n.雾,
2156,mistake,(mistook，mistaken),/mɪsˈteɪk/,n.错误vt.弄错,
2157,mistaken,,/mɪsˈteɪkən/,a.错误的,
2158,misunderstand,(-stood，-stood),/mɪsʌndəˈstænd/,v.误会；不理解,
2159,mix,,/mɪks/,v.混合，搅拌,
2160,mixture,,/ˈmɪkstʃə(r)/,n.混合物,
2161,mm,(缩)millimetre,/'mɪlɪˌmiːtə(r)/,mm n.毫米,
2162,mobile,,/ˈməʊbaɪl;(US)məʊbl/,a.活动的，可移动的,
2163,mobilephone,,/ˈməʊbaɪlfəʊn/,手提电话，手机,
2164,model,,/ˈmɔd(ə)l/,n.模型，原形，范例，模范,
2165,modem,,/ˈməʊdem/,n.调制解调器,
2166,modern,,/ˈmɔd(ə)n/,a.现代的,
2167,modest,,/ˈmɔdɪst/,a.谦虚的；谦逊的,
2168,Mom,,/mɒm/,n.妈妈,
2169,moment,,/ˈməʊmənt/,n.片刻，瞬间,
2170,mommy,,/ˈmɔmɪ/,n.妈妈（美）,
2171,Monday,,/ˈmʌndeɪ，ˈmʌndɪ/,n.星期一,
2172,money,,/ˈmʌnɪ/,n.钱；货币,
2173,monitor,,/ˈmɔnɪtə(r)/,n.（班级内的）班长；纠察生；监视器,
2174,monkey,,/ˈmʌŋkɪ/,n.猴子,
2175,month,,/mʌnθ/,n.月，月份,
2176,monument,,/ˈmɔnjʊmənt/,n.纪念碑，纪念物,
2177,moon,,/muːn/,n.月球；月光；月状物,
2178,mooncake,,/muːnkeɪk/,n.月饼,
2179,mop,,/mɔp/,n./v.拖把拖地,
2180,moral,,/ˈmɔr(ə)l;(US)ˈmɔːrəl/,a.道德的n.寓意，道德启示,
2181,more,(much或many的比较级),/mɔː(r)/,a./ad.另外的；附加的；较多的再；另外；而且；更n.更多的量；另外的一些,
2182,morning,,/ˈmɔːnɪŋ/,n.早晨，上午,
2183,Moscow,,/ˈmɔskəʊ/,n.莫斯科,
2184,Moslem,,/ˈmɔzləm/,n.伊斯兰教徒，回教徒,
2185,Mosquito,,/məˈskiːtəʊ/,n.蚊子,
2186,most,(much或many的最高级),/məʊst/,a.&ad.最多n.大部分，大多数,
2187,mother,,/ˈmʌðə(r)/,n.母亲,
2188,motherland,,/ˈmʌðəlænd/,n.祖国,
2189,motivation,,/məʊtɪ'veɪʃn/,n.（做事的）动机,
2190,motor,,/ˈməʊtə(r)/,n.发动机，马达,
2191,motorbike,,/ˈməʊtəbaɪk/,n.摩托车,
2192,motorcycle,,/'məʊtəsaɪkl/,n.摩托车,
2193,motto,,/ˈmɔtəʊ/,n.箴言，格言,
2194,mountain,(mountains),/ˈmaʊntɪn(z)/,n.山，山脉,
2195,mountainous,,/ˈmaʊntɪnəs/,a.多山的,
2196,mourn,,/mɔːn/,vt.哀痛；哀悼,
2197,mouse,(复mice),/maʊs/,n.鼠，耗子；（计算机）鼠标,
2198,moustache,,/məs'tɑːʃ/,n.小胡子,
2199,mouth,,/maʊθ/,n.嘴，口,
2200,mouthful,,/ˈmaʊθfʊl/,n.满口，一口,
2201,move,,/muːv/,v.移动，搬动，搬家,
2202,movement,,/ˈmuːvmənt/,n.运动，活动,
2203,movie,,/ˈmuːvɪ/,n.（口语）电影,
2204,Mr.,(mister),/ˈmɪstə(r)/,n.先生（用于姓名前）,
2205,Mrs.,(mistress),/ˈmɪsɪz/,n.夫人，太太（称呼已婚妇女）,
2206,Ms.,,/mɪz/,n.女士(用在婚姻状况不明的女子姓名前),
2207,much,(more，most),/mʌtʃ/,a.许多的，大量的ad.非常；更加n.许多，大量，非常,
2208,mud,,/mʌd/,n.泥，泥浆,
2209,muddy,,/ˈmʌdɪ/,a.泥泞的,
2210,multiply,,/ˈmʌltɪplaɪ/,vt.乘；使相乘,
2211,murder,,/ˈmɜːdə(r)/,vt.谋杀,
2212,museum,,/mjuːˈzɪəm/,n.博物馆，博物院,
2213,mushroom,,/ˈmʌʃrʊm/,n.蘑菇,
2214,music,,/ˈmjuːzɪk/,n.音乐，乐曲,
2215,musical,,/ˈmjuːzɪk(ə)l/,a.音乐的，爱好音乐的n.音乐片,
2216,musician,,/mjuːˈzɪʃ(ə)n/,n.音乐家，乐师,
2217,must,,/mʌst/,v.必须，应当;必定是,
2218,mustard,,/ˈmʌstəd/,n.芥末，芥子粉,
2219,mutton,,/ˈmʌt(ə)n/,n.羊肉,
2220,my,,/maɪ/,pron.我的,
2221,myself,,/maɪˈself/,pron.我自己,
2222,nail,,/neɪl/,n.钉，钉子,
2223,name,,/neɪm/,n.名字，姓名，名称vt.命名，名叫,
2224,narrow,,/ˈnærəʊ/,a.狭窄的,
2225,nation,,/ˈneɪʃ(ə)n/,n.民族，国家,
2226,national,,/ˈnæʃən(ə)l/,a.国家的，全国性的，民族的,
2227,nationality,,/næʃəˈnælətɪ/,n.国籍,
2228,nationwide,,/ˈneɪʃ(ə)nwaɪd/,ad.全国范围内的，全国性的,
2229,native,,/ˈneɪtɪv/,a.本土的，本国的,
2230,natural,,/ˈnætʃər(ə)l/,a.自然的,
2231,nature,,/ˈneɪtʃə(r)/,n.自然，性质，种类,
2232,navy,,/ˈneɪvɪ/,n.海军,
2233,near,,/nɪə(r)/,a.近的ad.附近，邻近prep.在……附近，靠近,
2234,nearby,,/ˈnɪəbaɪ/,a.附近的,
2235,nearly,,/ˈnɪəlɪ/,ad.将近，几乎,
2236,neat,,/niːt/,a.整洁的；灵巧的,
2237,necessary,,/ˈnesəsərɪ;(US)ˈnesəserɪ/,a.必需的，必要的,
2238,neck,,/nek/,n.颈，脖子,
2239,necklace,,/ˈneklɪs/,n.项链,
2240,necktie,,/ˈnektaɪ/,n.领带，领花,
2241,need,,/niːd/,n.需要，需求aux.&v.需要，必须,
2242,needle,,/niːd(ə)l/,n.针,
2243,negotiate,,/nɪˈɡəʊʃɪeɪt/,v.谈判，协商,
2244,neighbour,(美neighbor),/ˈneɪbə(r)/,n.邻居，邻人,
2245,neighbourhood,(美neighborhood),/'neɪbəhʊd/,n.四邻；邻近地区,
2246,neither,,/ˈnaɪðə(r)，ˈniːðə(r)/,a.（两者）都不;也不,
2247,nephew,,/ˈnefjuː，ˈnevjuː/,n.侄子，外甥,
2248,nervous,,/ˈnɜːvəs/,a.紧张不安的,
2249,nest,,/nest/,n.巢；窝,
2250,net,,/net/,n.网,
2251,network,,/ˈnetwɜːk/,n.网络，网状系统,
2252,never,,/ˈnevə(r)/,ad.决不，从来没有,
2253,new,,/njuː;(US)nuː/,a.新的；新鲜的,
2254,NewYork,,/njuːjɔːk/,n.纽约,
2255,NewZealand,,/njuː'ziːlənd/,*n.新西兰,
2256,NewZealander,,/njuː'ziːləndə/,n.新西兰人,
2257,news,,/njuːz;(US)nuːz/,n.新闻，消息,
2258,newspaper,,/njuːz;(US)nuːz/,n.报纸,
2259,next,,/nekst/,a.最近的，紧挨着的，隔壁的；下一次ad.随后，然后，下一步n.下一个人（东西）,
2260,nice,,/naɪs/,a.令人愉快;好的漂亮的,
2261,niece,,/niːs/,n.侄女，甥女,
2262,night,,/naɪt/,n.夜；夜间,
2263,night-club,,/naɪt-klʌb/,n.夜总会,
2264,nine,,/naɪn/,num.九,
2265,nineteen,,/naɪnˈtiːn/,num.十九,
2266,ninety,,/ˈnaɪntɪ/,num.九十,
2267,ninth,,/naɪnθ/,num.第九,
2268,no,,/nəʊ/,ad.不，不是a.没有，无，不,
2269,No.,(number),/ˈnʌmbə(r)/,(缩)n.数字;号码,
2270,noble,,/ˈnəʊb(ə)l/,a.高贵的，贵族的,
2271,nobody,,/ˈnəʊbədɪ/,n.渺小人物pron.没有人，谁也不,
2272,nod,,/nɔd/,vi.点头,
2273,noise,,/nɔɪz/,n.声音，噪声，喧闹声,
2274,noisily,,/'nɔɪzɪlɪ/,ad.喧闹地,
2275,noisy,,/ˈnɔɪzɪ/,a.喧闹的，嘈杂的,
2276,none,,/nʌn/,pron.无任何东西，无一人,
2277,non-stop,,/nʌn-stɔp/,a.&ad.不停的，不断地,
2278,non-violent,,/nɔn-ˈvaɪələnt/,a.非暴力的,
2279,noodle,,/ˈnuːd(ə)l/,n.面条,
2280,noon,,/nuːn/,n.中午，正午,
2281,nor,,/nɔː(r)/,conj.也不,
2282,normal,,/ˈnɔːm(ə)l/,n.&a.正常的（状态）,
2283,north,,/nɔːθ/,a.北的;朝北的;从北来的ad.向（在，从）北方n.北;北方;北部,
2284,northeast,,/nɒːθ'iːst/,n.东北（部）,
2285,northern,,/ˈnɔːð(ə)n/,a.北方的，北部的,
2286,northwards,,/ˈnɔːθwədz/,ad.向北,
2287,northwest,,/nɒːθ'west/,n.西北,
2288,nose,,/nəʊz/,n.鼻,
2289,not,,/nɔt/,ad.不，没,
2290,note,,/nəʊt/,n.便条，笔记，注释；钞票，纸币；音符，音调vt.记下，记录；注意，留意,
2291,notebook,,/ˈnəʊtbʊk/,n.笔记簿,
2292,nothing,,/ˈnʌθɪŋ/,n.没有东西，没有什么adv.一点也不；并不,
2293,notice,,/ˈnəʊtɪs/,n.布告，通告；注意vt.注意，注意到,
2294,novel,,/ˈnɔv(ə)l/,n.（长篇）小说,
2295,novelist,,/ˈnɔvəlɪst/,n.小说家,
2296,November,,/nəʊˈvembə(r)/,n.11月,
2297,now,,/naʊ/,ad.现在,
2298,nowadays,,/ˈnaʊədeɪz/,ad.当今，现在,
2299,nowhere,,/ˈnəʊweə(r);(US)ˈnəʊhweər/,ad.任何地方都不，无处,
2300,nuclear,,/ˈnjuːklɪə(r)/,a.原子核的，原子能的，核动力的,
2301,numb,,/nʌm/,a.麻木的，失去知觉的，迟钝的,
2302,number,,/ˈnʌmbə(r)/,n.数，数字，号码，数量,
2303,nurse,,/nɜːs/,n.护士；保育员,
2304,nursery,,/ˈnɜːsərɪ/,n.托儿所,
2305,nursing,,/nɜːsɪŋ/,n.(职业性的）保育，护理,
2306,nut,,/nʌt/,n.坚果，果仁(胡桃，栗子等),
2307,nutrition,,/njuːˈtrɪʃ(ə)n/,n.营养，滋养,
2308,nylon,,/ˈnaɪlɔn/,n.尼龙,
2309,obey,,/əʊˈbeɪ/,v.服从，顺从，听从,
2310,object,,/ˈɔbdʒɪkt/,n.物，物体；宾语,
2311,observe,,/əbˈzɜːv/,v.观察，监视，观测,
2312,obtain,,/əbˈteɪn/,vt.获得；得到,
2313,obvious,,/ˈɔbvɪəs/,a.显然,
2314,occupation,,/ɔkjʊˈpeɪʃ(ə)n/,n.职业，工作,
2315,occur,,/əˈkɜː(r)/,vi.发生,
2316,ocean,,/ˈəʊʃ(ə)n/,n.海洋,
2317,Oceania,,/ˌəʊʃɪ'eɪnɪə/,n.大洋洲,
2318,o'clock,,/əˈklɔk/,n.点钟,
2319,October,,/ɔkˈtəʊbə(r)/,n.10月,
2320,of,,/ɔv，əv;(US)ɔːf/,prep.(表所属，数量，)….的,
2321,off,,/ˈɔf;(US)ɔːf/,prep.离开，脱离，（走）开,
2322,ad,,/æd/,.离开；（电自来水）停了，中断,
2323,offence,,/of·fence||ə'fens/,n.违法行为，犯罪,
2324,offer,,/ˈɔfə(r);(US)ɔːfər/,n.&vt.提供；建议,
2325,office,,/ˈɔfɪs;(US)ˈɔːfɪs/,n.办公室,
2326,officer,,/ˈɔfɪsə(r);(US)ˈɔːfɪsər/,n.军官;公务员，官员；警察，警官,
2327,official,,/əˈfɪʃ(ə)l;(US)ˈɔːf-/,n.（公司、团体或政府）官员，高级职员a.官方，政府的,
2328,offshore,,/ˈɔfʃɔː(r);(US)ˈɔːf-/,a.近海的,
2329,often,,/ˈɔf(ə)n;(US)ˈɔːfn/,ad.经常，常常,
2330,oh,,/əʊ/,int.哦！啊！,
2331,oil,,/ɔɪl/,n.油,
2332,oilfield,,/ˈɔɪlfiːld/,n.油田,
2333,OK,,/əʊˈkeɪ/,ad.（口语）好，对，不错,
2334,old,,/əʊld/,a.老的，旧的,
2335,Olympic,(Olympics),/əˈlɪmpɪk/,a.&n.奥林匹克,
2336,OlympicGames,,/əˈlɪmpɪkɡeɪms/,n.奥运会,
2337,omelette,,/ˈɔmlɪt/,n.煎蛋卷；煎蛋饼,
2338,on,,/ɔn/,prep.在…上（时），关于ad.（穿，放…）上；接通；进行下去（电灯）开,
2339,once,,/wʌns/,n.&ad.一次，一度，从前conj.一旦,
2340,one,,/wʌn/,pron.一（个，只…）(pl.ones)num.一,
2341,oneself,,/wʌnˈself/,pron.自己；自身,
2342,onion,,/ˈʌnjən/,n.洋葱；洋葱头,
2343,only,,/ˈəʊnlɪ/,a.惟一的，仅有的ad.仅仅，只，才,
2344,onto,,/ˈɔntʊ/,prep.到…的上面,
2345,open,,/ˈəʊpən/,a.开着的，开的vt.开，打开,
2346,opener,,/ˈəʊpənə(r)/,n.开具，启子,
2347,opening,,/ˈəʊpənɪŋ/,n.开放，口子,
2348,opera,,/ˈɔpərə/,n.歌剧,
2349,operahouse,,/ˈɔpərəhaʊs/,n.歌剧院，艺术剧院,
2350,operate,,/ˈɔpəreɪt/,v.做手术，运转；实施，负责，经营，管理,
2351,operation,,/ɔpəˈreɪʃ(ə)n/,n.手术，操作,
2352,operator,,/ˈɔpəreɪtə(r)/,n.接线员,
2353,opinion,,/əˈpɪnjən/,n.看法，见解,
2354,oppose,,/əˈpəʊz/,vt.反对；反抗,
2355,opposite,,/ˈɔpəzɪt/,n.相反，对面a.相反的，对面的,
2356,optimistic,,/ɔptɪˈmɪstɪk/,a.乐观的,
2357,optional,,/ˈɔpʃən(ə)l/,a.可选择的，选修的,
2358,or,,/ə(r)，ɔː(r)/,conj.或；就是；否则,
2359,oral,,/ˈɔːrəl/,a.口述的，口头上的,
2360,orange,,/ˈɔrɪndʒ;(US)ˈɔːr-/,n.橘子，橙子，橘汁a.橘色的，橙色的,
2361,orbit,,/ˈɔːbɪt/,n.（天体等的）运行轨道,
2362,order,,/ˈɔːdə(r)/,n.顺序,
2363,order,,/ˈɔːdə(r)/,vt.定购，定货；点菜,
2364,ordinary,,/ˈɔːdɪnərɪ;(US)ˈɔːrdənerɪ/,a.普通的，平常的,
2365,organ,,/ˈɔːɡən/,n.（人，动物）器官,
2366,organise,(美organize),/'ɔːgənaɪz/,vt.组织,
2367,organiser,(organizer),/'ɔːgənaɪzə/,n.组织者,
2368,organization,,/ɔːɡənaɪˈzeɪʃ(ə)n/,n.组织，机构,
2369,origin,,/ˈɔrɪdʒɪn/,n.起源，由来,
2370,other,,/ˈʌðə(r)/,pron.别人，别的东西a.别的，另外的,
2371,otherwise,,/ˈʌðəwaɪz/,ad.要不然，否则，另样,
2372,Ottawa,,/ˈɔtəwə/,n.渥太华,
2373,ouch,,/aʊtʃ/,int（突然受痛时叫声）哎哟,
2374,ought,,/ɔːt/,v.&aux.应该，应当,
2375,our,,/ˈaʊə(r)/,pron.我们的,
2376,ours,,/ˈaʊəz/,pron.我们的,
2377,ourselves,,/aʊəˈselvz/,pron.我们自己,
2378,out,,/aʊt/,ad.出外;在外，向外;熄,
2379,outcome,,/ˈaʊtkʌm/,n.结果，效果,
2380,outdoors,,/aʊtˈdɔːz/,ad.在户外，在野外,
2381,outer,,/ˈaʊtə(r)/,a.外部的，外面的,
2382,outgoing,,/ˈaʊtɡəʊɪŋ/,a.爱交际的，外向的,
2383,outing,,/ˈaʊtɪŋ/,n.郊游，远足,
2384,outline,,/ˈaʊtlaɪn/,n.概述，略述,
2385,output,,/ˈaʊtpʊt/,n.产量，输出量,
2386,outside,,/aʊtˈsaɪd/,n.外面ad.在外面；向外面prep.在…外面,
2387,outspoken,,/aʊtˈspəʊkən/,a.直率，坦诚,
2388,outstanding,,/aʊtˈstændɪŋ/,a.优秀的，杰出的,
2389,outward,,/ˈaʊtwəd/,ad.向外的，外出的,
2390,outwards,,/ˈaʊtwəd/,ad.向外的，外出的,
2391,oval,,/ˈəʊv(ə)l/,n.&adj.椭圆；椭圆形的,
2392,over,,/ˈəʊvə(r)/,prep.在…上方，越过，遍及ad.翻倒，遍布，越过，结束,
2393,overcoat,,/ˈəʊvəkəʊt/,n.大衣,
2394,overcome,,/əʊvəˈkʌm/,v.克服，解决,
2395,overhead,,/əʊvəˈhed/,a.在头顶上;架空的,
2396,overlook,,/əʊvəˈlʊk/,v.忽略，不予理会,
2397,overweight,,/əʊvəˈweɪt/,a.太胖的，超重的,
2398,owe,,/əʊ/,vt.欠（债等）,
2399,own,,/əʊn/,a.自己的v.拥有，所有,
2400,owner,,/ˈəʊnə(r)/,n.物主，所有人,
2401,ownership,,/ˈəʊnəʃɪp/,n.所有制,
2402,ox,(复oxen),/ɔks/,n.牛；公牛,
2403,oxygen,,/ˈɔksɪdʒ(ə)n/,n.氧；氧气,
2404,pace,,/peɪs/,n.步子；节奏,
2405,Pacific,,/pəˈsɪfɪk/,a.太平洋的,
2406,thePacificOcean,,/ðə pəˈsɪfɪkˈəʊʃ(ə)n/,太平洋,
2407,pack,,/pæk/,n.包，捆;（猎犬、野兽的）一群v.(为运输或储存而)打包,
2408,package,,/ˈpækɪdʒ/,n.（尤指包装好或密封的容器）一包，一袋，一盒,
2409,packet,,/ˈpækɪt/,n.小包裹，袋,
2410,paddle,,/ˈpæd(ə)l/,n.桨状物，蹼,
2411,page,,/peɪdʒ/,n.页，页码,
2412,pain,,/peɪn/,n.疼痛，疼,
2413,painful,,/ˈpeɪnfʊl/,a.使痛的，使痛苦的,
2414,paint,,/peɪnt/,n.油漆vt.油漆，粉刷，绘画,
2415,painter,,/ˈpeɪntə(r)/,n.绘画者，（油）画家,
2416,painting,,/ˈpeɪntɪŋ/,n.油画，水彩画,
2417,pair,,/peə(r)/,n.一双，一对,
2418,palace,,/ˈpælɪs/,n.宫，宫殿,
2419,pale,,/peɪl/,a.苍白的，灰白的,
2420,pan,,/pæn/,n.平底锅,
2421,pancake,,/ˈpænkeɪk/,n.薄煎饼,
2422,panda,,/ˈpændə/,n.熊猫,
2423,panic,,/ˈpænɪk/,a./v.惊慌，恐慌，惶恐不安,
2424,paper,,/ˈpeɪpə(r)/,n.纸；报纸,
2425,paperwork,,/ˈpeɪpəwɜːk/,n.日常文书工作,
2426,paragraph,,/ˈpærəɡrɑːf;(US)ˈpærəgræf/,n.（文章的）段落,
2427,parallel,,/'pærəlel/,n.极其相似的人，纬线,
2428,parcel,,/ˈpɑːs(ə)l/,n.包裹,
2429,pardon,,/ˈpɑːd(ə)n/,n.原谅，宽恕，对不起,
2430,parent,,/ˈpeərənt/,n.父(母)，双亲,
2431,Paris,,/ˈpærɪs/,n.巴黎,
2432,park,,/ˈpærɪs/,n.公园,
2433,park,,/pɑːk/,vt.停放（汽车）,
2434,parking,,/ˈpɑːkɪŋ/,n.停车,
2435,parrot,,/ˈpærət/,n.鹦鹉,
2436,part,,/pɑːt/,n.部分；成分；角色；部件；零件a.局部的；部分的v.分离；分开；分割,
2437,participate,,/pɑːˈtɪsɪpeɪt/,v.参加，参与,
2438,particular,,/pəˈtɪkjʊlə(r)/,a.特殊的，个别的,
2439,partly,,/ˈpɑːtlɪ/,ad.部分地，在一定程度上,
2440,partner,,/ˈpɑːtnə(r)/,n.搭档，合作者,
2441,part-time,,/pɑːt-taɪm/,a.&ad.兼职的；部分时间的（地）,
2442,pass,,/pɑːs;(US)pæs/,vt.传，递；经过；通过,
2443,passage,,/ˈpæsɪdʒ/,n.（文章等的）一节，一段；通道；走廊,
2444,passenger,,/ˈpæsɪndʒə(r)/,n.乘客，旅客,
2445,passer-by,,/'pɑːsə-baɪ/,n.过客，过路人,
2446,passive,,/ˈpæsɪv/,a.被动的,
2447,passport,,/ˈpɑːspɔːt;(US)ˈpæ-/,n.护照,
2448,past,,/pɑːst;(US)pæst/,ad.过n.过去，昔日，往事prep.过…，走过某处,
2449,patent,,/ˈpeɪt(ə)nt;(US)ˈpætnt/,n.专利权，专利证书,
2450,path,,/pɑːθ;(US)pæθ/,n.小道，小径,
2451,patience,,/'peɪʃəns/,n.容忍；耐心,
2452,patient,,/ˈpeɪʃ(ə)nt/,n.病人,
2453,pattern,,/ˈpæt(ə)n/,n.式样,
2454,pause,,/pɔːz/,n.&vi.中止，暂停；停止,
2455,pay,(paid，paid),/peɪ/,v.付钱，给…报酬n.工资,
2456,P.E.,(缩)physical education,/piːiː/,体育,
2457,P.C.,(缩)personal computer,/piːsiː/,个人电脑,
2458,pea,,/piː/,n.豌豆,
2459,peace,,/piːs/,n.和平,
2460,peaceful,,/ˈpiːsfʊl/,a.和平的，安宁的,
2461,peach,,/piːtʃ/,n.桃子,
2462,pear,,/peə(r)/,n.梨子，梨树,
2463,peasant,,/ˈpezənt/,n.农民；佃农,
2464,pedestrian,,/pɪˈdestrɪən/,n.步行者，行人,
2465,pen,,/pen/,n.钢笔，笔,
2466,pencil,,/ˈpens(ə)l/,n.铅笔,
2467,pencil-box,,/ˈpens(ə)l-bɔks/,n.铅笔盒,
2468,pen-friend,,/pen-frɪend/,n.笔友,
2469,penny,(英复pence),/ˈpenɪ/,n.（英）便士；美分,
2470,pension,,/ˈpenʃ(ə)n/,n.养老金,
2471,people,,/ˈpiːp(ə)l/,n.人，人们；人民,
2472,pepper,,/ˈpepə(r)/,n.胡椒粉,
2473,per,,/pə(r)/,prep.每，每一,
2474,percent,,/pəˈsent/,n.百分之……,
2475,percentage,,/pəˈsentədʒ/,n.百分率,
2476,perfect,,/kwestʃəˈneə(r)/,a.完美的，极好的,
2477,perform,,/pəˈfɔːm/,v.表演，履行；行动,
2478,performance,,/pəˈfɔːm/,n.演出，表演,
2479,performer,,/pəˈfɔːmə(r)/,n.表演者，执行者,
2480,perfume,,/ˈpɜːfjuːm/,n.香水,
2481,perhaps,,/pəˈhæps/,ad.可能，或,
2482,period,,/ˈpɪərɪəd/,n.时期，时代,
2483,permanent,,/ˈpɜːmənənt/,a.永久的，永恒的,
2484,permission,,/pəˈmɪʃ(ə)n/,n.允许，许可，同意,
2485,permit,,/pəˈmɪt/,vt.许可，允许;执照n.许可证,
2486,person,,/ˈpɜːs(ə)n/,n.人,
2487,personal,,/ˈpɜːsən(ə)l/,a.个人的，私人的,
2488,personnel,,/pɜːsəˈnel/,n.全体人员，职员,
2489,personally,,/ˈpɜːsənəlɪ/,ad.就自己而言,
2490,persuade,,/ˈpɜːsənəlɪ/,vt.说服，劝说,
2491,pest,,/pest/,n.害虫,
2492,pet,,/pet/,n.宠物，爱畜,
2493,petrol,,/ˈpetr(ə)l/,n.石油,
2494,phenomenon,(pl.phenomena),/fɪˈnɔmɪnən;(US)-nɔn-/,n.现象,
2495,phone,telephone,/fəʊn/,v.打电话n.电话，电话机,
2496,phone-booth,,/fəʊn-buːð/,n.公用电话间,
2497,photo,(photograph),/ˈfəʊtəʊ/,n.照片,
2498,photograph,,/ˈfəʊtəɡrɑːf;(US)-ɡræf/,n.照片,
2499,photographer,,/fəˈtɔɡrəfə(r)/,n.摄影师,
2500,phrase,,/freɪz/,n.短语；习惯用语,
2501,physical,,/ˈfɪzɪk(ə)l/,a.身体的；物理的,
2502,physician,,/fɪˈzɪʃ(ə)n/,n.(有行医执照的)医生,
2503,physicist,,/ˈfɪzɪsɪst/,n.物理学家,
2504,physics,,/ˈfɪzɪks/,n.物理（学）,
2505,pianist,,/ˈfɪzɪks/,n.钢琴家,
2506,piano,,/pɪˈænəʊ/,n.钢琴,
2507,pick,,/pɪk/,v.拾起，采集；挑选,
2508,picnic,,/ˈpɪknɪk/,n.&v.野餐,
2509,picture,,/ˈpɪktʃə(r)/,n.图片，画片，照片,
2510,pie,,/paɪ/,n.甜馅饼,
2511,piece,,/paɪ/,n.一块（片，张，件…）,
2512,pig,,/paɪ/,n.猪,
2513,pile,,/paɪ/,n.堆,
2514,pill,,/pɪl/,n.药丸，药片,
2515,pillow,,/pɪl/,n.枕头,
2516,pilot,,/ˈpaɪlət/,n.飞行员,
2517,pin,,/pɪn/,n.别针v.别住，钉住,
2518,pine,,/paɪn/,n.松树,
2519,pineapple,,/ˈpaɪnæp(ə)l/,n.菠萝,
2520,ping-pong,,/pɪŋ-pɔɡ/,n.乒乓球,
2521,pint,,/paɪnt/,n.（液量单位）品脱,
2522,pioneer,,/paɪəˈnɪə(r)/,n.先锋，开拓者,
2523,pipe,,/paɪp/,n.管子，输送管,
2524,pity,,/ˈpɪtɪ/,n.怜悯，同情,
2525,place,,/pleɪs/,n.地方，处所v.放置，安置，安排,
2526,plain,,/pleɪn/,a.家常的；普通的,
2527,plan,,/plæn/,n.&v.计划，打算,
2528,plane,,/pleɪn/,n.飞机,
2529,planet,,/ˈplænɪt/,n.行星,
2530,plant,,/plɑːnt;(US)ˈplænt/,vt.种植，播种n.植物,
2531,plastic,,/ˈplæstɪk/,a.塑料的,
2532,plate,,/pleɪt/,n.板；片；牌；盘子；盆子,
2533,platform,,/ˈplætfɔːm/,n.讲台，(车站的)月台,
2534,play,,/pleɪ/,v.玩；打（球）；游戏；播放n.玩耍，戏剧,
2535,playroom,,/'pleɪ，ruːm/,n.游戏室,
2536,player,,/ˈpleɪə(r)/,n.比赛者，选手,
2537,playground,,/ˈpleɪgraʊnd/,n.操场，运动场,
2538,playmate,,/ˈpleɪmeɪt/,n.玩伴,
2539,pleasant,,/ˈplezənt/,a.令人愉快的，舒适的,
2540,please,,/pliːz/,v.请，使人高兴，使人满意,
2541,pleased,,/pliːzd/,a.高兴的,
2542,pleasure,,/pliːzd/,n.高兴，愉快,
2543,plenty,,/pliːzd/,n.充足，大量,
2544,plot,,/plɔt/,v./n.故事情节，密谋,
2545,plug,,/plʌɡ/,n.塞子vt.（用塞子）把…塞住,
2546,plus,,/plʌs/,prep.加，加上,
2547,p.m.,,/piːem/,n.下午，午后,
2548,pm,,/piːem/,n.下午，午后,
2549,P.M.,,/piːem/,n.下午，午后,
2550,PM,,/piːem/,n.下午，午后,
2551,pocket,,/ˈpɔkɪt/,n.（衣服的）口袋,
2552,poem,,/ˈpəʊɪm/,n.诗,
2553,poet,,/ˈpəʊɪt/,n.诗人,
2554,point,,/pɔɪnt/,v.指，指向n.点；分数,
2555,poison,,/ˈpɔɪz(ə)n/,n.毒药,
2556,poisonous,,/ˈpɔɪzənəs/,a.有毒的，致命的,
2557,pole,,/pəʊl/,n.杆，电线杆；,
2558,the North Pole,(the South Pole),/ðənɔːθpəʊ/,（地球的）极，极地北（南）极,
2559,police,,/pəˈliːs/,n.警察，警务人员,
2560,policeman,(复-men),/pəˈliːsmən/,n.警察，巡警policewoman(-women)n.女警察,
2561,policy,,/ˈpɔlɪsɪ/,n.政策，方针，原则,
2562,polish,,/ˈpɔlɪsɪ/,v.擦亮n.擦光剂，亮光剂,
2563,polite,,/pəˈlaɪt/,a.有礼貌的，有教养的,
2564,political,,/pəˈlɪtɪk(ə)l/,a.政治的,
2565,politician,,/pɔlɪˈtɪʃ(ə)n/,n.政治家,
2566,politics,,/ˈpɔlɪtɪks/,n.政治,
2567,pollute,,/pəˈluːt/,vt.污染,
2568,pollution,,/pəˈluːʃ(ə)n/,n.污染,
2569,pond,,/pɔnd/,n.池塘,
2570,pool,,/puːl/,n.水塘，水池,
2571,poor,,/pʊə(r)/,a.贫穷；可怜；不好的，差的,
2572,pop,(popular),/pɔp/,a.(口语)（音乐、艺术等）大众的，通俗的,
2573,popcorn,,/ˈpɔpkɔːn/,n.爆米花,
2574,popular,,/ˈpɔpjʊlə(r)/,a.流行，大众，受欢迎的,
2575,population,,/pɔpjʊˈleɪʃ(ə)n/,n.人口，人数,
2576,pork,,/pɔːk/,n.猪肉,
2577,porridge,,/ˈpɔrɪdʒ;(US)ˈpɔːrɪdʒ/,n.稀饭，粥,
2578,port,,/pɔːt/,n.港口，码头,
2579,portable,,/ˈpɔːtəb(ə)l/,a.手提的，便携式的,
2580,porter,,/ˈpɔːtə(r)/,n.（火车站或旅馆处的）搬运工,
2581,position,,/pəˈzɪʃ(ə)n/,n.位置,
2582,possess,,/pəˈzɪʃ(ə)n/,vt.占有；拥有,
2583,possession,,/pəˈzeʃ(ə)n/,n.所有，拥有；财产，所有物,
2584,possibility,,/pɔsɪˈbɪlɪtɪ/,vn.可能，可能性,
2585,possible,,/ˈpɔsɪb(ə)l/,a.可能的,
2586,post,,/pəʊst/,n.邮政，邮寄，邮件v.投寄；邮寄,
2587,postage,,/ˈpəʊstɪdʒ/,n.邮费,
2588,postbox,,/ˈpəʊstbɔks/,n.邮箱,
2589,postcard,,/ˈpəʊstkɑːd/,n.明信片,
2590,postcode,,/ˈpəʊstkəʊd/,n.（英）邮政编码,
2591,poster,,/ˈpəʊstə(r)/,n.(贴在公共场所的大型)招贴；广告(画),
2592,postman,,/ˈpəʊstmən/,n.邮递员,
2593,postpone,,/pəʊstˈpəʊn/,vt.推迟，延期,
2594,pot,,/pɔt/,n.锅，壶，瓶，罐,
2595,potato,,/pəˈteɪtəʊ/,n.土豆，马铃薯,
2596,potential,,/pəˈtenʃ(ə)l/,a.潜在的，可能的,
2597,pound,,/pəˈtenʃ(ə)l/,n.磅；英镑,
2598,pour,,/pɔː(r)/,vi.倾泻，不断流出,
2599,powder,,/ˈpaʊdə(r)/,n.粉，粉末,
2600,power,,/ˈpaʊdə(r)/,n.力，动力，电力,
2601,powerful,,/ˈpaʊəfʊl/,a.效力大的，强有力的，强大的,
2602,practical,,/ˈpræktɪk(ə)l/,a.实际的，适用的,
2603,practice(s)e,,/ˈpræktɪs/,n.练习,
2604,prairie,,/ˈpreərɪ/,n.大草原,
2605,praise,,/preɪz/,n.&vt.赞扬，表扬,
2606,pray,,/preɪ/,v.祈祷；祈求,
2607,prayer,,/preə(r)/,n.祈祷,
2608,precious,,/ˈpreʃəs/,a.宝贵的，珍贵的,
2609,precise,,/prɪˈsaɪs/,a.准确，精确的，确切的,
2610,predict,,/prɪˈdɪkt/,v.预言，预告，预报,
2611,prefer,,/prɪˈfɜː(r)/,vt.宁愿（选择），更喜欢,
2612,preference,,/ˈprefərəns/,n.选择，趋向,
2613,pregnant,,/ˈpreɡnənt/,a.怀孕的,
2614,prejudice,,/ˈpredʒʊdɪs/,n.偏见，成见,
2615,premier,,/ˈpremɪə(r);(US)priːˈmɪər/,n.首相，总理,
2616,preparation,,/prepəˈreɪʃ(ə)n/,n.准备,
2617,prepare,,/prɪˈpeə(r)/,vt.准备，预备，调制，配制,
2618,prescription,,/prɪˈskrɪpʃ(ə)n/,n.处方，药方,
2619,present,,/ˈprez(ə)nt/,a.出现的，出席的n.礼物，赠品vt.呈奉，奉送,
2620,presentation,,/prezənˈteɪʃ(ə)n;(US)priːzenˈteʃn/,n.演示，演出,
2621,preserve,,/prezənˈteɪʃ(ə)n;(US)priːzenˈteʃn/,v.保护，保留，保存,
2622,president,,/ˈprezɪdənt/,n.总统；主席,
2623,press,,/ˈprezɪdənt/,vt.压，按n.新闻界，出版社,
2624,pressure,,/ˈpreʃə(r)/,n.压迫，压力，压强,
2625,pretend,,/ˈpreʃə(r)/,vi.假装，装作,
2626,pretty,,/ˈprɪtɪ/,a.漂亮的，俊俏的,
2627,prevent,,/prɪˈvent/,vt.防止，预防,
2628,preview,,/ˈpriːvjuː/,vt.预习;试演;预展,
2629,price,,/praɪs/,n.价格，价钱,
2630,pride,,/praɪd/,n.自豪，骄傲,
2631,primary,,/ˈpraɪmərɪ/,a.初等的；初级的,
2632,primaryschool,,/ˈpraɪmərɪskuːl/,小学,
2633,primitive,,/ˈprɪmɪtɪv/,a.原始的，远古的,
2634,principle,,/ˈprɪnsɪp(ə)l/,n.道德原则，法则,
2635,print,,/prɪnt/,vt.印刷,
2636,printer,,/ˈprɪntə(r)/,n.打印机,
2637,printing,,/ˈprɪntɪŋ/,n.印刷，印刷术,
2638,prison,,/ˈprɪz(ə)n/,n.监狱,
2639,prisoner,,/ˈprɪznə(r)/,n.囚犯,
2640,private,,/ˈpraɪvɪt/,a.私人的,
2641,privilege,,/ˈprɪvɪlɪdʒ/,特权，特殊待遇,
2642,prize,,/praɪz/,n.奖赏，奖品,
2643,probable,,/ˈprɔbəb(ə)l/,a.很可能，很有希望的,
2644,probably,,/ˈprɔbəb(ə)lɪ/,ad.很可能，大概,
2645,problem,,/ˈprɔbləm/,n.问题，难题,
2646,procedure,,/prəˈsiːdʒə(r)/,n.程序，手续，待遇,
2647,process,,/ˈprəʊses;(US)ˈprɔses/,n./v.过程，加工，处理,
2648,produce,,/prəˈdjuːs;(US)-ˈduːs/,vt.生产；制造,
2649,product,,/ˈprɔdʌkt/,n.产品，制品,
2650,production,,/prəˈdʌkʃ(ə)n/,n.生产；制造,
2651,profession,,/prəˈfeʃ(ə)n/,n.（需要有高等教育学位的）职业（如医生或律师）,
2652,professor,,/prəˈfesə(r)/,n.教授,
2653,profit,,/ˈprɔfɪt/,n.利润，收益,
2654,programme,,/'prəʊgræm/,(美program)n.节目；项目,
2655,progress,,/ˈprəʊɡres;(US)ˈprɔɡres/,n.进步，上进vi.进展，进行,
2656,prohibit,,/prəˈhɪbɪt/,v.禁止,
2657,project,,/ˈprɔdʒekt/,n.工程,
2658,promise,,/ˈprɔmɪs/,n.&vi.答应，允诺,
2659,promote,,/prəˈməʊt/,v.促进，推动，促销，晋升,
2660,pronounce,,/prəˈnaʊns/,vt.发音,
2661,pronunciation,,/prənʌnsɪˈeɪʃ(ə)n/,n.发音,
2662,proper,,/ˈprɔpə(r)/,a.恰当的，合适的,
2663,properly,,/ˈprɔpəlɪ/,ad.适当地,
2664,protect,,/prəˈtekt/,vt.保护,
2665,protection,,/prəˈtekʃ(ə)n/,n.保护,
2666,proud,,/praʊd/,a.自豪的；骄傲的,
2667,prove,,/pruːv/,vt.证明,
2668,provide,,/prəˈvaɪd/,vt.提供,
2669,province,,/ˈprɔvɪns/,n.省,
2670,psychology,,/saɪˈkɔlədʒɪ/,n.心理学,
2671,pub,,/pʌb/,n.酒店，酒吧,
2672,public,,/ˈpʌblɪk/,a.公共，公众的n.公众,
2673,publicly,,/ˈpʌblɪklɪ/,ad.当众；公开地,
2674,publish,,/ˈpʌblɪʃ/,t.出版，发行,
2675,pull,,/pʊl/,拉，拖n.拉力，引力,
2676,pulse,,/pʌls/,n.脉搏，（光、能量、波等的）脉动，搏动,
2677,pump,,/ˈpʌmp/,t.用泵抽水,
2678,punctual,,/ˈpʌŋktjʊəl/,a.准时的,
2679,punctuate,,/ˈpʌŋktjʊeɪt/,v.加标点,
2680,punctuation,,/，pʌŋktjʊ'eɪʃən/,n.标点符号,
2681,punish,,/ˈpʌnɪʃ/,v.惩罚，处罚,
2682,punishment,,/ˈpʌnɪʃmənt/,n.惩罚,
2683,pupil,,/ˈpjuːpɪl/,n.（小）学生,
2684,purchase,,/ˈpɜːtʃəs/,v.购买，采购,
2685,pure,,/pjʊə(r)/,a.纯的，不掺杂的,
2686,purple,,/ˈpɜːp(ə)l/,n./a.紫色,
2687,purpose,,/ˈpɜːpəs/,n.目的，意图,
2688,purse,,/pɜːs/,n.钱包,
2689,push,,/pʊʃ/,n.&v.推,
2690,put,(put，put),/pʊt/,vt.放，摆,
2691,puzzle,,/ˈpʌz(ə)l/,n.难题，（字、画）谜,
2692,puzzled,,/ˈpʌz(ə)l/,a.迷惑的，困惑的,
2693,pyramid,,/ˈpɪrəmɪd/,n.角锥形，金字塔,
2694,quake,,/kweɪk/,n.&v.震动，颤抖,
2695,qualification,,/kwɔlɪfɪˈkeɪʃ(ə)n/,n.资格，学历,
2696,quality,,/ˈkwɔlɪtɪ/,n.质量，性质,
2697,quantity,,/ˈkwɔntətɪ/,n.量，数,
2698,quarrel,,/ˈkwɔrəl;(US)ˈkwɔːrəl/,vi.争吵，吵架,
2699,quarter,,/ˈkwɔːtə(r)/,n.四分之一，一刻钟,
2700,queen,,/kwiːn/,n.皇后，女王,
2701,question,,/ˈkwestʃ(ə)n/,vt.询问n.问题,
2702,questionnaire,,/kwestʃəˈneə(r)/,n.调查表，问卷,
2703,queue,,/kjuː/,n.行列，长队,
2704,quick,,/kwɪk/,a.快；敏捷的；急剧的ad.快地；敏捷地；急剧地,
2705,quiet,,/ˈkwaɪət/,a.安静的；寂静的,
2706,quilt,,/kwɪlt/,n.被子；被状物,
2707,quit,,/kwɪt/,v.离任，离校，戒掉,
2708,quite,,/kwaɪt/,ad.完全，十分,
2709,quiz,,/kwɪz/,n.测验，小型考试,
2710,rabbit,,/ˈræbɪt/,n.兔，家兔,
2711,race,,/reɪs/,n.种族，民族v.（速度）竞赛，比赛n.赛跑，竞赛,
2712,racial,,/ˈreɪʃ(ə)l/,a.种族的,
2713,radiation,,/reɪdɪˈeɪʃ(ə)n/,n.放射，放射物,
2714,radio,,/reɪdɪəʊ/,n.无线电，收音机,
2715,radioactive,,/reɪdɪəʊˈæktɪv/,a.放射性的,
2716,radium,,/ˈreɪdɪəm/,n.镭,
2717,rag,,/ræɡ/,n.破布，抹布,
2718,rail,,/reɪl/,n.铁路,
2719,railway,,/ˈreɪlweɪ/,n.铁路；铁道,
2720,rain,,/reɪn/,n.雨，雨水vi.下雨,
2721,rainbow,,/ˈreɪnbəʊ/,n.虹，彩虹,
2722,raincoat,,/ˈreɪnkəʊt/,n.雨衣,
2723,rainfall,,/ˈreɪnfɔːl/,n.一场雨；降雨量,
2724,rainy,,/ˈreɪnɪ/,a.下雨的；多雨的,
2725,raise,,/reɪz/,vt.使升高；饲养,
2726,random,,/ˈrændəm/,a.随意，未经事先考虑的,
2727,range,,/reɪndʒ/,n./v.变化，变动，排序,
2728,rank,,/ræŋk/,n.职衔，军衔,
2729,rapid,,/ˈræpɪd/,a.快的，迅速的,
2730,rare,,/reə(r)/,a.罕见的，稀有的,
2731,rat,,/ræt/,n.老鼠,
2732,rate,,/reɪt/,n./v.率，评估，评价,
2733,rather,,/ˈrɑːðə;(US)ˈræðər/,ad.相当，宁可,
2734,raw,,/rɔː/,a.生的，未煮过的，未加工的,
2735,rawmaterial,,/rɔːməˈtɪərɪəl/,原料,
2736,ray,,/reɪ/,n.光辉，光线,
2737,razor,,/ˈreɪzə(r)/,n.剃须刀,
2738,reach,,/riːtʃ/,v.到达，伸手(脚)够到,
2739,react,,/riːˈækt/,v.回应，过敏，起物理，化学反应,
2740,read,(read，read),/riːd/,v.读；朗读,
2741,reading,,/ʃɜːt/,n.阅读；朗读,
2742,ready,,/ˈredɪ/,a.准备好的,
2743,real,,/riːl/,a.真实的，确实的,
2744,reality,,/rɪˈælɪtɪ/,n.现实,
2745,realise,(美realize),/ˈrɪəlaɪz/,vt.认识到，实现,
2746,realize,,/ˈrɪəlaɪz/,(美)vt.认识到，实现,
2747,reallyv,,/ˈrɪəlɪ/,ad.真正地；到底；确实,
2748,reason,,/ˈriːz(ə)n/,vi.评理，劝说n.理由，原因,
2749,reasonable,,/ˈriːzənəb(ə)l/,a.合乎情理的,
2750,rebuild,,/riːˈbɪld/,vt.重建,
2751,receipt,,/rɪˈsiːt/,n.收据,
2752,receive,,/rɪˈsiːv/,v.收到，得到,
2753,receiver,,/rɪˈsiːvə(r)/,n.电话听筒,
2754,recent,,/ˈriːsənt/,a.近来的，最近的,
2755,reception,,/rɪˈsepʃ(ə)n/,n.接待,
2756,receptionist,,/rɪˈsepʃənɪst/,n.接待员,
2757,recipe,,/ˈresɪpɪ/,n.烹饪法，食谱,
2758,recite,,/rɪˈsaɪt/,v.背诵,
2759,recognise,(美recognize),/ˈrekəɡnaɪz/,vt.认出,
2760,recognize,,/ˈrekəɡnaɪz/,(美)vt.认出,
2761,recommend,,/rekəˈmend/,v.推荐,
2762,record,,/ˈrekɔːd;(US)ˈrekərd/,n.记录；唱片,
2763,recordholder,,/ˈrekɔːdˈhəʊldə(r)/,记录保持者,
2764,record,,/ˈrekɔːd;(US)ˈrekərd/,v.录制，记录,
2765,recorder,,/rɪˈkɔːdə(r)/,n.录音机,
2766,recover,,/rɪˈkʌvə(r)/,vi.痊愈；恢复,
2767,recreation,,/rekrɪˈeɪʃ(ə)n/,n.娱乐，消遣,
2768,recycle,,/riːˈsaɪk(ə)l/,vt.回收；再循环,
2769,rectangle,,/ˈrektæŋɡ(ə)l/,n.&a.长方形，长方形的,
2770,red,,/red/,n.红色a.红色的,
2771,redirect,,/riːdaɪˈrekt/,vt.使改变，使转移,
2772,reduce,,/rɪˈdjuːs;(US)-ˈduːs/,vt.减少，缩减,
2773,refer,,/rɪˈfɜː(r)/,vi.谈到，提到，涉及，有关,
2774,referee,,/refəˈriː/,n.裁判，仲裁，调解员,
2775,reference,,/ˈref(ə)rəns/,n.提到，涉及，谈及，查询,
2776,reflect,,/rɪˈflekt/,v.反映，反射,
2777,reform,,/rɪˈfɔːm/,v./n.改革，改进，改良,
2778,refresh,,/rɪˈfreʃ/,v.使恢复精力，提醒,
2779,refreshments,,/rɪˈfreʃmənt/,n.点心，便餐；(会议后的)简单茶点招待,
2780,refrigerator,,/rɪˈfrɪdʒəreɪtə(r)/,n.冰箱,
2781,refusal,,/rɪˈfjuːz(ə)l/,n.拒绝,
2782,refuse,,/rɪˈfjuːz/,vi.拒绝，不愿,
2783,regard,,/rɪˈɡɑːd/,v.把……看作,
2784,regards,,/rɪˈɡɑːd/,n.问候，致意,
2785,regardless,,/rɪˈɡɑːdlɪs/,a.不顾，不加理会,
2786,register,,/ˈredʒɪstə(r)/,n.登记簿，花名册，注册员v.登记，注册,
2787,regret,,/rɪˈɡret/,n./vt.可惜，遗憾;痛惜;哀悼,
2788,regular,,/ˈreɡjʊlə(r)/,a.规则的，经常,
2789,regulation,,/reɡjʊˈleɪʃ(ə)n/,n.规则，规章,
2790,reject,,/rɪˈdʒekt/,v.拒绝,
2791,relate,,/rɪˈleɪt/,vi.有关；涉及,
2792,relation,,/rɪˈleɪʃ(ə)n/,n.关系；亲属,
2793,relationship,,/rɪˈleɪʃənʃɪp/,n.关系,
2794,relative,,/ˈrelətɪv/,n.亲属，亲戚,
2795,relax,,/rɪˈlæks/,v.（使）放松，轻松,
2796,relay,,/ˈriːleɪ/,n.接力，接替人，中转v.接替，补充；转运,
2797,relevant,,/'relɪvənt/,a.紧密相关，有意义的,
2798,reliable,,/rɪˈlaɪəb(ə)l/,a.可信赖的，可依靠的,
2799,relief,,/rɪˈliːf/,n.轻松，解脱，缓和，救济,
2800,religion,,/rɪˈlɪdʒən/,n.宗教,
2801,religious,,/rɪˈlɪdʒəs/,a.宗教的,
2802,rely,,/rɪˈlaɪ/,v.依赖，依靠,
2803,remain,,/rɪˈmeɪn/,vt.余下，留下vi.保持，仍是,
2804,remark,,/rɪˈmɑːk/,n.陈述；话；议论,
2805,remember,,/rɪˈmembə(r)/,v.记得，想起,
2806,remind,,/rɪˈmaɪnd/,vt.提醒，使记起,
2807,remote,,/rɪˈməʊt/,a.偏远的，偏僻的,
2808,remove,,/rɪˈmuːv/,vt.移动，拿走，脱掉（衣服等）,
2809,rent,,/rent/,n.&v.租金,
2810,repair,,/rɪˈpeə(r)/,n.&vt.修理；修补,
2811,repairs,,/rɪˈpeə(r)/,n.修理工作,
2812,repeat,,/rɪˈpiːt/,vt.重说，重做,
2813,replace,,/rɪˈpleɪs/,vt.取代,
2814,reply,,/rɪˈplaɪ/,n.回答，答复,
2815,report,,/rɪˈpɔːt/,n.&v.报道，报告,
2816,reporter,,/rɪˈpɔːtə(r)/,n.记者，新闻通讯员,
2817,represent,,/reprɪˈzent/,vt.代表,
2818,representative,,/reprɪˈzentətɪv/,n.代表，典型人物,
2819,republic,,/rɪˈpʌblɪk/,n.共和国,
2820,reputation,,/repjʊˈteɪʃ(ə)n/,n.名声，名誉,
2821,request,,/rɪˈkwest/,n.请求，要求的事物,
2822,require,,/rɪˈkwaɪə(r)/,vt.需求；要求,
2823,requirement,,/rɪˈkwaɪəmənt/,n.需要；要求；必要的条件,
2824,rescue,,/ˈreskjuː/,vt.营救，援救,
2825,research,,/rɪˈsɜːtʃ/,n.研究，调查,
2826,resemble,,/rɪˈzemb(ə)l/,v.（不用进行时）像，看起来像,
2827,reservation,,/rezəˈveɪʃ(ə)n/,n.预定,
2828,reserve,,/rɪˈzɜːv/,n.&v.储备；预定,
2829,resign,,/rɪˈzaɪn/,v.辞职,
2830,resist,,/rɪˈzɪst/,v.抵抗；挡开,
2831,respect,,/rɪˈspekt/,vt.&n.尊敬，尊重,
2832,respond,,/rɪˈspekt/,v.回答，回应，作出反应,
2833,responsibility,,/rɪspɔnsɪˈbɪlɪtɪ/,n.责任，负责,
2834,rest,,/rest/,n.休息；剩余的部分，其余的人（物）vi.休息，歇息,
2835,restaurant,,/ˈrestərɔnt;(US)ˈrestərənt/,n.饭馆，饭店,
2836,restrict,,/rɪˈstrɪkt/,v.限制,
2837,restriction,,/rɪˈstrɪkʃ(ə)n/,n.限制，约束,
2838,result,,/rɪˈzʌlt/,n.结果，效果,
2839,retell,,/riːˈtel/,vt.重讲，重复，复述,
2840,retire,,/rɪˈtaɪə(r)/,v.退休,
2841,return,,/rɪˈtɜːn/,v.归还,
2842,reuse,,/riːˈjuːz/,vt.重新使用；循环使用,
2843,review,,/rɪˈvjuː/,vt.重新调查；回顾；复习n.复查；复习；评论,
2844,reviewer,,/rɪˈvjuːə(r)/,n.评论者；书评家,
2845,revision,,/rɪˈvɪʒ(ə)n/,n.复习，温习,
2846,revolution,,/revəˈluːʃ(ə)n/,n.革命，变革,
2847,reward,,/rɪˈwɔːd/,n.奖赏,
2848,rewind,,/riːˈwaɪnd/,v.回转（磁带等）,
2849,rewrite,,/riːˈraɪt/,vt.重写,
2850,rhyme,,/raɪm/,n./v.押韵,
2851,rice,,/raɪs/,n.稻米；米饭,
2852,rich,,/rɪtʃ/,a.富裕的，有钱的,
2853,rid,,/rɪd/,vt.使摆脱,
2854,rid,(rid，rid/ridded，ridded),/rɪd/,vt.使摆脱,
2855,riddle,,/ˈrɪd(ə)l/,n.谜(语),
2856,ridiculous,,/rɪˈdɪkjʊləs/,a.荒谬的，愚蠢的,
2857,ride,,/raɪd/,v.骑（马、自行车）；乘车n.乘车旅行,
2858,ride,(rode，ridden),/raɪd/,v.骑（马、自行车）；乘车n.乘车旅行,
2859,right,,/raɪt/,n.权利a.对，正确的ad.正确地，恰恰，完全地a.右，右边的,
2860,right-handed,,/raɪt-hænd/,a.惯用右手的,
2861,right-wing,,/raɪt-wɪŋ/,n.右翼,
2862,ring,(rang，rung),/rɪŋ/,v.（钟、铃等）响；打电话n.电话，铃声n.环形物（如环、圈、戒指等）,
2863,ring-road,,/rɪŋ-rəʊd/,n.环形公路,
2864,rigid,,/ˈrɪdʒɪd/,a.死板的，僵硬的，固执的,
2865,ripe,,/raɪp/,a.成熟的，熟的,
2866,ripen,,/ˈraɪpən/,v.成熟,
2867,rise,,/raɪz/,vi.上升，上涨,
2868,rise,(rose，risen),/raɪz/,vi.上升，上涨,
2869,risk,,/rɪsk/,n./v.危险，风险，冒险,
2870,river,,/ˈrɪvə(r)/,n.江；河；水道；巨流,
2871,road,,/rəʊd/,n.路，道路,
2872,roast,,/rəʊst/,v.烤（肉）,
2873,rob,,/rɔb/,v.抢夺，抢劫,
2874,robot,,/ˈrəʊbɔt/,n.机器人,
2875,rock,,/rɔk/,n.岩石，大石头vt.摇，摇晃,
2876,rocket,,/'rɔkɪt/,n.火箭,
2877,role,,/rəʊl/,n.角色,
2878,roll,,/rəʊl/,v.滚动，打滚n.面包圈，小圆面包；卷状物,
2879,roller,,/ˈrəʊlə(r)/,n.滚筒；辊,
2880,rollerskatingn,,//,滑旱冰,
2881,roof,,/ruːf/,n.屋顶，顶部,
2882,room,,/rʊm/,n.房间，室;空间;地方,
2883,rooster,,/ˈruːstə(r)/,n.(美)公鸡,
2884,root,,/ruːt/,n.根，根源，起源,
2885,rope,,/rəʊp/,n.绳，索,
2886,rose,,/rəʊz/,n.玫瑰花,
2887,rot,,/rɔt/,vi.烂；腐败,
2888,rough,,/rʌf/,a.粗糙的，粗略的,
2889,round,,/raʊnd/,ad.转过来prep.环绕一周，围着a.圆的；球形的,
2890,roundabout,,/ˈraʊndəbaʊt/,a.&n.绕道的，不直接的；转盘路,
2891,routine,,/ruːˈtiːn/,n.常规，正常顺序，无聊,
2892,row,,/rəʊ/,n.（一）排，（一）行v.划船,
2893,royal,,/ˈrɔɪəl/,a.皇家的，王室的，国王的，女王的,
2894,rubber,,/ˈrʌbə(r)/,n.橡胶；合成橡胶,
2895,rubbish,,/ˈrʌbɪʃ/,n.垃圾；废物,
2896,rude,,/ruːd/,a.无理的，粗鲁的,
2897,rugby,,/ˈrʌɡbɪ/,n.（英）橄榄球,
2898,ruin,,/ˈruːɪn/,vt.（使）毁坏；（使）毁灭n.(复)废墟；遗迹,
2899,rule,,/ruːl/,n.规则，规定vt.统治，支配,
2900,ruler,,/ˈruːlə(r)/,n.统治者；直尺,
2901,run,(ran，run),/rʌn/,vi.跑，奔跑；（颜色）褪色,
2902,runner,,/ˈrʌnə(r)/,n.赛跑者；操作者；滑行装置,
2903,running,,/ˈrʌnɪŋ/,n.跑步,
2904,rush,,/rʌʃ/,vi.冲，奔跑,
2905,Russia,,/ˈrʌʃə/,*n.俄罗斯，俄国,
2906,Russian,,/ˈrʌʃ(ə)n/,a.俄国人的，俄语的n.俄国人，俄语,
2907,sacred,,/ˈseɪkrɪd/,a.害怕，恐惧，担心,
2908,sacrifice,,/ˈsækrɪfaɪs/,vt.牺牲,
2909,sad,,/sæd/,a.（使人）悲伤的,
2910,sadness,,/ˈsædnɪs/,n.悲哀，忧伤,
2911,safe,,/seɪf/,a.安全的n.保险柜,
2912,safety,,/ˈseɪftɪ/,n.安全，保险,
2913,sail,,/seɪl/,n.航行v.航行，开航,
2914,sailing,,/ˈseɪlɪŋ/,n.航海,
2915,sailor,,/ˈseɪlə(r)/,n.水手，海员,
2916,salad,,/ˈsæləd/,n.色拉（西餐中的一种菜）,
2917,salary,,/ˈsælərɪ/,n.薪金，薪水,
2918,sale,,/seɪl/,n.卖，出售,
2919,salesgirl,,/ˈseɪlzɡɜːl/,n.女售货员,
2920,salesman,,/ˈseɪlzmən/,n.男售货员,
2921,saleswoman,,/seɪlz‚wʊmən/,n.女售货员,
2922,salt,,/sɔːlt，sɔlt/,n.盐,
2923,salty,,/ˈsɔːltɪ，ˈsɔltɪ/,a.盐的，咸的，含盐的,
2924,salute,,/səˈluːt，səˈljuːt/,v.&n.敬礼,
2925,same,,/seɪm/,n.同样的事a同样的，同一,
2926,sand,,/sænd/,n.沙，沙子,
2927,sandwich,,/ˈsænwɪdʒ/,n.三明治（夹心面包片）,
2928,satellite,,/ˈsætəlaɪt/,n.卫星,
2929,satisfaction,,/sætɪsˈfækʃ(ə)n/,n.满意,
2930,satisfy,,/ˈsætɪsfaɪ/,vt.满足，使满意,
2931,Saturday,,/ˈsætədeɪ，ˈsætədɪ/,n.星期六,
2932,sauce,,/sɔːs/,n.酱汁；调味汁,
2933,saucer,,/ˈsɔːsə(r)/,n.茶碟，茶托，小圆盘,
2934,sausage,,/ˈsɔsɪdʒ;(US)ˈsɔːsɪdʒ/,n.香肠，腊肠,
2935,savage,,/ˈsævɪdʒ/,n.野蛮人，未开化的人,
2936,save,,/seɪv/,vt.救，挽救，节省,
2937,say,(said，said),/seɪ/,vt.说，讲,
2938,saying,,/ˈseɪɪŋ/,n.说，俗话，谚语,
2939,scan,,/skæn/,v.略读，浏览，扫描,
2940,scar,,/skɑː(r)/,n.伤疤，伤痕,
2941,scare,,/skeə(r)/,v.使害怕，使恐惧,
2942,scarf,,/skɑːf/,n.领巾，围巾,
2943,scene,,/sɪːn/,n.（戏剧、电影等的）一场，场景，布景,
2944,scenery,,/ˈsiːnərɪ/,n.风景，景色，风光,
2945,sceptical,,/'skeptɪkl/,a.怀疑的,
2946,sceptical,(美skeptical),/'skeptɪkl/,a.怀疑的,
2947,schedule,,/ˈʃedjuːl;(US)ˈskedʒʊl/,n.工作计划，日程安排v.安排时间，预定,
2948,school,,/skuːl/,n.学校,
2949,scholar,,/ˈskɔlə(r)/,n.学者,
2950,scholarship,,/ˈskɔləʃɪp/,n.奖学金,
2951,schoolbag,,/'skuːlbæg/,n.书包,
2952,school-leaver,,/skuːl-/,n.(英)学校毕业生,
2953,schoolmate,,/ˈskuːlmeɪt/,n.同校同学,
2954,science,,/ˈsaɪəns/,n.科学，自然科学,
2955,scientific,,/saɪənˈtɪfɪk/,a.科学的,
2956,scientist,,/ˈsaɪəntɪst/,n.科学家,
2957,scissors,,/ˈsɪzəz/,n.剪刀，剪子,
2958,scold,,/skəʊld/,vt.责骂,
2959,score,,/skɔː(r)/,n.&v.得分，分数,
2960,scores,,/skɔː(r)z/,n.许多，很多,
2961,Scotland,,/ˈskɔtlənd/,*n.苏格兰,
2962,Scottish,,/ˈskɔtɪʃ/,a.苏格兰（人）的n.苏格兰人,
2963,Scratch,,/krætʃ/,v./n.划破，划痕，划伤,
2964,scream,,/skriːm/,n.尖叫,
2965,screen,,/skriːn/,n.幕，荧光屏,
2966,sculpture,,/ˈskʌlptʃə(r)/,n.雕塑（术），雕刻（术），雕刻作品，雕像,
2967,sea,,/siː/,n.海，海洋,
2968,seagull,,/ˈsiːɡʌl/,n.海鸥,
2969,seal,,/siːl/,n.海豹,
2970,seaman,,/ˈsiːmən/,n.水手；海员,
2971,search,,/sɜːtʃ/,n.&v.搜寻，搜查,
2972,seashell,,/ˈsiːʃel/,n.海贝,
2973,seaside,,/ˈsiːsaɪd/,n.海滨,
2974,season,,/ˈsiːz(ə)n/,n.季；季节,
2975,seat,,/siːt/,n.座位，座,
2976,seaweed,,/ˈsiːwiːd/,n.海草，海藻，海带,
2977,second,,/ˈsekənd/,n.秒num.第二a.第二的,
2978,secondhand,,/'sekənd'hænd/,n.二手货;旧货,
2979,secret,,/ˈsiːkrɪt/,n.秘密，内情,
2980,secretary,,/ˈsekrətərɪ/,n.秘书；书记,
2981,section,,/ˈsekʃ(ə)n/,n.段，部分，部门,
2982,secure,,/sɪˈkjʊə(r)/,a.安心的，有把握的，牢靠的,
2983,security,,/sɪˈkjʊərɪtɪ/,n.安全，平安,
2984,see,(saw，seen),/siː/,vt.看见，看到；领会；拜会,
2985,seed,,/siːd/,n.种子,
2986,melonseed,,/ˈmelənsiːd/,瓜子,
2987,seek,(sought，sought),/siːk/,vt.试图;探寻,
2988,seem,,/siːm/,v.似乎，好像,
2989,see-saw,,/siː-sɔː/,n.跷跷板（游戏）,
2990,seize,,/siːz/,vt.抓住(时机等),
2991,seldom,,/ˈseldəm/,ad.很少，不常,
2992,select,,/sɪˈlekt/,vt.选择，挑选，选拔,
2993,self,,/self/,n.自己，自我，自身,
2994,selfish,,/ˈselfɪʃ/,a.自私的,
2995,self-service,,/self-ˈsɜːvɪs/,n.自助，自我服务的,
2996,sell,(sold，sold),/sel/,v.卖，售,
2997,semicircle,,/ˈsemɪsɜːk(ə)l/,n.半圆,
2998,send,(sent，sent),/send/,v.打发，派遣；送，邮寄,
2999,senior,,/ˈsiːnɪə(r)/,a.年长的，资深的，高年级的n.上级，长辈，高年级生,
3000,sense,,/sens/,n.感觉，意识,
3001,sensitive,,/ˈsensɪtɪv/,a.体贴的，善解人意的,
3002,sentence,,/ˈsent(ə)ns/,n.句子,
3003,separate,,/ˈsepərət/,v.使分开，使分离a.单独的，分开的,
3004,separately,,/ˈsepərətlɪ/,ad.单独地，各自地,
3005,separation,,/sepəˈreɪʃ(ə)n/,n.分离，隔离,
3006,September,,/səpˈtembə(r)/,n.9月,
3007,serious,,/ˈsɪərɪəs/,a.严肃的，严重的，认真的,
3008,servant,,/ˈsɜːvənt/,n.仆人，佣人,
3009,serve,,/sɜːv/,vt.招待（顾客等），服务,
3010,service,,/ˈsɜːvɪs/,n.服务,
3011,service-charge,,/ˈsɜːvɪs-tʃɑːdʒ/,n.服务费，小费,
3012,session,,/ˈseʃ(ə)n/,n.一场，一节，一段时间,
3013,set,(set，set),/set/,vt.释放，安置n.装备，设备,
3014,settle,,/ˈset(ə)l/,vi.安家，定居,
3015,settlement,,/ˈsetəlmənt/,n.新拓居地；（美）部落，村落,
3016,settler,,/ˈsetlə(r)/,n.移居者，开拓者,
3017,seven,,/ˈsev(ə)n/,num.七,
3018,seventeen,,/sevənˈtiːn/,num.十七,
3019,seventh,,/ˈsevənθ/,num.第七,
3020,seventy,,/ˈsevəntɪ/,num.七十,
3021,several,,/ˈsevr(ə)l/,pron.几个，数个a.若干,
3022,severe,,/sɪˈvɪə(r)/,a.极为恶劣，十分严重的,
3023,sew,(sewed，sewn或sewed),/səʊ/,vi.缝，缝制；缝补；缝纫,
3024,sex,,/seks/,n.性，性别,
3025,shabby,,/ˈʃæbɪ/,a.破旧，破烂，衣衫褴褛的,
3026,shade,,/ʃeɪd/,n.阴凉处，树荫处,
3027,shadow,,/ˈʃædəʊ/,n.影子，阴影,
3028,shake,(shook，shaken),/ʃeɪk/,v.（使）动摇，震动,
3029,shall,(should),/ʃæl，ʃ(ə)l/,v.aux.（表示将来）将要，会；……好吗,
3030,shallow,,/ˈʃæləʊ/,a.浅的，不深的，肤浅的,
3031,shame,,/ʃeɪm/,n.遗憾的事；羞愧,
3032,Shanghai,,/ʃæŋˈhaɪ/,n.上海,
3033,shape,,/ʃeɪp/,n.形状，外形v.使成型，制造，塑造,
3034,share,,/ʃeə(r)/,vt.分享，共同使用,
3035,shark,,/ʃɑːk/,n.鲨鱼,
3036,sharp,,/ʃɑːp/,a.锋利的，尖的,
3037,sharpen,,/ˈʃɑːpən/,v.（使）变锐利，削尖,
3038,sharpener,,/ˈʃɑːpənə(r)/,n.削尖用的器具,
3039,pencil-sharpener,,/ˈpens(ə)l-ˈʃɑːpənə(r)/,转笔刀,
3040,shave,(shaved，shaved或shaven),/ʃeɪv/,v.刮（脸，胡子）,
3041,shaver,,/'ʃeɪvə/,n.理发师，刮胡须的用具，骗子。,
3042,she,,/ʃiː/,pron.她,
3043,sheep,(复sheep),/ʃiːp/,n.（绵）羊；羊皮；驯服者,
3044,sheet,,/ʃiːt/,n.成幅的薄片，薄板,
3045,shelf,(复shelves),/ʃelf/,n.架子；搁板；格层；礁；陆架,
3046,shelter,,/ˈʃeltə(r)/,n.掩蔽；隐蔽处,
3047,shine,,/ʃaɪn/,n.光泽；光彩；阳光；晴天；光(亮),
3048,shine,,/ʃaɪn/,v.发光；照耀；杰出；擦亮,
3049,shine,(shone，shone或-d，-d),/ʃaɪn/,v.发光；照耀；杰出；擦亮,
3050,ship,,/ʃɪp/,n.船，轮船vi.用船装运,
3051,shirt,,/ʃɜːt/,vn.男衬衫,
3052,shock,,/ʃɔk/,vt.使震惊,
3053,shoe,,/ʃuː/,n.鞋,
3054,shoot,(shot，shot),/ʃuːt/,vt.射击，射中，发射n.嫩枝；苗；芽,
3055,shooting,,/ˈʃuːtɪŋ/,n.射击,
3056,shop,,/ʃɔp/,vi.买东西n.商店，车间,
3057,shopassistant,,/ʃɔpəˈsɪst(ə)nt/,(英)售货员,
3058,shopkeeper,,/ˈʃɔpkiːpə(r)/,n.店主，零售商人,
3059,shopping,,/ˈʃɔpɪŋ/,n.买东西,
3060,shore,,/ʃɔː(r)/,n.滨，岸,
3061,short,,/ʃɔːt/,a.短的；矮的,
3062,shortcoming,,/ˈʃɔːtkʌmɪŋ/,n.缺点，短处,
3063,shortly,,/ˈʃɔːtlɪ/,ad.不久,
3064,shorts,,/ʃɔːts/,n.短裤；运动短裤,
3065,shortwave,,/ʃɔːt/,[weɪv]n.短波,
3066,shot,,/ʃɔt/,n.射击，开枪，开炮，射击声；子弹,
3067,should,,/ʃɔt/,v.mod.应当，应该，会v.aux.会，应该（shall的过去时态）,
3068,shoulder,,/ˈʃəʊldə(r)/,n.肩膀，(道路的)路肩,
3069,shout,,/ˈʃəʊldə(r)/,n.&v.喊，高声呼喊,
3070,show,,/ʃəʊ/,n.展示，展览（会）;演出,
3071,show,(showed，shown或showed),/ʃəʊ/,v.给…看，出示，显示,
3072,shower,,/ˈʃaʊə(r)/,n.阵雨；淋浴,
3073,shrink,,/ʃrɪŋk/,v.缩小，收缩，减少,
3074,shrink,(shrank，shrunk/shrunk，shrunken),/ʃrɪŋk/,v.缩小，收缩，减少,
3075,shut,(shut，shut),/ʃʌt/,v./n.关上，封闭；禁闭；,
3076,shuttle,,/ˈʃʌt(ə)l/,vn.合拢（往返与两个定点之间的）（火车汽车飞机）班车/机,
3077,shyv,,/ʃaɪ/,a.害羞的,
3078,sick,,/sɪk/,a.有病，患病的，（想）呕吐,
3079,sickness,,/ˈsɪknɪs/,n.疾病,
3080,side,,/ˈsɪknɪs/,n.边，旁边，面，侧面,
3081,sideroad,(美sidewalk),//,n.人行道,
3082,sideway,,/ˈsaɪdweɪz/,n.岔路，旁路,
3083,sideways,,/ˈsaɪdweɪz/,ad.斜向一边的,
3084,sigh,,/saɪ/,vi.叹息；叹气,
3085,sight,,/saɪ/,n.情景，风景；视力,
3086,sightseeing,,/ˈsaɪtsiːɪŋ/,n.游览，观光,
3087,sign,,/saɪn/,n.符号，标记,
3088,signal,,/ˈsɪɡn(ə)l/,n.信号，暗号,
3089,signature,,/ˈsɪɡnətʃə(r)/,n.签名,
3090,significance,,/ˈsɪɡnətʃə(r)/,n.重要性，意义,
3091,silence,,/ˈsaɪləns/,n.安静，沉默,
3092,silent,,/ˈsaɪlənt/,a.无声的，无对话的,
3093,silk,,/sɪlk/,n.（蚕）丝，丝织品,
3094,silly,,/ˈsɪlɪ/,a.傻的，愚蠢的,
3095,silver,,/ˈsɪlvə(r)/,n.银,
3096,similar,,/ˈsɪmɪlə(r)/,a.相似的，像,
3097,simple,,/ˈsɪmp(ə)l/,a.简单的，简易的,
3098,simple-minded,,/ˈsɪmp(ə)lmaɪndɪ/,a.纯朴，头脑简单,
3099,simplify,,/ˈsɪmplɪfaɪ/,v.使简化，使简易,
3100,simply,,/ˈsɪmplɪ/,ad.简单地，(加强语气)的确,
3101,since,,/sɪns/,ad.从那时以来conj.从…以来，…以后，由于prep.从…以来,
3102,sincerely,,/sɪn'sɪrlɪ/-'sɪəl-/,ad.真诚地,
3103,sing,(sang，sung),/sɪŋ/,v.唱，唱歌,
3104,singer,,/sɪŋ/,n.歌唱家，歌手,
3105,single,,/ˈsɪŋɡ(ə)l/,a.单一的，单个的,
3106,sink,,/sɪŋk/,n.洗涤槽；污水槽,
3107,sink,(sank，sunk),/sɪŋk/,vi.下沉；消沉,
3108,sir,,/sɜː(r)/,n.先生；阁下,
3109,sister,,/ˈsɪstə(r)/,n.姐；妹,
3110,sister-in-law,,/ˈsɪstə(r)-ɪn-lɔː/,n.嫂，弟媳,
3111,sit,(sat，sat),/sɪt/,vi.坐,
3112,situation,,/sɪtjʊˈeɪʃ(ə)n/,n.形势，情况,
3113,six,,/sɪks/,num.六,
3114,sixth,,/sɪksθ/,num.第六,
3115,sixty,,/ˈsɪkstɪ/,num.六十,
3116,sixteen,,/ˈsɪkstɪ/,num.十六,
3117,sixteenth,,/sɪksˈtiːnθ/,num.第十六,
3118,size,,/sɪksˈtiːnθ/,n.尺寸，大小,
3119,skate,,/sɪksˈtiːnθ/,vi.溜冰，滑冰,
3120,skateboard,,/ˈskeɪtbɔːd/,n.冰鞋，滑板,
3121,ski,,/skiː/,n.&vi.滑雪板；滑雪,
3122,skill,,/skiː/,n.技能，技巧,
3123,skilled,,/skiː/,a.熟练的；有技能的,
3124,skillful,,/ˈskɪlf(ə)l/,a.熟练，精湛的，灵巧的,
3125,skillfully,,/'skɪlfʊli/,ad.精湛地，巧妙地,
3126,skin,,/skɪn/,n.皮，皮肤；兽皮,
3127,skip,,/skɪp/,v.蹦蹦跳跳；跳绳,
3128,skipping,,/skɪpɪŋ/,rope（跳绳用）绳,
3129,skirt,,/skɜːt/,n.女裙,
3130,sky,,/skaɪ/,n.天；天空,
3131,skyscraper,,/ˈskaɪskreɪpə(r)/,n.摩天楼,
3132,slave,,/sleɪv/,n.奴隶,
3133,slavery,,/ˈsleɪvərɪ/,n.奴隶制度,
3134,sleep,(slept，slept),/sliːp/,vi.睡觉,
3135,sleepy,,/sliːp/,a.想睡的，困倦的，瞌睡的,
3136,sleeve,,/sliːv/,n.袖子，袖套,
3137,slice,,/sliːv/,n.片，切面（薄）片,
3138,slide,,/slaɪd/,n.幻灯片，滑道v.滑行，滑动,
3139,slight,,/slaɪt/,a.轻微的，细小的,
3140,slim,,/slɪm/,a.苗条的，纤细的,
3141,slip,,/slɪp/,n.片，条，纸片，纸条,
3142,slow,,/slɪp/,ad.慢慢地，缓慢地,
3143,small,,/smɔːl/,a.小的，少的,
3144,smart,,/smɑːt/,a.灵巧的，伶俐的；（人、服装等）时髦的，帅的,
3145,smell,(smelt，smelt或-ed，-ed),/smel/,v.嗅，闻到；发气味n.气味,
3146,smelly,,/ˈsmelɪ/,a.有臭味的，发出臭味的,
3147,smile,,/smaɪl/,n.&v.微笑,
3148,smog,(smoke+fog),/smaɪl/,n.烟雾,
3149,smoke,,/smaɪl/,n.烟v.冒烟；吸烟,
3150,smoke-free,,/sməʊk-friː/,a.非吸烟的，无烟的,
3151,smoker,,/ˈsməʊkə(r)/,n.吸烟者,
3152,smoking,,/ˈsməʊkɪŋ/,n.吸烟，抽烟;冒烟,
3153,smooth,,/ˈsməʊkɪŋ/,a.光滑的;平坦的,
3154,snack,,/snæk/,n.小吃,
3155,snackbar,,/snækbɑː/,n.快餐店,
3156,snake,,/sneɪk/,n.蛇v.蛇般爬行;蜿蜒行进,
3157,snatch,,/sneɪk/,v.夺，夺得，夺走,
3158,sneaker,,/sneɪk/,n.（复）轻便运动鞋（美）,
3159,sneeze,,/sneɪk/,v.打喷嚏,
3160,sniff,,/snɪf/,v.抽鼻子（哭，患感冒时）,
3161,snow,,/snəʊ/,n.雪vi.下雪,
3162,snowball,,/ˈsnəʊbɔːl/,n.雪球,
3163,snowman,,/ˈsnəʊmæn/,n.雪人,
3164,snowy,,/ˈsnəʊɪ/,a.雪(白)的；下雪的；多(积)雪的,
3165,so,,/səʊ/,ad.如此，这么；非常；同样conj.因此，所以,
3166,soap,,/səʊp/,n.肥皂,
3167,sob,,/səʊp/,n.&v.抽泣，啜泣,
3168,soccer,,/ˈsɔkə(r)/,n.英式足球,
3169,social,,/ˈsəʊʃ(ə)l/,a.社会的；社交的,
3170,socialism,,/ˈsəʊʃəlɪz(ə)m/,n.社会主义,
3171,socialist,,/ˈsəʊʃəlɪst/,a.社会主义的,
3172,society,,/səˈsaɪətɪ/,n.社会,
3173,sock,,/sɔk/,n.短袜,
3174,socket,,/ˈsɔkɪt/,n.（电源）插座,
3175,sofa,,/sɔfə/,n.（长）沙发,
3176,soft,,/sɔft/,a.软的，柔和的,
3177,software,,/sɔft;(US)sɔːft/,n.软件,
3178,softdrink,,/sɔftdrɪŋk/,n.(不含酒精)清凉饮料,
3179,softball,,/ˈsɔftbɔːl/,n.垒球,
3180,soil,,/sɔɪl/,n.土壤，土地,
3181,solar,,/ˈsəʊlə(r)/,a.太阳的,
3182,soldier,,/ˈsəʊldʒə(r)/,n.士兵，战士,
3183,solid,,/ˈsɔlɪd/,a.结实的，固体的n.固体,
3184,some,,/sʌm/,a.一些，若干；有些；某一pron.若干，一些,
3185,somebody,,/ˈsʌmbʌdɪ;ˈsʌmbədɪ/,pron.某人；有人；有名气的人,
3186,someone,,/ˈsʌmwʌn/,pron.某一个人,
3187,something,,/ˈsʌmθɪŋ/,pron.某事；某物,
3188,sometimes,,/ˈsʌmtaɪmz/,ad.有时,
3189,somewhere,,/ˈsʌmtaɪmz/,ad.在某处,
3190,son,,/sʌn/,n.儿子,
3191,song,,/sʌn/,n.歌唱；歌曲,
3192,soon,,/sʌn/,ad.不久，很快，一会儿,
3193,sorrow,,/ˈsɔrəʊ/,n.悲伤，悲痛,
3194,sorry,,/ˈsɔrɪ/,a.对不起，抱歉;难过的,
3195,sort,,/sɔːt/,v]t.把…分类，拣选n.种类，类别,
3196,so-so,,/səʊ-səʊ/,a.一般；不怎么样；凑合,
3197,soul,,/səʊl/,n.灵魂；心灵；气魄,
3198,sound,,/saʊnd/,vi.听起来，发出声音n.声音,
3199,soup,,/suːp/,n.汤,
3200,sour,,/ˈsaʊə(r)/,a.酸的，馊的,
3201,south,,/ˈsaʊə(r)/,a.南(方)的；向南的；从南来的ad.在南方；向南方；自南方n.南；南方；南风；南部,
3202,southern,,/ˈsʌð(ə)n/,a.南部的，南方的,
3203,southwest,,/saʊθ'west/,n.西南,
3204,souvenirs,,/suːvəˈnɪə(r);(US)ˈsuːvənɪər/,n.旅游纪念品，纪念物,
3205,sow,(sowed，sown或-ed),/səʊ/,vt.播种,
3206,space,,/speɪs/,n.空间,
3207,spaceship,,/ˈspeɪsʃɪp/,n.宇宙飞船,
3208,spade,,/speɪd/,n.铲子;纸牌中的黑桃,
3209,Spain,,/speɪn/,n.西班牙,
3210,Spanish,,/ˈspænɪʃ/,a.西班牙人的，西班牙的，西班牙语的n.西班牙语,
3211,spare,,/speə(r)/,a.空闲，多余的，剩余的,
3212,sparrow,,/ˈspærəʊ/,n.麻雀，雀型鸟类,
3213,speak,(spoke，spoken),/ˈspærəʊ/,v.说，讲；谈话；发言,
3214,speaker,,/ˈspiːkə(r)/,n.演讲人，演说家,
3215,spear,,/spɪə(r)/,n.矛，枪，梭镖,
3216,special,,/ˈspeʃ(ə)l/,a.特别的，专门的,
3217,specialist,,/ˈspeʃəlɪst/,n.（医学）专家，专科医生；专家；专业人员,
3218,specific,,/spɪˈsɪfɪk/,a.明确的，具体的，独特的,
3219,speech,,/spiːtʃ/,n.演讲,
3220,speed,,/spiːd/,n.速度v.（使）加速,
3221,spell,,/spiːd/,vt.拼写,
3222,spelling,,/ˈspelɪŋ/,n.拼写，拼读,
3223,spend,(spent，spent),/ˈspelɪŋ/,v.度过；花费（钱、时间等）,
3224,spin,,/spɪn/,v.&n.纺，（使）快速旋转；旋转，旋转运动,
3225,spirit,,/ˈspɪrɪt/,n.精神,
3226,spiritual,,/ˈspɪrɪtʃʊəl/,a.精神的；心灵的,
3227,spit,,/spɪt/,v.吐唾沫；吐痰,
3228,splendid,,/ˈsplendɪd/,a.灿烂的，辉煌的；（口语）极好的,
3229,split,,/splɪt/,v.撕开;切开,
3230,spoken,,/ˈspəʊkən/,a.口语的,
3231,spokenman,,/ˈspəʊkənmæn/,n.发言人,
3232,sponsor,,/ˈspɔnsə(r)/,n.赞助者，赞助商,
3233,spoon,,/spuːn/,n.匙，调羹,
3234,spoonful,,/ˈspuːnfʊl/,n.一匙（的量）,
3235,sport,,/spɔːt/,vn.体育运动，锻炼；(复，英)运动会,
3236,spot,,/spɔt/,n.斑点，污点；场所，地点v.沾上污渍，弄脏,
3237,spray,,/spreɪ/,n./v.水雾，喷雾(器)喷洒,
3238,spread,,/spred/,v.延伸；展开,
3239,spring,,/sprɪŋ/,n.春天，春季n.泉水，泉,
3240,spy,,/spaɪ/,n.密探，间谍v.侦探，刺探,
3241,square,,/skweə(r)/,n.广场a.平方的；方形的，宽而结实的（体格，肩膀）,
3242,squeeze,,/skwiːz/,n.挤压，捏，塞,
3243,squid,,/skwɪd/,n.鱿鱼,
3244,squirrel,,/ˈskwɪr(ə)l;(US)ˈskwɜːrəl/,n.松鼠,
3245,stable,,/ˈsteɪb(ə)l/,a.稳固的，牢固的,
3246,stadium,,/ˈsteɪdɪəm/,n.（露天）体育场,
3247,staff,,/stɑːf/,n.全体职工（雇员）,
3248,stage,,/steɪdʒ/,n.舞台；阶段,
3249,stain,,/steɪn/,n.污点，污渍，染色剂,
3250,stainless,,/ˈsteɪnlɪs/,a.无污点的,
3251,stainlesssteel,,/ˈsteɪnlɪsstiːl/,不锈钢,
3252,stair,,/steə(r)/,n.楼梯,
3253,stamp,,/stæmp/,n.邮票,
3254,stand,(stood，stood),/stænd/,v.站；立；起立；坐落；经受；持久,
3255,standard,,/ˈstændəd/,n.&a.标准（的）,
3256,star,,/stɑː(r)/,n.星，恒星,
3257,stare,,/steə(r)/,vi.盯，凝视,
3258,start,,/stɑːt/,v.开始，着手；出发,
3259,starvation,,/stɑːˈveɪʃ(ə)n/,n.饥饿；饿死,
3260,starve,,/stɑːv/,v.饿死,
3261,state,,/steɪt/,n.状态；情形；国家，（美国的）州,
3262,station,,/ˈsteɪʃ(ə)n/,n.站，所，车站；电台,
3263,statement,,/ˈsteɪtmənt/,n.声明，陈诉，说法,
3264,statesman,,/ˈsteɪtsmən/,n.政治家,
3265,woman,,/ˈsteɪtsmən/,n.政治家,
3266,statesman,stateswoman(pl.statesmen/women),/ˈsteɪtsmən/,n.政治家,
3267,statistics,,/stəˈtɪstɪks/,n.统计数字，统计资料，统计学,
3268,statue,,/ˈstætjuː/,n.法令，法规，章程,
3269,status,,/ˈsteɪtəs/,n.法律地位（身份）,
3270,stay,,/steɪ/,n.&vi.停留，逗留，呆,
3271,steady,,/ˈstedɪ/,a.稳固的；平稳的,
3272,steak,,/steɪk/,n.牛排，肉排，鱼排,
3273,steal,(stole，stolen),/stiːl/,vt.偷，窃取,
3274,steam,,/stiːm/,n.汽，水蒸气,
3275,steel,,/stiːl/,n.钢，钢铁,
3276,steep,,/stiːp/,a.险峻的；陡峭的,
3277,step,,/step/,n.脚步，台阶，梯级vi.走，跨步,
3278,step-mother,,/step-ˈmʌðə(r)/,n.继母,
3279,steward,,/ˈstjuːəd;(US)ˈstuːərd/,n.(火车、飞机、轮船等)男服务员；男乘务员,
3280,stewardess,,/stjuːəˈdes，ˈstjuːədɪs/,n.女乘务员，空中小姐,
3281,stick,(stuck，stuck),/stɪk/,vi.粘住，钉住；坚持n.木棒（棍），枝条,
3282,still,,/stɪl/,a.不动的，平静的ad.仍然，还,
3283,stocking,,/ˈstɔkɪŋ/,n.长统袜,
3284,stomach,,/ˈstʌmək/,n.胃，胃部,
3285,stomachache,,/ˈstʌməkeɪk/,n.胃疼,
3286,stone,,/stəʊn/,n.石头，石料,
3287,stop,,/stɔp/,n.停；（停车）站v.停，停止，阻止,
3288,stopwatch,,/ˈstɔpwɔtʃ/,n.记秒表；跑表,
3289,storage,,/ˈstɔːrɪdʒ/,n.贮藏；储存,
3290,store,,/stɔː(r)/,n.商店vt.储藏，存储,
3291,storm,,/stɔːm/,n.风暴，暴（风）雨,
3292,story,,/ˈstɔːrɪ/,n.故事，小说,
3293,stout,,/staʊt/,a.肥壮的，厚实牢固的,
3294,stove,,/stəʊv/,n.（供烹饪用的）火炉，煤炉，电炉,
3295,straight,,/streɪt/,a.一直的，直的ad.一直地，直地,
3296,straightforward,,/streɪtˈfɔːwəd/,a./ad.简单的，坦率的,
3297,strait,,/streɪt/,n.海峡,
3298,strange,,/streɪndʒ/,a.奇怪，奇特的，陌生的,
3299,stranger,,/ˈstreɪndʒə(r)/,n.陌生人，外人,
3300,straw,,/strɔː/,n.稻草,
3301,strawberry,,/ˈstrɔːbərɪ;(US)-berɪ/,n.草莓,
3302,stream,,/striːm/,n.小河；溪流,
3303,street,,/striːt/,n.街，街道,
3304,strength,,/streŋθ/,n.力量，力气,
3305,strengthen,,/ˈstreŋθ(ə)n/,vt.加强，增强,
3306,stress,,/stres/,n.精神压力，心理负担v.强调，重读,
3307,strict,,/strɪkt/,a.严格的，严密的,
3308,strike,,/straɪk/,v.（钟）鸣;敲（响），罢工,
3309,strike,,/straɪk/,vt.擦（打）火，侵袭,
3310,struck,,/straɪk/,vt.擦（打）火，侵袭,
3311,struck,,/straɪk/,vt.擦（打）火，侵袭,
3312,stricken,,/straɪk/,vt.擦（打）火，侵袭,
3313,string,,/strɪŋ/,n.细绳，线，带,
3314,strong,,/strɔŋ;(US)strɔːɡ/,a.强(壮)的；坚固的；强烈的；坚强的,
3315,struggle,,/ˈstrʌɡ(ə)l/,vi.斗争,
3316,stubborn,,/ˈstʌbən/,a.固执的，倔强的,
3317,student,,/ˈstjuːdənt/,n.学生,
3318,studio,,/ˈstjuːdɪəʊ/,n.工作室，演播室,
3319,study,,/ˈstʌdɪ/,v.学习；研究n.书房,
3320,stupid,,/ˈstjuːpɪd/,a.愚蠢的，笨的,
3321,style,,/staɪl/,n.方式，作风，款式,
3322,subject,,/ˈsʌbdʒɪkt/,a.隶属的；受支配的；易受…的；在…条件下vt.使隶属；使服从；使受到n.题目；主题；学科；主语；主体,
3323,subjective,,/səbˈdʒektɪv/,a.主观的,
3324,submit,,/səbˈmɪt/,v.提交，呈递（文件，建议等）,
3325,subscribe,,/səbˈskraɪb/,v.订阅，订购（报刊等）,
3326,substitute,,/ˈsʌbstɪtjuːt/,v.代替，取代,
3327,subtraction,,/səbˈtrɔkʃ(ə)n/,n.（算数中的）减,
3328,succeed,,/səkˈsiːd/,vi.成功,
3329,success,,/səkˈses/,n.成功,
3330,successful,,/səkˈsesfʊl/,a.成功的，有成就的,
3331,such,,/sʌtʃ/,ad.那么pron.（泛指）人，事物a.这样的，那样的,
3332,suck,,/sʌk/,vt.吸吮,
3333,sudden,,/ˈsʌd(ə)n/,a.突然的,
3334,suffer,,/ˈsʌfə(r)/,vi.受苦，遭受,
3335,suffering,,/ˈsʌfərɪŋ/,n.痛苦，苦难,
3336,sugar,,/ˈʃʊɡə(r)/,n.糖,
3337,suggest,,/səˈdʒest;(US)səɡˈdʒest/,vt.建议，提议,
3338,suggestion,,/səˈdʒestʃ(ə)n/,n.建议,
3339,suit,,/suːt，sjuːt/,vt.适合n.一套（衣服）,
3340,suite,,/swiːt/,n.套间；组曲,
3341,suitable,,/ˈsjuːtəb(ə)l/,a.合适的，适宜的,
3342,suitcase,,/ˈsjuːtkeɪs/,n.(旅行用)小提箱，衣箱,
3343,summary,,/ˈsʌmərɪ/,n.摘要，概要,
3344,summer,,/ˈsʌmə(r)/,n.夏天，夏季,
3345,sun,,/sʌn/,n.太阳，阳光,
3346,sunburnt,,/ˈsʌnbɜːnt/,a.晒黑的,
3347,Sunday,,/ˈsʌndeɪ/,n.星期日,
3348,sunglasses,,/ˈsʌnɡlɑːsɪs/,n.太阳眼镜，墨镜,
3349,sunlight,,/ˈsʌnlaɪt/,n.日光，阳光,
3350,sunny,,/ˈsʌnɪ/,a.晴朗的;阳光充足的,
3351,sunrise,,/ˈsʌnraɪs/,n.黎明，拂晓,
3352,sunset,,/ˈsʌnset/,n.日落(时分),
3353,sunshine,,/ˈsʌnʃaɪn/,n.阳光,
3354,super,,/ˈsuːpə(r)，ˈsjuːpə(r)/,a.顶好的，超级的,
3355,superb,,/suːˈpɜːb/,a.卓越的，质量极高的,
3356,superior,,/suːˈpɪərɪə(r)/,a.更胜一筹的n.上级，上司,
3357,superman,,/ˈsuːpəman/,n.超人,
3358,supermarket,,/ˈsuːpəmɑːkɪt/,n.超级市场,
3359,supper,,/ˈsʌpə(r)/,n.晚餐，晚饭,
3360,supply,,/səˈplaɪ/,vt.&n.供给，供应,
3361,support,,/səˈpɔːt/,vt.&n.支持，赞助,
3362,suppose,,/səˈpəʊz/,vt.猜想，假定，料想,
3363,supreme,,/suːˈpriːm/,a.至高无上的，最高的,
3364,sure,,/ʃʊə(r)，ʃɔː(r)/,a.确信，肯定ad.(口语)的确，一定，当然,
3365,surface,,/ˈsɜːfɪs/,n.表面,
3366,surgeon,,/ˈsɜːdʒ(ə)n/,n.外科医生,
3367,surplus,,/ˈsɜːpləs/,n.过剩，剩余,
3368,surprise,,/səˈpraɪz/,vt.使惊奇，使诧异n.惊奇，诧异,
3369,surround,,/səˈraʊnd/,vt.围绕；包围,
3370,surrounding,,/səˈraʊndɪŋ/,a.周围的,
3371,survival,,/səˈvaɪv(ə)l/,n.存活，幸存,
3372,survive,,/səˈvaɪv/,v.生存，存活，幸免于难,
3373,suspect,,/səˈspekt/,n.犯罪嫌疑人,
3374,suspension,,/səˈspenʃ(ə)n/,n.暂令停职，推迟，延期,
3375,swallow,,/ˈswɔləʊ/,vt.吞下；咽下,
3376,swap,,/swɔp/,v.交换（东西）,
3377,swear,(swore，sworn),/sweə(r)/,v.咒骂.，诅咒,
3378,sweat,,/swet/,n.汗，汗水,
3379,sweater,,/ˈswetə(r)/,n.厚运动衫，毛衣,
3380,sweep,(swept，swept),/swiːp/,v.扫除，扫,
3381,sweet,,/swiːt/,n.甜食;蜜饯;甜点;糖果;芳香a.甜的;新鲜的;可爱的;亲切的,
3382,swell,(swelled，swollen),/swel/,v.肿胀,
3383,swift,,/swɪft/,a.快的，迅速的,
3384,swim,,/swɪm/,n.游泳，游,
3385,swim,(swam，swum),/swɪm/,vi.游泳，游,
3386,swimming,,/ˈswɪmɪŋ/,n.游泳,
3387,swimmingpool,,/ˈswɪmɪŋpuːl/,n.游泳池,
3388,swing,,/swɪŋ/,vt.挥舞，摆动n.秋千,
3389,Swiss,,/swɪŋ/,a.瑞士人的n.瑞士人,
3390,Switzerland,,/ˈswɪtsələnd/,*n.瑞士,
3391,switch,,/swɪtʃ/,v./n.开关，转换，改变,
3392,sword,,/sɔːd/,n.剑，刀,
3393,symbol,,/ˈsɪmb(ə)l/,n.象征,
3394,sympathy,,/ˈsɪmpəθɪ/,n.同情,
3395,symphony,,/ˈsɪmfənɪ/,n.交响乐,
3396,symptom,,/ˈsɪmfənɪ/,n.症状,
3397,system,,/ˈsɪstəm/,n.体系；系统,
3398,systematic,,/sɪstəˈmætɪk/,a.系统的，有条理的,
3399,table,,/ˈteɪb(ə)l/,n.桌子，表格,
3400,tabletennis,,/ˈteɪb(ə)lˈtenɪs/,n.乒乓球,
3401,tail,,/teɪl/,n.(动物的)尾巴,
3402,tailor,,/ˈteɪlə(r)/,n.裁缝,
3403,take,,/teɪk/,vt.拿；拿走；做；服用；乘坐；花费,
3404,took,,/teɪk/,vt.拿；拿走；做；服用；乘坐；花费,
3405,taken,,/teɪk/,vt.拿；拿走；做；服用；乘坐；花费,
3406,take,(took，taken),/teɪk/,vt.拿；拿走；做；服用；乘坐；花费,
3407,tale,,/teɪl/,n.故事，传说,
3408,talent,,/ˈtælənt/,n.天才，天赋,
3409,talk,,/tɔːk/,n.&v.谈话，讲话，演讲，交谈,
3410,tall,,/tɔːl/,a.高的,
3411,tank,,/tæŋk/,n.储水容量；坦克,
3412,tanker,,/ˈtæŋkə(r)/,n.油船,
3413,tap,,/tæp/,n.(自来水煤气等的)龙头,
3414,tape,,/teɪp/,n.磁带；录音带,
3415,taperecorder,,/teɪprɪˈkɔːdə(r)/,n.磁带录音机,
3416,target,,/ˈtɑːɡɪt/,n./v.目标，把…作为攻击目标,
3417,task,,/tɑːsk;(US)tæsk/,n.任务，工作,
3418,taste,,/teɪst/,n.品尝，尝味；味道vt.品尝，尝味,
3419,tasteless,,/ˈteɪstlɪs/,a.无滋味的,
3420,tasty,,/ˈteɪstɪ/,a.味道好的,
3421,tax,,/tæks/,n.税，税款,
3422,tax-free,,/tæksfriː/,免税的,
3423,taxi,,/ˈtæksɪ/,n.出租汽车,
3424,tea,,/tiː/,n.茶；茶叶,
3425,teach,(taught，taught),/tiː/,v.教书，教,
3426,teacher,,/ˈtiːtʃə(r)/,n.教师，教员,
3427,team,,/tiːm/,n.队，组,
3428,teamwork,,/ˈtiːmwɜːk/,n.合作，协同工作,
3429,teapot,,/ˈtiːpɔt/,n.茶壶,
3430,tear,,/teə(r)/,n.眼泪v.扯破，撕开,
3431,tease,,/tiːz/,v.取笑，戏弄，寻开心,
3432,technical,,/ˈteknɪk(ə)l/,a.技术的，工艺的,
3433,technique,,/ˈteknɪk(ə)l/,n.技术;技巧，方法,
3434,technology,,/tekˈnɔlədʒɪ/,n.技术,
3435,teenager,,/ˈtiːneɪdʒə(r)/,n.（13～19岁的）青少年，十几岁的少年,
3436,telegram,,/ˈtelɪɡræm/,n.电报,
3437,telegraph,,/ˈtelɪɡrɑːf;(US)-ɡræf/,v.(拍)电报,
3438,telephone,,/ˈtelɪɡrɑːf;(US)-ɡræf/,v.打电话n.电话,
3439,telescope,,/ˈtelɪɡrɑːf;(US)-ɡræf/,n.望远镜,
3440,television,,/ˈtelɪɡrɑːf;(US)-ɡræf/,n.电视,
3441,tell,(told，told),/tel/,vt.告诉，讲述，吩咐,
3442,temperature,,/ˈtemprɪtʃə(r)/,n.温度,
3443,temple,,/ˈtemp(ə)l/,n.庙宇，寺院,
3444,temporary,,/ˈtempərərɪ/,a.短暂的，暂时的,
3445,temptation,,/tempˈteɪʃ(ə)n/,n.引诱；诱惑,
3446,tend,,/tend/,v.往往会，常常就，倾向，趋于,
3447,tendency,,/ˈtendənsɪ/,n.倾向，偏好，性情,
3448,tennis,,/ˈtenɪs/,n.网球,
3449,ten,,/ten/,num.十,
3450,tense,,/tens/,a.心烦意乱的，紧张的,
3451,tension,,/ˈtenʃ(ə)n/,n.紧张局势，矛盾,
3452,tent,,/tent/,n.帐篷,
3453,tentative,,/tent/,a.不确定的，踌躇的,
3454,term,,/tɜːm/,n.学期;术语;条款;项,
3455,terminal,,/tɜːm/,a.(火车汽车飞机)终点站,
3456,terrible,,/ˈterɪb(ə)l/,a.可怕的；糟糕的,
3457,terrify,,/ˈterɪfaɪ/,vt.使人感到恐怖,
3458,terror,,/ˈterə(r)/,n.恐惧，惊恐,
3459,test,,/test/,vt.&n.测试，考查，试验,
3460,text,,/tekst/,n.文本，课文,
3461,textbook,,/'tekstbʊk/,n.课本，教科书,
3462,than,,/ðen，ðæn/,conj.比,
3463,thank,,/θæŋk/,vt.感谢，致谢，道谢n.（复）感谢，谢意,
3464,thankful,,/ˈθæŋkfʊl/,a.感谢的，感激的,
3465,that,,/ðæt/,a.&pron.那，那个conj.那，那个（引导宾语从句等）ad.那么，那样,
3466,the,,/ðə，ðɪ，ðiː/,art.这（那）个，这（那）些（用于特定人或物，序数词，最高级，专有名词，世上独一无二事物前）,
3467,theatre,,/'θɪətə/,n.剧场，戏院,
3468,theatre,(美theater),/'θɪətə/,n.剧场，戏院,
3469,theft,,/θeft/,n.盗窃案,
3470,their,,/ðeə(r)/,pron.他(她，它)们的,
3471,theirs,,/ðeəz/,pron.他（她，它）们的,
3472,them,,/ð(ə)m，ðem/,pron.他/她/它们（宾格）,
3473,theme,,/θiːm/,n.主题,
3474,themselves,,/ðəmˈselvz/,pron.他/她/它们自己,
3475,then,,/ðen/,ad.当时，那时，然后，那么,
3476,theoretical,,/θɪəˈretɪk(ə)l/,a.理论的,
3477,theory,,/θɪəˈretɪk(ə)l/,n.理论,
3478,there,,/ðeə(r)/,int.那！你瞧（表示引起注意）n.那里，那儿ad.在那里，往那里；（作引导词）表”存在",
3479,therefore,,/ˈðeəfɔː(r)/,ad.因此，所以,
3480,thermos,,/ˈθɜːmɔs/,n.热水瓶,
3481,these,,/ˈθɜːmɔs/,a.&pron.这些,
3482,they,,/ðeɪ/,pron.他（她）们；它们,
3483,thick,,/θɪk/,a.厚的,
3484,thief,,/θiːf/,n.窃贼，小偷,
3485,thief,(复thieves),/θiːf/,n.窃贼，小偷,
3486,thin,,/θɪn/,a.薄的；瘦的；稀的,
3487,thing,,/θɪŋ/,n.东西；(复)物品，用品；事情，事件,
3488,think,,/θɪŋk/,v.想；认为；考虑,
3489,thought,,/θɪŋk/,v.想；认为；考虑,
3490,think,(thought),/θɪŋk/,v.想；认为；考虑,
3491,thinking,,/ˈθɪŋkɪŋ/,n.思索;见解;想法,
3492,third,,/θɜːd/,num.第三,
3493,thirst,,/θɜːd/,n.渴；口渴,
3494,thirsty,,/ˈθɜːstɪ/,a.渴,
3495,thirteen,,/θɜːˈtiːn/,num.十三,
3496,thirty,,/ˈθɜːtɪ/,num.三十,
3497,this,,/ðɪs/,a.&pron.这，这个,
3498,thorough,,/ˈθʌrə;(US)ˈθʌrəʊ/,a.彻底的,
3499,those,,/ðəʊz/,a.&pron.那些,
3500,though,,/ðəʊ/,conj.虽然，可是,
3501,thought,,/θɔːt/,n.思考，思想;念头,
3502,thousand,,/ˈθaʊzənd/,num.千,
3503,thread,,/θred/,n.线,
3504,three,,/θriː/,num.三,
3505,thrill,,/θrɪl/,n./v.兴奋，激动,
3506,thriller,,/ˈθrɪlə(r)/,n.惊险小说,
3507,throat,,/θrəʊt/,n.喉咙,
3508,through,,/θruː/,prep.穿（通）过;从始至终ad.穿(通)过;自始至终，全部,
3509,throughout,,/θruːˈaʊt/,prep.遍及，贯穿,
3510,threw,,/θrəʊ/,v.投，掷，扔,
3511,thrown,,/θrəʊ/,v.投，掷，扔,
3512,throw,(threw，thrown),/θrəʊ/,v.投，掷，扔,
3513,thunder,,/ˈθʌndə(r)/,n.&v.雷声，打雷,
3514,thunderstorm,,/ˈθʌndəstɔːm/,n.雷电交加暴风雨,
3515,Thursday,,/ˈθɜːzdeɪ/,n.星期四,
3516,thus,,/ðʌs/,ad.这样；因而,
3517,Tibet,,/tɪ'bet/,n.西藏,
3518,Tibeta,,/tɪ'betən/,n.西藏人；西藏语,
3519,tick,,/tɪk/,vt.作记号,
3520,ticket,,/ˈtɪkɪt/,n.票；卷,
3521,tidy,,/ˈtɪkɪt/,a.整洁的，干净的vt.弄整洁，弄干净,
3522,tie,,/taɪ/,vt.（用绳，线）系，拴，扎n.领带，绳子，结；关系,
3523,tiger,,/ˈtaɪɡə(r)/,n.老虎,
3524,tight,,/taɪt/,a.紧的,
3525,till,,/tɪl/,conj.&prep.直到，直到…为止,
3526,time,,/taɪm/,n.时间;时期;钟点，次，回vt.测定…的时间，记录…的时间,
3527,timetable,,/ˈtaɪmteɪb(ə)l/,n.（火车、公共汽车等）时间表；（学校）课表,
3528,tin,,/tɪn/,n.（英）罐头，听头,
3529,tiny,,/ˈtaɪnɪ/,adj. tinier，tiniest a.极小的，微小的,
3530,tip,,/tɪp/,n.&v.顶端，尖端；告诫；提示(给)小费,
3531,tire,,/ˈtaɪə(r)/,vi.使疲劳,
3532,tired,,/ˈtaɪəd/,a.疲劳的，累的,
3533,tissue,,/ˈtɪʃuː，ˈtɪsjuː/,n.（人，动植物的）组织，纸巾,
3534,title,,/ˈtɪʃuː，ˈtɪsjuː/,n.标题，题目,
3535,to,,/tʊ，tuː/,prep.（动词不定式符号，无词义）；（表示接受动作的人或物）给；对，向，到；在…之前,
3536,toast,,/təʊst/,v./n.烤,
3537,tobacco,,/təʊst/,n.烟草，烟叶,
3538,today,,/təʊst/,ad.&n.今天;现在，当前,
3539,together,,/təʊst/,ad.一起，共同,
3540,toilet,,/ˈtɔɪlɪt/,n.厕所,
3541,Tokyo,,/ˈtəʊkjəʊ/,n.东京,
3542,tolerate,,/ˈtɔləreɪt/,v.容许，允许，忍受,
3543,tomato,,/təˈmɑːtəʊ;(US)təˈmeɪtəʊ/,n.西红柿，番茄,
3544,tomb,,/tuːm/,n.坟墓,
3545,tomorrow,,/təˈmɔrəʊ/,ad.&n.明天,
3546,ton,,/təˈmɔrəʊ/,n.（重量单位）吨,
3547,tongue,,/tʌŋ/,n.舌，舌头,
3548,tonight,,/təˈnaɪt/,ad.&n.今晚，今夜,
3549,too,,/təˈnaɪt/,ad.也，还，又，太，过分，很，非常,
3550,tool,,/tuːl/,n.工具，器具,
3551,tooth,,/tuːθ/,(复teeth)n.牙齿,
3552,toothache,,/ˈtuːθeɪk/,n.牙痛,
3553,toothbrush,,/ˈtuːθbrʌʃ/,n.牙刷,
3554,toothpaste,,/ˈtuːθpeɪst/,n.牙膏,
3555,top,,/tɔp/,n.顶部，（物体的）上面,
3556,topic,,/ˈtɔpɪk/,n.题目，话题,
3557,tortoise,,/ˈtɔpɪk/,n.乌龟,
3558,total,,/ˈtəʊt(ə)l/,a.总数的;总括的;完全的，全然的n.合计，总计v.合计为,
3559,totally,,/ˈtɔt(ə)lɪ/,ad.总合地，完全地,
3560,touch,,/tʌtʃ/,vt.触摸，接触,
3561,tough,,/ˈtɔt(ə)lɪ/,a.坚硬的；结实的；棘手的，难解的,
3562,tour,,/tʊə(r)/,n.参观，观光，旅行,
3563,tourism,,/ˈtʊərɪz(ə)m/,n.旅游业；观光,
3564,tourist,,/ˈtʊərɪst/,vn.旅行者，观光者,
3565,tournament,,/ˈtʊənəmənt;(US)ˈtɜːrn-/,n.锦标赛，联赛,
3566,toward,,/təˈwɔːd/,prep.向，朝，对于,
3567,towards,,/tə'wɔːdz/,prep.向，朝，对于,
3568,towel,,/ˈtaʊəl/,n.毛巾,
3569,tower,,/ˈtaʊə(r)/,n.塔,
3570,town,,/taʊn/,n.城镇，城,
3571,toy,,/tɔɪ/,n.玩具，玩物,
3572,track,,/træk/,n.轨道；田径,
3573,tractor,,/ˈtræktə(r)/,n.拖拉机,
3574,trade,,/treɪd/,n.贸易vt.用…进行交换,
3575,tradition,,/trəˈdɪʃ(ə)n/,n.传统，风俗,
3576,traditional,,/trəˈdɪʃ(ə)n/,a.传统的，风俗的,
3577,traffic,,/ˈtræfɪk/,n.交通，来往车辆,
3578,trafficlights,,/ˈtræfɪklaɪts/,n.交通指挥灯红绿灯,
3579,train,,/treɪn/,n.火车v.培训，训练,
3580,trainer,,/treɪˈnə(r)/,n.训练人；教练,
3581,training,,/ˈtreɪnɪŋ/,n.培训,
3582,tram,,/træm/,n.有轨电车,
3583,transform,,/trænsˈfɔːm/,v.使改变形态，使改观,
3584,translate,,/trænsˈleɪt/,vt.翻译,
3585,translation,,/trænsˈleɪʃ(ə)n/,n.翻译；译文,
3586,transparent,,/trænsˈpærənt/,a.透明的，清澈的,
3587,translator,,/træns'leɪtə/,n.翻译家，译者,
3588,transport,,/trænsˈpɔːt/,n.&vt.运输,
3589,trap,,/træp/,n.陷阱vt.使陷入困境,
3590,travel,,/ˈtræv(ə)l/,n.&vi.旅行,
3591,traveler,,/ˈtrævələ(r)/,n.旅行者,
3592,treasure,,/ˈtreʒə(r)/,n.金银财宝，财富,
3593,treat,,/triːt/,vt.对待，看待,
3594,treatment,,/ˈtriːtmənt/,n.治疗，疗法,
3595,tree,,/triː/,n.树,
3596,tremble,,/ˈtremb(ə)l/,v.颤抖,
3597,trend,,/trend/,n.趋势，倾向，动态,
3598,trial,,/ˈtraɪəl/,n.审判；试验；试用,
3599,triangle,,/ˈtraɪæŋɡ(ə)l/,n.&adj.三角形;三角形的,
3600,trick,,/trɪk/,n.诡计，把戏,
3601,trip,,/trɪp/,n.旅行，旅程,
3602,trolley-bus,,/ˈtrɔlɪ-bʌs/,n.无轨电车,
3603,troop,,/truːp/,n.部队,
3604,trouble,,/ˈtrʌb(ə)l/,vt.使苦恼，使忧虑，使麻烦n.问题，疾病，烦恼，麻烦,
3605,troublesome,,/ˈtrʌb(ə)lsəm/,a.令人烦恼，讨厌,
3606,trousers,,/ˈtraʊzəz/,n.裤子，长裤,
3607,truck,,/trʌk/,n.卡车，运货车；车皮v.装车；用货车运,
3608,TRUE,,/truː/,a.真的，真实的；忠诚的,
3609,truly,,/ˈtruːlɪ/,ad.真正地，真实地,
3610,trunk,,/trʌŋk/,n.树干；大箱子,
3611,trust,,/trʌst/,vt.相信，信任，信赖,
3612,truth,,/truːθ/,n.真理，事实，真相，实际,
3613,try,,/truːθ/,v.试，试图，努力,
3614,T-shirt,,/tiː-ʃɜːt/,n.T恤衫,
3615,tube,,/tjuːb;(US)tuːb/,n.管，管状物,
3616,tune,,/tjuːn;(US)tuːn/,n.曲调，曲子,
3617,Tuesday,,/ˈtjuːzdeɪ/,n.星期二,
3618,turkey,,/ˈtɜːkɪ/,n.火鸡,
3619,turn,,/tɜːn/,v.旋转，翻转，转变，转弯n.轮流，（轮流的）顺序,
3620,turningn,,/ˈtɜːnɪŋ/,.拐弯处，拐角处,
3621,tutor,,/ˈtjuːtə(r)/,n.家庭教师，私人教师，导师,
3622,TV,(缩)television,/‚tiː'viː/,n.电视机,
3623,twelfth,,/twelfθ/,num.第十二,
3624,twelve,,/twelv/,num.十二,
3625,twentieth,,/'twentɪɪθ/,vnum.第二十,
3626,twenty,,/ˈtwentɪ/,num.二十,
3627,twenty-first,,/ˈtwentɪ-/fɜːst/,num.第二十一,
3628,twenty-one,,/ˈtwentɪ-wʌn/,num.二十一,
3629,twice,,/twaɪs/,ad.两次；两倍,
3630,twin,,/twɪst/,n.双胞胎之一,
3631,twist,,/twɪst/,v./n.使弯曲，转动,
3632,two,,/tuː/,num.二,
3633,type,,/ˈtaɪp/,vt.打字,
3634,typewriter,,/ˈtaɪpraɪtə(r)/,n.打字机,
3635,typical,,/ˈtɪpɪk(ə)l/,a.典型的，有代表性的，特有的,
3636,typhoon,,/taɪˈfuːn/,n.台风,
3637,typist,,/ˈtaɪpɪst/,n.打字员,
3638,tyre,,/taɪə/,(美tire)n.轮胎,
3639,ugly,,/ˈʌɡlɪ/,a.丑陋的；难看的,
3640,U.K.,UK(缩)＝United Kingdom,/juːˈkeɪ/,n.英国，联合王国,
3641,umbrella,,/ʌmˈbrelə/,n.雨伞,
3642,U.N.,UN(缩)＝the United Nations,/juːˈən/,,n.联合国
3643,unable,,/juːˈən/,a.不能的，不能胜任的,
3644,unbearable,,/ʌnˈbeərəb(ə)l/,a.难耐得，无法接受的,
3645,unbelievable,,/ʌnbɪˈliːvəb(ə)l/,a.难以置信的,
3646,uncertain,,/ˈsɜːt(ə)n/,a.不确定的,
3647,uncle,,/ˈʌŋk(ə)l/,n.叔，伯，舅，姑夫，姨父,
3648,uncomfortable,,/ʌnˈkʌmftəb(ə)l/,a.令人不舒服的,
3649,unconditional,,/ʌnkənˈdɪʃən(ə)l/,a.无条件，绝对的,
3650,unconscious,,/ʌnˈkɔnʃəs/,a.昏迷，不省人事的,
3651,under,,/ˈʌndə(r)/,ad.&prep.在…下面，向…下面,
3652,underground,,/ʌndəˈɡraʊnd/,a.地下的n.地铁,
3653,underline,,/ʌndəˈlaɪn/,v.在…下划线,
3654,understand,(understood),/ʌndəˈstænd/,v.懂得;明白;理解,
3655,understanding,,/ʌndəˈstændɪŋ/,n.领会;理解,
3656,undertake,,/ʌndəˈteɪk/,v.承担，从事，负责,
3657,undertake,(undertook，undertaken),/ʌndəˈteɪk/,v.承担，从事，负责,
3658,underwear,,/ˈʌndəweə(r)/,n.内衣,
3659,undivided,,/ʌndɪˈvaɪdɪd/,a.没分开的；专一的；专心的,
3660,undo,,/ʌnˈduː/,v.解开，松开,
3661,unemployment,,/ʌnɪmˈplɔɪmənt/,n.失业，失业状态,
3662,unfair,,/ʌnˈfeə(r)/,a.不公平的，不公正的,
3663,unfit,,/ʌnˈfɪt/,a.不合宜的，不相宜的,
3664,unfold,,/ʌnˈfəʊld/,vt.展开，打开,
3665,unfortunately,,/ʌnˈfɔːtjʊnətlɪ/,ad.不幸地,
3666,unhappy,,/ʌnˈfɔːtjʊnətlɪ/,a.不高兴的，伤心的,
3667,unhealthy,,/ʌnˈhelθɪ/,a.不健康的，不卫生的,
3668,uniform,,/ˈjuːnɪfɔːm/,n.制服,
3669,unimportant,,/ʌnɪmˈpɔːt(e)nt/,a.不重要的，无意义,
3670,union,,/ˈjuːnjən/,n.联合，联盟；工会,
3671,unique,,/jʊˈniːk/,a.惟一的，独一无二的,
3672,unit,,/ˈjuːnɪt/,n.单元，单位,
3673,unite,,/jʊˈnaɪt/,v.联合，团结,
3674,universal,,/juːnɪˈvɜːs(ə)l/,a.普遍的，全体的,
3675,universe,,/ˈjuːnɪvɜːs/,n.宇宙,
3676,university,,/juːnɪˈvɜːsɪtɪ/,n.大学,
3677,unknown,,/juːnɪˈvɜːsɪtɪ/,a.不知道的,
3678,unless,,/ʌnˈles/,conj.如果不，除非,
3679,unlike,,/ʌnˈlaɪk/,prep.不像，和…不同,
3680,unmarried,,/ʌnˈmærɪd/,a.未婚的，独身的,
3681,unpleasant,,/ʌnˈplez(ə)nt/,a.使人不愉快的,
3682,unrest,,/ʌnˈrest/,n.不安；骚动,
3683,unsafe,,/ʌnˈseɪf/,a.不安全的；危险的,
3684,unsuccessful,,/ʌnsəkˈsesfʊl/,a.不成功，失败的,
3685,until,,/ʌnˈtɪl/,prep.&conj.直到…为止,
3686,untrue,,/ʌnˈtruː/,a.不真实的，假的,
3687,unusual,,/ʌnˈjuːʒʊəl/,a.不平常的，异常的,
3688,unwilling,,/ʌnˈwɪlɪŋ/,a.不愿意的，勉强的,
3689,up,,/ʌp/,ad.向上；在上方；起来；在…以上a.上面的，向上的，上行的n.上升；上坡；繁荣。,
3690,upon,,/əˈpɔn/,prep.在……上面,
3691,upper,,/ˈʌpə(r)/,a.较高的，较上的,
3692,upset,,/ʌpˈset/,a.心烦的，苦恼的,
3693,upstairs,,/ʌpˈsteəz/,ad.在楼上，到楼上,
3694,upward,,/ˈʌpwəd/,ad.向上；往上,
3695,urban,,/ˈɜːbən/,a.城市的，都市的,
3696,urge,,/ɜːdʒ/,v.敦促，催促，力劝,
3697,urgent,,/ˈɜːdʒənt/,a.紧急的，紧迫的,
3698,U.S.A.,(USA(缩)＝the United States of America),/juːesˈeɪ/,n.美国（美利坚合众国）,
3699,use,,/juːz/,n.&vt.利用，使用，应用,
3700,useful,,/ˈjuːsfʊl/,a.有用的，有益的,
3701,useless,,/ˈjuːslɪs/,a.无用的,
3702,user,,/ˈjuːzə/,n.使用者；用户,
3703,usual,,/ˈjuːʒʊəl/,a.通常的，平常的,
3704,usually,,/ˈjuːʒʊəlɪ/,ad.通常，经常,
3705,vacation,,/vəˈkeɪʃ(ə)n/,n.假期，休假,
3706,vacant,,/ˈveɪkənt/,a.空缺的，未被占用的,
3707,vague,,/veɪɡ/,a.含糊的，紧迫的,
3708,vain,,/veɪn/,n.自负的，自视过高的，徒劳的，无效的,
3709,valid,,/ˈvælɪd/,a.有效的，合理的，有根据的,
3710,valley,,/ˈvælɪ/,n.山谷，溪谷,
3711,valuable,,/ˈvæljʊəb(ə)l/,a.值钱的，贵重的,
3712,value,,/ˈvæljuː/,n.价值，益处,
3713,vanilla,,/vəˈnɪlə/,n.香草,
3714,variety,,/vəˈraɪətɪ/,n.种种，种类,
3715,various,,/ˈveərɪəs/,a.各种各样的，不同的,
3716,vase,,/vɑːz;(US)veɪs/,n.（花）瓶；瓶饰,
3717,vast,,/vɑːst;(US)væst/,a.巨大的，广阔的,
3718,VCD,(versatile compact disk),//,n.影碟光盘,
3719,veal,,/viːl/,n.（食用）小牛肉,
3720,vegetable,,/ˈvedʒɪtəb(ə)l/,n.蔬菜,
3721,vehicle,,/ˈviːɪk(ə)l;(US)ˈviːhɪkl/,n.交通工具，车辆,
3722,version,,/ˈvɜːʃ(ə)n;(US)ˈvərʒn/,n.变体，变种，改写本,
3723,vertical,,/ˈvɜːtɪk(ə)l/,a.垂直的，纵向的,
3724,very,,/ˈverɪ/,vad.很，非常,
3725,vest,,/vest/,n.背心，内衣,
3726,via,,/ˈvaɪə/,prep.经过（某地），通过,
3727,vice,,/vaɪs/,n.罪行，不道德行为,
3728,victim,,/ˈvɪktɪm/,n.受害者，牺牲品,
3729,victory,,/ˈvɪktərɪ/,n.胜利,
3730,video,,/ˈvɪdɪəʊ/,n.录像，视频,
3731,videophone,,/'vɪdɪəʊfəʊn/,n.可视电话,
3732,view,,/vjuː/,n.看法，见解;风景，景色,
3733,viewer,,/ˈvjuːə(r)/,n.观看者,
3734,village,,/ˈvɪlɪdʒ/,n.村庄，乡村,
3735,villager,,/'vɪlɪdʒə/,n.村民,
3736,vinegar,,/'vɪlɪdʒə/,n.醋,
3737,violate,,/ˈvaɪəleɪt/,v.违反（法律、协议等），侵犯,
3738,violence,,/ˈvaɪələns/,n.暴力行为,
3739,violent,,/ˈvaɪələnt/,a.暴力的,
3740,violin,,/vaɪəˈlɪn/,n.小提琴,
3741,violinist,,/vaɪəˈlɪnɪst/,n.提琴家，提琴手,
3742,virtue,,/ˈvɜːtjuː/,n.美德，正直的品行，德行,
3743,virus,,/ˈvaɪərəs/,n.病毒,
3744,visa,,/ˈviːzə/,n.签证，背签,
3745,visit,,/ˈviːzə/,n.&vt.参观，访问，拜访,
3746,visitor,,/ˈvɪzɪtə(r)/,n.访问者，参观者,
3747,visual,,/ˈvɪʒjʊəl/,a.视力的，视觉的,
3748,vital,,/ˈvaɪt(ə)l/,a.必不可少的，对…极重要的,
3749,vivid,,/ˈvɪvɪd/,a.生动，逼真的，鲜明的,
3750,vocabulary,,/vəˈkæbjʊlərɪ/,n.词汇，词汇表,
3751,voice,,/vɔɪs/,n.说话声;语态,
3752,volcano,,/vɔlˈkeɪnəʊ/,n.火山,
3753,volleyball,,/vɔlˈkeɪnəʊ/,n.排球,
3754,voluntary,,/ˈvɔləntərɪ/,a.自愿的，主动的,
3755,volunteer,,/vɔlənˈtɪə(r)/,n./v.义工，自愿者，无偿做,
3756,vote,,/vəʊt/,vi.选举，投票,
3757,voyage,,/ˈvɔɪɪdʒ/,n.航行，旅行,
3758,wag,,/ˈvɔɪɪdʒ/,v.摇动；摆动,
3759,wage,,/weɪdʒ/,n.工资，工钱，报酬,
3760,waist,,/weɪst/,n.腰，腰部，腰围,
3761,wait,,/weɪt/,vi.等，等候,
3762,waiter,,/ˈweɪtə(r)/,n.（餐厅）男服务员,
3763,waiting-room,,/ˈweɪtɪŋ-rʊm/,n.候诊室，候车室,
3764,waitress,,/tres/,n.女服务员,
3765,wake,,/weɪk/,v.醒来，叫醒,
3766,wake,(woke，woken),/weɪk/,v.醒来，叫醒,
3767,walk,,/wɔːk/,n.&v.步行；散步,
3768,walkman,,/ˈwɔːkmən/,n.随身听,
3769,wall,,/wɔːl/,n.墙,
3770,wallet,,/ˈwɔlɪt/,n.(放钱，证件等的)皮夹,
3771,walnut,,/ˈwɔːlnʌt/,n.核桃，胡桃,
3772,wander,,/ˈwɔndə(r)/,vi.漫游，游荡，漫步，流浪,
3773,want,,/wɔnt;(US)wɔːnt/,vt.想，想要，需要，必要,
3774,war,,/wɔː(r)/,n.战争,
3775,ward,,/wɔːd/,n.保卫，看护，病房，收容所,
3776,warehouse,,/ˈweəhaʊs/,n.仓库，货栈,
3777,warm,,/wɔːm/,a.暖和的，温暖的;热情的,
3778,warm-hearted,,/wɔːm-hɑːt/,a.热心的,
3779,warmth,,/wɔːmθ/,n.暖和，温暖,
3780,war,,/wɔː(r)/,nvt.警告，预先通知,
3781,warning,,/ˈwɔːnɪŋ/,n.警报,
3782,wash,,/ˈwɔːnɪŋ/,n.洗(涤)冲洗，洗剂，泼溅，洗的衣服v.洗(涤)，冲洗，流过，弄湿,
3783,washing-machine,,/ˈwɔʃɪŋ-məˈʃiːn/,n.洗衣机,
3784,washroom,,/ˈwɔʃrʊm，ˈwɔʃruːm/,n.盥洗室,
3785,waste,,/weɪst/,n.&vt.浪费,
3786,watch,,/wɔtʃ/,vt.观看，注视；当心，注意n.手表，表,
3787,water,,/ˈwɔːtə(r)/,n.水v.浇水,
3788,watermelon,,/ˈwɔːtəmelən/,n.西瓜,
3789,wave,,/weɪv/,n.（热、光、声等的）波，波浪v.挥手，挥动，波动,
3790,wax,,/wæks/,n.蜡,
3791,way,,/weɪ/,n.路，路线；方式，手段,
3792,wayside,,/weɪ/,a.路边的,
3793,we,,/wiː，wɪ/,pron.我们,
3794,web,,/web/,n.网，网状物,
3795,website,,/websaɪt/,n.网络,
3796,weak,,/wiːk/,a.差的，弱的，淡的,
3797,weakness,,/ˈwiːknɪs/,n.软弱,
3798,wealth,,/welθ/,n.财产，财富,
3799,wealthy,,/ˈwelθɪ/,a.富的,
3800,wear,(wore，worn),/weə(r)/,v.穿，戴,
3801,weather,,/weə(r)/,n.天气,
3802,wedding,,/ˈwedɪŋ/,n.婚礼，结婚,
3803,Wednesday,,/ˈwenzdeɪ/,n.星期三,
3804,weed,,/wiːd/,n.杂草，野草,
3805,week,,/wiːk/,n.星期，周,
3806,weekday,,/ˈwiːkdeɪ/,n.平日,
3807,weekend,,/wiːkˈend，ˈwiːkend/,n.周末,
3808,weekly,,/ˈwiːklɪ/,a.每周的,
3809,weep,,/wiːp/,v.哭泣，流泪,
3810,weigh,,/weɪ/,vt.称…的重量，重（若干）,
3811,weight,,/weɪt/,n.重，重量,
3812,welcome,,/ˈwelkəm/,int.n.&v.欢迎a.受欢迎的,
3813,welfare,,/ˈwelfeə(r)/,n.幸福，福利,
3814,well,(better，best),/wel/,ad.好，令人满意地，完全地a.好的，，健康的int.表示惊讶同意或犹豫等，亦用于接话语;好吧，那么，哎呀n.井,
3815,well-known,,/wel-nəʊn/,a.出名，众所周知的,
3816,west,,/west/,a.(在)西；向西，从西来的ad.在西方，向西方n.西部；西方,
3817,western,,/ˈwest(ə)n/,a.西方的，西部的,
3818,westerner,,/'westənə/,n.西方人,
3819,westwards,,/ˈwestwədz/,ad.向西,
3820,wet,,/wet/,a.湿的，潮的，多雨的,
3821,whale,,/weɪl;(US)hweɪl/,n.鲸,
3822,what,,/wɔt;(US)hwɑt/,pron.什么，怎么样a.多么，何等；什么,
3823,whatever,,/wɔtˈevə(r)/,conj.&pron.无论什么，不管什么,
3824,wheat,,/wiːt;(US)hwiːt/,n.小麦,
3825,wheel,,/wiːl;(US)hwiːl/,n.轮，机轮,
3826,when,,/wen/,conj.当…的时候ad.什么时候，何时,
3827,whenever,,/wenˈevə(r)/,conj.每当，无论何时,
3828,where,,/weə(r);(US)hweər/,ad.在哪里；往哪里,
3829,wherever,,/weərˈevə(r)/,conj.无论在哪里,
3830,whether,,/ˈweðə(r);(US)ˈhweðər/,conj.是否,
3831,which,,/wɪtʃ;(US)hwɪtʃ/,pron.那(哪)一个；那(哪)一些a.这(哪)个；这(哪)些；无论哪个(些),
3832,whichever,,/wɪtʃˈevə(r)/,pron.无论哪个;无论哪些,
3833,while,,/waɪl;(US)hwaɪl/,conj.在…的时候，和…同时n.一会儿，一段时间,
3834,whisper,,/ˈwɪspə(r)/,v.低语，私下说,
3835,whistle,,/waɪt;(US)hwaɪt/,n.口哨，口哨声,
3836,white,,/waɪt;(US)hwaɪt/,a.白色的n.白色,
3837,who,,/huː/,pron.谁,
3838,whole,,/həʊl/,a.整个的,
3839,whom,,/huːm/,pron.(who的宾格),
3840,whose,,/huːz/,pron.谁的,
3841,why,,/waɪ;(US)hwaɪ/,ad./int.为什么，你难道不知道（表示反驳、不耐烦等）,
3842,wide,,/weə(r);(US)hweər/,a.宽阔的,
3843,widespread,,/ˈwaɪdspred，-ˈspred/,a.分布广的，普遍的,
3844,wife,,/waɪf/,n.妻子,
3845,wild,,/waɪld/,a.未开发的，荒凉的；野生的，野的,
3846,wildlife,,/ˈwaɪldlaɪf/,n.野生动物,
3847,will,,/wɪl/,n.意志，遗嘱,
3848,will,(would),/wɪl/,v.将，会(表示将来)；愿意，要,
3849,willing,,/ˈwɪlɪŋ/,a.乐意的；愿意的,
3850,willingly,,/'wɪlɪŋli/,ad.乐意地,
3851,willingness,,/'wɪlɪŋnɪs/,n.意愿；愿望,
3852,win,(won，won),/wɪn/,n.获胜，赢得,
3853,wind,,/wɪnd/,n.风,
3854,wind,(wound，wound),/wɪnd/,vt.缠，连带；蜿蜒，弯曲,
3855,windbreaker,,/'wɪnd，breɪkә/,n.风衣，防风(皮)夹克,
3856,window,,/ˈwɪndəʊ/,n.窗户；计算机的窗,
3857,windy,,/ˈwɪndɪ/,a.有风的，多风的,
3858,wine,,/waɪn/,n.酒,
3859,wing,,/wɪŋ/,n.机翼，翅膀,
3860,winner,,/ˈwɪnə(r)/,n.获胜者,
3861,winter,,/ˈwɪntə(r)/,n.冬天，冬季,
3862,wipe,,/waɪp/,v.擦；擦净；擦干,
3863,wire,,/ˈwaɪə(r)/,n.电线,
3864,wisdom,,/ˈwɪzdəm/,n.智慧,
3865,wise,,/waɪz/,a.聪明，英明的，有见识的,
3866,wish,,/wɪʃ/,n.愿望，祝愿vt.希望，想要，祝愿,
3867,with,,/wɪʃ/,prep.关于，带有，以，和，用，有,
3868,withdraw,,/wɪðˈdrɔː/,v.撤回，撤离,
3869,within,,/wɪˈðɪn/,prep.在……里面,
3870,without,,/wɪˈðaʊt/,prep.没有,
3871,witness,,/ˈwɪtnɪs/,v./n.目击者，见证人,
3872,wolf,(复wolves),/wʊlf/,n.狼,
3873,woman,(复women),/ˈwʊmən/,n.妇女女人,
3874,wonder,,/ˈwʌndə(r)/,v.对…疑惑，感到惊奇，想知道n.惊讶，惊叹;奇迹,
3875,wonderful,,/ˈwʌndəfʊl/,a.美妙的，精彩的；了不起的；太好了,
3876,wood,,/ˈwʌndəfʊl/,n.木头，木材，(复)树木，森林,
3877,wooden,,/ˈwʊd(ə)n/,a.木制的,
3878,woo,,/wʊl/,ln.羊毛，羊绒,
3879,woollen,,/'wʊlɪn/,a.羊毛的，羊毛制的,
3880,word,,/wɜːd/,n.词，单词；话,
3881,work,,/wɜːk/,n.工作，劳动，事情vi.工作;(机器、器官等)运转，活动,
3882,workday,,/'wɜːkdeɪ/,n.工作日,
3883,worker,,/ˈwɜːkə(r)/,n.工人；工作者,
3884,workforce,,/'wɜːkfɔːs/,n.劳动力,
3885,workmate,,/'wɜːkfɔːs/,n.同事；工友,
3886,workplace,,/wɜːkpleɪs/,n.工作场所，车间,
3887,works,,/wɜːks/,n.著作，作品,
3888,world,,/wɜːld/,n.世界,
3889,world-famous,,/wɜːld-ˈfeɪməs/,a.世界闻名的,
3890,worldwide,,/ˈwɜːldwaɪd，-ˈwaɪd/,a.遍及全球的，世界范围的,
3891,worm,,/wɜːm/,n.软体虫，蠕虫(尤指蚯蚓),
3892,worn,,/wɜrn/wɜːm/,a.用坏，用旧的，疲惫的,
3893,worried,,/'wɜrɪd/'wʌ-/,a.担心的，烦恼的,
3894,worry,,/ˈwʌrɪ/,n.&v.烦恼，担忧，发怒，困扰,
3895,worse,(bad的比较级),/wɜːs/,a.更坏的,
3896,worst,(bad的最高级),/wɜːst/,a.最坏的,
3897,worth,,/wɜːθ/,a.有…的价值，值得…的,
3898,worthless,,/ˈwɜːθlɪs/,a.没有价值，没有用的,
3899,worthwhile,,/wɜːθˈwaɪl/,a.值得做的,
3900,worthy,,/wɜːθˈwaɪl/,a.值得的,
3901,would,,/wəd，wʊd/,v.（will的过去时）将会，打算，想要，过去常常,
3902,wound,,/wuːnd/,vt.伤，伤害n.创伤，伤口,
3903,wounded,,/wuːndɪd/,a.受伤的,
3904,wrestle,,/ˈres(ə)l/,v.摔跤,
3905,wrinkle,,/ˈrɪŋk(ə)l/,n.皱纹,
3906,wrist,,/rɪst/,n.手腕，腕关节,
3907,write,(wrote，written),/raɪt/,v.写，书写；写作，著述,
3908,writing,,/raɪt/,n.书写，写,
3909,wrong,,/rɔŋ/,a.错误，不正常，有毛病的,
3910,X-ray,,/eks-reɪ/,n.X射线；X光,
3911,yard,,/jɑːd/,n.码；院子；场地,
3912,yawn,,/jɔːn/,v.打哈欠,
3913,year,,/jɪə(r)，jɜː(r)/,n.年,
3914,yell,,/jel/,v.叫喊，吼叫,
3915,yellow,,/ˈjeləʊ/,a.黄色的,
3916,yes,,/jes/,ad.是，好，同意,
3917,yesterday,,/ˈjestədeɪ/,n.&ad.昨天,
3918,yet,,/jet/,ad.尚，还，仍然,
3919,yoghurt,,/'jɔgət，'jəʊ-/,n.酸奶,
3920,you,,/juː，jʊ/,pron.你；你们,
3921,young,,/jʌŋ/,a.年轻的,
3922,your,,/jʌŋ/,pron.你的；你们的,
3923,yours,,/jɔːz，jʊəz/,pron.你的；你们的,
3924,yourself,,/jɔːˈself/,pron.你自己,
3925,yourselves,,/jɔːˈself/,pron.你们自己,
3926,youth,,/juːθ/,n.青春；青年,
3927,yummy,,/ˈjʌmɪ/,a.很好吃的,
3928,zebra,,/ˈzebrə，ˈziːbrə/,n.斑马,
3929,zebra-crossing,,/ˈzebrə-ˈkrɔsɪŋ/,人行横道线（斑马线）,
3930,zero,,/ˈzɪərəʊ/,n.&num.零，零度，零点,
3931,zip,,/zɪp/,v.&n.拉开(或扣上)……的拉链；拉链,
3932,zipcode,(美postcode),/zɪpkəʊd/,(英)邮政区号,
3933,zipper,,/ˈzɪpə(r)/,n.拉链,
3934,zone,,/zuː/,n.区域；范围,
3935,zoo,,/zuː/,n.动物园,
3936,zoom,,/zuːm/,v.快速移动，迅速前往，猛涨,
