seq,word,pinyins,strokes,strokesok
0001,一,yī,一,true(a1~e1)
0002,乙,yǐ,⺄,true(a1~e1)
0003,二,èr,一 一,true(a2~e2)
0004,十,shí,一 丨,true(a2~e2)
0005,丁,dīng、zhēng,一 亅,true(a2~e2)
0006,厂,chǎng、ān、hàn,一 丿,true(a2~e2)
0007,七,qī,一 乚,true(a2~e2)
0008,卜,bo、bǔ,丨 丶,true(a2~e2)
0009,八,bā,丿 ㇏,true(a2~e2)
0010,人,rén,丿 ㇏,true(a2~e2)
0011,入,rù,丿 ㇏,true(a2~e2)
0012,儿,ér,丿 乚,true(a2~e2)
0013,匕,bǐ,丿 乚,true(a2~e2)
0014,几,jī、jǐ,丿 ⺄,true(a2~e2)
0015,九,jiǔ,丿 ⺄,true(a2~e2)
0016,刁,diāo,𠃌 ㇀,true(a2~e2)
0017,了,le、liǎo,㇇ 亅,true(a2~e2)
0018,刀,dāo,𠃌 丿,true(a2~e2)
0019,力,lì,𠃌 丿,true(a2~e2)
0020,乃,nǎi,𠄎 丿,true(a2~e2)
0021,又,yòu,㇇ ㇏,true(a2~e2)
0022,三,sān,一 一 一,true(a3~e3)
0023,干,gān、gàn,一 一 丨,true(a3~e3)
0024,于,yú,一 一 亅,true(a3~e3)
0025,亏,kuī,一 一 ㇉,true(a3~e3)
0026,工,gōng,一 丨 一,true(a3~e3)
0027,土,tǔ,一 丨 一,true(a3~e3)
0028,士,shì,一 丨 一,true(a3~e3)
0029,才,cái,一 亅 丿,true(a3~e3)
0030,下,xià,一 丨 丶,true(a3~e3)
0031,寸,cùn,一 亅 丶,true(a3~e3)
0032,大,dà、dài、tài,一 丿 ㇏,true(a3~e3)
0033,丈,zhàng,一 丿 ㇏,true(a3~e3)
0034,与,yǔ、yù、yú,一 ㇉ 一,true(a3~e3)
0035,万,wàn、mò,一 𠃌 丿,true(a3~e3)
0036,上,shàng、shǎng,丨 一 一,true(a3~e3)
0037,小,xiǎo,亅 丿 丶,true(a3~e3)
0038,口,kǒu,丨 𠃍 一,true(a3~e3)
0039,山,shān,丨 ㇄ 丨,true(a3~e3)
0040,巾,jīn,丨 𠃌 丨,true(a3~e3)
0041,千,qiān,丿 一 丨,true(a3~e3)
0042,乞,qǐ,丿 一 ⺄,true(a3~e3)
0043,川,chuān,丿 丨 丨,true(a3~e3)
0044,亿,yì,丿 丨 ⺄,true(a3~e3)
0045,个,gè、gě,丿 ㇏ 丨,true(a3~e3)
0046,夕,xī,丿 ㇇ 丶,true(a3~e3)
0047,久,jiǔ,丿 ㇇ ㇏,true(a3~e3)
0048,么,me、mó、ma、yāo,丿 𠃋 丶,true(a3~e3)
0049,勺,sháo,丿 𠃌 丶,true(a3~e3)
0050,凡,fán,丿 ⺄ 丶,true(a3~e3)
0051,丸,wán,丿 ⺄ 丶,true(a3~e3)
0052,及,jí,丿 ㇋ ㇏,true(a3~e3)
0053,广,guǎng、ān,丶 一 丿,true(a3~e3)
0054,亡,wáng、wú,丶 一 ㇄,true(a3~e3)
0055,门,mén,丶 丨 𠃌,true(a3~e3)
0056,丫,yā,丶 丿 丨,true(a3~e3)
0057,义,yì,丶 丿 ㇏,true(a3~e3)
0058,之,zhī,丶 ㇇ ㇏,true(a3~e3)
0059,尸,shī,𠃍 一 丿,true(a3~e3)
0060,己,jǐ,𠃍 一 乚,true(a3~e3)
0061,已,yǐ,𠃍 一 乚,true(a3~e3)
0062,巳,sì,𠃍 一 乚,true(a3~e3)
0063,弓,gōng,𠃍 一 ㇉,true(a3~e3)
0064,子,zǐ,乛 亅 一,true(a3~e3)
0065,卫,wèi,𠃌 丨 一,true(a3~e3)
0066,也,yě,𠃌 丨 乚,true(a3~e3)
0067,女,nǚ、rǔ,𡿨 丿 一,true(a3~e3)
0068,刃,rèn,𠃌 丿 ㇀,true(a3~e3)
0069,飞,fēi,⺄ 丿 丶,true(a3~e3)
0070,习,xí,𠃌 丶 ㇀,true(a3~e3)
0071,叉,chā、chá、chǎ、chà,㇇ ㇏ 丶,true(a3~e3)
0072,马,mǎ,𠃍 ㇉ 一,true(a3~e3)
0073,乡,xiāng,𠃋 𠃋 丿,true(a3~e3)
0074,丰,fēng,一 一 一 丨,true(a4~e4)
0075,王,wáng、wàng,一 一 丨 一,true(a4~e4)
0076,开,kāi,一 一 丿 丨,true(a4~e4)
0077,井,jǐng,一 一 丿 丨,true(a4~e4)
0078,天,tiān,一 一 丿 ㇏,true(a4~e4)
0079,夫,fū、fú,一 一 丿 ㇏,true(a4~e4)
0080,元,yuán,一 一 丿 乚,true(a4~e4)
0081,无,mó、wú,一 一 丿 乚,true(a4~e4)
0082,云,yún,一 一 𠃋 丶,true(a4~e4)
0083,专,zhuān,一 一 ㄣ 丶,true(a4~e4)
0084,丐,gài,一 丨 一 ㇉,true(a4~e4)
0085,扎,zā、zhā、zhá,一 亅 ㇀ 乚,true(a4~e4)
0086,艺,yì,一 丨 丨 ⺄,true(a4~e4)
0087,木,mù,一 丨 丿 ㇏,true(a4~e4)
0088,五,wǔ,一 丨 𠃍 一,true(a4~e4)
0089,支,zhī,一 丨 ㇇ ㇏,true(a4~e4)
0090,厅,tīng,一 丿 一 亅,true(a4~e4)
0091,不,bù、fǒu,一 丿 丨 丶,true(a4~e4)
0092,犬,quǎn,一 丿 ㇏ 丶,true(a4~e4)
0093,太,tài,一 丿 ㇏ 丶,true(a4~e4)
0094,区,ōu、qū,一 丿 丶 ㇄,true(a4~e4)
0095,历,lì,一 丿 𠃌 丿,true(a4~e4)
0096,歹,dǎi,一 丿 ㇇ 丶,true(a4~e4)
0097,友,yǒu,一 丿 ㇇ ㇏,true(a4~e4)
0098,尤,yóu,一 丿 乚 丶,true(a4~e4)
0099,匹,pǐ,一 丿 乚 ㇄,true(a4~e4)
0100,车,chē、jū,一 𠃋 一 丨,true(a4~e4)
0101,巨,jù,一 𠃍 一 ㇄,true(a4~e4)
0102,牙,yá,一 𠃋 亅 丿,true(a4~e4)
0103,屯,tún、zhūn,一 ㇄ 丨 乚,true(a4~e4)
0104,戈,gē,一 ㇂ 丿 丶,true(a4~e4)
0105,比,bǐ,一 𠄌 丿 乚,true(a4~e4)
0106,互,hù,一 𠃋 ㇇ 一,true(a4~e4)
0107,切,qiē、qiè,一 𠄌 𠃌 丿,true(a4~e4)
0108,瓦,wǎ、wà,一 𠄌 ⺄ 丶,true(a4~e4)
0109,止,zhǐ,丨 一 丨 一,true(a4~e4)
0110,少,shǎo、shào,丨 丿 丶 丿,true(a4~e4)
0111,曰,yuē,丨 𠃍 一 一,true(a4~e4)
0112,日,rì,丨 𠃍 一 一,true(a4~e4)
0113,中,zhōng、zhòng,丨 𠃍 一 丨,true(a4~e4)
0114,贝,bèi,丨 𠃍 丿 丶,true(a4~e4)
0115,冈,gāng,丨 𠃌 丿 丶,true(a4~e4)
0116,内,nèi、nà,丨 𠃌 丿 丶,true(a4~e4)
0117,水,shuǐ,亅 ㇇ 丿 ㇏,true(a4~e4)
0118,见,jiàn、xiàn,丨 𠃍 丿 乚,true(a4~e4)
0119,午,wǔ,丿 一 一 丨,true(a4~e4)
0120,牛,niú,丿 一 一 丨,true(a4~e4)
0121,手,shǒu,丿 一 一 亅,true(a4~e4)
0122,气,qì,丿 一 一 ⺄,true(a4~e4)
0123,毛,máo,丿 一 一 乚,true(a4~e4)
0124,壬,rén,丿 一 丨 一,true(a4~e4)
0125,升,shēng,丿 一 丿 丨,true(a4~e4)
0126,夭,yāo,丿 一 丿 ㇏,true(a4~e4)
0127,长,cháng、zhǎng,丿 一 𠄌 ㇏,true(a4~e4)
0128,仁,rén,丿 丨 一 一,true(a4~e4)
0129,什,shén、shí,丿 丨 一 丨,true(a4~e4)
0130,片,piān、piàn,丿 丨 一 𠃍,true(a4~e4)
0131,仆,pū、pú,丿 丨 丨 丶,true(a4~e4)
0132,化,huà、huā,丿 丨 丿 乚,true(a4~e4)
0133,仇,chóu、qiú,丿 丨 丿 ⺄,true(a4~e4)
0134,币,bì,丿 丨 𠃌 丨,true(a4~e4)
0135,仍,réng,丿 丨 𠄎 丿,true(a4~e4)
0136,仅,jǐn、jìn,丿 丨 ㇇ ㇏,true(a4~e4)
0137,斤,jīn,丿 丿 一 丨,true(a4~e4)
0138,爪,zhǎo、zhuǎ,丿 丿 丨 ㇏,true(a4~e4)
0139,反,fǎn,丿 丿 ㇇ ㇏,true(a4~e4)
0140,介,jiè,丿 ㇏ 丿 丨,true(a4~e4)
0141,父,fù、fǔ,丿 丶 丿 ㇏,true(a4~e4)
0142,从,cóng、zòng,丿 丶 丿 ㇏,true(a4~e4)
0143,仑,lún,丿 ㇏ 丿 乚,true(a4~e4)
0144,今,jīn,丿 ㇏ 丶 ㇇,true(a4~e4)
0145,凶,xiōng,丿 丶 ㇄ 丨,true(a4~e4)
0146,分,fēn、fèn,丿 ㇏ 𠃌 丿,true(a4~e4)
0147,乏,fá,丿 丶 ㇇ ㇏,true(a4~e4)
0148,公,gōng,丿 ㇏ 𠃋 丶,true(a4~e4)
0149,仓,cāng,丿 ㇏ 𠃌 乚,true(a4~e4)
0150,月,yuè,丿 𠃌 一 一,true(a4~e4)
0151,氏,shì、zhī,丿 𠄌 一 ㇂,true(a4~e4)
0152,勿,wù,丿 𠃌 丿 丿,true(a4~e4)
0153,欠,qiàn,丿 ㇇ 丿 ㇏,true(a4~e4)
0154,风,fēng、fěng,丿 ⺄ 丿 丶,true(a4~e4)
0155,丹,dān,丿 𠃌 丶 一,true(a4~e4)
0156,匀,yún,丿 𠃌 丶 ㇀,true(a4~e4)
0157,乌,wū,丿 𠃌 ㇉ 一,true(a4~e4)
0158,勾,gōu、gòu,丿 𠃌 𠃋 丶,true(a4~e4)
0159,凤,fèng,丿 ⺄ ㇇ 丶,true(a4~e4)
0160,六,liù、lù,丶 一 丿 丶,true(a4~e4)
0161,文,wén,丶 一 丿 ㇏,true(a4~e4)
0162,亢,kàng,丶 一 丿 ⺄,true(a4~e4)
0163,方,fāng,丶 一 𠃌 丿,true(a4~e4)
0164,火,huǒ,㇀ 丿 丿 ㇏,true(a4~e4)
0165,为,wéi、wèi,丶 丿 𠃌 丶,true(a4~e4)
0166,斗,dǒu、dòu,丶 丶 一 丨,true(a4~e4)
0167,忆,yì,㇀ 丶 丨 ⺄,true(a4~e4)
0168,计,jì,丶 ㇊ 一 丨,true(a4~e4)
0169,订,dìng,丶 ㇊ 一 亅,true(a4~e4)
0170,户,hù,丶 𠃍 一 丿,true(a4~e4)
0171,认,rèn,丶 ㇊ 丿 ㇏,true(a4~e4)
0172,冗,rǒng,㇀ 乛 丿 ⺄,true(a4~e4)
0173,讥,jī,丶 ㇊ 丿 ⺄,true(a4~e4)
0174,心,xīn,㇀ ㇃ 丶 丶,true(a4~e4)
0175,尺,chě、chǐ,𠃍 一 丿 ㇏,true(a4~e4)
0176,引,yǐn,𠃍 一 ㇉ 丨,true(a4~e4)
0177,丑,chǒu,𠃍 丨 一 一,true(a4~e4)
0178,巴,bā,𠃍 丨 一 乚,true(a4~e4)
0179,孔,kǒng,乛 亅 ㇀ 乚,true(a4~e4)
0180,队,duì,㇌ 丨 丿 ㇏,true(a4~e4)
0181,办,bàn,𠃌 丿 ㇀ 丶,true(a4~e4)
0182,以,yǐ,𠄌 丶 丿 丶,true(a4~e4)
0183,允,yǔn,𠃋 丶 丿 乚,true(a4~e4)
0184,予,yú、yǔ,乛 丶 乛 亅,true(a4~e4)
0185,邓,dèng,㇇ 丶 ㇌ 丨,true(a4~e4)
0186,劝,quàn,㇇ 丶 𠃌 丿,true(a4~e4)
0187,双,shuāng,㇇ 丶 ㇇ ㇏,true(a4~e4)
0188,书,shū,𠃍 𠃌 丨 丶,true(a4~e4)
0189,幻,huàn,𠃋 𠃋 丶 𠃌,true(a4~e4)
0190,玉,yù,一 一 丨 一 丶,true(a5~e5)
0191,刊,kān,一 一 丨 丨 亅,true(a5~e5)
0192,未,wèi,一 一 丨 丿 ㇏,true(a5~e5)
0193,末,mò,一 一 丨 丿 ㇏,true(a5~e5)
0194,示,shì,一 一 亅 丿 丶,true(a5~e5)
0195,击,jī,一 一 丨 ㇄ 丨,true(a5~e5)
0196,打,dá、dǎ,一 亅 ㇀ 一 亅,true(a5~e5)
0197,巧,qiǎo,一 丨 ㇀ 一 ㇉,true(a5~e5)
0198,正,zhēng、zhèng,一 丨 一 丨 一,true(a5~e5)
0199,扑,pū,一 亅 ㇀ 丨 丶,true(a5~e5)
0200,卉,huì,一 丨 一 丿 丨,true(a5~e5)
0201,扒,bā、pá,一 亅 ㇀ 丿 ㇏,true(a5~e5)
0202,功,gōng,一 丨 ㇀ 𠃌 丿,true(a5~e5)
0203,扔,rēng,一 亅 ㇀ 𠄎 丿,true(a5~e5)
0204,去,qù,一 丨 一 𠃋 丶,true(a5~e5)
0205,甘,gān,一 丨 丨 一 一,true(a5~e5)
0206,世,shì,一 丨 丨 一 ㇄,true(a5~e5)
0207,艾,ài、yì,一 丨 丨 丿 ㇏,true(a5~e5)
0208,古,gǔ,一 丨 丨 𠃍 一,true(a5~e5)
0209,节,jiē、jié,一 丨 丨 𠃌 丨,true(a5~e5)
0210,本,běn,一 丨 丿 ㇏ 一,true(a5~e5)
0211,术,shù、shú、zhú,一 丨 丿 ㇏ 丶,true(a5~e5)
0212,可,kě、kè,一 丨 𠃍 一 亅,true(a5~e5)
0213,丙,bǐng,一 丨 𠃌 丿 丶,true(a5~e5)
0214,左,zuǒ,一 丿 一 丨 一,true(a5~e5)
0215,厉,lì,一 丿 一 𠃌 丿,true(a5~e5)
0216,石,dàn、shí,一 丿 丨 𠃍 一,true(a5~e5)
0217,右,yòu,一 丿 丨 𠃍 一,true(a5~e5)
0218,布,bù,一 丿 丨 𠃌 丨,true(a5~e5)
0219,夯,hāng、bèn,一 丿 ㇏ 𠃌 丿,true(a5~e5)
0220,戊,wù,一 丿 ㇂ 丿 丶,true(a5~e5)
0221,龙,lóng,一 丿 乚 丿 丶,true(a5~e5)
0222,平,píng,一 丶 丿 一 丨,true(a5~e5)
0223,灭,miè,一 ㇀ 丿 丿 ㇏,true(a5~e5)
0224,轧,yà、zhá,一 𠃋 丨 ㇀ 乚,true(a5~e5)
0225,东,dōng,一 𠃋 亅 丿 丶,true(a5~e5)
0226,卡,kǎ、qiǎ,丨 一 一 丨 丶,true(a5~e5)
0227,北,běi、bèi,丨 一 ㇀ 丿 乚,true(a5~e5)
0228,占,zhàn、zhān,丨 一 丨 𠃍 一,true(a5~e5)
0229,凸,tū,丨 一 丨 ㇎ 一,true(a5~e5)
0230,卢,lú,丨 一 𠃍 一 丿,true(a5~e5)
0231,业,yè,丨 丨 丶 丿 一,true(a5~e5)
0232,旧,jiù,丨 丨 𠃍 一 一,true(a5~e5)
0233,帅,shuài,丨 丿 丨 𠃌 丨,true(a5~e5)
0234,归,guī,丨 丿 𠃍 一 一,true(a5~e5)
0235,旦,dàn,丨 𠃍 一 一 一,true(a5~e5)
0236,目,mù,丨 𠃍 一 一 一,true(a5~e5)
0237,且,qiě、jū,丨 𠃍 一 一 一,true(a5~e5)
0238,叶,yè、xié,丨 𠃍 一 一 丨,true(a5~e5)
0239,甲,jiǎ,丨 𠃍 一 一 丨,true(a5~e5)
0240,申,shēn,丨 𠃍 一 一 丨,true(a5~e5)
0241,叮,dīng,丨 𠃍 一 一 亅,true(a5~e5)
0242,电,diàn,丨 𠃍 一 一 乚,true(a5~e5)
0243,号,háo、hào,丨 𠃍 一 一 ㇉,true(a5~e5)
0244,田,tián,丨 𠃍 一 丨 一,true(a5~e5)
0245,由,yóu,丨 𠃍 一 丨 一,true(a5~e5)
0246,只,zhī、zhǐ,丨 𠃍 一 丿 丶,true(a5~e5)
0247,叭,bā,丨 𠃍 一 丿 ㇏,true(a5~e5)
0248,史,shǐ,丨 𠃍 一 丿 ㇏,true(a5~e5)
0249,央,yāng,丨 𠃍 一 丿 ㇏,true(a5~e5)
0250,兄,xiōng,丨 𠃍 一 丿 乚,true(a5~e5)
0251,叽,jī,丨 𠃍 一 丿 ⺄,true(a5~e5)
0252,叼,diāo,丨 𠃍 一 𠃌 ㇀,true(a5~e5)
0253,叫,jiào,丨 𠃍 一 𠄌 丨,true(a5~e5)
0254,叩,kòu,丨 𠃍 一 𠃌 丨,true(a5~e5)
0255,叨,dāo、dáo、tāo,丨 𠃍 一 𠃌 丿,true(a5~e5)
0256,另,lìng,丨 𠃍 一 𠃌 丿,true(a5~e5)
0257,叹,tàn,丨 𠃍 一 ㇇ ㇏,true(a5~e5)
0258,冉,rǎn,丨 𠃌 丨 一 一,true(a5~e5)
0259,皿,mǐn,丨 𠃍 丨 丨 一,true(a5~e5)
0260,凹,āo、wā,丨 ㇅ 丨 𠃍 一,true(a5~e5)
0261,囚,qiú,丨 𠃍 丿 丶 一,true(a5~e5)
0262,四,sì,丨 𠃍 丿 ㇄ 一,true(a5~e5)
0263,生,shēng,丿 一 一 丨 一,true(a5~e5)
0264,矢,shǐ,丿 一 一 丿 ㇏,true(a5~e5)
0265,失,shī,丿 一 一 丿 ㇏,true(a5~e5)
0266,乍,zhà,丿 一 丨 一 一,true(a5~e5)
0267,禾,hé,丿 一 丨 丿 ㇏,true(a5~e5)
0268,丘,qiū,丿 丨 一 丨 一,true(a5~e5)
0269,付,fù,丿 丨 一 亅 丶,true(a5~e5)
0270,仗,zhàng,丿 丨 一 丿 ㇏,true(a5~e5)
0271,代,dài,丿 丨 一 ㇂ 丶,true(a5~e5)
0272,仙,xiān,丿 丨 丨 ㇄ 丨,true(a5~e5)
0273,们,mén、men,丿 丨 丶 丨 𠃌,true(a5~e5)
0274,仪,yí,丿 丨 丶 丿 ㇏,true(a5~e5)
0275,白,bái,丿 丨 𠃍 一 一,true(a5~e5)
0276,仔,zǐ、zī、zǎi,丿 丨 乛 亅 一,true(a5~e5)
0277,他,tā,丿 丨 𠃌 丨 乚,true(a5~e5)
0278,斥,chì,丿 丿 一 丨 丶,true(a5~e5)
0279,瓜,guā,丿 丿 𠄌 丶 ㇏,true(a5~e5)
0280,乎,hū,丿 丶 丿 一 亅,true(a5~e5)
0281,丛,cóng,丿 丶 丿 ㇏ 一,true(a5~e5)
0282,令,líng、lǐng、lìng,丿 ㇏ 丶 乛 丶,true(a5~e5)
0283,用,yòng,丿 𠃌 一 一 丨,true(a5~e5)
0284,甩,shuǎi,丿 𠃌 一 一 乚,true(a5~e5)
0285,印,yìn,丿 𠄌 一 𠃌 丨,true(a5~e5)
0286,尔,ěr,丿 乛 亅 丿 丶,true(a5~e5)
0287,乐,lè、yuè、yào、lào,丿 ㇄ 亅 丿 丶,true(a5~e5)
0288,句,jù、gōu,丿 𠃌 丨 𠃍 一,true(a5~e5)
0289,匆,cōng,丿 𠃌 丿 丿 丶,true(a5~e5)
0290,册,cè,丿 𠃌 丿 𠃌 一,true(a5~e5)
0291,卯,mǎo,丿 𠄌 丿 𠃌 丨,true(a5~e5)
0292,犯,fàn,丿 ㇁ 丿 𠃌 乚,true(a5~e5)
0293,外,wài,丿 ㇇ 丶 丨 丶,true(a5~e5)
0294,处,chǔ、chù,丿 ㇇ ㇏ 丨 丶,true(a5~e5)
0295,冬,dōng,丿 ㇇ ㇏ 丶 丶,true(a5~e5)
0296,鸟,niǎo,丿 𠃌 丶 ㇉ 一,true(a5~e5)
0297,务,wù,丿 ㇇ ㇏ 𠃌 丿,true(a5~e5)
0298,包,bāo,丿 𠃌 𠃍 一 乚,true(a5~e5)
0299,饥,jī,丿 乛 𠄌 丿 ⺄,true(a5~e5)
0300,主,zhǔ,丶 一 一 丨 一,true(a5~e5)
0301,市,shì,丶 一 丨 𠃌 丨,true(a5~e5)
0302,立,lì,丶 一 丶 丿 一,true(a5~e5)
0303,冯,féng、píng,丶 ㇀ 𠃍 ㇉ 一,true(a5~e5)
0304,玄,xuán,丶 一 𠃋 𠃋 丶,true(a5~e5)
0305,闪,shǎn,丶 丨 𠃌 丿 丶,true(a5~e5)
0306,兰,lán,丶 丿 一 一 一,true(a5~e5)
0307,半,bàn,丶 丿 一 一 丨,true(a5~e5)
0308,汁,zhī,丶 丶 ㇀ 一 丨,true(a5~e5)
0309,汇,huì,丶 丶 ㇀ 一 ㇄,true(a5~e5)
0310,头,tóu、tou,丶 丶 一 丿 丶,true(a5~e5)
0311,汉,hàn,丶 丶 ㇀ ㇇ ㇏,true(a5~e5)
0312,宁,níng、nìng、zhù,丶 ㇀ 乛 一 亅,true(a5~e5)
0313,穴,xué,丶 ㇀ 乛 丿 ㇏,true(a5~e5)
0314,它,tā,丶 ㇀ 乛 丿 乚,true(a5~e5)
0315,讨,tǎo,丶 ㇊ 一 亅 丶,true(a5~e5)
0316,写,xiě,㇀ 乛 一 ㇉ 一,true(a5~e5)
0317,让,ràng,丶 ㇊ 丨 一 一,true(a5~e5)
0318,礼,lǐ,丶 ㇇ 丨 丶 乚,true(a5~e5)
0319,训,xùn,丶 ㇊ 丿 丨 丨,true(a5~e5)
0320,议,yì,丶 ㇊ 丶 丿 ㇏,true(a5~e5)
0321,必,bì,㇀ ㇃ 丶 丿 丶,true(a5~e5)
0322,讯,xùn,丶 ㇊ ⺄ 一 丨,true(a5~e5)
0323,记,jì,丶 ㇊ 𠃍 一 乚,true(a5~e5)
0324,永,yǒng,丶 𠃌 ㇇ 丿 ㇏,true(a5~e5)
0325,司,sī,𠃌 一 丨 𠃍 一,true(a5~e5)
0326,尼,ní,𠃍 一 丿 丿 乚,true(a5~e5)
0327,民,mín,𠃍 一 𠄌 一 ㇂,true(a5~e5)
0328,弗,fú,𠃍 一 ㇉ 丿 丨,true(a5~e5)
0329,弘,hóng,𠃍 一 ㇉ 𠃋 丶,true(a5~e5)
0330,出,chū,㇄ 丨 丨 ㇄ 丨,true(a5~e5)
0331,辽,liáo,乛 亅 丶 ㇋ ㇏,true(a5~e5)
0332,奶,nǎi,𡿨 丿 一 𠄎 丿,true(a5~e5)
0333,奴,nú,𡿨 丿 一 ㇇ ㇏,true(a5~e5)
0334,召,shào、zhào,𠃌 丿 丨 𠃍 一,true(a5~e5)
0335,加,jiā,𠃌 丿 丨 𠃍 一,true(a5~e5)
0336,皮,pí,乛 丿 丨 ㇇ ㇏,true(a5~e5)
0337,边,biān,𠃌 丿 丶 ㇋ ㇏,true(a5~e5)
0338,孕,yùn,𠄎 丿 乛 亅 一,true(a5~e5)
0339,发,fā、fà,𠃋 丿 ㇇ ㇏ 丶,true(a5~e5)
0340,圣,shèng,㇇ ㇏ 一 丨 一,true(a5~e5)
0341,对,duì,㇇ 丶 一 亅 丶,true(a5~e5)
0342,台,tāi、tái,𠃋 丶 丨 𠃍 一,true(a5~e5)
0343,矛,máo,㇇ 丶 乛 亅 丿,true(a5~e5)
0344,纠,jiū,𠃋 𠃋 ㇀ 𠄌 丨,true(a5~e5)
0345,母,mǔ,㇄ 𠃌 丶 一 丶,true(a5~e5)
0346,幼,yòu,𠃋 𠃋 丶 𠃌 丿,true(a5~e5)
0347,丝,sī,𠃋 𠃋 𠃋 𠃋 一,true(a5~e5)
0348,邦,bāng,一 一 一 丿 ㇌ 丨,true(a6~e6)
0349,式,shì,一 一 丨 ㇀ ㇂ 丶,true(a6~e6)
0350,迂,yū,一 一 亅 丶 ㇋ ㇏,true(a6~e6)
0351,刑,xíng,一 一 丿 丨 丨 亅,true(a6~e6)
0352,戎,róng,一 一 丿 ㇂ 丿 丶,true(a6~e6)
0353,动,dòng,一 一 𠃋 丶 𠃌 丿,true(a6~e6)
0354,扛,gāng、káng,一 亅 ㇀ 一 丨 一,true(a6~e6)
0355,寺,sì,一 丨 一 一 亅 丶,true(a6~e6)
0356,吉,jí,一 丨 一 丨 𠃍 一,true(a6~e6)
0357,扣,kòu,一 亅 ㇀ 丨 𠃍 一,true(a6~e6)
0358,考,kǎo,一 丨 一 丿 一 ㇉,true(a6~e6)
0359,托,tuō,一 亅 ㇀ 丿 一 乚,true(a6~e6)
0360,老,lǎo,一 丨 一 丿 丿 乚,true(a6~e6)
0361,巩,gǒng,一 丨 ㇀ 丿 ⺄ 丶,true(a6~e6)
0362,圾,jī,一 丨 ㇀ 丿 ㇋ ㇏,true(a6~e6)
0363,执,zhí,一 亅 ㇀ 丿 ⺄ 丶,true(a6~e6)
0364,扩,kuò,一 亅 ㇀ 丶 一 丿,true(a6~e6)
0365,扫,sǎo、sào,一 亅 ㇀ 𠃍 一 一,true(a6~e6)
0366,地,de、dì,一 丨 ㇀ 𠃌 丨 乚,true(a6~e6)
0367,场,cháng、chǎng,一 丨 ㇀ 𠄎 丿 丿,true(a6~e6)
0368,扬,yáng,一 亅 ㇀ 𠄎 丿 丿,true(a6~e6)
0369,耳,ěr,一 丨 丨 一 一 一,true(a6~e6)
0370,芋,yù,一 丨 丨 一 一 亅,true(a6~e6)
0371,共,gòng、gōng,一 丨 丨 一 丿 丶,true(a6~e6)
0372,芒,máng,一 丨 丨 丶 一 ㇄,true(a6~e6)
0373,亚,yà,一 丨 丨 丶 丿 一,true(a6~e6)
0374,芝,zhī,一 丨 丨 丶 ㇇ ㇏,true(a6~e6)
0375,朽,xiǔ,一 丨 丿 丶 一 ㇉,true(a6~e6)
0376,朴,pǔ、pò、pō、piáo,一 丨 丿 丶 丨 丶,true(a6~e6)
0377,机,jī,一 丨 丿 丶 丿 ⺄,true(a6~e6)
0378,权,quán,一 丨 丿 丶 ㇇ ㇏,true(a6~e6)
0379,过,guò、guo、guō,一 亅 丶 丶 ㇋ ㇏,true(a6~e6)
0380,臣,chén,一 丨 𠃍 一 丨 ㇄,true(a6~e6)
0381,吏,lì,一 丨 𠃍 一 丿 ㇏,true(a6~e6)
0382,再,zài,一 丨 𠃌 丨 一 一,true(a6~e6)
0383,协,xié,一 丨 𠃌 丿 ㇀ 丶,true(a6~e6)
0384,西,xī,一 丨 𠃍 丿 ㇄ 一,true(a6~e6)
0385,压,yā、yà,一 丿 一 丨 一 丶,true(a6~e6)
0386,厌,yàn,一 丿 一 丿 ㇏ 丶,true(a6~e6)
0387,戌,qu、xū,一 丿 一 ㇂ 丿 丶,true(a6~e6)
0388,在,zài,一 丿 丨 一 丨 一,true(a6~e6)
0389,百,bǎi,一 丿 丨 𠃍 一 一,true(a6~e6)
0390,有,yǒu、yòu,一 丿 丨 𠃌 一 一,true(a6~e6)
0391,存,cún,一 丿 丨 乛 亅 一,true(a6~e6)
0392,而,ér,一 丿 丨 𠃌 丨 丨,true(a6~e6)
0393,页,yè,一 丿 丨 𠃍 丿 丶,true(a6~e6)
0394,匠,jiàng,一 丿 丿 一 丨 ㇄,true(a6~e6)
0395,夸,kuā、kuà,一 丿 ㇏ 一 一 ㇉,true(a6~e6)
0396,夺,duó,一 丿 ㇏ 一 亅 丶,true(a6~e6)
0397,灰,huī,一 丿 ㇀ 丿 丿 ㇏,true(a6~e6)
0398,达,dá,一 丿 丶 丶 ㇋ ㇏,true(a6~e6)
0399,列,liè,一 丿 ㇇ 丶 丨 亅,true(a6~e6)
0400,死,sǐ,一 丿 ㇇ 丶 丿 乚,true(a6~e6)
0401,成,chéng,一 丿 𠃌 ㇂ 丿 丶,true(a6~e6)
0402,夹,gā、jiā、jiá,一 丶 丿 一 丿 ㇏,true(a6~e6)
0403,夷,yí,一 𠃍 一 ㇉ 丿 ㇏,true(a6~e6)
0404,轨,guǐ,一 𠃋 丨 ㇀ 丿 ⺄,true(a6~e6)
0405,邪,xié、yá、yé、yú、xú,一 𠃋 亅 丿 ㇌ 丨,true(a6~e6)
0406,尧,yáo,一 ㇂ 丿 一 丿 乚,true(a6~e6)
0407,划,huá、huà,一 ㇂ 丿 丶 丨 亅,true(a6~e6)
0408,迈,mài,一 𠃌 丿 丶 ㇋ ㇏,true(a6~e6)
0409,毕,bì,一 𠄌 丿 乚 一 丨,true(a6~e6)
0410,至,zhì,一 𠃋 丶 一 丨 一,true(a6~e6)
0411,此,cǐ,丨 一 丨 ㇀ 丿 乚,true(a6~e6)
0412,贞,zhēn,丨 一 丨 𠃍 丿 丶,true(a6~e6)
0413,师,shī,丨 丿 一 丨 𠃌 丨,true(a6~e6)
0414,尘,chén,丨 丿 丶 一 丨 一,true(a6~e6)
0415,尖,jiān,丨 丿 丶 一 丿 ㇏,true(a6~e6)
0416,劣,liè,丨 丿 丶 丿 𠃌 丿,true(a6~e6)
0417,光,guāng,丨 丶 丿 一 丿 乚,true(a6~e6)
0418,当,dāng、dàng,丨 丶 丿 𠃍 一 一,true(a6~e6)
0419,早,zǎo,丨 𠃍 一 一 一 丨,true(a6~e6)
0420,吁,xū、yū、yù,丨 𠃍 一 一 一 亅,true(a6~e6)
0421,吐,tǔ、tù,丨 𠃍 一 一 丨 一,true(a6~e6)
0422,吓,hè、xià,丨 𠃍 一 一 丨 丶,true(a6~e6)
0423,虫,chóng,丨 𠃍 一 丨 一 丶,true(a6~e6)
0424,曲,qū、qǔ,丨 𠃍 一 丨 丨 一,true(a6~e6)
0425,团,tuán,丨 𠃍 一 亅 丿 一,true(a6~e6)
0426,吕,lǚ,丨 𠃍 一 丨 𠃍 一,true(a6~e6)
0427,同,tóng、tòng,丨 𠃌 一 丨 𠃍 一,true(a6~e6)
0428,吊,diào,丨 𠃍 一 丨 𠃌 丨,true(a6~e6)
0429,吃,chī,丨 𠃍 一 丿 一 ⺄,true(a6~e6)
0430,因,yīn,丨 𠃍 一 丿 丶 一,true(a6~e6)
0431,吸,xī,丨 𠃍 一 丿 ㇋ ㇏,true(a6~e6)
0432,吗,má、mǎ、ma,丨 𠃍 一 𠃍 ㇉ 一,true(a6~e6)
0433,吆,yāo,丨 𠃍 一 𠃋 𠃋 丶,true(a6~e6)
0434,屿,yǔ,丨 ㇄ 丨 一 ㇉ 一,true(a6~e6)
0435,屹,yì,丨 ㇄ 丨 丿 一 ⺄,true(a6~e6)
0436,岁,suì,丨 ㇄ 丨 丿 ㇇ 丶,false(a7~e6)
0437,帆,fān,丨 𠃌 丨 丿 ⺄ 丶,true(a6~e6)
0438,回,huí,丨 𠃍 丨 𠃍 一 一,true(a6~e6)
0439,岂,qǐ、kǎi,丨 ㇄ 丨 𠃍 一 乚,true(a6~e6)
0440,则,zé,丨 𠃍 丿 丶 丨 亅,true(a6~e6)
0441,刚,gāng,丨 𠃌 丿 丶 丨 亅,true(a6~e6)
0442,网,wǎng,丨 𠃌 丿 丶 丿 丶,true(a6~e6)
0443,肉,ròu,丨 𠃌 丿 丶 丿 丶,true(a6~e6)
0444,年,nián,丿 一 一 丨 一 丨,true(a6~e6)
0445,朱,zhū、shú,丿 一 一 丨 丿 ㇏,true(a6~e6)
0446,先,xiān,丿 一 丨 一 丿 乚,true(a6~e6)
0447,丢,diū,丿 一 丨 一 𠃋 丶,true(a6~e6)
0448,廷,tíng,丿 一 丨 一 ㇋ ㇏,true(a6~e6)
0449,舌,shé,丿 一 丨 丨 𠃍 一,true(a6~e6)
0450,竹,zhú,丿 一 丨 丿 一 亅,true(a6~e6)
0451,迁,qiān,丿 一 丨 丶 ㇋ ㇏,true(a6~e6)
0452,乔,qiáo,丿 一 丿 ㇏ 丿 丨,true(a6~e6)
0453,迄,qì,丿 一 ⺄ 丶 ㇋ ㇏,true(a6~e6)
0454,伟,wěi,丿 丨 一 一 𠃌 丨,true(a6~e6)
0455,传,chuán、zhuàn,丿 丨 一 一 ㄣ 丶,true(a6~e6)
0456,乒,pīng,丿 丨 一 丨 一 丿,true(a6~e6)
0457,乓,pāng,丿 丨 一 丨 一 丶,true(a6~e6)
0458,休,xiū、xǔ,丿 丨 一 丨 丿 ㇏,true(a6~e6)
0459,伍,wǔ,丿 丨 一 丨 𠃍 一,true(a6~e6)
0460,伏,fú,丿 丨 一 丿 ㇏ 丶,true(a6~e6)
0461,优,yōu,丿 丨 一 丿 乚 丶,true(a6~e6)
0462,臼,jiù,丿 丨 一 𠃍 一 一,true(a6~e6)
0463,伐,fá,丿 丨 一 ㇂ 丿 丶,true(a6~e6)
0464,延,yán,丿 丨 一 ㇄ ㇋ ㇏,true(a6~e6)
0465,仲,zhòng,丿 丨 丨 𠃍 一 丨,true(a6~e6)
0466,件,jiàn,丿 丨 丿 一 一 丨,true(a6~e6)
0467,任,rén、rèn,丿 丨 丿 一 丨 一,true(a6~e6)
0468,伤,shāng,丿 丨 丿 一 𠃌 丿,true(a6~e6)
0469,价,jià、jiè、jie,丿 丨 丿 ㇏ 丿 丨,true(a6~e6)
0470,伦,lún,丿 丨 丿 ㇏ 丿 乚,true(a6~e6)
0471,份,fèn、bīn,丿 丨 丿 ㇏ 𠃌 丿,true(a6~e6)
0472,华,huá、huà、huā,丿 丨 丿 乚 一 丨,true(a6~e6)
0473,仰,yǎng、áng,丿 丨 丿 𠄌 𠃌 丨,true(a6~e6)
0474,仿,fǎng,丿 丨 丶 一 𠃌 丿,true(a6~e6)
0475,伙,huǒ,丿 丨 ㇀ 丿 丿 ㇏,true(a6~e6)
0476,伪,wěi,丿 丨 丶 丿 𠃌 丶,true(a6~e6)
0477,自,zì,丿 丨 𠃍 一 一 一,true(a6~e6)
0478,伊,yī,丿 丨 𠃍 一 一 丿,true(a6~e6)
0479,血,xiě、xuè,丿 丨 𠃍 丨 丨 一,true(a6~e6)
0480,向,xiàng,丿 丨 𠃌 丨 𠃍 一,true(a6~e6)
0481,似,shì、sì,丿 丨 𠄌 丶 丿 丶,true(a6~e6)
0482,后,hòu,丿 丿 一 丨 𠃍 一,true(a6~e6)
0483,行,háng、héng、xíng,丿 丿 丨 一 一 亅,true(a6~e6)
0484,舟,zhōu,丿 丿 𠃌 丶 一 丶,true(a6~e6)
0485,全,quán,丿 ㇏ 一 一 丨 一,true(a6~e6)
0486,会,huì、kuài,丿 ㇏ 一 一 𠃋 丶,true(a6~e6)
0487,杀,shā,丿 丶 一 亅 丿 丶,true(a6~e6)
0488,合,gě、hé,丿 ㇏ 一 丨 𠃍 一,true(a6~e6)
0489,兆,zhào,丿 丶 ㇀ 乚 丿 丶,true(a6~e6)
0490,企,qǐ,丿 ㇏ 丨 一 丨 一,true(a6~e6)
0491,众,zhòng,丿 ㇏ 丿 丶 丿 ㇏,true(a6~e6)
0492,爷,yé,丿 丶 丿 ㇏ 𠃌 丨,true(a6~e6)
0493,伞,sǎn,丿 ㇏ 丶 丿 一 丨,true(a6~e6)
0494,创,chuāng、chuàng,丿 丶 𠃌 乚 丨 亅,true(a6~e6)
0495,肌,jī,丿 𠃌 一 一 丿 ⺄,true(a6~e6)
0496,肋,lèi、lē,丿 𠃌 一 一 𠃌 丿,true(a6~e6)
0497,朵,duǒ,丿 ㇍ 一 丨 丿 ㇏,true(a6~e6)
0498,杂,zá,丿 ⺄ 一 亅 丿 丶,true(a6~e6)
0499,危,wēi,丿 乛 一 丿 𠃌 乚,true(a6~e6)
0500,旬,xún,丿 𠃌 丨 𠃍 一 一,true(a6~e6)
0501,旨,zhǐ,丿 乚 丨 𠃍 一 一,true(a6~e6)
0502,旭,xù,丿 ⺄ 丨 𠃍 一 一,true(a6~e6)
0503,负,fù,丿 ㇇ 丨 𠃍 丿 丶,true(a6~e6)
0504,匈,xiōng,丿 𠃌 丿 丶 ㇄ 丨,true(a6~e6)
0505,名,míng,丿 ㇇ 丶 丨 𠃍 一,true(a6~e6)
0506,各,gè、gě,丿 ㇇ ㇏ 丨 𠃍 一,true(a6~e6)
0507,多,duō,丿 ㇇ 丶 丿 ㇇ 丶,true(a6~e6)
0508,争,zhēng,丿 ㇇ 𠃍 一 一 亅,true(a6~e6)
0509,色,sè、shǎi,丿 ㇇ 𠃍 丨 一 乚,true(a6~e6)
0510,壮,zhuàng,丶 ㇀ 丨 一 丨 一,true(a6~e6)
0511,冲,chōng、chòng,丶 ㇀ 丨 𠃍 一 丨,true(a6~e6)
0512,妆,zhuāng,丶 ㇀ 丨 𡿨 丿 一,true(a6~e6)
0513,冰,bīng,丶 ㇀ 亅 ㇇ 丿 ㇏,true(a6~e6)
0514,庄,zhuāng,丶 一 丿 一 丨 一,true(a6~e6)
0515,庆,qìng,丶 一 丿 一 丿 ㇏,true(a6~e6)
0516,亦,yì,丶 一 丿 亅 丿 丶,true(a6~e6)
0517,刘,liú,丶 一 丿 丶 丨 亅,true(a6~e6)
0518,齐,qí,丶 一 丿 ㇏ 丿 丨,true(a6~e6)
0519,交,jiāo,丶 一 丿 丶 丿 ㇏,true(a6~e6)
0520,衣,yī,丶 一 丿 𠄌 丿 ㇏,true(a6~e6)
0521,次,cì,丶 ㇀ 丿 乛 丿 ㇏,true(a6~e6)
0522,产,chǎn,丶 一 丶 丿 一 丿,true(a6~e6)
0523,决,jué,丶 ㇀ 𠃍 一 丿 ㇏,true(a6~e6)
0524,亥,hài,丶 一 𠃋 丿 丿 丶,true(a6~e6)
0525,充,chōng,丶 一 𠃋 丶 丿 乚,true(a6~e6)
0526,妄,wàng,丶 一 ㇄ 𡿨 丿 一,true(a6~e6)
0527,闭,bì,丶 丨 𠃌 一 亅 丿,true(a6~e6)
0528,问,wèn,丶 丨 𠃌 丨 𠃍 一,true(a6~e6)
0529,闯,chuǎng,丶 丨 𠃌 𠃍 ㇉ 一,true(a6~e6)
0530,羊,yáng、xiáng,丶 丿 一 一 一 丨,true(a6~e6)
0531,并,bìng、bīng,丶 丿 一 一 丿 丨,true(a6~e6)
0532,关,guān,丶 丿 一 一 丿 ㇏,true(a6~e6)
0533,米,mǐ,丶 丿 一 丨 丿 ㇏,true(a6~e6)
0534,灯,dēng,㇀ 丿 丿 丶 一 亅,true(a6~e6)
0535,州,zhōu,㇀ 丿 丶 丨 丶 丨,true(a6~e6)
0536,汗,hán、hàn,丶 丶 ㇀ 一 一 丨,true(a6~e6)
0537,污,wū,丶 丶 ㇀ 一 一 ㇉,true(a6~e6)
0538,江,jiāng,丶 丶 ㇀ 一 丨 一,true(a6~e6)
0539,汛,xùn,丶 丶 ㇀ ⺄ 一 丨,true(a6~e6)
0540,池,chí,丶 丶 ㇀ 𠃌 丨 乚,true(a6~e6)
0541,汝,rǔ,丶 丶 ㇀ 𡿨 丿 一,true(a6~e6)
0542,汤,tāng、shāng,丶 丶 ㇀ 𠄎 丿 丿,true(a6~e6)
0543,忙,máng,㇀ 丶 丨 丶 一 ㇄,true(a6~e6)
0544,兴,xīng、xìng,丶 丶 丿 一 丿 丶,true(a6~e6)
0545,宇,yǔ,丶 ㇀ 乛 一 一 亅,true(a6~e6)
0546,守,shǒu,丶 ㇀ 乛 一 亅 丶,true(a6~e6)
0547,宅,zhái,丶 ㇀ 乛 丿 一 乚,true(a6~e6)
0548,字,zì,丶 ㇀ 乛 乛 亅 一,true(a6~e6)
0549,安,ān,丶 ㇀ 乛 𡿨 丿 一,true(a6~e6)
0550,讲,jiǎng,丶 ㇊ 一 一 丿 丨,true(a6~e6)
0551,讳,huì,丶 ㇊ 一 一 𠃌 丨,true(a6~e6)
0552,军,jūn,㇀ 乛 一 𠃋 一 丨,true(a6~e6)
0553,讶,yà,丶 ㇊ 一 𠃋 亅 丿,true(a6~e6)
0554,许,xǔ、hǔ,丶 ㇊ 丿 一 一 丨,true(a6~e6)
0555,讹,é,丶 ㇊ 丿 丨 丿 乚,true(a6~e6)
0556,论,lún、lùn,丶 ㇊ 丿 ㇏ 丿 乚,true(a6~e6)
0557,讼,sòng,丶 ㇊ 丿 ㇏ 𠃋 丶,true(a6~e6)
0558,农,nóng,㇀ 乛 丿 𠄌 丿 ㇏,true(a6~e6)
0559,讽,fěng,丶 ㇊ 丿 ⺄ 丿 丶,true(a6~e6)
0560,设,shè,丶 ㇊ 丿 ㇍ ㇇ ㇏,true(a6~e6)
0561,访,fǎng,丶 ㇊ 丶 一 𠃌 丿,true(a6~e6)
0562,诀,jué,丶 ㇊ 𠃍 一 丿 ㇏,true(a6~e6)
0563,寻,xún,𠃍 一 一 一 亅 丶,true(a6~e6)
0564,那,nà、nǎ、nèi、nā,𠃌 一 一 丿 ㇌ 丨,true(a6~e6)
0565,迅,xùn,⺄ 一 丨 丶 ㇋ ㇏,true(a6~e6)
0566,尽,jǐn、jìn,𠃍 一 丿 ㇏ 丶 丶,true(a6~e6)
0567,导,dǎo,𠃍 一 乚 一 亅 丶,true(a6~e6)
0568,异,yì,𠃍 一 乚 一 丿 丨,true(a6~e6)
0569,弛,chí,𠃍 一 ㇉ 𠃌 丨 乚,true(a6~e6)
0570,孙,sūn、xùn,㇇ 亅 ㇀ 亅 丿 丶,true(a6~e6)
0571,阵,zhèn,㇌ 丨 一 𠃋 一 丨,true(a6~e6)
0572,阳,yáng,㇌ 丨 丨 𠃍 一 一,true(a6~e6)
0573,收,shōu,𠄌 丨 丿 一 丿 ㇏,true(a6~e6)
0574,阶,jiē,㇌ 丨 丿 ㇏ 丿 丨,true(a6~e6)
0575,阴,yīn,㇌ 丨 丿 𠃌 一 一,true(a6~e6)
0576,防,fáng,㇌ 丨 丶 一 𠃌 丿,true(a6~e6)
0577,奸,jiān,𡿨 丿 一 一 一 丨,true(a6~e6)
0578,如,rú,𡿨 丿 一 丨 𠃍 一,true(a6~e6)
0579,妇,fù,𡿨 丿 一 𠃍 一 一,true(a6~e6)
0580,妃,fēi、pèi,𡿨 丿 一 𠃍 一 乚,true(a6~e6)
0581,好,hǎo、hào,𡿨 丿 一 ㇇ 亅 一,true(a6~e6)
0582,她,tā、jiě,𡿨 丿 一 𠃌 丨 乚,true(a6~e6)
0583,妈,mā,𡿨 丿 一 𠃍 ㇉ 一,true(a6~e6)
0584,戏,xì、hū,㇇ 丶 一 ㇂ 丿 丶,false(a7~e6)
0585,羽,yǔ,𠃌 丶 ㇀ 𠃌 丶 ㇀,true(a6~e6)
0586,观,guān、guàn,㇇ 丶 丨 𠃍 丿 乚,true(a6~e6)
0587,欢,huān,㇇ 丶 丿 乛 丿 ㇏,true(a6~e6)
0588,买,mǎi,乛 丶 丶 一 丿 丶,true(a6~e6)
0589,红,hóng、gōng,𠃋 𠃋 ㇀ 一 丨 一,true(a6~e6)
0590,驮,duò、tuó,𠃍 ㇉ ㇀ 一 丿 ㇏,true(a6~e6)
0591,纤,qiàn、xiān,𠃋 𠃋 ㇀ 丿 一 丨,true(a6~e6)
0592,驯,xùn,𠃍 ㇉ ㇀ 丿 丨 丨,true(a6~e6)
0593,约,yāo、yuē,𠃋 𠃋 ㇀ 丿 𠃌 丶,true(a6~e6)
0594,级,jí,𠃋 𠃋 ㇀ 丿 ㇋ ㇏,true(a6~e6)
0595,纪,jǐ、jì,𠃋 𠃋 ㇀ 𠃍 一 乚,true(a6~e6)
0596,驰,chí,𠃍 ㇉ ㇀ 𠃌 丨 乚,true(a6~e6)
0597,纫,rèn,𠃋 𠃋 ㇀ 𠃌 丿 ㇀,true(a6~e6)
0598,巡,xún,𡿨 𡿨 𡿨 丶 ㇋ ㇏,true(a6~e6)
0599,寿,shòu,一 一 一 丿 一 亅 丶,true(a7~e7)
0600,弄,lòng、nòng,一 一 丨 一 一 丿 丨,true(a7~e7)
0601,麦,mài,一 一 丨 一 丿 ㇇ ㇏,true(a7~e7)
0602,玖,jiǔ,一 一 丨 ㇀ 丿 ㇇ ㇏,true(a7~e7)
0603,玛,mǎ,一 一 丨 ㇀ 𠃍 ㇉ 一,true(a7~e7)
0604,形,xíng,一 一 丿 丨 丿 丿 丿,true(a7~e7)
0605,进,jìn,一 一 丿 丨 丶 ㇋ ㇏,true(a7~e7)
0606,戒,jiè,一 一 丿 丨 ㇂ 丿 丶,true(a7~e7)
0607,吞,tūn,一 一 丿 ㇏ 丨 𠃍 一,true(a7~e7)
0608,远,yuǎn、yuàn,一 一 丿 乚 丶 ㇋ ㇏,true(a7~e7)
0609,违,wéi,一 一 𠃌 丨 丶 ㇋ ㇏,true(a7~e7)
0610,韧,rèn,一 一 𠃌 丨 𠃌 丿 ㇀,true(a7~e7)
0611,运,yùn,一 一 𠃋 丶 丶 ㇋ ㇏,true(a7~e7)
0612,扶,fú,一 亅 ㇀ 一 一 丿 ㇏,true(a7~e7)
0613,抚,fǔ,一 亅 ㇀ 一 一 丿 乚,true(a7~e7)
0614,坛,tán,一 丨 ㇀ 一 一 𠃋 丶,true(a7~e7)
0615,技,jì,一 亅 ㇀ 一 丨 ㇇ ㇏,true(a7~e7)
0616,坏,huài,一 丨 ㇀ 一 丿 丨 丶,true(a7~e7)
0617,抠,kōu,一 亅 ㇀ 一 丿 丶 ㇄,true(a7~e7)
0618,扰,rǎo,一 亅 ㇀ 一 丿 乚 丶,true(a7~e7)
0619,扼,è,一 亅 ㇀ 一 丿 𠃌 乚,true(a7~e7)
0620,拒,jù,一 亅 ㇀ 一 𠃍 一 ㇄,true(a7~e7)
0621,找,zhǎo,一 亅 ㇀ 一 ㇂ 丿 丶,true(a7~e7)
0622,批,pī,一 亅 ㇀ 一 𠄌 丿 乚,true(a7~e7)
0623,址,zhǐ,一 丨 ㇀ 丨 一 丨 一,true(a7~e7)
0624,扯,chě,一 亅 ㇀ 丨 一 丨 一,true(a7~e7)
0625,走,zǒu,一 丨 一 丨 一 丿 ㇏,true(a7~e7)
0626,抄,chāo,一 亅 ㇀ 丨 丿 丶 丿,true(a7~e7)
0627,贡,gòng,一 丨 一 丨 𠃍 丿 丶,true(a7~e7)
0628,汞,gǒng,一 丨 一 亅 ㇇ 丿 ㇏,true(a7~e7)
0629,坝,bà,一 丨 ㇀ 丨 𠃍 丿 丶,true(a7~e7)
0630,攻,gōng,一 丨 ㇀ 丿 一 丿 ㇏,true(a7~e7)
0631,赤,chì,一 丨 一 丿 亅 丿 丶,true(a7~e7)
0632,折,shé、zhē、zhé,一 亅 ㇀ 丿 丿 一 丨,true(a7~e7)
0633,抓,zhuā,一 亅 ㇀ 丿 丿 丨 ㇏,true(a7~e7)
0634,扳,bān,一 亅 ㇀ 丿 丿 ㇇ ㇏,true(a7~e7)
0635,抡,lūn、lún,一 亅 ㇀ 丿 ㇏ 丿 乚,true(a7~e7)
0636,扮,bàn,一 亅 ㇀ 丿 ㇏ 𠃌 丿,true(a7~e7)
0637,抢,qiǎng、qiāng、chēng,一 亅 ㇀ 丿 ㇏ 𠃌 乚,true(a7~e7)
0638,孝,xiào,一 丨 一 丿 ㇇ 亅 一,true(a7~e7)
0639,坎,kǎn,一 丨 ㇀ 丿 乛 丿 ㇏,true(a7~e7)
0640,均,jūn,一 丨 ㇀ 丿 𠃌 丶 ㇀,true(a7~e7)
0641,抑,yì,一 亅 ㇀ 丿 𠄌 𠃌 丨,true(a7~e7)
0642,抛,pāo,一 亅 ㇀ 丿 ⺄ 𠃌 丿,true(a7~e7)
0643,投,tóu,一 亅 ㇀ 丿 ㇍ ㇇ ㇏,true(a7~e7)
0644,坟,fén,一 丨 ㇀ 丶 一 丿 ㇏,true(a7~e7)
0645,坑,kēng,一 丨 ㇀ 丶 一 丿 ⺄,true(a7~e7)
0646,抗,kàng,一 亅 ㇀ 丶 一 丿 ⺄,true(a7~e7)
0647,坊,fāng、fáng,一 丨 ㇀ 丶 一 𠃌 丿,true(a7~e7)
0648,抖,dǒu,一 亅 ㇀ 丶 丶 一 丨,true(a7~e7)
0649,护,hù,一 亅 ㇀ 丶 𠃍 一 丿,true(a7~e7)
0650,壳,ké、qiào,一 丨 一 ㇀ 乛 丿 ⺄,true(a7~e7)
0651,志,zhì,一 丨 一 ㇀ ㇃ 丶 丶,true(a7~e7)
0652,块,kuài,一 丨 ㇀ 𠃍 一 丿 ㇏,true(a7~e7)
0653,扭,niǔ,一 亅 ㇀ 𠃍 丨 一 一,true(a7~e7)
0654,声,shēng,一 丨 一 𠃍 丨 一 丿,true(a7~e7)
0655,把,bǎ、bà,一 亅 ㇀ 𠃍 丨 一 乚,true(a7~e7)
0656,报,bào,一 亅 ㇀ 𠃌 丨 ㇇ ㇏,true(a7~e7)
0657,拟,nǐ,一 亅 ㇀ 𠄌 丶 丿 丶,true(a7~e7)
0658,却,què,一 丨 一 𠃋 丶 𠃌 丨,true(a7~e7)
0659,抒,shū,一 亅 ㇀ ㇇ 丶 乛 亅,true(a7~e7)
0660,劫,jié,一 丨 一 𠃋 丶 𠃌 丿,true(a7~e7)
0661,芙,fú,一 丨 丨 一 一 丿 ㇏,true(a7~e7)
0662,芜,wú,一 丨 丨 一 一 丿 乚,true(a7~e7)
0663,苇,wěi,一 丨 丨 一 一 𠃌 丨,true(a7~e7)
0664,芽,yá,一 丨 丨 一 𠃋 亅 丿,true(a7~e7)
0665,花,huā,一 丨 丨 丿 丨 丿 乚,true(a7~e7)
0666,芹,qín,一 丨 丨 丿 丿 一 丨,true(a7~e7)
0667,芥,gài、jiè,一 丨 丨 丿 ㇏ 丿 丨,true(a7~e7)
0668,芬,fēn,一 丨 丨 丿 ㇏ 𠃌 丿,true(a7~e7)
0669,苍,cāng,一 丨 丨 丿 ㇏ 𠃌 乚,true(a7~e7)
0670,芳,fāng,一 丨 丨 丶 一 𠃌 丿,true(a7~e7)
0671,严,yán,一 丨 丨 丶 丿 一 丿,true(a7~e7)
0672,芦,lú、lǔ,一 丨 丨 丶 𠃍 一 丿,true(a7~e7)
0673,芯,xīn、xìn,一 丨 丨 ㇀ ㇃ 丶 丶,true(a7~e7)
0674,劳,láo,一 丨 丨 ㇀ 乛 𠃌 丿,true(a7~e7)
0675,克,kè,一 丨 丨 𠃍 一 丿 乚,true(a7~e7)
0676,芭,bā,一 丨 丨 𠃍 丨 一 乚,true(a7~e7)
0677,苏,sū、sù,一 丨 丨 𠃌 丿 ㇀ 丶,true(a7~e7)
0678,杆,gān、gǎn,一 丨 丿 丶 一 一 丨,true(a7~e7)
0679,杠,gàng、gāng,一 丨 丿 丶 一 丨 一,true(a7~e7)
0680,杜,dù,一 丨 丿 丶 一 丨 一,true(a7~e7)
0681,材,cái,一 丨 丿 丶 一 亅 丿,true(a7~e7)
0682,村,cūn,一 丨 丿 丶 一 亅 丶,true(a7~e7)
0683,杖,zhàng,一 丨 丿 丶 一 丿 ㇏,true(a7~e7)
0684,杏,xìng,一 丨 丿 ㇏ 丨 𠃍 一,true(a7~e7)
0685,杉,shā、shān,一 丨 丿 丶 丿 丿 丿,true(a7~e7)
0686,巫,wū,一 丨 丿 丶 丿 丶 一,true(a7~e7)
0687,极,jí,一 丨 丿 丶 丿 ㇋ ㇏,true(a7~e7)
0688,李,lǐ,一 丨 丿 ㇏ ㇇ 亅 一,true(a7~e7)
0689,杨,yáng,一 丨 丿 丶 𠄎 丿 丿,true(a7~e7)
0690,求,qiú,一 亅 丶 ㇀ 丿 ㇏ 丶,true(a7~e7)
0691,甫,fǔ,一 丨 𠃌 一 一 丨 丶,true(a7~e7)
0692,匣,xiá,一 丨 𠃍 一 一 丨 ㇄,true(a7~e7)
0693,更,gēng、gèng,一 丨 𠃍 一 一 丿 ㇏,true(a7~e7)
0694,束,shù,一 丨 𠃍 一 丨 丿 ㇏,true(a7~e7)
0695,吾,wú、yù,一 丨 𠃍 一 丨 𠃍 一,true(a7~e7)
0696,豆,dòu,一 丨 𠃍 一 丶 丿 一,true(a7~e7)
0697,两,liǎng,一 丨 𠃌 丿 丶 丿 丶,true(a7~e7)
0698,酉,yǒu,一 丨 𠃍 丿 ㇄ 一 一,true(a7~e7)
0699,丽,lí、lì,一 丨 𠃌 丶 丨 𠃌 丶,true(a7~e7)
0700,医,yī,一 丿 一 一 丿 丶 ㇄,true(a7~e7)
0701,辰,chén,一 丿 一 一 𠄌 丿 ㇏,true(a7~e7)
0702,励,lì,一 丿 一 𠃌 丿 𠃌 丿,true(a7~e7)
0703,否,fǒu、pǐ,一 丿 丨 丶 丨 𠃍 一,true(a7~e7)
0704,还,hái、huán,一 丿 丨 丶 丶 ㇋ ㇏,true(a7~e7)
0705,尬,gà,一 丿 乚 丿 ㇏ 丿 丨,true(a7~e7)
0706,歼,jiān,一 丿 ㇇ 丶 丿 一 丨,true(a7~e7)
0707,来,lái,一 丶 丿 一 丨 丿 ㇏,true(a7~e7)
0708,连,lián,一 𠃋 一 丨 丶 ㇋ ㇏,true(a7~e7)
0709,轩,xuān,一 𠃋 丨 ㇀ 一 一 丨,true(a7~e7)
0710,步,bù,丨 一 丨 一 丨 丿 丿,true(a7~e7)
0711,卤,lǔ,丨 一 丨 𠃍 丿 丶 一,true(a7~e7)
0712,坚,jiān,丨 丨 ㇇ ㇏ 一 丨 一,true(a7~e7)
0713,肖,xiāo、xiào,丨 丶 丿 丨 𠃌 一 一,true(a7~e7)
0714,旱,hàn,丨 𠃍 一 一 一 一 丨,true(a7~e7)
0715,盯,dīng,丨 𠃍 一 一 一 一 亅,true(a7~e7)
0716,呈,chéng,丨 𠃍 一 一 一 丨 一,true(a7~e7)
0717,时,shí,丨 𠃍 一 一 一 亅 丶,true(a7~e7)
0718,吴,wú,丨 𠃍 一 一 一 丿 ㇏,true(a7~e7)
0719,助,zhù、chú,丨 𠃍 一 一 ㇀ 𠃌 丿,true(a7~e7)
0720,县,xiàn、xuán,丨 𠃍 一 一 一 𠃋 丶,true(a7~e7)
0721,里,lǐ,丨 𠃍 一 一 丨 一 一,true(a7~e7)
0722,呆,dāi,丨 𠃍 一 一 丨 丿 ㇏,true(a7~e7)
0723,吱,zhī、zī,丨 𠃍 一 一 丨 ㇇ ㇏,true(a7~e7)
0724,吠,fèi,丨 𠃍 一 一 丿 ㇏ 丶,true(a7~e7)
0725,呕,ǒu、ōu、òu,丨 𠃍 一 一 丿 丶 ㇄,true(a7~e7)
0726,园,yuán,丨 𠃍 一 一 丿 乚 一,true(a7~e7)
0727,旷,kuàng,丨 𠃍 一 一 丶 一 丿,true(a7~e7)
0728,围,wéi,丨 𠃍 一 一 𠃌 丨 一,true(a7~e7)
0729,呀,yā、ya,丨 𠃍 一 一 𠃋 亅 丿,true(a7~e7)
0730,吨,dūn,丨 𠃍 一 一 ㇄ 丨 乚,true(a7~e7)
0731,足,zú,丨 𠃍 一 丨 一 丿 ㇏,true(a7~e7)
0732,邮,yóu,丨 𠃍 一 丨 一 ㇌ 丨,true(a7~e7)
0733,男,nán,丨 𠃍 一 丨 一 𠃌 丿,true(a7~e7)
0734,困,kùn,丨 𠃍 一 丨 丿 丶 一,true(a7~e7)
0735,吵,chāo、chǎo,丨 𠃍 一 丨 丿 丶 丿,true(a7~e7)
0736,串,chuàn,丨 𠃍 一 丨 𠃍 一 丨,true(a7~e7)
0737,员,yuán、yún、yùn,丨 𠃍 一 丨 𠃍 丿 丶,true(a7~e7)
0738,呐,nà、nè,丨 𠃍 一 丨 𠃌 丿 丶,true(a7~e7)
0739,听,tīng,丨 𠃍 一 丿 丿 一 丨,true(a7~e7)
0740,吟,yín,丨 𠃍 一 丿 ㇏ 丶 ㇇,true(a7~e7)
0741,吩,fēn,丨 𠃍 一 丿 ㇏ 𠃌 丿,true(a7~e7)
0742,呛,qiāng、qiàng,丨 𠃍 一 丿 ㇏ 𠃌 乚,true(a7~e7)
0743,吻,wěn,丨 𠃍 一 丿 𠃌 丿 丿,true(a7~e7)
0744,吹,chuī,丨 𠃍 一 丿 乛 丿 ㇏,true(a7~e7)
0745,呜,wū,丨 𠃍 一 丿 𠃌 ㇉ 一,true(a7~e7)
0746,吭,háng、kēng,丨 𠃍 一 丶 一 丿 ⺄,true(a7~e7)
0747,吧,bā、ba,丨 𠃍 一 𠃍 丨 一 乚,true(a7~e7)
0748,邑,yì,丨 𠃍 一 𠃍 丨 一 乚,true(a7~e7)
0749,吼,hǒu,丨 𠃍 一 ㇇ 亅 ㇀ 乚,true(a7~e7)
0750,囤,dùn、tún,丨 𠃍 一 ㇄ 丨 乚 一,true(a7~e7)
0751,别,bié、biè,丨 𠃍 一 𠃌 丿 丨 亅,true(a7~e7)
0752,吮,shǔn,丨 𠃍 一 𠃋 丶 丿 乚,true(a7~e7)
0753,岖,qū,丨 ㇄ 丨 一 丿 丶 ㇄,true(a7~e7)
0754,岗,gāng、gǎng,丨 ㇄ 丨 丨 𠃌 丿 丶,true(a7~e7)
0755,帐,zhàng,丨 𠃌 丨 丿 一 𠄌 ㇏,true(a7~e7)
0756,财,cái,丨 𠃍 丿 丶 一 亅 丿,true(a7~e7)
0757,针,zhēn,丿 一 一 一 𠄌 一 丨,true(a7~e7)
0758,钉,dīng、dìng,丿 一 一 一 𠄌 一 亅,true(a7~e7)
0759,牡,mǔ,丿 一 丨 ㇀ 一 丨 一,true(a7~e7)
0760,告,gào,丿 一 丨 一 丨 𠃍 一,true(a7~e7)
0761,我,wǒ,丿 一 亅 ㇀ ㇂ 丿 丶,true(a7~e7)
0762,乱,luàn,丿 一 丨 丨 𠃍 一 乚,true(a7~e7)
0763,利,lì,丿 一 丨 丿 丶 丨 亅,true(a7~e7)
0764,秃,tū,丿 一 丨 丿 ㇏ 丿 ⺄,true(a7~e7)
0765,秀,xiù,丿 一 丨 丿 ㇏ 𠄎 丿,true(a7~e7)
0766,私,sī,丿 一 丨 丿 丶 𠃋 丶,true(a7~e7)
0767,每,měi,丿 一 ㇄ 𠃌 丶 一 丶,true(a7~e7)
0768,兵,bīng,丿 丨 一 丨 一 丿 丶,true(a7~e7)
0769,估,gū、gù,丿 丨 一 丨 丨 𠃍 一,true(a7~e7)
0770,体,tī、tǐ,丿 丨 一 丨 丿 ㇏ 一,true(a7~e7)
0771,何,hé、hē、hè,丿 丨 一 丨 𠃍 一 亅,true(a7~e7)
0772,佐,zuǒ,丿 丨 一 丿 一 丨 一,true(a7~e7)
0773,佑,yòu,丿 丨 一 丿 丨 𠃍 一,true(a7~e7)
0774,但,dàn,丿 丨 丨 𠃍 一 一 一,true(a7~e7)
0775,伸,shēn,丿 丨 丨 𠃍 一 一 丨,true(a7~e7)
0776,佃,diàn、tián,丿 丨 丨 𠃍 一 丨 一,true(a7~e7)
0777,作,zuō、zuò,丿 丨 丿 一 丨 一 一,true(a7~e7)
0778,伯,bó、bǎi、bà,丿 丨 丿 丨 𠃍 一 一,true(a7~e7)
0779,伶,líng,丿 丨 丿 ㇏ 丶 ㇇ 丶,true(a7~e7)
0780,佣,yōng、yòng,丿 丨 丿 𠃌 一 一 丨,true(a7~e7)
0781,低,dī,丿 丨 丿 𠄌 一 ㇂ 丶,true(a7~e7)
0782,你,nǐ,丿 丨 丿 乛 亅 丿 丶,true(a7~e7)
0783,住,zhù,丿 丨 丶 一 一 丨 一,true(a7~e7)
0784,位,wèi,丿 丨 丶 一 丶 丿 一,true(a7~e7)
0785,伴,bàn,丿 丨 丶 丿 一 一 丨,true(a7~e7)
0786,身,shēn,丿 丨 𠃌 一 一 一 丿,true(a7~e7)
0787,皂,zào,丿 丨 𠃍 一 一 一 乚,true(a7~e7)
0788,伺,cì、sì,丿 丨 𠃌 一 丨 𠃍 一,true(a7~e7)
0789,佛,fó、fú、bì、bó,丿 丨 𠃍 一 ㇉ 丿 丨,true(a7~e7)
0790,囱,cōng,丿 丨 𠃍 丿 ㇇ 丶 一,true(a7~e7)
0791,近,jìn,丿 丿 一 丨 丶 ㇋ ㇏,true(a7~e7)
0792,彻,chè,丿 丿 丨 一 𠄌 𠃌 丿,true(a7~e7)
0793,役,yì,丿 丿 丨 丿 ㇍ ㇇ ㇏,true(a7~e7)
0794,返,fǎn,丿 丿 ㇇ 丶 丶 ㇋ ㇏,true(a7~e7)
0795,余,yú,丿 ㇏ 一 一 亅 丿 丶,true(a7~e7)
0796,希,xī,丿 丶 一 丿 丨 𠃌 丨,true(a7~e7)
0797,坐,zuò,丿 丶 丿 丶 一 丨 一,true(a7~e7)
0798,谷,gǔ,丿 丶 丿 ㇏ 丨 𠃍 一,true(a7~e7)
0799,妥,tuǒ,丿 丶 丶 丿 𡿨 丿 一,true(a7~e7)
0800,含,hán,丿 ㇏ 丶 ㇇ 丨 𠃍 一,true(a7~e7)
0801,邻,lín,丿 丶 丶 ㇇ 丶 ㇌ 丨,false(a8~e7)
0802,岔,chà,丿 ㇏ 𠃌 丿 丨 ㇄ 丨,true(a7~e7)
0803,肝,gān,丿 𠃌 一 一 一 一 丨,true(a7~e7)
0804,肛,gāng,丿 𠃌 一 一 一 丨 一,true(a7~e7)
0805,肚,dǔ、dù,丿 𠃌 一 一 一 丨 一,true(a7~e7)
0806,肘,zhǒu,丿 𠃌 一 一 一 亅 丶,true(a7~e7)
0807,肠,cháng,丿 𠃌 一 一 𠄎 丿 丿,true(a7~e7)
0808,龟,guī、jūn、qiū,丿 ㇇ 丨 𠃍 一 一 乚,true(a7~e7)
0809,甸,diàn、tián、shèng,丿 𠃌 丨 𠃍 一 丨 一,true(a7~e7)
0810,免,miǎn,丿 ㇇ 丨 𠃍 一 丿 乚,true(a7~e7)
0811,狂,kuáng,丿 ㇁ 丿 一 一 丨 一,true(a7~e7)
0812,犹,yóu,丿 ㇁ 丿 一 丿 乚 丶,true(a7~e7)
0813,狈,bèi,丿 ㇁ 丿 丨 𠃍 丿 丶,true(a7~e7)
0814,角,jiǎo、jué,丿 ㇇ 丿 𠃌 一 一 丨,true(a7~e7)
0815,删,shān,丿 𠃌 丿 𠃌 一 丨 亅,true(a7~e7)
0816,条,tiáo、tiāo,丿 ㇇ ㇏ 一 亅 丿 丶,true(a7~e7)
0817,彤,tóng,丿 𠃌 丶 一 丿 丿 丿,true(a7~e7)
0818,卵,luǎn,丿 𠄌 丶 丿 𠃌 丨 丶,true(a7~e7)
0819,灸,jiǔ,丿 ㇇ 丶 ㇀ 丿 丿 ㇏,true(a7~e7)
0820,岛,dǎo,丿 𠃌 丶 ㇉ 丨 ㇄ 丨,true(a7~e7)
0821,刨,bào、páo,丿 𠃌 𠃍 一 乚 丨 亅,true(a7~e7)
0822,迎,yíng,丿 𠄌 𠃌 丨 丶 ㇋ ㇏,true(a7~e7)
0823,饭,fàn,丿 乛 𠄌 丿 丿 ㇇ ㇏,true(a7~e7)
0824,饮,yǐn、yìn,丿 乛 𠄌 丿 乛 丿 ㇏,true(a7~e7)
0825,系,jì、xì,丿 𠃋 𠃋 丶 亅 丿 丶,true(a7~e7)
0826,言,yán,丶 一 一 一 丨 𠃍 一,true(a7~e7)
0827,冻,dòng,丶 ㇀ 一 𠃋 亅 丿 丶,true(a7~e7)
0828,状,zhuàng,丶 ㇀ 丨 一 丿 ㇏ 丶,true(a7~e7)
0829,亩,mǔ,丶 一 丨 𠃍 一 丨 一,true(a7~e7)
0830,况,kuàng,丶 ㇀ 丨 𠃍 一 丿 乚,true(a7~e7)
0831,床,chuáng,丶 一 丿 一 丨 丿 ㇏,true(a7~e7)
0832,库,kù,丶 一 丿 一 𠃋 一 丨,true(a7~e7)
0833,庇,bì,丶 一 丿 一 𠄌 丿 乚,true(a7~e7)
0834,疗,liáo,丶 一 丿 丶 ㇀ ㇇ 亅,true(a7~e7)
0835,吝,lìn,丶 一 丿 ㇏ 丨 𠃍 一,true(a7~e7)
0836,应,yīng、yìng,丶 一 丿 丶 丶 丿 一,true(a7~e7)
0837,这,zhè、zhèi,丶 一 丿 丶 丶 ㇋ ㇏,true(a7~e7)
0838,冷,lěng,丶 ㇀ 丿 ㇏ 丶 ㇇ 丶,true(a7~e7)
0839,庐,lú,丶 一 丿 丶 𠃍 一 丿,true(a7~e7)
0840,序,xù,丶 一 丿 乛 丶 ㇇ 亅,false(a8~e7)
0841,辛,xīn,丶 一 丶 丿 一 一 丨,true(a7~e7)
0842,弃,qì,丶 一 𠃋 丶 一 丿 丨,true(a7~e7)
0843,冶,yě,丶 ㇀ 𠃋 丶 丨 𠃍 一,true(a7~e7)
0844,忘,wàng,丶 一 ㇄ ㇀ ㇃ 丶 丶,true(a7~e7)
0845,闰,rùn,丶 丨 𠃌 一 一 丨 一,true(a7~e7)
0846,闲,xián,丶 丨 𠃌 一 丨 丿 丶,true(a7~e7)
0847,间,jiān、jiàn,丶 丨 𠃌 丨 𠃍 一 一,true(a7~e7)
0848,闷,mēn、mèn,丶 丨 𠃌 ㇀ ㇃ 丶 丶,true(a7~e7)
0849,判,pàn,丶 丿 一 一 丿 丨 亅,true(a7~e7)
0850,兑,duì、ruì、yuè,丶 丿 丨 𠃍 一 丿 乚,true(a7~e7)
0851,灶,zào,㇀ 丿 丿 丶 一 丨 一,true(a7~e7)
0852,灿,càn,㇀ 丿 丿 丶 丨 ㇄ 丨,true(a7~e7)
0853,灼,zhuó,㇀ 丿 丿 丶 丿 𠃌 丶,true(a7~e7)
0854,弟,dì、tì、tuí,丶 丿 𠃍 一 ㇉ 丨 丿,true(a7~e7)
0855,汪,wāng,丶 丶 ㇀ 一 一 丨 一,true(a7~e7)
0856,沐,mù,丶 丶 ㇀ 一 丨 丿 ㇏,true(a7~e7)
0857,沛,pèi,丶 丶 ㇀ 一 丨 𠃌 丨,true(a7~e7)
0858,汰,tài,丶 丶 ㇀ 一 丿 ㇏ 丶,true(a7~e7)
0859,沥,lì,丶 丶 ㇀ 一 丿 𠃌 丿,true(a7~e7)
0860,沙,shā、shà,丶 丶 ㇀ 丨 丿 丶 丿,true(a7~e7)
0861,汽,qì,丶 丶 ㇀ 丿 一 一 ⺄,true(a7~e7)
0862,沃,wò,丶 丶 ㇀ 丿 一 丿 ㇏,true(a7~e7)
0863,沦,lún,丶 丶 ㇀ 丿 ㇏ 丿 乚,true(a7~e7)
0864,汹,xiōng,丶 丶 ㇀ 丿 丶 ㇄ 丨,true(a7~e7)
0865,泛,fàn,丶 丶 ㇀ 丿 丶 ㇇ ㇏,true(a7~e7)
0866,沧,cāng,丶 丶 ㇀ 丿 ㇏ 𠃌 乚,true(a7~e7)
0867,没,méi、mò,丶 丶 ㇀ 丿 ㇍ ㇇ ㇏,false(a8~e7)
0868,沟,gōu,丶 丶 ㇀ 丿 𠃌 𠃋 丶,true(a7~e7)
0869,沪,hù,丶 丶 ㇀ 丶 𠃍 一 丿,true(a7~e7)
0870,沈,shěn、chén,丶 丶 ㇀ ㇀ 乛 丿 乚,true(a7~e7)
0871,沉,chén,丶 丶 ㇀ ㇀ 乛 丿 ⺄,true(a7~e7)
0872,沁,qìn,丶 丶 ㇀ ㇀ ㇃ 丶 丶,true(a7~e7)
0873,怀,huái,㇀ 丶 丨 一 丿 丨 丶,true(a7~e7)
0874,忧,yōu,㇀ 丶 丨 一 丿 乚 丶,true(a7~e7)
0875,忱,chén,㇀ 丶 丨 ㇀ 乛 丿 乚,true(a7~e7)
0876,快,kuài,㇀ 丶 丨 𠃍 一 丿 ㇏,true(a7~e7)
0877,完,wán,丶 ㇀ 乛 一 一 丿 乚,true(a7~e7)
0878,宋,sòng,丶 ㇀ 乛 一 丨 丿 ㇏,true(a7~e7)
0879,宏,hóng,丶 ㇀ 乛 一 丿 𠃋 丶,true(a7~e7)
0880,牢,láo,丶 ㇀ 乛 丿 一 一 丨,true(a7~e7)
0881,究,jiū,丶 ㇀ 乛 丿 丶 丿 ⺄,true(a7~e7)
0882,穷,qióng,丶 ㇀ 乛 丿 丶 𠃌 丿,true(a7~e7)
0883,灾,zāi,丶 ㇀ 乛 ㇀ 丿 丿 ㇏,true(a7~e7)
0884,良,liáng,丶 𠃍 一 一 𠄌 丿 ㇏,true(a7~e7)
0885,证,zhèng,丶 ㇊ 一 丨 一 丨 一,true(a7~e7)
0886,启,qǐ,丶 𠃍 一 丿 丨 𠃍 一,true(a7~e7)
0887,评,píng,丶 ㇊ 一 丶 丿 一 丨,true(a7~e7)
0888,补,bǔ,丶 ㇇ 丨 丿 丶 丨 丶,true(a7~e7)
0889,初,chū,丶 ㇇ 丨 丿 丶 𠃌 丿,true(a7~e7)
0890,社,shè,丶 ㇇ 丨 丶 一 丨 一,true(a7~e7)
0891,祀,sì,丶 ㇇ 丨 丶 𠃍 一 乚,true(a7~e7)
0892,识,shí、zhì,丶 ㇊ 丨 𠃍 一 丿 丶,true(a7~e7)
0893,诈,zhà,丶 ㇊ 丿 一 丨 一 一,true(a7~e7)
0894,诉,sù,丶 ㇊ 丿 丿 一 丨 丶,true(a7~e7)
0895,罕,hǎn,㇀ 乛 丿 丶 一 一 丨,true(a7~e7)
0896,诊,zhěn,丶 ㇊ 丿 ㇏ 丿 丿 丿,true(a7~e7)
0897,词,cí,丶 ㇊ 𠃌 一 丨 𠃍 一,true(a7~e7)
0898,译,yì,丶 ㇊ ㇇ ㇏ 一 一 丨,true(a7~e7)
0899,君,jūn,𠃍 一 一 丿 丨 𠃍 一,true(a7~e7)
0900,灵,líng,𠃍 一 一 ㇀ 丿 丿 ㇏,true(a7~e7)
0901,即,jí,𠃍 一 一 𠄌 丶 𠃌 丨,true(a7~e7)
0902,层,céng,𠃍 一 丿 一 一 𠃋 丶,true(a7~e7)
0903,屁,pì,𠃍 一 丿 一 𠄌 丿 乚,true(a7~e7)
0904,尿,niào、suī,𠃍 一 丿 亅 ㇇ 丿 ㇏,true(a7~e7)
0905,尾,wěi、yǐ,𠃍 一 丿 丿 一 一 乚,true(a7~e7)
0906,迟,chí,𠃍 一 丿 丶 丶 ㇋ ㇏,true(a7~e7)
0907,局,jú,𠃍 一 丿 𠃌 丨 𠃍 一,true(a7~e7)
0908,改,gǎi,𠃍 一 𠄌 丿 一 丿 ㇏,true(a7~e7)
0909,张,zhāng,𠃍 一 ㇉ 丿 一 𠄌 ㇏,true(a7~e7)
0910,忌,jì,𠃍 一 乚 ㇀ ㇃ 丶 丶,true(a7~e7)
0911,际,jì,㇌ 丨 一 一 亅 丿 丶,true(a7~e7)
0912,陆,liù、lù,㇌ 丨 一 一 丨 ㇄ 丨,true(a7~e7)
0913,阿,ā、ē,㇌ 丨 一 丨 𠃍 一 亅,true(a7~e7)
0914,陈,chén,㇌ 丨 一 𠃋 亅 丿 丶,true(a7~e7)
0915,阻,zǔ,㇌ 丨 丨 𠃍 一 一 一,true(a7~e7)
0916,附,fù,㇌ 丨 丿 丨 一 亅 丶,true(a7~e7)
0917,坠,zhuì,㇌ 丨 丿 ㇏ 一 丨 一,true(a7~e7)
0918,妓,jì,𡿨 丿 一 一 丨 ㇇ ㇏,true(a7~e7)
0919,妙,miào,𡿨 丿 一 丨 丿 丶 丿,true(a7~e7)
0920,妖,yāo,𡿨 丿 一 丿 一 丿 ㇏,true(a7~e7)
0921,姊,zǐ,𡿨 丿 一 丿 ㇉ 丨 丿,true(a7~e7)
0922,妨,fáng,𡿨 丿 一 丶 一 𠃌 丿,true(a7~e7)
0923,妒,dù,𡿨 丿 一 丶 𠃍 一 丿,true(a7~e7)
0924,努,nǔ,𡿨 丿 一 ㇇ ㇏ 𠃌 丿,true(a7~e7)
0925,忍,rěn,𠃌 丿 ㇀ ㇀ ㇃ 丶 丶,true(a7~e7)
0926,劲,jìn、jìng,㇇ 丶 一 丨 ㇀ 𠃌 丿,true(a7~e7)
0927,矣,yǐ,𠃋 丶 丿 一 一 丿 ㇏,true(a7~e7)
0928,鸡,jī,㇇ 丶 丿 𠃌 丶 ㇉ 一,true(a7~e7)
0929,纬,wěi,𠃋 𠃋 ㇀ 一 一 𠃌 丨,true(a7~e7)
0930,驱,qū,𠃍 ㇉ ㇀ 一 丿 丶 ㇄,true(a7~e7)
0931,纯,chún,𠃋 𠃋 ㇀ 一 ㇄ 丨 乚,true(a7~e7)
0932,纱,shā,𠃋 𠃋 ㇀ 丨 丿 丶 丿,true(a7~e7)
0933,纲,gāng,𠃋 𠃋 ㇀ 丨 𠃌 丿 丶,true(a7~e7)
0934,纳,nà,𠃋 𠃋 ㇀ 丨 𠃌 丿 丶,true(a7~e7)
0935,驳,bó,𠃍 ㇉ ㇀ 丿 丶 丿 ㇏,true(a7~e7)
0936,纵,zòng、zǒng,𠃋 𠃋 ㇀ 丿 丶 丿 ㇏,true(a7~e7)
0937,纷,fēn,𠃋 𠃋 ㇀ 丿 ㇏ 𠃌 丿,true(a7~e7)
0938,纸,zhǐ,𠃋 𠃋 ㇀ 丿 𠄌 一 ㇂,true(a7~e7)
0939,纹,wén、wèn,𠃋 𠃋 ㇀ 丶 一 丿 ㇏,true(a7~e7)
0940,纺,fǎng,𠃋 𠃋 ㇀ 丶 一 𠃌 丿,true(a7~e7)
0941,驴,lǘ,𠃍 ㇉ ㇀ 丶 𠃍 一 丿,true(a7~e7)
0942,纽,niǔ,𠃋 𠃋 ㇀ 𠃍 丨 一 一,true(a7~e7)
0943,奉,fèng,一 一 一 丿 ㇏ 一 一 丨,true(a8~e8)
0944,玩,wán,一 一 丨 ㇀ 一 一 丿 乚,true(a8~e8)
0945,环,huán,一 一 丨 ㇀ 一 丿 丨 丶,true(a8~e8)
0946,武,wǔ,一 一 丨 一 丨 ㇀ ㇂ 丶,true(a8~e8)
0947,青,qīng,一 一 丨 一 丨 𠃌 一 一,true(a8~e8)
0948,责,zé、zhài,一 一 丨 一 丨 𠃍 丿 丶,true(a8~e8)
0949,现,xiàn,一 一 丨 ㇀ 丨 𠃍 丿 乚,true(a8~e8)
0950,玫,méi,一 一 丨 ㇀ 丿 一 丿 ㇏,true(a8~e8)
0951,表,biǎo,一 一 丨 一 丿 𠄌 丿 ㇏,true(a8~e8)
0952,规,guī,一 一 丿 丶 丨 𠃍 丿 乚,true(a8~e8)
0953,抹,mā、mǒ、mò,一 亅 ㇀ 一 一 丨 丿 ㇏,true(a8~e8)
0954,卦,guà,一 丨 一 一 丨 ㇀ 丨 丶,true(a8~e8)
0955,坷,kē、kě,一 丨 ㇀ 一 丨 𠃍 一 亅,true(a8~e8)
0956,坯,pī,一 丨 ㇀ 一 丿 丨 丶 一,true(a8~e8)
0957,拓,tuò、tà、zhí,一 亅 ㇀ 一 丿 丨 𠃍 一,true(a8~e8)
0958,拢,lǒng,一 亅 ㇀ 一 丿 乚 丿 丶,true(a8~e8)
0959,拔,bá,一 亅 ㇀ 一 丿 ㇇ ㇏ 丶,true(a8~e8)
0960,坪,píng,一 丨 ㇀ 一 丶 丿 一 丨,true(a8~e8)
0961,拣,jiǎn,一 亅 ㇀ 一 𠃋 𠃌 丿 丶,true(a8~e8)
0962,坦,tǎn,一 丨 ㇀ 丨 𠃍 一 一 一,true(a8~e8)
0963,担,dān、dàn、dǎn,一 亅 ㇀ 丨 𠃍 一 一 一,true(a8~e8)
0964,坤,kūn,一 丨 ㇀ 丨 𠃍 一 一 丨,true(a8~e8)
0965,押,yā,一 亅 ㇀ 丨 𠃍 一 一 丨,true(a8~e8)
0966,抽,chōu,一 亅 ㇀ 丨 𠃍 一 丨 一,true(a8~e8)
0967,拐,guǎi,一 亅 ㇀ 丨 𠃍 一 𠃌 丿,true(a8~e8)
0968,拖,tuō,一 亅 ㇀ 丿 一 𠃌 丨 乚,true(a8~e8)
0969,者,zhě,一 丨 一 丿 丨 𠃍 一 一,true(a8~e8)
0970,拍,pāi,一 亅 ㇀ 丿 丨 𠃍 一 一,true(a8~e8)
0971,顶,dǐng,一 亅 一 丿 丨 𠃍 丿 丶,true(a8~e8)
0972,拆,chāi、cā,一 亅 ㇀ 丿 丿 一 丨 丶,true(a8~e8)
0973,拎,līn,一 亅 ㇀ 丿 ㇏ 丶 ㇇ 丶,true(a8~e8)
0974,拥,yōng,一 亅 ㇀ 丿 𠃌 一 一 丨,true(a8~e8)
0975,抵,dǐ,一 亅 ㇀ 丿 𠄌 一 ㇂ 丶,true(a8~e8)
0976,拘,jū、gōu,一 亅 ㇀ 丿 𠃌 丨 𠃍 一,true(a8~e8)
0977,势,shì,一 亅 ㇀ 丿 ⺄ 丶 𠃌 丿,true(a8~e8)
0978,抱,bào,一 亅 ㇀ 丿 𠃌 𠃍 一 乚,true(a8~e8)
0979,拄,zhǔ,一 亅 ㇀ 丶 一 一 丨 一,true(a8~e8)
0980,垃,lā,一 丨 ㇀ 丶 一 丶 丿 一,true(a8~e8)
0981,拉,lā、lá,一 亅 ㇀ 丶 一 丶 丿 一,true(a8~e8)
0982,拦,lán,一 亅 ㇀ 丶 丿 一 一 一,true(a8~e8)
0983,幸,xìng,一 丨 一 丶 丿 一 一 丨,true(a8~e8)
0984,拌,bàn、pàn,一 亅 ㇀ 丶 丿 一 一 丨,true(a8~e8)
0985,拧,nǐng、níng、nìng,一 亅 ㇀ 丶 ㇀ 乛 一 亅,true(a8~e8)
0986,拂,fú、bì,一 亅 ㇀ 𠃍 一 ㇉ 丿 丨,true(a8~e8)
0987,拙,zhuō,一 亅 ㇀ ㇄ 丨 丨 ㇄ 丨,true(a8~e8)
0988,招,zhāo,一 亅 ㇀ 𠃌 丿 丨 𠃍 一,true(a8~e8)
0989,坡,pō,一 丨 ㇀ 乛 丿 丨 乛 ㇏,false(a9~e8)
0990,披,pī,一 亅 ㇀ 乛 丿 丨 乛 ㇏,false(a9~e8)
0991,拨,bō,一 亅 ㇀ 𠃋 丿 ㇇ ㇏ 丶,true(a8~e8)
0992,择,zé、zhái,一 亅 ㇀ ㇇ ㇏ 一 一 丨,true(a8~e8)
0993,抬,tái,一 亅 ㇀ 𠃋 丶 丨 𠃍 一,true(a8~e8)
0994,拇,mǔ,一 亅 ㇀ ㇄ 𠃌 丶 一 丶,true(a8~e8)
0995,拗,ào、niù、ǎo,一 亅 ㇀ 𠃋 𠃋 丶 𠃌 丿,true(a8~e8)
0996,其,qí、jī,一 丨 丨 一 一 一 丿 丶,true(a8~e8)
0997,取,qǔ,一 丨 丨 一 一 ㇀ ㇇ ㇏,true(a8~e8)
0998,茉,mò,一 丨 丨 一 一 丨 丿 ㇏,true(a8~e8)
0999,苦,kǔ,一 丨 丨 一 丨 丨 𠃍 一,true(a8~e8)
1000,昔,xī,一 丨 丨 一 丨 𠃍 一 一,true(a8~e8)
1001,苛,kē、hē,一 丨 丨 一 丨 𠃍 一 亅,true(a8~e8)
1002,若,ruò、rě,一 丨 丨 一 丿 丨 𠃍 一,true(a8~e8)
1003,茂,mào,一 丨 丨 一 丿 ㇂ 丿 丶,true(a8~e8)
1004,苹,píng、pēng,一 丨 丨 一 丶 丿 一 丨,true(a8~e8)
1005,苗,miáo,一 丨 丨 丨 𠃍 一 丨 一,true(a8~e8)
1006,英,yīng,一 丨 丨 丨 𠃍 一 丿 ㇏,true(a8~e8)
1007,苟,gǒu,一 丨 丨 丿 𠃌 丨 𠃍 一,true(a8~e8)
1008,苑,yuàn,一 丨 丨 丿 ㇇ 丶 𠃌 乚,false(a9~e8)
1009,苞,bāo,一 丨 丨 丿 𠃌 𠃍 一 乚,true(a8~e8)
1010,范,fàn,一 丨 丨 丶 丶 ㇀ 𠃌 乚,true(a8~e8)
1011,直,zhí,一 丨 丨 𠃍 一 一 一 一,true(a8~e8)
1012,茁,zhuó,一 丨 丨 ㇄ 丨 丨 ㇄ 丨,true(a8~e8)
1013,茄,jiā、qié,一 丨 丨 𠃌 丿 丨 𠃍 一,true(a8~e8)
1014,茎,jīng,一 丨 丨 ㇇ 丶 一 丨 一,false(a9~e8)
1015,苔,tāi、tái,一 丨 丨 𠃋 丶 丨 𠃍 一,true(a8~e8)
1016,茅,máo,一 丨 丨 乛 丶 ㇇|乛 亅 丿,false(a10~e8)
1017,枉,wǎng,一 丨 丿 丶 一 一 丨 一,true(a8~e8)
1018,林,lín,一 丨 丿 丶 一 丨 丿 ㇏,true(a8~e8)
1019,枝,zhī、qí,一 丨 丿 丶 一 丨 ㇇ ㇏,false(a9~e8)
1020,杯,bēi,一 丨 丿 丶 一 丿 丨 丶,true(a8~e8)
1021,枢,shū,一 丨 丿 丶 一 丿 丶 ㇄,true(a8~e8)
1022,柜,guì、jǔ,一 丨 丿 丶 一 𠃍 一 ㇄,true(a8~e8)
1023,枚,méi,一 丨 丿 丶 丿 一 丿 ㇏,true(a8~e8)
1024,析,xī,一 丨 丿 丶 丿 丿 一 丨,true(a8~e8)
1025,板,bǎn,一 丨 丿 丶 丿 丿 ㇇ ㇏,false(a9~e8)
1026,松,sōng,一 丨 丿 丶 丿 ㇏ 𠃋 丶,true(a8~e8)
1027,枪,qiāng,一 丨 丿 丶 丿 ㇏ 𠃌 乚,true(a8~e8)
1028,枫,fēng,一 丨 丿 丶 丿 ⺄ 丿 丶,true(a8~e8)
1029,构,gòu,一 丨 丿 丶 丿 𠃌 𠃋 丶,true(a8~e8)
1030,杭,háng,一 丨 丿 丶 丶 一 丿 ⺄,true(a8~e8)
1031,杰,jié,一 丨 丿 ㇏ ㇀ 丶 丶 丶,true(a8~e8)
1032,述,shù,一 丨 丿 丶 丶 丶 ㇋ ㇏,true(a8~e8)
1033,枕,zhěn,一 丨 丿 丶 ㇀ 乛 丿 乚,false(a9~e8)
1034,丧,sāng、sàng,一 丨 丶 丿 一 𠄌 丿 ㇏,true(a8~e8)
1035,或,huò,一 丨 𠃍 一 ㇀ ㇂ 丿 丶,false(a9~e8)
1036,画,huà,一 丨 𠃍 一 丨 一 ㇄ 丨,true(a8~e8)
1037,卧,wò,一 丨 𠃍 一 丨 ㇄ 丨 丶,true(a8~e8)
1038,事,shì,一 丨 𠃍 一 𠃍 一 一 亅,true(a8~e8)
1039,刺,cī、cì,一 丨 𠃌 丨 丿 丶 丨 亅,true(a8~e8)
1040,枣,zǎo,一 丨 𠃍 丨 丿 ㇏ 丶 丶,true(a8~e8)
1041,雨,yǔ、yù,一 丨 𠃌 丨 丶 丶 丶 丶,true(a8~e8)
1042,卖,mài,一 丨 乛 丶 丶 一 丿 丶,false(a9~e8)
1043,郁,yù,一 丿 丨 𠃌 一 一 ㇌ 丨,false(a9~e8)
1044,矾,fán,一 丿 丨 𠃍 一 丿 ⺄ 丶,true(a8~e8)
1045,矿,kuàng,一 丿 丨 𠃍 一 丶 一 丿,true(a8~e8)
1046,码,mǎ,一 丿 丨 𠃍 一 𠃍 ㇉ 一,true(a8~e8)
1047,厕,cè,一 丿 丨 𠃍 丿 丶 丨 亅,true(a8~e8)
1048,奈,nài,一 丿 ㇏ 一 一 亅 丿 丶,true(a8~e8)
1049,奔,bēn、bèn,一 丿 ㇏ 一 丨 一 丿 丨,true(a8~e8)
1050,奇,jī、qí,一 丿 丶 一 丨 𠃍 一 亅,true(a8~e8)
1051,奋,fèn,一 丿 ㇏ 丨 𠃍 一 丨 一,true(a8~e8)
1052,态,tài,一 丿 ㇏ 丶 ㇀ ㇃ 丶 丶,false(a9~e8)
1053,欧,ōu,一 丿 丶 ㇄ 丿 乛 丿 ㇏,false(a9~e8)
1054,殴,ōu,一 丿 丶 ㇄ 丿 ㇅|㇍ ㇇ ㇏,false(a10~e8)
1055,垄,lǒng,一 丿 乚 丿 丶 一 丨 一,true(a8~e8)
1056,妻,qī、qì,一 𠃍 一 一 丨 𡿨 丿 一,true(a8~e8)
1057,轰,hōng,一 𠃋 一 丨 ㇇ 丶 ㇇ ㇏,false(a10~e8)
1058,顷,qǐng,一 𠄌 一 丿 丨 𠃍 丿 丶,true(a8~e8)
1059,转,zhuǎn、zhuàn、zhuǎi,一 𠃋 丨 ㇀ 一 一 ㄣ 丶,false(a9~e8)
1060,斩,zhǎn,一 𠃋 丨 ㇀ 丿 丿 一 丨,true(a8~e8)
1061,轮,lún,一 𠃋 丨 ㇀ 丿 ㇏ 丿 乚,true(a8~e8)
1062,软,ruǎn,一 𠃋 丨 ㇀ 丿 乛 丿 ㇏,false(a9~e8)
1063,到,dào,一 𠃋 丶 一 丨 ㇀ 丨 亅,true(a8~e8)
1064,非,fēi,丨 一 一 一 丨 一 一 一,true(a8~e8)
1065,叔,shū,丨 一 一 亅 丿 丶 ㇇ ㇏,false(a9~e8)
1066,歧,qí,丨 一 丨 ㇀ 一 丨 ㇇ ㇏,false(a9~e8)
1067,肯,kěn,丨 一 丨 一 丨 𠃌 一 一,true(a8~e8)
1068,齿,chǐ,丨 一 丨 一 丿 丶 ㇄ 丨,true(a8~e8)
1069,些,xiē、suò,丨 一 丨 ㇀ 丿 乚 一 一,true(a8~e8)
1070,卓,zhuó,丨 一 丨 𠃍 一 一 一 丨,true(a8~e8)
1071,虎,hǔ,丨 一 乛 丿 一 乚 丿 ⺄,false(a9~e8)
1072,虏,lǔ,丨 一 乛 丿 一 乚 𠃌 丿,false(a9~e8)
1073,肾,shèn,丨 丨 ㇇ ㇏ 丨 𠃌 一 一,false(a9~e8)
1074,贤,xián,丨 丨 ㇇ ㇏ 丨 𠃍 丿 丶,false(a9~e8)
1075,尚,shàng,丨 丶 丿 丨 𠃌 丨 𠃍 一,true(a8~e8)
1076,旺,wàng,丨 𠃍 一 一 一 一 丨 一,true(a8~e8)
1077,具,jù,丨 𠃍 一 一 一 一 丿 丶,true(a8~e8)
1078,味,wèi,丨 𠃍 一 一 一 丨 丿 ㇏,true(a8~e8)
1079,果,guǒ,丨 𠃍 一 一 一 丨 丿 ㇏,true(a8~e8)
1080,昆,kūn,丨 𠃍 一 一 一 𠄌 丿 乚,true(a8~e8)
1081,国,guó,丨 𠃍 一 一 丨 一 丶 一,true(a8~e8)
1082,哎,āi,丨 𠃍 一 一 丨 丨 丿 ㇏,true(a8~e8)
1083,咕,gū,丨 𠃍 一 一 丨 丨 𠃍 一,true(a8~e8)
1084,昌,chāng,丨 𠃍 一 一 丨 𠃍 一 一,true(a8~e8)
1085,呵,hē、a、kē,丨 𠃍 一 一 丨 𠃍 一 亅,true(a8~e8)
1086,畅,chàng,丨 𠃍 一 一 丨 𠄎 丿 丿,false(a9~e8)
1087,明,míng,丨 𠃍 一 一 丿 𠃌 一 一,true(a8~e8)
1088,易,yì,丨 𠃍 一 一 丿 𠃌 丿 丿,true(a8~e8)
1089,咙,lóng,丨 𠃍 一 一 丿 乚 丿 丶,true(a8~e8)
1090,昂,áng,丨 𠃍 一 一 丿 𠄌 𠃌 丨,true(a8~e8)
1091,迪,dí,丨 𠃍 一 丨 一 丶 ㇋ ㇏,true(a8~e8)
1092,典,diǎn,丨 𠃍 一 丨 丨 一 丿 丶,true(a8~e8)
1093,固,gù,丨 𠃍 一 丨 丨 𠃍 一 一,true(a8~e8)
1094,忠,zhōng,丨 𠃍 一 丨 ㇀ ㇃ 丶 丶,false(a9~e8)
1095,呻,shēn,丨 𠃍 一 丨 𠃍 一 一 丨,true(a8~e8)
1096,咒,zhòu,丨 𠃍 一 丨 𠃍 一 丿 ⺄,true(a8~e8)
1097,咋,zǎ、zé、zhā,丨 𠃍 一 丿 一 丨 一 一,true(a8~e8)
1098,咐,fù,丨 𠃍 一 丿 丨 一 亅 丶,true(a8~e8)
1099,呼,hū,丨 𠃍 一 丿 丶 丿 一 亅,true(a8~e8)
1100,鸣,míng,丨 𠃍 一 丿 𠃌 丶 ㇉ 一,true(a8~e8)
1101,咏,yǒng,丨 𠃍 一 丶 𠃌 ㇇ 丿 ㇏,false(a9~e8)
1102,呢,ne、ní,丨 𠃍 一 𠃍 一 丿 丿 乚,true(a8~e8)
1103,咄,duō,丨 𠃍 一 ㇄ 丨 丨 ㇄ 丨,true(a8~e8)
1104,咖,gā、kā,丨 𠃍 一 𠃌 丿 丨 𠃍 一,true(a8~e8)
1105,岸,àn,丨 ㇄ 丨 一 丿 一 一 丨,true(a8~e8)
1106,岩,yán,丨 ㇄ 丨 一 丿 丨 𠃍 一,true(a8~e8)
1107,帖,tiē、tiě、tiè,丨 𠃌 丨 丨 一 丨 𠃍 一,true(a8~e8)
1108,罗,luó,丨 𠃍 丨 丨 一 丿 ㇇ 丶,false(a9~e8)
1109,帜,zhì,丨 𠃌 丨 丨 𠃍 一 丿 丶,true(a8~e8)
1110,帕,pà,丨 𠃌 丨 丿 丨 𠃍 一 一,true(a8~e8)
1111,岭,lǐng、líng,丨 ㇄ 丨 丿 ㇏ 丶 ㇇ 丶,false(a9~e8)
1112,凯,kǎi,丨 ㇄ 丨 𠃍 一 𠄌 丿 ⺄,true(a8~e8)
1113,败,bài,丨 𠃍 丿 丶 丿 一 丿 ㇏,true(a8~e8)
1114,账,zhàng,丨 𠃍 丿 丶 丿 一 𠄌 ㇏,true(a8~e8)
1115,贩,fàn,丨 𠃍 丿 丶 丿 丿 ㇇ ㇏,false(a9~e8)
1116,贬,biǎn,丨 𠃍 丿 丶 丿 丶 ㇇ ㇏,false(a9~e8)
1117,购,gòu,丨 𠃍 丿 丶 丿 𠃌 𠃋 丶,true(a8~e8)
1118,贮,zhù,丨 𠃍 丿 丶 丶 ㇀ 乛 一,false(a9~e8)
1119,图,tú,丨 𠃍 丿 ㇇ ㇏ 丶 丶 一,false(a9~e8)
1120,钓,diào,丿 一 一 一 𠄌 丿 𠃌 丶,true(a8~e8)
1121,制,zhì,丿 一 一 丨 𠃌 丨 丨 亅,true(a8~e8)
1122,知,zhī、zhì,丿 一 一 丿 丶 丨 𠃍 一,true(a8~e8)
1123,迭,dié,丿 一 一 丿 丶 丶 ㇋ ㇏,true(a8~e8)
1124,氛,fēn,丿 一 一 ⺄ 丿 ㇏ 𠃌 丿,true(a8~e8)
1125,垂,chuí,丿 一 丨 一 丨 丨 一 一,true(a8~e8)
1126,牧,mù,丿 一 丨 ㇀ 丿 一 丿 ㇏,true(a8~e8)
1127,物,wù,丿 一 丨 ㇀ 丿 𠃌 丿 丿,true(a8~e8)
1128,乖,guāi,丿 一 丨 丨 一 ㇀ 丿 乚,true(a8~e8)
1129,刮,guā,丿 一 丨 丨 𠃍 一 丨 亅,true(a8~e8)
1130,秆,gǎn,丿 一 丨 丿 丶 一 一 丨,true(a8~e8)
1131,和,hé、hè、hú、huó、huò、huo,丿 一 丨 丿 丶 丨 𠃍 一,true(a8~e8)
1132,季,jì,丿 一 丨 丿 ㇏ ㇇ 亅 一,false(a9~e8)
1133,委,wěi、wēi,丿 一 丨 丿 ㇏ 𡿨 丿 一,true(a8~e8)
1134,秉,bǐng,丿 一 𠃍 一 一 丨 丿 ㇏,true(a8~e8)
1135,佳,jiā,丿 丨 一 丨 一 一 丨 一,true(a8~e8)
1136,侍,shì,丿 丨 一 丨 一 一 亅 丶,true(a8~e8)
1137,岳,yuè,丿 丨 一 丨 一 丨 ㇄ 丨,true(a8~e8)
1138,供,gōng、gòng,丿 丨 一 丨 丨 一 丿 丶,true(a8~e8)
1139,使,shǐ,丿 丨 一 丨 𠃍 一 丿 ㇏,true(a8~e8)
1140,例,lì,丿 丨 一 丿 ㇇ 丶 丨 亅,false(a9~e8)
1141,侠,xiá,丿 丨 一 丶 丿 一 丿 ㇏,true(a8~e8)
1142,侥,jiǎo、yáo,丿 丨 一 ㇂ 丿 一 丿 乚,false(a9~e8)
1143,版,bǎn,丿 丨 一 𠃍 丿 丿 ㇇ ㇏,false(a9~e8)
1144,侄,zhí,丿 丨 一 𠃋 丶 一 丨 一,true(a8~e8)
1145,侦,zhēn,丿 丨 丨 一 丨 𠃍 丿 丶,true(a8~e8)
1146,侣,lǚ,丿 丨 丨 𠃍 一 丨 𠃍 一,true(a8~e8)
1147,侧,cè、zè、zhāi,丿 丨 丨 𠃍 丿 丶 丨 亅,true(a8~e8)
1148,凭,píng,丿 丨 丿 一 丨 一 丿 ⺄,true(a8~e8)
1149,侨,qiáo,丿 丨 丿 一 丿 ㇏ 丿 丨,true(a8~e8)
1150,佩,pèi,丿 丨 丿 ⺄ 一 丨 𠃌 丨,true(a8~e8)
1151,货,huò,丿 丨 丿 乚 丨 𠃍 丿 丶,true(a8~e8)
1152,侈,chǐ,丿 丨 丿 ㇇ 丶 丿 ㇇ 丶,false(a10~e8)
1153,依,yī,丿 丨 丶 一 丿 𠄌 丿 ㇏,true(a8~e8)
1154,卑,bēi,丿 丨 𠃍 一 一 丿 一 丨,true(a8~e8)
1155,的,de、dī、dí、dì,丿 丨 𠃍 一 一 丿 𠃌 丶,true(a8~e8)
1156,迫,pǎi、pò,丿 丨 𠃍 一 一 丶 ㇋ ㇏,true(a8~e8)
1157,质,zhì,丿 丿 一 丨 丨 𠃍 丿 丶,true(a8~e8)
1158,欣,xīn,丿 丿 一 丨 丿 乛 丿 ㇏,false(a9~e8)
1159,征,zhēng,丿 丿 丨 一 丨 一 丨 一,true(a8~e8)
1160,往,wǎng,丿 丿 丨 丶 一 一 丨 一,true(a8~e8)
1161,爬,pá,丿 丿 丨 ㇏ 𠃍 丨 一 乚,true(a8~e8)
1162,彼,bǐ,丿 丿 丨 乛 丿 丨 ㇇ ㇏,false(a10~e8)
1163,径,jìng,丿 丿 丨 ㇇ 丶 一 丨 一,false(a9~e8)
1164,所,suǒ,丿 丿 𠃍 一 丿 丿 一 丨,true(a8~e8)
1165,舍,shě、shè,丿 ㇏ 一 一 丨 丨 𠃍 一,true(a8~e8)
1166,金,jīn,丿 ㇏ 一 一 丨 丶 丿 一,true(a8~e8)
1167,刹,chà、shā,丿 丶 一 亅 丿 丶 丨 亅,true(a8~e8)
1168,命,mìng,丿 ㇏ 一 丨 𠃍 一 𠃌 丨,true(a8~e8)
1169,肴,yáo,丿 丶 一 丿 丨 𠃌 一 一,true(a8~e8)
1170,斧,fǔ,丿 丶 丿 ㇏ 丿 丿 一 丨,true(a8~e8)
1171,爸,bà,丿 丶 丿 ㇏ 𠃍 丨 一 乚,true(a8~e8)
1172,采,cǎi、cài,丿 丶 丶 丿 一 丨 丿 ㇏,true(a8~e8)
1173,觅,mì,丿 丶 丶 丿 丨 𠃍 丿 乚,true(a8~e8)
1174,受,shòu,丿 丶 丶 丿 ㇀ 乛 ㇇ ㇏,false(a10~e8)
1175,乳,rǔ,丿 丶 丶 丿 ㇇ 亅 ㇀ 乚,false(a9~e8)
1176,贪,tān,丿 ㇏ 丶 ㇇ 丨 𠃍 丿 丶,false(a9~e8)
1177,念,niàn,丿 ㇏ 丶 ㇇ ㇀ ㇃ 丶 丶,false(a10~e8)
1178,贫,pín,丿 ㇏ 𠃌 丿 丨 𠃍 丿 丶,true(a8~e8)
1179,忿,fèn,丿 ㇏ 𠃌 丿 ㇀ ㇃ 丶 丶,false(a9~e8)
1180,肤,fū,丿 𠃌 一 一 一 一 丿 ㇏,true(a8~e8)
1181,肺,fèi,丿 𠃌 一 一 一 丨 𠃌 丨,true(a8~e8)
1182,肢,zhī,丿 𠃌 一 一 一 丨 ㇇ ㇏,false(a9~e8)
1183,肿,zhǒng,丿 𠃌 一 一 丨 𠃍 一 丨,true(a8~e8)
1184,胀,zhàng,丿 𠃌 一 一 丿 一 𠄌 ㇏,true(a8~e8)
1185,朋,péng,丿 𠃌 一 一 丿 𠃌 一 一,true(a8~e8)
1186,股,gǔ,丿 𠃌 一 一 丿 ㇍ ㇇ ㇏,false(a10~e8)
1187,肮,āng,丿 𠃌 一 一 丶 一 丿 ⺄,true(a8~e8)
1188,肪,fáng,丿 𠃌 一 一 丶 一 𠃌 丿,true(a8~e8)
1189,肥,féi,丿 𠃌 一 一 𠃍 丨 一 乚,true(a8~e8)
1190,服,fú、fù,丿 𠃌 一 一 𠃌 丨 ㇇ ㇏,false(a9~e8)
1191,胁,xié,丿 𠃌 一 一 𠃌 丿 ㇀ 丶,true(a8~e8)
1192,周,zhōu,丿 𠃌 一 丨 一 丨 𠃍 一,true(a8~e8)
1193,昏,hūn,丿 𠄌 一 ㇂ 丨 𠃍 一 一,false(a9~e8)
1194,鱼,yú,丿 ㇇ 丨 𠃍 一 丨 一 一,false(a9~e8)
1195,兔,tù,丿 ㇇ 丨 𠃍 一 丿 乚 丶,false(a9~e8)
1196,狐,hú,丿 ㇁ 丿 丿 丿 𠄌 丶 ㇏,true(a8~e8)
1197,忽,hū,丿 𠃌 丿 丿 ㇀ ㇃ 丶 丶,false(a9~e8)
1198,狗,gǒu,丿 ㇁ 丿 丿 𠃌 丨 𠃍 一,true(a8~e8)
1199,狞,níng,丿 ㇁ 丿 丶 ㇀ 乛 一 亅,false(a9~e8)
1200,备,bèi,丿 ㇇ ㇏ 丨 𠃍 一 丨 一,false(a9~e8)
1201,饰,shì,丿 乛 𠄌 丿 一 丨 𠃌 丨,false(a9~e8)
1202,饱,bǎo,丿 乛 𠄌 丿 𠃌 𠃍 一 乚,false(a9~e8)
1203,饲,sì,丿 乛 𠄌 𠃌 一 丨 𠃍 一,false(a9~e8)
1204,变,biàn,丶 一 丨 丨 丿 丶 ㇇ ㇏,false(a9~e8)
1205,京,jīng,丶 一 丨 𠃍 一 亅 丿 丶,true(a8~e8)
1206,享,xiǎng,丶 一 丨 𠃍 一 ㇇ 亅 一,false(a9~e8)
1207,庞,páng,丶 一 丿 一 丿 乚 丿 丶,true(a8~e8)
1208,店,diàn,丶 一 丿 丨 一 丨 𠃍 一,true(a8~e8)
1209,夜,yè,丶 一 丿 丨 丿 ㇇ 丶 ㇏,false(a9~e8)
1210,庙,miào,丶 一 丿 丨 𠃍 一 丨 一,true(a8~e8)
1211,府,fǔ,丶 一 丿 丿 丨 一 亅 丶,true(a8~e8)
1212,底,dǐ、de,丶 一 丿 丿 𠄌 一 ㇂ 丶,false(a9~e8)
1213,疟,nüè、yào,丶 一 丿 丶 ㇀ 一 ㇄ 一,true(a8~e8)
1214,疙,gē、yì,丶 一 丿 丶 ㇀ 丿 一 ⺄,true(a8~e8)
1215,疚,jiù,丶 一 丿 丶 ㇀ 丿 ㇇ ㇏,false(a9~e8)
1216,剂,jì,丶 一 丿 丶 丿 丨 丨 亅,true(a8~e8)
1217,卒,cù、zú,丶 一 丿 丶 丿 丶 一 丨,true(a8~e8)
1218,郊,jiāo,丶 一 丿 丶 丿 丶 ㇌ 丨,false(a9~e8)
1219,庚,gēng,丶 一 丿 𠃍 一 一 丿 ㇏,true(a8~e8)
1220,废,fèi,丶 一 丿 𠃋 丿 ㇇ ㇏ 丶,false(a9~e8)
1221,净,jìng、chēng,丶 ㇀ 丿 ㇇ 𠃍 一 一 亅,false(a9~e8)
1222,盲,máng,丶 一 ㇄ 丨 𠃍 一 一 一,true(a8~e8)
1223,放,fàng,丶 一 𠃌 丿 丿 一 丿 ㇏,true(a8~e8)
1224,刻,kè,丶 一 𠃋 丿 丿 丶 丨 亅,true(a8~e8)
1225,育,yù,丶 一 𠃋 丶 丨 𠃌 一 一,true(a8~e8)
1226,氓,méng、máng,丶 一 ㇄ 𠃍 一 𠄌 一 ㇂,false(a9~e8)
1227,闸,zhá,丶 丨 𠃌 丨 𠃍 一 一 丨,true(a8~e8)
1228,闹,nào,丶 丨 𠃌 丶 一 丨 𠃌 丨,true(a8~e8)
1229,郑,zhèng,丶 丿 一 一 丿 丶 ㇌ 丨,false(a9~e8)
1230,券,quàn、xuàn,丶 丿 一 一 丿 ㇏ 𠃌 丿,true(a8~e8)
1231,卷,juǎn、juàn,丶 丿 一 一 丿 ㇏ 𠃌 乚,true(a8~e8)
1232,单,chán、dān、shàn,丶 丿 丨 𠃍 一 一 一 丨,true(a8~e8)
1233,炬,jù,㇀ 丿 丿 丶 一 𠃍 一 ㇄,true(a8~e8)
1234,炒,chǎo,㇀ 丿 丿 丶 丨 丿 丶 丿,true(a8~e8)
1235,炊,chuī,㇀ 丿 丿 丶 丿 乛 丿 ㇏,false(a9~e8)
1236,炕,kàng,㇀ 丿 丿 丶 丶 一 丿 ⺄,true(a8~e8)
1237,炎,yán,㇀ 丿 丿 丶 ㇀ 丿 丿 ㇏,true(a8~e8)
1238,炉,lú,㇀ 丿 丿 丶 丶 𠃍 一 丿,true(a8~e8)
1239,沫,mò,丶 丶 ㇀ 一 一 丨 丿 ㇏,true(a8~e8)
1240,浅,qiǎn、jiān,丶 丶 ㇀ 一 一 ㇂ 丿 丶,false(a9~e8)
1241,法,fǎ,丶 丶 ㇀ 一 丨 一 𠃋 丶,true(a8~e8)
1242,泄,xiè、yì,丶 丶 ㇀ 一 丨 丨 一 ㇄,true(a8~e8)
1243,沽,gū,丶 丶 ㇀ 一 丨 丨 𠃍 一,true(a8~e8)
1244,河,hé,丶 丶 ㇀ 一 丨 𠃍 一 亅,true(a8~e8)
1245,沾,zhān,丶 丶 ㇀ 丨 一 丨 𠃍 一,true(a8~e8)
1246,泪,lèi,丶 丶 ㇀ 丨 𠃍 一 一 一,true(a8~e8)
1247,沮,jǔ、jù,丶 丶 ㇀ 丨 𠃍 一 一 一,true(a8~e8)
1248,油,yóu,丶 丶 ㇀ 丨 𠃍 一 丨 一,true(a8~e8)
1249,泊,bó、pō,丶 丶 ㇀ 丿 丨 𠃍 一 一,true(a8~e8)
1250,沿,yán,丶 丶 ㇀ 丿 ㇍ 丨 𠃍 一,false(a9~e8)
1251,泡,pāo、pào,丶 丶 ㇀ 丿 𠃌 𠃍 一 乚,true(a8~e8)
1252,注,zhù,丶 丶 ㇀ 丶 一 一 丨 一,true(a8~e8)
1253,泣,qì,丶 丶 ㇀ 丶 一 丶 丿 一,true(a8~e8)
1254,泞,nìng,丶 丶 ㇀ 丶 ㇀ 乛 一 亅,false(a9~e8)
1255,泻,xiè,丶 丶 ㇀ ㇀ 乛 一 ㇉ 一,false(a9~e8)
1256,泌,bì、mì,丶 丶 ㇀ ㇀ ㇃ 丶 丿 丶,false(a9~e8)
1257,泳,yǒng,丶 丶 ㇀ 丶 𠃌 ㇇ 丿 ㇏,false(a9~e8)
1258,泥,ní、nì,丶 丶 ㇀ 𠃍 一 丿 丿 乚,true(a8~e8)
1259,沸,fèi,丶 丶 ㇀ 𠃍 一 ㇉ 丿 丨,true(a8~e8)
1260,沼,zhǎo,丶 丶 ㇀ 𠃌 丿 丨 𠃍 一,true(a8~e8)
1261,波,bō,丶 丶 ㇀ 乛 丿 丨 ㇇ ㇏,false(a10~e8)
1262,泼,pō,丶 丶 ㇀ 𠃋 丿 ㇇ ㇏ 丶,false(a9~e8)
1263,泽,zé、shì,丶 丶 ㇀ ㇇ ㇏ 一 一 丨,false(a9~e8)
1264,治,zhì,丶 丶 ㇀ 𠃋 丶 丨 𠃍 一,true(a8~e8)
1265,怔,zhèng,㇀ 丶 丨 一 丨 一 丨 一,true(a8~e8)
1266,怯,qiè,㇀ 丶 丨 一 丨 一 𠃋 丶,true(a8~e8)
1267,怖,bù,㇀ 丶 丨 一 丿 丨 𠃌 丨,true(a8~e8)
1268,性,xìng,㇀ 丶 丨 丿 一 一 丨 一,true(a8~e8)
1269,怕,pà,㇀ 丶 丨 丿 丨 𠃍 一 一,true(a8~e8)
1270,怜,lián,㇀ 丶 丨 丿 ㇏ 丶 ㇇ 丶,false(a9~e8)
1271,怪,guài,㇀ 丶 丨 ㇇ ㇏ 一 丨 一,false(a9~e8)
1272,怡,yí,㇀ 丶 丨 𠃋 丶 丨 𠃍 一,true(a8~e8)
1273,学,xué,丶 丶 丿 ㇀ 乛 ㇇ 亅 一,false(a10~e8)
1274,宝,bǎo,丶 ㇀ 乛 一 一 丨 一 丶,false(a9~e8)
1275,宗,zōng,丶 ㇀ 乛 一 一 亅 丿 丶,false(a9~e8)
1276,定,dìng,丶 ㇀ 乛 一 丨 一 丿 ㇏,false(a9~e8)
1277,宠,chǒng,丶 ㇀ 乛 一 丿 乚 丿 丶,false(a9~e8)
1278,宜,yí,丶 ㇀ 乛 丨 𠃍 一 一 一,false(a9~e8)
1279,审,shěn,丶 ㇀ 乛 丨 𠃍 一 一 丨,false(a9~e8)
1280,宙,zhòu,丶 ㇀ 乛 丨 𠃍 一 丨 一,false(a9~e8)
1281,官,guān,丶 ㇀ 乛 丨 𠃍 一 𠃍 一,false(a9~e8)
1282,空,kōng、kòng、kǒng,丶 ㇀ 乛 丿 丶 一 丨 一,false(a9~e8)
1283,帘,lián,丶 ㇀ 乛 丿 丶 丨 𠃌 丨,false(a9~e8)
1284,宛,wǎn、yuān,丶 ㇀ 乛 丿 ㇇|乛 丶 𠃌 乚,false(a10~e8)
1285,实,shí,丶 ㇀ 乛 丶 丶 一 丿 丶,false(a9~e8)
1286,试,shì,丶 ㇊ 一 一 丨 ㇀ ㇂ 丶,false(a9~e8)
1287,郎,láng、làng,丶 𠃍 一 一 𠄌 丶 ㇌ 丨,false(a9~e8)
1288,诗,shī,丶 ㇊ 一 丨 一 一 亅 丶,true(a8~e8)
1289,肩,jiān,丶 𠃍 一 丿 丨 𠃌 一 一,true(a8~e8)
1290,房,fáng,丶 𠃍 一 丿 丶 一 𠃌 丿,true(a8~e8)
1291,诚,chéng,丶 ㇊ 一 丿 𠃌 ㇂ 丿 丶,false(a9~e8)
1292,衬,chèn,丶 ㇇ 丨 丿 丶 一 亅 丶,false(a9~e8)
1293,衫,shān,丶 ㇇ 丨 丿 丶 丿 丿 丿,false(a9~e8)
1294,视,shì,丶 ㇇ 丨 丶 丨 𠃍 丿 乚,false(a9~e8)
1295,祈,qí,丶 ㇇ 丨 丶 丿 丿 一 丨,false(a9~e8)
1296,话,huà,丶 ㇊ 丿 一 丨 丨 𠃍 一,true(a8~e8)
1297,诞,dàn,丶 ㇊ 丿 丨 一 ㇄ ㇋ ㇏,true(a8~e8)
1298,诡,guǐ,丶 ㇊ 丿 ㇇ 一 丿 𠃌 乚,false(a9~e8)
1299,询,xún,丶 ㇊ 丿 𠃌 丨 𠃍 一 一,true(a8~e8)
1300,该,gāi,丶 ㇊ 丶 一 𠃋 丿 丿 丶,true(a8~e8)
1301,详,xiáng、yáng,丶 ㇊ 丶 丿 一 一 一 丨,true(a8~e8)
1302,建,jiàn,𠃍 一 一 一 一 丨 ㇋ ㇏,true(a8~e8)
1303,肃,sù,𠃍 一 一 丨 丿 丨 丿 丶,true(a8~e8)
1304,录,lù,𠃍 一 一 亅 丶 ㇀ 丿 ㇏,true(a8~e8)
1305,隶,lì,𠃍 一 一 亅 丶 ㇀ 丿 ㇏,true(a8~e8)
1306,帚,zhǒu,𠃍 一 一 ㇀ 乛 丨 𠃌 丨,false(a9~e8)
1307,屉,tì,𠃍 一 丿 一 丨 丨 一 ㇄,true(a8~e8)
1308,居,jū,𠃍 一 丿 一 丨 丨 𠃍 一,true(a8~e8)
1309,届,jiè,𠃍 一 丿 丨 𠃍 一 丨 一,true(a8~e8)
1310,刷,shuā、shuà,𠃍 一 丿 丨 𠃌 丨 丨 亅,true(a8~e8)
1311,屈,qū,𠃍 一 丿 ㇄ 丨 丨 ㇄ 丨,true(a8~e8)
1312,弧,hú,𠃍 一 ㇉ 丿 丿 𠄌 丶 ㇏,true(a8~e8)
1313,弥,mí,𠃍 一 ㇉ 丿 乛 亅 丿 丶,false(a9~e8)
1314,弦,xián,𠃍 一 ㇉ 丶 一 𠃋 𠃋 丶,true(a8~e8)
1315,承,chéng,㇇|乛 亅 一 一 一 ㇇ 丿 ㇏,false(a10~e8)
1316,孟,mèng,㇇ 亅 一 丨 𠃍 丨 丨 一,false(a9~e8)
1317,陋,lòu,㇌ 丨 一 丨 𠃌 丿 丶 ㇄,false(a9~e8)
1318,陌,mò,㇌ 丨 一 丿 丨 𠃍 一 一,false(a9~e8)
1319,孤,gū,㇇ 亅 ㇀ 丿 丿 𠄌 丶 ㇏,false(a9~e8)
1320,陕,shǎn,㇌ 丨 一 丶 丿 一 丿 ㇏,false(a9~e8)
1321,降,jiàng、xiáng,㇌ 丨 丿 ㇇ ㇏ 一 𠃋 丨,false(a10~e8)
1322,函,hán,㇇ 亅 丶 ㇀ 丿 丶 ㇄ 丨,false(a9~e8)
1323,限,xiàn,㇌ 丨 𠃍 一 一 𠄌 丿 ㇏,false(a9~e8)
1324,妹,mèi,𡿨 丿 一 一 一 丨 丿 ㇏,true(a8~e8)
1325,姑,gū,𡿨 丿 一 一 丨 丨 𠃍 一,true(a8~e8)
1326,姐,jiě,𡿨 丿 一 丨 𠃍 一 一 一,true(a8~e8)
1327,姓,xìng,𡿨 丿 一 丿 一 一 丨 一,true(a8~e8)
1328,妮,nī,𡿨 丿 一 𠃍 一 丿 丿 乚,true(a8~e8)
1329,始,shǐ,𡿨 丿 一 𠃋 丶 丨 𠃍 一,true(a8~e8)
1330,姆,mǔ,𡿨 丿 一 ㇄ 𠃌 丶 一 丶,true(a8~e8)
1331,迢,tiáo,𠃌 丿 丨 𠃍 一 丶 ㇋ ㇏,true(a8~e8)
1332,驾,jià,𠃌 丿 丨 𠃍 一 𠃍 ㇉ 一,true(a8~e8)
1333,叁,sān,𠃋 丶 一 丿 ㇏ 一 一 一,true(a8~e8)
1334,参,cān、shēn、cēn、sān,𠃋 丶 一 丿 ㇏ 丿 丿 丿,true(a8~e8)
1335,艰,jiān,㇇ 丶 𠃍 一 一 𠄌 丿 ㇏,false(a9~e8)
1336,线,xiàn,𠃋 𠃋 ㇀ 一 一 ㇂ 丿 丶,false(a9~e8)
1337,练,liàn,𠃋 𠃋 ㇀ 一 𠃋 𠃌 丿 丶,true(a8~e8)
1338,组,zǔ,𠃋 𠃋 ㇀ 丨 𠃍 一 一 一,true(a8~e8)
1339,绅,shēn,𠃋 𠃋 ㇀ 丨 𠃍 一 一 丨,true(a8~e8)
1340,细,xì,𠃋 𠃋 ㇀ 丨 𠃍 一 丨 一,true(a8~e8)
1341,驶,shǐ,𠃍 ㇉ ㇀ 丨 𠃍 一 丿 ㇏,true(a8~e8)
1342,织,zhī、zhì,𠃋 𠃋 ㇀ 丨 𠃍 一 丿 丶,true(a8~e8)
1343,驹,jū,𠃍 ㇉ ㇀ 丿 𠃌 丨 𠃍 一,true(a8~e8)
1344,终,zhōng,𠃋 𠃋 ㇀ 丿 ㇇ ㇏ 丶 丶,false(a9~e8)
1345,驻,zhù,𠃍 ㇉ ㇀ 丶 一 一 丨 一,true(a8~e8)
1346,绊,bàn,𠃋 𠃋 ㇀ 丶 丿 一 一 丨,true(a8~e8)
1347,驼,tuó,𠃍 ㇉ ㇀ 丶 ㇀ 乛 丿 乚,false(a9~e8)
1348,绍,shào,𠃋 𠃋 ㇀ 𠃌 丿 丨 𠃍 一,true(a8~e8)
1349,绎,yì,𠃋 𠃋 ㇀ ㇇ ㇏ 一 一 丨,false(a9~e8)
1350,经,jīng、jìng,𠃋 𠃋 ㇀ ㇇ 丶 一 丨 一,false(a9~e8)
1351,贯,guàn,㇄ 𠃍 丨 一 丨 𠃍 丿 丶,true(a8~e8)
1352,契,qì、qiè、xiè,一 一 一 丨 𠃌 丿 一 丿 ㇏,true(a9~e9)
1353,贰,èr,一 一 一 丨 𠃍 丿 丶 ㇂ 丶,false(a10~e9)
1354,奏,zòu,一 一 一 丿 ㇏ 一 一 丿 丶,true(a9~e9)
1355,春,chūn,一 一 一 丿 ㇏ 丨 𠃍 一 一,true(a9~e9)
1356,帮,bāng,一 一 一 丿 ㇌ 丨 丨 𠃌 丨,false(a10~e9)
1357,玷,diàn,一 一 丨 ㇀ 丨 一 丨 𠃍 一,true(a9~e9)
1358,珍,zhēn,一 一 丨 ㇀ 丿 ㇏ 丿 丿 丿,true(a9~e9)
1359,玲,líng,一 一 丨 ㇀ 丿 ㇏ 丶 ㇇ 丶,false(a10~e9)
1360,珊,shān,一 一 丨 ㇀ 丿 𠃌 丿 𠃌 一,false(a9~enull)
1361,玻,bō,一 一 丨 ㇀ 乛 丿 丨 ㇇ ㇏,false(a11~e9)
1362,毒,dú、dài,一 一 丨 一 ㇄ 𠃌 丶 一 丶,true(a9~e9)
1363,型,xíng,一 一 丿 丨 丨 亅 一 丨 一,true(a9~e9)
1364,拭,shì,一 亅 ㇀ 一 一 丨 ㇀ ㇂ 丶,false(a10~e9)
1365,挂,guà,一 亅 ㇀ 一 丨 一 一 丨 一,true(a9~e9)
1366,封,fēng,一 丨 一 一 丨 ㇀ 一 亅 丶,true(a9~e9)
1367,持,chí,一 亅 ㇀ 一 丨 一 一 亅 丶,true(a9~e9)
1368,拷,kǎo,一 亅 ㇀ 一 丨 一 丿 一 ㇉,true(a9~e9)
1369,拱,gǒng,一 亅 ㇀ 一 丨 丨 一 丿 丶,true(a9~e9)
1370,项,xiàng,一 丨 ㇀ 一 丿 丨 𠃍 丿 丶,true(a9~e9)
1371,垮,kuǎ,一 丨 ㇀ 一 丿 ㇏ 一 一 ㇉,true(a9~e9)
1372,挎,kuà、kū,一 亅 ㇀ 一 丿 ㇏ 一 一 ㇉,true(a9~e9)
1373,城,chéng,一 丨 ㇀ 一 丿 𠃌 ㇂ 丿 丶,false(a10~e9)
1374,挟,xié、jiā,一 亅 ㇀ 一 丶 丿 一 丿 ㇏,true(a9~e9)
1375,挠,náo,一 亅 ㇀ 一 ㇂ 丿 一 丿 乚,false(a10~e9)
1376,政,zhèng,一 丨 一 丨 ㇀ 丿 一 丿 ㇏,true(a9~e9)
1377,赴,fù,一 丨 一 丨 一 丿 ㇏ 丨 丶,true(a9~e9)
1378,赵,zhào,一 丨 一 丨 一 丿 ㇏ 丿 丶,true(a9~e9)
1379,挡,dǎng、dàng,一 亅 ㇀ 丨 丶 丿 𠃍 一 一,true(a9~e9)
1380,拽,zhuài、zhuāi、yè,一 亅 ㇀ 丨 𠃍 一 一 ㇂ 丿,false(a10~e9)
1381,哉,zāi,一 丨 一 丨 𠃍 一 ㇂ 丿 丶,false(a10~e9)
1382,挺,tǐng,一 亅 ㇀ 丿 一 丨 一 ㇋ ㇏,true(a9~e9)
1383,括,kuò、guā,一 亅 ㇀ 丿 一 丨 丨 𠃍 一,true(a9~e9)
1384,垢,gòu,一 丨 ㇀ 丿 丿 一 丨 𠃍 一,true(a9~e9)
1385,拴,shuān,一 亅 ㇀ 丿 ㇏ 一 一 丨 一,true(a9~e9)
1386,拾,shí、shè,一 亅 ㇀ 丿 ㇏ 一 丨 𠃍 一,true(a9~e9)
1387,挑,tiāo、tiǎo,一 亅 ㇀ 丿 丶 ㇀ 乚 丿 丶,true(a9~e9)
1388,垛,duǒ、duò,一 丨 ㇀ 丿 ㇍ 一 丨 丿 ㇏,false(a10~e9)
1389,指,zhǐ,一 亅 ㇀ 丿 乚 丨 𠃍 一 一,true(a9~e9)
1390,垫,diàn,一 亅 ㇀ 丿 ⺄ 丶 一 丨 一,true(a9~e9)
1391,挣,zhèng、zhēng,一 亅 ㇀ 丿 ㇇ 𠃍 一 一 亅,false(a10~e9)
1392,挤,jǐ,一 亅 ㇀ 丶 一 丿 ㇏ 丿 丨,true(a9~e9)
1393,拼,pīn,一 亅 ㇀ 丶 丿 一 一 丿 丨,true(a9~e9)
1394,挖,wā,一 亅 ㇀ 丶 ㇀ 乛 丿 丶 ⺄,false(a10~e9)
1395,按,àn,一 亅 ㇀ 丶 ㇀ 乛 𡿨 丿 一,false(a10~e9)
1396,挥,huī,一 亅 ㇀ ㇀ 乛 一 𠃋 一 丨,false(a10~e9)
1397,挪,nuó,一 亅 ㇀ 𠃌 一 一 丿 ㇌ 丨,false(a10~e9)
1398,拯,zhěng,一 亅 ㇀ ㇇ 亅 ㇇ 丿 ㇏ 一,false(a11~e9)
1399,某,mǒu,一 丨 丨 一 一 一 丨 丿 ㇏,true(a9~e9)
1400,甚,shèn、shén,一 丨 丨 一 一 一 丿 丶 ㇄,true(a9~e9)
1401,荆,jīng,一 丨 丨 一 一 丿 丨 丨 亅,true(a9~e9)
1402,茸,róng,一 丨 丨 一 丨 丨 一 一 一,true(a9~e9)
1403,革,gé,一 丨 丨 一 丨 𠃍 一 一 丨,true(a9~e9)
1404,茬,chá,一 丨 丨 一 丿 丨 一 丨 一,true(a9~e9)
1405,荐,jiàn,一 丨 丨 一 丿 丨 ㇇ 亅 一,false(a10~e9)
1406,巷,xiàng、hàng,一 丨 丨 一 丿 ㇏ 𠃍 一 乚,true(a9~e9)
1407,带,dài,一 丨 丨 丨 ㇀ 乛 丨 𠃌 丨,false(a10~e9)
1408,草,cǎo,一 丨 丨 丨 𠃍 一 一 一 丨,true(a9~e9)
1409,茧,jiǎn,一 丨 丨 丨 𠃍 一 丨 一 丶,true(a9~e9)
1410,茵,yīn,一 丨 丨 丨 𠃍 一 丿 丶 一,true(a9~e9)
1411,茶,chá,一 丨 丨 丿 ㇏ 一 亅 丿 丶,true(a9~e9)
1412,荒,huāng,一 丨 丨 丶 一 ㇄ 丿 丨 乚,true(a9~e9)
1413,茫,máng,一 丨 丨 丶 丶 ㇀ 丶 一 ㇄,true(a9~e9)
1414,荡,dàng,一 丨 丨 丶 丶 ㇀ 𠄎 丿 丿,false(a10~e9)
1415,荣,róng,一 丨 丨 ㇀ 乛 一 丨 丿 ㇏,false(a10~e9)
1416,荤,hūn,一 丨 丨 ㇀ 乛 一 𠃋 一 丨,false(a10~e9)
1417,荧,yíng,一 丨 丨 ㇀ 乛 ㇀ 丿 丿 ㇏,false(a10~e9)
1418,故,gù,一 丨 丨 𠃍 一 丿 一 丿 ㇏,true(a9~e9)
1419,胡,hú,一 丨 丨 𠃍 一 丿 𠃌 一 一,true(a9~e9)
1420,荫,yīn、yìn,一 丨 丨 ㇌ 丨 丿 𠃌 一 一,false(a10~e9)
1421,荔,lì,一 丨 丨 𠃌 丿 𠃌 丿 𠃌 丿,true(a9~e9)
1422,南,nán、nā,一 丨 丨 𠃌 丶 丿 一 一 丨,true(a9~e9)
1423,药,yào,一 丨 丨 𠃋 𠃋 ㇀ 丿 𠃌 丶,true(a9~e9)
1424,标,biāo,一 丨 丿 丶 一 一 亅 丿 丶,true(a9~e9)
1425,栈,zhàn,一 丨 丿 丶 一 一 ㇂|㇃ 丿 丶,false(a10~e9)
1426,柑,gān,一 丨 丿 丶 一 丨 丨 一 一,true(a9~e9)
1427,枯,kū,一 丨 丿 丶 一 丨 丨 𠃍 一,true(a9~e9)
1428,柄,bǐng,一 丨 丿 丶 一 丨 𠃌 丿 丶,true(a9~e9)
1429,栋,dòng,一 丨 丿 丶 一 𠃋 亅 丿 丶,true(a9~e9)
1430,相,xiāng、xiàng,一 丨 丿 丶 丨 𠃍 一 一 一,true(a9~e9)
1431,查,chá、zhā,一 丨 丿 ㇏ 丨 𠃍 一 一 一,true(a9~e9)
1432,柏,bǎi、bó、bò,一 丨 丿 丶 丿 丨 𠃍 一 一,true(a9~e9)
1433,栅,zhà、shān、shi、cè,一 丨 丿 丶 丿 𠃌 丿 𠃌 一,true(a9~e9)
1434,柳,liǔ,一 丨 丿 丶 丿 𠄌 丿 𠃌 丨,true(a9~e9)
1435,柱,zhù,一 丨 丿 丶 丶 一 一 丨 一,true(a9~e9)
1436,柿,shì,一 丨 丿 丶 丶 一 丨 𠃌 丨,true(a9~e9)
1437,栏,lán,一 丨 丿 丶 丶 丿 一 一 一,true(a9~e9)
1438,柠,níng,一 丨 丿 丶 丶 ㇀ 乛 一 亅,false(a10~e9)
1439,树,shù,一 丨 丿 丶 ㇇ 丶 一 亅 丶,false(a10~e9)
1440,勃,bó、bèi,一 丨 ㇀ 乛 ㇇ 亅 ㇀ 𠃌 丿,false(a11~e9)
1441,要,yào、yāo,一 丨 𠃍 丨 丨 一 𡿨 丿 一,true(a9~e9)
1442,柬,jiǎn,一 丨 𠃍 丶 丿 一 丨 丿 ㇏,true(a9~e9)
1443,咸,xián,一 丿 一 丨 𠃍 一 ㇂ 丿 丶,false(a10~e9)
1444,威,wēi,一 丿 一 𡿨 丿 一 ㇂ 丿 丶,false(a10~e9)
1445,歪,wāi,一 丿 丨 丶 一 丨 一 丨 一,true(a9~e9)
1446,研,yán、yàn,一 丿 丨 𠃍 一 一 一 丿 丨,true(a9~e9)
1447,砖,zhuān,一 丿 丨 𠃍 一 一 一 ㄣ 丶,false(a10~e9)
1448,厘,lí,一 丿 丨 𠃍 一 一 丨 一 一,true(a9~e9)
1449,厚,hòu,一 丿 丨 𠃍 一 一 ㇇ 亅 一,false(a10~e9)
1450,砌,qì、qiè,一 丿 丨 𠃍 一 一 𠄌 𠃌 丿,true(a9~e9)
1451,砂,shā,一 丿 丨 𠃍 一 丨 丿 丶 丿,true(a9~e9)
1452,泵,bèng,一 丿 丨 𠃍 一 亅 ㇇ 丿 ㇏,false(a10~e9)
1453,砚,yàn,一 丿 丨 𠃍 一 丨 𠃍 丿 乚,true(a9~e9)
1454,砍,kǎn,一 丿 丨 𠃍 一 丿 乛 丿 ㇏,false(a10~e9)
1455,面,miàn,一 丿 丨 𠃍 丨 丨 一 一 一,true(a9~e9)
1456,耐,nài,一 丿 丨 𠃌 丨 丨 一 亅 丶,true(a9~e9)
1457,耍,shuǎ,一 丿 丨 𠃌 丨 丨 𡿨 丿 一,true(a9~e9)
1458,牵,qiān,一 丿 丶 ㇀ 乛 丿 一 一 丨,false(a10~e9)
1459,鸥,ōu,一 丿 丶 ㇄ 丿 𠃌 丶 ㇉ 一,true(a9~e9)
1460,残,cán,一 丿 ㇇|乛 丶 一 一 ㇂ 丿 丶,false(a11~e9)
1461,殃,yāng,一 丿 ㇇|乛 丶 丨 𠃍 一 丿 ㇏,false(a10~e9)
1462,轴,zhóu、zhòu,一 𠃋 丨 ㇀ 丨 𠃍 一 丨 一,true(a9~e9)
1463,轻,qīng,一 𠃋 丨 ㇀ ㇇ 丶 一 丨 一,false(a10~e9)
1464,鸦,yā,一 𠃋 亅 丿 丿 𠃌 丶 ㇉ 一,true(a9~e9)
1465,皆,jiē,一 𠄌 丿 乚 丿 丨 𠃍 一 一,true(a9~e9)
1466,韭,jiǔ,丨 一 一 一 丨 一 一 一 一,true(a9~e9)
1467,背,bēi、bèi,丨 一 ㇀ 丿 乚 丨 𠃌 一 一,true(a9~e9)
1468,战,zhàn,丨 一 丨 𠃍 一 一 ㇂ 丿 丶,false(a10~e9)
1469,点,diǎn,丨 一 丨 𠃍 一 ㇀ 丶 丶 丶,true(a9~e9)
1470,虐,nüè,丨 一 ㇇|乛 丿 一 乚 一 ㇄ 一,false(a10~e9)
1471,临,lín,丨 丨 丿 一 丶 丨 𠃍 丨 一,true(a9~e9)
1472,览,lǎn,丨 丨 丿 一 丶 丨 𠃍 丿 乚,true(a9~e9)
1473,竖,shù,丨 丨 ㇇ ㇏ 丶 一 丶 丿 一,false(a10~e9)
1474,省,shěng、xǐng,丨 丿 丶 丿 丨 𠃍 一 一 一,true(a9~e9)
1475,削,xiāo、xuē,丨 丶 丿 丨 𠃌 一 一 丨 亅,true(a9~e9)
1476,尝,cháng,丨 丶 丿 ㇀ 乛 一 一 𠃋 丶,false(a10~e9)
1477,昧,mèi,丨 𠃍 一 一 一 一 丨 丿 ㇏,true(a9~e9)
1478,盹,dǔn,丨 𠃍 一 一 一 一 ㇄ 丨 乚,true(a9~e9)
1479,是,shì,丨 𠃍 一 一 一 丨 一 丿 ㇏,true(a9~e9)
1480,盼,pàn,丨 𠃍 一 一 一 丿 ㇏ 𠃌 丿,true(a9~e9)
1481,眨,zhǎ,丨 𠃍 一 一 一 丿 丶 ㇇ ㇏,false(a10~e9)
1482,哇,wā、wa,丨 𠃍 一 一 丨 一 一 丨 一,true(a9~e9)
1483,哄,hōng、hǒng、hòng,丨 𠃍 一 一 丨 丨 一 丿 丶,true(a9~e9)
1484,哑,yǎ、yā,丨 𠃍 一 一 丨 丨 丶 丿 一,true(a9~e9)
1485,显,xiǎn,丨 𠃍 一 一 丨 丨 丶 丿 一,true(a9~e9)
1486,冒,mào、mò,丨 𠃍 一 一 丨 𠃍 一 一 一,true(a9~e9)
1487,映,yìng,丨 𠃍 一 一 丨 𠃍 一 丿 ㇏,true(a9~e9)
1488,星,xīng,丨 𠃍 一 一 丿 一 一 丨 一,true(a9~e9)
1489,昨,zuó,丨 𠃍 一 一 丿 一 丨 一 一,true(a9~e9)
1490,咧,liē、liě、lié、lie,丨 𠃍 一 一 丿 ㇇ 丶 丨 亅,false(a10~e9)
1491,昭,zhāo,丨 𠃍 一 一 𠃌 丿 丨 𠃍 一,true(a9~e9)
1492,畏,wèi,丨 𠃍 一 丨 一 一 𠄌 丿 ㇏,true(a9~e9)
1493,趴,pā,丨 𠃍 一 丨 一 丨 ㇀ 丿 ㇏,true(a9~e9)
1494,胃,wèi,丨 𠃍 一 丨 一 丨 𠃌 一 一,true(a9~e9)
1495,贵,guì,丨 𠃍 一 丨 一 丨 𠃍 丿 丶,true(a9~e9)
1496,界,jiè,丨 𠃍 一 丨 一 丿 ㇏ 丿 丨,true(a9~e9)
1497,虹,hóng、jiàng,丨 𠃍 一 丨 一 丶 一 丨 一,true(a9~e9)
1498,虾,xiā、hā,丨 𠃍 一 丨 一 丶 一 丨 丶,true(a9~e9)
1499,蚁,yǐ,丨 𠃍 一 丨 一 丶 丶 丿 ㇏,true(a9~e9)
1500,思,sī、sāi,丨 𠃍 一 丨 一 ㇀ ㇃ 丶 丶,false(a10~e9)
1501,蚂,mǎ、mā、mà,丨 𠃍 一 丨 一 丶 𠃍 ㇉ 一,true(a9~e9)
1502,虽,suī,丨 𠃍 一 丨 𠃍 一 丨 一 丶,true(a9~e9)
1503,品,pǐn,丨 𠃍 一 丨 𠃍 一 丨 𠃍 一,true(a9~e9)
1504,咽,yān、yàn、yè,丨 𠃍 一 丨 𠃍 一 丿 丶 一,true(a9~e9)
1505,骂,mà,丨 𠃍 一 丨 𠃍 一 𠃍 ㇉ 一,true(a9~e9)
1506,勋,xūn,丨 𠃍 一 丨 𠃍 丿 丶 𠃌 丿,true(a9~e9)
1507,哗,huā、huá,丨 𠃍 一 丿 丨 丿 乚 一 丨,true(a9~e9)
1508,咱,zán、zá、zǎ,丨 𠃍 一 丿 丨 𠃍 一 一 一,true(a9~e9)
1509,响,xiǎng,丨 𠃍 一 丿 丨 𠃌 丨 𠃍 一,true(a9~e9)
1510,哈,hā、hǎ、hà,丨 𠃍 一 丿 ㇏ 一 丨 𠃍 一,true(a9~e9)
1511,哆,duō,丨 𠃍 一 丿 ㇇ 丶 丿 ㇇ 丶,false(a11~e9)
1512,咬,yǎo,丨 𠃍 一 丶 一 丿 丶 丿 ㇏,true(a9~e9)
1513,咳,hāi、ké,丨 𠃍 一 丶 一 𠃋 丿 丿 丶,true(a9~e9)
1514,咪,mī、mǐ,丨 𠃍 一 丶 丿 一 丨 丿 ㇏,true(a9~e9)
1515,哪,nǎ、něi、na、né,丨 𠃍 一 𠃌 一 一 丿 ㇌ 丨,false(a10~e9)
1516,哟,yō、yo,丨 𠃍 一 𠃋 𠃋 ㇀ 丿 𠃌 丶,true(a9~e9)
1517,炭,tàn,丨 ㇄ 丨 一 丿 ㇀ 丿 丿 ㇏,true(a9~e9)
1518,峡,xiá,丨 ㇄ 丨 一 丶 丿 一 丿 ㇏,true(a9~e9)
1519,罚,fá,丨 𠃍 丨 丨 一 丶 ㇊ 丨 亅,true(a9~e9)
1520,贱,jiàn,丨 𠃍 丿 丶 一 一 ㇂ 丿 丶,false(a10~e9)
1521,贴,tiē,丨 𠃍 丿 丶 丨 一 丨 𠃍 一,true(a9~e9)
1522,贻,yí,丨 𠃍 丿 丶 𠃋 丶 丨 𠃍 一,true(a9~e9)
1523,骨,gǔ、gū,丨 𠃍 𠃍 ㇀ 乛 丨 𠃌 一 一,false(a10~e9)
1524,幽,yōu,丨 𠃋 𠃋 丶 𠃋 𠃋 丶 ㇄ 丨,true(a9~e9)
1525,钙,gài,丿 一 一 一 𠄌 一 丨 一 ㇉,true(a9~e9)
1526,钝,dùn,丿 一 一 一 𠄌 一 ㇄ 丨 乚,true(a9~e9)
1527,钞,chāo,丿 一 一 一 𠄌 丨 丿 丶 丿,true(a9~e9)
1528,钟,zhōng,丿 一 一 一 𠄌 丨 𠃍 一 丨,true(a9~e9)
1529,钢,gāng、gàng,丿 一 一 一 𠄌 丨 𠃌 丿 丶,true(a9~e9)
1530,钠,nà,丿 一 一 一 𠄌 丨 𠃌 丿 丶,true(a9~e9)
1531,钥,yuè、yào,丿 一 一 一 𠄌 丿 𠃌 一 一,true(a9~e9)
1532,钦,qīn,丿 一 一 一 𠄌 丿 乛 丿 ㇏,false(a10~e9)
1533,钧,jūn,丿 一 一 一 𠄌 丿 𠃌 丶 ㇀,true(a9~e9)
1534,钩,gōu,丿 一 一 一 𠄌 丿 𠃌 𠃋 丶,true(a9~e9)
1535,钮,niǔ,丿 一 一 一 𠄌 𠃍 丨 一 一,true(a9~e9)
1536,卸,xiè,丿 一 一 丨 一 丨 ㇀ 𠃌 丨,true(a9~e9)
1537,缸,gāng,丿 一 一 丨 ㇄ 丨 一 丨 一,true(a9~e9)
1538,拜,bái、bài,丿 一 一 丿 一 一 一 一 丨,true(a9~e9)
1539,看,kān、kàn,丿 一 一 丿 丨 𠃍 一 一 一,true(a9~e9)
1540,矩,jǔ,丿 一 一 丿 丶 一 𠃍 一 ㇄,true(a9~e9)
1541,毡,zhān,丿 一 一 乚 丨 一 丨 𠃍 一,true(a9~e9)
1542,氢,qīng,丿 一 一 ⺄ ㇇ 丶 一 丨 一,false(a10~e9)
1543,怎,zěn,丿 一 丨 一 一 ㇀ ㇃ 丶 丶,false(a10~e9)
1544,牲,shēng,丿 一 丨 ㇀ 丿 一 一 丨 一,true(a9~e9)
1545,选,xuǎn,丿 一 丨 一 丿 乚 丶 ㇋ ㇏,true(a9~e9)
1546,适,shì,丿 一 丨 丨 𠃍 一 丶 ㇋ ㇏,true(a9~e9)
1547,秒,miǎo,丿 一 丨 丿 丶 丨 丿 丶 丿,true(a9~e9)
1548,香,xiāng,丿 一 丨 丿 ㇏ 丨 𠃍 一 一,true(a9~e9)
1549,种,zhǒng、zhòng、chóng,丿 一 丨 丿 丶 丨 𠃍 一 丨,true(a9~e9)
1550,秋,qiū,丿 一 丨 丿 丶 ㇀ 丿 丿 ㇏,true(a9~e9)
1551,科,kē,丿 一 丨 丿 丶 丶 丶 一 丨,true(a9~e9)
1552,重,zhòng、chóng,丿 一 丨 𠃍 一 一 丨 一 一,true(a9~e9)
1553,复,fù,丿 一 丨 𠃍 一 一 丿 ㇇ ㇏,false(a10~e9)
1554,竿,gān,丿 一 丶 丿 一 丶 一 一 丨,true(a9~e9)
1555,段,duàn,丿 丨 一 一 ㇀ 丿 ㇍ ㇇|乛 ㇏,false(a11~e9)
1556,便,biàn、pián,丿 丨 一 丨 𠃍 一 一 丿 ㇏,true(a9~e9)
1557,俩,liǎng、liǎ,丿 丨 一 丨 𠃌 丿 丶 丿 丶,true(a9~e9)
1558,贷,dài,丿 丨 一 ㇂ 丶 丨 𠃍 丿 丶,false(a10~e9)
1559,顺,shùn,丿 丨 丨 一 丿 丨 𠃍 丿 丶,true(a9~e9)
1560,修,xiū,丿 丨 丨 丿 ㇇ ㇏ 丿 丿 丿,false(a10~e9)
1561,俏,qiào、xiào,丿 丨 丨 丶 丿 丨 𠃌 一 一,true(a9~e9)
1562,保,bǎo,丿 丨 丨 𠃍 一 一 丨 丿 ㇏,true(a9~e9)
1563,促,cù,丿 丨 丨 𠃍 一 丨 一 丿 ㇏,true(a9~e9)
1564,俄,é,丿 丨 丿 一 亅 ㇀ ㇂ 丿 丶,false(a10~e9)
1565,俐,lì,丿 丨 丿 一 丨 丿 丶 丨 亅,true(a9~e9)
1566,侮,wǔ,丿 丨 丿 一 ㇄ 𠃌 丶 一 丶,true(a9~e9)
1567,俭,jiǎn,丿 丨 丿 ㇏ 一 丶 丶 丿 一,true(a9~e9)
1568,俗,sú,丿 丨 丿 丶 丿 ㇏ 丨 𠃍 一,true(a9~e9)
1569,俘,fú,丿 丨 丿 丶 丶 丿 ㇇ 亅 一,false(a10~e9)
1570,信,xìn、shēn,丿 丨 丶 一 一 一 丨 𠃍 一,true(a9~e9)
1571,皇,huáng,丿 丨 𠃍 一 一 一 一 丨 一,true(a9~e9)
1572,泉,quán,丿 丨 𠃍 一 一 亅 ㇇ 丿 ㇏,false(a10~e9)
1573,鬼,guǐ,丿 丨 𠃍 一 一 丿 乚 𠃋 丶,true(a9~e9)
1574,侵,qīn,丿 丨 𠃍 一 一 ㇀ ㇇ ㇇ ㇏,false(a11~e9)
1575,禹,yǔ,丿 丨 𠃍 一 丨 𠃌 丨 ㇀ 丶,true(a9~e9)
1576,侯,hóu、hòu,丿 丨 𠃍 一 丿 一 一 丿 ㇏,true(a9~e9)
1577,追,zhuī、duī,丿 丨 𠃍 一 𠃍 一 丶 ㇋ ㇏,true(a9~e9)
1578,俊,jùn,丿 丨 𠃋 丶 丿 丶 丿 ㇇|乛 ㇏,false(a10~e9)
1579,盾,dùn,丿 丿 一 丨 丨 𠃍 一 一 一,true(a9~e9)
1580,待,dài、dāi,丿 丿 丨 一 丨 一 一 亅 丶,true(a9~e9)
1581,徊,huái,丿 丿 丨 丨 𠃍 丨 𠃍 一 一,true(a9~e9)
1582,衍,yǎn,丿 丿 丨 丶 丶 ㇀ 一 一 亅,true(a9~e9)
1583,律,lǜ,丿 丿 丨 𠃍 一 一 一 一 丨,true(a9~e9)
1584,很,hěn,丿 丿 丨 𠃍 一 一 𠄌 丿 ㇏,true(a9~e9)
1585,须,xū,丿 丿 丿 一 丿 丨 𠃍 丿 丶,true(a9~e9)
1586,叙,xù,丿 丶 一 一 亅 丿 丶 ㇇ ㇏,false(a10~e9)
1587,剑,jiàn,丿 丶 一 丶 丶 丿 ㇀ 丨 亅,true(a9~e9)
1588,逃,táo,丿 丶 ㇀ 乚 丿 丶 丶 ㇋ ㇏,true(a9~e9)
1589,食,shí、sì、yì,丿 ㇏ 丶 𠃍 一 一 𠄌 丿 丶,true(a9~e9)
1590,盆,pén,丿 ㇏ 𠃌 丿 丨 𠃍 丨 丨 一,true(a9~e9)
1591,胚,pēi,丿 𠃌 一 一 一 丿 丨 丶 一,true(a9~e9)
1592,胧,lóng,丿 𠃌 一 一 一 丿 乚 丿 丶,true(a9~e9)
1593,胆,dǎn,丿 𠃌 一 一 丨 𠃍 一 一 一,true(a9~e9)
1594,胜,shèng,丿 𠃌 一 一 丿 一 一 丨 一,true(a9~e9)
1595,胞,bāo,丿 𠃌 一 一 丿 𠃌 𠃍 一 乚,true(a9~e9)
1596,胖,pàng、pán、pàn,丿 𠃌 一 一 丶 丿 一 一 丨,true(a9~e9)
1597,脉,mài、mò,丿 𠃌 一 一 丶 𠃌 ㇇ 丿 ㇏,false(a10~e9)
1598,胎,tāi,丿 𠃌 一 一 𠃋 丶 丨 𠃍 一,true(a9~e9)
1599,勉,miǎn,丿 ㇇ 丨 𠃍 一 丿 乚 𠃌 丿,false(a10~e9)
1600,狭,xiá,丿 ㇁ 丿 一 丶 丿 一 丿 ㇏,true(a9~e9)
1601,狮,shī,丿 ㇁ 丿 丨 丿 一 丨 𠃌 丨,true(a9~e9)
1602,独,dú,丿 ㇁ 丿 丨 𠃍 一 丨 一 丶,true(a9~e9)
1603,狰,zhēng,丿 ㇁ 丿 丿 ㇇|乛 𠃍 一 一 亅,false(a10~e9)
1604,狡,jiǎo,丿 ㇁ 丿 丶 一 丿 丶 丿 ㇏,true(a9~e9)
1605,狱,yù,丿 ㇁ 丿 丶 ㇊ 一 丿 ㇏ 丶,true(a9~e9)
1606,狠,hěn,丿 ㇁ 丿 𠃍 一 一 𠄌 丿 ㇏,true(a9~e9)
1607,贸,mào,丿 𠄌 丶 𠃌 丿 丨 𠃍 丿 丶,true(a9~e9)
1608,怨,yuàn,丿 ㇇ 丶 𠃌 乚 ㇀ ㇃ 丶 丶,false(a11~e9)
1609,急,jí,丿 ㇇ 𠃍 一 一 ㇀ ㇃ 丶 丶,false(a11~e9)
1610,饵,ěr,丿 乛 𠄌 一 丨 丨 一 一 一,false(a10~e9)
1611,饶,ráo,丿 乛 𠄌 一 ㇂ 丿 一 丿 乚,false(a11~e9)
1612,蚀,shí,丿 乛 𠄌 丨 𠃍 一 丨 一 丶,false(a10~e9)
1613,饺,jiǎo,丿 乛 𠄌 丶 一 丿 丶 丿 ㇏,false(a10~e9)
1614,饼,bǐng,丿 乛 𠄌 丶 丿 一 一 丿 丨,false(a10~e9)
1615,峦,luán,丶 一 丨 丨 丿 丶 丨 ㇄ 丨,true(a9~e9)
1616,弯,wān,丶 一 丨 丨 丿 丶 𠃍 一 ㇉,true(a9~e9)
1617,将,jiāng、jiàng,丶 ㇀ 丨 丿 ㇇ 丶 一 亅 丶,false(a10~e9)
1618,奖,jiǎng,丶 ㇀ 丨 丿 ㇇ 丶 一 丿 ㇏,false(a10~e9)
1619,哀,āi,丶 一 丨 𠃍 一 丿 𠄌 丿 ㇏,true(a9~e9)
1620,亭,tíng,丶 一 丨 𠃍 一 ㇀ ㇇|乛 一 亅,false(a10~e9)
1621,亮,liàng,丶 一 丨 𠃍 一 ㇀ ㇇|乛 丿 ⺄,false(a10~e9)
1622,度,dù、duó,丶 一 丿 一 丨 丨 一 ㇇|乛 ㇏,false(a10~e9)
1623,迹,jì,丶 一 丿 亅 丿 丶 丶 ㇋ ㇏,true(a9~e9)
1624,庭,tíng,丶 一 丿 丿 一 丨 一 ㇋ ㇏,true(a9~e9)
1625,疮,chuāng,丶 一 丿 丶 ㇀ 丿 ㇏ 𠃌 乚,true(a9~e9)
1626,疯,fēng,丶 一 丿 丶 ㇀ 丿 ⺄ 丿 丶,true(a9~e9)
1627,疫,yì,丶 一 丿 丶 ㇀ 丿 ㇍ ㇇ ㇏,false(a11~e9)
1628,疤,bā,丶 一 丿 丶 ㇀ 𠃍 丨 一 乚,true(a9~e9)
1629,咨,zī,丶 ㇀ 丿 乛 丿 ㇏ 丨 𠃍 一,false(a10~e9)
1630,姿,zī,丶 ㇀ 丿 乛 丿 ㇏ 𡿨 丿 一,false(a10~e9)
1631,亲,qīn、qìng,丶 一 丶 丿 一 一 亅 丿 丶,true(a9~e9)
1632,音,yīn,丶 一 丶 丿 一 丨 𠃍 一 一,true(a9~e9)
1633,帝,dì,丶 一 丶 丿 ㇀ 乛 丨 𠃌 丨,false(a10~e9)
1634,施,shī,丶 一 𠃌 丿 丿 一 𠃌 丨 乚,true(a9~e9)
1635,闺,guī,丶 丨 𠃌 一 丨 一 一 丨 一,true(a9~e9)
1636,闻,wén,丶 丨 𠃌 一 丨 丨 一 一 一,true(a9~e9)
1637,闽,mǐn,丶 丨 𠃌 丨 𠃍 一 丨 一 丶,true(a9~e9)
1638,阀,fá,丶 丨 𠃌 丿 丨 一 ㇂ 丿 丶,false(a10~e9)
1639,阁,gé,丶 丨 𠃌 丿 ㇇ ㇏ 丨 𠃍 一,false(a10~e9)
1640,差,chà、chā、chāi、cī,丶 丿 一 一 一 丿 一 丨 一,true(a9~e9)
1641,养,yǎng,丶 丿 一 一 一 丿 ㇏ 丿 丨,true(a9~e9)
1642,美,měi,丶 丿 一 一 丨 一 一 丿 ㇏,true(a9~e9)
1643,姜,jiāng,丶 丿 一 一 丨 一 𡿨 丿 一,true(a9~e9)
1644,叛,pàn,丶 丿 一 一 丿 丿 丿 ㇇ ㇏,false(a10~e9)
1645,送,sòng,丶 丿 一 一 丿 丶 丶 ㇋ ㇏,true(a9~e9)
1646,类,lèi,丶 丿 一 丨 丿 丶 一 丿 ㇏,true(a9~e9)
1647,迷,mí,丶 丿 一 丨 丿 丶 丶 ㇋ ㇏,true(a9~e9)
1648,籽,zǐ,丶 丿 一 丨 丿 丶 ㇇ 亅 一,false(a10~e9)
1649,娄,lóu,丶 丿 一 丨 丿 ㇏ 𡿨 丿 一,true(a9~e9)
1650,前,qián,丶 丿 一 丨 𠃌 一 一 丨 亅,true(a9~e9)
1651,首,shǒu,丶 丿 一 丿 丨 𠃍 一 一 一,true(a9~e9)
1652,逆,nì,丶 丿 一 ㇄ 丨 丿 丶 ㇋ ㇏,true(a9~e9)
1653,兹,zī、cí,丶 丿 一 𠃋 𠃋 丶 𠃋 𠃋 丶,true(a9~e9)
1654,总,zǒng,丶 丿 丨 𠃍 一 ㇀ ㇃ 丶 丶,false(a10~e9)
1655,炼,liàn,㇀ 丿 丿 丶 一 𠃋 𠃌 丿 丶,true(a9~e9)
1656,炸,zhà、zhá,㇀ 丿 丿 丶 丿 一 丨 一 一,true(a9~e9)
1657,烁,shuò,㇀ 丿 丿 丶 丿 ㇄ 亅 丿 丶,true(a9~e9)
1658,炮,pào、páo、bāo,㇀ 丿 丿 丶 丿 𠃌 𠃍 一 乚,true(a9~e9)
1659,炫,xuàn,㇀ 丿 丿 丶 丶 一 𠃋 𠃋 丶,true(a9~e9)
1660,烂,làn,㇀ 丿 丿 丶 丶 丿 一 一 一,true(a9~e9)
1661,剃,tì,丶 丿 𠃍 一 ㇉ 丨 丿 丨 亅,true(a9~e9)
1662,洼,wā,丶 丶 ㇀ 一 丨 一 一 丨 一,true(a9~e9)
1663,洁,jié,丶 丶 ㇀ 一 丨 一 丨 𠃍 一,true(a9~e9)
1664,洪,hóng,丶 丶 ㇀ 一 丨 丨 一 丿 丶,true(a9~e9)
1665,洒,sǎ、xǐ,丶 丶 ㇀ 一 丨 𠃍 丿 ㇄ 一,true(a9~e9)
1666,柒,qī,丶 丶 ㇀ 一 乚 一 丨 丿 ㇏,true(a9~e9)
1667,浇,jiāo,丶 丶 ㇀ 一 ㇂ 丿 一 丿 乚,false(a10~e9)
1668,浊,zhuó,丶 丶 ㇀ 丨 𠃍 一 丨 一 丶,true(a9~e9)
1669,洞,dòng、tóng,丶 丶 ㇀ 丨 𠃌 一 丨 𠃍 一,true(a9~e9)
1670,测,cè,丶 丶 ㇀ 丨 𠃍 丿 丶 丨 亅,true(a9~e9)
1671,洗,xǐ、xiǎn,丶 丶 ㇀ 丿 一 丨 一 丿 乚,true(a9~e9)
1672,活,huó,丶 丶 ㇀ 丿 一 丨 丨 𠃍 一,true(a9~e9)
1673,派,pài,丶 丶 ㇀ 丿 丿 丿 𠄌 丿 ㇏,true(a9~e9)
1674,洽,qià,丶 丶 ㇀ 丿 ㇏ 一 丨 𠃍 一,true(a9~e9)
1675,染,rǎn,丶 丶 ㇀ 丿 ⺄ 一 丨 丿 ㇏,true(a9~e9)
1676,洛,luò,丶 丶 ㇀ 丿 ㇇ ㇏ 丨 𠃍 一,false(a10~e9)
1677,浏,liú,丶 丶 ㇀ 丶 一 丿 丶 丨 亅,true(a9~e9)
1678,济,jì、jǐ,丶 丶 ㇀ 丶 一 丿 ㇏ 丿 丨,true(a9~e9)
1679,洋,yáng,丶 丶 ㇀ 丶 丿 一 一 一 丨,true(a9~e9)
1680,洲,zhōu,丶 丶 ㇀ ㇀ 丿 丶 丨 丶 丨,true(a9~e9)
1681,浑,hún,丶 丶 ㇀ ㇀ 乛 一 𠃋 一 丨,false(a10~e9)
1682,浓,nóng,丶 丶 ㇀ ㇀ 乛 丿 𠄌 丿 ㇏,false(a10~e9)
1683,津,jīn,丶 丶 ㇀ 𠃍 一 一 一 一 丨,true(a9~e9)
1684,恃,shì,㇀ 丶 丨 一 丨 一 一 亅 丶,true(a9~e9)
1685,恒,héng,㇀ 丶 丨 一 丨 𠃍 一 一 一,true(a9~e9)
1686,恢,huī,㇀ 丶 丨 一 丿 ㇀ 丿 丿 ㇏,true(a9~e9)
1687,恍,huǎng,㇀ 丶 丨 丨 丶 丿 一 丿 乚,true(a9~e9)
1688,恬,tián,㇀ 丶 丨 丿 一 丨 丨 𠃍 一,true(a9~e9)
1689,恤,xù,㇀ 丶 丨 丿 丨 𠃍 丨 丨 一,true(a9~e9)
1690,恰,qià,㇀ 丶 丨 丿 ㇏ 一 丨 𠃍 一,true(a9~e9)
1691,恼,nǎo,㇀ 丶 丨 丶 一 丿 丶 ㇄ 丨,true(a9~e9)
1692,恨,hèn,㇀ 丶 丨 𠃍 一 一 𠄌 丿 ㇏,true(a9~e9)
1693,举,jǔ,丶 丶 丿 一 丿 ㇏ 一 一 丨,true(a9~e9)
1694,觉,jué、jiào,丶 丶 丿 ㇀ 乛 丨 𠃍 丿 乚,false(a10~e9)
1695,宣,xuān,丶 ㇀ 乛 一 丨 𠃍 一 一 一,false(a10~e9)
1696,宦,huàn,丶 ㇀ 乛 一 丨 𠃍 一 丨 ㇄,false(a10~e9)
1697,室,shì,丶 ㇀ 乛 一 𠃋 丶 一 丨 一,false(a10~e9)
1698,宫,gōng,丶 ㇀ 乛 丨 𠃍 一 丨 𠃍 一,false(a10~e9)
1699,宪,xiàn,丶 ㇀ 乛 丿 一 丨 一 丿 乚,false(a10~e9)
1700,突,tū,丶 ㇀ 乛 丿 丶 一 丿 ㇏ 丶,false(a10~e9)
1701,穿,chuān,丶 ㇀ 乛 丿 丶 一 𠃋 亅 丿,false(a10~e9)
1702,窃,qiè,丶 ㇀ 乛 丿 丶 一 𠄌 𠃌 丿,false(a10~e9)
1703,客,kè,丶 ㇀ 乛 丿 ㇇ ㇏ 丨 𠃍 一,false(a11~e9)
1704,诫,jiè,丶 ㇊ 一 一 丿 丨 ㇂|㇃ 丿 丶,false(a10~e9)
1705,冠,guàn、guān,㇀ 乛 一 一 丿 乚 一 亅 丶,false(a10~e9)
1706,诬,wū,丶 ㇊ 一 丨 丿 丶 丿 丶 一,true(a9~e9)
1707,语,yǔ、yù,丶 ㇊ 一 丨 𠃍 一 丨 𠃍 一,true(a9~e9)
1708,扁,biǎn、piān,丶 𠃍 一 丿 丨 𠃌 一 丨 丨,true(a9~e9)
1709,袄,ǎo,丶 ㇇ 丨 丿 丶 丿 一 丿 ㇏,false(a10~e9)
1710,祖,zǔ,丶 ㇇ 丨 丶 丨 𠃍 一 一 一,false(a10~e9)
1711,神,shén,丶 ㇇ 丨 丶 丨 𠃍 一 一 丨,false(a10~e9)
1712,祝,zhù,丶 ㇇ 丨 丶 丨 𠃍 一 丿 乚,false(a10~e9)
1713,祠,cí,丶 ㇇ 丨 丶 𠃌 一 丨 𠃍 一,false(a10~e9)
1714,误,wù,丶 ㇊ 丨 𠃍 一 一 一 丿 ㇏,true(a9~e9)
1715,诱,yòu,丶 ㇊ 丿 一 丨 丿 ㇏ 𠄎 丿,false(a10~e9)
1716,诲,huì,丶 ㇊ 丿 一 ㇄ 𠃌 丶 一 丶,true(a9~e9)
1717,说,shuō、shuì、yuè,丶 ㇊ 丶 丿 丨 𠃍 一 丿 乚,true(a9~e9)
1718,诵,sòng,丶 ㇊ ㇇ 丶 丨 𠃌 一 一 丨,false(a10~e9)
1719,垦,kěn,𠃍 一 一 𠄌 丿 ㇏ 一 丨 一,true(a9~e9)
1720,退,tuì,𠃍 一 一 𠄌 丿 丶 丶 ㇋ ㇏,true(a9~e9)
1721,既,jì,𠃍 一 一 𠄌 丶 一 𠃋 丿 乚,true(a9~e9)
1722,屋,wū,𠃍 一 丿 一 𠃋 丶 一 丨 一,true(a9~e9)
1723,昼,zhòu,𠃍 一 丿 ㇏ 丨 𠃍 一 一 一,true(a9~e9)
1724,屏,píng、bǐng,𠃍 一 丿 丶 丿 一 一 丿 丨,true(a9~e9)
1725,屎,shǐ,𠃍 一 丿 丶 丿 一 丨 丿 ㇏,true(a9~e9)
1726,费,fèi,𠃍 一 ㇉ 丿 丨 丨 𠃍 丿 丶,true(a9~e9)
1727,陡,dǒu,㇌ 丨 一 丨 一 丨 一 丿 ㇏,false(a10~e9)
1728,逊,xùn,㇇ 亅 ㇀ 亅 丿 丶 丶 ㇋ ㇏,false(a10~e9)
1729,眉,méi,𠃍 丨 一 丿 丨 𠃍 一 一 一,true(a9~e9)
1730,孩,hái,㇇ 亅 ㇀ 丶 一 𠃋 丿 丿 丶,false(a10~e9)
1731,陨,yǔn,㇌ 丨 丨 𠃍 一 丨 𠃍 丿 丶,false(a10~e9)
1732,除,chú,㇌ 丨 丿 ㇏ 一 一 亅 丿 丶,false(a10~e9)
1733,险,xiǎn,㇌ 丨 丿 ㇏ 一 丶 丶 丿 一,false(a10~e9)
1734,院,yuàn,㇌ 丨 丶 ㇀ 乛 一 一 丿 乚,false(a11~e9)
1735,娃,wá,𡿨 丿 一 一 丨 一 一 丨 一,true(a9~e9)
1736,姥,lǎo、mǔ,𡿨 丿 一 一 丨 一 丿 丿 乚,true(a9~e9)
1737,姨,yí,𡿨 丿 一 一 𠃍 一 ㇉ 丿 ㇏,true(a9~e9)
1738,姻,yīn,𡿨 丿 一 丨 𠃍 一 丿 丶 一,true(a9~e9)
1739,娇,jiāo,𡿨 丿 一 丿 一 丿 ㇏ 丿 丨,true(a9~e9)
1740,姚,yáo,𡿨 丿 一 丿 丶 ㇀ 乚 丿 丶,true(a9~e9)
1741,娜,nuó、nà,𡿨 丿 一 𠃌 一 一 丿 𠄎|㇌ 丨,false(a10~e9)
1742,怒,nù,𡿨 丿 一 ㇇ ㇏ ㇀ ㇃ 丶 丶,false(a11~e9)
1743,架,jià,𠃌 丿 丨 𠃍 一 一 丨 丿 ㇏,true(a9~e9)
1744,贺,hè,𠃌 丿 丨 𠃍 一 丨 𠃍 丿 丶,true(a9~e9)
1745,盈,yíng,𠄎 丿 ㇇ 丶 丨 𠃍 丨 丨 一,false(a11~e9)
1746,勇,yǒng,㇇ 丶 丨 𠃍 一 一 丨 𠃌 丿,false(a10~e9)
1747,怠,dài,𠃋 丶 丨 𠃍 一 ㇀ ㇃ 丶 丶,false(a10~e9)
1748,癸,guǐ,㇇ 丶 丿 丿 ㇏ 一 一 丿 丶,false(a10~e9)
1749,蚤,zǎo,㇇ ㇏ 丶 丨 𠃍 一 丨 一 丶,false(a10~e9)
1750,柔,róu,㇇ 丶 乛 亅 丿 一 丨 丿 ㇏,false(a11~e9)
1751,垒,lěi,𠃋 丶 𠃋 丶 𠃋 丶 一 丨 一,true(a9~e9)
1752,绑,bǎng,𠃋 𠃋 ㇀ 一 一 一 丿 ㇌ 丨,false(a10~e9)
1753,绒,róng,𠃋 𠃋 ㇀ 一 一 丿 ㇂ 丿 丶,false(a10~e9)
1754,结,jié、jiē,𠃋 𠃋 ㇀ 一 丨 一 丨 𠃍 一,true(a9~e9)
1755,绕,rào,𠃋 𠃋 ㇀ 一 ㇂ 丿 一 丿 乚,false(a10~e9)
1756,骄,jiāo,𠃍 ㇉ ㇀ 丿 一 丿 ㇏ 丿 丨,true(a9~e9)
1757,绘,huì,𠃋 𠃋 ㇀ 丿 ㇏ 一 一 𠃋 丶,true(a9~e9)
1758,给,gěi、jǐ,𠃋 𠃋 ㇀ 丿 ㇏ 一 丨 𠃍 一,true(a9~e9)
1759,绚,xuàn,𠃋 𠃋 ㇀ 丿 𠃌 丨 𠃍 一 一,true(a9~e9)
1760,骆,luò,𠃍 ㇉ ㇀ 丿 ㇇ ㇏ 丨 𠃍 一,false(a10~e9)
1761,络,luò、lào,𠃋 𠃋 ㇀ 丿 ㇇ ㇏ 丨 𠃍 一,false(a10~e9)
1762,绝,jué,𠃋 𠃋 ㇀ 丿 ㇇ 𠃍 丨 一 乚,false(a10~e9)
1763,绞,jiǎo,𠃋 𠃋 ㇀ 丶 一 丿 丶 丿 ㇏,true(a9~e9)
1764,骇,hài,𠃍 ㇉ ㇀ 丶 一 𠃋 丿 丿 丶,true(a9~e9)
1765,统,tǒng,𠃋 𠃋 ㇀ 丶 一 𠃋 丶 丿 乚,true(a9~e9)
1766,耕,gēng,一 一 一 丨 丿 丶 一 一 丿 丨,true(a10~e10)
1767,耘,yún,一 一 一 丨 丿 丶 一 一 𠃋 丶,true(a10~e10)
1768,耗,hào,一 一 一 丨 丿 丶 丿 一 一 乚,true(a10~e10)
1769,耙,bà、pá,一 一 一 丨 丿 丶 𠃍 丨 一 乚,true(a10~e10)
1770,艳,yàn,一 一 一 丨 丿 ㇇ 𠃍 丨 一 乚,false(a11~e10)
1771,泰,tài,一 一 一 丿 ㇏ 亅 丶 ㇀ 丿 丶,true(a10~e10)
1772,秦,qín,一 一 一 丿 ㇏ 丿 一 丨 丿 丶,true(a10~e10)
1773,珠,zhū,一 一 丨 ㇀ 丿 一 一 丨 丿 ㇏,true(a10~e10)
1774,班,bān,一 一 丨 ㇀ ㇀ 丿 一 一 丨 一,true(a10~e10)
1775,素,sù,一 一 丨 一 𠃋 𠃋 丶 亅 丿 丶,true(a10~e10)
1776,匿,nì,一 一 丨 丨 一 丿 丨 𠃍 一 ㇄,true(a10~e10)
1777,蚕,cán,一 一 丿 ㇏ 丨 𠃍 一 丨 一 丶,true(a10~e10)
1778,顽,wán,一 一 丿 𠄌 一 丿 丨 𠃍 丿 丶,true(a10~e10)
1779,盏,zhǎn,一 一 ㇂ 丿 丶 丨 𠃍 丨 丨 一,false(a11~e10)
1780,匪,fěi,一 丨 一 一 一 丨 一 一 一 ㇄,true(a10~e10)
1781,捞,lāo,一 亅 ㇀ 一 丨 丨 ㇀ 乛 𠃌 丿,false(a11~e10)
1782,栽,zāi,一 丨 一 一 丨 丿 丶 ㇂ 丿 丶,false(a11~e10)
1783,捕,bǔ,一 亅 ㇀ 一 丨 𠃌 一 一 丨 丶,true(a10~e10)
1784,埂,gěng,一 丨 ㇀ 一 丨 𠃍 一 一 丿 ㇏,true(a10~e10)
1785,捂,wǔ,一 亅 ㇀ 一 丨 𠃍 一 丨 𠃍 一,true(a10~e10)
1786,振,zhèn,一 亅 ㇀ 一 丿 一 一 𠄌 丿 ㇏,true(a10~e10)
1787,载,zài、zǎi,一 丨 一 一 𠃋 丨 ㇀ ㇂|㇃ 丿 丶,false(a11~e10)
1788,赶,gǎn,一 丨 一 丨 一 丿 ㇏ 一 一 丨,true(a10~e10)
1789,起,qǐ,一 丨 一 丨 一 丿 ㇏ 𠃍 一 乚,true(a10~e10)
1790,盐,yán,一 丨 ㇀ 丨 丶 丨 𠃍 丨 丨 一,true(a10~e10)
1791,捎,shāo、shào,一 亅 ㇀ 丨 丶 丿 丨 𠃌 一 一,true(a10~e10)
1792,捍,hàn,一 亅 ㇀ 丨 𠃍 一 一 一 一 丨,true(a10~e10)
1793,捏,niē,一 亅 ㇀ 丨 𠃍 一 一 一 丨 一,true(a10~e10)
1794,埋,mái、mán,一 丨 ㇀ 丨 𠃍 一 一 丨 一 一,true(a10~e10)
1795,捉,zhuō,一 亅 ㇀ 丨 𠃍 一 丨 一 丿 ㇏,true(a10~e10)
1796,捆,kǔn,一 亅 ㇀ 丨 𠃍 一 丨 丿 丶 一,true(a10~e10)
1797,捐,juān,一 亅 ㇀ 丨 𠃍 一 丨 𠃌 一 一,true(a10~e10)
1798,损,sǔn,一 亅 ㇀ 丨 𠃍 一 丨 𠃍 丿 丶,true(a10~e10)
1799,袁,yuán,一 丨 一 丨 𠃍 一 丿 𠄌 丿 ㇏,true(a10~e10)
1800,捌,bā,一 亅 ㇀ 丨 𠃍 一 𠃌 丿 丨 亅,true(a10~e10)
1801,都,dōu、dū,一 丨 一 丿 丨 𠃍 一 一 ㇌ 丨,false(a11~e10)
1802,哲,zhé,一 亅 ㇀ 丿 丿 一 丨 丨 𠃍 一,true(a10~e10)
1803,逝,shì,一 亅 ㇀ 丿 丿 一 丨 丶 ㇋ ㇏,true(a10~e10)
1804,捡,jiǎn,一 亅 ㇀ 丿 ㇏ 一 丶 丶 丿 一,true(a10~e10)
1805,挫,cuò,一 亅 ㇀ 丿 丶 丿 丶 一 丨 一,true(a10~e10)
1806,换,huàn,一 亅 ㇀ 丿 ㇇ 丨 𠃍 一 丿 ㇏,false(a11~e10)
1807,挽,wǎn,一 亅 ㇀ 丿 ㇇ 丨 𠃍 一 丿 乚,false(a11~e10)
1808,挚,zhì,一 亅 ㇀ 丿 ⺄ 丶 丿 一 一 亅,true(a10~e10)
1809,热,rè,一 亅 ㇀ 丿 ⺄ 丶 ㇀ 丶 丶 丶,true(a10~e10)
1810,恐,kǒng,一 丨 ㇀ 丿 ⺄ 丶 ㇀ ㇂|㇃ 丶 丶,false(a11~e10)
1811,捣,dǎo,一 亅 ㇀ 丿 𠃌 丶 ㇉ 丨 ㇄ 丨,true(a10~e10)
1812,壶,hú,一 丨 一 ㇀ 乛 丨 丨 丶 丿 一,false(a11~e10)
1813,捅,tǒng,一 亅 ㇀ ㇇ 丶 丨 𠃌 一 一 丨,false(a11~e10)
1814,埃,āi,一 丨 ㇀ 𠃋 丶 丿 一 一 丿 ㇏,true(a10~e10)
1815,挨,āi、ái,一 亅 ㇀ 𠃋 丶 丿 一 一 丿 ㇏,true(a10~e10)
1816,耻,chǐ,一 丨 丨 一 一 ㇀ 丨 一 丨 一,true(a10~e10)
1817,耿,gěng,一 丨 丨 一 一 ㇀ ㇀ 丿 丿 ㇏,true(a10~e10)
1818,耽,dān,一 丨 丨 一 一 ㇀ ㇀ 乛 丿 乚,false(a11~e10)
1819,聂,niè,一 丨 丨 一 一 一 ㇇ 丶 ㇇ ㇏,false(a12~e10)
1820,恭,gōng,一 丨 丨 一 丿 ㇏ 亅 ㇀ 丶 丶,true(a10~e10)
1821,莽,mǎng,一 丨 丨 一 丿 ㇏ 丶 一 丿 丨,true(a10~e10)
1822,莱,lái,一 丨 丨 一 丶 丿 一 丨 丿 ㇏,true(a10~e10)
1823,莲,lián,一 丨 丨 一 𠃋 一 丨 丶 ㇋ ㇏,true(a10~e10)
1824,莫,mò、mù,一 丨 丨 丨 𠃍 一 一 一 丿 ㇏,true(a10~e10)
1825,莉,lì,一 丨 丨 丿 一 丨 丿 丶 丨 亅,true(a10~e10)
1826,荷,hé、hè,一 丨 丨 丿 丨 一 丨 𠃍 一 亅,true(a10~e10)
1827,获,huò,一 丨 丨 丿 ㇁ 丿 一 丿 ㇏ 丶,true(a10~e10)
1828,晋,jìn,一 丨 丨 丶 丿 一 丨 𠃍 一 一,true(a10~e10)
1829,恶,è、wù、ě、wū,一 丨 丨 丶 丿 一 ㇀ ㇃ 丶 丶,false(a11~e10)
1830,莹,yíng,一 丨 丨 ㇀ 乛 一 一 丨 一 丶,false(a11~e10)
1831,莺,yīng,一 丨 丨 ㇀ 乛 丿 𠃌 丶 ㇉ 一,false(a11~e10)
1832,真,zhēn,一 丨 丨 𠃍 一 一 一 一 丿 丶,true(a10~e10)
1833,框,kuàng,一 丨 丿 丶 一 一 一 丨 一 ㇄,true(a10~e10)
1834,梆,bāng,一 丨 丿 丶 一 一 一 丿 ㇌ 丨,false(a11~e10)
1835,桂,guì,一 丨 丿 丶 一 丨 一 一 丨 一,true(a10~e10)
1836,桔,jié、jú,一 丨 丿 丶 一 丨 一 丨 𠃍 一,true(a10~e10)
1837,栖,qī、xī,一 丨 丿 丶 一 丨 𠃍 丿 ㇄ 一,true(a10~e10)
1838,档,dàng,一 丨 丿 丶 丨 丶 丿 𠃍 一 一,true(a10~e10)
1839,桐,tóng,一 丨 丿 丶 丨 𠃌 一 丨 𠃍 一,true(a10~e10)
1840,株,zhū,一 丨 丿 丶 丿 一 一 丨 丿 ㇏,true(a10~e10)
1841,桥,qiáo,一 丨 丿 丶 丿 一 丿 ㇏ 丿 丨,true(a10~e10)
1842,桦,huà,一 丨 丿 丶 丿 丨 丿 乚 一 丨,true(a10~e10)
1843,栓,shuān,一 丨 丿 丶 丿 ㇏ 一 一 丨 一,true(a10~e10)
1844,桃,táo,一 丨 丿 丶 丿 丶 ㇀ 乚 丿 丶,true(a10~e10)
1845,格,gé,一 丨 丿 丶 丿 ㇇ ㇏ 丨 𠃍 一,false(a11~e10)
1846,桩,zhuāng,一 丨 丿 丶 丶 一 丿 一 丨 一,true(a10~e10)
1847,校,xiào、jiào,一 丨 丿 丶 丶 一 丿 丶 丿 ㇏,true(a10~e10)
1848,核,hé、hú,一 丨 丿 丶 丶 一 𠃋 丿 丿 丶,true(a10~e10)
1849,样,yàng,一 丨 丿 丶 丶 丿 一 一 一 丨,true(a10~e10)
1850,根,gēn,一 丨 丿 丶 𠃍 一 一 𠄌 丿 ㇏,true(a10~e10)
1851,索,suǒ,一 丨 ㇀ 乛 𠃋 𠃋 丶 亅 丿 丶,false(a11~e10)
1852,哥,gē,一 丨 𠃍 一 丨 一 丨 𠃍 一 亅,true(a10~e10)
1853,速,sù,一 丨 𠃍 一 丨 丿 丶 丶 ㇋ ㇏,true(a10~e10)
1854,逗,dòu,一 丨 𠃍 一 丶 丿 一 丶 ㇋ ㇏,true(a10~e10)
1855,栗,lì,一 丨 𠃍 丨 丨 一 一 丨 丿 ㇏,true(a10~e10)
1856,贾,jiǎ、gǔ,一 丨 𠃍 丨 丨 一 丨 𠃍 丿 丶,true(a10~e10)
1857,酌,zhuó,一 丨 𠃍 丿 ㇄ 一 一 丿 𠃌 丶,true(a10~e10)
1858,配,pèi,一 丨 𠃍 丿 ㇄ 一 一 𠃍 一 乚,true(a10~e10)
1859,翅,chì,一 丨 ㇇ ㇏ 𠃌 丶 ㇀ 𠃌 丶 ㇀,false(a11~e10)
1860,辱,rǔ,一 丿 一 一 𠄌 丿 ㇏ 一 亅 丶,true(a10~e10)
1861,唇,chún,一 丿 一 一 𠄌 丿 ㇏ 丨 𠃍 一,true(a10~e10)
1862,夏,xià,一 丿 丨 𠃍 一 一 一 丿 ㇇ ㇏,false(a11~e10)
1863,砸,zá,一 丿 丨 𠃍 一 一 丨 𠃌 丨 ㇄,true(a10~e10)
1864,砰,pēng,一 丿 丨 𠃍 一 一 丶 丿 一 丨,true(a10~e10)
1865,砾,lì,一 丿 丨 𠃍 一 丿 ㇄ 亅 丿 丶,true(a10~e10)
1866,础,chǔ,一 丿 丨 𠃍 一 ㇄ 丨 丨 ㇄ 丨,true(a10~e10)
1867,破,pò,一 丿 丨 𠃍 一 乛 丿 丨 ㇇ ㇏,false(a12~e10)
1868,原,yuán,一 丿 丿 丨 𠃍 一 一 亅 丿 丶,true(a10~e10)
1869,套,tào,一 丿 ㇏ 一 丨 一 一 一 𠃋 丶,true(a10~e10)
1870,逐,zhú,一 丿 ㇁ 丿 丿 丿 丶 丶 ㇋ ㇏,true(a10~e10)
1871,烈,liè,一 丿 ㇇ 丶 丨 亅 ㇀ 丶 丶 丶,false(a11~e10)
1872,殊,shū,一 丿 ㇇ 丶 丿 一 一 丨 丿 ㇏,false(a11~e10)
1873,殉,xùn,一 丿 ㇇ 丶 丿 𠃌 丨 𠃍 一 一,false(a11~e10)
1874,顾,gù,一 丿 𠃌 𠄌 一 丿 丨 𠃍 丿 丶,true(a10~e10)
1875,轿,jiào,一 𠃋 丨 ㇀ 丿 一 丿 ㇏ 丿 丨,true(a10~e10)
1876,较,jiào,一 𠃋 丨 ㇀ 丶 一 丿 丶 丿 ㇏,true(a10~e10)
1877,顿,dùn,一 ㇄ 丨 𠄌 一 丿 丨 𠃍 丿 丶,true(a10~e10)
1878,毙,bì,一 𠄌 丿 乚 一 丿 ㇇ 丶 丿 乚,false(a11~e10)
1879,致,zhì,一 𠃋 丶 一 丨 ㇀ 丿 一 丿 ㇏,true(a10~e10)
1880,柴,chái,丨 一 丨 ㇀ 丿 乚 一 丨 丿 ㇏,true(a10~e10)
1881,桌,zhuō,丨 一 丨 𠃍 一 一 一 丨 丿 ㇏,true(a10~e10)
1882,虑,lǜ,丨 一 ㇇|乛 丿 一 乚 ㇀ ㇃ 丶 丶,false(a12~e10)
1883,监,jiān、jiàn,丨 丨 丿 一 丶 丨 𠃍 丨 丨 一,true(a10~e10)
1884,紧,jǐn,丨 丨 ㇇ ㇏ 𠃋 𠃋 丶 亅 丿 丶,false(a11~e10)
1885,党,dǎng,丨 丶 丿 ㇀ 乛 丨 𠃍 一 丿 乚,false(a11~e10)
1886,逞,chěng,丨 𠃍 一 一 一 丨 一 丶 ㇋ ㇏,true(a10~e10)
1887,晒,shài,丨 𠃍 一 一 一 丨 𠃍 丿 ㇄ 一,true(a10~e10)
1888,眠,mián,丨 𠃍 一 一 一 𠃍 一 𠄌 一 ㇂|㇃,false(a11~e10)
1889,晓,xiǎo,丨 𠃍 一 一 一 ㇂ 丿 一 丿 乚,false(a11~e10)
1890,哮,xiào,丨 𠃍 一 一 丨 一 丿 ㇇ 亅 一,false(a11~e10)
1891,唠,lào、láo,丨 𠃍 一 一 丨 丨 ㇀ 乛 𠃌 丿,false(a11~e10)
1892,鸭,yā,丨 𠃍 一 一 丨 丿 𠃌 丶 ㇉ 一,true(a10~e10)
1893,晃,huǎng、huàng,丨 𠃍 一 一 丨 丶 丿 一 丿 乚,true(a10~e10)
1894,哺,bǔ,丨 𠃍 一 一 丨 𠃌 一 一 丨 丶,true(a10~e10)
1895,晌,shǎng,丨 𠃍 一 一 丿 丨 𠃌 丨 𠃍 一,true(a10~e10)
1896,剔,tī,丨 𠃍 一 一 丿 𠃌 丿 丿 丨 亅,true(a10~e10)
1897,晕,yūn、yùn,丨 𠃍 一 一 ㇀ 乛 一 𠃋 一 丨,false(a11~e10)
1898,蚌,bàng、bèng,丨 𠃍 一 丨 一 丶 一 一 一 丨,true(a10~e10)
1899,畔,pàn,丨 𠃍 一 丨 一 丶 丿 一 一 丨,true(a10~e10)
1900,蚣,gōng、zhōng,丨 𠃍 一 丨 一 丶 丿 ㇏ 𠃋 丶,true(a10~e10)
1901,蚊,wén,丨 𠃍 一 丨 一 丶 丶 一 丿 ㇏,true(a10~e10)
1902,蚪,dǒu,丨 𠃍 一 丨 一 丶 丶 丶 一 丨,true(a10~e10)
1903,蚓,yǐn,丨 𠃍 一 丨 一 丶 𠃍 一 ㇉ 丨,true(a10~e10)
1904,哨,shào,丨 𠃍 一 丨 丶 丿 丨 𠃌 一 一,true(a10~e10)
1905,哩,li、lǐ、lī,丨 𠃍 一 丨 𠃍 一 一 丨 一 一,true(a10~e10)
1906,圃,pǔ,丨 𠃍 一 丨 𠃌 一 一 丨 丶 一,true(a10~e10)
1907,哭,kū,丨 𠃍 一 丨 𠃍 一 一 丿 ㇏ 丶,true(a10~e10)
1908,哦,ò、ó、é,丨 𠃍 一 丿 一 亅 ㇀ ㇂ 丿 丶,false(a11~e10)
1909,恩,ēn,丨 𠃍 一 丿 丶 一 ㇀ ㇃ 丶 丶,false(a11~e10)
1910,鸯,yāng,丨 𠃍 一 丿 ㇏ 丿 𠃌 丶 ㇉ 一,true(a10~e10)
1911,唤,huàn,丨 𠃍 一 丿 ㇇ 丨 𠃍 一 丿 ㇏,false(a11~e10)
1912,唁,yàn,丨 𠃍 一 丶 一 一 一 丨 𠃍 一,true(a10~e10)
1913,哼,hēng,丨 𠃍 一 丶 一 丨 𠃍 一 ㇇ 亅,false(a11~e10)
1914,唧,jī,丨 𠃍 一 𠃍 一 一 𠄌 丶 𠃌 丨,true(a10~e10)
1915,啊,ā、á、ǎ、à、a,丨 𠃍 一 ㇌ 丨 一 丨 𠃍 一 亅,false(a11~e10)
1916,唉,āi、ài,丨 𠃍 一 𠃋 丶 丿 一 一 丿 ㇏,true(a10~e10)
1917,唆,suō,丨 𠃍 一 𠃋 丶 丿 丶 丿 ㇇|乛 ㇏,false(a11~e10)
1918,罢,bà、ba、pí,丨 𠃍 丨 丨 一 一 丨 一 𠃋 丶,true(a10~e10)
1919,峭,qiào,丨 ㇄ 丨 丨 丶 丿 丨 𠃌 一 一,true(a10~e10)
1920,峨,é,丨 ㇄ 丨 丿 一 亅 ㇀ ㇂ 丿 丶,false(a11~e10)
1921,峰,fēng,丨 ㇄ 丨 丿 ㇇ ㇏ 一 一 一 丨,false(a11~e10)
1922,圆,yuán,丨 𠃍 丨 𠃍 一 丨 𠃍 丿 丶 一,true(a10~e10)
1923,峻,jùn,丨 ㇄ 丨 𠃋 丶 丿 丶 丿 ㇇ ㇏,false(a11~e10)
1924,贼,zéi,丨 𠃍 丿 丶 一 一 丿 ㇂ 丿 丶,false(a11~e10)
1925,贿,huì,丨 𠃍 丿 丶 一 丿 丨 𠃌 一 一,true(a10~e10)
1926,赂,lù,丨 𠃍 丿 丶 丿 ㇇ ㇏ 丨 𠃍 一,false(a11~e10)
1927,赃,zāng,丨 𠃍 丿 丶 丶 一 丿 一 丨 一,true(a10~e10)
1928,钱,qián,丿 一 一 一 𠄌 一 一 ㇂ 丿 丶,false(a11~e10)
1929,钳,qián,丿 一 一 一 𠄌 一 丨 丨 一 一,true(a10~e10)
1930,钻,zuān、zuàn,丿 一 一 一 𠄌 丨 一 丨 𠃍 一,true(a10~e10)
1931,钾,jiǎ,丿 一 一 一 𠄌 丨 𠃍 一 一 丨,true(a10~e10)
1932,铁,tiě,丿 一 一 一 𠄌 丿 一 一 丿 ㇏,true(a10~e10)
1933,铃,líng,丿 一 一 一 𠄌 丿 ㇏ 丶 ㇇ 丶,false(a11~e10)
1934,铅,qiān、yán,丿 一 一 一 𠄌 丿 ㇍ 丨 𠃍 一,false(a11~e10)
1935,缺,quē,丿 一 一 丨 ㇄ 丨 𠃍 一 丿 ㇏,true(a10~e10)
1936,氧,yǎng,丿 一 一 ⺄ 丶 丿 一 一 一 丨,true(a10~e10)
1937,氨,ān,丿 一 一 ⺄ 丶 ㇀ 乛 𡿨 丿 一,false(a11~e10)
1938,特,tè,丿 一 丨 ㇀ 一 丨 一 一 亅 丶,true(a10~e10)
1939,牺,xī,丿 一 丨 ㇀ 一 丨 𠃍 丿 ㇄ 一,true(a10~e10)
1940,造,zào,丿 一 丨 一 丨 𠃍 一 丶 ㇋ ㇏,true(a10~e10)
1941,乘,chéng、shèng,丿 一 丨 丨 一 ㇀ 丿 乚 丿 ㇏,true(a10~e10)
1942,敌,dí,丿 一 丨 丨 𠃍 一 丿 一 丿 ㇏,true(a10~e10)
1943,秤,chèng,丿 一 丨 丿 丶 一 丶 丿 一 丨,true(a10~e10)
1944,租,zū,丿 一 丨 丿 丶 丨 𠃍 一 一 一,true(a10~e10)
1945,积,jī,丿 一 丨 丿 丶 丨 𠃍 一 丿 丶,true(a10~e10)
1946,秧,yāng,丿 一 丨 丿 丶 丨 𠃍 一 丿 ㇏,true(a10~e10)
1947,秩,zhì,丿 一 丨 丿 丶 丿 一 一 丿 ㇏,true(a10~e10)
1948,称,chēng、chèn、chèng,丿 一 丨 丿 丶 丿 乛 亅 丿 丶,false(a11~e10)
1949,秘,mì、bì,丿 一 丨 丿 丶 ㇀ ㇃ 丶 丿 丶,false(a11~e10)
1950,透,tòu,丿 一 丨 丿 ㇏ 𠄎 丿 丶 ㇋ ㇏,false(a11~e10)
1951,笔,bǐ,丿 一 丶 丿 一 丶 丿 一 一 乚,true(a10~e10)
1952,笑,xiào,丿 一 丶 丿 一 丶 丿 一 丿 ㇏,true(a10~e10)
1953,笋,sǔn,丿 一 丶 丿 一 丶 𠃍 一 一 丿,true(a10~e10)
1954,债,zhài,丿 丨 一 一 丨 一 丨 𠃍 丿 丶,true(a10~e10)
1955,借,jiè,丿 丨 一 丨 丨 一 丨 𠃍 一 一,true(a10~e10)
1956,值,zhí,丿 丨 一 丨 丨 𠃍 一 一 一 一,true(a10~e10)
1957,倚,yǐ,丿 丨 一 丿 丶 一 丨 𠃍 一 亅,true(a10~e10)
1958,俺,ǎn,丿 丨 一 丿 ㇏ 丨 𠃍 一 一 乚,true(a10~e10)
1959,倾,qīng,丿 丨 一 𠄌 一 丿 丨 𠃍 丿 丶,true(a10~e10)
1960,倒,dǎo、dào,丿 丨 一 𠃋 丶 一 丨 ㇀ 丨 亅,true(a10~e10)
1961,倘,tǎng、cháng,丿 丨 丨 丶 丿 丨 𠃌 丨 𠃍 一,true(a10~e10)
1962,俱,jū、jù,丿 丨 丨 𠃍 一 一 一 一 丿 丶,true(a10~e10)
1963,倡,chàng、chāng,丿 丨 丨 𠃍 一 一 丨 𠃍 一 一,true(a10~e10)
1964,候,hòu,丿 丨 丨 𠃍 一 丿 一 一 丿 ㇏,true(a10~e10)
1965,赁,lìn,丿 丨 丿 一 丨 一 丨 𠃍 丿 丶,true(a10~e10)
1966,俯,fǔ,丿 丨 丶 一 丿 丿 丨 一 亅 丶,true(a10~e10)
1967,倍,bèi,丿 丨 丶 一 丶 丿 一 丨 𠃍 一,true(a10~e10)
1968,倦,juàn,丿 丨 丶 丿 一 一 丿 ㇏ 𠃌 乚,true(a10~e10)
1969,健,jiàn,丿 丨 𠃍 一 一 一 一 丨 ㇋ ㇏,true(a10~e10)
1970,臭,chòu、xiù,丿 丨 𠃍 一 一 一 一 丿 ㇏ 丶,true(a10~e10)
1971,射,shè、yè、yì,丿 丨 𠃌 一 一 一 丿 一 亅 丶,true(a10~e10)
1972,躬,gōng,丿 丨 𠃌 一 一 一 丿 𠃍 一 ㇉,true(a10~e10)
1973,息,xī,丿 丨 𠃍 一 一 一 ㇀ ㇃ 丶 丶,false(a11~e10)
1974,倔,juè、jué,丿 丨 𠃍 一 丿 ㇄ 丨 丨 ㇄ 丨,true(a10~e10)
1975,徒,tú,丿 丿 丨 一 丨 一 丨 一 丿 ㇏,true(a10~e10)
1976,徐,xú,丿 丿 丨 丿 ㇏ 一 一 亅 丿 丶,true(a10~e10)
1977,殷,yīn、yān、yǐn,丿 丿 𠃍 一 一 𠃌 丿 ㇍ ㇇ ㇏,false(a12~e10)
1978,舰,jiàn,丿 丿 𠃌 丶 一 丶 丨 𠃍 丿 乚,true(a10~e10)
1979,舱,cāng,丿 丿 𠃌 丶 一 丶 丿 ㇏ 𠃌 乚,true(a10~e10)
1980,般,bān,丿 丿 𠃌 丶 一 丶 丿 ㇍ ㇇ ㇏,false(a12~e10)
1981,航,háng,丿 丿 𠃌 丶 一 丶 丶 一 丿 ⺄,true(a10~e10)
1982,途,tú,丿 ㇏ 一 一 亅 丿 丶 丶 ㇋ ㇏,true(a10~e10)
1983,拿,ná,丿 ㇏ 一 丨 𠃍 一 丿 一 一 亅,true(a10~e10)
1984,耸,sǒng,丿 丶 丿 ㇏ 一 丨 丨 一 一 一,true(a10~e10)
1985,爹,diē,丿 丶 丿 ㇏ 丿 ㇇ 丶 丿 ㇇ 丶,false(a12~e10)
1986,舀,yǎo,丿 丶 丶 丿 丿 丨 一 𠃍 一 一,true(a10~e10)
1987,爱,ài,丿 丶 丶 丿 ㇀ 乛 一 丿 ㇇ ㇏,false(a12~e10)
1988,豺,chái,丿 丶 丶 丿 ㇁ 丿 丿 一 亅 丿,true(a10~e10)
1989,豹,bào,丿 丶 丶 丿 ㇁ 丿 丿 丿 𠃌 丶,true(a10~e10)
1990,颁,bān,丿 丶 𠃌 丿 一 丿 丨 𠃍 丿 丶,true(a10~e10)
1991,颂,sòng,丿 丶 𠃋 丶 一 丿 丨 𠃍 丿 丶,true(a10~e10)
1992,翁,wēng,丿 ㇏ 𠃋 丶 𠃌 丶 ㇀ 𠃌 丶 ㇀,true(a10~e10)
1993,胰,yí,丿 𠃌 一 一 一 𠃍 一 ㇉ 丿 ㇏,true(a10~e10)
1994,脆,cuì,丿 𠃌 一 一 丿 ㇇ 一 丿 𠃌 乚,false(a11~e10)
1995,脂,zhī,丿 𠃌 一 一 丿 乚 丨 𠃍 一 一,true(a10~e10)
1996,胸,xiōng,丿 𠃌 一 一 丿 𠃌 丿 丶 ㇄ 丨,true(a10~e10)
1997,胳,gē、gé,丿 𠃌 一 一 丿 ㇇ ㇏ 丨 𠃍 一,false(a11~e10)
1998,脏,zāng、zàng,丿 𠃌 一 一 丶 一 丿 一 丨 一,true(a10~e10)
1999,脐,qí,丿 𠃌 一 一 丶 一 丿 ㇏ 丿 丨,true(a10~e10)
2000,胶,jiāo,丿 𠃌 一 一 丶 一 丿 丶 丿 ㇏,true(a10~e10)
2001,脑,nǎo,丿 𠃌 一 一 丶 一 丿 丶 ㇄ 丨,true(a10~e10)
2002,脓,nóng,丿 𠃌 一 一 ㇀ 乛 丿 𠄌 丿 ㇏,false(a11~e10)
2003,逛,guàng,丿 ㇁ 丿 一 一 丨 一 丶 ㇋ ㇏,true(a10~e10)
2004,狸,lí,丿 ㇁ 丿 丨 𠃍 一 一 丨 一 一,true(a10~e10)
2005,狼,láng,丿 ㇁ 丿 丶 𠃍 一 一 𠄌 丿 ㇏,true(a10~e10)
2006,卿,qīng,丿 𠄌 丿 𠃍 一 一 𠄌 丶 𠃌 丨,true(a10~e10)
2007,逢,féng,丿 ㇇ ㇏ 一 一 一 丨 丶 ㇋ ㇏,false(a11~e10)
2008,鸵,tuó,丿 𠃌 丶 ㇉ ㇀ 丶 ㇀ ㇇|乛 丿 乚,false(a11~e10)
2009,留,liú,丿 𠄌 丶 𠃌 丿 丨 𠃍 一 丨 一,true(a10~e10)
2010,鸳,yuān,丿 ㇇ 丶 𠃌 乚 丿 𠃌 丶 ㇉ 一,false(a11~e10)
2011,皱,zhòu,丿 ㇇ 𠃍 一 一 乛 丿 丨 ㇇ ㇏,false(a13~e10)
2012,饿,è,丿 乛 𠄌 丿 一 亅 ㇀ ㇂ 丿 丶,false(a12~e10)
2013,馁,něi,丿 乛 𠄌 丿 丶 丶 丿 𡿨 丿 一,false(a11~e10)
2014,凌,líng,丶 ㇀ 一 丨 一 丿 丶 丿 ㇇ ㇏,false(a11~e10)
2015,凄,qī,丶 ㇀ 一 𠃍 一 一 丨 𡿨 丿 一,true(a10~e10)
2016,恋,liàn,丶 一 丨 丨 丿 丶 ㇀ ㇃ 丶 丶,false(a11~e10)
2017,桨,jiǎng,丶 ㇀ 丨 丿 ㇇ 丶 一 丨 丿 ㇏,false(a11~e10)
2018,浆,jiāng、jiàng,丶 ㇀ 丨 丿 ㇇ 丶 亅 ㇇ 丿 ㇏,false(a12~e10)
2019,衰,shuāi、cuī,丶 一 丨 𠃍 一 一 丿 𠄌 丿 ㇏,true(a10~e10)
2020,衷,zhōng,丶 一 丨 𠃍 一 丨 丿 𠄌 丿 ㇏,true(a10~e10)
2021,高,gāo,丶 一 丨 𠃍 一 丨 𠃌 丨 𠃍 一,true(a10~e10)
2022,郭,guō,丶 一 丨 𠃍 一 ㇇ 亅 ㇀ ㇌ 丨,false(a12~e10)
2023,席,xí,丶 一 丿 一 丨 丨 一 丨 𠃌 丨,true(a10~e10)
2024,准,zhǔn,丶 ㇀ 丿 丨 丶 一 一 一 丨 一,true(a10~e10)
2025,座,zuò,丶 一 丿 丿 丶 丿 丶 一 丨 一,true(a10~e10)
2026,症,zhèng、zhēng,丶 一 丿 丶 ㇀ 一 丨 一 丨 一,true(a10~e10)
2027,病,bìng,丶 一 丿 丶 ㇀ 一 丨 𠃌 丿 丶,true(a10~e10)
2028,疾,jí,丶 一 丿 丶 ㇀ 丿 一 一 丿 ㇏,true(a10~e10)
2029,斋,zhāi,丶 一 丿 ㇏ 一 丿 丨 𠃌 丨 丨,true(a10~e10)
2030,疹,zhěn,丶 一 丿 丶 ㇀ 丿 ㇏ 丿 丿 丿,true(a10~e10)
2031,疼,téng,丶 一 丿 丶 ㇀ 丿 ㇇ ㇏ 丶 丶,false(a11~e10)
2032,疲,pí,丶 一 丿 丶 ㇀ ㇇ 丿 丨 ㇇ ㇏,false(a12~e10)
2033,脊,jǐ,丶 ㇀ 丿 丶 丿 ㇏ 丨 𠃌 一 一,true(a10~e10)
2034,效,xiào,丶 一 丿 丶 丿 丶 丿 一 丿 ㇏,true(a10~e10)
2035,离,lí,丶 一 丿 丶 ㇄ 丨 丨 𠃌 𠃋 丶,true(a10~e10)
2036,紊,wěn,丶 一 丿 ㇏ 𠃋 𠃋 丶 亅 丿 丶,true(a10~e10)
2037,唐,táng,丶 一 丿 𠃍 一 一 丨 丨 𠃍 一,true(a10~e10)
2038,瓷,cí,丶 ㇀ 丿 乛 丿 ㇏ 一 𠄌 ⺄ 丶,false(a11~e10)
2039,资,zī,丶 ㇀ 丿 乛 丿 ㇏ 丨 𠃍 丿 丶,false(a11~e10)
2040,凉,liáng、liàng,丶 ㇀ 丶 一 丨 𠃍 一 亅 丿 丶,true(a10~e10)
2041,站,zhàn,丶 一 丶 丿 ㇀ 丨 一 丨 𠃍 一,true(a10~e10)
2042,剖,pōu,丶 一 丶 丿 一 丨 𠃍 一 丨 亅,true(a10~e10)
2043,竞,jìng,丶 一 丶 丿 一 丨 𠃍 一 丿 乚,true(a10~e10)
2044,部,bù,丶 一 丶 丿 一 丨 𠃍 一 ㇌ 丨,false(a11~e10)
2045,旁,páng、bàng,丶 一 丶 丿 ㇀ 乛 丶 一 𠃌 丿,false(a11~e10)
2046,旅,lǚ,丶 一 𠃌 丿 丿 一 丿 𠄌 丿 ㇏,true(a10~e10)
2047,畜,chù、xù,丶 一 𠃋 𠃋 丶 丨 𠃍 一 丨 一,true(a10~e10)
2048,阅,yuè,丶 丨 𠃌 丶 丿 丨 𠃍 一 丿 乚,true(a10~e10)
2049,羞,xiū,丶 丿 一 一 一 丿 𠃍 丨 一 一,true(a10~e10)
2050,羔,gāo,丶 丿 一 一 丨 一 ㇀ 丶 丶 丶,true(a10~e10)
2051,瓶,píng,丶 丿 一 一 丿 丨 一 𠄌 ⺄ 丶,true(a10~e10)
2052,拳,quán,丶 丿 一 一 丿 ㇏ 丿 一 一 亅,true(a10~e10)
2053,粉,fěn,丶 丿 一 丨 丿 丶 丿 ㇏ 𠃌 丿,true(a10~e10)
2054,料,liào,丶 丿 一 丨 丿 丶 丶 丶 一 丨,true(a10~e10)
2055,益,yì,丶 丿 一 丿 丶 丨 𠃍 丨 丨 一,true(a10~e10)
2056,兼,jiān,丶 丿 一 𠃍 一 一 丨 丨 丿 ㇏,true(a10~e10)
2057,烤,kǎo,㇀ 丿 丿 丶 一 丨 一 丿 一 ㇉,true(a10~e10)
2058,烘,hōng,㇀ 丿 丿 丶 一 丨 丨 一 丿 丶,true(a10~e10)
2059,烦,fán,㇀ 丿 丿 丶 一 丿 丨 𠃍 丿 丶,true(a10~e10)
2060,烧,shāo,㇀ 丿 丿 丶 一 ㇂ 丿 一 丿 乚,false(a11~e10)
2061,烛,zhú,㇀ 丿 丿 丶 丨 𠃍 一 丨 一 丶,true(a10~e10)
2062,烟,yān,㇀ 丿 丿 丶 丨 𠃍 一 丿 丶 一,true(a10~e10)
2063,烙,lào、luò,㇀ 丿 丿 丶 丿 ㇇ ㇏ 丨 𠃍 一,false(a11~e10)
2064,递,dì,丶 丿 𠃍 一 ㇉ 丨 丿 丶 ㇋ ㇏,true(a10~e10)
2065,涛,tāo,丶 丶 ㇀ 一 一 一 丿 一 亅 丶,true(a10~e10)
2066,浙,zhè,丶 丶 ㇀ 一 亅 ㇀ 丿 丿 一 丨,true(a10~e10)
2067,涝,lào,丶 丶 ㇀ 一 丨 丨 ㇀ 乛 𠃌 丿,false(a11~e10)
2068,浦,pǔ,丶 丶 ㇀ 一 丨 𠃌 一 一 丨 丶,true(a10~e10)
2069,酒,jiǔ,丶 丶 ㇀ 一 丨 𠃍 丿 ㇄ 一 一,true(a10~e10)
2070,涉,shè,丶 丶 ㇀ 丨 一 丨 一 丨 丿 丿,true(a10~e10)
2071,消,xiāo,丶 丶 ㇀ 丨 丶 丿 丨 𠃌 一 一,true(a10~e10)
2072,涡,wō、guō,丶 丶 ㇀ 丨 𠃍 一 丨 𠃌 丿 丶,true(a10~e10)
2073,浩,hào,丶 丶 ㇀ 丿 一 丨 一 丨 𠃍 一,true(a10~e10)
2074,海,hǎi,丶 丶 ㇀ 丿 一 ㇄ 𠃌 丶 一 丶,true(a10~e10)
2075,涂,tú,丶 丶 ㇀ 丿 ㇏ 一 一 亅 丿 丶,true(a10~e10)
2076,浴,yù,丶 丶 ㇀ 丿 丶 丿 ㇏ 丨 𠃍 一,true(a10~e10)
2077,浮,fú,丶 丶 ㇀ 丿 丶 丶 丿 ㇇ 亅 一,false(a11~e10)
2078,涣,huàn,丶 丶 ㇀ 丿 ㇇ 丨 𠃍 一 丿 ㇏,false(a11~e10)
2079,涤,dí,丶 丶 ㇀ 丿 ㇇ ㇏ 一 亅 丿 丶,false(a11~e10)
2080,流,liú,丶 丶 ㇀ 丶 一 𠃋 丶 丿 丨 乚,true(a10~e10)
2081,润,rùn,丶 丶 ㇀ 丶 丨 𠃌 一 一 丨 一,true(a10~e10)
2082,涧,jiàn,丶 丶 ㇀ 丶 丨 𠃌 丨 𠃍 一 一,true(a10~e10)
2083,涕,tì,丶 丶 ㇀ 丶 丿 𠃍 一 ㇉ 丨 丿,true(a10~e10)
2084,浪,làng,丶 丶 ㇀ 丶 𠃍 一 一 𠄌 丿 ㇏,true(a10~e10)
2085,浸,jìn,丶 丶 ㇀ 𠃍 一 一 ㇀ 乛 ㇇ ㇏,false(a12~e10)
2086,涨,zhǎng、zhàng,丶 丶 ㇀ 𠃍 一 ㇉ 丿 一 𠄌 ㇏,true(a10~e10)
2087,烫,tàng,丶 丶 ㇀ 𠄎 丿 丿 ㇀ 丿 丿 ㇏,false(a11~e10)
2088,涩,sè,丶 丶 ㇀ 𠃌 丿 ㇀ 丨 一 丨 一,true(a10~e10)
2089,涌,yǒng、chōng,丶 丶 ㇀ ㇇ 丶 丨 𠃌 一 一 丨,false(a11~e10)
2090,悖,bèi,㇀ 丶 丨 一 丨 ㇀ 乛 ㇇ 亅 一,false(a12~e10)
2091,悟,wù,㇀ 丶 丨 一 丨 𠃍 一 丨 𠃍 一,true(a10~e10)
2092,悄,qiāo、qiǎo,㇀ 丶 丨 丨 丶 丿 丨 𠃌 一 一,true(a10~e10)
2093,悍,hàn,㇀ 丶 丨 丨 𠃍 一 一 一 一 丨,true(a10~e10)
2094,悔,huǐ,㇀ 丶 丨 丿 一 ㇄ 𠃌 丶 一 丶,true(a10~e10)
2095,悯,mǐn,㇀ 丶 丨 丶 丨 𠃌 丶 一 丿 丶,true(a10~e10)
2096,悦,yuè,㇀ 丶 丨 丶 丿 丨 𠃍 一 丿 乚,true(a10~e10)
2097,害,hài,丶 ㇀ 乛 一 一 一 丨 丨 𠃍 一,false(a11~e10)
2098,宽,kuān,丶 ㇀ 乛 一 丨 丨 丨 𠃍 丿 乚,false(a11~e10)
2099,家,jiā、jia、jie,丶 ㇀ 乛 一 丿 ㇁ 丿 丿 丿 ㇏,false(a11~e10)
2100,宵,xiāo,丶 ㇀ 乛 丨 丶 丿 丨 𠃌 一 一,false(a11~e10)
2101,宴,yàn,丶 ㇀ 乛 丨 𠃍 一 一 𡿨 丿 一,false(a11~e10)
2102,宾,bīn,丶 ㇀ 乛 丿 丨 一 丨 一 丿 丶,false(a11~e10)
2103,窍,qiào,丶 ㇀ 乛 丿 丶 一 丨 ㇀ 一 ㇉,false(a11~e10)
2104,窄,zhǎi,丶 ㇀ 乛 丿 丶 丿 一 丨 一 一,false(a11~e10)
2105,容,róng,丶 ㇀ 乛 丿 丶 丿 ㇏ 丨 𠃍 一,false(a11~e10)
2106,宰,zǎi,丶 ㇀ 乛 丶 一 丶 丿 一 一 丨,false(a11~e10)
2107,案,àn,丶 ㇀ 乛 𡿨 丿 一 一 丨 丿 ㇏,false(a11~e10)
2108,请,qǐng,丶 ㇊ 一 一 丨 一 丨 𠃌 一 一,true(a10~e10)
2109,朗,lǎng,丶 𠃍 一 一 𠄌 丶 丿 𠃌 一 一,true(a10~e10)
2110,诸,zhū,丶 ㇊ 一 丨 一 丿 丨 𠃍 一 一,true(a10~e10)
2111,诺,nuò,丶 ㇊ 一 丨 丨 一 丿 丨 𠃍 一,true(a10~e10)
2112,读,dú、dòu,丶 ㇊ 一 丨 乛 丶 丶 一 丿 丶,false(a11~e10)
2113,扇,shàn、shān,丶 𠃍 一 丿 𠃌 丶 ㇀ 𠃌 丶 ㇀,true(a10~e10)
2114,诽,fěi,丶 ㇊ 丨 一 一 一 丨 一 一 一,true(a10~e10)
2115,袜,wà,丶 ㇇ 丨 丿 丶 一 一 丨 丿 ㇏,false(a11~e10)
2116,袖,xiù,丶 ㇇ 丨 丿 丶 丨 𠃍 一 丨 一,false(a11~e10)
2117,袍,páo,丶 ㇇ 丨 丿 丶 丿 𠃌 𠃍 一 乚,false(a11~e10)
2118,被,bèi、pī,丶 ㇇ 丨 丿 丶 乛 丿 丨 ㇇ ㇏,false(a13~e10)
2119,祥,xiáng,丶 ㇇ 丨 丶 丶 丿 一 一 一 丨,false(a11~e10)
2120,课,kè,丶 ㇊ 丨 𠃍 一 一 一 丨 丿 ㇏,true(a10~e10)
2121,冥,míng,㇀ 乛 丨 𠃍 一 一 丶 一 丿 丶,false(a11~e10)
2122,谁,shéi、shuí,丶 ㇊ 丿 丨 丶 一 一 一 丨 一,true(a10~e10)
2123,调,tiáo、diào、zhōu,丶 ㇊ 丿 𠃌 一 丨 一 丨 𠃍 一,true(a10~e10)
2124,冤,yuān,㇀ 乛 丿 ㇇ 丨 𠃍 一 丿 乚 丶,false(a12~e10)
2125,谅,liàng,丶 ㇊ 丶 一 丨 𠃍 一 亅 丿 丶,true(a10~e10)
2126,谆,zhūn,丶 ㇊ 丶 一 丨 𠃍 一 ㇇ 亅 一,false(a11~e10)
2127,谈,tán,丶 ㇊ ㇀ 丿 丿 丶 ㇀ 丿 丿 ㇏,true(a10~e10)
2128,谊,yì,丶 ㇊ 丶 ㇀ 乛 丨 𠃍 一 一 一,false(a11~e10)
2129,剥,bō、bāo,𠃍 一 一 亅 丶 ㇀ 丿 丶 丨 亅,true(a10~e10)
2130,恳,kěn,𠃍 一 一 𠄌 丿 ㇏ ㇀ ㇃ 丶 丶,false(a11~e10)
2131,展,zhǎn,𠃍 一 丿 一 丨 丨 一 𠄌 丿 ㇏,true(a10~e10)
2132,剧,jù,𠃍 一 丿 一 丨 丨 𠃍 一 丨 亅,true(a10~e10)
2133,屑,xiè,𠃍 一 丿 丨 丶 丿 丨 𠃌 一 一,true(a10~e10)
2134,弱,ruò,𠃍 一 ㇉ 丶 ㇀ 𠃍 一 ㇉ 丶 ㇀,true(a10~e10)
2135,陵,líng,㇌ 丨 一 丨 一 丿 丶 丿 ㇇ ㇏,false(a12~e10)
2136,祟,suì,㇄ 丨 丨 ㇄ 丨 一 一 亅 丿 丶,true(a10~e10)
2137,陶,táo,㇌ 丨 丿 𠃌 丿 一 一 丨 ㇄ 丨,false(a11~e10)
2138,陷,xiàn,㇌ 丨 丿 ㇇ 丿 丨 一 𠃍 一 一,false(a12~e10)
2139,陪,péi,㇌ 丨 丶 一 丶 丿 一 丨 𠃍 一,false(a11~e10)
2140,娱,yú,𡿨 丿 一 丨 𠃍 一 一 一 丿 ㇏,true(a10~e10)
2141,娟,juān,𡿨 丿 一 丨 𠃍 一 丨 𠃌 一 一,true(a10~e10)
2142,恕,shù,𡿨 丿 一 丨 𠃍 一 ㇀ ㇃ 丶 丶,false(a11~e10)
2143,娥,é,𡿨 丿 一 丿 一 亅 ㇀ ㇂ 丿 丶,false(a11~e10)
2144,娘,niáng,𡿨 丿 一 丶 𠃍 一 一 𠄌 丿 ㇏,true(a10~e10)
2145,通,tōng、tòng,㇇ 丶 丨 𠃌 一 一 丨 丶 ㇋ ㇏,false(a11~e10)
2146,能,néng、nài,𠃋 丶 丨 𠃌 一 一 丿 乚 丿 乚,true(a10~e10)
2147,难,nán、nàn、nuó,㇇ 丶 丿 丨 丶 一 一 一 丨 一,false(a11~e10)
2148,预,yù,㇇ 丶 乛 亅 一 丿 丨 𠃍 丿 丶,false(a12~e10)
2149,桑,sāng,㇇ 丶 ㇇ 丶 ㇇ 丶 一 丨 丿 ㇏,false(a13~e10)
2150,绢,juàn,𠃋 𠃋 ㇀ 丨 𠃍 一 丨 𠃌 一 一,true(a10~e10)
2151,绣,xiù,𠃋 𠃋 ㇀ 丿 一 丨 丿 ㇏ 𠄎 丿,false(a11~e10)
2152,验,yàn,𠃍 ㇉ ㇀ 丿 ㇏ 一 丶 丶 丿 一,true(a10~e10)
2153,继,jì,𠃋 𠃋 ㇀ 丶 丿 一 丨 丿 丶 ㇄,true(a10~e10)
2154,骏,jùn,𠃍 ㇉ ㇀ 𠃋 丶 丿 丶 丿 ㇇ ㇏,false(a11~e10)
2155,球,qiú,一 一 丨 ㇀ 一 亅 丶 ㇀ 丿 ㇏ 丶,true(a11~e11)
2156,琐,suǒ,一 一 丨 ㇀ 丨 丶 丿 丨 𠃍 丿 丶,true(a11~e11)
2157,理,lǐ,一 一 丨 ㇀ 丨 𠃍 一 一 丨 一 一,true(a11~e11)
2158,琉,liú,一 一 丨 ㇀ 丶 一 𠃋 丶 丿 丨 乚,true(a11~e11)
2159,琅,láng,一 一 丨 ㇀ 丶 𠃍 一 一 𠄌 丿 ㇏,true(a11~e11)
2160,捧,pěng,一 亅 ㇀ 一 一 一 丿 ㇏ 一 一 丨,true(a11~e11)
2161,堵,dǔ,一 丨 ㇀ 一 丨 一 丿 丨 𠃍 一 一,true(a11~e11)
2162,措,cuò,一 亅 ㇀ 一 丨 丨 一 丨 𠃍 一 一,true(a11~e11)
2163,描,miáo,一 亅 ㇀ 一 丨 丨 丨 𠃍 一 丨 一,true(a11~e11)
2164,域,yù,一 丨 ㇀ 一 丨 𠃍 一 ㇀ ㇂ 丿 丶,false(a12~e11)
2165,捺,nà,一 亅 ㇀ 一 丿 ㇏ 一 一 亅 丿 丶,true(a11~e11)
2166,掩,yǎn,一 亅 ㇀ 一 丿 ㇏ 丨 𠃍 一 一 乚,true(a11~e11)
2167,捷,jié,一 亅 ㇀ 一 𠃍 一 一 丨 一 丿 ㇏,true(a11~e11)
2168,排,pái、pǎi,一 亅 ㇀ 丨 一 一 一 丨 一 一 一,true(a11~e11)
2169,焉,yān,一 丨 一 丨 一 一 ㇉ ㇀ 丶 丶 丶,true(a11~e11)
2170,掉,diào,一 亅 ㇀ 丨 一 丨 𠃍 一 一 一 丨,true(a11~e11)
2171,捶,chuí,一 亅 ㇀ 丿 一 丨 一 丨 丨 一 一,true(a11~e11)
2172,赦,shè,一 丨 一 丿 亅 丿 丶 丿 一 丿 ㇏,true(a11~e11)
2173,堆,duī,一 丨 ㇀ 丿 丨 丶 一 一 一 丨 一,true(a11~e11)
2174,推,tuī,一 亅 ㇀ 丿 丨 丶 一 一 一 丨 一,true(a11~e11)
2175,埠,bù,一 丨 ㇀ 丿 丨 𠃍 一 𠃍 一 一 丨,true(a11~e11)
2176,掀,xiān,一 亅 ㇀ 丿 丿 一 丨 丿 乛 丿 ㇏,false(a12~e11)
2177,授,shòu,一 亅 ㇀ 丿 丶 丶 丿 ㇀ 乛 ㇇ ㇏,false(a13~e11)
2178,捻,niǎn、niē,一 亅 ㇀ 丿 ㇏ 丶 ㇇ ㇀ ㇃ 丶 丶,false(a13~e11)
2179,教,jiào、jiāo,一 丨 一 丿 ㇇ 亅 ㇀ 丿 一 丿 ㇏,false(a12~e11)
2180,掏,tāo,一 亅 ㇀ 丿 𠃌 丿 一 一 丨 ㇄ 丨,true(a11~e11)
2181,掐,qiā,一 亅 ㇀ 丿 ㇇ 丿 丨 一 𠃍 一 一,false(a12~e11)
2182,掠,lüè,一 亅 ㇀ 丶 一 丨 𠃍 一 亅 丿 丶,true(a11~e11)
2183,掂,diān,一 亅 ㇀ 丶 一 丿 丨 一 丨 𠃍 一,true(a11~e11)
2184,培,péi,一 丨 ㇀ 丶 一 丶 丿 一 丨 𠃍 一,true(a11~e11)
2185,接,jiē,一 亅 ㇀ 丶 一 丶 丿 一 𡿨 丿 一,true(a11~e11)
2186,掷,zhì,一 亅 ㇀ 丶 丿 一 一 丿 丶 ㇌ 丨,false(a12~e11)
2187,控,kòng,一 亅 ㇀ 丶 ㇀ 乛 丿 丶 一 丨 一,false(a12~e11)
2188,探,tàn,一 亅 ㇀ ㇀ 乛 丿 丶 一 丨 丿 ㇏,false(a12~e11)
2189,据,jù、jū,一 亅 ㇀ 𠃍 一 丿 一 丨 丨 𠃍 一,true(a11~e11)
2190,掘,jué,一 亅 ㇀ 𠃍 一 丿 ㇄ 丨 丨 ㇄ 丨,true(a11~e11)
2191,掺,chān、xiān、càn、shǎn,一 亅 ㇀ 𠃋 丶 一 丿 ㇏ 丿 丿 丿,true(a11~e11)
2192,职,zhí,一 丨 丨 一 一 ㇀ 丨 𠃍 一 丿 丶,true(a11~e11)
2193,基,jī,一 丨 丨 一 一 一 丿 ㇏ 一 丨 一,true(a11~e11)
2194,聆,líng,一 丨 丨 一 一 ㇀ 丿 ㇏ 丶 ㇇ 丶,false(a12~e11)
2195,勘,kān,一 丨 丨 一 一 一 丿 丶 ㇄ 𠃌 丿,true(a11~e11)
2196,聊,liáo,一 丨 丨 一 一 ㇀ 丿 𠄌 丿 𠃌 丨,true(a11~e11)
2197,娶,qǔ,一 丨 丨 一 一 ㇀ ㇇ ㇏ 𡿨 丿 一,false(a12~e11)
2198,著,zhù、zhuó、zhe,一 丨 丨 一 丨 一 丿 丨 𠃍 一 一,true(a11~e11)
2199,菱,líng,一 丨 丨 一 丨 一 丿 丶 丿 ㇇ ㇏,false(a12~e11)
2200,勒,lè、lēi,一 丨 丨 一 丨 𠃍 一 一 丨 𠃌 丿,true(a11~e11)
2201,黄,huáng,一 丨 丨 一 丨 𠃍 一 丨 一 丿 丶,true(a11~e11)
2202,菲,fēi、fěi,一 丨 丨 丨 一 一 一 丨 一 一 一,true(a11~e11)
2203,萌,méng,一 丨 丨 丨 𠃍 一 一 丿 𠃌 一 一,true(a11~e11)
2204,萝,luó,一 丨 丨 丨 𠃍 丨 丨 一 丿 ㇇ 丶,false(a12~e11)
2205,菌,jūn、jùn,一 丨 丨 丨 𠃍 丿 一 丨 丿 丶 一,true(a11~e11)
2206,萎,wěi,一 丨 丨 丿 一 丨 丿 ㇏ 𡿨 丿 一,true(a11~e11)
2207,菜,cài,一 丨 丨 丿 丶 丶 丿 一 丨 丿 ㇏,true(a11~e11)
2208,萄,táo,一 丨 丨 丿 𠃌 丿 一 一 丨 ㇄ 丨,true(a11~e11)
2209,菊,jú,一 丨 丨 丿 𠃌 丶 丿 一 丨 丿 丶,true(a11~e11)
2210,菩,pú,一 丨 丨 丶 一 丶 丿 一 丨 𠃍 一,true(a11~e11)
2211,萍,píng,一 丨 丨 丶 丶 ㇀ 一 丶 丿 一 丨,true(a11~e11)
2212,菠,bō,一 丨 丨 丶 丶 ㇀ 乛 丿 丨 ㇇|乛 ㇏,false(a13~e11)
2213,萤,yíng,一 丨 丨 ㇀ 乛 丨 𠃍 一 丨 一 丶,false(a12~e11)
2214,营,yíng,一 丨 丨 ㇀ 乛 丨 𠃍 一 丨 𠃍 一,false(a12~e11)
2215,乾,qián、gān,一 丨 丨 𠃍 一 一 一 丨 丿 一 ⺄,true(a11~e11)
2216,萧,xiāo,一 丨 丨 𠃍 一 一 丨 丿 丨 丿 丶,true(a11~e11)
2217,萨,sà,一 丨 丨 ㇌ 丨 丶 一 丶 丿 一 丿,false(a12~e11)
2218,菇,gū,一 丨 丨 𡿨 丿 一 一 丨 丨 𠃍 一,true(a11~e11)
2219,械,xiè,一 丨 丿 丶 一 一 丿 丨 ㇂ 丿 丶,false(a12~e11)
2220,彬,bīn,一 丨 丿 丶 一 丨 丿 丶 丿 丿 丿,true(a11~e11)
2221,梦,mèng,一 丨 丿 丶 一 丨 丿 ㇏ 丿 ㇇|乛 丶,false(a12~e11)
2222,婪,lán,一 丨 丿 丶 一 丨 丿 ㇏ 𡿨 丿 一,true(a11~e11)
2223,梗,gěng,一 丨 丿 丶 一 丨 𠃍 一 一 丿 ㇏,true(a11~e11)
2224,梧,wú,一 丨 丿 丶 一 丨 𠃍 一 丨 𠃍 一,true(a11~e11)
2225,梢,shāo、sào,一 丨 丿 丶 丨 丶 丿 丨 𠃌 一 一,true(a11~e11)
2226,梅,méi,一 丨 丿 丶 丿 一 ㇄ 𠃌 丶 一 丶,true(a11~e11)
2227,检,jiǎn,一 丨 丿 丶 丿 ㇏ 一 丶 丶 丿 一,true(a11~e11)
2228,梳,shū,一 丨 丿 丶 丶 一 𠃋 丶 丿 丨 乚,true(a11~e11)
2229,梯,tī,一 丨 丿 丶 丶 丿 𠃍 一 ㇉ 丨 丿,true(a11~e11)
2230,桶,tǒng,一 丨 丿 丶 ㇇ 丶 丨 𠃌 一 一 丨,false(a12~e11)
2231,梭,suō,一 丨 丿 丶 𠃋 丶 丿 丶 丿 ㇇|乛 ㇏,false(a12~e11)
2232,救,jiù,一 亅 丶 ㇀ 丿 丶 丶 丿 一 丿 ㇏,true(a11~e11)
2233,曹,cáo,一 丨 𠃍 一 丨 丨 一 丨 𠃍 一 一,true(a11~e11)
2234,副,fù、pì,一 丨 𠃍 一 丨 𠃍 一 丨 一 丨 亅,true(a11~e11)
2235,票,piào、piāo,一 丨 𠃍 丨 丨 一 一 一 亅 丿 丶,true(a11~e11)
2236,酝,yùn,一 丨 𠃍 丿 ㇄ 一 一 一 一 𠃋 丶,true(a11~e11)
2237,酗,xù,一 丨 𠃍 丿 ㇄ 一 一 丿 丶 ㇄ 丨,true(a11~e11)
2238,厢,xiāng,一 丿 一 丨 丿 丶 丨 𠃍 一 一 一,true(a11~e11)
2239,戚,qī,一 丿 丨 一 一 亅 丿 丶 ㇂ 丿 丶,false(a12~e11)
2240,硅,guī,一 丿 丨 𠃍 一 一 丨 一 一 丨 一,true(a11~e11)
2241,硕,shuò、shí,一 丿 丨 𠃍 一 一 丿 丨 𠃍 丿 丶,true(a11~e11)
2242,奢,shē,一 丿 ㇏ 一 丨 一 丿 丨 𠃍 一 一,true(a11~e11)
2243,盔,kuī,一 丿 ㇀ 丿 丿 ㇏ 丨 𠃍 丨 丨 一,true(a11~e11)
2244,爽,shuǎng,一 丿 丶 丿 丶 丿 丶 丿 丶 丿 ㇏,true(a11~e11)
2245,聋,lóng,一 丿 乚 丿 丶 一 丨 丨 一 一 一,true(a11~e11)
2246,袭,xí,一 丿 乚 丿 丶 丶 一 丿 𠄌 丿 ㇏,true(a11~e11)
2247,盛,shèng、chéng,一 丿 𠃌 ㇂ 丿 丶 丨 𠃍 丨 丨 一,false(a12~e11)
2248,匾,biǎn,一 丶 𠃍 一 丿 丨 𠃌 一 丨 丨 ㇄,true(a11~e11)
2249,雪,xuě,一 ㇀ 乛 丨 丶 丶 丶 丶 𠃍 一 一,false(a12~e11)
2250,辅,fǔ,一 𠃋 丨 ㇀ 一 丨 𠃌 一 一 丨 丶,true(a11~e11)
2251,辆,liàng,一 𠃋 丨 ㇀ 一 丨 𠃌 丿 丶 丿 丶,true(a11~e11)
2252,颅,lú,丨 一 𠃍 一 丿 一 丿 丨 𠃍 丿 丶,true(a11~e11)
2253,虚,xū,丨 一 乛 丿 一 乚 丨 丨 丶 丿 一,false(a12~e11)
2254,彪,biāo,丨 一 乛 丿 一 乚 丿 ⺄ 丿 丿 丿,false(a12~e11)
2255,雀,què、qiāo、qiǎo,丨 丿 丶 丿 丨 丶 一 一 一 丨 一,true(a11~e11)
2256,堂,táng,丨 丶 丿 ㇀ 乛 丨 𠃍 一 一 丨 一,false(a12~e11)
2257,常,cháng,丨 丶 丿 ㇀ 乛 丨 𠃍 一 丨 𠃌 丨,false(a12~e11)
2258,眶,kuàng,丨 𠃍 一 一 一 一 一 一 丨 一 ㇄,true(a11~e11)
2259,匙,chí、shi,丨 𠃍 一 一 一 丨 一 丿 ㇏ 丿 乚,true(a11~e11)
2260,晨,chén,丨 𠃍 一 一 一 丿 一 一 𠄌 丿 ㇏,true(a11~e11)
2261,睁,zhēng,丨 𠃍 一 一 一 丿 ㇇|乛 𠃍 一 一 亅,false(a12~e11)
2262,眯,mī、mí,丨 𠃍 一 一 一 丶 丿 一 丨 丿 ㇏,true(a11~e11)
2263,眼,yǎn,丨 𠃍 一 一 一 𠃍 一 一 𠄌 丿 ㇏,true(a11~e11)
2264,悬,xuán,丨 𠃍 一 一 一 𠃋 丶 ㇀ ㇃ 丶 丶,false(a12~e11)
2265,野,yě,丨 𠃍 一 一 丨 一 ㇀ ㇇ 丶 乛 亅,false(a13~e11)
2266,啪,pā,丨 𠃍 一 一 亅 ㇀ 丿 丨 𠃍 一 一,true(a11~e11)
2267,啦,lā、la,丨 𠃍 一 一 亅 ㇀ 丶 一 丶 丿 一,true(a11~e11)
2268,曼,màn,丨 𠃍 一 一 丨 𠃍 丨 丨 一 ㇇ ㇏,false(a12~e11)
2269,晦,huì,丨 𠃍 一 一 丿 一 ㇄ 𠃌 丶 一 丶,true(a11~e11)
2270,晚,wǎn,丨 𠃍 一 一 丿 ㇇ 丨 𠃍 一 丿 乚,false(a12~e11)
2271,啄,zhuó,丨 𠃍 一 一 丿 ㇁ 丿 丿 丶 丿 ㇏,true(a11~e11)
2272,啡,fēi,丨 𠃍 一 丨 一 一 一 丨 一 一 一,true(a11~e11)
2273,距,jù,丨 𠃍 一 丨 一 丨 ㇀ 一 𠃍 一 ㇄,true(a11~e11)
2274,趾,zhǐ,丨 𠃍 一 丨 一 丨 ㇀ 丨 一 丨 一,true(a11~e11)
2275,啃,kěn,丨 𠃍 一 丨 一 丨 一 丨 𠃌 一 一,true(a11~e11)
2276,跃,yuè,丨 𠃍 一 丨 一 丨 ㇀ 丿 一 丿 ㇏,true(a11~e11)
2277,略,lüè,丨 𠃍 一 丨 一 丿 ㇇ ㇏ 丨 𠃍 一,false(a12~e11)
2278,蚯,qiū,丨 𠃍 一 丨 一 丶 丿 丨 一 丨 一,true(a11~e11)
2279,蛀,zhù,丨 𠃍 一 丨 一 丶 丶 一 一 丨 一,true(a11~e11)
2280,蛇,shé、yí,丨 𠃍 一 丨 一 丶 丶 ㇀ 乛 丿 乚,false(a12~e11)
2281,唬,hǔ、xià,丨 𠃍 一 丨 一 乛 丿 一 乚 丿 ⺄,false(a12~e11)
2282,累,léi、lěi、lèi,丨 𠃍 一 丨 一 𠃋 𠃋 丶 亅 丿 丶,true(a11~e11)
2283,鄂,è,丨 𠃍 一 丨 𠃍 一 一 一 ㇉ ㇌ 丨,false(a12~e11)
2284,唱,chàng,丨 𠃍 一 丨 𠃍 一 一 丨 𠃍 一 一,true(a11~e11)
2285,患,huàn,丨 𠃍 一 丨 𠃍 一 丨 ㇀ ㇃ 丶 丶,false(a12~e11)
2286,啰,luō、luó、luo,丨 𠃍 一 丨 𠃍 丨 丨 一 丿 ㇇ 丶,false(a12~e11)
2287,唾,tuò,丨 𠃍 一 丿 一 丨 一 丨 丨 一 一,true(a11~e11)
2288,唯,wéi,丨 𠃍 一 丿 丨 丶 一 一 一 丨 一,true(a11~e11)
2289,啤,pí,丨 𠃍 一 丿 丨 𠃍 一 一 丿 一 丨,true(a11~e11)
2290,啥,shá,丨 𠃍 一 丿 ㇏ 一 一 丨 丨 𠃍 一,true(a11~e11)
2291,啸,xiào,丨 𠃍 一 𠃍 一 一 丨 丿 丨 丿 丶,true(a11~e11)
2292,崖,yá,丨 ㇄ 丨 一 丿 一 丨 一 一 丨 一,true(a11~e11)
2293,崎,qí,丨 ㇄ 丨 一 丿 丶 一 丨 𠃍 一 亅,true(a11~e11)
2294,崭,zhǎn、chán,丨 ㇄ 丨 一 𠃋 丨 ㇀ 丿 丿 一 丨,true(a11~e11)
2295,逻,luó,丨 𠃍 丨 丨 一 丿 ㇇ 丶 丶 ㇋ ㇏,false(a12~e11)
2296,崔,cuī,丨 ㇄ 丨 丿 丨 丶 一 一 一 丨 一,true(a11~e11)
2297,帷,wéi,丨 𠃌 丨 丿 丨 丶 一 一 一 丨 一,true(a11~e11)
2298,崩,bēng,丨 ㇄ 丨 丿 𠃌 一 一 丿 𠃌 一 一,true(a11~e11)
2299,崇,chóng,丨 ㇄ 丨 丶 ㇀ 乛 一 一 亅 丿 丶,false(a12~e11)
2300,崛,jué,丨 ㇄ 丨 𠃍 一 丿 ㇄ 丨 丨 ㇄ 丨,true(a11~e11)
2301,婴,yīng,丨 𠃍 丿 丶 丨 𠃍 丿 丶 𡿨 丿 一,true(a11~e11)
2302,圈,quān、juàn、juān,丨 𠃍 丶 丿 一 一 丿 ㇏ 𠃌 乚 一,true(a11~e11)
2303,铐,kào,丿 一 一 一 𠄌 一 丨 一 丿 一 ㇉,true(a11~e11)
2304,铛,dāng、chēng,丿 一 一 一 𠄌 丨 丶 丿 𠃍 一 一,true(a11~e11)
2305,铝,lǚ,丿 一 一 一 𠄌 丨 𠃍 一 丨 𠃍 一,true(a11~e11)
2306,铜,tóng,丿 一 一 一 𠄌 丨 𠃌 一 丨 𠃍 一,true(a11~e11)
2307,铭,míng,丿 一 一 一 𠄌 丿 ㇇ 丶 丨 𠃍 一,false(a12~e11)
2308,铲,chǎn,丿 一 一 一 𠄌 丶 一 丶 丿 一 丿,true(a11~e11)
2309,银,yín,丿 一 一 一 𠄌 𠃍 一 一 𠄌 丿 ㇏,true(a11~e11)
2310,矫,jiǎo、jiáo,丿 一 一 丿 丶 丿 一 丿 ㇏ 丿 丨,true(a11~e11)
2311,甜,tián,丿 一 丨 丨 𠃍 一 一 丨 丨 一 一,true(a11~e11)
2312,秸,jiē,丿 一 丨 丿 丶 一 丨 一 丨 𠃍 一,true(a11~e11)
2313,梨,lí,丿 一 丨 丿 丶 丨 亅 一 丨 丿 ㇏,true(a11~e11)
2314,犁,lí,丿 一 丨 丿 丶 丨 亅 丿 一 一 丨,true(a11~e11)
2315,秽,huì,丿 一 丨 丿 丶 丨 ㇄ 丨 丿 ㇇|乛 丶,false(a12~e11)
2316,移,yí,丿 一 丨 丿 丶 丿 ㇇ 丶 丿 ㇇ 丶,false(a13~e11)
2317,笨,bèn,丿 一 丶 丿 一 丶 一 丨 丿 ㇏ 一,true(a11~e11)
2318,笼,lóng、lǒng,丿 一 丶 丿 一 丶 一 丿 乚 丿 丶,true(a11~e11)
2319,笛,dí,丿 一 丶 丿 一 丶 丨 𠃍 一 丨 一,true(a11~e11)
2320,笙,shēng,丿 一 丶 丿 一 丶 丿 一 一 丨 一,true(a11~e11)
2321,符,fú,丿 一 丶 丿 一 丶 丿 丨 一 亅 丶,true(a11~e11)
2322,第,dì,丿 一 丶 丿 一 丶 𠃍 一 ㇉ 丨 丿,true(a11~e11)
2323,敏,mǐn,丿 一 ㇄ 𠃌 丶 一 丶 丿 一 丿 ㇏,true(a11~e11)
2324,做,zuò,丿 丨 一 丨 丨 𠃍 一 丿 一 丿 ㇏,true(a11~e11)
2325,袋,dài,丿 丨 一 ㇂ 丶 丶 一 丿 𠄌 丿 ㇏,false(a12~e11)
2326,悠,yōu,丿 丨 丨 丿 一 丿 ㇏ ㇀ ㇃ 丶 丶,false(a12~e11)
2327,偿,cháng,丿 丨 丨 丶 丿 ㇀ 乛 一 一 𠃋 丶,false(a12~e11)
2328,偶,ǒu,丿 丨 丨 𠃍 一 一 丨 𠃌 丨 ㇀ 丶,true(a11~e11)
2329,偎,wēi,丿 丨 丨 𠃍 一 丨 一 一 𠄌 丿 ㇏,true(a11~e11)
2330,偷,tōu,丿 丨 丿 ㇏ 一 丨 𠃌 一 一 丨 亅,true(a11~e11)
2331,您,nín,丿 丨 丿 ㇇|乛 亅 丿 丶 ㇀ ㇃ 丶 丶,false(a13~e11)
2332,售,shòu,丿 丨 丶 一 一 一 丨 一 丨 𠃍 一,true(a11~e11)
2333,停,tíng,丿 丨 丶 一 丨 𠃍 一 ㇀ 乛 一 亅,false(a12~e11)
2334,偏,piān,丿 丨 丶 𠃍 一 丿 丨 𠃌 一 丨 丨,true(a11~e11)
2335,躯,qū,丿 丨 𠃌 一 一 一 丿 一 丿 丶 ㇄,true(a11~e11)
2336,兜,dōu,丿 丨 𠃍 一 一 丿 𠄌 𠃍 一 丿 乚,true(a11~e11)
2337,假,jiǎ、jià,丿 丨 𠃍 一 丨 一 一 𠃍 一 ㇇ ㇏,false(a12~e11)
2338,衅,xìn,丿 丨 𠃍 丨 丨 ㇀ 丶 丿 一 一 丨,true(a11~e11)
2339,徘,pái,丿 丿 丨 丨 一 一 一 丨 一 一 一,true(a11~e11)
2340,徙,xǐ,丿 丿 丨 丨 一 丨 一 丨 一 丿 ㇏,true(a11~e11)
2341,得,dé、děi、de,丿 丿 丨 丨 𠃍 一 一 一 一 亅 丶,true(a11~e11)
2342,衔,xián,丿 丿 丨 丿 一 一 一 𠄌 一 一 亅,true(a11~e11)
2343,盘,pán,丿 丿 𠃌 丶 一 丶 丨 𠃍 丨 丨 一,true(a11~e11)
2344,舶,bó,丿 丿 𠃌 丶 一 丶 丿 丨 𠃍 一 一,true(a11~e11)
2345,船,chuán,丿 丿 𠃌 丶 一 丶 丿 ㇍ 丨 𠃍 一,false(a12~e11)
2346,舵,duò,丿 丿 𠃌 丶 一 丶 丶 ㇀ 乛 丿 乚,false(a12~e11)
2347,斜,xié,丿 丶 一 一 亅 丿 丶 丶 丶 一 丨,true(a11~e11)
2348,盒,hé,丿 ㇏ 一 丨 𠃍 一 丨 𠃍 丨 丨 一,true(a11~e11)
2349,鸽,gē,丿 丶 一 丨 𠃍 一 丿 𠃌 丶 ㇉ 一,true(a11~e11)
2350,敛,liǎn,丿 丶 一 丶 丶 丿 ㇀ 丿 一 丿 ㇏,true(a11~e11)
2351,悉,xī,丿 丶 丿 一 丨 丿 ㇏ ㇀ ㇃ 丶 丶,false(a12~e11)
2352,欲,yù,丿 丶 丿 丶 丨 𠃍 一 丿 乛 丿 ㇏,false(a12~e11)
2353,彩,cǎi,丿 丶 丶 丿 一 丨 丿 丶 丿 丿 丿,true(a11~e11)
2354,领,lǐng,丿 丶 丶 ㇇|乛 丶 一 丿 丨 𠃍 丿 丶,false(a12~e11)
2355,脚,jiǎo,丿 𠃌 一 一 一 丨 一 𠃋 丶 𠃌 丨,true(a11~e11)
2356,脖,bó,丿 𠃌 一 一 一 丨 ㇀ 乛 ㇇ 亅 一,false(a13~e11)
2357,脯,fǔ、pú,丿 𠃌 一 一 一 丨 𠃌 一 一 丨 丶,true(a11~e11)
2358,豚,tún,丿 𠃌 一 一 一 丿 ㇁ 丿 丿 丿 ㇏,true(a11~e11)
2359,脸,liǎn,丿 𠃌 一 一 丿 ㇏ 一 丶 丶 丿 一,true(a11~e11)
2360,脱,tuō,丿 𠃌 一 一 丶 丿 丨 𠃍 一 丿 乚,true(a11~e11)
2361,象,xiàng,丿 ㇇|乛 丨 𠃍 一 丿 ㇁ 丿 丿 丿 ㇏,false(a12~e11)
2362,够,gòu,丿 𠃌 丨 𠃍 一 丿 ㇇ 丶 丿 ㇇ 丶,false(a13~e11)
2363,逸,yì,丿 ㇇ 丨 𠃍 一 丿 乚 丶 丶 ㇋ ㇏,false(a12~e11)
2364,猜,cāi,丿 ㇁ 丿 一 一 丨 一 丨 𠃌 一 一,true(a11~e11)
2365,猪,zhū,丿 ㇁ 丿 一 丨 一 丿 丨 𠃍 一 一,true(a11~e11)
2366,猎,liè,丿 ㇁ 丿 一 丨 丨 一 丨 𠃍 一 一,true(a11~e11)
2367,猫,māo、máo,丿 ㇁ 丿 一 丨 丨 丨 𠃍 一 丨 一,true(a11~e11)
2368,凰,huáng,丿 ⺄ 丿 丨 𠃍 一 一 一 一 丨 一,true(a11~e11)
2369,猖,chāng,丿 ㇁ 丿 丨 𠃍 一 一 丨 𠃍 一 一,true(a11~e11)
2370,猛,měng,丿 ㇁ 丿 ㇇ 亅 一 丨 𠃍 丨 丨 一,false(a12~e11)
2371,祭,jì、zhài,丿 ㇇ 丶 丶 ㇇ ㇏ 一 一 亅 丿 丶,false(a13~e11)
2372,馅,xiàn,丿 乛 𠄌 丿 ㇇ 丿 丨 一 𠃍 一 一,false(a13~e11)
2373,馆,guǎn,丿 乛 𠄌 丶 ㇀ 乛 丨 𠃍 一 𠃍 一,false(a13~e11)
2374,凑,còu,丶 ㇀ 一 一 一 丿 ㇏ 一 一 丿 丶,true(a11~e11)
2375,减,jiǎn,丶 ㇀ 一 丿 一 丨 𠃍 一 ㇂ 丿 丶,false(a12~e11)
2376,毫,háo,丶 一 丨 𠃍 一 ㇀ 乛 丿 一 一 乚,false(a12~e11)
2377,烹,pēng,丶 一 丨 𠃍 一 ㇇ 亅 ㇀ 丶 丶 丶,false(a12~e11)
2378,庶,shù,丶 一 丿 一 丨 丨 一 ㇀ 丶 丶 丶,true(a11~e11)
2379,麻,má,丶 一 丿 一 丨 丿 丶 一 丨 丿 ㇏,true(a11~e11)
2380,庵,ān,丶 一 丿 一 丿 ㇏ 丨 𠃍 一 一 乚,true(a11~e11)
2381,痊,quán,丶 一 丿 丶 ㇀ 丿 ㇏ 一 一 丨 一,true(a11~e11)
2382,痒,yǎng,丶 一 丿 丶 ㇀ 丶 丿 一 一 一 丨,true(a11~e11)
2383,痕,hén,丶 一 丿 丶 ㇀ 𠃍 一 一 𠄌 丿 ㇏,true(a11~e11)
2384,廊,láng,丶 一 丿 丶 𠃍 一 一 𠄌 丶 ㇌ 丨,false(a12~e11)
2385,康,kāng,丶 一 丿 𠃍 一 一 亅 丶 ㇀ 丿 ㇏,true(a11~e11)
2386,庸,yōng,丶 一 丿 𠃍 一 一 丨 𠃌 一 一 丨,true(a11~e11)
2387,鹿,lù,丶 一 丿 𠃍 丨 丨 一 一 𠄌 丿 乚,true(a11~e11)
2388,盗,dào,丶 ㇀ 丿 ㇇|乛 丿 ㇏ 丨 𠃍 丨 丨 一,(a12~e11)
2389,章,zhāng,丶 一 丶 丿 一 丨 𠃍 一 一 一 丨,true(a11~e11)
2390,竟,jìng,丶 一 丶 丿 一 丨 𠃍 一 一 丿 乚,true(a11~e11)
2391,商,shāng,丶 一 丶 丿 丨 𠃌 丿 丶 丨 𠃍 一,true(a11~e11)
2392,族,zú,丶 一 𠃌 丿 丿 一 丿 一 一 丿 ㇏,true(a11~e11)
2393,旋,xuán、xuàn,丶 一 𠃌 丿 丿 一 乛 丨 一 丿 ㇏,false(a12~e11)
2394,望,wàng,丶 一 𠄌 丿 𠃌 一 一 一 一 丨 一,true(a11~e11)
2395,率,lǜ、shuài,丶 一 𠃋 𠃋 丶 丶 ㇀ 丿 丶 一 丨,true(a11~e11)
2396,阎,yán,丶 丨 𠃌 丿 ㇇ 丿 丨 一 𠃍 一 一,false(a12~e11)
2397,阐,chǎn,丶 丨 𠃌 丶 丿 丨 𠃍 一 一 一 丨,true(a11~e11)
2398,着,zhuó、zháo、zhāo、zhe,丶 丿 一 一 一 丿 丨 𠃍 一 一 一,true(a11~e11)
2399,羚,líng,丶 丿 一 一 一 丿 丿 ㇏ 丶 ㇇ 丶,false(a12~e11)
2400,盖,gài、gě、hé,丶 丿 一 一 丨 一 丨 𠃍 丨 丨 一,true(a11~e11)
2401,眷,juàn,丶 丿 一 一 丿 ㇏ 丨 𠃍 一 一 一,true(a11~e11)
2402,粘,nián、zhān,丶 丿 一 丨 丿 丶 丨 一 丨 𠃍 一,true(a11~e11)
2403,粗,cū,丶 丿 一 丨 丿 丶 丨 𠃍 一 一 一,true(a11~e11)
2404,粒,lì,丶 丿 一 丨 丿 丶 丶 一 丶 丿 一,true(a11~e11)
2405,断,duàn,丶 丿 一 丨 丿 丶 ㇄ 丿 丿 一 丨,true(a11~e11)
2406,剪,jiǎn,丶 丿 一 丨 𠃌 一 一 丨 亅 𠃌 丿,true(a11~e11)
2407,兽,shòu,丶 丿 丨 𠃍 一 丨 一 一 丨 𠃍 一,true(a11~e11)
2408,焊,hàn,㇀ 丿 丿 丶 丨 𠃍 一 一 一 一 丨,true(a11~e11)
2409,焕,huàn,㇀ 丿 丿 丶 丿 ㇇ 丨 𠃍 一 丿 ㇏,false(a12~e11)
2410,清,qīng,丶 丶 ㇀ 一 一 丨 一 丨 𠃌 一 一,true(a11~e11)
2411,添,tiān,丶 丶 ㇀ 一 一 丿 ㇏ 亅 ㇀ 丶 丶,true(a11~e11)
2412,鸿,hóng,丶 丶 ㇀ 一 丨 ㇀ 丿 𠃌 丶 ㇉ 一,true(a11~e11)
2413,淋,lín、lìn,丶 丶 ㇀ 一 丨 丿 丶 一 丨 丿 ㇏,true(a11~e11)
2414,涯,yá,丶 丶 ㇀ 一 丿 一 丨 一 一 丨 一,true(a11~e11)
2415,淹,yān,丶 丶 ㇀ 一 丿 ㇏ 丨 𠃍 一 一 乚,true(a11~e11)
2416,渠,qú、jù,丶 丶 ㇀ 一 𠃍 一 ㇄ 一 丨 丿 ㇏,true(a11~e11)
2417,渐,jiàn、jiān,丶 丶 ㇀ 一 𠃋 丨 ㇀ 丿 丿 一 丨,true(a11~e11)
2418,淑,shū,丶 丶 ㇀ 丨 一 一 亅 丿 丶 ㇇ ㇏,false(a12~e11)
2419,淌,tǎng、chǎng,丶 丶 ㇀ 丨 丶 丿 丨 𠃌 丨 𠃍 一,true(a11~e11)
2420,混,hùn、hún,丶 丶 ㇀ 丨 𠃍 一 一 一 𠄌 丿 乚,true(a11~e11)
2421,淮,huái,丶 丶 ㇀ 丿 丨 丶 一 一 一 丨 一,true(a11~e11)
2422,淆,xiáo,丶 丶 ㇀ 丿 丶 一 丿 丨 𠃌 一 一,true(a11~e11)
2423,渊,yuān,丶 丶 ㇀ 丿 丶 丿 一 丨 丿 丶 丨,true(a11~e11)
2424,淫,yín,丶 丶 ㇀ 丿 丶 丶 丿 丿 一 丨 一,true(a11~e11)
2425,渔,yú,丶 丶 ㇀ 丿 ㇇ 丨 𠃍 一 丨 一 一,false(a12~e11)
2426,淘,táo,丶 丶 ㇀ 丿 𠃌 丿 一 一 丨 ㇄ 丨,true(a11~e11)
2427,淳,chún、zhūn,丶 丶 ㇀ 丶 一 丨 𠃍 一 ㇇ 亅 一,false(a12~e11)
2428,液,yè,丶 丶 ㇀ 丶 一 丿 丨 丿 ㇇ 丶 ㇏,false(a12~e11)
2429,淤,yū,丶 丶 ㇀ 丶 一 𠃌 丿 丿 ㇏ 丶 丶,true(a11~e11)
2430,淡,dàn,丶 丶 ㇀ ㇀ 丿 丿 丶 ㇀ 丿 丿 ㇏,true(a11~e11)
2431,淀,diàn,丶 丶 ㇀ 丶 ㇀ 乛 一 丨 一 丿 ㇏,false(a12~e11)
2432,深,shēn,丶 丶 ㇀ ㇀ 乛 丿 丶 一 丨 丿 ㇏,false(a12~e11)
2433,涮,shuàn,丶 丶 ㇀ 𠃍 一 丿 丨 𠃌 丨 丨 亅,true(a11~e11)
2434,涵,hán,丶 丶 ㇀ ㇇ 亅 丶 ㇀ 丿 丶 ㇄ 丨,false(a12~e11)
2435,婆,pó,丶 丶 ㇀ 乛 丿 丨 ㇇|乛 ㇏ 𡿨 丿 一,false(a13~e11)
2436,梁,liáng,丶 丶 ㇀ 𠃌 丿 ㇀ 丶 一 丨 丿 ㇏,true(a11~e11)
2437,渗,shèn,丶 丶 ㇀ 𠃋 丶 一 丿 ㇏ 丿 丿 丿,true(a11~e11)
2438,情,qíng,㇀ 丶 丨 一 一 丨 一 丨 𠃌 一 一,true(a11~e11)
2439,惜,xī,㇀ 丶 丨 一 丨 丨 一 丨 𠃍 一 一,true(a11~e11)
2440,惭,cán,㇀ 丶 丨 一 𠃋 丨 ㇀ 丿 丿 一 丨,true(a11~e11)
2441,悼,dào,㇀ 丶 丨 丨 一 丨 𠃍 一 一 一 丨,true(a11~e11)
2442,惧,jù,㇀ 丶 丨 丨 𠃍 一 一 一 一 丿 丶,true(a11~e11)
2443,惕,tì,㇀ 丶 丨 丨 𠃍 一 一 丿 𠃌 丿 丿,true(a11~e11)
2444,惟,wéi,㇀ 丶 丨 丿 丨 丶 一 一 一 丨 一,true(a11~e11)
2445,惊,jīng,㇀ 丶 丨 丶 一 丨 𠃍 一 亅 丿 丶,true(a11~e11)
2446,惦,diàn,㇀ 丶 丨 丶 一 丿 丨 一 丨 𠃍 一,true(a11~e11)
2447,悴,cuì,㇀ 丶 丨 丶 一 丿 丶 丿 丶 一 丨,true(a11~e11)
2448,惋,wǎn,㇀ 丶 丨 丶 ㇀ 乛 丿 ㇇|乛 丶 𠃌 乚,false(a13~e11)
2449,惨,cǎn,㇀ 丶 丨 𠃋 丶 一 丿 ㇏ 丿 丿 丿,true(a11~e11)
2450,惯,guàn,㇀ 丶 丨 ㇄ 𠃍 丨 一 丨 𠃍 丿 丶,true(a11~e11)
2451,寇,kòu,丶 ㇀ 乛 一 一 丿 乚 丨 一 ㇇|乛 丶,false(a13~e11)
2452,寅,yín,丶 ㇀ 乛 一 丨 𠃍 一 丨 一 丿 丶,false(a12~e11)
2453,寄,jì,丶 ㇀ 乛 一 丿 丶 一 丨 𠃍 一 亅,false(a12~e11)
2454,寂,jì,丶 ㇀ 乛 丨 一 一 亅 丿 丶 ㇇ ㇏,false(a13~e11)
2455,宿,sù、xiǔ、xiù,丶 ㇀ 乛 丿 丨 一 丿 丨 𠃍 一 一,false(a12~e11)
2456,窒,zhì,丶 ㇀ 乛 丿 丶 一 𠃋 丶 一 丨 一,false(a12~e11)
2457,窑,yáo,丶 ㇀ 乛 丿 丶 丿 一 一 丨 ㇄ 丨,false(a12~e11)
2458,密,mì,丶 ㇀ 乛 ㇀ ㇃ 丶 丿 丶 丨 ㇄ 丨,false(a13~e11)
2459,谋,móu,丶 ㇊ 一 丨 丨 一 一 一 丨 丿 ㇏,true(a11~e11)
2460,谍,dié,丶 ㇊ 一 丨 丨 一 ㇄ 一 丨 丿 ㇏,true(a11~e11)
2461,谎,huǎng,丶 ㇊ 一 丨 丨 丶 一 ㇄ 丿 丨 乚,true(a11~e11)
2462,谐,xié,丶 ㇊ 一 𠄌 丿 乚 丿 丨 𠃍 一 一,true(a11~e11)
2463,袱,fú,丶 ㇇ 丨 丿 丶 丿 丨 一 丿 ㇏ 丶,false(a12~e11)
2464,祷,dǎo,丶 ㇇ 丨 丶 一 一 一 丿 一 亅 丶,false(a12~e11)
2465,祸,huò,丶 ㇇ 丨 丶 丨 𠃍 一 丨 𠃌 丿 丶,false(a12~e11)
2466,谓,wèi,丶 ㇊ 丨 𠃍 一 丨 一 丨 𠃌 一 一,true(a11~e11)
2467,谚,yàn,丶 ㇊ 丶 一 丶 丿 一 丿 丿 丿 丿,true(a11~e11)
2468,谜,mí,丶 ㇊ 丶 丿 一 丨 丿 丶 丶 ㇋ ㇏,true(a11~e11)
2469,逮,dǎi、dài,𠃍 一 一 亅 丶 ㇀ 丿 丶 丶 ㇋ ㇏,true(a11~e11)
2470,敢,gǎn,㇇ 一 丨 丨 一 一 ㇀ 丿 一 丿 ㇏,false(a12~e11)
2471,尉,wèi、yù,𠃍 一 丿 一 一 亅 丿 丶 一 亅 丶,true(a11~e11)
2472,屠,tú,𠃍 一 丿 一 丨 一 丿 丨 𠃍 一 一,true(a11~e11)
2473,弹,tán、dàn,𠃍 一 ㇉ 丶 丿 丨 𠃍 一 一 一 丨,true(a11~e11)
2474,隋,suí、duò,㇌ 丨 一 丿 一 丨 一 丨 𠃌 一 一,false(a12~e11)
2475,堕,duò、huī,㇌ 丨 一 丿 丨 𠃌 一 一 一 丨 一,false(a12~e11)
2476,随,suí,㇌ 丨 一 丿 丨 𠃌 一 一 丶 ㇋ ㇏,false(a12~e11)
2477,蛋,dàn,乛 丨 一 丿 ㇏ 丨 𠃍 一 丨 一 丶,false(a12~e11)
2478,隅,yú,㇌ 丨 丨 𠃍 一 一 丨 𠃌 丨 ㇀ 丶,false(a12~e11)
2479,隆,lóng,㇌ 丨 丿 ㇇|乛 ㇏ 一 丿 一 一 丨 一,false(a13~e11)
2480,隐,yǐn、yìn,㇌ 丨 丿 ㇇|乛 𠃍 一 一 ㇀ ㇂|㇃ 丶 丶,false(a14~e11)
2481,婚,hūn,𡿨 丿 一 丿 𠄌 一 ㇂ 丨 𠃍 一 一,false(a12~e11)
2482,婶,shěn,𡿨 丿 一 丶 ㇀ 乛 丨 𠃍 一 一 丨,false(a12~e11)
2483,婉,wǎn,𡿨 丿 一 丶 ㇀ 乛 丿 ㇇|乛 丶 𠃌 乚,false(a13~e11)
2484,颇,pō,乛 丿 丨 ㇇ 丶 一 丿 丨 𠃍 丿 丶,false(a13~e11)
2485,颈,jǐng、gěng,㇇ 丶 一 丨 ㇀ 一 丿 丨 𠃍 丿 丶,false(a12~e11)
2486,绩,jì,𠃋 𠃋 ㇀ 一 一 丨 一 丨 𠃍 丿 丶,true(a11~e11)
2487,绪,xù,𠃋 𠃋 ㇀ 一 丨 一 丿 丨 𠃍 一 一,true(a11~e11)
2488,续,xù,𠃋 𠃋 ㇀ 一 丨 乛 丶 丶 一 丿 丶,false(a12~e11)
2489,骑,qí,𠃍 ㇉ ㇀ 一 丿 丶 一 丨 𠃍 一 亅,true(a11~e11)
2490,绰,chuò、chāo,𠃋 𠃋 ㇀ 丨 一 丨 𠃍 一 一 一 丨,true(a11~e11)
2491,绳,shéng,𠃋 𠃋 ㇀ 丨 𠃍 一 丨 𠃍 一 一 乚,true(a11~e11)
2492,维,wéi,𠃋 𠃋 ㇀ 丿 丨 丶 一 一 一 丨 一,true(a11~e11)
2493,绵,mián,𠃋 𠃋 ㇀ 丿 丨 𠃍 一 一 丨 𠃌 丨,true(a11~e11)
2494,绷,bēng、běng、bèng,𠃋 𠃋 ㇀ 丿 𠃌 一 一 丿 𠃌 一 一,true(a11~e11)
2495,绸,chóu,𠃋 𠃋 ㇀ 丿 𠃌 一 丨 一 丨 𠃍 一,true(a11~e11)
2496,综,zèng、zōng,𠃋 𠃋 ㇀ 丶 ㇀ 乛 一 一 亅 丿 丶,false(a12~e11)
2497,绽,zhàn,𠃋 𠃋 ㇀ 丶 ㇀ 乛 一 丨 一 丿 ㇏,false(a12~e11)
2498,绿,lù、lǜ,𠃋 𠃋 ㇀ 𠃍 一 一 亅 丶 ㇀ 丿 ㇏,true(a11~e11)
2499,缀,zhuì,𠃋 𠃋 ㇀ ㇇ 丶 ㇇ 丶 ㇇ 丶 ㇇ ㇏,false(a15~e11)
2500,巢,cháo,𡿨 𡿨 𡿨 丨 𠃍 一 一 一 丨 丿 ㇏,true(a11~e11)
2501,琴,qín,一 一 丨 一 一 一 丨 一 丿 ㇏ 丶 ㇇,false(a13~e12)
2502,琳,lín,一 一 丨 ㇀ 一 丨 丿 丶 一 丨 丿 ㇏,true(a12~e12)
2503,琢,zhuó、zuó,一 一 丨 ㇀ 一 丿 ㇁ 丿 丿 丶 丿 ㇏,true(a12~e12)
2504,琼,qióng,一 一 丨 ㇀ 丶 一 丨 𠃍 一 亅 丿 丶,true(a12~e12)
2505,斑,bān,一 一 丨 ㇀ 丶 一 丿 丶 一 一 丨 一,true(a12~e12)
2506,替,tì,一 一 丿 丶 一 一 丿 ㇏ 丨 𠃍 一 一,true(a12~e12)
2507,揍,zòu,一 亅 ㇀ 一 一 一 丿 ㇏ 一 一 丿 丶,true(a12~e12)
2508,款,kuǎn,一 丨 一 一 一 亅 丿 丶 丿 乛 丿 ㇏,false(a13~e12)
2509,堪,kān,一 丨 ㇀ 一 丨 丨 一 一 一 丿 丶 ㇄,true(a12~e12)
2510,塔,tǎ,一 丨 ㇀ 一 丨 丨 丿 ㇏ 一 丨 𠃍 一,true(a12~e12)
2511,搭,dā,一 亅 ㇀ 一 丨 丨 丿 ㇏ 一 丨 𠃍 一,true(a12~e12)
2512,堰,yàn,一 丨 ㇀ 一 丨 𠃍 一 一 𡿨 丿 一 ㇄,true(a12~e12)
2513,揩,kāi,一 亅 ㇀ 一 𠄌 丿 乚 丿 丨 𠃍 一 一,true(a12~e12)
2514,越,yuè,一 丨 一 丨 一 丿 ㇏ 一 𠄌 ㇂ 丿 丶,false(a13~e12)
2515,趁,chèn,一 丨 一 丨 一 丿 ㇏ 丿 ㇏ 丿 丿 丿,true(a12~e12)
2516,趋,qū、cù,一 丨 一 丨 一 丿 ㇏ 丿 ㇇ 𠃍 一 一,false(a13~e12)
2517,超,chāo,一 丨 一 丨 一 丿 ㇏ 𠃌 丿 丨 𠃍 一,true(a12~e12)
2518,揽,lǎn,一 亅 ㇀ 丨 丨 丿 一 丶 丨 𠃍 丿 乚,true(a12~e12)
2519,堤,dī,一 丨 ㇀ 丨 𠃍 一 一 一 丨 一 丿 ㇏,true(a12~e12)
2520,提,tí、dī、dǐ,一 亅 ㇀ 丨 𠃍 一 一 一 丨 一 丿 ㇏,true(a12~e12)
2521,博,bó,一 丨 一 丨 𠃍 一 一 丨 丶 一 亅 丶,true(a12~e12)
2522,揭,jiē、qì,一 亅 ㇀ 丨 𠃍 一 一 丿 𠃌 丿 丶 ㇄,true(a12~e12)
2523,喜,xǐ,一 丨 一 丨 𠃍 一 丶 丿 一 丨 𠃍 一,true(a12~e12)
2524,彭,péng、bāng,一 丨 一 丨 𠃍 一 丶 丿 ㇀ 丿 丿 丿,true(a12~e12)
2525,揣,chuài、chuǎi、chuāi、tuán、zhuī,一 亅 ㇀ 丨 ㇄ 丨 一 丿 丨 𠃌 丨 丨,true(a12~e12)
2526,插,chā,一 亅 ㇀ 丿 一 丨 丿 丨 一 𠃍 一 一,true(a12~e12)
2527,揪,jiū,一 亅 ㇀ 丿 一 丨 丿 丶 ㇀ 丿 丿 ㇏,true(a12~e12)
2528,搜,sōu,一 亅 ㇀ 丿 丨 一 𠃍 一 一 丨 ㇇ ㇏,false(a13~e12)
2529,煮,zhǔ,一 丨 一 丿 丨 𠃍 一 一 ㇀ 丶 丶 丶,true(a12~e12)
2530,援,yuán,一 亅 ㇀ 丿 丶 丶 丿 一 一 丿 ㇇ ㇏,false(a13~e12)
2531,搀,chān,一 亅 ㇀ 丿 ㇇ 丨 𠃍 一 丿 乚 丶 丶,false(a13~e12)
2532,裁,cái,一 丨 一 丶 一 丿 𠄌 丿 丶 ㇂ 丿 丶,false(a13~e12)
2533,搁,gē、gé,一 亅 ㇀ 丶 丨 𠃌 丿 ㇇ ㇏ 丨 𠃍 一,false(a13~e12)
2534,搓,cuō,一 亅 ㇀ 丶 丿 一 一 一 丿 一 丨 一,true(a12~e12)
2535,搂,lǒu、lōu,一 亅 ㇀ 丶 丿 一 丨 丿 ㇏ 𡿨 丿 一,true(a12~e12)
2536,搅,jiǎo,一 亅 ㇀ 丶 丶 丿 ㇀ 乛 丨 𠃍 丿 乚,false(a13~e12)
2537,壹,yī,一 丨 一 ㇀ 乛 一 丨 𠃍 一 丶 丿 一,false(a13~e12)
2538,握,wò,一 亅 ㇀ 𠃍 一 丿 一 𠃋 丶 一 丨 一,true(a12~e12)
2539,搔,sāo,一 亅 ㇀ ㇇ ㇏ 丶 丨 𠃍 一 丨 一 丶,false(a13~e12)
2540,揉,róu,一 亅 ㇀ ㇇ 丶 乛 亅 丿 一 丨 丿 ㇏,false(a14~e12)
2541,斯,sī,一 丨 丨 一 一 一 丿 丶 丿 丿 一 丨,true(a12~e12)
2542,期,qī、jī,一 丨 丨 一 一 一 丿 丶 丿 𠃌 一 一,true(a12~e12)
2543,欺,qī,一 丨 丨 一 一 一 丿 丶 丿 乛 丿 ㇏,false(a13~e12)
2544,联,lián,一 丨 丨 一 一 ㇀ 丶 丿 一 一 丿 ㇏,true(a12~e12)
2545,葫,hú,一 丨 丨 一 丨 丨 𠃍 一 丿 𠃌 一 一,true(a12~e12)
2546,散,sàn、sǎn,一 丨 丨 一 丨 𠃌 一 一 丿 一 丿 ㇏,true(a12~e12)
2547,惹,rě,一 丨 丨 一 丿 丨 𠃍 一 ㇀ ㇃ 丶 丶,false(a13~e12)
2548,葬,zàng,一 丨 丨 一 丿 ㇇ 丶 丿 乚 一 丿 丨,false(a13~e12)
2549,募,mù,一 丨 丨 丨 𠃍 一 一 一 丿 ㇏ 𠃌 丿,true(a12~e12)
2550,葛,gé、gě,一 丨 丨 丨 𠃍 一 一 丿 𠃌 丿 丶 ㇄,true(a12~e12)
2551,董,dǒng,一 丨 丨 丿 一 丨 𠃍 一 一 丨 一 一,true(a12~e12)
2552,葡,pú,一 丨 丨 丿 𠃌 一 丨 𠃌 一 一 丨 丶,true(a12~e12)
2553,敬,jìng,一 丨 丨 丿 𠃌 丨 𠃍 一 丿 一 丿 ㇏,true(a12~e12)
2554,葱,cōng,一 丨 丨 丿 𠃌 丿 丿 丶 ㇀ ㇃ 丶 丶,false(a13~e12)
2555,蒋,jiǎng,一 丨 丨 丶 ㇀ 丨 丿 ㇇ 丶 一 亅 丶,false(a13~e12)
2556,蒂,dì,一 丨 丨 丶 一 丶 丿 ㇀ 乛 丨 𠃌 丨,false(a13~e12)
2557,落,luò、là、lào,一 丨 丨 丶 丶 ㇀ 丿 ㇇ ㇏ 丨 𠃍 一,false(a13~e12)
2558,韩,hán,一 丨 丨 𠃍 一 一 一 丨 一 一 𠃌 丨,true(a12~e12)
2559,朝,cháo、zhāo,一 丨 丨 𠃍 一 一 一 丨 丿 𠃌 一 一,true(a12~e12)
2560,辜,gū,一 丨 丨 𠃍 一 丶 一 丶 丿 一 一 丨,true(a12~e12)
2561,葵,kuí,一 丨 丨 ㇇ 丶 丿 丿 ㇏ 一 一 丿 丶,false(a13~e12)
2562,棒,bàng,一 丨 丿 丶 一 一 一 丿 ㇏ 一 一 丨,true(a12~e12)
2563,棱,léng、lēng、líng,一 丨 丿 丶 一 丨 一 丿 丶 丿 ㇇ ㇏,false(a13~e12)
2564,棋,qí,一 丨 丿 丶 一 丨 丨 一 一 一 丿 丶,true(a12~e12)
2565,椰,yē,一 丨 丿 丶 一 丨 丨 一 一 ㇀ ㇌ 丨,false(a13~e12)
2566,植,zhí,一 丨 丿 丶 一 丨 丨 𠃍 一 一 一 一,true(a12~e12)
2567,森,sēn,一 丨 丿 ㇏ 一 丨 丿 丶 一 丨 丿 ㇏,true(a12~e12)
2568,焚,fén,一 丨 丿 丶 一 丨 丿 丶 ㇀ 丿 丿 ㇏,true(a12~e12)
2569,椅,yǐ、yī,一 丨 丿 丶 一 丿 丶 一 丨 𠃍 一 亅,true(a12~e12)
2570,椒,jiāo,一 丨 丿 丶 丨 一 一 亅 丿 丶 ㇇ ㇏,false(a13~e12)
2571,棵,kē,一 丨 丿 丶 丨 𠃍 一 一 一 丨 丿 ㇏,true(a12~e12)
2572,棍,gùn、hùn,一 丨 丿 丶 丨 𠃍 一 一 一 𠄌 丿 乚,true(a12~e12)
2573,椎,zhuī、chuí,一 丨 丿 丶 丿 丨 丶 一 一 一 丨 一,true(a12~e12)
2574,棉,mián,一 丨 丿 丶 丿 丨 𠃍 一 一 丨 𠃌 丨,true(a12~e12)
2575,棚,péng,一 丨 丿 丶 丿 𠃌 一 一 丿 𠃌 一 一,true(a12~e12)
2576,棕,zōng,一 丨 丿 丶 丶 ㇀ 乛 一 一 亅 丿 丶,false(a13~e12)
2577,棺,guān,一 丨 丿 丶 丶 ㇀ 乛 丨 𠃍 一 𠃍 一,false(a13~e12)
2578,榔,láng,一 丨 丿 丶 丶 𠃍 一 一 𠄌 丶 ㇌ 丨,false(a13~e12)
2579,椭,tuǒ,一 丨 丿 丶 ㇌ 丨 一 丿 丨 𠃌 一 一,false(a13~e12)
2580,惠,huì,一 丨 𠃍 一 一 丨 一 丶 ㇀ ㇃ 丶 丶,false(a13~e12)
2581,惑,huò,一 丨 𠃍 一 ㇀ ㇂ 丿 丶 ㇀ ㇃ 丶 丶,false(a14~e12)
2582,逼,bī,一 丨 𠃍 一 丨 𠃍 一 丨 一 丶 ㇋ ㇏,true(a12~e12)
2583,粟,sù,一 丨 𠃍 丨 丨 一 丶 丿 一 丨 丿 ㇏,true(a12~e12)
2584,棘,jí,一 丨 𠃌 丨 丿 丶 一 丨 𠃌 丨 丿 ㇏,true(a12~e12)
2585,酣,hān,一 丨 𠃍 丿 ㇄ 一 一 一 丨 丨 一 一,true(a12~e12)
2586,酥,sū,一 丨 𠃍 丿 ㇄ 一 一 丿 一 丨 丿 ㇏,true(a12~e12)
2587,厨,chú,一 丿 一 丨 𠃍 一 丶 丿 ㇀ 一 亅 丶,true(a12~e12)
2588,厦,shà、xià,一 丿 一 丿 丨 𠃍 一 一 一 丿 ㇇ ㇏,false(a13~e12)
2589,硬,yìng,一 丿 丨 𠃍 一 一 丨 𠃍 一 一 丿 ㇏,true(a12~e12)
2590,硝,xiāo,一 丿 丨 𠃍 一 丨 丶 丿 丨 𠃌 一 一,true(a12~e12)
2591,确,què,一 丿 丨 𠃍 一 丿 ㇇ 丿 𠃌 一 一 丨,false(a13~e12)
2592,硫,liú,一 丿 丨 𠃍 一 丶 一 𠃋 丶 丿 丨 乚,true(a12~e12)
2593,雁,yàn,一 丿 丿 丨 丿 丨 丶 一 一 一 丨 一,true(a12~e12)
2594,殖,zhí、shi,一 丿 ㇇ 丶 一 丨 丨 𠃍 一 一 一 一,false(a13~e12)
2595,裂,liè、liě,一 丿 ㇇ 丶 丨 亅 丶 一 丿 𠄌 丿 ㇏,false(a13~e12)
2596,雄,xióng,一 丿 𠃋 丶 丿 丨 丶 一 一 一 丨 一,true(a12~e12)
2597,颊,jiá,一 丶 丿 一 丿 丶 一 丿 丨 𠃍 丿 丶,true(a12~e12)
2598,雳,lì,一 ㇀ 乛 丨 丶 丶 丶 丶 一 丿 𠃌 丿,false(a13~e12)
2599,暂,zàn,一 𠃋 丨 ㇀ 丿 丿 一 丨 丨 𠃍 一 一,true(a12~e12)
2600,雅,yǎ,一 𠃋 亅 丿 丿 丨 丶 一 一 一 丨 一,true(a12~e12)
2601,翘,qiáo、qiào,一 ㇂ 丿 一 丿 乚 𠃌 丶 ㇀ 𠃌 丶 ㇀,false(a13~e12)
2602,辈,bèi,丨 一 一 一 丨 一 一 一 一 𠃋 一 丨,true(a12~e12)
2603,悲,bēi,丨 一 一 一 丨 一 一 一 ㇀ ㇃ 丶 丶,false(a13~e12)
2604,紫,zǐ,丨 一 丨 ㇀ 丿 乚 𠃋 𠃋 丶 亅 丿 丶,true(a12~e12)
2605,凿,záo,丨 丨 丶 丿 一 丶 丿 一 一 丨 ㇄ 丨,true(a12~e12)
2606,辉,huī,丨 丶 丿 一 丿 𠄌 ㇀ 乛 一 𠃋 一 丨,false(a13~e12)
2607,敞,chǎng,丨 丶 丿 丨 𠃌 丨 𠃍 一 丿 一 丿 ㇏,true(a12~e12)
2608,棠,táng,丨 丶 丿 ㇀ 乛 丨 𠃍 一 一 丨 丿 ㇏,false(a13~e12)
2609,赏,shǎng,丨 丶 丿 ㇀ 乛 丨 𠃍 一 丨 𠃍 丿 丶,false(a13~e12)
2610,掌,zhǎng,丨 丶 丿 ㇀ 乛 丨 𠃍 一 丿 一 一 亅,false(a13~e12)
2611,晴,qíng,丨 𠃍 一 一 一 一 丨 一 丨 𠃌 一 一,true(a12~e12)
2612,睐,lài,丨 𠃍 一 一 一 一 丶 丿 一 丨 丿 ㇏,true(a12~e12)
2613,暑,shǔ,丨 𠃍 一 一 一 丨 一 丿 丨 𠃍 一 一,true(a12~e12)
2614,最,zuì,丨 𠃍 一 一 一 丨 丨 一 一 ㇀ ㇇ ㇏,false(a13~e12)
2615,晰,xī,丨 𠃍 一 一 一 丨 丿 丶 丿 丿 一 丨,true(a12~e12)
2616,量,liàng、liáng、liang,丨 𠃍 一 一 一 丨 𠃍 一 一 丨 一 一,true(a12~e12)
2617,鼎,dǐng,丨 𠃍 一 一 一 𠃑 一 丿 丨 一 丨 𠃍,false(a13~e12)
2618,喷,pēn、pèn,丨 𠃍 一 一 丨 一 丨 丨 丨 𠃍 丿 丶,true(a12~e12)
2619,喳,zhā、chā,丨 𠃍 一 一 丨 丿 ㇏ 丨 𠃍 一 一 一,true(a12~e12)
2620,晶,jīng,丨 𠃍 一 一 丨 𠃍 一 一 丨 𠃍 一 一,true(a12~e12)
2621,喇,lǎ,丨 𠃍 一 一 丨 𠃍 一 丨 丿 丶 丨 亅,true(a12~e12)
2622,遇,yù,丨 𠃍 一 一 丨 𠃌 丨 ㇀ 丶 丶 ㇋ ㇏,true(a12~e12)
2623,喊,hǎn,丨 𠃍 一 一 丿 一 丨 𠃍 一 ㇂ 丿 丶,false(a13~e12)
2624,遏,è,丨 𠃍 一 一 丿 𠃌 丿 丶 ㇄ 丶 ㇋ ㇏,true(a12~e12)
2625,晾,liàng,丨 𠃍 一 一 丶 一 丨 𠃍 一 亅 丿 丶,true(a12~e12)
2626,景,jǐng、yǐng,丨 𠃍 一 一 丶 一 丨 𠃍 一 亅 丿 丶,true(a12~e12)
2627,畴,chóu,丨 𠃍 一 丨 一 一 一 一 丿 一 亅 丶,true(a12~e12)
2628,践,jiàn,丨 𠃍 一 丨 一 丨 ㇀ 一 一 ㇂ 丿 丶,false(a13~e12)
2629,跋,bá,丨 𠃍 一 丨 一 丨 ㇀ 一 丿 ㇇ ㇏ 丶,false(a13~e12)
2630,跌,diē,丨 𠃍 一 丨 一 丨 ㇀ 丿 一 一 丿 ㇏,true(a12~e12)
2631,跑,pǎo、páo,丨 𠃍 一 丨 一 丨 ㇀ 丿 𠃌 𠃍 一 乚,true(a12~e12)
2632,跛,bǒ,丨 𠃍 一 丨 一 丨 ㇀ 乛 丿 丨 ㇇ ㇏,false(a14~e12)
2633,遗,yí,丨 𠃍 一 丨 一 丨 𠃍 丿 丶 丶 ㇋ ㇏,true(a12~e12)
2634,蛙,wā,丨 𠃍 一 丨 一 丶 一 丨 一 一 丨 一,true(a12~e12)
2635,蛛,zhū,丨 𠃍 一 丨 一 丶 丿 一 一 丨 丿 ㇏,true(a12~e12)
2636,蜓,tíng,丨 𠃍 一 丨 一 丶 丿 一 丨 一 ㇋ ㇏,true(a12~e12)
2637,蜒,yán,丨 𠃍 一 丨 一 丶 丿 丨 一 ㇄ ㇋ ㇏,true(a12~e12)
2638,蛤,gé、há,丨 𠃍 一 丨 一 丶 丿 ㇏ 一 丨 𠃍 一,true(a12~e12)
2639,喝,hē、hè、yè,丨 𠃍 一 丨 𠃍 一 一 丿 𠃌 丿 丶 ㇄,true(a12~e12)
2640,鹃,juān,丨 𠃍 一 丨 𠃌 一 一 丿 𠃌 丶 ㇉ 一,true(a12~e12)
2641,喂,wèi,丨 𠃍 一 丨 𠃍 一 丨 一 一 𠄌 丿 ㇏,true(a12~e12)
2642,喘,chuǎn,丨 𠃍 一 丨 ㇄ 丨 一 丿 丨 𠃌 丨 丨,true(a12~e12)
2643,喉,hóu,丨 𠃍 一 丿 丨 𠃍 一 丿 一 一 丿 ㇏,true(a12~e12)
2644,喻,yù,丨 𠃍 一 丿 ㇏ 一 丨 𠃌 一 一 丨 亅,true(a12~e12)
2645,啼,tí,丨 𠃍 一 丶 一 丶 丿 ㇀ 乛 丨 𠃌 丨,false(a13~e12)
2646,喧,xuān,丨 𠃍 一 丶 ㇀ 乛 一 丨 𠃍 一 一 一,false(a13~e12)
2647,嵌,qiàn、kàn,丨 ㇄ 丨 一 丨 丨 一 一 丿 乛 丿 ㇏,false(a13~e12)
2648,幅,fú,丨 𠃌 丨 一 丨 𠃍 一 丨 𠃍 一 丨 一,true(a12~e12)
2649,帽,mào,丨 𠃌 丨 丨 𠃍 一 一 丨 𠃍 一 一 一,true(a12~e12)
2650,赋,fù,丨 𠃍 丿 丶 一 一 丨 一 丨 ㇀ ㇂ 丶,false(a13~e12)
2651,赌,dǔ,丨 𠃍 丿 丶 一 丨 一 丿 丨 𠃍 一 一,true(a12~e12)
2652,赎,shú,丨 𠃍 丿 丶 一 丨 乛 丶 丶 一 丿 丶,false(a13~e12)
2653,赐,cì,丨 𠃍 丿 丶 丨 𠃍 一 一 丿 𠃌 丿 丿,true(a12~e12)
2654,赔,péi,丨 𠃍 丿 丶 丶 一 丶 丿 一 丨 𠃍 一,true(a12~e12)
2655,黑,hēi,丨 𠃍 丶 丿 一 丨 一 一 ㇀ 丶 丶 丶,true(a12~e12)
2656,铸,zhù,丿 一 一 一 𠄌 一 一 一 丿 一 亅 丶,true(a12~e12)
2657,铺,pū、pù,丿 一 一 一 𠄌 一 丨 𠃌 一 一 丨 丶,true(a12~e12)
2658,链,liàn,丿 一 一 一 𠄌 一 𠃋 一 丨 丶 ㇋ ㇏,true(a12~e12)
2659,销,xiāo,丿 一 一 一 𠄌 丨 丶 丿 丨 𠃌 一 一,true(a12~e12)
2660,锁,suǒ,丿 一 一 一 𠄌 丨 丶 丿 丨 𠃍 丿 丶,true(a12~e12)
2661,锄,chú,丿 一 一 一 𠄌 丨 𠃍 一 一 ㇀ 𠃌 丿,true(a12~e12)
2662,锅,guō,丿 一 一 一 𠄌 丨 𠃍 一 丨 𠃌 丿 丶,true(a12~e12)
2663,锈,xiù,丿 一 一 一 𠄌 丿 一 丨 丿 ㇏ 𠄎 丿,false(a13~e12)
2664,锋,fēng,丿 一 一 一 𠄌 丿 ㇇ ㇏ 一 一 一 丨,false(a13~e12)
2665,锌,xīn,丿 一 一 一 𠄌 丶 一 丶 丿 一 一 丨,true(a12~e12)
2666,锐,ruì,丿 一 一 一 𠄌 丶 丿 丨 𠃍 一 丿 乚,true(a12~e12)
2667,甥,shēng,丿 一 一 丨 ㇀ 丨 𠃍 一 丨 一 𠃌 丿,true(a12~e12)
2668,掰,bāi,丿 一 一 丿 丿 ㇏ 𠃌 丿 丿 一 一 亅,true(a12~e12)
2669,短,duǎn,丿 一 一 丿 丶 一 丨 𠃍 一 丶 丿 一,true(a12~e12)
2670,智,zhì,丿 一 一 丿 丶 丨 𠃍 一 丨 𠃍 一 一,true(a12~e12)
2671,氮,dàn,丿 一 一 ⺄ ㇀ 丿 丿 丶 ㇀ 丿 丿 丶,true(a12~e12)
2672,毯,tǎn,丿 一 一 乚 ㇀ 丿 丿 丶 ㇀ 丿 丿 丶,true(a12~e12)
2673,氯,lǜ,丿 一 一 ⺄ 𠃍 一 一 亅 丶 ㇀ 丿 丶,true(a12~e12)
2674,鹅,é,丿 一 亅 ㇀ ㇂ 丿 丶 丿 𠃌 丶 ㇉ 一,false(a13~e12)
2675,剩,shèng,丿 一 丨 丨 一 ㇀ 丿 乚 丿 丶 丨 亅,true(a12~e12)
2676,稍,shāo、shào,丿 一 丨 丿 丶 丨 丶 丿 丨 𠃌 一 一,true(a12~e12)
2677,程,chéng,丿 一 丨 丿 丶 丨 𠃍 一 一 一 丨 一,true(a12~e12)
2678,稀,xī,丿 一 丨 丿 丶 丿 丶 一 丿 丨 𠃌 丨,true(a12~e12)
2679,税,shuì,丿 一 丨 丿 丶 丶 丿 丨 𠃍 一 丿 乚,true(a12~e12)
2680,筐,kuāng,丿 一 丶 丿 一 丶 一 一 一 丨 一 ㇄,true(a12~e12)
2681,等,děng,丿 一 丶 丿 一 丶 一 丨 一 一 亅 丶,true(a12~e12)
2682,筑,zhù、zhú,丿 一 丶 丿 一 丶 一 丨 ㇀ 丿 ⺄ 丶,true(a12~e12)
2683,策,cè,丿 一 丶 丿 一 丶 一 丨 𠃌 丨 丿 ㇏,true(a12~e12)
2684,筛,shāi,丿 一 丶 丿 一 丶 丨 丿 一 丨 𠃌 丨,true(a12~e12)
2685,筒,tǒng,丿 一 丶 丿 一 丶 丨 𠃌 一 丨 𠃍 一,true(a12~e12)
2686,筏,fá,丿 一 丶 丿 一 丶 丿 丨 一 ㇂ 丿 丶,false(a13~e12)
2687,答,dá、dā,丿 一 丶 丿 一 丶 丿 ㇏ 一 丨 𠃍 一,true(a12~e12)
2688,筋,jīn,丿 一 丶 丿 一 丶 丿 𠃌 一 一 𠃌 丿,true(a12~e12)
2689,筝,zhēng,丿 一 丶 丿 一 丶 丿 ㇇ 𠃍 一 一 亅,false(a13~e12)
2690,傲,ào,丿 丨 一 一 丨 一 𠃌 丿 丿 一 丿 ㇏,true(a12~e12)
2691,傅,fù,丿 丨 一 丨 𠃍 一 一 丨 丶 一 亅 丶,true(a12~e12)
2692,牌,pái,丿 丨 一 𠃍 丿 丨 𠃍 一 一 丿 一 丨,true(a12~e12)
2693,堡,bǎo、bǔ、pù,丿 丨 丨 𠃍 一 一 丨 丿 ㇏ 一 丨 一,true(a12~e12)
2694,集,jí,丿 丨 丶 一 一 一 丨 一 一 丨 丿 ㇏,true(a12~e12)
2695,焦,jiāo,丿 丨 丶 一 一 一 丨 一 ㇀ 丶 丶 丶,true(a12~e12)
2696,傍,bàng,丿 丨 丶 一 丶 丿 ㇀ 乛 丶 一 𠃌 丿,false(a13~e12)
2697,储,chǔ,丿 丨 丶 ㇊ 一 丨 一 丿 丨 𠃍 一 一,true(a12~e12)
2698,皓,hào,丿 丨 𠃍 一 一 丿 一 丨 一 丨 𠃍 一,true(a12~e12)
2699,皖,wǎn,丿 丨 𠃍 一 一 丶 ㇀ 乛 一 一 丿 乚,false(a13~e12)
2700,粤,yuè,丿 丨 𠃍 丶 丿 一 丨 丿 丶 一 一 ㇉,true(a12~e12)
2701,奥,ào、yù,丿 丨 𠃍 丶 丿 一 丨 丿 丶 一 丿 ㇏,true(a12~e12)
2702,街,jiē,丿 丿 丨 一 丨 一 一 丨 ㇀ 一 一 亅,true(a12~e12)
2703,惩,chéng,丿 丿 丨 一 丨 一 丨 一 ㇀ ㇃ 丶 丶,false(a13~e12)
2704,御,yù,丿 丿 丨 丿 一 一 丨 一 丨 ㇀ 𠃌 丨,true(a12~e12)
2705,循,xún,丿 丿 丨 丿 丿 一 丨 丨 𠃍 一 一 一,true(a12~e12)
2706,艇,tǐng,丿 丿 𠃌 丶 一 丶 丿 一 丨 一 ㇋ ㇏,true(a12~e12)
2707,舒,shū,丿 丶 一 一 丨 丨 𠃍 一 ㇇ 丶 乛 亅,false(a14~e12)
2708,逾,yú,丿 ㇏ 一 丨 𠃌 一 一 丨 亅 丶 ㇋ ㇏,true(a12~e12)
2709,番,fān、pān,丿 丶 丿 一 丨 丿 ㇏ 丨 𠃍 一 丨 一,true(a12~e12)
2710,释,shì,丿 丶 丿 一 丨 丿 丶 ㇇ ㇏ 一 一 丨,false(a13~e12)
2711,禽,qín,丿 ㇏ 丶 一 丿 丶 ㇄ 丨 丨 𠃌 𠃋 丶,true(a12~e12)
2712,腊,là、xī,丿 𠃌 一 一 一 丨 丨 一 丨 𠃍 一 一,true(a12~e12)
2713,脾,pí,丿 𠃌 一 一 丿 丨 𠃍 一 一 丿 一 丨,true(a12~e12)
2714,腋,yè,丿 𠃌 一 一 丶 一 丿 丨 丿 ㇇ 丶 ㇏,false(a13~e12)
2715,腔,qiāng,丿 𠃌 一 一 丶 ㇀ 乛 丿 丶 一 丨 一,false(a13~e12)
2716,腕,wàn,丿 𠃌 一 一 丶 ㇀ 乛 丿 乛 丶 𠃌 乚,false(a14~e12)
2717,鲁,lǔ,丿 ㇇ 丨 𠃍 一 丨 一 一 丨 𠃍 一 一,false(a13~e12)
2718,猩,xīng,丿 ㇁ 丿 丨 𠃍 一 一 丿 一 一 丨 一,true(a12~e12)
2719,猬,wèi,丿 ㇁ 丿 丨 𠃍 一 丨 一 丨 𠃌 一 一,true(a12~e12)
2720,猾,huá,丿 ㇁ 丿 丨 𠃍 𠃍 ㇀ 乛 丨 𠃌 一 一,false(a13~e12)
2721,猴,hóu,丿 ㇁ 丿 丿 丨 𠃍 一 丿 一 一 丿 ㇏,true(a12~e12)
2722,惫,bèi,丿 ㇇ ㇏ 丨 𠃍 一 丨 一 ㇀ ㇃ 丶 丶,false(a14~e12)
2723,然,rán,丿 ㇇ 丶 丶 一 丿 ㇏ 丶 ㇀ 丶 丶 丶,false(a13~e12)
2724,馈,kuì,丿 乛 𠄌 丨 𠃍 一 丨 一 丨 𠃍 丿 丶,false(a13~e12)
2725,馋,chán,丿 乛 𠄌 丿 ㇇|乛 丨 𠃍 一 丿 乚 丶 丶,false(a14~e12)
2726,装,zhuāng,丶 ㇀ 丨 一 丨 一 丶 一 丿 𠄌 丿 ㇏,true(a12~e12)
2727,蛮,mán,丶 一 丨 丨 丿 丶 丨 𠃍 一 丨 一 丶,true(a12~e12)
2728,就,jiù,丶 一 丨 𠃍 一 亅 丿 丶 一 丿 乚 丶,true(a12~e12)
2729,敦,dūn、duì,丶 一 丨 𠃍 一 ㇇ 亅 ㇀ 丿 一 丿 ㇏,false(a13~e12)
2730,斌,bīn,丶 一 丿 丶 一 一 丨 一 丨 ㇀ ㇂ 丶,false(a13~e12)
2731,痘,dòu,丶 一 丿 丶 ㇀ 一 丨 𠃍 一 丶 丿 一,true(a12~e12)
2732,痢,lì,丶 一 丿 丶 ㇀ 丿 一 丨 丿 丶 丨 亅,true(a12~e12)
2733,痪,huàn,丶 一 丿 丶 ㇀ 丿 ㇇ 丨 𠃍 一 丿 ㇏,false(a13~e12)
2734,痛,tòng,丶 一 丿 丶 ㇀ ㇇ 丶 丨 𠃌 一 一 丨,false(a13~e12)
2735,童,tóng,丶 一 丶 丿 一 丨 𠃍 一 一 丨 一 一,true(a12~e12)
2736,竣,jùn,丶 一 丶 丿 ㇀ 𠃋 丶 丿 丶 丿 ㇇ ㇏,false(a13~e12)
2737,阔,kuò,丶 丨 𠃌 丶 丶 ㇀ 丿 一 丨 丨 𠃍 一,true(a12~e12)
2738,善,shàn,丶 丿 一 一 一 丨 丶 丿 一 丨 𠃍 一,true(a12~e12)
2739,翔,xiáng,丶 丿 一 一 一 丿 𠃌 丶 ㇀ 𠃌 丶 ㇀,true(a12~e12)
2740,羡,xiàn,丶 丿 一 一 丨 一 丶 ㇀ 丿 乛 丿 ㇏,false(a13~e12)
2741,普,pǔ,丶 丿 一 丨 丨 丶 丿 一 丨 𠃍 一 一,true(a12~e12)
2742,粪,fèn,丶 丿 一 丨 丿 ㇏ 一 丨 丨 一 丿 丶,true(a12~e12)
2743,尊,zūn,丶 丿 一 丨 𠃍 丿 ㇄ 一 一 一 亅 丶,true(a12~e12)
2744,奠,diàn,丶 丿 一 丨 𠃍 丿 ㇄ 一 一 一 丿 ㇏,true(a12~e12)
2745,道,dào,丶 丿 一 丿 丨 𠃍 一 一 一 丶 ㇋ ㇏,true(a12~e12)
2746,遂,suí、suì,丶 丿 一 丿 ㇁ 丿 丿 丿 丶 丶 ㇋ ㇏,true(a12~e12)
2747,曾,céng、zēng,丶 丿 丨 𠃍 丨 丶 丿 一 丨 𠃍 一 一,true(a12~e12)
2748,焰,yàn,㇀ 丿 丿 丶 丿 ㇇ 丿 丨 一 𠃍 一 一,false(a13~e12)
2749,港,gǎng、jiǎng,丶 丶 ㇀ 一 丨 丨 一 丿 ㇏ 𠃍 一 乚,true(a12~e12)
2750,滞,zhì,丶 丶 ㇀ 一 丨 丨 丨 ㇀ 乛 丨 𠃌 丨,false(a13~e12)
2751,湖,hú,丶 丶 ㇀ 一 丨 丨 𠃍 一 丿 𠃌 一 一,true(a12~e12)
2752,湘,xiāng,丶 丶 ㇀ 一 丨 丿 丶 丨 𠃍 一 一 一,true(a12~e12)
2753,渣,zhā,丶 丶 ㇀ 一 丨 丿 ㇏ 丨 𠃍 一 一 一,true(a12~e12)
2754,渤,bó,丶 丶 ㇀ 一 丨 ㇀ 乛 ㇇ 亅 ㇀ 𠃌 丿,false(a14~e12)
2755,渺,miǎo,丶 丶 ㇀ 丨 𠃍 一 一 一 丨 丿 丶 丿,true(a12~e12)
2756,湿,shī,丶 丶 ㇀ 丨 𠃍 一 一 丨 丨 丶 丿 一,true(a12~e12)
2757,温,wēn,丶 丶 ㇀ 丨 𠃍 一 一 丨 𠃍 丨 丨 一,true(a12~e12)
2758,渴,kě,丶 丶 ㇀ 丨 𠃍 一 一 丿 𠃌 丿 丶 ㇄,true(a12~e12)
2759,溃,kuì、huì,丶 丶 ㇀ 丨 𠃍 一 丨 一 丨 𠃍 丿 丶,true(a12~e12)
2760,溅,jiàn、jiān,丶 丶 ㇀ 丨 𠃍 丿 丶 一 一 ㇂ 丿 丶,false(a13~e12)
2761,滑,huá,丶 丶 ㇀ 丨 𠃍 𠃍 ㇀ 乛 丨 𠃌 一 一,false(a13~e12)
2762,湃,pài,丶 丶 ㇀ 丿 一 一 丿 一 一 一 一 丨,true(a12~e12)
2763,渝,yú,丶 丶 ㇀ 丿 ㇏ 一 丨 𠃌 一 一 丨 亅,true(a12~e12)
2764,湾,wān,丶 丶 ㇀ 丶 一 丨 丨 丿 丶 𠃍 一 ㇉,true(a12~e12)
2765,渡,dù,丶 丶 ㇀ 丶 一 丿 一 丨 丨 一 ㇇ ㇏,false(a13~e12)
2766,游,yóu,丶 丶 ㇀ 丶 一 𠃌 丿 丿 一 ㇇ 亅 一,false(a13~e12)
2767,滋,zī,丶 丶 ㇀ 丶 丿 一 𠃋 𠃋 丶 𠃋 𠃋 丶,true(a12~e12)
2768,渲,xuàn,丶 丶 ㇀ 丶 ㇀ 乛 一 丨 𠃍 一 一 一,false(a13~e12)
2769,溉,gài,丶 丶 ㇀ 𠃍 一 一 𠄌 丶 一 𠃋 丿 乚,true(a12~e12)
2770,愤,fèn,㇀ 丶 丨 一 丨 一 丨 丨 丨 𠃍 丿 丶,true(a12~e12)
2771,慌,huāng,㇀ 丶 丨 一 丨 丨 丶 一 ㇄ 丿 丨 乚,true(a12~e12)
2772,惰,duò,㇀ 丶 丨 一 丿 一 丨 一 丨 𠃌 一 一,true(a12~e12)
2773,愕,è,㇀ 丶 丨 丨 𠃍 一 丨 𠃍 一 一 一 ㇉,true(a12~e12)
2774,愣,lèng,㇀ 丶 丨 丨 𠃍 丨 丨 一 丶 一 𠃌 丿,true(a12~e12)
2775,惶,huáng,㇀ 丶 丨 丿 丨 𠃍 一 一 一 一 丨 一,true(a12~e12)
2776,愧,kuì,㇀ 丶 丨 丿 丨 𠃍 一 一 丿 乚 𠃋 丶,true(a12~e12)
2777,愉,yú、tōu,㇀ 丶 丨 丿 ㇏ 一 丨 𠃌 一 一 丨 亅,true(a12~e12)
2778,慨,kǎi,㇀ 丶 丨 𠃍 一 一 𠄌 丶 一 𠃋 丿 乚,true(a12~e12)
2779,割,gē,丶 ㇀ 乛 一 一 一 丨 丨 𠃍 一 丨 亅,false(a13~e12)
2780,寒,hán,丶 ㇀ 乛 一 一 丨 丨 一 丿 ㇏ 丶 丶,false(a13~e12)
2781,富,fù,丶 ㇀ 乛 一 丨 𠃍 一 丨 𠃍 一 丨 一,false(a13~e12)
2782,寓,yù,丶 ㇀ ㇇|乛 丨 𠃍 一 一 丨 𠃌 丨 ㇀ 丶,false(a13~e12)
2783,窜,cuàn,丶 ㇀ 乛 丿 丶 丨 𠃍 一 丨 𠃍 一 丨,false(a13~e12)
2784,窝,wō,丶 ㇀ 乛 丿 丶 丨 𠃍 一 丨 𠃌 丿 丶,false(a13~e12)
2785,窖,jiào,丶 ㇀ 乛 丿 丶 丿 一 丨 一 丨 𠃍 一,false(a13~e12)
2786,窗,chuāng,丶 ㇀ 乛 丿 丶 丿 丨 𠃍 丿 ㇇|乛 丶 一,false(a14~e12)
2787,窘,jiǒng,丶 ㇀ 乛 丿 丶 𠃍 一 一 丿 丨 𠃍 一,false(a13~e12)
2788,遍,biàn,丶 𠃍 一 丿 丨 𠃌 一 丨 丨 丶 ㇋ ㇏,true(a12~e12)
2789,雇,gù,丶 𠃍 一 丿 丿 丨 丶 一 一 一 丨 一,true(a12~e12)
2790,裕,yù,丶 ㇇ 丨 丿 丶 丿 丶 丿 ㇏ 丨 𠃍 一,false(a13~e12)
2791,裤,kù,丶 ㇇ 丨 丿 丶 丶 一 丿 一 𠃋 一 丨,false(a13~e12)
2792,裙,qún,丶 ㇇ 丨 丿 丶 𠃍 一 一 丿 丨 𠃍 一,false(a13~e12)
2793,禅,chán、shàn,丶 ㇇ 丨 丶 丶 丿 丨 𠃍 一 一 一 丨,false(a13~e12)
2794,禄,lù,丶 ㇇ 丨 丶 𠃍 一 一 亅 丶 ㇀ 丿 ㇏,false(a13~e12)
2795,谢,xiè,丶 ㇊ 丿 丨 𠃌 一 一 一 丿 一 亅 丶,true(a12~e12)
2796,谣,yáo,丶 ㇊ 丿 丶 丶 丿 丿 一 一 丨 ㇄ 丨,true(a12~e12)
2797,谤,bàng,丶 ㇊ 丶 一 丶 丿 ㇀ 乛 丶 一 𠃌 丿,false(a13~e12)
2798,谦,qiān,丶 ㇊ 丶 丿 一 𠃍 一 一 丨 丨 丿 ㇏,true(a12~e12)
2799,犀,xī,𠃍 一 丿 丨 丶 ㇀ 丿 丶 丿 一 一 丨,true(a12~e12)
2800,属,shǔ、zhǔ,𠃍 一 丿 丿 丨 𠃍 一 丨 𠃌 丨 ㇀ 丶,true(a12~e12)
2801,屡,lǚ,𠃍 一 丿 丶 丿 一 丨 丿 ㇏ 𡿨 丿 一,true(a12~e12)
2802,强,qiáng、qiǎng、jiàng,𠃍 一 ㇉ 丨 𠃍 一 丨 𠃍 一 丨 一 丶,true(a12~e12)
2803,粥,zhōu、yù,𠃍 一 ㇉ 丶 丿 一 丨 丿 丶 𠃍 一 ㇉,true(a12~e12)
2804,疏,shū,㇇ 丨 一 丨 ㇀ 丶 一 𠃋 丶 丿 丨 乚,false(a13~e12)
2805,隔,gé,㇌ 丨 一 丨 𠃍 一 丨 𠃌 丶 丿 一 丨,false(a13~e12)
2806,隙,xì,㇌ 丨 丨 丿 丶 丨 𠃍 一 一 亅 丿 丶,false(a13~e12)
2807,隘,ài,㇌ 丨 丶 丿 一 丿 丶 丨 𠃍 丨 丨 一,false(a13~e12)
2808,媒,méi,𡿨 丿 一 一 丨 丨 一 一 一 丨 丿 ㇏,true(a12~e12)
2809,絮,xù,𡿨 丿 一 丨 𠃍 一 𠃋 𠃋 丶 亅 丿 丶,true(a12~e12)
2810,嫂,sǎo,𡿨 丿 一 丿 丨 一 𠃍 一 一 丨 ㇇ ㇏,false(a13~e12)
2811,媚,mèi,𡿨 丿 一 𠃍 丨 一 丿 丨 𠃍 一 一 一,true(a12~e12)
2812,婿,xù,𡿨 丿 一 乛 丨 一 丿 ㇏ 丨 𠃌 一 一,false(a13~e12)
2813,登,dēng,㇇ 丶 丿 丿 ㇏ 一 丨 𠃍 一 丶 丿 一,false(a13~e12)
2814,缅,miǎn,𠃋 𠃋 ㇀ 一 丿 丨 𠃍 丨 丨 一 一 一,true(a12~e12)
2815,缆,lǎn,𠃋 𠃋 ㇀ 丨 丨 丿 一 丶 丨 𠃍 丿 乚,true(a12~e12)
2816,缉,jī、qī,𠃋 𠃋 ㇀ 丨 𠃍 一 一 丨 丨 一 一 一,true(a12~e12)
2817,缎,duàn,𠃋 𠃋 ㇀ 丿 丨 一 一 ㇀ 丿 ㇍ ㇇ ㇏,false(a14~e12)
2818,缓,huǎn,𠃋 𠃋 ㇀ 丿 丶 丶 丿 一 一 丿 ㇇ ㇏,false(a13~e12)
2819,缔,dì,𠃋 𠃋 ㇀ 丶 一 丶 丿 ㇀ 乛 丨 𠃌 丨,false(a13~e12)
2820,缕,lǚ,𠃋 𠃋 ㇀ 丶 丿 一 丨 丿 ㇏ 𡿨 丿 一,true(a12~e12)
2821,骗,piàn,𠃍 ㇉ ㇀ 丶 𠃍 一 丿 丨 𠃌 一 丨 丨,true(a12~e12)
2822,编,biān,𠃋 𠃋 ㇀ 丶 𠃍 一 丿 丨 𠃌 一 丨 丨,true(a12~e12)
2823,骚,sāo、sǎo,𠃍 ㇉ ㇀ ㇇ ㇏ 丶 丨 𠃍 一 丨 一 丶,false(a13~e12)
2824,缘,yuán,𠃋 𠃋 ㇀ 𠃋 ㇇ 一 丿 ㇁ 丿 丿 丿 ㇏,false(a13~e12)
2825,瑟,sè,一 一 丨 一 一 一 丨 一 ㇀ ㇃ 丶 丿 丶,false(a14~e13)
2826,鹉,wǔ,一 一 丨 一 丨 ㇀ ㇂ 丶 丿 𠃌 丶 ㇉ 一,false(a14~e13)
2827,瑞,ruì,一 一 丨 ㇀ 丨 ㇄ 丨 一 丿 丨 𠃌 丨 丨,true(a13~e13)
2828,瑰,guī,一 一 丨 ㇀ 丿 丨 𠃍 一 一 丿 乚 𠃋 丶,true(a13~e13)
2829,瑙,nǎo,一 一 丨 ㇀ 𡿨 𡿨 𡿨 丿 丨 𠃍 丿 丶 一,true(a13~e13)
2830,魂,hún,一 一 𠃋 丶 丿 丨 𠃍 一 一 丿 乚 𠃋 丶,true(a13~e13)
2831,肆,sì,一 丨 一 一 一 𠃋 丶 𠃍 一 一 一 一 丨,true(a13~e13)
2832,摄,shè、niè,一 亅 ㇀ 一 丨 丨 一 一 一 ㇇ 丶 ㇇ ㇏,false(a15~e13)
2833,摸,mō,一 亅 ㇀ 一 丨 丨 丨 𠃍 一 一 一 丿 ㇏,true(a13~e13)
2834,填,tián、zhèn,一 丨 ㇀ 一 丨 丨 𠃍 一 一 一 一 丿 丶,true(a13~e13)
2835,搏,bó,一 亅 ㇀ 一 丨 𠃍 一 一 丨 丶 一 亅 丶,true(a13~e13)
2836,塌,tā,一 丨 ㇀ 丨 𠃍 一 一 𠃌 丶 ㇀ 𠃌 丶 ㇀,true(a13~e13)
2837,鼓,gǔ,一 丨 一 丨 𠃍 一 丶 丿 ㇀ 一 丨 ㇇ ㇏,false(a14~e13)
2838,摆,bǎi,一 亅 ㇀ 丨 𠃍 丨 丨 一 一 丨 一 𠃋 丶,true(a13~e13)
2839,携,xié,一 亅 ㇀ 丿 丨 丶 一 一 一 丨 一 𠄎 丿,false(a14~e13)
2840,搬,bān,一 亅 ㇀ 丿 丿 𠃌 丶 一 丶 丿 ㇅|㇍ ㇇ ㇏,false(a15~e13)
2841,摇,yáo,一 亅 ㇀ 丿 丶 丶 丿 丿 一 一 丨 ㇄ 丨,true(a13~e13)
2842,搞,gǎo,一 亅 ㇀ 丶 一 丨 𠃍 一 丨 𠃌 丨 𠃍 一,true(a13~e13)
2843,塘,táng,一 丨 ㇀ 丶 一 丿 𠃍 一 一 丨 丨 𠃍 一,true(a13~e13)
2844,摊,tān,一 亅 ㇀ ㇇ 丶 丿 丨 丶 一 一 一 丨 一,false(a14~e13)
2845,聘,pìn,一 丨 丨 一 一 ㇀ 丨 𠃍 一 丨 一 一 ㇉,true(a13~e13)
2846,斟,zhēn,一 丨 丨 一 一 一 丿 丶 ㇄ 丶 丶 一 丨,true(a13~e13)
2847,蒜,suàn,一 丨 丨 一 一 亅 丿 丶 一 一 亅 丿 丶,true(a13~e13)
2848,勤,qín,一 丨 丨 一 丨 𠃍 一 一 一 丨 ㇀ 𠃌 丿,true(a13~e13)
2849,靴,xuē,一 丨 丨 一 丨 𠃍 一 一 丨 丿 丨 丿 乚,true(a13~e13)
2850,靶,bǎ,一 丨 丨 一 丨 𠃍 一 一 丨 𠃍 丨 一 乚,true(a13~e13)
2851,鹊,què,一 丨 丨 一 丨 𠃍 一 一 丿 𠃌 丶 ㇉ 一,true(a13~e13)
2852,蓝,lán,一 丨 丨 丨 丨 丿 一 丶 丨 𠃍 丨 丨 一,true(a13~e13)
2853,墓,mù,一 丨 丨 丨 𠃍 一 一 一 丿 ㇏ 一 丨 一,true(a13~e13)
2854,幕,mù,一 丨 丨 丨 𠃍 一 一 一 丿 ㇏ 丨 𠃌 丨,true(a13~e13)
2855,蓬,péng,一 丨 丨 丿 ㇇ ㇏ 一 一 一 丨 丶 ㇋ ㇏,false(a14~e13)
2856,蓄,xù,一 丨 丨 丶 一 𠃋 𠃋 丶 丨 𠃍 一 丨 一,true(a13~e13)
2857,蒲,pú,一 丨 丨 丶 丶 ㇀ 一 丨 𠃌 一 一 丨 丶,true(a13~e13)
2858,蓉,róng,一 丨 丨 丶 ㇀ 乛 丿 丶 丿 ㇏ 丨 𠃍 一,false(a14~e13)
2859,蒙,mēng、méng、měng,一 丨 丨 ㇀ 乛 一 一 丿 ㇁ 丿 丿 丿 ㇏,false(a14~e13)
2860,蒸,zhēng,一 丨 丨 ㇇ 亅 ㇇ 丿 ㇏ 一 ㇀ 丶 丶 丶,false(a15~e13)
2861,献,xiàn,一 丨 丨 𠃌 丶 丿 一 一 丨 一 丿 ㇏ 丶,true(a13~e13)
2862,椿,chūn,一 丨 丿 丶 一 一 一 丿 ㇏ 丨 𠃍 一 一,true(a13~e13)
2863,禁,jīn、jìn,一 丨 丿 丶 一 丨 丿 ㇏ 一 一 亅 丿 丶,true(a13~e13)
2864,楚,chǔ,一 丨 丿 丶 一 丨 丿 丶 乛 丨 一 丿 ㇏,false(a14~e13)
2865,楷,kǎi、jiē,一 丨 丿 丶 一 𠄌 丿 乚 丿 丨 𠃍 一 一,true(a13~e13)
2866,榄,lǎn,一 丨 丿 丶 丨 丨 丿 一 丶 丨 𠃍 丿 乚,true(a13~e13)
2867,想,xiǎng,一 丨 丿 丶 丨 𠃍 一 一 一 ㇀ ㇃ 丶 丶,false(a14~e13)
2868,槐,huái,一 丨 丿 丶 丿 丨 𠃍 一 一 丿 乚 𠃋 丶,true(a13~e13)
2869,榆,yú,一 丨 丿 丶 丿 ㇏ 一 丨 𠃌 一 一 丨 亅,true(a13~e13)
2870,楼,lóu,一 丨 丿 丶 丶 丿 一 丨 丿 ㇏ 𡿨 丿 一,true(a13~e13)
2871,概,gài,一 丨 丿 丶 𠃍 一 一 𠄌 丶 一 𠃋 丿 乚,true(a13~e13)
2872,赖,lài,一 丨 𠃍 一 丨 丿 丶 丿 ㇇ 丨 𠃍 丿 丶,false(a14~e13)
2873,酪,lào,一 丨 𠃍 丿 ㇄ 一 一 丿 ㇇ ㇏ 丨 𠃍 一,false(a14~e13)
2874,酬,chóu,一 丨 𠃍 丿 ㇄ 一 一 ㇀ 丿 丶 丨 丶 丨,true(a13~e13)
2875,感,gǎn,一 丿 一 丨 𠃍 一 ㇃ 丿 丶 ㇀ ㇂|㇃ 丶 丶,false(a15~e13)
2876,碍,ài,一 丿 丨 𠃍 一 丨 𠃍 一 一 一 一 亅 丶,true(a13~e13)
2877,碘,diǎn,一 丿 丨 𠃍 一 丨 𠃍 一 丨 丨 一 丿 丶,true(a13~e13)
2878,碑,bēi,一 丿 丨 𠃍 一 丿 丨 𠃍 一 一 丿 一 丨,true(a13~e13)
2879,碎,suì,一 丿 丨 𠃍 一 丶 一 丿 丶 丿 丶 一 丨,true(a13~e13)
2880,碰,pèng,一 丿 丨 𠃍 一 丶 丿 一 丨 丨 丶 丿 一,true(a13~e13)
2881,碗,wǎn,一 丿 丨 𠃍 一 丶 ㇀ 乛 丿 ㇇ 丶 𠃌 乚,false(a15~e13)
2882,碌,lù、liù,一 丿 丨 𠃍 一 𠃍 一 一 亅 丶 ㇀ 丿 ㇏,true(a13~e13)
2883,尴,gān,一 丿 乚 丨 丨 丿 一 丶 丨 𠃍 丨 丨 一,true(a13~e13)
2884,雷,léi,一 ㇀ 乛 丨 丶 丶 丶 丶 丨 𠃍 一 丨 一,false(a14~e13)
2885,零,líng,一 ㇀ 乛 丨 丶 丶 丶 丶 丿 ㇏ 丶 ㇇|乛 丶,false(a15~e13)
2886,雾,wù,一 ㇀ 乛 丨 丶 丶 丶 丶 丿 ㇇ ㇏ 𠃌 丿,false(a15~e13)
2887,雹,báo,一 ㇀ 乛 丨 丶 丶 丶 丶 丿 𠃌 𠃍 一 乚,false(a14~e13)
2888,辐,fú,一 𠃋 丨 ㇀ 一 丨 𠃍 一 丨 𠃍 一 丨 一,true(a13~e13)
2889,辑,jí,一 𠃋 丨 ㇀ 丨 𠃍 一 一 丨 丨 一 一 一,true(a13~e13)
2890,输,shū,一 𠃋 丨 ㇀ 丿 ㇏ 一 丨 𠃌 一 一 丨 亅,true(a13~e13)
2891,督,dū,丨 一 一 丨 丿 丶 ㇇ ㇏ 丨 𠃍 一 一 一,false(a14~e13)
2892,频,pín、bīn,丨 一 丨 一 丨 丿 丿 一 丿 丨 𠃍 丿 丶,true(a13~e13)
2893,龄,líng,丨 一 丨 一 丿 丶 ㇄ 丨 丿 ㇏ 丶 ㇇ 丶,false(a14~e13)
2894,鉴,jiàn,丨 丨 丿 一 丶 丿 ㇏ 一 一 丨 丶 丿 一,true(a13~e13)
2895,睛,jīng,丨 𠃍 一 一 一 一 一 丨 一 丨 𠃌 一 一,true(a13~e13)
2896,睹,dǔ,丨 𠃍 一 一 一 一 丨 一 丿 丨 𠃍 一 一,true(a13~e13)
2897,睦,mù,丨 𠃍 一 一 一 一 丨 一 丿 丶 一 丨 一,true(a13~e13)
2898,瞄,miáo,丨 𠃍 一 一 一 一 丨 丨 丨 𠃍 一 丨 一,true(a13~e13)
2899,睫,jié,丨 𠃍 一 一 一 一 𠃍 一 一 丨 一 丿 ㇏,true(a13~e13)
2900,睡,shuì,丨 𠃍 一 一 一 丿 一 丨 一 丨 丨 一 一,true(a13~e13)
2901,睬,cǎi,丨 𠃍 一 一 一 丿 丶 丶 丿 一 丨 丿 ㇏,true(a13~e13)
2902,嗜,shì,丨 𠃍 一 一 丨 一 丿 丿 乚 丨 𠃍 一 一,true(a13~e13)
2903,鄙,bǐ,丨 𠃍 一 一 丨 丨 𠃍 丨 𠃍 一 一 ㇌ 丨,false(a14~e13)
2904,嗦,suō,丨 𠃍 一 一 丨 ㇀ ㇇|乛 𠃋 𠃋 丶 亅 丿 丶,false(a14~e13)
2905,愚,yú,丨 𠃍 一 一 丨 𠃌 丨 ㇀ 丶 ㇀ ㇃ 丶 丶,false(a14~e13)
2906,暖,nuǎn,丨 𠃍 一 一 丿 丶 丶 丿 一 一 丿 ㇇ ㇏,false(a14~e13)
2907,盟,méng,丨 𠃍 一 一 丿 𠃌 一 一 丨 𠃍 丨 丨 一,true(a13~e13)
2908,歇,xiē,丨 𠃍 一 一 丿 𠃌 丿 丶 ㇄ 丿 乛 丿 ㇏,false(a14~e13)
2909,暗,àn,丨 𠃍 一 一 丶 一 丶 丿 一 丨 𠃍 一 一,true(a13~e13)
2910,暇,xiá,丨 𠃍 一 一 𠃍 一 丨 一 一 𠃍 一 ㇇ ㇏,false(a14~e13)
2911,照,zhào,丨 𠃍 一 一 𠃌 丿 丨 𠃍 一 ㇀ 丶 丶 丶,true(a13~e13)
2912,畸,jī,丨 𠃍 一 丨 一 一 丿 丶 一 丨 𠃍 一 亅,true(a13~e13)
2913,跨,kuà,丨 𠃍 一 丨 一 丨 ㇀ 一 丿 ㇏ 一 一 ㇉,true(a13~e13)
2914,跷,qiāo,丨 𠃍 一 丨 一 丨 ㇀ 一 ㇂ 丿 一 丿 乚,false(a14~e13)
2915,跳,tiào、táo,丨 𠃍 一 丨 一 丨 ㇀ 丿 丶 ㇀ 乚 丿 丶,true(a13~e13)
2916,跺,duò,丨 𠃍 一 丨 一 丨 ㇀ 丿 ㇍ 一 丨 丿 ㇏,false(a14~e13)
2917,跪,guì,丨 𠃍 一 丨 一 丨 ㇀ 丿 ㇇ 一 丿 𠃌 乚,false(a14~e13)
2918,路,lù,丨 𠃍 一 丨 一 丨 ㇀ 丿 ㇇ ㇏ 丨 𠃍 一,false(a14~e13)
2919,跤,jiāo,丨 𠃍 一 丨 一 丨 ㇀ 丶 一 丿 丶 丿 ㇏,true(a13~e13)
2920,跟,gēn,丨 𠃍 一 丨 一 丨 ㇀ 𠃍 一 一 𠄌 丿 ㇏,true(a13~e13)
2921,遣,qiǎn,丨 𠃍 一 丨 一 丨 𠃍 一 𠃍 一 丶 ㇋ ㇏,true(a13~e13)
2922,蜈,wú,丨 𠃍 一 丨 一 丶 丨 𠃍 一 一 一 丿 ㇏,true(a13~e13)
2923,蜗,wō,丨 𠃍 一 丨 一 丶 丨 𠃍 一 丨 𠃌 丿 丶,true(a13~e13)
2924,蛾,é、yǐ,丨 𠃍 一 丨 一 丶 丿 一 亅 ㇀ ㇂ 丿 丶,false(a14~e13)
2925,蜂,fēng,丨 𠃍 一 丨 一 丶 丿 ㇇ ㇏ 一 一 一 丨,false(a14~e13)
2926,蜕,tuì,丨 𠃍 一 丨 一 丶 丶 丿 丨 𠃍 一 丿 乚,true(a13~e13)
2927,嗅,xiù,丨 𠃍 一 丿 丨 𠃍 一 一 一 一 丿 ㇏ 丶,true(a13~e13)
2928,嗡,wēng,丨 𠃍 一 丿 ㇏ 𠃋 丶 𠃌 丶 ㇀ 𠃌 丶 ㇀,true(a13~e13)
2929,嗓,sǎng,丨 𠃍 一 ㇇ 丶 ㇇ 丶 ㇇ 丶 一 丨 丿 ㇏,false(a16~e13)
2930,署,shǔ,丨 𠃍 丨 丨 一 一 丨 一 丿 丨 𠃍 一 一,true(a13~e13)
2931,置,zhì,丨 𠃍 丨 丨 一 一 丨 丨 𠃍 一 一 一 一,true(a13~e13)
2932,罪,zuì,丨 𠃍 丨 丨 一 丨 一 一 一 丨 一 一 一,true(a13~e13)
2933,罩,zhào,丨 𠃍 丨 丨 一 丨 一 丨 𠃍 一 一 一 丨,true(a13~e13)
2934,蜀,shǔ,丨 𠃍 丨 丨 一 丿 𠃌 丨 𠃍 一 丨 一 丶,true(a13~e13)
2935,幌,huǎng,丨 𠃌 丨 丨 𠃍 一 一 丨 丶 丿 一 丿 乚,true(a13~e13)
2936,错,cuò,丿 一 一 一 𠄌 一 丨 丨 一 丨 𠃍 一 一,true(a13~e13)
2937,锚,máo,丿 一 一 一 𠄌 一 丨 丨 丨 𠃍 一 丨 一,true(a13~e13)
2938,锡,xī,丿 一 一 一 𠄌 丨 𠃍 一 一 丿 𠃌 丿 丿,true(a13~e13)
2939,锣,luó,丿 一 一 一 𠄌 丨 𠃍 丨 丨 一 丿 ㇇ 丶,false(a14~e13)
2940,锤,chuí,丿 一 一 一 𠄌 丿 一 丨 一 丨 丨 一 一,true(a13~e13)
2941,锥,zhuī,丿 一 一 一 𠄌 丿 丨 丶 一 一 一 丨 一,true(a13~e13)
2942,锦,jǐn,丿 一 一 一 𠄌 丿 丨 𠃍 一 一 丨 𠃌 丨,true(a13~e13)
2943,键,jiàn,丿 一 一 一 𠄌 𠃍 一 一 一 一 丨 ㇋ ㇏,true(a13~e13)
2944,锯,jù,丿 一 一 一 𠄌 𠃍 一 丿 一 丨 丨 𠃍 一,true(a13~e13)
2945,锰,měng,丿 一 一 一 𠄌 ㇇ 亅 一 丨 𠃍 丨 丨 一,false(a14~e13)
2946,矮,ǎi,丿 一 一 丿 丶 丿 一 丨 丿 ㇏ 𡿨 丿 一,true(a13~e13)
2947,辞,cí,丿 一 丨 丨 𠃍 一 丶 一 丶 丿 一 一 丨,true(a13~e13)
2948,稚,zhì,丿 一 丨 丿 丶 丿 丨 丶 一 一 一 丨 一,true(a13~e13)
2949,稠,chóu,丿 一 丨 丿 丶 丿 𠃌 一 丨 一 丨 𠃍 一,true(a13~e13)
2950,颓,tuí,丿 一 丨 丿 丶 丿 ㇊ 一 丿 丨 𠃍 丿 丶,true(a13~e13)
2951,愁,chóu,丿 一 丨 丿 丶 ㇀ 丿 丿 ㇏ ㇀ ㇃ 丶 丶,false(a14~e13)
2952,筹,chóu,丿 一 丶 丿 一 丶 一 一 一 丿 一 亅 丶,true(a13~e13)
2953,签,qiān,丿 一 丶 丿 一 丶 丿 ㇏ 一 丶 丶 丿 一,true(a13~e13)
2954,简,jiǎn,丿 一 丶 丿 一 丶 丶 丨 𠃌 丨 𠃍 一 一,true(a13~e13)
2955,筷,kuài,丿 一 丶 丿 一 丶 ㇀ 丶 丨 𠃍 一 丿 ㇏,true(a13~e13)
2956,毁,huǐ,丿 丨 一 𠃍 一 一 一 丨 ㇀ 丿 ㇍ ㇇ ㇏,false(a15~e13)
2957,舅,jiù,丿 丨 一 𠃍 一 一 丨 𠃍 一 丨 一 𠃌 丿,true(a13~e13)
2958,鼠,shǔ,丿 丨 一 𠃍 一 一 𠄌 丶 丶 𠄌 丶 丶 ㇂,false(a14~e13)
2959,催,cuī,丿 丨 丨 ㇄ 丨 丿 丨 丶 一 一 一 丨 一,true(a13~e13)
2960,傻,shǎ,丿 丨 丿 丨 𠃍 丿 丶 一 丿 丶 丿 ㇇ ㇏,false(a14~e13)
2961,像,xiàng,丿 丨 丿 ㇇ 丨 𠃍 一 丿 ㇁ 丿 丿 丿 ㇏,false(a14~e13)
2962,躲,duǒ,丿 丨 𠃌 一 一 一 丿 丿 ㇍ 一 丨 丿 ㇏,false(a14~e13)
2963,魁,kuí,丿 丨 𠃍 一 一 丿 乚 𠃋 丶 丶 丶 一 丨,true(a13~e13)
2964,衙,yá,丿 丿 丨 一 丨 𠃍 一 丨 𠃍 一 一 一 亅,true(a13~e13)
2965,微,wēi,丿 丿 丨 丨 ㇄ 丨 一 丿 ㇊ 丿 一 丿 ㇏,true(a13~e13)
2966,愈,yù,丿 ㇏ 一 丨 𠃌 一 一 丨 亅 ㇀ ㇃ 丶 丶,false(a14~e13)
2967,遥,yáo,丿 丶 丶 丿 丿 一 一 丨 ㇄ 丨 丶 ㇋ ㇏,true(a13~e13)
2968,腻,nì,丿 𠃌 一 一 一 一 一 丨 𠃍 丿 丶 ㇂ 丶,false(a14~e13)
2969,腰,yāo,丿 𠃌 一 一 一 丨 𠃍 丨 丨 一 𡿨 丿 一,true(a13~e13)
2970,腥,xīng,丿 𠃌 一 一 丨 𠃍 一 一 丿 一 一 丨 一,true(a13~e13)
2971,腮,sāi,丿 𠃌 一 一 丨 𠃍 一 丨 一 ㇀ ㇃ 丶 丶,false(a14~e13)
2972,腹,fù,丿 𠃌 一 一 丿 一 丨 𠃍 一 一 丿 ㇇ ㇏,false(a14~e13)
2973,腺,xiàn,丿 𠃌 一 一 丿 丨 𠃍 一 一 亅 ㇇ 丿 ㇏,false(a14~e13)
2974,鹏,péng,丿 𠃌 一 一 丿 𠃌 一 一 丿 𠃌 丶 ㇉ 一,true(a13~e13)
2975,腾,téng,丿 𠃌 一 一 丶 丿 一 一 丿 ㇏ 𠃍 ㇉ 一,true(a13~e13)
2976,腿,tuǐ,丿 𠃌 一 一 𠃍 一 一 𠄌 丿 丶 丶 ㇋ ㇏,true(a13~e13)
2977,鲍,bào,丿 ㇇ 丨 𠃍 一 丨 一 ㇀ 丿 𠃌 𠃍 一 乚,false(a14~e13)
2978,猿,yuán,丿 ㇁ 丿 一 丨 一 丨 𠃍 一 丿 𠄌 丿 ㇏,true(a13~e13)
2979,颖,yǐng,丿 乚 丿 一 丨 丿 丶 一 丿 丨 𠃍 丿 丶,true(a13~e13)
2980,触,chù,丿 ㇇ 丿 𠃌 一 一 丨 丨 𠃍 一 丨 一 丶,false(a14~e13)
2981,解,jiě、jiè、xiè,丿 ㇇ 丿 𠃌 一 一 丨 𠃌 丿 丿 一 一 丨,false(a14~e13)
2982,煞,shā、shà,丿 ㇇ 𠃍 一 一 丿 一 丿 ㇏ ㇀ 丶 丶 丶,false(a14~e13)
2983,雏,chú,丿 ㇇ 𠃍 一 一 丿 丨 丶 一 一 一 丨 一,false(a14~e13)
2984,馍,mó,丿 ㇇|乛 𠄌 一 丨 丨 丨 𠃍 一 一 一 丿 ㇏,false(a14~e13)
2985,馏,liù、liú,丿 乛 𠄌 丿 𠄌 丶 𠃌 丿 丨 𠃍 一 丨 一,false(a14~e13)
2986,酱,jiàng,丶 ㇀ 丨 丿 ㇇ 丶 一 丨 𠃍 丿 ㇄ 一 一,false(a14~e13)
2987,禀,bǐng,丶 一 丨 𠃍 丨 𠃍 一 一 一 一 亅 丿 丶,true(a13~e13)
2988,痹,bì,丶 一 丿 丶 ㇀ 丨 𠃍 一 丨 一 一 丿 丨,true(a13~e13)
2989,廓,kuò,丶 一 丿 丶 一 丨 𠃍 一 ㇇ 亅 ㇀ ㇌ 丨,false(a15~e13)
2990,痴,chī,丶 一 丿 丶 ㇀ 丿 一 一 丿 丶 丨 𠃍 一,true(a13~e13)
2991,痰,tán,丶 一 丿 丶 ㇀ ㇀ 丿 丿 丶 ㇀ 丿 丿 ㇏,true(a13~e13)
2992,廉,lián,丶 一 丿 丶 丿 一 𠃍 一 一 丨 丨 丿 ㇏,true(a13~e13)
2993,靖,jìng,丶 一 丶 丿 ㇀ 一 一 丨 一 丨 𠃌 一 一,true(a13~e13)
2994,新,xīn,丶 一 丶 丿 一 一 亅 丿 丶 丿 丿 一 丨,true(a13~e13)
2995,韵,yùn,丶 一 丶 丿 一 丨 𠃍 一 一 丿 𠃌 丶 ㇀,true(a13~e13)
2996,意,yì,丶 一 丶 丿 一 丨 𠃍 一 一 ㇀ ㇃ 丶 丶,false(a14~e13)
2997,誊,téng,丶 丿 一 一 丿 ㇏ 丶 一 一 一 丨 𠃍 一,true(a13~e13)
2998,粮,liáng,丶 丿 一 丨 丿 丶 丶 𠃍 一 一 𠄌 丿 ㇏,true(a13~e13)
2999,数,shǔ、shù、shuò,丶 丿 一 丨 丿 丶 𡿨 丿 一 丿 一 丿 ㇏,true(a13~e13)
3000,煎,jiān,丶 丿 一 丨 𠃌 一 一 丨 亅 ㇀ 丶 丶 丶,true(a13~e13)
3001,塑,sù,丶 丿 一 ㇄ 丨 丿 丿 𠃌 一 一 一 丨 一,true(a13~e13)
3002,慈,cí,丶 丿 一 𠃋 𠃋 丶 𠃋 𠃋 丶 ㇀ ㇃ 丶 丶,false(a14~e13)
3003,煤,méi,㇀ 丿 丿 丶 一 丨 丨 一 一 一 丨 丿 ㇏,true(a13~e13)
3004,煌,huáng,㇀ 丿 丿 丶 丿 丨 𠃍 一 一 一 一 丨 一,true(a13~e13)
3005,满,mǎn,丶 丶 ㇀ 一 丨 丨 一 丨 𠃌 丿 丶 丿 丶,true(a13~e13)
3006,漠,mò,丶 丶 ㇀ 一 丨 丨 丨 𠃍 一 一 一 丿 ㇏,true(a13~e13)
3007,滇,diān,丶 丶 ㇀ 一 丨 丨 𠃍 一 一 一 一 丿 丶,true(a13~e13)
3008,源,yuán,丶 丶 ㇀ 一 丿 丿 丨 𠃍 一 一 亅 丿 丶,true(a13~e13)
3009,滤,lǜ,丶 丶 ㇀ 丨 一 乛 丿 一 乚 ㇀ ㇃ 丶 丶,false(a15~e13)
3010,滥,làn,丶 丶 ㇀ 丨 丨 丿 一 丶 丨 𠃍 丨 丨 一,true(a13~e13)
3011,滔,tāo,丶 丶 ㇀ 丿 丶 丶 丿 丿 丨 一 𠃍 一 一,true(a13~e13)
3012,溪,xī,丶 丶 ㇀ 丿 丶 丶 丿 𠃋 𠃋 丶 一 丿 ㇏,true(a13~e13)
3013,溜,liū、liù,丶 丶 ㇀ 丿 𠄌 丶 𠃌 丿 丨 𠃍 一 丨 一,true(a13~e13)
3014,漓,lí,丶 丶 ㇀ 丶 一 丿 丶 ㇄ 丨 丨 𠃌 𠃋 丶,true(a13~e13)
3015,滚,gǔn,丶 丶 ㇀ 丶 一 丿 丶 𠃋 丶 丿 𠄌 丿 ㇏,true(a13~e13)
3016,溢,yì,丶 丶 ㇀ 丶 丿 一 丿 丶 丨 𠃍 丨 丨 一,true(a13~e13)
3017,溯,sù,丶 丶 ㇀ 丶 丿 一 ㇄ 丨 丿 丿 𠃌 一 一,true(a13~e13)
3018,滨,bīn,丶 丶 ㇀ 丶 ㇀ 乛 丿 丨 一 丨 一 丿 丶,false(a14~e13)
3019,溶,róng,丶 丶 ㇀ 丶 ㇀ 乛 丿 丶 丿 ㇏ 丨 𠃍 一,false(a14~e13)
3020,溺,nì、niào,丶 丶 ㇀ 𠃍 一 ㇉ 丶 ㇀ 𠃍 一 ㇉ 丶 ㇀,true(a13~e13)
3021,粱,liáng,丶 丶 ㇀ 𠃌 丿 ㇀ 丶 丶 丿 一 丨 丿 ㇏,true(a13~e13)
3022,滩,tān,丶 丶 ㇀ ㇇|乛 丶 丿 丨 丶 一 一 一 丨 一,false(a14~e13)
3023,慎,shèn,㇀ 丶 丨 一 丨 丨 𠃍 一 一 一 一 丿 丶,true(a13~e13)
3024,誉,yù,丶 丶 丿 一 丿 ㇏ 丶 一 一 一 丨 𠃍 一,true(a13~e13)
3025,塞,sāi、sài、sè,丶 ㇀ 乛 一 一 丨 丨 一 丿 ㇏ 一 丨 一,false(a14~e13)
3026,寞,mò,丶 ㇀ 乛 一 丨 丨 丨 𠃍 一 一 一 丿 ㇏,false(a14~e13)
3027,窥,kuī,丶 ㇀ 乛 丿 丶 一 一 丿 丶 丨 𠃍 丿 乚,false(a14~e13)
3028,窟,kū,丶 ㇀ 乛 丿 丶 𠃍 一 丿 ㇄ 丨 丨 ㇄ 丨,false(a14~e13)
3029,寝,qǐn,丶 ㇀ 乛 丶 ㇀ 丨 𠃍 一 一 ㇀ 乛 乛 ㇏,false(a16~e13)
3030,谨,jǐn,丶 ㇊ 一 丨 丨 一 丨 𠃍 一 一 一 丨 一,true(a13~e13)
3031,褂,guà,丶 ㇇ 丨 丿 丶 一 丨 一 一 丨 ㇀ 丨 丶,false(a14~e13)
3032,裸,luǒ,丶 ㇇ 丨 丿 丶 丨 𠃍 一 一 一 丨 丿 ㇏,false(a14~e13)
3033,福,fú,丶 ㇇ 丨 丶 一 丨 𠃍 一 丨 𠃍 一 丨 一,false(a14~e13)
3034,谬,miù,丶 ㇊ 𠃍 丶 ㇀ 𠃍 丶 ㇀ 丿 ㇏ 丿 丿 丿,true(a13~e13)
3035,群,qún,𠃍 一 一 丿 丨 𠃍 一 丶 丿 一 一 一 丨,true(a13~e13)
3036,殿,diàn,𠃍 一 丿 一 丨 丨 一 丿 丶 丿 ㇍ ㇇ ㇏,false(a15~e13)
3037,辟,pì、bì,𠃍 一 丿 丨 𠃍 一 丶 一 丶 丿 一 一 丨,true(a13~e13)
3038,障,zhàng,㇌ 丨 丶 一 丶 丿 一 丨 𠃍 一 一 一 丨,false(a14~e13)
3039,媳,xí,𡿨 丿 一 丿 丨 𠃍 一 一 一 ㇀ ㇃ 丶 丶,false(a14~e13)
3040,嫉,jí,𡿨 丿 一 丶 一 丿 丶 ㇀ 丿 一 一 丿 ㇏,true(a13~e13)
3041,嫌,xián,𡿨 丿 一 丶 丿 一 𠃍 一 一 丨 丨 丿 ㇏,true(a13~e13)
3042,嫁,jià,𡿨 丿 一 丶 ㇀ 乛 一 丿 ㇁ 丿 丿 丿 ㇏,false(a14~e13)
3043,叠,dié,㇇ 丶 ㇇ 丶 ㇇ 丶 ㇀ 乛 丨 𠃍 一 一 一,false(a17~e13)
3044,缚,fù,𠃋 𠃋 ㇀ 一 丨 𠃍 一 一 丨 丶 一 亅 丶,true(a13~e13)
3045,缝,féng、fèng,𠃋 𠃋 ㇀ 丿 ㇇ ㇏ 一 一 一 丨 丶 ㇋ ㇏,false(a14~e13)
3046,缠,chán,𠃋 𠃋 ㇀ 丶 一 丿 丨 𠃍 一 一 丨 一 一,true(a13~e13)
3047,缤,bīn,𠃋 𠃋 ㇀ 丶 ㇀ 乛 丿 丨 一 丨 一 丿 丶,false(a14~e13)
3048,剿,jiǎo、chāo,𡿨 𡿨 𡿨 丨 𠃍 一 一 一 丨 丿 丶 丨 亅,true(a13~e13)
3049,静,jìng,一 一 丨 一 丨 𠃌 一 一 丿 ㇇ 𠃍 一 一 亅,false(a15~e14)
3050,碧,bì,一 一 丨 ㇀ 丿 丨 𠃍 一 一 一 丿 丨 𠃍 一,true(a14~e14)
3051,璃,lí,一 一 丨 ㇀ 丶 一 丿 丶 ㇄ 丨 丨 𠃌 𠃋 丶,true(a14~e14)
3052,赘,zhuì,一 一 丨 一 𠃌 丿 丿 一 丿 ㇏ 丨 𠃍 丿 丶,true(a14~e14)
3053,熬,āo、áo,一 一 丨 一 𠃌 丿 丿 一 丿 ㇏ ㇀ 丶 丶 丶,true(a14~e14)
3054,墙,qiáng,一 丨 ㇀ 一 丨 丶 丿 一 丨 𠃍 丨 𠃍 一 一,true(a14~e14)
3055,墟,xū,一 丨 ㇀ 丨 一 乛 丿 一 乚 丨 丨 丶 丿 一,false(a15~e14)
3056,嘉,jiā,一 丨 一 丨 𠃍 一 丶 丿 一 𠃌 丿 丨 𠃍 一,true(a14~e14)
3057,摧,cuī,一 亅 ㇀ 丨 ㇄ 丨 丿 丨 丶 一 一 一 丨 一,true(a14~e14)
3058,赫,hè,一 丨 一 丿 亅 丿 丶 一 丨 一 丿 亅 丿 丶,true(a14~e14)
3059,截,jié,一 丨 一 丿 丨 丶 一 一 一 丨 一 ㇂ 丿 丶,false(a15~e14)
3060,誓,shì,一 亅 ㇀ 丿 丿 一 丨 丶 一 一 一 丨 𠃍 一,true(a14~e14)
3061,境,jìng,一 丨 ㇀ 丶 一 丶 丿 一 丨 𠃍 一 一 丿 乚,true(a14~e14)
3062,摘,zhāi,一 亅 ㇀ 丶 一 丶 丿 丨 𠃌 一 丨 丨 𠃍 一,true(a14~e14)
3063,摔,shuāi,一 亅 ㇀ 丶 一 𠃋 𠃋 丶 丶 ㇀ 丿 丶 一 丨,true(a14~e14)
3064,撇,piē、piě,一 亅 ㇀ 丶 丿 丨 𠃌 丨 丿 丶 丿 一 丿 ㇏,true(a14~e14)
3065,聚,jù,一 丨 丨 一 一 ㇀ ㇇ 丶 丿 丨 丿 丿 丿 ㇏,false(a15~e14)
3066,慕,mù,一 丨 丨 丨 𠃍 一 一 一 丿 ㇏ 亅 ㇀ 丶 丶,true(a14~e14)
3067,暮,mù,一 丨 丨 丨 𠃍 一 一 一 丿 ㇏ 丨 𠃍 一 一,true(a14~e14)
3068,摹,mó,一 丨 丨 丨 𠃍 一 一 一 丿 ㇏ 丿 一 一 亅,true(a14~e14)
3069,蔓,mán、màn、wàn,一 丨 丨 丨 𠃍 一 一 丨 𠃍 丨 丨 一 ㇇ ㇏,false(a15~e14)
3070,蔑,miè,一 丨 丨 丨 𠃍 丨 丨 一 一 丿 丶 ㇂ 丿 丶,false(a15~e14)
3071,蔡,cài,一 丨 丨 丿 ㇇ 丶 丶 ㇇ ㇏ 一 一 亅 丿 丶,false(a16~e14)
3072,蔗,zhè,一 丨 丨 丶 一 丿 一 丨 丨 一 ㇀ 丶 丶 丶,true(a14~e14)
3073,蔽,bì,一 丨 丨 丶 丿 丨 𠃌 丨 丿 丶 丿 一 丿 ㇏,true(a14~e14)
3074,蔼,ǎi,一 丨 丨 丶 ㇊ 丨 𠃍 一 一 丿 𠃌 丿 丶 ㇄,true(a14~e14)
3075,熙,xī,一 丨 丨 𠃍 一 丨 ㇄ 𠃍 一 乚 ㇀ 丶 丶 丶,true(a14~e14)
3076,蔚,wèi、yù,一 丨 丨 𠃍 一 丿 一 一 亅 丿 丶 一 亅 丶,true(a14~e14)
3077,兢,jīng,一 丨 丨 𠃍 一 丿 𠄌 一 丨 丨 𠃍 一 丿 乚,true(a14~e14)
3078,模,mó、mú,一 丨 丿 丶 一 丨 丨 丨 𠃍 一 一 一 丿 ㇏,true(a14~e14)
3079,槛,jiàn、kǎn,一 丨 丿 丶 丨 丨 丿 一 丶 丨 𠃍 丨 丨 一,true(a14~e14)
3080,榴,liú,一 丨 丿 丶 丿 𠄌 丶 𠃌 丿 丨 𠃍 一 丨 一,true(a14~e14)
3081,榜,bǎng、bàng,一 丨 丿 丶 丶 一 丶 丿 ㇀ 乛 丶 一 𠃌 丿,false(a15~e14)
3082,榨,zhà,一 丨 丿 丶 丶 ㇀ 乛 丿 丶 丿 一 丨 一 一,false(a15~e14)
3083,榕,róng,一 丨 丿 丶 丶 ㇀ 乛 丿 丶 丿 ㇏ 丨 𠃍 一,false(a15~e14)
3084,歌,gē,一 丨 𠃍 一 丨 一 丨 𠃍 一 亅 丿 乛 丿 ㇏,false(a15~e14)
3085,遭,zāo,一 丨 𠃍 一 丨 丨 一 丨 𠃍 一 一 丶 ㇋ ㇏,true(a14~e14)
3086,酵,jiào,一 丨 𠃍 丿 ㇄ 一 一 一 丨 一 丿 ㇇ 亅 一,false(a15~e14)
3087,酷,kù,一 丨 𠃍 丿 ㇄ 一 一 丿 一 丨 一 丨 𠃍 一,true(a14~e14)
3088,酿,niàng,一 丨 𠃍 丿 ㇄ 一 一 丶 𠃍 一 一 𠄌 丿 ㇏,true(a14~e14)
3089,酸,suān,一 丨 𠃍 丿 ㇄ 一 一 𠃋 丶 丿 丶 丿 ㇇ ㇏,false(a15~e14)
3090,碟,dié,一 丿 丨 𠃍 一 一 丨 丨 一 ㇄ 一 丨 丿 ㇏,true(a14~e14)
3091,碱,jiǎn,一 丿 丨 𠃍 一 一 丿 一 丨 𠃍 一 ㇂ 丿 丶,false(a15~e14)
3092,碳,tàn,一 丿 丨 𠃍 一 丨 ㇄ 丨 一 丿 ㇀ 丿 丿 ㇏,true(a14~e14)
3093,磁,cí,一 丿 丨 𠃍 一 丶 丿 一 𠃋 𠃋 丶 𠃋 𠃋 丶,true(a14~e14)
3094,愿,yuàn,一 丿 丿 丨 𠃍 一 一 亅 丿 丶 ㇀ ㇃ 丶 丶,false(a15~e14)
3095,需,xū,一 ㇀ 乛 丨 丶 丶 丶 丶 一 丿 丨 𠃌 丨 丨,false(a15~e14)
3096,辖,xiá,一 𠃋 丨 ㇀ 丶 ㇀ 乛 一 一 一 丨 丨 𠃍 一,false(a15~e14)
3097,辗,zhǎn、niǎn,一 𠃋 丨 ㇀ 𠃍 一 丿 一 丨 丨 一 𠄌 丿 ㇏,true(a14~e14)
3098,雌,cí,丨 一 丨 ㇀ 一 𠄌 丿 丨 丶 一 一 一 丨 一,true(a14~e14)
3099,裳,cháng、shang,丨 丶 丿 ㇀ 乛 丨 𠃍 一 丶 一 丿 𠄌 丿 ㇏,false(a15~e14)
3100,颗,kē,丨 𠃍 一 一 一 丨 丿 丶 一 丿 丨 𠃍 丿 丶,true(a14~e14)
3101,瞅,chǒu,丨 𠃍 一 一 一 丿 一 丨 丿 丶 ㇀ 丿 丿 ㇏,true(a14~e14)
3102,墅,shù,丨 𠃍 一 一 丨 一 ㇀ ㇇ 丶 乛 亅 一 丨 一,false(a16~e14)
3103,嗽,sòu,丨 𠃍 一 一 丨 𠃍 一 丨 丿 丶 丿 乛 丿 ㇏,false(a15~e14)
3104,踊,yǒng,丨 𠃍 一 丨 一 丨 ㇀ ㇇ 丶 丨 𠃌 一 一 丨,false(a15~e14)
3105,蜻,qīng,丨 𠃍 一 丨 一 丶 一 一 丨 一 丨 𠃌 一 一,true(a14~e14)
3106,蜡,là,丨 𠃍 一 丨 一 丶 一 丨 丨 一 丨 𠃍 一 一,true(a14~e14)
3107,蝇,yíng,丨 𠃍 一 丨 一 丶 丨 𠃍 一 丨 𠃍 一 一 乚,true(a14~e14)
3108,蜘,zhī,丨 𠃍 一 丨 一 丶 丿 一 一 丿 丶 丨 𠃍 一,true(a14~e14)
3109,蝉,chán,丨 𠃍 一 丨 一 丶 丶 丿 丨 𠃍 一 一 一 丨,true(a14~e14)
3110,嘛,má、ma,丨 𠃍 一 丶 一 丿 一 丨 丿 丶 一 丨 丿 ㇏,true(a14~e14)
3111,嘀,dí,丨 𠃍 一 丶 一 丶 丿 丨 𠃌 一 丨 丨 𠃍 一,true(a14~e14)
3112,赚,zhuàn,丨 𠃍 丿 丶 丶 丿 一 𠃍 一 一 丨 丨 丿 ㇏,true(a14~e14)
3113,锹,qiāo,丿 一 一 一 𠄌 丿 一 丨 丿 丶 ㇀ 丿 丿 ㇏,true(a14~e14)
3114,锻,duàn,丿 一 一 一 𠄌 丿 丨 一 一 ㇀ 丿 ㇍ ㇇ ㇏,false(a16~e14)
3115,镀,dù,丿 一 一 一 𠄌 丶 一 丿 一 丨 丨 一 ㇇ ㇏,false(a15~e14)
3116,舞,wǔ,丿 一 一 丨 丨 丨 丨 一 丿 ㇇ 丶 一 𠃋 丨,false(a15~e14)
3117,舔,tiǎn,丿 一 丨 丨 𠃍 一 一 一 丿 ㇏ 亅 ㇀ 丶 丶,true(a14~e14)
3118,稳,wěn,丿 一 丨 丿 丶 丿 ㇇ 𠃍 一 一 ㇀ ㇃ 丶 丶,false(a16~e14)
3119,熏,xūn、xùn,丿 一 丨 𠃍 丶 丿 一 丨 一 一 ㇀ 丶 丶 丶,true(a14~e14)
3120,箕,jī,丿 一 丶 丿 一 丶 一 丨 丨 一 一 一 丿 丶,true(a14~e14)
3121,算,suàn,丿 一 丶 丿 一 丶 丨 𠃍 一 一 一 一 丿 丨,true(a14~e14)
3122,箩,luó,丿 一 丶 丿 一 丶 丨 𠃍 丨 丨 一 丿 ㇇ 丶,false(a15~e14)
3123,管,guǎn,丿 一 丶 丿 一 丶 丶 ㇀ 乛 丨 𠃍 一 𠃍 一,false(a15~e14)
3124,箫,xiāo,丿 一 丶 丿 一 丶 𠃍 一 一 丨 丿 丨 丿 丶,true(a14~e14)
3125,舆,yú,丿 丨 一 一 一 𠃋 一 丨 𠃍 一 一 一 丿 丶,true(a14~e14)
3126,僚,liáo,丿 丨 一 丿 ㇏ 丶 丿 丨 𠃍 一 一 亅 丿 丶,true(a14~e14)
3127,僧,sēng,丿 丨 丶 丿 丨 𠃍 丨 丶 丿 一 丨 𠃍 一 一,true(a14~e14)
3128,鼻,bí,丿 丨 𠃍 一 一 一 丨 𠃍 一 丨 一 一 丿 丨,true(a14~e14)
3129,魄,pò,丿 丨 𠃍 一 一 丿 丨 𠃍 一 一 丿 乚 𠃋 丶,true(a14~e14)
3130,魅,mèi,丿 丨 𠃍 一 一 丿 乚 𠃋 丶 一 一 丨 丿 ㇏,true(a14~e14)
3131,貌,mào,丿 丶 丶 丿 ㇁ 丿 丿 丿 丨 𠃍 一 一 丿 乚,true(a14~e14)
3132,膜,mó,丿 𠃌 一 一 一 丨 丨 丨 𠃍 一 一 一 丿 ㇏,true(a14~e14)
3133,膊,bó,丿 𠃌 一 一 一 丨 𠃍 一 一 丨 丶 一 亅 丶,true(a14~e14)
3134,膀,bǎng、pāng、páng,丿 𠃌 一 一 丶 一 丶 丿 ㇀ 乛 丶 一 𠃌 丿,false(a15~e14)
3135,鲜,xiān、xiǎn,丿 ㇇ 丨 𠃍 一 丨 一 ㇀ 丶 丿 一 一 一 丨,false(a15~e14)
3136,疑,yí、nǐ,丿 乚 丿 一 一 丿 丶 ㇇ 丶 乛 丨 一 丿 ㇏,false(a16~e14)
3137,孵,fū,丿 𠄌 丶 丿 𠃌 丨 丶 丿 丶 丶 丿 ㇇ 亅 一,false(a15~e14)
3138,馒,mán,丿 乛 𠄌 丨 𠃍 一 一 丨 𠃍 丨 丨 一 ㇇ ㇏,false(a16~e14)
3139,裹,guǒ,丶 一 丨 𠃍 一 一 一 丨 丿 丶 丿 𠄌 丿 ㇏,true(a14~e14)
3140,敲,qiāo,丶 一 丨 𠃍 一 丨 𠃌 丨 𠃍 一 丨 一 ㇇ ㇏,false(a15~e14)
3141,豪,háo,丶 一 丨 𠃍 一 ㇀ 乛 一 丿 ㇁ 丿 丿 丿 ㇏,false(a15~e14)
3142,膏,gāo、gào,丶 一 丨 𠃍 一 ㇀ 乛 丨 𠃍 一 丨 𠃌 一 一,false(a15~e14)
3143,遮,zhē,丶 一 丿 一 丨 丨 一 ㇀ 丶 丶 丶 丶 ㇋ ㇏,true(a14~e14)
3144,腐,fǔ,丶 一 丿 丿 丨 一 亅 丶 丨 𠃌 丿 丶 丿 丶,true(a14~e14)
3145,瘩,dá、da,丶 一 丿 丶 ㇀ 一 丨 丨 丿 ㇏ 一 丨 𠃍 一,true(a14~e14)
3146,瘟,wēn,丶 一 丿 丶 ㇀ 丨 𠃍 一 一 丨 𠃍 丨 丨 一,true(a14~e14)
3147,瘦,shòu,丶 一 丿 丶 ㇀ 丿 丨 一 𠃍 一 一 丨 ㇇ ㇏,false(a15~e14)
3148,辣,là,丶 一 丶 丿 一 一 丿 一 丨 𠃍 一 丨 丿 ㇏,true(a14~e14)
3149,彰,zhāng,丶 一 丶 丿 一 丨 𠃍 一 一 一 丨 丿 丿 丿,true(a14~e14)
3150,竭,jié,丶 一 丶 丿 ㇀ 丨 𠃍 一 一 丿 𠃌 丿 丶 ㇄,true(a14~e14)
3151,端,duān,丶 一 丶 丿 ㇀ 丨 ㇄ 丨 一 丿 丨 𠃌 丨 丨,true(a14~e14)
3152,旗,qí,丶 一 𠃌 丿 丿 一 一 丨 丨 一 一 一 丿 丶,true(a14~e14)
3153,精,jīng,丶 丿 一 丨 丿 丶 一 一 丨 一 丨 𠃌 一 一,true(a14~e14)
3154,粹,cuì,丶 丿 一 丨 丿 丶 丶 一 丿 丶 丿 丶 一 丨,true(a14~e14)
3155,歉,qiàn,丶 丿 一 𠃍 一 一 丨 丨 丿 丶 丿 乛 丿 ㇏,false(a15~e14)
3156,弊,bì,丶 丿 丨 𠃌 丨 丿 丶 丿 一 丿 ㇏ 一 丿 丨,true(a14~e14)
3157,熄,xī,㇀ 丿 丿 丶 丿 丨 𠃍 一 一 一 ㇀ ㇃ 丶 丶,false(a15~e14)
3158,熔,róng,㇀ 丿 丿 丶 丶 ㇀ 乛 丿 丶 丿 ㇏ 丨 𠃍 一,false(a15~e14)
3159,煽,shān,㇀ 丿 丿 丶 丶 𠃍 一 丿 𠃌 丶 ㇀ 𠃌 丶 ㇀,true(a14~e14)
3160,潇,xiāo,丶 丶 ㇀ 一 丨 丨 𠃍 一 一 丨 丿 丨 丿 丶,true(a14~e14)
3161,漆,qī,丶 丶 ㇀ 一 丨 丿 丶 丿 ㇏ 亅 丶 ㇀ 丿 丶,true(a14~e14)
3162,漱,shù,丶 丶 ㇀ 一 丨 𠃍 一 丨 丿 丶 丿 乛 丿 ㇏,false(a15~e14)
3163,漂,piāo、piǎo、piào,丶 丶 ㇀ 一 丨 𠃍 丨 丨 一 一 一 亅 丿 丶,true(a14~e14)
3164,漫,màn,丶 丶 ㇀ 丨 𠃍 一 一 丨 𠃍 丨 丨 一 ㇇ ㇏,false(a15~e14)
3165,滴,dī,丶 丶 ㇀ 丶 一 丶 丿 丨 𠃌 一 丨 丨 𠃍 一,true(a14~e14)
3166,漾,yàng,丶 丶 ㇀ 丶 丿 一 一 丨 一 丶 𠃌 ㇇ 丿 ㇏,false(a15~e14)
3167,演,yǎn,丶 丶 ㇀ 丶 ㇀ 乛 一 丨 𠃍 一 丨 一 丿 丶,false(a15~e14)
3168,漏,lòu,丶 丶 ㇀ 𠃍 一 丿 一 丨 𠃌 丨 丶 丶 丶 丶,true(a14~e14)
3169,慢,màn,㇀ 丶 丨 丨 𠃍 一 一 丨 𠃍 丨 丨 一 ㇇ ㇏,false(a15~e14)
3170,慷,kāng,㇀ 丶 丨 丶 一 丿 𠃍 一 一 亅 丶 ㇀ 丿 ㇏,true(a14~e14)
3171,寨,zhài,丶 ㇀ 乛 一 一 丨 丨 一 丿 ㇏ 一 亅 丿 丶,false(a15~e14)
3172,赛,sài,丶 ㇀ 乛 一 一 丨 丨 一 丿 ㇏ 丨 𠃍 丿 丶,false(a15~e14)
3173,寡,guǎ,丶 ㇀ 乛 一 丿 丨 𠃍 一 一 一 丿 ㇏ 𠃌 丿,false(a15~e14)
3174,察,chá,丶 ㇀ 乛 丿 ㇇ 丶 丶 ㇇ ㇏ 一 一 亅 丿 丶,false(a17~e14)
3175,蜜,mì,丶 ㇀ 乛 ㇀ ㇃ 丶 丿 丶 丨 𠃍 一 丨 一 丶,false(a16~e14)
3176,寥,liáo,丶 ㇀ 乛 𠃍 丶 ㇀ 𠃍 丶 ㇀ 丿 ㇏ 丿 丿 丿,false(a15~e14)
3177,谭,tán,丶 ㇊ 一 丨 𠃍 丨 丨 一 丨 𠃍 一 一 一 丨,true(a14~e14)
3178,肇,zhào,丶 𠃍 一 丿 丿 一 丿 ㇏ 𠃍 一 一 一 一 丨,true(a14~e14)
3179,褐,hè,丶 ㇇ 丨 丿 丶 丨 𠃍 一 一 丿 𠃌 丿 丶 ㇄,false(a15~e14)
3180,褪,tuì、tùn,丶 ㇇ 丨 丿 丶 𠃍 一 一 𠄌 丿 丶 丶 ㇋ ㇏,false(a15~e14)
3181,谱,pǔ,丶 ㇊ 丶 丿 一 丨 丨 丶 丿 一 丨 𠃍 一 一,true(a14~e14)
3182,隧,suì,㇌ 丨 丶 丿 一 丿 ㇁ 丿 丿 丿 丶 丶 ㇋ ㇏,false(a15~e14)
3183,嫩,nèn,𡿨 丿 一 一 丨 𠃍 一 丨 丿 丶 丿 一 丿 ㇏,true(a14~e14)
3184,翠,cuì,𠃍 丶 ㇀ 𠃍 丶 ㇀ 丶 一 丿 丶 丿 丶 一 丨,true(a14~e14)
3185,熊,xióng,𠃋 丶 丨 𠃌 一 一 丿 乚 丿 乚 ㇀ 丶 丶 丶,true(a14~e14)
3186,凳,dèng,㇇ 丶 丿 丿 ㇏ 一 丨 𠃍 一 丶 丿 一 丿 ⺄,false(a15~e14)
3187,骡,luó,𠃍 ㇉ ㇀ 丨 𠃍 一 丨 一 𠃋 𠃋 丶 亅 丿 丶,true(a14~e14)
3188,缩,suō、sù,𠃋 𠃋 ㇀ 丶 ㇀ 乛 丿 丨 一 丿 丨 𠃍 一 一,false(a15~e14)
3189,慧,huì,一 一 一 丨 一 一 一 丨 𠃍 一 一 ㇀ ㇃ 丶 丶,false(a16~e15)
3190,撵,niǎn,一 亅 ㇀ 一 一 丿 丶 一 一 丿 ㇏ 一 𠃋 一 丨,true(a15~e15)
3191,撕,sī,一 亅 ㇀ 一 丨 丨 一 一 一 丿 丶 丿 丿 一 丨,true(a15~e15)
3192,撒,sā、sǎ,一 亅 ㇀ 一 丨 丨 一 丨 𠃌 一 一 丿 一 丿 ㇏,true(a15~e15)
3193,撩,liāo、liáo,一 亅 ㇀ 一 丿 ㇏ 丶 丿 丨 𠃍 一 一 亅 丿 丶,true(a15~e15)
3194,趣,qù、cù,一 丨 一 丨 一 丿 ㇏ 一 丨 丨 一 一 ㇀ ㇇ 丶,false(a16~e15)
3195,趟,tàng、tāng,一 丨 一 丨 一 丿 ㇏ 丨 丶 丿 丨 𠃌 丨 𠃍 一,true(a15~e15)
3196,撑,chēng,一 亅 ㇀ 丨 丶 丿 ㇀ 乛 丨 𠃍 一 丿 一 一 亅,false(a16~e15)
3197,撮,cuō、zuǒ,一 亅 ㇀ 丨 𠃍 一 一 一 丨 丨 一 一 ㇀ ㇇ ㇏,false(a16~e15)
3198,撬,qiào,一 亅 ㇀ 丿 一 一 乚 丿 一 一 𠄌 丿 一 一 乚,true(a15~e15)
3199,播,bō,一 亅 ㇀ 丿 丶 丿 一 丨 丿 ㇏ 丨 𠃍 一 丨 一,true(a15~e15)
3200,擒,qín,一 亅 ㇀ 丿 ㇏ 丶 一 丿 丶 ㇄ 丨 丨 𠃌 𠃋 丶,true(a15~e15)
3201,墩,dūn,一 丨 ㇀ 丶 一 丨 𠃍 一 ㇇ 亅 ㇀ 丿 一 丿 ㇏,false(a16~e15)
3202,撞,zhuàng,一 亅 ㇀ 丶 一 丶 丿 一 丨 𠃍 一 一 丨 一 一,true(a15~e15)
3203,撤,chè,一 亅 ㇀ 丶 一 𠃋 丶 丨 𠃌 一 一 丿 一 丿 ㇏,true(a15~e15)
3204,增,zēng,一 丨 ㇀ 丶 丿 丨 𠃍 丨 丶 丿 一 丨 𠃍 一 一,true(a15~e15)
3205,撰,zhuàn,一 亅 ㇀ 𠃍 一 乚 𠃍 一 乚 一 丨 丨 一 丿 丶,true(a15~e15)
3206,聪,cōng,一 丨 丨 一 一 ㇀ 丶 丿 丨 𠃍 一 ㇀ ㇃ 丶 丶,false(a16~e15)
3207,鞋,xié,一 丨 丨 一 丨 𠃍 一 一 丨 一 丨 一 一 丨 一,true(a15~e15)
3208,鞍,ān,一 丨 丨 一 丨 𠃍 一 一 丨 丶 ㇀ 乛 𡿨 丿 一,false(a16~e15)
3209,蕉,jiāo,一 丨 丨 丿 丨 丶 一 一 一 丨 一 ㇀ 丶 丶 丶,true(a15~e15)
3210,蕊,ruǐ,一 丨 丨 ㇀ ㇃ 丶 丶 ㇀ ㇃ 丶 丶 ㇀ ㇃ 丶 丶,false(a18~e15)
3211,蔬,shū,一 丨 丨 ㇇ 丨 一 丨 ㇀ 丶 一 𠃋 丶 丿 丨 乚,false(a16~e15)
3212,蕴,yùn,一 丨 丨 𠃋 𠃋 ㇀ 丨 𠃍 一 一 丨 𠃍 丨 丨 一,true(a15~e15)
3213,横,héng、hèng,一 丨 丿 丶 一 丨 丨 一 丨 𠃍 一 丨 一 丿 丶,true(a15~e15)
3214,槽,cáo,一 丨 丿 丶 一 丨 𠃍 一 丨 丨 一 丨 𠃍 一 一,true(a15~e15)
3215,樱,yīng,一 丨 丿 丶 丨 𠃍 丿 丶 丨 𠃍 丿 丶 𡿨 丿 一,true(a15~e15)
3216,橡,xiàng,一 丨 丿 丶 丿 ㇇ 丨 𠃍 一 丿 ㇁ 丿 丿 丿 ㇏,false(a16~e15)
3217,樟,zhāng,一 丨 丿 丶 丶 一 丶 丿 一 丨 𠃍 一 一 一 丨,true(a15~e15)
3218,橄,gǎn,一 丨 丿 丶 ㇇ 一 丨 丨 一 一 ㇀ 丿 一 丿 ㇏,false(a16~e15)
3219,敷,fū,一 丨 𠃍 一 一 丨 丶 丶 一 𠃌 丿 丿 一 丿 ㇏,true(a15~e15)
3220,豌,wān,一 丨 𠃍 一 丶 丿 ㇀ 丶 ㇀ 乛 丿 ㇇ 丶 𠃌 乚,false(a17~e15)
3221,飘,piāo,一 丨 𠃍 丨 丨 一 一 一 亅 丿 丶 丿 ⺄ 丿 丶,true(a15~e15)
3222,醋,cù,一 丨 𠃍 丿 ㇄ 一 一 一 丨 丨 一 丨 𠃍 一 一,true(a15~e15)
3223,醇,chún,一 丨 𠃍 丿 ㇄ 一 一 丶 一 丨 𠃍 一 ㇇ 亅 一,false(a16~e15)
3224,醉,zuì,一 丨 𠃍 丿 ㇄ 一 一 丶 一 丿 丶 丿 丶 一 丨,true(a15~e15)
3225,磕,kē,一 丿 丨 𠃍 一 一 丨 一 𠃋 丶 丨 𠃍 丨 丨 一,true(a15~e15)
3226,磊,lěi,一 丿 丨 𠃍 一 一 丿 丨 𠃍 一 一 丿 丨 𠃍 一,true(a15~e15)
3227,磅,bàng、páng,一 丿 丨 𠃍 一 丶 一 丶 丿 ㇀ 乛 丶 一 𠃌 丿,false(a16~e15)
3228,碾,niǎn,一 丿 丨 𠃍 一 𠃍 一 丿 一 丨 丨 一 𠄌 丿 ㇏,true(a15~e15)
3229,震,zhèn,一 ㇀ 乛 丨 丶 丶 丶 丶 一 丿 一 一 𠄌 丿 ㇏,false(a16~e15)
3230,霄,xiāo,一 ㇀ 乛 丨 丶 丶 丶 丶 丨 丶 丿 丨 𠃌 一 一,false(a16~e15)
3231,霉,méi,一 ㇀ 乛 丨 丶 丶 丶 丶 丿 一 ㇄ 𠃌 丶 一 丶,false(a16~e15)
3232,瞒,mán、mén,丨 𠃍 一 一 一 一 丨 丨 一 丨 𠃌 丿 丶 丿 丶,true(a15~e15)
3233,题,tí,丨 𠃍 一 一 一 丨 一 丿 ㇏ 一 丿 丨 𠃍 丿 丶,true(a15~e15)
3234,暴,bào、pù,丨 𠃍 一 一 一 丨 丨 一 丿 ㇏ 亅 丶 ㇀ 丿 丶,true(a15~e15)
3235,瞎,xiā,丨 𠃍 一 一 一 丶 ㇀ 乛 一 一 一 丨 丨 𠃍 一,false(a16~e15)
3236,嘻,xī,丨 𠃍 一 一 丨 一 丨 𠃍 一 丶 丿 一 丨 𠃍 一,true(a15~e15)
3237,嘶,sī,丨 𠃍 一 一 丨 丨 一 一 一 丿 丶 丿 丿 一 丨,true(a15~e15)
3238,嘲,cháo、zhāo,丨 𠃍 一 一 丨 丨 𠃍 一 一 一 丨 丿 𠃌 一 一,true(a15~e15)
3239,嘹,liáo,丨 𠃍 一 一 丿 ㇏ 丶 丿 丨 𠃍 一 一 亅 丿 丶,true(a15~e15)
3240,影,yǐng,丨 𠃍 一 一 丶 一 丨 𠃍 一 亅 丿 丶 丿 丿 丿,true(a15~e15)
3241,踢,tī,丨 𠃍 一 丨 一 丨 ㇀ 丨 𠃍 一 一 丿 𠃌 丿 丿,true(a15~e15)
3242,踏,tā、tà,丨 𠃍 一 丨 一 丨 ㇀ 亅 ㇇ 丿 ㇏ 丨 𠃍 一 一,false(a16~e15)
3243,踩,cǎi,丨 𠃍 一 丨 一 丨 ㇀ 丿 丶 丶 丿 一 丨 丿 ㇏,true(a15~e15)
3244,踪,zōng,丨 𠃍 一 丨 一 丨 ㇀ 丶 ㇀ 乛 一 一 亅 丿 丶,false(a16~e15)
3245,蝶,dié,丨 𠃍 一 丨 一 丶 一 丨 丨 一 ㇄ 一 丨 丿 ㇏,true(a15~e15)
3246,蝴,hú,丨 𠃍 一 丨 一 丶 一 丨 丨 𠃍 一 丿 𠃌 一 一,true(a15~e15)
3247,蝠,fú,丨 𠃍 一 丨 一 丶 一 丨 𠃍 一 丨 𠃍 一 丨 一,true(a15~e15)
3248,蝎,xiē,丨 𠃍 一 丨 一 丶 丨 𠃍 一 一 丿 𠃌 丿 丶 ㇄,true(a15~e15)
3249,蝌,kē,丨 𠃍 一 丨 一 丶 丿 一 丨 丿 丶 丶 丶 一 丨,true(a15~e15)
3250,蝗,huáng,丨 𠃍 一 丨 一 丶 丿 丨 𠃍 一 一 一 一 丨 一,true(a15~e15)
3251,蝙,biān,丨 𠃍 一 丨 一 丶 丶 𠃍 一 丿 丨 𠃌 一 丨 丨,true(a15~e15)
3252,嘿,hēi、mò,丨 𠃍 一 丨 𠃍 丶 丿 一 丨 一 一 ㇀ 丶 丶 丶,true(a15~e15)
3253,嘱,zhǔ,丨 𠃍 一 𠃍 一 丿 丿 丨 𠃍 一 丨 𠃌 丨 ㇀ 丶,true(a15~e15)
3254,幢,chuáng、zhuàng,丨 𠃌 丨 丶 一 丶 丿 一 丨 𠃍 一 一 丨 一 一,true(a15~e15)
3255,墨,mò,丨 𠃍 丶 丿 一 丨 一 一 ㇀ 丶 丶 丶 一 丨 一,true(a15~e15)
3256,镇,zhèn,丿 一 一 一 𠄌 一 丨 丨 𠃍 一 一 一 一 丿 丶,true(a15~e15)
3257,镐,gǎo、hào,丿 一 一 一 𠄌 丶 一 丨 𠃍 一 丨 𠃌 丨 𠃍 一,true(a15~e15)
3258,镑,bàng,丿 一 一 一 𠄌 丶 一 丶 丿 ㇀ 乛 丶 一 𠃌 丿,false(a16~e15)
3259,靠,kào,丿 一 丨 一 丨 𠃍 一 丨 一 一 一 丨 一 一 一,true(a15~e15)
3260,稽,jī、qǐ,丿 一 丨 丿 丶 一 丿 乚 丶 丿 乚 丨 𠃍 一 一,true(a15~e15)
3261,稻,dào,丿 一 丨 丿 丶 丿 丶 丶 丿 丿 丨 一 𠃍 一 一,true(a15~e15)
3262,黎,lí,丿 一 丨 丿 丶 丿 𠃌 丿 丿 ㇏ 亅 丶 ㇀ 丿 丶,true(a15~e15)
3263,稿,gǎo,丿 一 丨 丿 丶 丶 一 丨 𠃍 一 丨 𠃌 丨 𠃍 一,true(a15~e15)
3264,稼,jià,丿 一 丨 丿 丶 丶 ㇀ 乛 一 丿 ㇁ 丿 丿 丿 ㇏,false(a16~e15)
3265,箱,xiāng,丿 一 丶 丿 一 丶 一 丨 丿 丶 丨 𠃍 一 一 一,true(a15~e15)
3266,篓,lǒu,丿 一 丶 丿 一 丶 丶 丿 一 丨 丿 ㇏ 𡿨 丿 一,true(a15~e15)
3267,箭,jiàn,丿 一 丶 丿 一 丶 丶 丿 一 丨 𠃌 一 一 丨 亅,true(a15~e15)
3268,篇,piān,丿 一 丶 丿 一 丶 丶 𠃍 一 丿 丨 𠃌 一 丨 丨,true(a15~e15)
3269,僵,jiāng,丿 丨 一 丨 𠃍 一 丨 一 一 丨 𠃍 一 丨 一 一,true(a15~e15)
3270,躺,tǎng,丿 丨 𠃌 一 一 一 丿 丨 丶 丿 丨 𠃌 丨 𠃍 一,true(a15~e15)
3271,僻,pì,丿 丨 𠃍 一 丿 丨 𠃍 一 丶 一 丶 丿 一 一 丨,true(a15~e15)
3272,德,dé,丿 丿 丨 一 丿 丨 𠃍 丨 丨 一 一 ㇀ ㇃ 丶 丶,false(a16~e15)
3273,艘,sōu,丿 丿 𠃌 丶 一 丶 丿 丨 一 𠃍 一 一 丨 ㇇ ㇏,false(a16~e15)
3274,膝,xī,丿 𠃌 一 一 一 丨 丿 丶 丿 ㇏ 亅 丶 ㇀ ㇀ 丶,true(a15~e15)
3275,膛,táng,丿 𠃌 一 一 丨 丶 丿 ㇀ 乛 丨 𠃍 一 一 丨 一,false(a16~e15)
3276,鲤,lǐ,丿 ㇇ 丨 𠃍 一 丨 一 ㇀ 丨 𠃍 一 一 丨 一 一,false(a16~e15)
3277,鲫,jì,丿 ㇇ 丨 𠃍 一 丨 一 ㇀ 𠃍 一 一 𠄌 丶 𠃌 丨,false(a16~e15)
3278,熟,shóu、shú,丶 一 丨 𠃍 一 ㇇ 亅 ㇀ 丿 ⺄ 丶 ㇀ 丶 丶 丶,false(a16~e15)
3279,摩,mā、mó,丶 一 丿 一 丨 丿 丶 一 丨 丿 ㇏ 丿 一 一 亅,true(a15~e15)
3280,褒,bāo,丶 一 丿 丨 丨 𠃍 一 一 丨 丿 丶 丿 𠄌 丿 ㇏,true(a15~e15)
3281,瘪,biē、biě,丶 一 丿 丶 ㇀ 丿 丨 𠃍 一 一 一 丿 ㇏ 丿 乚,true(a15~e15)
3282,瘤,liú,丶 一 丿 丶 ㇀ 丿 𠄌 丶 𠃌 丿 丨 𠃍 一 丨 一,true(a15~e15)
3283,瘫,tān,丶 一 丿 丶 ㇀ ㇇ 丶 丿 丨 丶 一 一 一 丨 一,false(a16~e15)
3284,凛,lǐn,丶 ㇀ 丶 一 丨 𠃍 丨 𠃍 一 一 一 一 亅 丿 丶,true(a15~e15)
3285,颜,yán,丶 一 丶 丿 一 丿 丿 丿 丿 一 丿 丨 𠃍 丿 丶,true(a15~e15)
3286,毅,yì,丶 一 丶 丿 一 丿 ㇁ 丿 丿 丿 丶 丿 ㇍ ㇇ ㇏,false(a17~e15)
3287,糊,hū、hú、hù,丶 丿 一 丨 丿 丶 一 丨 丨 𠃍 一 丿 𠃌 一 一,true(a15~e15)
3288,遵,zūn,丶 丿 一 丨 𠃍 丿 ㇄ 一 一 一 亅 丶 丶 ㇋ ㇏,true(a15~e15)
3289,憋,biē,丶 丿 丨 𠃌 丨 丿 丶 丿 一 丿 ㇏ ㇀ ㇃ 丶 丶,false(a16~e15)
3290,潜,qián,丶 丶 ㇀ 一 一 丿 丶 一 一 丿 ㇏ 丨 𠃍 一 一,true(a15~e15)
3291,澎,péng,丶 丶 ㇀ 一 丨 一 丨 𠃍 一 丶 丿 ㇀ 丿 丿 丿,true(a15~e15)
3292,潮,cháo,丶 丶 ㇀ 一 丨 丨 𠃍 一 一 一 丨 丿 𠃌 一 一,true(a15~e15)
3293,潭,tán,丶 丶 ㇀ 一 丨 𠃍 丨 丨 一 丨 𠃍 一 一 一 丨,true(a15~e15)
3294,鲨,shā,丶 丶 ㇀ 丨 丿 丶 丿 丿 ㇇ 丨 𠃍 一 丨 一 一,false(a16~e15)
3295,澳,ào,丶 丶 ㇀ 丿 丨 𠃍 丶 丿 一 丨 丿 丶 一 丿 ㇏,true(a15~e15)
3296,潘,pān,丶 丶 ㇀ 丿 丶 丿 一 丨 丿 ㇏ 丨 𠃍 一 丨 一,true(a15~e15)
3297,澈,chè,丶 丶 ㇀ 丶 一 𠃋 丶 丨 𠃌 一 一 丿 一 丿 ㇏,true(a15~e15)
3298,澜,lán,丶 丶 ㇀ 丶 丨 𠃌 一 丨 𠃍 丶 丿 一 丨 丿 丶,true(a15~e15)
3299,澄,chéng、dèng,丶 丶 ㇀ ㇇ 丶 丿 丿 ㇏ 一 丨 𠃍 一 丶 丿 一,false(a16~e15)
3300,懂,dǒng,㇀ 丶 丨 一 丨 丨 丿 一 丨 𠃍 一 一 丨 一 一,true(a15~e15)
3301,憔,qiáo,㇀ 丶 丨 丿 丨 丶 一 一 一 丨 一 ㇀ 丶 丶 丶,true(a15~e15)
3302,懊,ào,㇀ 丶 丨 丿 丨 𠃍 丶 丿 一 丨 丿 丶 一 丿 ㇏,true(a15~e15)
3303,憎,zēng,㇀ 丶 丨 丶 丿 丨 𠃍 丨 丶 丿 一 丨 𠃍 一 一,true(a15~e15)
3304,额,é,丶 ㇀ 乛 丿 ㇇ 丶 丨 𠃍 一 一 丿 丨 𠃍 丿 丶,false(a17~e15)
3305,翩,piān,丶 𠃍 一 丿 丨 𠃌 一 丨 丨 𠃌 丶 ㇀ 𠃌 丶 ㇀,true(a15~e15)
3306,褥,rù,丶 ㇇ 丨 丿 丶 一 丿 一 一 𠄌 丿 ㇏ 一 亅 丶,false(a16~e15)
3307,谴,qiǎn,丶 ㇊ 丨 𠃍 一 丨 一 丨 𠃍 一 𠃍 一 丶 ㇋ ㇏,true(a15~e15)
3308,鹤,hè,㇀ 乛 丿 丨 丶 一 一 一 丨 一 丿 𠃌 丶 ㇉ 一,false(a16~e15)
3309,憨,hān,㇇ 一 丨 丨 一 一 ㇀ 丿 一 丿 ㇏ ㇀ ㇃ 丶 丶,false(a17~e15)
3310,慰,wèi,𠃍 一 丿 一 一 亅 丿 丶 一 亅 丶 ㇀ ㇃ 丶 丶,false(a16~e15)
3311,劈,pī、pǐ,𠃍 一 丿 丨 𠃍 一 丶 一 丶 丿 一 一 丨 𠃌 丿,true(a15~e15)
3312,履,lǚ,𠃍 一 丿 丿 丿 丨 丿 一 丨 𠃍 一 一 丿 ㇇|乛 ㇏,false(a16~e15)
3313,豫,yù,㇇ 丶 乛 亅 丿 ㇇ 丨 𠃍 一 丿 ㇁ 丿 丿 丿 ㇏,false(a18~e15)
3314,缭,liáo,𠃋 𠃋 ㇀ 一 丿 ㇏ 丶 丿 丨 𠃍 一 一 亅 丿 丶,true(a15~e15)
3315,撼,hàn,一 亅 ㇀ 一 丿 一 丨 𠃍 一 ㇂ 丿 丶 ㇀ ㇃ 丶 丶,false(a18~e16)
3316,擂,léi、lèi,一 亅 ㇀ 一 ㇀ 乛 丨 丶 丶 丶 丶 丨 𠃍 一 丨 一,false(a17~e16)
3317,操,cāo,一 亅 ㇀ 丨 𠃍 一 丨 𠃍 一 丨 𠃍 一 一 丨 丿 ㇏,true(a16~e16)
3318,擅,shàn,一 亅 ㇀ 丶 一 丨 𠃍 丨 𠃍 一 一 丨 𠃍 一 一 一,true(a16~e16)
3319,燕,yàn、yān,一 丨 丨 一 丨 𠃍 一 丨 一 ㇀ 丿 乚 ㇀ 丶 丶 丶,true(a16~e16)
3320,蕾,lěi,一 丨 丨 一 ㇀ 乛 丨 丶 丶 丶 丶 丨 𠃍 一 丨 一,false(a17~e16)
3321,薯,shǔ,一 丨 丨 丨 𠃍 丨 丨 一 一 丨 一 丿 丨 𠃍 一 一,true(a16~e16)
3322,薛,xuē,一 丨 丨 丿 丨 𠃍 一 𠃍 一 丶 一 丶 丿 一 一 丨,true(a16~e16)
3323,薇,wēi,一 丨 丨 丿 丿 丨 丨 ㇄ 丨 一 丿 ㇊ 丿 一 丿 ㇏,true(a16~e16)
3324,擎,qíng,一 丨 丨 丿 𠃌 丨 𠃍 一 丿 一 丿 ㇏ 丿 一 一 亅,true(a16~e16)
3325,薪,xīn,一 丨 丨 丶 一 丶 丿 一 一 亅 丿 丶 丿 丿 一 丨,true(a16~e16)
3326,薄,báo、bó、bò,一 丨 丨 丶 丶 ㇀ 一 丨 𠃍 一 一 丨 丶 一 亅 丶,true(a16~e16)
3327,颠,diān,一 丨 丨 𠃍 一 一 一 一 丿 丶 一 丿 丨 𠃍 丿 丶,true(a16~e16)
3328,翰,hàn,一 丨 丨 𠃍 一 一 一 丨 丿 ㇏ 𠃌 丶 ㇀ 𠃌 丶 ㇀,true(a16~e16)
3329,噩,è,一 丨 丨 𠃍 一 丨 𠃍 一 一 丨 𠃍 一 丨 𠃍 一 一,true(a16~e16)
3330,橱,chú,一 丨 丿 丶 一 丿 一 丨 𠃍 一 丶 丿 ㇀ 一 亅 丶,true(a16~e16)
3331,橙,chéng,一 丨 丿 丶 ㇇ 丶 丿 丿 ㇏ 一 丨 𠃍 一 丶 丿 一,false(a17~e16)
3332,橘,jú,一 丨 丿 丶 ㇇ 丶 乛 亅 丿 丨 𠃌 丿 丶 丨 𠃍 一,false(a18~e16)
3333,整,zhěng,一 丨 𠃍 一 丨 丿 丶 丿 一 丿 ㇏ 一 丨 一 丨 一,true(a16~e16)
3334,融,róng,一 丨 𠃍 一 丨 𠃌 丶 丿 一 丨 丨 𠃍 一 丨 一 丶,true(a16~e16)
3335,瓢,piáo,一 丨 𠃍 丨 丨 一 一 一 亅 丿 丶 丿 丿 𠄌 丶 ㇏,true(a16~e16)
3336,醒,xǐng,一 丨 𠃍 丿 ㇄ 一 一 丨 𠃍 一 一 丿 一 一 丨 一,true(a16~e16)
3337,霍,huò,一 ㇀ 乛 丨 丶 丶 丶 丶 丿 丨 丶 一 一 一 丨 一,false(a17~e16)
3338,霎,shà,一 ㇀ 乛 丨 丶 丶 丶 丶 丶 一 丶 丿 一 𡿨 丿 一,false(a17~e16)
3339,辙,zhé,一 𠃋 丨 ㇀ 丶 一 𠃋 丶 丨 𠃌 一 一 丿 一 丿 ㇏,true(a16~e16)
3340,冀,jì,丨 一 ㇀ 丿 乚 丨 𠃍 一 丨 一 一 丨 丨 一 丿 丶,true(a16~e16)
3341,餐,cān,丨 一 丿 ㇇ 丶 ㇇|乛 丶 丿 ㇏ 丶 𠃍 一 一 𠄌 丿 丶,false(a18~e16)
3342,嘴,zuǐ,丨 𠃍 一 丨 一 丨 ㇀ 丿 乚 丿 ㇇ 丿 𠃌 一 一 丨,false(a17~e16)
3343,踱,duó,丨 𠃍 一 丨 一 丨 ㇀ 丶 一 丿 一 丨 丨 一 ㇇ ㇏,false(a17~e16)
3344,蹄,tí,丨 𠃍 一 丨 一 丨 ㇀ 丶 一 丶 丿 ㇀ 乛 丨 𠃌 丨,false(a17~e16)
3345,蹂,róu,丨 𠃍 一 丨 一 丨 ㇀ ㇇ 丶 乛 亅 丿 一 丨 丿 ㇏,false(a18~e16)
3346,蟆,má、mò,丨 𠃍 一 丨 一 丶 一 丨 丨 丨 𠃍 一 一 一 丿 ㇏,true(a16~e16)
3347,螃,páng,丨 𠃍 一 丨 一 丶 丶 一 丶 丿 ㇀ 乛 丶 一 𠃌 丿,false(a17~e16)
3348,器,qì,丨 𠃍 一 丨 𠃍 一 一 丿 ㇏ 丶 丨 𠃍 一 丨 𠃍 一,true(a16~e16)
3349,噪,zào,丨 𠃍 一 丨 𠃍 一 丨 𠃍 一 丨 𠃍 一 一 丨 丿 ㇏,true(a16~e16)
3350,鹦,yīng,丨 𠃍 丿 丶 丨 𠃍 丿 丶 𡿨 丿 一 丿 𠃌 丶 ㇉ 一,true(a16~e16)
3351,赠,zèng,丨 𠃍 丿 丶 丶 丿 丨 𠃍 丨 丶 丿 一 丨 𠃍 一 一,true(a16~e16)
3352,默,mò,丨 𠃍 丶 丿 一 丨 一 ㇀ ㇀ 丶 丶 丶 一 丿 ㇏ 丶,true(a16~e16)
3353,黔,qián,丨 𠃍 丶 丿 一 丨 一 ㇀ ㇀ 丶 丶 丶 丿 ㇏ 丶 ㇇,false(a17~e16)
3354,镜,jìng,丿 一 一 一 𠄌 丶 一 丶 丿 一 丨 𠃍 一 一 丿 乚,true(a16~e16)
3355,赞,zàn,丿 一 丨 一 丿 𠄌 丿 一 丨 一 丿 乚 丨 𠃍 丿 丶,true(a16~e16)
3356,穆,mù,丿 一 丨 丿 丶 丿 丨 𠃍 一 一 丨 丿 丶 丿 丿 丿,true(a16~e16)
3357,篮,lán,丿 一 丶 丿 一 丶 丨 丨 丿 一 丶 丨 𠃍 丨 丨 一,true(a16~e16)
3358,篡,cuàn,丿 一 丶 丿 一 丶 丨 𠃍 一 一 一 一 丿 ㇏ 𠃋 丶,true(a16~e16)
3359,篷,péng,丿 一 丶 丿 一 丶 丿 ㇇ ㇏ 一 一 一 丨 丶 ㇋ ㇏,false(a17~e16)
3360,篱,lí,丿 一 丶 丿 一 丶 丶 一 丿 丶 ㇄ 丨 丨 𠃌 𠃋 丶,true(a16~e16)
3361,儒,rú,丿 丨 一 ㇀ 乛 丨 丶 丶 丶 丶 一 丿 丨 𠃌 丨 丨,false(a17~e16)
3362,邀,yāo,丿 丨 𠃍 一 一 丶 一 𠃌 丿 丿 一 丿 丶 丶 ㇋ ㇏,true(a16~e16)
3363,衡,héng,丿 丿 丨 丿 ㇇ 丨 𠃍 一 丨 一 一 丿 丶 一 一 亅,false(a17~e16)
3364,膨,péng,丿 𠃌 一 一 一 丨 一 丨 𠃍 一 丶 丿 ㇀ 丿 丿 丿,true(a16~e16)
3365,雕,diāo,丿 𠃌 一 丨 一 丨 𠃍 一 丿 丨 丶 一 一 一 丨 一,true(a16~e16)
3366,鲸,jīng,丿 ㇇|乛 丨 𠃍 一 丨 一 ㇀ 丶 一 丨 𠃍 一 亅 丿 丶,false(a17~e16)
3367,磨,mó、mò,丶 一 丿 一 丨 丿 丶 一 丨 丿 ㇏ 一 丿 丨 𠃍 一,true(a16~e16)
3368,瘾,yǐn,丶 一 丿 丶 ㇀ ㇌ 丨 丿 ㇇ 𠃍 一 一 ㇀ ㇃ 丶 丶,false(a19~e16)
3369,瘸,qué,丶 一 丿 丶 ㇀ 𠃌 丿 丨 𠃍 一 丨 𠃌 丿 丶 丿 丶,true(a16~e16)
3370,凝,níng,丶 ㇀ 丿 乚 丿 一 一 丿 丶 ㇇ 丶 乛 丨 一 丿 ㇏,false(a18~e16)
3371,辨,biàn,丶 一 丶 丿 一 一 丿 ㇀ 丿 丶 一 丶 丿 一 一 丨,true(a16~e16)
3372,辩,biàn,丶 一 丶 丿 一 一 丿 丶 ㇊ 丶 一 丶 丿 一 一 丨,true(a16~e16)
3373,糙,cāo,丶 丿 一 丨 丿 丶 丿 一 丨 一 丨 𠃍 一 丶 ㇋ ㇏,true(a16~e16)
3374,糖,táng,丶 丿 一 丨 丿 丶 丶 一 丿 𠃍 一 一 丨 丨 𠃍 一,true(a16~e16)
3375,糕,gāo,丶 丿 一 丨 丿 丶 丶 丿 一 一 丨 一 ㇀ 丶 丶 丶,true(a16~e16)
3376,燃,rán,㇀ 丿 丿 丶 丿 ㇇ 丶 丶 一 丿 ㇏ 丶 ㇀ 丶 丶 丶,false(a17~e16)
3377,濒,bīn,丶 丶 ㇀ 丨 一 丨 一 丨 丿 丿 一 丿 丨 𠃍 丿 丶,true(a16~e16)
3378,澡,zǎo,丶 丶 ㇀ 丨 𠃍 一 丨 𠃍 一 丨 𠃍 一 一 丨 丿 ㇏,true(a16~e16)
3379,激,jī,丶 丶 ㇀ 丿 丨 𠃍 一 一 丶 一 𠃌 丿 丿 一 丿 ㇏,true(a16~e16)
3380,懒,lǎn,㇀ 丶 丨 一 丨 𠃍 一 丨 丿 丶 丿 ㇇ 丨 𠃍 丿 丶,false(a17~e16)
3381,憾,hàn,㇀ 丶 丨 一 丿 一 丨 𠃍 一 ㇂ 丿 丶 ㇀ ㇃ 丶 丶,false(a18~e16)
3382,懈,xiè,㇀ 丶 丨 丿 ㇇ 丿 𠃌 一 一 丨 𠃌 丿 丿 一 一 丨,false(a17~e16)
3383,窿,lóng,丶 ㇀ 乛 丿 丶 𠄎|㇌ 丨 丿 ㇇ ㇏ 一 丿 一 一 丨 一,false(a19~e16)
3384,壁,bì,𠃍 一 丿 丨 𠃍 一 丶 一 丶 丿 一 一 丨 一 丨 一,true(a16~e16)
3385,避,bì,𠃍 一 丿 丨 𠃍 一 丶 一 丶 丿 一 一 丨 丶 ㇋ ㇏,true(a16~e16)
3386,缰,jiāng,𠃋 𠃋 ㇀ 一 丨 𠃍 一 丨 一 一 丨 𠃍 一 丨 一 一,true(a16~e16)
3387,缴,jiǎo、zhuó,𠃋 𠃋 ㇀ 丿 丨 𠃍 一 一 丶 一 𠃌 丿 丿 一 丿 ㇏,true(a16~e16)
3388,戴,dài,一 丨 一 丨 𠃍 一 丨 一 一 丨 丨 一 丿 丶 ㇂ 丿 丶,false(a18~e17)
3389,擦,cā,一 亅 ㇀ 丶 ㇀ 乛 丿 ㇇ 丶 丶 ㇇ ㇏ 一 一 亅 丿 丶,false(a20~e17)
3390,藉,jiè、jí,一 丨 丨 一 一 一 丨 丿 丶 一 丨 丨 一 丨 𠃍 一 一,true(a17~e17)
3391,鞠,jū,一 丨 丨 一 丨 𠃍 一 一 丨 丿 𠃌 丶 丿 一 丨 丿 丶,true(a17~e17)
3392,藏,cáng、zàng,一 丨 丨 一 丿 ㇄ 一 丿 一 丨 𠃍 一 丨 ㇄ ㇂ 丿 丶,false(a18~e17)
3393,藐,miǎo,一 丨 丨 丿 丶 丶 丿 ㇁ 丿 丿 丿 丨 𠃍 一 一 丿 乚,true(a17~e17)
3394,檬,méng,一 丨 丿 丶 一 丨 丨 ㇀ 乛 一 一 丿 ㇁ 丿 丿 丿 ㇏,false(a18~e17)
3395,檐,yán,一 丨 丿 丶 丿 ㇇ 一 丿 丿 丶 丶 一 一 一 丨 𠃍 一,false(a18~e17)
3396,檀,tán,一 丨 丿 丶 丶 一 丨 𠃍 丨 𠃍 一 一 丨 𠃍 一 一 一,true(a17~e17)
3397,礁,jiāo,一 丿 丨 𠃍 一 丿 丨 丶 一 一 一 丨 一 ㇀ 丶 丶 丶,true(a17~e17)
3398,磷,lín,一 丿 丨 𠃍 一 丶 丿 一 丨 丿 ㇏ 丿 ㇇ 丶 一 𠃋 丨,false(a18~e17)
3399,霜,shuāng,一 ㇀ 乛 丨 丶 丶 丶 丶 一 丨 丿 丶 丨 𠃍 一 一 一,false(a18~e17)
3400,霞,xiá,一 ㇀ 乛 丨 丶 丶 丶 丶 𠃍 一 丨 一 一 𠃍 一 ㇇ ㇏,false(a19~e17)
3401,瞭,liǎo、liào,丨 𠃍 一 一 一 一 丿 ㇏ 丶 丿 丨 𠃍 一 一 亅 丿 丶,true(a17~e17)
3402,瞧,qiáo,丨 𠃍 一 一 一 丿 丨 丶 一 一 一 丨 一 ㇀ 丶 丶 丶,true(a17~e17)
3403,瞬,shùn,丨 𠃍 一 一 一 丿 丶 丶 丿 ㇀ 乛 丿 ㇇ 丶 一 𠃋 丨,false(a19~e17)
3404,瞳,tóng,丨 𠃍 一 一 一 丶 一 丶 丿 一 丨 𠃍 一 一 丨 一 一,true(a17~e17)
3405,瞩,zhǔ,丨 𠃍 一 一 一 𠃍 一 丿 丿 丨 𠃍 一 丨 𠃌 丨 ㇀ 丶,true(a17~e17)
3406,瞪,dèng,丨 𠃍 一 一 一 ㇇ 丶 丿 丿 ㇏ 一 丨 𠃍 一 丶 丿 一,false(a18~e17)
3407,曙,shǔ,丨 𠃍 一 一 丨 𠃍 丨 丨 一 一 丨 一 丿 丨 𠃍 一 一,true(a17~e17)
3408,蹋,tà,丨 𠃍 一 丨 一 丨 ㇀ 丨 𠃍 一 一 𠃌 丶 ㇀ 𠃌 丶 ㇀,true(a17~e17)
3409,蹈,dǎo,丨 𠃍 一 丨 一 丨 ㇀ 丿 丶 丶 丿 丿 丨 一 𠃍 一 一,true(a17~e17)
3410,螺,luó,丨 𠃍 一 丨 一 丶 丨 𠃍 一 丨 一 𠃋 𠃋 丶 亅 丿 丶,true(a17~e17)
3411,蟋,xī,丨 𠃍 一 丨 一 丶 丿 丶 丿 一 丨 丿 ㇏ ㇀ ㇃ 丶 丶,false(a18~e17)
3412,蟀,shuài,丨 𠃍 一 丨 一 丶 丶 一 𠃋 𠃋 丶 丶 ㇀ 丿 丶 一 丨,true(a17~e17)
3413,嚎,háo,丨 𠃍 一 丶 一 丨 𠃍 一 ㇀ 乛 一 丿 ㇁ 丿 丿 丿 ㇏,false(a18~e17)
3414,赡,shàn,丨 𠃍 丿 丶 丿 ㇇ 一 丿 丿 丶 丶 一 一 一 丨 𠃍 一,false(a18~e17)
3415,穗,suì,丿 一 丨 丿 丶 一 丨 𠃍 一 一 丨 一 丶 ㇀ ㇃ 丶 丶,false(a18~e17)
3416,魏,wèi,丿 一 丨 丿 丶 𡿨 丿 一 丿 丨 𠃍 一 一 丿 乚 𠃋 丶,true(a17~e17)
3417,簧,huáng,丿 一 丶 丿 一 丶 一 丨 丨 一 丨 𠃍 一 丨 一 丿 丶,true(a17~e17)
3418,簇,cù,丿 一 丶 丿 一 丶 丶 一 𠃌 丿 丿 一 丿 一 一 丿 ㇏,true(a17~e17)
3419,繁,fán、pó,丿 一 ㇄ 𠃌 丶 一 丶 丿 一 丿 ㇏ 𠃋 𠃋 丶 亅 丿 丶,true(a17~e17)
3420,徽,huī,丿 丿 丨 丨 ㇄ 丨 一 𠃋 𠃋 丶 亅 丿 丶 丿 一 丿 ㇏,true(a17~e17)
3421,爵,jué,丿 丶 丶 丿 丨 𠃍 丨 丨 一 𠃍 一 一 𠄌 丶 一 亅 丶,true(a17~e17)
3422,朦,méng,丿 𠃌 一 一 一 丨 丨 ㇀ 乛 一 一 丿 ㇁ 丿 丿 丿 ㇏,false(a18~e17)
3423,臊,sāo、sào,丿 𠃌 一 一 丨 𠃍 一 丨 𠃍 一 丨 𠃍 一 一 丨 丿 ㇏,true(a17~e17)
3424,鳄,è,丿 ㇇ 丨 𠃍 一 丨 一 ㇀ 丨 𠃍 一 丨 𠃍 一 一 一 ㇉,false(a18~e17)
3425,癌,ái,丶 一 丿 丶 ㇀ 丨 𠃍 一 丨 𠃍 一 丨 𠃍 一 丨 ㇄ 丨,true(a17~e17)
3426,辫,biàn,丶 一 丶 丿 一 一 丿 𠃋 𠃋 ㇀ 丶 一 丶 丿 一 一 丨,true(a17~e17)
3427,赢,yíng,丶 一 ㇄ 丨 𠃍 一 丿 𠃌 一 一 丨 𠃍 丿 丶 丿 ⺄ 丶,true(a17~e17)
3428,糟,zāo,丶 丿 一 丨 丿 丶 一 丨 𠃍 一 丨 丨 一 丨 𠃍 一 一,true(a17~e17)
3429,糠,kāng,丶 丿 一 丨 丿 丶 丶 一 丿 𠃍 一 一 亅 丶 ㇀ 丿 ㇏,true(a17~e17)
3430,燥,zào,㇀ 丿 丿 丶 丨 𠃍 一 丨 𠃍 一 丨 𠃍 一 一 丨 丿 ㇏,true(a17~e17)
3431,懦,nuò,㇀ 丶 丨 一 ㇀ 乛 丨 丶 丶 丶 丶 一 丿 丨 𠃌 丨 丨,false(a18~e17)
3432,豁,huō、huò、huá,丶 ㇀ 乛 一 一 一 丨 丨 𠃍 一 丿 丶 丿 ㇏ 丨 𠃍 一,false(a18~e17)
3433,臀,tún,𠃍 一 丿 一 丨 丨 一 丿 丶 丿 ㇍ ㇇ ㇏ 丨 𠃌 一 一,false(a19~e17)
3434,臂,bì、bei,𠃍 一 丿 丨 𠃍 一 丶 一 丶 丿 一 一 丨 丨 𠃌 一 一,true(a17~e17)
3435,翼,yì,𠃍 丶 ㇀ 𠃍 丶 ㇀ 丨 𠃍 一 丨 一 一 丨 丨 一 丿 丶,true(a17~e17)
3436,骤,zhòu,𠃍 ㇉ ㇀ 一 丨 丨 一 一 ㇀ ㇇ 丶 丿 丨 丿 丿 丿 ㇏,false(a18~e17)
3437,藕,ǒu,一 丨 丨 一 一 一 丨 丿 丶 丨 𠃍 一 一 丨 𠃌 丨 ㇀ 丶,true(a18~e18)
3438,鞭,biān,一 丨 丨 一 丨 𠃍 一 一 丨 丿 丨 一 丨 𠃍 一 一 丿 ㇏,true(a18~e18)
3439,藤,téng,一 丨 丨 丿 𠃌 一 一 丶 丿 一 一 丿 ㇏ 亅 丶 ㇀ 丿 丶,true(a18~e18)
3440,覆,fù,一 丨 𠃍 丨 丨 一 丿 丿 丨 丿 一 丨 𠃍 一 一 丿 ㇇ ㇏,false(a19~e18)
3441,瞻,zhān,丨 𠃍 一 一 一 丿 ㇇ 一 丿 丿 丶 丶 一 一 一 丨 𠃍 一,false(a19~e18)
3442,蹦,bèng,丨 𠃍 一 丨 一 丨 ㇀ 丨 ㇄ 丨 丿 𠃌 一 一 丿 𠃌 一 一,true(a18~e18)
3443,嚣,xiāo,丨 𠃍 一 丨 𠃍 一 一 丿 丨 𠃍 丿 丶 丨 𠃍 一 丨 𠃍 一,true(a18~e18)
3444,镰,lián,丿 一 一 一 𠄌 丶 一 丿 丶 丿 一 𠃍 一 一 丨 丨 丿 ㇏,true(a18~e18)
3445,翻,fān,丿 丶 丿 一 丨 丿 丶 丨 𠃍 一 丨 一 𠃌 丶 ㇀ 𠃌 丶 ㇀,true(a18~e18)
3446,鳍,qí,丿 ㇇ 丨 𠃍 一 丨 一 ㇀ 一 丨 一 丿 丿 乚 丨 𠃍 一 一,false(a19~e18)
3447,鹰,yīng,丶 一 丿 丿 丨 丿 丨 丶 一 一 一 丨 一 丿 𠃌 丶 ㇉ 一,true(a18~e18)
3448,瀑,pù、bào,丶 丶 ㇀ 丨 𠃍 一 一 一 丨 丨 一 丿 ㇏ 亅 丶 ㇀ 丿 丶,true(a18~e18)
3449,襟,jīn,丶 ㇇ 丨 丿 丶 一 丨 丿 丶 一 丨 丿 ㇏ 一 一 亅 丿 丶,false(a19~e18)
3450,璧,bì,𠃍 一 丿 丨 𠃍 一 丶 一 丶 丿 一 一 丨 一 一 丨 一 丶,true(a18~e18)
3451,戳,chuō,𠃍 丶 ㇀ 𠃍 丶 ㇀ 丿 丨 丶 一 一 一 丨 一 一 ㇂ 丿 丶,false(a19~e18)
3452,孽,niè,一 丨 丨 丿 丨 𠃍 一 𠃍 一 丶 一 丶 丿 一 一 丨 ㇇ 亅 一,false(a20~e19)
3453,警,jǐng,一 丨 丨 丿 𠃌 丨 𠃍 一 丿 一 丿 ㇏ 丶 一 一 一 丨 𠃍 一,true(a19~e19)
3454,蘑,mó,一 丨 丨 丶 一 丿 一 丨 丿 丶 一 丨 丿 ㇏ 一 丿 丨 𠃍 一,true(a19~e19)
3455,藻,zǎo,一 丨 丨 丶 丶 ㇀ 丨 𠃍 一 丨 𠃍 一 丨 𠃍 一 一 丨 丿 ㇏,true(a19~e19)
3456,攀,pān,一 丨 丿 丶 丿 丶 丿 丶 一 丨 丿 丶 一 丿 ㇏ 丿 一 一 亅,true(a19~e19)
3457,曝,pù、bào,丨 𠃍 一 一 丨 𠃍 一 一 一 丨 丨 一 丿 ㇏ 亅 丶 ㇀ 丿 丶,true(a19~e19)
3458,蹲,dūn,丨 𠃍 一 丨 一 丨 ㇀ 丶 丿 一 丨 𠃍 丿 ㇄ 一 一 一 亅 丶,true(a19~e19)
3459,蹭,cèng,丨 𠃍 一 丨 一 丨 ㇀ 丶 丿 丨 𠃍 丨 丶 丿 一 丨 𠃍 一 一,true(a19~e19)
3460,蹬,dēng,丨 𠃍 一 丨 一 丨 ㇀ ㇇ 丶 丿 丿 ㇏ 一 丨 𠃍 一 丶 丿 一,false(a20~e19)
3461,巅,diān,丨 ㇄ 丨 一 丨 丨 𠃍 一 一 一 一 丿 丶 一 丿 丨 𠃍 丿 丶,true(a19~e19)
3462,簸,bò、bǒ,丿 一 丶 丿 一 丶 一 丨 丨 一 一 一 丿 丶 乛 丿 丨 ㇇ ㇏,false(a21~e19)
3463,簿,bù、bó,丿 一 丶 丿 一 丶 丶 丶 ㇀ 一 丨 𠃍 一 一 丨 丶 一 亅 丶,true(a19~e19)
3464,蟹,xiè,丿 ㇇ 丿 𠃌 一 一 丨 𠃌 丿 丿 一 一 丨 丨 𠃍 一 丨 一 丶,false(a20~e19)
3465,颤,chàn、zhàn,丶 一 丨 𠃍 丨 𠃍 一 一 丨 𠃍 一 一 ㇀ 一 丿 丨 𠃍 丿 丶,true(a19~e19)
3466,靡,mí、mǐ,丶 一 丿 一 丨 丿 丶 一 丨 丿 ㇏ 丨 一 一 一 丨 一 一 一,true(a19~e19)
3467,癣,xuǎn,丶 一 丿 丶 ㇀ 丿 ㇇ 丨 𠃍 一 丨 一 ㇀ 丶 丿 一 一 一 丨,false(a20~e19)
3468,瓣,bàn,丶 一 丶 丿 一 一 丿 丿 丿 𠄌 丶 ㇏ 丶 一 丶 丿 一 一 丨,true(a19~e19)
3469,羹,gēng,丶 丿 一 一 丨 一 ㇀ 丶 丶 丶 丶 丿 一 一 丨 一 一 丿 ㇏,true(a19~e19)
3470,鳖,biē,丶 丿 丨 𠃌 丨 丿 丶 丿 一 丿 ㇏ 丿 ㇇ 丨 𠃍 一 丨 一 一,false(a20~e19)
3471,爆,bào,㇀ 丿 丿 丶 丨 𠃍 一 一 一 丨 丨 一 丿 ㇏ 亅 丶 ㇀ 丿 丶,true(a19~e19)
3472,疆,jiāng、qiáng,𠃍 一 ㇉ 一 丨 ㇀ 一 丨 𠃍 一 丨 一 一 丨 𠃍 一 丨 一 一,true(a19~e19)
3473,鬓,bìn,一 丨 一 一 一 𠃋 丶 丿 丿 丿 丶 ㇀ 乛 丿 丨 一 丨 一 丿 丶,false(a21~e20)
3474,壤,rǎng,一 丨 ㇀ 丶 一 丨 𠃍 一 丨 𠃍 一 一 一 丨 丨 一 丿 𠄌 丿 ㇏,true(a20~e20)
3475,馨,xīn,一 丨 一 𠃍 丨 一 丿 丿 ㇍ ㇇ 丶 丿 一 丨 丿 ㇏ 丨 𠃍 一 一,false(a22~e20)
3476,耀,yào,丨 丶 丿 一 丿 𠄌 𠃍 丶 ㇀ 𠃍 丶 ㇀ 丿 丨 丶 一 一 一 丨 一,true(a20~e20)
3477,躁,zào,丨 𠃍 一 丨 一 丨 ㇀ 丨 𠃍 一 丨 𠃍 一 丨 𠃍 一 一 丨 丿 ㇏,true(a20~e20)
3478,蠕,rú,丨 𠃍 一 丨 一 丶 一 ㇀ 乛 丨 丶 丶 丶 丶 一 丿 丨 𠃌 丨 丨,false(a21~e20)
3479,嚼,jiáo、jué、jiào,丨 𠃍 一 丿 丶 丶 丿 丨 𠃍 丨 丨 一 𠃍 一 一 𠄌 丶 一 亅 丶,true(a20~e20)
3480,嚷,rǎng、rāng,丨 𠃍 一 丶 一 丨 𠃍 一 丨 𠃍 一 一 一 丨 丨 一 丿 𠄌 丿 ㇏,true(a20~e20)
3481,巍,wēi,丨 ㇄ 丨 丿 一 丨 丿 丶 𡿨 丿 一 丿 丨 𠃍 一 一 丿 乚 𠃋 丶,true(a20~e20)
3482,籍,jí,丿 一 丶 丿 一 丶 一 一 一 丨 丿 丶 一 丨 丨 一 丨 𠃍 一 一,true(a20~e20)
3483,鳞,lín,丿 ㇇ 丨 𠃍 一 丨 一 ㇀ 丶 丿 一 丨 丿 ㇏ 丿 ㇇ 丶 一 𠃋 丨,false(a22~e20)
3484,魔,mó,丶 一 丿 一 丨 丿 丶 一 丨 丿 ㇏ 丿 丨 𠃍 一 一 丿 乚 𠃋 丶,true(a20~e20)
3485,糯,nuò,丶 丿 一 丨 丿 丶 一 ㇀ 乛 丨 丶 丶 丶 丶 一 丿 丨 𠃌 丨 丨,false(a21~e20)
3486,灌,guàn,丶 丶 ㇀ 一 丨 丨 丨 𠃍 一 丨 𠃍 一 丿 丨 丶 一 一 一 丨 一,true(a20~e20)
3487,譬,pì,𠃍 一 丿 丨 𠃍 一 丶 一 丶 丿 一 一 丨 丶 一 一 一 丨 𠃍 一,true(a20~e20)
3488,蠢,chǔn,一 一 一 丿 ㇏ 丨 𠃍 一 一 丨 𠃍 一 丨 一 丶 丨 𠃍 一 丨 一 丶,true(a21~e21)
3489,霸,bà,一 ㇀ 乛 丨 丶 丶 丶 丶 一 丨 丨 一 丨 𠃍 一 一 丨 丿 𠃌 一 一,false(a22~e21)
3490,露,lòu、lù,一 ㇀ ㇇|乛 丨 丶 丶 丶 丶 丨 𠃍 一 丨 一 丨 ㇀ 丿 乛 ㇏ 丨 𠃍 一,false(a23~e21)
3491,霹,pī,一 ㇀ 乛 丨 丶 丶 丶 丶 𠃍 一 丿 丨 𠃍 一 丶 一 丶 丿 一 一 丨,false(a22~e21)
3492,躏,lìn,丨 𠃍 一 丨 一 丨 ㇀ 一 丨 丨 丶 丨 𠃌 丿 丨 丶 一 一 一 丨 一,true(a21~e21)
3493,黯,àn,丨 𠃍 丶 丿 一 丨 一 ㇀ ㇀ 丶 丶 丶 丶 一 丶 丿 一 丨 𠃍 一 一,true(a21~e21)
3494,髓,suǐ,丨 𠃍 𠃍 ㇀ 乛 丨 𠃌 一 一 一 丿 一 丨 一 丨 𠃌 一 一 丶 ㇋ ㇏,false(a22~e21)
3495,赣,gàn,丶 一 丶 丿 一 丨 𠃍 一 一 一 丨 丿 ㇇ ㇏ 一 丨 一 丨 𠃍 丿 丶,false(a22~e21)
3496,囊,náng、nāng,一 丨 𠃍 一 丨 ㇀ 乛 丨 𠃍 一 丨 𠃍 一 一 一 丨 丨 一 丿 𠄌 丿 ㇏,false(a23~e22)
3497,镶,xiāng,丿 一 一 一 𠄌 丶 一 丨 𠃍 一 丨 𠃍 一 一 一 丨 丨 一 丿 𠄌 丿 ㇏,true(a22~e22)
3498,瓤,ráng,丶 一 丨 𠃍 一 丨 𠃍 一 一 一 丨 丨 一 丿 𠄌 丿 丶 丿 丿 𠄌 丶 ㇏,true(a22~e22)
3499,罐,guàn,丿 一 一 丨 ㇄ 丨 一 丨 丨 丨 𠃍 一 丨 𠃍 一 丿 丨 丶 一 一 一 丨 一,true(a23~e23)
3500,矗,chù,一 丨 丨 𠃍 一 一 一 一 一 丨 丨 𠃍 一 一 一 ㇀ 一 丨 丨 𠃍 一 一 一 一,true(a24~e24)
3501,乂,yì,丿 ㇏,true(a2~e2)
3502,乜,miē、niè,𠃌 乚,true(a2~e2)
3503,兀,wù,一 丿 乚,true(a3~e3)
3504,弋,yì,一 ㇂ 丶,false(a4~e3)
3505,孑,jié,㇇ 亅 ㇀,false(a4~e3)
3506,孓,jué,㇇ 亅 ㇏,false(a4~e3)
3507,幺,yāo,𠃋 𠃋 丶,true(a3~e3)
3508,亓,qí,一 一 丿 丨,true(a4~e4)
3509,韦,wéi,一 一 𠃌 丨,true(a4~e4)
3510,廿,niàn,一 丨 丨 一,true(a4~e4)
3511,丏,miǎn,一 丨 ㇄ 𠃌,false(a1~e4)
3512,卅,sà,一 丿 丨 丨,true(a4~e4)
3513,仄,zè,一 丿 丿 ㇏,true(a4~e4)
3514,厄,è,一 丿 𠃌 乚,true(a4~e4)
3515,仃,dīng,丿 丨 一 亅,true(a4~e4)
3516,仉,zhǎng,丿 丨 丿 ⺄,true(a4~e4)
3517,仂,lè,丿 丨 𠃌 丿,true(a4~e4)
3518,兮,xī,丿 ㇏ 一 ㇉,true(a4~e4)
3519,刈,yì,丿 丶 丨 亅,true(a4~e4)
3520,爻,yáo,丿 丶 丿 ㇏,true(a4~e4)
3521,卞,biàn,丶 一 丨 丶,true(a4~e4)
3522,闩,shuān,丶 丨 𠃌 一,true(a4~e4)
3523,讣,fù,丶 ㇊ 丨 丶,true(a4~e4)
3524,尹,yǐn,𠃍 一 一 丿,true(a4~e4)
3525,夬,guài,𠃍 一 丿 ㇏,false(a1~e4)
3526,爿,pán,㇄ 丨 一 丿,true(a4~e4)
3527,毋,wú,㇄ 𠃌 丿 一,true(a4~e4)
3528,邗,hán,一 一 丨 ㇌ 丨,false(a6~e5)
3529,邛,qióng,一 丨 ㇀ ㇌ 丨,false(a6~e5)
3530,艽,jiāo、qiú,一 丨 丨 丿 ⺄,true(a5~e5)
3531,艿,nǎi,一 丨 丨 𠄎 丿,false(a6~e5)
3532,札,zhá,一 丨 丿 丶 乚,true(a5~e5)
3533,叵,pǒ,一 丨 𠃍 一 ㇄,true(a5~e5)
3534,匝,zā,一 丨 𠃌 丨 ㇄,true(a5~e5)
3535,丕,pī,一 丿 丨 丶 一,true(a5~e5)
3536,匜,yí,一 𠃊 𠃌 丨 乚,false(a1~e5)
3537,劢,mài,一 𠃌 丿 𠃌 丿,true(a5~e5)
3538,卟,bǔ,丨 𠃍 一 丨 丶,true(a5~e5)
3539,叱,chì,丨 𠃍 一 丿 乚,true(a5~e5)
3540,叻,lè,丨 𠃍 一 𠃌 丿,true(a5~e5)
3541,仨,sā,丿 丨 一 一 一,true(a5~e5)
3542,仕,shì,丿 丨 一 丨 一,true(a5~e5)
3543,仟,qiān,丿 丨 丿 一 丨,true(a5~e5)
3544,仡,yì、gē,丿 丨 丿 一 ⺄,true(a5~e5)
3545,仫,mù,丿 丨 丿 𠃋 丶,true(a5~e5)
3546,仞,rèn,丿 丨 𠃌 丿 ㇀,true(a5~e5)
3547,卮,zhī,丿 丿 一 𠃌 乚,true(a5~e5)
3548,氐,dī、dǐ,丿 𠄌 一 ㇂ 丶,false(a6~e5)
3549,犰,qiú,丿 ㇁ 丿 丿 ⺄,true(a5~e5)
3550,刍,chú,丿 ㇇ 𠃍 一 一,false(a6~e5)
3551,邝,kuàng,丶 一 丿 ㇌ 丨,false(a6~e5)
3552,邙,máng,丶 一 ㇄ ㇌ 丨,false(a6~e5)
3553,汀,tīng,丶 丶 ㇀ 一 亅,true(a5~e5)
3554,讦,jié,丶 ㇊ 一 一 丨,true(a5~e5)
3555,讧,hòng,丶 ㇊ 一 丨 一,true(a5~e5)
3556,讪,shàn,丶 ㇊ 丨 ㇄ 丨,true(a5~e5)
3557,讫,qì,丶 ㇊ 丿 一 ⺄,true(a5~e5)
3558,尻,kāo,𠃍 一 丿 丿 ⺄,true(a5~e5)
3559,阡,qiān,㇌ 丨 丿 一 丨,false(a6~e5)
3560,尕,gǎ,𠄎 丿 亅 丿 丶,false(a6~e5)
3561,弁,biàn,𠃋 丶 一 丿 丨,true(a5~e5)
3562,驭,yù,𠃍 ㇉ ㇀ ㇇ ㇏,false(a6~e5)
3563,匡,kuāng,一 一 一 丨 一 ㇄,true(a6~e6)
3564,耒,lěi,一 一 一 丨 丿 ㇏,true(a6~e6)
3565,玎,dīng,一 一 丨 ㇀ 一 亅,true(a6~e6)
3566,玑,jī,一 一 丨 ㇀ 丿 ⺄,true(a6~e6)
3567,邢,xíng,一 一 丿 丨 ㇌ 丨,false(a7~e6)
3568,圩,xū、wéi,一 丨 ㇀ 一 一 亅,true(a6~e6)
3569,圬,wū,一 丨 ㇀ 一 一 ㇉,true(a6~e6)
3570,圭,guī,一 丨 一 一 丨 一,true(a6~e6)
3571,扦,qiān,一 亅 ㇀ 丿 一 丨,true(a6~e6)
3572,圪,gē,一 丨 ㇀ 丿 一 ⺄,true(a6~e6)
3573,圳,zhèn,一 丨 ㇀ 丿 丨 丨,true(a6~e6)
3574,圹,kuàng,一 丨 ㇀ 丶 一 丿,true(a6~e6)
3575,扪,mén,一 亅 ㇀ 丶 丨 𠃌,true(a6~e6)
3576,圮,pǐ,一 丨 ㇀ 𠃍 一 乚,true(a6~e6)
3577,圯,yí,一 丨 ㇀ 𠃍 一 乚,true(a6~e6)
3578,芊,qiān,一 丨 丨 丿 一 丨,true(a6~e6)
3579,芍,sháo,一 丨 丨 丿 𠃌 丶,true(a6~e6)
3580,芄,wán,一 丨 丨 丿 ⺄ 丶,true(a6~e6)
3581,芨,jī,一 丨 丨 丿 ㇋ ㇏,true(a6~e6)
3582,芑,qǐ,一 丨 丨 𠃍 一 乚,true(a6~e6)
3583,芎,xiōng,一 丨 丨 𠃍 一 ㇉,true(a6~e6)
3584,芗,xiāng,一 丨 丨 𠃋 𠃋 丿,true(a6~e6)
3585,亘,gèn,一 丨 𠃍 一 一 一,true(a6~e6)
3586,厍,shè,一 丿 一 𠃋 一 丨,true(a6~e6)
3587,夼,kuǎng,一 丿 ㇏ 丿 丨 丨,true(a6~e6)
3588,戍,shù,一 丿 丶 ㇂ 丿 丶,false(a7~e6)
3589,尥,liào,一 丿 乚 丿 𠃌 丶,true(a6~e6)
3590,乩,jī,丨 一 丨 𠃍 一 乚,true(a6~e6)
3591,旯,lá,丨 𠃍 一 一 丿 ⺄,true(a6~e6)
3592,曳,yè,丨 𠃍 一 一 ㇂ 丿,false(a7~e6)
3593,岌,jí,丨 ㇄ 丨 丿 ㇋ ㇏,true(a6~e6)
3594,屺,qǐ,丨 ㇄ 丨 𠃍 一 乚,true(a6~e6)
3595,凼,dàng,亅 ㇇ 丿 丶 ㇄ 丨,false(a7~e6)
3596,囡,nān,丨 𠃍 𡿨 丿 一 一,true(a6~e6)
3597,钇,yǐ,丿 一 一 一 𠄌 ⺄,true(a6~e6)
3598,缶,fǒu,丿 一 一 丨 ㇄ 丨,true(a6~e6)
3599,氘,dāo,丿 一 一 ⺄ 丿 丨,true(a6~e6)
3600,氖,nǎi,丿 一 一 ⺄ 𠄎 丿,false(a7~e6)
3601,牝,pìn,丿 一 丨 ㇀ 丿 乚,true(a6~e6)
3602,伎,jì、qí,丿 丨 一 丨 ㇇ ㇏,false(a7~e6)
3603,伛,yǔ,丿 丨 一 丿 丶 ㇄,true(a6~e6)
3604,伢,yá,丿 丨 一 𠃋 亅 丿,true(a6~e6)
3605,佤,wǎ,丿 丨 一 𠄌 ⺄ 丶,true(a6~e6)
3606,仵,wǔ,丿 丨 丿 一 一 丨,true(a6~e6)
3607,伥,chāng,丿 丨 丿 一 𠄌 ㇏,true(a6~e6)
3608,伧,cāng、chen,丿 丨 丿 ㇏ 𠃌 乚,true(a6~e6)
3609,伉,kàng,丿 丨 丶 一 丿 ⺄,true(a6~e6)
3610,伫,zhù,丿 丨 丶 ㇀ 乛 一,false(a7~e6)
3611,囟,xìn,丿 丨 𠃍 丿 丶 一,true(a6~e6)
3612,汆,cuān,丿 ㇏ 亅 ㇇ 丿 ㇏,false(a7~e6)
3613,刖,yuè,丿 𠃌 一 一 丨 亅,true(a6~e6)
3614,夙,sù,丿 ⺄ 一 丿 ㇇ 丶,false(a7~e6)
3615,旮,gā,丿 ⺄ 丨 𠃍 一 一,true(a6~e6)
3616,刎,wěn,丿 𠃌 丿 丿 丨 亅,true(a6~e6)
3617,犷,guǎng,丿 ㇁ 丿 丶 一 丿,true(a6~e6)
3618,犸,mǎ,丿 ㇁ 丿 𠃍 ㇉ 一,true(a6~e6)
3619,舛,chuǎn,丿 ㇇ 丶 一 𠃋 丨,false(a7~e6)
3620,凫,fú,丿 𠃌 丶 ㇉ 丿 ⺄,true(a6~e6)
3621,邬,wū,丿 𠃌 ㇉ ㇀ ㇌ 丨,false(a7~e6)
3622,饧,xíng,丿 ㇇ 𠄌 𠄎 丿 丿,false(a8~e6)
3623,汕,shàn,丶 丶 ㇀ 丨 ㇄ 丨,true(a6~e6)
3624,汔,qì,丶 丶 ㇀ 丿 一 ⺄,true(a6~e6)
3625,汐,xī,丶 丶 ㇀ 丿 ㇇|乛 丶,false(a7~e6)
3626,汲,jí,丶 丶 ㇀ 丿 ㇋ ㇏,true(a6~e6)
3627,汜,sì,丶 丶 ㇀ 𠃍 一 乚,true(a6~e6)
3628,汊,chà,丶 丶 ㇀ ㇇ ㇏ 丶,false(a7~e6)
3629,忖,cǔn,㇀ 丶 丨 一 亅 丶,true(a6~e6)
3630,忏,chàn,㇀ 丶 丨 丿 一 丨,true(a6~e6)
3631,讴,ōu,丶 ㇊ 一 丿 丶 ㇄,true(a6~e6)
3632,讵,jù,丶 ㇊ 一 𠃍 一 ㇄,true(a6~e6)
3633,祁,qí,丶 ㇇ 丨 丶 ㇌ 丨,false(a8~e6)
3634,讷,nè,丶 ㇊ 丨 𠃌 丿 丶,true(a6~e6)
3635,聿,yù,𠃍 一 一 一 一 丨,true(a6~e6)
3636,艮,gěn、gèn,𠃍 一 一 𠄌 丿 ㇏,true(a6~e6)
3637,厾,dū,⺄ 一 丨 𠃋 丶,false(a1~e6)
3638,阱,jǐng,㇌ 丨 一 一 丿 丨,false(a7~e6)
3639,阮,ruǎn,㇌ 丨 一 一 丿 乚,false(a7~e6)
3640,阪,bǎn,㇌ 丨 丿 丿 ㇇ ㇏,false(a8~e6)
3641,丞,chéng,㇇ 亅 ㇇ 丿 ㇏ 一,false(a8~e6)
3642,妁,shuò,𡿨 丿 一 丿 𠃌 丶,true(a6~e6)
3643,牟,móu、mù,𠃋 丶 丿 一 一 丨,true(a6~e6)
3644,纡,yū,𠃋 𠃋 ㇀ 一 一 亅,true(a6~e6)
3645,纣,zhòu,𠃋 𠃋 ㇀ 一 亅 丶,true(a6~e6)
3646,纥,hé、gē,𠃋 𠃋 ㇀ 丿 一 ⺄,true(a6~e6)
3647,纨,wán,𠃋 𠃋 ㇀ 丿 ⺄ 丶,true(a6~e6)
3648,玕,gān,一 一 丨 ㇀ 一 一 丨,false(a1~e7)
3649,玙,yú,一 一 丨 ㇀ 一 ㇉ 一,true(a7~e7)
3650,抟,tuán,一 亅 ㇀ 一 一 ㄣ 丶,false(a8~e7)
3651,抔,póu,一 亅 ㇀ 一 丿 丨 丶,false(a1~e7)
3652,圻,qí、yín,一 丨 ㇀ 丿 丿 一 丨,true(a7~e7)
3653,坂,bǎn,一 丨 ㇀ 丿 丿 ㇇ ㇏,false(a8~e7)
3654,坍,tān,一 丨 ㇀ 丿 𠃌 丶 一,true(a7~e7)
3655,坞,wù,一 丨 ㇀ 丿 𠃌 ㇉ 一,true(a7~e7)
3656,抃,biàn,一 亅 ㇀ 丶 一 丨 丶,false(a1~e7)
3657,抉,jué,一 亅 ㇀ 𠃍 一 丿 ㇏,true(a7~e7)
3658,㧐,sǒng,一 亅 ㇀ ㇇ 丶 ㇇ ㇏,false(a1~e7)
3659,芫,yán、yuán,一 丨 丨 一 一 丿 乚,true(a7~e7)
3660,邯,hán,一 丨 丨 一 一 ㇌ 丨,false(a8~e7)
3661,芸,yún,一 丨 丨 一 一 𠃋 丶,true(a7~e7)
3662,芾,fèi、fú,一 丨 丨 一 丨 𠃌 丨,true(a7~e7)
3663,苈,lì,一 丨 丨 一 丿 𠃌 丿,true(a7~e7)
3664,苣,jù、qǔ,一 丨 丨 一 𠃍 一 ㇄,true(a7~e7)
3665,芷,zhǐ,一 丨 丨 丨 一 丨 一,true(a7~e7)
3666,芮,ruì,一 丨 丨 丨 𠃌 丿 丶,true(a7~e7)
3667,苋,xiàn,一 丨 丨 丨 𠃍 丿 乚,true(a7~e7)
3668,芼,máo、mào,一 丨 丨 丿 一 一 乚,false(a1~e7)
3669,苌,cháng,一 丨 丨 丿 一 𠄌 ㇏,true(a7~e7)
3670,苁,cōng,一 丨 丨 丿 丶 丿 ㇏,true(a7~e7)
3671,芩,qín,一 丨 丨 丿 ㇏ 丶 ㇇,false(a8~e7)
3672,芪,qí,一 丨 丨 丿 𠄌 一 ㇂,false(a8~e7)
3673,芡,qiàn,一 丨 丨 丿 乛 丿 ㇏,false(a8~e7)
3674,芟,shān,一 丨 丨 丿 ㇍ ㇇ ㇏,false(a9~e7)
3675,苄,biàn,一 丨 丨 丶 一 丨 丶,true(a7~e7)
3676,苎,zhù,一 丨 丨 丶 ㇀ 乛 一,false(a8~e7)
3677,苡,yǐ,一 丨 丨 𠄌 丶 丿 丶,true(a7~e7)
3678,杌,wù,一 丨 丿 丶 一 丿 乚,true(a7~e7)
3679,杓,sháo、biāo,一 丨 丿 丶 丿 𠃌 丶,true(a7~e7)
3680,杞,qǐ,一 丨 丿 丶 𠃍 一 乚,true(a7~e7)
3681,杈,chā、chà,一 丨 丿 丶 ㇇ ㇏ 丶,false(a8~e7)
3682,忑,tè,一 丨 丶 ㇀ ㇃ 丶 丶,false(a8~e7)
3683,孛,bèi,一 丨 ㇀ 乛 ㇇ 亅 一,false(a9~e7)
3684,邴,bǐng,一 丨 𠃌 丿 丶 ㇌ 丨,false(a8~e7)
3685,邳,pī,一 丿 丨 丶 ㇀ ㇌ 丨,false(a8~e7)
3686,矶,jī,一 丿 丨 𠃍 一 丿 ⺄,true(a7~e7)
3687,奁,lián,一 丿 ㇏ 一 丿 丶 ㇄,true(a7~e7)
3688,豕,shǐ,一 丿 ㇁ 丿 丿 丿 ㇏,true(a7~e7)
3689,忒,tè、tuī,一 ㇀ ㇃ 丶 丶 ㇂ 丶,false(a9~e7)
3690,欤,yú,一 ㇉ ㇀ 丿 乛 丿 ㇏,false(a8~e7)
3691,轫,rèn,一 𠃋 丨 ㇀ 𠃌 丿 ㇀,true(a7~e7)
3692,迓,yà,一 𠃋 亅 丿 丶 ㇋ ㇏,true(a7~e7)
3693,邶,bèi,丨 一 ㇀ 一 𠄌 ㇌ 丨,false(a8~e7)
3694,忐,tǎn,丨 一 一 ㇀ ㇃ 丶 丶,false(a8~e7)
3695,卣,yǒu,丨 一 丨 𠃍 𠃍 一 一,true(a7~e7)
3696,邺,yè,丨 丨 丶 丿 ㇀ ㇌ 丨,false(a8~e7)
3697,旰,gàn、hàn,丨 𠃍 一 一 一 一 丨,true(a7~e7)
3698,呋,fū,丨 𠃍 一 一 一 丿 ㇏,true(a7~e7)
3699,呒,fǔ,丨 𠃍 一 一 一 丿 乚,true(a7~e7)
3700,呓,yì,丨 𠃍 一 一 丨 丨 ⺄,true(a7~e7)
3701,呔,dāi,丨 𠃍 一 一 丿 ㇏ 丶,true(a7~e7)
3702,呖,lì,丨 𠃍 一 一 丿 𠃌 丿,true(a7~e7)
3703,呃,è、e,丨 𠃍 一 一 丿 𠃌 乚,true(a7~e7)
3704,旸,yáng,丨 𠃍 一 一 𠄎 丿 丿,false(a8~e7)
3705,吡,pǐ、bǐ,丨 𠃍 一 一 𠄌 丿 乚,true(a7~e7)
3706,町,tǐng、dīng,丨 𠃍 一 丨 一 一 亅,true(a7~e7)
3707,虬,qiú,丨 𠃍 一 丨 一 丶 乚,true(a7~e7)
3708,呗,bei、bài,丨 𠃍 一 丨 𠃍 丿 丶,true(a7~e7)
3709,吽,hǒu、hōng、ōu,丨 𠃍 一 丿 一 一 丨,false(a1~e7)
3710,吣,qìn,丨 𠃍 一 ㇀ ㇃ 丶 丶,false(a8~e7)
3711,吲,yǐn、shěn,丨 𠃍 一 𠃍 一 ㇉ 丨,true(a7~e7)
3712,帏,wéi,丨 𠃌 丨 一 一 𠃌 丨,true(a7~e7)
3713,岐,qí,丨 ㇄ 丨 一 丨 ㇇ ㇏,false(a8~e7)
3714,岈,yá,丨 ㇄ 丨 一 𠃋 亅 丿,true(a7~e7)
3715,岘,xiàn,丨 ㇄ 丨 丨 𠃍 丿 乚,true(a7~e7)
3716,岑,cén,丨 ㇄ 丨 丿 ㇏ 丶 ㇇,false(a8~e7)
3717,岚,lán,丨 ㇄ 丨 丿 ⺄ 丿 丶,true(a7~e7)
3718,兕,sì,丨 ㇅ 丨 𠃍 一 丿 乚,false(a8~e7)
3719,囵,lún,丨 𠃍 丿 ㇏ 丿 乚 一,true(a7~e7)
3720,囫,hú,丨 𠃍 丿 𠃌 丿 丿 一,true(a7~e7)
3721,钊,zhāo,丿 一 一 一 𠄌 丨 亅,true(a7~e7)
3722,钋,pō,丿 一 一 一 𠄌 丨 丶,true(a7~e7)
3723,钌,liǎo、liào,丿 一 一 一 𠄌 ㇇ 亅,false(a8~e7)
3724,迕,wǔ,丿 一 一 丨 丶 ㇋ ㇏,true(a7~e7)
3725,氙,xiān,丿 一 一 ⺄ 丨 ㇄ 丨,true(a7~e7)
3726,氚,chuān,丿 一 一 ⺄ 丿 丨 丨,true(a7~e7)
3727,牤,māng,丿 一 丨 ㇀ 丶 一 ㇄,false(a1~e7)
3728,佞,nìng,丿 丨 一 一 𡿨 丿 一,true(a7~e7)
3729,邱,qiū,丿 丨 一 丨 ㇀ ㇌ 丨,false(a8~e7)
3730,攸,yōu,丿 丨 丨 丿 一 丿 ㇏,true(a7~e7)
3731,佚,yì、dié,丿 丨 丿 一 一 丿 ㇏,true(a7~e7)
3732,佝,gōu、kòu,丿 丨 丿 𠃌 丨 𠃍 一,true(a7~e7)
3733,佟,tóng,丿 丨 丿 ㇇ ㇏ 丶 丶,false(a8~e7)
3734,佗,tuó,丿 丨 丶 ㇀ 乛 丿 乚,false(a8~e7)
3735,伽,jiā、qié、gā,丿 丨 𠃌 丿 丨 𠃍 一,true(a7~e7)
3736,彷,páng、fǎng,丿 丿 丨 丶 一 𠃌 丿,true(a7~e7)
3737,佘,shé,丿 ㇏ 一 一 亅 丿 丶,true(a7~e7)
3738,佥,qiān,丿 ㇏ 一 丶 丶 丿 一,true(a7~e7)
3739,孚,fú,丿 丶 丶 丿 ㇇ 亅 一,false(a8~e7)
3740,豸,zhài、zhì,丿 丶 丶 丿 ㇁ 丿 丿,true(a7~e7)
3741,坌,bèn,丿 ㇏ 𠃌 丿 一 丨 一,true(a7~e7)
3742,肟,wò,丿 𠃌 一 一 一 一 ㇉,true(a7~e7)
3743,邸,dǐ,丿 𠄌 一 ㇂|㇃ 丶 ㇌ 丨,false(a9~e7)
3744,奂,huàn,丿 ㇇ 丨 𠃍 一 丿 ㇏,false(a8~e7)
3745,劬,qú,丿 𠃌 丨 𠃍 一 𠃌 丿,true(a7~e7)
3746,狄,dí,丿 ㇁ 丿 ㇀ 丿 丿 ㇏,true(a7~e7)
3747,狁,yǔn,丿 ㇁ 丿 𠃋 丶 丿 乚,true(a7~e7)
3748,鸠,jiū,丿 ⺄ 丿 𠃌 丶 ㇉ 一,true(a7~e7)
3749,邹,zōu,丿 ㇇|乛 𠃍 一 一 ㇌ 丨,false(a9~e7)
3750,饨,tún,丿 乛 𠄌 一 ㇄ 丨 乚,false(a8~e7)
3751,饩,xì,丿 乛 𠄌 丿 一 一 ⺄,false(a8~e7)
3752,饪,rèn,丿 乛 𠄌 丿 一 丨 一,false(a8~e7)
3753,饫,yù,丿 乛 𠄌 丿 一 丿 ㇏,false(a8~e7)
3754,饬,chì,丿 乛 𠄌 丿 一 𠃌 丿,false(a8~e7)
3755,亨,hēng、pēng,丶 一 丨 𠃍 一 ㇇ 亅,false(a8~e7)
3756,庑,wǔ,丶 一 丿 一 一 丿 乚,true(a7~e7)
3757,庋,guǐ,丶 一 丿 一 丨 ㇇ ㇏,false(a8~e7)
3758,疔,dīng,丶 一 丿 丶 ㇀ 一 亅,true(a7~e7)
3759,疖,jiē,丶 一 丿 丶 ㇀ 𠃌 丨,true(a7~e7)
3760,肓,huāng,丶 一 ㇄ 丨 𠃌 一 一,true(a7~e7)
3761,闱,wéi,丶 丨 𠃌 一 一 𠃌 丨,true(a7~e7)
3762,闳,hóng,丶 丨 𠃌 一 丿 𠃋 丶,true(a7~e7)
3763,闵,mǐn,丶 丨 𠃌 丶 一 丿 丶,true(a7~e7)
3764,羌,qiāng,丶 丿 一 一 一 丿 乚,true(a7~e7)
3765,炀,yáng,㇀ 丿 丿 丶 𠄎 丿 丿,false(a8~e7)
3766,沣,fēng,丶 丶 ㇀ 一 一 一 丨,true(a7~e7)
3767,沅,yuán,丶 丶 ㇀ 一 一 丿 乚,true(a7~e7)
3768,沔,miǎn,丶 丶 ㇀ 一 丨 ㇄ 𠃌,true(a7~e7)
3769,沤,òu、ōu,丶 丶 ㇀ 一 丿 丶 ㇄,true(a7~e7)
3770,沌,dùn、zhuàn,丶 丶 ㇀ 一 ㇄ 丨 乚,true(a7~e7)
3771,沏,qī,丶 丶 ㇀ 一 𠄌 𠃌 丿,true(a7~e7)
3772,沚,zhǐ,丶 丶 ㇀ 丨 一 丨 一,false(a1~e7)
3773,汩,gǔ、yù,丶 丶 ㇀ 丨 𠃍 一 一,true(a7~e7)
3774,汨,mì,丶 丶 ㇀ 丨 𠃍 一 一,true(a7~e7)
3775,沂,yí,丶 丶 ㇀ 丿 丿 一 丨,true(a7~e7)
3776,汾,fén,丶 丶 ㇀ 丿 ㇏ 𠃌 丿,true(a7~e7)
3777,沨,fēng,丶 丶 ㇀ 丿 ⺄ 丿 丶,false(a1~e7)
3778,汴,biàn,丶 丶 ㇀ 丶 一 丨 丶,true(a7~e7)
3779,汶,wèn、mén,丶 丶 ㇀ 丶 一 丿 ㇏,true(a7~e7)
3780,沆,hàng,丶 丶 ㇀ 丶 一 丿 ⺄,true(a7~e7)
3781,沩,wéi,丶 丶 ㇀ 丶 丿 𠃌 丶,true(a7~e7)
3782,泐,lè,丶 丶 ㇀ ㇌ 丨 𠃌 丿,false(a8~e7)
3783,怃,wǔ,㇀ 丶 丨 一 一 丿 乚,true(a7~e7)
3784,怄,òu,㇀ 丶 丨 一 丿 丶 ㇄,true(a7~e7)
3785,忡,chōng,㇀ 丶 丨 丨 𠃍 一 丨,true(a7~e7)
3786,忤,wǔ,㇀ 丶 丨 丿 一 一 丨,true(a7~e7)
3787,忾,kài、xì,㇀ 丶 丨 丿 一 一 ⺄,true(a7~e7)
3788,怅,chàng,㇀ 丶 丨 丿 一 𠄌 ㇏,true(a7~e7)
3789,忻,xīn,㇀ 丶 丨 丿 丿 一 丨,true(a7~e7)
3790,忪,sōng、zhōng,㇀ 丶 丨 丿 ㇏ 𠃋 丶,true(a7~e7)
3791,怆,chuàng,㇀ 丶 丨 丿 ㇏ 𠃌 乚,true(a7~e7)
3792,忭,biàn,㇀ 丶 丨 丶 一 丨 丶,true(a7~e7)
3793,忸,niǔ,㇀ 丶 丨 𠃍 丨 一 一,true(a7~e7)
3794,诂,gǔ,丶 ㇊ 一 丨 丨 𠃍 一,true(a7~e7)
3795,诃,hē,丶 ㇊ 一 丨 𠃍 一 亅,true(a7~e7)
3796,诅,zǔ,丶 ㇊ 丨 𠃍 一 一 一,true(a7~e7)
3797,诋,dǐ,丶 ㇊ 丿 𠄌 一 ㇂ 丶,false(a8~e7)
3798,诌,zhōu,丶 ㇊ 丿 ㇇ 𠃍 一 一,false(a8~e7)
3799,诏,zhào,丶 ㇊ 𠃌 丿 丨 𠃍 一,true(a7~e7)
3800,诒,yí、dài,丶 ㇊ 𠃋 丶 丨 𠃍 一,true(a7~e7)
3801,孜,zī,㇇ 亅 ㇀ 丿 一 丿 ㇏,false(a8~e7)
3802,陇,lǒng,㇌ 丨 一 丿 乚 丿 丶,false(a8~e7)
3803,陀,tuó,㇌ 丨 丶 ㇀ 乛 丿 乚,false(a9~e7)
3804,陂,bēi、pí、pō,㇌ 丨 乛 丿 丨 ㇇ ㇏,false(a10~e7)
3805,陉,xíng,㇌ 丨 ㇇ 丶 一 丨 一,false(a9~e7)
3806,妍,yán,𡿨 丿 一 一 一 丿 丨,true(a7~e7)
3807,妩,wǔ,𡿨 丿 一 一 一 丿 乚,true(a7~e7)
3808,妪,yù,𡿨 丿 一 一 丿 丶 ㇄,true(a7~e7)
3809,妣,bǐ,𡿨 丿 一 一 𠄌 丿 乚,true(a7~e7)
3810,妊,rèn,𡿨 丿 一 丿 一 丨 一,true(a7~e7)
3811,妗,jìn,𡿨 丿 一 丿 ㇏ 丶 ㇇,false(a8~e7)
3812,妫,guī,𡿨 丿 一 丶 丿 𠃌 丶,true(a7~e7)
3813,妞,niū,𡿨 丿 一 𠃍 丨 一 一,true(a7~e7)
3814,姒,sì,𡿨 丿 一 𠄌 丶 丿 丶,true(a7~e7)
3815,妤,yú,𡿨 丿 一 ㇇ 丶 乛 亅,false(a9~e7)
3816,邵,shào,𠃌 丿 丨 𠃍 一 ㇌ 丨,false(a8~e7)
3817,劭,shào,𠃌 丿 丨 𠃍 一 𠃌 丿,true(a7~e7)
3818,刭,jǐng,㇇ 丶 一 丨 ㇀ 丨 亅,false(a8~e7)
3819,甬,yǒng,㇇ 丶 丨 𠃌 一 一 丨,false(a8~e7)
3820,邰,tái,𠃋 丶 丨 𠃍 一 ㇌ 丨,false(a8~e7)
3821,纭,yún,𠃋 𠃋 ㇀ 一 一 𠃋 丶,true(a7~e7)
3822,纰,pī、pí、bǐ,𠃋 𠃋 ㇀ 一 𠄌 丿 乚,true(a7~e7)
3823,纴,rèn,𠃋 𠃋 ㇀ 丿 一 丨 一,false(a1~e7)
3824,纶,lún、guān,𠃋 𠃋 ㇀ 丿 ㇏ 丿 乚,true(a7~e7)
3825,纾,shū,𠃋 𠃋 ㇀ ㇇ 丶 乛 亅,false(a9~e7)
3826,玮,wěi,一 一 丨 ㇀ 一 一 𠃌 丨,true(a8~e8)
3827,玡,yá,一 一 丨 ㇀ 一 𠃋 亅 丿,false(a1~e8)
3828,玭,pín,一 一 丨 ㇀ 一 𠄌 丿 乚,false(a1~e8)
3829,玠,jiè,一 一 丨 ㇀ 丿 ㇏ 丿 丨,false(a1~e8)
3830,玢,bīn、fēn,一 一 丨 ㇀ 丿 ㇏ 𠃌 丿,true(a8~e8)
3831,玥,yuè,一 一 丨 ㇀ 丿 𠃌 一 一,true(a8~e8)
3832,玦,jué,一 一 丨 ㇀ 𠃍 一 丿 ㇏,false(a1~e8)
3833,盂,yú,一 一 亅 丨 𠃍 丨 丨 一,true(a8~e8)
3834,忝,tiǎn,一 一 丿 ㇏ 亅 ㇀ 丶 丶,true(a8~e8)
3835,匦,guǐ,一 一 𠃋 丨 ㇀ 丿 ⺄ ㇄,true(a8~e8)
3836,坩,gān,一 丨 ㇀ 一 丨 丨 一 一,true(a8~e8)
3837,抨,pēng,一 亅 ㇀ 一 丶 丿 一 丨,true(a8~e8)
3838,拤,qiá,一 亅 ㇀ 丨 一 一 丨 丶,false(a1~e8)
3839,坫,diàn,一 丨 ㇀ 丨 一 丨 𠃍 一,true(a8~e8)
3840,拈,niān,一 亅 ㇀ 丨 一 丨 𠃍 一,true(a8~e8)
3841,垆,lú,一 丨 ㇀ 丨 一 𠃍 一 丿,true(a8~e8)
3842,抻,chēn,一 亅 ㇀ 丨 𠃍 一 一 丨,true(a8~e8)
3843,劼,jié,一 丨 一 丨 𠃍 一 𠃌 丿,true(a8~e8)
3844,拃,zhǎ,一 亅 ㇀ 丿 一 丨 一 一,false(a1~e8)
3845,拊,fǔ,一 亅 ㇀ 丿 丨 一 亅 丶,true(a8~e8)
3846,坼,chè,一 丨 ㇀ 丿 丿 一 丨 丶,true(a8~e8)
3847,坻,dǐ、chí,一 丨 ㇀ 丿 𠄌 一 ㇂ 丶,false(a9~e8)
3848,㧟,kuǎi,一 亅 ㇀ 丶 丶 ㇀ 一 ㇄,false(a1~e8)
3849,坨,tuó,一 丨 ㇀ 丶 ㇀ 乛 丿 乚,false(a9~e8)
3850,坭,ní,一 丨 ㇀ 𠃍 一 丿 丿 乚,true(a8~e8)
3851,抿,mǐn,一 亅 ㇀ 𠃍 一 𠄌 一 ㇂,false(a9~e8)
3852,坳,ào,一 丨 ㇀ 𠃋 𠃋 丶 𠃌 丿,true(a8~e8)
3853,耶,yé、yē,一 丨 丨 一 一 ㇀ ㇌ 丨,false(a9~e8)
3854,苷,gān,一 丨 丨 一 丨 丨 一 一,true(a8~e8)
3855,苯,běn,一 丨 丨 一 丨 丿 ㇏ 一,true(a8~e8)
3856,苤,piě,一 丨 丨 一 丿 丨 丶 一,true(a8~e8)
3857,茏,lóng,一 丨 丨 一 丿 乚 丿 丶,true(a8~e8)
3858,苫,shān、shàn,一 丨 丨 丨 一 丨 𠃍 一,true(a8~e8)
3859,苜,mù,一 丨 丨 丨 𠃍 一 一 一,true(a8~e8)
3860,苴,jū、chá,一 丨 丨 丨 𠃍 一 一 一,true(a8~e8)
3861,苒,rǎn,一 丨 丨 丨 𠃌 丨 一 一,true(a8~e8)
3862,苘,qǐng,一 丨 丨 丨 𠃌 丨 𠃍 一,true(a8~e8)
3863,茌,chí,一 丨 丨 丿 丨 一 丨 一,true(a8~e8)
3864,苻,fú,一 丨 丨 丿 丨 一 亅 丶,true(a8~e8)
3865,苓,líng,一 丨 丨 丿 ㇏ 丶 ㇇ 丶,false(a9~e8)
3866,茚,yìn,一 丨 丨 丿 𠄌 一 𠃌 丨,true(a8~e8)
3867,茆,máo,一 丨 丨 丿 𠄌 丿 𠃌 丨,true(a8~e8)
3868,茑,niǎo,一 丨 丨 丿 𠃌 丶 ㇉ 一,true(a8~e8)
3869,茓,xué,一 丨 丨 丶 ㇀ 乛 丿 ㇏,false(a1~e8)
3870,茔,yíng,一 丨 丨 ㇀ ㇇|乛 一 丨 一,false(a9~e8)
3871,茕,qióng,一 丨 丨 ㇀ ㇇|乛 ⺄ 一 丨,false(a9~e8)
3872,茀,fú,一 丨 丨 𠃍 一 ㇉ 丿 丨,false(a1~e8)
3873,苕,tiáo、sháo,一 丨 丨 𠃌 丿 丨 𠃍 一,true(a8~e8)
3874,枥,lì,一 丨 丿 丶 一 丿 𠃌 丿,true(a8~e8)
3875,枇,pí,一 丨 丿 丶 一 𠄌 丿 乚,true(a8~e8)
3876,杪,miǎo,一 丨 丿 丶 丨 丿 丶 丿,true(a8~e8)
3877,杳,yǎo,一 丨 丿 ㇏ 丨 𠃍 一 一,true(a8~e8)
3878,枧,jiǎn,一 丨 丿 丶 丨 𠃍 丿 乚,true(a8~e8)
3879,杵,chǔ,一 丨 丿 丶 丿 一 一 丨,true(a8~e8)
3880,枨,chéng,一 丨 丿 丶 丿 一 𠄌 ㇏,true(a8~e8)
3881,枞,cōng、zōng,一 丨 丿 丶 丿 丶 丿 ㇏,true(a8~e8)
3882,枋,fāng、bìng,一 丨 丿 丶 丶 一 𠃌 丿,true(a8~e8)
3883,杻,niǔ、chǒu, 丨 丿 丶 𠃍 丨 一 一,false(a1~e8)
3884,杷,pá,一 丨 丿 丶 𠃍 丨 一 乚,true(a8~e8)
3885,杼,zhù,一 丨 丿 丶 ㇇ 丶 乛 亅,false(a10~e8)
3886,矸,gān,一 丿 丨 𠃍 一 一 一 丨,true(a8~e8)
3887,砀,dàng,一 丿 丨 𠃍 一 𠄎 丿 丿,false(a9~e8)
3888,刳,kū,一 丿 丶 一 一 ㇉ 丨 亅,true(a8~e8)
3889,奄,yǎn、yān,一 丿 ㇏ 丨 𠃍 一 一 乚,true(a8~e8)
3890,瓯,ōu,一 丿 丶 ㇄ 一 𠄌 ⺄ 丶,true(a8~e8)
3891,殁,mò,一 丿 ㇇ 丶 丿 ㇍ ㇇ ㇏,false(a11~e8)
3892,郏,jiá,一 丶 丿 一 丿 丶 ㇌ 丨,false(a9~e8)
3893,轭,è,一 𠃋 丨 ㇀ 一 丿 𠃌 乚,true(a8~e8)
3894,郅,zhì,一 𠃋 丶 一 丨 ㇀ ㇌ 丨,false(a9~e8)
3895,鸢,yuān,一 ㇃ 丶 丿 𠃌 丶 ㇉ 一,false(a9~e8)
3896,盱,xū,丨 𠃍 一 一 一 一 一 亅,true(a8~e8)
3897,昊,hào,丨 𠃍 一 一 一 一 丿 ㇏,true(a8~e8)
3898,昙,tán,丨 𠃍 一 一 一 一 𠃋 丶,true(a8~e8)
3899,杲,gǎo,丨 𠃍 一 一 一 丨 丿 ㇏,true(a8~e8)
3900,昃,zè,丨 𠃍 一 一 一 丿 丿 ㇏,true(a8~e8)
3901,咂,zā,丨 𠃍 一 一 丨 𠃌 丨 ㇄,true(a8~e8)
3902,呸,pēi,丨 𠃍 一 一 丿 丨 丶 一,true(a8~e8)
3903,昕,xīn,丨 𠃍 一 一 丿 丿 一 丨,true(a8~e8)
3904,昀,yún,丨 𠃍 一 一 丿 𠃌 丶 ㇀,true(a8~e8)
3905,旻,mín,丨 𠃍 一 一 丶 一 丿 ㇏,true(a8~e8)
3906,昉,fǎng,丨 𠃍 一 一 丶 一 𠃌 丿,true(a8~e8)
3907,炅,guì、jiǒng,丨 𠃍 一 一 ㇀ 丿 丿 ㇏,true(a8~e8)
3908,咔,kā、kǎ,丨 𠃍 一 丨 一 一 丨 丶,true(a8~e8)
3909,畀,bì,丨 𠃍 一 丨 一 一 丿 丨,true(a8~e8)
3910,虮,jǐ,丨 𠃍 一 丨 一 丶 丿 ⺄,true(a8~e8)
3911,咀,jǔ、zuǐ,丨 𠃍 一 丨 𠃍 一 一 一,true(a8~e8)
3912,呷,xiā,丨 𠃍 一 丨 𠃍 一 一 丨,true(a8~e8)
3913,黾,mǐn、miǎn、měng,丨 𠃍 一 丨 𠃍 一 一 乚,true(a8~e8)
3914,呱,guā、gū、guǎ,丨 𠃍 一 丿 丿 𠄌 丶 ㇏,true(a8~e8)
3915,呤,líng,丨 𠃍 一 丿 ㇏ 丶 ㇇ 丶,false(a9~e8)
3916,咚,dōng,丨 𠃍 一 丿 ㇇ ㇏ 丶 丶,false(a9~e8)
3917,咆,páo,丨 𠃍 一 丿 𠃌 𠃍 一 乚,true(a8~e8)
3918,咛,níng,丨 𠃍 一 丶 ㇀ 乛 一 亅,false(a9~e8)
3919,呶,náo,丨 𠃍 一 𡿨 丿 一 ㇇ ㇏,false(a9~e8)
3920,呣,móu,丨 𠃍 一 ㇄ 𠃌 丶 一 丶,false(a1~e8)
3921,呦,yōu,丨 𠃍 一 𠃋 𠃋 丶 𠃌 丿,true(a8~e8)
3922,咝,sī,丨 𠃍 一 𠃋 𠃋 𠃋 𠃋 一,true(a8~e8)
3923,岢,kě,丨 ㇄ 丨 一 丨 𠃍 一 亅,true(a8~e8)
3924,岿,kuī,丨 ㇄ 丨 丨 丿 𠃍 一 一,true(a8~e8)
3925,岬,jiǎ,丨 ㇄ 丨 丨 𠃍 一 一 丨,true(a8~e8)
3926,岫,xiù,丨 ㇄ 丨 丨 𠃍 一 丨 一,true(a8~e8)
3927,帙,zhì,丨 𠃌 丨 丿 一 一 丿 ㇏,true(a8~e8)
3928,岣,gǒu,丨 ㇄ 丨 丿 𠃌 丨 𠃍 一,true(a8~e8)
3929,峁,mǎo,丨 ㇄ 丨 丿 𠄌 丿 𠃌 丨,true(a8~e8)
3930,刿,guì,丨 ㇄ 丨 丿 ㇇ 丶 丨 亅,false(a9~e8)
3931,迥,jiǒng,丨 𠃌 丨 𠃍 一 丶 ㇋ ㇏,true(a8~e8)
3932,岷,mín,丨 ㇄ 丨 𠃍 一 𠄌 一 ㇂,false(a9~e8)
3933,剀,kǎi,丨 ㇄ 丨 𠃍 一 𠄌 丨 亅,true(a8~e8)
3934,帔,pèi,丨 𠃌 丨 乛 丿 丨 ㇇ ㇏,false(a10~e8)
3935,峄,yì,丨 ㇄ 丨 ㇇ ㇏ 一 一 丨,false(a9~e8)
3936,沓,tà、dá,亅 ㇇ 丿 ㇏ 丨 𠃍 一 一,false(a9~e8)
3937,囹,líng,丨 𠃍 丿 ㇏ 丶 ㇇ 丶 一,false(a9~e8)
3938,罔,wǎng,丨 𠃌 丶 丿 一 丶 一 ㇄,true(a8~e8)
3939,钍,tǔ,丿 一 一 一 𠄌 一 丨 一,true(a8~e8)
3940,钎,qiān,丿 一 一 一 𠄌 丿 一 丨,true(a8~e8)
3941,钏,chuàn,丿 一 一 一 𠄌 丿 丨 丨,true(a8~e8)
3942,钒,fán,丿 一 一 一 𠄌 丿 ⺄ 丶,true(a8~e8)
3943,钕,nǚ,丿 一 一 一 𠄌 𡿨 丿 一,true(a8~e8)
3944,钗,chāi,丿 一 一 一 𠄌 ㇇ ㇏ 丶,false(a9~e8)
3945,邾,zhū,丿 一 一 丨 丿 丶 ㇌ 丨,false(a9~e8)
3946,迮,zé,丿 一 丨 一 一 丶 ㇋ ㇏,true(a8~e8)
3947,牦,máo,丿 一 丨 ㇀ 丿 一 一 乚,true(a8~e8)
3948,竺,zhú、dǔ,丿 一 丶 丿 一 丶 一 一,true(a8~e8)
3949,迤,yǐ、yí,丿 一 𠃌 丨 乚 丶 ㇋ ㇏,true(a8~e8)
3950,佶,jí,丿 丨 一 丨 一 丨 𠃍 一,true(a8~e8)
3951,佬,lǎo,丿 丨 一 丨 一 丿 丿 乚,true(a8~e8)
3952,佰,bǎi,丿 丨 一 丿 丨 𠃍 一 一,true(a8~e8)
3953,侑,yòu,丿 丨 一 丿 丨 𠃌 一 一,true(a8~e8)
3954,侉,kuǎ,丿 丨 一 丿 ㇏ 一 一 ㇉,true(a8~e8)
3955,臾,yú,丿 丨 一 𠃍 一 一 丿 ㇏,true(a8~e8)
3956,岱,dài,丿 丨 一 ㇂ 丶 丨 ㇄ 丨,false(a9~e8)
3957,侗,dòng、tóng、tǒng,丿 丨 丨 𠃌 一 丨 𠃍 一,true(a8~e8)
3958,侃,kǎn,丿 丨 丨 𠃍 一 丿 丨 乚,true(a8~e8)
3959,侏,zhū,丿 丨 丿 一 一 丨 丿 ㇏,true(a8~e8)
3960,侩,kuài,丿 丨 丿 ㇏ 一 一 𠃋 丶,true(a8~e8)
3961,佻,tiāo,丿 丨 丿 丶 ㇀ 乚 丿 丶,true(a8~e8)
3962,佾,yì,丿 丨 丿 ㇏ 丨 𠃌 一 一,true(a8~e8)
3963,侪,chái,丿 丨 丶 一 丿 ㇏ 丿 丨,true(a8~e8)
3964,佼,jiǎo,丿 丨 丶 一 丿 丶 丿 ㇏,true(a8~e8)
3965,佯,yáng,丿 丨 丶 丿 一 一 一 丨,true(a8~e8)
3966,侬,nóng,丿 丨 ㇀ 乛 丿 𠄌 丿 ㇏,false(a9~e8)
3967,帛,bó,丿 丨 𠃍 一 一 丨 𠃌 丨,true(a8~e8)
3968,阜,fù,丿 丨 𠃍 一 𠃍 一 一 丨,true(a8~e8)
3969,侔,móu,丿 丨 𠃋 丶 丿 一 一 丨,true(a8~e8)
3970,徂,cú,丿 丿 丨 丨 𠃍 一 一 一,true(a8~e8)
3971,刽,guì,丿 丶 一 一 𠃋 丶 丨 亅,true(a8~e8)
3972,郄,qiè、xì,丿 丶 一 丿 𠃋 丶 ㇌ 丨,false(a9~e8)
3973,怂,sǒng,丿 丶 丿 ㇏ ㇀ ㇃ 丶 丶,false(a9~e8)
3974,籴,dí,丿 ㇏ 丶 丿 一 丨 丿 ㇏,true(a8~e8)
3975,瓮,wèng,丿 ㇏ 𠃋 丶 一 𠄌 ⺄ 丶,true(a8~e8)
3976,戗,qiāng、qiàng,丿 丶 𠃌 乚 一 ㇂ 丿 丶,false(a9~e8)
3977,肼,jǐng,丿 𠃌 一 一 一 一 丿 丨,true(a8~e8)
3978,䏝,zhuān,丿 𠃌 一 一 一 一 ㄣ 丶,false(a1~e8)
3979,肽,tài,丿 𠃌 一 一 一 丿 ㇏ 丶,true(a8~e8)
3980,肱,gōng,丿 𠃌 一 一 一 丿 𠃋 丶,true(a8~e8)
3981,肫,zhūn、chún,丿 𠃌 一 一 一 ㇄ 丨 乚,true(a8~e8)
3982,剁,duò,丿 ㇍ 一 丨 丿 丶 丨 亅,false(a9~e8)
3983,迩,ěr,丿 乛 亅 丿 丶 丶 ㇋ ㇏,false(a9~e8)
3984,郇,xún、huán,丿 𠃌 丨 𠃍 一 一 ㇌ 丨,false(a9~e8)
3985,狙,jū,丿 ㇁ 丿 丨 𠃍 一 一 一,true(a8~e8)
3986,狎,xiá,丿 ㇁ 丿 丨 𠃍 一 一 丨,true(a8~e8)
3987,狍,páo,丿 ㇁ 丿 丿 𠃌 𠃍 一 乚,true(a8~e8)
3988,狒,fèi,丿 ㇁ 丿 𠃍 一 ㇉ 丿 丨,true(a8~e8)
3989,咎,jiù,丿 ㇇ ㇏ 丨 丶 丨 𠃍 一,false(a9~e8)
3990,炙,zhì,丿 ㇇ 丶 丶 ㇀ 丿 丿 ㇏,false(a9~e8)
3991,枭,xiāo,丿 𠃌 丶 ㇉ 一 丨 丿 ㇏,true(a8~e8)
3992,饯,jiàn,丿 乛 𠄌 一 一 ㇂ 丿 丶,false(a10~e8)
3993,饴,yí,丿 乛 𠄌 𠃋 丶 丨 𠃍 一,false(a9~e8)
3994,冽,liè,丶 ㇀ 一 丿 ㇇ 丶 丨 亅,false(a9~e8)
3995,冼,xiǎn,丶 ㇀ 丿 一 丨 一 丿 乚,true(a8~e8)
3996,庖,páo,丶 一 丿 丿 𠃌 𠃍 一 乚,true(a8~e8)
3997,疠,lì、lài,丶 一 丿 丶 ㇀ 一 𠃌 丿,true(a8~e8)
3998,疝,shàn,丶 一 丿 丶 ㇀ 丨 ㇄ 丨,true(a8~e8)
3999,疡,yáng,丶 一 丿 丶 ㇀ 𠄎 丿 丿,false(a9~e8)
4000,兖,yǎn,丶 一 丿 丶 𠃋 丶 丿 乚,true(a8~e8)
4001,妾,qiè,丶 一 丶 丿 一 𡿨 丿 一,true(a8~e8)
4002,劾,hé,丶 一 𠃋 丿 丿 丶 𠃌 丿,true(a8~e8)
4003,炜,wěi,㇀ 丿 丿 丶 一 一 𠃌 丨,true(a8~e8)
4004,𬉼,ǒu,㇀ 丿 丿 丶 一 丿 丶 ㇄,false(a1~e8)
4005,炖,dùn,㇀ 丿 丿 丶 一 ㇄ 丨 乚,true(a8~e8)
4006,炘,xīn,㇀ 丿 丿 丶 丿 丿 一 丨,true(a8~e8)
4007,炝,qiàng,㇀ 丿 丿 丶 丿 ㇏ 𠃌 乚,true(a8~e8)
4008,炔,quē,㇀ 丿 丿 丶 𠃍 一 丿 ㇏,true(a8~e8)
4009,泔,gān,丶 丶 ㇀ 一 丨 丨 一 一,true(a8~e8)
4010,沭,shù,丶 丶 ㇀ 一 丨 丿 ㇏ 丶,true(a8~e8)
4011,泷,lóng、shuāng,丶 丶 ㇀ 一 丿 乚 丿 丶,true(a8~e8)
4012,泸,lú,丶 丶 ㇀ 丨 一 𠃍 一 丿,true(a8~e8)
4013,泱,yāng,丶 丶 ㇀ 丨 𠃍 一 丿 ㇏,true(a8~e8)
4014,泅,qiú,丶 丶 ㇀ 丨 𠃍 丿 丶 一,true(a8~e8)
4015,泗,sì,丶 丶 ㇀ 丨 𠃍 丿 ㇄ 一,true(a8~e8)
4016,泠,líng,丶 丶 ㇀ 丿 ㇏ 丶 ㇇ 丶,false(a9~e8)
4017,泺,luò、pō,丶 丶 ㇀ 丿 ㇄ 亅 丿 丶,true(a8~e8)
4018,泖,mǎo,丶 丶 ㇀ 丿 𠄌 丿 𠃌 丨,true(a8~e8)
4019,泫,xuàn,丶 丶 ㇀ 丶 一 𠃋 𠃋 丶,true(a8~e8)
4020,泮,pàn,丶 丶 ㇀ 丶 丿 一 一 丨,true(a8~e8)
4021,沱,tuó,丶 丶 ㇀ 丶 ㇀ 乛 丿 乚,false(a9~e8)
4022,泯,mǐn,丶 丶 ㇀ 𠃍 一 𠄌 一 ㇂,false(a9~e8)
4023,泓,hóng,丶 丶 ㇀ 𠃍 一 ㇉ 𠃋 丶,true(a8~e8)
4024,泾,jīng,丶 丶 ㇀ ㇇ 丶 一 丨 一,false(a9~e8)
4025,怙,hù,㇀ 丶 丨 一 丨 丨 𠃍 一,true(a8~e8)
4026,怵,chù,㇀ 丶 丨 一 丨 丿 ㇏ 丶,true(a8~e8)
4027,怦,pēng,㇀ 丶 丨 一 丶 丿 一 丨,true(a8~e8)
4028,怛,dá,㇀ 丶 丨 丨 𠃍 一 一 一,true(a8~e8)
4029,怏,yàng,㇀ 丶 丨 丨 𠃍 一 丿 ㇏,true(a8~e8)
4030,怍,zuò、zhà,㇀ 丶 丨 丿 一 丨 一 一,true(a8~e8)
4031,㤘,zhòu,㇀ 丶 丨 丿 ㇇ 𠃍 一 一,false(a1~e8)
4032,怩,ní,㇀ 丶 丨 𠃍 一 丿 丿 乚,true(a8~e8)
4033,怫,fú,㇀ 丶 丨 𠃍 一 ㇉ 丿 丨,true(a8~e8)
4034,怿,yì,㇀ 丶 丨 ㇇ ㇏ 一 一 丨,false(a9~e8)
4035,宕,dàng,丶 ㇀ 乛 一 丿 丨 𠃍 一,false(a9~e8)
4036,穹,qióng,丶 ㇀ 乛 丿 丶 𠃍 一 ㇉,false(a9~e8)
4037,宓,mì、fú,丶 ㇀ 乛 ㇀ ㇃ 丶 丿 丶,false(a10~e8)
4038,诓,kuāng,丶 ㇊ 一 一 一 丨 一 ㇄,true(a8~e8)
4039,诔,lěi,丶 ㇊ 一 一 一 丨 丿 ㇏,true(a8~e8)
4040,诖,guà,丶 ㇊ 一 丨 一 一 丨 一,true(a8~e8)
4041,诘,jié、jí,丶 ㇊ 一 丨 一 丨 𠃍 一,true(a8~e8)
4042,戾,lì,丶 𠃍 一 丿 一 丿 ㇏ 丶,true(a8~e8)
4043,诙,huī,丶 ㇊ 一 丿 ㇀ 丿 丿 ㇏,true(a8~e8)
4044,戽,hù,丶 𠃍 一 丿 丶 丶 一 丨,true(a8~e8)
4045,郓,yùn,㇀ 乛 一 𠃋 丨 ㇀ ㇌ 丨,false(a10~e8)
4046,衩,chǎ、chà,丶 ㇇ 丨 丿 丶 ㇇ ㇏ 丶,false(a10~e8)
4047,祆,xiān,丶 ㇇ 丨 丶 一 一 丿 ㇏,false(a9~e8)
4048,祎,yī,丶 ㇇ 丨 丶 一 一 𠃌 丨,false(a9~e8)
4049,祉,zhǐ,丶 ㇇ 丨 丶 丨 一 丨 一,false(a9~e8)
4050,祇,zhǐ、qí,丶 ㇇ 丨 丶 丿 𠄌 一 ㇂,false(a10~e8)
4051,诛,zhū,丶 ㇊ 丿 一 一 丨 丿 ㇏,true(a8~e8)
4052,诜,shēn,丶 ㇊ 丿 一 丨 一 丿 乚,true(a8~e8)
4053,诟,gòu,丶 ㇊ 丿 丿 一 丨 𠃍 一,true(a8~e8)
4054,诠,quán,丶 ㇊ 丿 ㇏ 一 一 丨 一,true(a8~e8)
4055,诣,yì,丶 ㇊ 丿 乚 丨 𠃍 一 一,true(a8~e8)
4056,诤,zhèng,丶 ㇊ 丿 ㇇ 𠃍 一 一 亅,false(a9~e8)
4057,诧,chà,丶 ㇊ 丶 ㇀ 乛 丿 一 乚,false(a9~e8)
4058,诨,hùn,丶 ㇊ ㇀ 乛 一 𠃋 一 丨,false(a9~e8)
4059,诩,xǔ,丶 ㇊ 𠃌 丶 ㇀ 𠃌 丶 ㇀,true(a8~e8)
4060,戕,qiāng,㇄ 丨 一 丿 一 ㇂ 丿 丶,false(a9~e8)
4061,孢,bāo,㇇ 亅 ㇀ 丿 𠃌 𠃍 一 乚,false(a9~e8)
4062,亟,jí、qì,㇇ 亅 丨 𠃍 一 ㇇ 丶 一,false(a10~e8)
4063,陔,gāi,㇌ 丨 丶 一 𠃋 丿 丿 丶,false(a9~e8)
4064,妲,dá,𡿨 丿 一 丨 𠃍 一 一 一,true(a8~e8)
4065,妯,zhóu,𡿨 丿 一 丨 𠃍 一 丨 一,true(a8~e8)
4066,姗,shān、shàn,𡿨 丿 一 丿 𠃌 丿 𠃌 一,true(a8~e8)
4067,帑,nú、tǎng,𡿨 丿 一 ㇇ ㇏ 丨 𠃌 丨,false(a9~e8)
4068,弩,nǔ,𡿨 丿 一 ㇇ ㇏ 𠃍 一 ㇉,false(a9~e8)
4069,孥,nú,𡿨 丿 一 ㇇ ㇏ ㇇ 亅 一,false(a10~e8)
4070,驽,nú,𡿨 丿 一 ㇇ ㇏ 𠃍 ㇉ 一,false(a9~e8)
4071,虱,shī,⺄ 丿 丨 𠃍 一 丨 一 丶,true(a8~e8)
4072,迦,jiā,𠃌 丿 丨 𠃍 一 丶 ㇋ ㇏,true(a8~e8)
4073,迨,dài,𠃋 丶 丨 𠃍 一 丶 ㇋ ㇏,true(a8~e8)
4074,绀,gàn,𠃋 𠃋 ㇀ 一 丨 丨 一 一,true(a8~e8)
4075,绁,xiè,𠃋 𠃋 ㇀ 一 丨 丨 一 ㇄,true(a8~e8)
4076,绂,fú,𠃋 𠃋 ㇀ 一 丿 ㇇ ㇏ 丶,false(a9~e8)
4077,驷,sì,𠃍 ㇉ ㇀ 丨 𠃍 丿 ㇄ 一,true(a8~e8)
4078,驸,fù,𠃍 ㇉ ㇀ 丿 丨 一 亅 丶,true(a8~e8)
4079,绉,zhòu,𠃋 𠃋 ㇀ 丿 ㇇ 𠃍 一 一,false(a9~e8)
4080,绌,chù,𠃋 𠃋 ㇀ ㇄ 丨 丨 ㇄ 丨,true(a8~e8)
4081,驿,yì,𠃍 ㇉ ㇀ ㇇ ㇏ 一 一 丨,false(a9~e8)
4082,骀,dài、tái,𠃍 ㇉ ㇀ 𠃋 丶 丨 𠃍 一,true(a8~e8)
4083,甾,zāi、zī,𡿨 𡿨 𡿨 丨 𠃍 一 丨 一,true(a8~e8)
4084,珏,jué,一 一 丨 ㇀ 一 一 丨 一 丶,true(a9~e9)
4085,珐,fà,一 一 丨 ㇀ 一 丨 一 𠃋 丶,true(a9~e9)
4086,珂,kē,一 一 丨 ㇀ 一 丨 𠃍 一 亅,true(a9~e9)
4087,珑,lóng,一 一 丨 ㇀ 一 丿 乚 丿 丶,true(a9~e9)
4088,玳,dài,一 一 丨 ㇀ 丿 丨 一 ㇂ 丶,false(a10~e9)
4089,珀,pò,一 一 丨 ㇀ 丿 丨 𠃍 一 一,true(a9~e9)
4090,顸,hān,一 一 丨 一 丿 丨 𠃍 丿 丶,true(a9~e9)
4091,珉,mín,一 一 丨 ㇀ 𠃍 一 𠄌 一 ㇂,false(a10~e9)
4092,珈,jiā,一 一 丨 ㇀ 𠃌 丿 丨 𠃍 一,true(a9~e9)
4093,拮,jié、jiá,一 亅 ㇀ 一 丨 一 丨 𠃍 一,true(a9~e9)
4094,垭,yā,一 丨 ㇀ 一 丨 丨 丶 丿 一,true(a9~e9)
4095,挝,wō、zhuā,一 亅 ㇀ 一 亅 丶 丶 ㇋ ㇏,true(a9~e9)
4096,垣,yuán,一 丨 ㇀ 一 丨 𠃍 一 一 一,true(a9~e9)
4097,挞,tà,一 亅 ㇀ 一 丿 丶 丶 ㇋ ㇏,true(a9~e9)
4098,垤,dié,一 丨 ㇀ 一 𠃋 丶 一 丨 一,true(a9~e9)
4099,赳,jiū,一 丨 一 丨 一 丿 ㇏ 𠄌 丨,true(a9~e9)
4100,贲,bì、bēn,一 丨 一 丨 丨 丨 𠃍 丿 丶,true(a9~e9)
4101,垱,dàng,一 丨 ㇀ 丨 丶 丿 𠃍 一 一,false(a1~e9)
4102,垌,dòng、tóng,一 丨 ㇀ 丨 𠃌 一 丨 𠃍 一,true(a9~e9)
4103,郝,hǎo,一 丨 一 丿 亅 丿 丶 ㇌ 丨,false(a10~e9)
4104,垧,shǎng,一 丨 ㇀ 丿 丨 𠃌 丨 𠃍 一,true(a9~e9)
4105,垓,gāi,一 丨 ㇀ 丶 一 𠃋 丿 丿 丶,true(a9~e9)
4106,挦,xián,一 亅 ㇀ 𠃍 一 一 一 亅 丶,false(a1~e9)
4107,垠,yín,一 丨 ㇀ 𠃍 一 一 𠄌 丿 ㇏,true(a9~e9)
4108,茜,qiàn、xī,一 丨 丨 一 丨 𠃍 丿 ㇄ 一,true(a9~e9)
4109,荚,jiá,一 丨 丨 一 丶 丿 一 丿 ㇏,true(a9~e9)
4110,荑,yí、tí,一 丨 丨 一 𠃍 一 ㇉ 丿 ㇏,true(a9~e9)
4111,贳,shì,一 丨 丨 一 ㇄ 丨 𠃍 丿 丶,true(a9~e9)
4112,荜,bì,一 丨 丨 一 𠄌 丿 乚 一 丨,true(a9~e9)
4113,莒,jǔ,一 丨 丨 丨 𠃍 一 丨 𠃍 一,true(a9~e9)
4114,茼,tóng,一 丨 丨 丨 𠃌 一 丨 𠃍 一,true(a9~e9)
4115,茴,huí,一 丨 丨 丨 𠃍 丨 𠃍 一 一,true(a9~e9)
4116,茱,zhū,一 丨 丨 丿 一 一 丨 丿 ㇏,true(a9~e9)
4117,莛,tíng,一 丨 丨 丿 一 丨 一 ㇋ ㇏,true(a9~e9)
4118,荞,qiáo,一 丨 丨 丿 一 丿 ㇏ 丿 丨,true(a9~e9)
4119,茯,fú,一 丨 丨 丿 丨 一 丿 ㇏ 丶,true(a9~e9)
4120,荏,rěn,一 丨 丨 丿 丨 丿 一 丨 一,true(a9~e9)
4121,荇,xìng,一 丨 丨 丿 丿 丨 一 一 亅,true(a9~e9)
4122,荃,quán,一 丨 丨 丿 ㇏ 一 一 丨 一,true(a9~e9)
4123,荟,huì,一 丨 丨 丿 ㇏ 一 一 𠃋 丶,true(a9~e9)
4124,荀,xún,一 丨 丨 丿 𠃌 丨 𠃍 一 一,true(a9~e9)
4125,茗,míng,一 丨 丨 丿 ㇇ 丶 丨 𠃍 一,false(a10~e9)
4126,荠,jì、qí,一 丨 丨 丶 一 丿 ㇏ 丿 丨,true(a9~e9)
4127,茭,jiāo,一 丨 丨 丶 一 丿 丶 丿 ㇏,true(a9~e9)
4128,茨,cí,一 丨 丨 丶 ㇀ 丿 乛 丿 ㇏,false(a10~e9)
4129,垩,è,一 丨 丨 丶 丿 一 一 丨 一,true(a9~e9)
4130,荥,xíng、yíng,一 丨 丨 ㇀ 乛 亅 ㇇ 丿 ㇏,false(a11~e9)
4131,荦,luò,一 丨 丨 ㇀ 乛 丿 一 一 丨,false(a10~e9)
4132,荨,qián、xún,一 丨 丨 𠃍 一 一 一 亅 丶,true(a9~e9)
4133,荩,jìn,一 丨 丨 𠃍 一 丿 ㇏ 丶 丶,true(a9~e9)
4134,剋,kēi、kè,一 丨 丨 𠃍 一 丿 乚 丨 亅,false(a1~e9)
4135,荪,sūn,一 丨 丨 ㇇ 亅 ㇀ 亅 丿 丶,false(a10~e9)
4136,茹,rú,一 丨 丨 𡿨 丿 一 丨 𠃍 一,true(a9~e9)
4137,荬,mǎi,一 丨 丨 乛 丶 丶 一 丿 丶,false(a10~e9)
4138,荮,zhòu,一 丨 丨 𠃋 𠃋 ㇀ 一 亅 丶,true(a9~e9)
4139,柰,nài,一 丨 丿 ㇏ 一 一 亅 丿 丶,true(a9~e9)
4140,栉,zhì,一 丨 丿 丶 一 丨 丨 𠃌 丨,true(a9~e9)
4141,柯,kē,一 丨 丿 丶 一 丨 𠃍 一 亅,true(a9~e9)
4142,柘,zhè,一 丨 丿 丶 一 丿 丨 𠃍 一,true(a9~e9)
4143,栊,lóng,一 丨 丿 丶 一 丿 乚 丿 丶,true(a9~e9)
4144,柩,jiù,一 丨 丿 丶 一 丿 ㇇ 丶 ㇄,false(a10~e9)
4145,枰,píng,一 丨 丿 丶 一 丶 丿 一 丨,true(a9~e9)
4146,栌,lú,一 丨 丿 丶 丨 一 𠃍 一 丿,true(a9~e9)
4147,柙,xiá,一 丨 丿 丶 丨 𠃍 一 一 丨,true(a9~e9)
4148,枵,xiāo,一 丨 丿 丶 丨 𠃍 一 一 ㇉,true(a9~e9)
4149,柚,yòu、yóu,一 丨 丿 丶 丨 𠃍 一 丨 一,true(a9~e9)
4150,枳,zhǐ,一 丨 丿 丶 丨 𠃍 一 丿 丶,true(a9~e9)
4151,柞,zuò、zhà,一 丨 丿 丶 丿 一 丨 一 一,true(a9~e9)
4152,柝,tuò,一 丨 丿 丶 丿 丿 一 丨 丶,true(a9~e9)
4153,栀,zhī,一 丨 丿 丶 丿 丿 一 𠃌 乚,true(a9~e9)
4154,柢,dǐ、chí,一 丨 丿 丶 丿 𠄌 一 ㇂ 丶,false(a10~e9)
4155,栎,lì、yuè,一 丨 丿 丶 丿 ㇄ 亅 丿 丶,true(a9~e9)
4156,枸,gōu、gǒu、jǔ,一 丨 丿 丶 丿 𠃌 丨 𠃍 一,true(a9~e9)
4157,柈,pán、bàn,一 丨 丿 丶 丶 丿 一 一 丨,false(a1~e9)
4158,柁,tuó、duò,一 丨 丿 丶 丶 ㇀ ㇇|乛 丿 乚,false(a10~e9)
4159,枷,jiā,一 丨 丿 丶 𠃌 丿 丨 𠃍 一,true(a9~e9)
4160,柽,chēng,一 丨 丿 丶 ㇇ ㇏ 一 丨 一,false(a10~e9)
4161,剌,là、lá,一 丨 𠃍 一 丨 丿 丶 丨 亅,true(a9~e9)
4162,酊,dīng、dǐng,一 丨 𠃍 丿 ㇄ 一 一 一 亅,true(a9~e9)
4163,郦,lì、zhí,一 丨 𠃌 丶 丨 𠃌 丶 ㇌ 丨,false(a10~e9)
4164,甭,béng,一 丿 丨 丶 丿 𠃌 一 一 丨,true(a9~e9)
4165,砗,chē,一 丿 丨 𠃍 一 一 𠃋 一 丨,true(a9~e9)
4166,砘,dùn,一 丿 丨 𠃍 一 一 ㇄ 丨 乚,true(a9~e9)
4167,砒,pī,一 丿 丨 𠃍 一 一 𠄌 丿 乚,true(a9~e9)
4168,斫,zhuó,一 丿 丨 𠃍 一 丿 丿 一 丨,true(a9~e9)
4169,砭,biān,一 丿 丨 𠃍 一 丿 丶 ㇇ ㇏,false(a10~e9)
4170,砜,fēng,一 丿 丨 𠃍 一 丿 ⺄ 丿 丶,true(a9~e9)
4171,奎,kuí,一 丿 ㇏ 一 丨 一 一 丨 一,true(a9~e9)
4172,耷,dā,一 丿 ㇏ 一 丨 丨 一 一 一,true(a9~e9)
4173,虺,huǐ、huī,一 丿 乚 丨 𠃍 一 丨 一 丶,true(a9~e9)
4174,殂,cú,一 丿 ㇇ 丶 丨 𠃍 一 一 一,false(a10~e9)
4175,殇,shāng,一 丿 ㇇ 丶 丿 一 𠄎 丿 丿,false(a11~e9)
4176,殄,tiǎn,一 丿 ㇇ 丶 丿 ㇏ 丿 丿 丿,false(a10~e9)
4177,殆,dài,一 丿 ㇇ 丶 𠃋 丶 丨 𠃍 一,false(a10~e9)
4178,轱,gū,一 𠃋 丨 ㇀ 一 丨 丨 𠃍 一,true(a9~e9)
4179,轲,kē,一 𠃋 丨 ㇀ 一 丨 𠃍 一 亅,true(a9~e9)
4180,轳,lú,一 𠃋 丨 ㇀ 丨 一 𠃍 一 丿,true(a9~e9)
4181,轶,yì,一 𠃋 丨 ㇀ 丿 一 一 丿 ㇏,true(a9~e9)
4182,轸,zhěn,一 𠃋 丨 ㇀ 丿 ㇏ 丿 丿 丿,true(a9~e9)
4183,虿,chài,一 𠃌 丿 丨 𠃍 一 丨 一 丶,true(a9~e9)
4184,毖,bì,一 𠄌 丿 乚 ㇀ ㇃ 丶 丿 丶,false(a10~e9)
4185,觇,chān,丨 一 丨 𠃍 一 丨 𠃍 丿 乚,true(a9~e9)
4186,尜,gá,丨 丿 丶 一 丿 ㇏ 亅 丿 丶,true(a9~e9)
4187,哐,kuāng,丨 𠃍 一 一 一 一 丨 一 ㇄,true(a9~e9)
4188,眄,miàn,丨 𠃍 一 一 一 一 丨 ㇄ 𠃌,true(a9~e9)
4189,眍,kōu,丨 𠃍 一 一 一 一 丿 丶 ㇄,true(a9~e9)
4190,𠳐,bāng,丨 𠃍 一 一 一 一 丿 ㇌ 丨,false(a1~e9)
4191,郢,yǐng,丨 𠃍 一 一 一 丨 ㇀ ㇌ 丨,false(a10~e9)
4192,眇,miǎo,丨 𠃍 一 一 一 丨 丿 丶 丿,true(a9~e9)
4193,眊,mào,丨 𠃍 一 一 丿 一 一 乚,false(a1~e9)
4194,眈,dān,丨 𠃍 一 一 一 ㇀ 乛 丿 乚,false(a10~e9)
4195,禺,yú、yù、ǒu,丨 𠃍 一 一 丨 𠃌 丨 ㇀ 丶,true(a9~e9)
4196,哂,shěn,丨 𠃍 一 一 丨 𠃍 丿 ㇄ 一,true(a9~e9)
4197,咴,huī,丨 𠃍 一 一 丿 ㇀ 丿 丿 ㇏,true(a9~e9)
4198,曷,hé,丨 𠃍 一 一 丿 𠃌 丿 丶 ㇄,true(a9~e9)
4199,昴,mǎo,丨 𠃍 一 一 丿 𠄌 丿 𠃌 丨,true(a9~e9)
4200,昱,yù,丨 𠃍 一 一 丶 一 丶 丿 一,true(a9~e9)
4201,昵,nì,丨 𠃍 一 一 𠃍 一 丿 丿 乚,true(a9~e9)
4202,咦,yí,丨 𠃍 一 一 𠃍 一 ㇉ 丿 ㇏,true(a9~e9)
4203,哓,xiāo,丨 𠃍 一 一 ㇂ 丿 一 丿 乚,false(a10~e9)
4204,哔,bì,丨 𠃍 一 一 𠄌 丿 乚 一 丨,true(a9~e9)
4205,畎,quǎn,丨 𠃍 一 丨 一 一 丿 ㇏ 丶,true(a9~e9)
4206,毗,pí,丨 𠃍 一 丨 一 一 𠄌 丿 乚,true(a9~e9)
4207,呲,zī、cī,丨 𠃍 一 丨 一 丨 ㇀ 丿 乚,true(a9~e9)
4208,胄,zhòu,丨 𠃍 一 丨 一 丨 𠃌 一 一,true(a9~e9)
4209,畋,tián,丨 𠃍 一 丨 一 丿 一 丿 ㇏,true(a9~e9)
4210,畈,fàn,丨 𠃍 一 丨 一 丿 丿 ㇇ ㇏,false(a10~e9)
4211,虼,gè,丨 𠃍 一 丨 一 丶 丿 一 ⺄,true(a9~e9)
4212,虻,méng,丨 𠃍 一 丨 一 丶 丶 一 ㇄,true(a9~e9)
4213,盅,zhōng,丨 𠃍 一 丨 丨 𠃍 丨 丨 一,true(a9~e9)
4214,咣,guāng,丨 𠃍 一 丨 丶 丿 一 丿 乚,true(a9~e9)
4215,哕,yuě、huì,丨 𠃍 一 丨 ㇄ 丨 丿 ㇇ 丶,false(a10~e9)
4216,剐,guǎ,丨 𠃍 一 丨 𠃌 丿 丶 丨 亅,true(a9~e9)
4217,郧,yún,丨 𠃍 一 丨 𠃍 丿 丶 ㇌ 丨,false(a10~e9)
4218,咻,xiū,丨 𠃍 一 丿 丨 一 丨 丿 ㇏,true(a9~e9)
4219,囿,yòu,丨 𠃍 一 丿 丨 𠃌 一 一 一,true(a9~e9)
4220,咿,yī,丨 𠃍 一 丿 丨 𠃍 一 一 丿,true(a9~e9)
4221,哌,pài,丨 𠃍 一 丿 丿 丿 𠄌 丿 ㇏,true(a9~e9)
4222,哙,kuài,丨 𠃍 一 丿 ㇏ 一 一 𠃋 丶,true(a9~e9)
4223,哚,duǒ,丨 𠃍 一 丿 ㇅|㇍ 一 丨 丿 ㇏,false(a10~e9)
4224,咯,kǎ、luò、lo、gē,丨 𠃍 一 丿 ㇇ ㇏ 丨 𠃍 一,false(a10~e9)
4225,咩,miē,丨 𠃍 一 丶 丿 一 一 一 丨,true(a9~e9)
4226,咤,zhà,丨 𠃍 一 丶 ㇀ 乛 丿 一 乚,false(a10~e9)
4227,哝,nóng,丨 𠃍 一 ㇀ 乛 丿 𠄌 丿 ㇏,false(a10~e9)
4228,哏,gén、hěn,丨 𠃍 一 𠃍 一 一 𠄌 丿 ㇏,true(a9~e9)
4229,哞,mōu,丨 𠃍 一 𠃋 丶 丿 一 一 丨,true(a9~e9)
4230,峙,zhì、shì,丨 ㇄ 丨 一 丨 一 一 亅 丶,true(a9~e9)
4231,峣,yáo,丨 ㇄ 丨 一 ㇂ 丿 一 丿 乚,false(a1~e9)
4232,罘,fú,丨 𠃍 丨 丨 一 一 丿 丨 丶,true(a9~e9)
4233,帧,zhēn,丨 𠃌 丨 丨 一 丨 𠃍 丿 丶,true(a9~e9)
4234,峒,tóng、dòng,丨 ㇄ 丨 丨 𠃌 一 丨 𠃍 一,true(a9~e9)
4235,峤,qiáo、jiào,丨 ㇄ 丨 丿 一 丿 ㇏ 丿 丨,true(a9~e9)
4236,峋,xún,丨 ㇄ 丨 丿 𠃌 丨 𠃍 一 一,true(a9~e9)
4237,峥,zhēng,丨 ㇄ 丨 丿 ㇇ 𠃍 一 一 亅,false(a10~e9)
4238,贶,kuàng,丨 𠃍 丿 丶 丨 𠃍 一 丿 乚,true(a9~e9)
4239,钚,bù,丿 一 一 一 𠄌 一 丿 丨 丶,true(a9~e9)
4240,钛,tài,丿 一 一 一 𠄌 一 丿 ㇏ 丶,true(a9~e9)
4241,钡,bèi,丿 一 一 一 𠄌 丨 𠃍 丿 丶,true(a9~e9)
4242,钣,bǎn,丿 一 一 一 𠄌 丿 丿 ㇇ ㇏,false(a10~e9)
4243,钤,qián,丿 一 一 一 𠄌 丿 ㇏ 丶 ㇇,false(a10~e9)
4244,钨,wū,丿 一 一 一 𠄌 丿 𠃌 ㇉ 一,true(a9~e9)
4245,钫,fāng,丿 一 一 一 𠄌 丶 一 𠃌 丿,true(a9~e9)
4246,钯,bǎ、pá,丿 一 一 一 𠄌 𠃍 丨 一 乚,true(a9~e9)
4247,氡,dōng,丿 一 一 ⺄ 丿 ㇇ ㇏ 丶 丶,false(a10~e9)
4248,氟,fú,丿 一 一 ⺄ 𠃍 一 ㇉ 丿 丨,true(a9~e9)
4249,牯,gǔ,丿 一 丨 ㇀ 一 丨 丨 𠃍 一,true(a9~e9)
4250,郜,gào,丿 一 丨 一 丨 𠃍 一 ㇌ 丨,false(a10~e9)
4251,秕,bǐ,丿 一 丨 丿 丶 一 𠄌 丿 乚,true(a9~e9)
4252,秭,zǐ,丿 一 丨 丿 丶 丿 ㇉ 丨 丿,true(a9~e9)
4253,竽,yú,丿 一 丶 丿 一 丶 一 一 亅,true(a9~e9)
4254,笈,jí,丿 一 丶 丿 一 丶 丿 ㇋ ㇏,true(a9~e9)
4255,笃,dǔ,丿 一 丶 丿 一 丶 𠃍 ㇉ 一,true(a9~e9)
4256,俦,chóu,丿 丨 一 一 一 丿 一 亅 丶,true(a9~e9)
4257,俨,yǎn,丿 丨 一 丨 丨 丶 丿 一 丿,true(a9~e9)
4258,俅,qiú,丿 丨 一 亅 丶 ㇀ 丿 ㇏ 丶,true(a9~e9)
4259,俪,lì,丿 丨 一 丨 𠃌 丶 丨 𠃌 丶,true(a9~e9)
4260,叟,sǒu,丿 丨 一 𠃍 一 一 丨 ㇇ ㇏,false(a10~e9)
4261,垡,fá,丿 丨 一 ㇂ 丿 丶 一 丨 一,false(a10~e9)
4262,牮,jiàn,丿 丨 一 ㇂ 丶 丿 一 一 丨,false(a10~e9)
4263,俣,yǔ,丿 丨 丨 𠃍 一 一 一 丿 ㇏,true(a9~e9)
4264,俚,lǐ,丿 丨 丨 𠃍 一 一 丨 一 一,true(a9~e9)
4265,皈,guī,丿 丨 𠃍 一 一 丿 丿 ㇇ ㇏,false(a10~e9)
4266,俑,yǒng,丿 丨 ㇇ 丶 丨 𠃌 一 一 丨,false(a10~e9)
4267,俟,sì、qí,丿 丨 𠃋 丶 丿 一 一 丿 ㇏,true(a9~e9)
4268,逅,hòu,丿 丿 一 丨 𠃍 一 丶 ㇋ ㇏,true(a9~e9)
4269,徇,xùn,丿 丿 丨 丿 𠃌 丨 𠃍 一 一,true(a9~e9)
4270,徉,yáng,丿 丿 丨 丶 丿 一 一 一 丨,true(a9~e9)
4271,舢,shān,丿 丿 𠃌 丶 一 丶 丨 ㇄ 丨,true(a9~e9)
4272,俞,yú、yù、shù,丿 ㇏ 一 丨 𠃌 一 一 丨 亅,true(a9~e9)
4273,郗,xī,丿 丶 一 丿 丨 𠃌 丨 ㇌ 丨,false(a10~e9)
4274,俎,zǔ,丿 丶 丿 丶 丨 𠃍 一 一 一,true(a9~e9)
4275,郤,xì,丿 丶 丿 ㇏ 丨 𠃍 一 ㇌ 丨,false(a1~e9)
4276,爰,yuán,丿 丶 丶 丿 一 一 丿 ㇇ ㇏,false(a10~e9)
4277,郛,fú,丿 丶 丶 丿 ㇇ 亅 ㇀ ㇌ 丨,false(a11~e9)
4278,瓴,líng,丿 丶 丶 ㇇ 丶 一 𠄌 ⺄ 丶,false(a10~e9)
4279,胨,dòng,丿 𠃌 一 一 一 𠃋 亅 丿 丶,true(a9~e9)
4280,胪,lú,丿 𠃌 一 一 丨 一 𠃍 一 丿,true(a9~e9)
4281,胛,jiǎ,丿 𠃌 一 一 丨 𠃍 一 一 丨,true(a9~e9)
4282,胂,shèn,丿 𠃌 一 一 丨 𠃍 一 一 丨,true(a9~e9)
4283,胙,zuò,丿 𠃌 一 一 丿 一 丨 一 一,true(a9~e9)
4284,胍,guā,丿 𠃌 一 一 丿 丿 𠄌 丶 ㇏,true(a9~e9)
4285,胗,zhēn,丿 𠃌 一 一 丿 ㇏ 丿 丿 丿,true(a9~e9)
4286,胝,zhī,丿 𠃌 一 一 丿 𠄌 一 ㇂ 丶,false(a10~e9)
4287,朐,qú、xù、chǔn,丿 𠃌 一 一 丿 𠃌 丨 𠃍 一,true(a9~e9)
4288,胫,jìng,丿 𠃌 一 一 ㇇ 丶 一 丨 一,false(a10~e9)
4289,鸨,bǎo,丿 乚 一 丨 丿 𠃌 丶 ㇉ 一,true(a9~e9)
4290,匍,pú,丿 𠃌 一 丨 𠃌 一 一 丨 丶,true(a9~e9)
4291,狨,róng,丿 ㇁ 丿 一 一 丿 ㇂ 丿 丶,false(a10~e9)
4292,狯,kuài,丿 ㇁ 丿 丿 ㇏ 一 一 𠃋 丶,true(a9~e9)
4293,飑,biāo,丿 ⺄ 丿 丶 丿 𠃌 𠃍 一 乚,true(a9~e9)
4294,狩,shòu,丿 ㇁ 丿 丶 ㇀ 乛 一 亅 丶,false(a10~e9)
4295,狲,sūn,丿 ㇁ 丿 ㇇ 亅 ㇀ 亅 丿 丶,false(a10~e9)
4296,訇,hōng,丿 𠃌 丶 一 一 一 丨 𠃍 一,true(a9~e9)
4297,逄,páng,丿 ㇇ ㇏ 一 𠃋 丨 丶 ㇋ ㇏,false(a10~e9)
4298,昝,zǎn,丿 ㇇ ㇏ 丨 丶 丨 𠃍 一 一,false(a10~e9)
4299,饷,xiǎng,丿 乛 𠄌 丿 丨 𠃌 丨 𠃍 一,false(a10~e9)
4300,饸,hé,丿 乛 𠄌 丿 ㇏ 一 丨 𠃍 一,false(a10~e9)
4301,饹,gē、le,丿 乛 𠄌 丿 ㇇ ㇏ 丨 𠃍 一,false(a11~e9)
4302,胤,yìn,丿 𠃋 𠃋 丶 丨 𠃌 一 一 乚,true(a9~e9)
4303,孪,luán,丶 一 丨 丨 丿 丶 ㇇ 亅 一,false(a10~e9)
4304,娈,luán,丶 一 丨 丨 丿 丶 𡿨 丿 一,true(a9~e9)
4305,弈,yì,丶 一 丿 亅 丿 丶 一 丿 丨,true(a9~e9)
4306,奕,yì,丶 一 丿 亅 丿 丶 一 丿 ㇏,true(a9~e9)
4307,庥,xiū,丶 一 丿 丿 丨 一 丨 丿 ㇏,true(a9~e9)
4308,疬,lì,丶 一 丿 丶 ㇀ 一 丿 𠃌 丿,true(a9~e9)
4309,疣,yóu,丶 一 丿 丶 ㇀ 一 丿 乚 丶,true(a9~e9)
4310,疥,jiè,丶 一 丿 丶 ㇀ 丿 ㇏ 丿 丨,true(a9~e9)
4311,疭,zòng,丶 一 丿 丶 ㇀ 丿 丶 丿 ㇏,false(a1~e9)
4312,庠,xiáng,丶 一 丿 丶 丿 一 一 一 丨,true(a9~e9)
4313,竑,hóng,丶 一 丶 丿 ㇀ 一 丿 𠃋 丶,true(a9~e9)
4314,彦,yàn,丶 一 丶 丿 一 丿 丿 丿 丿,true(a9~e9)
4315,飒,sà,丶 一 丶 丿 ㇀ 丿 ⺄ 丿 丶,true(a9~e9)
4316,闼,tà,丶 丨 𠃌 一 丿 丶 丶 ㇋ ㇏,true(a9~e9)
4317,闾,lǘ,丶 丨 𠃌 丨 𠃍 一 丨 𠃍 一,true(a9~e9)
4318,闿,kǎi,丶 丨 𠃌 丨 ㇄ 丨 𠃍 一 乚,true(a9~e9)
4319,阂,hé,丶 丨 𠃌 丶 一 𠃋 丿 丿 丶,true(a9~e9)
4320,羑,yǒu,丶 丿 一 一 丨 一 丿 ㇇ ㇏,false(a1~e9)
4321,迸,bèng,丶 丿 一 一 丿 丨 丶 ㇋ ㇏,true(a9~e9)
4322,籼,xiān,丶 丿 一 丨 丿 丶 丨 ㇄ 丨,true(a9~e9)
4323,酋,qiú,丶 丿 一 丨 𠃍 丿 ㇄ 一 一,true(a9~e9)
4324,炳,bǐng,㇀ 丿 丿 丶 一 丨 𠃌 丿 丶,true(a9~e9)
4325,炻,shí,㇀ 丿 丿 丶 一 丿 丨 𠃍 一,true(a9~e9)
4326,炽,chì,㇀ 丿 丿 丶 丨 𠃍 一 ㇀ 丶,true(a9~e9)
4327,炯,jiǒng,㇀ 丿 丿 丶 丨 𠃌 丨 𠃍 一,true(a9~e9)
4328,烀,hū,㇀ 丿 丿 丶 丿 丶 丿 一 亅,true(a9~e9)
4329,炷,zhù,㇀ 丿 丿 丶 丶 一 一 丨 一,true(a9~e9)
4330,烃,tīng,㇀ 丿 丿 丶 ㇇ 丶 一 丨 一,false(a10~e9)
4331,洱,ěr,丶 丶 ㇀ 一 丨 丨 一 一 一,true(a9~e9)
4332,洹,huán,丶 丶 ㇀ 一 丨 𠃍 一 一 一,true(a9~e9)
4333,洧,wěi,丶 丶 ㇀ 一 丿 丨 𠃌 一 一,true(a9~e9)
4334,洌,liè,丶 丶 ㇀ 一 丿 ㇇ 丶 丨 亅,false(a10~e9)
4335,浃,jiā,丶 丶 ㇀ 一 丶 丿 一 丿 ㇏,true(a9~e9)
4336,洇,yīn,丶 丶 ㇀ 丨 𠃍 一 丿 丶 一,true(a9~e9)
4337,洄,huí,丶 丶 ㇀ 丨 𠃍 丨 𠃍 一 一,true(a9~e9)
4338,洙,zhū,丶 丶 ㇀ 丿 一 一 丨 丿 ㇏,true(a9~e9)
4339,涎,xián,丶 丶 ㇀ 丿 丨 一 ㇄ ㇋ ㇏,true(a9~e9)
4340,洎,jì,丶 丶 ㇀ 丿 丨 𠃍 一 一 一,true(a9~e9)
4341,洫,xù,丶 丶 ㇀ 丿 丨 𠃍 丨 丨 一,true(a9~e9)
4342,浍,kuài、huì,丶 丶 ㇀ 丿 ㇏ 一 一 𠃋 丶,true(a9~e9)
4343,洮,táo,丶 丶 ㇀ 丿 丶 ㇀ 乚 丿 丶,true(a9~e9)
4344,洵,xún,丶 丶 ㇀ 丿 𠃌 丨 𠃍 一 一,true(a9~e9)
4345,浒,hǔ、xǔ,丶 丶 ㇀ 丶 ㇊ 丿 一 一 丨,true(a9~e9)
4346,浔,xún,丶 丶 ㇀ 𠃍 一 一 一 亅 丶,true(a9~e9)
4347,浕,jìn,丶 丶 ㇀ 𠃍 一 丿 ㇏ 丶 丶,true(a9~e9)
4348,洳,rù,丶 丶 ㇀ 𡿨 丿 一 丨 𠃍 一,true(a9~e9)
4349,恸,tòng,㇀ 丶 丨 一 一 𠃋 丶 𠃌 丿,true(a9~e9)
4350,恓,xī、qī、xù,㇀ 丶 丨 一 丨 𠃍 丿 ㇄ 一,false(a1~e9)
4351,恹,yān,㇀ 丶 丨 一 丿 一 丿 ㇏ 丶,true(a9~e9)
4352,恫,dòng,㇀ 丶 丨 丨 𠃌 一 丨 𠃍 一,true(a9~e9)
4353,恺,kǎi,㇀ 丶 丨 丨 ㇄ 丨 𠃍 一 乚,true(a9~e9)
4354,恻,cè,㇀ 丶 丨 丨 𠃍 丿 丶 丨 亅,true(a9~e9)
4355,恂,xún,㇀ 丶 丨 丿 𠃌 丨 𠃍 一 一,true(a9~e9)
4356,恪,kè,㇀ 丶 丨 丿 ㇇ ㇏ 丨 𠃍 一,false(a10~e9)
4357,恽,yùn,㇀ 丶 丨 ㇀ 乛 一 𠃋 一 丨,false(a10~e9)
4358,宥,yòu,丶 ㇀ 乛 一 丿 丨 𠃌 一 一,false(a10~e9)
4359,扃,jiōng,丶 𠃍 一 丿 丨 𠃌 丨 𠃍 一,true(a9~e9)
4360,衲,nà,丶 ㇇ 丨 丿 丶 丨 𠃌 丿 丶,false(a10~e9)
4361,衽,rèn,丶 ㇇ 丨 丿 丶 丿 一 丨 一,false(a10~e9)
4362,衿,jīn,丶 ㇇ 丨 丿 丶 丿 ㇏ 丶 ㇇|乛,false(a11~e9)
4363,袂,mèi,丶 ㇇ 丨 丿 丶 𠃍 一 丿 ㇏,false(a10~e9)
4364,祛,qū,丶 ㇇ 丨 丶 一 丨 一 𠃋 丶,false(a10~e9)
4365,祜,hù,丶 ㇇ 丨 丶 一 丨 丨 𠃍 一,false(a10~e9)
4366,祓,fú,丶 ㇇ 丨 丶 一 丿 ㇇ ㇏ 丶,false(a11~e9)
4367,祚,zuò,丶 ㇇ 丨 丶 丿 一 丨 一 一,false(a10~e9)
4368,诮,qiào,丶 ㇊ 丨 丶 丿 丨 𠃌 一 一,true(a9~e9)
4369,祗,zhī,丶 ㇇ 丨 丶 丿 𠄌 一 ㇂ 丶,false(a11~e9)
4370,祢,mí,丶 ㇇ 丨 丶 丿 乛 亅 丿 丶,false(a11~e9)
4371,诰,gào,丶 ㇊ 丿 一 丨 一 丨 𠃍 一,true(a9~e9)
4372,诳,kuáng,丶 ㇊ 丿 ㇁ 丿 一 一 丨 一,true(a9~e9)
4373,鸩,zhèn,㇀ 乛 丿 𠄌 丿 𠃌 丶 ㇉ 一,false(a10~e9)
4374,昶,chǎng,丶 𠃌 ㇇ 丿 ㇏ 丨 𠃍 一 一,false(a10~e9)
4375,郡,jùn,𠃍 一 一 丿 丨 𠃍 一 ㇌ 丨,false(a10~e9)
4376,咫,zhǐ,𠃍 一 丿 ㇏ 丨 𠃍 一 丿 丶,true(a9~e9)
4377,弭,mǐ,𠃍 一 ㇉ 一 丨 丨 一 一 一,true(a9~e9)
4378,牁,kē,㇄ 丨 一 丿 一 丨 𠃍 一 亅,false(a1~e9)
4379,胥,xū,乛 丨 一 丿 ㇏ 丨 𠃌 一 一,false(a10~e9)
4380,陛,bì,㇌ 丨 一 𠄌 丿 乚 一 丨 一,false(a10~e9)
4381,陟,zhì,㇌ 丨 丨 一 丨 一 丨 丿 丿,false(a10~e9)
4382,娅,yà,𡿨 丿 一 一 丨 丨 丶 丿 一,true(a9~e9)
4383,姮,héng,𡿨 丿 一 一 丨 𠃍 一 一 一,true(a9~e9)
4384,娆,ráo、rǎo,𡿨 丿 一 一 ㇂ 丿 一 丿 乚,false(a10~e9)
4385,姝,shū,𡿨 丿 一 丿 一 一 丨 丿 ㇏,true(a9~e9)
4386,姣,jiāo、xiáo,𡿨 丿 一 丶 一 丿 丶 丿 ㇏,true(a9~e9)
4387,姘,pīn,𡿨 丿 一 丶 丿 一 一 丿 丨,true(a9~e9)
4388,姹,chà,𡿨 丿 一 丶 ㇀ 乛 丿 一 乚,false(a10~e9)
4389,怼,duì,㇇ 丶 一 亅 丶 ㇀ ㇃ 丶 丶,false(a11~e9)
4390,羿,yì,𠃍 丶 ㇀ 𠃍 丶 ㇀ 一 丿 丨,true(a9~e9)
4391,炱,tái,𠃋 丶 丨 𠃍 一 ㇀ 丿 丿 ㇏,true(a9~e9)
4392,矜,jīn、qín、guān,㇇ 丶 乛 亅 丿 丿 ㇏ 丶 ㇇,false(a12~e9)
4393,绔,kù,𠃋 𠃋 ㇀ 一 丿 ㇏ 一 一 ㇉,true(a9~e9)
4394,骁,xiāo,𠃍 ㇉ ㇀ 一 ㇂ 丿 一 丿 乚,false(a10~e9)
4395,骅,huá,𠃍 ㇉ ㇀ 丿 丨 丿 乚 一 丨,true(a9~e9)
4396,绗,háng,𠃋 𠃋 ㇀ 丿 丿 丨 一 一 亅,true(a9~e9)
4397,绛,jiàng,𠃋 𠃋 ㇀ 丿 ㇇ ㇏ 一 𠃋 丨,false(a10~e9)
4398,骈,pián,𠃍 ㇉ ㇀ 丶 丿 一 一 丿 丨,true(a9~e9)
4399,耖,chào,一 一 一 丨 丿 丶 丨 丿 丶 丿,true(a10~e10)
4400,挈,qiè,一 一 一 丨 𠃌 丿 丿 一 一 亅,true(a10~e10)
4401,珥,ěr,一 一 丨 ㇀ 一 丨 丨 一 一 一,true(a10~e10)
4402,珙,gǒng,一 一 丨 ㇀ 一 丨 丨 一 丿 丶,true(a10~e10)
4403,顼,xū,一 一 丨 ㇀ 一 丿 丨 𠃍 丿 丶,true(a10~e10)
4404,珰,dāng,一 一 丨 ㇀ 丨 丶 丿 𠃍 一 一,false(a1~e10)
4405,珩,héng,一 一 丨 ㇀ 丿 丿 丨 一 一 亅,true(a10~e10)
4406,珧,yáo,一 一 丨 ㇀ 丿 丶 ㇀ 乚 丿 丶,true(a10~e10)
4407,珣,xún,一 一 丨 ㇀ 丿 𠃌 丨 𠃍 一 一,true(a10~e10)
4408,珞,luò,一 一 丨 ㇀ 丿 ㇇ ㇏ 丨 𠃍 一,false(a11~e10)
4409,琤,chēng,一 一 丨 ㇀ 丿 ㇇ 𠃍 一 一 亅,false(a1~e10)
4410,珲,hún、huī,一 一 丨 ㇀ ㇀ 乛 一 𠃋 一 丨,false(a11~e10)
4411,敖,áo,一 一 丨 一 𠃌 丿 丿 一 丿 ㇏,true(a10~e10)
4412,恚,huì,一 丨 一 一 丨 一 ㇀ ㇃ 丶 丶,false(a11~e10)
4413,埔,pǔ、bù,一 丨 ㇀ 一 丨 𠃌 一 一 丨 丶,true(a10~e10)
4414,埕,chéng,一 丨 ㇀ 丨 𠃍 一 一 一 丨 一,true(a10~e10)
4415,埘,shí,一 丨 ㇀ 丨 𠃍 一 一 一 亅 丶,true(a10~e10)
4416,埙,xūn,一 丨 ㇀ 丨 𠃍 一 丨 𠃍 丿 丶,true(a10~e10)
4417,埚,guō,一 丨 ㇀ 丨 𠃍 一 丨 𠃌 丿 丶,true(a10~e10)
4418,挹,yì,一 亅 ㇀ 丨 𠃍 一 𠃍 丨 一 乚,true(a10~e10)
4419,耆,qí、shì,一 丨 一 丿 丿 乚 丨 𠃍 一 一,true(a10~e10)
4420,耄,mào,一 丨 一 丿 丿 乚 丿 一 一 乚,true(a10~e10)
4421,埒,liè,一 丨 ㇀ 丿 丶 丶 丿 一 亅 丶,true(a10~e10)
4422,捋,luō、lǚ,一 亅 ㇀ 丿 丶 丶 丿 一 亅 丶,true(a10~e10)
4423,贽,zhì,一 亅 ㇀ 丿 ⺄ 丶 丨 𠃍 丿 丶,true(a10~e10)
4424,垸,yuàn、huán,一 丨 ㇀ 丶 ㇀ 乛 一 一 丿 乚,false(a11~e10)
4425,捃,jùn,一 亅 ㇀ 𠃍 一 一 丿 丨 𠃍 一,true(a10~e10)
4426,盍,hé,一 丨 一 𠃋 丶 丨 𠃍 丨 丨 一,true(a10~e10)
4427,荸,bí,一 丨 丨 一 丨 ㇀ 乛 ㇇ 亅 一,false(a12~e10)
4428,莆,pú,一 丨 丨 一 丨 𠃌 一 一 丨 丶,true(a10~e10)
4429,莳,shì、shí,一 丨 丨 丨 𠃍 一 一 一 亅 丶,true(a10~e10)
4430,莴,wō,一 丨 丨 丨 𠃍 一 丨 𠃌 丿 丶,true(a10~e10)
4431,莪,é,一 丨 丨 丿 一 亅 ㇀ ㇂ 丿 丶,false(a11~e10)
4432,莠,yǒu,一 丨 丨 丿 一 丨 丿 ㇏ 𠄎 丿,false(a11~e10)
4433,莓,méi,一 丨 丨 丿 一 ㇄ 𠃌 丶 一 丶,true(a10~e10)
4434,莜,yóu,一 丨 丨 丿 丨 丨 丿 一 丿 ㇏,true(a10~e10)
4435,莅,lì,一 丨 丨 丿 丨 丶 一 丶 丿 一,true(a10~e10)
4436,荼,tú,一 丨 丨 丿 ㇏ 一 一 亅 丿 丶,true(a10~e10)
4437,莩,fú、piǎo,一 丨 丨 丿 丶 丶 丿 ㇇ 亅 一,false(a11~e10)
4438,荽,suī,一 丨 丨 丿 丶 丶 丿 𡿨 丿 一,true(a10~e10)
4439,莸,yóu,一 丨 丨 丿 ㇁ 丿 一 丿 乚 丶,true(a10~e10)
4440,荻,dí,一 丨 丨 丿 ㇁ 丿 ㇀ 丿 丿 ㇏,true(a10~e10)
4441,莘,shēn、xīn,一 丨 丨 丶 一 丶 丿 一 一 丨,true(a10~e10)
4442,莎,suō、shā,一 丨 丨 丶 丶 ㇀ 丨 丿 丶 丿,true(a10~e10)
4443,莞,wǎn、guǎn、guān,一 丨 丨 丶 ㇀ 乛 一 一 丿 乚,false(a11~e10)
4444,莨,làng、liáng,一 丨 丨 丶 𠃍 一 一 𠄌 丿 ㇏,true(a10~e10)
4445,鸪,gū,一 丨 丨 𠃍 一 丿 𠃌 丶 ㇉ 一,true(a10~e10)
4446,莼,chún,一 丨 丨 𠃋 𠃋 ㇀ 一 ㇄ 丨 乚,true(a10~e10)
4447,栲,kǎo,一 丨 丿 丶 一 丨 一 丿 一 ㇉,true(a10~e10)
4448,栳,lǎo,一 丨 丿 丶 一 丨 一 丿 丿 乚,true(a10~e10)
4449,郴,chēn,一 丨 丿 丶 一 丨 丿 丶 ㇌ 丨,false(a11~e10)
4450,桓,huán,一 丨 丿 丶 一 丨 𠃍 一 一 一,true(a10~e10)
4451,桡,ráo、náo,一 丨 丿 丶 一 ㇂ 丿 一 丿 乚,false(a11~e10)
4452,桎,zhì,一 丨 丿 丶 一 𠃋 丶 一 丨 一,true(a10~e10)
4453,桢,zhēn,一 丨 丿 丶 丨 一 丨 𠃍 丿 丶,true(a10~e10)
4454,桤,qī,一 丨 丿 丶 丨 ㇄ 丨 𠃍 一 乚,true(a10~e10)
4455,梃,tǐng、tìng,一 丨 丿 丶 丿 一 丨 一 ㇋ ㇏,true(a10~e10)
4456,栝,guā、tiǎn,一 丨 丿 丶 丿 一 丨 丨 𠃍 一,true(a10~e10)
4457,桕,jiù,一 丨 丿 丶 丿 丨 一 𠃍 一 一,true(a10~e10)
4458,桁,héng、háng,一 丨 丿 丶 丿 丿 丨 一 一 亅,true(a10~e10)
4459,桧,guì、huì,一 丨 丿 丶 丿 ㇏ 一 一 𠃋 丶,true(a10~e10)
4460,桅,wéi,一 丨 丿 丶 丿 ㇇ 一 丿 𠃌 乚,false(a11~e10)
4461,栟,bēn、bīng,一 丨 丿 丶 丶 丿 一 一 丿 丨,false(a1~e10)
4462,桉,ān,一 丨 丿 丶 丶 ㇀ 乛 𡿨 丿 一,false(a11~e10)
4463,栩,xǔ,一 丨 丿 丶 𠃌 丶 ㇀ 𠃌 丶 ㇀,true(a10~e10)
4464,逑,qiú,一 亅 丶 ㇀ 丿 丶 丶 丶 ㇋ ㇏,true(a10~e10)
4465,逋,bū,一 丨 𠃌 一 一 丨 丶 丶 ㇋ ㇏,true(a10~e10)
4466,彧,yù,一 丨 𠃍 一 ㇀ ㇂ 丿 丿 丿 丶,false(a11~e10)
4467,鬲,gé、lì,一 丨 𠃍 一 丨 𠃌 丶 丿 一 丨,true(a10~e10)
4468,豇,jiāng,一 丨 𠃍 一 丶 丿 ㇀ 一 丨 一,true(a10~e10)
4469,酐,gān,一 丨 𠃍 丿 ㇄ 一 一 一 一 丨,true(a10~e10)
4470,逦,lǐ,一 丨 𠃌 丶 丨 𠃌 丶 丶 ㇋ ㇏,true(a10~e10)
4471,厝,cuò,一 丿 一 丨 丨 一 丨 𠃍 一 一,true(a10~e10)
4472,孬,nāo,一 丿 丨 丶 𡿨 丿 一 ㇇ 亅 一,false(a11~e10)
4473,砝,fǎ,一 丿 丨 𠃍 一 一 丨 一 𠃋 丶,true(a10~e10)
4474,砹,ài,一 丿 丨 𠃍 一 一 丨 丨 丿 ㇏,true(a10~e10)
4475,砺,lì,一 丿 丨 𠃍 一 一 丿 一 𠃌 丿,true(a10~e10)
4476,砧,zhēn,一 丿 丨 𠃍 一 丨 一 丨 𠃍 一,true(a10~e10)
4477,砷,shēn,一 丿 丨 𠃍 一 丨 𠃍 一 一 丨,true(a10~e10)
4478,砟,zhǎ,一 丿 丨 𠃍 一 丿 一 丨 一 一,true(a10~e10)
4479,砼,tóng,一 丿 丨 𠃍 一 丿 ㇏ 一 丨 一,true(a10~e10)
4480,砥,dǐ,一 丿 丨 𠃍 一 丿 𠄌 一 ㇂ 丶,false(a11~e10)
4481,砣,tuó,一 丿 丨 𠃍 一 丶 ㇀ 乛 丿 乚,false(a11~e10)
4482,剞,jī,一 丿 丶 一 丨 𠃍 一 亅 丨 亅,true(a10~e10)
4483,砻,lóng,一 丿 乚 丿 丶 一 丿 丨 𠃍 一,true(a10~e10)
4484,轼,shì,一 𠃋 丨 ㇀ 一 一 丨 ㇀ ㇂ 丶,false(a11~e10)
4485,轾,zhì,一 𠃋 丨 ㇀ 一 𠃋 丶 一 丨 一,true(a10~e10)
4486,辂,lù,一 𠃋 丨 ㇀ 丿 ㇇ ㇏ 丨 𠃍 一,false(a11~e10)
4487,鸫,dōng,一 𠃋 亅 丿 丶 丿 𠃌 丶 ㇉ 一,true(a10~e10)
4488,趸,dǔn,一 𠃌 丿 丨 𠃍 一 丨 一 丿 ㇏,true(a10~e10)
4489,龀,chèn,丨 一 丨 一 丿 丶 ㇄ 丨 丿 乚,true(a10~e10)
4490,鸬,lú,丨 一 𠃍 一 丿 丿 𠃌 丶 ㇉ 一,true(a10~e10)
4491,虔,qián,丨 一 乛 丿 一 乚 丶 一 丿 ㇏,false(a11~e10)
4492,逍,xiāo,丨 丶 丿 丨 𠃌 一 一 丶 ㇋ ㇏,true(a10~e10)
4493,眬,lóng,丨 𠃍 一 一 一 一 丿 乚 丿 丶,false(a1~e10)
4494,唛,mài,丨 𠃍 一 一 一 丨 一 丿 ㇇ ㇏,false(a11~e10)
4495,晟,shèng、chéng,丨 𠃍 一 一 一 丿 𠃌 ㇂ 丿 丶,false(a11~e10)
4496,眩,xuàn,丨 𠃍 一 一 一 丶 一 𠃋 𠃋 丶,true(a10~e10)
4497,眙,yí、chì,丨 𠃍 一 一 一 𠃋 丶 丨 𠃍 一,true(a10~e10)
4498,哧,chī,丨 𠃍 一 一 丨 一 丿 亅 丿 丶,true(a10~e10)
4499,哽,gěng,丨 𠃍 一 一 丨 𠃍 一 一 丿 ㇏,true(a10~e10)
4500,唔,wù、wú,丨 𠃍 一 一 丨 𠃍 一 丨 𠃍 一,true(a10~e10)
4501,晁,cháo,丨 𠃍 一 一 丿 丶 ㇀ 乚 丿 丶,true(a10~e10)
4502,晏,yàn,丨 𠃍 一 一 丶 ㇀ ㇇|乛 𡿨 丿 一,false(a11~e10)
4503,鸮,xiāo,丨 𠃍 一 一 ㇉ 丿 𠃌 丶 ㇉ 一,true(a10~e10)
4504,趵,bào、bō,丨 𠃍 一 丨 一 丨 ㇀ 丿 𠃌 丶,true(a10~e10)
4505,趿,tā,丨 𠃍 一 丨 一 丨 ㇀ 丿 ㇋ ㇏,true(a10~e10)
4506,畛,zhěn,丨 𠃍 一 丨 一 丿 ㇏ 丿 丿 丿,true(a10~e10)
4507,蚨,fú,丨 𠃍 一 丨 一 丶 一 一 丿 ㇏,true(a10~e10)
4508,蚜,yá,丨 𠃍 一 丨 一 丶 一 𠃋 亅 丿,true(a10~e10)
4509,蚍,pí,丨 𠃍 一 丨 一 丶 一 𠄌 丿 乚,true(a10~e10)
4510,蚋,ruì,丨 𠃍 一 丨 一 丶 丨 𠃌 丿 丶,true(a10~e10)
4511,蚬,xiǎn,丨 𠃍 一 丨 一 丶 丨 𠃍 丿 乚,true(a10~e10)
4512,蚝,háo,丨 𠃍 一 丨 一 丶 丿 一 一 乚,true(a10~e10)
4513,蚧,jiè,丨 𠃍 一 丨 一 丶 丿 ㇏ 丿 丨,true(a10~e10)
4514,唢,suǒ,丨 𠃍 一 丨 丶 丿 丨 𠃍 丿 丶,true(a10~e10)
4515,圄,yǔ,丨 𠃍 一 丨 𠃍 一 丨 𠃍 一 一,true(a10~e10)
4516,唣,zào,丨 𠃍 一 丿 丨 𠃍 一 一 一 乚,true(a10~e10)
4517,唏,xī,丨 𠃍 一 丿 丶 一 丿 丨 𠃌 丨,true(a10~e10)
4518,盎,àng,丨 𠃍 一 丿 ㇏ 丨 𠃍 丨 丨 一,true(a10~e10)
4519,唑,zuò,丨 𠃍 一 丿 丶 丿 丶 一 丨 一,true(a10~e10)
4520,崂,láo,丨 ㇄ 丨 一 丨 丨 ㇀ 乛 𠃌 丿,false(a11~e10)
4521,崃,lái,丨 ㇄ 丨 一 丶 丿 一 丨 丿 ㇏,true(a10~e10)
4522,罡,gāng,丨 𠃍 丨 丨 一 一 丨 一 丨 一,true(a10~e10)
4523,罟,gǔ,丨 𠃍 丨 丨 一 一 丨 丨 𠃍 一,true(a10~e10)
4524,峪,yù,丨 ㇄ 丨 丿 丶 丿 ㇏ 丨 𠃍 一,true(a10~e10)
4525,觊,jì,丨 ㇄ 丨 𠃍 一 𠄌 丨 𠃍 丿 乚,true(a10~e10)
4526,赅,gāi,丨 𠃍 丿 丶 丶 一 𠃋 丿 丿 丶,true(a10~e10)
4527,钰,yù,丿 一 一 一 𠄌 一 一 丨 一 丶,true(a10~e10)
4528,钲,zhēng、zhèng,丿 一 一 一 𠄌 一 丨 一 丨 一,true(a10~e10)
4529,钴,gǔ,丿 一 一 一 𠄌 一 丨 丨 𠃍 一,true(a10~e10)
4530,钵,bō,丿 一 一 一 𠄌 一 丨 丿 ㇏ 一,true(a10~e10)
4531,钹,bó,丿 一 一 一 𠄌 一 丿 ㇇ ㇏ 丶,false(a11~e10)
4532,钺,yuè,丿 一 一 一 𠄌 一 𠄌 ㇂ 丿 丶,false(a11~e10)
4533,钽,tǎn,丿 一 一 一 𠄌 丨 𠃍 一 一 一,true(a10~e10)
4534,钼,mù,丿 一 一 一 𠄌 丨 𠃍 一 一 一,true(a10~e10)
4535,钿,diàn、tián,丿 一 一 一 𠄌 丨 𠃍 一 丨 一,true(a10~e10)
4536,铀,yóu,丿 一 一 一 𠄌 丨 𠃍 一 丨 一,true(a10~e10)
4537,铂,bó,丿 一 一 一 𠄌 丿 丨 𠃍 一 一,true(a10~e10)
4538,铄,shuò,丿 一 一 一 𠄌 丿 ㇄ 亅 丿 丶,true(a10~e10)
4539,铆,mǎo,丿 一 一 一 𠄌 丿 𠄌 丿 𠃌 丨,true(a10~e10)
4540,铈,shì,丿 一 一 一 𠄌 丶 一 丨 𠃌 丨,true(a10~e10)
4541,铉,xuàn,丿 一 一 一 𠄌 丶 一 𠃋 𠃋 丶,true(a10~e10)
4542,铊,tā、tuó,丿 一 一 一 𠄌 丶 ㇀ 乛 丿 乚,false(a11~e10)
4543,铋,bì,丿 一 一 一 𠄌 ㇀ ㇃ 丶 丿 丶,false(a11~e10)
4544,铌,ní,丿 一 一 一 𠄌 𠃍 一 丿 丿 乚,true(a10~e10)
4545,铍,pí、pī,丿 一 一 一 𠄌 乛 丿 丨 ㇇ ㇏,false(a12~e10)
4546,䥽,pō,丿 一 一 一 𠄌 𠃋 丿 ㇇ ㇏ 丶,false(a1~e10)
4547,铎,duó,丿 一 一 一 𠄌 ㇇ ㇏ 一 一 丨,false(a11~e10)
4548,氩,yà,丿 一 一 ⺄ 一 丨 丨 丶 丿 一,true(a10~e10)
4549,氤,yīn,丿 一 一 ⺄ 丨 𠃍 一 丿 丶 一,true(a10~e10)
4550,氦,hài,丿 一 一 ⺄ 丶 一 𠃋 丿 丿 丶,true(a10~e10)
4551,毪,mú,丿 一 一 乚 𠃋 丶 丿 一 一 丨,true(a10~e10)
4552,舐,shì,丿 一 丨 丨 𠃍 一 丿 𠄌 一 ㇂,false(a11~e10)
4553,秣,mò,丿 一 丨 丿 丶 一 一 丨 丿 ㇏,true(a10~e10)
4554,秫,shú,丿 一 丨 丿 丶 一 丨 丿 ㇏ 丶,true(a10~e10)
4555,盉,hé,丿 一 丨 丿 ㇏ 丨 𠃍 丨 丨 一,false(a1~e10)
4556,笄,jī,丿 一 丶 丿 一 丶 一 一 丿 丨,true(a10~e10)
4557,笕,jiǎn,丿 一 丶 丿 一 丶 丨 𠃍 丿 乚,true(a10~e10)
4558,笊,zhào,丿 一 丶 丿 一 丶 丿 丿 丨 ㇏,true(a10~e10)
4559,笏,hù,丿 一 丶 丿 一 丶 丿 𠃌 丿 丿,true(a10~e10)
4560,笆,bā,丿 一 丶 丿 一 丶 𠃍 丨 一 乚,true(a10~e10)
4561,俸,fèng,丿 丨 一 一 一 丿 ㇏ 一 一 丨,true(a10~e10)
4562,倩,qiàn,丿 丨 一 一 丨 一 丨 𠃌 一 一,true(a10~e10)
4563,俵,biào,丿 丨 一 一 丨 一 丿 𠄌 丿 ㇏,false(a1~e10)
4564,偌,ruò,丿 丨 一 丨 丨 一 丿 丨 𠃍 一,true(a10~e10)
4565,俳,pái,丿 丨 丨 一 一 一 丨 一 一 一,true(a10~e10)
4566,俶,chù、tì,丿 丨 丨 一 一 亅 丿 丶 ㇇ ㇏,false(a11~e10)
4567,倬,zhuō,丿 丨 丨 一 丨 𠃍 一 一 一 丨,true(a10~e10)
4568,倏,shū,丿 丨 丨 丿 ㇇ ㇏ 一 丿 丶 丶,false(a11~e10)
4569,恁,nèn、nín,丿 丨 丿 一 丨 一 ㇀ ㇃ 丶 丶,false(a11~e10)
4570,倭,wō、wēi,丿 丨 丿 一 丨 丿 ㇏ 𡿨 丿 一,true(a10~e10)
4571,倪,ní,丿 丨 丿 丨 一 𠃍 一 一 丿 乚,true(a10~e10)
4572,俾,bǐ,丿 丨 丿 丨 𠃍 一 一 丿 一 丨,true(a10~e10)
4573,倜,tì,丿 丨 丿 𠃌 一 丨 一 丨 𠃍 一,true(a10~e10)
4574,隼,sǔn,丿 丨 丶 一 一 一 丨 一 一 丨,true(a10~e10)
4575,隽,jùn、juàn,丿 丨 丶 一 一 一 丨 一 𠄎 丿,false(a11~e10)
4576,倌,guān,丿 丨 丶 ㇀ 乛 丨 𠃍 一 𠃍 一,false(a11~e10)
4577,倥,kōng、kǒng,丿 丨 丶 ㇀ 乛 丿 丶 一 丨 一,false(a11~e10)
4578,臬,niè,丿 丨 𠃍 一 一 一 一 丨 丿 ㇏,true(a10~e10)
4579,皋,gāo、háo,丿 丨 𠃍 一 一 一 丿 ㇏ 一 丨,true(a10~e10)
4580,郫,pí,丿 丨 𠃍 一 一 丿 一 丨 ㇌ 丨,false(a11~e10)
4581,倨,jù,丿 丨 𠃍 一 丿 一 丨 丨 𠃍 一,true(a10~e10)
4582,衄,nǜ,丿 丨 𠃍 丨 丨 ㇀ 𠃍 丨 一 一,true(a10~e10)
4583,颀,qí,丿 丿 一 丨 一 丿 丨 𠃍 丿 丶,true(a10~e10)
4584,徕,lái、lài,丿 丿 丨 一 丶 丿 一 丨 丿 ㇏,true(a10~e10)
4585,舫,fǎng,丿 丿 𠃌 丶 一 丶 丶 一 𠃌 丿,true(a10~e10)
4586,釜,fǔ,丿 丶 丿 ㇏ 一 一 丨 丶 丿 一,true(a10~e10)
4587,奚,xī,丿 丶 丶 丿 𠃋 𠃋 丶 一 丿 ㇏,true(a10~e10)
4588,衾,qīn,丿 ㇏ 丶 ㇇ 丶 一 丿 𠄌 丿 ㇏,false(a11~e10)
4589,胯,kuà,丿 𠃌 一 一 一 丿 ㇏ 一 一 ㇉,true(a10~e10)
4590,胱,guāng,丿 𠃌 一 一 丨 丶 丿 一 丿 乚,true(a10~e10)
4591,胴,dòng,丿 𠃌 一 一 丨 𠃌 一 丨 𠃍 一,true(a10~e10)
4592,胭,yān,丿 𠃌 一 一 丨 𠃍 一 丿 丶 一,true(a10~e10)
4593,脍,kuài,丿 𠃌 一 一 丿 ㇏ 一 一 𠃋 丶,true(a10~e10)
4594,胼,pián,丿 𠃌 一 一 丶 丿 一 一 丿 丨,true(a10~e10)
4595,朕,zhèn,丿 𠃌 一 一 丶 丿 一 一 丿 ㇏,true(a10~e10)
4596,脒,mǐ,丿 𠃌 一 一 丶 丿 一 丨 丿 ㇏,true(a10~e10)
4597,胺,àn,丿 𠃌 一 一 丶 ㇀ 乛 𡿨 丿 一,false(a11~e10)
4598,鸱,chī,丿 𠄌 一 ㇂ 丶 丿 𠃌 丶 ㇉ 一,false(a11~e10)
4599,玺,xǐ,丿 乛 亅 丿 丶 一 一 丨 一 丶,false(a11~e10)
4600,鸲,qú,丿 𠃌 丨 𠃍 一 丿 𠃌 丶 ㇉ 一,true(a10~e10)
4601,狷,juàn,丿 ㇁ 丿 丨 𠃍 一 丨 𠃌 一 一,true(a10~e10)
4602,猁,lì,丿 ㇁ 丿 丿 一 丨 丿 丶 丨 亅,true(a10~e10)
4603,狳,yú,丿 ㇁ 丿 丿 ㇏ 一 一 亅 丿 丶,true(a10~e10)
4604,猃,xiǎn,丿 ㇁ 丿 丿 ㇏ 一 丶 丶 丿 一,true(a10~e10)
4605,狺,yín,丿 ㇁ 丿 丶 一 一 一 丨 𠃍 一,true(a10~e10)
4606,逖,tì,丿 ㇁ 丿 ㇀ 丿 丿 丶 丶 ㇋ ㇏,true(a10~e10)
4607,桀,jié,丿 ㇇ 丶 一 𠃋 丨 一 丨 丿 ㇏,false(a11~e10)
4608,袅,niǎo,丿 𠃌 丶 ㇉ 丶 一 丿 𠄌 丿 ㇏,true(a10~e10)
4609,饽,bō,丿 乛 𠄌 一 丨 ㇀ 乛 ㇇ 亅 一,false(a13~e10)
4610,凇,sōng,丶 ㇀ 一 丨 丿 丶 丿 ㇏ 𠃋 丶,true(a10~e10)
4611,栾,luán,丶 一 丨 丨 丿 丶 一 丨 丿 ㇏,true(a10~e10)
4612,挛,luán,丶 一 丨 丨 丿 丶 丿 一 一 亅,true(a10~e10)
4613,亳,bó,丶 一 丨 𠃍 一 ㇀ 乛 丿 一 乚,false(a11~e10)
4614,疳,gān,丶 一 丿 丶 ㇀ 一 丨 丨 一 一,true(a10~e10)
4615,疴,kē,丶 一 丿 丶 ㇀ 一 丨 𠃍 一 亅,true(a10~e10)
4616,疸,dǎn,丶 一 丿 丶 ㇀ 丨 𠃍 一 一 一,true(a10~e10)
4617,疽,jū,丶 一 丿 丶 ㇀ 丨 𠃍 一 一 一,true(a10~e10)
4618,痈,yōng,丶 一 丿 丶 ㇀ 丿 𠃌 一 一 丨,true(a10~e10)
4619,疱,pào,丶 一 丿 丶 ㇀ 丿 𠃌 𠃍 一 乚,true(a10~e10)
4620,痂,jiā,丶 一 丿 丶 ㇀ 𠃌 丿 丨 𠃍 一,true(a10~e10)
4621,痉,jìng,丶 一 丿 丶 ㇀ ㇇ 丶 一 丨 一,false(a11~e10)
4622,衮,gǔn,丶 一 丿 丶 𠃋 丶 丿 𠄌 丿 ㇏,true(a10~e10)
4623,凋,diāo,丶 ㇀ 丿 𠃌 一 丨 一 丨 𠃍 一,true(a10~e10)
4624,颃,háng,丶 一 丿 ㇊ 一 丿 丨 𠃍 丿 丶,true(a10~e10)
4625,恣,zì,丶 ㇀ 丿 ㇇|乛 丿 ㇏ ㇀ ㇃ 丶 丶,false(a12~e10)
4626,旆,pèi,丶 一 𠃌 丿 丿 一 一 丨 𠃌 丨,true(a10~e10)
4627,旄,máo、mào,丶 一 𠃌 丿 丿 一 丿 一 一 乚,true(a10~e10)
4628,旃,zhān,丶 一 𠃌 丿 丿 一 丿 𠃌 丶 一,true(a10~e10)
4629,阃,kǔn,丶 丨 𠃌 丨 𠃍 一 丨 丿 丶 一,true(a10~e10)
4630,阄,jiū,丶 丨 𠃌 丿 ㇇ 丨 𠃍 一 一 乚,false(a11~e10)
4631,訚,yín,丶 丨 𠃌 丶 一 一 一 丨 𠃍 一,false(a1~e10)
4632,阆,làng,丶 丨 𠃌 丶 𠃍 一 一 𠄌 丿 丶,true(a10~e10)
4633,恙,yàng,丶 丿 一 一 丨 一 ㇀ ㇃ 丶 丶,false(a11~e10)
4634,粑,bā,丶 丿 一 丨 丿 丶 𠃍 丨 一 乚,true(a10~e10)
4635,朔,shuò,丶 丿 一 ㇄ 丨 丿 丿 𠃌 一 一,true(a10~e10)
4636,郸,dān,丶 丿 丨 𠃍 一 一 一 丨 ㇌ 丨,false(a11~e10)
4637,烜,xuǎn,㇀ 丿 丿 丶 一 丨 𠃍 一 一 一,true(a10~e10)
4638,烨,yè,㇀ 丿 丿 丶 丿 丨 丿 乚 一 丨,true(a10~e10)
4639,烩,huì,㇀ 丿 丿 丶 丿 ㇏ 一 一 𠃋 丶,true(a10~e10)
4640,烊,yáng、yàng,㇀ 丿 丿 丶 丶 丿 一 一 一 丨,true(a10~e10)
4641,剡,yǎn、shàn,㇀ 丿 丿 丶 ㇀ 丿 丿 丶 丨 亅,true(a10~e10)
4642,郯,tán,㇀ 丿 丿 丶 ㇀ 丿 丿 丶 ㇌ 丨,false(a11~e10)
4643,烬,jìn,㇀ 丿 丿 丶 𠃍 一 丿 ㇏ 丶 丶,true(a10~e10)
4644,涑,sù,丶 丶 ㇀ 一 丨 𠃍 一 丨 丿 ㇏,true(a10~e10)
4645,浯,wú,丶 丶 ㇀ 一 丨 𠃍 一 丨 𠃍 一,true(a10~e10)
4646,涞,lái,丶 丶 ㇀ 一 丶 丿 一 丨 丿 ㇏,true(a10~e10)
4647,涟,lián,丶 丶 ㇀ 一 𠃋 一 丨 丶 ㇋ ㇏,true(a10~e10)
4648,娑,suō,丶 丶 ㇀ 丨 丿 丶 丿 𡿨 丿 一,true(a10~e10)
4649,涅,niè,丶 丶 ㇀ 丨 𠃍 一 一 一 丨 一,true(a10~e10)
4650,涠,wéi,丶 丶 ㇀ 丨 𠃍 一 一 𠃌 丨 一,true(a10~e10)
4651,浞,zhuó,丶 丶 ㇀ 丨 𠃍 一 丨 一 丿 ㇏,true(a10~e10)
4652,涓,juān,丶 丶 ㇀ 丨 𠃍 一 丨 𠃌 一 一,true(a10~e10)
4653,浥,yì,丶 丶 ㇀ 丨 𠃍 一 𠃍 丨 一 乚,false(a1~e10)
4654,涔,cén,丶 丶 ㇀ 丨 ㇄ 丨 丿 ㇏ 丶 ㇇,false(a11~e10)
4655,浜,bāng,丶 丶 ㇀ 丿 丨 一 丨 一 丿 丶,true(a10~e10)
4656,浠,xī,丶 丶 ㇀ 丿 丶 一 丿 丨 𠃌 丨,true(a10~e10)
4657,浣,huàn,丶 丶 ㇀ 丶 ㇀ 乛 一 一 丿 乚,false(a11~e10)
4658,浚,jùn、xùn,丶 丶 ㇀ 𠃋 丶 丿 丶 丿 ㇇ ㇏,false(a11~e10)
4659,悚,sǒng,㇀ 丶 丨 一 丨 𠃍 一 丨 丿 ㇏,true(a10~e10)
4660,悭,qiān,㇀ 丶 丨 丨 丨 ㇇ ㇏ 一 丨 一,false(a11~e10)
4661,悝,kuī、lǐ,㇀ 丶 丨 丨 𠃍 一 一 丨 一 一,true(a10~e10)
4662,悒,yì,㇀ 丶 丨 丨 𠃍 一 𠃍 丨 一 乚,true(a10~e10)
4663,悌,tì,㇀ 丶 丨 丶 丿 𠃍 一 ㇉ 丨 丿,true(a10~e10)
4664,悛,quān,㇀ 丶 丨 𠃋 丶 丿 丶 丿 ㇇ ㇏,false(a11~e10)
4665,宸,chén,丶 ㇀ 乛 一 丿 一 一 𠄌 丿 ㇏,false(a11~e10)
4666,窈,yǎo,丶 ㇀ 乛 丿 丶 𠃋 𠃋 丶 𠃌 丿,false(a11~e10)
4667,剜,wān,丶 ㇀ 乛 丿 ㇇ 丶 𠃌 𠄌 丨 亅,false(a12~e10)
4668,诹,zōu,丶 ㇊ 一 丨 丨 一 一 ㇀ ㇇ ㇏,false(a11~e10)
4669,冢,zhǒng,㇀ 乛 一 丿 ㇁ 丿 丿 丶 丿 ㇏,false(a11~e10)
4670,诼,zhuó,丶 ㇊ 一 丿 ㇁ 丿 丿 丶 丿 ㇏,true(a10~e10)
4671,袒,tǎn,丶 ㇇ 丨 丿 丶 丨 𠃍 一 一 一,false(a11~e10)
4672,袢,pàn,丶 ㇇ 丨 丿 丶 丶 丿 一 一 丨,false(a11~e10)
4673,祯,zhēn,丶 ㇇ 丨 丶 丨 一 丨 𠃍 丿 丶,false(a11~e10)
4674,诿,wěi,丶 ㇊ 丿 一 丨 丿 ㇏ 𡿨 丿 一,true(a10~e10)
4675,谀,yú,丶 ㇊ 丿 丨 一 𠃍 一 一 丿 ㇏,true(a10~e10)
4676,谂,shěn,丶 ㇊ 丿 ㇏ 丶 ㇇ ㇀ ㇃ 丶 丶,false(a12~e10)
4677,谄,chǎn,丶 ㇊ 丿 ㇇ 丿 丨 一 𠃍 一 一,false(a11~e10)
4678,谇,suì,丶 ㇊ 丶 一 丿 丶 丿 丶 一 丨,true(a10~e10)
4679,屐,jī,𠃍 一 丿 丿 丿 丨 一 丨 ㇇ ㇏,false(a11~e10)
4680,屙,ē,𠃍 一 丿 ㇌ 丨 一 丨 𠃍 一 亅,false(a11~e10)
4681,陬,zōu,㇌ 丨 一 丨 丨 一 一 ㇀ ㇇ ㇏,false(a12~e10)
4682,勐,měng,㇇ 亅 一 丨 𠃍 丨 丨 ㇀ 𠃌 丿,false(a11~e10)
4683,奘,zàng、zhuǎng,㇄ 丨 一 丿 一 丨 一 一 丿 ㇏,true(a10~e10)
4684,牂,zāng,㇄ 丨 一 丿 一 丶 丿 一 一 一 丨,false(a1~e10)
4685,蚩,chī,㇄ 丨 丨 一 丨 𠃍 一 丨 一 丶,true(a10~e10)
4686,陲,chuí,㇌ 丨 丿 一 丨 一 丨 丨 一 一,false(a11~e10)
4687,姬,jī,𡿨 丿 一 一 丨 丨 𠃍 一 丨 ㇄,true(a10~e10)
4688,娠,shēn,𡿨 丿 一 一 丿 一 一 𠄌 丿 ㇏,true(a10~e10)
4689,娌,lǐ,𡿨 丿 一 丨 𠃍 一 一 丨 一 一,true(a10~e10)
4690,娉,pīng,𡿨 丿 一 丨 𠃍 一 丨 一 一 ㇉,true(a10~e10)
4691,娲,wā,𡿨 丿 一 丨 𠃍 一 丨 𠃌 丿 丶,true(a10~e10)
4692,娩,miǎn,𡿨 丿 一 丿 ㇇ 丨 𠃍 一 丿 乚,false(a11~e10)
4693,娴,xián,𡿨 丿 一 丶 丨 𠃌 一 丨 丿 丶,true(a10~e10)
4694,娣,dì,𡿨 丿 一 丶 丿 𠃍 一 ㇉ 丨 丿,true(a10~e10)
4695,娓,wěi,𡿨 丿 一 𠃍 一 丿 丿 一 一 乚,true(a10~e10)
4696,婀,ē,𡿨 丿 一 ㇌ 丨 一 丨 𠃍 一 亅,false(a11~e10)
4697,畚,běn,𠃋 丶 一 丿 ㇏ 丨 𠃍 一 丨 一,true(a10~e10)
4698,逡,qūn,𠃋 丶 丿 丶 丿 ㇇ 丶 丶 ㇋ ㇏,false(a11~e10)
4699,绠,gěng,𠃋 𠃋 ㇀ 一 丨 𠃍 一 一 丿 ㇏,true(a10~e10)
4700,骊,lí,𠃍 ㇉ ㇀ 一 丨 𠃌 丶 丨 𠃌 丶,true(a10~e10)
4701,绡,xiāo,𠃋 𠃋 ㇀ 丨 丶 丿 丨 𠃌 一 一,true(a10~e10)
4702,骋,chěng,𠃍 ㇉ ㇀ 丨 𠃍 一 丨 一 一 ㇉,true(a10~e10)
4703,绥,suí,𠃋 𠃋 ㇀ 丿 丶 丶 丿 𡿨 丿 一,true(a10~e10)
4704,绦,tāo,𠃋 𠃋 ㇀ 丿 ㇇ ㇏ 一 亅 丿 丶,false(a11~e10)
4705,绨,tí、tì,𠃋 𠃋 ㇀ 丶 丿 𠃍 一 ㇉ 丨 丿,true(a10~e10)
4706,骎,qīn,𠃍 ㇉ ㇀ 𠃍 一 一 ㇀ ㇇ ㇇ ㇏,false(a1~e10)
4707,邕,yōng,𡿨 𡿨 𡿨 丨 𠃍 一 𠃍 丨 一 乚,true(a10~e10)
4708,鸶,sī,𠃋 𠃋 𠃋 𠃋 一 丿 𠃌 丶 ㇉ 一,true(a10~e10)
4709,彗,huì,一 一 一 丨 一 一 一 丨 𠃍 一 一,true(a11~e11)
4710,耜,sì,一 一 一 丨 丿 丶 丨 𠃍 一 𠃍 一,true(a11~e11)
4711,焘,tāo,一 一 一 丿 一 亅 丶 ㇀ 丶 丶 丶,true(a11~e11)
4712,舂,chōng,一 一 一 丿 ㇏ 丿 丨 一 𠃍 一 一,true(a11~e11)
4713,琏,liǎn,一 一 丨 ㇀ 一 𠃋 一 丨 丶 ㇋ ㇏,true(a11~e11)
4714,琇,xiù,一 一 丨 ㇀ 丿 一 丨 丿 ㇏ 𠄎 丿,false(a12~e11)
4715,麸,fū,一 一 丨 一 丿 ㇇|乛 丶 一 一 丿 ㇏,false(a12~e11)
4716,揶,yé,一 亅 ㇀ 一 丨 丨 一 一 ㇀ ㇌ 丨,false(a12~e11)
4717,埴,zhí,一 丨 ㇀ 一 丨 丨 𠃍 一 一 一 一,true(a11~e11)
4718,埯,ǎn,一 丨 ㇀ 一 丿 ㇏ 丨 𠃍 一 一 乚,true(a11~e11)
4719,捯,dáo,一 亅 ㇀ 一 𠃋 丶 一 丨 ㇀ 丨 亅,true(a11~e11)
4720,掳,lǔ,一 亅 ㇀ 丨 一 乛 丿 一 乚 𠃌 丿,false(a12~e11)
4721,掴,guāi,一 亅 ㇀ 丨 𠃍 一 一 丨 一 丶 一,true(a11~e11)
4722,埸,yì,一 丨 ㇀ 丨 𠃍 一 一 丿 𠃌 丿 丿,true(a11~e11)
4723,埵,duǒ,一 丨 ㇀ 丿 一 丨 一 丨 丨 一 一,false(a1~e11)
4724,赧,nǎn,一 丨 一 丿 亅 丿 丶 𠃌 丨 ㇇ ㇏,false(a12~e11)
4725,埤,pí、pì,一 丨 ㇀ 丿 丨 𠃍 一 一 丿 一 丨,true(a11~e11)
4726,捭,bǎi,一 亅 ㇀ 丿 丨 𠃍 一 一 丿 一 丨,true(a11~e11)
4727,逵,kuí,一 丨 一 丿 丶 一 丨 一 丶 ㇋ ㇏,true(a11~e11)
4728,埝,niàn,一 丨 ㇀ 丿 ㇏ 丶 ㇇|乛 ㇀ ㇃ 丶 丶,false(a13~e11)
4729,堋,péng、bèng,一 丨 ㇀ 丿 𠃌 一 一 丿 𠃌 一 一,true(a11~e11)
4730,堍,tù,一 丨 ㇀ 丿 ㇇ 丨 𠃍 一 丿 乚 丶,false(a12~e11)
4731,掬,jū,一 亅 ㇀ 丿 𠃌 丶 丿 一 丨 丿 丶,true(a11~e11)
4732,鸷,zhì,一 亅 ㇀ 丿 ⺄ 丶 丿 𠃌 丶 ㇉ 一,true(a11~e11)
4733,掖,yè、yē,一 亅 ㇀ 丶 一 丿 丨 丿 ㇇ 丶 ㇏,false(a12~e11)
4734,捽,zuó,一 亅 ㇀ 丶 一 丿 丶 丿 丶 一 丨,false(a1~e11)
4735,掊,pǒu、póu,一 亅 ㇀ 丶 一 丶 丿 一 丨 𠃍 一,true(a11~e11)
4736,堉,yù,一 丨 ㇀ 丶 一 𠃋 丶 丨 𠃌 一 一,true(a11~e11)
4737,掸,dǎn、shàn,一 亅 ㇀ 丶 丿 丨 𠃍 一 一 一 丨,true(a11~e11)
4738,捩,liè,一 亅 ㇀ 丶 𠃍 一 丿 一 丿 ㇏ 丶,true(a11~e11)
4739,掮,qián,一 亅 ㇀ 丶 𠃍 一 丿 丨 𠃌 一 一,true(a11~e11)
4740,悫,què,一 丨 一 ㇀ ㇇|乛 丿 ⺄ ㇀ ㇃ 丶 丶,false(a13~e11)
4741,埭,dài,一 丨 ㇀ 𠃍 一 一 亅 丶 ㇀ 丿 ㇏,true(a11~e11)
4742,埽,sào、sǎo,一 丨 ㇀ 𠃍 一 一 ㇀ 乛 丨 𠃌 丨,false(a12~e11)
4743,掇,duō,一 亅 ㇀ ㇇ 丶 ㇇ 丶 ㇇ 丶 ㇇ ㇏,false(a15~e11)
4744,掼,guàn,一 亅 ㇀ ㇄ 𠃍 丨 一 丨 𠃍 丿 丶,true(a11~e11)
4745,聃,dān,一 丨 丨 一 一 ㇀ 丨 𠃌 丨 一 一,true(a11~e11)
4746,菁,jīng,一 丨 丨 一 一 丨 一 丨 𠃌 一 一,true(a11~e11)
4747,萁,qí,一 丨 丨 一 丨 丨 一 一 一 丿 丶,true(a11~e11)
4748,菘,sōng,一 丨 丨 一 丨 丿 丶 丿 ㇏ 𠃋 丶,true(a11~e11)
4749,堇,jǐn,一 丨 丨 一 丨 𠃍 一 一 一 丨 一,true(a11~e11)
4750,萘,nài,一 丨 丨 一 丿 ㇏ 一 一 亅 丿 丶,true(a11~e11)
4751,萋,qī,一 丨 丨 一 𠃍 一 一 丨 𡿨 丿 一,true(a11~e11)
4752,菽,shū,一 丨 丨 丨 一 一 亅 丿 丶 ㇇ ㇏,false(a12~e11)
4753,菖,chāng,一 丨 丨 丨 𠃍 一 一 丨 𠃍 一 一,true(a11~e11)
4754,萜,tiē,一 丨 丨 丨 𠃌 丨 丨 一 丨 𠃍 一,true(a11~e11)
4755,萸,yú,一 丨 丨 丿 丨 一 𠃍 一 一 丿 ㇏,true(a11~e11)
4756,萑,huán,一 丨 丨 丿 丨 丶 一 一 一 丨 一,true(a11~e11)
4757,棻,fēn,一 丨 丨 丿 丶 𠃌 丿 一 丨 丿 ㇏,true(a11~e11)
4758,菔,fú,一 丨 丨 丿 𠃌 一 一 𠃌 丨 ㇇ ㇏,false(a12~e11)
4759,菟,tù、tú,一 丨 丨 丿 ㇇ 丨 𠃍 一 丿 乚 丶,false(a12~e11)
4760,萏,dàn,一 丨 丨 丿 ㇇ 丿 丨 一 𠃍 一 一,false(a12~e11)
4761,萃,cuì,一 丨 丨 丶 一 丿 丶 丿 丶 一 丨,true(a11~e11)
4762,菏,hé,一 丨 丨 丶 丶 ㇀ 一 丨 𠃍 一 亅,true(a11~e11)
4763,菹,zū,一 丨 丨 丶 丶 ㇀ 丨 𠃍 一 一 一,true(a11~e11)
4764,菪,dàng,一 丨 丨 丶 ㇀ 乛 一 丿 丨 𠃍 一,false(a12~e11)
4765,菅,jiān,一 丨 丨 丶 ㇀ 乛 丨 𠃍 一 𠃍 一,false(a12~e11)
4766,菀,wǎn、yùn,一 丨 丨 丶 ㇀ 乛 丿 乛 丶 𠃌 乚,false(a13~e11)
4767,萦,yíng,一 丨 丨 ㇀ 乛 𠃋 𠃋 丶 亅 丿 丶,false(a12~e11)
4768,菰,gū,一 丨 丨 ㇇ 亅 ㇀ 丿 丿 𠄌 丶 ㇏,false(a12~e11)
4769,菡,hàn,一 丨 丨 ㇇ 亅 丶 ㇀ 丿 丶 ㇄ 丨,false(a12~e11)
4770,梵,fàn,一 丨 丿 丶 一 丨 丿 ㇏ 丿 ⺄ 丶,true(a11~e11)
4771,梿,lián、liǎn,一 丨 丿 丶 一 𠃋 一 丨 丶 ㇋ ㇏,false(a1~e11)
4772,梏,gù,一 丨 丿 丶 丿 一 丨 一 丨 𠃍 一,true(a11~e11)
4773,觋,xí,一 丨 丿 丶 丿 丶 ㇀ 丨 𠃍 丿 乚,true(a11~e11)
4774,桴,fú,一 丨 丿 丶 丿 丶 丶 丿 ㇇ 亅 一,false(a12~e11)
4775,桷,jué,一 丨 丿 丶 丿 ㇇ 丿 𠃌 一 一 丨,false(a12~e11)
4776,梓,zǐ,一 丨 丿 丶 丶 一 丶 丿 一 一 丨,true(a11~e11)
4777,棁,zhuō,一 丨 丿 丶 丶 丿 丨 𠃍 一 丿 乚,false(a1~e11)
4778,桫,suō,一 丨 丿 丶 丶 丶 ㇀ 丨 丿 丶 丿,true(a11~e11)
4779,棂,líng,一 丨 丿 丶 𠃍 一 一 ㇀ 丿 丿 ㇏,true(a11~e11)
4780,啬,sè,一 丨 丶 丿 一 丨 𠃍 丨 𠃍 一 一,true(a11~e11)
4781,郾,yǎn,一 丨 𠃍 一 一 𡿨 丿 一 ㇄ ㇌ 丨,false(a12~e11)
4782,匮,kuì、guì,一 丨 𠃍 一 丨 一 丨 𠃍 丿 丶 ㇄,true(a11~e11)
4783,敕,chì,一 丨 𠃍 一 丨 丿 丶 丿 一 丿 ㇏,true(a11~e11)
4784,豉,chǐ,一 丨 𠃍 一 丶 丿 ㇀ 一 丨 ㇇ ㇏,false(a12~e11)
4785,鄄,juàn,一 丨 𠃍 丨 丨 一 一 丨 ㇀ ㇌ 丨,false(a12~e11)
4786,酞,tài,一 丨 𠃍 丿 ㇄ 一 一 一 丿 ㇏ 丶,true(a11~e11)
4787,酚,fēn,一 丨 𠃍 丿 ㇄ 一 一 丿 ㇏ 𠃌 丿,true(a11~e11)
4788,戛,gā、jiá,一 丿 丨 𠃍 一 一 一 一 ㇂ 丿 丶,false(a12~e11)
4789,硎,xíng,一 丿 丨 𠃍 一 一 一 丿 丨 丨 亅,true(a11~e11)
4790,硭,máng,一 丿 丨 𠃍 一 一 丨 丨 丶 一 ㇄,true(a11~e11)
4791,硒,xī,一 丿 丨 𠃍 一 一 丨 𠃍 丿 ㇄ 一,true(a11~e11)
4792,硖,xiá,一 丿 丨 𠃍 一 一 丶 丿 一 丿 ㇏,true(a11~e11)
4793,硗,qiāo,一 丿 丨 𠃍 一 一 ㇂ 丿 一 丿 乚,false(a12~e11)
4794,硐,dòng,一 丿 丨 𠃍 一 丨 𠃌 一 丨 𠃍 一,true(a11~e11)
4795,硇,náo,一 丿 丨 𠃍 一 丿 丨 𠃍 丿 丶 一,true(a11~e11)
4796,硌,luò、gè,一 丿 丨 𠃍 一 丿 ㇇ ㇏ 丨 𠃍 一,false(a12~e11)
4797,鸸,ér,一 丿 丨 𠃌 丨 丨 丿 𠃌 丶 ㇉ 一,true(a11~e11)
4798,瓠,hù,一 丿 ㇏ 一 一 ㇉ 丿 丿 𠄌 丶 ㇏,true(a11~e11)
4799,匏,páo,一 丿 丶 一 一 ㇉ 丿 𠃌 𠃍 一 乚,true(a11~e11)
4800,厩,jiù,一 丿 𠃍 一 一 𠄌 丶 一 𠃋 丿 乚,true(a11~e11)
4801,龚,gōng,一 丿 乚 丿 丶 一 丨 丨 一 丿 丶,true(a11~e11)
4802,殒,yǔn,一 丿 ㇇ 丶 丨 𠃍 一 丨 𠃍 丿 丶,false(a12~e11)
4803,殓,liàn,一 丿 ㇇ 丶 丿 ㇏ 一 丶 丶 丿 一,false(a12~e11)
4804,殍,piǎo,一 丿 ㇇ 丶 丿 丶 丶 丿 ㇇ 亅 一,false(a13~e11)
4805,赉,lài,一 丶 丿 一 丨 丿 ㇏ 丨 𠃍 丿 丶,true(a11~e11)
4806,雩,yú,一 ㇀ 乛 丨 丶 丶 丶 丶 一 一 ㇉,false(a12~e11)
4807,辄,zhé,一 𠃋 丨 ㇀ 一 丨 丨 一 一 ㇀ 乚,true(a11~e11)
4808,堑,qiàn、jiàn,一 𠃋 丨 ㇀ 丿 丿 一 丨 一 丨 一,true(a11~e11)
4809,眭,guì、suī,丨 𠃍 一 一 一 一 丨 一 一 丨 一,true(a11~e11)
4810,眦,zì,丨 𠃍 一 一 一 丨 一 丨 ㇀ 丿 乚,true(a11~e11)
4811,啧,zé,丨 𠃍 一 一 一 丨 一 丨 𠃍 丿 丶,true(a11~e11)
4812,晡,bū,丨 𠃍 一 一 一 丨 𠃌 一 一 丨 丶,true(a11~e11)
4813,晤,wù,丨 𠃍 一 一 一 丨 𠃍 一 丨 𠃍 一,true(a11~e11)
4814,眺,tiào,丨 𠃍 一 一 一 丿 丶 ㇀ 乚 丿 丶,true(a11~e11)
4815,眵,chī,丨 𠃍 一 一 一 丿 ㇇ 丶 丿 ㇇ 丶,false(a13~e11)
4816,眸,móu,丨 𠃍 一 一 一 𠃋 丶 丿 一 一 丨,true(a11~e11)
4817,圊,qīng,丨 𠃍 一 一 丨 一 丨 𠃌 一 一 一,true(a11~e11)
4818,喏,nuò、rě,丨 𠃍 一 一 丨 丨 一 丿 丨 𠃍 一,true(a11~e11)
4819,喵,miāo,丨 𠃍 一 一 丨 丨 丨 𠃍 一 丨 一,true(a11~e11)
4820,啉,lán、lín,丨 𠃍 一 一 丨 丿 丶 一 丨 丿 ㇏,true(a11~e11)
4821,勖,xù,丨 𠃍 一 一 丨 𠃍 一 一 一 𠃌 丿,true(a11~e11)
4822,晞,xī,丨 𠃍 一 一 丿 丶 一 丿 丨 𠃌 丨,true(a11~e11)
4823,唵,ǎn,丨 𠃍 一 一 丿 ㇏ 丨 𠃍 一 一 乚,false(a1~e11)
4824,晗,hán,丨 𠃍 一 一 丿 ㇏ 丶 ㇇ 丨 𠃍 一,false(a12~e11)
4825,冕,miǎn,丨 𠃍 一 一 丿 ㇇ 丨 𠃍 一 丿 乚,false(a12~e11)
4826,啭,zhuàn,丨 𠃍 一 一 𠃋 丨 ㇀ 一 一 𠃑 丶,false(a12~e11)
4827,畦,qí,丨 𠃍 一 丨 一 一 丨 一 一 丨 一,true(a11~e11)
4828,趺,fū,丨 𠃍 一 丨 一 丨 ㇀ 一 一 丿 ㇏,true(a11~e11)
4829,啮,niè,丨 𠃍 一 丨 一 丨 一 丿 丶 ㇄ 丨,true(a11~e11)
4830,跄,qiāng、qiàng,丨 𠃍 一 丨 一 丨 ㇀ 丿 ㇏ 𠃌 乚,true(a11~e11)
4831,蚶,hān,丨 𠃍 一 丨 一 丶 一 丨 丨 一 一,true(a11~e11)
4832,蛄,gū、gǔ,丨 𠃍 一 丨 一 丶 一 丨 丨 𠃍 一,true(a11~e11)
4833,蛎,lì,丨 𠃍 一 丨 一 丶 一 丿 一 𠃌 丿,true(a11~e11)
4834,蛆,qū,丨 𠃍 一 丨 一 丶 丨 𠃍 一 一 一,true(a11~e11)
4835,蚰,yóu,丨 𠃍 一 丨 一 丶 丨 𠃍 一 丨 一,true(a11~e11)
4836,蛊,gǔ,丨 𠃍 一 丨 一 丶 丨 𠃍 丨 丨 一,true(a11~e11)
4837,圉,yǔ,丨 𠃍 一 丨 一 丶 丿 一 一 丨 一,true(a11~e11)
4838,蚱,zhà,丨 𠃍 一 丨 一 丶 丿 一 丨 一 一,true(a11~e11)
4839,蛉,líng,丨 𠃍 一 丨 一 丶 丿 ㇏ 丶 ㇇ 丶,false(a12~e11)
4840,蛏,chēng,丨 𠃍 一 丨 一 丶 ㇇ ㇏ 一 丨 一,false(a12~e11)
4841,蚴,yòu,丨 𠃍 一 丨 一 丶 𠃋 𠃋 丶 𠃌 丿,true(a11~e11)
4842,啁,zhōu、zhāo、tiào,丨 𠃍 一 丿 𠃌 一 丨 一 丨 𠃍 一,true(a11~e11)
4843,啕,táo,丨 𠃍 一 丿 𠃌 丿 一 一 丨 ㇄ 丨,true(a11~e11)
4844,唿,hū,丨 𠃍 一 丿 𠃌 丿 丿 ㇀ ㇃ 丶 丶,false(a12~e11)
4845,啐,cuì、qi,丨 𠃍 一 丶 一 丿 丶 丿 丶 一 丨,true(a11~e11)
4846,唼,shà,丨 𠃍 一 丶 一 丶 丿 一 𡿨 丿 一,true(a11~e11)
4847,唷,yō,丨 𠃍 一 丶 一 𠃋 丶 丨 𠃌 一 一,true(a11~e11)
4848,啖,dàn,丨 𠃍 一 ㇀ 丿 丿 丶 ㇀ 丿 丿 ㇏,true(a11~e11)
4849,啵,bo,丨 𠃍 一 丶 丶 ㇀ 乛 丿 丨 ㇇ ㇏,false(a13~e11)
4850,啶,dìng,丨 𠃍 一 丶 ㇀ 乛 一 丨 一 丿 ㇏,false(a12~e11)
4851,啷,lāng,丨 𠃍 一 丶 𠃍 一 一 𠄌 丶 ㇌ 丨,false(a12~e11)
4852,唳,lì,丨 𠃍 一 丶 𠃍 一 丿 一 丿 ㇏ 丶,true(a11~e11)
4853,唰,shuā,丨 𠃍 一 𠃍 一 丿 丨 𠃌 丨 丨 亅,true(a11~e11)
4854,啜,chuò、chuài,丨 𠃍 一 ㇇ 丶 ㇇ 丶 ㇇ 丶 ㇇ ㇏,false(a15~e11)
4855,帻,zé,丨 𠃌 丨 一 一 丨 一 丨 𠃍 丿 丶,true(a11~e11)
4856,崚,líng、léng,丨 ㇄ 丨 一 丨 一 丿 丶 丿 ㇇ ㇏,false(a1~e11)
4857,崦,yān,丨 ㇄ 丨 一 丿 ㇏ 丨 𠃍 一 一 乚,true(a11~e11)
4858,帼,guó,丨 𠃌 丨 丨 𠃍 一 一 丨 一 丶 一,true(a11~e11)
4859,崮,gù,丨 ㇄ 丨 丨 𠃍 一 丨 丨 𠃍 一 一,true(a11~e11)
4860,崤,xiáo,丨 ㇄ 丨 丿 丶 一 丿 丨 𠃌 一 一,true(a11~e11)
4861,崆,kōng,丨 ㇄ 丨 丶 ㇀ 乛 丿 丶 一 丨 一,false(a12~e11)
4862,赇,qiú,丨 𠃍 丿 丶 一 亅 丶 ㇀ 丿 丶 丶,true(a11~e11)
4863,赈,zhèn,丨 𠃍 丿 丶 一 丿 一 一 𠄌 丿 ㇏,true(a11~e11)
4864,赊,shē,丨 𠃍 丿 丶 丿 ㇏ 一 一 亅 丿 丶,true(a11~e11)
4865,铑,lǎo,丿 一 一 一 𠄌 一 丨 一 丿 丿 乚,true(a11~e11)
4866,铒,ěr,丿 一 一 一 𠄌 一 丨 丨 一 一 一,true(a11~e11)
4867,铗,jiá,丿 一 一 一 𠄌 一 丶 丿 一 丿 ㇏,true(a11~e11)
4868,铙,náo,丿 一 一 一 𠄌 一 ㇂ 丿 一 丿 乚,false(a12~e11)
4869,铟,yīn,丿 一 一 一 𠄌 丨 𠃍 一 丿 丶 一,true(a11~e11)
4870,铠,kǎi,丿 一 一 一 𠄌 丨 ㇄ 丨 𠃍 一 乚,true(a11~e11)
4871,铡,zhá,丿 一 一 一 𠄌 丨 𠃍 丿 丶 丨 亅,true(a11~e11)
4872,铢,zhū,丿 一 一 一 𠄌 丿 一 一 丨 丿 ㇏,true(a11~e11)
4873,铣,xiǎn、xǐ,丿 一 一 一 𠄌 丿 一 丨 一 丿 乚,true(a11~e11)
4874,铤,tǐng、dìng,丿 一 一 一 𠄌 丿 一 丨 一 ㇋ ㇏,true(a11~e11)
4875,铧,huá,丿 一 一 一 𠄌 丿 丨 丿 乚 一 丨,true(a11~e11)
4876,铨,quán,丿 一 一 一 𠄌 丿 ㇏ 一 一 丨 一,true(a11~e11)
4877,铩,shā,丿 一 一 一 𠄌 丿 丶 一 亅 丿 丶,true(a11~e11)
4878,铪,hā、kē,丿 一 一 一 𠄌 丿 ㇏ 一 丨 𠃍 一,true(a11~e11)
4879,铫,diào、tiáo、yáo,丿 一 一 一 𠄌 丿 丶 ㇀ 乚 丿 丶,true(a11~e11)
4880,铬,gè,丿 一 一 一 𠄌 丿 ㇇ ㇏ 丨 𠃍 一,false(a12~e11)
4881,铮,zhēng,丿 一 一 一 𠄌 丿 ㇇ 𠃍 一 一 亅,false(a12~e11)
4882,铯,sè,丿 一 一 一 𠄌 丿 ㇇ 𠃍 丨 一 乚,false(a12~e11)
4883,铰,jiǎo,丿 一 一 一 𠄌 丶 一 丿 丶 丿 ㇏,true(a11~e11)
4884,铱,yī,丿 一 一 一 𠄌 丶 一 丿 𠄌 丿 ㇏,true(a11~e11)
4885,铳,chòng,丿 一 一 一 𠄌 丶 一 𠃋 丶 丿 乚,true(a11~e11)
4886,铵,ǎn,丿 一 一 一 𠄌 丶 ㇀ 乛 𡿨 丿 一,false(a12~e11)
4887,铷,rú,丿 一 一 一 𠄌 𡿨 丿 一 丨 𠃍 一,true(a11~e11)
4888,氪,kè,丿 一 一 ⺄ 一 丨 丨 𠃍 一 丿 乚,true(a11~e11)
4889,牾,wǔ,丿 一 丨 ㇀ 一 丨 𠃍 一 丨 𠃍 一,true(a11~e11)
4890,鸹,guā,丿 一 丨 丨 𠃍 一 丿 𠃌 丶 ㇉ 一,true(a11~e11)
4891,秾,nóng,丿 一 丨 丿 ㇏ ㇀ 乛 丿 𠄌 丿 ㇏,false(a1~e11)
4892,逶,wēi,丿 一 丨 丿 丶 𡿨 丿 一 丶 ㇋ ㇏,true(a11~e11)
4893,笺,jiān,丿 一 丶 丿 一 丶 一 一 ㇂ 丿 丶,false(a12~e11)
4894,筇,qióng,丿 一 丶 丿 一 丶 一 丨 ㇀ ㇌ 丨,false(a12~e11)
4895,笸,pǒ,丿 一 丶 丿 一 丶 一 丨 𠃍 一 ㇄,true(a11~e11)
4896,笪,dá,丿 一 丶 丿 一 丶 丨 𠃍 一 一 一,true(a11~e11)
4897,笮,zuó、zé,丿 一 丶 丿 一 丶 丿 一 丨 一 一,true(a11~e11)
4898,笠,lì,丿 一 丶 丿 一 丶 丶 一 丶 丿 一,true(a11~e11)
4899,笥,sì,丿 一 丶 丿 一 丶 𠃌 一 丨 𠃍 一,true(a11~e11)
4900,笤,tiáo,丿 一 丶 丿 一 丶 𠃌 丿 丨 𠃍 一,true(a11~e11)
4901,笳,jiā,丿 一 丶 丿 一 丶 𠃌 丿 丨 𠃍 一,true(a11~e11)
4902,笾,biān,丿 一 丶 丿 一 丶 𠃌 丿 丶 ㇋ ㇏,true(a11~e11)
4903,笞,chī,丿 一 丶 丿 一 丶 𠃋 丶 丨 𠃍 一,true(a11~e11)
4904,偾,fèn,丿 丨 一 丨 一 丨 丨 丨 𠃍 丿 丶,true(a11~e11)
4905,偃,yǎn,丿 丨 一 丨 𠃍 一 一 𡿨 丿 一 ㇄,true(a11~e11)
4906,偕,xié,丿 丨 一 𠄌 丿 乚 丿 丨 𠃍 一 一,true(a11~e11)
4907,偈,jì、jié,丿 丨 丨 𠃍 一 一 丿 𠃌 丿 丶 ㇄,true(a11~e11)
4908,傀,kuǐ、guī,丿 丨 丿 丨 𠃍 一 一 丿 乚 𠃋 丶,true(a11~e11)
4909,偬,zǒng,丿 丨 丿 𠃌 丿 丿 丶 ㇀ ㇃ 丶 丶,false(a12~e11)
4910,偻,lǚ、lóu,丿 丨 丶 丿 一 丨 丿 ㇏ 𡿨 丿 一,true(a11~e11)
4911,皑,ái,丿 丨 𠃍 一 一 丨 ㇄ 丨 𠃍 一 乚,true(a11~e11)
4912,皎,jiǎo,丿 丨 𠃍 一 一 丶 一 丿 丶 丿 ㇏,true(a11~e11)
4913,鸻,héng,丿 丿 丨 一 一 亅 丿 𠃌 丶 ㇉ 一,false(a1~e11)
4914,徜,cháng,丿 丿 丨 丨 丶 丿 丨 𠃌 丨 𠃍 一,true(a11~e11)
4915,舸,gě,丿 丿 𠃌 丶 一 丶 一 丨 𠃍 一 亅,true(a11~e11)
4916,舻,lú,丿 丿 𠃌 丶 一 丶 丨 一 𠃍 一 丿,true(a11~e11)
4917,舴,zé,丿 丿 𠃌 丶 一 丶 丿 一 丨 一 一,true(a11~e11)
4918,舷,xián,丿 丿 𠃌 丶 一 丶 丶 一 𠃋 𠃋 丶,true(a11~e11)
4919,龛,kān,丿 ㇏ 一 丨 𠃍 一 一 丿 乚 丿 丶,true(a11~e11)
4920,翎,líng,丿 丶 丶 ㇇ 丶 𠃌 丶 ㇀ 𠃌 丶 ㇀,false(a12~e11)
4921,脬,pāo,丿 𠃌 一 一 丿 丶 丶 丿 ㇇ 亅 一,false(a12~e11)
4922,脘,wǎn,丿 𠃌 一 一 丶 ㇀ 乛 一 一 丿 乚,false(a12~e11)
4923,脲,niào,丿 𠃌 一 一 𠃍 一 丿 亅 ㇇ 丿 ㇏,false(a12~e11)
4924,匐,fú,丿 𠃌 一 丨 𠃍 一 丨 𠃍 一 丨 一,true(a11~e11)
4925,猗,yī、yǐ,丿 ㇁ 丿 一 丿 丶 一 丨 𠃍 一 亅,true(a11~e11)
4926,猡,luó,丿 ㇁ 丿 丨 𠃍 丨 丨 一 丿 ㇇ 丶,false(a12~e11)
4927,猞,shē,丿 ㇁ 丿 丿 ㇏ 一 一 丨 丨 𠃍 一,true(a11~e11)
4928,猝,cù,丿 ㇁ 丿 丶 一 丿 丶 丿 丶 一 丨,true(a11~e11)
4929,斛,hú,丿 ㇇ 丿 𠃌 一 一 丨 丶 丶 一 丨,false(a12~e11)
4930,猕,mí,丿 ㇁ 丿 𠃍 一 ㇉ 丿 乛 亅 丿 丶,false(a12~e11)
4931,馗,kuí,丿 ⺄ 丶 丿 一 丿 丨 𠃍 一 一 一,true(a11~e11)
4932,馃,guǒ,丿 乛 𠄌 丨 𠃍 一 一 一 丨 丿 ㇏,false(a12~e11)
4933,馄,hún,丿 乛 𠄌 丨 𠃍 一 一 一 𠄌 丿 乚,false(a12~e11)
4934,鸾,luán,丶 一 丨 丨 丿 丶 丿 𠃌 丶 ㇉ 一,true(a11~e11)
4935,孰,shú,丶 一 丨 𠃍 一 ㇇ 亅 ㇀ 丿 ⺄ 丶,false(a12~e11)
4936,庹,tuǒ,丶 一 丿 一 丨 丨 一 𠃍 一 丿 ㇏,true(a11~e11)
4937,庾,yǔ,丶 一 丿 丿 丨 一 𠃍 一 一 丿 ㇏,true(a11~e11)
4938,痔,zhì,丶 一 丿 丶 ㇀ 一 丨 一 一 亅 丶,true(a11~e11)
4939,痍,yí,丶 一 丿 丶 ㇀ 一 𠃍 一 ㇉ 丿 ㇏,true(a11~e11)
4940,疵,cī,丶 一 丿 丶 ㇀ 丨 一 丨 ㇀ 丿 乚,true(a11~e11)
4941,翊,yì,丶 一 丶 丿 ㇀ 𠃌 丶 ㇀ 𠃌 丶 ㇀,true(a11~e11)
4942,旌,jīng,丶 一 𠃌 丿 丿 一 丿 一 一 丨 一,true(a11~e11)
4943,旎,nǐ,丶 一 𠃌 丿 丿 一 𠃍 一 丿 丿 乚,true(a11~e11)
4944,袤,mào,丶 一 ㇇ 丶 乛 亅 丿 丿 𠄌 丿 ㇏,false(a13~e11)
4945,阇,dū、shé, 丨 𠃌  一 丨 一 丿 丨 𠃍 一 一,false(a1~e11)
4946,阈,yù,丶 丨 𠃌 一 丨 𠃍 一 ㇀ ㇂ 丿 丶,false(a12~e11)
4947,阉,yān,丶 丨 𠃌 一 丿 ㇏ 丨 𠃍 一 一 乚,true(a11~e11)
4948,阊,chāng,丶 丨 𠃌 丨 𠃍 一 一 丨 𠃍 一 一,true(a11~e11)
4949,阋,xì,丶 丨 𠃌 丿 丨 一 𠃍 一 一 丿 乚,true(a11~e11)
4950,阍,hūn,丶 丨 𠃌 丿 𠄌 一 ㇂ 丨 𠃍 一 一,false(a12~e11)
4951,阏,yān,丶 丨 𠃌 丶 一 𠃌 丿 丿 ㇏ 丶 丶,true(a11~e11)
4952,羟,qiǎng,丶 丿 一 一 一 丿 ㇇ 丶 一 丨 一,false(a12~e11)
4953,粝,lì,丶 丿 一 丨 丿 丶 一 丿 一 𠃌 丿,true(a11~e11)
4954,粕,pò,丶 丿 一 丨 丿 丶 丿 丨 𠃍 一 一,true(a11~e11)
4955,敝,bì,丶 丿 丨 𠃌 丨 丿 丶 丿 一 丿 ㇏,true(a11~e11)
4956,焐,wù,㇀ 丿 丿 丶 一 丨 𠃍 一 丨 𠃍 一,true(a11~e11)
4957,烯,xī,㇀ 丿 丿 丶 丿 丶 一 丿 丨 𠃌 丨,true(a11~e11)
4958,焓,hán,㇀ 丿 丿 丶 丿 ㇏ 丶 ㇇ 丨 𠃍 一,false(a12~e11)
4959,烽,fēng,㇀ 丿 丿 丶 丿 ㇇ ㇏ 一 一 一 丨,false(a12~e11)
4960,焖,mèn,㇀ 丿 丿 丶 丶 丨 𠃌 ㇀ ㇂|㇃ 丶 丶,false(a12~e11)
4961,烷,wán,㇀ 丿 丿 丶 丶 ㇀ 乛 一 一 丿 乚,false(a12~e11)
4962,焗,jú,㇀ 丿 丿 丶 𠃍 一 丿 𠃌 丨 𠃍 一,true(a11~e11)
4963,渍,zì,丶 丶 ㇀ 一 一 丨 一 丨 𠃍 丿 丶,true(a11~e11)
4964,渚,zhǔ,丶 丶 ㇀ 一 丨 一 丿 丨 𠃍 一 一,true(a11~e11)
4965,淇,qí,丶 丶 ㇀ 一 丨 丨 一 一 一 丿 丶,true(a11~e11)
4966,淅,xī,丶 丶 ㇀ 一 丨 丿 丶 丿 丿 一 丨,true(a11~e11)
4967,淞,sōng,丶 丶 ㇀ 一 丨 丿 丶 丿 ㇏ 𠃋 丶,true(a11~e11)
4968,渎,dú、dòu,丶 丶 ㇀ 一 丨 乛 丶 丶 一 丿 丶,false(a12~e11)
4969,涿,zhuō,丶 丶 ㇀ 一 丿 ㇁ 丿 丿 丶 丿 ㇏,true(a11~e11)
4970,淖,nào、chuò、zhuō,丶 丶 ㇀ 丨 一 丨 𠃍 一 一 一 丨,true(a11~e11)
4971,挲,sā、suō,丶 丶 ㇀ 丨 丿 丶 丿 丿 一 一 亅,true(a11~e11)
4972,淠,pì、pèi,丶 丶 ㇀ 丨 𠃍 一 丨 一 一 丿 丨,true(a11~e11)
4973,涸,hé,丶 丶 ㇀ 丨 𠃍 一 丨 丨 𠃍 一 一,true(a11~e11)
4974,渑,miǎn、shéng,丶 丶 ㇀ 丨 𠃍 一 丨 𠃍 一 一 乚,true(a11~e11)
4975,淦,gàn,丶 丶 ㇀ 丿 ㇏ 一 一 丨 丶 丿 一,true(a11~e11)
4976,淝,féi,丶 丶 ㇀ 丿 𠃌 一 一 𠃍 丨 一 乚,true(a11~e11)
4977,淬,cuì,丶 丶 ㇀ 丶 一 丿 丶 丿 丶 一 丨,true(a11~e11)
4978,涪,fú,丶 丶 ㇀ 丶 一 丶 丿 一 丨 𠃍 一,true(a11~e11)
4979,淙,cóng,丶 丶 ㇀ 丶 ㇀ 乛 一 一 亅 丿 丶,false(a12~e11)
4980,涫,guàn,丶 丶 ㇀ 丶 ㇀ 乛 丨 𠃍 一 𠃍 一,false(a12~e11)
4981,渌,lù,丶 丶 ㇀ 𠃍 一 一 亅 丶 ㇀ 丿 ㇏,true(a11~e11)
4982,淄,zī,丶 丶 ㇀ 𡿨 𡿨 𡿨 丨 𠃍 一 丨 一,true(a11~e11)
4983,惬,qiè,㇀ 丶 丨 一 一 丶 丿 一 丿 丶 ㇄,true(a11~e11)
4984,悻,xìng,㇀ 丶 丨 一 丨 一 丶 丿 一 一 丨,true(a11~e11)
4985,悱,fěi,㇀ 丶 丨 丨 一 一 一 丨 一 一 一,true(a11~e11)
4986,惝,chǎng,㇀ 丶 丨 丨 丶 丿 丨 𠃌 丨 𠃍 一,true(a11~e11)
4987,惘,wǎng,㇀ 丶 丨 丨 𠃌 丶 丿 一 丶 一 ㇄,true(a11~e11)
4988,悸,jì,㇀ 丶 丨 丿 一 丨 丿 ㇏ ㇇ 亅 一,false(a12~e11)
4989,惆,chóu,㇀ 丶 丨 丿 𠃌 一 丨 一 丨 𠃍 一,true(a11~e11)
4990,惚,hū,㇀ 丶 丨 丿 𠃌 丿 丿 ㇀ ㇂|㇃ 丶 丶,false(a12~e11)
4991,惇,dūn,㇀ 丶 丨 丶 一 丨 𠃍 一 ㇇ 亅 一,false(a12~e11)
4992,惮,dàn、dá,㇀ 丶 丨 丶 丿 丨 𠃍 一 一 一 丨,true(a11~e11)
4993,窕,tiǎo、yáo,丶 ㇀ 乛 丿 丶 丿 丶 ㇀ 乚 丿 丶,false(a12~e11)
4994,谌,chén、shèn,丶 ㇊ 一 丨 丨 一 一 一 丿 丶 ㇄,true(a11~e11)
4995,谏,jiàn,丶 ㇊ 一 丨 𠃍 丶 丿 一 丨 丿 ㇏,true(a11~e11)
4996,扈,hù,丶 𠃍 一 丿 丨 𠃍 一 𠃍 丨 一 乚,true(a11~e11)
4997,皲,jūn,㇀ 乛 一 𠃋 丨 ㇀ 乛 丿 丨 ㇇ ㇏,false(a14~e11)
4998,谑,xuè,丶 ㇊ 丨 一 乛 丿 一 乚 一 ㇄ 一,false(a12~e11)
4999,裆,dāng,丶 ㇇ 丨 丿 丶 丨 丶 丿 𠃍 一 一,false(a12~e11)
5000,袷,jiá、jié、qiā,丶 ㇇ 丨 丿 丶 丿 ㇏ 一 丨 𠃍 一,false(a12~e11)
5001,裉,kèn,丶 ㇇ 丨 丿 丶 𠃍 一 一 𠄌 丿 ㇏,false(a12~e11)
5002,谒,yè,丶 ㇊ 丨 𠃍 一 一 丿 𠃌 丿 丶 ㇄,true(a11~e11)
5003,谔,è,丶 ㇊ 丨 𠃍 一 丨 𠃍 一 一 一 ㇉,true(a11~e11)
5004,谕,yù,丶 ㇊ 丿 ㇏ 一 丨 𠃌 一 一 丨 亅,true(a11~e11)
5005,谖,xuān,丶 ㇊ 丿 丶 丶 丿 一 一 丿 ㇇ ㇏,false(a12~e11)
5006,谗,chán,丶 ㇊ 丿 ㇇ 丨 𠃍 一 丿 乚 丶 丶,false(a12~e11)
5007,谙,ān,丶 ㇊ 丶 一 丶 丿 一 丨 𠃍 一 一,true(a11~e11)
5008,谛,dì,丶 ㇊ 丶 一 丶 丿 ㇀ 乛 丨 𠃌 丨,false(a12~e11)
5009,谝,piǎn,丶 ㇊ 丶 𠃍 一 丿 丨 𠃌 一 丨 丨,true(a11~e11)
5010,逯,lù,𠃍 一 一 亅 丶 ㇀ 丿 丶 丶 ㇋ ㇏,true(a11~e11)
5011,郿,méi,𠃍 丨 一 丿 丨 𠃍 一 一 一 ㇌ 丨,false(a1~e11)
5012,隈,wēi,㇌ 丨 丨 𠃍 一 丨 一 一 𠄌 丿 ㇏,false(a12~e11)
5013,粜,tiào,㇄ 丨 丨 ㇄ 丨 丶 丿 一 丨 丿 ㇏,true(a11~e11)
5014,隍,huáng,㇌ 丨 丿 丨 𠃍 一 一 一 一 丨 一,false(a12~e11)
5015,隗,wěi、kuí,㇌ 丨 丿 丨 𠃍 一 一 丿 乚 𠃋 丶,false(a12~e11)
5016,婧,jìng,𡿨 丿 一 一 一 丨 一 丨 𠃌 一 一,true(a11~e11)
5017,婊,biǎo,𡿨 丿 一 一 一 丨 一 丿 𠄌 丿 ㇏,true(a11~e11)
5018,婕,jié,𡿨 丿 一 一 𠃍 一 一 丨 一 丿 ㇏,true(a11~e11)
5019,娼,chāng,𡿨 丿 一 丨 𠃍 一 一 丨 𠃍 一 一,true(a11~e11)
5020,婢,bì,𡿨 丿 一 丿 丨 𠃍 一 一 丿 一 丨,true(a11~e11)
5021,婵,chán,𡿨 丿 一 丶 丿 丨 𠃍 一 一 一 丨,true(a11~e11)
5022,胬,nǔ,𡿨 丿 一 ㇇ ㇏ 丨 𠃌 丿 丶 丿 丶,false(a12~e11)
5023,袈,jiā,𠃌 丿 丨 𠃍 一 丶 一 丿 𠄌 丿 ㇏,true(a11~e11)
5024,翌,yì,𠃍 丶 ㇀ 𠃍 丶 ㇀ 丶 一 丶 丿 一,true(a11~e11)
5025,恿,yǒng,㇇ 丶 丨 𠃌 一 一 丨 ㇀ ㇃ 丶 丶,false(a13~e11)
5026,欸,èi、ěi、ǎi,𠃋 丶 丿 一 一 丿 ㇏ 丿 ㇇ 丿 ㇏,false(a1~e11)
5027,绫,líng,𠃋 𠃋 ㇀ 一 丨 一 丿 丶 丿 ㇇ ㇏,false(a12~e11)
5028,骐,qí,𠃍 ㇉ ㇀ 一 丨 丨 一 一 一 丿 丶,true(a11~e11)
5029,绮,qǐ,𠃋 𠃋 ㇀ 一 丿 丶 一 丨 𠃍 一 亅,true(a11~e11)
5030,绯,fēi,𠃋 𠃋 ㇀ 丨 一 一 一 丨 一 一 一,true(a11~e11)
5031,绱,shàng,𠃋 𠃋 ㇀ 丨 丶 丿 丨 𠃌 丨 𠃍 一,true(a11~e11)
5032,骒,kè,𠃍 ㇉ ㇀ 丨 𠃍 一 一 一 丨 丿 ㇏,true(a11~e11)
5033,绲,gǔn,𠃋 𠃋 ㇀ 丨 𠃍 一 一 一 𠄌 丿 乚,true(a11~e11)
5034,骓,zhuī,𠃍 ㇉ ㇀ 丿 丨 丶 一 一 一 丨 一,true(a11~e11)
5035,绶,shòu,𠃋 𠃋 ㇀ 丿 丶 丶 丿 ㇀ 乛 ㇇ ㇏,false(a13~e11)
5036,绺,liǔ,𠃋 𠃋 ㇀ 丿 ㇇ ㇏ 丨 丶 丨 𠃍 一,false(a12~e11)
5037,绻,quǎn,𠃋 𠃋 ㇀ 丶 丿 一 一 丿 ㇏ 𠃌 乚,true(a11~e11)
5038,绾,wǎn,𠃋 𠃋 ㇀ 丶 ㇀ 乛 丨 𠃍 一 𠃍 一,false(a12~e11)
5039,骖,cān,𠃍 ㇉ ㇀ 𠃋 丶 一 丿 ㇏ 丿 丿 丿,true(a11~e11)
5040,缁,zī,𠃋 𠃋 ㇀ 𡿨 𡿨 𡿨 丨 𠃍 一 丨 一,true(a11~e11)
5041,耠,huō,一 一 一 丨 丿 丶 丿 ㇏ 一 丨 𠃍 一,true(a12~e12)
5042,琫,běng,一 一 丨 ㇀ 一 一 一 丿 ㇏ 一 一 丨,false(a1~e12)
5043,琵,pí,一 一 丨 一 一 一 丨 一 一 𠄌 丿 乚,true(a12~e12)
5044,琶,pá,一 一 丨 一 一 一 丨 一 𠃍 丨 一 乚,true(a12~e12)
5045,琪,qí,一 一 丨 ㇀ 一 丨 丨 一 一 一 丿 丶,true(a12~e12)
5046,瑛,yīng,一 一 丨 ㇀ 一 丨 丨 丨 𠃍 一 丿 ㇏,true(a12~e12)
5047,琦,qí,一 一 丨 ㇀ 一 丿 丶 一 丨 𠃍 一 亅,true(a12~e12)
5048,琥,hǔ,一 一 丨 ㇀ 丨 一 乛 丿 一 乚 丿 ⺄,false(a13~e12)
5049,琨,kūn,一 一 丨 ㇀ 丨 𠃍 一 一 一 𠄌 丿 乚,true(a12~e12)
5050,靓,jìng、liàng,一 一 丨 一 丨 𠃌 一 一 丨 𠃍 丿 乚,true(a12~e12)
5051,琰,yǎn,一 一 丨 ㇀ ㇀ 丿 丿 丶 ㇀ 丿 丿 ㇏,true(a12~e12)
5052,琮,cóng,一 一 丨 ㇀ 丶 ㇀ 乛 一 一 亅 丿 丶,false(a13~e12)
5053,琯,guǎn,一 一 丨 ㇀ 丶 ㇀ 乛 丨 𠃍 一 𠃍 一,false(a1~e12)
5054,琬,wǎn,一 一 丨 ㇀ 丶 ㇀ 乛 丿 ㇇ 丶 𠃌 乚,false(a14~e12)
5055,琛,chēn,一 一 丨 ㇀ ㇀ 乛 丿 丶 一 丨 丿 ㇏,false(a13~e12)
5056,琚,jū,一 一 丨 ㇀ 𠃍 一 丿 一 丨 丨 𠃍 一,true(a12~e12)
5057,辇,niǎn,一 一 丿 丶 一 一 丿 ㇏ 一 𠃋 一 丨,true(a12~e12)
5058,鼋,yuán,一 一 丿 乚 丨 𠃍 一 丨 𠃍 一 一 乚,true(a12~e12)
5059,揳,xiē,一 亅 ㇀ 一 一 一 丨 𠃌 丿 一 丿 ㇏,false(a1~e12)
5060,堞,dié,一 丨 ㇀ 一 丨 丨 一 ㇄ 一 丨 丿 ㇏,true(a12~e12)
5061,搽,chá,一 亅 ㇀ 一 丨 丨 丿 ㇏ 一 亅 丿 丶,true(a12~e12)
5062,揸,zhā,一 亅 ㇀ 一 丨 丿 ㇏ 丨 𠃍 一 一 一,true(a12~e12)
5063,揠,yà,一 亅 ㇀ 一 丨 𠃍 一 一 𡿨 丿 一 ㇄,true(a12~e12)
5064,堙,yīn,一 丨 ㇀ 一 丨 𠃍 丨 丨 一 一 丨 一,true(a12~e12)
5065,趄,qiè、jū,一 丨 一 丨 一 丿 ㇏ 丨 𠃍 一 一 一,true(a12~e12)
5066,揖,yī,一 亅 ㇀ 丨 𠃍 一 一 丨 丨 一 一 一,true(a12~e12)
5067,颉,jié、xié、jiá,一 丨 一 丨 𠃍 一 一 丿 丨 𠃍 丿 丶,true(a12~e12)
5068,塄,léng,一 丨 ㇀ 丨 𠃍 丨 丨 一 丶 一 𠃌 丿,true(a12~e12)
5069,揿,qìn,一 亅 ㇀ 丿 一 一 一 𠄌 丿 乛 丿 ㇏,false(a13~e12)
5070,耋,dié,一 丨 一 丿 丿 乚 一 𠃋 丶 一 丨 一,true(a12~e12)
5071,揄,yú,一 亅 ㇀ 丿 ㇏ 一 丨 𠃌 一 一 丨 亅,true(a12~e12)
5072,蛩,qióng,一 丨 ㇀ 丿 ⺄ 丶 丨 𠃍 一 丨 一 丶,true(a12~e12)
5073,蛰,zhé,一 亅 ㇀ 丿 ⺄ 丶 丨 𠃍 一 丨 一 丶,true(a12~e12)
5074,塆,wān,一 丨 ㇀ 丶 一 丨 丨 丿 丶 𠃍 一 ㇉,false(a1~e12)
5075,摒,bìng,一 亅 ㇀ 𠃍 一 丿 丶 丿 一 一 丿 丨,true(a12~e12)
5076,揆,kuí,一 亅 ㇀ ㇇ 丶 丿 丿 ㇏ 一 一 丿 丶,false(a13~e12)
5077,掾,yuàn,一 亅 ㇀ 𠃋 ㇇ 一 丿 ㇁ 丿 丿 丿 ㇏,false(a13~e12)
5078,聒,guō,一 丨 丨 一 一 ㇀ 丿 一 丨 丨 𠃍 一,true(a12~e12)
5079,葑,fēng,一 丨 丨 一 丨 一 一 丨 ㇀ 一 亅 丶,true(a12~e12)
5080,葚,rèn、shèn,一 丨 丨 一 丨 丨 一 一 一 丿 丶 ㇄,true(a12~e12)
5081,靰,wù,一 丨 丨 一 丨 𠃍 一 一 丨 一 丿 乚,false(a1~e12)
5082,靸,sǎ,一 丨 丨 一 丨 𠃍 一 一 丨 丿 ㇋ ㇏,false(a1~e12)
5083,葳,wēi,一 丨 丨 一 丿 一 𡿨 丿 一 ㇂ 丿 丶,false(a13~e12)
5084,葺,qì,一 丨 丨 丨 𠃍 一 一 丨 丨 一 一 一,true(a12~e12)
5085,葸,xǐ,一 丨 丨 丨 𠃍 一 丨 一 ㇀ ㇃ 丶 丶,false(a13~e12)
5086,萼,è,一 丨 丨 丨 𠃍 一 丨 𠃍 一 一 一 ㇉,true(a12~e12)
5087,葆,bǎo,一 丨 丨 丿 丨 丨 𠃍 一 一 丨 丿 ㇏,true(a12~e12)
5088,葩,pā,一 丨 丨 丿 丨 𠃍 一 一 𠃍 丨 一 乚,true(a12~e12)
5089,葶,tíng,一 丨 丨 丶 一 丨 𠃍 一 ㇀ 乛 一 亅,false(a13~e12)
5090,蒌,lóu,一 丨 丨 丶 丿 一 丨 丿 ㇏ 𡿨 丿 一,true(a12~e12)
5091,萱,xuān,一 丨 丨 丶 ㇀ 乛 一 丨 𠃍 一 一 一,false(a13~e12)
5092,戟,jǐ,一 丨 丨 𠃍 一 一 一 丨 一 ㇂ 丿 丶,false(a13~e12)
5093,葭,jiā,一 丨 丨 𠃍 一 丨 一 一 𠃍 一 ㇇ ㇏,false(a13~e12)
5094,楮,chǔ,一 丨 丿 丶 一 丨 一 丿 丨 𠃍 一 一,true(a12~e12)
5095,棼,fén,一 丨 丿 丶 一 丨 丿 丶 丿 ㇏ 𠃌 丿,true(a12~e12)
5096,椟,dú,一 丨 丿 丶 一 丨 乛 丶 丶 一 丿 丶,false(a13~e12)
5097,棹,zhào、zhuō,一 丨 丿 丶 丨 一 丨 𠃍 一 一 一 丨,true(a12~e12)
5098,椤,luó,一 丨 丿 丶 丨 𠃍 丨 丨 一 丿 ㇇ 丶,false(a13~e12)
5099,棰,chuí,一 丨 丿 丶 丿 一 丨 一 丨 丨 一 一,true(a12~e12)
5100,赍,jī,一 丨 丿 丶 丿 丶 ㇀ 乛 丨 𠃍 丿 丶,false(a13~e12)
5101,椋,liáng,一 丨 丿 丶 丶 一 丨 𠃍 一 亅 丿 丶,true(a12~e12)
5102,椁,guǒ,一 丨 丿 丶 丶 一 丨 𠃍 一 ㇇ 亅 一,false(a13~e12)
5103,椪,pèng,一 丨 丿 丶 丶 丿 一 丨 丨 丶 丿 一,true(a12~e12)
5104,棣,dì、dài、tì,一 丨 丿 丶 𠃍 一 一 亅 丶 ㇀ 丿 ㇏,true(a12~e12)
5105,椐,jū,一 丨 丿 丶 𠃍 一 丿 一 丨 丨 𠃍 一,true(a12~e12)
5106,鹁,bó,一 丨 ㇀ 乛 ㇇ 亅 ㇀ 丿 𠃌 丶 ㇉ 一,false(a14~e12)
5107,覃,tán、qín,一 丨 𠃍 丨 丨 一 丨 𠃍 一 一 一 丨,true(a12~e12)
5108,酤,gū,一 丨 𠃍 丿 ㇄ 一 一 一 丨 丨 𠃍 一,true(a12~e12)
5109,酢,zuò,一 丨 𠃍 丿 ㇄ 一 一 丿 一 丨 一 一,true(a12~e12)
5110,酡,tuó,一 丨 𠃍 丿 ㇄ 一 一 丶 ㇀ 乛 丿 乚,false(a13~e12)
5111,鹂,lí,一 丨 𠃌 丶 丨 𠃌 丶 丿 𠃌 丶 ㇉ 一,true(a12~e12)
5112,厥,jué,一 丿 丶 丿 一 ㇄ 丨 丿 丿 乛 丿 ㇏,false(a13~e12)
5113,殚,dān,一 丿 ㇇ 丶 丶 丿 丨 𠃍 一 一 一 丨,false(a13~e12)
5114,殛,jí,一 丿 ㇇ 丶 ㇇ 亅 丨 𠃍 一 ㇇ 丶 一,false(a15~e12)
5115,雯,wén,一 ㇀ 乛 丨 丶 丶 丶 丶 丶 一 丿 ㇏,false(a13~e12)
5116,雱,pāng,一 ㇀ 乛 丨 丶 丶 丶 丶 丶 一 丿 𠃌,false(a1~e12)
5117,辊,gǔn,一 𠃋 丨 ㇀ 丨 𠃍 一 一 一 𠄌 丿 乚,true(a12~e12)
5118,辋,wǎng,一 𠃋 丨 ㇀ 丨 𠃌 丶 丿 一 丶 一 ㇄,true(a12~e12)
5119,椠,qiàn,一 𠃋 丨 ㇀ 丿 丿 一 丨 一 丨 丿 ㇏,true(a12~e12)
5120,辍,chuò,一 𠃋 丨 ㇀ ㇇ 丶 ㇇ 丶 ㇇ 丶 ㇇ ㇏,false(a16~e12)
5121,辎,zī,一 𠃋 丨 ㇀ 𡿨 𡿨 𡿨 丨 𠃍 一 丨 一,true(a12~e12)
5122,斐,fěi、fēi,丨 一 一 一 丨 一 一 一 丶 一 丿 ㇏,true(a12~e12)
5123,睄,qiáo、shào、xiāo,丨 𠃍 一 一 一 丨 丶 丿 丨 𠃌 一 一,false(a1~e12)
5124,睑,jiǎn,丨 𠃍 一 一 一 丿 ㇏ 一 丶 丶 丿 一,true(a12~e12)
5125,睇,dì,丨 𠃍 一 一 一 丶 丿 𠃍 一 ㇉ 丨 丿,true(a12~e12)
5126,睃,suō,丨 𠃍 一 一 一 𠃋 丶 丿 丶 丿 ㇇ ㇏,false(a13~e12)
5127,戢,jí,丨 𠃍 一 一 丨 丨 一 一 ㇀ ㇂ 丿 丶,false(a13~e12)
5128,喋,dié、zhá,丨 𠃍 一 一 丨 丨 一 ㇄ 一 丨 丿 ㇏,true(a12~e12)
5129,嗒,dā、tà,丨 𠃍 一 一 丨 丨 丿 ㇏ 一 丨 𠃍 一,true(a12~e12)
5130,喃,nán,丨 𠃍 一 一 丨 丨 𠃌 丶 丿 一 一 丨,true(a12~e12)
5131,喱,lí,丨 𠃍 一 一 丿 丨 𠃍 一 一 丨 一 一,true(a12~e12)
5132,喹,kuí,丨 𠃍 一 一 丿 ㇏ 一 丨 一 一 丨 一,true(a12~e12)
5133,晷,guǐ,丨 𠃍 一 一 丿 ㇇ ㇏ 丨 丶 丨 𠃍 一,false(a13~e12)
5134,喈,jiē,丨 𠃍 一 一 𠄌 丿 乚 丿 丨 𠃍 一 一,true(a12~e12)
5135,跖,zhí,丨 𠃍 一 丨 一 丨 ㇀ 一 丿 丨 𠃍 一,true(a12~e12)
5136,跗,fū,丨 𠃍 一 丨 一 丨 ㇀ 丿 丨 一 亅 丶,true(a12~e12)
5137,跞,lì、luò,丨 𠃍 一 丨 一 丨 ㇀ 丿 ㇄ 亅 丿 丶,true(a12~e12)
5138,跚,shān,丨 𠃍 一 丨 一 丨 ㇀ 丿 𠃌 丿 𠃌 一,true(a12~e12)
5139,跎,tuó,丨 𠃍 一 丨 一 丨 ㇀ 丶 ㇀ 乛 丿 乚,false(a13~e12)
5140,跏,jiā,丨 𠃍 一 丨 一 丨 ㇀ 𠃌 丿 丨 𠃍 一,true(a12~e12)
5141,跆,tái,丨 𠃍 一 丨 一 丨 ㇀ 𠃋 丶 丨 𠃍 一,true(a12~e12)
5142,蛱,jiá,丨 𠃍 一 丨 一 丶 一 丶 丿 一 丿 ㇏,true(a12~e12)
5143,蛲,náo,丨 𠃍 一 丨 一 丶 一 ㇂ 丿 一 丿 乚,false(a13~e12)
5144,蛭,zhì,丨 𠃍 一 丨 一 丶 一 𠃋 丶 一 丨 一,true(a12~e12)
5145,蛳,sī,丨 𠃍 一 丨 一 丶 丨 丿 一 丨 𠃌 丨,true(a12~e12)
5146,蛐,qū,丨 𠃍 一 丨 一 丶 丨 𠃍 一 丨 丨 一,true(a12~e12)
5147,蛔,huí,丨 𠃍 一 丨 一 丶 丨 𠃍 丨 𠃍 一 一,true(a12~e12)
5148,蛞,kuò,丨 𠃍 一 丨 一 丶 丿 一 丨 丨 𠃍 一,true(a12~e12)
5149,蛴,qí,丨 𠃍 一 丨 一 丶 丶 一 丿 ㇏ 丿 丨,true(a12~e12)
5150,蛟,jiāo,丨 𠃍 一 丨 一 丶 丶 一 丿 丶 丿 ㇏,true(a12~e12)
5151,蛘,yáng,丨 𠃍 一 丨 一 丶 丶 丿 一 一 一 丨,true(a12~e12)
5152,喁,yóng、yú,丨 𠃍 一 丨 𠃍 一 一 丨 𠃌 丨 ㇀ 丶,true(a12~e12)
5153,喟,kuì,丨 𠃍 一 丨 𠃍 一 丨 一 丨 𠃌 一 一,true(a12~e12)
5154,啾,jiū,丨 𠃍 一 丿 一 丨 丿 丶 ㇀ 丿 丿 ㇏,true(a12~e12)
5155,嗖,sōu,丨 𠃍 一 丿 丨 一 𠃍 一 一 丨 ㇇ ㇏,false(a13~e12)
5156,喑,yīn,丨 𠃍 一 丶 一 丶 丿 一 丨 𠃍 一 一,true(a12~e12)
5157,嗟,jiē,丨 𠃍 一 丶 丿 一 一 一 丿 一 丨 一,true(a12~e12)
5158,喽,lóu、lou,丨 𠃍 一 丶 丿 一 丨 丿 ㇏ 𡿨 丿 一,true(a12~e12)
5159,嗞,zī,丨 𠃍 一 丶 丿 一 𠃋 𠃋 丶 𠃋 𠃋 丶,true(a12~e12)
5160,喀,kā,丨 𠃍 一 丶 ㇀ 乛 丿 ㇇ ㇏ 丨 𠃍 一,false(a14~e12)
5161,喔,ō、wō,丨 𠃍 一 𠃍 一 丿 一 𠃋 丶 一 丨 一,true(a12~e12)
5162,喙,huì,丨 𠃍 一 𠃋 ㇇ 一 丿 ㇁ 丿 丿 丿 ㇏,false(a13~e12)
5163,嵘,róng,丨 ㇄ 丨 一 丨 丨 ㇀ 乛 一 丨 丿 ㇏,false(a13~e12)
5164,嵖,chá,丨 ㇄ 丨 一 丨 丿 ㇏ 丨 𠃍 一 一 一,false(a1~e12)
5165,崴,wēi、wǎi,丨 ㇄ 丨 一 丿 一 𡿨 丿 一 ㇂ 丿 丶,false(a13~e12)
5166,遄,chuán,丨 ㇄ 丨 一 丿 丨 𠃌 丨 丨 丶 ㇋ ㇏,true(a12~e12)
5167,詈,lì,丨 𠃍 丨 丨 一 丶 一 一 一 丨 𠃍 一,true(a12~e12)
5168,嵎,yú,丨 ㇄ 丨 丨 𠃍 一 一 丨 𠃌 丨 ㇀ 丶,false(a1~e12)
5169,崽,zǎi,丨 ㇄ 丨 丨 𠃍 一 丨 一 ㇀ ㇃ 丶 丶,false(a13~e12)
5170,嵬,wéi,丨 ㇄ 丨 丿 丨 𠃍 一 一 丿 乚 𠃋 丶,true(a12~e12)
5171,嵛,yú,丨 ㇄ 丨 丿 ㇏ 一 丨 𠃌 一 一 丨 亅,true(a12~e12)
5172,嵯,cuó,丨 ㇄ 丨 丶 丿 一 一 一 丿 一 丨 一,true(a12~e12)
5173,嵝,lǒu,丨 ㇄ 丨 丶 丿 一 丨 丿 ㇏ 𡿨 丿 一,true(a12~e12)
5174,嵫,zī,丨 ㇄ 丨 丶 丿 一 𠃋 𠃋 丶 𠃋 𠃋 丶,true(a12~e12)
5175,幄,wò,丨 𠃌 丨 𠃍 一 丿 一 𠃋 丶 一 丨 一,true(a12~e12)
5176,嵋,méi,丨 ㇄ 丨 𠃍 丨 一 丿 丨 𠃍 一 一 一,true(a12~e12)
5177,赕,dǎn,丨 𠃍 丿 丶 ㇀ 丿 丿 丶 ㇀ 丿 丿 ㇏,true(a12~e12)
5178,铻,wú,丿 一 一 一 𠄌 一 丨 𠃍 一 丨 𠃍 一,false(a1~e12)
5179,铼,lái,丿 一 一 一 𠄌 一 丶 丿 一 丨 丿 ㇏,true(a12~e12)
5180,铿,kēng,丿 一 一 一 𠄌 丨 丨 ㇇ ㇏ 一 丨 一,false(a13~e12)
5181,锃,zèng,丿 一 一 一 𠄌 丨 𠃍 一 一 一 丨 一,true(a12~e12)
5182,锂,lǐ,丿 一 一 一 𠄌 丨 𠃍 一 一 丨 一 一,true(a12~e12)
5183,锆,gào,丿 一 一 一 𠄌 丿 一 丨 一 丨 𠃍 一,true(a12~e12)
5184,锇,é,丿 一 一 一 𠄌 丿 一 亅 ㇀ ㇂ 丿 丶,false(a13~e12)
5185,锉,cuò,丿 一 一 一 𠄌 丿 丶 丿 丶 一 丨 一,true(a12~e12)
5186,锏,jiǎn,丿 一 一 一 𠄌 丶 丨 𠃌 丨 𠃍 一 一,true(a12~e12)
5187,锑,tī,丿 一 一 一 𠄌 丶 丿 𠃍 一 ㇉ 丨 丿,true(a12~e12)
5188,锒,láng,丿 一 一 一 𠄌 丶 𠃍 一 一 𠄌 丿 ㇏,true(a12~e12)
5189,锔,jū、jú,丿 一 一 一 𠄌 𠃍 一 丿 𠃌 丨 𠃍 一,true(a12~e12)
5190,锕,ā,丿 一 一 一 𠄌 ㇌ 丨 一 丨 𠃍 一 亅,false(a13~e12)
5191,掣,chè,丿 一 一 丨 𠃌 丨 丨 亅 丿 一 一 亅,true(a12~e12)
5192,矬,cuó,丿 一 一 丿 丶 丿 丶 丿 丶 一 丨 一,true(a12~e12)
5193,氰,qíng,丿 一 一 ⺄ 一 一 丨 一 丨 𠃌 一 一,true(a12~e12)
5194,毳,cuì,丿 一 一 乚 丿 一 一 𠄌 丿 一 一 乚,true(a12~e12)
5195,毽,jiàn,丿 一 一 乚 𠃍 一 一 一 一 丨 ㇋ ㇏,true(a12~e12)
5196,犊,dú,丿 一 丨 ㇀ 一 丨 乛 丶 丶 一 丿 丶,false(a13~e12)
5197,犄,jī,丿 一 丨 ㇀ 一 丿 丶 一 丨 𠃍 一 亅,true(a12~e12)
5198,犋,jù,丿 一 丨 ㇀ 丨 𠃍 一 一 一 一 丿 丶,true(a12~e12)
5199,鹄,hú,丿 一 丨 一 丨 𠃍 一 丿 𠃌 丶 ㇉ 一,true(a12~e12)
5200,犍,jiān、qián,丿 一 丨 ㇀ 𠃍 一 一 一 一 丨 ㇋ ㇏,true(a12~e12)
5201,嵇,jī,丿 一 丨 丿 丶 一 丿 乚 丶 丨 ㇄ 丨,true(a12~e12)
5202,黍,shǔ,丿 一 丨 丿 丶 丿 ㇏ 亅 丶 ㇀ 丿 丶,true(a12~e12)
5203,稃,fū,丿 一 丨 丿 丶 丿 丶 丶 丿 ㇇ 亅 一,false(a13~e12)
5204,稂,láng,丿 一 丨 丿 丶 丶 𠃍 一 一 𠄌 丿 ㇏,true(a12~e12)
5205,筚,bì,丿 一 丶 丿 一 丶 一 𠄌 丿 乚 一 丨,true(a12~e12)
5206,筵,yán,丿 一 丶 丿 一 丶 丿 丨 一 ㇄ ㇋ ㇏,true(a12~e12)
5207,筌,quán,丿 一 丶 丿 一 丶 丿 ㇏ 一 一 丨 一,true(a12~e12)
5208,傣,dǎi,丿 丨 一 一 一 丿 ㇏ 亅 丶 ㇀ 丿 丶,true(a12~e12)
5209,傈,lì,丿 丨 一 丨 𠃍 丨 丨 一 一 丨 丿 ㇏,true(a12~e12)
5210,舄,xì,丿 丨 一 𠃍 一 一 丿 𠃌 ㇀ 丶 丶 丶,true(a12~e12)
5211,牍,dú,丿 丨 一 𠃍 一 丨 乛 丶 丶 一 丿 丶,false(a13~e12)
5212,傥,tǎng,丿 丨 丨 丶 丿 ㇀ 乛 丨 𠃍 一 丿 乚,false(a13~e12)
5213,傧,bīn,丿 丨 丶 ㇀ 乛 丿 丨 一 丨 一 丿 丶,false(a13~e12)
5214,遑,huáng,丿 丨 𠃍 一 一 一 一 丨 一 丶 ㇋ ㇏,true(a12~e12)
5215,傩,nuó,丿 丨 ㇇ 丶 丿 丨 丶 一 一 一 丨 一,false(a13~e12)
5216,遁,dùn,丿 丿 一 丨 丨 𠃍 一 一 一 丶 ㇋ ㇏,true(a12~e12)
5217,徨,huáng,丿 丿 丨 丿 丨 𠃍 一 一 一 一 丨 一,true(a12~e12)
5218,媭,xū,丿 丿 丿 一 丿 丨 𠃍 丿 丶 𡿨 丿 一,false(a1~e12)
5219,畲,shē,丿 ㇏ 一 一 亅 丿 丶 丨 𠃍 一 丨 一,true(a12~e12)
5220,弑,shì,丿 丶 一 亅 丿 丶 一 一 丨 ㇀ ㇂ 丶,false(a13~e12)
5221,颌,hé、gé,丿 丶 一 丨 𠃍 一 一 丿 丨 𠃍 丿 丶,true(a12~e12)
5222,翕,xī,丿 ㇏ 一 丨 𠃍 一 𠃌 丶 ㇀ 𠃌 丶 ㇀,true(a12~e12)
5223,釉,yòu,丿 丶 丿 一 丨 丿 丶 丨 𠃍 一 丨 一,true(a12~e12)
5224,鹆,yù,丿 丶 丿 丶 丨 𠃍 一 丿 𠃌 丶 ㇉ 一,true(a12~e12)
5225,舜,shùn,丿 丶 丶 丿 ㇀ 乛 丿 ㇇ 丶 一 𠃋 丨,false(a14~e12)
5226,貂,diāo,丿 丶 丶 丿 ㇁ 丿 丿 𠃌 丿 丨 𠃍 一,true(a12~e12)
5227,腈,jīng,丿 𠃌 一 一 一 一 丨 一 丨 𠃌 一 一,true(a12~e12)
5228,腌,ā、yān,丿 𠃌 一 一 一 丿 ㇏ 丨 𠃍 一 一 乚,true(a12~e12)
5229,腓,féi,丿 𠃌 一 一 丨 一 一 一 丨 一 一 一,true(a12~e12)
5230,腆,tiǎn,丿 𠃌 一 一 丨 𠃍 一 丨 丨 一 丿 丶,true(a12~e12)
5231,腴,yú,丿 𠃌 一 一 丿 丨 一 𠃍 一 一 丿 ㇏,true(a12~e12)
5232,腑,fǔ,丿 𠃌 一 一 丶 一 丿 丿 丨 一 亅 丶,true(a12~e12)
5233,腚,dìng,丿 𠃌 一 一 丶 ㇀ 乛 一 丨 一 丿 ㇏,false(a13~e12)
5234,腱,jiàn,丿 𠃌 一 一 𠃍 一 一 一 一 丨 ㇋ ㇏,true(a12~e12)
5235,鱿,yóu,丿 ㇇ 丨 𠃍 一 丨 一 ㇀ 一 丿 乚 丶,false(a13~e12)
5236,鲀,tún,丿 ㇇ 丨 𠃍 一 丨 一 ㇀ 一 ㇄ 丨 乚,false(a1~e12)
5237,鲂,fáng,丿 ㇇ 丨 𠃍 一 丨 一 ㇀ 丶 一 𠃌 丿,false(a13~e12)
5238,颍,yǐng,丿 乚 亅 ㇇ 丿 丶 一 丿 丨 𠃍 丿 丶,false(a13~e12)
5239,猢,hú,丿 ㇁ 丿 一 丨 丨 𠃍 一 丿 𠃌 一 一,true(a12~e12)
5240,猹,chá,丿 ㇁ 丿 一 丨 丿 ㇏ 丨 𠃍 一 一 一,true(a12~e12)
5241,猥,wěi,丿 ㇁ 丿 丨 𠃍 一 丨 一 一 𠄌 丿 ㇏,true(a12~e12)
5242,飓,jù,丿 ⺄ 丿 丶 丨 𠃍 一 一 一 一 丿 丶,true(a12~e12)
5243,觞,shāng,丿 ㇇ 丿 𠃌 一 一 丨 丿 一 𠄎 丿 丿,false(a14~e12)
5244,觚,gū,丿 ㇇ 丿 𠃌 一 一 丨 丿 丿 𠄌 丶 ㇏,false(a13~e12)
5245,猱,náo,丿 ㇁ 丿 ㇇ 丶 乛 亅 丿 一 丨 丿 ㇏,false(a14~e12)
5246,颎,jiǒng,丿 乚 ㇀ 丿 丿 丶 一 丿 丨 𠃍 丿 丶,false(a1~e12)
5247,飧,sūn,丿 ㇇ 丶 丿 ㇏ 丶 𠃍 一 一 𠄌 丿 ㇏,false(a13~e12)
5248,馇,chā、zha,丿 乛 𠄌 一 丨 丿 ㇏ 丨 𠃍 一 一 一,false(a13~e12)
5249,馊,sōu,丿 乛 𠄌 丿 丨 一 𠃍 一 一 丨 ㇇ ㇏,false(a14~e12)
5250,亵,xiè,丶 一 一 亅 ㇀ 丿 ⺄ 丶 丿 𠄌 丿 ㇏,true(a12~e12)
5251,脔,luán,丶 一 丨 丨 丿 丶 丨 𠃌 丿 丶 丿 丶,true(a12~e12)
5252,裒,póu,丶 一 丿 丨 一 𠃍 一 一 丿 𠄌 丿 ㇏,true(a12~e12)
5253,痣,zhì,丶 一 丿 丶 ㇀ 一 丨 一 ㇀ ㇃ 丶 丶,false(a13~e12)
5254,痨,láo,丶 一 丿 丶 ㇀ 一 丨 丨 ㇀ 乛 𠃌 丿,false(a13~e12)
5255,痦,wù,丶 一 丿 丶 ㇀ 一 丨 𠃍 一 丨 𠃍 一,true(a12~e12)
5256,痞,pǐ,丶 一 丿 丶 ㇀ 一 丿 丨 丶 丨 𠃍 一,true(a12~e12)
5257,痤,cuó,丶 一 丿 丶 ㇀ 丿 丶 丿 丶 一 丨 一,true(a12~e12)
5258,痫,xián,丶 一 丿 丶 ㇀ 丶 丨 𠃌 一 丨 丿 丶,true(a12~e12)
5259,痧,shā,丶 一 丿 丶 ㇀ 丶 丶 ㇀ 丨 丿 丶 丿,true(a12~e12)
5260,赓,gēng,丶 一 丿 𠃍 一 一 丿 ㇏ 丨 𠃍 丿 丶,true(a12~e12)
5261,竦,sǒng,丶 一 丶 丿 ㇀ 一 丨 𠃍 一 丨 丿 ㇏,true(a12~e12)
5262,瓿,bù,丶 一 丶 丿 一 丨 𠃍 一 一 𠄌 ⺄ 丶,true(a12~e12)
5263,啻,chì,丶 一 丶 丿 ㇀ 乛 丨 𠃌 丨 丨 𠃍 一,false(a13~e12)
5264,颏,kē、ké,丶 一 𠃋 丿 丿 丶 一 丿 丨 𠃍 丿 丶,true(a12~e12)
5265,鹇,xián,丶 丨 𠃌 一 丨 丿 丶 丿 𠃌 丶 ㇉ 一,true(a12~e12)
5266,阑,lán,丶 丨 𠃌 一 丨 𠃍 丶 丿 一 丨 丿 丶,true(a12~e12)
5267,阒,qù,丶 丨 𠃌 丨 𠃍 一 一 一 一 丿 丶 丶,true(a12~e12)
5268,阕,què,丶 丨 𠃌 ㇇ 丶 丿 丿 ㇏ 一 一 丿 丶,false(a13~e12)
5269,粞,xī,丶 丿 一 丨 丿 丶 一 丨 𠃍 丿 ㇄ 一,true(a12~e12)
5270,遒,qiú,丶 丿 一 丨 𠃍 丿 ㇄ 一 一 丶 ㇋ ㇏,true(a12~e12)
5271,孳,zī,丶 丿 一 𠃋 𠃋 丶 𠃋 𠃋 丶 ㇇ 亅 一,false(a13~e12)
5272,焯,zhuō、chāo,㇀ 丿 丿 丶 丨 一 丨 𠃍 一 一 一 丨,true(a12~e12)
5273,焜,kūn,㇀ 丿 丿 丶 丨 𠃍 一 一 一 𠄌 丿 乚,true(a12~e12)
5274,焙,bèi,㇀ 丿 丿 丶 丶 一 丶 丿 一 丨 𠃍 一,true(a12~e12)
5275,焱,yàn,㇀ 丿 丿 ㇏ ㇀ 丿 丿 丶 ㇀ 丿 丿 ㇏,true(a12~e12)
5276,鹈,tí,丶 丿 𠃍 一 ㇉ 丨 丿 丿 𠃌 丶 ㇉ 一,true(a12~e12)
5277,湛,zhàn,丶 丶 ㇀ 一 丨 丨 一 一 一 丿 丶 ㇄,true(a12~e12)
5278,渫,xiè,丶 丶 ㇀ 一 丨 丨 一 ㇄ 一 丨 丿 ㇏,true(a12~e12)
5279,湮,yān、yīn,丶 丶 ㇀ 一 丨 𠃍 丨 丨 一 一 丨 一,true(a12~e12)
5280,湎,miǎn,丶 丶 ㇀ 一 丿 丨 𠃍 丨 丨 一 一 一,true(a12~e12)
5281,湜,shí,丶 丶 ㇀ 丨 𠃍 一 一 一 丨 一 丿 ㇏,false(a1~e12)
5282,渭,wèi,丶 丶 ㇀ 丨 𠃍 一 丨 一 丨 𠃌 一 一,true(a12~e12)
5283,湍,tuān,丶 丶 ㇀ 丨 ㇄ 丨 一 丿 丨 𠃌 丨 丨,true(a12~e12)
5284,湫,qiū、jiǎo,丶 丶 ㇀ 丿 一 丨 丿 丶 ㇀ 丿 丿 ㇏,true(a12~e12)
5285,溲,sōu,丶 丶 ㇀ 丿 丨 一 𠃍 一 一 丨 ㇇ ㇏,false(a13~e12)
5286,湟,huáng,丶 丶 ㇀ 丿 丨 𠃍 一 一 一 一 丨 一,true(a12~e12)
5287,溆,xù,丶 丶 ㇀ 丿 丶 一 一 亅 丿 丶 ㇇ ㇏,false(a13~e12)
5288,湲,yuán,丶 丶 ㇀ 丿 丶 丶 丿 一 一 丿 ㇇ ㇏,false(a1~e12)
5289,湔,jiān,丶 丶 ㇀ 丶 丿 一 丨 𠃌 一 一 丨 亅,true(a12~e12)
5290,湉,tián,丶 丶 ㇀ ㇀ 丶 丨 丿 一 丨 丨 𠃍 一,true(a12~e12)
5291,渥,wò,丶 丶 ㇀ 𠃍 一 丿 一 𠃋 丶 一 丨 一,true(a12~e12)
5292,湄,méi,丶 丶 ㇀ 𠃍 丨 一 丿 丨 𠃍 一 一 一,true(a12~e12)
5293,滁,chú,丶 丶 ㇀ ㇌ 丨 丿 ㇏ 一 一 亅 丿 丶,false(a13~e12)
5294,愠,yùn,㇀ 丶 丨 丨 𠃍 一 一 丨 𠃍 丨 丨 一,true(a12~e12)
5295,惺,xīng,㇀ 丶 丨 丨 𠃍 一 一 丿 一 一 丨 一,true(a12~e12)
5296,愦,kuì,㇀ 丶 丨 丨 𠃍 一 丨 一 丨 𠃍 丿 丶,true(a12~e12)
5297,惴,zhuì,㇀ 丶 丨 丨 ㇄ 丨 一 丿 丨 𠃌 丨 丨,true(a12~e12)
5298,愀,qiǎo,㇀ 丶 丨 丿 一 丨 丿 丶 ㇀ 丿 丿 ㇏,true(a12~e12)
5299,愎,bì,㇀ 丶 丨 丿 一 丨 𠃍 一 一 丿 ㇇ ㇏,false(a13~e12)
5300,愔,yīn,㇀ 丶 丨 丶 一 丶 丿 一 丨 𠃍 一 一,false(a1~e12)
5301,喾,kù,丶 丶 丿 ㇀ 乛 丿 一 丨 一 丨 𠃍 一,false(a13~e12)
5302,寐,mèi,丶 ㇀ 乛 ㇄ 丨 一 丿 一 一 丨 丿 ㇏,false(a13~e12)
5303,谟,mó,丶 ㇊ 一 丨 丨 丨 𠃍 一 一 一 丿 ㇏,true(a12~e12)
5304,扉,fēi,丶 𠃍 一 丿 丨 一 一 一 丨 一 一 一,true(a12~e12)
5305,裢,lián,丶 ㇇ 丨 丿 丶 一 𠃋 一 丨 丶 ㇋ ㇏,false(a13~e12)
5306,裎,chéng、chěng,丶 ㇇ 丨 丿 丶 丨 𠃍 一 一 一 丨 一,false(a13~e12)
5307,裥,jiǎn,丶 ㇇ 丨 丿 丶 丶 丨 𠃌 丨 𠃍 一 一,false(a13~e12)
5308,祾,líng,丶 ㇇ 丨 丿 丶 一 丨 一 丿 丶 丿 ㇇ ㇏,false(a1~e12)
5309,祺,qí,丶 ㇇ 丨 丶 一 丨 丨 一 一 一 丿 丶,false(a13~e12)
5310,谠,dǎng,丶 ㇊ 丨 丶 丿 ㇀ 乛 丨 𠃍 一 丿 乚,false(a13~e12)
5311,幂,mì,㇀ 乛 丨 𠃍 一 一 一 丿 ㇏ 丨 𠃌 丨,false(a13~e12)
5312,谡,sù,丶 ㇊ 丨 𠃍 一 丨 一 丿 丶 丿 ㇇ ㇏,false(a13~e12)
5313,谥,shì,丶 ㇊ 丶 丿 一 丿 丶 丨 𠃍 丨 丨 一,true(a12~e12)
5314,谧,mì,丶 ㇊ ㇀ ㇃ 丶 丿 丶 丨 𠃍 丨 丨 一,false(a13~e12)
5315,遐,xiá,𠃍 一 丨 一 一 𠃍 一 ㇇ 丶 丶 ㇋ ㇏,false(a13~e12)
5316,孱,chán、càn,𠃍 一 丿 ㇇ 亅 一 ㇇ 亅 ㇀ ㇇ 亅 一,false(a15~e12)
5317,弼,bì,𠃍 一 ㇉ 一 丿 丨 𠃍 一 一 𠃍 一 ㇉,true(a12~e12)
5318,巽,xùn,𠃍 一 乚 𠃍 一 乚 一 丨 丨 一 丿 丶,true(a12~e12)
5319,骘,zhì,㇌ 丨 丨 一 丨 一 丨 丿 丿 𠃍 ㇉ 一,false(a13~e12)
5320,媪,ǎo,𡿨 丿 一 丨 𠃍 一 一 丨 𠃍 丨 丨 一,true(a12~e12)
5321,媛,yuàn、yuán,𡿨 丿 一 丿 丶 丶 丿 一 一 丿 ㇇ ㇏,false(a13~e12)
5322,婷,tíng,𡿨 丿 一 丶 一 丨 𠃍 一 ㇀ 乛 一 亅,false(a13~e12)
5323,巯,qiú,㇇ 丶 一 丨 ㇀ 丶 一 𠃋 丶 丿 丨 乚,false(a13~e12)
5324,翚,huī,𠃍 丶 ㇀ 𠃍 丶 ㇀ ㇀ 乛 一 𠃋 一 丨,false(a13~e12)
5325,皴,cūn,𠃋 丶 丿 丶 丿 ㇇ 丶 乛 丿 丨 ㇇ ㇏,false(a15~e12)
5326,婺,wù,㇇ 丶 乛 亅 丿 丿 一 丿 ㇏ 𡿨 丿 一,false(a14~e12)
5327,骛,wù,㇇ 丶 乛 亅 丿 丿 一 丿 ㇏ 𠃍 ㇉ 一,false(a14~e12)
5328,缂,kè,𠃋 𠃋 ㇀ 一 丨 丨 一 丨 𠃍 一 一 丨,true(a12~e12)
5329,缃,xiāng,𠃋 𠃋 ㇀ 一 丨 丿 丶 丨 𠃍 一 一 一,true(a12~e12)
5330,缄,jiān,𠃋 𠃋 ㇀ 一 丿 一 丨 𠃍 一 ㇂ 丿 丶,false(a13~e12)
5331,彘,zhì,𠃋 ㇇ 一 一 𠄌 丿 一 一 丿 丶 丿 乚,false(a13~e12)
5332,缇,tí,𠃋 𠃋 ㇀ 丨 𠃍 一 一 一 丨 一 丿 ㇏,true(a12~e12)
5333,缈,miǎo,𠃋 𠃋 ㇀ 丨 𠃍 一 一 一 丨 丿 丶 丿,true(a12~e12)
5334,缌,sī,𠃋 𠃋 ㇀ 丨 𠃍 一 丨 一 ㇀ ㇃ 丶 丶,false(a13~e12)
5335,缑,gōu,𠃋 𠃋 ㇀ 丿 丨 𠃍 一 丿 一 一 丿 ㇏,true(a12~e12)
5336,缒,zhuì,𠃋 𠃋 ㇀ 丿 丨 𠃍 一 𠃍 一 丶 ㇋ ㇏,true(a12~e12)
5337,缗,mín,𠃋 𠃋 ㇀ 𠃍 一 𠄌 一 ㇂ 丨 𠃍 一 一,false(a13~e12)
5338,飨,xiǎng,𠃋 𠃋 丿 丿 ㇏ 丶 𠃍 一 一 𠄌 丿 丶,true(a12~e12)
5339,耢,lào,一 一 一 丨 丿 丶 一 丨 丨 ㇀ 乛 𠃌 丿,false(a14~e13)
5340,瑚,hú,一 一 丨 ㇀ 一 丨 丨 𠃍 一 丿 𠃌 一 一,true(a13~e13)
5341,瑁,mào,一 一 丨 ㇀ 丨 𠃍 一 一 丨 𠃍 一 一 一,true(a13~e13)
5342,瑜,yú,一 一 丨 ㇀ 丿 ㇏ 一 丨 𠃌 一 一 丨 亅,true(a13~e13)
5343,瑗,yuàn,一 一 丨 ㇀ 丿 丶 丶 丿 一 一 丿 ㇇ ㇏,false(a14~e13)
5344,瑄,xuān,一 一 丨 ㇀ 丶 ㇀ 乛 一 丨 𠃍 一 一 一,false(a14~e13)
5345,瑕,xiá,一 一 丨 ㇀ 𠃍 一 丨 一 一 𠃍 一 ㇇ ㇏,false(a14~e13)
5346,遨,áo,一 一 丨 一 𠃌 丿 丿 一 丿 丶 丶 ㇋ ㇏,true(a13~e13)
5347,骜,ào,一 一 丨 一 𠃌 丿 丿 一 丿 ㇏ 𠃍 ㇉ 一,true(a13~e13)
5348,韫,yùn、wēn,一 一 𠃌 丨 丨 𠃍 一 一 丨 𠃍 丨 丨 一,true(a13~e13)
5349,髡,kūn,一 丨 一 一 一 𠃋 丶 丿 丿 丿 一 丿 乚,true(a13~e13)
5350,塬,yuán,一 丨 ㇀ 一 丿 丿 丨 𠃍 一 一 亅 丿 丶,true(a13~e13)
5351,鄢,yān,一 丨 一 丨 一 一 ㇉ ㇀ 丶 丶 丶 ㇌ 丨,false(a14~e13)
5352,趔,liè,一 丨 一 丨 一 丿 ㇏ 一 丿 ㇇ 丶 丨 亅,false(a14~e13)
5353,趑,zī,一 丨 一 丨 一 丿 ㇏ 丶 ㇀ 丿 乛 丿 丶,false(a14~e13)
5354,摅,shū,一 亅 ㇀ 丨 一 乛 丿 一 乚 ㇀ ㇃ 丶 丶,false(a15~e13)
5355,摁,èn,一 亅 ㇀ 丨 𠃍 一 丿 丶 一 ㇀ ㇃ 丶 丶,false(a14~e13)
5356,蜇,zhē、zhé,一 亅 ㇀ 丿 丿 一 丨 丨 𠃍 一 丨 一 丶,true(a13~e13)
5357,搋,chuāi,一 亅 ㇀ 丿 丿 丨 一 乛 丿 一 乚 丿 ⺄,false(a14~e13)
5358,搪,táng,一 亅 ㇀ 丶 一 丿 𠃍 一 一 丨 丨 𠃍 一,true(a13~e13)
5359,搐,chù,一 亅 ㇀ 丶 一 𠃋 𠃋 丶 丨 𠃍 一 丨 一,true(a13~e13)
5360,搛,jiān,一 亅 ㇀ 丶 丿 一 𠃍 一 一 丨 丨 丿 ㇏,true(a13~e13)
5361,搠,shuò,一 亅 ㇀ 丶 丿 一 ㇄ 丨 丿 丿 𠃌 一 一,true(a13~e13)
5362,摈,bìn,一 亅 ㇀ 丶 ㇀ 乛 丿 丨 一 丨 一 丿 丶,false(a14~e13)
5363,彀,gòu,一 丨 一 ㇀ 乛 一 𠃍 一 ㇉ 丿 ㇍ ㇇ ㇏,false(a16~e13)
5364,毂,gǔ,一 丨 一 ㇀ 乛 一 𠃋 丨 ㇀ 丿 ㇍ ㇇ ㇏,false(a16~e13)
5365,搦,nuò,一 亅 ㇀ 𠃍 一 ㇉ 丶 ㇀ 𠃍 一 ㇉ 丶 ㇀,true(a13~e13)
5366,搡,sǎng,一 亅 ㇀ ㇇ 丶 ㇇ 丶 ㇇ 丶 一 丨 丿 ㇏,false(a16~e13)
5367,蓁,zhēn,一 丨 丨 一 一 一 丿 ㇏ 丿 一 丨 丿 丶,true(a13~e13)
5368,戡,kān,一 丨 丨 一 一 一 丿 丶 ㇄ 一 ㇂ 丿 丶,false(a14~e13)
5369,蓍,shī,一 丨 丨 一 丨 一 丿 丿 乚 丨 𠃍 一 一,true(a13~e13)
5370,鄞,yín,一 丨 丨 一 丨 𠃍 一 一 一 丨 ㇀ ㇌ 丨,false(a14~e13)
5371,靳,jìn,一 丨 丨 一 丨 𠃍 一 一 丨 丿 丿 一 丨,true(a13~e13)
5372,蓐,rù,一 丨 丨 一 丿 一 一 𠄌 丿 ㇏ 一 亅 丶,true(a13~e13)
5373,蓦,mò,一 丨 丨 丨 𠃍 一 一 一 丿 ㇏ 𠃍 ㇉ 一,true(a13~e13)
5374,鹋,miáo,一 丨 丨 丨 𠃍 一 丨 一 丿 𠃌 丶 ㇉ 一,true(a13~e13)
5375,蒽,ēn,一 丨 丨 丨 𠃍 一 丿 丶 一 ㇀ ㇃ 丶 丶,false(a14~e13)
5376,蓓,bèi,一 丨 丨 丿 丨 丶 一 丶 丿 一 丨 𠃍 一,true(a13~e13)
5377,蓖,bì,一 丨 丨 丿 丨 𠃍 丿 丶 一 一 𠄌 丿 乚,true(a13~e13)
5378,蓊,wěng,一 丨 丨 丿 ㇏ 𠃋 丶 𠃌 丶 ㇀ 𠃌 丶 ㇀,true(a13~e13)
5379,蒯,kuǎi,一 丨 丨 丿 𠃌 一 一 丿 𠃌 一 一 丨 亅,true(a13~e13)
5380,蓟,jì,一 丨 丨 丿 ㇇ 丨 𠃍 一 丨 一 ㇀ 丨 亅,false(a14~e13)
5381,蓑,suō,一 丨 丨 丶 一 丨 𠃍 一 一 丿 𠄌 丿 ㇏,true(a13~e13)
5382,蒿,hāo,一 丨 丨 丶 一 丨 𠃍 一 丨 𠃌 丨 𠃍 一,true(a13~e13)
5383,蒺,jí,一 丨 丨 丶 一 丿 丶 ㇀ 丿 一 一 丿 ㇏,true(a13~e13)
5384,蓠,lí,一 丨 丨 丶 一 丿 丶 ㇄ 丨 丨 𠃌 𠃋 丶,true(a13~e13)
5385,蒟,jǔ,一 丨 丨丶 一 丶 丿 一 丿 𠃌 丨 𠃍 一,false(a1~e13)
5386,蒡,bàng,一 丨 丨 丶 一 丶 丿 ㇀ 乛 丶 一 𠃌 丿,false(a14~e13)
5387,蒹,jiān,一 丨 丨 丶 丿 一 𠃍 一 一 丨 丨 丿 ㇏,true(a13~e13)
5388,蒴,shuò,一 丨 丨 丶 丿 一 ㇄ 丨 丿 丿 𠃌 一 一,true(a13~e13)
5389,蒗,làng,一 丨 丨 丶 丶 ㇀ 丶 𠃍 一 一 𠄌 丿 ㇏,true(a13~e13)
5390,蓥,yíng,一 丨 丨 ㇀ 乛 丿 ㇏ 一 一 丨 丶 丿 一,false(a14~e13)
5391,颐,yí,一 丨 丨 𠃍 一 丨 ㇄ 一 丿 丨 𠃍 丿 丶,true(a13~e13)
5392,楔,xiē,一 丨 丿 丶 一 一 一 丨 𠃌 丿 一 丿 ㇏,true(a13~e13)
5393,楠,nán,一 丨 丿 丶 一 丨 丨 𠃌 丶 丿 一 一 丨,true(a13~e13)
5394,楂,zhā、chá,一 丨 丿 丶 一 丨 丿 ㇏ 丨 𠃍 一 一 一,true(a13~e13)
5395,楝,liàn,一 丨 丿 丶 一 丨 𠃍 丶 丿 一 丨 丿 ㇏,true(a13~e13)
5396,楫,jí,一 丨 丿 丶 丨 𠃍 一 一 丨 丨 一 一 一,true(a13~e13)
5397,楸,qiū,一 丨 丿 丶 丿 一 丨 丿 丶 ㇀ 丿 丿 ㇏,true(a13~e13)
5398,椴,duàn,一 丨 丿 丶 丿 丨 一 一 ㇀ 丿 ㇅|㇍ ㇇ ㇏,false(a15~e13)
5399,槌,chuí,一 丨 丿 丶 丿 丨 𠃍 一 𠃍 一 丶 ㇋ ㇏,true(a13~e13)
5400,楯,shǔn、dùn,一 丨 丿 丶 丿 丿 一 丨 丨 𠃍 一 一 一,false(a1~e13)
5401,皙,xī,一 丨 丿 丶 丿 丿 一 丨 丿丨 𠃍 一 一,false(a12~e13)
5402,榈,lǘ,一 丨 丿 丶 丶 丨 𠃌 丨 𠃍 一 丨 𠃍 一,true(a13~e13)
5403,槎,chá,一 丨 丿 丶 丶 丿 一 一 一 丿 一 丨 一,true(a13~e13)
5404,榉,jǔ,一 丨 丿 丶 丶 丶 丿 一 丿 ㇏ 一 一 丨,true(a13~e13)
5405,楦,xuàn,一 丨 丿 丶 丶 ㇀ 乛 一 丨 𠃍 一 一 一,false(a14~e13)
5406,楣,méi,一 丨 丿 丶 𠃍 丨 一 丿 丨 𠃍 一 一 一,true(a13~e13)
5407,楹,yíng,一 丨 丿 丶 𠄎 丿 ㇇ 丶 丨 𠃍 丨 丨 一,false(a15~e13)
5408,椽,chuán,一 丨 丿 丶 𠃋 ㇇ 一 丿 ㇁ 丿 丿 丿 ㇏,false(a14~e13)
5409,裘,qiú,一 丨 丶 ㇀ 丿 丶 丶 丶 一 丿 𠄌 丿 ㇏,true(a13~e13)
5410,剽,piāo,一 丨 𠃍 丨 丨 一 一 一 亅 丿 丶 丨 亅,true(a13~e13)
5411,甄,zhēn,一 丨 𠃍 丨 丨 一 一 丨 ㇀ 一 𠄌 ⺄ 丶,true(a13~e13)
5412,酮,tóng,一 丨 𠃍 丿 ㇄ 一 一 丨 𠃌 一 丨 𠃍 一,true(a13~e13)
5413,酰,xiān,一 丨 𠃍 丿 ㇄ 一 一 丿 一 丨 一 丿 乚,true(a13~e13)
5414,酯,zhǐ,一 丨 𠃍 丿 ㇄ 一 一 丿 乚 丨 𠃍 一 一,true(a13~e13)
5415,酩,mǐng,一 丨 𠃍 丿 ㇄ 一 一 丿 ㇇ 丶 丨 𠃍 一,false(a14~e13)
5416,蜃,shèn,一 丿 一 一 𠄌 丿 ㇏ 丨 𠃍 一 丨 一 丶,true(a13~e13)
5417,碛,qì,一 丿 丨 𠃍 一 一 一 丨 一 丨 𠃍 丿 丶,true(a13~e13)
5418,碓,duì,一 丿 丨 𠃍 一 丿 丨 丶 一 一 一 丨 一,true(a13~e13)
5419,硼,péng,一 丿 丨 𠃍 一 丿 𠃌 一 一 丿 𠃌 一 一,true(a13~e13)
5420,碉,diāo,一 丿 丨 𠃍 一 丿 𠃌 一 丨 一 丨 𠃍 一,true(a13~e13)
5421,碚,bèi,一 丿 丨 𠃍 一 丶 一 丶 丿 一 丨 𠃍 一,true(a13~e13)
5422,碇,dìng,一 丿 丨 𠃍 一 丶 ㇀ 乛 一 丨 一 丿 ㇏,false(a14~e13)
5423,碜,chěn,一 丿 丨 𠃍 一 𠃋 丶 一 丿 ㇏ 丿 丿 丿,true(a13~e13)
5424,鹌,ān,一 丿 丶 丨 𠃍 一 一 𠄌 丿 𠃌 丶 ㇉ 一,true(a13~e13)
5425,辏,còu,一 𠃋 丨 ㇀ 一 一 一 丿 ㇏ 一 一 丿 丶,true(a13~e13)
5426,龃,jǔ,丨 一 丨 一 丿 丶 ㇄ 丨 丨 𠃍 一 一 一,true(a13~e13)
5427,龅,bāo,丨 一 丨 一 丿 丶 ㇄ 丨 丿 𠃌 𠃍 一 乚,true(a13~e13)
5428,訾,zǐ,丨 一 丨 ㇀ 丿 乚 丶 一 一 一 丨 𠃍 一,true(a13~e13)
5429,粲,càn,丨 一 丿 ㇇|乛 丶 ㇇ 丶 丶 丿 一 丨 丿 ㇏,false(a15~e13)
5430,虞,yú,丨 一 乛 丿 一 乚 丨 𠃍 一 一 一 丿 ㇏,false(a14~e13)
5431,睚,yá,丨 𠃍 一 一 一 一 丿 一 丨 一 一 丨 一,true(a13~e13)
5432,嗪,qín,丨 𠃍 一 一 一 一 丿 ㇏ 丿 一 丨 丿 丶,true(a13~e13)
5433,韪,wěi,丨 𠃍 一 一 一 丨 一 丿 ㇏ 一 一 𠃌 丨,true(a13~e13)
5434,嗷,áo,丨 𠃍 一 一 一 丨 一 𠃌 丿 丿 一 丿 ㇏,true(a13~e13)
5435,嗉,sù,丨 𠃍 一 一 一 丨 一 𠃋 𠃋 丶 亅 丿 丶,true(a13~e13)
5436,睨,nì,丨 𠃍 一 一 一 丿 丨 一 𠃍 一 一 丿 乚,true(a13~e13)
5437,睢,huī、suī,丨 𠃍 一 一 一 丿 丨 丶 一 一 一 丨 一,true(a13~e13)
5438,雎,jū,丨 𠃍 一 一 ㇀ 丿 丨 丶 一 一 一 丨 一,true(a13~e13)
5439,睥,bì、pì,丨 𠃍 一 一 一 丿 丨 𠃍 一 一 丿 一 丨,true(a13~e13)
5440,嘟,dū,丨 𠃍 一 一 丨 一 丿 丨 𠃍 一 一 ㇌ 丨,false(a14~e13)
5441,嗑,kē、kè,丨 𠃍 一 一 丨 一 𠃋 丶 丨 𠃍 丨 丨 一,true(a13~e13)
5442,嗫,niè,丨 𠃍 一 一 丨 丨 一 一 一 ㇇ 丶 ㇇ ㇏,false(a15~e13)
5443,嗬,hē,丨 𠃍 一 一 丨 丨 丿 丨 一 丨 𠃍 一 亅,true(a13~e13)
5444,嗔,chēn,丨 𠃍 一 一 丨 丨 𠃍 一 一 一 一 丿 丶,true(a13~e13)
5445,嗝,gé,丨 𠃍 一 一 丨 𠃍 一 丨 𠃌 丶 丿 一 丨,true(a13~e13)
5446,戥,děng,丨 𠃍 一 一 丿 一 一 丨 ㇀ 一 ㇂ 丿 丶,false(a14~e13)
5447,嗄,shà,丨 𠃍 一 一 丿 丨 𠃍 一 一 一 丿 ㇇ ㇏,false(a14~e13)
5448,煦,xù,丨 𠃍 一 一 丿 𠃌 丨 𠃍 一 ㇀ 丶 丶 丶,true(a13~e13)
5449,暄,xuān,丨 𠃍 一 一 丶 ㇀ 乛 一 丨 𠃍 一 一 一,false(a14~e13)
5450,遢,tā,丨 𠃍 一 一 𠃌 丶 ㇀ 𠃌 丶 ㇀ 丶 ㇋ ㇏,true(a13~e13)
5451,暌,kuí,丨 𠃍 一 一 ㇇ 丶 丿 丿 ㇏ 一 一 丿 丶,false(a14~e13)
5452,跬,kuǐ,丨 𠃍 一 丨 一 丨 ㇀ 一 丨 一 一 丨 一,true(a13~e13)
5453,跶,da,丨 𠃍 一 丨 一 丨 ㇀ 一 丿 丶 丶 ㇋ ㇏,true(a13~e13)
5454,跸,bì,丨 𠃍 一 丨 一 丨 ㇀ 一 𠄌 丿 乚 一 丨,true(a13~e13)
5455,跐,cī,丨 𠃍 一 丨 一 丨 ㇀ 丨 一 丨 ㇀ 丿 乚,false(a1~e13)
5456,跣,xiǎn,丨 𠃍 一 丨 一 丨 ㇀ 丿 一 丨 一 丿 乚,true(a13~e13)
5457,跹,xiān,丨 𠃍 一 丨 一 丨 ㇀ 丿 一 丨 丶 ㇋ ㇏,true(a13~e13)
5458,跻,jī,丨 𠃍 一 丨 一 丨 ㇀ 丶 一 丿 ㇏ 丿 丨,true(a13~e13)
5459,蛸,shāo、xiāo,丨 𠃍 一 丨 一 丶 丨 丶 丿 丨 𠃌 一 一,true(a13~e13)
5460,蜊,lí,丨 𠃍 一 丨 一 丶 丿 一 丨 丿 丶 丨 亅,true(a13~e13)
5461,蜍,chú,丨 𠃍 一 丨 一 丶 丿 ㇏ 一 一 亅 丿 丶,true(a13~e13)
5462,蜉,fú,丨 𠃍 一 丨 一 丶 丿 丶 丶 丿 ㇇ 亅 一,false(a14~e13)
5463,蜣,qiāng,丨 𠃍 一 丨 一 丶 丶 丿 一 一 一 丿 乚,true(a13~e13)
5464,畹,wǎn,丨 𠃍 一 丨 一 丶 ㇀ 乛 丿 ㇇ 丶 𠃌 乚,false(a15~e13)
5465,蛹,yǒng,丨 𠃍 一 丨 一 丶 ㇇ 丶 丨 𠃌 一 一 丨,false(a14~e13)
5466,嗣,sì,丨 𠃍 一 丨 𠃌 一 丨 丨 𠃌 一 丨 𠃍 一,true(a13~e13)
5467,嗯,èn,丨 𠃍 一 丨 𠃍 一 丿 丶 一 ㇀ ㇂|㇃ 丶 丶,false(a14~e13)
5468,嗥,háo,丨 𠃍 一 丿 丨 𠃍 一 一 一 丿 ㇏ 一 丨,true(a13~e13)
5469,嗲,diǎ,丨 𠃍 一 丿 丶 丿 ㇏ 丿 ㇇ 丶 丿 ㇇ 丶,false(a15~e13)
5470,嗳,ài、ǎi、āi,丨 𠃍 一 丿 丶 丶 丿 ㇀ 乛 一 丿 ㇇ ㇏,false(a15~e13)
5471,嗌,yì、ài,丨 𠃍 一 丶 丿 一 丿 丶 丨 𠃍 丨 丨 一,true(a13~e13)
5472,嗍,suō,丨 𠃍 一 丶 丿 一 ㇄ 丨 丿 丿 𠃌 一 一,true(a13~e13)
5473,嗨,hāi、hēi,丨 𠃍 一 丶 丶 ㇀ 丿 一 ㇄ 𠃌 丶 一 丶,true(a13~e13)
5474,嗐,hài,丨 𠃍 一 丶 ㇀ 乛 一 一 一 丨 丨 𠃍 一,false(a1~e13)
5475,嗤,chī,丨 𠃍 一 ㇄ 丨 丨 一 丨 𠃍 一 丨 一 丶,true(a13~e13)
5476,嗵,tōng,丨 𠃍 一 ㇇ 丶 丨 𠃌 一 一 丨 丶 ㇋ ㇏,false(a14~e13)
5477,罨,yǎn,丨 𠃍 丨 丨 一 一 丿 ㇏ 丨 𠃍 一 一 乚,true(a13~e13)
5478,嵊,shèng,丨 ㇄ 丨 丿 一 丨 丨 一 ㇀ 丿 乚 丿 ㇏,true(a13~e13)
5479,嵩,sōng,丨 ㇄ 丨 丶 一 丨 𠃍 一 丨 𠃌 丨 𠃍 一,true(a13~e13)
5480,嵴,jí,丨 ㇄ 丨 丶 ㇀ 丿 丶 丿 ㇏ 丨 𠃌 一 一,true(a13~e13)
5481,骰,tóu,丨 𠃍 𠃍 ㇀ 乛 丨 𠃌 一 一 丿 ㇍ ㇇ ㇏,false(a16~e13)
5482,锗,zhě,丿 一 一 一 𠄌 一 丨 一 丿 丨 𠃍 一 一,true(a13~e13)
5483,锛,bēn,丿 一 一 一 𠄌 一 丿 ㇏ 一 丨 一 丿 丨,true(a13~e13)
5484,锜,qí,丿 一 一 一 𠄌 一 丿 丶 一 丨 𠃍 一 亅,false(a1~e13)
5485,锝,dé,丿 一 一 一 𠄌 丨 𠃍 一 一 一 一 亅 丶,true(a13~e13)
5486,锞,kè,丿 一 一 一 𠄌 丨 𠃍 一 一 一 丨 丿 ㇏,true(a13~e13)
5487,锟,kūn,丿 一 一 一 𠄌 丨 𠃍 一 一 一 𠄌 丿 乚,true(a13~e13)
5488,锢,gù,丿 一 一 一 𠄌 丨 𠃍 一 丨 丨 𠃍 一 一,true(a13~e13)
5489,锨,xiān,丿 一 一 一 𠄌 丿 丿 一 丨 丿 乛 丿 ㇏,false(a14~e13)
5490,锩,juǎn,丿 一 一 一 𠄌 丶 丿 一 一 丿 ㇏ 𠃌 乚,true(a13~e13)
5491,锭,dìng,丿 一 一 一 𠄌 丶 ㇀ 乛 一 丨 一 丿 ㇏,false(a14~e13)
5492,锱,zī,丿 一 一 一 𠄌 𡿨 𡿨 𡿨 丨 𠃍 一 丨 一,true(a13~e13)
5493,雉,zhì,丿 一 一 丿 丶 丿 丨 丶 一 一 一 丨 一,true(a13~e13)
5494,氲,yūn,丿 一 一 ⺄ 丨 𠃍 一 一 丨 𠃍 丨 丨 一,true(a13~e13)
5495,犏,piān,丿 一 丨 ㇀ 丶 𠃍 一 丿 丨 𠃌 一 丨 丨,true(a13~e13)
5496,歃,shà,丿 一 丨 丿 丨 一 𠃍 一 一 丿 乛 丿 ㇏,false(a14~e13)
5497,稞,kē,丿 一 丨 丿 丶 丨 𠃍 一 一 一 丨 丿 ㇏,true(a13~e13)
5498,稗,bài,丿 一 丨 丿 丶 丿 丨 𠃍 一 一 丿 一 丨,true(a13~e13)
5499,稔,rěn,丿 一 丨 丿 丶 丿 ㇏ 丶 ㇇ ㇀ ㇂|㇃ 丶 丶,false(a15~e13)
5500,筠,yún、jūn,丿 一 丶 丿 一 丶 一 丨 ㇀ 丿 𠃌 丶 ㇀,true(a13~e13)
5501,筢,pá,丿 一 丶 丿 一 丶 一 亅 ㇀ 𠃍 丨 一 乚,true(a13~e13)
5502,筮,shì,丿 一 丶 丿 一 丶 一 丨 丿 丶 丿 丶 一,true(a13~e13)
5503,筲,shāo,丿 一 丶 丿 一 丶 丨 丶 丿 丨 𠃌 一 一,true(a13~e13)
5504,筱,xiǎo,丿 一 丶 丿 一 丶 丿 丨 丨 丿 一 丿 ㇏,true(a13~e13)
5505,牒,dié,丿 丨 一 𠃍 一 丨 丨 一 ㇄ 一 丨 丿 ㇏,true(a13~e13)
5506,煲,bāo,丿 丨 丨 𠃍 一 一 丨 丿 丶 ㇀ 丿 丿 ㇏,true(a13~e13)
5507,敫,jiǎo,丿 丨 𠃍 一 一 丶 一 𠃌 丿 丿 一 丿 ㇏,true(a13~e13)
5508,徭,yáo,丿 丿 丨 丿 丶 丶 丿 丿 一 一 丨 ㇄ 丨,true(a13~e13)
5509,愆,qiān,丿 丿 丨 丶 丶 ㇀ 一 一 亅 ㇀ ㇃ 丶 丶,false(a14~e13)
5510,艄,shāo,丿 丿 𠃌 丶 一 丶 丨 丶 丿 丨 𠃌 一 一,true(a13~e13)
5511,觎,yú,丿 丶 一 丨 𠃌 一 一 丨 亅 丨 𠃍 丿 乚,true(a13~e13)
5512,毹,shū,丿 丶 一 丨 𠃌 一 一 丨 亅 丿 一 一 乚,true(a13~e13)
5513,貊,mò,丿 丶 丶 丿 ㇁ 丿 丿 一 丿 丨 𠃍 一 一,true(a13~e13)
5514,貅,xiū,丿 丶 丶 丿 ㇁ 丿 丿 丿 丨 一 丨 丿 ㇏,true(a13~e13)
5515,貉,hé、háo、mò,丿 丶 丶 丿 ㇁ 丿 丿 丿 ㇇ ㇏ 丨 𠃍 一,false(a14~e13)
5516,颔,hàn,丿 丶 丶 ㇇ 丨 𠃍 一 一 丿 丨 𠃍 丿 丶,false(a14~e13)
5517,腠,còu,丿 𠃌 一 一 一 一 一 丿 ㇏ 一 一 丿 丶,true(a13~e13)
5518,腩,nǎn,丿 𠃌 一 一 一 丨 丨 𠃌 丶 丿 一 一 丨,true(a13~e13)
5519,腼,miǎn,丿 𠃌 一 一 一 丿 丨 𠃍 丨 丨 一 一 一,true(a13~e13)
5520,腭,è,丿 𠃌 一 一 丨 𠃍 一 丨 𠃍 一 一 一 ㇉,true(a13~e13)
5521,腧,shù,丿 𠃌 一 一 丿 ㇏ 一 丨 𠃌 一 一 丨 亅,true(a13~e13)
5522,塍,chéng,丿 𠃌 一 一 丶 丿 一 一 丿 ㇏ 一 丨 一,true(a13~e13)
5523,媵,yìng,丿 𠃌 一 一 丶 丿 一 一 丿 ㇏ 𡿨 丿 一,true(a13~e13)
5524,詹,zhān,丿 ㇇ 一 丿 丿 丶 丶 一 一 一 丨 𠃍 一,false(a14~e13)
5525,鲅,bà,丿 ㇇ 丨 𠃍 一 丨 一 ㇀ 一 丿 ㇇ ㇏ 丶,false(a15~e13)
5526,鲆,píng,丿 ㇇ 丨 𠃍 一 丨 一 ㇀ 一 丶 丿 一 丨,false(a14~e13)
5527,鲇,nián,丿 ㇇ 丨 𠃍 一 丨 一 ㇀ 丨 一 丨 𠃍 一,false(a14~e13)
5528,鲈,lú,丿 ㇇ 丨 𠃍 一 丨 一 ㇀ 丨 一 𠃍 一 丿,false(a14~e13)
5529,稣,sū,丿 ㇇ 丨 𠃍 一 丨 一 ㇀ 丿 一 丨 丿 ㇏,false(a14~e13)
5530,鲋,fù,丿 ㇇ 丨 𠃍 一 丨 一 ㇀ 丿 丨 一 亅 丶,false(a14~e13)
5531,鲐,tái,丿 ㇇ 丨 𠃍 一 丨 一 ㇀ 𠃋 丶 丨 𠃍 一,false(a14~e13)
5532,肄,yì,丿 乚 丿 一 一 丿 丶 𠃍 一 一 一 一 丨,true(a13~e13)
5533,鹐,qiān,丿 ㇇ 丿 丨 一 𠃍 一 一 丿 𠃌 丶 ㇉ 一,false(a1~e13)
5534,飕,sōu,丿 ⺄ 丿 丶 丿 丨 一 𠃍 一 一 丨 ㇇ 丶,false(a14~e13)
5535,觥,gōng,丿 ㇇ 丿 𠃌 一 一 丨 丨 丶 丿 一 丿 乚,false(a14~e13)
5536,遛,liù,丿 𠄌 丶 𠃌 丿 丨 𠃍 一 丨 一 丶 ㇋ ㇏,true(a13~e13)
5537,馐,xiū,丿 乛 𠄌 丶 丿 一 一 一 丿 𠃍 丨 一 一,false(a14~e13)
5538,鹑,chún,丶 一 丨 𠃍 一 ㇇ 亅 ㇀ 丿 𠃌 丶 ㇉ 一,false(a14~e13)
5539,亶,dǎn、dàn,丶 一 丨 𠃍 丨 𠃍 一 一 丨 𠃍 一 一 一,false(a1~e13)
5540,瘃,zhú,丶 一 丿 丶 ㇀ 一 丿 ㇁ 丿 丿 丶 丿 ㇏,true(a13~e13)
5541,痱,fèi、féi,丶 一 丿 丶 ㇀ 丨 一 一 一 丨 一 一 一,true(a13~e13)
5542,痼,gù,丶 一 丿 丶 ㇀ 丨 𠃍 一 丨 丨 𠃍 一 一,true(a13~e13)
5543,痿,wěi,丶 一 丿 丶 ㇀ 丿 一 丨 丿 ㇏ 𡿨 丿 一,true(a13~e13)
5544,瘐,yǔ,丶 一 丿 丶 ㇀ 丿 丨 一 𠃍 一 一 丿 ㇏,true(a13~e13)
5545,瘁,cuì,丶 一 丿 丶 ㇀ 丶 一 丿 丶 丿 丶 一 丨,true(a13~e13)
5546,瘆,shèn,丶 一 丿 丶 ㇀ 𠃋 丶 一 丿 ㇏ 丿 丿 丿,false(a1~e13)
5547,麂,jǐ,丶 一 丿 𠃍 丨 丨 一 一 𠄌 丿 乚 丿 ⺄,true(a13~e13)
5548,裔,yì,丶 一 丿 𠄌 丿 ㇏ 丨 𠃌 丿 丶 丨 𠃍 一,true(a13~e13)
5549,歆,xīn,丶 一 丶 丿 一 丨 𠃍 一 一 丿 乛 丿 ㇏,false(a14~e13)
5550,旒,liú,丶 一 𠃌 丿 丿 一 丶 一 𠃋 丶 丿 丨 乚,true(a13~e13)
5551,雍,yōng,丶 一 𠃋 𠃋 丿 丿 丨 丶 一 一 一 丨 一,true(a13~e13)
5552,阖,hé,丶 丨 𠃌 一 丨 一 𠃋 丶 丨 𠃍 丨 丨 一,true(a13~e13)
5553,阗,tián,丶 丨 𠃌 一 丨 丨 𠃍 一 一 一 一 丿 丶,true(a13~e13)
5554,阙,quē、què,丶 丨 𠃌 丶 丿 一 ㇄ 丨 丿 丿 乛 丿 丶,false(a14~e13)
5555,羧,suō,丶 丿 一 一 一 丿 𠃋 丶 丿 丶 丿 ㇇ ㇏,false(a14~e13)
5556,豢,huàn,丶 丿 一 一 丿 ㇏ 一 丿 ㇁ 丿 丿 丿 丶,true(a13~e13)
5557,粳,jīng,丶 丿 一 丨 丿 丶 一 丨 𠃍 一 一 丿 ㇏,true(a13~e13)
5558,猷,yóu,丶 丿 一 丨 𠃍 丿 ㇄ 一 一 一 丿 ㇏ 丶,true(a13~e13)
5559,煳,hú,㇀ 丿 丿 丶 一 丨 丨 𠃍 一 丿 𠃌 一 一,true(a13~e13)
5560,煜,yù,㇀ 丿 丿 丶 丨 𠃍 一 一 丶 一 丶 丿 一,true(a13~e13)
5561,煨,wēi,㇀ 丿 丿 丶 丨 𠃍 一 丨 一 一 𠄌 丿 ㇏,true(a13~e13)
5562,煅,duàn,㇀ 丿 丿 丶 丿 丨 一 一 ㇀ 丿 ㇍ ㇇ ㇏,false(a15~e13)
5563,煊,xuān,㇀ 丿 丿 丶 丶 ㇀ 乛 一 丨 𠃍 一 一 一,false(a14~e13)
5564,煸,biān,㇀ 丿 丿 丶 丶 𠃍 一 丿 丨 𠃌 一 丨 丨,true(a13~e13)
5565,煺,tuì,㇀ 丿 丿 丶 𠃍 一 一 𠄌 丿 丶 丶 ㇋ ㇏,true(a13~e13)
5566,滟,yàn,丶 丶 ㇀ 一 一 一 丨 丿 ㇇ 𠃍 丨 一 乚,false(a14~e13)
5567,溱,zhēn、qín,丶 丶 ㇀ 一 一 一 丿 ㇏ 丿 一 丨 丿 丶,true(a13~e13)
5568,溘,kè,丶 丶 ㇀ 一 丨 一 𠃋 丶 丨 𠃍 丨 丨 一,true(a13~e13)
5569,漭,mǎng,丶 丶 ㇀ 一 丨 丨 一 丿 ㇏ 丶 一 丿 丨,true(a13~e13)
5570,滢,yíng,丶 丶 ㇀ 一 丨 丨 ㇀ 乛 一 一 丨 一 丶,false(a14~e13)
5571,溥,pǔ,丶 丶 ㇀ 一 丨 𠃍 一 一 丨 丶 一 亅 丶,true(a13~e13)
5572,溧,lì,丶 丶 ㇀ 一 丨 𠃍 丨 丨 一 一 丨 丿 ㇏,true(a13~e13)
5573,溽,rù,丶 丶 ㇀ 一 丿 一 一 𠄌 丿 ㇏ 一 亅 丶,true(a13~e13)
5574,裟,shā,丶 丶 ㇀ 丨 丿 丶 丿 丶 一 丿 𠄌 丿 ㇏,true(a13~e13)
5575,溻,tā,丶 丶 ㇀ 丨 𠃍 一 一 𠃌 丶 ㇀ 𠃌 丶 ㇀,true(a13~e13)
5576,溷,hùn,丶 丶 ㇀ 丨 𠃍 一 丿 ㇁ 丿 丿 丿 丶 一,true(a13~e13)
5577,滗,bì,丶 丶 ㇀ 丿 一 丶 丿 一 丶 丿 一 一 乚,true(a13~e13)
5578,滫,xiǔ,丶 丶 ㇀ 丿 丨 丨 丿 ㇇ ㇏ 丿 𠃌 一 一,false(a1~e13)
5579,溴,xiù,丶 丶 ㇀ 丿 丨 𠃍 一 一 一 一 丿 ㇏ 丶,true(a13~e13)
5580,滏,fǔ,丶 丶 ㇀ 丿 丶 丿 ㇏ 一 一 丨 丶 丿 一,true(a13~e13)
5581,滃,wěng、wēng,丶 丶 ㇀ 丿 ㇏ 𠃋 丶 𠃌 丶 ㇀ 𠃌 丶 ㇀,false(a1~e13)
5582,滦,luán,丶 丶 ㇀ 丶 一 丨 丨 丿 丶 一 丨 丿 ㇏,true(a13~e13)
5583,溏,táng,丶 丶 ㇀ 丶 一 丿 𠃍 一 一 丨 丨 𠃍 一,true(a13~e13)
5584,滂,pāng,丶 丶 ㇀ 丶 一 丶 丿 ㇀ 乛 丶 一 𠃌 丿,false(a14~e13)
5585,滓,zǐ,丶 丶 ㇀ 丶 ㇀ 乛 丶 一 丶 丿 一 一 丨,false(a14~e13)
5586,溟,míng,丶 丶 ㇀ ㇀ 乛 丨 𠃍 一 一 丶 一 丿 丶,false(a14~e13)
5587,滪,yù,丶 丶 ㇀ ㇀ ㇇ 丶 乛 亅 一 丿 丨 𠃍 丿 丶,false(a1~e13)
5588,愫,sù,㇀ 丶 丨 一 一 丨 一 𠃋 𠃋 丶 亅 丿 丶,true(a13~e13)
5589,慑,shè,㇀ 丶 丨 一 丨 丨 一 一 一 ㇇ 丶 ㇇ ㇏,false(a15~e13)
5590,慊,qiàn、qiè,㇀ 丶 丨 丶 丿 一 𠃍 一 一 丨 丨 丿 ㇏,true(a13~e13)
5591,鲎,hòu,丶 丶 丿 ㇀ 乛 丿 ㇇ 丨 𠃍 一 丨 一 一,false(a15~e13)
5592,骞,qiān,丶 ㇀ 乛 一 一 丨 丨 一 丿 ㇏ 𠃍 ㇉ 一,false(a14~e13)
5593,窦,dòu,丶 ㇀ 乛 丿 丶 一 丨 乛 丶 丶 一 丿 丶,false(a15~e13)
5594,窠,kē,丶 ㇀ 乛 丿 丶 丨 𠃍 一 一 一 丨 丿 ㇏,false(a14~e13)
5595,窣,sū,丶 ㇀ 乛 丿 丶 丶 一 丿 丶 丿 丶 一 丨,false(a14~e13)
5596,裱,biǎo,丶 ㇇ 丨 丿 丶 一 一 丨 一 丿 𠄌 丿 ㇏,false(a14~e13)
5597,褚,zhǔ、chǔ,丶 ㇇ 丨 丿 丶 一 丨 一 丿 丨 𠃍 一 一,false(a14~e13)
5598,裨,pí、bì,丶 ㇇ 丨 丿 丶 丿 丨 𠃍 一 一 丿 一 丨,false(a14~e13)
5599,裾,jū,丶 ㇇ 丨 丿 丶 𠃍 一 丿 一 丨 丨 𠃍 一,false(a14~e13)
5600,裰,duō,丶 ㇇ 丨 丿 丶 ㇇ 丶 ㇇ 丶 ㇇ 丶 ㇇ ㇏,false(a18~e13)
5601,禊,xì,丶 ㇇ 丨 丶 一 一 一 丨 𠃌 丿 一 丿 ㇏,false(a14~e13)
5602,谩,màn,丶 ㇊ 丨 𠃍 一 一 丨 𠃍 丨 丨 一 ㇇ ㇏,false(a14~e13)
5603,谪,zhé,丶 ㇊ 丶 一 丶 丿 丨 𠃌 一 丨 丨 𠃍 一,true(a13~e13)
5604,媾,gòu,𡿨 丿 一 一 一 丨 丨 一 丨 𠃌 一 丨 一,true(a13~e13)
5605,嫫,mó,𡿨 丿 一 一 丨 丨 丨 𠃍 一 一 一 丿 ㇏,true(a13~e13)
5606,媲,pì,𡿨 丿 一 丿 丨 𠃍 丿 丶 一 一 𠄌 丿 乚,true(a13~e13)
5607,嫒,ài,𡿨 丿 一 丿 丶 丶 丿 ㇀ 乛 一 丿 ㇇ ㇏,false(a15~e13)
5608,嫔,pín,𡿨 丿 一 丶 ㇀ 乛 丿 丨 一 丨 一 丿 丶,false(a14~e13)
5609,媸,chī,𡿨 丿 一 ㇄ 丨 丨 一 丨 𠃍 一 丨 一 丶,true(a13~e13)
5610,缙,jìn,𠃋 𠃋 ㇀ 一 丨 丨 丶 丿 一 丨 𠃍 一 一,true(a13~e13)
5611,缜,zhěn,𠃋 𠃋 ㇀ 一 丨 丨 𠃍 一 一 一 一 丿 丶,true(a13~e13)
5612,缛,rù,𠃋 𠃋 ㇀ 一 丿 一 一 𠄌 丿 ㇏ 一 亅 丶,true(a13~e13)
5613,辔,pèi,𠃋 𠃋 ㇀ 一 𠃋 一 丨 𠃋 𠃋 ㇀ 丨 𠃍 一,true(a13~e13)
5614,骝,liú,𠃍 ㇉ ㇀ 丿 𠄌 丶 𠃌 丿 丨 𠃍 一 丨 一,true(a13~e13)
5615,缟,gǎo,𠃋 𠃋 ㇀ 丶 一 丨 𠃍 一 丨 𠃌 丨 𠃍 一,true(a13~e13)
5616,缡,lí,𠃋 𠃋 ㇀ 丶 一 丿 丶 ㇄ 丨 丨 𠃌 𠃋 丶,true(a13~e13)
5617,缢,yì,𠃋 𠃋 ㇀ 丶 丿 一 丿 丶 丨 𠃍 丨 丨 一,true(a13~e13)
5618,缣,jiān,𠃋 𠃋 ㇀ 丶 丿 一 𠃍 一 一 丨 丨 丿 ㇏,true(a13~e13)
5619,骟,shàn,𠃍 ㇉ ㇀ 丶 𠃍 一 丿 𠃌 丶 ㇀ 𠃌 丶 ㇀,true(a13~e13)
5620,耥,tāng,一 一 一 丨 丿 丶 丨 丶 丿 丨 𠃌 丨 𠃍 一,true(a14~e14)
5621,璈,áo,一 一 丨 ㇀ 一 一 丨 一 𠃌 丿 丿 一 丿 ㇏,false(a1~e14)
5622,瑶,yáo,一 一 丨 ㇀ 丿 丶 丶 丿 丿 一 一 丨 ㇄ 丨,true(a14~e14)
5623,瑭,táng,一 一 丨 ㇀ 丶 一 丿 𠃍 一 一 丨 丨 𠃍 一,true(a14~e14)
5624,獒,áo,一 一 丨 一 𠃌 丿 丿 一 丿 丶 一 丿 ㇏ 丶,true(a14~e14)
5625,觏,gòu,一 一 丨 丨 一 丨 𠃌 丨 一 一 丨 𠃍 丿 乚,true(a14~e14)
5626,慝,tè,一 一 丨 丨 一 丿 丨 𠃍 一 ㇄ ㇀ ㇃ 丶 丶,false(a15~e14)
5627,嫠,lí,一 一 丨 丿 丶 丿 一 丿 ㇏ 一 丿 𡿨 丿 一,true(a14~e14)
5628,韬,tāo,一 一 𠃌 丨 丿 丶 丶 丿 丿 丨 一 𠃍 一 一,true(a14~e14)
5629,叆,ài,一 一 𠃋 丶 丿 丶 丶 丿 ㇀ 乛 一 丿 ㇇ ㇏,false(a1~e14)
5630,髦,máo,一 丨 一 一 一 𠃋 丶 丿 丿 丿 丿 一 一 乚,true(a14~e14)
5631,摽,biào、biāo,一 亅 ㇀ 一 丨 𠃍 丨 丨 一 一 一 亅 丿 丶,false(a1~e14)
5632,墁,màn,一 丨 ㇀ 丨 𠃍 一 一 丨 𠃍 丨 丨 一 ㇇ ㇏,false(a15~e14)
5633,撂,liào,一 亅 ㇀ 丨 𠃍 一 丨 一 丿 ㇇ ㇏ 丨 𠃍 一,false(a15~e14)
5634,摞,luò,一 亅 ㇀ 丨 𠃍 一 丨 一 𠃋 𠃋 丶 亅 丿 丶,true(a14~e14)
5635,撄,yīng,一 亅 ㇀ 丨 𠃍 丿 丶 丨 𠃍 丿 丶 𡿨 丿 一,true(a14~e14)
5636,翥,zhù,一 丨 一 丿 丨 𠃍 一 一 𠃌 丶 ㇀ 𠃌 丶 ㇀,true(a14~e14)
5637,踅,xué,一 亅 ㇀ 丿 丿 一 丨 丨 𠃍 一 丨 一 丿 ㇏,true(a14~e14)
5638,摭,zhí,一 亅 ㇀ 丶 一 丿 一 丨 丨 一 ㇀ 丶 丶 丶,true(a14~e14)
5639,墉,yōng,一 丨 ㇀ 丶 一 丿 𠃍 一 一 丨 𠃌 一 一 丨,true(a14~e14)
5640,墒,shāng,一 丨 ㇀ 丶 一 丶 丿 丨 𠃌 丿 丶 丨 𠃍 一,true(a14~e14)
5641,榖,gǔ,一 丨 一 丨 𠃍 一 一 丨 丿 ㇏ 丿 ㇍ ㇇ ㇏,false(a1~e14)
5642,綦,qí,一 丨 丨 一 一 一 丿 ㇏ 𠃋 𠃋 丶 亅 丿 丶,true(a14~e14)
5643,蔫,niān,一 丨 丨 一 丨 一 丨 一 一 ㇉ ㇀ 丶 丶 丶,true(a14~e14)
5644,蔷,qiáng,一 丨 丨 一 丨 丶 丿 一 丨 𠃍 丨 𠃍 一 一,true(a14~e14)
5645,靺,mò,一 丨 丨 一 丨 𠃍 一 一 丨 一 一 丨 丿 ㇏,false(a1~e14)
5646,靼,dá,一 丨 丨 一 丨 𠃍 一 一 丨 丨 𠃍 一 一 一,true(a14~e14)
5647,鞅,yāng、yàng,一 丨 丨 一 丨 𠃍 一 一 丨 丨 𠃍 一 丿 ㇏,true(a14~e14)
5648,靿,yào,一 丨 丨 一 丨 𠃍 一 一 丨 𠃋 𠃋 丶 𠃌 丿,false(a1~e14)
5649,甍,méng,一 丨 丨 丨 𠃍 丨 丨 一 ㇀ 乛 一 𠄌 ⺄ 丶,false(a15~e14)
5650,蔸,dōu,一 丨 丨 丿 丨 𠃍 一 一 丿 𠄌 𠃍 一 丿 乚,true(a14~e14)
5651,蔟,cù,一 丨 丨 丶 一 𠃌 丿 丿 一 丿 一 一 丿 ㇏,true(a14~e14)
5652,蔺,lìn,一 丨 丨 丶 丨 𠃌 丿 丨 丶 一 一 一 丨 一,true(a14~e14)
5653,戬,jiǎn,一 丨 丨 丶 丿 一 丨 𠃍 一 一 一 ㇂ 丿 丶,false(a15~e14)
5654,蕖,qú,一 丨 丨 丶 丶 ㇀ 一 𠃍 一 ㇄ 一 丨 丿 ㇏,true(a14~e14)
5655,蔻,kòu,一 丨 丨 丶 ㇀ 乛 一 一 丿 乚 丨 一 ㇇ 丶,false(a16~e14)
5656,蓿,xu,一 丨 丨 丶 ㇀ 乛 丿 丨 一 丿 丨 𠃍 一 一,false(a15~e14)
5657,斡,wò、guǎn,一 丨 丨 𠃍 一 一 一 丨 丿 ㇏ 丶 丶 一 丨,true(a14~e14)
5658,鹕,hú,一 丨 丨 𠃍 一 丿 𠃌 一 一 丿 𠃌 丶 ㇉ 一,true(a14~e14)
5659,蓼,liǎo、lù,一 丨 丨 𠃍 丶 ㇀ 𠃍 丶 ㇀ 丿 ㇏ 丿 丿 丿,true(a14~e14)
5660,榛,zhēn,一 丨 丿 丶 一 一 一 丿 ㇏ 丿 一 丨 丿 丶,true(a14~e14)
5661,榧,fěi,一 丨 丿 丶 一 丨 一 一 一 丨 一 一 一 ㇄,true(a14~e14)
5662,榻,tà,一 丨 丿 丶 丨 𠃍 一 一 𠃌 丶 ㇀ 𠃌 丶 ㇀,true(a14~e14)
5663,榫,sǔn,一 丨 丿 丶 丿 丨 丶 一 一 一 丨 一 一 丨,true(a14~e14)
5664,榭,xiè,一 丨 丿 丶 丿 丨 𠃌 一 一 一 丿 一 亅 丶,true(a14~e14)
5665,槔,gāo,一 丨 丿 丶 丿 丨 𠃍 一 一 一 丿 ㇏ 一 丨,true(a14~e14)
5666,榱,cuī,一 丨 丿 丶 丶 一 丨 𠃍 一 一 丿 𠄌 丿 ㇏,true(a14~e14)
5667,槁,gǎo,一 丨 丿 丶 丶 一 丨 𠃍 一 丨 𠃌 丨 𠃍 一,true(a14~e14)
5668,槟,bīn、bīng,一 丨 丿 丶 丶 ㇀ 乛 丿 丨 一 丨 一 丿 丶,false(a15~e14)
5669,槠,zhū,一 丨 丿 丶 丶 ㇊ 一 丨 一 丿 丨 𠃍 一 一,true(a14~e14)
5670,榷,què,一 丨 丿 丶 ㇀ 乛 丿 丨 丶 一 一 一 丨 一,false(a15~e14)
5671,僰,bó,一 丨 𠃍 丨 丿 丶 一 丨 𠃍 丨 丿 丶 丿 ㇏,true(a14~e14)
5672,酽,yàn,一 丨 𠃍 丿 ㇄ 一 一 一 丨 丨 丶 丿 一 丿,true(a14~e14)
5673,酶,méi,一 丨 𠃍 丿 ㇄ 一 一 丿 一 ㇄ 𠃌 丶 一 丶,true(a14~e14)
5674,酹,lèi,一 丨 𠃍 丿 ㇄ 一 一 丿 丶 丶 丿 一 亅 丶,true(a14~e14)
5675,厮,sī,一 丿 一 丨 丨 一 一 一 丿 丶 丿 丿 一 丨,true(a14~e14)
5676,碡,zhóu,一 丿 丨 𠃍 一 一 一 丨 一 ㇄ 𠃌 丶 一 丶,true(a14~e14)
5677,碴,chá、chā,一 丿 丨 𠃍 一 一 丨 丿 ㇏ 丨 𠃍 一 一 一,true(a14~e14)
5678,碣,jié、yà,一 丿 丨 𠃍 一 丨 𠃍 一 一 丿 𠃌 丿 丶 ㇄,true(a14~e14)
5679,碲,dì,一 丿 丨 𠃍 一 丶 一 丶 丿 ㇀ 乛 丨 𠃌 丨,false(a15~e14)
5680,磋,cuō,一 丿 丨 𠃍 一 丶 丿 一 一 一 丿 一 丨 一,true(a14~e14)
5681,臧,zāng、zàng、cáng,一 丿 ㇄ 一 丿 一 丨 𠃍 一 丨 ㇄ ㇂ 丿 丶,false(a15~e14)
5682,豨,xī,一 丿 ㇁ 丿 丿 丿 丶 丿 丶 一 丿 丨 𠃌 丨,false(a1~e14)
5683,殡,bìn,一 丿 ㇇ 丶 丶 ㇀ 乛 丿 丨 一 丨 一 丿 丶,false(a16~e14)
5684,霆,tíng,一 ㇀ 乛 丨 丶 丶 丶 丶 丿 一 丨 一 ㇋ ㇏,false(a15~e14)
5685,霁,jì,一 ㇀ 乛 丨 丶 丶 丶 丶 丶 一 丿 ㇏ 丿 丨,false(a15~e14)
5686,辕,yuán,一 𠃋 丨 ㇀ 一 丨 一 丨 𠃍 一 丿 𠄌 丿 ㇏,true(a14~e14)
5687,蜚,fēi、fěi,丨 一 一 一 丨 一 一 一 丨 𠃍 一 丨 一 丶,true(a14~e14)
5688,裴,péi,丨 一 一 一 丨 一 一 一 丶 一 丿 𠄌 丿 ㇏,true(a14~e14)
5689,翡,fěi,丨 一 一 一 丨 一 一 一 𠃌 丶 ㇀ 𠃌 丶 ㇀,true(a14~e14)
5690,龇,zī,丨 一 丨 一 丿 丶 ㇄ 丨 丨 一 丨 ㇀ 丿 乚,true(a14~e14)
5691,龈,yín、kěn,丨 一 丨 一 丿 丶 ㇄ 丨 𠃍 一 一 𠄌 丿 ㇏,true(a14~e14)
5692,睿,ruì,丨 一 ㇀ 乛 一 丿 丶 丿 ㇏ 丨 𠃍 一 一 一,false(a15~e14)
5693,䁖,lōu,丨 𠃍 一 一 一 丶 丿 一 丨 丿 ㇏ 𡿨 丿 一,false(a1~e14)
5694,睽,kuí,丨 𠃍 一 一 一 ㇇ 丶 丿 丿 ㇏ 一 一 丿 丶,false(a15~e14)
5695,嘞,lei、lē,丨 𠃍 一 一 丨 丨 一 丨 𠃍 一 一 丨 𠃌 丿,true(a14~e14)
5696,嘈,cáo,丨 𠃍 一 一 丨 𠃍 一 丨 丨 一 丨 𠃍 一 一,true(a14~e14)
5697,嘌,piào,丨 𠃍 一 一 丨 𠃍 丨 丨 一 一 一 亅 丿 丶,true(a14~e14)
5698,嘁,qī,丨 𠃍 一 一 丿 丨 一 一 亅 丿 丶 ㇂ 丿 丶,false(a15~e14)
5699,嘎,gā、gá、gǎ,丨 𠃍 一 一 丿 丨 𠃍 一 一 一 一 ㇂ 丿 丶,false(a15~e14)
5700,暧,ài,丨 𠃍 一 一 丿 丶 丶 丿 ㇀ 乛 一 丿 ㇇ ㇏,false(a16~e14)
5701,暝,míng,丨 𠃍 一 一 ㇀ 乛 丨 𠃍 一 一 丶 一 丿 丶,false(a15~e14)
5702,踌,chóu,丨 𠃍 一 丨 一 丨 ㇀ 一 一 一 丿 一 亅 丶,true(a14~e14)
5703,踉,liáng、liàng,丨 𠃍 一 丨 一 丨 ㇀ 丶 𠃍 一 一 𠄌 丿 ㇏,true(a14~e14)
5704,蜞,qí,丨 𠃍 一 丨 一 丶 一 丨 丨 一 一 一 丿 丶,true(a14~e14)
5705,蜥,xī,丨 𠃍 一 丨 一 丶 一 丨 丿 丶 丿 丿 一 丨,true(a14~e14)
5706,蜮,yù,丨 𠃍 一 丨 一 丶 一 丨 𠃍 一 ㇀ ㇂ 丿 丶,false(a15~e14)
5707,蝈,guō,丨 𠃍 一 丨 一 丶 丨 𠃍 一 一 丨 一 丶 一,true(a14~e14)
5708,蜴,yì,丨 𠃍 一 丨 一 丶 丨 𠃍 一 一 丿 𠃌 丿 丿,true(a14~e14)
5709,蜱,pí,丨 𠃍 一 丨 一 丶 丿 丨 𠃍 一 一 丿 一 丨,true(a14~e14)
5710,蜩,tiáo,丨 𠃍 一 丨 一 丶 丿 𠃌 一 丨 一 丨 𠃍 一,true(a14~e14)
5711,蜷,quán,丨 𠃍 一 丨 一 丶 丶 丿 一 一 丿 ㇏ 𠃌 乚,true(a14~e14)
5712,蜿,wān,丨 𠃍 一 丨 一 丶 丶 ㇀ 乛 丿 ㇇ 丶 𠃌 乚,false(a16~e14)
5713,螂,láng,丨 𠃍 一 丨 一 丶 丶 𠃍 一 一 𠄌 丶 ㇌ 丨,false(a15~e14)
5714,蜢,měng,丨 𠃍 一 丨 一 丶 ㇇ 亅 一 丨 𠃍 丨 丨 一,false(a15~e14)
5715,嘘,xū、shī,丨 𠃍 一 丨 一 乛 丿 一 乚 丨 丨 丶 丿 一,false(a15~e14)
5716,嘡,tāng,丨 𠃍 一 丨 丶 丿 ㇀ 乛 丨 𠃍 一 一 丨 一,false(a1~e14)
5717,鹗,è,丨 𠃍 一 丨 𠃍 一 一 一 ㇉ 丿 𠃌 丶 ㇉ 一,true(a14~e14)
5718,嘣,bēng,丨 𠃍 一 丨 ㇄ 丨 丿 𠃌 一 一 丿 𠃌 一 一,true(a14~e14)
5719,嘤,yīng,丨 𠃍 一 丨 𠃍 丿 丶 丨 𠃍 丿 丶 𡿨 丿 一,true(a14~e14)
5720,嘚,dē、dēi,丨 𠃍 一 丿 丿 丨 丨 𠃍 一 一 一 一 亅 丶,true(a14~e14)
5721,嗾,sǒu,丨 𠃍 一 丶 一 𠃌 丿 丿 一 丿 一 一 丿 ㇏,true(a14~e14)
5722,嘧,mì,丨 𠃍 一 丶 ㇀ 乛 ㇀ ㇃ 丶 丿 丶 丨 ㇄ 丨,false(a16~e14)
5723,罴,pí,丨 𠃍 丨 丨 一 一 丨 一 𠃋 丶 ㇀ 丶 丶 丶,true(a14~e14)
5724,罱,lǎn,丨 𠃍 丨 丨 一 一 丨 丨 𠃌 丶 丿 一 一 丨,true(a14~e14)
5725,幔,màn,丨 𠃌 丨 丨 𠃍 一 一 丨 𠃍 丨 丨 一 ㇇ ㇏,false(a15~e14)
5726,嶂,zhàng,丨 ㇄ 丨 丶 一 丶 丿 一 丨 𠃍 一 一 一 丨,true(a14~e14)
5727,幛,zhàng,丨 𠃌 丨 丶 一 丶 丿 一 丨 𠃍 一 一 一 丨,true(a14~e14)
5728,赙,fù,丨 𠃍 丿 丶 一 丨 𠃍 一 一 丨 丶 一 亅 丶,true(a14~e14)
5729,罂,yīng,丨 𠃍 丿 丶 丨 𠃍 丿 丶 丿 一 一 丨 ㇄ 丨,true(a14~e14)
5730,骷,kū,丨 𠃍 𠃍 ㇀ 乛 丨 𠃌 一 一 一 丨 丨 𠃍 一,false(a15~e14)
5731,骶,dǐ,丨 𠃍 𠃍 ㇀ 乛 丨 𠃌 一 一 丿 𠄌 一 ㇂ 丶,false(a16~e14)
5732,鹘,gǔ、hú,丨 𠃍 𠃍 ㇀ 乛 丨 𠃌 一 一 丿 𠃌 丶 ㇉ 一,false(a15~e14)
5733,锲,qiè,丿 一 一 一 𠄌 一 一 一 丨 𠃌 丿 一 丿 ㇏,true(a14~e14)
5734,锴,kǎi,丿 一 一 一 𠄌 一 𠄌 丿 乚 丿 丨 𠃍 一 一,true(a14~e14)
5735,锶,sī,丿 一 一 一 𠄌 丨 𠃍 一 丨 一 ㇀ ㇃ 丶 丶,false(a15~e14)
5736,锷,è,丿 一 一 一 𠄌 丨 𠃍 一 丨 𠃍 一 一 一 ㇉,true(a14~e14)
5737,锸,chā,丿 一 一 一 𠄌 丿 一 丨 丿 丨 一 𠃍 一 一,true(a14~e14)
5738,锵,qiāng,丿 一 一 一 𠄌 丶 ㇀ 丨 丿 ㇇ 丶 一 亅 丶,false(a15~e14)
5739,镁,měi,丿 一 一 一 𠄌 丶 丿 一 一 丨 一 一 丿 ㇏,true(a14~e14)
5740,镂,lòu,丿 一 一 一 𠄌 丶 丿 一 丨 丿 ㇏ 𡿨 丿 一,true(a14~e14)
5741,犒,kào,丿 一 丨 ㇀ 丶 一 丨 𠃍 一 丨 𠃌 丨 𠃍 一,true(a14~e14)
5742,箐,qìng、jīng,丿 一 丶 丿 一 丶 一 一 丨 一 丨 𠃌 一 一,true(a14~e14)
5743,箦,zé,丿 一 丶 丿 一 丶 一 一 丨 一 丨 𠃍 丿 丶,true(a14~e14)
5744,箧,qiè,丿 一 丶 丿 一 丶 一 一 丶 丿 一 丿 丶 ㇄,true(a14~e14)
5745,箍,gū,丿 一 丶 丿 一 丶 一 亅 ㇀ 一 丨 𠃌 丨 ㇄,true(a14~e14)
5746,箸,zhù,丿 一 丶 丿 一 丶 一 丨 一 丿 丨 𠃍 一 一,true(a14~e14)
5747,箬,ruò,丿 一 丶 丿 一 丶 一 丨 丨 一 丿 丨 𠃍 一,true(a14~e14)
5748,箅,bì,丿 一 丶 丿 一 丶 丨 𠃍 一 丨 一 一 丿 丨,true(a14~e14)
5749,箪,dān,丿 一 丶 丿 一 丶 丶 丿 丨 𠃍 一 一 一 丨,true(a14~e14)
5750,箔,bó,丿 一 丶 丿 一 丶 丶 丶 ㇀ 丿 丨 𠃍 一 一,true(a14~e14)
5751,箜,kōng,丿 一 丶 丿 一 丶 丶 ㇀ 乛 丿 丶 一 丨 一,false(a15~e14)
5752,箢,wǎn、yuān,丿 一 丶 丿 一 丶 丶 ㇀ 乛 丿 ㇇ 丶 𠃌 乚,false(a16~e14)
5753,箓,lù,丿 一 丶 丿 一 丶 𠃍 一 一 亅 丶 ㇀ 丿 ㇏,false(a1~e14)
5754,毓,yù,丿 一 ㇄ 𠃌 丶 一 丶 丶 一 𠃋 丶 丿 丨 乚,true(a14~e14)
5755,僖,xī,丿 丨 一 丨 一 丨 𠃍 一 丶 丿 一 丨 𠃍 一,true(a14~e14)
5756,儆,jǐng,丿 丨 一 丨 丨 丿 𠃌 丨 𠃍 一 丿 一 丿 ㇏,true(a14~e14)
5757,僳,sù,丿 丨 一 丨 𠃍 丨 丨 一 丶 丿 一 丨 丿 ㇏,true(a14~e14)
5758,僭,jiàn,丿 丨 一 𠃋 丿 𠄌 一 𠃋 丿 乚 丨 𠃍 一 一,true(a14~e14)
5759,劁,qiāo,丿 丨 丶 一 一 一 丨 一 ㇀ 丶 丶 丶 丨 亅,true(a14~e14)
5760,僮,tóng、zhuàng,丿 丨 丶 一 丶 丿 一 丨 𠃍 一 一 丨 一 一,true(a14~e14)
5761,魃,bá,丿 丨 𠃍 一 一 丿 乚 𠃋 丶 一 丿 ㇇ 丶 丶,false(a15~e14)
5762,魆,xū,丿 丨 𠃍 一 一 丿 乚 𠃋 丶 一 𠄌 ㇂ 丿 丶,false(a1~e14)
5763,睾,gāo,丿 丨 𠃍 丨 丨 一 一 丨 一 丶 丿 一 一 丨,true(a14~e14)
5764,艋,měng,丿 丿 𠃌 丶 一 丶 ㇇ 亅 一 丨 𠃍 丨 丨 一,false(a15~e14)
5765,鄱,pó,丿 丶 丿 一 丨 丿 丶 丨 𠃍 一 丨 一 ㇌ 丨,false(a15~e14)
5766,膈,gé,丿 𠃌 一 一 一 丨 𠃍 一 丨 𠃌 丶 丿 一 丨,true(a14~e14)
5767,膑,bìn,丿 𠃌 一 一 丶 ㇀ 乛 丿 丨 一 丨 一 丿 丶,false(a15~e14)
5768,鲑,guī、xié,丿 ㇇ 丨 𠃍 一 丨 一 ㇀ 一 丨 一 一 丨 一,false(a15~e14)
5769,鲔,wěi,丿 ㇇ 丨 𠃍 一 丨 一 ㇀ 一 丿 丨 𠃌 一 一,false(a15~e14)
5770,鲚,jì,丿 ㇇ 丨 𠃍 一 丨 一 ㇀ 丶 一 丿 ㇏ 丿 丨,false(a15~e14)
5771,鲛,jiāo,丿 ㇇ 丨 𠃍 一 丨 一 ㇀ 丶 一 丿 丶 丿 ㇏,false(a15~e14)
5772,鲟,xún,丿 ㇇ 丨 𠃍 一 丨 一 ㇀ 𠃍 一 一 一 亅 丶,false(a15~e14)
5773,獐,zhāng,丿 ㇁ 丿 丶 一 丶 丿 一 丨 𠃍 一 一 一 丨,true(a14~e14)
5774,觫,sù,丿 ㇇ 丿 𠃌 一 一 丨 一 丨 𠃍 一 丨 丿 ㇏,false(a15~e14)
5775,雒,luò,丿 ㇇ 丶 丨 𠃍 一 丿 丨 丶 一 一 一 丨 一,false(a15~e14)
5776,夤,yín,丿 ㇇ 丶 丶 ㇀ ㇇|乛 一 丨 𠃍 一 丨 一 丿 丶,false(a16~e14)
5777,馑,jǐn,丿 ㇇ 𠄌 一 丨 丨 一 丨 𠃍 一 一 一 丨 一,false(a15~e14)
5778,銮,luán,丶 一 丨 丨 丿 丶 丿 ㇏ 一 一 丨 丶 丿 一,true(a14~e14)
5779,塾,shú,丶 一 丨 𠃍 一 ㇇|乛 亅 ㇀ 丿 ⺄ 丶 一 丨 一,false(a15~e14)
5780,麽,me、mó,丶 一 丿 一 丨 丿 丶 一 丨 丿 ㇏ 丿 𠃋 丶,true(a14~e14)
5781,瘌,là,丶 一 丿 丶 ㇀ 一 丨 𠃍 一 丨 丿 丶 丨 亅,true(a14~e14)
5782,瘊,hóu,丶 一 丿 丶 ㇀ 丿 丨 𠃍 一 丿 一 一 丿 ㇏,true(a14~e14)
5783,瘘,lòu,丶 一 丿 丶 ㇀ 丶 丿 一 丨 丿 ㇏ 𡿨 丿 一,true(a14~e14)
5784,瘙,sào,丶 一 丿 丶 ㇀ ㇇|乛 ㇏ 丶 丨 𠃍 一 丨 一 丶,false(a15~e14)
5785,廖,liào,丶 一 丿 𠃍 丶 ㇀ 𠃍 丶 ㇀ 丿 ㇏ 丿 丿 丿,true(a14~e14)
5786,韶,sháo,丶 一 丶 丿 一 丨 𠃍 一 一 𠃌 丿 丨 𠃍 一,true(a14~e14)
5787,旖,yǐ,丶 一 𠃌 丿 丿 一 一 丿 丶 一 丨 𠃍 一 亅,true(a14~e14)
5788,膂,lǚ,丶 一 𠃌 丿 丿 一 丿 𠄌 丿 ㇏ 丨 𠃌 一 一,true(a14~e14)
5789,阚,kàn,丶 丨 𠃌 ㇇ 一 丨 丨 一 一 ㇀ 丿 一 丿 丶,false(a15~e14)
5790,鄯,shàn,丶 丿 一 一 一 丨 丶 丿 一 丨 𠃍 一 ㇌ 丨,false(a15~e14)
5791,鲞,xiǎng,丶 丿 一 一 丿 ㇏ 丿 ㇇ 丨 𠃍 一 丨 一 一,false(a15~e14)
5792,粿,guǒ,丶 丿 一 丨 丿 丶 丨 𠃍 一 一 一 丨 丿 ㇏,true(a14~e14)
5793,粼,lín,丶 丿 一 丨 丿 丶 丿 ㇇ 丶 一 𠃋 丨 𡿨 𡿨,false(a15~e14)
5794,粽,zòng,丶 丿 一 丨 丿 丶 丶 ㇀ 乛 一 一 亅 丿 丶,false(a15~e14)
5795,糁,sǎn、shēn,丶 丿 一 丨 丿 丶 𠃋 丶 一 丿 ㇏ 丿 丿 丿,true(a14~e14)
5796,槊,shuò,丶 丿 一 ㇄ 丨 丿 丿 𠃌 一 一 一 丨 丿 ㇏,true(a14~e14)
5797,鹚,cí,丶 丿 一 𠃋 𠃋 丶 𠃋 𠃋 丶 丿 𠃌 丶 ㇉ 一,true(a14~e14)
5798,熘,liū,㇀ 丿 丿 丶 丿 𠄌 丶 𠃌 丿 丨 𠃍 一 丨 一,true(a14~e14)
5799,熥,tēng,㇀ 丿 丿 丶 ㇇ 丶 丨 𠃌 一 一 丨 丶 ㇋ ㇏,false(a1~e14)
5800,潢,huáng、guāng,丶 丶 ㇀ 一 丨 丨 一 丨 𠃍 一 丨 一 丿 丶,true(a14~e14)
5801,漕,cáo,丶 丶 ㇀ 一 丨 𠃍 一 丨 丨 一 丨 𠃍 一 一,true(a14~e14)
5802,滹,hū,丶 丶 ㇀ 丨 一 乛 丿 一 乚 丿 丶 丿 一 亅,false(a15~e14)
5803,漯,luò、tà,丶 丶 ㇀ 丨 𠃍 一 丨 一 𠃋 𠃋 丶 亅 丿 丶,true(a14~e14)
5804,漶,huàn,丶 丶 ㇀ 丨 𠃍 一 丨 𠃍 一 丨 ㇀ ㇃ 丶 丶,false(a15~e14)
5805,潋,liàn,丶 丶 ㇀ 丿 丶 一 丶 丶 丿 ㇀ 丿 一 丿 ㇏,true(a14~e14)
5806,潴,zhū,丶 丶 ㇀ 丿 ㇁ 丿 一 丨 一 丿 丨 𠃍 一 一,true(a14~e14)
5807,漪,yī,丶 丶 ㇀ 丿 ㇁ 丿 一 丿 丶 一 丨 𠃍 一 亅,true(a14~e14)
5808,漉,lù,丶 丶 ㇀ 丶 一 丿 𠃍 丨 丨 一 一 𠄌 丿 乚,true(a14~e14)
5809,漳,zhāng,丶 丶 ㇀ 丶 一 丶 丿 一 丨 𠃍 一 一 一 丨,true(a14~e14)
5810,漩,xuán,丶 丶 ㇀ 丶 一 𠃌 丿 丿 一 乛 丨 一 丿 ㇏,false(a15~e14)
5811,澉,gǎn,丶 丶 ㇀ ㇇ 一 丨 丨 一 一 ㇀ 丿 一 丿 ㇏,false(a15~e14)
5812,潍,wéi,丶 丶 ㇀ 𠃋 𠃋 ㇀ 丿 丨 丶 一 一 一 丨 一,true(a14~e14)
5813,慵,yōng,㇀ 丶 丨 丶 一 丿 𠃍 一 一 丨 𠃌 一 一 丨,true(a14~e14)
5814,搴,qiān,丶 ㇀ 乛 一 一 丨 丨 一 丿 ㇏ 丿 一 一 亅,false(a15~e14)
5815,窨,yìn、xūn,丶 ㇀ 乛 丿 丶 丶 一 丶 丿 一 丨 𠃍 一 一,false(a15~e14)
5816,寤,wù,丶 ㇀ 乛 ㇄ 丨 一 丿 一 丨 𠃍 一 丨 𠃍 一,false(a15~e14)
5817,綮,qìng、qǐ,丶 𠃍 一 丿 丿 一 丿 ㇏ 𠃋 𠃋 丶 亅 丿 丶,true(a14~e14)
5818,谮,zèn,丶 ㇊ 一 𠃋 丿 𠄌 一 𠃋 丿 乚 丨 𠃍 一 一,true(a14~e14)
5819,褡,dā,丶 ㇇ 丨 丿 丶 一 丨 丨 丿 ㇏ 一 丨 𠃍 一,false(a15~e14)
5820,褙,bèi,丶 ㇇ 丨 丿 丶 丨 一 ㇀ 丿 乚 丨 𠃌 一 一,false(a15~e14)
5821,褓,bǎo,丶 ㇇ 丨 丿 丶 丿 丨 丨 𠃍 一 一 丨 丿 ㇏,false(a15~e14)
5822,褛,lǚ,丶 ㇇ 丨 丿 丶 丶 丿 一 丨 丿 ㇏ 𡿨 丿 一,false(a15~e14)
5823,褊,biǎn,丶 ㇇ 丨 丿 丶 丶 𠃍 一 丿 丨 𠃌 一 丨 丨,false(a15~e14)
5824,谯,qiáo,丶 ㇊ 丿 丨 丶 一 一 一 丨 一 ㇀ 丶 丶 丶,true(a14~e14)
5825,谰,lán,丶 ㇊ 丶 丨 𠃌 一 丨 𠃍 丶 丿 一 丨 丿 丶,true(a14~e14)
5826,谲,jué,丶 ㇊ ㇇ 丶 乛 亅 丿 丨 𠃌 丿 丶 丨 𠃍 一,false(a16~e14)
5827,暨,jì,𠃍 一 一 𠄌 丶 一 𠃋 丿 乚 丨 𠃍 一 一 一,true(a14~e14)
5828,屣,xǐ,𠃍 一 丿 丿 丿 丨 丨 一 丨 一 丨 一 丿 ㇏,true(a14~e14)
5829,鹛,méi,𠃍 丨 一 丿 丨 𠃍 一 一 一 丿 𠃌 丶 ㇉ 一,true(a14~e14)
5830,嫣,yān,𡿨 丿 一 一 丨 一 丨 一 一 ㇉ ㇀ 丶 丶 丶,true(a14~e14)
5831,嫱,qiáng,𡿨 丿 一 一 丨 丶 丿 一 丨 𠃍 丨 𠃍 一 一,true(a14~e14)
5832,嫖,piáo、piāo,𡿨 丿 一 一 丨 𠃍 丨 丨 一 一 一 亅 丿 丶,true(a14~e14)
5833,嫦,cháng,𡿨 丿 一 丨 丶 丿 ㇀ 乛 丨 𠃍 一 丨 𠃌 丨,false(a15~e14)
5834,嫚,mān、màn,𡿨 丿 一 丨 𠃍 一 一 丨 𠃍 丨 丨 一 ㇇ ㇏,false(a15~e14)
5835,嫘,léi,𡿨 丿 一 丨 𠃍 一 丨 一 𠃋 𠃋 丶 亅 丿 丶,true(a14~e14)
5836,嫡,dí,𡿨 丿 一 丶 一 丶 丿 丨 𠃌 一 丨 丨 𠃍 一,true(a14~e14)
5837,鼐,nài,𠄎 丿 丨 𠃍 一 一 一 ㄣ 一 丿 丨 一 丨 𠃍,false(a16~e14)
5838,翟,dí、zhái,𠃍 丶 ㇀ 𠃍 丶 ㇀ 丿 丨 丶 一 一 一 丨 一,true(a14~e14)
5839,瞀,mào,㇇ 丶 乛 亅 丿 丿 一 丿 ㇏ 丨 𠃍 一 一 一,false(a16~e14)
5840,鹜,wù,㇇ 丶 乛 亅 丿 丿 一 丿 ㇏ 丿 𠃌 丶 ㇉ 一,false(a16~e14)
5841,骠,biāo、piào,𠃍 ㇉ ㇀ 一 丨 𠃍 丨 丨 一 一 一 亅 丿 丶,true(a14~e14)
5842,缥,piǎo、piāo,𠃋 𠃋 ㇀ 一 丨 𠃍 丨 丨 一 一 一 亅 丿 丶,true(a14~e14)
5843,缦,màn,𠃋 𠃋 ㇀ 丨 𠃍 一 一 丨 𠃍 丨 丨 一 ㇇ ㇏,false(a15~e14)
5844,缧,léi,𠃋 𠃋 ㇀ 丨 𠃍 一 丨 一 𠃋 𠃋 丶 亅 丿 丶,true(a14~e14)
5845,缨,yīng,𠃋 𠃋 ㇀ 丨 𠃍 丿 丶 丨 𠃍 丿 丶 𡿨 丿 一,true(a14~e14)
5846,骢,cōng,𠃍 ㇉ ㇀ 丿 丨 𠃍 丿 ㇇ 丶 一 ㇀ ㇃ 丶 丶,false(a16~e14)
5847,缪,móu、miù、miào、mù、liǎo,𠃋 𠃋 ㇀ 𠃍 丶 ㇀ 𠃍 丶 ㇀ 丿 ㇏ 丿 丿 丿,true(a14~e14)
5848,缫,sāo,𠃋 𠃋 ㇀ 𡿨 𡿨 𡿨 丨 𠃍 一 一 一 丨 丿 ㇏,true(a14~e14)
5849,耦,ǒu,一 一 一 丨 丿 丶 丨 𠃍 一 一 丨 𠃌 丨 ㇀ 丶,true(a15~e15)
5850,耧,lóu,一 一 一 丨 丿 丶 丶 丿 一 丨 丿 ㇏ 𡿨 丿 一,true(a15~e15)
5851,瑾,jǐn,一 一 丨 ㇀ 一 丨 丨 一 丨 𠃍 一 一 一 丨 一,true(a15~e15)
5852,璜,huáng,一 一 丨 ㇀ 一 丨 丨 一 丨 𠃍 一 丨 一 丿 丶,true(a15~e15)
5853,璀,cuǐ,一 一 丨 ㇀ 丨 ㇄ 丨 丿 丨 丶 一 一 一 丨 一,true(a15~e15)
5854,璎,yīng,一 一 丨 ㇀ 丨 𠃍 丿 丶 丨 𠃍 丿 丶 𡿨 丿 一,true(a15~e15)
5855,璁,cōng,一 一 丨 ㇀ 丿 丨 𠃍 丿 ㇇ 丶 一 ㇀ ㇃ 丶 丶,false(a17~e15)
5856,璋,zhāng,一 一 丨 ㇀ 丶 一 丶 丿 一 丨 𠃍 一 一 一 丨,true(a15~e15)
5857,璇,xuán,一 一 丨 ㇀ 丶 一 𠃌 丿 丿 一 乛 丨 一 丿 ㇏,false(a16~e15)
5858,奭,shì,一 一 丿 丨 𠃍 一 一 一 丿 丨 𠃍 一 一 丿 ㇏,true(a15~e15)
5859,髯,rán,一 丨 一 一 一 𠃋 丶 丿 丿 丿 丨 𠃌 丨 一 一,true(a15~e15)
5860,髫,tiáo,一 丨 一 一 一 𠃋 丶 丿 丿 丿 𠃌 丿 丨 𠃍 一,true(a15~e15)
5861,撷,xié,一 亅 ㇀ 一 丨 一 丨 𠃍 一 一 丿 丨 𠃍 丿 丶,true(a15~e15)
5862,撅,juē、jué,一 亅 ㇀ 一 丿 丶 丿 一 ㇄ 一 丿 丿 乛 丿 ㇏,false(a16~e15)
5863,赭,zhě,一 丨 一 丿 亅 丿 丶 一 丨 一 丿 丨 𠃍 一 一,true(a15~e15)
5864,撸,lū,一 亅 ㇀ 丿 ㇇ 丨 𠃍 一 丨 一 一 丨 𠃍 一 一,false(a16~e15)
5865,鋆,yún,一 丨 ㇀ 丿 𠃌 丶 ㇀ 丿 ㇏ 一 一 丨 丶 丿 一,true(a15~e15)
5866,撙,zǔn,一 亅 ㇀ 丶 丿 一 丨 𠃍 丿 ㇄ 一 一 一 亅 丶,true(a15~e15)
5867,撺,cuān,一 亅 ㇀ 丶 ㇀ 乛 丿 丶 丨 𠃍 一 丨 𠃍 一 丨,false(a16~e15)
5868,墀,chí,一 丨 ㇀ 𠃍 一 丿 丨 丶 ㇀ 丿 丶 丿 一 一 丨,true(a15~e15)
5869,聩,kuì,一 丨 丨 一 一 ㇀ 丨 𠃍 一 丨 一 丨 𠃍 丿 丶,true(a15~e15)
5870,觐,jìn,一 丨 丨 一 丨 𠃍 一 一 一 丨 ㇀ 丨 𠃍 丿 乚,true(a15~e15)
5871,鞑,dá,一 丨 丨 一 丨 𠃍 一 一 丨 一 丿 丶 丶 ㇋ ㇏,true(a15~e15)
5872,蕙,huì,一 丨 丨 一 丨 𠃍 一 一 丨 一 丶 ㇀ ㇃ 丶 丶,false(a16~e15)
5873,鞒,qiáo,一 丨 丨 一 丨 𠃍 一 一 丨 丿 一 丿 ㇏ 丿 丨,true(a15~e15)
5874,蕈,xùn,一 丨 丨 一 丨 𠃍 丨 丨 一 丨 𠃍 一 一 一 丨,true(a15~e15)
5875,蕨,jué,一 丨 丨 一 丿 丶 丿 一 ㇄ 丨 丿 丿 乛 丿 ㇏,false(a16~e15)
5876,蕤,ruí,一 丨 丨 一 丿 ㇁ 丿 丿 丿 ㇏ 丿 一 一 丨 一,true(a15~e15)
5877,蕞,zuì,一 丨 丨 丨 𠃍 一 一 一 丨 丨 一 一 ㇀ ㇇ ㇏,false(a16~e15)
5878,蕺,jí,一 丨 丨 丨 𠃍 一 一 丨 丨 一 一 ㇀ ㇂ 丿 丶,false(a16~e15)
5879,瞢,méng、měng,一 丨 丨 丨 𠃍 丨 丨 一 ㇀ 乛 丨 𠃍 一 一 一,false(a16~e15)
5880,蕃,fán,一 丨 丨 丿 丶 丿 一 丨 丿 ㇏ 丨 𠃍 一 丨 一,true(a15~e15)
5881,蕲,qí,一 丨 丨 丶 丿 丨 𠃍 一 一 一 丨 丿 丿 一 丨,true(a15~e15)
5882,赜,zé,一 丨 丨 𠃍 一 丨 ㇄ 一 一 丨 一 丨 𠃍 丿 丶,true(a15~e15)
5883,槿,jǐn,一 丨 丿 丶 一 丨 丨 一 丨 𠃍 一 一 一 丨 一,true(a15~e15)
5884,樯,qiáng,一 丨 丿 丶 一 丨 丶 丿 一 丨 𠃍 丨 𠃍 一 一,true(a15~e15)
5885,槭,qì、sè,一 丨 丿 丶 一 丿 丨 一 一 亅 丿 丶 ㇂ 丿 丶,false(a16~e15)
5886,樗,chū,一 丨 丿 丶 一 ㇀ 乛 丨 丶 丶 丶 丶 一 一 ㇉,false(a16~e15)
5887,樘,táng,一 丨 丿 丶 丨 丶 丿 ㇀ 乛 丨 𠃍 一 一 丨 一,false(a16~e15)
5888,樊,fán,一 丨 丿 丶 丿 丶 丿 丶 一 丨 丿 丶 一 丿 ㇏,true(a15~e15)
5889,槲,hú,一 丨 丿 丶 丿 ㇇ 丿 𠃌 一 一 丨 丶 丶 一 丨,false(a16~e15)
5890,醌,kūn,一 丨 𠃍 丿 ㇄ 一 一 丨 𠃍 一 一 一 𠄌 丿 乚,true(a15~e15)
5891,醅,pēi,一 丨 𠃍 丿 ㇄ 一 一 丶 一 丶 丿 一 丨 𠃍 一,true(a15~e15)
5892,靥,yè,一 丿 一 丿 ㇏ 丶 一 丿 丨 𠃍 丨 丨 一 一 一,true(a15~e15)
5893,魇,yǎn,一 丿 一 丿 ㇏ 丶 丿 丨 𠃍 一 一 丿 乚 𠃋 丶,true(a15~e15)
5894,餍,yàn,一 丿 一 丿 丶 丶 丿 ㇏ 丶 𠃍 一 一 𠄌 丿 丶,true(a15~e15)
5895,磔,zhé,一 丿 丨 𠃍 一 丿 ㇇ 丶 一 𠃋 丨 一 丨 丿 ㇏,false(a16~e15)
5896,磙,gǔn,一 丿 丨 𠃍 一 丶 一 丿 丶 𠃋 丶 丿 𠄌 丿 ㇏,true(a15~e15)
5897,霈,pèi,一 ㇀ 乛 丨 丶 丶 丶 丶 丶 丶 ㇀ 一 丨 𠃌 丨,false(a16~e15)
5898,辘,lù,一 𠃋 丨 ㇀ 丶 一 丿 𠃍 丨 丨 一 一 𠄌 丿 乚,true(a15~e15)
5899,龉,yǔ,丨 一 丨 一 丿 丶 ㇄ 丨 一 丨 𠃍 一 丨 𠃍 一,true(a15~e15)
5900,龊,chuò,丨 一 丨 一 丿 丶 ㇄ 丨 丨 𠃍 一 丨 一 丿 ㇏,true(a15~e15)
5901,觑,qù、qū,丨 一 乛 丿 一 乚 丨 丨 丶 丿 ㇀ 丨 𠃍 丿 乚,false(a16~e15)
5902,瞌,kē,丨 𠃍 一 一 一 一 丨 一 𠃋 丶 丨 𠃍 丨 丨 一,true(a15~e15)
5903,瞋,chēn,丨 𠃍 一 一 一 一 丨 丨 𠃍 一 一 一 一 丿 丶,false(a1~e15)
5904,瞑,míng,丨 𠃍 一 一 一 ㇀ 乛 丨 𠃍 一 一 丶 一 丿 丶,false(a16~e15)
5905,嘭,pēng,丨 𠃍 一 一 丨 一 丨 𠃍 一 丶 丿 ㇀ 丿 丿 丿,true(a15~e15)
5906,噎,yē,丨 𠃍 一 一 丨 一 ㇀ 乛 一 丨 𠃍 一 丶 丿 一,false(a16~e15)
5907,噶,gá,丨 𠃍 一 一 丨 丨 丨 𠃍 一 一 丿 𠃌 丿 丶 ㇄,true(a15~e15)
5908,颙,yóng,丨 𠃍 一 一 丨 𠃌 丨 ㇀ 丶 一 丿 丨 𠃍 丿 丶,false(a1~e15)
5909,暹,xiān,丨 𠃍 一 一 丿 丨 丶 一 一 一 丨 一 丶 ㇋ ㇏,true(a15~e15)
5910,噘,juē,丨 𠃍 一 一 丿 丶 丿 一 ㇄ 丨 丿 丿 乛 丿 ㇏,false(a16~e15)
5911,踔,chuō,丨 𠃍 一 丨 一 丨 ㇀ 丨 一 丨 𠃍 一 一 一 丨,true(a15~e15)
5912,踝,huái,丨 𠃍 一 丨 一 丨 ㇀ 丨 𠃍 一 一 一 丨 丿 ㇏,true(a15~e15)
5913,踟,chí,丨 𠃍 一 丨 一 丨 ㇀ 丿 一 一 丿 丶 丨 𠃍 一,true(a15~e15)
5914,踒,wō,丨 𠃍 一 丨 一 丨 ㇀ 丿 一 丨 丿 ㇏ 𡿨 丿 一,false(a1~e15)
5915,踬,zhì,丨 𠃍 一 丨 一 丨 ㇀ 丿 丿 一 丨 丨 𠃍 丿 丶,true(a15~e15)
5916,踮,diǎn,丨 𠃍 一 丨 一 丨 ㇀ 丶 一 丿 丨 一 丨 𠃍 一,true(a15~e15)
5917,踯,zhí,丨 𠃍 一 丨 一 丨 ㇀ 丶 丿 一 一 丿 丶 ㇌ 丨,false(a16~e15)
5918,踺,jiàn,丨 𠃍 一 丨 一 丨 ㇀ 𠃍 一 一 一 一 丨 ㇋ ㇏,true(a15~e15)
5919,踞,jù,丨 𠃍 一 丨 一 丨 ㇀ 𠃍 一 丿 一 丨 丨 𠃍 一,true(a15~e15)
5920,蝽,chūn,丨 𠃍 一 丨 一 丶 一 一 一 丿 ㇏ 丨 𠃍 一 一,true(a15~e15)
5921,蝾,róng,丨 𠃍 一 丨 一 丶 一 丨 丨 ㇀ 乛 一 丨 丿 ㇏,false(a16~e15)
5922,蝻,nǎn,丨 𠃍 一 丨 一 丶 一 丨 丨 𠃌 丶 丿 一 一 丨,true(a15~e15)
5923,蝰,kuí,丨 𠃍 一 丨 一 丶 一 丿 ㇏ 一 丨 一 一 丨 一,true(a15~e15)
5924,蝮,fù,丨 𠃍 一 丨 一 丶 丿 一 丨 𠃍 一 一 丿 ㇇ ㇏,false(a16~e15)
5925,螋,sōu,丨 𠃍 一 丨 一 丶 丿 丨 一 𠃍 一 一 丨 ㇇ ㇏,false(a16~e15)
5926,蝓,yú,丨 𠃍 一 丨 一 丶 丿 ㇏ 一 丨 𠃌 一 一 丨 亅,true(a15~e15)
5927,蝣,yóu,丨 𠃍 一 丨 一 丶 丶 一 𠃌 丿 丿 一 ㇇ 亅 一,false(a16~e15)
5928,蝼,lóu,丨 𠃍 一 丨 一 丶 丶 丿 一 丨 丿 ㇏ 𡿨 丿 一,true(a15~e15)
5929,噗,pū,丨 𠃍 一 丨 丨 丶 丿 一 丶 丿 一 一 一 丿 ㇏,true(a15~e15)
5930,嘬,zuō,丨 𠃍 一 丨 𠃍 一 一 一 丨 丨 一 一 ㇀ ㇇ ㇏,false(a16~e15)
5931,颚,è,丨 𠃍 一 丨 𠃍 一 一 一 ㇉ 一 丿 丨 𠃍 丿 丶,true(a15~e15)
5932,噍,jiào,丨 𠃍 一 丿 丨 丶 一 一 一 丨 一 ㇀ 丶 丶 丶,true(a15~e15)
5933,噢,ō,丨 𠃍 一 丿 丨 𠃍 丶 丿 一 丨 丿 丶 一 丿 ㇏,true(a15~e15)
5934,噙,qín,丨 𠃍 一 丿 ㇏ 丶 一 丿 丶 ㇄ 丨 丨 𠃌 𠃋 丶,true(a15~e15)
5935,噜,lū,丨 𠃍 一 丿 ㇇ 丨 𠃍 一 丨 一 一 丨 𠃍 一 一,false(a16~e15)
5936,噌,cēng,丨 𠃍 一 丶 丿 丨 𠃍 丨 丶 丿 一 丨 𠃍 一 一,true(a15~e15)
5937,噔,dēng,丨 𠃍 一 ㇇ 丶 丿 丿 ㇏ 一 丨 𠃍 一 丶 丿 一,false(a16~e15)
5938,颛,zhuān,丨 ㇄ 丨 一 丿 丨 𠃌 丨 丨 一 丿 丨 𠃍 丿 丶,true(a15~e15)
5939,幞,fú,丨 𠃌 丨 丨 丨 丶 丿 一 丶 丿 一 一 一 丿 ㇏,true(a15~e15)
5940,幡,fān,丨 𠃌 丨 丿 丶 丿 一 丨 丿 ㇏ 丨 𠃍 一 丨 一,true(a15~e15)
5941,嶙,lín,丨 ㇄ 丨 丶 丿 一 丨 丿 ㇏ 丿 ㇇ 丶 一 𠃋 丨,false(a16~e15)
5942,嶝,dèng,丨 ㇄ 丨 ㇇ 丶 丿 丿 ㇏ 一 丨 𠃍 一 丶 丿 一,false(a16~e15)
5943,骺,hóu,丨 𠃍 𠃍 ㇀ 乛 丨 𠃌 一 一 丿 丿 一 丨 𠃍 一,false(a16~e15)
5944,骼,gé,丨 𠃍 𠃍 ㇀ 乛 丨 𠃌 一 一 丿 ㇇ ㇏ 丨 𠃍 一,false(a17~e15)
5945,骸,hái,丨 𠃍 𠃍 ㇀ 乛 丨 𠃌 一 一 丶 一 𠃋 丿 丿 丶,false(a16~e15)
5946,镊,niè,丿 一 一 一 𠄌 一 丨 丨 一 一 一 ㇇ 丶 ㇇ ㇏,false(a17~e15)
5947,镉,gé、lì,丿 一 一 一 𠄌 一 丨 𠃍 一 丨 𠃌 丶 丿 一 丨,true(a15~e15)
5948,镌,juān,丿 一 一 一 𠄌 丿 丨 丶 一 一 一 丨 一 𠄎 丿,false(a16~e15)
5949,镍,niè,丿 一 一 一 𠄌 丿 丨 𠃍 一 一 一 一 丨 丿 ㇏,true(a15~e15)
5950,镏,liú、liù,丿 一 一 一 𠄌 丿 𠄌 丶 𠃌 丿 丨 𠃍 一 丨 一,true(a15~e15)
5951,镒,yì,丿 一 一 一 𠄌 丶 丿 一 丿 丶 丨 𠃍 丨 丨 一,true(a15~e15)
5952,镓,jiā,丿 一 一 一 𠄌 丶 ㇀ 乛 一 丿 ㇁ 丿 丿 丿 ㇏,false(a16~e15)
5953,镔,bīn,丿 一 一 一 𠄌 丶 ㇀ 乛 丿 丨 一 丨 一 丿 丶,false(a16~e15)
5954,稷,jì,丿 一 丨 丿 丶 丨 𠃍 一 丨 一 丿 丶 丿 ㇇ ㇏,false(a16~e15)
5955,箴,zhēn,丿 一 丶 丿 一 丶 一 丿 一 丨 𠃍 一 ㇂ 丿 丶,false(a16~e15)
5956,篑,kuì,丿 一 丶 丿 一 丶 丨 𠃍 一 丨 一 丨 𠃍 丿 丶,true(a15~e15)
5957,篁,huáng,丿 一 丶 丿 一 丶 丿 丨 𠃍 一 一 一 一 丨 一,true(a15~e15)
5958,篌,hóu,丿 一 丶 丿 一 丶 丿 丨 𠃍 一 丿 一 一 丿 ㇏,true(a15~e15)
5959,篆,zhuàn,丿 一 丶 丿 一 丶 𠃋 ㇇ 一 丿 ㇁ 丿 丿 丿 ㇏,false(a16~e15)
5960,牖,yǒu,丿 丨 一 𠃍 丶 𠃍 一 丿 一 丨 𠃌 一 一 丨 丶,true(a15~e15)
5961,儋,dān、dàn,丿 丨 丿 ㇇ 一 丿 丿 丶 丶 一 一 一 丨 𠃍 一,false(a16~e15)
5962,徵,zhēng、zhǐ,丿 丿 丨 丨 ㇄ 丨 一 一 一 丨 一 丿 一 丿 ㇏,true(a15~e15)
5963,磐,pán,丿 丿 𠃌 丶 一 丶 丿 ㇍ ㇇ ㇏ 一 丿 丨 𠃍 一,false(a17~e15)
5964,虢,guó,丿 丶 丶 丿 一 亅 丶 丨 一 乛 丿 一 乚 丿 ⺄,false(a16~e15)
5965,鹞,yào,丿 丶 丶 丿 丿 一 一 丨 ㇄ 丨 丿 𠃌 丶 ㇉ 一,true(a15~e15)
5966,膘,biāo,丿 𠃌 一 一 一 丨 𠃍 丨 丨 一 一 一 亅 丿 丶,true(a15~e15)
5967,滕,téng,丿 𠃌 一 一 丶 丿 一 一 丿 ㇏ 亅 丶 ㇀ 丿 丶,true(a15~e15)
5968,鲠,gěng,丿 ㇇ 丨 𠃍 一 丨 一 ㇀ 一 丨 𠃍 一 一 丿 ㇏,false(a16~e15)
5969,鲡,lí,丿 ㇇ 丨 𠃍 一 丨 一 ㇀ 一 丨 𠃌 丶 丨 𠃌 丶,false(a16~e15)
5970,鲢,lián,丿 ㇇ 丨 𠃍 一 丨 一 ㇀ 一 𠃋 一 丨 丶 ㇋ ㇏,false(a16~e15)
5971,鲣,jiān,丿 ㇇ 丨 𠃍 一 丨 一 ㇀ 丨 丨 ㇇ ㇏ 一 丨 一,false(a17~e15)
5972,鲥,shí,丿 ㇇ 丨 𠃍 一 丨 一 ㇀ 丨 𠃍 一 一 一 亅 丶,false(a16~e15)
5973,鲧,gǔn,丿 ㇇ 丨 𠃍 一 丨 一 ㇀ 丿 𠃋 𠃋 丶 亅 丿 丶,false(a16~e15)
5974,鲩,huàn,丿 ㇇ 丨 𠃍 一 丨 一 ㇀ 丶 ㇀ 乛 一 一 丿 乚,false(a17~e15)
5975,獗,jué,丿 ㇁ 丿 一 丿 丶 丿 一 ㇄ 丨 丿 丿 乛 丿 ㇏,false(a16~e15)
5976,獠,liáo,丿 ㇁ 丿 一 丿 ㇏ 丶 丿 丨 𠃍 一 一 亅 丿 丶,true(a15~e15)
5977,觯,zhì,丿 ㇇|乛 丿 𠃌 一 一 丨 丶 丿 丨 𠃍 一 一 一 丨,false(a16~e15)
5978,馓,sǎn,丿 ㇇|乛 𠄌 一 丨 丨 一 丨 𠃌 一 一 丿 一 丿 ㇏,false(a16~e15)
5979,馔,zhuàn,丿 乛 𠄌 𠃍 一 𠄌 𠃍 一 乚 一 丨 丨 一 丿 丶,false(a16~e15)
5980,麾,huī,丶 一 丿 一 丨 丿 丶 一 丨 丿 ㇏ 丿 一 一 乚,true(a15~e15)
5981,廛,chán,丶 一 丿 丨 𠃍 一 一 丨 一 一 丿 丶 一 丨 一,true(a15~e15)
5982,瘛,chì,丶 一 丿 丶 ㇀ 一 一 一 丨 𠃌 丿 ㇀ ㇃ 丶 丶,false(a16~e15)
5983,瘼,mò,丶 一 丿 丶 ㇀ 一 丨 丨 丨 𠃍 一 一 一 丿 ㇏,true(a15~e15)
5984,瘢,bān,丶 一 丿 丶 ㇀ 丿 丿 𠃌 丶 一 丶 丿 ㇍ ㇇ ㇏,false(a17~e15)
5985,瘠,jí,丶 一 丿 丶 ㇀ 丶 ㇀ 丿 丶 丿 ㇏ 丨 𠃌 一 一,true(a15~e15)
5986,齑,jī,丶 一 丿 ㇏ 丿 丨 丨 一 一 一 丨 一 一 一 一,true(a15~e15)
5987,羯,jié,丶 丿 一 一 一 丿 丨 𠃍 一 一 丿 𠃌 丿 丶 ㇄,true(a15~e15)
5988,羰,tāng,丶 丿 一 一 一 丿 丨 ㇄ 丨 一 丿 ㇀ 丿 丿 ㇏,true(a15~e15)
5989,𥻗,chá,丶 丿 一 丨 丿 丶 一 丨 丿 ㇏ 丨 𠃍 一 一 一,false(a1~e15)
5990,遴,lín,丶 丿 一 丨 丿 丶 丿 ㇇ 丶 一 𠃋 丨 丶 ㇋ ㇏,false(a16~e15)
5991,糌,zān,丶 丿 一 丨 丿 丶 丿 ㇇ ㇏ 丨 丶 丨 𠃍 一 一,false(a16~e15)
5992,糍,cí,丶 丿 一 丨 丿 丶 丶 丿 一 𠃋 𠃋 丶 𠃋 𠃋 丶,true(a15~e15)
5993,糅,róu,丶 丿 一 丨 丿 丶 ㇇ 丶 乛 亅 丿 一 丨 丿 ㇏,false(a17~e15)
5994,熜,cōng、zǒng,㇀ 丿 丿 丶 丿 丨 𠃍 丿 ㇇ 丶 一 ㇀ ㇃ 丶 丶,false(a1~e15)
5995,熵,shāng,㇀ 丿 丿 丶 丶 一 丶 丿 丨 𠃌 丿 丶 丨 𠃍 一,true(a15~e15)
5996,熠,yì,㇀ 丿 丿 丶 𠃍 丶 ㇀ 𠃍 丶 ㇀ 丿 丨 𠃍 一 一,true(a15~e15)
5997,澍,shù、zhù,丶 丶 ㇀ 一 丨 一 丨 𠃍 一 丶 丿 ㇀ 一 亅 丶,true(a15~e15)
5998,澌,sī,丶 丶 ㇀ 一 丨 丨 一 一 一 丿 丶 丿 丿 一 丨,true(a15~e15)
5999,潸,shān,丶 丶 ㇀ 一 丨 丿 丶 一 丨 丿 ㇏ 丨 𠃌 一 一,true(a15~e15)
6000,潦,lǎo、lào、liáo,丶 丶 ㇀ 一 丿 ㇏ 丶 丿 丨 𠃍 一 一 亅 丿 丶,true(a15~e15)
6001,潲,shào,丶 丶 ㇀ 丿 一 丨 丿 丶 丨 丶 丿 丨 𠃌 一 一,true(a15~e15)
6002,鋈,wù,丶 丶 ㇀ 丿 一 丿 丶 丿 ㇏ 一 一 丨 丶 丿 一,true(a15~e15)
6003,潟,xì,丶 丶 ㇀ 丿 丨 一 𠃍 一 一 丿 𠃌 ㇀ 丶 丶 丶,true(a15~e15)
6004,潼,tóng,丶 丶 ㇀ 丶 一 丶 丿 一 丨 𠃍 一 一 丨 一 一,true(a15~e15)
6005,潺,chán,丶 丶 ㇀ 𠃍 一 丿 ㇇ 亅 一 ㇇ 亅 ㇀ ㇇ 亅 一,false(a18~e15)
6006,憬,jǐng,㇀ 丶 丨 丨 𠃍 一 一 丶 一 丨 𠃍 一 亅 丿 丶,true(a15~e15)
6007,憧,chōng,㇀ 丶 丨 丶 一 丶 丿 一 丨 𠃍 一 一 丨 一 一,true(a15~e15)
6008,寮,liáo,丶 ㇀ 乛 一 丿 ㇏ 丶 丿 丨 𠃍 一 一 亅 丿 丶,false(a16~e15)
6009,窳,yǔ,丶 ㇀ 乛 丿 丶 丿 丿 𠄌 丶 丶 丿 丿 𠄌 丶 ㇏,false(a16~e15)
6010,谳,yàn,丶 ㇊ 一 丨 丨 𠃌 丶 丿 一 一 丨 一 丿 ㇏ 丶,true(a15~e15)
6011,褴,lán,丶 ㇇ 丨 丿 丶 丨 丨 丿 一 丶 丨 𠃍 丨 丨 一,false(a16~e15)
6012,褟,tā,丶 ㇇ 丨 丿 丶 丨 𠃍 一 一 𠃌 丶 ㇀ 𠃌 丶 ㇀,false(a1~e15)
6013,褫,chǐ,丶 ㇇ 丨 丿 丶 丿 丿 丨 一 乛 丿 一 乚 丿 ⺄,false(a17~e15)
6014,谵,zhān,丶 ㇊ 丿 ㇇ 一 丿 丿 丶 丶 一 一 一 丨 𠃍 一,false(a16~e15)
6015,熨,yùn、yù,𠃍 一 丿 一 一 亅 丿 丶 一 亅 丶 ㇀ 丿 丿 ㇏,true(a15~e15)
6016,屦,jù,𠃍 一 丿 丿 丿 丨 丶 丿 一 丨 丿 ㇏ 𡿨 丿 一,true(a15~e15)
6017,嬉,xī,𡿨 丿 一 一 丨 一 丨 𠃍 一 丶 丿 一 丨 𠃍 一,true(a15~e15)
6018,勰,xié,𠃌 丿 𠃌 丿 𠃌 丿 丨 𠃍 一 丨 一 ㇀ ㇃ 丶 丶,false(a16~e15)
6019,戮,lù,𠃍 丶 ㇀ 𠃍 丶 ㇀ 丿 丶 丿 丿 丿 一 ㇂ 丿 丶,false(a16~e15)
6020,蝥,máo,㇇ 丶 乛 亅 丿 丿 一 丿 ㇏ 丨 𠃍 一 丨 一 丶,false(a17~e15)
6021,缬,xié,𠃋 𠃋 ㇀ 一 丨 一 丨 𠃍 一 一 丿 丨 𠃍 丿 丶,true(a15~e15)
6022,缮,shàn,𠃋 𠃋 ㇀ 丶 丿 一 一 一 丨 丶 丿 一 丨 𠃍 一,true(a15~e15)
6023,缯,zēng、zèng,𠃋 𠃋 ㇀ 丶 丿 丨 𠃍 丨 丶 丿 一 丨 𠃍 一 一,true(a15~e15)
6024,骣,chǎn,𠃍 ㇉ ㇀ 𠃍 一 丿 ㇇ 亅 一 ㇇ 亅 ㇀ ㇇ 亅 一,false(a18~e15)
6025,畿,jī,𠃋 𠃋 丶 𠃋 𠃋 丶 一 丨 𠃍 一 丨 一 ㇂ 丿 丶,false(a16~e15)
6026,耩,jiǎng,一 一 一 丨 丿 丶 一 一 丨 丨 一 丨 𠃌 丨 一 一,true(a16~e16)
6027,耨,nòu,一 一 一 丨 丿 丶 一 丿 一 一 𠄌 丿 ㇏ 一 亅 丶,true(a16~e16)
6028,耪,pǎng,一 一 一 丨 丿 丶 丶 一 丶 丿 ㇀ 乛 丶 一 𠃌 丿,false(a17~e16)
6029,璞,pú,一 一 丨 ㇀ 丨 丨 丶 丿 一 丶 丿 一 一 一 丿 ㇏,true(a16~e16)
6030,璟,jǐng,一 一 丨 ㇀ 丨 𠃍 一 一 丶 一 丨 𠃍 一 亅 丿 丶,true(a16~e16)
6031,靛,diàn,一 一 丨 一 丨 𠃌 一 一 丶 ㇀ 乛 一 丨 一 丿 ㇏,false(a17~e16)
6032,璠,fán,一 一 丨 ㇀ 丿 丶 丿 一 丨 丿 ㇏ 丨 𠃍 一 丨 一,true(a16~e16)
6033,璘,lín,一 一 丨 ㇀ 丶 丿 一 丨 丿 ㇏ 丿 ㇇ 丶 一 𠃋 丨,false(a17~e16)
6034,聱,áo,一 一 丨 一 𠃌 丿 丿 一 丿 ㇏ 一 丨 丨 一 一 一,true(a16~e16)
6035,螯,áo,一 一 丨 一 𠃌 丿 丿 一 丿 ㇏ 丨 𠃍 一 丨 一 丶,true(a16~e16)
6036,髻,jì,一 丨 一 一 一 𠃋 丶 丿 丿 丿 一 丨 一 丨 𠃍 一,true(a16~e16)
6037,髭,zī,一 丨 一 一 一 𠃋 丶 丿 丿 丿 丨 一 丨 ㇀ 丿 乚,true(a16~e16)
6038,髹,xiū,一 丨 一 一 一 𠃋 丶 丿 丿 丿 丿 丨 一 丨 丿 ㇏,true(a16~e16)
6039,擀,gǎn,一 亅 ㇀ 一 丨 丨 𠃍 一 一 一 丨 丿 ㇏ 一 一 丨,true(a16~e16)
6040,熹,xī,一 丨 一 丨 𠃍 一 丶 丿 一 丨 𠃍 一 ㇀ 丶 丶 丶,true(a16~e16)
6041,甏,bèng,一 丨 一 丨 𠃍 一 丶 丿 ㇀ 丿 丿 丿 一 𠄌 ⺄ 丶,true(a16~e16)
6042,擞,sòu、sǒu,一 亅 ㇀ 丶 丿 一 丨 丿 丶 𡿨 丿 一 丿 一 丿 ㇏,true(a16~e16)
6043,縠,hú,一 丨 一 丨 𠃍 一 𠃋 𠃋 丶 亅 丿 丶 丿 ㇍ ㇇ ㇏,false(a1~e16)
6044,磬,qìng,一 丨 一 𠃍 丨 一 丿 丿 ㇍ ㇇ 丶 一 丿 丨 𠃍 一,false(a18~e16)
6045,颞,niè,一 丨 丨 一 一 一 ㇇ 丶 ㇇ 丶 一 丿 丨 𠃍 丿 丶,false(a18~e16)
6046,蕻,hóng,一 丨 丨 一 丨 一 一 一 𠃋 丶 一 丨 丨 一 丿 丶,true(a16~e16)
6047,鞘,qiào、shāo,一 丨 丨 一 丨 𠃍 一 一 丨 丨 丶 丿 丨 𠃌 一 一,true(a16~e16)
6048,颟,mān,一 丨 丨 一 丨 𠃌 丿 丶 丿 丶 一 丿 丨 𠃍 丿 丶,true(a16~e16)
6049,薤,xiè,一 丨 丨 一 丿 ㇇ 丶 丨 一 一 一 丨 一 一 一 一,false(a17~e16)
6050,薨,hōng,一 丨 丨 丨 𠃍 丨 丨 一 ㇀ 乛 一 丿 ㇇ 丶 丿 乚,false(a18~e16)
6051,檠,qíng,一 丨 丨 丿 𠃌 丨 𠃍 一 丿 一 丿 丶 一 丨 丿 ㇏,true(a16~e16)
6052,薏,yì,一 丨 丨 丶 一 丶 丿 一 丨 𠃍 一 一 ㇀ ㇃ 丶 丶,false(a17~e16)
6053,薮,sǒu,一 丨 丨 丶 丿 一 丨 丿 丶 𡿨 丿 一 丿 一 丿 ㇏,true(a16~e16)
6054,薜,bì,一 丨 丨 𠃍 一 丿 丨 𠃍 一 丶 一 丶 丿 一 一 丨,true(a16~e16)
6055,薅,hāo,一 丨 丨 𡿨 丿 一 一 丿 一 一 𠄌 丿 ㇏ 一 亅 丶,true(a16~e16)
6056,樾,yuè,一 丨 丿 丶 一 丨 一 丨 一 丿 ㇏ 一 𠄌 ㇂ 丿 丶,false(a17~e16)
6057,橛,jué,一 丨 丿 丶 一 丿 丶 丿 一 ㇄ 丨 丿 丿 乛 丿 ㇏,false(a17~e16)
6058,橇,qiāo,一 丨 丿 丶 丿 一 一 乚 丿 一 一 𠄌 丿 一 一 乚,true(a16~e16)
6059,樵,qiáo,一 丨 丿 丶 丿 丨 丶 一 一 一 丨 一 ㇀ 丶 丶 丶,true(a16~e16)
6060,檎,qín,一 丨 丿 丶 丿 ㇏ 丶 一 丿 丶 ㇄ 丨 丨 𠃌 𠃋 丶,true(a16~e16)
6061,橹,lǔ,一 丨 丿 丶 丿 ㇇ 丨 𠃍 一 丨 一 一 丨 𠃍 一 一,false(a17~e16)
6062,樽,zūn,一 丨 丿 丶 丶 丿 一 丨 𠃍 丿 ㇄ 一 一 一 亅 丶,true(a16~e16)
6063,樨,xī,一 丨 丿 丶 𠃍 一 丿 丨 丶 ㇀ 丿 丶 丿 一 一 丨,true(a16~e16)
6064,橼,yuán,一 丨 丿 丶 𠃋 𠃋 ㇀ 𠃋 ㇇ 一 丿 ㇁ 丿 丿 丿 ㇏,false(a17~e16)
6065,墼,jī,一 丨 𠃍 一 一 一 丨 ㇄ 丨 丿 ㇍ ㇇ ㇏ 一 丨 一,false(a18~e16)
6066,橐,tuó,一 丨 𠃍 一 丨 ㇀ 乛 一 丿 丨 𠃍 一 一 丨 丿 ㇏,false(a17~e16)
6067,翮,hé,一 丨 𠃍 一 丨 𠃌 丶 丿 一 丨 𠃌 丶 ㇀ 𠃌 丶 ㇀,true(a16~e16)
6068,醛,quán,一 丨 𠃍 丿 ㇄ 一 一 一 丨 丨 丿 ㇏ 一 一 丨 一,true(a16~e16)
6069,醐,hú,一 丨 𠃍 丿 ㇄ 一 一 一 丨 丨 𠃍 一 丿 𠃌 一 一,true(a16~e16)
6070,醍,tí、tǐ,一 丨 𠃍 丿 ㇄ 一 一 丨 𠃍 一 一 一 丨 一 丿 ㇏,true(a16~e16)
6071,醚,mí,一 丨 𠃍 丿 ㇄ 一 一 丶 丿 一 丨 丿 丶 丶 ㇋ ㇏,true(a16~e16)
6072,磲,qú,一 丿 丨 𠃍 一 丶 丶 ㇀ 一 𠃍 一 ㇄ 一 丨 丿 ㇏,true(a16~e16)
6073,赝,yàn,一 丿 丿 丨 丿 丨 丶 一 一 一 丨 一 丨 𠃍 丿 丶,true(a16~e16)
6074,飙,biāo,一 丿 丶 丶 一 丿 丶 丶 一 丿 丶 丶 丿 ⺄ 丿 丶,true(a16~e16)
6075,殪,yì,一 丿 ㇇ 丶 一 丨 一 ㇀ 乛 一 丨 𠃍 一 丶 丿 一,false(a18~e16)
6076,霖,lín,一 ㇀ 乛 丨 丶 丶 丶 丶 一 丨 丿 丶 一 丨 丿 ㇏,false(a17~e16)
6077,霏,fēi,一 ㇀ 乛 丨 丶 丶 丶 丶 丨 一 一 一 丨 一 一 一,false(a17~e16)
6078,霓,ní,一 ㇀ 乛 丨 丶 丶 丶 丶 丿 丨 一 𠃍 一 一 丿 乚,false(a17~e16)
6079,錾,zàn,一 𠃋 丨 ㇀ 丿 丿 一 丨 丿 ㇏ 一 一 丨 丶 丿 一,true(a16~e16)
6080,辚,lín,一 𠃋 丨 ㇀ 丶 丿 一 丨 丿 ㇏ 丿 ㇇ 丶 一 𠃋 丨,false(a17~e16)
6081,臻,zhēn,一 𠃋 丶 一 丨 ㇀ 一 一 一 丿 ㇏ 丿 一 丨 丿 丶,true(a16~e16)
6082,遽,jù,丨 一 乛 丿 一 乚 一 丿 ㇁ 丿 丿 丿 丶 丶 ㇋ ㇏,false(a17~e16)
6083,氅,chǎng,丨 丶 丿 丨 𠃌 丨 𠃍 一 丿 一 丿 ㇏ 丿 一 一 乚,true(a16~e16)
6084,瞟,piǎo,丨 𠃍 一 一 一 一 丨 𠃍 丨 丨 一 一 一 亅 丿 丶,true(a16~e16)
6085,瞠,chēng,丨 𠃍 一 一 一 丨 丶 丿 ㇀ 乛 丨 𠃍 一 一 丨 一,false(a17~e16)
6086,瞰,kàn,丨 𠃍 一 一 一 ㇇ 一 丨 丨 一 一 ㇀ 丿 一 丿 ㇏,false(a17~e16)
6087,嚄,huō,丨 𠃍 一 一 丨 丨 丿 丨 丶 一 一 一 丨 一 ㇇ ㇏,false(a1~e16)
6088,嚆,hāo,丨 𠃍 一 一 丨 丨 丶 一 丨 𠃍 一 丨 𠃌 丨 𠃍 一,true(a16~e16)
6089,噤,jìn,丨 𠃍 一 一 丨 丿 丶 一 丨 丿 ㇏ 一 一 亅 丿 丶,true(a16~e16)
6090,暾,tūn,丨 𠃍 一 一 丶 一 丨 𠃍 一 ㇇ 亅 ㇀ 丿 一 丿 ㇏,false(a17~e16)
6091,蹀,dié,丨 𠃍 一 丨 一 丨 ㇀ 一 丨 丨 一 ㇄ 一 丨 丿 ㇏,true(a16~e16)
6092,踹,chuài,丨 𠃍 一 丨 一 丨 ㇀ 丨 ㇄ 丨 一 丿 丨 𠃌 丨 丨,true(a16~e16)
6093,踵,zhǒng,丨 𠃍 一 丨 一 丨 ㇀ 丿 一 丨 𠃍 一 一 丨 一 一,true(a16~e16)
6094,踽,jǔ,丨 𠃍 一 丨 一 丨 ㇀ 丿 丨 𠃍 一 丨 𠃌 丨 ㇀ 丶,true(a16~e16)
6095,蹉,cuō,丨 𠃍 一 丨 一 丨 ㇀ 丶 丿 一 一 一 丿 一 丨 一,true(a16~e16)
6096,蹁,pián,丨 𠃍 一 丨 一 丨 ㇀ 丶 𠃍 一 丿 丨 𠃌 一 丨 丨,true(a16~e16)
6097,螨,mǎn,丨 𠃍 一 丨 一 丶 一 丨 丨 一 丨 𠃌 丿 丶 丿 丶,true(a16~e16)
6098,蟒,mǎng、měng,丨 𠃍 一 丨 一 丶 一 丨 丨 一 丿 ㇏ 丶 一 丿 丨,true(a16~e16)
6099,螈,yuán,丨 𠃍 一 丨 一 丶 一 丿 丿 丨 𠃍 一 一 亅 丿 丶,true(a16~e16)
6100,螅,xī,丨 𠃍 一 丨 一 丶 丿 丨 𠃍 一 一 一 ㇀ ㇃ 丶 丶,false(a17~e16)
6101,螭,chī,丨 𠃍 一 丨 一 丶 丶 一 丿 丶 ㇄ 丨 丨 𠃌 𠃋 丶,true(a16~e16)
6102,螠,yì,丨 𠃍 一 丨 一 丶 丶 丿 一 丿 丶 丨 𠃍 丨 丨 一,false(a1~e16)
6103,螟,míng,丨 𠃍 一 丨 一 丶 ㇀ 乛 丨 𠃍 一 一 丶 一 丿 丶,false(a17~e16)
6104,噱,jué、xué,丨 𠃍 一 丨 一 乛 丿 一 乚 一 丿 ㇁ 丿 丿 丿 ㇏,false(a17~e16)
6105,噬,shì,丨 𠃍 一 丿 一 丶 丿 一 丶 一 丨 丿 丶 丿 丶 一,true(a16~e16)
6106,噫,yī,丨 𠃍 一 丶 一 丶 丿 一 丨 𠃍 一 一 ㇀ ㇃ 丶 丶,false(a17~e16)
6107,噻,sāi,丨 𠃍 一 丶 ㇀ 乛 一 一 丨 丨 一 丿 ㇏ 一 丨 一,false(a17~e16)
6108,噼,pī,丨 𠃍 一 𠃍 一 丿 丨 𠃍 一 丶 一 丶 丿 一 一 丨,true(a16~e16)
6109,罹,lí,丨 𠃍 丨 丨 一 ㇀ 丶 丨 丿 丨 丶 一 一 一 丨 一,true(a16~e16)
6110,圜,huán、yuán,丨 𠃍 丨 𠃍 丨 丨 一 一 丨 𠃍 一 丿 𠄌 丿 丶 一,true(a16~e16)
6111,䦃,zhuō,丿 一 一 一 𠄌 一 丨 丨 一 丨 一 丿 丨 𠃍 一 一,false(a1~e16)
6112,镖,biāo,丿 一 一 一 𠄌 一 丨 𠃍 丨 丨 一 一 一 亅 丿 丶,true(a16~e16)
6113,镗,tāng、táng,丿 一 一 一 𠄌 丨 丶 丿 ㇀ 乛 丨 𠃍 一 一 丨 一,false(a17~e16)
6114,镘,màn,丿 一 一 一 𠄌 丨 𠃍 一 一 丨 𠃍 丨 丨 一 ㇇ ㇏,false(a17~e16)
6115,镚,bèng,丿 一 一 一 𠄌 丨 ㇄ 丨 丿 𠃌 一 一 丿 𠃌 一 一,false(a1~e16)
6116,镛,yōng,丿 一 一 一 𠄌 丶 一 丿 𠃍 一 一 丨 𠃌 一 一 丨,true(a16~e16)
6117,镝,dī,丿 一 一 一 𠄌 丶 一 丶 丿 丨 𠃌 一 丨 丨 𠃍 一,true(a16~e16)
6118,镞,zú,丿 一 一 一 𠄌 丶 一 𠃌 丿 丿 一 丿 一 一 丿 ㇏,true(a16~e16)
6119,镠,liú,丿 一 一 一 𠄌 𠃍 丶 ㇀ 𠃍 丶 ㇀ 丿 ㇏ 丿 丿 丿,false(a1~e16)
6120,氇,lu,丿 一 一 乚 丿 ㇇ 丨 𠃍 一 丨 一 一 丨 𠃍 一 一,false(a17~e16)
6121,氆,pǔ,丿 一 一 乚 丶 丿 一 丨 丨 丶 丿 一 丨 𠃍 一 一,true(a16~e16)
6122,憩,qì,丿 一 丨 丨 𠃍 一 丿 丨 𠃍 一 一 一 ㇀ ㇃ 丶 丶,false(a17~e16)
6123,穑,sè,丿 一 丨 丿 丶 一 丨 丶 丿 一 丨 𠃍 丨 𠃍 一 一,true(a16~e16)
6124,篝,gōu,丿 一 丶 丿 一 丶 一 一 丨 丨 一 丨 𠃌 丨 一 一,true(a16~e16)
6125,篥,lì,丿 一 丶 丿 一 丶 一 丨 𠃍 丨 丨 一 一 丨 丿 ㇏,true(a16~e16)
6126,篦,bì,丿 一 丶 丿 一 丶 丿 丨 𠃍 丿 丶 一 一 𠄌 丿 乚,true(a16~e16)
6127,篪,chí,丿 一 丶 丿 一 丶 丿 丿 丨 一 乛 丿 一 乚 丿 ⺄,false(a17~e16)
6128,篙,gāo,丿 一 丶 丿 一 丶 丶 一 丨 𠃍 一 丨 𠃌 丨 𠃍 一,true(a16~e16)
6129,盥,guàn,丿 丨 一 一 亅 ㇇ 丿 丶 𠃍 一 一 丨 𠃍 丨 丨 一,false(a17~e16)
6130,劓,yì,丿 丨 𠃍 一 一 一 丨 𠃍 一 丨 一 一 丿 丨 丨 亅,true(a16~e16)
6131,翱,áo,丿 丨 𠃍 一 一 一 丿 丶 一 丨 𠃌 丶 ㇀ 𠃌 丶 ㇀,true(a16~e16)
6132,魉,liǎng,丿 丨 𠃍 一 一 丿 乚 𠃋 丶 一 丨 𠃌 丿 丶 丿 丶,true(a16~e16)
6133,魈,xiāo,丿 丨 𠃍 一 一 丿 乚 𠃋 丶 丨 丶 丿 丨 𠃌 一 一,true(a16~e16)
6134,徼,jiǎo、jiào,丿 丿 丨 丿 丨 𠃍 一 一 丶 一 𠃌 丿 丿 一 丿 ㇏,true(a16~e16)
6135,歙,xī、shè,丿 丶 一 丨 𠃍 一 𠃌 丶 ㇀ 𠃌 丶 ㇀ 丿 乛 丿 ㇏,false(a17~e16)
6136,膳,shàn,丿 𠃌 一 一 丶 丿 一 一 一 丨 丶 丿 一 丨 𠃍 一,true(a16~e16)
6137,膦,lìn,丿 𠃌 一 一 丶 丿 一 丨 丿 ㇏ 丿 ㇇ 丶 一 𠃋 丨,false(a17~e16)
6138,膙,jiǎng,丿 𠃌 一 一  一 ㇉ 丨 𠃍 一 丨 𠃍 一 丨 一 丶,false(a1~e16)
6139,鲮,líng,丿 ㇇ 丨 𠃍 一 丨 一 ㇀ 一 丨 一 丿 丶 丿 ㇇ ㇏,false(a18~e16)
6140,鲱,fēi,丿 ㇇ 丨 𠃍 一 丨 一 ㇀ 丨 一 一 一 丨 一 一 一,false(a17~e16)
6141,鲲,kūn,丿 ㇇ 丨 𠃍 一 丨 一 ㇀ 丨 𠃍 一 一 一 𠄌 丿 乚,false(a17~e16)
6142,鲳,chāng,丿 ㇇ 丨 𠃍 一 丨 一 ㇀ 丨 𠃍 一 一 丨 𠃍 一 一,false(a17~e16)
6143,鲴,gù,丿 ㇇ 丨 𠃍 一 丨 一 ㇀ 丨 𠃍 一 丨 丨 𠃍 一 一,false(a17~e16)
6144,鲵,ní,丿 ㇇ 丨 𠃍 一 丨 一 ㇀ 丿 丨 一 𠃍 一 一 丿 乚,false(a17~e16)
6145,鲷,diāo,丿 ㇇ 丨 𠃍 一 丨 一 ㇀ 丿 𠃌 一 丨 一 丨 𠃍 一,false(a17~e16)
6146,鲻,zī,丿 ㇇ 丨 𠃍 一 丨 一 ㇀ 𡿨 𡿨 𡿨 丨 𠃍 一 丨 一,false(a17~e16)
6147,獴,měng,丿 ㇁ 丿 一 丨 丨 ㇀ 乛 一 一 丿 ㇁ 丿 丿 丿 ㇏,false(a17~e16)
6148,獭,tǎ,丿 ㇁ 丿 一 丨 𠃍 一 丨 丿 丶 丿 ㇇ 丨 𠃍 丿 丶,false(a17~e16)
6149,獬,xiè,丿 ㇁ 丿 丿 ㇇ 丿 𠃌 一 一 丨 𠃌 丿 丿 一 一 丨,false(a17~e16)
6150,邂,xiè,丿 ㇇ 丿 𠃌 一 一 丨 𠃌 丿 丿 一 一 丨 丶 ㇋ ㇏,false(a17~e16)
6151,鹧,zhè,丶 一 丿 一 丨 丨 一 ㇀ 丶 丶 丶 丿 𠃌 丶 ㇉ 一,true(a16~e16)
6152,廨,xiè,丶 一 丿 丿 ㇇ 丿 𠃌 一 一 丨 𠃌 丿 丿 一 一 丨,false(a17~e16)
6153,赟,yūn,丶 一 丿 丶 一 一 丨 一 丨 ㇀ ㇂ 丶 丨 𠃍 丿 丶,false(a17~e16)
6154,瘰,luǒ,丶 一 丿 丶 ㇀ 丨 𠃍 一 丨 一 𠃋 𠃋 丶 亅 丿 丶,true(a16~e16)
6155,廪,lǐn,丶 一 丿 丶 一 丨 𠃍 丨 𠃍 一 一 一 一 亅 丿 丶,true(a16~e16)
6156,瘿,yǐng,丶 一 丿 丶 ㇀ 丨 𠃍 丿 丶 丨 𠃍 丿 丶 𡿨 丿 一,true(a16~e16)
6157,瘵,zhài,丶 一 丿 丶 ㇀ 丿 ㇇ 丶 丶 ㇇ ㇏ 一 一 亅 丿 丶,false(a18~e16)
6158,瘴,zhàng,丶 一 丿 丶 ㇀ 丶 一 丶 丿 一 丨 𠃍 一 一 一 丨,true(a16~e16)
6159,癃,lóng,丶 一 丿 丶 ㇀ ㇌ 丨 丿 ㇇ ㇏ 一 丿 一 一 丨 一,false(a18~e16)
6160,瘳,chōu,丶 一 丿 丶 ㇀ 𠃍 丶 ㇀ 𠃍 丶 ㇀ 丿 ㇏ 丿 丿 丿,true(a16~e16)
6161,斓,lán,丶 一 丿 丶 丶 丨 𠃌 一 丨 𠃍 丶 丿 一 丨 丿 丶,true(a16~e16)
6162,麇,jūn、qún,丶 一 丿 𠃍 丨 丨 一 一 𠄌 丿 乚 丿 一 丨 丿 ㇏,true(a16~e16)
6163,麈,zhǔ,丶 一 丿 𠃍 丨 丨 一 一 𠄌 丿 乚 丶 一 一 丨 一,true(a16~e16)
6164,嬴,yíng,丶 一 ㇄ 丨 𠃍 一 丿 𠃌 一 一 𡿨 丿 一 丿 ⺄ 丶,true(a16~e16)
6165,壅,yōng,丶 一 𠃋 𠃋 丿 丿 丨 丶 一 一 一 丨 一 一 丨 一,true(a16~e16)
6166,羲,xī,丶 丿 一 一 丨 一 丿 一 丨 丿 丶 一 ㇉ ㇂ 丿 丶,false(a17~e16)
6167,糗,qiǔ,丶 丿 一 丨 丿 丶 丿 丨 𠃍 一 一 一 一 丿 ㇏ 丶,true(a16~e16)
6168,瞥,piē,丶 丿 丨 𠃌 丨 丿 丶 丿 一 丿 ㇏ 丨 𠃍 一 一 一,true(a16~e16)
6169,甑,zèng,丶 丿 丨 𠃍 丨 丶 丿 一 丨 𠃍 一 一 一 𠄌 ⺄ 丶,true(a16~e16)
6170,燎,liáo、liǎo,㇀ 丿 丿 丶 一 丿 ㇏ 丶 丿 丨 𠃍 一 一 亅 丿 丶,true(a16~e16)
6171,燠,yù,㇀ 丿 丿 丶 丿 丨 𠃍 丶 丿 一 丨 丿 丶 一 丿 ㇏,true(a16~e16)
6172,燔,fán,㇀ 丿 丿 丶 丿 丶 丿 一 丨 丿 ㇏ 丨 𠃍 一 丨 一,true(a16~e16)
6173,燧,suì,㇀ 丿 丿 丶 丶 丿 一 丿 ㇁ 丿 丿 丿 丶 丶 ㇋ ㇏,true(a16~e16)
6174,濑,lài,丶 丶 ㇀ 一 丨 𠃍 一 丨 丿 丶 丿 ㇇ 丨 𠃍 丿 丶,false(a17~e16)
6175,濉,suī,丶 丶 ㇀ 丨 𠃍 一 一 一 丿 丨 丶 一 一 一 丨 一,true(a16~e16)
6176,潞,lù,丶 丶 ㇀ 丨 𠃍 一 丨 一 丨 ㇀ 丿 ㇇|乛 ㇏ 丨 𠃍 一,false(a17~e16)
6177,澧,lǐ,丶 丶 ㇀ 丨 𠃍 一 丨 丨 一 一 丨 𠃍 一 丶 丿 一,true(a16~e16)
6178,澹,dàn、tán,丶 丶 ㇀ 丿 ㇇ 一 丿 丿 丶 丶 一 一 一 丨 𠃍 一,false(a17~e16)
6179,澥,xiè,丶 丶 ㇀ 丿 ㇇ 丿 𠃌 一 一 丨 𠃌 丿 丿 一 一 丨,false(a1~e16)
6180,澶,chán,丶 丶 ㇀ 丶 一 丨 𠃍 丨 𠃍 一 一 丨 𠃍 一 一 一,true(a16~e16)
6181,濂,lián,丶 丶 ㇀ 丶 一 丿 丶 丿 一 𠃍 一 一 丨 丨 丿 ㇏,true(a16~e16)
6182,褰,qiān,丶 ㇀ 乛 一 一 丨 丨 一 丿 ㇏ 丶 一 丿 𠄌 丿 ㇏,false(a17~e16)
6183,寰,huán,丶 ㇀ 乛 丨 𠃍 丨 丨 一 一 丨 𠃍 一 丿 𠄌 丿 ㇏,false(a17~e16)
6184,窸,xī,丶 ㇀ 乛 丿 丶 丿 丶 丿 一 丨 丿 ㇏ ㇀ ㇂|㇃ 丶 丶,false(a18~e16)
6185,褶,zhě,丶 ㇇ 丨 丿 丶 𠃍 丶 ㇀ 𠃍 丶 ㇀ 丿 丨 𠃍 一 一,false(a17~e16)
6186,禧,xǐ,丶 ㇇ 丨 丶 一 丨 一 丨 𠃍 一 丶 丿 一 丨 𠃍 一,false(a17~e16)
6187,嬖,bì,𠃍 一 丿 丨 𠃍 一 丶 一 丶 丿 一 一 丨 𡿨 丿 一,true(a16~e16)
6188,犟,jiàng,𠃍 一 ㇉ 丨 𠃍 一 丨 𠃍 一 丨 一 丶 丿 一 一 丨,true(a16~e16)
6189,隰,xí,㇌ 丨 丨 𠃍 一 一 𠃋 𠃋 丶 𠃋 𠃋 丶 ㇀ 丶 丶 丶,false(a17~e16)
6190,嬗,shàn,𡿨 丿 一 丶 一 丨 𠃍 丨 𠃍 一 一 丨 𠃍 一 一 一,true(a16~e16)
6191,颡,sǎng,㇇ 丶 ㇇ 丶 ㇇ 丶 一 丨 丿 丶 一 丿 丨 𠃍 丿 丶,false(a19~e16)
6192,缱,qiǎn,𠃋 𠃋 ㇀ 丨 𠃍 一 丨 一 丨 𠃍 一 𠃍 一 丶 ㇋ ㇏,true(a16~e16)
6193,缲,qiāo、sāo,𠃋 𠃋 ㇀ 丨 𠃍 一 丨 𠃍 一 丨 𠃍 一 一 丨 丿 ㇏,true(a16~e16)
6194,缳,huán,𠃋 𠃋 ㇀ 丨 𠃍 丨 丨 一 一 丨 𠃍 一 丿 𠄌 丿 ㇏,true(a16~e16)
6195,璨,càn,一 一 丨 ㇀ 丨 一 丿 ㇇ 丶 ㇇ 丶 丶 丿 一 丨 丿 ㇏,false(a19~e17)
6196,璩,qú,一 一 丨 ㇀ 丨 一 乛 丿 一 乚 一 丿 ㇁ 丿 丿 丿 ㇏,false(a18~e17)
6197,璐,lù,一 一 丨 ㇀ 丨 𠃍 一 丨 一 丨 ㇀ 丿 ㇇ ㇏ 丨 𠃍 一,false(a18~e17)
6198,璪,zǎo,一 一 丨 ㇀ 丨 𠃍 一 丨 𠃍 一 丨 𠃍 一 一 丨 丿 ㇏,false(a1~e17)
6199,螫,shì、zhē,一 丨 一 丿 亅 丿 丶 丿 一 丿 ㇏ 丨 𠃍 一 丨 一 丶,true(a17~e17)
6200,擤,xǐng,一 亅 ㇀ 丿 丨 𠃍 一 一 一 丨 𠃍 一 丨 一 一 丿 丨,true(a17~e17)
6201,壕,háo,一 丨 ㇀ 丶 一 丨 𠃍 一 ㇀ 乛 一 丿 ㇁ 丿 丿 丿 ㇏,false(a18~e17)
6202,觳,hú,一 丨 一 ㇀ ㇇|乛 一 丿 ㇇|乛 丿 𠃌 一 一 丨 丿 ㇍ ㇇|乛 ㇏,false(a21~e17)
6203,罄,qìng,一 丨 一 𠃍 丨 一 丿 丿 ㇍ ㇇|乛 丶 丿 一 一 丨 ㇄ 丨,false(a19~e17)
6204,擢,zhuó,一 亅 ㇀ 𠃍 丶 ㇀ 𠃍 丶 ㇀ 丿 丨 丶 一 一 一 丨 一,true(a17~e17)
6205,薹,tái,一 丨 丨 一 丨 一 丨 𠃍 一 ㇀ 乛 一 𠃋 丶 一 丨 一,false(a18~e17)
6206,鞡,la,一 丨 丨 一 丨 𠃍 一 一 丨 一 亅 ㇀ 丶 一 丶 丿 一,false(a1~e17)
6207,鞬,jiàn、jiān,一 丨 丨 一 丨 𠃍 一 一 丨 𠃍 一 一 一 一 丨 ㇋ ㇏,false(a1~e17)
6208,薷,rú,一 丨 丨 一 ㇀ 乛 丨 丶 丶 丶 丶 一 丿 丨 𠃌 丨 丨,false(a18~e17)
6209,薰,xūn,一 丨 丨 丿 一 丨 𠃍 丶 丿 一 丨 一 一 ㇀ 丶 丶 丶,true(a17~e17)
6210,藓,xiǎn,一 丨 丨 丿 ㇇ 丨 𠃍 一 丨 一 ㇀ 丶 丿 一 一 一 丨,false(a18~e17)
6211,藁,gǎo,一 丨 丨 丶 一 丨 𠃍 一 丨 𠃌 丨 𠃍 一 一 丨 丿 ㇏,true(a17~e17)
6212,檄,xí,一 丨 丿 丶 丿 丨 𠃍 一 一 丶 一 𠃌 丿 丿 一 丿 ㇏,true(a17~e17)
6213,檩,lǐn,一 丨 丿 丶 丶 一 丨 𠃍 丨 𠃍 一 一 一 一 亅 丿 丶,true(a17~e17)
6214,懋,mào,一 丨 丿 丶 ㇇ 丶 乛 亅 丿 一 丨 丿 ㇏ ㇀ ㇃ 丶 丶,false(a20~e17)
6215,醢,hǎi,一 丨 𠃍 丿 ㇄ 一 一 一 丿 丨 𠃍 一 丨 𠃍 丨 丨 一,true(a17~e17)
6216,翳,yì,一 丿 一 一 丿 丶 ㇄ 丿 ㇍ ㇇ ㇏ 𠃌 丶 ㇀ 𠃌 丶 ㇀,false(a19~e17)
6217,礅,dūn,一 丿 丨 𠃍 一 丶 一 丨 𠃍 一 ㇇ 亅 ㇀ 丿 一 丿 ㇏,false(a18~e17)
6218,磴,dèng,一 丿 丨 𠃍 一 ㇇ 丶 丿 丿 ㇏ 一 丨 𠃍 一 丶 丿 一,false(a18~e17)
6219,鹩,liáo,一 丿 ㇏ 丶 丿 丨 𠃍 一 一 亅 丿 丶 丿 𠃌 丶 ㇉ 一,true(a17~e17)
6220,龋,qǔ,丨 一 丨 一 丿 丶 ㇄ 丨 丿 丨 𠃍 一 丨 𠃌 丨 ㇀ 丶,true(a17~e17)
6221,龌,wò,丨 一 丨 一 丿 丶 ㇄ 丨 𠃍 一 丿 一 𠃋 丶 一 丨 一,true(a17~e17)
6222,豳,bīn,丨 一 丿 ㇁ 丿 丿 丿 丶 一 丿 ㇁ 丿 丿 丿 丶 ㇄ 丨,true(a17~e17)
6223,壑,hè,丨 一 ㇀ 乛 一 丿 丶 丿 ㇏ 丨 𠃍 一 ㇇ ㇏ 一 丨 一,false(a19~e17)
6224,黻,fú,丨 丨 丶 丿 一 丶 丿 丨 𠃌 丨 丿 丶 一 丿 ㇇ ㇏ 丶,false(a18~e17)
6225,嚏,tì,丨 𠃍 一 一 丨 ㇀ 乛 丨 𠃍 一 丨 一 乛 丨 一 丿 ㇏,false(a19~e17)
6226,嚅,rú,丨 𠃍 一 一 ㇀ 乛 丨 丶 丶 丶 丶 一 丿 丨 𠃌 丨 丨,false(a18~e17)
6227,蹑,niè,丨 𠃍 一 丨 一 丨 ㇀ 一 丨 丨 一 一 一 ㇇ 丶 ㇇ ㇏,false(a19~e17)
6228,蹒,pán,丨 𠃍 一 丨 一 丨 ㇀ 一 丨 丨 一 丨 𠃌 丿 丶 丿 丶,true(a17~e17)
6229,蹊,qī、xī,丨 𠃍 一 丨 一 丨 ㇀ 丿 丶 丶 丿 𠃋 𠃋 丶 一 丿 ㇏,true(a17~e17)
6230,蟥,huáng,丨 𠃍 一 丨 一 丶 一 丨 丨 一 丨 𠃍 一 丨 一 丿 丶,true(a17~e17)
6231,螬,cáo,丨 𠃍 一 丨 一 丶 一 丨 𠃍 一 丨 丨 一 丨 𠃍 一 一,true(a17~e17)
6232,螵,piāo,丨 𠃍 一 丨 一 丶 一 丨 𠃍 丨 丨 一 一 一 亅 丿 丶,true(a17~e17)
6233,疃,tuǎn,丨 𠃍 一 丨 一 丶 一 丶 丿 一 丨 𠃍 一 一 丨 一 一,true(a17~e17)
6234,螳,táng,丨 𠃍 一 丨 一 丶 丨 丶 丿 ㇀ 乛 丨 𠃍 一 一 丨 一,false(a18~e17)
6235,蟑,zhāng,丨 𠃍 一 丨 一 丶 丶 一 丶 丿 一 丨 𠃍 一 一 一 丨,true(a17~e17)
6236,嚓,cā、chā,丨 𠃍 一 丶 ㇀ 乛 丿 ㇇ 丶 丶 ㇇ ㇏ 一 一 亅 丿 丶,false(a20~e17)
6237,羁,jī,丨 𠃍 丨 丨 一 一 丨 丨 一 丨 𠃍 一 一 丨 𠃍 ㇉ 一,true(a17~e17)
6238,罽,jì,丨 𠃍 丨 丨 一 丿 ㇀ 丿 丿 丶 ㇀ 丿 丿 丶 丨 亅,false(a1~e17)
6239,罾,zēng,丨 𠃍 丨 丨 一 丶 丿 丨 𠃍 丨 丶 丿 一 丨 𠃍 一 一,true(a17~e17)
6240,嶷,yí,丨 ㇄ 丨 丿 乚 丿 一 一 丿 丶 ㇇|乛 丶 ㇇|乛 丨 一 丿 ㇏,false(a19~e17)
6241,黜,chù,丨 𠃍 丶 丿 一 丨 一 ㇀ ㇀ 丶 丶 丶 ㇄ 丨 丨 ㇄ 丨,true(a17~e17)
6242,黝,yǒu,丨 𠃍 丶 丿 一 丨 一 ㇀ ㇀ 丶 丶 丶 𠃋 𠃋 丶 𠃌 丿,true(a17~e17)
6243,髁,kē,丨 𠃍 𠃍 ㇀ ㇇|乛 丨 𠃌 一 一 丨 𠃍 一 一 一 丨 丿 ㇏,false(a18~e17)
6244,髀,bì,丨 𠃍 𠃍 ㇀ ㇇|乛 丨 𠃌 一 一 丿 丨 𠃍 一 一 丿 一 丨,false(a18~e17)
6245,镡,chán、tán,丿 一 一 一 𠄌 一 丨 𠃍 丨 丨 一 丨 𠃍 一 一 一 丨,true(a17~e17)
6246,镢,jué,丿 一 一 一 𠄌 一 丿 丶 丿 一 ㇄ 丨 丿 丿 ㇇|乛 丿 ㇏,false(a18~e17)
6247,镣,liào,丿 一 一 一 𠄌 一 丿 ㇏ 丶 丿 丨 𠃍 一 一 亅 丿 丶,true(a17~e17)
6248,镦,dūn,丿 一 一 一 𠄌 丶 一 丨 𠃍 一 ㇇|乛 亅 ㇀ 丿 一 丿 ㇏,false(a18~e17)
6249,镧,lán,丿 一 一 一 𠄌 丶 丨 𠃌 一 丨 𠃍 丶 丿 一 丨 丿 丶,true(a17~e17)
6250,镩,cuān,丿 一 一 一 𠄌 丶 ㇀ ㇇|乛 丿 丶 丨 𠃍 一 丨 𠃍 一 丨,false(a18~e17)
6251,镪,qiāng,丿 一 一 一 𠄌 𠃍 一 ㇉ 丨 𠃍 一 丨 𠃍 一 丨 一 丶,true(a17~e17)
6252,镫,dèng,丿 一 一 一 𠄌 ㇇|乛 丶 丿 丿 ㇏ 一 丨 𠃍 一 丶 丿 一,false(a18~e17)
6253,罅,xià,丿 一 一 丨 ㇄ 丨 丨 一 ㇇|乛 丿 一 乚 丿 丶 丿 一 亅,false(a18~e17)
6254,黏,nián,丿 一 丨 丿 丶 丿 丶 亅 丶 ㇀ ㇀ 丶 丨 一 丨 𠃍 一,true(a17~e17)
6255,簌,sù,丿 一 丶 丿 一 丶 一 丨 𠃍 一 丨 丿 丶 丿 ㇇|乛 丿 ㇏,false(a18~e17)
6256,篾,miè,丿 一 丶 丿 一 丶 丨 𠃍 丨 丨 一 一 丿 丶 ㇂|㇃ 丿 丶,false(a18~e17)
6257,篼,dōu,丿 一 丶 丿 一 丶 丿 丨 𠃍 一 一 丿 𠄌 𠃍 一 丿 乚,true(a17~e17)
6258,簖,duàn,丿 一 丶 丿 一 丶 丶 丿 一 丨 丿 丶 ㇄ 丿 丿 一 丨,true(a17~e17)
6259,簋,guǐ,丿 一 丶 丿 一 丶 𠃍 一 一 𠄌 丿 ㇏ 丨 𠃍 丨 丨 一,true(a17~e17)
6260,鼢,fén,丿 丨 一 𠃍 一 一 𠄌 丶 丶 𠄌 丶 丶 ㇂|㇃ 丿 ㇏ 𠃌 丿,false(a18~e17)
6261,黛,dài,丿 丨 一 ㇂|㇃ 丶 丨 𠃍 丶 丿 一 丨 一 一 ㇀ 丶 丶 丶,false(a18~e17)
6262,儡,lěi,丿 丨 丨 𠃍 一 丨 一 丨 𠃍 一 丨 一 丨 𠃍 一 丨 一,true(a17~e17)
6263,鹪,jiāo,丿 丨 丶 一 一 一 丨 一 ㇀ 丶 丶 丶 丿 𠃌 丶 ㇉ 一,true(a17~e17)
6264,鼾,hān,丿 丨 𠃍 一 一 一 丨 𠃍 一 丨 一 一 丿 丨 一 一 丨,true(a17~e17)
6265,皤,pó,丿 丨 𠃍 一 一 丿 丶 丿 一 丨 丿 ㇏ 丨 𠃍 一 丨 一,true(a17~e17)
6266,魍,wǎng,丿 丨 𠃍 一 一 丿 乚 𠃋 丶 丨 𠃌 丶 丿 一 丶 一 ㇄,true(a17~e17)
6267,龠,yuè,丿 ㇏ 一 丨 𠃍 一 丨 𠃍 一 丨 𠃍 一 丨 𠃌 一 丨 丨,true(a17~e17)
6268,繇,yáo、yóu、zhòu,丿 丶 丶 丿 丿 一 一 丨 ㇄ 丨 丿 𠃋 𠃋 丶 亅 丿 丶,true(a17~e17)
6269,貘,mò,丿 丶 丶 丿 ㇁ 丿 丿 一 丨 丨 丨 𠃍 一 一 一 丿 ㇏,true(a17~e17)
6270,邈,miǎo,丿 丶 丶 丿 ㇁ 丿 丿 丿 丨 𠃍 一 一 丿 乚 丶 ㇋ ㇏,true(a17~e17)
6271,貔,pí,丿 丶 丶 丿 ㇁ 丿 丿 丿 丨 𠃍 丿 丶 一 一 𠄌 丿 乚,true(a17~e17)
6272,臌,gǔ,丿 𠃌 一 一 一 丨 一 丨 𠃍 一 丶 丿 ㇀ 一 丨 ㇇|乛 ㇏,false(a18~e17)
6273,膻,shān、dàn,丿 𠃌 一 一 丶 一 丨 𠃍 丨 𠃍 一 一 丨 𠃍 一 一 一,true(a17~e17)
6274,臆,yì,丿 𠃌 一 一 丶 一 丶 丿 一 丨 𠃍 一 一 ㇀ ㇂|㇃ 丶 丶,false(a18~e17)
6275,臃,yōng,丿 𠃌 一 一 丶 一 𠃋 𠃋 丿 丿 丨 丶 一 一 一 丨 一,true(a17~e17)
6276,鲼,fèn,丿 ㇇|乛 丨 𠃍 一 丨 一 ㇀ 一 丨 一 丨 丨 丨 𠃍 丿 丶,false(a18~e17)
6277,鲽,dié,丿 ㇇|乛 丨 𠃍 一 丨 一 ㇀ 一 丨 丨 一 ㇄ 一 丨 丿 ㇏,false(a18~e17)
6278,鳀,tí,,false(a1~e17)
6279,鳃,sāi、xǐ,丿 ㇇|乛 丨 𠃍 一 丨 一 ㇀ 丨 𠃍 一 丨 一 ㇀ ㇂|㇃ 丶 丶,false(a19~e17)
6280,鳅,qiū,丿 ㇇|乛 丨 𠃍 一 丨 一 ㇀ 丿 一 丨 丿 丶 ㇀ 丿 丿 ㇏,false(a18~e17)
6281,鳇,huáng,丿 ㇇|乛 丨 𠃍 一 丨 一 ㇀ 丿 丨 𠃍 一 一 一 一 丨 一,false(a18~e17)
6282,鳊,biān,丿 ㇇|乛 丨 𠃍 一 丨 一 ㇀ 丶 𠃍 一 丿 丨 𠃌 一 丨 丨,false(a18~e17)
6283,螽,zhōng,丿 ㇇|乛 ㇏ 丶 丶 丨 𠃍 一 丨 一 丶 丨 𠃍 一 丨 一 丶,false(a18~e17)
6284,燮,xiè,丶 一 一 一 丨 𠃍 一 ㇀ 丿 丿 丶 ㇀ 丿 丿 丶 ㇇|乛 ㇏,false(a18~e17)
6285,鹫,jiù,丶 一 丨 𠃍 一 亅 丿 丶 一 丿 乚 丶 丿 𠃌 丶 ㇉ 一,true(a17~e17)
6286,襄,xiāng,丶 一 丨 𠃍 一 丨 𠃍 一 一 一 丨 丨 一 丿 𠄌 丿 ㇏,true(a17~e17)
6287,糜,mí、méi,丶 一 丿 一 丨 丿 丶 一 丨 丿 ㇏ 丶 丿 一 丨 丿 ㇏,true(a17~e17)
6288,縻,mí,丶 一 丿 一 丨 丿 丶 一 丨 丿 ㇏ 𠃋 𠃋 丶 亅 丿 丶,true(a17~e17)
6289,膺,yīng,丶 一 丿 丿 丨 丿 丨 丶 一 一 一 丨 一 丨 𠃌 一 一,true(a17~e17)
6290,癍,bān,丶 一 丿 丶 ㇀ 一 一 丨 ㇀ 丶 一 丿 丶 一 一 丨 一,true(a17~e17)
6291,麋,mí,丶 一 丿 𠃍 丨 丨 一 一 𠄌 丿 乚 丶 丿 一 丨 丿 ㇏,true(a17~e17)
6292,懑,mèn,丶 丶 ㇀ 一 丨 丨 一 丨 𠃌 丿 丶 丿 丶 ㇀ ㇂|㇃ 丶 丶,false(a18~e17)
6293,濡,rú,丶 丶 ㇀ 一 ㇀ ㇇|乛 丨 丶 丶 丶 丶 一 丿 丨 𠃌 丨 丨,false(a18~e17)
6294,濮,pú,丶 丶 ㇀ 丿 丨 丨 丨 丶 丿 一 丶 丿 一 一 一 丿 ㇏,true(a17~e17)
6295,濞,bì、pì,丶 丶 ㇀ 丿 丨 𠃍 一 一 一 丨 𠃍 一 丨 一 一 丿 丨,true(a17~e17)
6296,濠,háo,丶 丶 ㇀ 丶 一 丨 𠃍 一 ㇀ ㇇|乛 一 丿 ㇁ 丿 丿 丿 ㇏,false(a18~e17)
6297,濯,zhuó、zhào,丶 丶 ㇀ 𠃍 丶 ㇀ 𠃍 丶 ㇀ 丿 丨 丶 一 一 一 丨 一,true(a17~e17)
6298,蹇,jiǎn,丶 ㇀ ㇇|乛 一 一 丨 丨 一 丿 ㇏ 丨 𠃍 一 丨 一 丿 ㇏,false(a18~e17)
6299,謇,jiǎn,丶 ㇀ ㇇|乛 一 一 丨 丨 一 丿 ㇏ 丶 一 一 一 丨 𠃍 一,false(a18~e17)
6300,邃,suì,丶 ㇀ ㇇|乛 丿 丶 丶 丿 一 丿 ㇁ 丿 丿 丿 丶 丶 ㇋ ㇏,false(a18~e17)
6301,襁,qiǎng,丶 ㇇|乛 丨 丿 丶 𠃍 一 ㇉ 丨 𠃍 一 丨 𠃍 一 丨 一 丶,false(a18~e17)
6302,檗,bò,𠃍 一 丿 丨 𠃍 一 丶 一 丶 丿 一 一 丨 一 丨 丿 ㇏,true(a17~e17)
6303,擘,bò、bāi,𠃍 一 丿 丨 𠃍 一 丶 一 丶 丿 一 一 丨 丿 一 一 亅,true(a17~e17)
6304,孺,rú,㇇|乛 亅 ㇀ 一 ㇀ ㇇|乛 丨 丶 丶 丶 丶 一 丿 丨 𠃌 丨 丨,false(a19~e17)
6305,隳,huī、duò,𠄎|㇌ 丨 一 丿 一 丨 一 丨 𠃌 一 一 丿 ㇏ 亅 ㇀ 丶 丶,false(a18~e17)
6306,嬷,mó,𡿨 丿 一 丶 一 丿 一 丨 丿 丶 一 丨 丿 ㇏ 丿 𠃋 丶,true(a17~e17)
6307,蟊,máo,㇇|乛 丶 ㇇|乛 亅 丿 丨 𠃍 一 丨 一 丶 丨 𠃍 一 丨 一 丶,false(a19~e17)
6308,鹬,yù,㇇|乛 丶 ㇇|乛 亅 丿 丨 𠃌 丿 丶 丨 𠃍 一 丿 𠃌 丶 ㇉ 一,false(a19~e17)
6309,鍪,móu,㇇|乛 丶 ㇇|乛 亅 丿 丿 一 丿 丶 丿 ㇏ 一 一 丨 丶 丿 一,false(a19~e17)
6310,鏊,ào,一 一 丨 一 𠃌 丿 丿 一 丿 丶 丿 ㇏ 一 一 丨 丶 丿 一,true(a18~e18)
6311,鳌,áo,一 一 丨 一 𠃌 丿 丿 一 丿 ㇏ 丿 ㇇|乛 丨 𠃍 一 丨 一 一,false(a19~e18)
6312,鬈,quán,一 丨 一 一 一 𠃋 丶 丿 丿 丿 丶 丿 一 一 丿 ㇏ 𠃌 乚,true(a18~e18)
6313,鬃,zōng,一 丨 一 一 一 𠃋 丶 丿 丿 丿 丶 ㇀ ㇇|乛 一 一 亅 丿 丶,false(a19~e18)
6314,瞽,gǔ,一 丨 一 丨 𠃍 一 丶 丿 ㇀ 一 丨 ㇇|乛 ㇏ 丨 𠃍 一 一 一,false(a19~e18)
6315,鞯,jiān,一 丨 丨 一 丨 𠃍 一 一 丨 一 丨 丨 一 丿 丨 ㇇|乛 亅 一,false(a19~e18)
6316,鞨,hé,,false(a1~e18)
6317,鞫,jū,一 丨 丨 一 丨 𠃍 一 一 丨 丿 𠃌 丶 一 一 一 丨 𠃍 一,true(a18~e18)
6318,鞧,qiū,,false(a1~e18)
6319,鞣,róu,一 丨 丨 一 丨 𠃍 一 一 丨 ㇇|乛 丶 ㇇|乛 亅 丿 一 丨 丿 ㇏,false(a20~e18)
6320,藜,lí,一 丨 丨 丿 一 丨 丿 丶 丿 𠃌 丿 丿 ㇏ 亅 丶 ㇀ 丿 丶,true(a18~e18)
6321,藠,jiào,一 丨 丨 丿 丨 𠃍 一 一 丿 丨 𠃍 一 一 丿 丨 𠃍 一 一,true(a18~e18)
6322,藩,fān,一 丨 丨 丶 丶 ㇀ 丿 丶 丿 一 丨 丿 ㇏ 丨 𠃍 一 丨 一,true(a18~e18)
6323,醪,láo,一 丨 𠃍 丿 ㇄ 一 一 𠃍 丶 ㇀ 𠃍 丶 ㇀ 丿 ㇏ 丿 丿 丿,true(a18~e18)
6324,蹙,cù,一 丿 丨 一 一 亅 丿 丶 ㇂|㇃ 丿 丶 丨 𠃍 一 丨 一 丿 ㇏,false(a19~e18)
6325,礓,jiāng,一 丿 丨 𠃍 一 一 丨 𠃍 一 丨 一 一 丨 𠃍 一 丨 一 一,true(a18~e18)
6326,燹,xiǎn,一 丿 ㇁ 丿 丿 丿 丶 一 丿 ㇁ 丿 丿 丿 丶 ㇀ 丿 丿 ㇏,true(a18~e18)
6327,餮,tiè,一 丿 ㇇|乛 丶 丿 ㇏ 丿 丿 丿 丿 ㇏ 丶 𠃍 一 一 𠄌 丿 丶,false(a19~e18)
6328,瞿,qú、jù,丨 𠃍 一 一 一 丨 𠃍 一 一 一 丿 丨 丶 一 一 一 丨 一,true(a18~e18)
6329,曛,xūn,丨 𠃍 一 一 丿 一 丨 𠃍 丶 丿 一 丨 一 一 ㇀ 丶 丶 丶,true(a18~e18)
6330,颢,hào,丨 𠃍 一 一 丶 一 丨 𠃍 一 亅 丿 丶 一 丿 丨 𠃍 丿 丶,true(a18~e18)
6331,曜,yào,丨 𠃍 一 一 𠃍 丶 ㇀ 𠃍 丶 ㇀ 丿 丨 丶 一 一 一 丨 一,true(a18~e18)
6332,躇,chú,丨 𠃍 一 丨 一 丨 ㇀ 一 丨 丨 一 丨 一 丿 丨 𠃍 一 一,true(a18~e18)
6333,蹚,tāng,丨 𠃍 一 丨 一 丨 ㇀ 丨 丶 丿 ㇀ ㇇|乛 丨 𠃍 一 一 丨 一,false(a19~e18)
6334,鹭,lù,丨 𠃍 一 丨 一 丨 ㇀ 丿 ㇇|乛 ㇏ 丨 𠃍 一 丿 𠃌 丶 ㇉ 一,false(a19~e18)
6335,蟛,péng,丨 𠃍 一 丨 一 丶 一 丨 一 丨 𠃍 一 丶 丿 ㇀ 丿 丿 丿,true(a18~e18)
6336,蟪,huì,丨 𠃍 一 丨 一 丶 一 丨 𠃍 一 一 丨 一 丶 ㇀ ㇂|㇃ 丶 丶,false(a19~e18)
6337,蟠,pán,丨 𠃍 一 丨 一 丶 丿 丶 丿 一 丨 丿 ㇏ 丨 𠃍 一 丨 一,true(a18~e18)
6338,蟮,shàn,丨 𠃍 一 丨 一 丶 丶 丿 一 一 一 丨 丶 丿 一 丨 𠃍 一,true(a18~e18)
6339,鹮,huán,丨 𠃍 丨 丨 一 一 丨 𠃍 一 丿 𠄌 丿 丶 丿 𠃌 丶 ㇉ 一,true(a18~e18)
6340,黠,xiá,丨 𠃍 丶 丿 一 丨 一 ㇀ ㇀ 丶 丶 丶 一 丨 一 丨 𠃍 一,true(a18~e18)
6341,黟,yī,丨 𠃍 丶 丿 一 丨 一 ㇀ ㇀ 丶 丶 丶 丿 ㇇|乛 丶 丿 ㇇|乛 丶,false(a20~e18)
6342,髅,lóu,丨 𠃍 𠃍 ㇀ ㇇|乛 丨 𠃌 一 一 丶 丿 一 丨 丿 ㇏ 𡿨 丿 一,false(a19~e18)
6343,髂,qià,丨 𠃍 𠃍 ㇀ ㇇|乛 丨 𠃌 一 一 丶 ㇀ ㇇|乛 丿 ㇇|乛 ㇏ 丨 𠃍 一,false(a21~e18)
6344,镬,huò,丿 一 一 一 𠄌 一 丨 丨 丿 丨 丶 一 一 一 丨 一 ㇇|乛 ㇏,false(a19~e18)
6345,镭,léi,丿 一 一 一 𠄌 一 ㇀ ㇇|乛 丨 丶 丶 丶 丶 丨 𠃍 一 丨 一,false(a19~e18)
6346,镯,zhuó,丿 一 一 一 𠄌 丨 𠃍 丨 丨 一 丿 𠃌 丨 𠃍 一 丨 一 丶,true(a18~e18)
6347,馥,fù,丿 一 丨 丿 丶 丨 𠃍 一 一 丿 一 丨 𠃍 一 一 丿 ㇇|乛 ㇏,false(a19~e18)
6348,簟,diàn,丿 一 丶 丿 一 丶 一 丨 𠃍 丨 丨 一 丨 𠃍 一 一 一 丨,true(a18~e18)
6349,簪,zān,丿 一 丶 丿 一 丶 一 𠃋 丿 𠄌 一 𠃋 丿 乚 丨 𠃍 一 一,true(a18~e18)
6350,鼬,yòu,丿 丨 一 𠃍 一 一 𠄌 丶 丶 𠄌 丶 丶 ㇂|㇃ 丨 𠃍 一 丨 一,false(a19~e18)
6351,雠,chóu,丿 丨 丶 一 一 一 丨 一 丶 ㇊ 丿 丨 丶 一 一 一 丨 一,true(a18~e18)
6352,艟,chōng,丿 丿 𠃌 丶 一 丶 丶 一 丶 丿 一 丨 𠃍 一 一 丨 一 一,true(a18~e18)
6353,鳎,tǎ,丿 ㇇|乛 丨 𠃍 一 丨 一 ㇀ 丨 𠃍 一 一 𠃌 丶 ㇀ 𠃌 丶 ㇀,false(a19~e18)
6354,鳏,guān,丿 ㇇|乛 丨 𠃍 一 丨 一 ㇀ 丨 𠃍 丨 丨 一 丨 丿 丿 丶 丶,false(a19~e18)
6355,鳐,yáo,丿 ㇇|乛 丨 𠃍 一 丨 一 ㇀ 丿 丶 丶 丿 丿 一 一 丨 ㇄ 丨,false(a19~e18)
6356,癞,lài,丶 一 丿 丶 ㇀ 一 丨 𠃍 一 丨 丿 丶 丿 ㇇|乛 丨 𠃍 丿 丶,false(a19~e18)
6357,癔,yì,丶 一 丿 丶 ㇀ 丶 一 丶 丿 一 丨 𠃍 一 一 ㇀ ㇂|㇃ 丶 丶,false(a19~e18)
6358,癜,diàn,丶 一 丿 丶 ㇀ 𠃍 一 丿 一 丨 丨 一 丿 丶 丿 ㇅|㇍ ㇇|乛 ㇏,false(a20~e18)
6359,癖,pǐ,丶 一 丿 丶 ㇀ 𠃍 一 丿 丨 𠃍 一 丶 一 丶 丿 一 一 丨,true(a18~e18)
6360,糨,jiàng,丶 丿 一 丨 丿 丶 𠃍 一 ㇉ 丨 𠃍 一 丨 𠃍 一 丨 一 丶,true(a18~e18)
6361,蹩,bié,丶 丿 丨 𠃌 丨 丿 丶 丿 一 丿 ㇏ 丨 𠃍 一 丨 一 丿 ㇏,true(a18~e18)
6362,鎏,liú,丶 丶 ㇀ 丶 一 𠃋 丶 丿 丨 乚 丿 ㇏ 一 一 丨 丶 丿 一,true(a18~e18)
6363,懵,měng,㇀ 丶 丨 一 丨 丨 丨 𠃍 丨 丨 一 ㇀ ㇇|乛 丨 𠃍 一 一 一,false(a19~e18)
6364,彝,yí,𠃋 ㇇|乛 一 丶 丿 一 丨 丿 丶 𠃋 𠃋 丶 亅 丿 丶 一 丿 丨,false(a19~e18)
6365,邋,lā,𡿨 𡿨 𡿨 丨 𠃍 丿 丶 一 𠄌 丶 丶 𠄌 丶 丶 ㇂|㇃ 丶 ㇋ ㇏,false(a19~e18)
6366,鬏,jiū,一 丨 一 一 一 𠃋 丶 丿 丿 丿 丿 一 丨 丿 丶 ㇀ 丿 丿 ㇏,true(a19~e19)
6367,攉,huō,一 亅 ㇀ 一 ㇀ ㇇|乛 丨 丶 丶 丶 丶 丿 丨 丶 一 一 一 丨 一,false(a20~e19)
6368,攒,zǎn、cuán,一 亅 ㇀ 丿 一 丨 一 丿 𠄌 丿 一 丨 一 丿 乚 丨 𠃍 丿 丶,true(a19~e19)
6369,鞲,gōu,一 丨 丨 一 丨 𠃍 一 一 丨 一 一 丨 丨 一 丨 𠃌 丨 一 一,true(a19~e19)
6370,鞴,bèi,一 丨 丨 一 丨 𠃍 一 一 丨 一 丨 丨 一 丿 丨 𠃌 一 一 丨,true(a19~e19)
6371,藿,huò,一 丨 丨 一 ㇀ ㇇|乛 丨 丶 丶 丶 丶 丿 丨 丶 一 一 一 丨 一,false(a20~e19)
6372,蘧,qú,一 丨 丨 丨 一 ㇇|乛 丿 一 乚 一 丿 ㇁ 丿 丿 丿 丶 丶 ㇋ ㇏,false(a20~e19)
6373,蘅,héng,一 丨 丨 丿 丿 丨 丿 ㇇|乛 丨 𠃍 一 丨 一 一 丿 丶 一 一 亅,false(a20~e19)
6374,麓,lù,一 丨 丿 丶 一 丨 丿 ㇏ 丶 一 丿 𠃍 丨 丨 一 一 𠄌 丿 乚,true(a19~e19)
6375,醮,jiào,一 丨 𠃍 丿 ㇄ 一 一 丿 丨 丶 一 一 一 丨 一 ㇀ 丶 丶 丶,true(a19~e19)
6376,醯,xī,一 丨 𠃍 丿 ㇄ 一 一 丶 一 𠃋 丶 丿 丨 乚 丨 𠃍 丨 丨 一,true(a19~e19)
6377,酃,líng,一 ㇀ ㇇|乛 丨 丶 丶 丶 丶 丨 𠃍 一 丨 𠃍 一 丨 𠃍 一 𠄎|㇌ 丨,false(a21~e19)
6378,霪,yín,一 ㇀ ㇇|乛 丨 丶 丶 丶 丶 丶 丶 ㇀ 丿 丶 丶 丿 丿 一 丨 一,false(a20~e19)
6379,霭,ǎi,一 ㇀ ㇇|乛 丨 丶 丶 丶 丶 丶 ㇊ 丨 𠃍 一 一 丿 𠃌 丿 丶 ㇄,false(a20~e19)
6380,霨,wèi,,false(a1~e19)
6381,黼,fǔ,丨 丨 丶 丿 一 丶 丿 丨 𠃌 丨 丿 丶 一 丨 𠃌 一 一 丨 丶,true(a19~e19)
6382,嚯,huò,丨 𠃍 一 一 ㇀ ㇇|乛 丨 丶 丶 丶 丶 丿 丨 丶 一 一 一 丨 一,false(a20~e19)
6383,蹰,chú,丨 𠃍 一 丨 一 丨 ㇀ 一 丿 一 丨 𠃍 一 丶 丿 ㇀ 一 亅 丶,true(a19~e19)
6384,蹶,jué、juě,丨 𠃍 一 丨 一 丨 ㇀ 一 丿 丶 丿 一 ㇄ 丨 丿 丿 ㇇|乛 丿 ㇏,false(a20~e19)
6385,蹽,liāo,,false(a1~e19)
6386,蹼,pǔ,丨 𠃍 一 丨 一 丨 ㇀ 丨 丨 丶 丿 一 丶 丿 一 一 一 丿 ㇏,true(a19~e19)
6387,蹴,cù,丨 𠃍 一 丨 一 丨 ㇀ 丶 一 丨 𠃍 一 亅 丿 丶 一 丿 乚 丶,true(a19~e19)
6388,蹾,dūn,,false(a1~e19)
6389,蹿,cuān,丨 𠃍 一 丨 一 丨 ㇀ 丶 ㇀ ㇇|乛 丿 丶 丨 𠃍 一 丨 𠃍 一 丨,false(a20~e19)
6390,蠖,huò,丨 𠃍 一 丨 一 丶 一 丨 丨 丿 丨 丶 一 一 一 丨 一 ㇇|乛 ㇏,false(a20~e19)
6391,蠓,měng,丨 𠃍 一 丨 一 丶 一 丨 丨 ㇀ ㇇|乛 一 一 丿 ㇁ 丿 丿 丿 ㇏,false(a20~e19)
6392,蟾,chán,丨 𠃍 一 丨 一 丶 丿 ㇇|乛 一 丿 丿 丶 丶 一 一 一 丨 𠃍 一,false(a20~e19)
6393,蠊,lián,丨 𠃍 一 丨 一 丶 丶 一 丿 丶 丿 一 𠃍 一 一 丨 丨 丿 ㇏,true(a19~e19)
6394,黢,qū,丨 𠃍 丶 丿 一 丨 一 ㇀ ㇀ 丶 丶 丶 𠃋 丶 丿 丶 丿 ㇇|乛 ㇏,false(a20~e19)
6395,髋,kuān,丨 𠃍 𠃍 ㇀ ㇇|乛 丨 𠃌 一 一 丶 ㇀ ㇇|乛 一 丨 丨 丨 𠃍 丿 乚,false(a21~e19)
6396,髌,bìn,丨 𠃍 𠃍 ㇀ ㇇|乛 丨 𠃌 一 一 丶 ㇀ ㇇|乛 丿 丨 一 丨 一 丿 丶,false(a21~e19)
6397,镲,chǎ,丿 一 一 一 𠄌 丶 ㇀ ㇇|乛 丿 ㇇|乛 丶 丶 ㇇|乛 ㇏ 一 一 亅 丿 丶,false(a22~e19)
6398,籀,zhòu,丿 一 丶 丿 一 丶 一 亅 ㇀ 丿 𠄌 丶 𠃌 丿 丨 𠃍 一 丨 一,true(a19~e19)
6399,籁,lài,丿 一 丶 丿 一 丶 一 丨 𠃍 一 丨 丿 丶 丿 ㇇|乛 丨 𠃍 丿 丶,false(a20~e19)
6400,齁,hōu,,false(a1~e19)
6401,魑,chī,丿 丨 𠃍 一 一 丿 乚 𠃋 丶 丶 一 丿 丶 ㇄ 丨 丨 𠃌 𠃋 丶,true(a19~e19)
6402,艨,méng,丿 丿 𠃌 丶 一 丶 一 丨 丨 ㇀ ㇇|乛 一 一 丿 ㇁ 丿 丿 丿 ㇏,false(a20~e19)
6403,鳓,lè,丿 ㇇|乛 丨 𠃍 一 丨 一 ㇀ 一 丨 丨 一 丨 𠃍 一 一 丨 𠃌 丿,false(a20~e19)
6404,鳔,biào,丿 ㇇|乛 丨 𠃍 一 丨 一 ㇀ 一 丨 𠃍 丨 丨 一 一 一 亅 丿 丶,false(a20~e19)
6405,鳕,xuě,丿 ㇇|乛 丨 𠃍 一 丨 一 ㇀ 一 ㇀ ㇇|乛 丨 丶 丶 丶 丶 𠃍 一 一,false(a21~e19)
6406,鳗,mán,丿 ㇇|乛 丨 𠃍 一 丨 一 ㇀ 丨 𠃍 一 一 丨 𠃍 丨 丨 一 ㇇|乛 ㇏,false(a21~e19)
6407,鳙,yōng,丿 ㇇|乛 丨 𠃍 一 丨 一 ㇀ 丶 一 丿 𠃍 一 一 丨 𠃌 一 一 丨,false(a20~e19)
6408,麒,qí,丶 一 丿 𠃍 丨 丨 一 一 𠄌 一 𠄌 一 丨 丨 一 一 一 丿 丶,true(a19~e19)
6409,鏖,áo,丶 一 丿 𠃍 丨 丨 一 一 𠄌 丿 乚 丿 ㇏ 一 一 丨 丶 丿 一,true(a19~e19)
6410,羸,léi,丶 一 ㇄ 丨 𠃍 一 丿 𠃌 一 一 丶 丿 一 一 一 丨 丿 ⺄ 丶,true(a19~e19)
6411,㸆,kào,,false(a1~e19)
6412,瀚,hàn,丶 丶 ㇀ 一 丨 丨 𠃍 一 一 一 丨 丿 ㇏ 𠃌 丶 ㇀ 𠃌 丶 ㇀,true(a19~e19)
6413,瀣,xiè,丶 丶 ㇀ 丨 一 丿 ㇇|乛 丶 ㇇|乛 ㇏ 丨 一 一 一 丨 一 一 一 一,false(a21~e19)
6414,瀛,yíng,丶 丶 ㇀ 丶 一 ㇄ 丨 𠃍 一 丿 𠃌 一 一 𡿨 丿 一 丿 ⺄ 丶,true(a19~e19)
6415,襦,rú,丶 ㇇|乛 丨 丿 丶 一 ㇀ ㇇|乛 丨 丶 丶 丶 丶 一 丿 丨 𠃌 丨 丨,false(a21~e19)
6416,谶,chèn,丶 ㇊ 丿 丶 丿 丶 一 丨 一 一 一 丨 一 一 一 ㇀ ㇂|㇃ 丿 丶,false(a20~e19)
6417,襞,bì,𠃍 一 丿 丨 𠃍 一 丶 一 丶 丿 一 一 丨 丶 一 丿 𠄌 丿 ㇏,true(a19~e19)
6418,骥,jì,𠃍 ㇉ ㇀ 丨 一 ㇀ 丿 乚 丨 𠃍 一 丨 一 一 丨 丨 一 丿 丶,true(a19~e19)
6419,缵,zuǎn,𠃋 𠃋 ㇀ 丿 一 丨 一 丿 𠄌 丿 一 丨 一 丿 乚 丨 𠃍 丿 丶,true(a19~e19)
6420,瓒,zàn,一 一 丨 ㇀ 丿 一 丨 一 丿 𠄌 丿 一 丨 一 丿 乚 丨 𠃍 丿 丶,true(a20~e20)
6421,攘,rǎng,一 亅 ㇀ 丶 一 丨 𠃍 一 丨 𠃍 一 一 一 丨 丨 一 丿 𠄌 丿 ㇏,true(a20~e20)
6422,蘩,fán,一 丨 丨 丿 一 ㇄ 𠃍 丶 一 丶 丿 一 丿 ㇏ 𠃋 𠃋 丶 亅 丿 丶,true(a20~e20)
6423,蘖,niè,一 丨 丨 丿 丨 𠃍 一 𠃍 一 丶 一 丶 丿 一 一 丨 一 丨 丿 ㇏,true(a20~e20)
6424,醴,lǐ,一 丨 𠃍 丿 ㇄ 一 一 丨 𠃍 一 丨 丨 一 一 丨 𠃍 一 丶 丿 一,true(a20~e20)
6425,霰,xiàn,一 ㇀ ㇇|乛 丨 丶 丶 丶 丶 一 丨 丨 一 丨 𠃌 一 一 丿 一 丿 ㇏,false(a21~e20)
6426,酆,fēng,丨 一 一 一 丨 一 一 一 丨 ㇄ 丨 一 丨 𠃍 一 丶 丿 ㇀ 𠄎|㇌ 丨,false(a21~e20)
6427,矍,jué,丨 𠃍 一 一 一 丨 𠃍 一 一 一 丿 丨 丶 一 一 一 丨 一 ㇇|乛 ㇏,false(a21~e20)
6428,曦,xī,丨 𠃍 一 一 丶 丿 一 一 丨 一 丿 一 丨 丿 丶 一 ㇉ ㇂|㇃ 丿 丶,false(a21~e20)
6429,躅,zhú,丨 𠃍 一 丨 一 丨 ㇀ 丨 𠃍 丨 丨 一 丿 𠃌 丨 𠃍 一 丨 一 丶,true(a20~e20)
6430,鼍,tuó,丨 𠃍 一 丨 𠃍 一 丨 𠃍 一 丨 一 一 丨 𠃍 一 丨 𠃍 一 一 乚,true(a20~e20)
6431,巉,chán,,false(a1~e20)
6432,黩,dú,丨 𠃍 丶 丿 一 丨 一 ㇀ ㇀ 丶 丶 丶 一 丨 ㇇|乛 丶 丶 一 丿 丶,false(a21~e20)
6433,黥,qíng,丨 𠃍 丶 丿 一 丨 一 ㇀ ㇀ 丶 丶 丶 丶 一 丨 𠃍 一 亅 丿 丶,true(a20~e20)
6434,黪,cǎn,丨 𠃍 丶 丿 一 丨 一 ㇀ ㇀ 丶 丶 丶 𠃋 丶 一 丿 ㇏ 丿 丿 丿,true(a20~e20)
6435,镳,biāo,丿 一 一 一 𠄌 丶 一 丿 𠃍 丨 丨 一 一 𠄌 丿 乚 ㇀ 丶 丶 丶,true(a20~e20)
6436,镴,là,,false(a1~e20)
6437,黧,lí,丿 一 丨 丿 丶 丿 𠃌 丿 丨 𠃍 丶 丿 一 丨 一 一 ㇀ 丶 丶 丶,true(a20~e20)
6438,纂,zuǎn,丿 一 丶 丿 一 丶 丨 𠃍 一 一 一 一 丿 ㇏ 𠃋 𠃋 丶 亅 丿 丶,true(a20~e20)
6439,璺,wèn,丿 丨 一 一 丨 𠃍 一 丨 𠃍 一 𠃍 一 一 ㇀ ㇇|乛 一 一 丨 一 丶,false(a21~e20)
6440,鼯,wú,丿 丨 一 𠃍 一 一 𠄌 丶 丶 𠄌 丶 丶 ㇂|㇃ 一 丨 𠃍 一 丨 𠃍 一,false(a21~e20)
6441,臜,zā,,false(a1~e20)
6442,鳜,guì、jué,丿 ㇇|乛 丨 𠃍 一 丨 一 ㇀ 一 丿 丶 丿 一 ㇄ 丨 丿 丿 ㇇|乛 丿 ㇏,false(a22~e20)
6443,鳝,shàn,丿 ㇇|乛 丨 𠃍 一 丨 一 ㇀ 丶 丿 一 一 一 丨 丶 丿 一 丨 𠃍 一,false(a21~e20)
6444,鳟,zūn,丿 ㇇|乛 丨 𠃍 一 丨 一 ㇀ 丶 丿 一 丨 𠃍 丿 ㇄ 一 一 一 亅 丶,false(a21~e20)
6445,獾,huān,丿 ㇁ 丿 一 丨 丨 丨 𠃍 一 丨 𠃍 一 丿 丨 丶 一 一 一 丨 一,true(a20~e20)
6446,孀,shuāng,𡿨 丿 一 一 ㇀ ㇇|乛 丨 丶 丶 丶 丶 一 丨 丿 丶 丨 𠃍 一 一 一,false(a21~e20)
6447,骧,xiāng,𠃍 ㇉ ㇀ 丶 一 丨 𠃍 一 丨 𠃍 一 一 一 丨 丨 一 丿 𠄌 丿 ㇏,true(a20~e20)
6448,瓘,guàn,,false(a1~e21)
6449,鼙,pí,一 丨 一 丨 𠃍 一 丶 丿 ㇀ 一 丨 ㇇|乛 ㇏ 丿 丨 𠃍 一 一 丿 一 丨,false(a22~e21)
6450,醺,xūn,一 丨 𠃍 丿 ㇄ 一 一 丿 一 丨 𠃍 丶 丿 一 丨 一 一 ㇀ 丶 丶 丶,true(a21~e21)
6451,礴,bó,一 丿 丨 𠃍 一 一 丨 丨 丶 丶 ㇀ 一 丨 𠃍 一 一 丨 丶 一 亅 丶,true(a21~e21)
6452,颦,pín,丨 一 丨 一 丨 丿 丿 一 丿 丨 𠃍 丿 丶 丿 丨 𠃍 一 一 丿 一 丨,true(a21~e21)
6453,曩,nǎng,丨 𠃍 一 一 丶 一 丨 𠃍 一 丨 𠃍 一 一 一 丨 丨 一 丿 𠄌 丿 ㇏,true(a21~e21)
6454,鳢,lǐ,丿 ㇇|乛 丨 𠃍 一 丨 一 ㇀ 丨 𠃍 一 丨 丨 一 一 丨 𠃍 一 丶 丿 一,false(a22~e21)
6455,癫,diān,丶 一 丿 丶 ㇀ 一 丨 丨 𠃍 一 一 一 一 丿 丶 一 丿 丨 𠃍 丿 丶,true(a21~e21)
6456,麝,shè,丶 一 丿 𠃍 丨 丨 一 一 𠄌 丿 乚 丿 丨 𠃌 一 一 一 丿 一 亅 丶,true(a21~e21)
6457,夔,kuí,丶 丿 一 丿 丨 𠃍 一 一 一 丨 一 丨 ㇀ 𠃍 一 乚 丿 丶 丿 ㇇|乛 ㇏,false(a22~e21)
6458,爝,jué,㇀ 丿 丿 丶 丿 丶 丶 丿 丨 𠃍 丨 丨 一 𠃍 一 一 𠄌 丶 一 亅 丶,true(a21~e21)
6459,灏,hào,丶 丶 ㇀ 丨 𠃍 一 一 丶 一 丨 𠃍 一 亅 丿 丶 一 丿 丨 𠃍 丿 丶,true(a21~e21)
6460,禳,ráng,丶 ㇇|乛 丨 丶 丶 一 丨 𠃍 一 丨 𠃍 一 一 一 丨 丨 一 丿 𠄌 丿 ㇏,false(a22~e21)
6461,鐾,bèi,𠃍 一 丿 丨 𠃍 一 丶 一 丶 丿 一 一 丨 丿 ㇏ 一 一 丨 丶 丿 一,true(a21~e21)
6462,羼,chàn,𠃍 一 丿 丶 丿 一 一 一 丨 丶 丿 一 一 一 丿 丶 丿 一 一 一 丨,true(a21~e21)
6463,蠡,lí、lǐ,𠃋 ㇇|乛 一 丿 ㇁ 丿 丿 丿 ㇏ 丨 𠃍 一 丨 一 丶 丨 𠃍 一 丨 一 丶,false(a22~e21)
6464,耱,mò,一 一 一 丨 丿 丶 丶 一 丿 一 丨 丿 丶 一 丨 丿 ㇏ 一 丿 丨 𠃍 一,true(a22~e22)
6465,懿,yì,一 丨 一 ㇀ ㇇|乛 一 丨 𠃍 一 丶 丿 ㇀ 丶 ㇀ 丿 ㇇|乛 丿 ㇏ ㇀ ㇂|㇃ 丶 丶,false(a25~e22)
6466,蘸,zhàn,一 丨 丨 一 丨 𠃍 丿 ㇄ 一 一 丿 丨 丶 一 一 一 丨 一 ㇀ 丶 丶 丶,true(a22~e22)
6467,鹳,guàn,一 丨 丨 丨 𠃍 一 丨 𠃍 一 丿 丨 丶 一 一 一 丨 一 丿 𠃌 丶 ㇉ 一,true(a22~e22)
6468,霾,mái,一 ㇀ ㇇|乛 丨 丶 丶 丶 丶 丿 丶 丶 丿 ㇁ 丿 丿 丨 𠃍 一 一 丨 一 一,false(a23~e22)
6469,氍,qú,丨 𠃍 一 一 一 丨 𠃍 一 一 一 丿 丨 丶 一 一 一 丨 一 丿 一 一 乚,true(a22~e22)
6470,饕,tāo,丨 𠃍 一 一 ㇉ 丨 一 ㇇|乛 丿 一 乚 丿 ⺄ 丿 ㇏ 丶 𠃍 一 一 𠄌 丿 丶,false(a23~e22)
6471,躐,liè,丨 𠃍 一 丨 一 丨 ㇀ 𡿨 𡿨 𡿨 丨 𠃍 丿 丶 一 𠄌 丶 丶 𠄌 丶 丶 ㇂|㇃,false(a23~e22)
6472,髑,dú,丨 𠃍 𠃍 ㇀ ㇇|乛 丨 𠃌 一 一 丨 𠃍 丨 丨 一 丿 𠃌 丨 𠃍 一 丨 一 丶,false(a23~e22)
6473,镵,chán,,false(a1~e22)
6474,穰,ráng,丿 一 丨 丿 丶 丶 一 丨 𠃍 一 丨 𠃍 一 一 一 丨 丨 一 丿 𠄌 丿 ㇏,true(a22~e22)
6475,饔,yōng,丶 一 𠃋 𠃋 丿 丿 丨 丶 一 一 一 丨 一 丿 ㇏ 丶 𠃍 一 一 𠄌 丿 丶,true(a22~e22)
6476,鬻,yù,𠃍 一 ㇉ 丶 丿 一 丨 丿 丶 𠃍 一 ㇉ 一 丨 𠃍 一 丨 𠃌 丶 丿 一 丨,true(a22~e22)
6477,鬟,huán,一 丨 一 一 一 𠃋 丶 丿 丿 丿 丨 𠃍 丨 丨 一 一 丨 𠃍 一 丿 𠄌 丿 ㇏,true(a23~e23)
6478,趱,zǎn,一 丨 一 丨 一 丿 ㇏ 丿 一 丨 一 丿 𠄌 丿 一 丨 一 丿 乚 丨 𠃍 丿 丶,true(a23~e23)
6479,攫,jué,一 亅 ㇀ 丨 𠃍 一 一 一 丨 𠃍 一 一 一 丿 丨 丶 一 一 一 丨 一 ㇇|乛 ㇏,false(a24~e23)
6480,攥,zuàn,一 亅 ㇀ 丿 一 丶 丿 一 丶 丨 𠃍 一 一 一 一 丿 ㇏ 𠃋 𠃋 丶 亅 丿 丶,true(a23~e23)
6481,颧,quán,一 丨 丨 丨 𠃍 一 丨 𠃍 一 丿 丨 丶 一 一 一 丨 一 一 丿 丨 𠃍 丿 丶,true(a23~e23)
6482,躜,zuān,丨 𠃍 一 丨 一 丨 ㇀ 丿 一 丨 一 丿 𠄌 丿 一 丨 一 丿 乚 丨 𠃍 丿 丶,true(a23~e23)
6483,鼹,yǎn,丿 丨 一 𠃍 一 一 𠄌 丶 丶 𠄌 丶 丶 ㇂|㇃ 丨 𠃍 一 一 丶 ㇀ ㇇|乛 𡿨 丿 一,false(a25~e23)
6484,癯,qú,丶 一 丿 丶 ㇀ 丨 𠃍 一 一 一 丨 𠃍 一 一 一 丿 丨 丶 一 一 一 丨 一,true(a23~e23)
6485,麟,lín,丶 一 丿 𠃍 丨 丨 一 一 𠄌 一 𠄌 丶 丿 一 丨 丿 ㇏ 丿 ㇇|乛 丶 一 𠃋 丨,false(a24~e23)
6486,蠲,juān,丶 丿 一 丿 丶 丨 𠃍 丨 丨 ㇀ 丨 𠃍 丨 丨 一 丿 𠃌 丨 𠃍 一 丨 一 丶,true(a23~e23)
6487,蠹,dù,一 丨 𠃍 一 丨 ㇀ ㇇|乛 一 丿 丨 𠃍 一 丨 𠃍 一 丨 一 丶 丨 𠃍 一 丨 一 丶,false(a25~e24)
6488,躞,xiè,丨 𠃍 一 丨 一 丨 ㇀ 丶 一 一 一 丨 𠃍 一 ㇀ 丿 丿 丶 ㇀ 丿 丿 丶 ㇇|乛 ㇏,false(a25~e24)
6489,衢,qú,丿 丿 丨 丨 𠃍 一 一 一 丨 𠃍 一 一 一 丿 丨 丶 一 一 一 丨 一 一 一 亅,true(a24~e24)
6490,鑫,xīn,丿 ㇏ 一 一 丨 丶 丿 一 丿 ㇏ 一 一 丨 丶 丿 ㇀ 丿 ㇏ 一 一 丨 丶 丿 一,true(a24~e24)
6491,灞,bà,丶 丶 ㇀ 一 ㇀ ㇇|乛 丨 丶 丶 丶 丶 一 丨 丨 一 丨 𠃍 一 一 丨 丿 𠃌 一 一,false(a25~e24)
6492,襻,pàn,丶 ㇇|乛 丨 丿 丶 一 丨 丿 丶 丿 丶 丿 丶 一 丨 丿 丶 一 丿 ㇏ 丿 一 一 亅,false(a25~e24)
6493,纛,dào,一 一 丨 一 ㇄ 𠃍 丶 一 丶 丨 𠃍 一 一 一 一 亅 丿 丶 丿 𠃋 𠃋 丶 亅 丿 丶,true(a25~e25)
6494,鬣,liè,一 丨 一 一 一 𠃋 丶 丿 丿 丿 𡿨 𡿨 𡿨 丨 𠃍 丿 丶 一 𠄌 丶 丶 𠄌 丶 丶 ㇂|㇃,false(a26~e25)
6495,攮,nǎng,一 亅 ㇀ 一 丨 𠃍 一 丨 ㇀ ㇇|乛 丨 𠃍 一 丨 𠃍 一 一 一 丨 丨 一 丿 𠄌 丿 ㇏,false(a26~e25)
6496,囔,nāng,丨 𠃍 一 一 丨 𠃍 一 丨 ㇀ ㇇|乛 丨 𠃍 一 丨 𠃍 一 一 一 丨 丨 一 丿 𠄌 丿 ㇏,false(a26~e25)
6497,馕,náng、nǎng,丿 ㇇|乛 𠄌 一 丨 𠃍 一 丨 ㇀ ㇇|乛 丨 𠃍 一 丨 𠃍 一 一 一 丨 丨 一 丿 𠄌 丿 ㇏,false(a27~e25)
6498,戆,gàng、zhuàng,丶 一 丶 丿 一 丨 𠃍 一 一 一 丨 丿 ㇇|乛 ㇏ 一 丨 一 丨 𠃍 丿 丶 ㇀ ㇂|㇃ 丶 丶,false(a27~e25)
6499,爨,cuàn,丿 丨 一 一 丨 𠃍 一 丨 𠃍 一 𠃍 一 一 ㇀ ㇇|乛 一 丨 丿 丶 一 丨 丿 丶 一 丿 ㇏ ㇀ 丿 丿 丶,false(a31~e30)
6500,齉,nàng,丿 丨 𠃍 一 一 一 丨 𠃍 一 丨 一 一 丿 丨 一 丨 𠃍 一 丨 ㇀ ㇇|乛 丨 𠃍 一 丨 𠃍 一 一 一 丨 丨 一 丿 𠄌 丿 ㇏,false(a37~e36)
6501,亍,chù,一 一 亅,true(a3~e3)
6502,尢,yóu、wāng,一 丿 乚,true(a3~e3)
6503,彳,chì,,false(a1~e3)
6504,卬,yǎng、áng,,false(a1~e4)
6505,殳,shū,丿 ㇅|㇍ ㇇|乛 ㇏,false(a6~e4)
6506,𠙶,ǒu,,false(a1~e4)
6507,毌,guàn、wān,,false(a1~e4)
6508,邘,yú,,false(a1~e5)
6509,戋,jiān,一 一 ㇂|㇃ 丿 丶,false(a6~e5)
6510,圢,tǐng,,false(a1~e5)
6511,氕,piē,丿 一 一 ⺄ 丿,true(a5~e5)
6512,伋,jí,,false(a1~e5)
6513,仝,tóng,丿 ㇏ 一 丨 一,true(a5~e5)
6514,冮,gāng,,false(a1~e5)
6515,氿,guǐ、jiǔ,,false(a1~e5)
6516,汈,diāo,,false(a1~e5)
6517,氾,fán,,false(a1~e5)
6518,忉,dāo,㇀ 丶 丨 𠃌 丿,true(a5~e5)
6519,宄,guǐ,丶 ㇀ ㇇|乛 丿 ⺄,false(a6~e5)
6520,𬣙,xū,,false(a1~e5)
6521,讱,rèn,,false(a1~e5)
6522,扞,hàn,,false(a1~e6)
6523,圲,qiān,,false(a1~e6)
6524,圫,yù、zhūn,,false(a1~e6)
6525,芏,dù,一 丨 丨 一 丨 一,true(a6~e6)
6526,芃,péng,一 丨 丨 丿 ⺄ 丶,true(a6~e6)
6527,朳,bā,,false(a1~e6)
6528,朸,lì,,false(a1~e6)
6529,𨙸,qí,,false(a1~e6)
6530,邨,cūn,一 ㇄ 丨 𠄌 𠄎|㇌ 丨,false(a7~e6)
6531,吒,zhà、zhā,丨 𠃍 一 丿 一 乚,true(a6~e6)
6532,吖,yā、ā,丨 𠃍 一 丶 丿 丨,true(a6~e6)
6533,屼,wù,,false(a1~e6)
6534,屾,shēn,丨 ㇄ 丨 丨 ㇄ 丨,true(a6~e6)
6535,辿,chān,,false(a1~e6)
6536,钆,gá,丿 一 一 一 𠄌 乚,true(a6~e6)
6537,仳,pǐ、pí,丿 丨 一 𠄌 丿 乚,true(a6~e6)
6538,伣,qiàn,,false(a1~e6)
6539,伈,xǐn,,false(a1~e6)
6540,癿,bié,,false(a1~e6)
6541,甪,lù,丿 丿 𠃌 一 一 丨,true(a6~e6)
6542,邠,bīn,,false(a1~e6)
6543,犴,hān、àn,丿 ㇁ 丿 一 一 丨,true(a6~e6)
6544,冱,hù,丶 ㇀ 一 𠃋 ㇇|乛 一,false(a7~e6)
6545,邡,fāng,丶 一 𠃌 丿 𠄎|㇌ 丨,false(a7~e6)
6546,闫,yán,丶 丨 𠃌 一 一 一,true(a6~e6)
6547,𬇕,wàn,,false(a1~e6)
6548,汋,zhuó、què,,false(a1~e6)
6549,䜣,xīn,,false(a1~e6)
6550,讻,xiōng,,false(a1~e6)
6551,𬣞,zhǔ,,false(a1~e6)
6552,孖,zī、mā,㇇|乛 亅 ㇀ ㇇|乛 亅 一,false(a8~e6)
6553,𬘓,xún,,false(a1~e6)
6554,纩,kuàng,𠃋 𠃋 ㇀ 丶 一 丿,true(a6~e6)
6555,玒,hóng,,false(a1~e7)
6556,玓,dì,,false(a1~e7)
6557,玘,qǐ,,false(a1~e7)
6558,玚,chàng、yáng,,false(a1~e7)
6559,刬,chǎn、chàn,,false(a1~e7)
6560,𫭟,ōu、qū,,false(a1~e7)
6561,坜,lì,一 丨 ㇀ 一 丿 𠃌 丿,true(a7~e7)
6562,坉,tún、dùn,,false(a1~e7)
6563,扽,dèn,,false(a1~e7)
6564,𫭢,lǔn,,false(a1~e7)
6565,坋,bèn、fèn,,false(a1~e7)
6566,扺,zhǐ,,false(a1~e7)
6567,㧑,huī,,false(a1~e7)
6568,毐,ǎi,,false(a1~e7)
6569,芰,jì,一 丨 丨 一 丨 ㇇|乛 ㇏,false(a8~e7)
6570,芣,fú,,false(a1~e7)
6571,苊,è,一 丨 丨 一 丿 𠃌 乚,true(a7~e7)
6572,苉,pǐ,,false(a1~e7)
6573,芘,bì、pí,一 丨 丨 一 𠄌 丿 乚,true(a7~e7)
6574,芴,wù、hū,一 丨 丨 丿 𠃌 丿 丿,true(a7~e7)
6575,芠,wén,,false(a1~e7)
6576,𫇭,wěi,,false(a1~e7)
6577,芤,kōu,一 丨 丨 ㇇|乛 亅 ㇀ 乚,false(a8~e7)
6578,杕,dì、duò,,false(a1~e7)
6579,杙,yì,,false(a1~e7)
6580,杄,qiān,,false(a1~e7)
6581,杧,máng,,false(a1~e7)
6582,杩,mǎ、mà,一 丨 丿 丶 𠃍 ㇉ 一,true(a7~e7)
6583,尪,wāng,,false(a1~e7)
6584,尨,lóng、máng、méng、páng,,false(a1~e7)
6585,轪,dài,,false(a1~e7)
6586,𫐄,yuè,,false(a1~e7)
6587,坒,bì,,false(a1~e7)
6588,芈,mǐ,丨 一 丨 一 一 一 丨,true(a7~e7)
6589,旴,xū、xù,,false(a1~e7)
6590,旵,chǎn,,false(a1~e7)
6591,呙,wāi、hé、wǒ、wā、guǎ、guō,丨 𠃍 一 丨 𠃌 丿 丶,true(a7~e7)
6592,㕮,fǔ,,false(a1~e7)
6593,岍,qiān,丨 ㇄ 丨 一 一 丿 丨,true(a7~e7)
6594,𫵷,lì,,false(a1~e7)
6595,岠,jù,,false(a1~e7)
6596,岜,bā,丨 ㇄ 丨 𠃍 丨 一 乚,true(a7~e7)
6597,呇,mèn,,false(a1~e7)
6598,冏,jiǒng,,false(a1~e7)
6599,觃,yàn,,false(a1~e7)
6600,岙,ào,丿 一 丿 ㇏ 丨 ㇄ 丨,true(a7~e7)
6601,伾,pī,,false(a1~e7)
6602,㑇,zhòu,,false(a1~e7)
6603,伭,xián、xuán,,false(a1~e7)
6604,佖,bì,,false(a1~e7)
6605,伲,nǐ、nì,丿 丨 𠃍 一 丿 丿 乚,true(a7~e7)
6606,佁,yǐ、chì,,false(a1~e7)
6607,飏,yáng,丿 ⺄ 丿 丶 𠄎|㇌ 丿 丿,false(a8~e7)
6608,狃,niǔ,丿 ㇁ 丿 𠃍 丨 一 一,true(a7~e7)
6609,闶,kàng、kāng,丶 丨 𠃌 丶 一 丿 ⺄,true(a7~e7)
6610,汧,qiān,,false(a1~e7)
6611,汫,jǐng,,false(a1~e7)
6612,𣲘,wǔ,,false(a1~e7)
6613,𣲗,wéi,,false(a1~e7)
6614,沄,yún,,false(a1~e7)
6615,沘,bǐ,,false(a1~e7)
6616,𬇙,bèi,,false(a1~e7)
6617,汭,ruì,,false(a1~e7)
6618,㳇,fù,,false(a1~e7)
6619,沇,yǎn,,false(a1~e7)
6620,忮,zhì,㇀ 丶 丨 一 丨 ㇇|乛 ㇏,false(a8~e7)
6621,忳,tún、zhūn、dùn,,false(a1~e7)
6622,忺,xiān,,false(a1~e7)
6623,𬣡,jiàn,,false(a1~e7)
6624,祃,mà,,false(a1~e7)
6625,诇,xiòng,,false(a1~e7)
6626,邲,bì,,false(a1~e7)
6627,诎,qū,丶 ㇊ ㇄ 丨 丨 ㇄ 丨,true(a7~e7)
6628,诐,bì,,false(a1~e7)
6629,屃,xì,,false(a1~e7)
6630,𫸩,kōu,,false(a1~e7)
6631,岊,jié,,false(a1~e7)
6632,阽,diàn,𠄎|㇌ 丨 丨 一 丨 𠃍 一,false(a8~e7)
6633,䢺,chū,,false(a1~e7)
6634,阼,zuò,𠄎|㇌ 丨 丿 一 丨 一 一,false(a8~e7)
6635,妧,wàn、yuán,,false(a1~e7)
6636,妘,yún,,false(a1~e7)
6637,𨚕,biàn,,false(a1~e7)
6638,纮,hóng,,false(a1~e7)
6639,驲,rì,,false(a1~e7)
6640,𫘜,wén,,false(a1~e7)
6641,纻,zhù,,false(a1~e7)
6642,𬘘,dǎn,,false(a1~e7)
6643,𫘝,jué,,false(a1~e7)
6644,纼,zhèn,,false(a1~e7)
6645,玤,bàng,,false(a1~e8)
6646,玞,fū,,false(a1~e8)
6647,玱,qiāng、cāng,,false(a1~e8)
6648,玟,mín、wén,一 一 丨 ㇀ 丶 一 丿 ㇏,true(a8~e8)
6649,邽,guī,,false(a1~e8)
6650,邿,shī,,false(a1~e8)
6651,坥,qū,,false(a1~e8)
6652,坰,jiōng,,false(a1~e8)
6653,坬,guà、wā,,false(a1~e8)
6654,坽,líng,,false(a1~e8)
6655,弆,jǔ,,false(a1~e8)
6656,耵,dīng,一 丨 丨 一 一 ㇀ 一 亅,true(a8~e8)
6657,䢼,gōng,,false(a1~e8)
6658,𦭜,zhī,,false(a1~e8)
6659,茋,dǐ,,false(a1~e8)
6660,苧,zhù、níng,,false(a1~e8)
6661,苾,bì,,false(a1~e8)
6662,苠,mín,一 丨 丨 𠃍 一 𠄌 一 ㇂|㇃,false(a9~e8)
6663,枅,jī,,false(a1~e8)
6664,㭎,gāng,,false(a1~e8)
6665,枘,ruì,一 丨 丿 丶 丨 𠃌 丿 丶,true(a8~e8)
6666,枍,yì,,false(a1~e8)
6667,矼,gāng、qiāng、kòng,,false(a1~e8)
6668,矻,kū,,false(a1~e8)
6669,匼,kē、qià,,false(a1~e8)
6670,𬨂,qí,,false(a1~e8)
6671,𬀩,wěi,,false(a1~e8)
6672,𬀪,xiàn,,false(a1~e8)
6673,旿,wù、wǔ,,false(a1~e8)
6674,昇,shēng,丨 𠃍 一 一 丿 一 丿 丨,true(a8~e8)
6675,昄,bǎn,,false(a1~e8)
6676,昒,hū,,false(a1~e8)
6677,昈,hù,,false(a1~e8)
6678,咉,yāng,,false(a1~e8)
6679,咇,bì,,false(a1~e8)
6680,咍,hāi,,false(a1~e8)
6681,岵,hù,丨 ㇄ 丨 一 丨 丨 𠃍 一,true(a8~e8)
6682,岽,dōng,丨 ㇄ 丨 一 𠃋 亅 丿 丶,true(a8~e8)
6683,岨,jū、qū,,false(a1~e8)
6684,岞,zuò,,false(a1~e8)
6685,峂,tóng,,false(a1~e8)
6686,㟃,sī,,false(a1~e8)
6687,囷,qūn,,false(a1~e8)
6688,𬬩,yì,,false(a1~e8)
6689,钐,shān、shàn,丿 一 一 一 𠄌 丿 丿 丿,true(a8~e8)
6690,钔,mén,丿 一 一 一 𠄌 丶 丨 𠃌,true(a8~e8)
6691,钖,yáng,,false(a1~e8)
6692,牥,fāng,,false(a1~e8)
6693,佴,èr、nài,丿 丨 一 丨 丨 一 一 一,true(a8~e8)
6694,垈,dài,,false(a1~e8)
6695,侁,shēn,,false(a1~e8)
6696,侹,tǐng,,false(a1~e8)
6697,佸,huó,,false(a1~e8)
6698,佺,quán,丿 丨 丿 ㇏ 一 一 丨 一,true(a8~e8)
6699,隹,zhuī、cuī、wéi,丿 丨 丶 一 一 一 丨 一,true(a8~e8)
6700,㑊,yì,,false(a1~e8)
6701,侂,tuō,,false(a1~e8)
6702,佽,cì,,false(a1~e8)
6703,侘,chà,,false(a1~e8)
6704,郈,hòu,,false(a1~e8)
6705,舠,dāo,,false(a1~e8)
6706,郐,kuài,丿 丶 一 一 𠃋 丶 𠄎|㇌ 丨,false(a9~e8)
6707,郃,hé,,false(a1~e8)
6708,攽,bān,,false(a1~e8)
6709,肭,nà,丿 𠃌 一 一 丨 𠃌 丿 丶,true(a8~e8)
6710,肸,xī,,false(a1~e8)
6711,肷,qiǎn,丿 𠃌 一 一 丿 ㇇|乛 丿 ㇏,false(a9~e8)
6712,狉,pī,,false(a1~e8)
6713,狝,xiǎn,,false(a1~e8)
6714,饳,duò,,false(a1~e8)
6715,忞,mǐn、wěn、mín,,false(a1~e8)
6716,於,yū、yú,丶 一 𠃌 丿 丿 ㇏ 丶 丶,true(a8~e8)
6717,炌,kài,,false(a1~e8)
6718,炆,wén,,false(a1~e8)
6719,泙,pēng、píng,,false(a1~e8)
6720,沺,tián,,false(a1~e8)
6721,泂,jiǒng,,false(a1~e8)
6722,泜,zhī,,false(a1~e8)
6723,泃,jū,丶 丶 ㇀ 丿 𠃌 丨 𠃍 一,true(a8~e8)
6724,泇,jiā,,false(a1~e8)
6725,怊,chāo,㇀ 丶 丨 𠃌 丿 丨 𠃍 一,true(a8~e8)
6726,峃,xué,,false(a1~e8)
6727,穸,xī,丶 ㇀ ㇇|乛 丿 丶 丿 ㇇|乛 丶,false(a10~e8)
6728,祋,duì,,false(a1~e8)
6729,祊,bēng、fāng,,false(a1~e8)
6730,𫍣,tóng,,false(a1~e8)
6731,𬣳,hěn,,false(a1~e8)
6732,𬩽,xún,,false(a1~e8)
6733,鸤,shī,,false(a1~e8)
6734,弢,tāo,𠃍 一 ㇉ 丨 ㇄ 丨 ㇇|乛 ㇏,false(a9~e8)
6735,弨,chāo,,false(a1~e8)
6736,陑,ér,,false(a1~e8)
6737,𬮿,gài,,false(a1~e8)
6738,陎,shū,,false(a1~e8)
6739,𬯀,jī,,false(a1~e8)
6740,卺,jǐn,㇇|乛 亅 ㇇|乛 丿 ㇏ 一 𠃌 乚,false(a10~e8)
6741,乸,nǎ,,false(a1~e8)
6742,妭,bá,,false(a1~e8)
6743,姈,líng,,false(a1~e8)
6744,𫰛,xíng,,false(a1~e8)
6745,迳,jìng,㇇|乛 丶 一 丨 一 丶 ㇋ ㇏,false(a9~e8)
6746,叕,zhuó、yǐ、lì、jué,㇇|乛 丶 ㇇|乛 丶 ㇇|乛 丶 ㇇|乛 ㇏,false(a12~e8)
6747,𬳵,pī,,false(a1~e8)
6748,驵,zǎng,𠃍 ㇉ ㇀ 丨 𠃍 一 一 一,true(a8~e8)
6749,𬳶,jiōng,,false(a1~e8)
6750,䌹,jiǒng,,false(a1~e8)
6751,驺,zōu,𠃍 ㇉ ㇀ 丿 ㇇|乛 𠃍 一 一,false(a9~e8)
6752,𫠊,xuán,,false(a1~e8)
6753,绋,fú,𠃋 𠃋 ㇀ 𠃍 一 ㇉ 丿 丨,true(a8~e8)
6754,绐,dài,𠃋 𠃋 ㇀ 𠃋 丶 丨 𠃍 一,true(a8~e8)
6755,砉,xū、huā,一 一 一 丨 一 丿 丨 𠃍 一,true(a9~e9)
6756,耔,zǐ,一 一 一 丨 丿 丶 ㇇|乛 亅 一,false(a10~e9)
6757,㛃,jié,,false(a1~e9)
6758,玶,píng,,false(a1~e9)
6759,珇,zǔ、jù,,false(a1~e9)
6760,珅,shēn,一 一 丨 ㇀ 丨 𠃍 一 一 丨,true(a9~e9)
6761,𬍛,lì,,false(a1~e9)
6762,珋,liǔ,,false(a1~e9)
6763,玹,xuán、xián,一 一 丨 ㇀ 丶 一 𠃋 𠃋 丶,true(a9~e9)
6764,珌,bì,,false(a1~e9)
6765,玿,sháo,,false(a1~e9)
6766,韨,fú,,false(a1~e9)
6767,垚,yáo,一 丨 一 一 丨 ㇀ 一 丨 一,true(a9~e9)
6768,垯,da,,false(a1~e9)
6769,垙,guāng,,false(a1~e9)
6770,垲,kǎi,一 丨 ㇀ 丨 ㇄ 丨 𠃍 一 乚,true(a9~e9)
6771,埏,yán、shān,一 丨 ㇀ 丿 丨 一 ㇄ ㇋ ㇏,true(a9~e9)
6772,垍,jì,,false(a1~e9)
6773,耇,gǒu,,false(a1~e9)
6774,鿍,gàng,,false(a1~e9)
6775,垎,hè,,false(a1~e9)
6776,垴,nǎo,一 丨 ㇀ 丶 一 丿 丶 ㇄ 丨,true(a9~e9)
6777,垟,yáng,一 丨 ㇀ 丶 丿 一 一 一 丨,true(a9~e9)
6778,垞,chá,,false(a1~e9)
6779,挓,zhā,,false(a1~e9)
6780,垵,ān,一 丨 ㇀ 丶 ㇀ ㇇|乛 𡿨 丿 一,false(a10~e9)
6781,垏,lǜ,,false(a1~e9)
6782,拶,zā、zǎn,一 亅 ㇀ 𡿨 𡿨 𡿨 丿 ㇇|乛 丶,false(a10~e9)
6783,荖,lǎo,,false(a1~e9)
6784,荁,huán,,false(a1~e9)
6785,荙,dá,,false(a1~e9)
6786,荛,ráo,一 丨 丨 一 ㇂|㇃ 丿 一 丿 乚,false(a10~e9)
6787,茈,cí、zǐ,一 丨 丨 丨 一 丨 ㇀ 丿 乚,true(a9~e9)
6788,茽,zhòng,,false(a1~e9)
6789,荄,gāi,,false(a1~e9)
6790,茺,chōng,一 丨 丨 丶 一 𠃋 丶 丿 乚,true(a9~e9)
6791,𬜬,màn,,false(a1~e9)
6792,荓,píng,,false(a1~e9)
6793,茳,jiāng,一 丨 丨 丶 丶 ㇀ 一 丨 一,true(a9~e9)
6794,𦰡,nà、nuó,,false(a1~e9)
6795,茛,gèn,一 丨 丨 𠃍 一 一 𠄌 丿 ㇏,true(a9~e9)
6796,荭,hóng,一 丨 丨 𠃋 𠃋 ㇀ 一 丨 一,true(a9~e9)
6797,㭕,qū,,false(a1~e9)
6798,柷,zhù,,false(a1~e9)
6799,柃,líng,一 丨 丿 丶 丿 ㇏ 丶 ㇇|乛 丶,false(a10~e9)
6800,柊,zhōng,,false(a1~e9)
6801,枹,bāo、fú,,false(a1~e9)
6802,栐,yǒng,,false(a1~e9)
6803,柖,sháo、shào,,false(a1~e9)
6804,郚,wú,,false(a1~e9)
6805,剅,lóu,,false(a1~e9)
6806,䴓,shī,,false(a1~e9)
6807,迺,nǎi,,false(a1~e9)
6808,厖,máng,,false(a1~e9)
6809,砆,fū,,false(a1~e9)
6810,砑,yà,一 丿 丨 𠃍 一 一 𠃋 亅 丿,true(a9~e9)
6811,砄,jué,,false(a1~e9)
6812,耏,ér、nài,,false(a1~e9)
6813,奓,shē、chǐ、zhà,,false(a1~e9)
6814,䶮,yǎn,,false(a1~e9)
6815,轵,zhǐ,一 𠃋 丨 ㇀ 丨 𠃍 一 丿 丶,true(a9~e9)
6816,轷,hū,一 𠃋 丨 ㇀ 丿 丶 丿 一 亅,true(a9~e9)
6817,轹,lì,一 𠃋 丨 ㇀ 丿 ㇄ 亅 丿 丶,true(a9~e9)
6818,轺,yáo,一 𠃋 丨 ㇀ 𠃌 丿 丨 𠃍 一,true(a9~e9)
6819,昺,bǐng,丨 𠃍 一 一 一 丨 𠃌 丿 丶,true(a9~e9)
6820,𪾢,xiàn,,false(a1~e9)
6821,昽,lóng,,false(a1~e9)
6822,盷,xián、tián,,false(a1~e9)
6823,咡,èr,,false(a1~e9)
6824,咺,xuǎn、xuān,,false(a1~e9)
6825,昳,dié、yì,丨 𠃍 一 一 丿 一 一 丿 ㇏,true(a9~e9)
6826,昣,zhěn,,false(a1~e9)
6827,哒,dā,丨 𠃍 一 一 丿 丶 丶 ㇋ ㇏,true(a9~e9)
6828,昤,líng,,false(a1~e9)
6829,昫,xù,,false(a1~e9)
6830,昡,xuàn,,false(a1~e9)
6831,咥,dié、xī,,false(a1~e9)
6832,昪,biàn,,false(a1~e9)
6833,虷,gān、hán,,false(a1~e9)
6834,虸,zǐ,,false(a1~e9)
6835,哃,tóng,,false(a1~e9)
6836,峘,huán,,false(a1~e9)
6837,耑,duān、zhuān,,false(a1~e9)
6838,峛,liè,,false(a1~e9)
6839,𪨰,qū,,false(a1~e9)
6840,峗,wéi,,false(a1~e9)
6841,峧,jiāo,,false(a1~e9)
6842,帡,píng,,false(a1~e9)
6843,钘,xíng,,false(a1~e9)
6844,𫓧,fū,,false(a1~e9)
6845,钜,jù,丿 一 一 一 𠄌 一 𠃍 一 ㇄,true(a9~e9)
6846,𬬮,chǎng,,false(a1~e9)
6847,𬬱,jīn,,false(a1~e9)
6848,𬬭,lún,,false(a1~e9)
6849,钪,kàng,丿 一 一 一 𠄌 丶 一 丿 ⺄,true(a9~e9)
6850,钬,huǒ,丿 一 一 一 𠄌 ㇀ 丿 丿 ㇏,true(a9~e9)
6851,钭,dǒu,丿 一 一 一 𠄌 丶 丶 一 丨,true(a9~e9)
6852,矧,shěn,丿 一 一 丿 丶 𠃍 一 ㇉ 丨,true(a9~e9)
6853,秬,jù,,false(a1~e9)
6854,俫,lái,,false(a1~e9)
6855,舁,yú,丿 丨 一 𠃍 一 一 一 丿 丨,true(a9~e9)
6856,俜,pīng,丿 丨 丨 𠃍 一 丨 一 一 ㇉,true(a9~e9)
6857,俙,xī,,false(a1~e9)
6858,俍,liáng,,false(a1~e9)
6859,垕,hòu,丿 丿 一 丨 𠃍 一 一 丨 一,true(a9~e9)
6860,衎,kàn,,false(a1~e9)
6861,舣,yǐ,丿 丿 𠃌 丶 一 丶 丶 丿 ㇏,true(a9~e9)
6862,弇,yǎn,,false(a1~e9)
6863,侴,chǒu,,false(a1~e9)
6864,鸧,cāng,,false(a1~e9)
6865,䏡,shì,,false(a1~e9)
6866,胠,qū,,false(a1~e9)
6867,𦙶,gǔ,,false(a1~e9)
6868,胈,bá,,false(a1~e9)
6869,胩,kǎ,丿 𠃌 一 一 丨 一 一 丨 丶,true(a9~e9)
6870,胣,chǐ,,false(a1~e9)
6871,朏,fěi、kū,,false(a1~e9)
6872,飐,zhǎn,,false(a1~e9)
6873,訄,qiú,,false(a1~e9)
6874,饻,xī,,false(a1~e9)
6875,庤,zhì,,false(a1~e9)
6876,疢,chèn,,false(a1~e9)
6877,炣,kě,,false(a1~e9)
6878,炟,dá,,false(a1~e9)
6879,㶲,yòng,,false(a1~e9)
6880,洭,kuāng,,false(a1~e9)
6881,洘,kǎo、kào,,false(a1~e9)
6882,洓,sè、qì、zì,,false(a1~e9)
6883,洿,wū,,false(a1~e9)
6884,㳚,xù,,false(a1~e9)
6885,泚,cǐ,,false(a1~e9)
6886,浈,zhēn,丶 丶 ㇀ 丨 一 丨 𠃍 丿 丶,true(a9~e9)
6887,浉,shī,,false(a1~e9)
6888,洸,guāng,丶 丶 ㇀ 丨 丶 丿 一 丿 乚,true(a9~e9)
6889,洑,fú、fù,,false(a1~e9)
6890,洢,yī,,false(a1~e9)
6891,洈,wéi,,false(a1~e9)
6892,洚,jiàng,丶 丶 ㇀ 丿 ㇇|乛 ㇏ 一 𠃋 丨,false(a10~e9)
6893,洺,míng,丶 丶 ㇀ 丿 ㇇|乛 丶 丨 𠃍 一,false(a10~e9)
6894,洨,xiáo,,false(a1~e9)
6895,浐,chǎn,丶 丶 ㇀ 丶 一 丶 丿 一 丿,true(a9~e9)
6896,㳘,chōng,,false(a1~e9)
6897,洴,píng,,false(a1~e9)
6898,洣,mǐ,,false(a1~e9)
6899,恔,xiào、jiǎo,,false(a1~e9)
6900,宬,chéng,,false(a1~e9)
6901,窀,zhūn,丶 ㇀ ㇇|乛 丿 丶 一 ㇄ 丨 乚,false(a10~e9)
6902,扂,diàn,,false(a1~e9)
6903,袆,huī,,false(a1~e9)
6904,祏,shí,,false(a1~e9)
6905,祐,yòu,丶 ㇇|乛 丨 丶 一 丿 丨 𠃍 一,false(a10~e9)
6906,祕,mì、bì,,false(a1~e9)
6907,叚,xiá,,false(a1~e9)
6908,陧,niè,𠄎|㇌ 丨 丨 𠃍 一 一 一 丨 一,false(a10~e9)
6909,陞,shēng,𠄎|㇌ 丨 丿 一 丿 丨 一 丨 一,false(a10~e9)
6910,娀,sōng,,false(a1~e9)
6911,姞,jí,,false(a1~e9)
6912,姱,kuā、hù,,false(a1~e9)
6913,姤,gòu、dù,,false(a1~e9)
6914,姶,è、yà,,false(a1~e9)
6915,姽,guǐ,,false(a1~e9)
6916,枲,xǐ,,false(a1~e9)
6917,绖,dié,,false(a1~e9)
6918,骃,yīn,,false(a1~e9)
6919,𬘡,yīn,,false(a1~e9)
6920,𬳽,shēn,,false(a1~e9)
6921,𬘩,tīng,,false(a1~e9)
6922,𫄧,yán,,false(a1~e9)
6923,彖,tuàn,𠃋 ㇇|乛 一 丿 ㇁ 丿 丿 丿 ㇏,false(a10~e9)
6924,骉,biāo,,false(a1~e9)
6925,恝,jiá,一 一 一 丨 𠃌 丿 ㇀ ㇂|㇃ 丶 丶,false(a11~e10)
6926,珪,guī,一 一 丨 ㇀ 一 丨 一 一 丨 一,true(a10~e10)
6927,珛,xiù,,false(a1~e10)
6928,珹,chéng,,false(a1~e10)
6929,琊,yá,一 一 丨 ㇀ 一 𠃋 亅 丿 𠄎|㇌ 丨,false(a11~e10)
6930,玼,cī、cǐ,,false(a1~e10)
6931,珖,guāng,,false(a1~e10)
6932,𪟝,jì,,false(a1~e10)
6933,珽,tǐng,一 一 丨 ㇀ 丿 一 丨 一 ㇋ ㇏,true(a10~e10)
6934,珦,xiàng,,false(a1~e10)
6935,珫,chōng,,false(a1~e10)
6936,珒,jīn,,false(a1~e10)
6937,𬍤,xún,,false(a1~e10)
6938,珢,yín,,false(a1~e10)
6939,珕,lì,,false(a1~e10)
6940,珝,xǔ,,false(a1~e10)
6941,𫭼,láo,,false(a1~e10)
6942,埗,bù,一 丨 ㇀ 丨 一 丨 一 丨 丿 丿,true(a10~e10)
6943,垾,hàn,,false(a1~e10)
6944,垺,póu、fú,,false(a1~e10)
6945,埆,què、jué,,false(a1~e10)
6946,垿,xù,,false(a1~e10)
6947,埌,làng,,false(a1~e10)
6948,埇,yǒng,一 丨 ㇀ ㇇|乛 丶 丨 𠃌 一 一 丨,false(a11~e10)
6949,莰,kǎn,一 丨 丨 一 丨 ㇀ 丿 ㇇|乛 丿 ㇏,false(a11~e10)
6950,茝,chǎi,,false(a1~e10)
6951,𬜯,liǎng,,false(a1~e10)
6952,鄀,ruò,,false(a1~e10)
6953,莶,xiān、liǎn,一 丨 丨 丿 ㇏ 一 丶 丶 丿 一,true(a10~e10)
6954,莝,cuò,,false(a1~e10)
6955,䓖,qióng,,false(a1~e10)
6956,莙,jūn,,false(a1~e10)
6957,栻,shì,,false(a1~e10)
6958,桠,yā,一 丨 丿 丶 一 丨 丨 丶 丿 一,true(a10~e10)
6959,𬂩,jiā,,false(a1~e10)
6960,桄,guāng、guàng,一 丨 丿 丶 丨 丶 丿 一 丿 乚,true(a10~e10)
6961,梠,lǚ,,false(a1~e10)
6962,栴,zhān,,false(a1~e10)
6963,梴,chān、yán,,false(a1~e10)
6964,栒,xún,,false(a1~e10)
6965,酎,zhòu,一 丨 𠃍 丿 ㇄ 一 一 一 亅 丶,true(a10~e10)
6966,酏,yǐ,一 丨 𠃍 丿 ㇄ 一 一 𠃌 丨 乚,true(a10~e10)
6967,𫠆,kuǐ,,false(a1~e10)
6968,砵,bō,,false(a1~e10)
6969,砠,jū,,false(a1~e10)
6970,砫,zhù、zhǔ,,false(a1~e10)
6971,砬,lì、lā、lá,一 丿 丨 𠃍 一 丶 一 丶 丿 一,true(a10~e10)
6972,硁,kēng,,false(a1~e10)
6973,恧,nǜ,一 丿 丨 𠃌 丨 丨 ㇀ ㇂|㇃ 丶 丶,false(a11~e10)
6974,翃,hóng,一 丿 𠃋 丶 𠃌 丶 ㇀ 𠃌 丶 ㇀,true(a10~e10)
6975,郪,qī,,false(a1~e10)
6976,𨐈,guāng,,false(a1~e10)
6977,辀,zhōu,,false(a1~e10)
6978,辁,quán,一 𠃋 丨 ㇀ 丿 ㇏ 一 一 丨 一,true(a10~e10)
6979,𬌗,hé,,false(a1~e10)
6980,剕,fèi,,false(a1~e10)
6981,赀,zī,丨 一 丨 ㇀ 丿 乚 丨 𠃍 丿 丶,true(a10~e10)
6982,哢,lòng,,false(a1~e10)
6983,晅,xuǎn,,false(a1~e10)
6984,晊,zhì,,false(a1~e10)
6985,唝,gòng、hǒng、gǒng,,false(a1~e10)
6986,哳,zhā,丨 𠃍 一 一 亅 ㇀ 丿 丿 一 丨,true(a10~e10)
6987,哱,pò、bā、bō,,false(a1~e10)
6988,冔,xǔ,,false(a1~e10)
6989,晔,yè,丨 𠃍 一 一 丿 丨 丿 乚 一 丨,true(a10~e10)
6990,晐,gāi,,false(a1~e10)
6991,晖,huī,丨 𠃍 一 一 ㇀ ㇇|乛 一 𠃋 一 丨,false(a11~e10)
6992,畖,wā,,false(a1~e10)
6993,蚄,fāng、bàng,,false(a1~e10)
6994,蚆,bā,,false(a1~e10)
6995,𫑡,méng,,false(a1~e10)
6996,帱,chóu、dào,丨 𠃌 丨 一 一 一 丿 一 亅 丶,true(a10~e10)
6997,崁,kàn,,false(a1~e10)
6998,峿,wú,,false(a1~e10)
6999,𪨶,shē,,false(a1~e10)
7000,崄,xiǎn,,false(a1~e10)
7001,帨,shuì,,false(a1~e10)
7002,崀,làng,丨 ㇄ 丨 丶 𠃍 一 一 𠄌 丿 ㇏,true(a10~e10)
7003,赆,jìn,丨 𠃍 丿 丶 𠃍 一 丿 ㇏ 丶 丶,true(a10~e10)
7004,𬬸,shù,,false(a1~e10)
7005,钷,pǒ,丿 一 一 一 𠄌 一 丨 𠃍 一 ㇄,true(a10~e10)
7006,𬬻,lú,,false(a1~e10)
7007,𬬹,shén,,false(a1~e10)
7008,𬬿,zhāo,,false(a1~e10)
7009,𬭁,mǔ,,false(a1~e10)
7010,眚,shěng,丿 一 一 丨 一 丨 𠃍 一 一 一,true(a10~e10)
7011,甡,shēn,,false(a1~e10)
7012,笫,zǐ,丿 一 丶 丿 一 丶 丿 ㇉ 丨 丿,true(a10~e10)
7013,倻,yē,,false(a1~e10)
7014,倴,bèn,,false(a1~e10)
7015,脩,xiū,丿 丨 丨 丿 ㇇|乛 ㇏ 丨 𠃌 一 一,false(a11~e10)
7016,倮,luǒ,丿 丨 丨 𠃍 一 一 一 丨 丿 ㇏,true(a10~e10)
7017,倕,chuí,,false(a1~e10)
7018,倞,liàng、jìng,,false(a1~e10)
7019,𫢸,dàn,,false(a1~e10)
7020,倓,tán、tàn,丿 丨 ㇀ 丿 丿 丶 ㇀ 丿 丿 ㇏,true(a10~e10)
7021,倧,zōng,,false(a1~e10)
7022,衃,pēi,,false(a1~e10)
7023,虒,sī,,false(a1~e10)
7024,舭,bǐ,丿 丿 𠃌 丶 一 丶 一 𠄌 丿 乚,true(a10~e10)
7025,舯,zhōng,丿 丿 𠃌 丶 一 丶 丨 𠃍 一 丨,true(a10~e10)
7026,舥,pā,,false(a1~e10)
7027,瓞,dié,丿 丿 𠄌 丶 ㇏ 丿 一 一 丿 丶,true(a10~e10)
7028,鬯,chàng,丿 丶 丶 丶 丶 丶 ㇄ 丨 丿 乚,true(a10~e10)
7029,鸰,líng,,false(a1~e10)
7030,脎,sà,丿 𠃌 一 一 丿 丶 一 亅 丿 丶,true(a10~e10)
7031,朓,tiǎo,,false(a1~e10)
7032,胲,hǎi,丿 𠃌 一 一 丶 一 𠃋 丿 丿 丶,true(a10~e10)
7033,虓,xiāo,,false(a1~e10)
7034,鱽,dāo,,false(a1~e10)
7035,狴,bì,丿 ㇁ 丿 一 𠄌 丿 乚 一 丨 一,true(a10~e10)
7036,峱,náo,,false(a1~e10)
7037,狻,suān,丿 ㇁ 丿 𠃋 丶 丿 丶 丿 ㇇|乛 ㇏,false(a11~e10)
7038,眢,yuān,丿 ㇇|乛 丶 𠃌 乚 丨 𠃍 一 一 一,false(a11~e10)
7039,𫗧,sù,,false(a1~e10)
7040,勍,qíng,,false(a1~e10)
7041,痄,zhà,丶 一 丿 丶 ㇀ 丿 一 丨 一 一,true(a10~e10)
7042,疰,zhù,丶 一 丿 丶 ㇀ 丶 一 一 丨 一,true(a10~e10)
7043,痃,xuán,丶 一 丿 丶 ㇀ 丶 一 𠃋 𠃋 丶,true(a10~e10)
7044,竘,qǔ、kǒu,,false(a1~e10)
7045,羖,gǔ,,false(a1~e10)
7046,羓,bā,,false(a1~e10)
7047,桊,juàn,丶 丿 一 一 丿 ㇏ 一 丨 丿 ㇏,true(a10~e10)
7048,敉,mǐ,丶 丿 一 丨 丿 丶 丿 一 丿 ㇏,true(a10~e10)
7049,烠,huí、huǐ,,false(a1~e10)
7050,烔,tóng、dòng,,false(a1~e10)
7051,烶,tǐng,,false(a1~e10)
7052,烻,shān,,false(a1~e10)
7053,𬊈,xún,,false(a1~e10)
7054,涍,xiào,,false(a1~e10)
7055,浡,bó,,false(a1~e10)
7056,浭,gēng,,false(a1~e10)
7057,浬,lǐ,,false(a1~e10)
7058,涄,pīng,,false(a1~e10)
7059,涢,yún,,false(a1~e10)
7060,涐,é,,false(a1~e10)
7061,浰,lì、liàn,,false(a1~e10)
7062,浟,yóu、dí,,false(a1~e10)
7063,浛,hán,,false(a1~e10)
7064,浼,měi,丶 丶 ㇀ 丿 ㇇|乛 丨 𠃍 一 丿 乚,false(a11~e10)
7065,浲,féng、hóng,,false(a1~e10)
7066,涘,sì,,false(a1~e10)
7067,悈,jiè、kè,,false(a1~e10)
7068,悃,kǔn,㇀ 丶 丨 丨 𠃍 一 丨 丿 丶 一,true(a10~e10)
7069,悢,liàng,,false(a1~e10)
7070,𬒈,què,,false(a1~e10)
7071,宧,yí,,false(a1~e10)
7072,窅,yǎo,,false(a1~e10)
7073,窊,wā,,false(a1~e10)
7074,窎,diào,,false(a1~e10)
7075,扅,yí,,false(a1~e10)
7076,扆,yǐ,,false(a1~e10)
7077,袪,qū,,false(a1~e10)
7078,袗,zhěn,,false(a1~e10)
7079,袯,bó,,false(a1~e10)
7080,祧,tiāo,丶 ㇇|乛 丨 丶 丿 丶 ㇀ 乚 丿 丶,false(a11~e10)
7081,隺,hú、hè,,false(a1~e10)
7082,堲,jí,,false(a1~e10)
7083,疍,dàn,㇇|乛 丨 一 丿 ㇏ 丨 𠃍 一 一 一,false(a11~e10)
7084,𨺙,nì,,false(a1~e10)
7085,陴,pí,𠄎|㇌ 丨 丿 丨 𠃍 一 一 丿 一 丨,false(a11~e10)
7086,烝,zhēng,,false(a1~e10)
7087,砮,nǔ,,false(a1~e10)
7088,㛚,tǒng,,false(a1~e10)
7089,哿,gě、jiā,𠃌 丿 丨 𠃍 一 一 丨 𠃍 一 亅,true(a10~e10)
7090,翀,chōng,𠃌 丶 ㇀ 𠃌 丶 ㇀ 丨 𠃍 一 丨,true(a10~e10)
7091,翂,fēn,,false(a1~e10)
7092,剟,duō,,false(a1~e10)
7093,𬳿,tú,,false(a1~e10)
7094,𫄨,chī,,false(a1~e10)
7095,绤,xì,,false(a1~e10)
7096,骍,xīng,,false(a1~e10)
7097,𬘫,huán,,false(a1~e10)
7098,䂮,lüè,,false(a1~e11)
7099,琎,jìn,一 一 丨 ㇀ 一 一 丿 丨 丶 ㇋ ㇏,true(a11~e11)
7100,珸,wú,,false(a1~e11)
7101,珵,chéng,一 一 丨 ㇀ 丨 𠃍 一 一 一 丨 一,true(a11~e11)
7102,琄,xuàn,,false(a1~e11)
7103,琈,fú、fū,,false(a1~e11)
7104,琀,hán,,false(a1~e11)
7105,珺,jùn,一 一 丨 ㇀ 𠃍 一 一 丿 丨 𠃍 一,true(a11~e11)
7106,掭,tiàn,一 亅 ㇀ 一 一 丿 ㇏ 亅 ㇀ 丶 丶,true(a11~e11)
7107,堎,lèng,,false(a1~e11)
7108,堐,yá,,false(a1~e11)
7109,埼,qí,一 丨 ㇀ 一 丿 丶 一 丨 𠃍 一 亅,true(a11~e11)
7110,掎,jǐ,一 亅 ㇀ 一 丿 丶 一 丨 𠃍 一 亅,true(a11~e11)
7111,埫,tǎng,,false(a1~e11)
7112,堌,gù,一 丨 ㇀ 丨 𠃍 一 丨 丨 𠃍 一 一,true(a11~e11)
7113,晢,zhé,,false(a1~e11)
7114,𫮃,shàn,,false(a1~e11)
7115,掞,shàn、yàn、yǎn,,false(a1~e11)
7116,埪,kōng,,false(a1~e11)
7117,壸,kǔn,,false(a1~e11)
7118,㙍,duō,,false(a1~e11)
7119,聍,níng,一 丨 丨 一 一 ㇀ 丶 ㇀ ㇇|乛 一 亅,false(a12~e11)
7120,菝,bá,一 丨 丨 一 亅 ㇀ 一 丿 ㇇|乛 ㇏ 丶,false(a12~e11)
7121,萚,tuò,,false(a1~e11)
7122,菥,xī,一 丨 丨 一 丨 丿 丶 丿 丿 一 丨,true(a11~e11)
7123,莿,cì,,false(a1~e11)
7124,䓫,qí,,false(a1~e11)
7125,勚,yì,,false(a1~e11)
7126,䓬,zhuó,,false(a1~e11)
7127,萆,bì,一 丨 丨 丿 丨 𠃍 一 一 丿 一 丨,true(a11~e11)
7128,菂,dì,一 丨 丨 丿 丨 𠃍 一 一 丿 𠃌 丶,true(a11~e11)
7129,菍,niè、rěn,,false(a1~e11)
7130,菼,tǎn,,false(a1~e11)
7131,萣,dìng,,false(a1~e11)
7132,䓨,yīng,,false(a1~e11)
7133,菉,lù,,false(a1~e11)
7134,䓛,qū,,false(a1~e11)
7135,梼,chóu、táo、dào,,false(a1~e11)
7136,梽,zhì,,false(a1~e11)
7137,桲,bó、po,,false(a1~e11)
7138,梾,lái,,false(a1~e11)
7139,桯,tīng、yíng,,false(a1~e11)
7140,梣,chén、qín,,false(a1~e11)
7141,梌,tú、chá,,false(a1~e11)
7142,桹,láng,,false(a1~e11)
7143,敔,yǔ,,false(a1~e11)
7144,厣,yǎn,一 丿 一 丿 ㇏ 丶 丨 𠃍 一 一 丨,true(a11~e11)
7145,硔,gǒng,,false(a1~e11)
7146,鿎,dá、tǎ,,false(a1~e11)
7147,硙,wèi,,false(a1~e11)
7148,硚,qiáo,一 丿 丨 𠃍 一 丿 一 丿 ㇏ 丿 丨,true(a11~e11)
7149,硊,huì,,false(a1~e11)
7150,硍,yín,,false(a1~e11)
7151,勔,miǎn,,false(a1~e11)
7152,䴕,liè,,false(a1~e11)
7153,龁,hé,,false(a1~e11)
7154,逴,chuō,,false(a1~e11)
7155,唪,fěng,丨 𠃍 一 一 一 一 丿 ㇏ 一 一 丨,true(a11~e11)
7156,啫,zhě,,false(a1~e11)
7157,翈,xiá,,false(a1~e11)
7158,㫰,làng,,false(a1~e11)
7159,晙,jùn,,false(a1~e11)
7160,畤,zhì、chóu、shì,,false(a1~e11)
7161,𬱖,dí,,false(a1~e11)
7162,趼,jiǎn,丨 𠃍 一 丨 一 丨 ㇀ 一 一 丿 丨,true(a11~e11)
7163,跂,qí、qǐ,,false(a1~e11)
7164,蛃,bǐng,,false(a1~e11)
7165,蚲,píng,,false(a1~e11)
7166,𬟽,dōng,,false(a1~e11)
7167,蚺,rán,丨 𠃍 一 丨 一 丶 丨 𠃌 丨 一 一,true(a11~e11)
7168,啴,tān、chǎn、tuō,,false(a1~e11)
7169,䎃,rǎn,,false(a1~e11)
7170,崧,sōng,丨 ㇄ 丨 一 丨 丿 丶 丿 ㇏ 𠃋 丶,true(a11~e11)
7171,崟,yín,,false(a1~e11)
7172,崞,guō,丨 ㇄ 丨 丶 一 丨 𠃍 一 ㇇|乛 亅 一,false(a12~e11)
7173,崒,zú、cuì,,false(a1~e11)
7174,崌,jū,,false(a1~e11)
7175,崡,hán,,false(a1~e11)
7176,铏,xíng,,false(a1~e11)
7177,𫓯,jī,,false(a1~e11)
7178,𫟹,hóng,,false(a1~e11)
7179,铕,yǒu,丿 一 一 一 𠄌 一 丿 丨 𠃌 一 一,true(a11~e11)
7180,𫟼,dá,,false(a1~e11)
7181,铖,chéng,丿 一 一 一 𠄌 一 丿 𠃌 ㇂|㇃ 丿 丶,false(a12~e11)
7182,铘,yé,丿 一 一 一 𠄌 一 𠃋 亅 丿 𠄎|㇌ 丨,false(a12~e11)
7183,铚,zhì,,false(a1~e11)
7184,铞,diào,丿 一 一 一 𠄌 丨 𠃍 一 丨 𠃌 丨,true(a11~e11)
7185,铥,diū,丿 一 一 一 𠄌 丿 一 丨 一 𠃋 丶,true(a11~e11)
7186,铴,tàng、tāng,丿 一 一 一 𠄌 丶 丶 ㇀ 𠄎|㇌ 丿 丿,false(a12~e11)
7187,牻,máng,,false(a1~e11)
7188,牿,gù,丿 一 丨 ㇀ 丿 一 丨 一 丨 𠃍 一,true(a11~e11)
7189,稆,lǚ,丿 一 丨 丿 丶 丨 𠃍 一 丨 𠃍 一,true(a11~e11)
7190,笱,gǒu,丿 一 丶 丿 一 丶 丿 𠃌 丨 𠃍 一,true(a11~e11)
7191,笯,nú,,false(a1~e11)
7192,偰,xiè,,false(a1~e11)
7193,偡,zhàn,,false(a1~e11)
7194,鸺,xiū,丿 丨 一 丨 丿 丶 丿 𠃌 丶 ㇉ 一,true(a11~e11)
7195,偭,miǎn,,false(a1~e11)
7196,偲,cāi、sī,丿 丨 丨 𠃍 一 丨 一 ㇀ ㇂|㇃ 丶 丶,false(a12~e11)
7197,偁,chēng、chèn,,false(a1~e11)
7198,㿠,huàng,,false(a1~e11)
7199,鄅,yǔ,,false(a1~e11)
7200,偓,wò,,false(a1~e11)
7201,徛,jì,,false(a1~e11)
7202,衒,xuàn,,false(a1~e11)
7203,舳,zhú,丿 丿 𠃌 丶 一 丶 丨 𠃍 一 丨 一,true(a11~e11)
7204,舲,líng,,false(a1~e11)
7205,鸼,zhōu,,false(a1~e11)
7206,悆,yù、shū,,false(a1~e11)
7207,鄃,shū,,false(a1~e11)
7208,瓻,chī,,false(a1~e11)
7209,䝙,chū,,false(a1~e11)
7210,脶,luó,丿 𠃌 一 一 丨 𠃍 一 丨 𠃌 丿 丶,true(a11~e11)
7211,脞,cuǒ,丿 𠃌 一 一 丿 丶 丿 丶 一 丨 一,true(a11~e11)
7212,脟,liè,,false(a1~e11)
7213,䏲,tī,,false(a1~e11)
7214,鱾,jǐ,,false(a1~e11)
7215,猇,xiāo,,false(a1~e11)
7216,猊,ní,丿 ㇁ 丿 丿 丨 一 𠃍 一 一 丿 乚,true(a11~e11)
7217,猄,jīng,,false(a1~e11)
7218,觖,jué,丿 ㇇|乛 丿 𠃌 一 一 丨 𠃍 一 丿 ㇏,false(a12~e11)
7219,𠅤,xí,,false(a1~e11)
7220,庱,chěng,,false(a1~e11)
7221,庼,qǐng,,false(a1~e11)
7222,庳,bì,丶 一 丿 丿 丨 𠃍 一 一 丿 一 丨,true(a11~e11)
7223,痓,chì,,false(a1~e11)
7224,䴔,jiāo,,false(a1~e11)
7225,竫,jìng,,false(a1~e11)
7226,堃,kūn,丶 一 𠃌 丿 丶 一 𠃌 丿 一 丨 一,true(a11~e11)
7227,阌,wén,丶 丨 𠃌 丿 丶 丶 丿 ㇀ ㇇|乛 ㇇|乛 丶,false(a13~e11)
7228,羝,dī,丶 丿 一 一 一 丿 丿 𠄌 一 ㇂|㇃ 丶,false(a12~e11)
7229,羕,yàng,,false(a1~e11)
7230,焆,juān、yè,,false(a1~e11)
7231,烺,lǎng,,false(a1~e11)
7232,焌,jùn、qū,,false(a1~e11)
7233,淏,hào,,false(a1~e11)
7234,𬇹,guó,,false(a1~e11)
7235,淟,tiǎn,,false(a1~e11)
7236,淜,píng、péng,,false(a1~e11)
7237,淴,hū,,false(a1~e11)
7238,淯,yù,,false(a1~e11)
7239,湴,bàn、pán,,false(a1~e11)
7240,涴,wǎn、wò、yuān,,false(a1~e11)
7241,𬍡,dàng,,false(a1~e11)
7242,㥄,líng,,false(a1~e11)
7243,惛,hūn、mèn,,false(a1~e11)
7244,惔,tán、dàn,,false(a1~e11)
7245,悰,cóng,,false(a1~e11)
7246,惙,chuò、chuì,,false(a1~e11)
7247,寁,zǎn,,false(a1~e11)
7248,逭,huàn,丶 ㇀ ㇇|乛 丨 𠃍 一 𠃍 一 丶 ㇋ ㇏,false(a12~e11)
7249,𬤇,yīn,,false(a1~e11)
7250,𫍯,xián,,false(a1~e11)
7251,袼,gē,丶 ㇇|乛 丨 丿 丶 丿 ㇇|乛 ㇏ 丨 𠃍 一,false(a13~e11)
7252,裈,kūn,,false(a1~e11)
7253,祲,jìn,,false(a1~e11)
7254,𬤊,shì,,false(a1~e11)
7255,𫍲,xiǎo,,false(a1~e11)
7256,谞,xū,丶 ㇊ ㇇|乛 丨 一 丿 ㇏ 丨 𠃌 一 一,false(a12~e11)
7257,艴,bó,𠃍 一 ㇉ 丿 丨 丿 ㇇|乛 𠃍 丨 一 乚,false(a12~e11)
7258,弸,péng,,false(a1~e11)
7259,弶,jiàng,,false(a1~e11)
7260,𬯎,tuí,,false(a1~e11)
7261,隃,yú、yáo、shù,,false(a1~e11)
7262,婞,xìng,,false(a1~e11)
7263,娵,jū,,false(a1~e11)
7264,婼,ruò、chuò,,false(a1~e11)
7265,媖,yīng,,false(a1~e11)
7266,婳,huà,,false(a1~e11)
7267,婍,qǐ,,false(a1~e11)
7268,婌,shú,,false(a1~e11)
7269,婫,hùn、kūn,,false(a1~e11)
7270,婤,zhōu、chōu,,false(a1~e11)
7271,婘,juàn、quán,,false(a1~e11)
7272,婠,wān、wà,,false(a1~e11)
7273,𬘬,qiàn,,false(a1~e11)
7274,𬘭,chēn,,false(a1~e11)
7275,𬴂,fēi,,false(a1~e11)
7276,𫘦,táo,,false(a1~e11)
7277,绹,táo,,false(a1~e11)
7278,𫟅,liáng,,false(a1~e11)
7279,𬘯,zhǔn,,false(a1~e11)
7280,骕,sù,,false(a1~e11)
7281,𫘧,lù,,false(a1~e11)
7282,絜,jié、xié,,false(a1~e12)
7283,珷,wǔ,,false(a1~e12)
7284,琲,bèi,,false(a1~e12)
7285,琡,chù,,false(a1~e12)
7286,琟,wéi、yù,,false(a1~e12)
7287,琔,diàn,,false(a1~e12)
7288,琭,lù,,false(a1~e12)
7289,堾,chūn,,false(a1~e12)
7290,堼,hèng,,false(a1~e12)
7291,揕,zhèn、zhēn,,false(a1~e12)
7292,㙘,yāo,,false(a1~e12)
7293,堧,ruán,,false(a1~e12)
7294,喆,zhé,一 丨 一 丨 𠃍 一 一 丨 一 丨 𠃍 一,true(a12~e12)
7295,堨,è、ài、yè,,false(a1~e12)
7296,塅,duàn,,false(a1~e12)
7297,堠,hòu,一 丨 ㇀ 丿 丨 𠃍 一 丿 一 一 丿 ㇏,true(a12~e12)
7298,絷,zhí,一 亅 ㇀ 丿 ⺄ 丶 𠃋 𠃋 丶 亅 丿 丶,true(a12~e12)
7299,𪣻,lóu,,false(a1~e12)
7300,𡎚,piǎn,,false(a1~e12)
7301,葜,qiā,一 丨 丨 一 一 一 丨 𠃌 丿 一 丿 ㇏,true(a12~e12)
7302,惎,jì,,false(a1~e12)
7303,萳,nán,,false(a1~e12)
7304,葙,xiāng,一 丨 丨 一 丨 丿 丶 丨 𠃍 一 一 一,true(a12~e12)
7305,靬,qián,,false(a1~e12)
7306,葴,zhēn,,false(a1~e12)
7307,蒇,chǎn,一 丨 丨 一 丿 丨 𠃍 丿 丶 ㇂|㇃ 丿 丶,false(a13~e12)
7308,蒈,kǎi,一 丨 丨 一 𠄌 丿 乚 丿 丨 𠃍 一 一,true(a12~e12)
7309,鄚,mào,,false(a1~e12)
7310,蒉,kuì、kuài,一 丨 丨 丨 𠃍 一 丨 一 丨 𠃍 丿 丶,true(a12~e12)
7311,蓇,gū,,false(a1~e12)
7312,萩,qiū,一 丨 丨 丿 一 丨 丿 丶 ㇀ 丿 丿 ㇏,true(a12~e12)
7313,蒐,sōu,,false(a1~e12)
7314,葰,jùn、suǒ,,false(a1~e12)
7315,葎,lǜ,,false(a1~e12)
7316,鄑,zī,,false(a1~e12)
7317,蒎,pài,一 丨 丨 丶 丶 ㇀ 丿 丿 丿 𠄌 丿 ㇏,true(a12~e12)
7318,葖,tū,,false(a1~e12)
7319,蒄,guān,,false(a1~e12)
7320,萹,biān,,false(a1~e12)
7321,棤,cuò,,false(a1~e12)
7322,棽,chēn、shēn,,false(a1~e12)
7323,棫,yù,,false(a1~e12)
7324,椓,zhuó,,false(a1~e12)
7325,椑,bēi,,false(a1~e12)
7326,𬃊,zhì,,false(a1~e12)
7327,鹀,wú,一 丨 丿 丶 丿 丶 ㇀ 丿 𠃌 丶 ㇉ 一,true(a12~e12)
7328,椆,chóu、zhòu、diāo,,false(a1~e12)
7329,棓,bàng、pǒu、bèi、bēi,,false(a1~e12)
7330,棬,quān、juàn,,false(a1~e12)
7331,棪,yǎn、yàn,一 丨 丿 丶 ㇀ 丿 丿 丶 ㇀ 丿 丿 ㇏,true(a12~e12)
7332,椀,wǎn,,false(a1~e12)
7333,楗,jiàn,一 丨 丿 丶 𠃍 一 一 一 一 丨 ㇋ ㇏,true(a12~e12)
7334,𬷕,bǔ,,false(a1~e12)
7335,甦,sū,一 丨 𠃍 一 一 丿 ㇏ 丿 一 一 丨 一,true(a12~e12)
7336,酦,pō,,false(a1~e12)
7337,觌,dí,一 丨 ㇇|乛 丶 丶 一 丿 丶 丨 𠃍 丿 乚,false(a13~e12)
7338,奡,ào,,false(a1~e12)
7339,皕,bì,,false(a1~e12)
7340,硪,wò,一 丿 丨 𠃍 一 丿 一 亅 ㇀ ㇂|㇃ 丿 丶,false(a13~e12)
7341,欹,qī,一 丿 丶 一 丨 𠃍 一 亅 丿 ㇇|乛 丿 ㇏,false(a13~e12)
7342,詟,zhé,,false(a1~e12)
7343,𫐐,ní,,false(a1~e12)
7344,辌,liáng,,false(a1~e12)
7345,棐,fěi,,false(a1~e12)
7346,龂,yín、kěn,,false(a1~e12)
7347,𬹼,xiè,,false(a1~e12)
7348,黹,zhǐ,丨 丨 丶 丿 一 丶 丿 丨 𠃌 丨 丿 丶,true(a12~e12)
7349,牚,chēng、chèng,,false(a1~e12)
7350,睎,xī,,false(a1~e12)
7351,晫,zhuó,,false(a1~e12)
7352,晪,tiǎn,,false(a1~e12)
7353,晱,shǎn,,false(a1~e12)
7354,𧿹,mǔ,,false(a1~e12)
7355,蛑,móu,丨 𠃍 一 丨 一 丶 𠃋 丶 丿 一 一 丨,true(a12~e12)
7356,畯,jùn,,false(a1~e12)
7357,斝,jiǎ,,false(a1~e12)
7358,喤,huáng,,false(a1~e12)
7359,崶,fēng,,false(a1~e12)
7360,嵁,kān、zhàn,,false(a1~e12)
7361,𫶇,dié,,false(a1~e12)
7362,崾,yào,丨 ㇄ 丨 一 丨 𠃍 丨 丨 一 𡿨 丿 一,true(a12~e12)
7363,嵅,hán,,false(a1~e12)
7364,崿,è,,false(a1~e12)
7365,嵚,qīn,,false(a1~e12)
7366,翙,huì,,false(a1~e12)
7367,𫖮,yǐ,,false(a1~e12)
7368,圌,chuán、chuí,,false(a1~e12)
7369,圐,kū,,false(a1~e12)
7370,赑,bì,,false(a1~e12)
7371,淼,miǎo,亅 ㇇|乛 丿 ㇏ 亅 ㇇|乛 丿 丶 亅 ㇇|乛 丿 ㇏,false(a15~e12)
7372,赒,zhōu,,false(a1~e12)
7373,鿏,mài,,false(a1~e12)
7374,铹,láo,丿 一 一 一 𠄌 一 丨 丨 ㇀ ㇇|乛 𠃌 丿,false(a13~e12)
7375,𬭊,dù,,false(a1~e12)
7376,铽,tè,丿 一 一 一 𠄌 一 ㇀ ㇂|㇃ 丶 丶 ㇂|㇃ 丶,false(a14~e12)
7377,𨱇,qiú,,false(a1~e12)
7378,𫓶,xuān,,false(a1~e12)
7379,锊,lüè,丿 一 一 一 𠄌 丿 丶 丶 丿 一 亅 丶,true(a12~e12)
7380,锍,liǔ,丿 一 一 一 𠄌 丶 一 𠃋 丶 丿 丨 乚,true(a12~e12)
7381,锎,kāi,丿 一 一 一 𠄌 丶 丨 𠃌 一 一 丿 丨,true(a12~e12)
7382,𬭎,hóng,,false(a1~e12)
7383,锓,qǐn,丿 一 一 一 𠄌 𠃍 一 一 ㇀ ㇇|乛 ㇇|乛 ㇏,false(a14~e12)
7384,犇,bēn,丿 一 一 丨 丿 一 丨 ㇀ 丿 一 一 丨,true(a12~e12)
7385,颋,tǐng,,false(a1~e12)
7386,稌,tú、shǔ,,false(a1~e12)
7387,筀,guì,,false(a1~e12)
7388,筘,kòu,丿 一 丶 丿 一 丶 一 亅 ㇀ 丨 𠃍 一,true(a12~e12)
7389,筜,dāng,,false(a1~e12)
7390,筥,jǔ,,false(a1~e12)
7391,筅,xiǎn,丿 一 丶 丿 一 丶 丿 一 丨 一 丿 乚,true(a12~e12)
7392,傃,sù,,false(a1~e12)
7393,傉,nù,,false(a1~e12)
7394,翛,xiāo,,false(a1~e12)
7395,傒,xī、xì,,false(a1~e12)
7396,傕,què、jué,,false(a1~e12)
7397,舾,xī,丿 丿 𠃌 丶 一 丶 一 丨 𠃍 丿 ㇄ 一,true(a12~e12)
7398,畬,shē、yú,丿 ㇏ 一 一 亅 丿 丶 丨 𠃍 一 丨 一,true(a12~e12)
7399,𫖯,fǔ,,false(a1~e12)
7400,脿,biǎo,,false(a1~e12)
7401,腘,guó,,false(a1~e12)
7402,䐃,jùn,,false(a1~e12)
7403,腙,zōng,丿 𠃌 一 一 丶 ㇀ ㇇|乛 一 一 亅 丿 丶,false(a13~e12)
7404,腒,jū,,false(a1~e12)
7405,𬱟,wěi,,false(a1~e12)
7406,鲃,bā、bà,,false(a1~e12)
7407,猰,yà、jiá、qiè,,false(a1~e12)
7408,𫛭,kuáng,,false(a1~e12)
7409,猯,tuān、tuàn,,false(a1~e12)
7410,㺄,yǔ,,false(a1~e12)
7411,馉,gǔ,,false(a1~e12)
7412,凓,lì,,false(a1~e12)
7413,鄗,hào,,false(a1~e12)
7414,𫷷,xīn,,false(a1~e12)
7415,廋,sōu,,false(a1~e12)
7416,廆,guī、wěi、huì,,false(a1~e12)
7417,鄌,táng,,false(a1~e12)
7418,粢,zī、cí,丶 ㇀ 丿 ㇇|乛 丿 ㇏ 丶 丿 一 丨 丿 ㇏,false(a13~e12)
7419,遆,dì、tí,,false(a1~e12)
7420,旐,zhào,,false(a1~e12)
7421,𬮱,yīn,,false(a1~e12)
7422,焞,tūn,,false(a1~e12)
7423,𬊤,chǎn,,false(a1~e12)
7424,欻,xū、chuā,,false(a1~e12)
7425,𣸣,fén,,false(a1~e12)
7426,溚,dá、tǎ,,false(a1~e12)
7427,溁,yíng,,false(a1~e12)
7428,湝,jiē,,false(a1~e12)
7429,渰,yān、yǎn,,false(a1~e12)
7430,湓,pén,丶 丶 ㇀ 丿 ㇏ 𠃌 丿 丨 𠃍 丨 丨 一,true(a12~e12)
7431,㴔,jí,,false(a1~e12)
7432,渟,tíng、tīng,,false(a1~e12)
7433,溠,zhà,,false(a1~e12)
7434,渼,měi,,false(a1~e12)
7435,溇,lóu,,false(a1~e12)
7436,湣,mǐn、hūn,,false(a1~e12)
7437,湑,xǔ、xū,,false(a1~e12)
7438,溞,sāo,,false(a1~e12)
7439,愐,miǎn,,false(a1~e12)
7440,愃,xuān,,false(a1~e12)
7441,敩,xiào、xué,,false(a1~e12)
7442,甯,níng、nìng,丶 ㇀ ㇇|乛 ㇀ ㇂|㇃ 丶 丶 丨 𠃌 一 一 丨,false(a14~e12)
7443,棨,qǐ,,false(a1~e12)
7444,扊,yǎn,,false(a1~e12)
7445,裣,liǎn,丶 ㇇|乛 丨 丿 丶 丿 ㇏ 一 丶 丶 丿 一,false(a13~e12)
7446,祼,guàn,,false(a1~e12)
7447,婻,nàn,,false(a1~e12)
7448,媆,ruǎn、nèn,,false(a1~e12)
7449,媞,shì,,false(a1~e12)
7450,㛹,pián,,false(a1~e12)
7451,媓,huáng,,false(a1~e12)
7452,媂,dì,,false(a1~e12)
7453,媄,měi,,false(a1~e12)
7454,毵,sān,𠃋 丶 一 丿 丶 丿 丿 丿 丿 一 一 乚,true(a12~e12)
7455,矞,yù、xù、jué,,false(a1~e12)
7456,𬴃,huō,,false(a1~e12)
7457,𫘨,tí,,false(a1~e12)
7458,缊,yùn、yūn、wēn,,false(a1~e12)
7459,缐,xiàn,,false(a1~e12)
7460,骙,kuí,,false(a1~e12)
7461,瑃,chūn,,false(a1~e13)
7462,瑓,liàn,,false(a1~e13)
7463,瑅,tí,,false(a1~e13)
7464,瑆,xīng,,false(a1~e13)
7465,䴖,jīng,,false(a1~e13)
7466,瑖,duàn,,false(a1~e13)
7467,瑝,huáng,,false(a1~e13)
7468,瑔,quán,,false(a1~e13)
7469,瑀,yǔ,一 一 丨 ㇀ 丿 丨 𠃍 一 丨 𠃌 丨 ㇀ 丶,true(a13~e13)
7470,𤧛,dì,,false(a1~e13)
7471,瑳,cuō,,false(a1~e13)
7472,瑂,méi,,false(a1~e13)
7473,嶅,áo、ào,,false(a1~e13)
7474,瑑,zhuàn,,false(a1~e13)
7475,遘,gòu,一 一 丨 丨 一 丨 𠃌 丨 一 一 丶 ㇋ ㇏,true(a13~e13)
7476,髢,dí,,false(a1~e13)
7477,塥,gé,一 丨 ㇀ 一 丨 𠃍 一 丨 𠃌 丶 丿 一 丨,true(a13~e13)
7478,堽,gāng,,false(a1~e13)
7479,赪,chēng,,false(a1~e13)
7480,摛,chī,,false(a1~e13)
7481,塝,bàng,,false(a1~e13)
7482,搒,bàng、péng,,false(a1~e13)
7483,搌,zhǎn,一 亅 ㇀ 𠃍 一 丿 一 丨 丨 一 𠄌 丿 ㇏,true(a13~e13)
7484,蒱,pú,,false(a1~e13)
7485,蒨,qiàn,,false(a1~e13)
7486,蓏,luǒ,,false(a1~e13)
7487,蔀,bù,,false(a1~e13)
7488,蓢,lǎng,一 丨 丨 丶 𠃍 一 一 𠄌 丶 丿 𠃌 一 一,true(a13~e13)
7489,蓂,mì,,false(a1~e13)
7490,蒻,ruò,,false(a1~e13)
7491,蓣,yù,一 丨 丨 ㇇|乛 丶 ㇇|乛 亅 一 丿 丨 𠃍 丿 丶,false(a15~e13)
7492,椹,zhēn、shèn,一 丨 丿 丶 一 丨 丨 一 一 一 丿 丶 ㇄,true(a13~e13)
7493,楪,dié、yè,,false(a1~e13)
7494,榃,tán,,false(a1~e13)
7495,榅,wēn、yùn,一 丨 丿 丶 丨 𠃍 一 一 丨 𠃍 丨 丨 一,true(a13~e13)
7496,楒,sī,,false(a1~e13)
7497,楞,léng,一 丨 丿 丶 丨 𠃍 丨 丨 一 丶 一 𠃌 丿,true(a13~e13)
7498,楩,pián,,false(a1~e13)
7499,榇,chèn,一 丨 丿 丶 丶 一 丶 丿 一 一 亅 丿 丶,true(a13~e13)
7500,椸,yí,,false(a1~e13)
7501,楙,mào,,false(a1~e13)
7502,歅,yān、yīn,,false(a1~e13)
7503,𬪩,nóng,,false(a1~e13)
7504,碃,qìng,,false(a1~e13)
7505,碏,què、xī,,false(a1~e13)
7506,𬒔,gěng,,false(a1~e13)
7507,碈,hūn,,false(a1~e13)
7508,䃅,dī,,false(a1~e13)
7509,硿,kòng,,false(a1~e13)
7510,鄠,hù,一 ㇀ ㇇|乛 丨 丶 丶 丶 丶 一 一 ㇉ 𠄎|㇌ 丨,false(a15~e13)
7511,辒,wēn,,false(a1~e13)
7512,𬨎,yóu,,false(a1~e13)
7513,𫐓,róu,,false(a1~e13)
7514,龆,tiáo,丨 一 丨 一 丿 丶 ㇄ 丨 𠃌 丿 丨 𠃍 一,true(a13~e13)
7515,觜,zī、zuǐ,丨 一 丨 ㇀ 丿 乚 丿 ㇇|乛 丿 𠃌 一 一 丨,false(a14~e13)
7516,䣘,táng,,false(a1~e13)
7517,暕,jiǎn,,false(a1~e13)
7518,鹍,kūn,,false(a1~e13)
7519,𫫇,è,,false(a1~e13)
7520,㬊,huǎn,,false(a1~e13)
7521,暅,gèng,,false(a1~e13)
7522,跱,zhì,,false(a1~e13)
7523,蜐,jié,,false(a1~e13)
7524,蜎,yuān,,false(a1~e13)
7525,嵲,niè,,false(a1~e13)
7526,赗,fèng,,false(a1~e13)
7527,骱,jiè,丨 𠃍 𠃍 ㇀ ㇇|乛 丨 𠃌 一 一 丿 ㇏ 丿 丨,false(a14~e13)
7528,锖,qiāng,丿 一 一 一 𠄌 一 一 丨 一 丨 𠃌 一 一,true(a13~e13)
7529,𫓹,jī,,false(a1~e13)
7530,锘,nuò,丿 一 一 一 𠄌 一 丨 丨 一 丿 丨 𠃍 一,true(a13~e13)
7531,锳,yīng,,false(a1~e13)
7532,锧,zhì,,false(a1~e13)
7533,锪,huō,丿 一 一 一 𠄌 丿 𠃌 丿 丿 ㇀ ㇂|㇃ 丶 丶,false(a14~e13)
7534,𬭚,chún,,false(a1~e13)
7535,锫,péi,丿 一 一 一 𠄌 丶 一 丶 丿 一 丨 𠃍 一,true(a13~e13)
7536,锬,tán,丿 一 一 一 𠄌 ㇀ 丿 丿 丶 ㇀ 丿 丿 ㇏,true(a13~e13)
7537,𬭛,bō,,false(a1~e13)
7538,稑,lù,,false(a1~e13)
7539,稙,zhī,,false(a1~e13)
7540,䅟,cǎn,,false(a1~e13)
7541,𬕂,lǒng,,false(a1~e13)
7542,筻,gàng,丿 一 丶 丿 一 丶 一 丨 𠃍 一 一 丿 ㇏,true(a13~e13)
7543,筼,yún,,false(a1~e13)
7544,筶,gào,,false(a1~e13)
7545,筦,guǎn,,false(a1~e13)
7546,筤,láng、làng,,false(a1~e13)
7547,傺,chì,丿 丨 丿 ㇇|乛 丶 丶 ㇇|乛 ㇏ 一 一 亅 丿 丶,false(a15~e13)
7548,鹎,bēi,丿 丨 𠃍 一 一 丿 一 丨 丿 𠃌 丶 ㇉ 一,true(a13~e13)
7549,僇,lù,,false(a1~e13)
7550,艅,yú,,false(a1~e13)
7551,艉,wěi,丿 丿 𠃌 丶 一 丶 𠃍 一 丿 丿 一 一 乚,true(a13~e13)
7552,谼,hóng,,false(a1~e13)
7553,貆,huán、huān,,false(a1~e13)
7554,腽,wà,丿 𠃌 一 一 丨 𠃍 一 一 丨 𠃍 丨 丨 一,true(a13~e13)
7555,腨,shuàn,,false(a1~e13)
7556,腯,tú,,false(a1~e13)
7557,鲉,yóu,,false(a1~e13)
7558,鲊,zhǎ、zhà,,false(a1~e13)
7559,鲌,bó、bà,,false(a1~e13)
7560,䲟,yìn,,false(a1~e13)
7561,𬶋,jū,,false(a1~e13)
7562,𬶍,tuó,,false(a1~e13)
7563,鲏,pí,,false(a1~e13)
7564,雊,gòu,,false(a1~e13)
7565,猺,yáo,,false(a1~e13)
7566,飔,sī,,false(a1~e13)
7567,觟,huà、xiè,,false(a1~e13)
7568,𦝼,lóu、lǘ,,false(a1~e13)
7569,馌,yè,,false(a1~e13)
7570,裛,yì,,false(a1~e13)
7571,廒,áo,丶 一 丿 一 一 丨 一 𠃌 丿 丿 一 丿 ㇏,true(a13~e13)
7572,瘀,yū,丶 一 丿 丶 ㇀ 丶 一 𠃌 丿 丿 ㇏ 丶 丶,true(a13~e13)
7573,瘅,dān、dàn,丶 一 丿 丶 ㇀ 丶 丿 丨 𠃍 一 一 一 丨,true(a13~e13)
7574,鄘,yōng,,false(a1~e13)
7575,鹒,gēng,,false(a1~e13)
7576,鄜,fū,,false(a1~e13)
7577,麀,yōu,,false(a1~e13)
7578,鄣,zhāng,丶 一 丶 丿 一 丨 𠃍 一 一 一 丨 𠄎|㇌ 丨,false(a14~e13)
7579,阘,tà,,false(a1~e13)
7580,𫔶,niè,,false(a1~e13)
7581,煁,chén,,false(a1~e13)
7582,煃,kuǐ,,false(a1~e13)
7583,煴,yūn、yǔn,,false(a1~e13)
7584,煋,xīng,,false(a1~e13)
7585,煟,wèi,,false(a1~e13)
7586,煓,tuān,,false(a1~e13)
7587,滠,shè,丶 丶 ㇀ 一 丨 丨 一 一 一 ㇇|乛 丶 ㇇|乛 ㇏,false(a15~e13)
7588,溍,jìn,,false(a1~e13)
7589,溹,suǒ,,false(a1~e13)
7590,滆,gé,,false(a1~e13)
7591,滉,huàng,,false(a1~e13)
7592,溦,wēi,,false(a1~e13)
7593,溵,yīn,,false(a1~e13)
7594,漷,huǒ、huò、kuò,丶 丶 ㇀ 丶 一 丨 𠃍 一 ㇇|乛 亅 ㇀ 𠄎|㇌ 丨,false(a15~e13)
7595,滧,xiào,,false(a1~e13)
7596,滘,jiào,丶 丶 ㇀ ㇀ ㇇|乛 丿 丶 一 丨 一 丨 𠃍 一,false(a14~e13)
7597,滍,zhì,,false(a1~e13)
7598,愭,qí,,false(a1~e13)
7599,慥,zào,,false(a1~e13)
7600,慆,tāo,,false(a1~e13)
7601,塱,lǎng,丶 𠃍 一 一 𠄌 丶 丿 𠃌 一 一 一 丨 一,true(a13~e13)
7602,𫌀,jī,,false(a1~e13)
7603,裼,tì、xī,丶 ㇇|乛 丨 丿 丶 丨 𠃍 一 一 丿 𠃌 丿 丿,false(a14~e13)
7604,禋,yīn,,false(a1~e13)
7605,禔,tí、zhǐ,,false(a1~e13)
7606,禘,dì,,false(a1~e13)
7607,禒,xiǎn,,false(a1~e13)
7608,谫,jiǎn,丶 ㇊ 丶 丿 一 丨 𠃌 一 一 丨 亅 𠃌 丿,true(a13~e13)
7609,鹔,sù,,false(a1~e13)
7610,𫖳,yūn,,false(a1~e13)
7611,愍,mǐn,𠃍 一 𠄌 一 ㇂|㇃ 丿 一 丿 ㇏ ㇀ ㇂|㇃ 丶 丶,false(a15~e13)
7612,嫄,yuán,,false(a1~e13)
7613,媱,yáo,,false(a1~e13)
7614,戤,gài,𠄎|㇌ 丿 ㇇|乛 丶 丨 𠃍 丨 丨 ㇀ 一 ㇂|㇃ 丿 丶,false(a16~e13)
7615,勠,lù,𠃍 丶 ㇀ 𠃍 丶 ㇀ 丿 丶 丿 丿 丿 𠃌 丿,true(a13~e13)
7616,戣,kuí,,false(a1~e13)
7617,𫘪,yuán,,false(a1~e13)
7618,𫘬,xí,,false(a1~e13)
7619,缞,cuī、suī、shuāi,,false(a1~e13)
7620,耤,jí、jiè,,false(a1~e14)
7621,瑧,zhēn,,false(a1~e14)
7622,𫞩,mén,,false(a1~e14)
7623,瑨,jìn,,false(a1~e14)
7624,瑱,tiàn、tián、zhèn,,false(a1~e14)
7625,瑷,ài,一 一 丨 ㇀ 丿 丶 丶 丿 ㇀ ㇇|乛 一 丿 ㇇|乛 ㇏,false(a16~e14)
7626,瑢,róng,,false(a1~e14)
7627,斠,jiào,,false(a1~e14)
7628,摏,chōng,,false(a1~e14)
7629,墕,yān,,false(a1~e14)
7630,墈,kàn,,false(a1~e14)
7631,墐,jìn,,false(a1~e14)
7632,墘,qián,,false(a1~e14)
7633,摴,chū,,false(a1~e14)
7634,銎,qióng,一 丨 ㇀ 丿 ⺄ 丶 丿 ㇏ 一 一 丨 丶 丿 一,true(a14~e14)
7635,𡐓,kāng,,false(a1~e14)
7636,墚,liáng,一 丨 ㇀ 丶 丶 ㇀ 𠃌 丿 ㇀ 丶 一 丨 丿 ㇏,true(a14~e14)
7637,撖,hàn,一 亅 ㇀ ㇇|乛 一 丨 丨 一 一 ㇀ 丿 一 丿 ㇏,false(a15~e14)
7638,𪤗,liào,,false(a1~e14)
7639,靽,bàn,,false(a1~e14)
7640,鞁,bèi,,false(a1~e14)
7641,蔌,sù,一 丨 丨 一 丨 𠃍 一 丨 丿 丶 丿 ㇇|乛 丿 ㇏,false(a15~e14)
7642,蔈,piào,,false(a1~e14)
7643,蓰,xǐ,一 丨 丨 丿 丿 丨 丨 一 丨 一 丨 一 丿 ㇏,true(a14~e14)
7644,蔹,liǎn,一 丨 丨 丿 ㇏ 一 丶 丶 丿 ㇀ 丿 一 丿 ㇏,true(a14~e14)
7645,蔊,hǎn、hàn,,false(a1~e14)
7646,嘏,gǔ,一 丨 丨 𠃍 一 𠃍 一 丨 一 一 𠃍 一 ㇇|乛 ㇏,false(a15~e14)
7647,榰,zhī,,false(a1~e14)
7648,榑,fú、fù、bó,,false(a1~e14)
7649,槚,jiǎ,,false(a1~e14)
7650,𣗋,dǎng,,false(a1~e14)
7651,槜,zuì,,false(a1~e14)
7652,榍,xiè,一 丨 丿 丶 𠃍 一 丿 丨 丶 丿 丨 𠃌 一 一,true(a14~e14)
7653,疐,zhì、dì,,false(a1~e14)
7654,𬸘,yǎn,,false(a1~e14)
7655,酺,pú,,false(a1~e14)
7656,酾,shī,一 丨 𠃍 丿 ㇄ 一 一 一 丨 𠃌 丶 丨 𠃌 丶,true(a14~e14)
7657,酲,chéng,一 丨 𠃍 丿 ㇄ 一 一 丨 𠃍 一 一 一 丨 一,true(a14~e14)
7658,酴,tú,一 丨 𠃍 丿 ㇄ 一 一 丿 ㇏ 一 一 亅 丿 丶,true(a14~e14)
7659,碶,qì,,false(a1~e14)
7660,䃎,zhà,,false(a1~e14)
7661,𬒗,lán,,false(a1~e14)
7662,碨,wěi、wèi,,false(a1~e14)
7663,𥔲,è,,false(a1~e14)
7664,碹,xuàn,一 丿 丨 𠃍 一 丶 ㇀ ㇇|乛 一 丨 𠃍 一 一 一,false(a15~e14)
7665,碥,biǎn,一 丿 丨 𠃍 一 丶 𠃍 一 丿 丨 𠃌 一 丨 丨,true(a14~e14)
7666,劂,jué,一 丿 丶 丿 一 ㇄ 丨 丿 丿 ㇇|乛 丿 丶 丨 亅,false(a15~e14)
7667,𫚖,cǐ,,false(a1~e14)
7668,䴗,jú,,false(a1~e14)
7669,夥,huǒ,丨 𠃍 一 一 一 丨 丿 丶 丿 ㇇|乛 丶 丿 ㇇|乛 丶,false(a16~e14)
7670,瞍,sǒu,丨 𠃍 一 一 一 丿 丨 一 𠃍 一 一 丨 ㇇|乛 ㇏,false(a15~e14)
7671,鹖,hé,,false(a1~e14)
7672,㬎,xiǎn,,false(a1~e14)
7673,跽,jì,丨 𠃍 一 丨 一 丨 ㇀ 𠃍 一 乚 ㇀ ㇂|㇃ 丶 丶,false(a15~e14)
7674,蜾,guǒ,丨 𠃍 一 丨 一 丶 丨 𠃍 一 一 一 丨 丿 ㇏,true(a14~e14)
7675,幖,biāo,,false(a1~e14)
7676,嶍,xí,,false(a1~e14)
7677,圙,lüè,,false(a1~e14)
7678,𨱏,dā,,false(a1~e14)
7679,锺,zhōng,丿 一 一 一 𠄌 丿 一 丨 𠃍 一 一 一 丨 一,true(a14~e14)
7680,锼,sōu,丿 一 一 一 𠄌 丿 丨 一 𠃍 一 一 丨 ㇇|乛 ㇏,false(a15~e14)
7681,锽,huáng,,false(a1~e14)
7682,𬭤,hóu,,false(a1~e14)
7683,锾,huán,丿 一 一 一 𠄌 丿 丶 丶 丿 一 一 丿 ㇇|乛 ㇏,false(a15~e14)
7684,锿,āi,丿 一 一 一 𠄌 丶 一 丨 𠃍 一 丿 𠄌 丿 ㇏,true(a14~e14)
7685,镃,zī,,false(a1~e14)
7686,镄,fèi,丿 一 一 一 𠄌 𠃍 一 ㇉ 丿 丨 丨 𠃍 丿 丶,true(a14~e14)
7687,镅,méi,丿 一 一 一 𠄌 𠃍 丨 一 丿 丨 𠃍 一 一 一,true(a14~e14)
7688,馝,bì,,false(a1~e14)
7689,鹙,qiū,,false(a1~e14)
7690,箨,tuò,丿 一 丶 丿 一 丶 一 亅 ㇀ ㇇|乛 ㇏ 一 一 丨,false(a15~e14)
7691,箖,lín、lǐn,,false(a1~e14)
7692,劄,zhā、zhá,,false(a1~e14)
7693,僬,jiāo,丿 丨 丿 丨 丶 一 一 一 丨 一 ㇀ 丶 丶 丶,true(a14~e14)
7694,僦,jiù,丿 丨 丶 一 丨 𠃍 一 亅 丿 丶 一 丿 乚 丶,true(a14~e14)
7695,僔,zǔn,,false(a1~e14)
7696,僎,zhuàn,,false(a1~e14)
7697,槃,pán,丿 丿 𠃌 丶 一 丶 丿 ㇅|㇍ ㇇|乛 丶 一 丨 丿 ㇏,false(a16~e14)
7698,㙦,xié,,false(a1~e14)
7699,鲒,jié,丿 ㇇|乛 丨 𠃍 一 丨 一 ㇀ 一 丨 一 丨 𠃍 一,false(a15~e14)
7700,鲕,ér,丿 ㇇|乛 丨 𠃍 一 丨 一 ㇀ 一 丿 丨 𠃌 丨 丨,false(a15~e14)
7701,𫚕,shī,,false(a1~e14)
7702,鲖,tóng,,false(a1~e14)
7703,鲗,zéi,,false(a1~e14)
7704,鲘,hòu,,false(a1~e14)
7705,鲙,kuài,,false(a1~e14)
7706,𬶐,zhào,,false(a1~e14)
7707,𬶏,wéi,,false(a1~e14)
7708,𩽾,ān,,false(a1~e14)
7709,夐,xiòng、xuàn,,false(a1~e14)
7710,獍,jìng,丿 ㇁ 丿 丶 一 丶 丿 一 丨 𠃍 一 一 丿 乚,true(a14~e14)
7711,飗,liú,,false(a1~e14)
7712,𬸚,yuè,,false(a1~e14)
7713,凘,sī,,false(a1~e14)
7714,廑,jǐn,丶 一 丿 一 丨 丨 一 丨 𠃍 一 一 一 丨 一,true(a14~e14)
7715,廙,yì,,false(a1~e14)
7716,瘗,yì,丶 一 丿 丶 ㇀ 一 丶 丿 一 丿 ㇏ 一 丨 一,true(a14~e14)
7717,瘥,chài、cuó,丶 一 丿 丶 ㇀ 丶 丿 一 一 一 丿 一 丨 一,true(a14~e14)
7718,瘕,jiǎ、xiá、xiā,丶 一 丿 丶 ㇀ 𠃍 一 丨 一 一 𠃍 一 ㇇|乛 ㇏,false(a15~e14)
7719,鲝,zhǎ,,false(a1~e14)
7720,鄫,zēng,,false(a1~e14)
7721,熇,hè、xiāo,,false(a1~e14)
7722,漹,yān,,false(a1~e14)
7723,漖,jiào,丶 丶 ㇀ 一 丨 一 丿 ㇇|乛 亅 ㇀ 丿 一 丿 ㇏,false(a15~e14)
7724,潆,yíng,丶 丶 ㇀ 一 丨 丨 ㇀ ㇇|乛 𠃋 𠃋 丶 亅 丿 丶,false(a15~e14)
7725,漤,lǎn,丶 丶 ㇀ 一 丨 丿 丶 一 丨 丿 ㇏ 𡿨 丿 一,true(a14~e14)
7726,潩,yì,,false(a1~e14)
7727,漼,cuǐ、cuī,,false(a1~e14)
7728,漴,chóng、shuāng,,false(a1~e14)
7729,㽏,gàn,,false(a1~e14)
7730,漈,jì,丶 丶 ㇀ 丿 ㇇|乛 丶 丶 ㇇|乛 ㇏ 一 一 亅 丿 丶,false(a16~e14)
7731,漋,lóng,,false(a1~e14)
7732,漻,liáo、liú,,false(a1~e14)
7733,慬,jǐn、qín、jìn,,false(a1~e14)
7734,窬,yú,丶 ㇀ ㇇|乛 丿 丶 丿 ㇏ 一 丨 𠃌 一 一 丨 亅,false(a15~e14)
7735,窭,jù,丶 ㇀ ㇇|乛 丿 丶 丶 丿 一 丨 丿 ㇏ 𡿨 丿 一,false(a15~e14)
7736,㮾,lǎng,,false(a1~e14)
7737,𬤝,huì,,false(a1~e14)
7738,褕,yú,,false(a1~e14)
7739,禛,zhēn,,false(a1~e14)
7740,禚,zhuó,丶 ㇇|乛 丨 丶 丶 丿 一 一 丨 一 ㇀ 丶 丶 丶,false(a15~e14)
7741,隩,ào、yù,,false(a1~e14)
7742,嫕,yì,,false(a1~e14)
7743,嫭,hù,,false(a1~e14)
7744,嫜,zhāng,𡿨 丿 一 丶 一 丶 丿 一 丨 𠃍 一 一 一 丨,true(a14~e14)
7745,嫪,lào,,false(a1~e14)
7746,𬙂,yǎn,,false(a1~e14)
7747,㻬,tū,,false(a1~e15)
7748,麹,qū,,false(a1~e15)
7749,璆,qiú,,false(a1~e15)
7750,漦,chí,,false(a1~e15)
7751,叇,dài,,false(a1~e15)
7752,墣,pú,,false(a1~e15)
7753,墦,fán,,false(a1~e15)
7754,墡,shàn,,false(a1~e15)
7755,劐,huō,一 丨 丨 丿 丨 丶 一 一 一 丨 一 ㇇|乛 丶 丨 亅,false(a16~e15)
7756,薁,ào,,false(a1~e15)
7757,蕰,wēn,,false(a1~e15)
7758,蔃,qiáng,,false(a1~e15)
7759,鼒,zī,,false(a1~e15)
7760,槱,yǒu、chǎo,,false(a1~e15)
7761,鹝,yì,,false(a1~e15)
7762,磏,lián、qiān,,false(a1~e15)
7763,磉,sǎng,一 丿 丨 𠃍 一 ㇇|乛 丶 ㇇|乛 丶 ㇇|乛 丶 一 丨 丿 ㇏,false(a18~e15)
7764,殣,jìn,,false(a1~e15)
7765,慭,yìn,,false(a1~e15)
7766,霅,zhà,,false(a1~e15)
7767,暵,hàn,,false(a1~e15)
7768,暲,zhāng,,false(a1~e15)
7769,暶,xuán,,false(a1~e15)
7770,踦,yǐ,,false(a1~e15)
7771,踣,bó,丨 𠃍 一 丨 一 丨 ㇀ 丶 一 丶 丿 一 丨 𠃍 一,true(a15~e15)
7772,䗖,dì,,false(a1~e15)
7773,蝘,yǎn,,false(a1~e15)
7774,蝲,là,,false(a1~e15)
7775,蝤,qiú、yóu,丨 𠃍 一 丨 一 丶 丶 丿 一 丨 𠃍 丿 ㇄ 一 一,true(a15~e15)
7776,噇,chuáng,,false(a1~e15)
7777,噂,zǔn,,false(a1~e15)
7778,噀,xùn,,false(a1~e15)
7779,罶,liǔ,,false(a1~e15)
7780,嶲,guī、xī、juàn,,false(a1~e15)
7781,嶓,bō,,false(a1~e15)
7782,㠇,jiù,,false(a1~e15)
7783,嶟,zūn,,false(a1~e15)
7784,嶒,céng,,false(a1~e15)
7785,镆,mò,丿 一 一 一 𠄌 一 丨 丨 丨 𠃍 一 一 一 丿 ㇏,true(a15~e15)
7786,镈,bó,,false(a1~e15)
7787,镋,tǎng,,false(a1~e15)
7788,镎,ná,丿 一 一 一 𠄌 丿 ㇏ 一 丨 𠃍 一 丿 一 一 亅,true(a15~e15)
7789,𬭩,wēng,,false(a1~e15)
7790,镕,róng,丿 一 一 一 𠄌 丶 ㇀ ㇇|乛 丿 丶 丿 ㇏ 丨 𠃍 一,false(a16~e15)
7791,稹,zhěn,丿 一 丨 丿 丶 一 丨 丨 𠃍 一 一 一 一 丿 丶,true(a15~e15)
7792,儇,xuān,丿 丨 丨 𠃍 丨 丨 一 一 丨 𠃍 一 丿 𠄌 丿 ㇏,true(a15~e15)
7793,皞,hào,,false(a1~e15)
7794,皛,xiǎo,,false(a1~e15)
7795,䴘,tī,,false(a1~e15)
7796,艎,huáng,,false(a1~e15)
7797,艏,shǒu,丿 丿 𠃌 丶 一 丶 丶 丿 一 丿 丨 𠃍 一 一 一,true(a15~e15)
7798,鹟,wēng,,false(a1~e15)
7799,𩾃,miǎn,,false(a1~e15)
7800,鲦,tiáo,丿 ㇇|乛 丨 𠃍 一 丨 一 ㇀ 丿 ㇇|乛 ㇏ 一 亅 丿 丶,false(a17~e15)
7801,鲪,jūn,,false(a1~e15)
7802,鲬,yǒng,,false(a1~e15)
7803,橥,zhū,丿 ㇁ 丿 一 丨 一 丿 丨 𠃍 一 一 一 丨 丿 ㇏,true(a15~e15)
7804,觭,jī、qí,,false(a1~e15)
7805,鹠,liú,,false(a1~e15)
7806,鹡,jí,,false(a1~e15)
7807,糇,hóu,丶 丿 一 丨 丿 丶 丿 丨 𠃍 一 丿 一 一 丿 ㇏,true(a15~e15)
7808,糈,xǔ,丶 丿 一 丨 丿 丶 ㇇|乛 丨 一 丿 ㇏ 丨 𠃌 一 一,false(a16~e15)
7809,翦,jiǎn,丶 丿 一 丨 𠃌 一 一 丨 亅 𠃌 丶 ㇀ 𠃌 丶 ㇀,true(a15~e15)
7810,鹢,yì,,false(a1~e15)
7811,鹣,jiān,丶 丿 一 𠃍 一 一 丨 丨 丿 丶 丿 𠃌 丶 ㇉ 一,true(a15~e15)
7812,熛,biāo,,false(a1~e15)
7813,潖,pá,,false(a1~e15)
7814,潵,sàn、sǎ,,false(a1~e15)
7815,㵐,jué,,false(a1~e15)
7816,澂,chéng,丶 丶 ㇀ 丨 ㇄ 丨 一 一 一 丨 一 丿 一 丿 ㇏,true(a15~e15)
7817,澛,lǔ,,false(a1~e15)
7818,瑬,liú,,false(a1~e15)
7819,潽,pū,,false(a1~e15)
7820,潾,lín,,false(a1~e15)
7821,潏,yù,,false(a1~e15)
7822,憭,liǎo、liáo,,false(a1~e15)
7823,憕,chéng、dèng、zhèng,,false(a1~e15)
7824,𬸣,xiān,,false(a1~e15)
7825,戭,yǎn,,false(a1~e15)
7826,褯,jiè,,false(a1~e15)
7827,禤,xuān,丶 ㇇|乛 丨 丶 丨 𠃍 丨 丨 一 𠃌 丶 ㇀ 𠃌 丶 ㇀,false(a16~e15)
7828,𫍽,xuān,,false(a1~e15)
7829,嫽,liáo,,false(a1~e15)
7830,遹,yù,,false(a1~e15)
7831,𬴊,lín,,false(a1~e15)
7832,璥,jǐng,,false(a1~e16)
7833,璲,suì,,false(a1~e16)
7834,璒,dēng,,false(a1~e16)
7835,憙,xǐ,,false(a1~e16)
7836,擐,huàn,一 亅 ㇀ 丨 𠃍 丨 丨 一 一 丨 𠃍 一 丿 𠄌 丿 ㇏,true(a16~e16)
7837,鄹,zōu,一 丨 丨 一 一 ㇀ ㇇|乛 丶 丿 丨 丿 丿 丿 丶 𠄎|㇌ 丨,false(a18~e16)
7838,薳,yuǎn、wěi,,false(a1~e16)
7839,鞔,mán、mèn,一 丨 丨 一 丨 𠃍 一 一 丨 丿 ㇇|乛 丨 𠃍 一 丿 乚,false(a17~e16)
7840,黇,tiān,,false(a1~e16)
7841,𬞟,pín,,false(a1~e16)
7842,蕗,lù,一 丨 丨 丨 𠃍 一 丨 一 丨 ㇀ 丿 ㇇|乛 ㇏ 丨 𠃍 一,false(a17~e16)
7843,薢,xiè,,false(a1~e16)
7844,蕹,wèng,一 丨 丨 丶 一 𠃋 𠃋 丿 丿 丨 丶 一 一 一 丨 一,true(a16~e16)
7845,橞,huì,,false(a1~e16)
7846,橑,liáo,,false(a1~e16)
7847,橦,tóng、chuáng,,false(a1~e16)
7848,醑,xǔ,一 丨 𠃍 丿 ㇄ 一 一 ㇇|乛 丨 一 丿 ㇏ 丨 𠃌 一 一,false(a17~e16)
7849,觱,bì,,false(a1~e16)
7850,磡,kàn,一 丿 丨 𠃍 一 一 丨 丨 一 一 一 丿 丶 ㇄ 𠃌 丿,true(a16~e16)
7851,𥕢,cáo,,false(a1~e16)
7852,磜,qì,,false(a1~e16)
7853,豮,fén,,false(a1~e16)
7854,𫟦,suì,,false(a1~e16)
7855,𬺈,yǐ,,false(a1~e16)
7856,𫠜,ní,,false(a1~e16)
7857,鹾,cuó,丨 一 丨 𠃍 丿 丶 一 丶 丿 一 一 一 丿 一 丨 一,true(a16~e16)
7858,虤,yán,,false(a1~e16)
7859,暿,xī、xǐ,,false(a1~e16)
7860,曌,zhào,丨 𠃍 一 一 丿 𠃌 一 一 丶 ㇀ ㇇|乛 丿 丶 一 丨 一,false(a17~e16)
7861,曈,tóng,丨 𠃍 一 一 丶 一 丶 丿 一 丨 𠃍 一 一 丨 一 一,true(a16~e16)
7862,㬚,chè,,false(a1~e16)
7863,蹅,chǎ,,false(a1~e16)
7864,踶,dì,,false(a1~e16)
7865,䗛,xiū,,false(a1~e16)
7866,螗,táng,丨 𠃍 一 丨 一 丶 丶 一 丿 𠃍 一 一 丨 丨 𠃍 一,true(a16~e16)
7867,疁,liú,,false(a1~e16)
7868,㠓,méng,,false(a1~e16)
7869,幪,méng,,false(a1~e16)
7870,𪩘,yǎn,,false(a1~e16)
7871,嶦,zhān、shàn,,false(a1~e16)
7872,𬭬,huì,,false(a1~e16)
7873,𨱑,huáng,,false(a1~e16)
7874,𬭯,piě,,false(a1~e16)
7875,馞,bó,,false(a1~e16)
7876,穄,jì,,false(a1~e16)
7877,篚,fěi,丿 一 丶 丿 一 丶 一 丨 一 一 一 丨 一 一 一 ㇄,true(a16~e16)
7878,篯,jiǎn、jiān,,false(a1~e16)
7879,簉,zào,,false(a1~e16)
7880,鼽,qiú,丿 丨 𠃍 一 一 一 丨 𠃍 一 丨 一 一 丿 丨 丿 ⺄,true(a16~e16)
7881,衠,zhūn,,false(a1~e16)
7882,盦,ān,,false(a1~e16)
7883,螣,téng,,false(a1~e16)
7884,縢,téng,,false(a1~e16)
7885,鲭,qīng,丿 ㇇|乛 丨 𠃍 一 丨 一 ㇀ 一 一 丨 一 丨 𠃌 一 一,false(a17~e16)
7886,鲯,qí,,false(a1~e16)
7887,鲰,zōu,丿 ㇇|乛 丨 𠃍 一 丨 一 ㇀ 一 丨 丨 一 一 ㇀ ㇇|乛 ㇏,false(a18~e16)
7888,鲺,shī,丿 ㇇|乛 丨 𠃍 一 丨 一 ㇀ ⺄ 一 丨 𠃍 一 丨 一 丶,false(a17~e16)
7889,鲹,shēn,,false(a1~e16)
7890,𫗴,zhān,,false(a1~e16)
7891,亸,duǒ,,false(a1~e16)
7892,癀,huáng,丶 一 丿 丶 ㇀ 一 丨 丨 一 丨 𠃍 一 丨 一 丿 丶,true(a16~e16)
7893,瘭,biāo,丶 一 丿 丶 ㇀ 一 丨 𠃍 丨 丨 一 一 一 亅 丿 丶,true(a16~e16)
7894,𬸦,zhuó,,false(a1~e16)
7895,羱,yuán,,false(a1~e16)
7896,糒,bèi,,false(a1~e16)
7897,燋,jiāo、qiáo、jué、zhuó,,false(a1~e16)
7898,熻,xī,,false(a1~e16)
7899,燊,shēn,㇀ 丿 丿 丶 ㇀ 丿 丿 丶 ㇀ 丿 丿 丶 一 丨 丿 ㇏,true(a16~e16)
7900,燚,yì,㇀ 丿 丿 丶 ㇀ 丿 丿 丶 ㇀ 丿 丿 丶 ㇀ 丿 丿 ㇏,true(a16~e16)
7901,燏,yù,,false(a1~e16)
7902,濩,huò、hù,,false(a1~e16)
7903,濋,chǔ,,false(a1~e16)
7904,澪,líng,,false(a1~e16)
7905,澽,jù,,false(a1~e16)
7906,澴,huán,,false(a1~e16)
7907,澭,yōng、yǒng,,false(a1~e16)
7908,澼,pì,,false(a1~e16)
7909,憷,chù,㇀ 丶 丨 一 丨 丿 丶 一 丨 丿 丶 ㇇|乛 丨 一 丿 ㇏,false(a17~e16)
7910,憺,dàn,,false(a1~e16)
7911,懔,lǐn,㇀ 丶 丨 丶 一 丨 𠃍 丨 𠃍 一 一 一 一 亅 丿 丶,true(a16~e16)
7912,黉,hóng,丶 丶 丿 ㇀ ㇇|乛 一 丨 丨 一 丨 𠃍 一 丨 一 丿 丶,false(a17~e16)
7913,嬛,huán、xuān、qióng,𡿨 丿 一 丨 𠃍 丨 丨 一 一 丨 𠃍 一 丿 𠄌 丿 ㇏,true(a16~e16)
7914,鹨,liù,𠃍 丶 ㇀ 𠃍 丶 ㇀ 丿 丶 丿 丿 丿 丿 𠃌 丶 ㇉ 一,true(a16~e16)
7915,翯,hè,,false(a1~e16)
7916,𫄷,yì,,false(a1~e16)
7917,璱,sè,,false(a1~e17)
7918,𤩽,huán,,false(a1~e17)
7919,璬,jiǎo,,false(a1~e17)
7920,璮,tǎn,,false(a1~e17)
7921,髽,zhuā,,false(a1~e17)
7922,擿,tī、zhì、zhāi,,false(a1~e17)
7923,薿,nǐ,,false(a1~e17)
7924,薸,piáo,,false(a1~e17)
7925,檑,léi,一 丨 丿 丶 一 ㇀ ㇇|乛 丨 丶 丶 丶 丶 丨 𠃍 一 丨 一,false(a18~e17)
7926,櫆,kuí,,false(a1~e17)
7927,檞,jiě,,false(a1~e17)
7928,醨,lí,,false(a1~e17)
7929,繄,yī,,false(a1~e17)
7930,磹,tán,,false(a1~e17)
7931,磻,pán、bō,,false(a1~e17)
7932,瞫,shěn,,false(a1~e17)
7933,瞵,lín,丨 𠃍 一 一 一 丶 丿 一 丨 丿 ㇏ 丿 ㇇|乛 丶 一 𠃋 丨,false(a18~e17)
7934,蹐,jí,,false(a1~e17)
7935,蟏,xiāo,,false(a1~e17)
7936,㘎,hǎn,,false(a1~e17)
7937,𬭳,xǐ,,false(a1~e17)
7938,镤,pú,丿 一 一 一 𠄌 丨 丨 丶 丿 一 丶 丿 一 一 一 丿 ㇏,true(a17~e17)
7939,𬭶,hēi,,false(a1~e17)
7940,𫔍,fán,,false(a1~e17)
7941,镥,lǔ,丿 一 一 一 𠄌 丿 ㇇|乛 丨 𠃍 一 丨 一 一 丨 𠃍 一 一,false(a18~e17)
7942,镨,pǔ,丿 一 一 一 𠄌 丶 丿 一 丨 丨 丶 丿 一 丨 𠃍 一 一,true(a17~e17)
7943,𬭸,lín,,false(a1~e17)
7944,𨱔,zūn,,false(a1~e17)
7945,𬭼,suì,,false(a1~e17)
7946,𫔎,jué,,false(a1~e17)
7947,矰,zēng,,false(a1~e17)
7948,穙,pú,,false(a1~e17)
7949,穜,tóng、zhǒng,,false(a1~e17)
7950,穟,suì,,false(a1~e17)
7951,簕,lè,丿 一 丶 丿 一 丶 一 丨 丨 一 丨 𠃍 一 一 丨 𠃌 丿,true(a17~e17)
7952,簃,yí,,false(a1~e17)
7953,簏,lù,丿 一 丶 丿 一 丶 丶 一 丿 𠃍 丨 丨 一 一 𠄌 丿 乚,true(a17~e17)
7954,儦,biāo,,false(a1~e17)
7955,魋,tuí,,false(a1~e17)
7956,斶,chù,,false(a1~e17)
7957,艚,cáo,丿 丿 𠃌 丶 一 丶 一 丨 𠃍 一 丨 丨 一 丨 𠃍 一 一,true(a17~e17)
7958,𬸪,fán,,false(a1~e17)
7959,谿,xī,,false(a1~e17)
7960,䲠,chūn,,false(a1~e17)
7961,𬶟,là,,false(a1~e17)
7962,鲾,bī,,false(a1~e17)
7963,𬶠,liàn,,false(a1~e17)
7964,鲿,cháng,,false(a1~e17)
7965,鳁,wēn,,false(a1~e17)
7966,鳂,wēi,,false(a1~e17)
7967,鳈,quán,,false(a1~e17)
7968,鳉,jiāng,,false(a1~e17)
7969,獯,xūn,丿 ㇁ 丿 丿 一 丨 𠃍 丶 丿 一 丨 一 一 ㇀ 丶 丶 丶,true(a17~e17)
7970,䗪,zhè,,false(a1~e17)
7971,馘,guó,丶 丿 一 丿 丨 𠃍 一 一 一 一 丨 𠃍 一 ㇀ ㇂|㇃ 丿 丶,false(a18~e17)
7972,襕,lán,,false(a1~e17)
7973,襚,suì,,false(a1~e17)
7974,𬶨,jì,,false(a1~e17)
7975,螱,wèi,,false(a1~e17)
7976,甓,pì,𠃍 一 丿 丨 𠃍 一 丶 一 丶 丿 一 一 丨 一 𠄌 ⺄ 丶,true(a17~e17)
7977,嬬,rú,,false(a1~e17)
7978,嬥,tiǎo,,false(a1~e17)
7979,𦈡,xū,,false(a1~e17)
7980,𫄸,xūn,,false(a1~e17)
7981,瓀,ruǎn,,false(a1~e18)
7982,釐,lí、xǐ、xī,,false(a1~e18)
7983,鬶,guī,,false(a1~e18)
7984,爇,ruò,,false(a1~e18)
7985,鞳,tà,,false(a1~e18)
7986,鞮,dī,,false(a1~e18)
7987,𬟁,yì,,false(a1~e18)
7988,藟,lěi,,false(a1~e18)
7989,藦,mó,,false(a1~e18)
7990,藨,biāo、pāo,,false(a1~e18)
7991,鹲,méng,,false(a1~e18)
7992,檫,chá,一 丨 丿 丶 丶 ㇀ ㇇|乛 丿 ㇇|乛 丶 丶 ㇇|乛 ㇏ 一 一 亅 丿 丶,false(a21~e18)
7993,黡,yǎn,,false(a1~e18)
7994,礞,méng,一 丿 丨 𠃍 一 一 丨 丨 ㇀ ㇇|乛 一 一 丿 ㇁ 丿 丿 丿 丶,false(a19~e18)
7995,礌,léi、lěi,,false(a1~e18)
7996,𥖨,zào,,false(a1~e18)
7997,蹢,dí,,false(a1~e18)
7998,蹜,sù,,false(a1~e18)
7999,蟫,yín、xún,,false(a1~e18)
8000,䗴,tíng,,false(a1~e18)
8001,嚚,yín,,false(a1~e18)
8002,髃,yú,,false(a1~e18)
8003,镮,huán,,false(a1~e18)
8004,镱,yì,丿 一 一 一 𠄌 丶 一 丶 丿 一 丨 𠃍 一 一 ㇀ ㇂|㇃ 丶 丶,false(a19~e18)
8005,酂,cuó、zàn,,false(a1~e18)
8006,馧,yūn、wò,,false(a1~e18)
8007,簠,fǔ,,false(a1~e18)
8008,簝,liáo,,false(a1~e18)
8009,簰,pái,,false(a1~e18)
8010,鼫,shí,,false(a1~e18)
8011,鼩,qú,,false(a1~e18)
8012,皦,jiǎo,,false(a1~e18)
8013,臑,nào,,false(a1~e18)
8014,䲢,téng,,false(a1~e18)
8015,鳑,páng,,false(a1~e18)
8016,鳒,jiān,,false(a1~e18)
8017,鹱,hù,丿 𠃌 丶 ㇉ ㇀ 一 丨 丨 丿 丨 丶 一 一 一 丨 一 ㇇|乛 ㇏,false(a19~e18)
8018,鹯,zhān,,false(a1~e18)
8019,癗,lěi,,false(a1~e18)
8020,𦒍,tóng,,false(a1~e18)
8021,旞,suì,,false(a1~e18)
8022,翷,lín,,false(a1~e18)
8023,冁,chǎn,丶 丿 丨 𠃍 一 一 一 丨 𠃍 一 丿 一 丨 丨 一 𠄌 丿 ㇏,true(a18~e18)
8024,䎖,zēng,,false(a1~e18)
8025,瀔,gǔ,,false(a1~e18)
8026,瀍,chán,丶 丶 ㇀ 丶 一 丿 丨 𠃍 一 一 丨 一 一 丿 丶 一 丨 一,true(a18~e18)
8027,瀌,biāo,,false(a1~e18)
8028,襜,chān,,false(a1~e18)
8029,䴙,pì,,false(a1~e18)
8030,𬙊,mò,,false(a1~e18)
8031,嚭,pǐ,,false(a1~e19)
8032,㰀,lí,,false(a1~e19)
8033,鬷,zōng,,false(a1~e19)
8034,醭,bú,一 丨 𠃍 丿 ㇄ 一 一 丨 丨 丶 丿 一 丶 丿 一 一 一 丿 ㇏,true(a19~e19)
8035,蹯,fán,丨 𠃍 一 丨 一 丨 ㇀ 丿 丶 丿 一 丨 丿 ㇏ 丨 𠃍 一 丨 一,true(a19~e19)
8036,蠋,zhú,,false(a1~e19)
8037,翾,xuān,,false(a1~e19)
8038,鳘,mǐn,丿 一 ㇄ 𠃍 丶 一 丶 丿 一 丿 ㇏ 丿 ㇇|乛 丨 𠃍 一 丨 一 一,false(a20~e19)
8039,儳,chán、chàn,,false(a1~e19)
8040,儴,ráng、xiāng,,false(a1~e19)
8041,鼗,táo,丿 丶 ㇀ 乚 丿 丶 一 丨 一 丨 𠃍 一 丶 丿 ㇀ 一 丨 ㇇|乛 ㇏,false(a20~e19)
8042,𬶭,jì,,false(a1~e19)
8043,𩾌,kāng,,false(a1~e19)
8044,鳚,wèi,,false(a1~e19)
8045,鳛,xí,,false(a1~e19)
8046,麑,ní,,false(a1~e19)
8047,麖,jīng,,false(a1~e19)
8048,蠃,luǒ,丶 一 ㇄ 丨 𠃍 一 丿 𠃌 一 一 丨 𠃍 一 丨 一 丶 丿 ⺄ 丶,true(a19~e19)
8049,彟,yuē,,false(a1~e19)
8050,嬿,yàn,,false(a1~e19)
8051,鬒,zhěn,,false(a1~e20)
8052,蘘,ráng,,false(a1~e20)
8053,欂,bó,,false(a1~e20)
8054,醵,jù,一 丨 𠃍 丿 ㇄ 一 一 丨 一 ㇇|乛 丿 一 乚 一 丿 ㇁ 丿 丿 丿 ㇏,false(a21~e20)
8055,颥,rú,一 ㇀ ㇇|乛 丨 丶 丶 丶 丶 一 丿 丨 𠃌 丨 丨 一 丿 丨 𠃍 丿 丶,false(a21~e20)
8056,甗,yǎn,,false(a1~e20)
8057,𨟠,quān,,false(a1~e20)
8058,巇,xī,,false(a1~e20)
8059,酅,xī,,false(a1~e20)
8060,髎,liáo,,false(a1~e20)
8061,犨,chōu,,false(a1~e20)
8062,𬶮,xǐ,,false(a1~e20)
8063,𨭉,bān,,false(a1~e20)
8064,㸌,huò,,false(a1~e20)
8065,爔,xī,,false(a1~e20)
8066,瀱,jì,,false(a1~e20)
8067,瀹,yuè,丶 丶 ㇀ 丿 ㇏ 一 丨 𠃍 一 丨 𠃍 一 丨 𠃍 一 丨 𠃌 一 丨 丨,true(a20~e20)
8068,瀼,ráng、nǎng,,false(a1~e20)
8069,瀵,fèn,丶 丶 ㇀ 丶 丿 一 丨 丿 ㇏ 丨 𠃍 一 丨 一 一 丨 丨 一 丿 丶,true(a20~e20)
8070,襫,shì,,false(a1~e20)
8071,孅,xiān、qiān,,false(a1~e20)
8072,骦,shuāng,,false(a1~e20)
8073,𬙋,xiāng,,false(a1~e20)
8074,耰,yōu,,false(a1~e21)
8075,𤫉,xiè,,false(a1~e21)
8076,瓖,xiāng,,false(a1~e21)
8077,鬘,mán,,false(a1~e21)
8078,趯,tì、yuè,,false(a1~e21)
8079,𬺓,,,false(a1~e21)
8080,罍,léi,丨 𠃍 一 丨 一 丨 𠃍 一 丨 一 丨 𠃍 一 丨 一 丿 一 一 丨 ㇄ 丨,true(a21~e21)
8081,鼱,jīng,,false(a1~e21)
8082,鳠,hù,,false(a1~e21)
8083,鳡,gǎn,,false(a1~e21)
8084,鳣,zhān、shàn,,false(a1~e21)
8085,爟,guàn,,false(a1~e21)
8086,爚,yuè,,false(a1~e21)
8087,灈,qú,,false(a1~e21)
8088,韂,chàn,,false(a1~e22)
8089,糵,niè,,false(a1~e22)
8090,蘼,mí,一 丨 丨 丶 一 丿 一 丨 丿 丶 一 丨 丿 ㇏ 丨 一 一 一 丨 一 一 一,true(a22~e22)
8091,礵,shuāng,,false(a1~e22)
8092,鹴,shuāng,,false(a1~e22)
8093,躔,chán,丨 𠃍 一 丨 一 丨 ㇀ 丶 一 丿 丨 𠃍 一 一 丨 一 一 丿 丶 一 丨 一,true(a22~e22)
8094,皭,jiào,,false(a1~e22)
8095,龢,hé,丿 丶 一 丨 𠃍 一 丨 𠃍 一 丨 𠃍 一 丨 𠃌 一 丨 丨 丿 一 丨 丿 ㇏,true(a22~e22)
8096,鳤,guǎn,,false(a1~e22)
8097,亹,wěi、mén,,false(a1~e22)
8098,籥,yuè,,false(a1~e23)
8099,鼷,xī,丿 丨 一 𠃍 一 一 𠄌 丶 丶 𠄌 丶 丶 ㇂|㇃ 丿 丶 丶 丿 𠃋 𠃋 丶 一 丿 ㇏,false(a24~e23)
8100,𫚭,liè,,false(a1~e23)
8101,玃,jué,,false(a1~e23)
8102,醾,mí,,false(a1~e24)
8103,齇,zhā,,false(a1~e25)
8104,觿,xī,,false(a1~e25)
8105,蠼,qú,丨 𠃍 一 丨 一 丶 丨 𠃍 一 一 一 丨 𠃍 一 一 一 丿 丨 丶 一 一 一 丨 一 ㇇|乛 ㇏,false(a27~e26)