seq,word,hzctable,strokesnum,pinyins,strokes,strokesok,explanation
3502,乜,表3丙表1000字,2画,miē、niè,𠃌 乚,true(a2~e2),乜 眼睛眯成一条缝 良材在烟榻上坐了，乜着眼又说道。--茅盾《霜叶红似二月花》又如乜斜(也作乜邪。眼睛眯成一条缝斜视);乜嬉(眼略眯斜视)眯着眼斜视着 鬼祟醉眼乜斜。--关汉卿《望江亭》细娇乜着嘴儿，轻轻地摇头。--陈残云《香飘四季》乜 偷偷摸摸不知做乜鬼?--陈残云《香飘四季》又如乜噑(什么事)乜 痴呆 乜miē⒈①眯着眼睛斜视～斜看人。②因困倦眼睛眯成一条缝～斜睡眼。乜niè⒈姓。
3503,兀,表3丙表1000字,3画,wù,一 丿 乚,true(a3~e3),兀 (指事。从一，在人上。人头上一横，表示高平。本义高耸特出的样子)同本义 兀，高而上平也。--《说文》何时眼前突兀见此屋。--杜甫《茅屋为秋风所破歌》又如兀岸(直耸挺拔);兀嵝(险峻)光秃(如毛发)的 蜀山兀。--唐·杜牧《阿房宫赋》又如兀首(头发脱落)茫然无知 临文乍了了，彻卷兀若天。--柳宗元《读书》又如兀兀陶陶(醉酒);兀楞楞(痴呆)不够稳定 独立 焉有翡翠横肩，援琴合膝，而能兀焉自立者也?--兀wù⒈高而上面平坦的样子，秃突～。蜀山～。～鹫（猛禽，头和颈上的羽毛退化而裸露）。⒉茫然无知的样子～若无。⒊⒋元曲里用作发语词。
3506,孓,表3丙表1000字,3画,jué,㇇ 亅 ㇏,true(a3~e3),见孑孓孓jué
3513,仄,表3丙表1000字,4画,zè,一 丿 丿 ㇏,true(a4~e4),仄 (会意。小篆字形象人侧身在山崖洞穴里的形状。本义倾斜)同本义 仄，侧倾也。--《说文》行山者仄輮。--《周礼·考工记·车人》众畏其口，见之仄目。--《汉书·息夫躬传》日极则仄，月满则亏。--《管子·白心》每旦视朝，日仄乃罢。--《后汉书·光武纪》又如仄歪(方言。倾斜摇晃);仄日(夕阳，斜阳);仄席(不敢正座，侧身坐在席上。形容忧心的样子);仄起(倾斜突起);仄目(斜着眼看);仄步(行走歪斜貌)内心不安 衷怀歉仄，自叹无缘。--《红楼梦》又如仄悚(恐惧不安);仄兀(歉疚不安)置 仄zè⒈倾斜，偏斜倾～。日～（日斜）。⒉不安歉～。⒊窄宽～适宜。⒋
3518,兮,表3丙表1000字,4画,xī,丿 ㇏ 一 ㇉,true(a4~e4),兮 啊 葛之覃兮，施于中谷。--《诗·周南·葛覃》兮xī文言助词，相当于现代汉语的'啊'、'呀'缘天梯～北上。登太乙～ 玉台。
3519,刈,表3丙表1000字,4画,yì,丿 丶 丨 亅,true(a4~e4),刈 (本作乿。形声。从刀，乿声。本作义。本义割草)同本义 刈，断也。又，杀也。--《广雅》是刈是攏。--《诗·周南·葛覃》腰镰刈葵藿，倚杖牧鸡豚。--鲍照《代东武呤》又如刈获(收割;收获);刈熟(指收割庄稼)杀 而又刈亡之。--《国语·吴语》及后世贪者之用兵也，以刈百姓。--《大戴礼记》刈 yì①割取。②指割下来的庄稼。③农具，镰刀之类。④斩杀;砍断。⑤消除;除去。
3520,爻,表3丙表1000字,4画,yáo,丿 丶 丿 ㇏,true(a4~e4),爻 (象形。本义组成八卦的长短横道。卦的变化取决于爻的变化，故爻表示交错和变动的意义) 同本义 爻，交也。象易六爻，头交也。--《说文》。按，乿，古文五，二五天地之数。会意。凡从爻之字，皆错杂意。道有变动，故曰爻。--《易·系辞下》又如爻分(交错分开);爻错(交叉错杂)爻 《周易》中组成卦的符号。 化之意六爻熟透，八卦精通。--《梼杌闲评--明珠缘》爻者，言乎爻yáo组成八挂的基本符号。有两种'-'是阳～；'- -'是阴～。
3521,卞,表3丙表1000字,4画,biàn,丶 一 丨 丶,true(a4~e4),卞 法，法度 卞，法也。--《玉篇》率循大卞。--《书·顾命》古地名 姓卞 急躁 庄公卞急而好洁。--《左传·定公三年》卞 biàn①法；法规率循大～。（《尚书·顾命》）②（性情）急躁～急。～姓。【卞和】春秋时楚国人。生卒年不详。传说他觅得玉璞，两次献给楚王，均被认为是假，先后被砍去双脚。楚文王即位，他抱璞在荆山下大哭，文王派匠人周目琢其璞，果然是宝玉，称为'和氏之璧'。
3522,闩,表3丙表1000字,4画,shuān,丶 丨 𠃌 一,true(a4~e4),闩 (指事。从门，一象门闩形。本义门上的横插) 同本义 闩，门横关也。--范成大《桂海虞衡志·杂志》又如上闩;门闩闩 插上门闩 闩紧闩紧大门闩shuān⒈关门时插在门后拴住门所用的棍棒门～。⒉插上门闩将门～好。
3528,邗,表3丙表1000字,5画,hán,一 一 丨 ㇌ 丨,true(a5~e5),邗〈名〉水名，即邗沟，又名邗江、邗溟沟 邗江 邗hán
3529,邛,表3丙表1000字,5画,qióng,一 丨 ㇀ ㇌ 丨,true(a5~e5),邛〈名〉故地名。邛城 邛，邛地在济阴县。从邑，工声。按汉书外戚侯表，邛城属济阴，此地字盖城字之误。…在今山东东昌府。--《说文通训定声》中国古州名 山名。即邛崃山 匪其止共，维王之邛。--《诗·小雅·巧言》邛 qióng邛崃山，邛崃市，均在四川省。
3531,艿,表3丙表1000字,5画,nǎi,一 丨 丨 𠄎 丿,true(a5~e5),艿 nai见芋艿即芋头芿艿reng乱草;杂草 艿，艿草也。从草，乃声。…字亦作芿。--《说文》藉艿燔林。--《列子·黄帝》又如艿稗(泛指杂草。亦以喻芜杂的事物)艿nǎi艿réng 1.旧草未割新草又生曰艿。引申为茂密的草。艿rèng 1.割后再生的新草。 2.乱草;杂草。
3534,匝,表3丙表1000字,5画,zā,一 丨 𠃌 丨 ㇄,true(a5~e5),匝 周，环绕一周叫一匝 帀，周也。从反帀而帀也。--《说文》。按，字亦作通，俗误作匝。就，帀也。--《周礼·典瑞》注。疏一采为一币，五采则五币。周，币也。--《礼记·檀弓》注匝城兵士。--清·邵长蘅《青门剩稿》又如绕树三匝;在门前绕了三匝;五匝;沿鼎壁游了一匝遍;次 帀，徧也。--《广雅》增光遂净手同进忠到方丈来，持香到禅座前，插在炉内拜三匝。--明·佚名《梼杌闲评》匝 环绕 水匝隍堑，于城东北合为一渎。--《水经注·河水》又如匝栏(围栏)笼罩，匝（帀）zā⒈周，圈鸟鹊南飞，绕树三～。⒉满，环绕浓荫～地。滋蔓～清池。
3535,丕,表3丙表1000字,5画,pī,一 丿 丨 丶 一,true(a5~e5),丕〈形〉(形声。从一，不声。本义大) 同本义丕，大也。--《说文》未丕扬先帝之盛功。--《汉书·匡衡传》太医令吉丕。--《后汉书·耿秉传》昧旦丕显。--《左传·昭公三年》弼我丕丕基。--《书·大诰》又如丕变(大变);丕训(伟大而可为法则的言论);丕烈(伟大的功业);丕业(伟大的事业);丕绩(伟大的功绩);丕显(伟大而显明);丕丕基(极伟大的帝王家业。指帝王之位)丕 〈动〉尊奉 丕 〈连〉乃，于是 丕pī大，宏大～业。～绩（绩功绩）。丕bù 1.通'不'。 2.象声词。参见'丕丕''丕2的'。
3544,仡,表3丙表1000字,5画,yì、gē,丿 丨 丿 一 ⺄,true(a5~e5),仡佬族 ge仡 yi壮勇 仡然从乎赵盾而入。--《公羊传》又如仡勇(壮勇，英武);仡然(壮勇的样子);仡仡(勇壮的样子)耸立 崇墉仡仡。--《诗·大雅·皇矣》又如仡仡(高耸的样子);仡立(直立不动)仡gē仡yì 1.壮勇貌。 2.耸立;矗立。参见'仡仡'﹑'仡立'。 3.见'仡仡'。 4.抬头。 5.见'仡栗'。 6.通'劼'。参见'仡仡'。仡wù 1.见'仡仡'。
3545,仫,表3丙表1000字,5画,mù,丿 丨 丿 𠃋 丶,true(a5~e5),仫佬族仫mù
3546,仞,表3丙表1000字,5画,rèn,丿 丨 𠃌 丿 ㇀,true(a5~e5),仞 (形声。从人，刃声。本义古代长度单位。周制八尺，汉制七尺)同本义 仞，伸臂一寻八尺也。--《说文》按，诸说不一筑宫仞有三尺。--《礼记·祭义》深八尺谓之洫，深二仞谓之浍。--《考工记·匠人》太行、王屋二山，方七百里，高万仞。--《列子·汤问》一片孤城万仞山。--唐·王之涣《凉州词》夫子之墙数仞。--《论语·子张》春秋时楚地名，在今湖北省十堰市东 子越自石溪，子贝自仞以伐庸。--《左传》用同刃。锋刃，借指刀剑之类的兵器 仞rèn〈古〉以七尺或八尺为一仞。
3548,氐,表3丙表1000字,5画,dī、dǐ,丿 𠄌 一 ㇂ 丶,true(a5~e5),氐 低，低下◇作低。头向下垂 封君皆氐首仰给焉。--《汉书·食货志下》。师古曰氐首，犹俯首也。氐 低;低廉 氐 中国古代的一个少数民族 自彼氐羌。--《诗·商颂·殷武》星名 氐 根本 尹氏大师，维周之氐。--《诗·小雅·节南山》氐，本也。--《说文》。按，柢之氐 dī①我国古代西部的少数民族。②二十八宿之一。又见dǐ。【氐人】中国古族名。原在中国北部和西部的广大地区游牧。从东汉起陆续内迁，主要居住在今陕西、甘肃、四川等广大地区。从事畜牧、农业。魏晋时大量接受汉族文化和生产技术。历史上曾建立过仇池、前秦、后凉等国。氐 dǐ根本。又见dī。
3551,邝,表3丙表1000字,5画,kuàng,丶 一 丿 ㇌ 丨,true(a5~e5),邝 姓邝（鄺） kuàng姓。
3552,邙,表3丙表1000字,5画,máng,丶 一 ㇄ ㇌ 丨,true(a5~e5),邙 古邑名 山名 邙máng北邙山，在河南省。
3554,讦,表3丙表1000字,5画,jié,丶 ㇊ 一 一 丨,true(a5~e5),讦 (形声。从言，干声。本义攻击别人的短处或揭发别人的阴私) 同本义讦，面相斥罪相告讦也。--《说文》恶讦以为直者。--《论语》。皇疏谓面发人之阴私也。所上者，告讦也。--《汉书·贾谊传》吏民相告讦。--《汉书·赵广汉传》又如讦发(揭发，揭露);讦告(揭发控告);讦奏(揭发上奏);讦调(揭露他人的隐私和短处)讦jié攻击或揭发别人的短处攻～。知而～之。　讦jì 1.直言无讳。
3561,弁,表3丙表1000字,5画,biàn,𠃋 丶 一 丿 丨,true(a5~e5),弁 古时的一种官帽，通常配礼服用(吉礼之服用冕)。赤黑色布做叫爵弁，是文冠;白鹿皮做的叫皮弁，是武冠◇泛指帽子 覍，冠也。周曰覍，殷曰吁，夏曰收。--《说文》。俗作卞。凡大夫以上服冕，士弁，制如冕爵。弁者，古冠之大称。委貌缁布曰冠。--《周礼·弁师》注皮弁。--《仪礼·士冠礼》。服注以白鹿皮为冠。弁，周冠名。--《广韵》突而弁兮。--《诗·小雅·甫田》王与大夫尽弁。--《书·金縢》。传弁，皮弁。不说(脱掉)弁而死于崔氏。--《左传·襄公二十五年》又如弁师(周礼官名。为夏官的弁 biàn①古代贵族的一种帽子，通常穿礼服时用之(吉礼之服用冕)。赤黑色的布做的叫爵弁，是文冠;白鹿皮做的叫皮弁，是武冠。②泛指帽子。③加弁;加冠。④放在前面。⑤武官服皮弁，因称武官为弁。⑥清代用以称基层武官。⑦徒手搏斗。⑧惊惧;战抖。⑨快速，急促。⑩姓『有弁严子。弁 pán通'般'。快乐。
3564,耒,表3丙表1000字,6画,lěi,一 一 一 丨 丿 ㇏,true(a6~e6),耒〈动〉(象形。古代的一种翻土农具，形如木叉，上有曲柄，下面是犁头，用以松土，可看作犁的前身。耒是汉字部首之一，从耒的字，与原始农具或耕作有关。本义古代的一种农具，形状像木叉) 同本义 耒，手耕曲木也。--《说文》天子亲载耒耜。--《礼记·月令》。注耒耜之上曲也。耒耨之所刺。--《庄子·胠箧》。李注耜柄也，犁也。耜其柄，耜其刃。--《后汉书·章帝纪》身执耒臿。--《韩非子·五蠹》又如耒耨(耕耘用的农器。指犁锄)。亦指耜的木曲柄。又如耒耜耒耜耒lěi⒈〈古〉一种农具，形状像木叉。⒉
3566,玑,表3丙表1000字,6画,jī,一 一 丨 ㇀ 丿 ⺄,true(a6~e6),玑 (形声。从玉， 幾声。本义不圆的珠子)同本义 璣，珠不圆者也。--《说文》厥篚元纁玑组。--《书·禹贡》傅玑之珥。--《史记·李斯传》爱已之一苍璧小玑。--《吕氏春秋·重已》趚丹明玑。--左思《吴都赋》瑇瑁珠玑。--《史记·货殖列传》又如玑镜(以有光的大珠制成的镜子;也指明镜。用以赞美他人的鉴识能力);玑贝(珍珠宝贝;比喻佳作)玑衡，古代的一种天文仪器 在璿玑玉衡。--《虞书》玑为转运。--《北堂书钞引书大传》玑玑（璣）jī⒈不圆的珠子。⒉〈古〉观测天文的仪器。
3568,圩,表3丙表1000字,6画,xū、wéi,一 丨 ㇀ 一 一 亅,true(a6~e6),圩wei(形声。从土，于声。本义低洼区防水护田的土堤)同本义 圩，圩岸。--《字汇》又如圩丁(修筑圩田的人);圩户(耕种圩田的农户);圩防(堤坊，堤堰);圩长(主管圩田堤防事务的人);圩埂(围人的堤堰);圩墙(用土石筑成的围绕村镇的墙)围绕村落四周的障碍物，也作围子 凹，中央低而四周高 圩 筑圩防水 近水居民，又从而圩之田之，而向日受水之区，十去圩wéi⒈低洼地区用于防水的堤岸筑～。⒉圩围以内的区域～田。盐～。⒊圩xū⒈闽粤等地称集市～场。赶～。〈古〉也作'虚'。圩yú 1.窊，凹。
3570,圭,表3丙表1000字,6画,guī,一 丨 一 一 丨 一,true(a6~e6),圭 (会意。从重土。本义古玉器名。长条形，上端作三角形，下端正方。中国古代贵族朝聘、祭祀、丧葬时以为礼器。依其大小，以别尊卑。又作珪)同本义 瑞贽珪者兑上。--《白虎通》孰为珪璋。--《庄子·马蹄》。李注锐上方下曰珪。以青圭礼东方。--《周礼·大宗伯》。注圭锐象春物初生。司马牛致其邑与珪焉。--《左传·哀公十四年》。注守邑符信。圭币(帛)俎豆(均为祭器)。--《汉书·郊祀志圭guī⒈〈古〉用作凭信的玉，上圆（或尖头形）下方。帝王、诸侯在举行朝会、祭祀的典礼时拿这种玉器。⒉〈古〉测日影的器具土～测景（景日影）。⒊⒋〈古〉容量单位。一升的十万分之一。
3571,扦,表3丙表1000字,6画,qiān,一 亅 ㇀ 丿 一 丨,true(a6~e6),扦〈名〉扦子，金属、竹等制成的针状物或主要部分是针状的器物 扦 〈动〉扦插扦担扦手扦qiān⒈用竹木或金属等制成的一头尖细的东西竹～。木～子。铁～儿。⒉插～花。把门～上。扦chǐ 1.顺着纹理劈析。
3578,芊,表3丙表1000字,6画,qiān,一 丨 丨 丿 一 丨,true(a6~e6),芊〈形〉草木茂盛的样子 碧绿色 芊绵，芊眠芊芊蚤是伤春梦雨天，可堪芳草更芊芊。--韦庄《长安清明》亦作阡阡、仟仟仰视山巅，肃何芊芊。--《文选·宋玉·高唐赋》芊qiān⒈⒉芊qiàn 1.见'芊萰'。
3581,芨,表3丙表1000字,6画,jī,一 丨 丨 丿 ㇋ ㇏,true(a6~e6),芨 堇草，即陆英 芨jī⒈⒉
3583,芎,表3丙表1000字,6画,xiōng,一 丨 丨 𠃍 一 ㇉,true(a6~e6),芎藭芎xiōng
3584,芗,表3丙表1000字,6画,xiāng,一 丨 丨 𠃋 𠃋 丿,true(a6~e6),芗 谷香 芗，谷气也。--《说文新附》黍曰芗合，粱曰芗萁。--《礼记·曲礼下》炷芗于手项以送公葬者凡百余人。--《司马温公神道碑》用以调味的香草 雏烧，雉，芗无蓼。--《礼记》。郑玄注苏荏之属也。又如芗脯(把猪羊放在小鼎中烹煮，使它香美)芗（薵）xiāng⒈气味好闻，味道鲜美，跟'臭'相对～气。～花。稻谷～。饭菜～。⒉指有香味的东西～水。檀～。洗发～波。⒊舒适，受欢迎睡得可～。这批货上市～得很。⒋〈古〉指一种香草，可用于调味。
3590,乩,表3丙表1000字,6画,jī,丨 一 丨 𠃍 一 乚,true(a6~e6),乩 通过占卜问吉凶 堂上设了乩坛。--《红楼梦》又如乩语(巫神在沙盘上写出的预示吉凶的话);乩坛(放扶乩用具的桌子);乩架(扶乩用的架子);扶乩(又叫扶鸾。二人扶丁字形木架在沙盘上划字，说是为人决疑治病，预示吉凶)乩jī
3598,缶,表3丙表1000字,6画,fǒu,丿 一 一 丨 ㇄ 丨,true(a6~e6),缶〈名〉(象形。甲骨文字形，上面是午字，即杵。下面是缶的本体。杵是棒子，可用来制坯。缶又是秦乐器，杵可以敲击成曲。本义瓦器， 圆腹小口，用以盛酒浆等)盛酒浆的瓦器。大腹小口，有盖。也有铜制的 缶，瓦器所以盛酒浆，秦人鼓之以节歌。象形。--《说文》盎谓之缶。--《尔雅》贰用缶。--《易·坎》以二缶钟惑。--《庄子·天地》。按，钟聚也。有孚盈缶。--《易·比》。郑注汲器。坎其击缶。--《诗·陈风·宛丘》击瓮叩缶。--《史记·李斯缶 fǒu⒈口小肚大的瓦器。⒉〈古〉一种瓦质的打击乐器。
3600,氖,表3丙表1000字,6画,nǎi,丿 一 一 ⺄ 𠄎 丿,true(a6~e6),氖〈名〉一种无色无嗅的惰性气体元素，原子序数10，存在于空气中，按体积计含量约占千分之二，可由液态空气分离得到，在真空管内发出淡红色辉光，用于电灯中 氖nǎi稀有气体化学元素。符号ne。无色无臭，难与其它元素化合。电流通过装有氖气的真空管，能发红光，故可用它来制造霓虹灯，指示灯等。
3601,牝,表3丙表1000字,6画,pìn,丿 一 丨 ㇀ 丿 乚,true(a6~e6),牝〈名〉(形声。从牛，匕声。依甲骨文，匕为雌性动物的标志。本义雌性的禽兽)同本义 牝，畜母也。--《说文》利牝马之贞。--《易·坤》畜牝牛，吉。--《易·离》牝鸡之晨，惟家之索。--《书·牧誓》又如牝朝(唐人称武后当政为牝朝);牝牡(雌雄两性)泛指阴性的事物 豨谷为牝。--《大戴礼记·本命》肾者，牝藏也。--《素问·水热穴论》牝常以静胜牡。--《老子》锁孔 键，牡;闭，牝也。--《礼记》。翱牝鸡司晨牝pìn雌的鸟兽。跟'牡'相对～鸽。～牛。
3603,伛,表3丙表1000字,6画,yǔ,丿 丨 一 丿 丶 ㇄,true(a6~e6),伛 (形声。从人，区声。本义背曲) 同本义 伛，曲也。--《广雅》苦水所，多尩与伛人。--《吕氏春秋·尽数》良雌伛伏，体方就成。--《论衡·论死》伛偻提携。--宋·欧阳修《醉翁亭记》又如伛兜面孔(指面孔凹凸不平);伛伏(曲背俯伏);伛步(弯腰曲身行走);伛伸(驼背);伛背(驼背);伛伛(背曲的样子)伛 弯腰 形容鬼看见，忙伛去将他一把拿住，思量拉他上船。--《何典》一命而偻，再命而伛，三命而俯，循墙而走。--《左传》通妪(鑹??)。爱抚;抚育 伛（傴）yǔ驼背～身。～偻。
3607,伥,表3丙表1000字,6画,chāng,丿 丨 丿 一 𠄌 ㇏,true(a6~e6),伥 (形声。从人，长声。本义狂)同本义 伥，狂也。俗字作猖。--《说文》何桀纠之昌披兮。(以昌为之。)--《离骚》号为伥子。--《资治通鉴》→三省注伥，狂。迷信传说中的被老虎咬死的人变成的鬼，这种鬼引导老虎咬别的人 旧指为盗贼察情探路的人。也指助纣为虐的恶人 其为响马贼之伥无疑。--清·酉阳《女盗侠传》伥 无所适从。又称伥伥 人无法则伥伥然。--《荀子·修身》伥鬼伥（倀）chāng〈古〉迷信传说'被老虎吃了的人变成鬼，又帮助老虎伤人'为虎作～（〈喻〉帮恶人作恶事）。
3608,伧,表3丙表1000字,6画,cāng、chen,丿 丨 丿 ㇏ 𠃌 乚,true(a6~e6),伧(cang)(形声。从人，仓声。本义粗俗) 同本义 原来这子房也是个伧头。--元·尚仲贤《气英布》又如伧荒(人物鄙陋、未受教育，地域荒远、交通不便);伧头(粗俗、鄙陋之人);伧夫(粗野、鄙贱、缺乏教养的人。也作伧父);伧重(粗重而鄙野)伧(cheng)--寒伧，即寒碜丑陋;难看 丢脸，不体面 讥笑，揭人短 伧（傖）chen⒈①丑陋，难看。②丢脸。伧cāng 1.粗俗;鄙陋。 2.引申指卑劣，下贱。 3.魏晋以来，江东对楚人的蔑称。 4.晋南北朝时，南人对北人或南渡北人的蔑称。 5.泛指粗鄙之人。 6.怯懦。参见'伧头'。 7.见'伧儜'。 8.见'伧?'。
3609,伉,表3丙表1000字,6画,kàng,丿 丨 丶 一 丿 ⺄,true(a6~e6),伉〈动〉(形声。从人，亢声。本义匹敌，相当)同本义 天下莫之能伉。--《战国策·秦策一》已不能庇其伉俪。--《左传·成公十一年》。注敌也。弃其伉俪妃嫔。--《国语·周语》。注对也。可与乎比伉。--《后汉书·张衡传》。注偶也。又如伉合(匹敌相等而配合)对敌，抵挡 养及亲者，身伉其难。--《吕氏春秋·士节》又如伉礼(彼此以平等的礼节相对待。同抗礼);伉衡(势均力敌，不相上下。同抗衡)伉 高大，高尚 乃立皋门，皋门有伉。伉kàng⒈⒉强健，刚直～健。～直。⒊〈古〉通'抗'。抵御。⒋〈古〉通'亢'。高。伉gāng 1.质直;刚直。
3611,囟,表3丙表1000字,6画,xìn,丿 丨 𠃍 丿 丶 一,true(a6~e6),囟 (象形。或从肉，宰声。本义连合胎儿或新生儿颅顶盖各骨间的膜质部) 同本义 夹囟曰角。--《礼记·内则》注又如囟门口(囱门)囟门，囟脑门此即汝母，汝从囱门入。--《初刻拍案惊奇》囟（顖）xìn囟门，胎儿或婴儿头顶骨未合缝的地方。有两个一个是额～，又叫前～或顶～（顶门），出生后一至两年间封闭；另一个是枕～，有叫后～，出生后不久即封闭。
3619,舛,表3丙表1000字,6画,chuǎn,丿 ㇇ 丶 一 𠃋 丨,true(a6~e6),舛 (会意。小篆字形，是两只方向相反的脚，合起来表示相违背的意思。本义相违背，颠倒)同本义 舛，对卧也。--《说文》段注谓人与人相对而休也，相背，犹相对也。本末舛逆。--贾谊《治安策》雄见诸子，各以其知舛驰。--《汉书·扬雄传》又如舛驰(异道而驰;交互);舛令(违命);舛午(抵触;违背)交互;交错 舛 错乱 此臣所谓舛也。--《汉书·贾谊传》如舛讹(差错;错误);舛差(差误;差错);舛误(差错;错误)不幸 舛 chuǎn①差错；错乱～错。②违背。【舛驰】背道而驰。【舛误】错误；差错。舛、踳chuǎn⒈差错，错乱～谬。⒉相违背前程多～。
3621,邬,表3丙表1000字,6画,wū,丿 𠃌 ㇉ ㇀ ㇌ 丨,true(a6~e6),邬 古地名 春秋郑邑，后入周。在今河南省偃师县西南春秋晋地，在今山西省介休县东北司马弥牟为邬大夫。--《左传》邬（鄔)wū姓。
3622,饧,表3丙表1000字,6画,xíng,丿 ㇇ 𠄌 𠄎 丿 丿,true(a6~e6),饧 用麦芽或谷芽熬成的饴糖 泼火雨初晴。草色青青。傍檐垂柳卖春饧。--宋·李彭老《浪淘沙》湖鱼香胜肉，官酒重于饧。--唐·刘禹锡《历阳书事》又如饧糟(熬麦芽糖剩下的渣子);饧饼(一种糖饼);饧粥(甜粥);饧蜜(糖蜜);饧糖(麦芽糖);饧桃(甜桃)饧 糖块、面剂子等变软 形容眼色朦胧 八戒饧眼偷看，你道他怎生打扮。--《西游记》只觉口齿缠绵，眉眼愈加饧涩，忙伏侍他睡下。--《红楼梦》又如饧涩(精神涣散，眼色朦胧);饧眼(脒着眼睛，朦胧而视)饧（餳）xíng⒈麦芽或谷芽等熬成的糖。⒉糖块或面剂子等变软糖～了。面团～了。⒊精神不振，眼光朦胧两眼发～。
3628,汊,表3丙表1000字,6画,chà,丶 丶 ㇀ ㇇ ㇏ 丶,true(a6~e6),汊 水流的分支，也指河流的分岔处 汊港中间是一条小汊港汊流汊chà河流分岔处河～。港～。
3635,聿,表3丙表1000字,6画,yù,𠃍 一 一 一 一 丨,true(a6~e6),聿 (指事。从聿一一者，牍也。秦以后皆作筽。本义毛笔。笔的本字，秦以后始加竹作笔)同本义 聿，所以书也。楚谓之聿，吴谓之不律，燕谓之弗。--《说文》又如舌聿(即口笔。用口所说的，用笔所写的)聿 古汉语助词，用在句首或句中 无念尔祖，聿修厥德。--《诗·大雅·文王》聿，循也。--《后汉书·傅毅传》注又如聿女(养女);聿遵(遵循。聿，发语词);聿追(聿本助词◇人往往训聿为述，因以聿追谓追述先人德业)聿yù⒈笔。⒉文言句首或句中的语气助词。
3636,艮,表3丙表1000字,6画,gěn、gèn,𠃍 一 一 𠄌 丿 ㇏,true(a6~e6),艮 指食物不易咬动或嚼烂 不松脆 艮 八卦之一，代表山 珍禽怪兽、佳果文竹于此处)方位名。东北方 艮gěn〈方〉⒈性直，说话生硬这人太～。⒉食物韧而不脆～饼。～萝卜。艮gèn八挂之一。代表山。
3642,妁,表3丙表1000字,6画,shuò,𡿨 丿 一 丿 𠃌 丶,true(a6~e6),妁 媒人 妁，媒也。--《集韵》妁shuò旧时称婚姻介绍人媒～。
3645,纣,表3丙表1000字,6画,zhòu,𠃋 𠃋 ㇀ 一 亅 丶,true(a6~e6),纣 驾车马后部的革带 纣，马緧也。从糸，肘省声。--《说文》车纣，自关而东，周、洛、韩、汝、颍而东谓之韌，或谓之曲绹，或谓之曲纶;自关而西谓之纣。--扬雄《方言》商代最末的君主名，史称纣王桀纣贵为天子。--《吕氏春秋·功名》。注贱仁多累曰纣。残义损善曰纣。--蔡邕《独断》以同言楚威王于侧纣之间。--《战国策·秦策》纣zhòu⒈驾车时系在牲口后的皮带子。⒉〈古〉人名。商朝末代君主。
3646,纥,表3丙表1000字,6画,hé、gē,𠃋 𠃋 ㇀ 丿 一 ⺄,true(a6~e6),纥如纥地(笑的声音);纥刺星(骂人的话。魔星，灾星)纥 下等丝 给，大丝。--《集韵》回纥 姓纥gē⒈⒉见hé；jié。纥hé⒈⒉见gē、jié。
3650,抟,表3丙表1000字,7画,tuán,一 亅 ㇀ 一 一 ㄣ 丶,true(a7~e7),抟 (形声。从手，专声。本义把东西捏聚成团)同本义 抟，圜也。--《说文》。《韵会》引《说文》抟，以手圜之也。毋抟饭。--《礼记·曲礼上》俊鹘抟水禽。--宋·陆游《过小孤山大孤山》又如抟铸(团捏铸造);抟弄(摆弄);抟黍(捏黍成圆形);抟饭(捏饭成团);抟食(手捏饭团而食);抟人(抟土作人);抟沙(捏沙成团。比喻聚而易散);抟泥(捏弄泥团，以为器皿。喻粗陋)集聚 亲友如抟沙，放手还复散。--宋·苏轼《二公再和亦再答之》又如抟力(集聚力量);抟国(聚集国力);抟结(集聚凝结);抟抟(凝聚如团貌);抟聚(抟（摶）tuán⒈将东西捏揉成团～饭团。～煤球。～纸团子。〈引〉结聚，集中国力～者强，国好言谈者削。⒉〈古〉通'团'。圆。抟zhuàn 1.卷之使紧。 2.量词。束;捆。抟zhuān 1.专一。
3651,抔,表3丙表1000字,7画,póu,一 亅 ㇀ 一 丿 丨 丶,true(a7~e7),抔póu⒈用手捧东西～着。～饮（双手捧起而饮）。⒉量词。手捧的（土）量一～黄土（〈喻〉微贱、渺小或没落的东西）。
3653,坂,表3丙表1000字,7画,bǎn,一 丨 ㇀ 丿 丿 ㇇ ㇏,true(a7~e7),坂 (形声。从土，反声。《广韵》作阪。本义山坡，斜坡) 同本义 采土筑山，十里九坂。--《后汉书·统传》又如坂田(地势较高的水田);坂坻(坡岸)坂 bǎn斜坡;山坡。坂bǎn'阪'的异体字。
3659,芫,表3丙表1000字,7画,yán、yuán,一 丨 丨 一 一 丿 乚,true(a7~e7),芫荽 yan芫花 yuan(daphne genkwa)，先花后叶，叶对生，偶为互生，纸质芫yuán⒈芫yán⒈
3662,芾,表3丙表1000字,7画,fèi、fú,一 丨 丨 一 丨 𠃌 丨,true(a7~e7),
3665,芷,表3丙表1000字,7画,zhǐ,一 丨 丨 丨 一 丨 一,true(a7~e7),芷 (形声。从苃，止声。本义白芷，香草名，也叫辟芷。中医学上以根入药) 同本义 岸芷汀兰，郁郁青青。--范仲淹《岳阳楼记》又如芷若(香草名。即白芷与杜若)芷阳从郦山下，道芷阳间行。--《史记·项羽本纪》芷zhǐ
3666,芮,表3丙表1000字,7画,ruì,一 丨 丨 丨 𠃌 丿 丶,true(a7~e7),芮 (形声。从苃，内声。本义芮芮。草初生的样子)同本义 芮芮，草生貌。--《说文》小的 蕞芮于城隅者，百不处一。--《文选·潘岳·西征赋》柔软 不食谷食，不衣芮温。--《吕氏春秋·必已》陈奇猷校释此‘芮温’当从《释名》之义。‘不衣芮温’，谓不衣细软温暖之衣。芮 结在盾上的丝带 水湾之内。通沬 芮鞫之即。--《诗·大雅·公刘》又如芮鞫(指水湾。水湾之内称芮，水湾之外称鞫)古国名 芮ruì周代诸侯国名，在今陕西省大荔东南一带。
3673,芡,表3丙表1000字,7画,qiàn,一 丨 丨 丿 乛 丿 ㇏,true(a7~e7),芡〈名〉(形声。从苃，欠声。本义水生植物。又名鸡头)即芡实，俗称鸡头 芡，鸡头也。--《说文》按，花似鸡冠，实苞如鸡首，故名。生于池沼中的一种一年生大水草，体表有刺，叶圆而大，浮于水面，花茎伸长于水面上，顶生一花，紫色，浆果球形，果内胚乳白粉质，可食用。如芡珠(芡的子实)做菜时用芡粉或淀粉调成的汁 芡粉芡实芡qiàn⒈芡草，也叫'鸡头'。一年生水草，全株有刺。叶圆形，浮在水面。开紫花，果实外皮有刺。种子叫'芡实'或'鸡头米'，供食用，也可制淀粉或药用。⒉烹饪中，使用淀粉调成的浓汁加～。勾～适当。
3674,芟,表3丙表1000字,7画,shān,一 丨 丨 丿 ㇍ ㇇ ㇏,true(a7~e7),芟〈动〉(会意。从殳。殳，兵器。以殳除草。本义铲除杂草)同本义 芟，刈草也。--《说文》尝之日，涖卜来岁之芟。--《周礼·肆师》芟蕰崇之。--《左传·隐公六年》载芟载柞。--《诗·周颂·载芟》。注除草曰芟。又如芟夷(除草，割草);芟荑(同芟夷。刈除);芟柞(指耕作);芟翦(芟剪。剪除;修剪);芟藄(刈除);芟柞(割除草木);芟秽(割除杂草◇用以比喻除去祸害)斩杀;消灭;清除 芟野萯。--《淮南子·本经》。注杀也。今操芟夷大难，略已平矣。--《资治通鉴》又如芟shān割草。〈引〉除去～除。～掉。
3676,苎,表3丙表1000字,7画,zhù,一 丨 丨 丶 ㇀ 乛 一,true(a7~e7),苎 苎麻 即荆三棱苎 色白如苎麻的 危亭望极，草色天涯，以鬃侵半苎。--吴文英《莺啼序》苎（苧）zhù⒈⒉使用苎麻织成的布。
3677,苡,表3丙表1000字,7画,yǐ,一 丨 丨 𠄌 丶 丿 丶,true(a7~e7),见薏苡。如薏仁(薏苡之仁);薏米(苡仁)苡米见薏米苡yǐ
3685,邳,表3丙表1000字,7画,pī,一 丿 丨 丶 ㇀ ㇌ 丨,true(a7~e7),邳〈名〉古国名 邳，奚仲之后，汤左相仲虺所封，国在鲁薛县。--《说文》商有姺邳，盖仲虺之裔为乱者，国灭，武王复封其后于邳，为薛侯。--《左传·昭公元年》古州名 姓邳 〈形〉通丕。大 棂栏邳张。--何晏《景福殿赋》邳pī邳州，在江苏省。
3687,奁,表3丙表1000字,7画,lián,一 丿 ㇏ 一 丿 丶 ㇄,true(a7~e7),奁 古代盛梳妆用品的匣子 弹棋始自魏宫内用妆奁戏。--《世说新语·巧艺》凝走弄香奁，拔脱金屈戌。--李商隐《骄儿诗》又如妆奁(香奁。放梳妆用品的器具)泛指盛放器物的匣子 …并两部书，茶奁、茶杯而已。--《红楼梦》又如一奁饭(一盒饭);茶奁(茶壶)陪嫁的衣物等 奁资奁（妝、卾、卽）lián⒈〈古〉妇女梳妆用的镜匣和盛化妆品等的器皿。⒉精巧的匣子棋～。宝～。⒊旧时泛指嫁妆妆～。
3688,豕,表3丙表1000字,7画,shǐ,一 丿 ㇁ 丿 丿 丿 ㇏,true(a7~e7),豕shǐ猪～突（突冲撞）狼奔（〈喻〉坏人到处乱闯，任意破坏）。
3689,忒,表3丙表1000字,7画,tè、tuī,一 ㇀ ㇃ 丶 丶 ㇂ 丶,true(a7~e7),忒〈名〉(形声。从心，弋声。本义差误) 同本义(侧重不符合客观实际)忒，更也。--《说文》忒，差也。--《广雅》故日月不过，而四时不忒。--《易·豫》春秋匪解，享祀不忒。--《诗·鲁颂·閟宫》淑人君子，其仪不忒。--《诗·曹风·鸤鸠》忒，差也。--《广雅·释诂四》昊天不忒。--《诗·大雅·抑》常德不忒。--《老子》第二十八章又如差忒(差错)忒 〈副〉太，过于 忒tè⒈差错不～。差～。⒉见tuif。忒tuī⒈〈方〉太天～热。他～性急。
3691,轫,表3丙表1000字,7画,rèn,一 𠃋 丨 ㇀ 𠃌 丿 ㇀,true(a7~e7),轫 (形声。从车，刃声。本义支住车轮使其不能转动的木头)同本义 轫，碍车也。--《说文》车不发轫。--《淮南子·兵略》。注车下支。朝发轫于苍梧兮，夕吾至乎县圃。--《楚辞·离骚》通仞。古时的一种长度单位 掘井九轫而不及泉。--《孟子》车轮 水渐轫以凝冱。--《文选》。李善注引颜延年《篡要解》曰车轮谓之轫。轫 柔弱;懒散 通韧。柔软而坚固 轫rèn支住车轮不使旋转的木头发～（把轫抽出，开动车子。〈喻〉出发或事业的开始）。
3692,迓,表3丙表1000字,7画,yà,一 𠃋 亅 丿 丶 ㇋ ㇏,true(a7~e7),迓 (形声。从言，牙声。本义迎接)同讶。同本义 迓，迎也。古本皆作讶。--《尔雅》子迓续乃命于天。--《书·盘庚》弗迓克奔。--《书·牧誓》迓晋侯于新宫。--《左传·成公十三年》又如有失迎迓溜走 何曾敢与他和尚争锋，望着直南下便迓。--金·董解元《西厢记诸宫调》迓yà迎接迎～。～于门。
3696,邺,表3丙表1000字,7画,yè,丨 丨 丶 丿 ㇀ ㇌ 丨,true(a7~e7),邺 (形声。从邑，业声。本义邺城) 同本义 的首都。隋复为邺县，宋废。故址在今河北省监漳县西，河南什阳市北邺（鄴）yè〈古〉都邑名。在今河北省临漳和河南什阳等境内。
3707,虬,表3丙表1000字,7画,qiú,丨 𠃍 一 丨 一 丶 乚,true(a7~e7),虬 古代传说中的有角的龙 蚢，龙子有角者。从虫，按，俗字作虬。有鳞曰蛟龙，有翼曰应龙，有角曰蚢龙，无角曰螭龙。--《广雅·释鱼》。按，龙雄有角，雌无角，龙子一角者蛟，两角者蚢，无角者螭也。母龙曰蛟，子曰蚢，其状鱼身如蛇尾，皮有珠。--《抱朴子》驾青虬兮骖白螭。--屈原《涉江》又如虬立(如虬龙般耸立。形容恣态骁勇矫健);虬虎(龙和虎。比喻英雄豪士);虬柱(雕绘虬龙的柱子);虬龙片甲(虬龙是罕见的动物，虽是一片鳞甲，也很难得。比喻贵重的物品)虬〈形〉盘曲，卷曲的样子 弓虬（蚢）qiú⒈〈古〉传说中的一种龙～龙。⒉像虬龙那样盘曲的～蟠。～髯。～枝。
3710,吣,表3丙表1000字,7画,qìn,丨 𠃍 一 ㇀ ㇃ 丶 丶,true(a7~e7),吣 吐酒犹如猫狗吣，好土空把堑坑填。--蒲松龄《日用俗字》再灌丧了黄汤，还不知吣出些什么新样儿的来呢!--《红楼梦》又如满嘴胡吣吣（吢、唚）qìn狗、猫等呕吐。吣qīn 1.亲吻。
3716,岑,表3丙表1000字,7画,cén,丨 ㇄ 丨 丿 ㇏ 丶 ㇇,true(a7~e7),岑 (形声。从山，今声。本义小而高的山)同本义 岑，山小而高也。--《说文》可使高于岑楼。--《孟子》。注岑楼，山之锐岭者。按，谓山之层叠似楼也。未始离于岑。--《庄子·徐无鬼》。注岸也。饮青岑之王醴兮。--张衡《思玄赋》托九成之孤岑兮。--马融《长笛赋》又如岑嶅(多小石的山);岑立(如山耸立)古国名 岑，国名。…今梁国有岑亭。--《正字通》姓岑 高 古观岑且寂，幽人情自怡。--皮日休《三宿神景宫》又如岑楼(高楼);岑锐(山高锐的样岑 cén①小而高的山。②姓。【岑寂】寂静；寂寞。【岑参】（约714-770）唐代诗人。南阳（今属河南）人。长于七言歌行，所写诗多以边塞为题材。著有《岑嘉州集》。代表作有《白雪歌送武判官归京》、《逢入京使》等。
3722,钋,表3丙表1000字,7画,pō,丿 一 一 一 𠄌 丨 丶,true(a7~e7),钋 化学性质类似于碲和铋的一种放射性金属元素。它存在于沥青铀矿及其他含铀矿物中，也存在于镭-铅废渣中及废氡管内，而在核反应堆中用中子轰击铋则可以生产大量的钋钋pō化学元素之一，具有放射性。符号po。在铀矿中有微量存在。可人工合成。钋和铍混合可作为中子源。钋pò 1.金矿。 2.为人名用字。明有朱征钋。见《明史．韩王松传》。
3725,氙,表3丙表1000字,7画,xiān,丿 一 一 ⺄ 丨 ㇄ 丨,true(a7~e7),氙 一种重的、无色惰性气体元素，存在于空气中，其量按体积计约占二千万分之一，也存在于温泉的气体中，从液态空气中与氪一起被分离得到，用于闸流管和特殊电灯中 ╠元素符号xe氙xiān化学元素之一。符号xe。通常为气体，无色无味，化学性质稳定，能吸入x射线。空气中含量极少。将氙装入真空管内通电，能发蓝光。
3726,氚,表3丙表1000字,7画,chuān,丿 一 一 ⺄ 丿 丨 丨,true(a7~e7),氚〈名〉氢的放射性同位素，原子量为普通氢的三倍，半衰期12.5年，蜕变时放出β射线后形成质量数为三的氦。用中子轰击锂可产生氚 氚chuān氢的同位素之一，即'超重氢'。符号t，质量数3。具有放射性。自然界中存在极微，从核反应制得。主要用于热核反应。
3733,佟,表3丙表1000字,7画,tóng,丿 丨 丿 ㇇ ㇏ 丶 丶,true(a7~e7),佟〈名〉姓佟，姓也。《北燕录》有辽东佟万，以文章知名。--《广韵》佟tóng姓。
3734,佗,表3丙表1000字,7画,tuó,丿 丨 丶 ㇀ 乛 丿 乚,true(a7~e7),佗〈动〉通拕。拖 因以醮酒佗发，求之三宿而得。--《史记·龜策列传》又如佗发(披发)佗 〈代〉表示远指，别的，其他的 制，岩邑也，虢叔死焉，佗邑唯命。--《左传·隐公元年》此无佗故也。--《大戴礼·礼察》佗日指动，必食异物。--《史记·郑世家》又如佗人(别人);佗日(他日;往日;将来的某一天);佗方(他方;他乡);佗生(他生，来生);佗年(他年，将来);佗志(异心);佗故(他故，别的原因)表示第三人称 佗 〈动〉(形声。从人，它声。本义负荷) 同驮。负有重担或负佗tuó⒈加。⒉负荷。⒊佗tuō 1.别的，其他的。 2.别的人或事物。 3.指自己和对方以外的人。 4.通'拕'。拖。参见'佗发'。 5.姓『有佗羽。见《汉书．游侠传》。佗tā 1.别的，其他的。 2.别的人或事物。 3.指自己和对方以外的人。 4.通'拕'。拖。参见'佗发'。 5.姓『有佗羽。见《汉书．游侠传》。佗tuò 1.加;施及。佗yí 1.逶迤。
3737,佘,表3丙表1000字,7画,shé,丿 ㇏ 一 一 亅 丿 丶,true(a7~e7),姓佘shé姓。
3738,佥,表3丙表1000字,7画,qiān,丿 ㇏ 一 丶 丶 丿 一,true(a7~e7),佥 (会意。从亼，从吅，从从。亼，集合。吅、从，都表示人多。本义皆，咸) 同本义 佥，皆也。--《说文》佥曰于，鲧哉!--《书·尧典》又如佥言(皆云;都说)佥 众人;大家 佥莈何忧。--《楚辞·天问》。注众也。佥，夥也。--《方言十二》又如佥言(众人的意见);佥望(众望);佥谋(众人筹划);佥议(众人公开评议)佥 连枷，打谷的农具 《方言》佥郭璞注今连枷，所以打谷者。佥 用同签。签署 汝等各自佥名，共成此事。--《三国演义》又如佥押(在佥（僱）qiān⒈都，皆～同。⒉众，大家以副～望（副符合）。
3740,豸,表3丙表1000字,7画,zhài、zhì,丿 丶 丶 丿 ㇁ 丿 丿,true(a7~e7),豸 本指长脊兽，如猫、虎之类。引申为无脚的虫，体多长，如蚯蚓之类 有足谓之虫，无足谓之豸。--《尔雅》又如豸豸(兽背隆长的样子)豸 通解。解决 使子逞其志，庶有豸乎。--《左传》豸 zhì⒈〈古〉指没有脚的虫子有足谓之虫，无足谓之～。⒉
3744,奂,表3丙表1000字,7画,huàn,丿 ㇇ 丨 𠃍 一 丿 ㇏,true(a7~e7),奂 互易◇作换 奂，取奂也。--《说文》呼唤◇作唤 唤，呼也。古通作奂--《说文新附》奂 盛大;众多 奂，众多也。--《玉篇》可以知古，可以察今，奂然而与民壹始。--《大戴礼记·四代》奂，盛也。--《汉书·韦元成传》注又如奂然(盛大的样子);奂衍(众多散布的样子);奂烂(繁盛的样子)文彩鲜明的◇作焕 美哉奂焉。--《礼记·檀弓》又如奂奂(文彩灿烂的样子);奂若(色彩鲜明的样子)悠闲的，涣散的◇作涣 伴奂尔游矣奂（妀）huàn⒈众多，盛大美哉～焉。⒉
3754,饬,表3丙表1000字,7画,chì,丿 乛 𠄌 丿 一 𠃌 丿,true(a7~e7),饬 (形声。从人，从力，食声。本义修整，整治)同本义 饬，致坚也。--《说文》周军饬垒。--《国语·吴语》。注治也。饬曲岸之际。--《淮南子·本纪》戎车既饬。--《诗·小雅·六月》又如整饬;饬装(整备行装);饬兵(整顿军队)命令 告诫。通敕信饬百官，众功皆兴。--《史记·五帝本纪》修德束躬，以自申饬，所以检其邪心，守其正意也。--《说苑·修文》双饬众官，各慎其职。--《汉书·五行志上》饬chì⒈整顿，整治整～。～武备。⒉谨慎谨～。⒊通'敕'。命令，告诫～令。～知。申～。饬shì 1.装饰；修饰。 2.巧饰；巧伪。
3758,疔,表3丙表1000字,7画,dīng,丶 一 丿 丶 ㇀ 一 亅,true(a7~e7),疔 病名，即疔疮 疔疮疔毒疔 dīng小毒疮～疮。
3761,闱,表3丙表1000字,7画,wéi,丶 丨 𠃌 一 一 𠃌 丨,true(a7~e7),闱 (形声。从门，韦声。本义古代宫室、宗庙的旁侧小门)同本义 闱，宫中之门也。--《说文》使其属守王闱。--《周礼·保氏》闱门，如今东西掖门。--《仪礼·士虞礼记》注又如闱闼(宫中小门);闱门(古代宫室、宗庙的旁侧小门)后妃居处 后正位宫闱，同体天王。--《后汉书》父母居室 眷恋庭闱。--晋·束晳《补亡诗》妇女居室 科举时代对考场、试院的称谓 闱（闈）wéi〈古〉⒈宫中的小门。又指庙门～门。⒉科举时代指考场入～。⒊⒋
3762,闳,表3丙表1000字,7画,hóng,丶 丨 𠃌 一 丿 𠃋 丶,true(a7~e7),闳 (形声。从门，厷声。本义巷门)同本义 闳，巷门也。--《说文》入于闳。--《左传·成公十七年》及闳中。--《左传·昭公二十年》。注曲门中。又如闳门(皇门。古代天子、诸侯等宫殿的左门)门 姓。如闳天(周文王四友之一。纣囚文王于羡里，闳天求得美女和名马献给纣，纣很高兴，便释放文王◇来辅佐武王灭纣)闳 通宏。大，宏大 其器圆以闳。--《礼记·月令》其语闳大不经，必先验小物。--《史记·孟子荀卿列传》闳言崇议。--《汉书·闳hóng①〈形〉宏大，宽广'～大广 博。' │ ～达。②〈名〉姓。
3763,闵,表3丙表1000字,7画,mǐn,丶 丨 𠃌 丶 一 丿 丶,true(a7~e7),闵 (形声。从门，文声。本义吊唁)同本义 闵，吊者在门也。--《说文》同悯。怜恤，哀怜 闵予小子，遭家不造。--《诗·周颂·闵予小子》又如闵察(怜悯审察);闵悼(怜恤哀悼);闵悔(怜恤而痛悔);闵笑(怜悯嘲笑)勉。黾勉 予惟用闵于天越民。--《书·君奭》又如闵免(勤免不息。同黾勉。也作闵勉)忧虑 宋人有闵其苗之不长而揠之者。--《孟子·公孙丑上》闵闵焉如农夫之望岁。--《左传·昭公三十二年》又如闵凶(忧伤的事闵mǐn⒈忧患，凶丧～凶。⒉忧虑，担心～人才之少（少缺少）。⒊（又写作'悯'）哀怜。闵mín 1.见'闵天'。
3765,炀,表3丙表1000字,7画,yáng,㇀ 丿 丿 丶 𠄎 丿 丿,true(a7~e7),炀 熔炼金属 以一铁范…密布字印…持就火炀之。--宋·沈括《梦溪笔谈·活板》炀 (形声。从火，? 同本义 古者民不知衣服，夏多积薪，冬则炀之。--《庄子》向火(取暖);烤火 炀，炙燥也。--《说文》冬则羊裘解札，短褐不掩形而炀灶口。--《淮南子》若灶则不然，前之人炀，则后之人无从见也。--《战国策》炊 遮蔽，蒙蔽，挡住 炀 炽热 观天火之炎炀兮，听炀（煬）yáng⒈也作'烊'。熔化金属。⒉火旺。炀yàng 1.烘烤;烘干。 2.向火(取暖);烤火。 3.炊。参见'炀者'。 4.遮蔽，蒙蔽;挡住。 5.焚烧。 6.炽热。 7.照耀。
3767,沅,表3丙表1000字,7画,yuán,丶 丶 ㇀ 一 一 丿 乚,true(a7~e7),沅〈名〉水名 沅yuán沅江，源出贵州省云雾山，流经湖南省注入洞庭湖。
3770,沌,表3丙表1000字,7画,dùn、zhuàn,丶 丶 ㇀ 一 ㇄ 丨 乚,true(a7~e7),沌 愚昧无知 沌 水名 沌，水名，在江夏。--《广韵》沌dùn'混沌'①旧称世界没有开辟以前的情形。②糊涂，不清楚。沌tún 1.见'沌沌'。沌zhuàn 1.水名。在湖北省。
3773,汩,表3丙表1000字,7画,gǔ、yù,丶 丶 ㇀ 丨 𠃍 一 一,true(a7~e7),汩〈动〉(形声。从水，曰声。本义治水，疏通)同本义 汩，治水也。--《说文》决汩九川。--《国语·周语》不住汩鸿，师何以尚之?--《楚辞·屈原·天问》又如汩鸿(治理洪水);汩越(治理)发咯咯声 汩 〈动〉弄乱;扰乱 我闻在昔，鲧洪水，汩陈其五行。--《书·洪范》与汩俱出。--《庄子·达生》又如汩乱(扰乱，混乱);汩湮(惑乱湮灭);汩陈(错乱陈列);汩和(扰乱和气);汩泥(搅浑泥沙)沉迷 汩gǔ水流迅疾的样子或流水声～ ～急流。汩yù 1.疾行。 2.光洁貌。《文选．王延寿》'汩硙硙以璀璨，赫爅爅而爥坤。'李善注'汩，浄貌。'一说，高峻貌，见李周翰注。 3.深水。 4.语助词。用同'聿'。汩hú 1.涌波。
3774,汨,表3丙表1000字,7画,mì,丶 丶 ㇀ 丨 𠃍 一 一,true(a7~e7),汩 水名 汨罗江遂自投汩罗以死。--《史记·屈原贾生列传》汨mì汨罗江，在湖南省。
3779,汶,表3丙表1000字,7画,wèn、mén,丶 丶 ㇀ 丶 一 丿 ㇏,true(a7~e7),汶汶 men受物之汶汶。--《史记·屈原贾生列传》汶 水名 今大汶水，又称大汶河，发源于山东省莱芜县北，古代本经东平县至梁山东南，流入济水。今主流西注东平湖，北入黄河浮于汶，达于济。--《书·禹贡》今汶河。古称汶水。源出山东省临朐县南，东北流，至安丘东北入潍河。如汶上(汶水之北。泛指春秋、战国时期齐国之地);汶阳川(汶水);汶阳田(在汶水北。春秋时鲁国属地。在今山东泰安市西南一带);汶阳田反(比喻失而复返)汶wèn⒈汶河，在山东省。⒉汶川县，在四川省。汶mén 1.见'汶汶'。 2.蒙蔽。汶mín 1.山名。 2.水名。岷江。
3783,怃,表3丙表1000字,7画,wǔ,㇀ 丶 丨 一 一 丿 乚,true(a7~e7),怃 (形声。从心，无声。本义抚爱)同本义 怃，爱也。--《说文》怃，抚也。--《尔雅》哀怜 怃 怅然失意的样子 应之者咸怃然。--唐·柳宗元《柳河东集》君怃然曰。--唐·李朝威《柳毅传》又如怃然(失意;不痛快)惊愕的样子 表怃然为骇。--《后汉书》通妩。媚好的样子 又为妇画眉，长安中传张京兆眉怃。--《汉书·张敞传》怃（憮）wǔ⒈茫然失意的样子～然。⒉惊愕。怃hū 1.傲慢。参见'怃敖'。 2.通'幠'。大;粗。
3786,忤,表3丙表1000字,7画,wǔ,㇀ 丶 丨 丿 一 一 丨,true(a7~e7),忤 (形声。从心，午声。本义抵触，不顺从)同本义 复忤宾客。--唐·李朝威《柳毅传》触忤当死。--清·张廷玉《明史》又如忤权(不屈服于权贵);忤物(触犯人;与人不合);忤怨(抵触而生怨);忤恨(违逆;反对);忤意(违逆心意);忤嫚(忤慢。违抗怠慢);忤触(触犯);忤鳞(直言犯上)触动 临风悼亡，忤愁心，匹鸟河洲上。--明·汪道昆《洛水悲》交错 阴阳散忤。--《春秋元命包》忤逆自小忤逆忤视忤wǔ逆，违反～逆。
3789,忻,表3丙表1000字,7画,xīn,㇀ 丶 丨 丿 丿 一 丨,true(a7~e7),忻〈动>(形声。从心，斤声。本义启发)同本义 忻，闿也。--《说文》善者，忻民之善，闭民之恶。--《司马法》姜原出野，见巨人迹，心忻然说，欲践之。--《史记·周本纪》明察 忻，察也。--《玉篇》忻 假借为欣。心喜 姜原出野，见巨人迹，心忻然悦。--《史记·周本纪》忻忻然常自以为治。--《淮南子·览冥》。注得意之貌也。又如忻幸(欣幸，欣喜而庆幸);忻悦(欣喜);忻然(喜悦貌;愉快貌);忻慰(欣慰);忻戚(悲喜);忻悚(喜悦与惶恐)忻xīn喜悦，快乐～喜。～赏。～然同意。欢～鼓舞。①高兴的样子～ ～然喜形于色。②草木旺盛的样子～ ～向荣。
3791,怆,表3丙表1000字,7画,chuàng,㇀ 丶 丨 丿 ㇏ 𠃌 乚,true(a7~e7),怆 (形声。从心，仓声。本义悲伤)同本义 怆，伤也。--《说文》怆，悲也。--《广雅》必有悽怆之心。--《礼记·祭义》又如怆慌(悲伤慌张);怆惶(悲切惊惶);怆恻(悲伤?恻);怆怆(悲痛哀伤);怆悢(悲愤忧伤)匆遽，慌乱 怆然念天地之悠悠，独怆然而涕下。--陈子昂《登幽州台歌》予怀怆然，感慨今昔，因自度此曲。--姜夔《扬州慢》怆然泪下怆痛怆痛不已怆 chuàng悲伤。【怆然】伤悲的样子～泪下。怆（愴）chuàng悲伤～然。悽～。怆chuàng怆chuǎng 1.失意貌。参见'怆恍'。
3793,忸,表3丙表1000字,7画,niǔ,㇀ 丶 丨 𠃍 丨 一 一,true(a7~e7),忸〈动〉(形声。从心，丑声。本义羞惭的样子)同本义 忸，惭也。--《集韵》颜厚有忸怩。--《书·五子之歌》又如忸忸怩怩(羞愧的样子);忸恨(愧恨)通狃。习惯 忸之以庆赏。--《荀子·议兵》又如忸忖(习以为常。也作忸忖)忸niǔ
3795,诃,表3丙表1000字,7画,hē,丶 ㇊ 一 丨 𠃍 一 亅,true(a7~e7),同呵。〔～子〕常绿乔木，果实像橄榄，可入药。亦称藏青果。诃hē⒈同'呵⒈'。⒉
3804,陂,表3丙表1000字,7画,bēi、pí、pō,㇌ 丨 乛 丿 丨 ㇇ ㇏,true(a7~e7),陂 (形声。从阜，皮声。字亦作坡。本义山坡;斜坡) 同本义  陂，阪也。--《说文》 百姓曼衍淫荒之陂。--《淮南子·俶真》 陂南陂北鸦阵黑，舍西舍东枫叶赤。--宋·陆游《思故山》 池塘  毋漉陂池。--《礼记·月令》。注畜水曰陂。 陂唐污庳。--《国语·周语》 夫寻常之污，不能溉陂泽。(小水坑里的水，不能灌满大的池泽。)--《盐铁论·贫富》 又如陂塘(水塘);陂池 湖泊  十顷之陂。--《淮南子·说林》 后又穿长安城，引内沣水注第中大陂以行船。--《汉书》 边际;旁边  陂pí 陂pō  陂bēi 1.堤防;堤岸。 2.指筑堤防。 3.池塘湖泊。 4.壅塞。 5.山坡。 6.旁边，边际。 7.靠近。 8.沿着，顺着(河岸)。 陂bì 1.倾危。 2.偏颇，邪僻不正。
3805,陉,表3丙表1000字,7画,xíng,㇌ 丨 ㇇ 丶 一 丨 一,true(a7~e7),陉 山脉中断的地方 山绝陉。--《尔雅·释山》。注连山中断绝。盘互长干有绝陉，并包佳丽入江亭。--宋·王安石《雨花台》赵(希)与之陉，合军曲阳，攻取丹丘、华阳、鸱之塞。--《史记·赵世家》。集解常山有井陉，中山有苦陉。太行山首始于河内，北至幽州，凡有八陉，是山凡中断皆曰陉。--《述征记》又如陉岘(山谷与山岭);陉阻(断崖险碍的地方)灶边承放器物处的形状、样子 祀灶之礼，设主于灶陉。--《礼记·月令》郑玄注斜坡 膺峭袘，腹陉阻。--马陉（陘）xíng⒈山口，山脉中断的地方。⒉灶边放东西的土台。陉jìng 1.狭窄的通道。
3806,妍,表3丙表1000字,7画,yán,𡿨 丿 一 一 一 丿 丨,true(a7~e7),妍 (形声。小篆字形。从女，幵声。本义巧慧)同本义 妍，技也。一曰慧也。--《说文》。按，慧巧之意。又如妍手(妙手)美丽 浪迹无妍蚩。--江淹《杂体诗》。注犹美恶也。妍蚩好恶，可得而言。--陆机《文赋序》日高日上，日上日妍。--明·李渔《闲情偶寄·种植部》又如妍花(娇美的花);妍森(美丽茂盛);妍度(美丽的外表);妍芳(美丽的花卉);妍状(美丽的形态);妍美(美丽);妍倩(美丽);妍影(美丽的影像);妍丑(美和丑);妍柔(美丽的风光)美好 面丑心妍，利居众后，责在人先。--唐·韩愈《送妍yán美丽，美好～美。～丽。～皮（美丽的皮肤）。百花争～。
3808,妪,表3丙表1000字,7画,yù,𡿨 丿 一 一 丿 丶 ㇄,true(a7~e7),妪 以体相温 羽者妪伏。--《淮南子·原道》。注以气剖卵也。煦妪覆育万物。--《礼记·乐记》。注气曰煦，体曰妪。柳下惠妪不逮门之女。--《诗·巷伯传》太子曰颜子缩屋称贞，柳下妪而不乱，未若此翁白首不娶者也。--《北齐书》又如妪伏(鸟类以体孵卵)养育;抚育 以声华呕符妪掩万民百姓。--《淮南子》又如妪育(生育抚养);妪煦(生养覆育);妪拊(抚恤)妪 (形声。从女，区声。本义母亲，妈妈)同本义 妪，母也。--《说文》老妪夜哭。--《史记》东海莫贤妪（嫗）yù老年妇女。妪yǔ 1.以体相温。 2.指养育。 3.和悦貌。参见'妪然'﹑'妪妪'等。 4.恭顺貌。参见'妪'。
3809,妣,表3丙表1000字,7画,bǐ,𡿨 丿 一 一 𠄌 丿 乚,true(a7~e7),妣 (形声。从女，比声。本义母亲)母亲的通称 母为妣。--《尔雅·释亲》。疏妣，媲也，媲匹于父。遇其妣。--《易·小过》已故的母亲 妣，殁母也。--《说文》百姓如丧考妣。--《虞书》以享先妣。--《周礼·大司乐》王母曰皇祖妣。--《礼记·曲礼下》先妣抚之甚厚。--明·归有光《项脊轩志》又如妣考(亡母与亡父);先妣;如丧考妣祖母和祖母辈以上的女性祖先 似绩妣祖。--《诗·小雅·斯干》又如妣祖(先妣和先祖)妣 bǐ已故的母亲先～、如丧考～（如同死了父母一样）。
3814,姒,表3丙表1000字,7画,sì,𡿨 丿 一 𠄌 丶 丿 丶,true(a7~e7),姒 (形声。从女，以声。本义古代兄弟之妻年长者)同本义。古以兄妻为姒，弟妻为娣;相谓亦曰姒。弟妻称兄妻为姒 娣妇谓长妇为姒妇。--《尔雅·释亲》吾不以妾为姒。--《左传·成公十一年》。注昆弟之妻，相谓为姒。少妇谓长妇曰姒，言其先来已所当法似也。--《释名·释亲属》又如姒娣(妯娌);姒妇(古代弟之妻称兄之妻为姒妇)古代同夫诸妾称长者曰姒，幼者曰娣 女子同出，谓先生为姒，后生为娣。--《尔雅·释亲》。郭璞注同姒sì〈古〉弟妻称兄妻娣～（妯娌）。
3817,劭,表3丙表1000字,7画,shào,𠃌 丿 丨 𠃍 一 𠃌 丿,true(a7~e7),劭 高尚;美好 邵，高也。从卩，召声。--《说文》劭，美也。又高也。--《小尔雅》董仲舒之才之邵也。--《法言·修身》年弥高而德弥劭。--扬雄《法言·孝至》又如年高德劭;劭美(美好);劭令(完善美好)劭 〈动〉(形声。从力，召声。本义勉励) 同本义 先帝劭农，薄其租税。--《汉书·成帝纪》又如劭农(劝农);劭劝(劝勉)劭shào⒈劝勉，鼓励～农。⒉美好年高德～。
3822,纰,表3丙表1000字,7画,pī、pí、bǐ,𠃋 𠃋 ㇀ 一 𠄌 丿 乚,true(a7~e7),
3826,玮,表3丙表1000字,8画,wěi,一 一 丨 ㇀ 一 一 𠃌 丨,true(a8~e8),玮 美丽的玉 玮，美玉。--《集韵》皮绳。通韦 晋阳佩玮，西门带弦。--《汉故谷城长荡阴令张君表颂》玮 美好 珍奇 玮 赞美 梁惠王玮其照乘之珠，齐威王答以四臣。--《后汉书》玮（瑋）wěi⒈玉名。⒉珍奇～宝。
3834,忝,表3丙表1000字,8画,tiǎn,一 一 丿 ㇏ 亅 ㇀ 丶 丶,true(a8~e8),忝〈动〉(形声。从心，天声。本义羞辱，愧对;辱)同本义 忝，辱也。--《说文》无忝祖考。--《书·君牙》辟不辟，忝厥祖。--《书·太甲上》。传忝，辱也。无忝尔所生。--《诗·小雅·小宛》二十忝科名。--宋·司马光《训俭示康》又如有忝(有愧于;有辱)荣幸如忝列门墙;忝在知交同腆。挺起;凸出 假僧接刀在手，解开衣服，忝起胸膛，将左手抹腹，右手持刀，唿喇的响一声，把腹皮剖开。--《西游记》忝 〈副〉表示愧于进行某事 忝tiǎn辱。〈引〉愧～承。～在至交。～列门墙。
3836,坩,表3丙表1000字,8画,gān,一 丨 ㇀ 一 丨 丨 一 一,true(a8~e8),坩 盛物的陶器 侃少为寻阳县吏，尝监鱼梁，以一坩鮳遗母。--《晋书》坩埚坩gān⒈陶土制做的盛物器。⒉①化学实验室用来熔融或烧灼的一种器皿，常以瓷土、镍、银、铂、石英或玻璃等制成。②工业上用来熔化金属或其它物质的器皿，多以耐火粘土或石墨等制成。
3844,拃,表3丙表1000字,8画,zhǎ,一 亅 ㇀ 丿 一 丨 一 一,true(a8~e8),
3845,拊,表3丙表1000字,8画,fǔ,一 亅 ㇀ 丿 丨 一 亅 丶,true(a8~e8),拊〈动〉(形声。从手，付声。本义抚摸)同本义 拊，搈也。--《说文》。段注搈者，摩也。古作‘拊搈’，今作‘抚循’，古今字也。尧典曰击石拊石，拊轻击重，故分言之。。主拊其背曰行矣!--《汉书·外戚传上》又如拊扪(抚摸);抚式(用手按车板)拊掌拍手。表示惊讶，恼怒或欢喜 阿母大拊掌不图子自归!--《玉台新咏·古诗为焦仲卿妻作》又如拊手(拍手;鼓掌);拊心(抚胸;拍胸);拊髀(拍大腿);拊床(拍床);拊背(轻拍肩背);拊嗟(拍手嗟叹);拊噪(拍手欢呼);拊翼(拍打翅膀)通抚体恤抚慰拊 fǔ⒈扶持，保护，养育～养。～育。～其老弱。⒉慰问～恤。安～。优～。⒊按摩，轻轻地摸～摩。～摸。⒋拍，击～背。～掌欢笑。拊fū 1.人名用字。
3846,坼,表3丙表1000字,8画,chè,一 丨 ㇀ 丿 丿 一 丨 丶,true(a8~e8),坼 (形声。从土，斥声。本义裂开，分裂) 同本义 坼，裂也。--《说文》。按，土裂。天旱地坼。--《淮南子·本经》。注燥裂也。不坼不副。--《诗·大雅·生民》百果草木皆甲坼。--《易·解》又如坼甲(草木种子外皮开裂而萌芽);坼腹(剖腹。指难产。剖腹而生)坼 裂缝 卜人占坼。--《周礼·占人》又如坼兆(龟甲、兽骨占卜时，裂纹所显示的预兆);坼罅(裂缝)坼chè分裂，裂开天崩地～。
3847,坻,表3丙表1000字,8画,dǐ、chí,一 丨 ㇀ 丿 𠄌 一 ㇂ 丶,true(a8~e8),坻 水中的小洲或高地 坻，小渚也。--《说文》水中可居者曰洲，小洲曰渚，小渚曰沚，小沚曰坻。--《尔雅》得坻则止。--《史记·屈原贾生列传》宛在水中坻。--《诗·秦风·蒹葭》坻崿di坻 山坡 坻，坂也。--《埤苍》又如坻颓(山崩;山崩之声)--地名用字∮北省有宝坻县 坻 chí①水中小洲或高地。②涯岸。③山名。④泛指山。坻 dǐ地名用字∮北省有宝坻县。
3856,苤,表3丙表1000字,8画,piě,一 丨 丨 一 丿 丨 丶 一,true(a8~e8),苤蓝苤piě
3857,茏,表3丙表1000字,8画,lóng,一 丨 丨 一 丿 乚 丿 丶,true(a8~e8),茏 (形声。从苃，龙声。本义草名。即荭花。蓼类植物) 同本义 其山之浅，有茏与斥。--《管子·地员》茏 形容草木青翠茂盛。也作葱茏 譬若周云之茏苁。--《淮南子·俶真》又如茏茸(丛聚的样子);茏苁(丛聚的样子。同茏葱);葱茏(草木茂盛的样子)茏葱茏（蘢）lóng茏lǒng 1.见'笼茸'﹑'笼苁'。
3859,苜,表3丙表1000字,8画,mù,一 丨 丨 丨 𠃍 一 一 一,true(a8~e8),苜蓿不同的气候和土壤条件苜mù牧草和绿肥。嫩茎叶可作蔬菜。
3861,苒,表3丙表1000字,8画,rǎn,一 丨 丨 丨 𠃌 丨 一 一,true(a8~e8),苒 (形声。从苃，冉声。苒苒草茂盛的样子)草盛的样子 时间逐渐逝去 荏苒冬春谢。--《悼亡诗》。注岁月流貌。苒rǎn①形容草茂盛。②形容轻柔。
3862,苘,表3丙表1000字,8画,qǐng,一 丨 丨 丨 𠃌 丨 𠃍 一,true(a8~e8),苘麻和温带地方作为逸生植物被广泛归化苘（檾）qǐng
3863,茌,表3丙表1000字,8画,chí,一 丨 丨 丿 丨 一 丨 一,true(a8~e8),茌平地名，在中国山东省。茌chí
3870,茔,表3丙表1000字,8画,yíng,一 丨 丨 ㇀ 乛 一 丨 一,true(a8~e8),茔 (形声。从土，荧省声。本义墓地)同本义 茔，墓也。--《说文》茔，墓地。--《玉篇》茔，葬地也。--《广雅》赐茔杜东。--《汉书·张安世传》。注冢地也。太皇太后诏外家王氏田非冢茔，皆以赋贫民。--《汉书》又如茔树(墓地上的树木，多为松柏等)坟 先茔在杭。--清·袁枚《祭妹文》又如用黄土封茔;茔户(受官府之命专事看守坟茔的民户);茔墓(坟墓)茔 埋葬 未欲茔于他山，就瘗于西垒之根。--宋·侯延庆《退斋笔录》又如茔葬(丧葬)茔地茔（塴）yíng墓地，坟墓～地。坟～。
3871,茕,表3丙表1000字,8画,qióng,一 丨 丨 ㇀ 乛 ⺄ 一 丨,true(a8~e8),茕 回旋着飞 茕，回飞也。从凡，煢省声。鸟回转疾飞曰茕。--《说文》孤独，无兄弟 无虐茕独。--《书·洪范》。传单无兄弟也。哀此茕独。--《诗·小雅·正月》夫何茕独而不余听。--《离骚》。注孤也。如茕子(孤儿);茕孑(孤单);茕困(孤苦);茕妻(寡妇);茕疚(因孤单而感忧伤);茕居(寡居)悲愁 神茕茕以遥思兮，…。--《汉书》茕（煢、惸）qióng⒈没有弟兄，孤独～独。⒉⒊忧愁。
3873,苕,表3丙表1000字,8画,tiáo、sháo,一 丨 丨 𠃌 丿 丨 𠃍 一,true(a8~e8),如红苕苕〈名〉tiao(形声。从苃，召声。本义陵苕。亦名凌霄、紫葳。蔓生草)同本义 苕，苕草也。--《说文》邛有旨苕。--《诗·陈风·东门之枌》苕之华。--《诗·小雅·苕之华》紫葳科落叶木质藤本，借气根攀附在其他物上。花冠漏斗状钟形，大而鲜艳，橘红色，栽培供观赏，花入药，破血去瘀。如苕华(花名。即凌霄花);苕荣(陵苕花。亦喻容貌之美);苕颖(草花和禾穗。亦泛指植物的花、穗及其茎)苕菜，即紫云英 苕tiáo⒈⒉芦苇的花苇～。⒊〈古〉指凌霄花，也叫'紫葳'。落叶藤本。花橙黄色，供观赏，又可供药用。⒋ 苕sháo⒈〈方〉红苕，即甘薯。
3874,枥,表3丙表1000字,8画,lì,一 丨 丿 丶 一 丿 𠃌 丿,true(a8~e8),枥 (形声。从木，厉声。本义喂马的槽)同本义 养马器也。--《方言五》枥注老骥伏枥，志在千里。--汉·曹操《步出夏门行》骈死于槽枥之间。--唐·韩愈《杂说》又如枥马(拴在马槽上马);枥厩(饲马器和养马房);枥骥(俯首马槽上的骏马)马房 气劳者，缓系之枥上。--《齐民要术·养牛马驴骡》古书上指栎树 时见松枥皆十围。--唐·韩愈《山石》枥（櫪）lì马槽老骥伏～，志在千里（骥千里马）。
3881,枞,表3丙表1000字,8画,cōng、zōng,一 丨 丿 丶 丿 丶 丿 ㇏,true(a8~e8),枞cong枞树。常绿乔木，又叫冷杉 枞，松叶柏身木也。从木，从声。--《说文》姓zong枞阳枞（樅）zōng⒈枞cōng 1.木名。干高数丈，可作建筑材料。 2.即崇牙。古代悬挂钟磬架子上端所刻锯齿。 3.通'摐'。撞击，击打。 4.姓『有枞公。见《汉书·高帝纪上》。
3885,杼,表3丙表1000字,8画,zhù,一 丨 丿 丶 ㇇ 丶 乛 亅,true(a8~e8),杼 (形声。从木，予声。本义织布机的梭子)同本义 杼，机之持纬者。--《说文》。今以梭为之。杼柚其空。--《诗·小雅·大东》此织生自蚕茧，成于机杼。(机杼，泛指织布的工具。)--《后汉书·列女传》一人又告之曰曾参杀人!其母惧，投杼逾墙而走。--《战国策》又如杼柚(杼轴。梭子和筘。比喻诗文的组织、构思);杼梭(织机的梭子。指织造)土木工程中的泥工 杼、柚，作也。东齐土作谓之杼，木作谓之柚。--《方言》杼zhù 1.织机的梭子。 2.削薄;削尖。 3.梭子形。引申为长。对短而言。参见'杼首'。 4.土木工程中的泥工。 5.通'芧'。水草。杼shù 1.栎木。 2.通'序'。墙。 3.通'抒'。汲出，排泄。 4.通'抒'。抒发;申述。
3887,砀,表3丙表1000字,8画,dàng,一 丿 丨 𠃍 一 𠄎 丿 丿,true(a8~e8),砀 有花纹的石头 砀，文石也。从石，? 梁国砀。--《汉书·地理志》。注山出文石，在今河南归德府。君看石芒砀，掩泪悲千古。--李白《丁都护歌》又如芒砀(形容山石大而多);砀基(用有花纹的石头造的墙基)砀山(山名)，在安徽省砀山县东南 砀 突然 肱砀骇以奋肆。--马融《长笛赋》。注突也。又如砀骇(突然跌起)砀dàng 1.有花纹的石头。 2.荡漾;荡溢。 3.广大。 4.突;闯。 5.见'砀极'。 6.山名。在安徽省砀山县东南。 7.古地名。本战国楚邑，秦置县，隋改砀山。今安徽省砀山县。
3890,瓯,表3丙表1000字,8画,ōu,一 丿 丶 ㇄ 一 𠄌 ⺄ 丶,true(a8~e8),瓯 (形声。从瓦，区声。本义盆盂类瓦器)同本义 瓯，小盆也。--《说文》流丸止于瓯臾。--《荀子·大略》我国家犹若金瓯，无一伤缺。--《南史·朱异传》又如瓯杓(瓦盆和木瓢)杯;盅 超宗既坐，饮酒数瓯。--《南齐书·谢超宗传》又如茶瓯;酒瓯;瓯臾(瓯与臾。比喻地面凹陷不平之处);瓯窭(狭小的高地);瓯抠(凹凸不平。形容相貌奇异)古代地名 古水名，即永宁江，今称瓯江 瓯（畉）ōu⒈小盆。⒉杯子茶～。⒊瓯江，在浙江省。瓯ǒu 1.古代部落名。
3891,殁,表3丙表1000字,8画,mò,一 丿 ㇇ 丶 丿 ㇍ ㇇ ㇏,true(a8~e8),殁 (形声。从歺声。歺残骨，与死亡有关。本义死)同本义 殁，终也。--《广雅·释诂四》伯乐既殁兮。--《史记·屈原贾生列传》管仲殁矣。--《国语·晋语四》少者殁而长者存。--韩愈《祭十二郎文》又如既殁(既已死亡);殁世(终生;终其一生;去世);殁命(舍命，拚死);殁齿(没齿，终生)通刎。自杀 消灭 道逢匈奴骑兵，皆为所殁。--《后汉书》通没。隐没;沦没 神女殁幽境，汤池流大川。--唐·李白《安州应城玉殁mò死。
3892,郏,表3丙表1000字,8画,jiá,一 丶 丿 一 丿 丶 ㇌ 丨,true(a8~e8),郏 中国古邑名 中国古地名。周之旧都 通夹。夹持 郏（鄍）jiá郏县，在河南省。
3893,轭,表3丙表1000字,8画,è,一 𠃋 丨 ㇀ 一 丿 𠃌 乚,true(a8~e8),轭　(形声。从车，厄声。本义驾车时套在牲口脖子上的曲木) 同本义 轭，辕前也。--《说文》。段注辕前者，谓衡也。楔貌如輖。--《仪礼·既夕礼》三公奉輖持纳。--《荀子·正论》牵牛(牵牛星)不负轭。--《古诗十九首》轭　束缚 君以名桎臣，官以名轭民，父以名压子。--谭嗣同《仁学界说二十七界说》控制 意大利之大部被轭于奥国。--梁启超《国家思想变迁异同论》轭 è牛、马等拉东西时架在颈部的套具。
3895,鸢,表3丙表1000字,8画,yuān,一 ㇃ 丶 丿 𠃌 丶 ㇉ 一,true(a8~e8),鸢 动物名。又名老鹰 的翱翔著称鸢飞戾天者，望峰息心。--南朝梁·吴均《与朱元思书》又如鸢肩(指上耸似鸢的肩膀);鸢蹲(蹲伏如鸢。比喻怀才而贫困踬伏);鸢飞鱼跃(比喻化育流行，万物各得其所);鸢肩羔膝(耸肩屈膝。形容卑微的样子);鸢肩鹄颈(耸肩伸颈。形容伏案冥思苦想之状)鸢飞戾天鸢yuān⒈老鹰，上嘴弯曲，脚强健有力，爪锐利，羽毛褐色，翼大善飞。性凶猛，捕食鼠、蛇和其它鸟类等。现已少见，要保护，禁止猎杀。⒉
3896,盱,表3丙表1000字,8画,xū,丨 𠃍 一 一 一 一 一 亅,true(a8~e8),盱 睁大眼睛 盱，张目也。从目，于声。--《说文》乃盱衡而诰曰。--左思《魏都赋》。注举眉大视也。盱盱然。--《荀子·非十二子》盱衡厉色，振扬武器。--《汉书·王莽传》又如盱目(张目)，盱盱(张目直视);盱视(张目直视)睁开眼睛向上看;仰望 盱，仰目也。--《龙龛手鉴》又如盱眙(张目向上看);盱睢(张目仰视)扩大 又广盱营表，发人冢墓，断截骸骨，暴扬尸柩。--《汉书·谷永传》云何其盱。--《诗·小雅·何人斯》盱衡盱xū⒈⒉张开眼睛。
3897,昊,表3丙表1000字,8画,hào,丨 𠃍 一 一 一 一 丿 ㇏,true(a8~e8),昊〈名〉(会意。从日，从天。本义广大无边。指天) 同本义 投畀有昊。--《诗·小雅·巷伯》昊天不平。--《诗·小雅·节南山》又如昊空(天空);昊穹(昊苍。苍天);昊天(苍天;上帝);昊天罔极(如苍天之无穷无尽)昊hào大，广大无边。常用于指天～天。
3899,杲,表3丙表1000字,8画,gǎo,丨 𠃍 一 一 一 丨 丿 ㇏,true(a8~e8),杲〈形〉(会意。从日，从木。日在木上，表示天已大亮。本义明亮的样子)同本义 杲，明也。--《说文》如海之深，如日之杲。--南朝宋·简文帝《南郊颂》杲乎如登于天。--《管子·内业》。注明貌。杲gǎo⒈明亮～ ～出日。⒉高～ 乎如登于天。
3903,昕,表3丙表1000字,8画,xīn,丨 𠃍 一 一 丿 丿 一 丨,true(a8~e8),昕〈名〉(形声。从日，斤声。本义黎明) 同本义 昕，旦明日将出也。--《说文》明日迟昕，帝出延秋门。--《新唐书》又如昕旦(黎明);昕夕(朝暮)昕 〈形〉明亮 昕，明也。--《小尔雅》大昕鼓徵。--《礼记·文王世子》及大昕之朝。--《礼记·祭义》檀车孔夏，四騵孔昕。--《初学记》引《太仆箴》又如昕昕(明亮的样子)昕xīn拂晓，太阳将要升起的时候。昕xuān 1.高低貌。参见'昕天'。
3909,畀,表3丙表1000字,8画,bì,丨 𠃍 一 丨 一 一 丿 丨,true(a8~e8),畀 给与 彼姝者子，何以畀之。--《诗·鄘风·干旄》分曹卫之田以畀宋人。--《左传·僖公二十八年》又如畀赋(赋予;给)畀予畀予豺虎畀bì 1.赐与。 2.给予;付与。 3.付托;委派。 4.通'俾'。使。
3912,呷,表3丙表1000字,8画,xiā,丨 𠃍 一 丨 𠃍 一 一 丨,true(a8~e8),呷 鸭叫声 笑声 采樵人鼓掌呷呷笑。--元·关汉卿《鲁斋郎》呷xiā小口喝～茶。请～口酒。呷gā 1.象声词。鸭叫声。参见'呷呷'。 2.象声词。笑声。参见'呷呷'。
3921,呦,表3丙表1000字,8画,yōu,丨 𠃍 一 𠃋 𠃋 丶 𠃌 丿,true(a8~e8),呦〈叹〉鹿鸣声 呦呦鹿鸣，食野之苹。--《诗·小雅·鹿鸣》表示惊诧声 呦呦呦呦鹿鸣呦yōu⒈叹词。〈表〉惊讶～，太危险啦！⒉
3922,咝,表3丙表1000字,8画,sī,丨 𠃍 一 𠃋 𠃋 𠃋 𠃋 一,true(a8~e8),咝 形容尖细的长声 咝咝声咝（噝）sī像声词子弹～ ～地从头顶飞过。热铁片烙在肉上～ ～地响。
3923,岢,表3丙表1000字,8画,kě,丨 ㇄ 丨 一 丨 𠃍 一 亅,true(a8~e8),岢岚县名，在山西省岢kě
3925,岬,表3丙表1000字,8画,jiǎ,丨 ㇄ 丨 丨 𠃍 一 一 丨,true(a8~e8),岬 山旁 倾薮薄，倒岬岫。--《文选·左思·吴都赋》伸向水中的尖形陆地，通常由水浪淤积下来的砂粒或砾石所组成 身体的突起部分 骶骨的腹侧角连接脊椎骨的地方。如骶岬耳的鼓室内壁上凸起。如鼓室岬两山之间的狭窄通道 彷徨于山岬之旁。--《水经注》引《淮南子》岬角岬jiǎ⒈山间，两山之间。⒉岬角，突入海中的陆地尖角成山～又叫'成山角'，在山东省。
3926,岫,表3丙表1000字,8画,xiù,丨 ㇄ 丨 丨 𠃍 一 丨 一,true(a8~e8),岫 (形声。从山，由声。本义山穴)同本义 岫，山穴也。--《说文》山有穴曰岫。--《尔雅》王鲔岫居。--左思《吴都赋》崖深岫险，云生岭上。--《西游记》山上朝来云出岫，随风一去未曾回。--辛弃疾《添字浣溪沙》又如岫居(居于山穴);岫幌(山洞居室的窗户)峰峦，山或山脉的峰顶 薄云断绝西风紧，鹤鸣远岫霜林锦。--《西游记》采薇山阿，散发岩岫。--嵇康《忧愤诗》又如岫壑(山谷)岫xiù⒈山洞。⒉峰峦。
3927,帙,表3丙表1000字,8画,zhì,丨 𠃌 丨 丿 一 一 丿 ㇏,true(a8~e8),帙 (形声。从巾，失声。本义包书套子，用布帛制成)同本义 帙，书衣也。--《说文》。今人谓之函。合为三帙，三十卷。--唐·陆德明《经典释文序》又如帙帷(包书的布套)书;书的卷册、卷次 聚帙数万，多朱黄涂乙处。--宋·叶适《京西运判方公神道碑》诗赋篇帙繁多，不入《诗经》，而自为╠略。--清·章学诚《校雠通义·补校汉艺文志》又如道帙(道家的书);一帙(一册书;一套书)帙 整理书籍 书乱谁能帙，杯干自可添。--杜甫《晚晴》帙（袠）zhì包书的套子。又把书一套叫'一帙'。
3929,峁,表3丙表1000字,8画,mǎo,丨 ㇄ 丨 丿 𠄌 丿 𠃌 丨,true(a8~e8),峁 峁mǎo〈方〉小土包又走过了一道～。
3935,峄,表3丙表1000字,8画,yì,丨 ㇄ 丨 ㇇ ㇏ 一 一 丨,true(a8~e8),峄 山名，又名邹山 峄阳孤桐。--《书·禹贡》峄yì 峄县，在山东省，现划归枣庄市.峄yì山名，峄山又名邹山。在山东邹县东南。【峄县】旧县名。在山东省南部。1960年撤销，改设枣庄市。
3940,钎,表3丙表1000字,8画,qiān,丿 一 一 一 𠄌 丿 一 丨,true(a8~e8),钎 钎子 钎焊钎qiān金属做的一头尖的长棍子，多用于矿石上打洞钢～（子）。
3942,钒,表3丙表1000字,8画,fán,丿 一 一 一 𠄌 丿 ⺄ 丶,true(a8~e8),钒 一种灰色或白色的、有延展性的多价金属元素，它耐空气、海水、碱腐蚀并还原氢氟酸以外的酸。它主要用作钒钢的成分 钒钢与钒熔合成合金的钢，钒硬化钢并用来除去氧及可能的氮与钒及其它元素(如铬)熔合成合金的钢钒fán金属元素之一。符号v。银白色。熔合在钢中称'钒钢'，抗张强度及弹性和硬度等均有增加，在工业上用途广泛。钒fǎn 1.拂。 2.作人名用字。明有朱諟钒。见《明史．伊王朱?传》。
3950,佶,表3丙表1000字,8画,jí,丿 丨 一 丨 一 丨 𠃍 一,true(a8~e8),佶 正 佶，正也。从人，吉声。--《说文》健壮 四牡既佶。--《诗·小雅·六月》又如佶傈(慻悍雄壮的样子)佶屈，即诘屈。曲折的。引申为不顺 耸动的样子 战栗 壮烈 佶、⒉诘jí⒈壮健。⒉
3963,侪,表3丙表1000字,8画,chái,丿 丨 丶 一 丿 ㇏ 丿 丨,true(a8~e8),侪 (形声。从人，齐声。本义同辈，同类的人) 同本义。又称侪辈 侪，等輩也。--《说文》侪，耦也。--《汉书·扬雄传》注吾侪小人。--《左传·宣公十一年》晋郑同侪。--《左传·僖公二十三年》故先王之喜怒皆得其侪焉。--《礼记·乐记》。注犹輩类。文王犹用众，况吾侪乎?--《左传·成公二年》此故吾侪同说书者也，今富贵若此!--清·黄宗羲《柳敬亭传》又如同侪(同辈的人)侪 一起 长幼侪居。--《列子·汤问》侪（儕）chái⒈同辈，同类的人等～。吾～（我们）。⒉共同，一起长幼～居。
3966,侬,表3丙表1000字,8画,nóng,丿 丨 ㇀ 乛 丿 𠄌 丿 ㇏,true(a8~e8),侬 (形声。从人，农声。本义我)同本义 人道横江好，侬道横江恶。--唐·李白《横江词》又如侬阿(我);侬家(我);侬辈(我等)劝郎莫上南高峰，劝侬莫上北高峰。--杨维桢《西湖竹枝集》古时吴越一带称他人为侬 鸡亭故侬去，九里新侬还。--《乐府诗集》人。泛指一般人 鸡亭故侬去，九里新侬还。--《寻阳乐》赫赫盛阳月，无侬不握扇。--《乐府诗集》侬 侬人，在广西云南交界地区居住的壮族 侬（儂）nóng⒈〈方〉你。⒉我。多见于旧诗文中。
3974,籴,表3丙表1000字,8画,dí,丿 ㇏ 丶 丿 一 丨 丿 ㇏,true(a8~e8),籴 (形声。从入，从米，翟声。本义买进粮食) 同本义(跟粜相对) 你来籴米，将银子来我秤。--《陈州粜米》又如籴米(买米);籴粜(粮食的买进和卖出)籴dí买进粮食。籴dí①买进谷物。②姓。春秋晋有大夫籴茷。
3976,戗,表3丙表1000字,8画,qiāng、qiàng,丿 丶 𠃌 乚 一 ㇂ 丿 丶,true(a8~e8),戗 逆，不顺 冲突，决裂 两个说戗了，揪着领子，一顿乱打。--《儒林外史》戗（戧）qiàng⒈支持，支撑～住，不能倒下。⒉戗（戧）qiāng⒈逆，反方向～水。～风。⒉决裂，言语冲突话说～了。戗chuāng
3980,肱,表3丙表1000字,8画,gōng,丿 𠃌 一 一 一 丿 𠃋 丶,true(a8~e8),肱 (形声。从肉，厷声。本义上臂，手臂由肘到肩的部分)同本义 肘臂节也。--《说文》。段注厷与臂之节曰肘，股与胫之节曰膝。《深衣》支‘胳之高下，可以运肘。袂之长短，反诎之及肘。’注云‘肘当臂中为节，臂骨上下各二寸。’按上谓厷，下谓臂匑也。麾之以肱，毕来既升。--《诗·小雅·元差别》。朱熹集注但以手麾之，使来则毕来，使升则既升也。曲肱而枕之。--《论语》比喻帝王的卿佐 洸洸司徒公，天子股与肱。--唐·韩愈诗股肱之臣肱骨肱gōng⒈胳膊从肩到肘的部分。泛指手臂曲～。⒉
3981,肫,表3丙表1000字,8画,zhūn、chún,丿 𠃌 一 一 一 ㇄ 丨 乚,true(a8~e8),肫 面颊 肫，面颊也。--《说文》肫，俗谓之两颧也。--朱骏声《说文通训定声》禽类的胃 臀 胯大肫高，决片牛唇口，粗能饮村酒。--《刘知远诸宫调》肫 恳切，真挚 夫焉有所倚，肫肫其仁，渊渊其渊，浩浩其天。--《礼记·中庸》又如肫切(真诚恳切);肫宏(诚挚而宽宏);肫肫(诚恳);肫肫煦煦(形容恳挚而热忱)肫zhūn⒈鸟类的胃鸡～。鹅～。⒉恳切，真挚～笃。～ ～友谊。肫chún 1.古代祭祀用牲后体的一部分。 2.通'纯'。精密。参见'肫肫'。 3.通'纯'。整体。肫tún 1.小猪。
3986,狎,表3丙表1000字,8画,xiá,丿 ㇁ 丿 丨 𠃍 一 一 丨,true(a8~e8),狎 (形声。从犬，甲声。从犬，犬善与人玩耍。本义驯犬)同本义 狎，犬可习也。--《说文》故欲以刑罚慈民，辟其犹以鞭狎狗也，虽久弗亲矣。--《新书》驯养 夫龙之为虫也，柔可狎而骑也。--《韩非子》驯乌逐饭磬，狎兽绕禅林。--南朝陈·沈炯诗又如狎兽(驯顺之兽)亲昵，亲近而不庄重 稍近，益狎。--唐·柳宗元《三戒》而狎风雨。--宋·苏轼《教战守》自此狎媟无间。--清·纪昀《阅微草堂笔记》狎而不甘问焉。--清·刘开《问说》又如狎游(嬉戏亲昵);狎狎xiá⒈亲近而不庄重相～。⒉轻侮～侮。⒊更迭，交替。
3987,狍,表3丙表1000字,8画,páo,丿 ㇁ 丿 丿 𠃌 𠃍 一 乚,true(a8~e8),狍〈名〉狍子。鹿的一种 钩吾之山，有兽焉，名曰狍鴞。--《山海经·北山经》那些野鸡、獐、狍各样野味，分些给他们就是了。--《红楼梦》狍（麅）páo
3996,庖,表3丙表1000字,8画,páo,丶 一 丿 丿 𠃌 𠃍 一 乚,true(a8~e8),庖〈名〉(形声。从广，包声。广，表示房屋。本义厨房)同本义 庖，厨也。--《说文》徒御不惊，大庖不盈。--《诗·小雅·车攻》庖有肥肉。--《孟子·梁惠王上》客逾庖而宴。--明·归有光《项脊轩志》又如庖鼎(厨房里烹调的器具);庖厨(厨房);庖屋(厨房);庖宰(受宰于厨房);庖突(厨房的烟囱);庖廪(厨房和粮仓)厨师 良庖岁更刀。--《庄子·养生主》又庖丁为文惠君解牛。三为充君之庖。--《礼记·王制》又如庖人(周礼官名。天官之属，掌膳食。泛指厨师);庖正(掌理膳食的长官);庖丁解牛(喻神妙的技庖páo⒈厨房大～。⒉厨师良～。⒊
4000,兖,表3丙表1000字,8画,yǎn,丶 一 丿 丶 𠃋 丶 丿 乚,true(a8~e8),兖 中国水名 河东郡垣县，有王屋山，兖水出。--《续汉书·郡国志》兖yǎn⒈把技艺表现出来～出。排～。表～。～唱。～戏。⒉按一定程式练习～习。～武。～算。⒊根据某种事理扩广。〈引〉发挥～义。～讲。⒋不断变化～变。～化。～进。⒌
4003,炜,表3丙表1000字,8画,wěi,㇀ 丿 丿 丶 一 一 𠃌 丨,true(a8~e8),炜 同辉。光;光辉 炜（煒）wěi光明。炜huī 1.光;光辉。
4008,炔,表3丙表1000字,8画,quē,㇀ 丿 丿 丶 𠃍 一 丿 ㇏,true(a8~e8),炔〈名〉姓炔〈名〉炔quē有机化合物的一类，分子式可用ＣnＨ2n-2表示。它们具有很不饱和的性质。其中的乙炔，是烧焊及制作有机玻璃、合成橡胶、聚氯乙烯等的重要原料。炔guì 1.烟出貌。 2.姓。春秋时齐有炔钦。见《汉书．儒林传．周堪》。
4010,沭,表3丙表1000字,8画,shù,丶 丶 ㇀ 一 丨 丿 ㇏ 丶,true(a8~e8),沭 水名 沭，沭水也。青州浸。从水，术声。--《说文》。朱按，出今山东沂州府沂水县北沂山，流入江苏沭阳县界下流入海。其浸沂沭。--《周礼·职方式》发源于山东省南部沂山南麓，与沂水平行，经莒县南流入江苏省，经江苏入海沭shù沭河，源出山东省流至江苏省入海。
4012,泸,表3丙表1000字,8画,lú,丶 丶 ㇀ 丨 一 𠃍 一 丿,true(a8~e8),泸 古水名。泸水，又名泸江水 故五月渡泸，深入不毛。--诸葛亮《出师表》古州名 泸州泸（瀘）lú泸州市，在四川省。
4016,泠,表3丙表1000字,8画,líng,丶 丶 ㇀ 丿 ㇏ 丶 ㇇ 丶,true(a8~e8),泠〈名〉(形声。从水，令声。本义水名，泠水)同本义。即安徽的青戈江 泠，泠水，出丹阳宛陵西北入江。--《说文》。按，亦名清水，今之清弋江也。通伶。艺人 晋侯…见钟仪…，问其族，对曰泠人也。--《左传·成公九年》又如泠人(伶人。古代乐人)姓泠 〈形〉清凉;冷清 子能使子野尽为泠风乎?--《吕氏春秋·任地》愿乘泠风去，直出浮云间。--李白《登太白峰》又如泠冽(清凉，凉爽);泠然(寒凉;清凉);泠风(小风;和风)清澈 泠泠七弦上泠 líng⒈清凉～风。⒉轻妙～然。⒊①声音清脆音～ ～而盈耳。②清凉的样子下～ ～而来风。凌líng⒈升，登，高出～霄。～空而过。壮志～云。⒉侵犯，欺侮，欺压～逼。～辱。欺～。盛气～人。⒊冰冰～。涉江莫涉～。⒋迫近～晨。
4019,泫,表3丙表1000字,8画,xuàn,丶 丶 ㇀ 丶 一 𠃋 𠃋 丶,true(a8~e8),泫 (形声。从水，玄声。本义水珠下滴)同本义 泫，湝流也。--《说文》花上露犹泫。--《文选诗》孔子泫然流涕。--《礼记·檀弓》譬之桂生高岭，云露方得泫其花。--《西游记》花上露犹泫。--谢灵运《从斤竹涧越岭溪行》又如泫露(滴落，降露)流泪 遗迹余文，触目增泫。--《陈书》相与泫然。--顾炎武《复庵记》又如泫目(使眼流泪)泫 露珠晶莹的样子 斐斐气幕岫，泫泫露盈条。--《文选·谢惠连文》又如泫泫(露珠晶莹的样子)泫xuàn水珠下滴花上露犹～。〈引〉流泪心悽目～。泫xuán 1.见'囦泫'。泫juān 1.古地名用字『代有泫氏县。见《汉书．地理志上》。
4025,怙,表3丙表1000字,8画,hù,㇀ 丶 丨 一 丨 丨 𠃍 一,true(a8~e8),怙〈动〉(形声。从心，古声。本义依仗，凭借)同本义 怙，恃也。--《说文》无父何怙，无母何恃。--《诗·小雅·蓼莪》怙其俊才。--《左传·宣公十五年》怙势作威。--柳宗元《封建论》又如怙气(仗持勇气);怙终(仗恃作恶，终不悔改);怙势(倚恃权势);怙险(凭恃险固)坚持 怙 父母的合称 孩失其怙，幼丧所亲;旁无弟兄，藐然一身。--白居易《寄乌江十五兄文》父亲 怙、恃二字，分言之，父曰怙，母曰恃…合言之，父母怙hù依仗，凭恃～势作威。～恶不悛（一贯作恶，不肯悔改）。
4029,怏,表3丙表1000字,8画,yàng,㇀ 丶 丨 丨 𠃍 一 丿 ㇏,true(a8~e8),怏 (形声。从心，央声。《说文》不服怼也。本义不满意、不服气的样子)同本义 怏，心不服也。--《说文》郁郁不乐 辛垣衍怏然不悦。--《战国策》又如怏恨(怨恨);怏悒(郁郁不乐的样子);怏闷(郁闷);怏怅(抱歉)怏 勉强;强求 怏他一路上汤风打浪。--元·关汉卿《拜月亭》无夜无明怏着也。--《牡丹亭》怏yàng不满意，不服气～然不悦。～ ～不服。
4030,怍,表3丙表1000字,8画,zuò、zhà,㇀ 丶 丨 丿 一 丨 一 一,true(a8~e8),怍 惭愧 怍，惭也。从心，作省声。--《说文》。按，乍声。容无怍。--《礼记·曲礼》孝子临尸而不怍。--《礼记·祭义》灵公心怍焉。--《公羊传·宣公六年》自憎惭怍。--《聊斋志异·促织》面色改变 颜色毋怍。--《管子·弟子职》。注谓变其容貌。将即席，容毋怍。--《礼记·曲礼》怍zuò惭愧，脸面变色愧～。面无～色。
4032,怩,表3丙表1000字,8画,ní,㇀ 丶 丨 𠃍 一 丿 丿 乚,true(a8~e8),忸怩不大方或不好意思的样子怩ní
4033,怫,表3丙表1000字,8画,fú,㇀ 丶 丨 𠃍 一 ㇉ 丿 丨,true(a8~e8),怫〈名〉愤怒 我怫然而怒。--《庄子·德充符》又如怫然(愤怒的样子);怫恕(愤怒);怫恚(愤怒)怫 〈动〉通悖。违反，逆乱 五家之文怫异，维太初之元论。--《史记·太史公自序》知权者不以常人怫吾虑。--柳宗元《断刑论》又如怫志(逆乱的心志)怫〈形、副〉(形声。从心，弗声。本义抑郁;心情不舒畅)同本义 怫，郁也。--《说文》怫，郁也，心不安也。--《字林》太后怫郁泣血。--《汉书·邹阳传》我心何怫郁。--曹操《苦寒行》又如怫郁(忧郁)怫 fú⒈【怫郁】心情不舒畅我心何～郁（何多么）。⒉【怫然】忿怒的样子～然不悦。～然作色。怫fèi 1.见'怫?'。怫bèi 1.违反﹔悖逆。
4044,戽,表3丙表1000字,8画,hù,丶 𠃍 一 丿 丶 丶 一 丨,true(a8~e8),戽 (形声。从斗，户声。本义戽斗) 同本义。也指吸水灌田的农具 戽 用戽斗汲水 用龙骨车汲水 戽斗戽hù⒈戽斗，取水灌田的旧时农具，形状像斗，两边有绳，由两人拉绳牵斗取水。⒉用戽斗取水灌田～水抗旱。
4045,郓,表3丙表1000字,8画,yùn,㇀ 乛 一 𠃋 丨 ㇀ ㇌ 丨,true(a8~e8),郓 古地名 郓，河内沁水乡。从邑，军声。--《说文》春秋鲁有二郓邑一在今山东省沂水县北。公元前616年，季孙行父所筑。鱼莒屡次争夺，称东郓。一在今山东省郓城县东。公元前588年鲁成公所筑，称西郓郓城郓yùn
4049,祉,表3丙表1000字,8画,zhǐ,丶 ㇇ 丨 丶 丨 一 丨 一,true(a8~e8),祉 (形声。从示，止声。本义福) 同本义 祉，福也。--《说文》祉，禄也。--《左传·哀公九年》畴离祉。--《易·否》既多受祉。--《诗·小雅·六月》谓其能以嘉祉殷富生物也。--《国语·周语》维祉冠存已。--《汉书·王莽传》用锡尔祉。--《后汉书·宋宏传》。注谓福庆也。又如祉祚(福禄;幸福);祉祥(吉祥);祉祐(福祐);祉禄(福禄);祉福(幸福)祉zhǐ福。
4053,诟,表3丙表1000字,8画,gòu,丶 ㇊ 丿 丿 一 丨 𠃍 一,true(a8~e8),诟 (形声。从言，后声。本义耻辱) 同本义 詬，謑詬耻也。--《说文》常以儒相詬病。--《礼记·儒行》余不忍其詬。--《左传·昭公二十年》诟，耻辱也。--《玉篇》诟莫大于宫刑。--司马迁《报任安书》公以晋诟语之。--《左传》又如诟耻(耻辱);诟丑(耻辱)诟 诟，骂也。--《玉篇》曹人诟之，不行。--《左传·哀公八年》投龟诟天而呼。--《左传·昭公十三年》重丘人闭门而诟之。--《左传·襄公十七年。注骂也。予自度不得脱，则直前诟虏帅失信。--宋·文天祥《指南录后序诟gòu⒈耻辱～莫大于宫刑。⒉辱骂当众～骂。
4058,诨,表3丙表1000字,8画,hùn,丶 ㇊ ㇀ 乛 一 𠃋 一 丨,true(a8~e8),诨 (形声。从言，军声。本义开玩笑的话) 同本义 诨hùn⒈开玩笑的话打～。⒉
4060,戕,表3丙表1000字,8画,qiāng,㇄ 丨 一 丿 一 ㇂ 丿 丶,true(a8~e8),戕〈动〉(会意。从戈，从爿。戈，古代用以横击、钩杀的重要武器。爿，劈开的竹木片。本义残杀、杀害)同本义 戕汝家矣。--明·高启《书博鸡者事》又如自戕(自杀);戕虐(残暴;残害);戕杀(残杀，损伤)毁坏 伤害 戕身损寿。--《亢仓子·用道》又如戕扰(伤害骚扰);戕生(伤害生命);戕夷(伤害摧残);戕伐(伤害;自残，指纵欲)戕害至于五彪，有谓田尔耕、许显纯、孙云鹤、崔应元、杨寰等，狐假鸱张，戕害多命。--《梼杌闲评--明珠缘》戕贼戕qiāng⒈残杀，杀害～害。自相～。⒉
4062,亟,表3丙表1000字,8画,jí、qì,㇇ 亅 丨 𠃍 一 ㇇ 丶 一,true(a8~e8),亟 (会意。甲骨文字形，是亟(古榦字)字的初文。中间是一个站着的人，上面一横表示极于顶，下面一横表示极于踵。金文繁化字形，与小篆的写法相似。本义极点，尽头) 快速;迅速(含有急迫之意) 亟，急也。--《广雅》亟其乘屋。--《诗·豳风·七月》小饭而亟之。--《礼记·少仪》欲霸之亟成。--《战国策·宋策》亟言之。--《左传·昭公二十一年》君亟定变法之虑。--《商君书·更法》经始勿亟，庶民子来。--《孟子·梁惠王上》趣赵兵亟入关。--《史记·陈涉世家》亟请广州府余暨南亟qì⒈屡次～来探视。亟jí⒈赶快，急切～需办理。～待纠正。⒉见qì。
4064,妲,表3丙表1000字,8画,dá,𡿨 丿 一 丨 𠃍 一 一 一,true(a8~e8),妲--女子人名用字 妲á［妲已］〈名〉商纣王的宠妃。妲dá 1.人名用字。参见'妲己'。妲dàn 1.宋时市语称娼妇为妲老。见宋陈元靓《事林广记续集．绮谈市语》。亦为古戏曲角色名。一作'旦'。 2.通'诞'。荒诞。参见'妲语'。
4070,驽,表3丙表1000字,8画,nú,𡿨 丿 一 ㇇ ㇏ 𠃍 ㇉ 一,true(a8~e8),驽 (形声。从马，奴声。本义劣马)同本义 驽骏杂而不兮兮。--东方朔《七谏·哀命》又如驽猥(劣马);驽蹇(劣马);驽驾(驽乘。劣马所驾之车);驽薾(瘦弱之马);驽良(驽马和良马)其他下等家畜 驽 才能低劣 相如虽驽，独畏廉将军哉?--《史记·廉颇蔺相如列传》又如驽将(才能低劣的将领);驽钝(平庸低下);驽禍(低下无能之才);驽下(资质迟钝，才能低下);驽庸(才智低下);驽懦(驽钝懦弱)跑不快;劣 驽马十驾，功在不舍。--《荀驽nú
4074,绀,表3丙表1000字,8画,gàn,𠃋 𠃋 ㇀ 一 丨 丨 一 一,true(a8~e8),绀 红青，微带红的黑色 绀，帛深青扬赤色。--《说文》绀，青色。--《广雅》君子不以绀緅饰。--《论语》。集解绀緅紫玄之类。又如绀发(深青透红的头发。相传如来的头发为绀琉璃色);绀珠(绀色的珠。相传唐朝宰相张说有绀珠一颗，持观后能记事不忘，因名记事珠◇以喻博记);绀碧(天青色;深青透红色);绀青绀gàn黑带微红的颜色紫～。
4079,绉,表3丙表1000字,8画,zhòu,𠃋 𠃋 ㇀ 丿 ㇇ 𠃍 一 一,true(a8~e8),绉 细葛布 绉，絺之细也。从糸，刍声。--《说文》蒙彼绉絺。--《诗·鄘风·君子偕老》。传霑之靡者为绉。又如绉絺(精细的葛布)织出皱纹的丝织品 绉
4084,珏,表3丙表1000字,9画,jué,一 一 丨 ㇀ 一 一 丨 一 丶,true(a9~e9),珏 双玉，二玉相合为一珏 珏，二玉相合为一珏。--《说文》翁伯以礼玉十珏以授仙童。--《太平广记》引《仙传拾遗》珏jué聚合在一起的两块玉。
4085,珐,表3丙表1000字,9画,fà,一 一 丨 ㇀ 一 丨 一 𠃋 丶,true(a9~e9),珐琅珐琅质珐（琺） fà【珐琅】一种涂料，涂在金属制品的表面作为装饰，又可防锈。用石英、硼砂、玻璃粉等加入溶剂、乳浊剂和着色剂等制成。常用于制证章、奖章等。砝琅制品'景泰蓝'是我国特有的工艺产品之一。
4086,珂,表3丙表1000字,9画,kē,一 一 丨 ㇀ 一 丨 𠃍 一 亅,true(a9~e9),珂〈名〉(形声。从玉，可声。本义似玉的美石。白玛瑙)同本义 马笼头上的装饰 文轩树羽盖，乘马鸣玉珂。--张华《轻薄编》又如珂月(嵌在马头笼辔上的月形饰物);珂马(珂即马笼头上的玉饰，因称人所乘之马为珂马)珂里时号所居曰鸣珂里。--《新唐书·张嘉贞传》珂kē像玉的美石，多用作马笼头上的装饰品乘马鸣玉～。
4092,珈,表3丙表1000字,9画,jiā,一 一 丨 ㇀ 𠃌 丿 丨 𠃍 一,true(a9~e9),珈古代妇女的一种首饰 珈玛珈jiā〈古〉妇女首饰之一。
4093,拮,表3丙表1000字,9画,jié、jiá,一 亅 ㇀ 一 丨 一 丨 𠃍 一,true(a9~e9),拮 同揭。向上举 揭，举也。或作拮。--《集韵》拮据予手拮据。--《诗·豳风·鸱鸮》后比喻经济窘迫近来国家被抄以后，诸事运用不来，也是每形拮据。--《红楼梦》手头拮据拮抗拮抗药拮jié①操作劳苦。②困窘，经济情况不好正在～据之时。拮jiá 1.击，逼。
4095,挝,表3丙表1000字,9画,wō、zhuā,一 亅 ㇀ 一 亅 丶 丶 ㇋ ㇏,true(a9~e9),老挝亚洲一国名 wo挝zhua敲打，击 令鼓吏挝鼓。--《三国演义》又如挝打(殴打);挝捶(鞭打);挝挞(鞭挞);挝筑(鞭打);挝鼓(击鼓);挝阖(敲门)抓贴;靠 一个死人身上，也没个忌讳，就脸挝着脸儿哭，倘或口里恶气扑着你怎的!--《金瓶梅词话》摘 那分府看见他戴了方巾，说道衙门寻商，从来没有生监充当的，你怎么戴这个帽子!左右的!挝去了!一条链子锁起来!--《儒林外史》另见起挝（撾）wō⒈挝（撾）zhuā⒈打，击，敲～杀。～鼓。
4100,贲,表3丙表1000字,9画,bì、bēn,一 丨 一 丨 丨 丨 𠃍 丿 丶,true(a9~e9),贲 通奔。急走;逃亡 虎贲三千人。--《孟子·尽心下》卫士旅贲。--《汉书·百官公卿表》下比周贲溃以离上矣。(比周勾结)--《荀子·强国》又如贲溃(奔走溃散)奔流 蚕珥丝而商絣绝，贲星坠而渤海决。--《淮南子·天文》又如贲星(流星)贲 今名膈膜或横隔膜，膈的古称 虎贲勇士 令贲士主将皆听城鼓之音而出。--《墨子·备梯》又如贲士(敏捷善战的勇士);贲石(指古代勇士孟贲和石蕃);贲育(贲 bì【贲临】敬辞。光临。贲fén 1.大。参见'贲庸'﹑'贲鼓'。 2.三足龟。参见'贲j'。 3.通'坟'。典籍;简策。 4.通'獖'。参见'贲彘'。贲bēn 1.通'奔'。奔走。 2.引申为勇。参见'贲士'。 3.通'奔'。星之一种，参见'贲星'。 4.横隔膜。贲fèn 1.通'愤'。怒气。 2.通'坟'。隆起。贲lù 1.见'贲浑'。贲pān 1.见'贲禺'。贲féi 1.姓。
4104,垧,表3丙表1000字,9画,shǎng,一 丨 ㇀ 丿 丨 𠃌 丨 𠃍 一,true(a9~e9),垧〈名〉若不把南篱下的三垧地赎出来呀，明年连种的地也还没有了呢!--《一层楼》垧shǎng量词。土地面积单位。各地不同东北地区一～约合十五亩；西北地区一～约合三至五亩。垧jiōng 1.远郊，野外。
4105,垓,表3丙表1000字,9画,gāi,一 丨 ㇀ 丶 一 𠃋 丿 丿 丶,true(a9~e9),垓〈名〉(形声。从土，亥声。本义八极之内的广大土地)同本义 垓，兼该八极地也。--《说文》。字亦作畡。天子居九垓之田。--《国语·周语》设于无垓坫之宇。--《淮南子·俶真》。注垓坫，垠堮也。上畅九垓，下埏八埏(艹??八八方极远之地)。--《史记·司马相如列传》道出一原，通九门，散六衢，设于无垓坫之宇--《淮南子·俶真》又如垓埏(天地的边际);垓坫(边际);垓极(荒远之处)域;界限 重垠累垓。--扬雄《卫尉箴》数词。古代数目名，108 京垓年岁之中，每垓gāi⒈〈古〉数目字万万为一～。⒉
4112,荜,表3丙表1000字,9画,bì,一 丨 丨 一 𠄌 丿 乚 一 丨,true(a9~e9),荜 (形声。本义用荆条竹木之类编成的篱笆)同本义 筚，荆竹织门也。亦作荜。--《玉篇》荜露兰蒌，以处草莽。--《史记·楚世家》。裴驷集解引服虔荜露，柴车素木也。豆名 土贡火筋、荜豆、澡豆。--《新唐书·地理志一》又如荜路(柴草);荜门(用荆竹和树枝所编成的门);荜路蓝缕(柴车和破衣，形容创业的艰辛)荜 bì［荜露］（-lù）〈名〉柴车＞《史记·楚世家》'～蓝蒌，以处草莽。'
4113,莒,表3丙表1000字,9画,jǔ,一 丨 丨 丨 𠃍 一 丨 𠃍 一,true(a9~e9),莒 芋头 周代诸侯国名 古邑名 莒jǔ周朝诸侯国名。在今山东省莒南一带。公元前431年被楚所灭。
4114,茼,表3丙表1000字,9画,tóng,一 丨 丨 丨 𠃌 一 丨 𠃍 一,true(a9~e9),茼蒿茼tóng
4116,茱,表3丙表1000字,9画,zhū,一 丨 丨 丿 一 一 丨 丿 ㇏,true(a9~e9),茱萸茱zhū
4120,荏,表3丙表1000字,9画,rěn,一 丨 丨 丿 丨 丿 一 丨 一,true(a9~e9),荏 (形声。从苃，任声。本义植物名，即白苏。一年生草本，有芳香)同本义 又如荏油(用荏草籽实所榨的油)通衽。卧席 文公弁荏席。--《淮南子·说山》荏 柔弱;怯弱 内荏。--《汉书·翟方进传》。注屈桡也。色厉而内荏。--《论语·阳货》谌荏弱而难持!--《楚辞·九章·哀郢》又如荏染(柔弱的样子)大的 艺之荏菽。--《诗·大雅·生民》又如荏菽(大豆)荏rěn⒈一年生草本，也叫'白苏'。茎方形，叶有锯齿，秋季开白色小花。种子可榨油，作油漆原料。叶可提取芳香油。茎、叶和种子可供药用。⒉软弱～弱无能。色厉内～。⒊
4122,荃,表3丙表1000字,9画,quán,一 丨 丨 丿 ㇏ 一 一 丨 一,true(a9~e9),荃〈名〉(形声。从苃，全声。本义香草名，即荪)香草名。即菖蒲，又名荪。古用以比喻君主 荃不揆余之中情兮。--《离骚》。注香草也。荃者，所以在鱼得鱼而忘荃。--《庄子·外物》。释文香草也。荃蕙蔽匿兮，胡久而不芳?--柳宗元《吊屈原文》又如荃宰(指君臣);荃荪(香草。古代常用以喻贤良的人);荃察(旧时书信中常用为希望对方鉴谅的敬辞);荃芜(香草名)细切的腌芥菜 荃，芥脃也。从草，全声。谓以芥为斋、鲜脃也。--《说文》通筌。捕鱼具 荃者所以在鱼，荃quán〈古〉⒈指一种香草。⒉通'筌'。
4124,荀,表3丙表1000字,9画,xún,一 丨 丨 丿 𠃌 丨 𠃍 一 一,true(a9~e9),荀 (形声。从苃，旬声。本义传说中的草名)古代传说中的一种草 姓荀xún姓。
4128,茨,表3丙表1000字,9画,cí,一 丨 丨 丶 ㇀ 丿 乛 丿 ㇏,true(a9~e9),茨 (形声。从苃，次声。本义用芦苇、茅草盖屋顶) 同本义 茨，以茅苇盖屋。--《说文》环堵之室，茨以生草。--《庄子·让王》茨 用芦苇、茅草盖的屋顶 尧之王天下也，茅茨不剪，采椽不斫。--《韩非子·五蠹》又如茨宇(茅屋);茨竹(用茅草和竹子搭盖的房子);茨檐(茅舍，民房)蒺藜 墙有茨，不可埽也。--《诗·鄘风·墙有茨》楚楚者茨，言抽其棘。--《诗·小雅·楚茨》又如茨门(茅草，芦苇所做的门);茨棘(茅草与荆棘。比喻荒野)茨 cí①用茅或苇盖的屋子。②蒺藜。【茨冈人】见【吉卜赛人】。
4129,垩,表3丙表1000字,9画,è,一 丨 丨 丶 丿 一 一 丨 一,true(a9~e9),垩 (形声。从土，亚声。本义白色土，可用来粉饰墙壁) 同本义 垩，白涂也。--《说文》大次之山，其阳多垩。--《山海经·西山经》。注垩似土，色甚白。其土则丹青赭垩。--司马相如《子虚赋》天子诸侯黝垩。--《谷梁传·庄公二十三年》后泛指可用来涂饰的各色泥土。如垩灰(石灰的别名);垩笔(粉笔)垩 用白色涂料粉刷墙壁 垩，涂也。--《广雅·释室》垩墁。--《后汉书·尹敏传》其祧则守祧黝垩之。--《周礼·司祧》又如垩帚(粉刷墙壁的工具);垩室(古时居丧者居住的屋子，四壁用白垩 shèng①'圣'的俗字。见《明成化说唱词话．花关索认父传》。②'堊'的简化字。
4130,荥,表3丙表1000字,9画,xíng、yíng,一 丨 丨 ㇀ 乛 亅 ㇇ 丿 ㇏,true(a9~e9),荥阳 xing荥经 ying荥（滎）yíng⒈荥经县，在四川省。⒉见xíng㈡。荥（滎）xíng⒈荥yīng 1.见'荥瀯'。
4131,荦,表3丙表1000字,9画,luò,一 丨 丨 ㇀ 乛 丿 一 一 丨,true(a9~e9),荦 (形声。从牛，劳省声。本义杂色的牛)同本义 荦，驳牛也。--《说文》黄白杂谓之驳荦。--《通俗文》斯为朽关键，怒荦抉以入。--陆龟蒙《杂讽》古地名 荦 明显，分明 此其荦荦大者。--《史记·天官书》。索隐事之分明也。又如荦然(明显的样子)荦荦荦荦大端荦（犖）luò⒈杂色的牛。⒉
4132,荨,表3丙表1000字,9画,qián、xún,一 丨 丨 𠃍 一 一 一 亅 丶,true(a9~e9),荨麻 qian荨麻疹 xun荨（蕁）qián⒈荨（蕁）xún⒈荨tán 1.同''。 2.通'燂'。火势上腾。
4140,栉,表3丙表1000字,9画,zhì,一 丨 丿 丶 一 丨 丨 𠃌 丨,true(a9~e9),栉 (形声。从木，节声。本义梳子、篦子的总称)同本义 栉，梳比之总名也。--《说文》。疏比密曰栉，尤密者曰茝。奠纚笄栉于筵南端。--《仪礼·士冠礼》恶笄者，栉笄也。--《仪礼·丧服礼》。注以栉之木为笄或曰棒笄。其崇如墉，其比如栉。--《诗·周颂·良耜》妻执巾栉。--《庄子·寓言》又如栉佩(梳理用品和佩饰);栉珥(梳篦和耳饰);栉栉(形容排比繁密);栉密(形密集排列如梳齿)栉 用梳子梳头发 今俟罪浔阳，除盥栉食寝外无余事。--白居易《与元九书》又如栉工(旧时称专替人梳头理栉（櫛）zhì⒈梳子与篦子的总称～比（像梳篦的齿那样挨着）鳞次。⒉梳头发～风沐雨（风梳发，雨洗头。形容在外奔波辛劳）。
4142,柘,表3丙表1000字,9画,zhè,一 丨 丿 丶 一 丿 丨 𠃍 一,true(a9~e9),柘 柘树 是贵重的木料唐教坊舞曲《柘枝舞》的省称 柘因零落难重舞，莲为单开不并头。--《警世通言》又如柘袖(柘枝舞者的衣袖);柘舞(柘枝。即柘枝舞);柘枝花帽(舞柘枝时所带的帽子)通蔗。甘蔗有柘浆些。--《楚辞·招魂》。王夫之云柘，与蔗通。泰尊柘浆析朝酲。--《汉书·礼乐志》诸柘巴苴。--司马相如《子虚赋》注诸柘zhè⒈⒉
4145,枰,表3丙表1000字,9画,píng,一 丨 丿 丶 一 丶 丿 一 丨,true(a9~e9),屏 退避;隐退 侯生乃屏人间语。--《史记·魏公子列传》又如屏居(辞官隐居，不问世事);屏语(避开他人，私下交谈);屏伏(隐退，避匿);屏移(退隐)隐藏 尔不许我，我乃屏璧与圭。--《书·金縢》又如屏匿(隐藏);屏迹(隐避);屏藏(隐藏)摈弃;除去，去掉保护 抑制。抑止不出气 宋将军屏息观之。--枰píng⒈棋盘棋～。⒉一种树。
4146,栌,表3丙表1000字,9画,lú,一 丨 丿 丶 丨 一 𠃍 一 丿,true(a9~e9),栌 柱头承托栋梁的短木。即欂栌、斗栱 不可以为栌楝。--《淮南子·修务》标栋欂栌，以相支持。--《淮南子·本经》黄栌 华枫枰栌。--《汉书·司马相如传上》。注栌，今黄栌木也。栌（櫨）lú⒈柱顶上承托栋梁的方木，即'斗拱'。⒉
4148,枵,表3丙表1000字,9画,xiāo,一 丨 丿 丶 丨 𠃍 一 一 ㇉,true(a9~e9),枵 (形声。从木，号声。本义木根)假借为虚。虚枵一声之转。空虚 岁在星纪，而淫于玄枵。玄枵，虚中也。--《左传·襄公二十八年》又如枵朽(空虚腐朽);枵如(空虚的样子);枵枵(空虚的样子);枵虚(空虚)布类的丝缕稀疏而薄 又有蕉纱，乃闽中扰蕉皮析缉为之，轻细之甚，值贱而质枵，不可为衣也。--《天工开物》指腹空，饥饿 枵xiāo⒈空了心的树。⒉空虚～腹。
4150,枳,表3丙表1000字,9画,zhǐ,一 丨 丿 丶 丨 𠃍 一 丿 丶,true(a9~e9),枳 枸橘，又称臭橘 枳木似橘。从木，只声。--《说文》殷以椇。--《礼记·明堂位》。注椇之言枳椇也。谓曲桡之也。楗六枳而为篱兮。--《后汉书·冯衍传》。注枳，芬木也。橘逾淮而北为枳。--《周礼·考工记·序宫》一种耐寒的中国落叶橘树，有三小叶的叶片，果实小有芳香，很酸。广泛栽种作为观赏叶或作为绿篱，尤其作为砧木以芽接各种食用的柑桔古县名 枳zhǐ又叫'枸橘'。落叶灌木或小乔木，枝多刺，叶是三小片的复叶，花白色，果实球形。叶和果实均供药用。中药上将未成熟的枳、枸橼等果实叫'枳实'；成熟的枳、枸橼等果实叫'枳壳。枳zhī 1.通'胑'。肢体。 2.通'枝'。歧出。参见'枳首蛇'。
4151,柞,表3丙表1000字,9画,zuò、zhà,一 丨 丿 丶 丿 一 丨 一 一,true(a9~e9),柞zha水名 旬水又东，南迳旬阳县，与柞水合。水西出柞溪。--《水经注》柞zuo栎的通称 柞zuò⒈柞zhà⒈柞zé 1.砍伐树木。 2.指砍伐。 3.窄。参见'柞狭'。
4153,栀,表3丙表1000字,9画,zhī,一 丨 丿 丶 丿 丿 一 𠃌 乚,true(a9~e9),栀子栀（梔）zhī栀子树，常绿灌木，夏季开白色香花，供观赏。果实也叫'栀子'或'黄栀子'，供药用或做黄色染料。木材坚实，可作雕刻用。
4155,栎,表3丙表1000字,9画,lì、yuè,一 丨 丿 丶 丿 ㇄ 亅 丿 丶,true(a9~e9),栎 即麻栎。通称柞树 栎，栎木也。--《说文》山有苞栎。--《诗·秦风·晨风》白于之山，下多栎檀。--《山海经·西山经》槠栎草斗之实。--明·刘基《诚意伯刘文成公文集》一种落叶乔木，花黄褐色，果实叫橡子或橡斗。木材坚硬，可制家具，供建筑。树皮可鞣皮或做染料。叶子可喂柞蚕。另有一种栓皮栎，树皮质地轻软，富有弹性，是制造软木的主要原料山有苞栎，隰有六駮。--《诗·秦风·晨风》又如栎散(栎木一类无用的木料);栎樗(比喻无用之材。作为才质不好的谦词)栏杆之类 栎（櫟）lì⒈俗称'柞树'或'麻栎'。落叶乔木，花黄褐色。果实叫'橡子'或'橡斗'，可供药用。叶可喂柞蚕。木材可供建筑、做枕木、制家具等用。还有一种'栓皮栎'，树皮质地轻而柔软，富有弹性，是制造软木器具的主要原料。栎（櫟）yuè⒈
4158,柁,表3丙表1000字,9画,tuó、duò,一 丨 丿 丶 丶 ㇀ 乛 丿 乚,true(a9~e9),柁〈名〉房架前后两个柱之间的大横梁 柁檩椽架全被烟火蒸气熏得油黑油黑的。--浩然《艳阳天》柁tuó⒈柁duò 1.即舵。控制船舰等行驶方向的装置。 2.量词。计算船只的单位。
4164,甭,表3丙表1000字,9画,béng,一 丿 丨 丶 丿 𠃌 一 一 丨,true(a9~e9),甭 不同的合音(一般认为是方言词)，相当于不用，不要 甭 béng方言。'不用'两字的合音。不要；用不着；不必。
4167,砒,表3丙表1000字,9画,pī,一 丿 丨 𠃍 一 一 𠄌 丿 乚,true(a9~e9),砒〈名〉砷的旧称 砒霜，砷的氧化物，有的地区叫红矾。是无臭无味的白色粉末，有时略带黄色或红色，有剧毒，可做杀虫剂 我叫他买砒的时候，只说为毒老鼠，所以他不知道。--《老残游记》砒pī⒈'砷'的旧称。⒉砒霜，即三氧化二砷，性剧毒，可制杀虫剂、灭鼠药等。
4169,砭,表3丙表1000字,9画,biān,一 丿 丨 𠃍 一 丿 丶 ㇇ ㇏,true(a9~e9),砭 (形声。从石，乏声。本义治病刺穴的石针)同本义 砭，以石刺病也。--《说文》其病皆为痈疡，其治宜砭石。--《素问·异法方宜论》又如砭割(用石针治病。比喻忍痛除恶)他们这时正走在一道砭上，上头是山崖，下边是石岩，光秃秃的没一点遮拦。--柳青《铜墙铁壁》砭 古代用石针扎皮肉治病◇用金属针以治病，也称砭 风上逆，砭头血可愈。--《新唐书·则天武皇后传》又如砭磨(用石针砭 biān①古代用来治病的石针。②用石针扎皮肉治病。引申为'刺'寒风～骨、针～时弊。
4176,殄,表3丙表1000字,9画,tiǎn,一 丿 ㇇ 丶 丿 ㇏ 丿 丿 丿,true(a9~e9),殄〈动〉(形声。剔解后的残骨。隶变人歹。从歺多与死亡有关。本义断绝;竭尽)同本义 殄，尽也。--《说文》余风未殄。--《书·毕命》邦国殄瘁。--《诗·大雅·瞻卬》败国尽民。--《左传·宣公二年》丁殄地财。--《淮南子·本经》又如殄瘁(困穷;贫病);殄绝(灭绝);殄世(绝嗣)消灭 自王泽殄，风人辍采。--《文心雕龙·明诗》武殄暴逆。--《史记·秦始皇本纪》又如殄平(消灭);殄熄(消灭;息灭);殄灭(消灭;灭绝);殄夷(杀尽);殄歼(歼灭)昏迷 如殄靡(殄tiǎn⒈消灭，灭绝暴～天物（任意糟蹋物品）。⒉昏迷人～不悟（醒）。
4187,哐,表3丙表1000字,9画,kuāng,丨 𠃍 一 一 一 一 丨 一 ㇄,true(a9~e9),哐〈象〉形容撞击震动的声音 哐啷他回身把门哐啷一声关上了哐kuāng像声词。撞击震动声～啷一声。～的一声茶杯掉地下了。
4189,眍,表3丙表1000字,9画,kōu,丨 𠃍 一 一 一 一 丿 丶 ㇄,true(a9~e9),眍 眼珠深陷 又如眍兜(凹陷);眍挠(凹陷不正)眍（瞘）kōu
4195,禺,表3丙表1000字,9画,yú、yù、ǒu,丨 𠃍 一 一 丨 𠃌 丨 ㇀ 丶,true(a9~e9),禺〈名〉区域 是为十禺。--《管子·侈靡》山名 汪罔氏之君，守封禺之山。--《史记》旧时称日近中午为禺，约在上午九时至十一时 治平元年，常州日禺时，天有大声如雷。--《梦溪笔谈》又如禺谷(禺渊。古代传说日落的地方);禺中(将近中午)禺〈名〉(象形。小篆字形，象沐猴形。本义兽名，一种猴) 同本义 禺，母猴属，头似鬼。似猕猴而大，赤目长尾，亦曰沐猴。--《说文》有兽焉，其状如禺而自耳。--《山海经》。郭璞注禺似猕猴而长，赤目长尾。禺yú禺yù 1.兽名。《山海经．南山经》﹕'有兽焉，其状如禺而白耳，伏行人走，其名曰狌狌，食之善走。'郭璞注'禺似猘猴而大，赤目长尾，今江南山中多有。'狌狌，即猩猩。一说，禺即果然。禺yóng 1.见'禺禺'。禺ǒu 1.双;成对。 2.偶像。
4196,哂,表3丙表1000字,9画,shěn,丨 𠃍 一 一 丨 𠃍 丿 ㇄ 一,true(a9~e9),哂 微笑 夫子何哂由也?--《论语·先进》又如聊博一哂;哂然(笑貌);哂笑(微笑);哂存(笑纳);哂收(笑纳)讥笑 童奴哂笑妻子骂，一字不给饥寒驱。--戴表元《少年行》又如哂笑(讥笑);哂谑(调笑;戏谑)哂纳哂shěn⒈微笑～存。～纳。顾（看）我忽而～。⒉讥笑～其徒劳。
4198,曷,表3丙表1000字,9画,hé,丨 𠃍 一 一 丿 𠃌 丿 丶 ㇄,true(a9~e9),曷〈代〉何，什么 曷，何也。--《说文》呜呼!曷归?--《五·五子之歌》汝曷弗告朕?--《书·盘庚上》曷云能来?--《诗·邶风·雄雉》曷至哉?--《诗·王风·君子于役》亦曷故哉?--明·张溥《五人墓碑记》又如曷故(何故);曷胜(何胜);曷尝(何尝)何日，何时 曷 〈副〉怎么;为什么 曷不委心任去留。--晋·陶渊明《归去来兮辞》又如曷为(为何;为什么);曷苦(怎么样;怎样)为什么不，何不?--超有劝告的意思 此地不久必大乱，不可留也，曷避之?--清·王士秅曷hé⒈文言疑问词。义同'何'。有'什么'、'怎么'、'为什么'等意思。⒉通'盍'∥不。曷è 1.逮;及。 2.通'遏'。止。
4203,哓,表3丙表1000字,9画,xiāo,丨 𠃍 一 一 ㇂ 丿 一 丿 乚,true(a9~e9),哓 恐惧 吵嚷 争辩 话多 哓（嘵）xiāo①争辩的声音～ ～不休。②因恐惧而发出的叫声。
4207,呲,表3丙表1000字,9画,zī、cī,丨 𠃍 一 丨 一 丨 ㇀ 丿 乚,true(a9~e9),龇 使牙赤裸或无遮掩 龇，开口见齿之貌。--《说文》又如龇着牙龇牙咧嘴满囤嫂从地里回来，哪回不是龇牙咧嘴!女孩子们热汗涔涔，敞着衣领，凶神恶煞般地龇牙咧嘴，口号声喊得像古战场上的浴血厮杀呲 呲，苛也。--《说文》呲其所不为者也。--《庄子·列御寇》又如挨了一顿呲呲打呲zī⒈张开口，露出牙～牙咧嘴。⒉牙齿不整齐。呲cī 1.申斥，斥责。 2.象声词。参见'呲呲'。
4208,胄,表3丙表1000字,9画,zhòu,丨 𠃍 一 丨 一 丨 𠃌 一 一,true(a9~e9),胄 (形声。胄古有两个字。小篆字形从肉，由声。本义头盔)同本义 胄，兜鍪也。从月，由声。--《说文》离为甲胄。--《易·说卦》惟甲胄起戎。--《书·伪说命》贝胄朱綅。--《诗·鲁颂·閟宫》献甲者执胄。--《礼记·曲礼》左右免胄而下。--《左传·僖公三十三年》冠輘(胄)带剑。--《荀子·议兵》铠胄皆镔铁。--清·邵长蘅《青门剩稿》又如甲胄古代称帝王或贵族的后代 刘公乃帝室之胄，德广才高，可领徐州。--《全图绣像三国演义》帝室之胄。--《胄zhòu〈古〉⒈作战时戴的头盔。⒉后代人帝室之～。
4212,虻,表3丙表1000字,9画,méng,丨 𠃍 一 丨 一 丶 丶 一 ㇄,true(a9~e9),虻 虻科的各种大而强壮、飞行迅速的双翅蝇。成虫像蝇，生活在草丛，吮吸人兽的血液 蝱，啮牛飞虫也。从双虫，亡声。博牛之蝱不可以破虮虱。--《史记》又如虻蚊(蚊虻);虻翅(指刚萌生的极为细小的树叶。如虻之翅，故称)箭的一种 通盲。迅疾 虻（蝱）méng昆虫。形状像蝇但较蝇大，体灰黑色，翅透明。种类很多，常见的是牛～，生活在杂草丛中，雄的吸食植物的计液，雌的吸食人、畜的血液。幼虫生活在泥土中。
4214,咣,表3丙表1000字,9画,guāng,丨 𠃍 一 丨 丶 丿 一 丿 乚,true(a9~e9),咣〈象〉形容物体碰撞声 咣guāng 象声词，物体碰撞时的声音.～的一声门关上了。
4217,郧,表3丙表1000字,9画,yún,丨 𠃍 一 丨 𠃍 丿 丶 ㇌ 丨,true(a9~e9),郧 古国名 郧，汉南之国也。--《说文》在今湖北什陆县。春秋时为楚所灭古地名 春秋卫地。故城在今江苏省如皋县春秋吴地，在今江苏省如皋县东郧yún郧县，在湖北省。
4218,咻,表3丙表1000字,9画,xiū,丨 𠃍 一 丿 丨 一 丨 丿 ㇏,true(a9~e9),咻 嘘气;喘气 众口同一咻。--清·黄遵宪《纪事》又如咻气(呼气;喘气)咻 象形容喘气声或某些动物的叫声 草中咻咻有寒兔，孤隼下击千丈驰。--苏轼《江上值雪》又如咻咻咻咻形容喘气声咻咻的喘气形容某些动物的叫声小鸭咻咻地叫着咻xiū⒈吵，乱说话。⒉咻xǔ 1.病吟声或抚慰病者声。参见'咻噢'﹑'噢咻'。咻xù 1.温暖;温和。
4219,囿,表3丙表1000字,9画,yòu,丨 𠃍 一 丿 丨 𠃌 一 一 一,true(a9~e9),囿 (形声。从囗，有声。囗表示范围和区域。本义古代帝王养禽兽的园林)同本义 囿，苑有垣也。--《说文》有垣曰苑，无垣曰囿。--《字林》囿有林池，从从木有介。--《国语·周语》王在灵囿。--《诗·大雅·灵台》古谓之囿，汉家谓之苑。--《周礼·囿人》疏启县囿卖酒，游人沓至。--洪迈《夷坚丁志》又如囿苑(饲养禽兽的园囿);囿人(官名。主管苑囿禽兽);囿游(帝王的离宫别苑)泛指四周有栏挡的菜园、果园 事物的萃聚之所 游乎囿yòu⒈养禽兽的园地鹿～。⒉菜园，果园～有见杏。⒊局限，拘泥～于见闻。～于成见。
4228,哏,表3丙表1000字,9画,gén、hěn,丨 𠃍 一 𠃍 一 一 𠄌 丿 ㇏,true(a9~e9),哏 滑稽;可笑 这段相声真哏又如这孩子笑的样子有点儿哏哏 顿，稍停顿 哏gén〈方〉⒈滑稽，逗人发笑的话或表情捧～。逗～。⒉好玩，使人喜爱乖孩子，长得真～。哏hěn 1.犹狠。凶恶;残忍。 2.副词。犹很。表示程度深。 3.叹词。表示愤怒。
4229,哞,表3丙表1000字,9画,mōu,丨 𠃍 一 𠃋 丶 丿 一 一 丨,true(a9~e9),哞 形容牛叫的声音 哞哞公牛发出哞哞的叫声哞mōu像声词。牛叫声。
4232,罘,表3丙表1000字,9画,fú,丨 𠃍 丨 丨 一 一 丿 丨 丶,true(a9~e9),罘 捕兔网。泛指狩猎用的网 举趾触罘羋。--《后汉书·寇荣传》羋罘罗网。--《吕氏春秋·季春纪》。注罘，射鹿罟也。解罘放麟。--汉·张衡《东京赋》又如罘罕(泛指罗网);罘罟(泛指罗网);罘网(泛指渔猎用网);罘羜(设在屋檐或窗上以防鸟雀的金属网或丝网)罘 fú⒈【罘羜】'羓羜'①〈古〉设在屋檐下防鸟雀的网。②〈古〉设在宫门外或城角的屏风，上有孔，形状似网，用于守望和防卫。⒉【芝（之）罘山】靠渤海，在山东省。
4236,峋,表3丙表1000字,9画,xún,丨 ㇄ 丨 丿 𠃌 丨 𠃍 一 一,true(a9~e9),嶙峋 峋xún
4239,钚,表3丙表1000字,9画,bù,丿 一 一 一 𠄌 一 丿 丨 丶,true(a9~e9),钚 锕系元素中的放射性金属元素，原子序数94。是制造原子弹的主要材料之一 钚bù金属化学元素之一，具有放射性。符号pu。化学性质类似铀，可用作核热原料。
4242,钣,表3丙表1000字,9画,bǎn,丿 一 一 一 𠄌 丿 丿 ㇇ ㇏,true(a9~e9),钣 钣金，饼状金银块 金属板 钣bǎn 1.饼状金银块。亦指板块状金属。
4245,钫,表3丙表1000字,9画,fāng,丿 一 一 一 𠄌 丶 一 𠃌 丿,true(a9~e9),钫 古代盛酒浆或粮食的容器，青铜制成，方口大腹 钫，方钟也。--《说文》铜钫容六斗，重三六斤。--《愙斋集古录》引汉《建平钫铭》碱金属族的放射性元素，它是作为ac(锕)的衰变产物发现的，用质子轰击钍可人工制得钫 钫 fāng⒈化学元素之一，具有放射性。符号fr。⒉〈古〉一种口方腹大的盛酒壶。
4247,氡,表3丙表1000字,9画,dōng,丿 一 一 ⺄ 丿 ㇇ ㇏ 丶 丶,true(a9~e9),
4249,牯,表3丙表1000字,9画,gǔ,丿 一 丨 ㇀ 一 丨 丨 𠃍 一,true(a9~e9),牯〈名〉母牛 牯gǔ母牛。又指被阉割了的公牛。
4252,秭,表3丙表1000字,9画,zǐ,丿 一 丨 丿 丶 丿 ㇉ 丨 丿,true(a9~e9),秭 万亿 秭，数亿至万曰秭。--《说文》十亿 秭，数也。--《尔雅》。郭璞注今以十亿为秭。千亿 《广韵》秭，千亿也。《风俗通》千生万，万生亿，亿生兆，兆生京，京生秭。中国物理学会的大小数命名法中用来表示1015数值的字 秭zǐ⒈〈古〉数目字一～等于一万亿。⒉
4254,笈,表3丙表1000字,9画,jí,丿 一 丶 丿 一 丶 丿 ㇋ ㇏,true(a9~e9),笈 (形声。从竹，及声。本义竹书箱)同本义。多用竹、藤编织，用以放置书籍、衣巾、药物等 极，驴上负也。从木，及声，读若急，字亦作笈。--《说文》负笈从师。--《史记·苏秦传》笈，谓学士所以负书箱。--《周处风土记》又如笈囊(笈与囊)书籍;典籍 山坛毛公蜕，古笈灵威守。--清·王识秅诗又如孤本秘笈笈jí⒈书箱负～游学。⒉书籍，典籍。
4256,俦,表3丙表1000字,9画,chóu,丿 丨 一 一 一 丿 一 亅 丶,true(a9~e9),俦 (形声。从人，寿声。本义伴侣)同本义 俦，侣也。--《玉篇》无介俦。--扬雄《太玄》卷六剧注俦，匹也。命俦啸侣。--曹植《洛神赋》又如俦侣(朋友，伴侣);俦匹(伴侣);俦伴(伴侣，同伴)同类，辈 俦善博惠。--《鬼谷子·中经》我闻今相国昆山顾秉谦者，严相国俦也。--侯方域《马伶传》又如俦类(同辈);俦俪(同一品类。同辈);俦伍(同类之人;同等之人)俦 相比 俦 表示疑问，相当于谁 使见善不明，用心不刚，俦克尔俦（儔）chóu伴侣，同伴良～。同～。俦dào 1.隐蔽。
4259,俪,表3丙表1000字,9画,lì,丿 丨 一 丨 𠃌 丶 丨 𠃌 丶,true(a9~e9),俪 (形声。从人，丽声。字即丽的或体。本义配偶)同本义俪，耦也。--《广雅》弃其伉俪妃嫔。--《国语·周语》鸟兽犹不失俪，子将若何?--《左传·成公十一年》又如伉俪(夫妻);俪祉(向他人夫妇祝福之辞);俪影(夫妇二人的身影;称人夫妇之合影)俪 相称;对仗，对偶 安可以俪王公而著风烈也。--《文选·左思·吴都赋》又如文以耦俪为主;骈俪(文章的对偶句法);俪巧(对偶精巧);俪句(对偶的句子);俪体(对偶的文体)并列，比 凤凰不能与之俪。--刘安《淮南子》俪
4267,俟,表3丙表1000字,9画,sì、qí,丿 丨 𠃋 丶 丿 一 一 丿 ㇏,true(a9~e9),俟 (形声。从人，矣声。本义大) 同本义 俟，大也。--《说文》儷儷俟俟，或群或友。--《诗·小雅·吉日》俟 等待 静女其姝，俟我于城隅。--《诗·邶风·静女》俟于门外。--《仪礼·士昏礼》如其礼乐，以俟君子。--《论语·先进》故君子居易以俟命，小人行险以徼幸。--《礼记·中庸》故为之说，以俟夫观人风者得焉。--唐·柳宗元《捕蛇者说》又如俟命(等待命令);俟吉(等待吉日);俟候(等待;等候);俟时(等待时机);俟望(等待盼望);俟嗣(等待继位);俟河之清(等待黄河水清，比喻希望不可能实现)俟qí⒈俟（竢）sì⒈等待～机行事。
4273,郗,表3丙表1000字,9画,xī,丿 丶 一 丿 丨 𠃌 丨 ㇌ 丨,true(a9~e9),郗 春秋周邑名 郗，己姓。《说文》云周邑。野王西北。--宋·罗泌《路史》姓。晋有郗超郗xī姓。
4274,俎,表3丙表1000字,9画,zǔ,丿 丶 丿 丶 丨 𠃍 一 一 一,true(a9~e9),俎 (指事兼形声。小篆字形。《说文》从半肉在且上。且，祭祀所用的礼器。本义供祭祀或宴会时用的四脚方形青铜盘或木漆盘，常陈设牛羊肉)同本义 为俎孔硕。--《诗·小雅·楚茨》鸟兽之肉，不登于俎。--《左传·隐公五年》祭操俎。--《山海经·海外西经》俎豆之事。--《论语·卫灵公》庖人虽不治疱，尸祝不越樽俎而代之矣。--《庄子·逍遥游》又如俎几(俎形如几，故称。古代祭祀、燕飨时所用的礼器);俎拒(俎足中央的横木);俎味(祭祀用食品)古代割肉用的砧板。多木制，也有青铜铸的，大方形俎zǔ⒈〈古〉祭祀时放置牛羊等祭品的器具。⒉切肉或菜时所使用的砧板刀～。
4278,瓴,表3丙表1000字,9画,líng,丿 丶 丶 ㇇ 丶 一 𠄌 ⺄ 丶,true(a9~e9),瓴〈名〉(形声。从瓦，令声。从瓦，表示与陶器有关。本义一种盛水的瓶子)同本义 今夫救火者，汲水而趋之，或以瓮瓴，或以盆盂。--《淮南子》砖瓦砌的通水沟 瓴líng⒈瓦沟，房屋上仰盖的瓦。⒉一种盛水的瓶子高屋建～（从屋顶上翻瓶向下倒水。〈喻〉居高临下，势不可挡）。
4281,胛,表3丙表1000字,9画,jiǎ,丿 𠃌 一 一 丨 𠃍 一 一 丨,true(a9~e9),胛 肩胛 胛子胛jiǎ⒈肩胛，肩膀后方。背脊上部跟两胳膊连接的部分。⒉
4285,胗,表3丙表1000字,9画,zhēn,丿 𠃌 一 一 丿 ㇏ 丿 丿 丿,true(a9~e9),胗 嘴唇溃疡 胗，唇疡也。籀文从疒。--《说文》胗，肿也。--《三苍》胗，创也。--《广雅》中唇为胗。--宋玉《风赋》鸟类的胃 胗 同诊。察看;诊察 胗zhēn鸟类的胃鹅～儿。胗zhěn 1.嘴唇溃疡。 2.通'疹'。病人皮肤上所起的很多的小疙瘩。 3.同'诊'。察看;诊察。胗zhūn 1.鸟类的胃。
4286,胝,表3丙表1000字,9画,zhī,丿 𠃌 一 一 丿 𠄌 一 ㇂ 丶,true(a9~e9),胝 手脚掌上的厚皮，俗称茧子 胝，膁也。--《说文》胝，胼胝。--《玉篇》胝，皮厚也。--《广韵》耕耘树艺，手足胼胝。--《荀子·子道》百胝存楚，居今观古，曾何足云。--《百辟劝进笺》又如胝趼(茧子);胝皱(皮肉因生茧而皱缩)胝zhī
4287,朐,表3丙表1000字,9画,qú、xù、chǔn,丿 𠃌 一 一 丿 𠃌 丨 𠃍 一,true(a9~e9),术 (形声。从行，术声。行，甲骨文中指道路。本义城邑中的道路)同本义 術，邑中道也。--《说文》术，道也。--《广雅》审端径术。--《礼记·月令》园圃术路。--《汉书·刑法志》。注大道也。横术何广广兮。--《汉书·燕刺王旦传》归空城兮，狗不吠，鸡不鸣，横术何广兮，固知国中之无人!--《汉书》泛指街道、道路 齐城、高唐当术而大败。--《孙膑兵法·擒庞涓》又如术阡(道路);术径(大道与小路);术路(大道);术衢(道路)方法;策略 臣有百胜之术。--《战国策·魏朐qú朐xū 1.见'胊衍'。朐chǔn 1.见'胊?'。
4288,胫,表3丙表1000字,9画,jìng,丿 𠃌 一 一 ㇇ 丶 一 丨 一,true(a9~e9),胫 (形声。从肉，巠声。本义小腿)同本义 胫，胻也。--《说文》以杖叩其胫。--《论语》。皇疏脚胫也。膝上曰股，膝下曰胫。有赤胫之民。--《山海经·海内经》闻苦脚胫寒泄。--《汉书·赵充国传》析才士之胫。--《淮南子·俶真》又如胫无毛(形容奔走辛劳之甚);胫大于股(言本小末大。旧时喻臣下的力量大于君上);胫衣(套裤)泛指人或禽兽的腿 方首，长胫，意似良。(胫，人的小腿，也指禽兽昆虫的腿，这里指蟋蟀的腿。)--《聊斋志异·促织》又如胫毛(谓物之细微者。犹言一丝一毫，多指个人得失)小胫（脛、踲）jìng⒈小腿，自膝盖到脚跟的部分。⒉
4292,狯,表3丙表1000字,9画,kuài,丿 ㇁ 丿 丿 ㇏ 一 一 𠃋 丶,true(a9~e9),狯 (形声。从犬，会声。本义狡猾) 同本义(含有诡计多端而又易败露的意思) 狯，狡狯也。--《说文》马三宝，性敏狯。--《新唐书·裴寂传附马三宝》陟有吏干，性狡狯。--《宋史·侯陟传》又如狡狯(狡猾);狯猾(狡猾)狯（獪）kuài狡猾多诈狡～。
4295,狲,表3丙表1000字,9画,sūn,丿 ㇁ 丿 ㇇ 亅 ㇀ 亅 丿 丶,true(a9~e9),如猢狲猕猴的一种狲（猻）sūn
4296,訇,表3丙表1000字,9画,hōng,丿 𠃌 丶 一 一 一 丨 𠃍 一,true(a9~e9),訇〈名〉惊叫声 訇，骇言声。--《说文》见阿訇訇〈象〉惊叫声。也用以形容大声 訇然中开。--唐·李白《梦游天姥吟留别》又如訇訇(形容声音很大);訇哮(风声猛烈状);訇然(形容声音很大)訇hōng⒈大声。⒉
4300,饸,表3丙表1000字,9画,hé,丿 乛 𠄌 丿 ㇏ 一 丨 𠃍 一,true(a9~e9),饸hé〈方〉
4301,饹,表3丙表1000字,9画,gē、le,丿 乛 𠄌 丿 ㇇ ㇏ 丨 𠃍 一,true(a9~e9),
4302,胤,表3丙表1000字,9画,yìn,丿 𠃋 𠃋 丶 丨 𠃌 一 一 乚,true(a9~e9),胤 (会意。从肉，从八，从幺。肉表示血统关系，幺表示重迭，八表示延长∠起来表示后代。本义子孙相承) 同本义 胤，子孙相承续也。--《说文》予乃胤保大相东土。--《书·洛浩》胤，继也。--《尔雅》胤殷周之失业。--《剧秦美新》胤 子孙，后裔，子嗣，后嗣 胤子朱启明。--《书·尧典》夫许，太岳之胤也。--《左传·隐公十一年》周公之胤。--《左传·僖公二十四年》永锡祚胤。--《诗·大雅·既醉》又如胤子(子嗣;嗣子);胤息(子息;子嗣)胤yìn后代。
4309,疣,表3丙表1000字,9画,yóu,丶 一 丿 丶 ㇀ 一 丿 乚 丶,true(a9~e9),疣 皮肤病名 胾，赘也。从肉，尤声。--《说文》胾，肿也。--《广雅》今学曾未如胾赘。--《荀子·宥坐》。注结肉。病原体是一种病毒，症状是皮肤上出现跟正常的皮肤颜色相同的或黄褐色的突起，表面干燥而粗糙，不疼不痒，多长在面部、头部或手背等处。如疣子(疣。皮肤上长的肉瘤);疣疮(疣子)用同尤。怨恨，归咎;过失 三皇之时，食肉衣皮，巢居穴处，以崇质朴，岂复须章黼之冠，曲裘之饰哉。然其人称有德，而孰疣之。--汉·牟融《理惑论》疣赘疣（胾）yóu⒈俗称'瘊子'。是一种病毒感染的皮肤病。症状是皮肤上出现针头至黄豆大小的疙瘩，不痒不痛。⒉
4310,疥,表3丙表1000字,9画,jiè,丶 一 丿 丶 ㇀ 丿 ㇏ 丿 丨,true(a9~e9),疥 疥疮，一种皮肤病，非常刺痒，是疥虫寄生而引起的。又名疥癣 疥，搔也。--《说文》又如疥癣之疾(本指疥与癣两种皮肤病，喻作为害不很大的祸患);疥搔(疥疮);疥癞(疥疮和头癣)通痎。隔日疟 齐侯疥，遂痾。--《左传》。孔颖达疏疥当为痎，痎是小疟，痾是大疟。疥 污，弄脏 疥疮疥癣疥jiè疥疮，由疥虫引起的皮肤传染病。病损呈针头大小的丘疹、水疱，非常刺痒。病损多见于手指间、腕、肘窝、腋窝、腹股沟等皱折部位。爱清洁，讲卫生，可预防疥疮。
4317,闾,表3丙表1000字,9画,lǘ,丶 丨 𠃌 丨 𠃍 一 丨 𠃍 一,true(a9~e9),闾 (形声。从门，吕声。本义里巷的大门)同本义 闾，里门也。--《说文》二大夫出，相与踦闾而语。--《公羊传》便旋闾阎。--张衡《西京赋》门闾无关。--《吕氏春秋·仲夏》发闾左戍渔阳九百人。--《汉书·陈胜传》又如倚闾而望;闾阋(指内部斗争);闾墓(里巷和墓道的大门);闾闬(里巷的门)里巷 闾，里也。--《广雅·释宫》魏文侯过段干木之闾而轼之。--《吕氏春秋·期贤》违郢都之旧闾兮。--《楚辞·刘向·九叹·思古》又如闾吏(里巷小吏);闾陌(里巷);闾社(闾里乡社);闾肆(街闾lǘ⒈〈古〉一种居民组织，五家为比，五比为～。⒉里巷的门倚～而望。⒊里巷穷～漏屋。⒋
4322,籼,表3丙表1000字,9画,xiān,丶 丿 一 丨 丿 丶 丨 ㇄ 丨,true(a9~e9),籼 籼稻 籼似粳而粒小，始自闽入，得种于占城国。--《本草纲目》又如灿稻(水稻品种之一。稻株比粳稻稍高，分蘖力强，但杆软易倒伏。米粒细长，无粘性)籼米籼（秈）xiān
4331,洱,表3丙表1000字,9画,ěr,丶 丶 ㇀ 一 丨 丨 一 一 一,true(a9~e9),洱海洱ěr洱海，湖名，在云南。洱 ěr 见'洱水'﹑'洱海'。【洱水】①古水名。源出今河南省内乡县熊耳山，东南流注于渦水。②即洱海。【洱河】即今云南省的西洱河。【洱海】湖名。古称叶榆泽。在云南省大理市﹑洱源县间。因其形如耳得名。西汇点苍山麓诸水，冲积为肥沃的大理平原。北纳西洱河，流出大理市，汇合漾濞江，注入澜沧江。有'三岛'﹑'四洲'﹑'九曲'之胜，是著名风景区。
4336,洇,表3丙表1000字,9画,yīn,丶 丶 ㇀ 丨 𠃍 一 丿 丶 一,true(a9~e9),洇 水名 洇，水也。--《说文》亦指水流洇 液体在纸、布及土壤中向四外散开或渗透 洇、湮yīn墨水着在纸、布等上面向周围散开这种纸写字有些～。洇yān 1.埋没，泯灭。
4337,洄,表3丙表1000字,9画,huí,丶 丶 ㇀ 丨 𠃍 丨 𠃍 一 一,true(a9~e9),洄 (会意。从水回，回亦声。本义逆流而上)同本义 洄，溯洄也。--《说文》逆流而上曰泝洄。--《尔雅·释水》溯洄从之，道阻且长。--《诗·秦风·蒹葭》浔阳五溪水，沿洄直入巫山里。--李白《送别》又如洄沿(洄，逆流而上;沿，顺流而下);洄游(同回游)追溯往昔 游今洄古，可以鉴矣。--《契丹国志·契丹国初兴本末》学生虽溯洄思切，自念风尘俗吏，未由再睹仙颜，今何幸于此处相遇!--《红楼梦》水回旋而流 洄huí⒈水流回旋。⒉逆流而上。
4343,洮,表3丙表1000字,9画,táo,丶 丶 ㇀ 丿 丶 ㇀ 乚 丿 丶,true(a9~e9),洮〈名〉(形声。从水，兆声。本义洮水)同本义 洮，洮水出陇西临洮，东北入河--《说文》在甘肃省西南部，黄河上游支流，源出甘肃、青海边境的西倾山东麓，东流到岷县折向北，经临洮县到毛帘峡附近入黄河。长500余公里。通称洮河古地名 春秋时曹地盟于洮。--《春秋·僖公八年》。注曹地，在今山东曹州府。故址在今山东省鄄城西春秋时鲁地公会杞伯姬于洮。--《左传·庄公二十七年》。注鲁地。故址在今山东省泗水县境洮 〈动〉冲洗 王乃洮頮水。--《书·顾命》所以洮汰涤荡至洮táo洮河，在甘肃省。洮yáo 1.湖名。又名长塘湖﹑长荡湖。在江苏省溧阳﹑金坛两县境内。洮dào 1.古水名。在江淮之间。
4346,浔,表3丙表1000字,9画,xún,丶 丶 ㇀ 𠃍 一 一 一 亅 丶,true(a9~e9),浔 水体边缘的陆地(如海边、河边) 浔，厓深也。--《说文》浔，厓也。--《广雅》故虽游于江浔海裔。--《淮南子·原道》。注厓也。弭节乎江浔。--枚乘《七发》吴蜀成婚此水浔，明珠步障屋黄金。--《三国演义》故虽游于江浔海裔。--《淮南子》又如浔涘(水边)浔阳是江西九江市的别名 水名 浔水，在山东省莒县东南，西南流注入沭水浔江，在广西东部，即西江中游桂平县至梧州市段的别称浔 海洋测量中计算水深的单位 浔（潯）xún⒈水边。⒉江西省九江市的简称。浔yín 1.见'浸浔'。
4351,恹,表3丙表1000字,9画,yān,㇀ 丶 丨 一 丿 一 丿 ㇏ 丶,true(a9~e9),恹 (形声。从心，厌声。本义精神不振的样子)困倦，精神委靡 微弱 僧体枯瘦，气息恹然，渐无生气。--清·葆光子《物妖志》恹（懕）yān恹yàn 1.厌恶。 2.满足。 3.心服。
4353,恺,表3丙表1000字,9画,kǎi,㇀ 丶 丨 丨 ㇄ 丨 𠃍 一 乚,true(a9~e9),恺 (形声。从心，豰声。本义欢乐，和乐)同本义 恺，乐也。--《说文》。按，豰，愷实同一字。中心物恺。--《庄子·天道》。又如恺悌(和乐平易，平易近人。也作恺弟，岂弟);恺恻(和乐恻隐);恺豫(和乐)明 夫不勤勤则前人不当，不恳恳则觉德不恺。--《文选·扬雄·剧秦美新》恺 假借为凯。军队胜利后所奏之乐 王师大献，则令奏恺乐。--《周礼·大司乐》。郑玄注恺乐，献功之乐。秋七月丙申，振旅，恺以入于晋。--《左传·僖公二十八年》。杜预注恺（愷）kǎi⒈欢乐，和乐大～。⒉⒊〈古〉通'凯'奏～。
4358,宥,表3丙表1000字,9画,yòu,丶 ㇀ 乛 一 丿 丨 𠃌 一 一,true(a9~e9),宥 (形声。从宀，有声。宀表示房屋。本义广厦容人曰宥)宽仁;宽待 宥，宽也。--《说文》宥，宽也。--《国语·周语》闻在宥天下，不闻治天下也。--《庄子·在宥》知其冤而宥其失。--唐·李朝威《柳毅传》又如宥世(以宽仁之政治理国家);宥德(宽仁之德)宽恕 天尊岂可违天擅杀，望天尊暂宥。--《梼杌闲评--明珠缘》中间驰至九天，以告上帝。帝知其冤，而宥其失，前所谴责，因而获免。--唐·李朝威《柳毅传》又如宥免(宥恕，宥赦，宥过。宽恕别人的过错);宥愆(宽恕罪过)赦免 宥yòu⒈宽容，原谅，饶恕宽～。～他。⒉帮助。
4360,衲,表3丙表1000字,9画,nà,丶 ㇇ 丨 丿 丶 丨 𠃌 丿 丶,true(a9~e9),衲 僧徒的衣服，常用许多碎布补缀而成，因即以为僧衣的代称 自出家来长自在，缘身一衲一绳休。--白居易《赠僧自远禅师》又如衲子(衲为僧衣。故借称僧徒为衲子);衲衣(僧衣);衲袄(和尚所穿的大袖上衣);衲裙(僧人的衣裳);衲帛(丝织物品)僧徒自称或代称 老衲供茶碗，斜阳送客舟。--戴叔伦《题横山寺》又如老衲;衲子(指僧徒);衲衣(代称僧人);衲师(僧侣);衲徒(僧人，僧众);衲僧(和尚，僧人)衲 〈动〉缝补，补缀 拘挛补衲，蠹文已甚。--钟嵘《诗品诗》又如衲裰(布块补缀衲nà⒈缝补。〈引〉拼凑做成百～衣。⒉僧衣，也指僧人老～（僧人自称）。
4361,衽,表3丙表1000字,9画,rèn,丶 ㇇ 丨 丿 丶 丿 一 丨 一,true(a9~e9),衽 (形声。从衣，壬声。本义衣襟)同本义 衽二尺有五寸。--《仪礼·丧服记》再拜稽首以衽受。--《公羊传·昭公二十五年》楚必敛衽而朝。--《汉书·张良传》又如衽左(左衽。我国古代某些少数民族的服装，前襟向左掩，异于中原一带的右衽。用以指受外族的统治);衽服(左衽之服。指少数民族的服装);衽发(披发左衽。指古代中原地区以外少数民族的装束)指床草席 御衽于奥。--《仪礼·士昏礼》。注卧席也。衽席床第。--《周礼·王府》又如衽席(床褥与莞簟);衽席之上(比喻安衽（裧）rèn〈古〉⒈衣襟。⒉睡觉用的席子～席。
4365,祜,表3丙表1000字,9画,hù,丶 ㇇ 丨 丶 一 丨 丨 𠃍 一,true(a9~e9),祜 (形声。从示，古声。本义福;大福) 同本义 祜hù福其～伊何（伊语气 词）？
4367,祚,表3丙表1000字,9画,zuò,丶 ㇇ 丨 丶 丿 一 丨 一 一,true(a9~e9),祚 (形声。从示，乍声。本义福;福运)同本义 若能类善物，以混厚民人者，必有章誉蕃育之祚。--《国语》今当祚永运隆之日，太平无为之世。--《红楼梦》真主已出，隋祚不长。--《隋唐演义》又如祚长(福运久长);祚薄(福分微薄);祚土(福地;疆土);祚胤(福运及于后代子孙);祚庆(福祐)帝位 往者王莽作逆，汉祚中缺。--《东都赋》祚 赐福 天祚明德。--《左传》皇天嘉之，祚以天下。--《国语》今吾兄嗣位未几，辄思篡汉，皇天必不祚尔!--《全图绣像三国演义》又祚zuò⒈福，赐福。⒉通'阼'。皇帝的地位陛下践～（践祚即位）。
4368,诮,表3丙表1000字,9画,qiào,丶 ㇊ 丨 丶 丿 丨 𠃌 一 一,true(a9~e9),诮 (形声。从言，肖声。《说文》作谯。本义责备)同本义 诮，呵也。--《龙龛手鉴》丈人归，酒醒而诮其子。--《吕氏春秋·疑似》又如诮责(责备;谴责);诮诘(责问);诮噪(谴责和讥刺);诮让(责问);诮斥(斥责);诮项(指樊哙在鸿门宴上斥责项羽之事)嘲讽 列壑争讥，攒峰竦诮。--孔稚圭《北山移文》又如诮谤(讥诮毁谤);讥诮(冷言冷语地讥讽);诮骂(讥笑谩骂);诮讽(讥笑讽刺);诮戏(嘲笑逗乐);诮辱(讥讽侮辱)诮 简直，完全 诮qiào⒈讥讽讥～。⒉责备，谴责～他几句。
4371,诰,表3丙表1000字,9画,gào,丶 ㇊ 丿 一 丨 一 丨 𠃍 一,true(a9~e9),诰 (形声。从言，告声。本义告诉)同本义，上告下曰诰 诰，告也。--《说文》。段注以言告人，古用此字，今则用告字。以此诰为上告下之字。按，上告下之义，古用诰，秦复造诏安当之。--《说文通训定声》伊尹申诰于王。--《书·太甲下》后以施命诰四方。--《易·姤》告上曰告，发下曰诰。--《列子·杨朱》注雅告奥义。--《书·序》诰誓不及五帝。--《荀子·大略》。注诰誓以言辞相诫约也。至秦又造诏字以当之。--《书·大诰》释文又如诰命夫人(特指受封赠的夫人);诰授(以诰命授与);诰文诰gào⒈〈古〉帝王给臣子的命令诏～。制～。封～。⒉文体的一种，用于告戒或劝勉。
4372,诳,表3丙表1000字,9画,kuáng,丶 ㇊ 丿 ㇁ 丿 一 一 丨 一,true(a9~e9),诳 (形声。从言，狂声。本义欺骗，迷惑) 同本义(隐瞒事实真相迷惑人) 诳，欺也。--《说文》诳，诳惑也。--《玉篇》幼子常视无诳。--《礼记·曲礼》以诳刘子。--《国语·周语》齐田单后与骑劫战，果设诈诳燕军。--《史记·乐毅列传》民疾其态，天子诳之。--《国语·晋语二》将军纪信乃乘王驾，诈为汉王，诳楚，楚皆呼万岁。--《史记·高祖本纪》又如诳驾(因失陪而向客人说的道歉的话);诳谬(狂妄荒谬);诳上(欺骗君上、尊长);诳世(欺骗世人);诳动(欺骗煽动)诳kuáng欺骗，迷惑～语。～言。他在～人。
4373,鸩,表3丙表1000字,9画,zhèn,㇀ 乛 丿 𠄌 丿 𠃌 丶 ㇉ 一,true(a9~e9),鸩 传说中的一种毒鸟。把它的羽毛放在酒里，可以毒杀人。用鸩的羽毛泡成的毒酒～酒。饮～止渴。用毒酒害人。鸩zhèn⒈传说中的一种毒鸟。羽毛紫绿色，放在酒中能毒死人。⒉用鸩毛泡成的毒酒饮～止渴（〈喻〉只顾眼前，不顾后果）。⒊使用鸩酒（也指毒酒）害人。
4377,弭,表3丙表1000字,9画,mǐ,𠃍 一 ㇉ 一 丨 丨 一 一 一,true(a9~e9),弭 (形声。从弓，耳声。本义角弓，末端用骨做装饰的弓)同本义 弭，弓无缘，可以解辔纷者。--《说文》。按，以骨饰两头，不缴束，不漆。若不获命，其左执鞭弭，右属櫜韐，以与君周旋。--《左传·僖公二十三年》弓梢的弯曲处 象引鱼服。--《诗·小雅·采薇》桦皮装弓，两端骨弭。--《南史》又如弭头(弓的下端)弭 〈动〉止息;中断 不可弭忘。--《诗·小雅·沔水》祸至今未弭。--《国语·周语下》众不可弭。--《国语·晋语二》于是乎弭其百苛。--《国语·弭mǐ⒈消除，停止～除。消～。内难未～。⒉安抚，安定，顺服～从。
4379,胥,表3丙表1000字,9画,xū,乛 丨 一 丿 ㇏ 丨 𠃌 一 一,true(a9~e9),胥 (形声。从肉，疋声。本义蟹酱)同本义 胥，蟹醢也。--《说文》青州之蟹胥。--《周礼·庖人》注蟹胥，取蟹藏之，使骨头解胥胥然也。--《释名》共祭祀之好胥。--《周礼》片刻，一会儿 胡蝶胥也。--《列子·天瑞》胡蝶胥也化而为虫。--《庄子》胥 古代官府中的小吏;特指古代掌管捕捉盗贼的小官吏◇作偦 里胥猾黠。--《聊斋志异·促织》就老胥而问。--清·方苞《狱中杂记》部中老胥。胥某谓曰。胥某笑曰。又如胥里(乡里小吏);胥役(胥吏与差役胥xū⒈都，全～备。民～傚矣（傚效法）。⒉〈古〉小官吏～吏。里～（一里之长）。钞～（管抄写的小官）。
4381,陟,表3丙表1000字,9画,zhì,㇌ 丨 丨 一 丨 一 丨 丿 丿,true(a9~e9),陟 (会意。甲骨文字形。从阜，从步。左边是山坡，右边是两只向上的脚，表示由低处向高处走。本义由低处向高处走;升;登高)同本义，与降相对 陟，登也。--《说文》陟，陞也。--《尔雅》陟降庭止。--《诗·周颂·闵予小子》汝陟帝位。--《虞书》省幽明以黜陟。--张衡《东京赋》陟彼崔嵬。--《诗·周南·卷耳》人陟降大艰。--柳宗元《井铭并序》又如陟屺(登屺山。比喻思念母亲。屺，无草木的山);陟岵(登岵山。比喻思念父亲。岵，草木繁茂的山)登程，上路 若升高，必自下;若陟遐，必陟zhì⒈登，上～山。⒉提升。陟dé 1.得，应验。
4382,娅,表3丙表1000字,9画,yà,𡿨 丿 一 一 丨 丨 丶 丿 一,true(a9~e9),娅 (形声。从女，亚声。本义连襟，姊妹之夫相互的称谓) 同本义 两婿相谓为娅。--《尔雅》娅（媔）yà连襟，姐妹的丈夫相互的称呼。娅yǎ 1.见'娅姹'。娅yā 1.见'娅鬟'﹑'娅嬛'。
4384,娆,表3丙表1000字,9画,ráo、rǎo,𡿨 丿 一 一 ㇂ 丿 一 丿 乚,true(a9~e9),娆 柔弱 娆，弱也。--《广雅》妍媚 看红装素裹，分外妖娆。--毛泽东《沁园春·雪》又如妖娆(妩媚多姿);娇娆(柔美妩媚)嬈娆 (形声。从女，尧声。本义烦扰;扰乱)同本义 娆，苛也。--《说文》娆，烦也。亦恼也。--《纂文》除苛解娆。--《汉书·晁错传》其神不娆。--《淮南子·原道》伤死者其鬼娆。--《淮南子·俶真》又如娆乱(扰乱);娆固(扰乱蛊惑);娆害(捣乱破坏);娆败(扰乱破坏);娆恼(烦忧)戏弄 娆，戏弄也。--《说文》娆（嬈）ráo娆（嬈）rǎo烦扰，扰乱。娆yǎo 1.柔弱貌。参见'娆娆'。
4385,姝,表3丙表1000字,9画,shū,𡿨 丿 一 丿 一 一 丨 丿 ㇏,true(a9~e9),姝 (形声。从女，朱声。本义美好) 同本义 姝，女子也。--《说文》姝，好貌也。--《字林》静女其姝。--《诗·邶风·静女》又如姝好(姿态美好);姝妖(美丽妖艳);姝美(美丽);姝惠(美丽聪慧);姝姝(美好的样子;顺从的样子);姝貌(姝颜。美丽的容貌);姝丽(容貌美丽);姝艳(美丽);姝秀(秀丽)姝 美女 使君遣吏往，问是谁家姝。--《乐府诗集·陌上桑》又如姝丽(美女);姝娈(美女);姝好(美女);姝子(美女)姝shū⒈美好，美丽。⒉美女～秀。
4389,怼,表3丙表1000字,9画,duì,㇇ 丶 一 亅 丶 ㇀ ㇃ 丶 丶,true(a9~e9),怼 (形声。从心，对声。本义怨恨) 同本义 怼，怨也。--《说文》怼，恨也。--《广雅·释诂四》以死谁怼。--《左传·僖公二十四年》力尽则怼。--《谷梁传·庄公三十一年》以怼父母。--《孟子》怼以手自捣。--《汉书·外戚传》又如怼恨(怨恨);怼憾(怨恨);怼怨(怨恨);怼怒(怨怒);怼笔(出于怨恨的记载)怼 凶狠 怼duì 1.怨恨。 2.凶狠。 3.见'?怼'。
4395,骅,表3丙表1000字,9画,huá,𠃍 ㇉ ㇀ 丿 丨 丿 乚 一 丨,true(a9~e9),骅 骏马名 骅，骅骝，骏马。--《玉篇》骅骝开道路，鹰隼出风尘。--杜甫《奉简高三十五使君》骅（驊）huá
4396,绗,表3丙表1000字,9画,háng,𠃋 𠃋 ㇀ 丿 丿 丨 一 一 亅,true(a9~e9),绗 衣服的缘边 绗，缘也。--《广雅》绗　用针线粗缝，把棉絮固定在里子上，使不致滑动 绗háng粗疏地缝。如做棉衣、棉被等，在上面用长针粗缝，使布与棉絮固定。
4400,挈,表3丙表1000字,10画,qiè,一 一 一 丨 𠃌 丿 丿 一 一 亅,true(a10~e10),挈〈名〉通契。契约，书契 今内史稻田租挈重。--《汉书·沟洫志》书挈所录帝王遗事。--卫觊《魏受禅表》挈 〈动〉(形声。本义提起)同本义 挈，县持也。--《说文》挈，提也。--《广雅》若挈裘领。--《荀子·劝学》挈壶氏。--《周礼》班白不提挈。--《礼记·王制》信挈其手。--《汉书·韩信传》龙尾车者，河滨挈水之器也。--《农政全书》又如挈瓶(谓提瓶汲水);挈领(提起衣领);提纲挈领;挈壶(悬壶);挈辔(县辔)带领 挈国之辞也。--《谷梁传·宣公十一年》挈其挈qiè⒈提着，提起提纲～领。⒉带，领扶老～幼。～妻荷子。挈qì 1.绝，断绝。 2.刻。 3.契约。 4.见'挈然'。挈jiá 1.独，特。
4402,珙,表3丙表1000字,10画,gǒng,一 一 丨 ㇀ 一 丨 丨 一 丿 丶,true(a10~e10),珙 大璧 珙，大璧也。--《玉篇》珙gǒng⒈大璧。⒉珙县，在四川省。
4403,顼,表3丙表1000字,10画,xū,一 一 丨 ㇀ 一 丿 丨 𠃍 丿 丶,true(a10~e10),顼 姓(原为古帝颛顼的省称)顼xū
4408,珞,表3丙表1000字,10画,luò,一 一 丨 ㇀ 丿 ㇇ ㇏ 丨 𠃍 一,true(a10~e10),珞巴族珞luò⒈⒉
4410,珲,表3丙表1000字,10画,hún、huī,一 一 丨 ㇀ ㇀ 乛 一 𠃋 一 丨,true(a10~e10),珲 hui瑗珲县名，在黑龙江。今作爱辉珲hun美玉 珲，美玉。--《集韵》珲hún珲huī 1.地名用字。瑷珲，旧县名，在黑龙江◇作爱辉。今改黑河市。
4416,埙,表3丙表1000字,10画,xūn,一 丨 ㇀ 丨 𠃍 一 丨 𠃍 丿 丶,true(a10~e10),埙 (形声。从土，熏声。本义古代用陶土烧制的一种吹奏乐器，大小如鹅蛋，六孔，顶端为吹口。又叫陶埙) 同本义 、骨、象牙制成的壎，乐器也。以土为之，六孔。--《说文》。字亦作塤。埙箫管。--《周礼·小师》。注大如雁卵。调竽笙壎箎。--《礼记·月令》伯氏吹壎，仲氏吹箎。--《诗·小雅·何人斯》如壎如箎。--《诗·大雅·板》。注其声平下，与箎相谐。礼乐壎坎音也。--《白虎通》凡六孔，上一、前三、后二。--《新定三礼图·投壶图·埙》又如埙埙（壎）xūn〈古〉用陶土烧制的一种吹奏乐器，卵圆形中空，顶端有吹孔，中间音孔有多至五个的。
4417,埚,表3丙表1000字,10画,guō,一 丨 ㇀ 丨 𠃍 一 丨 𠃌 丿 丶,true(a10~e10),埚见坩埚埚（堝）guō埚wō 1.地，地方。 2.量词。块，片。
4419,耆,表3丙表1000字,10画,qí、shì,一 丨 一 丿 丿 乚 丨 𠃍 一 一,true(a10~e10),耆〈形〉(形声。《说文》从老省，旨声。形旁本是老，为了文字结构匀称，省略了一部分。本义老)古称六十岁曰耆。亦泛指寿考 耆，老也。--《说文》六十曰耆。--《礼记·曲礼》耆老皆朝于庠。--《礼记·王制》耆耋好礼。--《礼记·射仪》俾尔耆而艾。--《诗·鲁颂·閟宫》又如耆艾(老人的通称);耆叟(老叟);耆寿聇老(长寿老人);耆聇(老年人。耆为六十岁、聇为九十岁)强横的 耆，强也。--《广雅》不懦不耆。--《左传·昭公二十三年》。注彊也。又如耆帅(强横拔扈，作乱造反的将帅耆qí六十岁以上的人～老。～年。耆zhǐ 1.致使，达到。参见'耆定'。 2.进献。耆shì 1.爱好◇作'嗜'。
4420,耄,表3丙表1000字,10画,mào,一 丨 一 丿 丿 乚 丿 一 一 乚,true(a10~e10),耄 (形声。从老，毛声。本义年老)同本义。古称大约七十至九十岁的年纪 匪我言耄。--《诗·大雅·板》亦聿既耄。--《诗·大雅·抑》老夫耄矣，无能为也。--《左传·隐公四年》又如耄儿(老人和儿童);耄年(老年);耄老(老年，老年人);耄荒(年老);耄学(年耄硕学之士);耄聩(年老糊涂);耄勤(年老倦勤);耄期(高年);耄耋(八十岁的年龄;高龄，高寿);耄儒(老儒)年老昏乱 耄期倦于勤。--《书·大禹谟》又如耄思(思绪纷乱);耄耄(纷乱貌);耄乱(谓年老昏乱的人);耄夫(年老昏庸之人);耄昏(年老昏耄mào年老，年纪在八十至九十岁老夫～矣。
4423,贽,表3丙表1000字,10画,zhì,一 亅 ㇀ 丿 ⺄ 丶 丨 𠃍 丿 丶,true(a10~e10),贽 (形声。从贝，执声。从贝，与财富有关。本义古时初次求见人时所送的礼物，见面礼) 同本义 交贽往来。--《左传·成公十二年》出疆必执质(贽)。--《孟子》三帛、二生、一死贽。--《虞书》男贽，大者玉帛，小者禽鸟，以章物也;女贽，不过榛粟枣脩，以告虔也。--《左传·庄公二十四年》撰长书以为贽。--明·宋濂《送东阳马生序》又如贽币(见面礼);贽敬(备礼物来拜见，以表示敬重);贽然(站立不动的样子);贽宝(献赠的宝物);贽献(献赠的礼物);贽礼(见面礼)贽 持物贽（贄）zhì〈古〉初次拜见尊长时所送的礼物～见。贽zhí 1.见'贽然'。
4426,盍,表3丙表1000字,10画,hé,一 丨 一 𠃋 丶 丨 𠃍 丨 丨 一,true(a10~e10),盍 (会意。本作盿，从血，从大。段玉裁《说文解字注》皿中有血而上覆之，覆必大于下，故从大。本义覆盖) 合 盍簪喧枥马，列炬散林鸦。--杜甫《杜位宅守岁》又如盍簪(友人聚会;朋友);盍朋簪(朋友聚会);盍彻(施行仁政)盍 何不(盍是何不的合音) 盍，何不也。--《玉篇》盍请济师于王?--《左传·桓公十一年》子盍从众?--《左传·成公六年》子盍诘盗?--《左传·襄公二十一年》盍杀我?--《国语·晋语一》盍反其本。--《孟子·梁惠王上》祭酒计甚善，王盍用之?--《新唐书》盍（盿）hé何不，何～往观之。～不出走。盍kě 1.见'盍旦'。
4428,莆,表3丙表1000字,10画,pú,一 丨 丨 一 丨 𠃌 一 一 丨 丶,true(a10~e10),莆〈名〉水草名。即蒲草 咸播秬黍，莆雚是营。--《楚辞·天问》莆pú莆fǔ 1.见'萻莆'。
4429,莳,表3丙表1000字,10画,shì、shí,一 丨 丨 丨 𠃍 一 一 一 亅 丶,true(a10~e10),
4434,莜,表3丙表1000字,10画,yóu,一 丨 丨 丿 丨 丨 丿 一 丿 ㇏,true(a10~e10),莜麦纤毛，成熟时子粒与稃分离。亦称裸燕麦，俗称油麦莜yóu莜diào 1.除草农具。莜tiáo 1.草名。即羊蹄菜。 2.用同'条'。莜dí 1.盛谷种器。
4438,荽,表3丙表1000字,10画,suī,一 丨 丨 丿 丶 丶 丿 𡿨 丿 一,true(a10~e10),芫荽荽suī
4440,荻,表3丙表1000字,10画,dí,一 丨 丨 丿 ㇁ 丿 ㇀ 丿 丿 ㇏,true(a10~e10),荻 多年生草本植物，生在水边，叶子长形，似芦苇，秋天开紫花 浔阳江头夜送客，枫叶荻花秋瑟瑟。--唐·白居易《琵琶行(并序)》又如荻画(用荻杆在地上画画写字);荻竹(即荻);荻苗(荻的花穗)荻 dí多年生草本植物。形状象芦苇，地下茎蔓延，叶子长形，紫色花穗，生长在水边。茎可以编席箔。
4445,鸪,表3丙表1000字,10画,gū,一 丨 丨 𠃍 一 丿 𠃌 丶 ㇉ 一,true(a10~e10),鸪鹧鸪(鸟名。鹁鸪鸟名 鸪gū⒈⒉
4446,莼,表3丙表1000字,10画,chún,一 丨 丨 𠃋 𠃋 ㇀ 一 ㇄ 丨 乚,true(a10~e10),莼 莼菜。亦名水葵 莼（蓴）chún
4447,栲,表3丙表1000字,10画,kǎo,一 丨 丿 丶 一 丨 一 丿 一 ㇉,true(a10~e10),栲〈名〉木名。即山樗。常绿乔木，叶子长圆状，披针形，果实球形，表面有短刺，木材坚硬细密，可做轮轴等，树皮含鞣酸，可制染料与栲胶 山有栲，隰有杻。--《诗·唐风·山有枢》指栲胶 栲栳只见那小猴子挽着个柳笼栲栳在手里，籴米归来。--《水浒传》栲栳圈像笆斗那样的圆圈栲kǎo⒈栲树，常绿乔木，雌雄同株。木材坚硬，适于做船橹、轮轴等，也供建筑、做枕木等用。树皮含鞣酸，可制烤胶或做染料。种子可吃。⒉
4448,栳,表3丙表1000字,10画,lǎo,一 丨 丿 丶 一 丨 一 丿 丿 乚,true(a10~e10),见栲栳栳lǎo
4449,郴,表3丙表1000字,10画,chēn,一 丨 丿 丶 一 丨 丿 丶 ㇌ 丨,true(a10~e10),郴 地名。郴县，在湖南省 郴chēn郴州市，在湖南省。
4453,桢,表3丙表1000字,10画,zhēn,一 丨 丿 丶 丨 一 丨 𠃍 丿 丶,true(a10~e10),桢 (形声。从木，贞声。本义木名，即女贞)同本义 桢，刚木也。--《说文》文欀桢橿。--左思《吴都赋》。注桢、橿，二木名。又东二百里，曰太山，上多金玉、桢木。--《山海经》古代筑墙时竖立在两端的木柱 桢，干也。--《尔雅》。舍人注桢，正也。筑墙所立两木也。按，植于两端者曰桢，植于两边者曰干。维周之桢。--《诗·大雅·文王》又如桢干支柱，主干 峙乃桢干。--《书·费誓》传题曰桢。又如桢臣(栋梁桢zhēn⒈〈古〉指一种质地坚硬的树。⒉
4462,桉,表3丙表1000字,10画,ān,一 丨 丿 丶 丶 ㇀ 乛 𡿨 丿 一,true(a10~e10),桉〈名〉 桉树。桃金娘科桉属植物的泛称。常绿乔木，又叫'玉树'或'有加利树'。常绿乔木，树干高而直，花白、红或黄色。木质坚韧，供建筑、做家具材料等用。树皮和叶可供药用。枝和叶可提桉油，树皮还可提鞣料，供医药和工业用。 1.犹按。于是。 2.同'案'。查验，考查。 3.同'案'。几案。
4464,逑,表3丙表1000字,10画,qiú,一 亅 丶 ㇀ 丿 丶 丶 丶 ㇋ ㇏,true(a10~e10),逑〈动〉(形声。从辵，求声。本义聚合)同本义 逑，敛聚也。--《说文》惠此中国，以为民逑。--《诗·大雅·民劳》匹配 有虞信莫京兮，余可以以为逑。--明·方孝儒《静学斋赋》逑 〈名〉配偶 窈窕淑女，君子好逑。--《诗·周南·关雎》如逑匹(配偶);逑耦(匹偶，搭档)相匹敌的人 逑qiú⒈聚合以为民～。⒉配偶君子好～。
4467,鬲,表3丙表1000字,10画,gé、lì,一 丨 𠃍 一 丨 𠃌 丶 丿 一 丨,true(a10~e10),鬲ge古国名。鬲国 通膈♂隔膜 食饮不下，鬲塞不通。--《素问·风论篇》又如针鬲(用针刺横膈膜);鬲要(膈腰。指心胸);鬲肝(膈和肝)通槅。大车轭 鬲长六尺。--《周礼·考工记》。孙诒让正义鬲，即槅之借字。县名 鬲 通隔。阻隔 鬲闭门户，毋得擅上。--《汉书·五行志中》别异蛮夷，鬲绝器物。--《鬲gé⒈〈古〉鬲津河，即今漳卫新河。它是河北、山东两省的界河。旧称四女寺减河，但故道在西汉时已淤塞，现今是新道。鬲lì⒈鼎一类的烹饪器，三只足，中间空。鬲è 1.以手扼物。
4470,逦,表3丙表1000字,10画,lǐ,一 丨 𠃌 丶 丨 𠃌 丶 丶 ㇋ ㇏,true(a10~e10),逦 (形声。从辵，表示与行走有关，丽声。本义逦迤曲折连绵。也作迤逦) 同本义 不断的样子)逦迤逦（邐）lǐ
4471,厝,表3丙表1000字,10画,cuò,一 丿 一 丨 丨 一 丨 𠃍 一 一,true(a10~e10),厝 (形声。从厂，昔声。厂，象山崖形。本义磨刀石)同本义。一说相当于现在的金刚钻 厝，厉石也。--《说文》。佗山之石，可以为厝。--《诗·小雅·鹤鸣》厝 安置，措置 故书则必如将废厝。--《考工记·梓人》抱火厝积薪之下。--《汉书·贾谊传》帝感其诚，命夸娥氏二子负二山，一厝朔东，一厝雍南。--《列子·汤问》又如厝顿(处置;安顿);厝生(安身;谋生);厝火燎原(放火燎原，喻小乱子酿成大祸患)把厝 cuò①放置；安排～火积薪。②实行土葬的情况下，将棺材停放待葬，或浅埋以待改葬暂～。【厝火积薪】把火放在柴堆下面。比喻潜伏着极大的危险。
4476,砧,表3丙表1000字,10画,zhēn,一 丿 丨 𠃍 一 丨 一 丨 𠃍 一,true(a10~e10),砧 (形声。从石，占声。本义捣衣石)同本义 秋至式清砧。--杜甫《捣衣》又如砧杵(捣衣石和棒槌);砧石(捣衣石);砧声(捣衣声)。又指切物用的砧板加以砧斧。--韩愈《元和圣德》饿猫临鼠穴，馋犬舐鱼砧。--唐·卢延让逸句又如砧几(砧板);砧臼(砧板和石臼)古代用于斩首或腰斩的刑具，犯人伏其上以受刑。如砧斧(砧板与斧钺。古代杀人刑具)锻捶金属用的垫座。如铁砧捣草石砧，农家捣草石。--《正字通》同椹。木砧。如内砧泛指物体下部的垫基 造门砧之制，长三尺五寸。--砧（磚）zhēn捶、砸或切东西时垫在底下的用具～板。打铁用的铁～。
4477,砷,表3丙表1000字,10画,shēn,一 丿 丨 𠃍 一 丨 𠃍 一 一 丨,true(a10~e10),砷〈名〉一种三价和五价的非金属元素，旧称砒。通常呈金属的铁灰色，结晶形，性脆。砷常小量地被掺入合金(如用于制造子弹的砷-铅合金)，其化合物主要用于制造毒剂(如杀虫剂)、药物和玻璃 砷shēn　非金属化学元素之一。符号as。旧名'砒'。灰白色，呈金属光泽的结晶体，质脆性毒。化合物可做杀虫剂及杀菌剂。
4485,轾,表3丙表1000字,10画,zhì,一 𠃋 丨 ㇀ 一 𠃋 丶 一 丨 一,true(a10~e10),见轩～。轾zhì
4488,趸,表3丙表1000字,10画,dǔn,一 𠃌 丿 丨 𠃍 一 丨 一 丿 ㇏,true(a10~e10),趸 整数;整批 趸　囤积;货物成批地买进或卖出 趸船趸卖趸批趸批出卖趸批买进趸售趸 dǔn①整数～批。②整批地买进（准备卖出）现～现卖。
4490,鸬,表3丙表1000字,10画,lú,丨 一 𠃍 一 丿 丿 𠃌 丶 ㇉ 一,true(a10~e10),鸬鹚鸬（鹯）lú
4493,眬,表3丙表1000字,10画,lóng,丨 𠃍 一 一 一 一 丿 乚 丿 丶,true(a10~e10),眬（矓）lóng
4495,晟,表3丙表1000字,10画,shèng、chéng,丨 𠃍 一 一 一 丿 𠃌 ㇂ 丿 丶,true(a10~e10),晟 光明炽盛 昂头冠三山，俯瞰旭日晟。(朝阳光明炽盛。)--郝经《原古上元学士》兴盛 自秦创兴，于周转晟。--《西陲石刻录·周李君修佛龛碑》晟shèng光明，兴旺。晟chéng 1.光明。 2.赞美。 3.兴盛。
4497,眙,表3丙表1000字,10画,yí、chì,丨 𠃍 一 一 一 𠃋 丶 丨 𠃍 一,true(a10~e10),见盱眙县名。在江苏省眙yí眙chì 1.直视;瞪眼看。 2.惊视。 3.惊愕貌。
4500,唔,表3丙表1000字,10画,wù、wú,丨 𠃍 一 一 丨 𠃍 一 丨 𠃍 一,true(a10~e10),唔 形容阅读等声 唔wú 1.象声词。唔ń1.叹词。表示疑问 2.方言。?? 3.方言。你。参见'唔哚'﹑'唔笃'。 br ? 1.方言。不。
4501,晁,表3丙表1000字,10画,cháo,丨 𠃍 一 一 丿 丶 ㇀ 乚 丿 丶,true(a10~e10),晁 姓。如晁盖同朝。早晨 此字当为朝之或体，杜说是也(杜林以为朝旦)。--朱骏声《说文通训定声》于是天子乃以阳晁，始出乎玄宫。--扬雄《羽猎赋》晁 cháo姓。【晁错】（前200-前154）西汉大臣、政论家。颖川（今河南禹县）人。官至太常掌故、御史大夫。文帝时号为'智囊'。景帝时，因建议削藩，引起吴楚七国叛乱◇因为遭袁盎等人谗言被杀。著有《论贵粟疏》等。晁（鼂）cháo〈古〉通'朝'。早晨。晁zhāo 1.早晨。
4503,鸮,表3丙表1000字,10画,xiāo,丨 𠃍 一 一 ㇉ 丿 𠃌 丶 ㇉ 一,true(a10~e10),鸮 xiāo
4505,趿,表3丙表1000字,10画,tā,丨 𠃍 一 丨 一 丨 ㇀ 丿 ㇋ ㇏,true(a10~e10),趿〈动〉(形声。从足，及声。本义拖着鞋子) 同本义 趿拉趿拉了双鞋趿拉板儿趿拉儿趿tā趿sǎ 1.穿鞋;把鞋后帮踩在脚底下。趿qì 1.行走。
4509,蚍,表3丙表1000字,10画,pí,丨 𠃍 一 丨 一 丶 一 𠄌 丿 乚,true(a10~e10),蚍〈名〉蚍蜉，一种大蚂蚁 蚍? 喻微小的力量 蚍蜉蚍蜉撼大树蚍蜉撼大树，可笑不自量。--唐·韩愈《昌黎先生集》亦作蚍蜉撼树蚍pí
4511,蚬,表3丙表1000字,10画,xiǎn,丨 𠃍 一 丨 一 丶 丨 𠃍 丿 乚,true(a10~e10),蚬 小蛤的一类 蚬xiǎn软体动物。介壳略呈心脏形，外面青黑或黄褐色，有环纹，里面青紫或白色。生活在淡水软泥中。肉可吃，壳可供药用 。蚬xiàn 1.蝶类的幼虫。赤头，长寸许，吐丝作茧，悬于空中，俗名缢女。
4512,蚝,表3丙表1000字,10画,háo,丨 𠃍 一 丨 一 丶 丿 一 一 乚,true(a10~e10),蚝 牡蛎的别名 蚝油蚝（蠔）háo牡蛎～油（牡蛎肉制的油，可供调味用）。蚝cì 1.毛虫。
4513,蚧,表3丙表1000字,10画,jiè,丨 𠃍 一 丨 一 丶 丿 ㇏ 丿 丨,true(a10~e10),蚧〈名〉蛤蚧 介壳虫 蚧虫蚧jiè
4519,唑,表3丙表1000字,10画,zuò,丨 𠃍 一 丿 丶 丿 丶 一 丨 一,true(a10~e10),唑 氮杂茂 小类(如二唑类、三唑类、噻唑类)唑zuò唑shì 1.啮;吃。唑zuò唑shì 1.啮;吃。唑zuò唑shì 1.啮;吃。
4521,崃,表3丙表1000字,10画,lái,丨 ㇄ 丨 一 丶 丿 一 丨 丿 ㇏,true(a10~e10),崃 山名，亦名邛崃山 东北四十里，曰崃山…崃山，邛崃山也。--《水经注》崃（崍）lái邛崃山（崃山），邛崃市。均在四川省。
4522,罡,表3丙表1000字,10画,gāng,丨 𠃍 丨 丨 一 一 丨 一 丨 一,true(a10~e10),罡〈名〉北斗星的斗柄 罡星煞曜降凡世，天蓬丁甲离青穹。--《水浒传》又如罡星(古星名。系北斗七星的斗柄);罡星煞曜(天罡星和地煞星);罡斗(天罡北斗)山冈，在较平坦地区的一块显著的高地 裴渊《广州记》曰城北有尉他墓，墓后有大罡，谓之马鞍罡。--《水经注·泿水》罡gāng也叫'天罡'。北斗七星中呈斗柄的三颗星。
4527,钰,表3丙表1000字,10画,yù,丿 一 一 一 𠄌 一 一 丨 一 丶,true(a10~e10),钰 珍宝 钰，宝也。--《五音集韵》坚硬的金属 钰，坚金。--《玉篇》钰yù⒈宝物。⒉坚硬的金属。
4531,钹,表3丙表1000字,10画,bó,丿 一 一 一 𠄌 一 丿 ㇇ ㇏ 丶,true(a10~e10),钹 铜质圆形的乐器，中心鼓起，两片相击作声 钹 bó打击乐器。由一对金属圆盘组成。种类繁多，大小不一，一般称大者为钹，中小型者为钗。奏法有撞击、磨击、扑击、滚击、闷击、单击多种，能发出爆裂声和萧萧声。用于秧歌、戏曲或各种乐队的演奏。
4532,钺,表3丙表1000字,10画,yuè,丿 一 一 一 𠄌 一 𠄌 ㇂ 丿 丶,true(a10~e10),钺 (戉，形声。本义古代兵器，青铜或铁制成，形状像板斧而较大)同本义 戉，大斧也。--《说文》王左杖黄戉。--《书·牧誓》。传引《六韬》大柯斧重八斤，一名天戉，经传皆以铖为之。钺，车銮声也。--《说文》。伟借为戉。一人冕执钺。--《书·顾命》授铖四七。--张衡《东京赋》斧钺汤镬。--《汉书·李广苏建传》碧汉中百十队翔鸾振羽，黄旌白钺。--《梼杌闲评--明珠缘》又如钺钺(车铃声。也作哕哕);钺斧(圆刃大斧);钺下(书笺开头表示尊敬的套语。在主管将帅的指挥之下)星名。钺星，即天钺（戉）yuè〈古〉兵器，像斧但较大，圆刃。
4534,钼,表3丙表1000字,10画,mù,丿 一 一 一 𠄌 丨 𠃍 一 一 一,true(a10~e10),钼 一种金属元素。硬的银白色结晶，用来生产特种钢，也用在电器工业中 钼mù金属元素之一。符号mo。银白色，硬而坚韧。可与铝、铜、铁等制成合金。是电子工业的重要材料。纯钼丝用于高温电炉。
4538,铄,表3丙表1000字,10画,shuò,丿 一 一 一 𠄌 丿 ㇄ 亅 丿 丶,true(a10~e10),铄 (形声。从金，乐声。本义熔化)同本义 铄，销金也。--《说文》流金铄石些。--《楚辞·招魂》夫铄金在炉，庄躥不顾。--《盐铁论·诏圣》大热铄石流金。--《淮南子·诠言训》人无筋骨之强，爪牙之利，故割革而为甲，铄铁而为刃。--《淮南子·兵略》又如铄金(销熔金属);铄石流金(使金石熔化。比喻酷热。同流金铄石);铄化(熔化);铄金点玉(熔化金属，玷污美玉)销毁 彼人含其明，则天下铄矣。--《庄子·胠箧》又如铄绝竽瑟(完全销毁乐器)削弱 秦先得齐宋，则韩氏铄，韩氏铄则楚孤而铄（鑠）shuò⒈发光的样子闪～。光～如闪电。⒉熔化金属～金。销～。⒊削弱，毁坏，消灭。铄yuè 1.烙;烧灼。
4547,铎,表3丙表1000字,10画,duó,丿 一 一 一 𠄌 ㇇ ㇏ 一 一 丨,true(a10~e10),铎 (形声。本义大铃)同本义 铎，大铃也。军法五人为伍，五伍为两，两司马执铎。--《说文》徇以木铎。--《周礼·小宰》告寡人以事者，击铎是也。--《淮南子·泛论》又如铎语(祭祀神灵时，用铎声节歌舞以祭);铎头瘟(呆瘟神)挂在牛马颈下或屋檐下的小铃 宝铎含风，响出天外。--《洛阳伽蓝记》铎 刺;啄 你还把热舌头铎我!--《西游记》铎 duó古代宣布政令或战事时用的大铃。
4548,氩,表3丙表1000字,10画,yà,丿 一 一 ⺄ 一 丨 丨 丶 丿 一,true(a10~e10),氩 一种无色、无臭的惰性气体元素，存在于空气中，占空气体积的0.94%，亦存在于火山气体中，从液态空气分离获得。主要用于金属加工和电弧焊接时作为保护性气氛，还用于白炽电灯和荧光灯泡、充气电子管以及盖革计数管作填充气体 氩（氬）yà化学元素之一。符号ar或a。在通常条件下为气体，无色无臭，不易跟其它元素化合。可用于电灯泡或真空管中。
4549,氤,表3丙表1000字,10画,yīn,丿 一 一 ⺄ 丨 𠃍 一 丿 丶 一,true(a10~e10),氤氲灵山多秀色，空水共氤氲。--唐·张九龄《湖口望庐山瀑布泉》云烟氤氲氤yīn
4553,秣,表3丙表1000字,10画,mò,丿 一 丨 丿 丶 一 一 丨 丿 ㇏,true(a10~e10),秣 (形声。从禾，末声。本义喂马的谷饲料) 同本义(如干草、植物、谷草) 骥病思偏秣。--杜甫《敬简王明府》七日刍秣之式。--《周礼·天官》又如刍秣(刍为喂牛羊的草饲料;秣为喂马的谷饲料)秣 之子于归，言秣其马。--《诗·周南·汉广》郑穆公使视客馆，则束载，厉兵，秣马矣。--《左传·僖公三十三年》又如秣马秣驹(本为喂马及驹，借指求婚);秣马(喂饱马匹);秣谷(用谷物喂马)秣马厉兵秣mò⒈牲口的饲料粮～。⒉喂养（牲口）～马。
4558,笊,表3丙表1000字,10画,zhào,丿 一 丶 丿 一 丶 丿 丿 丨 ㇏,true(a10~e10),笊篱笊zhào
4565,俳,表3丙表1000字,10画,pái,丿 丨 丨 一 一 一 丨 一 一 一,true(a10~e10),俳〈名〉(形声。从人，非声。本义杂戏，滑稽剧)同本义 俳，戏也。…亦曰优，曰倡。--《说文》俳，优乐也。--《三苍》是时二世在甘泉，方作觳抵优俳之观。--《史记·李斯列传》又如俳舞(杂戏歌舞)伶人。指以舞乐杂戏为业的人 击鼓歌咏作俳倡。--《汉书·霍光传》谐笑类俳倡。--汉·班固《汉书·枚乘传》又如俳倡(俳优，伶人);俳长(俳优的头目);俳子(俳优之子);俳儿(俳优。亦指俳优之子)对偶，骈俪 俳〈形〉诙谐俳pái〈古〉指杂戏、滑稽戏，也指演这类戏的人～优。〈引〉滑稽，幽默～谐。
4573,倜,表3丙表1000字,10画,tì,丿 丨 丿 𠃌 一 丨 一 丨 𠃍 一,true(a10~e10),倜然俄而天下倜然举去桀纣而犇汤武。--《荀子》倜傥古者富贵而名磨灭，不可胜记，唯倜傥非常之人称焉。--司马迁《报任安书》诸仁者于此见得倜傥分明。--《五灯会元》倜傥不羁耽字彦道，少有才气，倜傥不羁，为士类所称。--《晋书》倜傥不群先生这等翩然而来，真是侗傥不群。倜tì倜zhōu 1.见'倜侏'﹑'倜倡'。
4574,隼,表3丙表1000字,10画,sǔn,丿 丨 丶 一 一 一 丨 一 一 丨,true(a10~e10),隼鸟类的一科，翅膀窄而尖，上嘴呈钩曲状，背青黑色，尾尖白色，腹部黄色。饲养驯熟后，可以帮助打猎。亦称鹘。隼sǔn鸟名。也叫'鹘'，有游～、燕～等多种，均已稀少，要保护，禁止猎杀。游隼，上嘴弯曲，背青黑，腹黄，尾尖白色，性凶猛，善于袭击其它鸟类，〈古〉驯养后帮助打猎。
4577,倥,表3丙表1000字,10画,kōng、kǒng,丿 丨 丶 ㇀ 乛 丿 丶 一 丨 一,true(a10~e10),倥 (形声。从人，空声。本义倥侗蒙昧，无知)同本义 天降生民，倥侗颛蒙。--《法言·序》倥〈动〉绷着倥kǒng①事多，繁忙戎马～偬。②穷困愁～偬。倥kōng 1.见'倥侗'。 2.低垂。
4578,臬,表3丙表1000字,10画,niè,丿 丨 𠃍 一 一 一 一 丨 丿 ㇏,true(a10~e10),臬 箭靶 臬，射准的也。--《说文》;引申为目标;准则所发无臬。--张衡《东京赋》又如臬极(准则;标准)古代测日影的标杆 陈圭置臬，瞻星揆地。--《石阙铭·序》刑法;法度 王曰外事，汝陈时臬，司师兹殷罚有伦。--《书·康诰》古代主管一省司法的官员 访);臬使(即按察使);臬府(即臬司。指肃政廉访使);臬宪(旧时对按察使的敬称)终极 臬niè⒈箭靶子。⒉〈古〉用于测日影的标竿。⒊法度，标准。⒋极限。
4579,皋,表3丙表1000字,10画,gāo、háo,丿 丨 𠃍 一 一 一 丿 ㇏ 一 丨,true(a10~e10),皋 (形声。白形本声〓边的地得日光最早。本义泽边地。舦为皋的俗字)同本义。泛指岸边，水旁陆地 皋，此字当训泽边地也。从白。白者，日未出时，初生微光也。圹野得日光最早，故从白，从本声。俗字作舦。--朱骏声《说文通训定声》牧隰皋。--《左传·襄公二十五年》亭皋千里。--司马相如《上林赋》河溢皋陆。--《史记·孝武纪》江皋河濒。--《史记·贾山传》步余马兮山皋，邸余车兮方林。--《楚辞·屈原·涉江》又如皋渚(水边地);皋陆(水边平地);皋隰(水边低湿地);皋浒(高岸和水边);皋壤(泽边皋（舦）gāo岸，水边的地江～〓～。皋háo 1.号呼;呼告。
4580,郫,表3丙表1000字,10画,pí,丿 丨 𠃍 一 一 丿 一 丨 ㇌ 丨,true(a10~e10),郫〈名〉春秋晋邑 县名 江名 郫pí郫县，在四川省。
4581,倨,表3丙表1000字,10画,jù,丿 丨 𠃍 一 丿 一 丨 丨 𠃍 一,true(a10~e10),倨 (形声。从人，居声。本义傲慢)同本义 倨，不逊也。--《说文》游毋倨。--《礼记·曲礼》。疏慢也。嫂何前倨而后恭也。--《战国策·秦策》与其倨也宁句。--《大戴礼记·曾子立事》。按，凡侈曰倨，敛曰句。体倨固而心执诈。--《脩身》又如倨忽(傲慢而疏忽);倨倨(一无思虑、神色傲慢的样子;盛服的样子);倨见(傲慢地接见或往见);倨侮(傲慢自大)直而折曲 倨中矩，句中钩。--《礼记·乐记》又如倨句(器物弯曲的形状。曲度较小的叫倨，大的叫句);倨佝(倨拘。弯曲的，句为甚曲);倨倨jù⒈傲慢～傲。性～。前～后恭。⒉〈古〉通'踞'。蹲坐。
4582,衄,表3丙表1000字,10画,nǜ,丿 丨 𠃍 丨 丨 ㇀ 𠃍 丨 一 一,true(a10~e10),衄 鼻出血 衄，鼻出血也。从血，丑声。--《说文》。俗字作衵春不鼽衄。--《素问·金匮真言论》此人奉使出门，卒尔鼻衄。--《大庄严论经》泛指人体各部位的出血 畏缩 未战而退，先自摧衄，亦古之所忌。--《晋书》挫折;挫伤;失败 莫不衵锐挫铓。--左思《吴都赋》流闻东军失备，师徒小衄。--曹植《求自试表》又如衄折(失败，挫败);衄挫(衄折);衄痍(创伤);衄锐(挫其锋锐)衄（衵）nǜ⒈鼻出血～血。鼻～。⒉失败，挫伤败～。
4584,徕,表3丙表1000字,10画,lái、lài,丿 丿 丨 一 丶 丿 一 丨 丿 ㇏,true(a10~e10),徕 (古来字。形声。从彳，表示与行走有关，来声。本义到来，与往相对)同本义 天马徕，从西极。--《汉书》氐羌徕服。--《汉书·武帝纪》又如徕下(下来);徕臣(前来臣服);徕服(徕臣);徕祗(前来致敬);徕孙(玄孙的儿子)招来;使之来 徕三晋之民，而使之事本。(三晋赵、韩、魏三国。事本从事农业。)--《商君书》又如徕人(戏剧中扮演仆役的角色)徕 慰劳 通勑。劝勉 于是高祖引徕（徠）lái招来～民（招来人民）。招～（招揽）顾客。徕lài 1.慰劳。
4588,衾,表3丙表1000字,10画,qīn,丿 ㇏ 丶 ㇇ 丶 一 丿 𠄌 丿 ㇏,true(a10~e10),衾〈名〉(从衣，今声。本义被子) 同本义 衾，大被。--《说文》。段注寝衣为小被(夹被)，则衾是大被(棉被)。抱衾与椆。--《诗·召南·小星》缁衾趚里，无紞。--《仪礼·士丧礼》衣衾多少厚薄多少之数。--《荀子·礼论》布衾多年冷似铁。--唐·杜甫《茅屋为秋风所破歌》诗狐裘不暖锦衾薄。--唐·岑参《白雪歌送武判官归京》以衾拥覆。--明·宋濂《送东阳马生序》生则同衾，死则同穴。--《西厢记》又如衾褥(殓尸用的被褥);衾衽(指被与席。一说为枕席之间);衾枕(被与枕);衾绸(被;一说为大被和床帐衾qīn被子。特指大被。
4594,胼,表3丙表1000字,10画,pián,丿 𠃌 一 一 丶 丿 一 一 丿 丨,true(a10~e10),胼〈名〉(形声。从月(肉)，并声。本义胼胝，手脚上的硬厚皮)同本义 手足胼胝，面目黎黑。--《史记·李斯列传》腹胀 胼，腹胀也。--《篇海类编》胼手胝足世界上没有胼手胝足的劳动者，就不会有人类的一切文明胼胝手足胼胝胼pián
4597,胺,表3丙表1000字,10画,àn,丿 𠃌 一 一 丶 ㇀ 乛 𡿨 丿 一,true(a10~e10),胺〈名〉氨分子里的氢被烃基或其他非酸性有机基取代后衍生出的一类有机化合物 ，通式为Ｒ·ＮＨ２ 。
4598,鸱,表3丙表1000字,10画,chī,丿 𠄌 一 ㇂ 丶 丿 𠃌 丶 ㇉ 一,true(a10~e10),鸱 (形声。从鸟，氐声。本义一种凶猛的鸟，鹞子。又名鹞鹰、老鹰、鸢鹰)同本义 猫头鹰一类的鸟。又名鴞角鸱、怪鸱、鸺鸱用皮革制作的酒囊。鸱夷的略称 鸱吻鸱鸮，鸱枭鸱chī⒈一种凶猛的鸟，又叫'鹞鹰'，已少见， 要保护，禁止猎杀。⒉①〈古〉指鹪鹩，一种小鸟。②猫头鹰一类的鸟。⒊
4601,狷,表3丙表1000字,10画,juàn,丿 ㇁ 丿 丨 𠃍 一 丨 𠃌 一 一,true(a10~e10),狷 拘谨无为。引申为孤洁。与狂相对 狂者进取，狷者有所不为也。--《论语·子路》又如狷洁(清介，洁身自守);狷行(犹洁身);狷独(洁身独处);狷狷(洁身守志貌)偏急 耿直;固执 狷（獧）juàn⒈急躁，心胸狭窄～急之人。⒉耿直，洁身自好小心～介。
4602,猁,表3丙表1000字,10画,lì,丿 ㇁ 丿 丿 一 丨 丿 丶 丨 亅,true(a10~e10),见猞猁猁lì
4605,狺,表3丙表1000字,10画,yín,丿 ㇁ 丿 丶 一 一 一 丨 𠃍 一,true(a10~e10),狺 犬吠声 狺，犬吠声。--《集韵》又如狺狺(狗叫声;带攻击性的言论);狺犬(吠叫的狗);狺吠(狗叫)狺yín
4607,桀,表3丙表1000字,10画,jié,丿 ㇇ 丶 一 𠃋 丨 一 丨 丿 ㇏,true(a10~e10),桀 鸡栖的木桩 鸡栖于桀。--《诗·王风·君子于役》小木桩 城希裾门而直桀。--《墨子》通杰。杰出的人才 选士厉兵，简练桀俊。--《礼记·月令》又如桀俊(才能出众的人);桀士(杰出的人)夏朝末代君主，相传是个暴君 桀 通傑。特出，高出 邦之桀兮。--《诗·卫风·伯兮》初之列士桀大夫，慎言知行。--桀jié⒈凶暴，凶悍～猾。～骜。⒉〈古〉人名。夏朝末代君主，传说是暴君。⒊鸡栖的木桩鸡栖于～。⒋〈古〉通'杰'。优秀，高出。⒌〈古〉通'揭'。扛，举～石。
4609,饽,表3丙表1000字,10画,bō,丿 乛 𠄌 一 丨 ㇀ 乛 ㇇ 亅 一,true(a10~e10),饽 面食的一种 饽饽玉米饽饽饽bō［饽饽］〈名〉馒头或其他面食。也指糕点。
4610,凇,表3丙表1000字,10画,sōng,丶 ㇀ 一 丨 丿 丶 丿 ㇏ 𠃋 丶,true(a10~e10),凇 云雾或水气凝结而成的冰花 凇sōng
4611,栾,表3丙表1000字,10画,luán,丶 一 丨 丨 丿 丶 一 丨 丿 ㇏,true(a10~e10),栾 木名。也叫栾华、灯笼树 胶。花可提黄色染料，又可入药拱，建筑物立柱和横梁之间成弓形的承重结构 结重栾以相承。--张衡《西京赋》。注柱上曲木，两头受栌者。又如栾拱(屋架中承受梁木的曲木);栾栌(屋中柱顶承梁之木，曲者为栾，直者为栌)通孪。双生子 薛公知之，故与二栾博。--《韩非子·外储说右上》姓栾（欒）luán落叶乔木。羽状复叶，花黄色。叶可作青色染料或制栲胶。花供药用或制黄色染料。种子可榨油、做润滑油和肥皂。木材可制家具。
4613,亳,表3丙表1000字,10画,bó,丶 一 丨 𠃍 一 ㇀ 乛 丿 一 乚,true(a10~e10),亳 古都邑名 谷熟为南亳，汤都，在今河南商丘县东南蒙为北亳，汤受命为盟主之处，在今河南偃师县西偃师为西亳，传说汤攻夏时所居县名(亳县，在安徽)亳bó①古都邑名。商汤的都城。相传有三处。(1)在今河南商丘县东南，传说汤曾居于此，又名南亳。《史记．殷本纪》'湯始居亳。'张守节正义引《括地志》云'宋州穣熟縣西南三十五里南亳故城，即南亳，湯都也。'(2)在今河南商丘县北，传说诸侯拥戴汤为盟主于此，又名北亳。郭沫若《中国史稿》第二编第二章第一节'汤都于亳(今河南商丘北)。'(3)在今河南偃师县西，传说汤攻克夏时所居，又名西亳。《汉书．樊哙传》'從攻秦軍，出亳南。'颜师古注引郑玄曰'亳，成湯封邑，今河南偃師湯亭是。'参见'三亳'。②汉亭名。在今陕西省西安市东南。③古国名。故址在今安徽省亳县。
4614,疳,表3丙表1000字,10画,gān,丶 一 丿 丶 ㇀ 一 丨 丨 一 一,true(a10~e10),疳〈名〉俗称疳积 疳皆脾胃病，亡津液之所作也。--宋·钱乙《小儿药证直诀》疳gān见于病名。①②③
4615,疴,表3丙表1000字,10画,kē,丶 一 丿 丶 ㇀ 一 丨 𠃍 一 亅,true(a10~e10),疴〈名〉(形声。从疒，表示与疾病有关，可声。本义疾病) 同本义 疴，病也。--《说文》时即有口疴。--《洪范·五行传》又如疴疾(又叫疴恙。疾病);疴痒(疾病痛痒);沉疴(重病)疴kē疾病～缠其身。沉～（重病）。
4617,疽,表3丙表1000字,10画,jū,丶 一 丿 丶 ㇀ 丨 𠃍 一 一 一,true(a10~e10),疽 (形声。从疒，表示与疾病有关，且声。本义毒疮) 同本义。在皮肉深处的叫疽 喻祸患蔓延);疽肠(犹言狠毒的心肠);疽肿(局部皮肤肿胀坚硬的毒疮)疽jū⒈中医指的一种毒疮痈～。⒉
4618,痈,表3丙表1000字,10画,yōng,丶 一 丿 丶 ㇀ 丿 𠃌 一 一 丨,true(a10~e10),痈 (形声。从疒，雍声。本义中医指恶性脓疮)同本义 佗以为肠痈。--《后汉书·华佗传》又如痈肿(痈疽);痈疮(很大的毒疮);痈囊(痈肿)鼻疾，不知香臭 鼻不知香臭曰痈。--汉·王充《论衡·别通》喻祸患 痈（癰）yōng多个相邻的毛囊及所属的皮脂腺或汗腺之急性化脓性炎，也可由多个疖融合而成。致病菌为金色葡萄球菌。中医又称为'疽'。常发生在颈部或背部，颈痈俗称'对口疮'。背痈俗称'搭背'。
4622,衮,表3丙表1000字,10画,gǔn,丶 一 丿 丶 𠃋 丶 丿 𠄌 丿 ㇏,true(a10~e10),衮 (衮为衮的俗字。形声。从衣，公声。本义画龙于衣。也指古代帝王或三公(古代最高的官)穿的礼服)同本义 中国古代天子祭祀时所穿的绣有龙的礼服衮，天子享先王。卷龙绣于下常。幅一龙，蟠阿上乡(向)。--《说文》王之吉服，享先王则衮冕。--《周礼·司服》。司农注衮衣，卷龙衣也。我觏之子，衮衣绣裳。--《诗·豳风·九羘》(羘(鑹??)九羘捕捉小鱼的细网)吾有布衣之心，子有衮冕之志，各从所好，不亦善乎?--《后汉书·孔僖传》(此处引申为登朝入仕)。又如衮袍(天子的礼服);衮龙裘(绣有飞龙图案的裘皮衮（袞）gǔn⒈〈古〉帝王或三公（高官）穿的礼服～袍。～服。⒉
4630,阄,表3丙表1000字,10画,jiū,丶 丨 𠃌 丿 ㇇ 丨 𠃍 一 一 乚,true(a10~e10),阄 写上字或画上记号的小纸团，供赌胜负或决定事情时抓取 阄 拈阄，抓阄 阄（鬮）jiū
4632,阆,表3丙表1000字,10画,làng,丶 丨 𠃌 丶 𠃍 一 一 𠄌 丿 丶,true(a10~e10),阆 门高大 閬，门高也。从门，良声。--《说文》闶阆其寥廓兮。--《汉书·扬雄传》。注闶阆，空虚也。又如阆阙(高大的门阙);阆阆(高大的样子)空旷 郭外为之土阆。--《管子·度地》。注空旷也。又如闶阆(建筑物中空阔的部分)阆 隍，无水的城壕 城外为之郭，郭外为之土阆。--《管子》胞有重阆。--《庄子·外物》。注阆谓隍，又为朗。阆风巅的省称 阆làng阆中县，在四川省。阆lǎng 1.宽大明亮。
4634,粑,表3丙表1000字,10画,bā,丶 丿 一 丨 丿 丶 𠃍 丨 一 乚,true(a10~e10),粑 粑 依恋 平素间多粑我的，今天一会儿就要走，莫非姨妈在哪里得罪了你吗?--《香罗帕》粑粑头
4638,烨,表3丙表1000字,10画,yè,㇀ 丿 丿 丶 丿 丨 丿 乚 一 丨,true(a10~e10),烨 火盛，明亮，引伸为光辉灿烂 烨烨震电。--《诗·小雅·十日之交》又如烨然(光彩鲜明的样子);烨烨(明亮;灿烂;鲜明);烨烁(光耀);烨煜(光华闪烁的;乐音繁盛);烨赫(辉煌显赫);烨熠(光耀)烨（燁、爗）yè光亮，光辉灿烂～光。～ ～震电。
4642,郯,表3丙表1000字,10画,tán,㇀ 丿 丿 丶 ㇀ 丿 丿 丶 ㇌ 丨,true(a10~e10),郯〈名〉古国名 郯tán
4646,涞,表3丙表1000字,10画,lái,丶 丶 ㇀ 一 丶 丿 一 丨 丿 ㇏,true(a10~e10),涞 指涞水，又名拒马河，发源于河北省涞源县 涞，水。起北地广昌，东入河。--《说文》流动性的厘米·克·秒制单位;泊(粘滞性单位)的倒数 涞（渮）lái
4649,涅,表3丙表1000字,10画,niè,丶 丶 ㇀ 丨 𠃍 一 一 一 丨 一,true(a10~e10),涅 (形声。从水，从土，曰声。本义可做黑色染料的矾石)同本义 涅，黑土在水中者也。--《说文》女床之山，其阴多石涅。--《西山经》今以涅染缁，则黑于涅。--《淮南子·俶真》又如涅石(黑矾石，可为染料)黑泥 蓬生麻中，不扶而直，白沙在涅，与之俱黑。--《荀子》古代河流名 涅 〈动〉染黑 涅而不缁。--《论语·阳货》又如涅齿(染黑牙齿);涅污(染污)纹身 是主家私自黥涅。--范成大《清远店诗·序》又如涅墨(在人身涅niè⒈一种矿物，〈古〉用作黑色染料～石。⒉用黑色染，染黑～其面。⒊
4654,涔,表3丙表1000字,10画,cén,丶 丶 ㇀ 丨 ㇄ 丨 丿 ㇏ 丶 ㇇,true(a10~e10),涔 (形声。从水，岑)声。本义连续下雨，积水成涝)同本义 涔，渍也。--《说文》夫牛蹄之涔，不能生鳝鲔。--《淮南子·泛论》又如涔旱(涝灾与旱灾)路上的积水 牛蹄之涔，无尺之鲤。--《淮南子·俶真》又如涔蹄(积水的蹄迹);涔水(雨后积水)涔 雨多，涝渍 宫池涔则溢。--《淮南子·说林》又如涔云(含雨的浓云);涔滴(一点点地流淌)泪落不止的样子 涔泪犹在袂。--江淹《赠别》又如涔泪(流下的眼泪)涔涔涔 cén【涔涔】①形容汗、雨等不断地流下。②形容天色阴暗。③形容病重或烦闷。涔qián 1.积柴木于水中以捕鱼。
4655,浜,表3丙表1000字,10画,bāng,丶 丶 ㇀ 丿 丨 一 丨 一 丿 丶,true(a10~e10),浜 妓女的别称 官妓既革，土娼潜出，如私窠子半开门之属。…遂相沿苏妓为苏浜，土娼为扬浜。--清·李斗《扬州画舫录》浜bǎng〈名〉小河＞河～。浜bāng 1.小河沟。 2.用于地名。 3.妓女的别称。
4656,浠,表3丙表1000字,10画,xī,丶 丶 ㇀ 丿 丶 一 丿 丨 𠃌 丨,true(a10~e10),浠 水名 浠，水名。--《集韵》浠xī浠水，在湖北省。
4657,浣,表3丙表1000字,10画,huàn,丶 丶 ㇀ 丶 ㇀ 乛 一 一 丿 乚,true(a10~e10),浣 (形声。从水，完声。本义洗衣服)同本义 浣，濯衣垢也。--《说文》竹喧归浣女，莲动下渔舟。--王维《山居秋暝》又如浣衣(洗衣);浣拭(洗涤擦拭);浣染(洗染)洗涤，涤除 湔浣肠胃。--《史记·扁鹊仓公列传》又如浣雪(洗刷罪名)浣 唐代定制，官吏十天一次休息、沐浴，每月分为上浣、中浣、下浣，后来借做上旬、中旬、下旬的别称 浣熊一种夜行性食肉类动物(procyon lotor)，与熊有亲缘关系，但体型小得多，产于北美的大部分地区，大浣（澣）huàn⒈洗涤～衣。～纱。～肠。⒉唐代规定官吏每十天休息沐浴一次叫'浣'。〈引〉每月上旬、中旬、下旬为上～、中～、下～。
4658,浚,表3丙表1000字,10画,jùn、xùn,丶 丶 ㇀ 𠃋 丶 丿 丶 丿 ㇇ ㇏,true(a10~e10),浚 (形声。从水，雋声。本义从水中挹取)同本义 浚，抒也。--《说文》。段玉裁注抒者，挹也，取诸水中也。疏浚;深挖 封十有二山，浚川。--《书·舜典》冬，浚洙。--《春秋·庄公九年》浚之者何?深也。--《公羊传·庄公九年》浚沟渠。--《汉书·赵充国传》浚其源泉。--唐·魏征《谏太宗十思疏》浚吴淞白茆。--清·张廷玉《明史》又如浚池(挖掘或疏通护城河);浚治(疏浚);浚流(疏坑流);浚泻(疏浚使排泄)压榨，取出汁水或内含物 浚民之膏济以实之。--《国语·晋语》又如浚浚（瀎）jùn⒈疏通～沟渠。⒉深临～谷。⒊取，榨取。⒋见xùn。浚（瀎）xùn⒈浚县，在河南省。浚cún 1.伏。参见'浚浚'。
4660,悭,表3丙表1000字,10画,qiān,㇀ 丶 丨 丨 丨 ㇇ ㇏ 一 丨 一,true(a10~e10),悭 (形声。从心，坚声。从心，与性情有关。本义吝啬)同本义 粗劣 穷困 这是先生命悭，须不是红娘违慢。--王实甫《西厢记》悭 阻滞 这恩爱前悭后悭，这姻缘左难右难。--汤显祖《紫钗记》减省，少 悭吝这两个人好生悭吝，见放着许多金银，却不送与俺。--《水浒传》悭（慳）qiān⒈欠缺。⒉吝啬～吝。
4662,悒,表3丙表1000字,10画,yì,㇀ 丶 丨 丨 𠃍 一 𠃍 丨 一 乚,true(a10~e10),悒 (形声。从心，邑声。本义愁闲不安) 同本义 悒，不安也。--《说文》悒悒，不舒之貌也。--《苍颉篇》君子终身守此悒悒。--《大戴礼记·曾子立事》于是楚王盖悒如也。--《韩诗外传》又如悒悒无聊(郁闷空虚);悒愤(心中有所郁结、忧愤);悒怏(忧郁不快);悒纡(郁闷);悒悒(忧郁，愁闷不乐);悒戚(忧戚);悒怅(忧郁怅惘);悒然(郁闷貌)悒郁悒郁寡欢悒闷喜讯传来，驱散了我心中的悒闷悒yì忧郁，愁闷不安～戚。～ ～于此。～ ～不悦。
4663,悌,表3丙表1000字,10画,tì,㇀ 丶 丨 丶 丿 𠃍 一 ㇉ 丨 丿,true(a10~e10),悌〈动〉(形声。从心，弟声。本义敬爱兄长) 同本义。亦泛指敬重长上 孝悌之义。--《孟子·梁惠王上》悌，善兄弟也。--《说文》弟爱兄谓之悌。--贾谊《道术》又如悌达(悌顺。敬爱和顺)悌 〈形〉和易 如恺悌(和乐平易);悌睦(和睦)用同体。亲近 如悌己人(亲信);悌友(兄弟姊妹间亲密和睦)悌tì尊敬兄长。〈古〉儒家宣扬的是无条件地顺从兄长。
4664,悛,表3丙表1000字,10画,quān,㇀ 丶 丨 𠃋 丶 丿 丶 丿 ㇇ ㇏,true(a10~e10),悛〈动〉(形声。本义停止)同本义 悛，止也。--《说文》长恶不悛。--《左传·隐公六年》康犹不悛。--《左传·成公十三年》其有悛乎?--《国语》悔改;改变 悛，更也。--《广雅·释诂三》亦无悛容。--《左传·襄公七年》为是悛而止。--《左传·昭公九年》过而不悛。--《韩非子·难四》又如怙恶不悛;悛志(悔改之意);悛改(后悔而改过);悛心(悔改之心);悛革(悔改);悛悟(悔悟);悛悔(悔改;悔悟);悛容(悔改的表情);悛移(悔改);悛惕(悔悟戒惧)悛quān改，悔改怙恶不～（一贯作恶，不肯悔改）。
4669,冢,表3丙表1000字,10画,zhǒng,㇀ 乛 一 丿 ㇁ 丿 丿 丶 丿 ㇏,true(a10~e10),冢 (形声。从宀，豕声。冖，表地覆盖。将死者覆盖于墓中，故从冖。本义高而大的坟)同本义 冢，高坟也。--《说文》掌公墓之地。--《周礼·冢人》冢，秦晋之间或谓之陇。--《方言十三》乃立冢土。--《诗·大雅·緜》。传大社也。即祭土神的高大土坛。项羽烧秦宫室，掘始皇帝冢。--《史记·高祖本纪》其下两冢。--清·袁枚《祭妹文》又如野冢(荒郊野外的乱坟);疑冢(古代富贵之家所设的假坟，为的是与真坟相混，不让后人认出真坟);冢人(古代管理墓葬的官吏);冢土(墓土;又指大社，天子祭神的地方);冢冢（塿）zhǒng高大的坟墓皇帝～。泛指坟墓荒～。
4672,袢,表3丙表1000字,10画,pàn,丶 ㇇ 丨 丿 丶 丶 丿 一 一 丨,true(a10~e10),袢〈名〉夏天穿的白色内衣 袢，无色也。从衣，半声。--《说文》。朱骏声曰袢当为里衣之称。里衣素无色，当暑用絺袢，即绉絺也。蒙彼縰絺，是绁袢也。--《诗·鄘风·君子偕老》袢〈形〉溽热 袢〈名〉袷袢 袢pàn⒈〈古〉指系衣裙的带子◇指扣住扭扣的套扣～儿。⒉形状或功用像襻的鞋～。车～。⒊系，缝，扣住～几针。～住。袢fán 1.夏天穿的白色内衣。 2.气候闷热潮湿。
4673,祯,表3丙表1000字,10画,zhēn,丶 ㇇ 丨 丶 丨 一 丨 𠃍 丿 丶,true(a10~e10),祯 (形声。从示，贞声。从示，与祯祥灾祸有关。本义吉祥) 同本义 祯，祥也。--《说文》必有祯祥。--《礼记·中庸》祯，福也。--《字林》迄用有成，维周之祯。--《诗·周颂·维清》又如祯祥(吉祥的征兆);祯泰(吉祥安定);祯符(祥瑞;吉兆);祯祺(吉祥)祯zhēn吉祥。
4674,诿,表3丙表1000字,10画,wěi,丶 ㇊ 丿 一 丨 丿 ㇏ 𡿨 丿 一,true(a10~e10),诿 (形声。从言，委声。本义累;烦劳)同本义 诿，累也。--《说文》推托;推委 委托;连累 诿者，托也。--《汉书·贾谊传》注又如诿托(委托;付托);诿属(委托嘱咐)诿过出了问题不诿过诿过于人诿卸诿wěi通'委'。推卸不要推～。
4679,屐,表3丙表1000字,10画,jī,𠃍 一 丿 丿 丿 丨 一 丨 ㇇ ㇏,true(a10~e10),屐 (形声。从履(鞋子)省，支声。本义木屐，一种笨重的木底鞋)同本义 木屐也。--《三苍》以屐，为服。--《庄子·天下》。李注木曰屐者。按，雨行所以践泥。介子推抱树烧死，晋文公伐以制屐也。--《庄子·异苑》脚着谢公屐，身登青云梯。--李白《梦游天姥吟留别》蹑屐登崖。--明·刘基《诚意伯刘文成公文集》又如屐子(木鞋);屐齿(屐底的齿);屐声(脚步声);屐履间(履屐间);屐响(木屐的响声)泛指鞋 佳处径须携杖去，能消几平生屐?--辛弃疾《满江红》又如草屐;屐履;锦屐屐jī木头鞋平底木～。泛指鞋草～。拖～。
4682,勐,表3丙表1000字,10画,měng,㇇ 亅 一 丨 𠃍 丨 丨 ㇀ 𠃌 丿,true(a10~e10),勐 勇猛 勐，勇猛也。又严也;亦害也，恶也。与猛义同。--《五音类聚》勐 傣语音译，意为地方 勐měng⒈勇猛。⒉傣语音译，意为'地方'。指山区中的小块平地。常用做地名～海县，在云南省。
4683,奘,表3丙表1000字,10画,zàng、zhuǎng,㇄ 丨 一 丿 一 丨 一 一 丿 ㇏,true(a10~e10),奘zang健壮 秦晋之间，凡人之大谓之奘，或谓之壮。--《方言》奘zhjuang粗而大 奘，驵大也。从大，从壯。会意。壯亦声。--《说文》奘，驵也。--《尔雅》。注犹粗也。手足比毛更奘，星星眼窟明明。--《西游记》又如那根棍子一头奘一头细奘zàng⒈壮大。奘zhuǎng⒈粗大体胖腰～。
4685,蚩,表3丙表1000字,10画,chī,㇄ 丨 丨 一 丨 𠃍 一 丨 一 丶,true(a10~e10),蚩 (形声。从虫，之声。本义蚩虫)同本义 蚩，蚩虫也。--《说文》传说中的一种海兽 姓。如蚩尤蚩尤惟始作乱。--《书·吕刑》。马注少昊之末九黎君名。按，郑注蚩尤霸天下，黄帝所伐者，学蚩尤为此者，九黎之君在少昊之代也，是黄帝擒于涿鹿者。蚩 痴呆，愚蠢 蚩，痴也。--《释名》儿大黠宗室无蚩者。--《后汉书·刘盆子传》又如蚩骏(痴呆笨拙);蚩伫(鲁钝庸劣);蚩人(愚人);蚩蚩蠢蠢(愚蚩 chī无知；傻。【蚩尤】传说为东方九黎族首领。有兄弟81人。个个铜头铁额。以金吃蚩作兵器，能呼云唤雨◇与黄帝战于涿鹿（在今河北涿鹿东南）之野，失败被杀。蚩chī痴呆，无知。
4690,娉,表3丙表1000字,10画,pīng,𡿨 丿 一 丨 𠃍 一 丨 一 一 ㇉,true(a10~e10),娉〈动〉pin(形声。从女，甹声。本义问名。古代婚礼六礼之一。即男方请媒人问女方名字和出生年月日)同本义 娉，问也。--《说文》婚姻娉内送逆无礼。--《荀子·富国》。注问名也。又如娉命(婚约。即订婚);娉财(行聘礼时所赠财物);娉币(行聘礼时所致币帛财物);娉内(娉纳。古代婚礼中的问名、纳币)娶 婚姻娉内。--《荀子·富国》再奉朝娉。--《樊敏碑》又如娉会(聘妻)娉〈形〉ping美 娉pīng娉pìn 1.古代婚礼，男方遣媒向女方问名求婚谓之娉。今通作'聘'。 2.引申为嫁娶，婚配。 3.通'聘'。古代国与国间遣使访问。
4691,娲,表3丙表1000字,10画,wā,𡿨 丿 一 丨 𠃍 一 丨 𠃌 丿 丶,true(a10~e10),娲 古神女名 娲，古之神圣女化万物者也。从女，唈声。--《说文》。按，女娲在大庭柏皇前，亦古皇之号，非必妇人也。女娲氏练五色石以补天阙。--《列子·汤问》如娲皇(女娲氏。古女帝王)姓娲（媧）wā娲guā 1.庖娲，古代神话传说中女娲氏的别称。
4694,娣,表3丙表1000字,10画,dì,𡿨 丿 一 丶 丿 𠃍 一 ㇉ 丨 丿,true(a10~e10),娣 (会意。从女，弟声。古代剥削阶级的妇女出嫁时随嫁的女子)古代姐妹共嫁一夫，幼为娣，长为姒 娣姒妇者，弟长也。--《仪礼·丧服子夏传》又如娣姒(妯娌);娣侄(古代诸侯的女儿出嫁，从嫁共事一夫的妹妹和侄女)古代诸妾中的年幼者 娣，女弟也。--《说文》女子同出谓后生内娣。--《尔雅·释亲》诸娣从之。--《诗·大雅·韩奕》。释文妻之女弟为娣。众媵姪娣之多。--《诗·召南·鹊巢传》又如娣姒(古女同夫诸妾互称，年长的为姒，年幼的为娣)姐姐对妹妹娣dì〈名〉古时姐姐称妹妹为娣。
4698,逡,表3丙表1000字,10画,qūn,𠃋 丶 丿 丶 丿 ㇇ 丶 丶 ㇋ ㇏,true(a10~e10),逡 (形声。从辵 。本义徘徊的样子)复，往来 逡，复也。--《说文》。徐灏注笺复训往来。往来即逡巡意。退让有功者上，无功者下，则群臣逡。--《汉书·公孙宏传》退却，打仗时军队向后撤 逡巢逗穴，命淮、汝戈船，遏其还径。--《宋书》逡巡逡巡而不敢进。--汉·贾谊《新书·过秦论上》大阉亦逡巡畏义。--明·张溥《五人墓碑记》逡巡不前。舅犯谢罪，逡巡河上。--《三国演义》逡qūn⒈退群臣～。⒉①有顾虑而徘徊或退却～巡而有愧色。②迅速，很快笑语～巡即隔年。逡xùn 1.逡遒。古县名『置。属九江郡。故址在今安徽省宣州市境内。
4700,骊,表3丙表1000字,10画,lí,𠃍 ㇉ ㇀ 一 丨 𠃌 丶 丨 𠃌 丶,true(a10~e10),骊 深黑色的马 骊，马深黑色。从马，丽声。--《说文》有骊有黄。--《诗·鲁颂·駉》戎事乘骊。--《礼记·檀弓》盗骊。--《穆天子传》四骊济济，垂辔沵沵。--《诗·齐风·载驱》又如骊歌(告别的歌。骊驹之歌的简称);骊驹(纯黑色的马;逸诗篇名);骊黄(黑马和黄马)山名。骊山 mountain]。又名蓝田山。在今陕西省临潼县东南。古代骊戎居此，故名骊山。如骊山会(西周幽王为博褒姒一笑，于骊山举烽火戏诸侯，失信天下而导致大乱);骊山老母(骊山之姥。神话中的女仙)古邑名 骊（髉）lí⒈纯黑色的马。⒉两马 并驾。骊chí 1.见'骊靬'。
4704,绦,表3丙表1000字,10画,tāo,𠃋 𠃋 ㇀ 丿 ㇇ ㇏ 一 亅 丿 丶,true(a10~e10),绦〈名〉(形声。从糸，条声。或从糸，攸声。本义用丝编织的带子或绳子) 同本义 绦旋光堪摘，轩楹势可呼。--杜甫《画鹰》又如玉绦环;彩绦绦（縧、絛、縚）tāo⒈用丝线编织成的带子或绳子，用以装饰衣物～子。～带。⒉
4705,绨,表3丙表1000字,10画,tí、tì,𠃋 𠃋 ㇀ 丶 丿 𠃍 一 ㇉ 丨 丿,true(a10~e10),绨〈名〉(形声。从糸，弟声。本义古代一种粗厚光滑的丝织品) 同本义 绨，厚缯也。--《说文》鲁梁之民俗为绨。--《管子·轻重丁》取绨袍赐之。--《史记·范雎蔡泽传》赤绨绿缯。--《汉书·匈奴传》衣绨履革。--《汉书·贡禹传》身衣弋绨、绨锦。--《汉书·文帝纪赞》又如绨几(铺上绨锦的几案);绨衣(粗厚的绘衣);绨阜(黑色粗厚的绘衣);绨纨(厚薄丝织物的统称);绨袠(亦作绨帙。缯制的书卷封套。因亦作书卷的代称);绨缯(粗厚的丝织品)绨〈名〉丝织物类名 绨tí〈古〉一种厚实而光滑的丝织品～袍。绨(ti)tì丝线做'经'，棉线做'纬'织成的纺织品，比绸子粗糙厚实。
4708,鸶,表3丙表1000字,10画,sī,𠃋 𠃋 𠃋 𠃋 一 丿 𠃌 丶 ㇉ 一,true(a10~e10),鹭鸶即白鹭鸶（鷥）sī
4711,焘,表3丙表1000字,11画,tāo,一 一 一 丿 一 亅 丶 ㇀ 丶 丶 丶,true(a11~e11),焘dao覆盖。通帱 迈仁树德，覆焘无疆。--诸葛亮《请宣大行皇帝遗诏表》又如覆焘(覆盖)引申为庇荫 载，承受 焘（燾）tāo⒈多见于人名。焘dào 1.覆盖。 2.荫庇。 3.犹载，承受。 4.见'焘妔'。
4712,舂,表3丙表1000字,11画,chōng,一 一 一 丿 ㇏ 丿 丨 一 𠃍 一 一,true(a11~e11),舂 把东西放在石臼或钵里捣去皮壳或捣碎 舂，捣粟也。--《说文》城曰舂。--《后汉书·明帝纪》水舂河漕。--《后汉书·西羌传》。注即水碓也。又如舂堂(又叫舂塘。舂谷的木槽);舂谷(舂捣谷物);舂揄(指舂米。捣米于臼曰舂，自臼取出曰揄)通冲。冲击 舂其喉以戈，杀之。--《史记·鲁周公世家》舂，撞也。以舂筑地为节也。--《释名》又如舂击(冲击);舂撞(冲撞;冲击)舂 臼 刚勇有力，能举石舂。--《聊斋志异》古代因犯罪或被俘等成为舂膳的奴隶 舂 chōng把东西放在石臼或乳钵里捣去皮壳或捣碎～米、～药。舂chōng将谷物等放入臼里，捣去皮壳或捣碎～米。～花椒。
4713,琏,表3丙表1000字,11画,liǎn,一 一 丨 ㇀ 一 𠃋 一 丨 丶 ㇋ ㇏,true(a11~e11),琏 宗庙中盛黍稷的器皿 曰何器也?曰瑚琏也。--《论语·公冶长》琏 通连。连接 又宏琏以丰敞。--何晏《景福殿赋》琏liǎn〈古〉宗庙里盛黍、稷的 器皿。琏lián 1.通'连'。连接，连属。 2.姓。明代有琏井。见明顾起元《客座赘语·僻姓》。
4721,掴,表3丙表1000字,11画,guāi,一 亅 ㇀ 丨 𠃍 一 一 丨 一 丶 一,true(a11~e11),掴 用巴掌打 掴guāi(又读guó)打耳光～了他两下。
4724,赧,表3丙表1000字,11画,nǎn,一 丨 一 丿 亅 丿 丶 𠃌 丨 ㇇ ㇏,true(a11~e11),赧〈形〉(形声。从赤，声。脸红，故从赤。本义因惭愧而脸红)同本义 大赧而归，填恨低首。--柳宗元《乞巧文》鬼即赧愧而退。--刘义庆《幽明录》自为乳儿，长者加以金银华美之服，辄羞赧弃去之。--宋·司马光《训俭示康》又如赧颜(羞惭脸红;惭愧);赧愧(羞惭)忧惧 夫子践位则退，自退则敬，否则赧。--《国语·楚语》赧红赧然观其色赧赧然。--《孟子·滕文公下》赧然一笑赧然不能启口赧nǎn因害羞或惭愧而脸红羞～。～然汗下。
4726,捭,表3丙表1000字,11画,bǎi,一 亅 ㇀ 丿 丨 𠃍 一 一 丿 一 丨,true(a11~e11),捭 (形声。从手，卑声。本义两手横击)两手横向对外旁击 捭，两手击也。--《说文》莫不衄锐挫芒，拉捭摧藏。--左思《吴都赋》通擘。掰开，分开 捭，开也。--《广雅》捭阖。捭之者。料其情也。--《鬼谷子》。注捭，拨动也。其燔黍捭豚。--《礼记·礼运》捭 bǎi 两手横击拉～摧藏。（左思《吴都赋》）②分开；掰开。【捭阖】开合。阖关闭。捭bò 1.分开;撕裂。
4732,鸷,表3丙表1000字,11画,zhì,一 亅 ㇀ 丿 ⺄ 丶 丿 𠃌 丶 ㇉ 一,true(a11~e11),鸷 (会意。从鸟，从执，执亦声。本义凶猛的鸟，如鹰、雕等) 同本义 鸷，击杀鸟也。--《说文》鸷虫攫搏不程勇者。--《礼记·儒行》。注猛鸟猛兽也。鸷鸟之不群兮。--《离骚》养鸷非玩形，所资击鲜力。--唐·刘禹锡《养鸷词》又如鸷腾(如鸷鸟飞腾);鸷鸟累百，不如一鹗(比喻百名诸侯不如天子一人);鸷视(如同鸷鸟视物，目光很锐敏)鸷 凶猛;残暴 而便捷猛鸷终弗逮。--清·徐珂《清稗类钞·战事类》又猱进鸷击。鸷兽毅虫，倨牙黔口。--《后汉书》又如鸷忍(形容凶猛残忍);鸷（鷙）zhì凶猛的鸟，如鹰、雕等。〈引〉凶猛～而无敌。鸷zhé 1.击搏。
4738,捩,表3丙表1000字,11画,liè,一 亅 ㇀ 丶 𠃍 一 丿 一 丿 ㇏ 丶,true(a11~e11),捩〈动〉拗折，折断 从旁穴中取一人，捩其颈，饮其血而抛其尸。--清·东轩主人《述异记》扭转 违逆;不顺 捩转捩转车身捩liè扭转转～点（转折点）。捩lì 1.琵琶的拨子。 2.指拨动琵琶。 3.拴;关键。
4745,聃,表3丙表1000字,11画,dān,一 丨 丨 一 一 ㇀ 丨 𠃌 丨 一 一,true(a11~e11),聃 耳长大 聃耳属肩，绮眉覆颧。--宋·苏轼《补禅月罗汉赞》吐舌的，伸出舌头状 老子惊怪，故吐舌聃然，遂有老聃之号。--《太平广记》引葛洪《神仙传》聃 古国名 故封建亲戚以蕃屏周。管、蔡…聃…文之昭也。--《左传》人名用字。老聃，即老子，姓李名耳，春秋末年思想家，道家创始人聃dān 1.耳长而大。旧以为寿征。《说文．耳部》'耼，耳曼也。'段玉裁注'曼者，引也。耳曼者，耳如引之而大也。'张舜徽约注'曼有长义。耼训耳曼，谓耳长也，亦即下垂之意。旧说，耳垂长者寿高。《礼记．曾子问》'吾闻诸老耼。'郑注云'老耼，古寿考者之号也。'是其义已。'宋苏轼《补禅月罗汉赞》之二'聃耳属肩，绮眉覆颧。'后引申为老貌。《隶释．老子铭》'聃然，老旄之貌也。' 2.通'耽'。迷恋。 3.古国名。 4.相传为老子的字。见《史记．老子韩非列传》。
4746,菁,表3丙表1000字,11画,jīng,一 丨 丨 一 一 丨 一 丨 𠃌 一 一,true(a11~e11),菁 (形声。从苃，青声。本义韭菜花)同本义 菁，韭华(花)也。--《说文》其实菁菹。--《周礼·醢人》。司农曰非菹也。以西菁菹。--《仪礼·公食礼》。注萱菁也。泛指盛开的花 秋兰茝蕙，江离载菁。--《文选·宋玉·高唐赋》又如菁菁者莪(原是《诗经·小雅》的篇名，此诗赞美培育人材，后世遂用来比喻乐育英才)水草 华采 菁jīng⒈韭菜的花。⒉⒊⒋
4749,堇,表3丙表1000字,11画,jǐn,一 丨 丨 一 丨 𠃍 一 一 一 丨 一,true(a11~e11),堇〈形〉假借为仅。少的 堇堇物之所有。--《史记·货殖列传》豫章出黄金，然堇堇。--《汉书·地理志下》堇〈名〉菜名。堇菜属植物泛称的略称 堇，堇草也。根如荠，叶如细柳，蒸食之甘。--《说文》堇莃枌榆。--《礼记·内则》又如三色堇中药乌头，有毒 堇jǐn⒈堇菜，现多指紫花地丁，犁头草。多年生草本，春夏开紫色的花。果实椭圆形，成熟时裂为三瓣。全草可供药用。⒉堇qín 1.粘土。 2.犹时。《管子．五行》'修?水土，以待乎天堇。'郭沫若等集校引劐章炳麟云''天堇'即'天几'，义谓'天期'。犹云天时。言修平水劐土，以待天时。天时者，旱潦之时也。'一说，诚。尹知章注'堇，劐诚也。言天子能以中正自修以?自平，上待天诚也。'堇jìn 1.药名，即乌头，有毒。
4750,萘,表3丙表1000字,11画,nài,一 丨 丨 一 丿 ㇏ 一 一 亅 丿 丶,true(a11~e11),萘〈名〉一种结晶状芳香烃 机合成的原料及用作熏蒸剂(如卫生球中)萘nài有机化合物。从煤焦油中提得的稠环芳香烃。白色晶体，有特殊气味。它是制备染料、树脂、溶剂等的原料。
4752,菽,表3丙表1000字,11画,shū,一 丨 丨 丨 一 一 亅 丿 丶 ㇇ ㇏,true(a11~e11),菽 豆类的总称 尗，豆也。象菽豆生之形也。--《说文》。按，象戴种而出之形，下其根也。一，地也。指事。菽草之难杀者也。--《汉书·五行志》菽者稼最强。古谓之尗，汉谓之豆，今字作菽。菽者，众豆之总名。然大豆曰菽，豆苗曰霍，小豆则曰莈。--《春秋·考异郵》中原有菽，小民采之。--《诗·小雅·小宛》俗孝家家供菽水。--陆游《湖堤暮归》又如菽水(指豆和水，指菲薄的饮食，形容生活的清苦;指晚辈对长辈的奉养);菽水藜藿(粗茶淡饭。藜藿野菜;豆叶);菽乳(即豆腐);菽麦(大豆和麦);菽麦不分(豆、麦不分。亦指是非菽（尗）shū豆类的总称食～与鸡。菽jiāo 1.人名。也写作'萩'。
4753,菖,表3丙表1000字,11画,chāng,一 丨 丨 丨 𠃍 一 一 丨 𠃍 一 一,true(a11~e11),菖 草名。菖蒲的简称 菖蒲菖chāng
4755,萸,表3丙表1000字,11画,yú,一 丨 丨 丿 丨 一 𠃍 一 一 丿 ㇏,true(a11~e11),茱萸。如萸房(茱萸花的子房);萸尊(借指茱萸酒。尊，盛酒器);萸囊(盛茱萸的袋子。旧俗重九登高饮酒，人多佩带萸囊)萸yú
4759,菟,表3丙表1000字,11画,tù、tú,一 丨 丨 丿 ㇇ 丨 𠃍 一 丿 乚 丶,true(a11~e11),於菟∶古代楚人称虎为於菟。菟裘(地名。在今山东省泗水县)菟〈名〉菟丝。植物名。药草称菟丝子。蔓生，茎细长，缠络于其他植物上。花淡红色。子可入药 通兔 见菟而顾犬，未为晚也。--《战国策·楚策》厥利维何，而顾菟在腹?--《楚辞·屈原·天问》楚王佩玦而逐菟。--《淮南子·汜论》又如菟苑(即兔园『文帝儿子刘武(梁孝王)的园囿)菟tù⒈⒉菟tú
4760,萏,表3丙表1000字,11画,dàn,一 丨 丨 丿 ㇇ 丿 丨 一 𠃍 一 一,true(a11~e11),菡萏(形声。从苃，函声。菡萏。本义荷花) 同本义 迨至菡萏成花。--明·李渔《闲情偶寄·种植部》菡萏萏dàn ［菡萏］荷花的别称。
4769,菡,表3丙表1000字,11画,hàn,一 丨 丨 ㇇ 亅 丶 ㇀ 丿 丶 ㇄ 丨,true(a11~e11),菡(形声。从苃，函声。菡萏。本义荷花) 同本义 迨至菡萏成花。--明·李渔《闲情偶寄·种植部》菡萏菡hàn
4779,棂,表3丙表1000字,11画,líng,一 丨 丿 丶 𠃍 一 一 ㇀ 丿 丿 ㇏,true(a11~e11),柃〈名〉木名。柃木 染媒剂。果为染料。木料作细木工和炭薪用材柃，柃木也。从木，令声。--《说文》果之美名，沙棠之实，槠似柃。--《吕氏春秋》栏杆的横木 棂（櫺、欞）líng阑干上或窗子上构成格子的木条或铁条窗～子。
4781,郾,表3丙表1000字,11画,yǎn,一 丨 𠃍 一 一 𡿨 丿 一 ㇄ ㇌ 丨,true(a11~e11),郾yǎn
4785,鄄,表3丙表1000字,11画,juàn,一 丨 𠃍 丨 丨 一 一 丨 ㇀ ㇌ 丨,true(a11~e11),鄄 古地名 春秋卫邑『为鄄城县。在今山东省鄄城北旧城周邑王使刘子复之，盟于鄄而入。--《左传》鄄juàn
4790,硭,表3丙表1000字,11画,máng,一 丿 丨 𠃍 一 一 丨 丨 丶 一 ㇄,true(a11~e11),硭硝硭máng
4791,硒,表3丙表1000字,11画,xī,一 丿 丨 𠃍 一 一 丨 𠃍 丿 ㇄ 一,true(a11~e11),硒 一种非金属的有毒元素，与硫、碲有关联并在化学方面与它们相似，以同素异形体存在。主要用于光电池、整流器和其他电子装置中 硒xī化学元素之一。符号se。可从电解铜的阳极泥和硫酸厂的烟道灰、酸泥等废料中回收而得。可用于制半导体晶体管、光电管、整流器等。还供玻璃等着色使用。
4798,瓠,表3丙表1000字,11画,hù,一 丿 ㇏ 一 一 ㇉ 丿 丿 𠄌 丶 ㇏,true(a11~e11),瓠〈名〉(形声。从瓜，夸声。本义瓠瓜) 同本义 瓠脯(干菜的一种。即瓠子干);瓠犀(瓠瓜的子。因排列整齐，色泽洁白，所以常用来比喻美人的牙齿。也作瓠栖)瓠瓜瓠hù瓠hú 1.即葫芦。参见'瓠芦'。 2.用短颈大腹的老熟葫芦制作的盛器。 3.通'壶'。瓠huò 1.见'瓠落'。
4802,殒,表3丙表1000字,11画,yǔn,一 丿 ㇇ 丶 丨 𠃍 一 丨 𠃍 丿 丶,true(a11~e11),殒 (形声。从歺(歹是隶楷写法)，员声。剔肉残余的骨头，常与死亡有关。本义死亡)同本义 殒，没也。--《一切经音义》引《声类》殒，字书作陨，同于敏反。--《一切经音义三》妻子颠殒。--《后汉书·隗嚣传》未尝殒于城中。--清·全祖望《梅花岭记》又如殒亡(灭亡);殒骨(亡躯);殒没(死亡);殒逝(丧亡;逝世);殒谢(谢世，死亡)通陨。坠落 列星殒坠。--《荀子·赋》殒越为期。--任昿《为齐明帝让宣城郡公第一表》禹为天子，而启为嗣，持禹之功而不殒。--殒yǔn⒈死亡～命。⒉通'陨'。落，坠落。
4803,殓,表3丙表1000字,11画,liàn,一 丿 ㇇ 丶 丿 ㇏ 一 丶 丶 丿 一,true(a11~e11),殓 (形声。字本作敛。从歹，佥声。从歹，表示与死亡有关。本义装殓。给尸体穿衣下棺) 同本义 殓，殡殓。--《广韵》殓不凭其棺，窆不临其穴。--唐·韩愈《祭十二郎文》死者厚棺殓。--清·邵长蘅《青门剩稿》今予殓汝葬汝。--清·袁枚《祭妹文》又如大殓(丧礼中入棺、钉棺盖);殡殓(入殓和出殡);成殓(入殓。把死者放进棺材)殓（殮）liàn把死人装入 棺材。
4804,殍,表3丙表1000字,11画,piǎo,一 丿 ㇇ 丶 丿 丶 丶 丿 ㇇ 亅 一,true(a11~e11),殍〈名〉(形声。从歹，孚声。列骨之残。此部之字多与死、不吉祥等义有关。本义饿死后无人收尸的人) 同本义 野有饿殍。--《盐铁论》殍〈动〉饿死 殍piǎo饿死。也指饿死的人途有饿～。
4805,赉,表3丙表1000字,11画,lài,一 丶 丿 一 丨 丿 ㇏ 丨 𠃍 丿 丶,true(a11~e11),赉 (形声。从贝，来声。本义赏赐)同本义 赉，赐也。--《说文》予其大赉汝。--《商君·汤誓》赉，大封于庙也。赉，予也。--《诗·赉序》徂赉孝孙。--《诗·小雅·楚茨》赉我思成。--《诗·商颂·烈祖》周有大赉，善人是富。--《论语》抚军亦厚赉成名。--《聊斋志异·促织》又如赉假(古代帝王下诏赐给假期);赉赏(赏赐);赉奖(奖赏，赏赐);赉赐(赏赐);赉功(赏赐有功者)赠送 赉（賚）lài赏赐～绢三千。lai癩lài⒈［癩病］即'麻风病'。　⒉生癣疥等皮肤病，以致毛发脱落～皮狗。　⒊表面凹凸不平或有斑点的～蛤蟆。～南瓜。
4807,辄,表3丙表1000字,11画,zhé,一 𠃋 丨 ㇀ 一 丨 丨 一 一 ㇀ 乚,true(a11~e11),辄 (形声。本义车箱左右板上端向外翻出的部分，亦称车耳)同本义 姓辄 专擅，独断专行，专权 辄，专辄也。--《广韵》辄，遇事既然也。皆倚恃妄作之意。--《韵会》臣辄敕主者及黄门令罢爽羲训吏兵，以就第。--《三国志》甘受专辄之罪。--《晋书·刘弘传》又如辄代(擅自替代);辄行(辄自行使);辄尔(任意);辄悔(擅自反悔;随便反悔)辄 立即;就 饮少辄醉。--宋·欧阳修辄（輙）zhé⒈就，立即，总是动～得咎。所言～听。⒉〈古〉专擅，独断专行～行征伐。
4810,眦,表3丙表1000字,11画,zì,丨 𠃍 一 一 一 丨 一 丨 ㇀ 丿 乚,true(a11~e11),眦 (形声。从目，此声。本义眼角)同本义 眥，目厓也。--《说文》拭眥扬眉而望之。--《列子·汤问》目赤痛眥疡。--《素问·气交变大论》瞋目视项王，头发上指，目眦尽裂。--《史记·项羽本纪》泛指眼睛 眼眶 中必决眦。--司马相如《子虚赋》又如眦裂(张目怒视，眼眶破裂)眦睚以眦睚杀之。--宋·王谠《唐语林·雅量》眦（眥）zì上下眼睑交结处。近鼻的叫内～。近脸侧鬓发的叫外～。
4815,眵,表3丙表1000字,11画,chī,丨 𠃍 一 一 一 丿 ㇇ 丶 丿 ㇇ 丶,true(a11~e11),眵 眼汁，俗称眼屎 两目眵昏。--韩愈文眵chī俗称'眼屎'，又叫'眵目糊'。眼睑分泌出的淡黄色粘稠物眼～。
4818,喏,表3丙表1000字,11画,nuò、rě,丨 𠃍 一 一 丨 丨 一 丿 丨 𠃍 一,true(a11~e11),喏〈叹〉喏nuò⒈答应，应允～言。⒉答应声，〈表〉同意～～连声。唯唯～～。⒊叹词，引人注意自己所指的事物～，你的书在那儿！喏rě⒈〈古〉〈表〉敬意，作揖时发出的声音唱～。
4821,勖,表3丙表1000字,11画,xù,丨 𠃍 一 一 丨 𠃍 一 一 一 𠃌 丿,true(a11~e11),勖 勉力;勉励 勖，勉也。从力，冒声。--《说文》夫子勖哉。--《书·牧誓》以勖寡人。--《诗·邶风·燕燕》。传勖，勉也。勖帅以敬先妣之嗣。--《仪礼·士昏礼》亦勖而已。--《法言·孝至》奋忠毅之操，躬史鱼之节，董臣严纲，勖臣懦弱。--《后汉书》讲制艺乡绅勖后进。--《官场现形记》以国人之读兹编者勖。--孙文《黄花冈七十二烈士事略·序》又如勖助(勖勉，帮助);勖率(勉力遵循);勖厉，勖励(勉励)勖（勗）xù勉力，勉励～勉。
4824,晗,表3丙表1000字,11画,hán,丨 𠃍 一 一 丿 ㇏ 丶 ㇇ 丨 𠃍 一,true(a11~e11),晗〈动〉天将明 晗，欲明也。--《集韵》晗hán天将亮。
4826,啭,表3丙表1000字,11画,zhuàn,丨 𠃍 一 一 𠃋 丨 ㇀ 一 一 𠃑 丶,true(a11~e11),啭 转折发声 初仅 ho╠ho 地略作尝试，试啭一二遍后始见调匀。--郭沫苦《归去来·鸡之归去来》婉转的歌声 鸟鸣 雁儿高啭，唤来彩云游天际。--郭小川《春暖花开》啭（囀）zhuàn鸟儿宛转地叫鸟～蝉鸣。
4829,啮,表3丙表1000字,11画,niè,丨 𠃍 一 丨 一 丨 一 丿 丶 ㇄ 丨,true(a11~e11),啮 (会意。从口，从齿。表示咬。本字从齿，本义用嘴咬)同本义 囓，噬也。--《说文》。字亦作啮。鸟曰啄，兽曰囓。武卧啮雪。--《汉书·李广苏建传》众蛇竞来，啮索且断。--《后汉书·费长房传》勚感涕，因啮指流血。--《新唐书·李勚传》以啮人，无御之者。--唐·柳宗元《捕蛇者说》又如啮指(咬指头。形容极为痛心);啮咬(啃咬。比喻折磨);啮啃(啃咬);啮齿(咬牙切齿);啮噬(咬嚼);啮心(比喻痛苦至极);啮雪吞毡(比喻为坚持气节而过艰苦的生活);啮臂(咬臂出血;以示诚信和坚决)侵蚀 水皆啮石出。--明·啮（齧、囓）niè⒈咬鼠～。⒉缺口剑之折，必有～。
4832,蛄,表3丙表1000字,11画,gū、gǔ,丨 𠃍 一 丨 一 丶 一 丨 丨 𠃍 一,true(a11~e11),蛄〈名〉蝼蛄 蛄，蝼蛄也。--《说文·虫部》嘹嘹湿蛄声，咽源惊溅起。--唐·李贺《昌谷诗》蛄gū⒈⒉蛄gǔ 1.见'蝲蝲蛄'﹑'蝲蛄'。
4835,蚰,表3丙表1000字,11画,yóu,丨 𠃍 一 丨 一 丶 丨 𠃍 一 丨 一,true(a11~e11),蚰蜒(迂回曲折的壕沟);蚰蜒堑(即蚰蜒壕)蚰yóu蚰zhú 1.虫名。马蚰。即马蚿。
4840,蛏,表3丙表1000字,11画,chēng,丨 𠃍 一 丨 一 丶 ㇇ ㇏ 一 丨 一,true(a11~e11),蛏 蛏子 竹蛏等种类蛏（蟶）chēng⒈蛏子，蚌类软体动物。两块长方形的贝壳，呈淡褐色。生活在浅海泥沙中。肉鲜美可口。⒉
4841,蚴,表3丙表1000字,11画,yòu,丨 𠃍 一 丨 一 丶 𠃋 𠃋 丶 𠃌 丿,true(a11~e11),蚴〈名〉某些寄生蠕虫的幼虫，如胞蚴、毛蚴 的样子。屈曲行动的样子。同蚴虬)蚴yòu丝虫、绦虫、吸虫等的幼体胞～。尾～。囊～。蚴yǒu 1.蛟龙行动貌。蚴niù 1.方言。呶动。
4842,啁,表3丙表1000字,11画,zhōu、zhāo、tiào,丨 𠃍 一 丿 𠃌 一 丨 一 丨 𠃍 一,true(a11~e11),啁哳，嘲哳 zhao鵾鸡啁哳而悲鸣。--《楚辞·九辩》也作嘲哳呕哑嘲哳难为听。--白居易《琵琶行》(并序)啁zhou形容鸟叫等各种声音 啁啾乳雀啁啾日气浓。--林逋《初夏》丝管啁啾空翠来。--唐·杜甫《渼陂行》啁zhāo啁zhōu⒈啁tiáo 1.戏谑;嘲笑。
4845,啐,表3丙表1000字,11画,cuì、qi,丨 𠃍 一 丶 一 丿 丶 丿 丶 一 丨,true(a11~e11),啐 惊愕时所发出的声音 啐，惊也。从口，卒声。--《说文》。按，惊声也又如啐啄(雏鸡欲出时以嘴吮卵壳声为啐，母鸡欲使小鸡出壳而吃壳为啄)啐 饮;尝 啐，尝也。--《广雅》席末坐，啐酒。--《仪礼·乡射礼》主人皆啐之。--《礼记·杂记》又如啐酒(啐饮。啐醴。古代酒礼。祭毕饮福酒);啐尝(品尝)吐;发出唾声。表示鄙弃或愤怒 啐 表示唾弃 、斥丽或辱骂 啐!这算得什么?李逵道啐，原来是梦，却也快当!--《水浒啐 cuì使劲从嘴里吐出来～唾沫。啐zá 1.见'嘈啐'。啐zú 1.吮声。参见'啐啄同时'。
4847,唷,表3丙表1000字,11画,yō,丨 𠃍 一 丶 一 𠃋 丶 丨 𠃌 一 一,true(a11~e11),见哼唷、喔唷唷yō⒈叹词。〈表〉惊讶或疑问～，一条大鱼！～，怎么办？⒉呼喊声哎～！唷yó 1.表示赞叹或惊讶。 2.见'哼唷'。
4848,啖,表3丙表1000字,11画,dàn,丨 𠃍 一 ㇀ 丿 丿 丶 ㇀ 丿 丿 ㇏,true(a11~e11),啖 (形声。从口，炎声。本义吃，咬着吃硬的或囫囵吞整的食物)同本义 啖，噍啖也。--《说文》啖，食也。--《广雅》啖啖常欲人之有。--《荀子·王霸》。注并吞之貌。啖函启化。--《太玄·玄莹》。注含也。樊哙覆其盾于地，加彘肩上，拔剑切而啖之。--《史记·项羽本纪》日啖荔枝三百颗，不辞长作岭南人。--宋·苏轼《食荔枝二首》茹啖其草木之荑实。--明·刘基《苦斋记》又如啖蔗(吃甘蔗，愈吃愈甜。比喻渐入佳境);啖啖(贪吃的样子);啖指咬舌(恐惧不敢多言的样子)给吃 吉妇取枣以啖吉。啖 dàn①〈古〉吃或给别人吃。②拿利益引诱人～以私利。
4851,啷,表3丙表1000字,11画,lāng,丨 𠃍 一 丶 𠃍 一 一 𠄌 丶 ㇌ 丨,true(a11~e11),啷〈形〉啷 〈象〉摇铃的声音 器物撞击的声音 啷lāng像声词当～。哐～。
4852,唳,表3丙表1000字,11画,lì,丨 𠃍 一 丶 𠃍 一 丿 一 丿 ㇏ 丶,true(a11~e11),唳〈动〉鹤高亢地鸣叫 唳lì鸟鸣风声鹤～。
4868,铙,表3丙表1000字,11画,náo,丿 一 一 一 𠄌 一 ㇂ 丿 一 丿 乚,true(a11~e11),
4870,铠,表3丙表1000字,11画,kǎi,丿 一 一 一 𠄌 丨 ㇄ 丨 𠃍 一 乚,true(a11~e11),铠 (形声。从金，豰声。本义用以护身的铠甲战衣)同本义(用金属薄片缀成) 铠，甲也。--《说文》。段注古曰甲，汉人曰铠。古用皮，谓之甲，今用金，谓之铠。--《周礼·考士记》疏禁民不得挟弩铠。--《汉书·王莽传》其铠胄精良。--《新唐书·吐蕃传》铠胄皆镔铁。--《阎典史传》又如铠马(铠甲和战马。披有铠甲的战马。也称铁马);铠骑(穿铠甲的骑兵);铠胄(铠甲和头盔);铠袄(铠甲袍袄)铠甲铠衣铠（鎧）kǎi〈古〉打仗时穿的一种护身战衣，上面缀有金属片～甲。铁～。
4872,铢,表3丙表1000字,11画,zhū,丿 一 一 一 𠄌 丿 一 一 丨 丿 ㇏,true(a11~e11),铢 (形声。从金，朱声。从金与货币有关。本义古代重量单位，二十四铢为一两)同本义 虽分国如锱铢。--《礼记·儒行》现代泰国基本货币单位铢，权十分黍之重也。--《说文》铢 钝，不锋利 其兵戈铢而无刃。--《淮南子·齐俗》细微 陛下铢分邪正，升黜分明，天下幸甚。--《辽史》铢积寸累为学须铢积寸累。--曾国藩《克勤小物》铢两悉称铢zhū〈古〉我国重量单位。约三十八～等于一市两。〈喻〉极少～两。～积寸累（一～一寸地积累。形容得来不易）。
4875,铧,表3丙表1000字,11画,huá,丿 一 一 一 𠄌 丿 丨 丿 乚 一 丨,true(a11~e11),铧 锹，人力翻土农具的一种 安装在犁上用来破土的铁片 铧（鏵）huá装在犁上用来破土耕地的农具犁～。
4876,铨,表3丙表1000字,11画,quán,丿 一 一 一 𠄌 丿 ㇏ 一 一 丨 一,true(a11~e11),铨 (形声。从金，全声。本义称重量的器具，即秤)同本义 铨，衡也。--《说文》称谓之铨。--《广雅·释器》夫挈轻重不失铢两，圣人弗用，而县之乎铨衡。--《淮南子·齐俗训》又如铨衡指古代史书中解说、评议一类的文字 后之史家，或谓之论，或谓之序，或谓之铨，或谓之评。--宋·郑樵《通志》姓铨 称量;衡量;鉴别 无铨度天下之众寡。--《国语·吴语》。注称也。考量以铨。--《汉书·王莽传》又如铨次(衡量而排定次序。也作诠次);铨序(评论文章的品第序次);铨判铨quán⒈秤，衡量轻重用～。～度。⒉旧时称盐官吏～选。～授。⒊
4877,铩,表3丙表1000字,11画,shā,丿 一 一 一 𠄌 丿 丶 一 亅 丿 丶,true(a11~e11),铩 长刃矛，古代的一种兵器 不敌于鉤戟长铩也。--《汉书·陈胜项藉传》。注铍也。鉯耰棘矜，非铦于钩戟长铩也。--汉·贾谊《过秦论》铍有镡 铩，铍有镡也。--五代·徐锴《说文系传》铩 摧残;伤害铩羽暴鳞，复见翻跃。--鲍照《拜侍郎上疏》又如铩羽(毛羽伤残，不能高飞。比喻人受摧残而失志);铩翼(羽毛摧败，不能高飞);铩翅(折翅);铩翮(即铩羽);铩羽暴鳞(铩羽涸鳞。毛羽伤残，鱼池水干。比喻不得志，处境极为困难)铩，《字林》张翼也铩（鎩）shā⒈〈古〉一种长刃矛。⒉摧残，伤残。⒊
4883,铰,表3丙表1000字,11画,jiǎo,丿 一 一 一 𠄌 丶 一 丿 丶 丿 ㇏,true(a11~e11),铰〈名〉剪刀，亦称铰刀 欲将鬃鬣重剪裁，乞借新成利铰刀。--曹唐《病马》铰，即今妇功缝人所用者，俗呼剪手。--《正字通》钉铰，即补钉。又为铜匠之称 铰，今凡刀柄、鞍首皆有钉铰。--《正字通》金属装饰宝铰星缠，镂章霞布。--《文选·颜延之·赭白马赋》机械工业中的一种用铰刀切削修光孔的加工方法 铰链 铰 〈动〉用剪刀剪东西 用铰刀扩大或修整 铰刀铰jiǎo⒈用钳或剪刀剪把电线～断。⒉机械工业上的一种切削方法～孔。
4884,铱,表3丙表1000字,11画,yī,丿 一 一 一 𠄌 丶 一 丿 𠄌 丿 ㇏,true(a11~e11),铱 银白色硬脆很重的铂族金属元素， 主要价态是三价和四价， 通常以与铂或锇的天然合金存在于铱锇矿中， 在常温下耐多种化学侵蚀， 专用于硬化铂合金， 适用于外科仪器， 电气和其他科学仪器， 宝石和金笔尖 铱yī金属化学元素。符号ir。银白色，质硬而脆，熔点高∠金可制做坩埚、钢笔（自来水笔）尖等。
4888,氪,表3丙表1000字,11画,kè,丿 一 一 ⺄ 一 丨 丨 𠃍 一 丿 乚,true(a11~e11),氪〈名〉一种无色惰性气体元素，它存在于空气中，以体积计，在空气中占百万分之一 氪灯氪kè化学元素。符号kr。通常为无色气体，无味，无臭。化学性质极不活泼，难于跟其它元素化合。能吸收x射线，可用作遮挡x射线的材料。
4889,牾,表3丙表1000字,11画,wǔ,丿 一 丨 ㇀ 一 丨 𠃍 一 丨 𠃍 一,true(a11~e11),牾 相逢 重华不可牾兮，孰知余之从容。--《史记·屈原贾生列传》背逆 牾，逆也。--《说文》自郡吏以下皆畏避之，莫敢与牾。--《汉书·严延年传》又如抵牾(矛盾。也作牴牾);牾逆(违逆，触犯)牾wǔ逆，抵触，冲突抵～。
4895,笸,表3丙表1000字,11画,pǒ,丿 一 丶 丿 一 丶 一 丨 𠃍 一 ㇄,true(a11~e11),笸(形声。从竹，叵声。笸箩)笸篮笸箩笸pǒ
4901,笳,表3丙表1000字,11画,jiā,丿 一 丶 丿 一 丶 𠃌 丿 丨 𠃍 一,true(a11~e11),笳 (形声。从竹，加声。本义胡笳)中国古代北方民族的一种吹奏乐器，似笛。通常称胡笳 刁斗笳吹。--清·邵长蘅《青门剩稿》又如笳角(胡笳与号角。系北方少数民族的军中乐器);笳鼓(胡笳与胡鼓);笳吟(胡笳吹奏;笳声萦回)古代妇女使用的发簪 笳 jiā
4907,偈,表3丙表1000字,11画,jì、jié,丿 丨 丨 𠃍 一 一 丿 𠃌 丿 丶 ㇄,true(a11~e11),偈 佛经中的唱词 偈 勇武 其人晖且偈。--汉·扬雄《太玄·阙》行动急促 偈jié⒈勇武。〈引〉快速有力的样子～兮若驾驷马。⒉见jiy。偈jì⒈佛教僧人的唱词。⒉见jié。偈qì 1.休息。
4909,偬,表3丙表1000字,11画,zǒng,丿 丨 丿 𠃌 丿 丿 丶 ㇀ ㇃ 丶 丶,true(a11~e11),见倥偬偬（傯）zǒng偬cōng 1.急遽。见'偬偬'﹑'偬遽'。
4915,舸,表3丙表1000字,11画,gě,丿 丿 𠃌 丶 一 丶 一 丨 𠃍 一 亅,true(a11~e11),舸 (形声。从舟，可声。本义大船)同本义 看万山红遍，层林尽染;漫江碧透，百舸争流。--毛泽东《沁园春·长沙》又如舸舰(大船，巨舰);小船，也泛指船 又豫备走舸，各系大船后。--《三国志》舸gě大船百～争流。
4925,猗,表3丙表1000字,11画,yī、yǐ,丿 ㇁ 丿 一 丿 丶 一 丨 𠃍 一 亅,true(a11~e11),猗 (形声。从犬，奇声。本义阉割过的狗) 同本义 猗，犬也。--《说文》猗 长大 节彼南山，有实其猗。--《诗·小雅》猗 美盛的样子 猗 叹词。常用于句首，表示赞叹 河水清且涟猗。--《诗·卫风·伐檀》又如猗欤休哉(多么快乐啊)猗 用于句末，相当于啊 断断猗，无他技。--《书·秦誓》猗yī⒈文言叹词。〈表〉赞美～与休哉！⒉文言助词。相当于'兮'河水清且涟～！猗yǐ 1.加，超越。 2.通'倚'。依;靠着。 3.通'倚'。亲近貌。 4.通'掎'。牵引。猗ē 1.柔美貌。猗wēi 1.见'猗移'。
4927,猞,表3丙表1000字,11画,shē,丿 ㇁ 丿 丿 ㇏ 一 一 丨 丨 𠃍 一,true(a11~e11),猞猁猞shē
4929,斛,表3丙表1000字,11画,hú,丿 ㇇ 丿 𠃌 一 一 丨 丶 丶 一 丨,true(a11~e11),斛〈名〉(形声。从斗，角声。本义古量器名，也是容量单位，十斗为一斛)同本义 十斗曰斛。--《仪礼》比喻物之小 斛hú量器名。又是容量单位。〈古〉十斗为一～，南宋末年改为五斗为一～。
4931,馗,表3丙表1000字,11画,kuí,丿 ⺄ 丶 丿 一 丿 丨 𠃍 一 一 一,true(a11~e11),馗〈名〉四通八达的大道。同逵 馆宅充廛里，女士满庄馗。--王粲《从军诗》又如馗龙(九头龙。馗四通八达的道路，比喻头很多)馗kuí⒈四通八达的道路大～。⒉馗qiú 1.大菌。参见'馗厨'。
4932,馃,表3丙表1000字,11画,guǒ,丿 乛 𠄌 丨 𠃍 一 一 一 丨 丿 ㇏,true(a11~e11),馃guǒ
4934,鸾,表3丙表1000字,11画,luán,丶 一 丨 丨 丿 丶 丿 𠃌 丶 ㇉ 一,true(a11~e11),鸾 (形声。从鸟，羉声。本义鸟名。凤凰的一种。雄性的长生鸟)同本义 鸾，赤神灵之精也。--《说文》又赤色，五采，鸡形，鸣中五音。周成王时氐羌献鸾鸟。--《周书·王会》。注大于凤。鸾鸟，凤皇属也。--《广雅》离为鸾。--《春秋元命苞》女床之山，有鸟名曰鸾鸟。--《山海经·西山经》鸣女床之鸾鸟，舞丹穴之凤凰。--张衡《东京赋》又如鸾俦(佳侣。鸾凤凰一类的神鸟);鸾帚(用鸾尾制成的拂尘供仙人所用);鸾皇(鸾和皇，都是凤凰之类的神鸟。皇，通凰);鸾鸟(神鸟鸾（? 鸾guàn 1.地名用字。参见'鸾鸟'。
4937,庾,表3丙表1000字,11画,yǔ,丶 一 丿 丿 丨 一 𠃍 一 一 丿 ㇏,true(a11~e11),庾〈名〉(形声。从广，臾声。广，依山崖建成的房子。从广与房屋有关。本义露天的谷堆)同本义 钉头磷磷，多于在庾之粟粒。--唐·杜牧《阿房宫赋》又如庾积(露天储积之谷物)储存水路转运粮食的仓库粟粮漕庾，不下十万。--《战国策》泛指粮库钉头磷磷，多于在庾之粟粒。--唐·杜牧《阿房宫赋》又如庾司(宋代管理粮仓的机构);庾曹(管理仓廪之曹司);庾吏(古代管粮仓的小官);庾廪(粮食)量词。古代量名，容二斗四升 庾yǔ⒈露天的谷仓。〈引〉一般的谷仓。⒉〈古〉容量单位，一庾等于十六斗。⒊庾yú 1.草名用字。
4939,痍,表3丙表1000字,11画,yí,丶 一 丿 丶 ㇀ 一 𠃍 一 ㇉ 丿 ㇏,true(a11~e11),痍 创伤 楚子郑师败绩。败者称师，楚何以不称师?王痍也。王痍者何?伤乎矢也。--《公羊传》痍痏(创伤。多指战乱所造成的);痍毁(创伤;破坏)痍 受创伤 痍yí伤，创伤～伤。疮～。
4943,旎,表3丙表1000字,11画,nǐ,丶 一 𠃌 丿 丿 一 𠃍 一 丿 丿 乚,true(a11~e11),旎(形声。双音词旖旎，本为旌旗随风飘扬的样子，引申为柔美的样子)--见旖旎柔和美好旎nǐ
4946,阈,表3丙表1000字,11画,yù,丶 丨 𠃌 一 丨 𠃍 一 ㇀ ㇂ 丿 丶,true(a11~e11),阈 门槛 阈，门榍也。--《说文》阈，门限也。--《玉篇》柣谓之阈。--《尔雅》。注阈，门限。不践阈。--《礼记·曲礼》宾入不中门，不履阈。--《礼记·玉藻》见兄弟不踰阈。--《左传·僖公二十二年》思不出乎门阈。--《汉书·王莽传》仍增崖而衡阈。--《后汉书·班固传》立不中门，行不履阈。--《论语·乡党》又如阈闱(妇女所居的内室)泛指界限或范围 门户;门口 仰瞻城阈，俯惟阙庭。--三国魏·曹植《应诏》阈值阈yù门坎。〈引〉界限或范围～值。视～。
4948,阊,表3丙表1000字,11画,chāng,丶 丨 𠃌 丨 𠃍 一 一 丨 𠃍 一 一,true(a11~e11),阊(形声。从门，昌声。 本义阊阖)阊阖阊，天门也。楚人名门曰阊阖。--《说文》排阊阖而入帝宫。--《史记·司马相如传》吾令帝阍开关兮，倚阊阖而望予。--屈原《楚辞·离骚》九天阊阖开宫殿，万国衣冠拜冕旒。--王维《和贾舍人早朝大明宫之作》阊门《阊门即事》--唐·张继阊chāng⒈①神话传说中的天门。②皇宫的正门。⒉阊tāng 1.鼓声。
4951,阏,表3丙表1000字,11画,yān,丶 丨 𠃌 丶 一 𠃌 丿 丿 ㇏ 丶 丶,true(a11~e11),阏e阻塞 阏，遮拥也。从门，於声。--《说文》又如阏塞(壅塞，阻塞);阏往(阻止放逸的意念和行为);阏绝(阻断，杜绝);阏积(阻滞积聚)遏止;抑制 民气郁阏而滞著。--《吕氏春秋·古乐》又如阏制(遏制);阏密(禁绝);阏抑(抑制)阏 门扇;闸板 开通沟渎，起水门提阏，凡数十处。--《汉书·召信臣传》阏 yan阏氏阏yān阏è 1.遏止;抑制。 2.堵塞。 3.门扇;闸板。阏yù 1.见'阏与'。 2.通'淤'。淤泥。阏yè 1.见'单阏'。
4956,焐,表3丙表1000字,11画,wù,㇀ 丿 丿 丶 一 丨 𠃍 一 丨 𠃍 一,true(a11~e11),焐 用热的东西接触凉的或湿的东西使暖和、变干 焐wù用热的东西接触冷的东西使其变暖用电热炉～ ～手。
4957,烯,表3丙表1000字,11画,xī,㇀ 丿 丿 丶 丿 丶 一 丿 丨 𠃌 丨,true(a11~e11),烯 即烯属烃 即烯烃 烯xī有机化合物的一类。分子式可用ＣnＨ2n表示。例如乙烯。
4961,烷,表3丙表1000字,11画,wán,㇀ 丿 丿 丶 丶 ㇀ 乛 一 一 丿 乚,true(a11~e11),烷 一系列饱和脂肪烃cnh2n+2(如甲烷、乙烷等)的任一种 火 烷，火也。--《集韵》烷wán有机化合物的一类，分子式可用cnh2n+2表示。此类化合物是构成石油的主要成分。
4964,渚,表3丙表1000字,11画,zhǔ,丶 丶 ㇀ 一 丨 一 丿 丨 𠃍 一 一,true(a11~e11),渚 (形声。从水，者声。本义古水名。渚水)水中的小洲 小洲曰渚。--《说文》引《尔雅》。传渚，小洲也。两涘渚涯之间。--《庄子·秋水》渠弭于有渚。--《国语·齐语》夕弭节兮北渚。--《楚辞·湘君》乘鄂渚而反顾兮。--《楚辞·涉江》江有渚，之子归，不我与。--《诗·召南·江有渚》避渚洲。--宋·文天祥《后序》又如渚牙(洲上初生的草芽);渚田(小洲上的田);渚烟(笼罩在小洲上的烟雾);渚泽(洲中积水的洼地)水边 汛洲清川渚，遥望高山阴。渚zhǔ水中的小块陆地沙～。江有～。
4965,淇,表3丙表1000字,11画,qí,丶 丶 ㇀ 一 丨 丨 一 一 一 丿 丶,true(a11~e11),淇〈名〉水名。又名淇河 淇，淇水出河内共北山，东入河，或曰出隆虑西山。--《说文》按，古为黄河支流，自河南省林县东南曲折流至今汲县东北淇门镇南入黄河古州名 山名 淇 qí淇水，源出河南省林县，流入黄河，三国之后改道流入卫河。
4969,涿,表3丙表1000字,11画,zhuō,丶 丶 ㇀ 一 丿 ㇁ 丿 丿 丶 丿 ㇏,true(a11~e11),涿 水滴 涿，流下滴也。--《说文》。段玉裁注今俗谓一滴为一涿，音如笃，即此字也。水名 涿州 与蚩尤战于涿鹿之野。--《庄子·盗跖》。涿州属河北省『置涿县，为涿郡治所，唐改范阳县，明为涿州，1913年复改涿县，现又改为涿州涿zhuō涿州，在河北省。涿zhuó 1.通'琢'。参见'涿摩'。 2.通'烛'。阴器。《三国志．蜀志．周群传》'先主嘲之曰'昔吾居涿县，特多毛姓，东西南北皆诸毛也。'涿令称曰'诸毛绕涿居乎？''章炳麟《新方言．释形体》'夫惟涿为阴器，故毁阴曰椓……今江南运河而东皆谓阴器为涿，舌上音从舌头音，读如督。'一说，通'属'。阴窍。见杨树达《积微居小学金石论丛．释属》。
4970,淖,表3丙表1000字,11画,nào、chuò、zhuō,丶 丶 ㇀ 丨 一 丨 𠃍 一 一 一 丨,true(a11~e11),淖〈名〉(形声。从水，卓声。本义泥沼;深泥，烂泥)同本义 淖，泥也。--《说文》天雨淖。--《汉书·韦元成传》世沉淖而难论兮。--《楚辞·怨世》和泥曰淖。--《通俗文》有淖于前，乃皆左右相违于淖。--《左传·成公十六年》濯淖污泥之中。--《资治通鉴·汉纪》又如淖泞(泥烂滑溜);淖湴(淤泥);淖污(泥水混浊);淖田(烂泥田);淖潦(烂泥积水)流体 漆淖水淖，合两淖则为蹇。--《吕氏春秋》姓淖 〈形〉湿润 淖乎如在于海。--《管子·内业》。淖，湿也。--《广雅》又如淖泽(湿润)淖nào⒈泥沼，烂泥泥～。⒉柔，柔和～弱。⒊淖zhào 1.中和，调和。淖zhuō 1.姓。战国楚有淖齿。见《韩非子．内储说上》。淖chuò 1.宽。 2.见'淖约'﹑'淖弱'﹑'淖溺'。
4974,渑,表3丙表1000字,11画,miǎn、shéng,丶 丶 ㇀ 丨 𠃍 一 丨 𠃍 一 一 乚,true(a11~e11),渑 古水名 有酒如渑，有肉如陵。--《左传·昭公十二年》渑（澠）miǎn⒈渑池县，在河南省。渑（澠）shéng⒈
4976,淝,表3丙表1000字,11画,féi,丶 丶 ㇀ 丿 𠃌 一 一 𠃍 丨 一 乚,true(a11~e11),淝〈名〉淝河。也叫淝水 淝 féi〈古〉【淝水】（也写作'肥水'）即今东淝河，在安徽省～水之战。另有南～、西～、北～等河，都在安徽省。
4977,淬,表3丙表1000字,11画,cuì,丶 丶 ㇀ 丶 一 丿 丶 丿 丶 一 丨,true(a11~e11),淬 (形声。从水，卒声。本义盛水以供淬火的器具) 同本义 淬，灭火器也。--《说文》。按，贮水以焠刃之器，其实焠、淬同字，刃出于火，故从火。淬 淬火 得赵人徐夫人之匕首，取之百金，使二以药淬之。--《战国策·燕策》火与水合为淬。--《汉书·天文志》以药淬之。--《史记·刺客传》又如淬淬黑(如钢铁淬过火一样的颜色);淬砺(淬火磨砺。比喻人刻苦锻炼;勤勉奋发);淬刃(刀刃淬火)磨 又如淬镜(磨镜);淬磨(磨砺;磨炼)喻磨炼;勉励 淬 cuì淬火。【淬火】金属或玻璃的一种热处理工艺。将工件加热到适宜的温度，保温，随即快速冷却（通常在水、油或空气中冷却）。一般用以提高硬度和强度或改变其它物理与化学性能。【淬砺】制造刀剑必须淬火和磨砺。比喻刻苦锻炼。
4978,涪,表3丙表1000字,11画,fú,丶 丶 ㇀ 丶 一 丶 丿 一 丨 𠃍 一,true(a11~e11),涪〈名〉水名 古州名 涪 fú涪江，源头在四川省，流经重庆市，入嘉陵江。涪póu 1.见'涪沤'。
4994,谌,表3丙表1000字,11画,chén、shèn,丶 ㇊ 一 丨 丨 一 一 一 丿 丶 ㇄,true(a11~e11),谌 相信 谌，诚谛也。--《说文》天难谌斯。--《诗·大雅·大明》天难谌，命靡常。--《书·咸有一德》谌 真诚，忠诚 谌 chén①相信。②确实如此；诚然。③姓。谌chén⒈诚然，的确～称一绝。⒉信，相信。
4997,皲,表3丙表1000字,11画,jūn,㇀ 乛 一 𠃋 丨 ㇀ 乛 丿 丨 ㇇ ㇏,true(a11~e11),皲 手足的皮肤冻裂 皲裂足肤皲裂。--明·宋濂《送东阳马生序》皲jūn皮肤因寒冷或干燥而破裂。也作'龟'～裂。又指物体开裂田地～。
5004,谕,表3丙表1000字,11画,yù,丶 ㇊ 丿 ㇏ 一 丨 𠃌 一 一 丨 亅,true(a11~e11),谕 (形声。从言，俞声。本义旧时上告下的通称。也指告诉)同本义 谕，告也。--《说文》以谕九税之利。--《周礼·掌交》讶士掌四方之狱讼，谕罪刑于邦国。--《周礼·秋官》又如谕葬(圣上发旨的葬仪);面谕;谕知(告谕而使人知晓)明白、懂得 谕，晓也。--《广雅》教之以事而谕诸德者也。--《周礼·师氏》注其言多当矣，而未谕也。--《荀子·儒效》又不能谕其内志。--《汉书·文帝纪》先生坐!何至于此!寡人谕矣。--《战国策·魏策》谕 旧时用指上对下的文告、指示 谕yù⒈告诉，叫人知道（旧时多用于上对下）～旨。面～。上～。手～。⒉〈古〉同'喻'。
5007,谙,表3丙表1000字,11画,ān,丶 ㇊ 丶 一 丶 丿 一 丨 𠃍 一 一,true(a11~e11),谙 (形声。从言，音声。本义熟悉)同本义谙，悉也。--《说文》江南好，风景旧曾谙。--白居易《忆江南》协久在中朝，谙练旧事。--《晋书·刁协传》故谙事识体者，善权轻重。--《晋书·刑法志》未谙姑食性，先遣小姑尝。--王建《淅嫁娘》。又如谙悉(熟知);谙练(熟知，有经验)熟记其陵树株蘖，皆谙其数。--《后汉书·虞延传》⒈熟悉～练。⒉知道，精通深～医术。
5013,粜,表3丙表1000字,11画,tiào,㇄ 丨 丨 ㇄ 丨 丶 丿 一 丨 丿 ㇏,true(a11~e11),粜 (会意兼形声。从出，从糶，糶亦声。本义卖出谷物)同本义 粜，出谷也。--《说文》物踊腾粜。--《史记·平淮书》贩谷粜千钟。--《史记·货殖传》二月卖新丝，五月粜新谷。--唐·聂夷中《咏田家》泛指出卖 想那粜风月的女娘，似饥狼饿狼。--《雍熙乐府》粜（糶）tiào卖出粮食～粮。五月～新谷。
5014,隍,表3丙表1000字,11画,huáng,㇌ 丨 丿 丨 𠃍 一 一 一 一 丨 一,true(a11~e11),隍 (形声。从阜，表示与地形地势的高低上下有关，皇声。本义没有水的护城壕) 同本义 隍，城池也，有水曰池，无水曰隍。--《说文》城复干隍。--《易·泰》又如隍陴(城壕与女墙);隍阱(城壕、陷坑);隍堑(城壕)隍huáng 没有水的护城壕。
5016,婧,表3丙表1000字,11画,jìng,𡿨 丿 一 一 一 丨 一 丨 𠃌 一 一,true(a11~e11),婧 苗条美好 婧，妍婧也。--《思玄赋》注引说文舒妙婧之纤腰兮，扬杂错之裲徽。--《文选·张衡·思玄赋》女子贞洁 婧，女贞也。--《集韵》婧 美女 女子人名用字 婧，齐相管仲妾也。--《列女传》婧jìng〈形〉有才能的。诗曰∶'女告齐相，称说辩且正。'
5018,婕,表3丙表1000字,11画,jié,𡿨 丿 一 一 𠃍 一 一 丨 一 丿 ㇏,true(a11~e11),婕妤婕jié
5026,欸,表3丙表1000字,11画,èi、ěi、ǎi,𠃋 丶 丿 一 一 丿 ㇏ 丿 ㇇ 丿 ㇏,true(a11~e11),
5036,绺,表3丙表1000字,11画,liǔ,𠃋 𠃋 ㇀ 丿 ㇇ ㇏ 丨 丶 丨 𠃍 一,true(a11~e11),绺 丝缕编成的线 上有仙人长命绺，中看玉女迎欢绣。--唐·沈佺期《七夕曝衣篇》绺 一束理顺了的丝、线、须、毛发等 绺子一绺子头发绺liǔ量词。常用于成束的丝、线、须、发等两～儿线。三～头发。绺liǔ（～儿）一束（理顺了的丝线须发等）∶两～儿线.五～儿须.一～儿头发.
5037,绻,表3丙表1000字,11画,quǎn,𠃋 𠃋 ㇀ 丶 丿 一 一 丿 ㇏ 𠃌 乚,true(a11~e11),绻 (形声。从糸，卷声。古作卷。本义屈曲)同本义 收缩 兵横行天下而无所绻，威服四方而无所诎。--《淮南子》缱绻。相结牢固，不离散。引申作眷恋 绻quǎn
5038,绾,表3丙表1000字,11画,wǎn,𠃋 𠃋 ㇀ 丶 ㇀ 乛 丨 𠃍 一 𠃍 一,true(a11~e11),绾 (形声。从糸，官声。本义系)同本义 盘绕，系结 范进一面自绾了头发，一面向郎中借了一盆水洗洗脸。--《儒林外史》又如绾合(结合，系在一起);绾发(束发，结发。比喻少年);绾髻(束发编结为髻);绾角儿(古时孩童束发为两髻，形状如角，因以借指童年);绾束(缠缚);绾约(绾束，盘绕成结)卷起 系念;挂念 长安陌上无穷树，唯有垂杨绾别离。--唐·刘禹锡《杨柳枝词九首》控制 总管 奉阳君绾wǎn⒈系，盘结～个结。～头发。⒉卷把裤脚～起。
5049,琨,表3丙表1000字,12画,kūn,一 一 丨 ㇀ 丨 𠃍 一 一 一 𠄌 丿 乚,true(a12~e12),琨〈名〉美玉 琨，石之美者。从玉，昆声。--《说文》献环琨与琛缡兮，申厥好以玄黄。--汉·张衡《思玄赋》琨kūn玉的一种。
5054,琬,表3丙表1000字,12画,wǎn,一 一 丨 ㇀ 丶 ㇀ 乛 丿 ㇇ 丶 𠃌 乚,true(a12~e12),琬 一种上端浑圆而无棱角的圭 玉琬徒见传，交友义渐疏。--南朝·鲍照《拟古八首》美玉 琬圭琬圭九寸。--《考工记》琬wǎn
5058,鼋,表3丙表1000字,12画,yuán,一 一 丿 乚 丨 𠃍 一 丨 𠃍 一 一 乚,true(a12~e12),鼋 动物名，亦称绿团鱼，俗称癞头鼋 鱼鳖鼋鼍。--《墨子·公输》又如鼋鼎(烹鼋的鼎);鼋鼍(大鼋与鼍龙);鼋桥(以鼋鼍为桥梁。形容帝王出驾行列之盛大)鼋鱼，元鱼鼋yuán 1.大鳖。俗称癞头鼋。 2.通'蛍'。蜥蜴。
5059,揳,表3丙表1000字,12画,xiē,一 亅 ㇀ 一 一 一 丨 𠃌 丿 一 丿 ㇏,true(a12~e12),
5060,堞,表3丙表1000字,12画,dié,一 丨 ㇀ 一 丨 丨 一 ㇄ 一 丨 丿 ㇏,true(a12~e12),堞 (形声。从土。葉声。本义城墙上如齿状的矮墙) 同本义 堞，城上女垣也。--《说文》。按，古城用土，加以砖墙，为之射墙也，亦谓之陴，或谓之陴倪。傅于堞。--《左传·襄公六年》又如雉堞;城堞堞dié〈名〉城墙上齿状的矮墙。
5063,揠,表3丙表1000字,12画,yà,一 亅 ㇀ 一 丨 𠃍 一 一 𡿨 丿 一 ㇄,true(a12~e12),揠 (形声。从手，匽声。本义拔起)同本义 揠，拔也。--《说文》拔心曰揠。--《小尔雅·广物》宋人有闵其苗之不长而揠之者，芒芒然归。--《孟子·公孙丑上》又如揠苗助长提拔 德与琼素不相下，一旦揠之在上，则必争。--《宋书·岳飞传》抓着马鞍 杀得曹操盔斜发乱，发甲捶胸，揠鞍吐血。--《老残游记》揠苗助长拔揠yà拔～苗助长（〈喻〉强求速成，反而把事情弄糟）。
5067,颉,表3丙表1000字,12画,jié、xié、jiá,一 丨 一 丨 𠃍 一 一 丿 丨 𠃍 丿 丶,true(a12~e12),颉仓颉上古人名，相传他创造中国文字颉 颈项僵直的 颉，直项也。从頁，吉声。--《说文》王公大人有严志颉颃之行。--《淮南书》邹衍以颉亢而取世资。--《汉书·扬雄传》长短颉喔百疾。--《吕氏春秋》又如颉佷(强项凶狠)颉 鸟飞而下 燕燕于飞，颉之颃之。--《诗·邶风·燕燕》又如颉杭(上下飞动);颉滑(错乱);颉地颃空(借措建筑物的构件有的向下，有的向上)颉 有花纹的缯男女椎髻，穿绿颉布短衫。--元·汪大渊《岛夷志略》颉jié⒈⒉见xié。颉xié⒈①鸟往上往下飞。②不相上下或对抗相互～颃。颉jiá 1.截取;克扣。 2.通'抯'。地名用字『高祖刘邦曾封其兄子信为'羹颉侯'。张守节正义引《括地志》'羹颉山在妫州怀戎县东南十五里。'参见'颉羹'。
5070,耋,表3丙表1000字,12画,dié,一 丨 一 丿 丿 乚 一 𠃋 丶 一 丨 一,true(a12~e12),聎 (形声。从老，至声。本义年老。古指七、八十岁的年纪，泛指老年) 同本义 年八十曰聎。字亦作耋。--《说文》则大耋之嗟。--《易·离》。马注七十曰耋。使率一二耋老而绥焉。--《公羊传·宣公十二年》耆耋好礼。--《礼记·射义》又如耋老(年老;老年人);耋吏(老吏);耋耄(高寿);耋寿(指高寿的人;老人);耋耄之年耋 dié七八十岁的年纪。泛指老年耄（mào）～之年。
5078,聒,表3丙表1000字,12画,guō,一 丨 丨 一 一 ㇀ 丿 一 丨 丨 𠃍 一,true(a12~e12),聒〈动〉(形声。从耳，本义吵扰，声音高响或嘈杂)同本义 聒，欢语也。--《说文》聒，扰乱耳孔也。--《苍颉篇》聒而与之语。--《左传·襄公二十六年》。疏声乱叫谓之聒。今汝聒聒。--《书·盘庚》。传无知之貌。鸲鹆鸣兮聒余。--《楚辞·疾世》。注多声乱耳为聒。日长思睡不可得，遭尔聒聒何时停?--宋·欧阳修《鸣鸠》又如聒吵(又作吵聒、聒炒。吵闹，吵嚷);聒聒(象声词。杂乱喧吵的声音);聒杀(形容非常嘈杂、喧闹);聒天(声音响彻云天);聒账(众声喧扰，通宵达旦)频繁地称说聒guō喧闹，声音嘈杂宾客盈（满）坐，鸣声～耳。
5080,葚,表3丙表1000字,12画,rèn、shèn,一 丨 丨 一 丨 丨 一 一 一 丿 丶 ㇄,true(a12~e12),桑葚儿桑葚，桑树的果实，味甜可食 ren葚shen桑树的果实 葚，桑实也。从草，甚声。字亦作椹。--《说文》于嗟鸠兮，无食桑葚。--《诗·卫风·氓》葚rèn⒈用于口语。葚shèn桑树结的果实桑～。
5083,葳,表3丙表1000字,12画,wēi,一 丨 丨 一 丿 一 𡿨 丿 一 ㇂ 丿 丶,true(a12~e12),葳蕤上葳蕤而防露兮。--《楚辞·七谏·初放》羽盖葳蕤。--张衡《东京赋》葳蕤自生光。--《玉台新咏·古诗为焦仲卿妻作》葳wēi①草木茂盛枝叶下垂的样子。②玉竹，也作'萎蕤'。草的一种。地下茎为竹鞭状肉质根茎，可供药用。
5084,葺,表3丙表1000字,12画,qì,一 丨 丨 丨 𠃍 一 一 丨 丨 一 一 一,true(a12~e12),葺〈动〉(形声。从苃，揖省声。本义用茅草盖屋)同本义 葺，茨也。--《说文》葺覆也。--《广雅》葺屋参分。--《考工记·匠人》芷葺兮荷屋。--《楚辞·湘夫人》又如葺茅(用茅草覆盖);葺屋(草屋;修缮房屋)修理房屋 葺其墙屋。--《左传·昭公二十三年》缮完葺墙，以待宾客。--《左传·襄公三十一年》汉陛秦除，莫不葺复。--沈炯《太极殿铭序》尝加营葺。--宋·陆游《过小孤山大孤山》余稍为修葺。--明·归有光《项脊轩志》又复葺南阁子。又葺qì⒈用茅草盖屋。〈引〉修补～墙。修～。增～。⒉重叠～鳞镂甲（镂雕刻）。
5085,葸,表3丙表1000字,12画,xǐ,一 丨 丨 丨 𠃍 一 丨 一 ㇀ ㇃ 丶 丶,true(a12~e12),葸 (形声。从什，思声。本义畏惧的样子) 同本义 慎而无礼则葸。--《论语·泰伯》又如畏葸不前;葸葸(畏惧的样子;小心谨慎的样子)葸xǐ畏缩，胆怯畏～不前。
5086,萼,表3丙表1000字,12画,è,一 丨 丨 丨 𠃍 一 丨 𠃍 一 一 一 ㇉,true(a12~e12),萼 动植物身体上的结构 萼 è 花萼，在花瓣下部的一圈绿色小片。
5090,蒌,表3丙表1000字,12画,lóu,一 丨 丨 丶 丿 一 丨 丿 ㇏ 𡿨 丿 一,true(a12~e12),蒌 蒌蒿 蒌，蒌草也。--《说文》言刈其蒌。--《诗·召南·汉广》蒌叶 蒌（蕍）lóu蒌liǔ 1.见'蒌翣'。蒌lǚ 1.见'萭蒌'。
5093,葭,表3丙表1000字,12画,jiā,一 丨 丨 𠃍 一 丨 一 一 𠃍 一 ㇇ ㇏,true(a12~e12),葭 初生的芦苇 非有葭莩之亲，鸿毛之重。--《汉书·中山靖王传》沙洲葭苇。--宋·陆游《过小孤山大孤山》又如葭草(初生的芦苇);葭蓬(芦苇与蓬草);葭灰(苇膜烧得的灰。常用来标志、预测节气);葭莩(原为芦苇里的白色薄膜，后常来指代友谊;交情;亲戚;亲眷)通笳。乐器名 发引和，校鸣葭。--《文选·张衡·西京赋》葭xia通葭∩叶 荷，芙渠，其茎茄，其叶葭。--《尔雅》葭jiā⒈初生的芦苇。⒉⒊〈古〉通'笳'，类似笛子的一种乐器。葭xiá 1.见'葭萌'。
5096,椟,表3丙表1000字,12画,dú,一 丨 丿 丶 一 丨 乛 丶 丶 一 丿 丶,true(a12~e12),椟 (形声。从木，卖声。本义木柜，木匣)同本义 龟玉毁于椟中。--《论语·季氏》又如椟玉(收藏在匣中的美玉);椟匮(匣柜);椟栌(汲水器具);椟丸(古代盛箭的器具)盛饭菜的食盒 棺材 椟 dú匣子；盒子买～还珠。
5099,棰,表3丙表1000字,12画,chuí,一 丨 丿 丶 丿 一 丨 一 丨 丨 一 一,true(a12~e12),棰 (形声。从木，垂声。本义短木棍)同本义 一尺之棰。--《庄子·天下》身体痛，则谓鬼持棰杖殴击。--王充《论衡·订鬼》又如棰革(杖鞭);棰楚(杖刑)鞭子，马鞭 季氏负箠谢过。--《公羊传·昭公三十一年》其次关木索，被箠楚。--《汉书·司马迁传》手苦于箠辔。--《汉书·王吉传》又如棰策(鞭子);棰楚(鞭杖之类刑具)棰 同捶。敲打 棰楚之下，何求而不得?--《汉书·路温舒传》又如棰杖(用杖责打);棰顿(捶敲)鞭笞 棰 chuí①短木棍。②用棍子打。③同'箠'。④同'槌'。棰chuí⒈短棍。⒉用棍子打。⒊鞭子。⒋用鞭子打～杀之。
5102,椁,表3丙表1000字,12画,guǒ,一 丨 丿 丶 丶 一 丨 𠃍 一 ㇇ 亅 一,true(a12~e12),果〈名〉(象形。甲骨文字形，田象树上结的果实形，在木之上。本义果子，果实。这个意义后来曾写作菓)同本义 果，木实也。--《说文》艮为果蓏。--《易·说卦》而树之果蓏，珍异之物。--《周礼·场人》。张晏曰有核曰果，无核曰蓏。臣瓒曰在地曰蓏，在树曰果。五果为助。--《素问·藏器法时论》。注谓桃李杏栗枣也。凡长安豪富人为观游及卖果者，皆争迎取养。--柳宗元《种树郭橐驼传》杭有卖果者，善藏柑。--明·刘基《卖柑者言》果止于梨、栗、枣、柿之类。--宋·司马光《训俭示康》又如果椁（槨）guǒ〈古〉棺材外面的套棺。
5104,棣,表3丙表1000字,12画,dì、dài、tì,一 丨 丿 丶 𠃍 一 一 亅 丶 ㇀ 丿 ㇏,true(a12~e12),棣 (形声。从木，隶声。本义木名。常棣，即白棣，喻兄弟)同本义 弟 棣 dì①植物～棠（落叶灌木、花黄色、果实黑色）、棠～。②同'弟'。旧时多用于书信贤～。【棣莫佛】（1667-1754） 法国数学家。【棣莫佛定理】〈数〉复数的n(n是是自然数)次幂的模等于这个复数的模的(次幂，它的辐角等于这个复数的辐角的n倍。棣tì 1.相通，通达。参见'棣通'﹑'棣达'。棣dài 1.见'棣棣'。
5106,鹁,表3丙表1000字,12画,bó,一 丨 ㇀ 乛 ㇇ 亅 ㇀ 丿 𠃌 丶 ㇉ 一,true(a12~e12),鹁鸽鹁bó 1.见'鹁鸠'﹑'鹁鸪'。
5107,覃,表3丙表1000字,12画,tán、qín,一 丨 𠃍 丨 丨 一 丨 𠃍 一 一 一 丨,true(a12~e12),覃〈名〉qin姓覃〈形〉tan意味深长 覃，长味也。--《说文》。段玉裁注此与酉部醰，音同义近。长，悠长 葛之覃兮。--《诗·周南·葛覃》又如覃恩(深厚广大的恩惠)覃 〈动〉蔓延，延伸，延伸到 覃及鬼方。--《诗·大雅·荡》葛之覃兮，施于中谷。--《诗·王风·葛覃》又如覃覃(延展的样子)广施覃 〈副〉深入地 研精覃思。--《书·孔安国序》扬雄覃思。--《汉书·叙传上》又如覃思(深思，深入而周详地思覃qín⒈姓。覃tán⒈深，长，延伸～思。葛之～兮。覃yǎn 1.锐利。
5109,酢,表3丙表1000字,12画,zuò,一 丨 𠃍 丿 ㇄ 一 一 丿 一 丨 一 一,true(a12~e12),酢 (经传多借为酬醋字)调味用的酸味液体。也作醋 酸味 酢 变酸，腐败 主人酒常踯。--《列仙传》酢 zu客人用酒回敬主人酬～（主客相互敬酒，引申为朋友交往应酬）。～爵（回敬主人用的酒器）。酢zuò⒈客人以酒回敬主人。酢cù 1.同'醋'。 2.酸涩。
5110,酡,表3丙表1000字,12画,tuó,一 丨 𠃍 丿 ㇄ 一 一 丶 ㇀ 乛 丿 乚,true(a12~e12),酡〈形〉饮酒脸红的样子 泛指脸红 修名未立身将老，青史当前面易酡。--柳亚子《奇泪》酡颜酡tuó喝了酒，脸发红～颜。
5113,殚,表3丙表1000字,12画,dān,一 丿 ㇇ 丶 丶 丿 丨 𠃍 一 一 一 丨,true(a12~e12),殚 (形声。从歹，单声。本义用尽，竭尽)同本义 殚，极尽也。从歹，单声。--《说文》殚，尽也。--《广雅》殚所未见。--张衡《西京赋》穆穆之礼殚。--张衡《东京赋》相为殚智竭力。--《吕氏春秋·本味》殚天下之财。--《汉书·杜钦传》犹未殚于《九章》。--《楚辞·忧苦》彦博以爱国故，耗思殚神。--《唐书·温彦博传》殚其地之出，竭其庐之入。(殚、竭同义，尽也。)。--唐·柳宗元《捕蛇者说》不可殚言。--唐·李朝威《柳毅传》又如殚心竭力(用尽心思，竭尽心力);殚虑(竭尽智虑);殚形(使人殚 dān，用尽；竭尽～力、～心。【殚精竭虑】用尽心思谋虑。瘅 dān又见dàn。【瘅疟】一种疟疾。主要症状是发高烧，烦躁，口渴，呕吐等。
5117,辊,表3丙表1000字,12画,gǔn,一 𠃋 丨 ㇀ 丨 𠃍 一 一 一 𠄌 丿 乚,true(a12~e12),辊 车毂匀整齐一 辊，毂齐等貌。从车，昆声。谓干木正圆不桡减。--《说文》望其毂，欲其辊也。--《考工记·轮人》又如辊轴(古代一种碾草平地的农具)辊 滚筒 辊 滚滚向前流动或运动;像车轮般很快地转动 运行，运转 犹混。形容苟且地生活 辊gǔn⒈机器上能滚动的圆筒形机件～轴。皮～。⒉像车轮样飞快的转动～动。
5124,睑,表3丙表1000字,12画,jiǎn,丨 𠃍 一 一 一 丿 ㇏ 一 丶 丶 丿 一,true(a12~e12),睑 眼皮，能够活动的眼皮盖 倩人启睑拨视，则睛上生小翳。--《聊斋志异》唐时南诏人称州为睑 夷语睑若州，曰云南睑，白崖睑。--《新唐书》睑板睑裂睑下垂睑炎睑（瞼）jiǎn眼睑，俗称'眼皮'～沿炎。
5129,嗒,表3丙表1000字,12画,dā、tà,丨 𠃍 一 一 丨 丨 丿 ㇏ 一 丨 𠃍 一,true(a12~e12),嗒〈动〉舔 嗒 无线电或电报码中的一长划，报务员用此作为发送一长划的声音的口述表示 嗒 形容机枪或马蹄等的声音 口里发声脚儿斜斜，舌儿嗒嗒。--《西游记》又如嗒嗒嗤嗤(嗒嗤嗤。吆喝马的声音)嗒〈形〉 ta失意、忘怀的样子 嗒然嗒然若丧嗒丧嗒丧着脸嗒tà⒈嗒dā 1.舔。 2.象声词。嗒da 1.助词。相当于'了'。
5133,晷,表3丙表1000字,12画,guǐ,丨 𠃍 一 一 丿 ㇇ ㇏ 丨 丶 丨 𠃍 一,true(a12~e12),晷〈名〉(形声。从日，咎声。本义日影)同本义 晷，日景也。--《说文》白日未及移其晷，己猘其什七八。--汉·张衡《西京赋》相持既久，日晷渐移。--马中锡《中山狼传》又如晷昃(日影偏西);晷曜(圭表上投射的日影);晷仪(测日影以定时刻的仪器);晷景(晷表之投影;日影);晷柱(晷表)日光;亮光 辉光所烛，万里同晷。--《汉书·李寻传》月晷呈祥。--《宋书·谢庄传》春来多困，正晷移帘影，银屏深闭。--宋·柴望《念奴娇》白昼 究晷系夜，钓于台下。--晋·王嘉《拾遗记晷guǐ⒈日影。〈喻〉时光，时间寸～惟宝（惟宝是宝贝）。⒉日晷，也叫'日规'。按照日影测定时刻的仪器立～测影。
5135,跖,表3丙表1000字,12画,zhí,丨 𠃍 一 丨 一 丨 ㇀ 一 丿 丨 𠃍 一,true(a12~e12),跖 (形声。从足，石声。本义脚掌) 同本义 跖，足下也。--《说文》善学者若齐王之食鸡也，必食其跖数千而后足。--《吕氏春秋》跖 踏，踩 跖劲弩。--《史记》蹠达膝。--《淮南子·脩务》上无凌虚之巢，下无跖实之蹊。--张协《七命》又如跖实(兽足踏地)跳跃 跖魂负沴。--《汉书》跖骨跖痛跖（蹠）zhí⒈脚面上跟脚趾接近的部分～骨。⒉脚，脚掌。
5141,跆,表3丙表1000字,12画,tái,丨 𠃍 一 丨 一 丨 ㇀ 𠃋 丶 丨 𠃍 一,true(a12~e12),跆tái使用脚踩踏。
5143,蛲,表3丙表1000字,12画,náo,丨 𠃍 一 丨 一 丶 一 ㇂ 丿 一 丿 乚,true(a12~e12),蛲 蛲虫 蛲（蟯）náo蛲rào 1.虫动貌。参见'蛲动'。
5144,蛭,表3丙表1000字,12画,zhì,丨 𠃍 一 丨 一 丶 一 𠃋 丶 一 丨 一,true(a12~e12),蛭 蚂蟥。环节动物。体一般长而扁平，略似蚯蚓，前后各有一个吸盘。生活在淡水或湿润处，能吸人畜的血 蛭，虮也。从虫，至声。--《说文》楚惠王食寒菹而得蛭，遂吞之，久病心腹之疾皆愈。--《贾子春秋》蛭之性食血，惠王殆有积血也。--《论衡·福虚》弥六合，泽万物，而虾与蛭不离尺水。--柳宗元《晋问》又如蛭虮(水蛭);蛭蝚(水蛭。一名至掌);蛭类(动物学名词)小山丘。通垤 人莫迹于山，而迹于蛭。--《淮南子·人间》姓蛭zhì⒈蛭纲动物，包括水～、牛～、山～等。俗称'蚂蟥'见蚂。⒉⒊蛭dié 1.通'垤'。 2.通'閜'。参见'蛇蛭'。
5145,蛳,表3丙表1000字,12画,sī,丨 𠃍 一 丨 一 丶 丨 丿 一 丨 𠃌 丨,true(a12~e12),蛳 螺蛳 蛳，螺蛳。--《字汇》蛳（螄）sī
5152,喁,表3丙表1000字,12画,yóng、yú,丨 𠃍 一 丨 𠃍 一 一 丨 𠃌 丨 ㇀ 丶,true(a12~e12),喁 (形声。从口，禺声。本义鱼口向 上露出水面)同本义 喁，鱼口上见。--《说文》水浊则鱼喁，令苛则民乱。--《韩诗外传》仰望期待的样子 喁喁同喁天下英雄，喁喁冀有所望喁yóng⒈鱼嘴朝上，露出水面。⒉①众人景仰归向的样子～ ～向慕。②小声细语～ ～（yúyú）私语。
5153,喟,表3丙表1000字,12画,kuì,丨 𠃍 一 丨 𠃍 一 丨 一 丨 𠃌 一 一,true(a12~e12),喟〈动〉(形声。从口，胃声。本义叹息) 同本义 喟，大息也。--《说文》出游于观之上，喟然而叹。--《礼记·礼运》天子喟然叹曰。--《论语·先进》托遗编而叹喟兮，淆余涕之盈眶。--柳宗元《吊屈原文》喟然叹曰。--《汉书·李广苏建传》生喟然曰。--清·黄宗羲《柳敬亭传》喟然孔明喟然叹曰臣自出茅庐，得遇大王，相随至今，言听计从。--《三国演义》喟然长叹喟叹喟kuì叹息～然。～叹。～ ～声声。
5156,喑,表3丙表1000字,12画,yīn,丨 𠃍 一 丶 一 丶 丿 一 丨 𠃍 一 一,true(a12~e12),喑 (形声。从口，音声。本义小儿哭泣不止)同本义 喑，宋齐谓儿泣不止曰喑。--《说文》恚怒声。相当于嗯 徐郎见言，大怒喑，我教你去捉太公，主将倒来取救兵!--《武王伐纣平话》又如喑哑叱咤(发怒喝叫声);喑呜叱(呵叱怒喝)缄默不语 九州生气恃风雷，万马齐喑究可哀。--清·龚自珍《己亥杂诗》又如喑气(不吭声;不说话);喑畏(畏惧不敢出言)因悲伤过度而哽咽，哭不出声来 喑 嗓子哑，不能出声;失音 遂称风喑yīn⒈哑，不能说话～不能言。⒉默不作声万马齐～。⒊喑yìn 1.声音相应和。 2.感叹词。 3.见'喑恶'。喑yǐn 1.见'喑醷'。
5157,嗟,表3丙表1000字,12画,jiē,丨 𠃍 一 丶 丿 一 一 一 丿 一 丨 一,true(a12~e12),嗟 (形声。从口，差声。本义叹词。表示忧感)感叹声 嗟叹使心伤。--《玉台新咏·古诗为焦仲卿妻作》嗟乎，师道之不传也久矣。--唐·韩愈《师说》嗟乎!…非此之由乎。--清·刘开《问说》嗟夫，谁知吾卒先汝。--清·林觉民《与妻书》又如嗟乎(嗟呼。表示感叹);嗟讶(感叹，惊叹);嗟异(感叹称异);嗟悼(哀叹，悲悼)表示呼唤 嗟，我士，听无哗。--《书·秦誓》又如嗟来(来，语助);嗟来之食;嗟嗟(表示招呼)嗟 叹息 忽魂悸以魄动，恥惊起而长嗟。--李白《梦游天姥吟留别》又嗟jiē⒈文言感叹词～夫！～乎！～，来食！⒉叹息，赞叹怨～！长～！美言～叹！嗟jiè 1.见'咄嗟'。
5159,嗞,表3丙表1000字,12画,zī,丨 𠃍 一 丶 丿 一 𠃋 𠃋 丶 𠃋 𠃋 丶,true(a12~e12),嗞zī⒈像声词老鼠～ ～叫。
5160,喀,表3丙表1000字,12画,kā,丨 𠃍 一 丶 ㇀ 乛 丿 ㇇ ㇏ 丨 𠃍 一,true(a12~e12),喀〈动〉吐 弟偕行喀血，隐而不言，血气遂大耗。--清·方苞《弟椒涂墓志铭》喀 〈象〉呕吐、咳嗽的声音 喀，吐声，又欬声。--《篇海类编》两手据地而欧之不出，喀喀然遂伏而死。--《列子·说符》笑声 二房东太太又鸭子叫似的笑起来了喀喀，张先生，莫怪。--茅盾《第一阶段的故事》喀kā⒈像声词。①咳嗽，呕吐的声音。②⒉喀ke 1.方言。语气词。
5162,喙,表3丙表1000字,12画,huì,丨 𠃍 一 𠃋 ㇇ 一 丿 ㇁ 丿 丿 丿 ㇏,true(a12~e12),喙 (形声。从口，彖声。本义鸟兽的嘴)鸟兽及某些其它动物(如乌龟和章鱼)的嘴 人的嘴 器物的尖端 庄王曰子无阻九鼎!楚国折钩之喙，足以为九鼎。--《史记》喙 疲困;喘气，喘息 维其喙矣。--《诗·大雅·緜》又如喙息(犹喘息)喙突大多数哺乳动物退化的喙骨，它与肩胛骨融合并形成一个突起。在人类，喙突从肩胛骨向喙huì⒈鸟兽的嘴鸟～。虎～。⒉人的嘴无庸置～（不要插嘴）。
5167,詈,表3丙表1000字,12画,lì,丨 𠃍 丨 丨 一 丶 一 一 一 丨 𠃍 一,true(a12~e12),詈〈动〉(会意。从网，从言。本义从旁编造对方的缺点或罪状责骂) 同本义 詈，骂也。--《说文》。按，言之触罪网也。怒不至詈。--《礼记·曲礼》乃使勇士往詈齐王。--《战国策·秦策》女媭之婵媛兮，申申其詈予。--《楚辞·离骚》呼中丞之名而詈之。--明·张溥《五人墓碑记》岂受此人诟詈耶。--清·张廷玉《明史》又如詈语(骂人的话);詈言(骂人的言辞);詈侮(责骂侮辱);詈诅(辱骂诅咒)詈骂恶言詈骂詈lì骂，责备。
5170,嵬,表3丙表1000字,12画,wéi,丨 ㇄ 丨 丿 丨 𠃍 一 一 丿 乚 𠃋 丶,true(a12~e12),嵬 山高大的样子 嵬，高不平也。--《说文》陟彼崔嵬。--《诗·周南·卷耳》维山崔嵬。--《诗·小雅·谷风》又如嵬岌(嵬嵬。高耸的样子);嵬崿(险峻);嵬峨(高大的样子);嵬岸(高傲的样子);嵬崔(高耸的样子);嵬崛(高大貌)高。通巍 嵬，高也。--《广雅》险诈 怪诞，奇异。通傀 吾语汝学者之嵬容。--《荀子·非十二子》偷儒而罔…是学者之嵬也。又如嵬说(狂妄不实的言论)嵬wéi高大～峨。～ ～山崖。嵬wěi 1.见'嵬'。 2.见'嵬苶'。
5172,嵯,表3丙表1000字,12画,cuó,丨 ㇄ 丨 丶 丿 一 一 一 丿 一 丨 一,true(a12~e12),嵯(形声。从山，差声。本义山势高峻) 同本义 嵯，山貌也。--《说文》嵯，高也。--《广雅》崔巍嵯峨。--《史记·司马相如传》嵯 cuó【嵯峨】山势挺拔高竣。嵯cī 1.见'嵾嵯'。 2.见'崔嵯'。 3.见'嵯岈'。
5181,锃,表3丙表1000字,12画,zèng,丿 一 一 一 𠄌 丨 𠃍 一 一 一 丨 一,true(a12~e12),锃器物等经过擦磨或整理后闪光耀眼～亮。～光明亮。锃zèng器物经过擦、磨或整理等而闪光耀眼～光。～亮。
5186,锏,表3丙表1000字,12画,jiǎn,丿 一 一 一 𠄌 丶 丨 𠃌 丨 𠃍 一 一,true(a12~e12),锏 古代兵器，鞭类 三股叉，四楞锏，耀日争光。--元·关汉卿《单刀会》锏 车轴上的铁条，用以减少轴与毂之间的摩擦 膏锏有余，则车轻人。--《吴子·治兵》锏jiǎn⒈〈古〉兵器之一，金属制成，形状像鞭，有棱。锏jiàn⒈嵌在车轴上的铁，可保护车轴并减少摩擦力。
5187,锑,表3丙表1000字,12画,tī,丿 一 一 一 𠄌 丶 丿 𠃍 一 ㇉ 丨 丿,true(a12~e12),鋜〈名〉三价和五价类金属元素，通常是金属银白色结晶，脆且有点软 由锑衍生的一价离子sbh4+或基sbh4，已知仅以有机衍生物的形式存在 锑tī金属化学元素之一。符号sb。银白色，有光泽，质硬而脆。它与铅及锡的合金可制铅字用于印刷，锑化铟是一种重要的半导体材料。锑tí 1.见'鎕锑'。 2.通'蒂'。筑土的杵。
5188,锒,表3丙表1000字,12画,láng,丿 一 一 一 𠄌 丶 𠃍 一 一 𠄌 丿 ㇏,true(a12~e12),锒铛董卓以是收烈付郿狱锢之，锒铛铁锁。--《后汉书·崔寔传》锒铛锒铛入狱锒láng［锒铛］①铁锁链。②锁链等金属撞击时所发出的声音。
5193,氰,表3丙表1000字,12画,qíng,丿 一 一 ⺄ 一 一 丨 一 丨 𠃌 一 一,true(a12~e12),氰〈名〉一种无色可燃的毒性气体(cn)2，有桃叶味，可用多种方法(如加热氰化汞)制取且易于聚合 氰化钾氰化物氰qíng一种氮和碳的化合物。无色，有杏仁味的剧毒气体。燃烧时发出带有蓝色边缘的桃红色火焰。
5199,鹄,表3丙表1000字,12画,hú,丿 一 丨 一 丨 𠃍 一 丿 𠃌 丶 ㇉ 一,true(a12~e12),鹄gu箭靶的中心 目标，目的 此其鹄惟在于刑，其刑惟在于任威斩断，而五官之大法无与焉。--章炳麟《商鞅》鹄he通鹤。鸟名∽科各种禽类的泛称 夫鹄不日浴而白，乌不日黔而黑。--《庄子·天运》越鸡不能伏鹄卵。--《庄子·庚桑楚》王昭楚妃，千里别鹄。--嵇康《琴赋》大仪鹄发。--《后汉书·吴良传赞》鹄hu(形声。从鸟，告声。本义鸟名。指鸿鹄，又名黄鹄，俗称天鹅)同本义 青雀白鹄舫。--《玉台新咏·古诗为焦仲卿妻作》脱笼鹄gǔ⒈箭靶子。⒉见hú、hè。鹄hú⒈即'天鹅'。形状像鹅但比鹅大，颈长，全身羽毛呈白色的占多数。分有疣、无疣两类，无疣的鸣声宏亮。现已是受保护的珍禽，严禁猎杀食用～立（静立等候）。燕雀安知鸿～之志哉。⒉见gǔ。
5200,犍,表3丙表1000字,12画,jiān、qián,丿 一 丨 ㇀ 𠃍 一 一 一 一 丨 ㇋ ㇏,true(a12~e12),犍jian阉割过的牛 买得乌犍遇岁穰，此身永免属官仓。--陆游《稻饭》犍 阉割 其子三日便掐尾，六十日后犍。--《齐民要术》又如犍牛(阉割过的牛)犍子犍为 qian犍jiān⒈公牛。特指阉割了的公牛。也指阉割了的其它牲畜。⒉见qián㈡。犍qián⒈犍为县，在四川省。
5201,嵇,表3丙表1000字,12画,jī,丿 一 丨 丿 丶 一 丿 乚 丶 丨 ㇄ 丨,true(a12~e12),嵇 山名。嵇山 嵇jī姓。
5205,筚,表3丙表1000字,12画,bì,丿 一 丶 丿 一 丶 一 𠄌 丿 乚 一 丨,true(a12~e12),筚 (形声。从竹，毕声。本义用竹子编成的篱笆)同本义 筚，藩落也。--《说文》筚，篱也。--《广雅》筚门圭窦之人。--《左传·襄公十年》。注柴门也。又如筚门(荆竹编成的门。又称柴门。常用以喻指贫户居室);筚路(柴车。多以荆竹编织，简陋无饰)泛指用竹子、荆条等织成的器物 筚路蓝缕，以启山林。--《左传》筚路蓝缕筚路蓝缕，以启山林。--《左传》筚门圭窦筚 bì用荆条等编织的篱笆或其它遮挡物。【筚路蓝缕】驾驶柴车，穿着破烂衣服。形容创业的艰难。筚路柴车。蓝缕破衣服。
5207,筌,表3丙表1000字,12画,quán,丿 一 丶 丿 一 丶 丿 ㇏ 一 一 丨 一,true(a12~e12),筌〈名〉捕鱼器 夹潀罗筌。--郭璞《江赋》如筌箵(捕鱼用的竹编盛器);筌鱼(捕鱼);筌拾(犹收录)比喻牢笼 同荃。香草 君看孤松树，…既可习为饱，亦可薰为筌。--元稹《和乐天感鹤》引申指工具、手段 通铨。序次 筌quán用竹或草等编制的捕鱼器具得鱼忘～。
5209,傈,表3丙表1000字,12画,lì,丿 丨 一 丨 𠃍 丨 丨 一 一 丨 丿 ㇏,true(a12~e12),栗〈名〉(会意。甲骨文象结了果实的栗树形。本义木名。果实也称栗，可食)一种落叶乔木，果实叫栗子，果仁味甜，可以吃。木材坚实，供建筑和制器具用;树皮可供鞣皮及染色用;叶子可喂柞蚕 栗，栗木也。--《说文》树之榛栗。--《诗·鄘风·定之方中》练主用栗。--《公羊传·文公二年》哀公同社于宰我，宰我对曰夏后氏以松，殷人以柏，周人以栗。--《论语》又如栗主(用栗木做成的神牌位);栗跗(栗花)任一种栗属的乔木或灌木结的可食的甜味坚果 果至于梨栗枣之类。--宋·司马光傈lì
5212,傥,表3丙表1000字,12画,tǎng,丿 丨 丨 丶 丿 ㇀ 乛 丨 𠃍 一 丿 乚,true(a12~e12),傥〈形〉(形声。从人，党声。本义 洒脱不拘，不拘于俗)同本义 赞陈汤傥荡。--《汉书·傅常郑甘陈段传》。注无行检也。貌若傥荡不备。--《汉书·史丹传》又如倜傥(洒脱;不拘束)怅然自失，恍惚 文候傥然，终日不言。--《庄子·田子方》又如傥然(失志的样子);傥莽(怅然自失)正直 广大 安闲自得 傥（儻）tǎng⒈同上'倘'。⒉傥tàng 1.侥幸;偶然。
5213,傧,表3丙表1000字,12画,bīn,丿 丨 丶 ㇀ 乛 丿 丨 一 丨 一 丿 丶,true(a12~e12),傧 (形声。从人，宾声。本义接引客人)同本义 傧，导也。--《说文》字亦作攑。注出接宾曰摈。摈者，请期。--《仪礼·士冠礼》。注在主人曰摈，在客曰介。卿为上摈，大夫为承摈，士为绍摈。--《仪礼·聘礼》若有祭祀、宾客、丧纪，则摈。--《周礼·天官·内小臣》掌九仪之宾客摈相之礼。--《周礼·秋官·司仪》。注出接宾曰摈，入诏礼曰相。又如傧士(引导初为士者进见于王);傧相(迎宾称傧，赞礼称相)陈列，摆 傧尔笾豆。--《诗·小雅·常棣》通摈。排斥，抛弃 傧厥亲傧bìn①导引宾客或以礼迎宾。②指侍从的人。③陈列。④通'攑'。排斥;弃绝。傧bīn 1.尊敬。傧pín 1.皱眉。参见'傧笑'。
5214,遑,表3丙表1000字,12画,huáng,丿 丨 𠃍 一 一 一 一 丨 一 丶 ㇋ ㇏,true(a12~e12),遑 (形声。从辵，皇声。本义急迫)同本义 墨子遑遑，闵世也。--《盐铁论·散不足》又如遑急(急迫不安);遑遽(急迫不安，恐惧慌张)通惶。恐惧 权于是大怒，手剑欲击之，侍坐者莫不遑遽。--《三国志·虞翻传》戚戚然以至于死，此天民之遑遽者也。--《列子·杨朱》满堂变容，迥遑如失。--谢庄《月赋》仲达闻阵而惕惕，子丹望风而遑遑!--明·梦觉道人《三刻拍案惊奇》遑 空闲;闲暇 遑，暇也。--《玉篇》何斯违斯?莫敢或遑。--《诗·召南·殷其雷》自朝至于日中昃，遑huáng⒈闲暇，空闲不～（没有空闲）。⒉
5215,傩,表3丙表1000字,12画,nuó,丿 丨 ㇇ 丶 丿 丨 丶 一 一 一 丨 一,true(a12~e12),傩 (形声。从人，难声。本义步行有节度)同本义 巧笑之傩，佩玉之傩。--《诗·卫风·竹竿》指古迎神赛会 乡人傩，朝服而立于阼阶。(阼古指东面的台阶。)--《论语·乡党》又如傩祓(驱除疫鬼，祓除灾邪);傩逐(驱除疫鬼仪式中所唱的歌);傩鼓(驱除疫鬼仪式中敲击的鼓声)傩神傩戏傩（儺）nuó〈古〉驱逐所谓'疫鬼'的一种迷信仪式活动。
5219,畲,表3丙表1000字,12画,shē,丿 ㇏ 一 一 亅 丿 丶 丨 𠃍 一 丨 一,true(a12~e12),畬〈动〉火耕，焚烧田地里的草木，用草木灰做肥料的耕作方法 新畴复应畬。--陶渊明《和刘柴桑》又如畬种山林畬 〈名〉火耕地，指粗放耕种的田地 长刀短笠去烧畬畬。--刘禹锡《竹枝词》又如畬刀;畬田;畬耕(指用刀耕火种的方法耕种田地)畬族。同畬 畲shē畲shé 1.姓。唐代有畲钦。见《通志．氏族五》。
5222,翕,表3丙表1000字,12画,xī,丿 ㇏ 一 丨 𠃍 一 𠃌 丶 ㇀ 𠃌 丶 ㇀,true(a12~e12),翕 (形声。从羽，合声。本义闭合;收拢)同本义 蝘之兴，五日翕。--《夏小正》。按，飞起也。翕如也。--《论语》。皇疏习也。伐翕伐张。--《荀子·议兵》唯南有箕，载翕其舌。--《诗·小雅·大东》将欲翕之，必固张之。--《韩非子·喻老》唇吻翕辟，不知何词。--《聊斋志异·促织》又如翕翼(合翼);翕敛(收敛;收缩)聚集 翕集家门，倾动人物。--《世说新语·排调》又如翕集(聚集);翕翕(和合的样子);翕聚(会聚)顺从 翕xī⒈合，收敛一张一～（张开）。⒉和顺，协调～和。
5229,腓,表3丙表1000字,12画,féi,丿 𠃌 一 一 丨 一 一 一 丨 一 一 一,true(a12~e12),腓〈名〉胫骨后的肉，即腿肚子 腓大于股，难以趣走。--《韩非子》疾病 毒泾尚多死，渡泸宁具腓。--南朝 宋·鲍照《代苦热行》弊端 十年执政虽咸腓，发廪有议常坚持。--元·许有壬《哀弃儿》古代剔除膝盖骨或断足的酷刑 腓者，脱其膑也。--汉·班固《白虎通·五刑》又如腓辟(削去膝盖骨酷刑)腓〈形〉病害;枯萎。多指草木 秋日凄凄，百卉具腓。--《诗·小雅·四月》大漠穷秋塞草腓，孤城落日斗兵稀。--唐·高适《燕歌行》腓肠肌腓 féi⒈【腓骨】小腿外侧的长骨，比胫骨短而细。⒉【腓肠肌】胫骨后面隆起的肌肉，俗称'腿肚子'。
5231,腴,表3丙表1000字,12画,yú,丿 𠃌 一 一 丿 丨 一 𠃍 一 一 丿 ㇏,true(a12~e12),腴 (形声。从肉，臾声。本义腹下的肥肉)同本义 腴，腹下肥也。--《说文》君子不食圂腴。--《礼记·少仪》又冬右腴。桀纣之君，垂腴尺余。--《论衡·语增》猪狗的肠子 油脂 稻粱之味，甘而多腴。--《论衡》腴 肥胖;脂肪多;肥美 食止一日，膳无鲜腴。--《南史》肥沃 丰裕 处腴能约。--《晋书》美好 腴yú⒈腹下的肥肉垂～尺余。泛指肥胖充～。丰～。⒉肥美膏～之地。⒊丰裕处～能约（约节约）。舆yú⒈车厢。泛指车～马。又转指轿子肩～。⒉用车运载～粮。⒊众，众人的～论。～情。⒋地图，疆土～地。～图。
5237,鲂,表3丙表1000字,12画,fáng,丿 ㇇ 丨 𠃍 一 丨 一 ㇀ 丶 一 𠃌 丿,true(a12~e12),鲂 魚名。鳊鱼的古称 其钓维何，维鲂及鱮。--《诗·小雅·采绿》鱼名，似鳊鱼，银灰色，腹部隆起 比喻人的劳苦 鲂 fáng鲂鱼，与鳊鱼相似。体扁侧，银白色。头小而尖。腹部隆起。武昌鱼就是鲂鱼的一种。
5238,颍,表3丙表1000字,12画,yǐng,丿 乚 亅 ㇇ 丿 丶 一 丿 丨 𠃍 丿 丶,true(a12~e12),颍 (形声。从水，顷声。本义水名。蛴，淮河最大的支流)同本义 颍，颍水，出颍州阳城乾山东入淮。--《说文》发源于河南省登封县，至安徽流入淮河姓颍yǐng蛴，发源于河南省登封，流到安徽省正阳关入淮河。
5239,猢,表3丙表1000字,12画,hú,丿 ㇁ 丿 一 丨 丨 𠃍 一 丿 𠃌 一 一,true(a12~e12),猢〈名〉猴 猢狲你身躯虽是鄙陋，却像个食松果的猢狲。--《西游记》猢hú
5243,觞,表3丙表1000字,12画,shāng,丿 ㇇ 丿 𠃌 一 一 丨 丿 一 𠄎 丿 丿,true(a12~e12),觞 (形声。从角，傷声。金文从爵。本义古代盛酒器) 同本义 觞，爵实曰觞，虚曰觯。--《说文》请行觞。--《礼记·投壶》引壶觞以自酌，眄庭柯以怡颜。--晋·陶渊明《归去来兮辞》又如觞勺(指觞与勺。都是盛酒器);觞令(即酒令。今俗谓猜拳、划拳);觞豆(酒器与笾豆。皆为饮食的用具。借喻饮食);觞爵(酒器);觞觥(泛指酒器);觞酌(饮酒器)觞 向人敬酒 管仲觞桓公。--《吕氏春秋》觞酒豆肉。--《礼记·表记》王觞将军。--《战国策·秦策》楚王觞之。--《庄子·徐无鬼》又如觞（觴）shāng〈古〉喝酒用的器具举～棕。
5259,痧,表3丙表1000字,12画,shā,丶 一 丿 丶 ㇀ 丶 丶 ㇀ 丨 丿 丶 丿,true(a12~e12),痧〈名〉中医称霍乱、中暑、肠炎等急性病，又名痧气、痧胀 他两个又在路上中了暑，发了痧，不能赶路。--《文明小史》疹子 痧子痧shā中暑或某些急性传染病发～。
5262,瓿,表3丙表1000字,12画,bù,丶 一 丶 丿 一 丨 𠃍 一 一 𠄌 ⺄ 丶,true(a12~e12),瓿 古代器名 瓿bù 1.古代容器名。陶或青铜制。圆口﹑深腹﹑圈足，用以盛物。
5263,啻,表3丙表1000字,12画,chì,丶 一 丶 丿 ㇀ 乛 丨 𠃌 丨 丨 𠃍 一,true(a12~e12),啻 (形声。从口，帝声。本义仅仅，只有) 同本义 啻 chì仅仅；只有不～、何～。啻chì⒈但，仅，只岂～。⒉①不仅，不只不～三千里。②不异不～姊妹。
5264,颏,表3丙表1000字,12画,kē、ké,丶 一 𠃋 丿 丿 丶 一 丿 丨 𠃍 丿 丶,true(a12~e12),颏 下颌下方或下颌支之间的表面，通称下巴 颏，颐下也。--《玉篇》我手承颏肘拄座。--韩愈《记梦》又如颏颐(下巴和腮帮子);颏颔(下巴);颏颊(脸面，面子)颏宽颏kē下巴颏儿，在两腮及嘴的下面。它是脸的最下部分。颏ké 1.鸟名用字。
5265,鹇,表3丙表1000字,12画,xián,丶 丨 𠃌 一 丨 丿 丶 丿 𠃌 丶 ㇉ 一,true(a12~e12),鹇 (形声。从鸟，闲声。本义鸟名。鹇属各种鸟的通称。通指白鹇) 同本义 鹇（鷳）xián
5267,阒,表3丙表1000字,12画,qù,丶 丨 𠃌 丨 𠃍 一 一 一 一 丿 丶 丶,true(a12~e12),阒 寂静 林塘闻寂偏宜夜，烟火稀疏便似村。--《曲江夜思》又如阒静(寂静);阒无人声(静得没有一点人声);阒寥(寂静);阒黑(漆黑)空虚 窥其户，阒其无人。--《易·丰》如阒旷(空阔);阒如(空虚);阒其无人(空荡荡无人)阒寂阒寂的原野阒然庭园阒然阒qù寂静～无一人。
5268,阕,表3丙表1000字,12画,què,丶 丨 𠃌 ㇇ 丶 丿 丿 ㇏ 一 一 丿 丶,true(a12~e12),阕 (形声。从门，癸声。本义祭事结束而闭门)同本义。引申为止息;终了 阕，事已闭门也。--《说文》瞻彼阕者，虚室生白，吉祥止止。--《庄子·人间世》繁肴既阕，亦有寒羞。--张协《七命》尽;无剩余 俾民心阕。--《诗·小雅·节南山》物物卬市，日阙亡储。--《汉书》。颜师古注阕，尽也。日阕，言当日即尽，不蓄积也。旧指服丧期满 于是三年礼阕，乃相与刊勒金石。--《山阳太守祝睦后碑》乐终阕，曲终为阕。--《古今韵会举要》主人答拜，乐阕。--《仪礼阕què⒈止息，停止乍～（乍刚刚）。特指乐曲终止乐～（乐曲奏完）。⒉量词指词或歌曲歌两～。阕kuí 1.戟类兵器。
5270,遒,表3丙表1000字,12画,qiú,丶 丿 一 丨 𠃍 丿 ㇄ 一 一 丶 ㇋ ㇏,true(a12~e12),遒〈动〉(形声。从辵，酋声。本义迫近)同本义 遒，迫也。--《说文》遒相迫些。--《楚辞·招魂》岁忽忽而遒尽兮，恐余寿之弗将。--《楚辞·九辩》又如遒尽(迫近于尽头)终竟;完尽 肮脏仪刑在，惊呼岁月遒。--宋·苏轼《滕达道挽词二首》敷政优优，百禄是遒。--《诗·商颂·长发》又如遒变(骤变)遒 〈形〉急迫。也作迺 遒，急也。--广雅·释诂一》又如遒迫(迫逐);遒忽(匆遽;急速);遒进(骤进，大有长进);遒捷(短促急骤)强劲;强健;有力 遒qiú⒈刚劲，有力～劲。～健。⒉迫近。遒qiū 1.县名。一为汉置，一为隋置。分别在今河北省涞水县及定兴县。
5272,焯,表3丙表1000字,12画,zhuō、chāo,㇀ 丿 丿 丶 丨 一 丨 𠃍 一 一 一 丨,true(a12~e12),焯 把蔬菜放在开水里略微一煮就拿出来 焯 chāo把蔬菜等放入开水里略微煮一下拿出来～萝卜丝。又见zhuō。焯chāo⒈也作'绰'。将菜放入开水里稍微一煮就取出来～豌豆尖。焯zhuō⒈显明，明白。
5275,焱,表3丙表1000字,12画,yàn,㇀ 丿 丿 ㇏ ㇀ 丿 丿 丶 ㇀ 丿 丿 ㇏,true(a12~e12),焱 光华，光焰 焱，光华也。--《说文》日暾暾其西舍兮，阳焱焱而复顾。--《楚辞》纷翼翼以徐戾兮，焱回回其扬灵。--《文选·张衡·思玄赋》又如焱飞(火花飞舞的样子);焱悠(火花飘舞);焱焰(火焰);焱焱(光采闪耀的样子);焱攸(焱悠);焱炎(形容太阳的光和热);焱烘烘(火炽热的样子)焱yàn火花，火焰。
5276,鹈,表3丙表1000字,12画,tí,丶 丿 𠃍 一 ㇉ 丨 丿 丿 𠃌 丶 ㇉ 一,true(a12~e12),鹈鹕鹈tí
5279,湮,表3丙表1000字,12画,yān、yīn,丶 丶 ㇀ 一 丨 𠃍 丨 丨 一 一 丨 一,true(a12~e12),湮 (形声。从水，垔声。本义埋没，不被人所知道)同本义 始丧乱后，典章湮散。--《新唐书·魏征传》又如湮没不彰(埋没不显著);湮佚(埋设，散失);湮沉(湮沈;湮泯;湮昧;湮埋。埋没)淹没 淤塞;填塞;堵塞 郁湮不育。--《左传·昭公二十九年》。注湮，塞也。昔老禹之湮洪水，决江河。--《庄子》又如湮塞(堵塞)液体着物向四处散开◇作洇(襹??)) 绢布上写字，用姜汁磨及湮yān⒈埋没～没。～灭。⒉填塞～洪水。⒊见yīn。
5280,湎,表3丙表1000字,12画,miǎn,丶 丶 ㇀ 一 丿 丨 𠃍 丨 丨 一 一 一,true(a12~e12),湎 (形声。从水，面声。本义沉迷于酒)同本义 湎，沈于酒也。--《说文》罔敢湎于酒。--《书·酒诰》。郑注饮酒齐色曰湎。天不湎尔以酒。--《诗·大雅·荡》湎于酒。--《谷梁传》又如湎淫(沉溺于酒色)沈迷，沈溺(因过度爱好而难以舍弃) 故多言而类，圣人也，少言而法，君子也;多言无法，而流湎然，虽辩，小人也。--《荀子·非十二子》国家喜音湛湎，则语之非乐非命。--《墨子·鲁命》通偭。背，背向 湎 水流貌 湎miǎn沉迷（多指饮酒）～于酒。
5285,溲,表3丙表1000字,12画,sōu,丶 丶 ㇀ 丿 丨 一 𠃍 一 一 丨 ㇇ ㇏,true(a12~e12),溲 (形声。从水，叟声。本义用水调和)同本义 溲，浸沃也。--《说文》溲，水调粉面也。--《正字通》今苏俗言溲粉、溲面皆是。--《说文通训定声》明齐溲酒。--《仪礼·士虞礼》又如溲面(以水拌面)淘洗 析薪溲米。--《聊斋志异》又如溲箕(竹编的淘米用具)排泄大小便 湛至朝堂，遗失溲便，因自陈疾笃，不能复任朝，事遂罢之。--《后汉书·张湛传》臣闻昔者大任娠文王不变，少溲于豕牢，而得文王不加疾焉。--《国语》臣意诊之，曰涌疝也，溲sōu⒈解大小便，特指解小便～溺。⒉浸泡～米溲sǒu 1.浸;泡。 2.引申为沾湿;湿透。 3.以液体调和粉状物。 4.拌和。
5286,湟,表3丙表1000字,12画,huáng,丶 丶 ㇀ 丿 丨 𠃍 一 一 一 一 丨 一,true(a12~e12),湟 水名 湟，湟水也。出金城临羌塞外，东入河。--《说文》城池 湟池纡曲。--枚乘《七发》。注城池也。又如湟潦(低洼积水处)湟huáng⒈低洼的地方。⒉湟水，在青海省。
5287,溆,表3丙表1000字,12画,xù,丶 丶 ㇀ 丿 丶 一 一 亅 丿 丶 ㇇ ㇏,true(a12~e12),溆 水名 入溆浦余儃佪兮，迷不知吾所如。--《楚辞·屈原·涉江》水边 长飚落江树，秋月照沙溆。--南朝梁·何逊《赠江长史别》追欢于林溆之地。--清·吴锡麒《游西山记》溆xù
5291,渥,表3丙表1000字,12画,wò,丶 丶 ㇀ 𠃍 一 丿 一 𠃋 丶 一 丨 一,true(a12~e12),渥 (形声。从水，屋声。本义沾润)同本义 渥，沾也。--《说文》既优既渥。--《诗·小雅·信南山》其形渥。--《易·鼎》。注沾濡也。又如渥汗(指感受风寒的病人，服药后盖上棉被出汗);渥润(润泽)通剭(酷??)。剭诛。古代诛杀贵族在屋内行刑，不暴露于市 鼎折足，覆公餸，其形渥，凶。--《易·鼎卦幄》渥 浓厚;浓郁 光泽 颜如渥丹。渥wò⒈沾湿，沾润。⒉优厚优～。渥òu 1.沤。用液体浸泡。渥wū 1.用同'焐'。用热的东西接触凉的使变暖。 2.方言。陷入泥中。
5292,湄,表3丙表1000字,12画,méi,丶 丶 ㇀ 𠃍 丨 一 丿 丨 𠃍 一 一 一,true(a12~e12),湄 (形声。从水，眉声。本义岸边，水与草交接的地方) 同本义 湄，水草交为湄。--《说文》所谓伊人，在水之湄。--《诗·秦风·蒹葭》湄公河湄méi岸边，水边。
5293,滁,表3丙表1000字,12画,chú,丶 丶 ㇀ ㇌ 丨 丿 ㇏ 一 一 亅 丿 丶,true(a12~e12),滁 水名 古州名 环滁皆山也。--欧阳修《醉翁亭记》滁chú滁州，在安徽省。
5294,愠,表3丙表1000字,12画,yùn,㇀ 丶 丨 丨 𠃍 一 一 丨 𠃍 丨 丨 一,true(a12~e12),愠〈动〉(形声。从心，昷声。本义含怒，生气)同本义 愠，怒也。--《说文》愠，恨。--《苍颉篇》舞斯愠。--《礼记·檀弓》。注;犹怒也。愠而不出。--《左传·襄公二十三年》忧心悄悄，愠于群小。--《诗·邶风·柏舟》人不知而不愠，不亦君子乎。--《论语》又如愠怍(愠怒);愠恚(怨恨恼怒)羞，害羞 引得些鸳鸯儿交颈和鸣，忽的见了，愠的面赤，兜的心疼。--元·关汉卿《金线池》愠yùn生气，怨恨～色。～怒。愠yǔn 1.郁结。
5298,愀,表3丙表1000字,12画,qiǎo,㇀ 丶 丨 丿 一 丨 丿 丶 ㇀ 丿 丿 ㇏,true(a12~e12),愀〈形〉忧戚的样子。面容显得忧愁的样子 恭谨的 闻其言者，愀如也。--《法言》愀然于是二子愀然改容，超若自失。--《史记·司马相如列传》艾言闻，愀然不乐。--《三国演义》愀qiǎo⒈⒉愀qiù 1.萧条貌。
5303,谟,表3丙表1000字,12画,mó,丶 ㇊ 一 丨 丨 丨 𠃍 一 一 一 丿 ㇏,true(a12~e12),谟 (形声。从言，莫声。本义计谋，谋略) 同本义 遂献宏谟。--陆机《辩亡论下》谟，谋也。--《尔雅·释诂》周爰谘谟。--《淮南子·脩务》又如谟士(有才略的人。同谋士);谟臣(即谋臣);谟训(谋议和教训)谟 通无。没有 谟mó计划，谋略宏～。
5305,裢,表3丙表1000字,12画,lián,丶 ㇇ 丨 丿 丶 一 𠃋 一 丨 丶 ㇋ ㇏,true(a12~e12),见褡裢裢lian裢lián 1.见'褡裢'。
5309,祺,表3丙表1000字,12画,qí,丶 ㇇ 丨 丶 一 丨 丨 一 一 一 丿 丶,true(a12~e12),祺〈形〉(形声。从示，其声。本义幸福;吉祥) 同本义 祺，吉也。--《说文》寿考维祺。--《诗·大雅·行苇》唯春之祺。--《汉书·礼乐志》。注福也。又如祺祥(幸福吉祥);祺福(幸福)。书信中用于祝颂语。如近祺;文祺;时祺祺qí吉祥，福气文～。时～。
5312,谡,表3丙表1000字,12画,sù,丶 ㇊ 丨 𠃍 一 丨 一 丿 丶 丿 ㇇ ㇏,true(a12~e12),谡 站起来 谡谡谡谡长松谡谡风来谡sù⒈起来。⒉肃敬的样子。
5313,谥,表3丙表1000字,12画,shì,丶 ㇊ 丶 丿 一 丿 丶 丨 𠃍 丨 丨 一,true(a12~e12),谥 (形声。从言，益声。用言论给予褒贬，故从言。本作諡。本义古代皇帝、贵族、大臣、杰出官员或其它有地位的人死后所加的带有褒贬意义的称号) 同本义 title(of emperor， distinguished minister)]谥，行之迹也。--《北堂书钞》引《说文》谥者，别尊卑，彰有德也。--《白虎通》先王谥以尊名。--《礼记·表记》诔生时所行为之谥。--《论衡·道应》增谥美显，荣于身后。--明·张溥《五人墓碑记》又如谥法(由主祭者将名号赠给死者，以表彰他一生的功业);谥宝(古代帝王寝墓中，刻有帝后谥号的玺印);谥谱(记谥（諡）shì谥号。〈古〉帝王、贵族、大臣或其它有地位的人死后由朝廷另加的称号。以'文'、'武'等字为褒扬，如武帝；以'幽'、'厉'等字为贬谪，如幽王。也有由亲友或弟子加谥号的称'私谥'，如陶渊明私谥'靖节'。
5314,谧,表3丙表1000字,12画,mì,丶 ㇊ ㇀ ㇃ 丶 丿 丶 丨 𠃍 丨 丨 一,true(a12~e12),谧 (形声。本义安静) 同本义(指环境的安静，没有动荡，没有骚扰) 谧，静语也，一曰无声也。--《说文》其化清谧。--《素问·气交变大论》。注谧，静也。其政谧。--《五常正大论》。注谧，静也。海表谧然。--《三国志·东夷传》四海谧然，宇内晏清。--《魏书·于栗忠传》内外寂谧。--《汉武帝内传》又如谧然(平静的样子);谧宁(宁静);谧尔(安静的样子);谧谧(沉寂的样子)谧mì安宁，平静～静。安～。
5316,孱,表3丙表1000字,12画,chán、càn,𠃍 一 丿 ㇇ 亅 一 ㇇ 亅 ㇀ ㇇ 亅 一,true(a12~e12),孱头我今夜拿不住他算孱头孱 (会意。从尸，犹从屋省，本义狭窄)同本义 孱，迮也，--《说文》孱，窄也。--《集韵》浅陋，低劣 术学肤孱。--宋祁《授龙图阁谢恩表》形容谨小慎微的样子 君子博学而孱守之。--《大戴礼记·曾子立事》懦弱 若素名勇，徒能藉贫孱者耳。--明·高启《书博鸡者事》又如孱夫(懦弱的人);孱王(懦弱的君王)瘦弱 孱弱孱 chán①瘦弱，软弱。②低能。【孱弱】①（身体）瘦弱。②懦弱无能。③薄弱；不充实。孱chán⒈懦弱，低劣～弱。～才。孱jiān 1.窘迫。 2.迫近。孱càn 1.见'孱头'。孱zhàn 1.孱陵。古地名。见《汉书·地理志上》。
5317,弼,表3丙表1000字,12画,bì,𠃍 一 ㇉ 一 丿 丨 𠃍 一 一 𠃍 一 ㇉,true(a12~e12),弼 同本义 弼，辅也。--《说文》。按，当训弓辅也。辅佐君王的大臣 柱石之臣，宜民辅弼。(左称辅，右称弼。)--《后汉书·伏湛传》梦帝赉予良弼。--《书·说命上》一日去良弼，如亡左右手。--《新唐书》弼　辅助，特指臣下辅佐君王 择其能正色。弼违。--《晋书·武帝纪》能弼宁晋室，辅予一人。--《晋书·元帝纪》予违汝弼。--《书·益稷》建立辅弼。--曹操《求言令》又如辅弼(辅佐);弼匡(辅佐改正);弼教(辅助教化)弼 bì辅佐；帮助。
5318,巽,表3丙表1000字,12画,xùn,𠃍 一 乚 𠃍 一 乚 一 丨 丨 一 丿 丶,true(a12~e12),巽 (会意。小篆。从丌)同本义 巽，具也。--《说文》消散 巽，散也，物皆生布散也。--《释名·释天》巽 八卦之一。代表风 巽为木，为风。--《易·说卦》又如巽地(吉利的地方);巽二郎(传说中的风神);巽二(古时传说中的风神名。《易·说卦》有巽为木，为风，故名)东南方 巽 卑顺;怯懦 童蒙之吉，顺以巽巽xùn八卦之一，代表风。
5320,媪,表3丙表1000字,12画,ǎo,𡿨 丿 一 丨 𠃍 一 一 丨 𠃍 丨 丨 一,true(a12~e12),媪〈名〉(形声。从女，昷)声。本义对老年妇女的敬称)同本义白发谁家翁媪。--辛弃疾《清平乐》老臣窃以为媪之爱燕后，贤于长安君。--《战国策·赵策》又如媪妪(年老的妇女)对妇女的通称昂年五岁，乳媪(奶母)携抱匿于庐山。--《南史·袁昂传》母亲卫君自请薄媪。--《韩非子·外储说右上》袄 (形声。从衣，夭声。本义有衬里的上衣)皮衣之类的御寒衣服身上穿着银红撇花半旧大袄。--《红楼梦》又如皮袄;袄子(棉袄的俗称)泛指上衣。如棉袄;夹袄媪ǎo年老的妇女。也泛指妇女乳～。
5325,皴,表3丙表1000字,12画,cūn,𠃋 丶 丿 丶 丿 ㇇ 丶 乛 丿 丨 ㇇ ㇏,true(a12~e12),皴 皮肤坼裂 皴，皮细起也。--《字略》如皴劈(粗皱龟裂);孩子的手皴了打皱;皱缩 客皴眉而俯，不复抽言。--宋·盛均《真龙对》皴 中国画的一种技法，用淡干墨涂染以表现山石纹理，峰峦折痕及树身表皮的脉络、形态 皴裂手足皴裂皴 cūn①（皮肤）因受冻而裂开手～了。②国画画山石时，勾出轮廓后，再用淡干墨侧笔而画，叫做皴。【皴法】皴的各种用法。
5326,婺,表3丙表1000字,12画,wù,㇇ 丶 乛 亅 丿 丿 一 丿 ㇏ 𡿨 丿 一,true(a12~e12),婺 星名。即婺女，二十八宿之一，玄武七宿的第三宿 婺，婺女，星名。--《广韵·遇韵》水名，乐安江上游，别称婺江 古州名君居东婺我西湖。--《和姜梅山》婺 不顺从 婺，不繇也。--《说文》婺剧婺wù婺水，在江西省。
5327,骛,表3丙表1000字,12画,wù,㇇ 丶 乛 亅 丿 丿 一 丿 ㇏ 𠃍 ㇉ 一,true(a12~e12),骛 (形声。从马，敄声。本义纵横奔驰)同本义。泛指疾驰 代御执辔持策，则马咸骛矣。--《韩非子·外储说右下》又如骛驰(车马奔驰);骛行(驰行);骛神(驰神);骛置(急驰传递);骛骛(奔腾的样子)追求;强求。也作务 病学者厌卑近而骛高远，卒无成焉。--脱脱《宋史》又如好高骛远;骛利(求利);骛名(追求名誉);骛奇(猎奇);骛华(追求华丽);骛新(追求时髦)骛 迅速 肝脉骛暴。--《素问·大奇论》又如骛骤(迅疾行进);骛驶(疾速奔驰);骛扬(迅疾浮游)骛wù⒈乱跑，纵横驰骋。⒉通'务'。追求。
5328,缂,表3丙表1000字,12画,kè,𠃋 𠃋 ㇀ 一 丨 丨 一 丨 𠃍 一 一 丨,true(a12~e12),缂 织纬 缂丝刻丝，最早产生在我国宋代缂kè缂丝，又作'刻丝'。是我国特有的一种丝织的手工艺品。在织纬线时，留出需织各种花纹的地方，然后用有色丝线补织上去，致使花纹像雕刻出来的一样。
5331,彘,表3丙表1000字,12画,zhì,𠃋 ㇇ 一 一 𠄌 丿 一 一 丿 丶 丿 乚,true(a12~e12),彘 (象形。小篆字形。矢声，其余象猪头、脚。本义彘本指大猪，后泛指一般的猪)同本义 彘，豕也◇蹏废谓之彘。--《说文》彘，猪也。--《小尔雅》食黍与彘。--《礼记·月令》。注水畜也。彘者，北方之牲也。--《贾子胎教》竹山有兽焉，名曰毫彘。--《西山经》。注貆猪也。吴楚呼鸾猪。故明主表信，如曾子杀彘也。--《韩非子·外储说左上》鸡豚狗彘。--《孟子·梁惠王上》赐之彘肩。--《史记·项羽本纪》又与一生彘肩。又加彘肩上。又如彘狗不如;如彘牢;猪圈)，(彘肩(即肘子。彘zhì〈古〉指猪。大猪。
5338,飨,表3丙表1000字,12画,xiǎng,𠃋 𠃋 丿 丿 ㇏ 丶 𠃍 一 一 𠄌 丿 丶,true(a12~e12),飨 (会意兼形声。从食，从乡，乡亦声。本义乡人相聚宴饮)同本义 飨，乡人饮酒也。--《说文》飨，歆飨。--《广韵》尚蚸。--《仪礼·少牢馈食礼》将弗克飨为人而已。--《国语·晋语一》君其飨之。--《国语·晋语四》先祭而后飨。--《淮南子·说山》朋酒斯飨，曰杀羔羊。--《诗·豳风》。毛传飨，乡人饮酒也。设盛宴待宾客 钟鼓既没，一朝飨之。--《诗·小雅·彤弓》及飨日，帷诸门左。--《左传·昭公二十七年》夫人姜氏飨齐侯。--《谷梁传·庄公四年》。注飨（饗）xiǎng⒈受用，满足～受。～有。～福。共～太平。⒉用酒饮食款待人～客。以～读者（〈喻〉满足读者的需求）。
5347,骜,表3丙表1000字,13画,ào,一 一 丨 一 𠃌 丿 丿 一 丿 ㇏ 𠃍 ㇉ 一,true(a13~e13),骜 (形声。从马，敖声。本义好马，良马) 同本义 良马期乎千里，不期乎骥骜。--《吕氏春秋·察今》。注千里马也。王者乘之游敖，因曰骥骜也。又如骜放(任性傲物)骜 放纵奔驰 服偃蹇以低昂兮，骖连蜷以骄骜。--《楚辞·远游》骜 通傲。骄傲 士骜爵禄者，固轻其主。--《吕氏春秋·下贤》夫智伯之为人也，好利而骜愎。--《韩非子·十过》始皇刚暴而骜狠。--《抱朴子·极言》骜ào⒈骏马或马不驯良骥～。⒉不驯顺桀～不驯。
5349,髡,表3丙表1000字,13画,kūn,一 丨 一 一 一 𠃋 丶 丿 丿 丿 一 丿 乚,true(a13~e13),髡 (形声 。从髟，与毛发有关，兀声。本义古代一种剃去头发的刑罚)同本义 髡，剃发也。--《说文》髡者，使守积。--《周礼·掌戮》辩通凿颠者髡。--刘向《列女传》接舆髡兮。--《楚辞·屈原·涉江》乃髡钳季布。--《史记·季布栾布列传》又如髡刖(古代刑罚，去发称髡，断足称刖);髡钳(古代刑罚，去发为髡，用铁束颈为钳);髡发(剃去头发);髡首(剃光头发，光头);髡人(被剃去头发的罪人);髡头(光头。同髡首)剪去树枝 十年以后，髡一树髡（髠）kūn〈古〉⒈一种剃去头发的刑罚。⒉剪去树的枝梢大树～之，小树不～。
5350,塬,表3丙表1000字,13画,yuán,一 丨 ㇀ 一 丿 丿 丨 𠃍 一 一 亅 丿 丶,true(a13~e13),塬〈名〉中国西北部黄土高原地区因冲刷而形成的高地 塬yuán四周陡，顶面平之高地。这也是我国西北黄土高原地区，因流水冲刷而形成的此种地貌。
5351,鄢,表3丙表1000字,13画,yān,一 丨 一 丨 一 一 ㇉ ㇀ 丶 丶 丶 ㇌ 丨,true(a13~e13),鄢 古邑名 春秋楚别都，汉惠帝时改为宜城，在今湖北省宜城县春秋莒邑。又名鄢陵、安陵，在今山东省沂水县境周国名 姓鄢yān
5353,趑,表3丙表1000字,13画,zī,一 丨 一 丨 一 丿 ㇏ 丶 ㇀ 丿 乛 丿 丶,true(a13~e13),趑趄一人荷锄，万夫趑趄。--张载《剑阁铭》彼则趑趄于卿士之门，我则婆娑于圣贤之域。--皇浦湜《谕业》陈顼因循伪业，自擅金陵，屡遣丑徒，趑趄江北。--《隋书》趑zī
5357,搋,表3丙表1000字,13画,chuāi,一 亅 ㇀ 丿 丿 丨 一 乛 丿 一 乚 丿 ⺄,true(a13~e13),搋〈动〉用力揉物 藏物于怀 只见陶铁僧栾了四五十钱，鹰觑鹘望，看布帘里面，约莫没人见，把那见钱怀中便搋。--《警世通言》搋子搋chuāi用手揉、压，使搀入物和匀～面粉。～糯米饭。
5360,搛,表3丙表1000字,13画,jiān,一 亅 ㇀ 丶 丿 一 𠃍 一 一 丨 丨 丿 ㇏,true(a13~e13),搛 夹持 你把茄鮝搛些喂他。--《红搂梦》又如用筷子搛菜搛jiān筷子夹取～菜。～点心。
5362,摈,表3丙表1000字,13画,bìn,一 亅 ㇀ 丶 ㇀ 乛 丿 丨 一 丨 一 丿 丶,true(a13~e13),摈 排斥;弃绝 摈，相排斥也。--《玉篇》贤者摈于朝。--《淮南子·说林训》六国从亲以摈秦。--《战国策·赵策》已摈忧患寻常事，留得豪情作楚囚。--恽代英《狱中诗》又如摈兑(除掉;以命换命);摈落(排去，弃而不用);摈压(受到排斥压迫)通傧。导引宾客 宗人摈。--《仪礼·有司彻》君召使摈，色勃如也。--《论语·乡党》掌九仪之宾客摈相之礼。--《周礼·司仪》凡四方之使者，大客则摈。--《周礼·小行人》摈 bìn废弃；排开。【摈斥】排斥（多用于人）。【摈除】排除；不采用（多用于事物）～旧俗。【摈弃】抛弃。
5364,毂,表3丙表1000字,13画,gǔ,一 丨 一 ㇀ 乛 一 𠃋 丨 ㇀ 丿 ㇍ ㇇ ㇏,true(a13~e13),毂辘毂 (形声。从车 。本义 车轮中心的圆木， 周围与车辐的一端相接， 中有圆孔， 可以插轴)同本义 操吴戈兮被犀甲，车错毂兮短兵接。--《楚辞·屈原·国殇》又如 轮毂; 绾毂; 毂击肩摩(并行的车子车毂相触击，行人的肩膀相摩擦。形容行人车马川流不息); 毂下(车下)。又作象声词。如毂毂(摇动或滚动的声音)泛指车 转毂百数(百数指数量多)。--《汉书》毂gǔ车轮中心的圆木，中有圆孔，可以插轴。泛指车推～（推车。〈喻〉推荐）。
5366,搡,表3丙表1000字,13画,sǎng,一 亅 ㇀ ㇇ 丶 ㇇ 丶 ㇇ 丶 一 丨 丿 ㇏,true(a13~e13),搡〈动〉被丁言志搡了一交。--《儒林外史》伊…装好一碗饭，搡在七斤的面前。--鲁迅《呐喊》搡sǎng用力推使力～。将他～了个跟头。搡sàng 1.顶撞。
5368,戡,表3丙表1000字,13画,kān,一 丨 丨 一 一 一 丿 丶 ㇄ 一 ㇂ 丿 丶,true(a13~e13),戡〈动〉(形声。从戈，甚声。本义刺杀)同本义 戡，刺也。--《说文》。字亦作勘。西伯既戡黎。--《书·西伯戡黎》用武力平定 戡，克也。--《尔雅》兴元戡难功。--《旧唐书·陆贽传》又如戡夷(平定，征讨使服从);戡平叛乱;戡殄(平定歼灭);戡复(犹言中兴。平定叛乱);戡剪(平定剪除);戡戮(平定诛戮);戡济(戡定。平定)戡乱戡kān攻克，平定～难。～乱。
5370,鄞,表3丙表1000字,13画,yín,一 丨 丨 一 丨 𠃍 一 一 一 丨 ㇀ ㇌ 丨,true(a13~e13),鄞 古地名 通垠 鄞yín鄞县，在浙江省。
5371,靳,表3丙表1000字,13画,jìn,一 丨 丨 一 丨 𠃍 一 一 丨 丿 丿 一 丨,true(a13~e13),靳 (形声。从革，斤声。从革，表示与皮革有关。本义套在辕马胸部的皮革，也用作辕马的代称)同本义 靳，当膺也。--《说文》吾从子，如骖之靳。--《左传·定公九年》。注车中马也。言如骖马之首，当服马之靳，相随从也。又如靳令(靳固，确定。指严格执行法令);靳道(同劲道。指面觔吃起来有韧性。喻性格柔中有刚)游环 弸辕谓之靳。--《广雅》姓靳 吝惜 悔不小靳jìn〈古〉⒈吝啬，吝惜小～（稍微吝啬一点）。⒉奚落，嘲笑～之。⒊套在辕马胸部的皮革，也用作辕马的代称。
5373,蓦,表3丙表1000字,13画,mò,一 丨 丨 丨 𠃍 一 一 一 丿 ㇏ 𠃍 ㇉ 一,true(a13~e13),蓦 (形声。从马，莫声。本义骑)同本义 蓦，上马也。--《说文》蓦六駮。--左思《吴都赋》冒;冲(上来) 杨雄看了那妇人，一时蓦上心来。--《水浒传》蓦 突然，忽然 蓦mò忽然，突然～然。～地。
5379,蒯,表3丙表1000字,13画,kuǎi,一 丨 丨 丿 𠃌 一 一 丿 𠃌 一 一 丨 亅,true(a13~e13),蒯〈名〉蒯草 虽有丝麻，无弃菅蒯。--《左传·成公九年》又如蒯席(蒯草编的席);蒯履(用蒯草打的草鞋)古地名 姓蒯〈动〉用指甲挠 我绰着经儿，只望着他那痒处替他蒯。--《醒世恒言》蒯kuǎi蒯草，多年生草本，丛生于水边。茎可织席、制绳索等。
5383,蒺,表3丙表1000字,13画,jí,一 丨 丨 丶 一 丿 丶 ㇀ 丿 一 一 丿 ㇏,true(a13~e13),蒺(形声。从苃，疾声。本义蒺藜)蒺藜一年生草本植物，茎横生在地面上，开小黄花，果实也叫蒺藜，有刺，可以入药像蒺藜的东西。如铁蒺藜，蒺藜骨朵旧时一种兵器蒺jí①一年生草本，茎横卧于地上，羽状复叶，夏季开小黄花。果实有刺，也叫'蒺藜'，可供药用。②像蒺藜有刺的东西铁～藜（〈古〉我国御敌的一种障碍物）。
5387,蒹,表3丙表1000字,13画,jiān,一 丨 丨 丶 丿 一 𠃍 一 一 丨 丨 丿 ㇏,true(a13~e13),蒹 初生的芦苇? 蒹jiān没有长穗的芦苇。
5389,蒗,表3丙表1000字,13画,làng,一 丨 丨 丶 丶 ㇀ 丶 𠃍 一 一 𠄌 丿 ㇏,true(a13~e13),宁蒗 彝族自治县，在云南蒗làng宁蒗彝族自治县，在云南省。
5390,蓥,表3丙表1000字,13画,yíng,一 丨 丨 ㇀ 乛 丿 ㇏ 一 一 丨 丶 丿 一,true(a13~e13),蓥 琢磨使发光。亦作莹 莹，磨也。--《广雅》蓥（鎣）yíng华蓥山，在四川省和重庆市交界处。蓥yīng 1.古代一种长颈瓶。短足，似眀。 2.磨拭使光亮。 3.明亮。
5395,楝,表3丙表1000字,13画,liàn,一 丨 丿 丶 一 丨 𠃍 丶 丿 一 丨 丿 ㇏,true(a13~e13),楝〈名〉楝树 楝liàn又叫'苦楝'。落叶乔木，羽状复叶，花淡紫色，果实椭圆形黄褐色。果实和根皮均可供药用。木材可供建筑及制器具等用。
5396,楫,表3丙表1000字,13画,jí,一 丨 丿 丶 丨 𠃍 一 一 丨 丨 一 一 一,true(a13~e13),楫 (形声短的船桨)同本义。短曰楫，长曰楫 棹，短曰楫，长曰棹。--《韵会》楫，舟擢也。--《说文》桧楫桧舟。--《诗·卫风·竹竿》楫齐扬以容与兮。--《楚辞·哀郢》。注船櫂也。亡维楫。--《汉书·贾谊传》泛指船桨 假舟楫者，非能水也，而绝江河。--《荀子·劝学》樯倾楫摧。--宋·范仲淹《岳阳楼记》横卧一楫。--明·魏学洢《核舟记》楫左右舟子各一人。又如中流击楫;舟楫;楫子(船桨);楫橹(桨与橹);楫櫂(船桨)船 通民楫，而阻夷船之闯入者。--梁延《夷氛闻记》楫（檝）jí船桨舟～。激流击～。
5397,楸,表3丙表1000字,13画,qiū,一 丨 丿 丶 丿 一 丨 丿 丶 ㇀ 丿 丿 ㇏,true(a13~e13),揪〈名〉落叶乔木，干高叶大，夏天开黄绿色细花，木材质地致密，可做器具 揪，梓也。--《说文》望长楸而太息兮。--《楚辞·哀郢》棋盘 楸qiū落叶乔木，干高叶大，夏季开白色带有紫斑的花，果实细长。木材致密，耐湿，供建筑、造船、制器具等。种子可供药用。叶可喂猪。
5398,椴,表3丙表1000字,13画,duàn,一 丨 丿 丶 丿 丨 一 一 ㇀ 丿 ㇍ ㇇ ㇏,true(a13~e13),椴 椴树属植物的泛称 椴 duàn落叶乔木。木质细密，供建筑、造纸及制作家具、火柴杆等用。
5401,皙,表3丙表1000字,13画,xī,一 丨 丿 丶 丿 丿 一 丨 丿 丨 𠃍 一 一,true(a13~e13),皙 (形声。从白，析声。日光具有白色之义。本义皮肤白净)同本义(白得雅气，好看) 皙，人色白也。--《说文》扬且之皙也。--《诗·鄘风·君子偕老》其民皙而瘠。--《周礼·大司徒》白皙疏眉目。--《汉书·霍光传》为人洁白皙。--《乐府诗集·陌上桑》人间好妙年，不必须白皙。--杜甫《送李校书二十六韵》吴儿多白皙，好为荡舟剧。--李白《越女词》又如皙皙(形容清秀白净)白色 有先登者，臣从之，皙帻而衣狸制。--《左传·定公九年》。杜预注皙，白也。皙xī人的皮肤白白～的皮肤。
5402,榈,表3丙表1000字,13画,lǘ,一 丨 丿 丶 丶 丨 𠃌 丨 𠃍 一 丨 𠃍 一,true(a13~e13),榈lǘ⒈
5404,榉,表3丙表1000字,13画,jǔ,一 丨 丿 丶 丶 丶 丿 一 丿 ㇏ 一 一 丨,true(a13~e13),榉 榉树 具用材，还供建筑、造船用，分布于中国、日本、朝鲜榉树，山中处处有之，皮似檀槐，叶如栎槲。--《本草纲目》榉（櫸）jǔ⒈榉树，落叶乔木，跟'榆'相近。木材坚实、耐水，可作建筑、造船、制家具等用。⒉山毛榉，也叫'水青棡'。落叶乔木，树皮有粗纹，像鳞片。木材坚硬，供建筑、造船、制家具、做枕木等用。
5405,楦,表3丙表1000字,13画,xuàn,一 丨 丿 丶 丶 ㇀ 乛 一 丨 𠃍 一 一 一,true(a13~e13),楦 (榗俗作楦)木制的鞋楦子 榗，履法也。从木，爰声。--《说文》。字亦作楦。苏俗谓之楦头。削木如履，置履中使履成如式。平直不皴。又如楦排(鞋楦);楦头(制鞋用的木制模型)楦 将物体的中空部分填实或撑大 譬如贼偷和狗咬，他凭楦得大肚饱。--刘大白《田主来》又如楦麒麟(谓虚有其表);楦酿(谓杂凑，凑搭)楦（榗）xuàn⒈⒉用东西把物体中空的部分填满，使它鼓起来使用楦头～鞋。把这只兔皮～起来。
5407,楹,表3丙表1000字,13画,yíng,一 丨 丿 丶 𠄎 丿 ㇇ 丶 丨 𠃍 丨 丨 一,true(a13~e13),楹 (形声。从木，盈声。本义厅堂前部的柱子)同本义 楹，柱也。--《说文》旅楹有闲。--《诗·商颂·殷武》刮楹达乡。--《礼记·明堂位》丹桓宫楹。--《春秋·庄公二十三年》又如楹柱(厅堂前部的柱子)量词。计算房屋多少的单位，一列为一楹 楹yíng⒈厅堂前部的柱子～联（柱子上的对联）。⒉量词。旧时把一间房屋叫一楹有屋四～。
5412,酮,表3丙表1000字,13画,tóng,一 丨 𠃍 丿 ㇄ 一 一 丨 𠃌 一 丨 𠃍 一,true(a13~e13),酮〈名〉一类有机化合物(如丙酮) 但不如醛活泼酮tóng有机化合物的一类，通式r-co-r'。许多酮具有工业价值，其中的丙酮是优良的溶剂。
5413,酰,表3丙表1000字,13画,xiān,一 丨 𠃍 丿 ㇄ 一 一 丿 一 丨 一 丿 乚,true(a13~e13),酰 有机化合物的一类，是脂肪酸的结构式中除羟基时所余下的原子团，通式是r·co-，也叫酰基，旧称醯 酰xiān
5414,酯,表3丙表1000字,13画,zhǐ,一 丨 𠃍 丿 ㇄ 一 一 丿 乚 丨 𠃍 一 一,true(a13~e13),酯 水解时产生一种有机酸(或无机酸)和一种醇(或酚)的化合物 特征的酯zhǐ由醇和酸相互作用失去水后生成的一类有机化合物，通式Ｒ-ＣＯＯ-Ｒ'。有的高级酯是脂肪的主要成分。低级酯通常是液体，有香味，常用作溶剂或香料。
5421,碚,表3丙表1000字,13画,bèi,一 丿 丨 𠃍 一 丶 一 丶 丿 一 丨 𠃍 一,true(a13~e13),碚--地名用字  碚bèi 1.见'碚祑'。 2.见'碚磊'。 3.地名用字。北碚，在四川省重庆市。 4.地名用字。虾蟆碚，在湖北省宜昌市西北。宋欧阳修有《虾蟆碚》诗，自注云'今土人写作'背'字，音佩。'
5422,碇,表3丙表1000字,13画,dìng,一 丿 丨 𠃍 一 丶 ㇀ 乛 一 丨 一 丿 ㇏,true(a13~e13),碇 停船时沉入水底用以稳定船身的石块或系船的石礅 至操寨边，瑜命下碇石。--《三国演义》又如碇石(稳定船身的石块或系船的石礅);碇铁(系船于碇石的铁索);下碇任何一种像锚那样用来把船固定在一个地方的东西(如石头或水泥块) 碇 船停泊，下碇 是日六月晦，无月，碇宿大海中。--苏轼《东坡志林》碇泊碇泊在岸边的渔船有五六十艘碇dìng 1.系船的石墩下～（停船）。起～（开船）。
5423,碜,表3丙表1000字,13画,chěn,一 丿 丨 𠃍 一 𠃋 丶 一 丿 ㇏ 丿 丿 丿,true(a13~e13),碜 食物里夹着沙子的 丑;难堪 用同惨 碜 很。表示深度加深 碜 chěn①食品中夹杂有沙子牙～。②不好看真够寒～。碜（磣、硶）chěn⒈东西里杂有沙子牙～（食物里杂有沙子磕牙）。⒉丑陋难看。①丑陋，难看。②丢脸。
5425,辏,表3丙表1000字,13画,còu,一 𠃋 丨 ㇀ 一 一 一 丿 ㇏ 一 一 丿 丶,true(a13~e13),辏 (形声。从车，奏声。本义车轮上的辐条集中于觳上)同本义 辐辏而轮转，出入更卷舒。--《参同契》聚集 四方辐辏。--《汉书·叔孙通传》。师古曰辏，聚也，言如车辐之聚于毂也。又如辏集(聚集;稠密);晗(凑合;聚集);辏泊(聚集)添加 靠近 辏力辏còu 1.车轮的辐条内端聚集于毂上。参见'辐辏'。 2.聚集。 3.通'凑'。接近，靠。 4.通'凑'。碰。
5426,龃,表3丙表1000字,13画,jǔ,丨 一 丨 一 丿 丶 ㇄ 丨 丨 𠃍 一 一 一,true(a13~e13),龃龉其志龃龉。--《太玄·亲》谁能坐此苦，龃龉于其中。--白居易《达里》龃jǔ龃zhā 1.牙齿不正。
5427,龅,表3丙表1000字,13画,bāo,丨 一 丨 一 丿 丶 ㇄ 丨 丿 𠃌 𠃍 一 乚,true(a13~e13),龅  牙齿突露在唇外
5428,訾,表3丙表1000字,13画,zǐ,丨 一 丨 ㇀ 丿 乚 丶 一 一 一 丨 𠃍 一,true(a13~e13),訾 衡量;计量 息耗减损通于不訾。--《淮南子·原道》訾功丈而知人数。--《吕氏春秋·知度》。注相也。訾相其质，足以比成事，诚可立而授之。--《国语·齐语》又如訾粟(度量粟米);訾计(估量计算);訾相(衡量省视);訾省(计算、察核财物)考虑;希求 心悁忿而不訾前后者，可亡也。--《韩非子》不訾重器，毋訾衣服成器。--《礼记·少仪》又如訾问(考虑、过问)放纵 离纵而跂訾者也。--《荀子·非十二子》小谨者无成功，訾行者不容于众。--《淮南子》訾 通訾zī⒈姓。訾zǐ⒈毁谤，诋毁，非议～毁。～议。訾cī 1.疾病。参见'訾厉'。 2.过失。
5429,粲,表3丙表1000字,13画,càn,丨 一 丿 ㇇ 丶 ㇇ 丶 丶 丿 一 丨 丿 ㇏,true(a13~e13),粲 (形声。从米)声。本义上等白米)同本义;又指美食 还予授子之粲兮。--《诗·郑风·缁衣》露齿笑 军人粲然皆笑。--《谷梁传·昭公四年》又如以博一粲粲 鲜明的样子 粲，文也。--《广雅》粲，鲜也。--《释言》如此粲者何。--《诗·唐风·绸缪》粲粲衣服。--《诗·小雅·大东》。传鲜盛貌。角枕粲文茵，锦衾烂长筵。--《世说新语·排调》又如粲花(形容言谈生动优美，如百花灿烂);粲粲(鲜明的样子)粲然粲càn 1.精米。 2.指精洁，洁白。 3.鲜明貌;美好貌。 4.明白;清楚。 5.众多。 6.笑貌。 7.通'餐'。
5431,睚,表3丙表1000字,13画,yá,丨 𠃍 一 一 一 一 丿 一 丨 一 一 丨 一,true(a13~e13),睚 眼角 睚，目际也。--《说文新附》睚眦然于世道中未免迂阔怪诡，百口嘲谤，万目睚眦。--《红楼梦》一饭之德必偿;睚眦之怨必报。--《史记·范雎蔡泽传》凡平日一餐之德，睚眦之怨，无不报复。--《三国演义》睚眦必报瓒恃其才力，不恤百姓，记过忘善，睚眦必报。--《后汉书·公孙瓒传》睚yá⒈眼角。⒉
5433,韪,表3丙表1000字,13画,wěi,丨 𠃍 一 一 一 丨 一 丿 ㇏ 一 一 𠃌 丨,true(a13~e13),韪 (形声。从是，韦声。本义是;对)同本义 韪，是也。--《说文》犯五不韪。--《左传·隐公十一年》君子韪之。--《左传·昭公二十年》人韪其言。--《明史》又如冒天下大不韪(这里的不韪是罪，反国家罪的意思)善 京室密清，罔有不韪。--《文选·东京赋》美好 故开元、天宝间，播兄弟七人皆擢进士第，衣冠光韪。--《新唐书》韪（韙）wěi是，对五不～。冒天下之大不～。
5435,嗉,表3丙表1000字,13画,sù,丨 𠃍 一 一 一 丨 一 𠃋 𠃋 丶 亅 丿 丶,true(a13~e13),嗉 许多鸟类的食管的扩大部分，形成一个小囊，用来贮存食物，并对其初步浸解 岂无鵰，嗉中食饱不肯搏。--唐·白居易《秦吉了》装酒或饮料的容器 嗉囊嗉子嗉sù⒈⒉〈方〉装酒的一种小壶，底大，颈细长。
5436,睨,表3丙表1000字,13画,nì,丨 𠃍 一 一 一 丿 丨 一 𠃍 一 一 丿 乚,true(a13~e13),睨〈动〉(形声。从目，兒声。本义斜视)同本义 睨，视也。--《说文》余与褐之父睨之。--《左传·哀公十三年》睨而视之。--《礼记·中庸》虽羿逢蒙不能眄睨也。--《庄子·山水》相如持其璧睨柱。--《史记·廉颇蔺相如列传》卖油翁释担而立，睨之，久而不去。--宋·欧阳修《归田录》又如睨注(斜着眼睛注视);睨笑(斜视而笑);睨视(斜视，旁视;傲视)视 旨酒一盛兮，余与褐之父睨之。--《左传·哀公十三年》陟升皇之赫戏兮，忽临睨夫旧乡。--《楚辞·离骚》。玉逸注睨，视也。顾视，回视 睨nì
5437,睢,表3丙表1000字,13画,huī、suī,丨 𠃍 一 一 一 丿 丨 丶 一 一 一 丨 一,true(a13~e13),睢 仰视的样子 睢，仰目也，从目，隹声。--《说文》暴戾恣睢。--《史记·伯夷传》万众睢睢。--《汉书·五行志》又如睢盱(睁眼仰视的样子);睢睢(仰视的样子)睢suī睢县，在河南省。睢huī 1.见'睢睢盱盱'。 2.见'睢盱'。 3.张目貌。参见'睢维'﹑'睢呿'。 4.欢乐自得貌。 5.见'睢剌'。 6.今读(suī)恣意。参见'恣睢'。
5438,雎,表3丙表1000字,13画,jū,丨 𠃍 一 一 ㇀ 丿 丨 丶 一 一 一 丨 一,true(a13~e13),雎 (形声。从隹，短尾鸟，且声。本义雎鸠，即鱼鹰)同本义 关关雎鸠，在河之洲。--《诗·周南》水名 雎jū
5439,睥,表3丙表1000字,13画,bì、pì,丨 𠃍 一 一 一 丿 丨 𠃍 一 一 丿 一 丨,true(a13~e13),睥睨睥pì(又读bì)
5442,嗫,表3丙表1000字,13画,niè,丨 𠃍 一 一 丨 丨 一 一 一 ㇇ 丶 ㇇ ㇏,true(a13~e13),嗫嚅口将言而嗫嚅。--韩愈《送李愿归盘谷序》嗫（囁）niè①吞吞吐吐。口动，要说却又不说。②窃窃私语。
5446,戥,表3丙表1000字,13画,děng,丨 𠃍 一 一 丿 一 一 丨 ㇀ 一 ㇂ 丿 丶,true(a13~e13),戥 戥子 戥〈动〉用戥子称东西 戥 děng①戥子。一种小型的称，用来称金、银、药品等微量的东西。②用戥子称把这点人参～～。又写做'等'。
5450,遢,表3丙表1000字,13画,tā,丨 𠃍 一 一 𠃌 丶 ㇀ 𠃌 丶 ㇀ 丶 ㇋ ㇏,true(a13~e13),见邋遢遢ta［邋遢］①肮脏，不整洁。②糊涂，不利落。遢tā 1.见'邋遢'。 2.通'塌'。凹陷貌。
5451,暌,表3丙表1000字,13画,kuí,丨 𠃍 一 一 ㇇ 丶 丿 丿 ㇏ 一 一 丿 丶,true(a13~e13),暌〈动〉(形声。从日，癸声。本义日落)同本义 暌，日入也。--《古今韵会举要》通睽。分离，隔开 伊余本羁客，重暌复心赏。--何逊《入西塞示南府同僚》又如暌违(分离;不在一起);暌阻(阔别;离别);暌间(离间;使分离)同睽。形容注视 暌别暌别多日暌别经年暌阔两地暌阔暌kuí⒈⒉违背，不合，隔离～违。～离。
5452,跬,表3丙表1000字,13画,kuǐ,丨 𠃍 一 丨 一 丨 ㇀ 一 丨 一 一 丨 一,true(a13~e13),跬〈名〉(形声。从足， 圭声。本义 古代的半步) 古时称人行走， 举足一次为跬， 举足两次为步， 故半步叫跬 故不积跬步，无以至千里。--《荀子·劝学》又如跬行(举足而行);跬步(半步;跨一脚;举步;迈步)跬 引申为靠近的、 眼前的 跬kuǐ〈古〉称走路时移动一只脚叫'跬'，先后移动两只脚叫'步'（即今两步）～步（古称半步）。〈喻〉眼前的，一时的～誉无用。
5453,跶,表3丙表1000字,13画,da,丨 𠃍 一 丨 一 丨 ㇀ 一 丿 丶 丶 ㇋ ㇏,true(a13~e13),
5456,跣,表3丙表1000字,13画,xiǎn,丨 𠃍 一 丨 一 丨 ㇀ 丿 一 丨 一 丿 乚,true(a13~e13),跣 (形声。从足，先声。本义赤脚)同本义 跣，足亲地也。--《说文》公跣而出。--《国语·晋语》祭不跣者，主敬也。--《礼记·少仪》注古者以跣为敬，故非大功臣，不得剑履上殿。--《五杂俎》又如跣足(赤脚);跣剥(脱)跣xiǎn
5457,跹,表3丙表1000字,13画,xiān,丨 𠃍 一 丨 一 丨 ㇀ 丿 一 丨 丶 ㇋ ㇏,true(a13~e13),跹翩跹 形容轻快地跳舞跹（躚）xiān
5458,跻,表3丙表1000字,13画,jī,丨 𠃍 一 丨 一 丨 ㇀ 丶 一 丿 ㇏ 丿 丨,true(a13~e13),跻 (形声。从足，齐声。本义升，登)同本义 跻，登也。--《说文》跻于九陵，勿逐。--《易·震》跻彼公堂，称彼兕觥。--《诗·豳风·七月》跻踬连绝。--王褒《洞箫赋》又如跻踬(或上或下);跻览(登高眺望);跻险(登上高险处);跻登(攀登;登上);跻峰造极(登上山峰绝顶)达到 晋升 大事于大庙，跻僖公，逆祀也。--《左传·文公二年》又如跻陟(晋升，升迁);跻升(升迁)下坠 今尔无指告予颠跻。--《书·微子》跻（躴）jī升，登～彼公堂。
5460,蜊,表3丙表1000字,13画,lí,丨 𠃍 一 丨 一 丶 丿 一 丨 丿 丶 丨 亅,true(a13~e13),蜊〈名〉蛤蜊 蜊li蜊lí 1.蛤蜊。
5461,蜍,表3丙表1000字,13画,chú,丨 𠃍 一 丨 一 丶 丿 ㇏ 一 一 亅 丿 丶,true(a13~e13),蜍〈名〉(形声。从虫，余声。本义蟾蜍的省称) 同本义 天边蜍兔，去我堂堂。--清·陈维崧《风流子》蜍chú
5462,蜉,表3丙表1000字,13画,fú,丨 𠃍 一 丨 一 丶 丿 丶 丶 丿 ㇇ 亅 一,true(a13~e13),蜉 fú【蜉蝣】昆虫。幼虫生活在水中。成虫褐绿色有翅一对或两对，在水面上飞行，生存期极短，只数小时至七天左右，一般都是朝生暮死（交尾产卵后即死）。
5468,嗥,表3丙表1000字,13画,háo,丨 𠃍 一 丿 丨 𠃍 一 一 一 丿 ㇏ 一 丨,true(a13~e13),嗥 吼叫 嗥，咆也。--《说文》字又通号亡乌嗥之弓。--《孔子家语·好生》又如嗥嘶(大声嘶叫);嗥吠(狗大叫);嗥嗥(兽类吼叫声);嗥呼(呼叫;号叫)通号∨哭，哭叫 儿子终日嗥而嗌不嗄。--《庄子·庚桑楚》。释文嗥，又作号。又如嗥唃(号唃。大声哭);嗥叫(大声哭叫;叫唤;兽类的吼叫)嗥（嘷）háo野兽吼叫狼～。听，有～叫声。
5478,嵊,表3丙表1000字,13画,shèng,丨 ㇄ 丨 丿 一 丨 丨 一 ㇀ 丿 乚 丿 ㇏,true(a13~e13),嵊 山名。嵊山，在浙江省嵊县东 嵊，山名。在剡县也。--《广韵》嵊县 嵊shèng嵊县，在浙江省。
5492,锱,表3丙表1000字,13画,zī,丿 一 一 一 𠄌 𡿨 𡿨 𡿨 丨 𠃍 一 丨 一,true(a13~e13),锱 (形声。从金，甾声。本义古代的重量单位) 同本义 锱，六铢也。--《说文》锱锤之冠。--《淮南子·说山》八铢为锱。--《广韵》铢六则锤，锤晖也;二锤则锱，锱炽也;二锱则两也。--《风俗风义》虽分国如锱铢。--《礼记·儒行》。郑玄注八两曰锱。说法不一。等于6铢、8铢、12铢、6两或8两不等。引申为微小。如锱毫(比喻细微处);锱介(比喻微小);锱锤(比喻微小之物);锱铢不爽(分毫不差)锱铢奈锱zī〈古〉重量单位。一说'六铢'为'一锱'，'四锱'为'一两'。
5493,雉,表3丙表1000字,13画,zhì,丿 一 一 丿 丶 丿 丨 丶 一 一 一 丨 一,true(a13~e13),雉 (形声。从隹，矢声。隹，短尾鸟的总称。本义野鸡)同本义 雉有十四种。--《说文》雉者，野鸟。--《尚书大传》雉，耿介之鸟也。--《韩诗章句》离为雉。--《易·说卦》凡挚士雉谓其守介节。交有时，别有伦也。--《礼记·曲礼》雄雉于飞。--《诗·邶风·雄雉》无雉兔鲋鱼。--《墨子·公输》又如雉尾扇(野鸡尾部羽毛制作的扇子。亦为仪仗之一);雉尾(皇帝坐朝时左右侍从所执的用野鸡尾羽制的扇障);雉经(吊死;上吊)古代计算城墙面积的单位 五楮而雉zhì⒈俗称'野鸡'，已少见，要保护，禁止猎杀。现已能人工饲养。雄的尾长，羽毛鲜艳美丽。雌的尾短，羽毛黄褐色，体较小。善走而不能久飞。肉可吃，羽毛可作装饰品。⒉〈古〉计算城墙面积，长三丈高一丈为一雉。〈引〉城墙楼～。雉kǎi 1.见'砯雉'。
5494,氲,表3丙表1000字,13画,yūn,丿 一 一 ⺄ 丨 𠃍 一 一 丨 𠃍 丨 丨 一,true(a13~e13),氲〈名〉(形声。从气，氲声。双音词氤氲，指气或光色混和动荡的样子) --见氤氲氲yūn
5496,歃,表3丙表1000字,13画,shà,丿 一 丨 丿 丨 一 𠃍 一 一 丿 乛 丿 ㇏,true(a13~e13),歃〈动〉(形声。从欠，杀声。从欠表示与口、出气有关。本义饮，微吸)饮 公相与歃此血于堂下。--《史记》特指饮血 歃血王当歃血而定从，次者吾君，次者遂。--《史记·平原君虞卿列传》歃shà饮，喝。特指古人盟会时，杀牲畜饮血（一说涂在嘴唇上），以表示诚意～血为盟。
5499,稔,表3丙表1000字,13画,rěn,丿 一 丨 丿 丶 丿 ㇏ 丶 ㇇ ㇀ ㇃ 丶 丶,true(a13~e13),稔 (形声。从禾，念声。本义庄稼成熟)同本义 稔，谷熟也。--《说文》不稔于岁。--《国语·吴语》。注熟也。岁比登稔。--《后汉书·明帝纪》吴兴频岁失稔。--《南史·顾宪之传》又如稔岁(禾谷丰收的年岁);稔收(犹丰收);稔泰(谓年岁丰登，天下太平)事物积久养成 夏殷之朝适穷，桀纣之恶适稔。--《论衡·偶会》又如稔戾(积罪);稔奸(谓一向通奸);稔恶(罪恶深重);稔恶不悛(长期作恶而不悔改);稔恶盈贯(谓所积罪恶之多，达于极点);稔恶藏奸(长期作恶，包藏祸心);稔祸(酿祸);稔乱(酿祸);稔寇(稔rěn⒈庄稼成熟丰～。⒉年，一年五～。⒊熟悉～知。相～。
5500,筠,表3丙表1000字,13画,yún、jūn,丿 一 丶 丿 一 丶 一 丨 ㇀ 丿 𠃌 丶 ㇀,true(a13~e13),筠jun古州名 唐武德七年置。以地产筠篁得名。辖境约当今江西省高安、上高、新昌等县地唐羁縻州，其地即今四川省南部的筠连县筠yun(形声。从竹，均声。本义竹子的青皮;竹皮)同本义 筠，竹皮之美质也。--《广韵》手握青筠之杖。--王嘉《拾遗记》其在人也，如竹箭之有筠也。--《礼记》。郑玄注筠，竹之青皮也。绮窗唱和，指花月为题，绣阁论情，对松筠为誓。--《警世通言》又如筠管(竹管);筠筒(竹筒);筠窗(竹窗);筠梯(竹梯);筠席(竹席); 筠床(竹床);筠jūn⒈筠连县，在四川省。⒉见yún。筠yún⒈竹皮，竹子。。
5504,筱,表3丙表1000字,13画,xiǎo,丿 一 丶 丿 一 丶 丿 丨 丨 丿 一 丿 ㇏,true(a13~e13),筱〈名〉小竹，细竹 筱，箭属，小竹也。--《说文》绿筱媚青涟。--谢灵运《过始宁墅》小 筱（簊）xiǎo⒈细竹子。⒉同'小'。多见于人名。
5506,煲,表3丙表1000字,13画,bāo,丿 丨 丨 𠃍 一 一 丨 丿 丶 ㇀ 丿 丿 ㇏,true(a13~e13),煲 煲 用煲煮或熬 煲bāo 1.方言。壁较陡直的锅子。 2.方言。用文火烧煮或熬。
5508,徭,表3丙表1000字,13画,yáo,丿 丿 丨 丿 丶 丶 丿 丿 一 一 丨 ㇄ 丨,true(a13~e13),徭 通徭姓徭 (形声。从彳同本义 徭役多则民苦。--《韩非子·备内》又如徭力(工役劳力);徭夫(服劳役的民夫)历史文献对瑶族的称谓 徭役徭（傜）、繇yáo徭役（〈古〉统治者强迫人民承担的无偿劳动）。
5509,愆,表3丙表1000字,13画,qiān,丿 丿 丨 丶 丶 ㇀ 一 一 亅 ㇀ ㇃ 丶 丶,true(a13~e13),愆 (形声。从心，衍声。本义过错;罪过)同本义 愆，过也。--《说文》失所为愆。--《左传·哀公十六年》不愆不忘。--《诗·大雅·假乐》街亭之役，咎由马谡，而君引愆。--《三国志·诸葛亮传》又如愆锁(罪锁);愆戾(过失;罪咎);愆尤(过失，罪咎);愆忒(差错);愆罪(罪咎，罪过);愆殃(过失，罪恶);愆负(过失);愆过(罪恶，罪过)泪出羞涩疼痛甚，大人肝肾虚风愆。--《医宗金鉴》愆 〈动〉违背、违反 愆qiān⒈过失，差错，罪过无～。⒉延误，耽搁～期。
5510,艄,表3丙表1000字,13画,shāo,丿 丿 𠃌 丶 一 丶 丨 丶 丿 丨 𠃌 一 一,true(a13~e13),艄〈名〉船尾 舵 本，本钱 要想日子过得好，穷人指望翻个艄。--《中国歌谣资料第二集》艄公老艄公不顾自己正在发喘……二话不说，驾起船，直奔河心。--《为了六十一个阶级弟兄》艄shāo船尾船～。又指船的舵掌～。～公（掌舵的人。〈引〉船夫）。
5512,毹,表3丙表1000字,13画,shū,丿 丶 一 丨 𠃌 一 一 丨 亅 丿 一 一 乚,true(a13~e13),氍毹毛织的地毯毹shū毹yú 1.见'氍毹'。
5517,腠,表3丙表1000字,13画,còu,丿 𠃌 一 一 一 一 一 丿 ㇏ 一 一 丿 丶,true(a13~e13),腠 (形声。从肉，奏声。本义腠理。皮下肌肉之间的空隙) 同本义 君有疾在腠理，不治将恐深。--《韩非子》腠 còu【腠理】中医指皮肤的纹理和皮下肌肉之间的空隙。
5518,腩,表3丙表1000字,13画,nǎn,丿 𠃌 一 一 一 丨 丨 𠃌 丶 丿 一 一 丨,true(a13~e13),腩〈名〉干肉 腩，脯也。--《广雅》牛肚子上的松软肌肉或用以做成的菜肴 腩 〈动〉用调味品浸渍肉类以备炙食 亦以盐、豉汁腩之。--《齐民要术》腩nǎn〈方〉牛肚子上和近肋骨处的肉。
5524,詹,表3丙表1000字,13画,zhān,丿 ㇇ 一 丿 丿 丶 丶 一 一 一 丨 𠃍 一,true(a13~e13),詹 话多，噜苏 大言炎炎，小言詹詹。--《庄子》又如詹詹(言辞琐碎，喋喋不休的样子);詹詹炎炎(喋喋不休的样子)詹 姓詹zhān⒈多言。⒉至。⒊通'蟾'。蟾蜍。詹dàn 1.足。 2.通'憺'。畏惧。参见'詹惶'。
5525,鲅,表3丙表1000字,13画,bà,丿 ㇇ 丨 𠃍 一 丨 一 ㇀ 一 丿 ㇇ ㇏ 丶,true(a13~e13),鲅 马鲛属(scomberomorus)几种鲭的任一种 鲅bō 1.鱼掉尾而游貌。参见'鲅鲅'。 2.鱼名。形状似鲤而色赤的鱼，赤鲤。鲅bà 1.鱼名。亦称蓝点鲅﹑马鲛鱼﹑燕鱼。体略呈纺锤形。口大。鳞细。背黑蓝色，腹侧银灰色。生活于海洋。肉可食。
5530,鲋,表3丙表1000字,13画,fù,丿 ㇇ 丨 𠃍 一 丨 一 ㇀ 丿 丨 一 亅 丶,true(a13~e13),鲋 鲫鱼 蛤蟆 井谷射鲋。--《易·井》鲋 fù古书上指鲫鱼。
5535,觥,表3丙表1000字,13画,gōng,丿 ㇇ 丿 𠃌 一 一 丨 丨 丶 丿 一 丿 乚,true(a13~e13),觥 (形声。从角，黄声。俗从光声。本义中国古代用兽角制的酒器，后也有用木或铜制的) 同本义 觵，兕牛角可以饮者也。--《说文》我姑酌彼兕觥。--《诗·周南·卷耳》。传角爵也。又如觥爵(盛酒的器皿);觥筹(酒器和酒令筹);觥盏(酒杯);觥盂(酒器)觥 大，丰盛 觥饭不及壶食。--《国语·越语》觥羊之义。--扬雄《太玄·毅》又如觥羊(大羊);觥饭(丰盛的饭菜);觥责(大加指责)刚直、壮健的样子 关中觥觥郭子横。--《后汉书·郭宪传》。注觥gōng〈古〉一种盛酒器具，用兽角制成。
5537,馐,表3丙表1000字,13画,xiū,丿 乛 𠄌 丶 丿 一 一 一 丿 𠃍 丨 一 一,true(a13~e13),馐 本字为羞。精美的食品 酒既行，珍肴杂错，入口甘芳，并异常馐。--《聊斋志异》又如馐膳(饭菜);馐馔(珍肴美味);馐错(珍馐海错)馐xiū美好的食物珍～。
5545,瘁,表3丙表1000字,13画,cuì,丶 一 丿 丶 ㇀ 丶 一 丿 丶 丿 丶 一 丨,true(a13~e13),瘁 (形声。从疒，卒声。从疒，表示与疾病有关。本义困病)同本义 顇，病也。--《尔雅》邦国殄顇。--《汉书·王莽传》又如瘁音(疲病衰弱的声音);瘁瘁(疲病的样子)劳累 生我劳瘁。--《诗·小雅·蓼莪》使人心瘁。--《高唐赋》又如瘁瘅(劳累痛苦);瘁心(犹苦心;劳心);瘁志(谓苦心劳神，一意于某事)忧愁;悲伤 登高远望，使人心瘁。--宋玉《高唐赋》又如瘁瘁(忧愁貌);瘁貌(忧愁容);瘁慑(忧伤屈服貌)憔悴;枯槁 仆夫况瘁。--《诗·小雅·出车》又如瘁 cuì过度艰辛鞠躬尽～。
5546,瘆,表3丙表1000字,13画,shèn,丶 一 丿 丶 ㇀ 𠃋 丶 一 丿 ㇏ 丿 丿 丿,true(a13~e13),瘆（瘮）shèn使人害怕～人。～得发抖。
5547,麂,表3丙表1000字,13画,jǐ,丶 一 丿 𠃍 丨 丨 一 一 𠄌 丿 乚 丿 ⺄,true(a13~e13),麂〈名〉麂子 麂皮麂jǐ
5549,歆,表3丙表1000字,13画,xīn,丶 一 丶 丿 一 丨 𠃍 一 一 丿 乛 丿 ㇏,true(a13~e13),歆〈动〉飨，嗅闻 其香始升，上帝居歆。--《诗·大雅》又如歆享(歆止，歆飨。神灵享受供物);歆嗅(歆飨);歆尝(神灵享用祭品)动 无然歆羡。--《诗·大雅·皇矣》。朱熹集传歆，欲之动也。以弗无子，履帝武敏歆。--《诗·大雅·生民》又如歆动(触动;惊动)贪图;羡慕 若易中下，楚必歆之。--《国语·楚语上》又如歆美(钦羡赞美);歆淫(纵乐);歆叹(钦羡赞叹)歆 〈形〉悦服;欣喜 以言德于民，民歆而德之，则归心焉。--《国语·周语下》又如歆服(歆xīn欣喜，羡慕～羡。
5552,阖,表3丙表1000字,13画,hé,丶 丨 𠃌 一 丨 一 𠃋 丶 丨 𠃍 丨 丨 一,true(a13~e13),阖 (形声。从门，盍声。本义门扇)同本义 阖，门扇也。--《说文》外阖不闭。--《荀子·儒效》。注阖，门扇也。又如阖扇(门扇)门 盖墙用的草帘子 茨墙则剪阖。--《周礼》姓。如阖庐(指吴王夫差之父)阖 关闭是故阖户谓之坤。--《易·系辞上》。虞注阖，闭翕也。欲阖口而无言兮。--《楚辞·东方朔·七谏谬谏》当且阖閤，勿有所问。--《汉书·孙宝传》阖门善俟。--明·高启《书博鸡者事》以可阖门。--明·归有光《项阖、⒊閤hé⒈关闭～门。⒉门扇，门板修～。⒊（也作'合'）全，总共～家团圆。～家欢庆。
5556,豢,表3丙表1000字,13画,huàn,丶 丿 一 一 丿 ㇏ 一 丿 ㇁ 丿 丿 丿 丶,true(a13~e13),豢 (形声。从豕。本义设围栏以谷物养猪)同本义 豢，以谷圈养豕也。--《说文》夫豢豕为酒。--《礼记·乐记》案刍豢。--《礼记·月令》掌豢祭祀。--《周礼·槁人》又如豢圉(饲养牛马的地方)泛指喂养;饲养 凡畜养禽兽，皆曰豢。--《正字通》古者畜龙，故国有豢龙氏，有御龙氏。--《左传·昭公二十九年》又如豢池(养鱼池);豢牢(兽圈);豢畜(犹豢养);豢圉(养牛马的地方);豢牺(喂养牲畜)以利益为饵来引诱人为其服务，任其宰割 豢文臣帷幄无谋，豢武夫疆豢huàn喂养，饲养～养。～猪。
5559,煳,表3丙表1000字,13画,hú,㇀ 丿 丿 丶 一 丨 丨 𠃍 一 丿 𠃌 一 一,true(a13~e13),煳 食品经火变焦发黑;衣物等经火变黄、变黑 煳hú 1.食品衣物等经火变焦发黑。
5560,煜,表3丙表1000字,13画,yù,㇀ 丿 丿 丶 丨 𠃍 一 一 丶 一 丶 丿 一,true(a13~e13),煜 (形声。从火，昱声。本义照耀) 同本义 日以煜乎昼，月以煜乎夜。--《太玄·元告》煜 光耀;明亮 煜煜煜yù⒈照耀。⒉火焰。
5562,煅,表3丙表1000字,13画,duàn,㇀ 丿 丿 丶 丿 丨 一 一 ㇀ 丿 ㇍ ㇇ ㇏,true(a13~e13),煅 (锻的俗字)同锻。打铁;锤击 放在火里烧(中药制法之一) 煅 duàn①同'锻'。②中药炮（páo）制作之一，将药石放在火中烧，以减少烈性～龙骨（象、犀牛等的骨骼化石，有镇静收殓等作用）。煅xiā 1.火气猛烈。
5565,煺,表3丙表1000字,13画,tuì,㇀ 丿 丿 丶 𠃍 一 一 𠄌 丿 丶 丶 ㇋ ㇏,true(a13~e13),煺 把已宰杀的猪、鸡等用滚开水烫后去掉毛 煺tuì鸡、猪等宰杀后，用滚水烫并去掉毛。
5566,滟,表3丙表1000字,13画,yàn,丶 丶 ㇀ 一 一 一 丨 丿 ㇇ 𠃍 丨 一 乚,true(a13~e13),滟 (形声。从水，艳声。本义水闪闪发光) 同本义 水光潋滟晴方好。--苏轼《饮湖上初晴后雨》又如滟潋(水光耀貌);滟滟(水光貌)滟（灧）yàn
5568,溘,表3丙表1000字,13画,kè,丶 丶 ㇀ 一 丨 一 𠃋 丶 丨 𠃍 丨 丨 一,true(a13~e13),溘〈副〉(形声。从水，盍声。①本义水流。②忽然) 突然地、忽然地 又如溘逝(突然死亡);溘然长逝;溘死(忽然而死);溘谢(忽然逝世)溘　死亡 溘kè⒈忽然，突然～死。⒉①水声。②寒冷的样子。
5571,溥,表3丙表1000字,13画,pǔ,丶 丶 ㇀ 一 丨 𠃍 一 一 丨 丶 一 亅 丶,true(a13~e13),浦〈名〉(形声。从水，甫声。本义水滨)同本义 浦，濒也。--《说文》率彼淮浦。--《诗·大雅·常武》江浦之橘。--《吕氏春秋·本味》望涔阳兮极浦。--《楚辞·湘君》召洛浦之宓妃。--张衡《思玄赋》又如浦淑(水边的美女);浦帆(水滨的帆船);浦溆(水边);浦鸥(水边的鸥鸟);浦滩(滩岸)指池、塘、江河等水面 江河与支流的汇合处 还为越王禽于三江之浦。--《战国策·秦策》又如浦口(小河入江的地方);溥pǔ⒈广大宏～。⒉通'普'。普遍。⒊通'浦'。水边。溥fū 1.分布。溥pò 1.见'溥漠'。
5572,溧,表3丙表1000字,13画,lì,丶 丶 ㇀ 一 丨 𠃍 丨 丨 一 一 丨 丿 ㇏,true(a13~e13),溧〈名〉古水名 在今江苏省溧阳县。源出安徽省芜湖市，经高淳县入境。也称陵水，一名濑水，又名永阳江即今湖北省随州市的溧河溧lì溧水，溧阳县，均在江苏省。
5573,溽,表3丙表1000字,13画,rù,丶 丶 ㇀ 一 丿 一 一 𠄌 丿 ㇏ 一 亅 丶,true(a13~e13),溽 (形声。从水，辱声。本义湿热)同本义 溽，湿暑也。--《说文》土润溽暑。--《礼记·月令》。注;润溽谓涂湿也。又如溽夏(湿热的夏天);溽景(溽暑的烈日);溽蒸(溽热，湿热);溽润(湿润);溽露(繁多的露水)味浓厚，尤指美味 其居处不淫，其饮食不溽。--《礼记·儒行》溽 古水名，溽水。在今江苏省溧阳县 己酉，天子饮于溽水之上。--《穆天子传》溽rù⒈湿润～暑（闷热的天）。⒉浓厚。
5577,滗,表3丙表1000字,13画,bì,丶 丶 ㇀ 丿 一 丶 丿 一 丶 丿 一 一 乚,true(a13~e13),滗 挡住渣滓或泡着的东西，将液体轻轻倒出 滗析滗 bì挡住渣滓或泡着的东西，把液体倒出把药汤～出来。
5583,溏,表3丙表1000字,13画,táng,丶 丶 ㇀ 丶 一 丿 𠃍 一 一 丨 丨 𠃍 一,true(a13~e13),溏〈名〉(形声。从水，唐声。本义水池) 同本义◇作塘 溏 〈形〉未凝固的，像糊状的 溏táng泥浆～泥。〈引〉半流动的，不凝结的煮的～心蛋。
5586,溟,表3丙表1000字,13画,míng,丶 丶 ㇀ ㇀ 乛 丨 𠃍 一 一 丶 一 丿 丶,true(a13~e13),溟 (形声。从水，冥声。本义小雨濛濛)同本义 溟，小雨溟溟也。--《说文》密雨溟沐。--杨雄《太玄·少》。注雨之细者称溟沐。又如溟沐(细雨的样子)通冥。暗昧，不明事理 礼义廉耻不设，万民莫相侵暴虐，犹在于混溟之中也。--《文子·下德》溟 〈名〉海 或倒景于重溟。--孙绰《游天台山赋》。注谓海也。地势极而南溟深。--王勃《滕王阁序》又如东溟;溟岛(海中的小岛);溟渤(传说中的溟海、渤海。泛指大海)溟濛上瞻溟míng海北～有鱼。溟mǐng 1.见'溟涬'。
5588,愫,表3丙表1000字,13画,sù,㇀ 丶 丨 一 一 丨 一 𠃋 𠃋 丶 亅 丿 丶,true(a13~e13),愫 诚意，真情实意 披腹心，见情愫。--《汉书》愫sù诚意，真情情～。
5592,骞,表3丙表1000字,13画,qiān,丶 ㇀ 乛 一 一 丨 丨 一 丿 ㇏ 𠃍 ㇉ 一,true(a13~e13),骞 (形声。从马，寒省声。本义马腹病，指腹部亏损低陷)同本义 骞，马腹垫也。--《说文》。谓马腹低陷不充垫者，下也。闵子骞名损，或曰即左襄廿三传之闵子马。--《史记·弟子传》骞，马腹垫也。臣锴曰腹病骞损。《诗》曰不骞不亏。古人名损字骞。--五代·徐锴《说文系传》也指其他动物的肚腹低陷小体骞腹若是者，谓之羽属。--《周礼·考工记·梓人》。按，鸟形如孵，胸满而复陷。又如骞腹(马腹低陷)通蹇。跛足 尔羊来思，矜矜兢兢，不骞不崩。--《诗·小雅·无羊》骞
5594,窠,表3丙表1000字,13画,kē,丶 ㇀ 乛 丿 丶 丨 𠃍 一 一 一 丨 丿 ㇏,true(a13~e13),窠〈名〉(形声。从穴，果声。本义筑在地洞里的鸟窝)同本义 窠，空也。一曰鸟巢也。空中曰窠，树上曰巢。--《说文》鸟鸢争食雀争窠。--白居易《问鹤》其他动物的巢穴 鸠犬竟同窠。--周昂一《边俗诗》穴宅奇兽，窠宿异禽。--左思《蜀都赋》如窠窟(动物栖身之所);窠穴(鸟兽藏身之所。常喻指坏人聚居、活动的地方);窠子(私娼的俗称);窠棚(窝棚)人安居或聚会的处所 抛却山中诗酒窠。--辛弃疾《鹧鸪天·三山道中》框格。写碑文或篆刻时划的界格窠kē⒈巢穴鸟～。蜂～。狗～。〈喻〉人们聚会或居住的处所抛却山中诗酒～。⒉
5595,窣,表3丙表1000字,13画,sū,丶 ㇀ 乛 丿 丶 丶 一 丿 丶 丿 丶 一 丨,true(a13~e13),窣sū
5597,褚,表3丙表1000字,13画,zhǔ、chǔ,丶 ㇇ 丨 丿 丶 一 丨 一 丿 丨 𠃍 一 一,true(a13~e13),褚〈名〉姓褚 古代称兵卒 褚，卒也。--《说文》。徐灏曰卒谓之褚者，因其着赭衣而名之也。又如褚伍(褚五。泛指军队;行伍)zhu褚 把丝棉装入衣服 褚，一曰装衣。--《说文》置荀罃褚中。--《左传·成公三年》以锦装衣曰褚。--《汉书·南粤王传》注褚，装衣也。--《玉篇》储藏。通贮 取我衣冠而褚之。--《左传·襄公三十年》褚 丝绵衣服 上褚五十衣，中褚三十衣，下褚二十衣遗王。--《汉书·南越王赵佗传褚chǔ姓。褚zhǔ 1.用绵装衣服。亦指绵衣。 2.指所装的绵絮。 3.囊袋。 4.储藏。 5.古代棺饰名。大夫以上所用的形如宫室紧贴棺身的棺罩。褚zhě 1.古代称兵卒。
5599,裾,表3丙表1000字,13画,jū,丶 ㇇ 丨 丿 丶 𠃍 一 丿 一 丨 丨 𠃍 一,true(a13~e13),裾 衣服的前后襟 裾，衣袌也。从衣，居声。--《说文》裾，衣之前襟也。今苏俗曰大襟。--《说文通训定声》楚庄王裾衣博袍。--《淮南子·齐俗》衣服的后襟 古通倨。傲慢 彼浩裾自顺，不可以教下。--《晏子春秋·外篇》其流也埤下，裾拘必循其理，似义。--《荀子·宥坐》裾巴裾jū衣服的前襟，也叫大襟。〈引〉衣服的前后部分曳～而行。裾jù 1.通'倨'。傲慢。 2.通'据'。依据。
5603,谪,表3丙表1000字,13画,zhé,丶 ㇊ 丶 一 丶 丿 丨 𠃌 一 丨 丨 𠃍 一,true(a13~e13),谪 (形声。从言，啻声。本义有意指摘，责备)同本义 谪，罚也。--《说文》罚罪者曰谪。--《通俗文》国子谪我。--《左传·成公十七年》则自取谪于日月之灾。--《左传·昭公七年》善言无瑕谪。--《老子》穷年不相谪发。--《列子·力命》公会齐侯于泺，遂及文姜如齐。齐侯通焉。公谪之。--《左传·桓公十八年》室人交遍谪我。--《诗·邶风·北门》又如谪疑(指摘怀疑);谪我(谴责我);谪骂(责骂);谪谴(谴责);众口交谪降职并外放 谪（讁）zhé⒈谴责，责罚众口交～。⒉封建时代指被贬职、被流放贬～。～逐。又指被罚罪的人～戍（被罚守边）之徒。
5604,媾,表3丙表1000字,13画,gòu,𡿨 丿 一 一 一 丨 丨 一 丨 𠃌 一 丨 一,true(a13~e13),媾 (形声。从女，冓声。本义交互为婚姻，亲上结亲)同本义 媾，重婚也。--《说文》今将婚媾以从秦。--《国语·晋语》恢复亲善友好的关系，讲和，交好 媾，和好也。--《正字通》无益也，不如发重使为媾。--《史记·平原君虞卿列传》楼缓言不媾，来年秦复攻，王得无更割其内而媾!--《战国策·赵策》又如媾和厚爱，宠爱 彼其之了，不遂其媾。--《诗·曹风·侯人》交合 会合 媾gòu⒈讲和，求和～和。割六县而～。⒉结亲，结婚婚～。⒊交合交～。
5608,嫔,表3丙表1000字,13画,pín,𡿨 丿 一 丶 ㇀ 乛 丿 丨 一 丨 一 丿 丶,true(a13~e13),嫔 (形声。从女，宾声。本义帝王的女儿出嫁)同本义 嫔，服也。谓服事人者。--《说文》嫔妇也。--《尔雅》厘降二女于妫沬，嫔于虞。--《书·尧典》七月嫔妇。--《周礼·大宰》跟从 日嫔月随。--《太玄·从》嫔 古代妇女的通称。亦对妇人的美称 帝王诸侯的姬妾 九妃六嫔。--《国语·齐语》妃嫔媵嫱，王子皇孙。--唐·杜牧《阿房宫赋》又如嫔妃(帝王的女官嫔（嬪）pín⒈〈古〉皇宫里的女官。⒉女子出嫁。⒊〈古〉妻死后的称呼。⒋［嫔然］形容众多。
5610,缙,表3丙表1000字,13画,jìn,𠃋 𠃋 ㇀ 一 丨 丨 丶 丿 一 丨 𠃍 一 一,true(a13~e13),缙 (形声。从糸，表示与线丝有关。晋声。本义赤色帛) 同本义 缙，帛赤色也。--《说文》缙云氏有不才子礼有缙缘。--《左传·文公十八年》缙绅而无钩带矣。--《荀子·礼论》其语不经见，缙绅者弗道。--《汉书·郊祀志上》又如缙绅便览(古代的官吏名录);缙云(黄帝时官名。黄帝以云名官，夏官为缙云氏，因以为族氏)缙绅束在衣服外面的大带子缙绅大缙jìn〈古〉⒈赤色的丝织物。⒉同'jìn搢⒉'～绅。
5612,缛,表3丙表1000字,13画,rù,𠃋 𠃋 ㇀ 一 丿 一 一 𠄌 丿 ㇏ 一 亅 丶,true(a13~e13),缛 (形声。从糸，辱声。本义繁密的彩饰)同本义 缛，繁采色也。--《说文》绸缪缛绣。--左思《吴都赋》又如缛旨(繁饰的文旨);缛丽(繁饰华丽);缛绣(彩色繁丽，有如锦绣)通褥。褥子 缛 繁多 烦琐;对…阐述过详 文有粗缛。--《周礼·大宗伯》注又如缛礼烦仪(烦琐的礼仪);繁文缛节缛rù⒈繁密的彩色装饰采饰纤～（纤细巧）。〈引〉繁多，繁琐～礼。繁文～节。⒉〈古〉通'褥'。褥子。
5613,辔,表3丙表1000字,13画,pèi,𠃋 𠃋 ㇀ 一 𠃋 一 丨 𠃋 𠃋 ㇀ 丨 𠃍 一,true(a13~e13),辔 (会意。从丝，从軎。从丝，与绳索有关。套在车轴末端的金属制圆筒状物，上有穿口，用以纳辖。本义驾驭牲口用的缰绳)同本义 辔，马縻也。--《说文》执辔如组。--《诗·邶风·简兮》执策分辔。--《礼记·曲礼》。疏御马索也。公子执辔愈恭。--《史记·魏公子列传》或揽辔寒帷。--清·周容《芋老人传》又如辔勒(控制马的缰绳和口勒);辔衔(马缰绳和马嚼子);辔策(御马的缰绳和马鞭);辔靷(御马的缰绳和引车前行的皮带)借指马 牵;驾驭 喻法令 辔（轡）pèi⒈驾驭牲口用的缰绳鞍～。执～。⒉
5615,缟,表3丙表1000字,13画,gǎo,𠃋 𠃋 ㇀ 丶 一 丨 𠃍 一 丨 𠃌 丨 𠃍 一,true(a13~e13),缟 形声。从糸，表示与线丝有关，高声。本义细白的生绢) 同本义 缟，鲜色也。--《说文》。按，鲜色当作鲜巵。熟帛曰练，生帛曰缟。厥篚元纤缟。--《书·禹贡》。传白缯。与之缟带。--《左传·襄公二十九年》缯之精者曰缟。--《小尔雅》鲁人身善织屦，妻善织缟。--《韩非子·说林上》乘坚策肥，履丝曳缟。--晁错《论贵粟疏》曹操之众，远来疲敝，闻追豫州，轻骑一日一夜行三百余里，此所谓强弩之末势不能穿鲁缟者也。--《资治通鉴》又如缟袂(白色绢衣。用以喻白海棠);缟衣綦巾(白绢上缟gǎo白色的生丝绢。也指白色。
5616,缡,表3丙表1000字,13画,lí,𠃋 𠃋 ㇀ 丶 一 丿 丶 ㇄ 丨 丨 𠃌 𠃋 丶,true(a13~e13),缡 用丝装饰鞋头 缡，以丝介履也。--《说文》。段玉裁注介者画也，谓以丝介画履间为饰也缡 古时妇女系在身前的大佩巾 亲结其缡。--《诗·豳风·东山》又如结缡(古称女子出嫁)带子 缡，婑也。--《尔雅》缡（褵）lí〈古〉女子所系的佩巾结～（指女子出嫁）。
5619,骟,表3丙表1000字,13画,shàn,𠃍 ㇉ ㇀ 丶 𠃍 一 丿 𠃌 丶 ㇀ 𠃌 丶 ㇀,true(a13~e13),骟 去势割去马的睾丸。如骟马(去过势的马)割去其他动物的睾丸。如骟割(阉割);骟猫(去过势的的猫);骟匠(从事骟割工作的工匠)骟shàn割去牲畜的睾丸或卵巢～猪。～鸡。～牛。
5624,獒,表3丙表1000字,14画,áo,一 一 丨 一 𠃌 丿 丿 一 丿 丶 一 丿 ㇏ 丶,true(a14~e14),獒〈名〉一种高大、凶猛、垂耳、短毛的家犬，主要用于看门或警戒公嗾夫獒焉，明搏而杀之。--《左传·宣公二年》獒áo一种凶猛的狗。比一般狗大，能训练成猎狗。
5631,摽,表3丙表1000字,14画,biào、biāo,一 亅 ㇀ 一 丨 𠃍 丨 丨 一 一 一 亅 丿 丶,true(a14~e14),摽 挥之使去 摽使者出诸大门之外。--《孟子》抛弃 已盟，曹子摽剑而去之。--《公羊传·庄公十三年》摽 biào①捆住某物使其相连用绳子～椅子腿。②互相用胳膊紧紧相钩姐妹俩～着胳膊走。③亲近；形影不离（多含贬义）他俩总～在一起。④落下。⑤击打。摽biāo 1.挥之使去，驱逐。 2.通'镖'。参见'摽末'。 3.通'标'。标榜。 4.指标志，标示。参见'摽帜'﹑'摽卖'。摽piāo 1.高举貌。 2.通'漂'。漂浮。摽pāo 1.抛弃。摽piào 1.通'僩'。轻。 2.通'剽'。抢劫;窃取。参见'摽掠'﹑'摽窃'。
5637,踅,表3丙表1000字,14画,xué,一 亅 ㇀ 丿 丿 一 丨 丨 𠃍 一 丨 一 丿 ㇏,true(a14~e14),踅 盘旋 四野风来，左右乱踅。--《西厢记》又如踅蹬(人上马时即打旋)转，折身转去 顾大嫂一踅，踅下亭心边去。--《水浒全传》又如踅入(转入;迈进);踅身(转身);踅转(折回;折转)来回走 顾大嫂拿了两把大刀在堂前踅。--《水浒全传》这婆子正开门，在茶局子里整理茶锅，张见西门庆踅过几遍。--《金瓶梅》又如踅来踅去(来回走动)踅摸踅xué⒈盘旋，折回～来～去。一群鸽子绕屋～飞。⒉同'茓'。
5642,綦,表3丙表1000字,14画,qí,一 丨 丨 一 一 一 丿 ㇏ 𠃋 𠃋 丶 亅 丿 丶,true(a14~e14),綦 (形声。从糸，其声。糸，细丝。从糸的字多与丝缕布帛有关。本义苍灰色)同本义 緇，帛苍艾色。--《说文》缟衣綦巾。--《诗·郑风·出其东门》。传苍艾色女服也。四人綦弁。--《书·顾命》世子佩瑜玉而綦组绶。--《礼记·玉藻》又如綦巾(青白色的女服，古代未嫁女子所服);綦弁(古代苍灰色的皮冠。一说为赤黑色的皮冠)鞋带 夏葛履…，组綦系于踵。--《仪礼·士丧礼》足印 标准 綦qí⒈青黑色～巾。⒉鞋带。⒊极言之～详。
5646,靼,表3丙表1000字,14画,dá,一 丨 丨 一 丨 𠃍 一 一 丨 丨 𠃍 一 一 一,true(a14~e14),鞑柔软的皮革。〔鞑～〕见鞑。--见鞑靼靼dá 1.柔软的皮革。 2.鞑靼的省称。
5647,鞅,表3丙表1000字,14画,yāng、yàng,一 丨 丨 一 丨 𠃍 一 一 丨 丨 𠃍 一 丿 ㇏,true(a14~e14),鞅 (形声。从革，央声。革，去了毛的兽皮。本义套在马颈或马腹上的皮带)同本义 鞅，颈靼也。--《说文》绣鞅璁珑走钿车。--杜牧《街西长句》诗又如鞅绊(拘系马腹和马脚的绳带);鞅轭(马驾具);鞅勒(套马的绳带和勒马的索)借指车马 野外罕人事，穷巷寡轮鞅。--陶潜《归园田居》姓鞅 通怏。郁郁不乐的样子 心常鞅鞅。--《汉书·高帝纪》居常鞅鞅。--《汉书·韩信传》。注志不满也。鞅yāng⒈〈古〉套在马脖子上的皮带，使马拉车。⒉⒊鞅yàng
5652,蔺,表3丙表1000字,14画,lìn,一 丨 丨 丶 丨 𠃌 丿 丨 丶 一 一 一 丨 一,true(a14~e14),蔺 一种多年生草本植物，也称马蔺 蔺，莞属，从草，閵声。--《说文》蔺席。--《急就篇》假借为棱 具蔺石。--《汉书·晁错传》。如淳注城上雷石也。通躏。车轮碾压 徒车之所蔺轹。--《汉书·司马相如传》姓蔺相如十年(公元前279年)，随赵蔺lìn
5656,蓿,表3丙表1000字,14画,xu,一 丨 丨 丶 ㇀ 乛 丿 丨 一 丿 丨 𠃍 一 一,true(a14~e14),见苜蓿见苜字注蓿 xu［苜蓿］多年生草本植物，叶子长圆形，花紫色，果实为荚果。可以喂牲口、做肥料，嫩苗可以吃。蓿xù 1.见'苜蓿'。蓿sù 1.见'苜蓿'。
5658,鹕,表3丙表1000字,14画,hú,一 丨 丨 𠃍 一 丿 𠃌 一 一 丿 𠃌 丶 ㇉ 一,true(a14~e14),鶘见鹈鹕鹕hú
5659,蓼,表3丙表1000字,14画,liǎo、lù,一 丨 丨 𠃍 丶 ㇀ 𠃍 丶 ㇀ 丿 ㇏ 丿 丿 丿,true(a14~e14),蓼〈名〉 liao蓼属植物的泛称 春秋古国名 在今河南省唐河县西南今河南省固始县东北有蓼城冈，即古蓼国之地古县名 姓蓼洲周公蓼〈形〉lu形容植物高大 蓼蓼者莪。--《诗·小雅·蓼萧》又如蓼蓼(长大的样子);蓼萧(指君王恩泽及于四海蓼liǎo一年生或多年草本，节常膨大，叶鞘状抱茎，花淡红或白色。有水～、红～、毛～等多种。全草可供药用。蓼lù 1.长大貌。蓼lǎo 1.见'摎蓼'。蓼liǔ 1.见'纠蓼'。
5661,榧,表3丙表1000字,14画,fěi,一 丨 丿 丶 一 丨 一 一 一 丨 一 一 一 ㇄,true(a14~e14),榧〈名〉木名。香榧，也叫野杉 )榧子妇人将手向西门庆脸边弹个响榧子。--《金瓶梅》榧 fěi通称'香榧'。常绿乔木。种子叫'榧子'或'香榧子'。种仁可吃，可榨油，又可药用。木材耐湿，是建筑、造船等的优良材料。
5663,榫,表3丙表1000字,14画,sǔn,一 丨 丿 丶 丿 丨 丶 一 一 一 丨 一 一 丨,true(a14~e14),榫 榫眼;榫头 框架结构两个或两个以上部分的接合处 榫销榫眼榫凿榫sǔn器物两部分之一，指凹凸相接合的凸出部分～头。～儿。
5667,槁,表3丙表1000字,14画,gǎo,一 丨 丿 丶 丶 一 丨 𠃍 一 丨 𠃌 丨 𠃍 一,true(a14~e14),槁 (形声。从木，高声。本义草木枯干)同本义 槀，木枯也。--《说文》离为科上槁。--《易·说卦传》形固可使如槁木。--《庄子·齐物论》虽有槁暴。--《荀子·劝学》草木摇落，时槁悴兮。--《楚辞·九叹·远逝》则苗槁矣。--《孟子·梁惠王上》及以燕赵起而攻之，若振槁然。--《荀子·王霸》其子趋而往视之，苗则槁矣。--《孟子·公孙丑上》举若振槁。--《史记·礼书》。索隐干叶也。又如槁干(枯干。引申为贫穷);槁腐(枯朽);槁败(干枯衰败);槁落(枯落);败槁布地;槁箨(干枯的笋壳);槁枲槁（槀）gǎo枯干～木死灰（枯树及冷灰。〈喻〉无生气或极端消沉）。槁kào 1.犒劳，犒赏。参见'槁秝'﹑'槁饫'。槁kǎo 1.敲打，敲击。槁gāo 1.木名。 2.通'篙'。撑船竿。参见'槁工'。
5670,榷,表3丙表1000字,14画,què,一 丨 丿 丶 ㇀ 乛 丿 丨 丶 一 一 一 丨 一,true(a14~e14),榷〈名〉(形声。从木，寉声。本义独木桥)同本义 榷，水榷横木，所以渡者也。--《说文》。按两头聚石，以木横架之，故亦名石杠。榷，独梁也。--《广雅·释室》独木之桥曰榷。--《初学记》税 其擅加杂榷，率一切宜停。--《文献通考》榷 〈动〉专营，专卖 初榷酒酤。--《汉书·武帝纪》自以为国家兴榷筦之利。--《汉书·车千秋传》。注榷，谓专其利使入官也。又如榷茶(由官方专卖茶叶，以独占其利);榷货(由官方专卖货物而享专利);榷酤(由官方专利卖酒);榷盐(由官方专卖榷què⒈专营，专卖～酒。⒉商量商～。
5672,酽,表3丙表1000字,14画,yàn,一 丨 𠃍 丿 ㇄ 一 一 一 丨 丨 丶 丿 一 丿,true(a14~e14),酽 (形声。从酉，严声。酉与有酒有关。本义指茶、酒等饮料味厚)同本义 酒酽春浓琼草齐。--曹唐《小游仙诗》又如酽酒(味醇的酒);酽茶(浓茶);酽酸(浓浓的酸味);酽酢(浓醋);酽醋(浓醋)颜色深 北宋院本画，用笔工致，傅色明酽。--《西清笔记》又如酽紫(深紫色)形容情感深厚 厉害，剧烈 只是他赌的不酽。--《歧路灯》又如酽冷(酷寒，严寒);酽冽(浓烈);酽寒(酷寒，严寒);酽酽(很浓;程度深)酽（釅）yàn浓，味厚～茶。堰yàn⒈拦水堤坝堤～。修～。⒉〈古〉建筑的一些水利灌溉工程都江～（在四川省）。
5674,酹,表3丙表1000字,14画,lèi,一 丨 𠃍 丿 ㇄ 一 一 丿 丶 丶 丿 一 亅 丶,true(a14~e14),酹〈动〉将酒倒在地上，表示祭奠或立誓 人生如梦，一樽还酹江月。--苏轼《念奴娇·赤壁怀古》酹而哭者。--《明史》又如酹地(祭奠时以酒洒地);酹酒(把酒洒在地上);酹觞(把酒洒在地上时所用的酒杯)酹lèi将酒洒在地上表示祭奠。
5678,碣,表3丙表1000字,14画,jié、yà,一 丿 丨 𠃍 一 丨 𠃍 一 一 丿 𠃌 丿 丶 ㇄,true(a14~e14),碣 山高耸的;高大的 碣以崇山。--《汉书·扬雄传》碣 高大的岩石 碣，特立之石也。东海有碣石山。--《说文》夹右碣石。--《书·禹贡》。传海畔山。圆顶的石碑 封禅丘兮建隆碣。--《后汉书·窦宪传》又如碣子(墓碣);碣文(镌刻在碑石上的文字);残碑断碣碣石的省称 东临碣石。--曹操《观沧海》碣jié⒈圆顶的碑石断～。⒉碣yà 1.见'碣磍'。
5685,霁,表3丙表1000字,14画,jì,一 ㇀ 乛 丨 丶 丶 丶 丶 丶 一 丿 ㇏ 丿 丨,true(a14~e14),霁 (形声。从雨，齐声。本义雨止)同本义 霁，雨止也。--《说文》曰霁。--《书·洪范》。郑注兆之光明如雨止。旬日不霁。--《汉书·沟洫志》又如霁雨(雨停);霁后(雨腕);雪霁雨后或雪后转晴 霜雪不霁。--《淮南子·本经》复道行空，不霁何虹?--唐·杜牧《阿房宫赋》夜雪初霁。--宋·姜夔《扬州慢》又如霁日(雨后见日的晴朗天气);霁朝(雨后初晴的早晨);霁景(雨后鲜明的景色);霁青(陶瓷色名。如雨后晴空的青色)怒气消散，脸色转和 霁（靨）jì雨雪停止，云雾散，天放晴朗雨～。雪～万里月。云罢雾～。〈喻〉怒气消除，气色转和色～。
5701,暝,表3丙表1000字,14画,míng,丨 𠃍 一 一 ㇀ 乛 丨 𠃍 一 一 丶 一 丿 丶,true(a14~e14),暝 (形声。从日，冥声。本义天色昏暗) 同本义 云归而岩穴暝。--欧阳修《醉翁亭记》又如暝暗(暝晦。昏暗);暝曚(幽暗不明);暝途(昏暗的道路);暝茫(凝不清)暝 日落;天黑 山暝行人断。--卢照邻《葭川独泛》又如暝钟(傍晚的钟声);暝色(暮色;夜色);暝烟(傍晚的烟霭);暝机(夜织)暝míng　⒈幽暗，昏暗～色。⒉日落，天黑山～行人断。
5705,蜥,表3丙表1000字,14画,xī,丨 𠃍 一 丨 一 丶 一 丨 丿 丶 丿 丿 一 丨,true(a14~e14),蜥 蜥蜴 蜥xī
5706,蜮,表3丙表1000字,14画,yù,丨 𠃍 一 丨 一 丶 一 丨 𠃍 一 ㇀ ㇂ 丿 丶,true(a14~e14),蜮 (形声。从虫。本义鬼名。传说中一种能含沙射人的动物)同本义 为鬼为魊。--《诗·小雅·何人斯》。传短狐也蜮伤躬只。--《楚辞·大招》又如蜮势鬼形(形容像鬼怪般凶恶吓人的样子);蜮祥(灾变将至的征兆);蜮射(蜮含沙射人为灾，使人得病)一种食禾苗的害虫 大草不生，又无螟蜮。--《吕氏春秋》蜮（魊）yù传说中一种能含沙射人的动物～射。妖为鬼～必成灾（鬼蜮〈喻〉阴险的人）。蜮guō 1.蛤蟆。
5708,蜴,表3丙表1000字,14画,yì,丨 𠃍 一 丨 一 丶 丨 𠃍 一 一 丿 𠃌 丿 丿,true(a14~e14),见蜥蜴蜴yì
5716,嘡,表3丙表1000字,14画,tāng,丨 𠃍 一 丨 丶 丿 ㇀ 乛 丨 𠃍 一 一 丨 一,true(a14~e14),
5719,嘤,表3丙表1000字,14画,yīng,丨 𠃍 一 丨 𠃍 丿 丶 丨 𠃍 丿 丶 𡿨 丿 一,true(a14~e14),嘤 (形声。从口，婴声。双音词嘤嘤。本义鸟鸣声)同本义 嘤，鸟鸣也。--《说文》鸟鸣嘤嘤。--《诗·小雅·伐木》山鹊兮嘤嘤。--《楚辞·悼乱》好鸟相鸣，嘤嘤成韵。--《艺文类聚·吴均·与朱元思书》又如嘤呦(鸟鸣);嘤鸟(鸣声相和之鸟);嘤声(鸟和鸣声)哽塞;哽咽。多含有抽泣、哭鼻子之意 贪水者，脉必厥，其声嘤，咽喉塞。--汉·张仲景《伤寒论》又如嘤噯(啼泣);嘤唔(细弱哀怨之声)嘤鸣嘤鸣相召嘤yīng鸟叫声鸟鸣～ ～。
5723,罴,表3丙表1000字,14画,pí,丨 𠃍 丨 丨 一 一 丨 一 𠃋 丶 ㇀ 丶 丶 丶,true(a14~e14),罴 棕熊 独有英雄驱虎豹，更无豪杰怕熊罴。--毛泽东《七律·冬云》赤豹黄罴。--《诗·大雅·韩奕》又如罴九(古代传说中的兽名);罴褥(罴皮褥子);罴貅(犹貔貅。古代传说中的猛兽);罴虎(喻勇士)罴（羆）pí熊的一种，也叫'马熊'、'人熊'。能爬树、游泳。一般毛呈棕褐色。胆可入药。它属国家保护的动物，严禁猎杀食用。
5731,骶,表3丙表1000字,14画,dǐ,丨 𠃍 𠃍 ㇀ 乛 丨 𠃌 一 一 丿 𠄌 一 ㇂ 丶,true(a14~e14),骶 脊椎骨的末端 骶椎骶 dǐ腰部下面尾骨上面的部分。【骶骨】由五块椎骨合成的骨骼，呈倒三角形，上部与第五腰椎相连，下部与尾骨相连。又称骶椎、荐骨或荐椎。【骶椎】见【骶骨】。
5735,锶,表3丙表1000字,14画,sī,丿 一 一 一 𠄌 丨 𠃍 一 丨 一 ㇀ ㇃ 丶 丶,true(a14~e14),锶 属于碱土族的一种银白色、软而且有延展性和韧性的二价金属元素，仅以组合物的形式、尤其是作为菱锶矿和天青石而存在，通常是由电解它的融熔的氯化物或者用铝加热还原它的氧化物而制得，在空气中变为淡黄，能产生使火焰和焰火组分染上绯红色的化合物 锶sī金属化学元素之一。符号sr。银白色晶体，化学性质活泼。用于制烟火、合金、光电管等。溴化锶是健胃剂。乳酸锶可用于治抽风。
5744,箧,表3丙表1000字,14画,qiè,丿 一 丶 丿 一 丶 一 一 丶 丿 一 丿 丶 ㇄,true(a14~e14),篸 小箱子，藏物之具。大曰箱，小曰箧 负箧曳屣。--明·宋濂《送东阳马生序》家书一箧。--清·梁启超《谭嗣同传》又如箧衍(竹制的方形箱子;书箧;藤箧);箧笥(收藏文书或衣物的竹箱);箧扇(弃置在箧笥中的扇子。比喻失宠的妇人)箧（篸）qiè小箱子书～。钱～。金玉满～。
5746,箸,表3丙表1000字,14画,zhù,丿 一 丶 丿 一 丶 一 丨 一 丿 丨 𠃍 一 一,true(a14~e14),箸 (形声。从竹，者声。本义筷子。又作筯) 同本义 羹之有菜者用梜。--《礼记·曲礼》。注今人或谓箸为梜。纣为象箸，而箕子唏。--《史记·十二诸侯年表》停杯投箸不能食。--唐·李白《行路难》辍箸叹曰。--清·周容《芋老人传》又亦辍箸曰。又独一箸间。又如长箸(较长的筷子);箸长碗短(比喻餐具凌乱不齐);箸筩(盛筷子的竹筒);箸子(筷子)箸 通著。显明;显示 知命者也，箸是者也。--《荀子·非十二子》霸者之善箸焉。--《荀子·强国》致忠信，箸仁义。--《箸zhù 1.筷子。箸zhuó 1.附着。 2.穿着。
5748,箅,表3丙表1000字,14画,bì,丿 一 丶 丿 一 丶 丨 𠃍 一 丨 一 一 丿 丨,true(a14~e14),箅 蒸锅中的竹屉◇指有空隙而能起间隔作用的器具 箅，所以蔽甑底者也。从竹，畀声。--《说文》。按，甑以蒸饭，底有七穿以竹席蔽之。敝箅不能救 盐池之碱，阿胶不能止黄河之浊。--北周·庾信《哀江南赋》箅子箅bì 1.釜中的竹屉。
5749,箪,表3丙表1000字,14画,dān,丿 一 丶 丿 一 丶 丶 丿 丨 𠃍 一 一 一 丨,true(a14~e14),箪 (形声。从竹，单声。本义古代盛饭的圆形竹器)同本义箪，笥也。从竹，单声。--《说文》箪，小筐也。--《汉律令》苞苴箪笥。--《礼记·曲礼》栉实于箪。--《仪礼·士冠礼》箪食与肉。--《左传·宣公二年》一箪食，一豆羹，得之则生，弗得则死。--《孟子·告子上》又如箪笥(盛饭竹器);箪瓢(箪食器;瓢饮器。比喻家境贫寒，生活清苦)盛物件的小筐 与之一箪珠，使问赵孟。--《左传·哀公二十年》箪食箪 dān古代盛饭用的圆形竹器。【箪食壶浆】原指百姓用酒饭欢迎军队。现多形容正义之师受人民欢迎的情状。
5751,箜,表3丙表1000字,14画,kōng,丿 一 丶 丿 一 丶 丶 ㇀ 乛 丿 丶 一 丨 一,true(a14~e14),箜篌弦一般系在敞开的框架上，用手指拨弹箜kōng
5756,儆,表3丙表1000字,14画,jǐng,丿 丨 一 丨 丨 丿 𠃌 丨 𠃍 一 丿 一 丿 ㇏,true(a14~e14),儆 (形声。从人，敬声。本义警戒，戒备)同本义 儆，戒也。--《说文》儆，备也。--《后汉书·东平宪王苍传》注使府人库人各儆其事。--《左传·昭公十八年》令司官、巷伯儆宫。--《左传·襄公九年》又如儆悟(儆醒。儆戒，醒悟);儆守(戒备防守);儆惧(戒惧;警惕和畏惧);儆懔(戒惧);儆戢(戒惧而有所收敛);儆儆(不安的样子);儆动(戒惧不安);儆畏(警惕和畏惧;戒惧)告诫;警告 夜儆百工。--《国语·鲁语》乃儆公仲之行。--《战国策·韩策》所以儆人臣也。--《孔子家语·五仪》在军，无儆jǐng⒈警备，戒备～备。⒉告诫，警告杀一～百。～戒未然也（未然未发生的事）。⒊紧急情状或消息～备。～报。火～。告～。
5757,僳,表3丙表1000字,14画,sù,丿 丨 一 丨 𠃍 丨 丨 一 丶 丿 一 丨 丿 ㇏,true(a14~e14),见傈僳僳sù
5758,僭,表3丙表1000字,14画,jiàn,丿 丨 一 𠃋 丿 𠄌 一 𠃋 丿 乚 丨 𠃍 一 一,true(a14~e14),僭 虚伪 僭而无征。--《左传·昭公八年》覆为我僭。--《诗·大雅·抑》又如僭乱(虚妄淆乱);僭词(虚妄之辞)过分 不僭不滥，不敢怠遑。--《诗·商颂·殷武》又如僭溢(过分);僭奢(过分奢侈)差失，罪过;乱 不僭不贼。--《诗·大雅·抑》表示自谦 僭盗僭盗中原。--南朝梁·丘迟《与陈伯之书》僭妄僭jiàn⒈超越本分，过分，旧时指下级冒用上级的名义或器物等赏不欲～（不欲不要）。～号。～越。⒉虚假，不真实小人之言，～而无征（征证明）。
5759,劁,表3丙表1000字,14画,qiāo,丿 丨 丶 一 一 一 丨 一 ㇀ 丶 丶 丶 丨 亅,true(a14~e14),劁〈动〉割去牲畜的生殖器，骟 劁qiāo骟，割去动物的生殖腺～猪。～鸡。劁qiáo 1.割。参见'劁刈'。 2.断。参见'劁折'。 3.阉割。
5761,魃,表3丙表1000字,14画,bá,丿 丨 𠃍 一 一 丿 乚 𠃋 丶 一 丿 ㇇ 丶 丶,true(a14~e14),魃 旱魃，传说中能引起旱灾的鬼 魃，旱鬼也。从鬼，犮声。--《说文》旱魃为虐，如惔如焚。--《诗·大雅·云汉》有人衣青衣名曰黄帝女魃。--《山海经·大荒北经》又如旱魃(古代传说中造成旱灾的鬼);魃虐(旱灾);魃蜮(鬼蜮)魃bá 1.神话传说中的旱神。
5762,魆,表3丙表1000字,14画,xū,丿 丨 𠃍 一 一 丿 乚 𠃋 丶 一 𠄌 ㇂ 丿 丶,true(a14~e14),魆xū 1.见'魆地里'。 2.用同'魖'。参见'魆蜮'。
5765,鄱,表3丙表1000字,14画,pó,丿 丶 丿 一 丨 丿 丶 丨 𠃍 一 丨 一 ㇌ 丨,true(a14~e14),鄱〈名〉旧县名 鄱阳豫章县，从邑，番声。--《说文》本为春秋楚之番邑，秦置番县，西汉改名番阳，东汉始作鄱阳。治所在今江西省波阳东。如鄱湖(鄱阳湖的省称。在江西北部，是我国最大的淡水湖)鄱pó鄱阳湖，今作'波阳湖'。它是我国的大湖之一，在江西省。鄱pán 1.鄱吾，战国赵地。在今河北省磁县境。鄱pí 1.汉县名。在今山东省滕州市境。
5767,膑,表3丙表1000字,14画,bìn,丿 𠃌 一 一 丶 ㇀ 乛 丿 丨 一 丨 一 丿 丶,true(a14~e14),膑 王与孟说举鼎绝膑。--《史记·秦本纪》膑 特指古代一种剔掉膝盖骨的酷刑 髕罚之属五百。--《汉书·刑罚志》周改膑作刖。--《周礼·司刑》注放膑者，脱去人之膑也。--《书·刑德》孙子膑脚。--汉·司马迁《报任少卿书》又如膑辟(古代断足的酷刑);膑脚(砍去膝盖骨及以下的酷刑);膑罚(剔去膝盖骨的酷刑)膑bìn 1.胫骨;膝盖骨。 2.古代酷刑之一。剔去膝盖骨。
5768,鲑,表3丙表1000字,14画,guī、xié,丿 ㇇ 丨 𠃍 一 丨 一 ㇀ 一 丨 一 一 丨 一,true(a14~e14),鲑gui鱼名。鲑鱼 鲑hua古代传说中的一种有翼发光的飞鱼 又东南二百里曰子桐之山，子桐之水出焉。而西流注于余如之泽。其中多鲑鱼，其状如鱼而鸟翼，出入有光，其音如鸳鸯，见则天下大旱。--《山海经》一种鲤科鱼 鲑
5772,鲟,表3丙表1000字,14画,xún,丿 ㇇ 丨 𠃍 一 丨 一 ㇀ 𠃍 一 一 一 亅 丶,true(a14~e14),鲟 鲟鱼 的无齿的嘴。如鲟嘴(鲟鱼的嘴)鲟（鱘、鱯）xún鱼名。鲟鱼，体呈纺锤形，吻尖嘴小，背部与腹部有大片硬鳞，其它各部无鳞，可供食用。
5778,銮,表3丙表1000字,14画,luán,丶 一 丨 丨 丿 丶 丿 ㇏ 一 一 丨 丶 丿 一,true(a14~e14),銮 (形声。从金，羉声。本义古时皇帝车驾所用的铃)古代皇帝车的仪铃，安装在轭首或车衡上方。上部一般为扁圆形的铃，铃内有弹丸，铃上有辐射状的镂孔。下部为长方形的座;座的两面常有钉孔。西周时开始流行 人君乘车四马四镳八銮，铃象鸾，鸟声，和则敬也。--《说文》升车则有銮和之音。--《礼记·经解》銮声哕哕。--《东京赋》如銮刀(系有响铃的刀子);銮辂(装饰有响铃的车子);銮音(响铃的声音);銮声(铃声)皇帝的车驾，因用作帝王的代称 銮（鑾）luán一种铃，常装饰于帝王车子上。特指皇帝的车驾迎～。
5784,瘙,表3丙表1000字,14画,sào,丶 一 丿 丶 ㇀ ㇇ ㇏ 丶 丨 𠃍 一 丨 一 丶,true(a14~e14),瘙〈名〉古代指疥疮 瘙，疮瘙。--《广韵》又如瘙疳(疮名。性病的一种)(皮肤)发痒瘙sào皮肤发痒～痒。
5787,旖,表3丙表1000字,14画,yǐ,丶 一 𠃌 丿 丿 一 一 丿 丶 一 丨 𠃍 一 亅,true(a14~e14),旖旎旖旎从风。--《史记·司马相如列传》顾青翠之茂叶，繁旖旎之弱条。--成公绥《木兰赋》说不尽软玉温香，娇柔旖旎。--《梼杌闲评--明珠缘》旖yǐ①柔和美丽的样子风光～旎。②旌旗随风飘扬的样子彩旗～旎。
5788,膂,表3丙表1000字,14画,lǚ,丶 一 𠃌 丿 丿 一 丿 𠄌 丿 ㇏ 丨 𠃌 一 一,true(a14~e14),膂lǚ⒈脊梁骨背～。⒉
5790,鄯,表3丙表1000字,14画,shàn,丶 丿 一 一 一 丨 丶 丿 一 丨 𠃍 一 ㇌ 丨,true(a14~e14),鄯〈名〉鄯善。古西域国名 鄯善，西胡国也。--《说文》。按，本西域楼兰国，汉昭帝元凤四年诛其王更名。原名楼兰『昭帝元凤改楼兰为鄯善。故城在今新疆鄯善县东南鄯shàn
5795,糁,表3丙表1000字,14画,sǎn、shēn,丶 丿 一 丨 丿 丶 𠃋 丶 一 丿 ㇏ 丿 丿 丿,true(a14~e14),糁 米粒;饭粒 厨乏聚蝇之糁。--《续传灯录》又如糁粒(米粒)散粒，碎粒 糁 以米和羹 七日不食，藜羹不糁。--刘向《说苑·杂言》洒，散落 六街惊糁，阿香车里行雷。--《三宝太监西洋记通俗演义》又如糁盘(宋代风俗，除夕祭祀祖先及百神，在庭院架松柴齐屋，举火焚之)涂抹;粘 左刻清风徐来，水波不兴，石青糁之。--明·魏学洢《核舟记》糁（紃）sǎn⒈〈方〉指煮熟的米粒。糁（紃、籸）shēn⒈谷类磨成的渣粒大米～儿。
5797,鹚,表3丙表1000字,14画,cí,丶 丿 一 𠃋 𠃋 丶 𠃋 𠃋 丶 丿 𠃌 丶 ㇉ 一,true(a14~e14),鹚--见鸬鹚鹚cí 1.见'鸬鹚'﹑'鹚?'。
5801,漕,表3丙表1000字,14画,cáo,丶 丶 ㇀ 一 丨 𠃍 一 丨 丨 一 丨 𠃍 一 一,true(a14~e14),漕 (形声。从水，曹声。本义通过水道运送粮食) 同本义 漕，水转谷也。一曰人之所乘及船也。--《说文》。按，车运谷曰转，水运谷曰漕。漕转山东粟。--《史记·平准书》转漕给军。--《史记·萧相国世家》穿漕渠通渭。--《汉书·武帝纪》岁漕关东谷。--《汉书·食货志》关东漕粟。--《史记·河渠记》又如漕船(运输官粮的船只);漕粮(清初自山东、河南、江苏、安徽、浙江、湖北、湖南、奉天等省征纳白米，转运京师，叫做漕粮)漕 可供运输的河道 今日听了这些话，心里方才水落归漕cáo利用水道运输粮食～运│～河。（运粮河）
5803,漯,表3丙表1000字,14画,luò、tà,丶 丶 ㇀ 丨 𠃍 一 丨 一 𠃋 𠃋 丶 亅 丿 丶,true(a14~e14),漯lei古水名。又名治水 漯河 luo漯tà⒈漯河，也作'漯川'，在山东省。漯luò⒈漯河市，在河南省。
5805,潋,表3丙表1000字,14画,liàn,丶 丶 ㇀ 丿 丶 一 丶 丶 丿 ㇀ 丿 一 丿 ㇏,true(a14~e14),潋 水际，水边 华莲烂于渌沼，青蕃蔚乎翠潋。--《文选·潘岳·西征赋》被吹起的水面的波纹 潋滟浟湙潋滟，浮天无岸。--木华《海赋》水光潋滟晴方好，山色空蒙雨亦奇。--苏轼《饮湖上初晴后雨》湖光潋滟潋（瀲）liàn⒈⒉水边。
5806,潴,表3丙表1000字,14画,zhū,丶 丶 ㇀ 丿 ㇁ 丿 一 丨 一 丿 丨 𠃍 一 一,true(a14~e14),潴 (形声。从水，猪声。本义水停聚的地方) 同本义 以潴畜水。--《周礼·地官·稻人》又如潴泺(湖泊)潴 蓄积 渚水潴涨，方广数里。--《水经注》又如潴水(蓄水);潴泄(蓄水和放水);潴畜，潴蓄(指蓄洪贮水);潴溉(蓄聚灌溉)指水停聚 又如潴淤(停聚淤泥);潴潦(聚汇的水;停积的水)潴留尿潴留潴（瀦）zhū⒈积聚～留。⒉水停聚的地方。
5808,漉,表3丙表1000字,14画,lù,丶 丶 ㇀ 丶 一 丿 𠃍 丨 丨 一 一 𠄌 丿 乚,true(a14~e14),漉〈动〉使干涸，竭尽 漉，浚也。从水，鹿声。--《说文》毋漉陂池。--《礼记·月令》。释文渴也。林焚池漉。--王充《论衡》又如漉池(使池水干涸);漉汔(使干涸竭尽)水漫漫地渗下 漉汁洒地，白汗交流。--《战国策·楚策》滋液渗漉。--《卦禅文》又如漉血(流血，洒血);漉湿(淋湿)过滤 用网捞取 通麓。山脚 其林其漉，漉lù⒈使干涸。⒉滤～酒。
5809,漳,表3丙表1000字,14画,zhāng,丶 丶 ㇀ 丶 一 丶 丿 一 丨 𠃍 一 一 一 丨,true(a14~e14),漳 水名 漳，浊漳，出上党长子鹿谷山东入清漳。--《说文》清漳，出沾山大要谷北入河。--《说文》即漳水有二源一称浊漳水，发源于山西省长子县，东北流至襄垣县北，东南流入河南省林县北界，与清漳水合;一称清漳水，发源于山西省昔阳县南，南流入河南省林县北界，与浊漳水合古州名 漳zhāng漳河，源出山西省流到河北省入卫河。
5812,潍,表3丙表1000字,14画,wéi,丶 丶 ㇀ 𠃋 𠃋 ㇀ 丿 丨 丶 一 一 一 丨 一,true(a14~e14),潍 水名。今称潍河 潍，潍水。出瑯邪箕屋山，东入海，徐州浸。《夏书》曰潍、淄其道。--《说文》古州名。又县名 潍wéi潍河，在山东省。
5815,窨,表3丙表1000字,14画,yìn、xūn,丶 ㇀ 乛 丿 丶 丶 一 丶 丿 一 丨 𠃍 一 一,true(a14~e14),窨xun同熏，用于窨茶叶。把茉莉花等放在茶叶中，使茶叶染上花的香味 窨yin(形声。从穴，音声。本义地下室，地窖) 同本义窨，地室也。--《说文》。徐锴曰今旧京谓地窖臧酒为窨。蚕室，窨室也。--《后汉书·光武纪下》注三之日，纳于凌阴(窨)。--《诗·豳风·七月》窨 窖藏;深藏 趁墟窨酒担，跳月竹枝声。--清·赵翼《送人赴黔》又如窨藏(挖窖埋藏);窨酒(在地窖里藏过的酒)思忖;揣度 曾窨约，窨yìn⒈地下室，地窖地～子。⒉藏在窨里～藏。⒊见xūn㈡。窨xūn⒈同'熏'。把干的花朵（如茉莉花）放在茶叶中，以增添茶叶的香气味～茶叶。
5819,褡,表3丙表1000字,14画,dā,丶 ㇇ 丨 丿 丶 一 丨 丨 丿 ㇏ 一 丨 𠃍 一,true(a14~e14),褡 横褡;小被 褡，横褡，小被。--《广韵》古代一种中央开口，两端可装钱物的长形旅行布袋 褡 衣服破旧的 褡，衣敝也。--《集韵》褡包褡裢褡dā 1.搭附在外或两两搭连的衣物。
5820,褙,表3丙表1000字,14画,bèi,丶 ㇇ 丨 丿 丶 丨 一 ㇀ 丿 乚 丨 𠃌 一 一,true(a14~e14),褙  古代中国的短外衣  褙子，称背心。 褙  把布或纸一层一层地粘在一起。
5823,褊,表3丙表1000字,14画,biǎn,丶 ㇇ 丨 丿 丶 丶 𠃍 一 丿 丨 𠃌 一 丨 丨,true(a14~e14),褊 (形声。从衣，扁声。本义衣带或衣服狭小)同本义 褊，衣小也。--《说文》带其褊矣。--《左传·昭公元年》衣不得褊。--王充《论衡》又如褊衫(袈裟);褊衣(狭小的紧身衣)狭小 以敝邑褊小，不足以容从者。--《左传·昭公元年》又如褊能(能力不足);褊小(狭小。指地域、车船等不宽大)匮乏 通惼。气量狭小;急躁 维是褊心，是以为刺。--《诗·卫风·葛履》然卓性刚而褊。--《三国志·吕布传》褊 biǎn狭小；狭隘。【褊急】气量狭小，性情急躁。【褊狭】狭小土地～、气量～。褊pián 1.见'褊襠'。 2.同'偏'。旁侧;半。参见'褊衫'﹑'褊袒'。
5824,谯,表3丙表1000字,14画,qiáo,丶 ㇊ 丿 丨 丶 一 一 一 丨 一 ㇀ 丶 丶 丶,true(a14~e14),谯 城门上的望楼 与战谯门中。--《汉书·陈胜传》早听得谯楼禁鼓，却转初更。--《水浒传》又如谯门(设有望楼的城门)与战谯门中。--《汉书·陈胜传》谯鼓(谯楼更鼓);谯橹(城门上的守望楼);谯阁(即谯楼)古县名 姓谯 通瞧。瞭望 独守丞与战谯门中。--《汉书·陈胜传》通诮。责备 乡人谯之弗为动。--《韩非子·五蠹》谯楼谯qiáo谯qiào 1.责备;谴责。
5825,谰,表3丙表1000字,14画,lán,丶 ㇊ 丶 丨 𠃌 一 丨 𠃍 丶 丿 一 丨 丿 丶,true(a14~e14),谰 (形声。从言，阑声。本义抵赖)同本义 谰，诋谰也。--《说文》。按，以言抵阑，犹今言抵赖也。王阳病抵谰置辞。--《汉书·梁共王灵传》。注诬讳也。亮谰辞曰囚等畏死，见诬耳。--《新唐书》诬赖，诬陷 诘其名实，观其离合，则是非之情，不可以相谰已。--董仲舒《春秋繁露》欺骗 满谰诬天。--《汉书·谷永传》。注谓欺罔也。使者十辈临按，余庆谩谰。--《新唐书·儒学传》谰调谰言谰lán抵赖，欺骗，诬陷抵～。谩～。无耻～言。
5826,谲,表3丙表1000字,14画,jué,丶 ㇊ ㇇ 丶 乛 亅 丿 丨 𠃌 丿 丶 丨 𠃍 一,true(a14~e14),谲 欺骗;诈骗 議，权诈也。--《说文》議，欺也。--《广雅》而奸臣犹有所谲其辞矣。--《韩非子·定法》此人臣之所以谲主便私也。--《韩非子·孤愤》又如谲主(欺诳主上);谲诳(欺诈诳骗);谲数(诈术)通决。判断，判别 若夫谲德而定次，量能而授官。--《荀子·儒效》谲 诡诈 晋文公谲而不正。--《论语》又如谲计(奸计;诡计);谲怪(诡谲狡诈);谲数(诡谲的权术);谲诡(怪异;变化多端)怪异 瑰异谲诡。--张衡《东京赋》瑰姿谲起。--傅毅《舞赋》谲jué欺诈，玩弄手段～妄。诡～狡诈。
5828,屣,表3丙表1000字,14画,xǐ,𠃍 一 丿 丿 丿 丨 丨 一 丨 一 丨 一 丿 ㇏,true(a14~e14),屣 鞋子 屣，履也。--《广雅》贫贱尔何忧，弃去如脱屣。--宋·苏轼《巫山》负箧曳屣。--明·宋濂《送东阳马生序》又如屣敝(破鞋。喻指无价值之物品);屣脱(脱下鞋子);屣履(拖着鞋子走路)屣 穿着拖鞋走 衣不及带，屣履出迎。--《后汉书·崔髎传》屣xǐ鞋。特指拖鞋。又指拖着鞋～履出迎。
5831,嫱,表3丙表1000字,14画,qiáng,𡿨 丿 一 一 丨 丶 丿 一 丨 𠃍 丨 𠃍 一 一,true(a14~e14),嬙 (形声。从女，墙省声。本义古代宫廷里地位次于妃的女官) 同本义 宿有妃嫱嫔御焉。--《左传·哀公元年》备嫔嫱焉。--《国语·晋语》。注妇官也。妃嫔媵嫱，王子皇孙。--唐·杜牧《阿房宫赋》又如嫱媛(姬妾);嫱施(古美女毛嫱、西施的并称)嫱（嬙）qiáng〈古〉宫廷里的女官名妃～。
5835,嫘,表3丙表1000字,14画,léi,𡿨 丿 一 丨 𠃍 一 丨 一 𠃋 𠃋 丶 亅 丿 丶,true(a14~e14),嫘 姓嫘，姓也。黄帝娶于西陵氏之女，是为嫘祖。嫘祖好远游，死于道，后人祀以为行神。--《集韵》嫘祖嫘léi
5840,鹜,表3丙表1000字,14画,wù,㇇ 丶 乛 亅 丿 丿 一 丿 ㇏ 丿 𠃌 丶 ㇉ 一,true(a14~e14),鹜 (形声。从鸟，敄声。本义野鸭)同本义 鹜，野凫也。--《太平御览》引《说文》庶人之挚匹。--《礼记·曲礼下》。疏引李巡凫，家鸭名;鹜，野鸭名。邹穆公有令，食凫鴈者必以粃。--贾谊《春秋》落霞与孤鹜齐飞，秋水共长天一色。--唐·王勃《滕王阁序》家鸭 寨中人又鹜伏焉。--清·徐珂《清稗类钞·战事类》又如鹜列(如鸭排列成行);鹜舲(鹜形的小舟);鹜溏(大便水粪青黑如鸭粪的一种病症);鹜没(如鸭潜没水中)鹜 奔驰。通鹜 引申为追鹜wù鸭子趋之若～（〈喻〉成群的人争着去‖贬义）。鹜mù 1.家鸭。 2.晋以后亦指野鸭。 3.通'骛'。疾驰。 4.引申为追求。
5841,骠,表3丙表1000字,14画,biāo、piào,𠃍 ㇉ ㇀ 一 丨 𠃍 丨 丨 一 一 一 亅 丿 丶,true(a14~e14),骠黄骠马。一种黄毛夹杂着白点子的马骠piào⒈马快跑的样子。⒉骁勇～悍。骠biāo 1.黄色有白斑或黄色白鬃尾的马。
5847,缪,表3丙表1000字,14画,móu、miù、miào、mù、liǎo,𠃋 𠃋 ㇀ 𠃍 丶 ㇀ 𠃍 丶 ㇀ 丿 ㇏ 丿 丿 丿,true(a14~e14),缪 纰缪;错误 多辞缪说，不耕而食，不织而衣。--《庄子·盗跖》又如缪舛(舛错，谬误);缪戾(错舛，违背);缪悠(妄诞不经);缪说(荒谬错误的言论);缪妄(荒缪无稽)通穆。穆然，静思 孔子有所缪然思焉。--《孔子家语·辨乐》通穆。虔诚 太公召公乃缪卜。--《史记·鲁周公世家》缪 诈伪 故相如缪与令相重。--《史记·司马相如列传》又如缪数(诈伪之术);缪丑(宋秦桧之谥。借指奸佞)通樛。绞结 其妻鲁人也，衣衰而缪緻。--缪miào⒈姓。缪miù⒈通'谬'。错误纰～。　⒉假装～为恭敬。缪móu⒈⒉'。缪jiū 1.通'樛'。绞结。 2.通'纠'。缪mù 1.古时宗庙所列次序，父子辈递为昭穆，左为昭，右为穆。 2.调和;和悦。 3.虔诚貌。参见'缪卜'。缪liáo 1.缠绕。缪lù 1.并;合。参见'缪力同心'。
5848,缫,表3丙表1000字,14画,sāo,𠃋 𠃋 ㇀ 𡿨 𡿨 𡿨 丨 𠃍 一 一 一 丨 丿 ㇏,true(a14~e14),缫 煮茧抽丝 夫人蚕缫，以为衣服。--《孟子·滕文公》又如缫车(缫丝用的器具);缫盆(浸茧的盆)通藻。文彩;修饰 五采缫，十有二就。皆五采，玉十有二，玉笄，朱紘。--《周礼·夏官·弁师》纑缫丝缫丝厂缫丝机缫sāo将蚕茧放在滚水里抽丝～丝。缫zǎo 1.通'藻'。五彩丝绳。 2.同'璪'。玉器的彩色垫板。
5849,耦,表3丙表1000字,15画,ǒu,一 一 一 丨 丿 丶 丨 𠃍 一 一 丨 𠃌 丨 ㇀ 丶,true(a15~e15),耦〈动〉(形声。从耒，禺声。耒，翻土工具。本义二人并肩耕地)同本义 耦，耒广五寸为伐，二伐为耦。--《说文》十千维耦。--《诗·周颂·噫嘻》譬如农夫作耦。--《国语·吴语》禹见耕者耦立而式。--《荀子·大略》长沮、桀溺耦而耕。--《论语·微子》又如耦耕(两人并力一起耕种。为古代犁田的一种方式);耦犁(一种耕作法)。引申为二人一组。如耦俱无猜(双方都无猜疑);耦居(谓两人同处);耦俱(指相处融洽)匹敌;相对 遇，逢 耦ǒu⒈两人在一起耕地。⒉同'偶'。双，对。也指配偶。
5850,耧,表3丙表1000字,15画,lóu,一 一 一 丨 丿 丶 丶 丿 一 丨 丿 ㇏ 𡿨 丿 一,true(a15~e15),耧 (形声。从耒，，娄声。从耒。表示与原始农具有关。本义下种用的农具名，即耧车)同本义 用的农具);耧播(用耧车播种)耧车耧（耬）lóu也叫'耧子'、'耧车'。旧时用于播种的一种农具。
5851,瑾,表3丙表1000字,15画,jǐn,一 一 丨 ㇀ 一 丨 丨 一 丨 𠃍 一 一 一 丨 一,true(a15~e15),瑾 (形声。从玉，堇声。本义美玉)同本义 瑾瑜美玉也。--《说文》瑾瑜匿瑕。--《左传》捐赤瑾于中庭。--《楚辞·愍命》怀瑾握瑜。--《史记·屈原贾生列传》又如瑾瑜(瑾瑶。二美玉名。泛指美玉);瑾瑕(瑾，美玉;瑕，有疵的玉。比喻美丑，优劣)比喻美德 瑾jǐn美玉～瑜（瑜美玉）。
5854,璎,表3丙表1000字,15画,yīng,一 一 丨 ㇀ 丨 𠃍 丿 丶 丨 𠃍 丿 丶 𡿨 丿 一,true(a15~e15),璎 (形声。从玉，婴声。本义似玉的美石) 同本义 璎，璎琅，石似玉也。--《玉篇》璎，璎珞。--《广韵》即解颈众宝珠璎珞，价直百千两金而以与之。--《妙法莲华经普门品》又如璎珠(玉珠。用作饰物);璎玑(珠玑。形容珍贵)璎珞将那珠宝晶莹、黄金灿烂的璎珞摘出来。--《红楼梦》璎yīng⒈像玉的石头。⒉
5856,璋,表3丙表1000字,15画,zhāng,一 一 丨 ㇀ 丶 一 丶 丿 一 丨 𠃍 一 一 一 丨,true(a15~e15),璋 (形声。从玉，章声。本义古玉器名，形状象半个圭) 同本义 璋，剡上为圭，半圭为璋。--《说文》秉璋以酢。--《书·顾命》大宗执璋。--《礼记·祭统》以赤璋礼南方。--《周礼·大宗伯》白玉不毁，孰为圭璋。--《庄子·马蹄》又如璋瓒(古代祭祀时打鬯酒的玉器，以璋为柄)璋zhāng一种玉器，形状像半块圭。
5857,璇,表3丙表1000字,15画,xuán,一 一 丨 ㇀ 丶 一 𠃌 丿 丿 一 乛 丨 一 丿 ㇏,true(a15~e15),璇 (形声。从玉，旋声。本义美玉)同本义 璿，美玉也。--《说文》天子之瑶玉果、璇、珠、烛银、黄金之膏。--《穆天子传》桀作璇室、象廊，纣为倾官、鹿台。--《三国志·杨阜传》又如璇室(璇室。玉饰的宫室。一说能旋转的宫室;亦指传说中仙人的居所);璇花(如玉的白花。比喻雪花)次于玉的石头 璇，美石次玉。--《说文》若不能用玉，可用白璇珠。--《晋书》又如;璇玉(美玉。一说次于玉的美石)璇源(琲源。产珠的水流;亦指皇族)北斗七星的第二星 璇（璿）xuán⒈美玉。⒉①星名，北斗七星中成斗形的四颗星。②〈古〉天文仪器。
5859,髯,表3丙表1000字,15画,rán,一 丨 一 一 一 𠃋 丶 丿 丿 丿 丨 𠃌 丨 一 一,true(a15~e15),髯 (形声。从髟，冉声。髟，长发下垂的样子。本义两颊上的长须)同本义;也泛指胡须 髥，颊须也。从须从冄，会意，冄亦声。字亦作髥。--《说文》奋髥抵几。--《汉书·朱博传》。注颊毛也。中峨冠而多髯者为东坡。--清·魏学洢《核舟记》又如髯夫(指脸上多须的人);髯公(指年长多须的人);髯奴(指多须的奴仆);髯佛(称仁慈多须的人);髯胡(须髯和颌下的垂肉);髯翁(指年老多须的人);髯须(指胡子);髯髯然(髯须动摇的样子);白发苍髯须多或须长的人 羽美须髯，故亮谓之髯。--《三国髯rán⒈两腮上的胡子。泛指胡子虬～。美～。⒉胡子多的人。
5860,髫,表3丙表1000字,15画,tiáo,一 丨 一 一 一 𠃋 丶 丿 丿 丿 𠃌 丿 丨 𠃍 一,true(a15~e15),髫〈名〉(形声。从髟，召声，髟头发下垂的样子。本义小孩的下垂头发) 古时候小孩前额下垂的头发，引伸以指童年 黄发垂髫，并怡然自乐。--陶潜《桃花源记》又如髫稚(幼童;幼稚);髫草(指小儿，幼童);髫儿(幼童，小孩);髫岁(幼年，童年);髫发(小儿垂发。引申为童年之称);髫齿(幼年，童年);髫龀(幼年);髫辫(指童年)髫龄髫年髫tiáo〈古〉指儿童头上扎起来的下垂的短发垂～。〈引〉儿童～岁（童年）。
5869,聩,表3丙表1000字,15画,kuì,一 丨 丨 一 一 ㇀ 丨 𠃍 一 丨 一 丨 𠃍 丿 丶,true(a15~e15),聩 先天性耳聋◇泛指耳聋 聩，生而聋也。从耳，贵声。--《说文》蕲州庞君安常善医则聩。--《东坡志林》聋聩不可使听。--《国语·晋语四》又如聩眊(耳聋眼花。引申为昏聩)聩 昏聩，不明事理 近愚则聩。--皮日休《耳箴》开聋启聩。--孔尚任《桃花扇》又如聩聩(胡涂无知，不明事理)聩kuì⒈耳聋或指先天性耳聋。 　⒉不明事理昏～。此人～ ～。
5870,觐,表3丙表1000字,15画,jìn,一 丨 丨 一 丨 𠃍 一 一 一 丨 ㇀ 丨 𠃍 丿 乚,true(a15~e15),觐 (形声。从见，堇声。本义古代诸侯秋天朝见帝王)朝见 诸侯秋季朝见天子或朝拜圣地诸侯秋朝曰觐。劳王事。--《说文》觐，见也。--《尔雅》秋见曰觐。--《周礼·大宗伯》天子当依而立，诸侯北面而见天子曰觐。--《礼记·曲礼》韩侯秋见天子曰觐。--《诗·大雅·韩奕》秋觐以比邦国之功。--《周礼》泛指诸侯朝见天子扶病觐。--清·梁启超《谭嗣同传》又如觐见三宫(指朝见太皇太后、太后及皇帝);觐饷(觐见与饷宴);觐岁(岁时朝觐);觐岳(朝拜祭祀山岳);觐觐jìn朝见君主或拜谒圣地～见。朝～。拜～。
5871,鞑,表3丙表1000字,15画,dá,一 丨 丨 一 丨 𠃍 一 一 丨 一 丿 丶 丶 ㇋ ㇏,true(a15~e15),鞑 我国古代北方各游牧民族的统称 鞑 dá【鞑靼】古族名。唐时突厥统治下的一个部落◇为蒙古所灭。明代用来称东部蒙古成吉思汗后裔各部。有时也是汉民族对中国北方诸民族的总称。西方通常用作对蒙古的泛称。
5872,蕙,表3丙表1000字,15画,huì,一 丨 丨 一 丨 𠃍 一 一 丨 一 丶 ㇀ ㇃ 丶 丶,true(a15~e15),蕙 即蕙兰 比喻美色。蕙，香草);蕙柱(即薰香。蕙草作的香柱);蕙若(香草名。指蕙兰和杜若)零陵香豆(dipteryx odorata)的古别称 蕙 比喻女子的身心芳洁 蕙huì
5874,蕈,表3丙表1000字,15画,xùn,一 丨 丨 一 丨 𠃍 丨 丨 一 丨 𠃍 一 一 一 丨,true(a15~e15),蕈 高等菌类 有毒。如毒蝇蕈一种食用真菌;尤指蘑菇 蕈蚊蕈xùn生在树林里或草地上的某些高等菌类，形状略像伞。种类很多。有的可吃，如香～。松～；有的有毒，如毒蝇～；有的已能人工培殖，批量生产，供食用食用～★头～。
5876,蕤,表3丙表1000字,15画,ruí,一 丨 丨 一 丿 ㇁ 丿 丿 丿 ㇏ 丿 一 一 丨 一,true(a15~e15),蕤 (形声。上形，下声。本义草木花下垂) 同本义 蕤，草木华垂貌。--《说文》蕤 衣服帐幔或其他物体上的悬垂饰物 妾有绣腰襦，葳蕤自生光。--《玉台新咏·古诗为焦仲卿妻作》大白冠、缁布之冠皆不蕤。--《礼记》花 争抱寒柯看玉蕤。--苏轼《南乡子》花蕊 此酒乃以百花之蕤，万木之汁，加以麟髓凤乳酿成。--《红楼梦》蕤ruí
5881,蕲,表3丙表1000字,15画,qí,一 丨 丨 丶 丿 丨 𠃍 一 一 一 丨 丿 丿 一 丨,true(a15~e15),蕲 一种香草 古州名 通圻。疆界 跨天下而无蕲。--《荀子·儒效》姓蕲 通祈。祈求 不蕲畜乎樊中。--《庄子·养生主》所以蕲有道行有义者。--《吕氏春秋·振乱》蕲胜于人。--唐·韩愈《朱文公校昌黎先生集》又蕲至于古之立言者。又如蕲求(祈求)蕲（蘨）qí⒈通'祈'。祈求。⒉蕲jī 1.古县名。本战国时楚邑，秦置蕲县，汉属沛郡。
5883,槿,表3丙表1000字,15画,jǐn,一 丨 丿 丶 一 丨 丨 一 丨 𠃍 一 一 一 丨 一,true(a15~e15),槿 木名，即木槿 颜如花落槿，鬓似雪飘蓬。--五代·张正见《白头吟》槿jǐn木槿，落叶灌木，叶常三裂，花紫红或白色。树皮和花可供药用。树茎的纤维可造纸。
5884,樯,表3丙表1000字,15画,qiáng,一 丨 丿 丶 一 丨 丶 丿 一 丨 𠃍 丨 𠃍 一 一,true(a15~e15),樯 (形声。从木，墙省声。本义桅杆)同本义 樯，杋柱也。--《埤苍》樯倾楫摧。--范仲淹《岳阳楼记》又如樯竿(船桅杆);帆樯如林借指船只 灵樯千艘，雷辎万乘。--《宋书》樯橹樯橹灰飞烟灭。--宋·苏轼《念奴娇·赤壁怀古》樯（檣、艢）qiáng船上的桅杆。也指风帆或帆船帆～如林。
5892,靥,表3丙表1000字,15画,yè,一 丿 一 丿 ㇏ 丶 一 丿 丨 𠃍 丨 丨 一 一 一,true(a15~e15),靥 (形声。从面，厌声。本义面颊上的微涡)同本义 态生两靥之愁，娇袭一身之病。--《红楼梦》又如酒靥;笑靥;靥脯(颊边的酒窝)妇女面颊上所涂的妆饰 靥（靨）yè嘴两边颊上的小圆窝，又称'酒窝儿'笑～。靥yǎn 1.黑痣。
5893,魇,表3丙表1000字,15画,yǎn,一 丿 一 丿 ㇏ 丶 丿 丨 𠃍 一 一 丿 乚 𠃋 丶,true(a15~e15),魇 (形声。从鬼，厌声。本义梦中遇可怕的事而呻吟、惊叫)同本义 犹疑在波涛，怵惕梦成魇。--韩愈《陪杜侍御游湘西两寺独宿》又如魇魔(梦魇);魇梦(恶梦);魇语(讲梦话)迷糊;迷惑 原来那师父被妖术魇住，不能行走，心上明白，只是口眼难开。--《西游记》又如魇魔法(魇魅);魇镇(用咒语和法术镇压降伏邪祟的一种巫术);魇样(以前把魔术、妖法、预言等都称为魇样法，即使用法术以幻象迷惑人);魇住(睡梦中感到身不能动，口不能言，常发生惊叫现象);魇祟(用妖术使人迷乱)魇（魘）yǎn恶梦。梦见什么可怕的东西惊叫起来；或觉得有什么东西压住，不能动弹又呼叫不出梦～。
5894,餍,表3丙表1000字,15画,yàn,一 丿 一 丿 丶 丶 丿 ㇏ 丶 𠃍 一 一 𠄌 丿 丶,true(a15~e15),餍（饜）yàn饱酒足饭～。〈引〉满足贪得无～。
5897,霈,表3丙表1000字,15画,pèi,一 ㇀ 乛 丨 丶 丶 丶 丶 丶 丶 ㇀ 一 丨 𠃌 丨,true(a15~e15),霈〈名〉(形声。从雨，沛声。本义大雨)同本义 霈，大雨。--《玉篇》沛然大雨。--《孟子·梁惠王上》。刘注霈然，注雨貌。又如大霈(大雨);霈泽(雨水，比喻恩泽)比喻恩泽 霈 〈形〉于斯之时，云油雨霈。--唐·李白《明堂赋》如霈霈(雨密而盛大的样子);霈洽(雨量充沛);霈然(雨盛大的样子)自满、自大的样子 霈pèi⒈雨，大雨甘～（适时的好雨）。⒉雨多的样子雨～。
5899,龉,表3丙表1000字,15画,yǔ,丨 一 丨 一 丿 丶 ㇄ 丨 一 丨 𠃍 一 丨 𠃍 一,true(a15~e15),见龃龉龉yǔ龉wú 1.嵒龉，山势险峻貌。 2.见'龉龊'。
5907,噶,表3丙表1000字,15画,gá,丨 𠃍 一 一 丨 丨 丨 𠃍 一 一 丿 𠃌 丿 丶 ㇄,true(a15~e15),噶----译音用字。如噶布伦，噶伦(原西藏地方政府的主要官员);萨噶达娃节(藏族地区纪念释迦牟尼诞生的节日);噶厦(原西藏地方政府，1959年西藏叛乱事件发生后解散)噶gé译音字。噶gá象声。如噶喇一声。【噶乌】藏语。意为护身佛盒。一般用银、铜制成，也有金制的，大小不等，贵重者镶以珠宝，有的内装小佛像及经卷符咒等物。是喇嘛教信徒佩戴的宗教用品，也是妇女的胸前装饰品和过去一部分贵族男子的头饰。【噶伦】藏语。亦作'噶隆'或'噶布伦'，原西藏地方政府主管官员。依清官制为三品，多由大贵族充任，职权甚重。【噶珊】一译'嘎山'。满语'乡村'的意思。【噶厦】藏语。意为'发布命令的机关'，旧译'噶厦公所'或'噶沙公所'，即原西藏地方政府。清乾隆十六年（1751年），清政府废原封郡王，命由噶伦四人（一僧三俗）主持噶厦，秉承驻藏大臣与达赖喇嘛的意志，共同管理西藏地方行政事务，遂成定制。1959年3月，多数噶伦叛乱，国务院命令解放，由西藏自治区筹备委员会代行其职权。【噶当派】喇嘛教派之一。【噶伦堡】硬度东北部地边境城镇。靠近西藏亚东，避暑胜地。【噶举派】喇嘛教派之一。因最重口授（藏语噶）密法的传承（藏语举）故称噶举派。噶gé 象声词。噶gá译音用字。
5909,暹,表3丙表1000字,15画,xiān,丨 𠃍 一 一 丿 丨 丶 一 一 一 丨 一 丶 ㇋ ㇏,true(a15~e15),暹 太阳升起 暹，日光升也。--《集韵》暹罗暹xiān
5913,踟,表3丙表1000字,15画,chí,丨 𠃍 一 丨 一 丨 ㇀ 丿 一 一 丿 丶 丨 𠃍 一,true(a15~e15),踟 (形声。从足，知声。踟蹰。本义徘徊不进，犹豫)行不进也踟蹰搔首踟蹰。--《诗·邶风·静女》使君从南来，五马立踟蹰。--汉乐府《陌上桑》踟蹰不知所措也作踟躇踟 chí【踟蹰不前】拿不定主意，不敢前进。踟chí①徘徊犹豫步～蹰于山隅。②相连的样子。
5917,踯,表3丙表1000字,15画,zhí,丨 𠃍 一 丨 一 丨 ㇀ 丶 丿 一 一 丿 丶 ㇌ 丨,true(a15~e15),踯 徘徊 踯于六闲。--《视学及士习文体策》又如踯踨(徘徊不进的样子)蹬踢 喜则齐鼻，怒则奋踯。--唐·柳宗元《牛赋》又如踯踏(蹬踢跳跃)踯躅金车玉作轮，踯躅青骢马。--《玉台新咏·古诗为焦仲卿妻作》始踯躅于燥吻。--《文选》立踯躅而不安。--宋玉《神女赋》踯（躸）zhí
5918,踺,表3丙表1000字,15画,jiàn,丨 𠃍 一 丨 一 丨 ㇀ 𠃍 一 一 一 一 丨 ㇋ ㇏,true(a15~e15),踺 践踏 贼骑飙至，蹄踺而踣，仆者鳞叠，横尸山委。--明·田汝成《西湖游览志》踺jiàn 1.践踏。 2.见'踺子'。
5921,蝾,表3丙表1000字,15画,róng,丨 𠃍 一 丨 一 丶 一 丨 丨 ㇀ 乛 一 丨 丿 ㇏,true(a15~e15),蝾螈蝾（蠑）róng
5924,蝮,表3丙表1000字,15画,fù,丨 𠃍 一 丨 一 丶 丿 一 丨 𠃍 一 一 丿 ㇇ ㇏,true(a15~e15),蝮〈名〉动物名。蝮蛇 蝮，虫也。从虫，复声。--《说文》蝮虺博三寸，首大如擘。--《说文》羽山多蝮虫。--《山海经·南山经》蝮蛇蓁蓁。--《楚辞·招魂》又如蝮虫(传说中的毒蛇名);蝮毒(蝮蛇之毒。蝮蛇般的毒心，极言其恶毒);蝮蝎(蝮蛇与蝎子。泛指毒蛇、毒虫);蝮虿(蝮蛇和蝎子)蝮 fù【蝮蛇】一种毒蛇。也叫'草上飞'，'土公蛇'。体灰褐色，有黑褐色斑纹，头略呈三角形。毒液可供药用。
5927,蝣,表3丙表1000字,15画,yóu,丨 𠃍 一 丨 一 丶 丶 一 𠃌 丿 丿 一 ㇇ 亅 一,true(a15~e15),蝣〈名〉昆虫名。蜉蝣的省称 以蝣羽指奢侈的服饰)蝣yóu
5928,蝼,表3丙表1000字,15画,lóu,丨 𠃍 一 丨 一 丶 丶 丿 一 丨 丿 ㇏ 𡿨 丿 一,true(a15~e15),蝼 (形声。从虫，娄声。蝼蛄。一种对农作物有害的昆虫)同本义 凛凛岁云暮，蝼蛄夕悲鸣。--《古诗十九首》又如蝼蚓(蝼蛄与蚯蚓);蝼蚁得志(比喻小人得志);蝼蚁之诚(自谦微诚之辞)谓肉有臭味如蝼蛄 蝼 谓被蚁蛀蚀 流水不腐，户枢不蝼，动也。--《吕氏春秋》蝼蛄称蝲蝲蛄，有蝼（蟦）lóu
5930,嘬,表3丙表1000字,15画,zuō,丨 𠃍 一 丨 𠃍 一 一 一 丨 丨 一 一 ㇀ ㇇ ㇏,true(a15~e15),嘬〈动〉大口吞食 叮，咬 嘬chuài⒈咬，吃。嘬zuō⒈使嘴吮吸婴儿～奶。
5932,噍,表3丙表1000字,15画,jiào,丨 𠃍 一 丿 丨 丶 一 一 一 丨 一 ㇀ 丶 丶 丶,true(a15~e15),噍〈动〉咀嚼;吃 小饭而亟之，数噍毋为口容。--《礼记·少仪》亦呥呥而噍。--《荀子·荣辱》又如噍咀(咀嚼);噍嚼(咀嚼)通譻。责备 噍 〈名〉犹言噍类。特指活着的人或动物 襄城无噍类。--《汉书·高帝纪》。注青州俗呼无孑遗为无噍类。噍类噍jiào⒈嚼，吃。⒉⒊噍jiāo 1.声音急促。噍jiū 1.象声词。
5936,噌,表3丙表1000字,15画,cēng,丨 𠃍 一 丶 丿 丨 𠃍 丨 丶 丿 一 丨 𠃍 一 一,true(a15~e15),噌 噌 多以形容带动周围空气而起的声音 cheng噌吰而大声发于水上，噌吰如钟鼓不绝。--苏轼《石钟山记》噌 cēng象声词他～的一下跳到墙上去了。又见chēng。噌 chēng【噌吰】象声词。多用以形容钟鼓声。又见cēng。
5937,噔,表3丙表1000字,15画,dēng,丨 𠃍 一 ㇇ 丶 丿 丿 ㇏ 一 丨 𠃍 一 丶 丿 一,true(a15~e15),噔 沉重的东西落地或撞击物体的声音 噔dēng 象声词，敲鼓声，重物下地时的响声．
5938,颛,表3丙表1000字,15画,zhuān,丨 ㇄ 丨 一 丿 丨 𠃌 丨 丨 一 丿 丨 𠃍 丿 丶,true(a15~e15),颛 善良 猛兽食颛民。--《淮南子》又如颛愚(忠厚善良);颛醇(善良淳朴)顽愚 某比兴非工，颛蒙有素。--李商隐《献侍郎钜鹿公启》又如颛庸(愚昧平庸);颛颛(愚昧无知的样子);颛蒙(愚昧);颛甿(愚昧的乡下人)通专。专门彭祖安乐各颛门教授。--《汉书·儒林严彭祖传》相国产颛兵秉政。--《汉书·高后纪》兼业颛利。--《汉书·货殖列传》颛 专擅。通专颛妄言。--《史记·陈涉世家》颛作威福庙堂之上。--《汉书·诸侯王表》光颛权自恣。--《颛zhuān⒈愚昧。⒉通'专'。⒊
5941,嶙,表3丙表1000字,15画,lín,丨 ㇄ 丨 丶 丿 一 丨 丿 ㇏ 丿 ㇇ 丶 一 𠃋 丨,true(a15~e15),嶙嶙浅山嶙嶙，乱石矗矗。--欧阳修《盘车图》嶙峋岭巆嶙峋，洞无涯兮。--《汉书·扬雄传》海之波澜，山之嶙峋。--司空图《诗品》怪石嶙峋瘦骨嶙峋嶙lín①山石一层层的重叠不平怪石～峋。②形容人瘦削瘦骨～峋。嶙lǐn 1.见'嶾嶙'。
5947,镉,表3丙表1000字,15画,gé、lì,丿 一 一 一 𠄌 一 丨 𠃍 一 丨 𠃌 丶 丿 一 丨,true(a15~e15),镉 一种锡白色可延展的有毒二价金属元素，能高度磨光，当受弯曲时会发出破裂声。产于硫镉矿，也以少量含于锌矿石中，可作为副产品提取。主要为保护铁板、钢板做电镀及制造金属轴承之用 镉lì 1.古代炊器，三空心足。最初用陶制，商周时兼用青铜制◇泛指锅。镉gé 1.金属元素。符号cd。银白色，延展性强，易吸收中子，可做成棒，用来控制反应堆⊥铅﹑锡等制成易熔合金，用做电路保险丝等。
5948,镌,表3丙表1000字,15画,juān,丿 一 一 一 𠄌 丿 丨 丶 一 一 一 丨 一 𠄎 丿,true(a15~e15),镌 (形声。从金，隽声。①本义破木之器。②凿，刻)用凹线、凹面或点雕刻 镌山石。--《淮南子·本经》又如镌功(刻石记功);镌题(在金石器物上刻写);镌错(雕刻磋磨);镌石(刻石)凿 喻深刻记住 降低;减少 降职 扰民及不实乾镌罚。--宋史·食货志》又如镌罚(降职惩罚);镌级(降低官阶);镌责(降级追究责任)镌刻镌（鐫）juān⒈凿，开掘可～。〈引〉刻，雕刻～板。～碑文。⒉官吏降级扰民及不实者～罚（不实虚报情况）。
5949,镍,表3丙表1000字,15画,niè,丿 一 一 一 𠄌 丿 丨 𠃍 一 一 一 一 丨 丿 ㇏,true(a15~e15),镍 近似银白色、硬而有延展性并具有铁磁性的金属元素，它能够高度磨光和抗腐蚀。主要用于合金(如镍钢和镍银)及用作催化剂(如拉内镍，尤指用作氢化的催化剂) 元素符号ni镍币镍钢镍niè金属化学元素之一。符号ni。银白色，有光泽，性坚韧。用于制不锈钢、器具、货币，还用于电镀等。
5950,镏,表3丙表1000字,15画,liú、liù,丿 一 一 一 𠄌 丿 𠄌 丶 𠃌 丿 丨 𠃍 一 丨 一,true(a15~e15),镏 同刘。杀戮 镏，杀也。--《说文》镏金 尊天二十四像，穆肃慈猛，相具神足，衣冠法故，范镏质良。--明·刘侗、于奕正《帝京景物略》姓镏金镏liù〈方〉镏liú
5954,稷,表3丙表1000字,15画,jì,丿 一 丨 丿 丶 丨 𠃍 一 丨 一 丿 丶 丿 ㇇ ㇏,true(a15~e15),稷 (形声。从禾，畟声。表示与农作物有关。本义稷谷)植物名。我国古老的食用作物，即粟。一说为不粘的黍。又说为高粱 稷，齮也。五谷之长。--《说文》黍稷无成。--《国语·晋语》。注粱也。按，千谷粟三者为黍，稷稻梁之大名。梁则今小米子之大而不黏者，与稷别。黏者为黍，不黏者为稷。--《本草纲目》稷，粟也。--《尔雅·释草》注稷，今人谓之高粱。--《广雅疏证》又如稷食(稷米煮的饭。泛指粗粝的饭);稷饭(以稷谷为饭);稷馈(古代以稷为主的祭礼)引申为庄稼和粮食的总称 稷jì⒈〈古〉指一种谷物，一说是黍属，一说是粟（谷子）。⒉〈古〉迷信指'谷神'（以稷为百谷之长）。稷zè 1.太阳西斜。
5956,篑,表3丙表1000字,15画,kuì,丿 一 丶 丿 一 丶 丨 𠃍 一 丨 一 丨 𠃍 丿 丶,true(a15~e15),篑 (形声。从竹，贵声。本义盛土的竹筐) 同本义 为山九仞，功亏一篑。--《书·旅獒》又如篑笼(运土用的竹具。如挑筐);功亏一篑(比喻做事只差最后一点力量而未能完成)篑kuì〈古〉盛土的竹筐。
5957,篁,表3丙表1000字,15画,huáng,丿 一 丶 丿 一 丶 丿 丨 𠃍 一 一 一 一 丨 一,true(a15~e15),篁〈名〉竹田，竹园 篁，竹田也。--《说文》蓟丘之植，植于汶篁。--《战国策·燕策》。裴髎集解引徐广曰竹田曰篁。竹丛;竹林 余处幽篁兮终不见天。--《楚辞·山鬼》篁竹之中。--《汉书·严助传》又如篁阵(竹林);篁迳(竹林中的小路);篁路(竹林中的路);篁筱(泛指密密的竹林)竹名 隔篁竹闻水声。--唐·柳宗元《至小丘西小石潭记》又如篁筱(篁竹和筱竹);篁笋(一种笋名)泛指竹子 篁huáng竹林，泛指竹子幽～。修～（长竹）。
5958,篌,表3丙表1000字,15画,hóu,丿 一 丶 丿 一 丶 丿 丨 𠃍 一 丿 一 一 丿 ㇏,true(a15~e15),见箜篌篌hóu
5961,儋,表3丙表1000字,15画,dān、dàn,丿 丨 丿 ㇇ 一 丿 丿 丶 丶 一 一 一 丨 𠃍 一,true(a15~e15),儋 担(擔)的古字。肩荷、用肩挑 令婢路上担粪。--《世说新语·规箴》又如儋石(容器名。儋容一石;一说二石为儋。也作担石，檐石);儋负(担负。肩挑背负);儋何(瞪。肩负责任)抬。二人用肩扛 上人著百尺楼上，儋梯而去。--《世说新语·黜免》儋 同聸。耳下垂 儋 古州名 儋县 儋dān①'擔'的古字。肩荷，肩挑。②同'聸'。耳下垂。③指儋耳。在今海南岛儋县。儋dàn①同'畑'。石罌，一种小口大腹的陶器。②'擔'的古字。
5962,徵,表3丙表1000字,15画,zhēng、zhǐ,丿 丿 丨 丨 ㇄ 丨 一 一 一 丨 一 丿 一 丿 ㇏,true(a15~e15),
5967,滕,表3丙表1000字,15画,téng,丿 𠃌 一 一 丶 丿 一 一 丿 ㇏ 亅 丶 ㇀ 丿 丶,true(a15~e15),滕〈动〉(形声。从水，朕声。本义水向上腾涌)同本义 滕，水超涌也。--《说文》百川沸滕。--《诗·小雅·十月之交》滕，《诗》曰百川沸滕。水上涌也。--《玉篇》引申为张口说话 滕口说也。--《易·咸》范君独判于心，不畏滕口。--唐·韦瓘《宣州南陵县大农陂记》又如滕口(张口放言)滕 〈名〉西周分封的侯国名 春秋滕侯，文王子叔绣之后。国在今山东衮州府滕县。--朱骏声《说文通训定声》在今山东省滕县一带县名 姓滕téng周代诸侯国名，在今山东省滕县西南。
5968,鲠,表3丙表1000字,15画,gěng,丿 ㇇ 丨 𠃍 一 丨 一 ㇀ 一 丨 𠃍 一 一 丿 ㇏,true(a15~e15),鲠 (形声。从鱼(或从骨)，更声。本义鱼骨，鱼刺)同本义 鲠，鱼骨也。--《说文》又如如鲠在喉，不吐不快病患，祸害 除鲠而避强。--《国语·晋语》。注害也。又如鲠慰(悒郁中得到安慰)鲠 假借为骾。鱼刺卡在喉咙里 骾，食骨留咽中也。--《说文》鱼去乙。--《礼记·内则》。注食之鲠人。又如他被鱼刺鲠住了阻塞;堵塞 楚师屠汉卒，睢河鲠其流。--《文选·刘孝标·辨命论》通哽 鲠（骾）gěng⒈鱼骨，鱼刺。⒉骨头卡在喉咙里。⒊直爽，正直～言。骨～。～直（也作'梗直'、'耿直'）。鲠biān 1.鳊鱼。
5972,鲥,表3丙表1000字,15画,shí,丿 ㇇ 丨 𠃍 一 丨 一 ㇀ 丨 𠃍 一 一 一 亅 丶,true(a15~e15),鲥（鰣）shí鱼名。鲥鱼，体侧扁，银白色，生活在海里，春夏之交溯江河产卵。鳞下多脂肪，肉嫩美是名贵的食用鱼。
5973,鲧,表3丙表1000字,15画,gǔn,丿 ㇇ 丨 𠃍 一 丨 一 ㇀ 丿 𠃋 𠃋 丶 亅 丿 丶,true(a15~e15),鲧 鱼名。古书上指一种大鱼 马鲛，青斑色，无鳞有齿，又名章鮬。--明·屠本畯《闽中海错疏·鳞下》古人名，夏禹的父亲 禹之父曰鲧。--《史记》鲧（鮬）gǔn⒈〈古〉传说中的一种大鱼。⒉〈古〉人名。夏朝，禹的父亲。
5978,馓,表3丙表1000字,15画,sǎn,丿 乛 𠄌 一 丨 丨 一 丨 𠃌 一 一 丿 一 丿 ㇏,true(a15~e15),馓子馓sǎn
5984,瘢,表3丙表1000字,15画,bān,丶 一 丿 丶 ㇀ 丿 丿 𠃌 丶 一 丶 丿 ㇍ ㇇ ㇏,true(a15~e15),瘢  创伤或疮疖等愈后的疤痕  瘢，痍也。从疒，般声。--《说文》 瘢，痕也。--《苍颉篇》 视其面，果有瘢。--《汉书·朱博传》 又如瘢疣(褊和赘疣);瘢夷(创伤) 皮肤上的斑点  两边腮上微微的几点雀瘢。--《红楼梦》 又如瘢迹(褊;痕迹) 比喻缺点或过失  褊
5986,齑,表3丙表1000字,15画,jī,丶 一 丿 ㇏ 丿 丨 丨 一 一 一 丨 一 一 一 一,true(a15~e15),齑 捣碎的姜、蒜或韭菜碎末儿 太学四年，朝齑暮盐。--韩愈《送穷文》又如齑盐(酸菜和盐。借指贫穷);齑盐运(贫穷的命运，苦命);齑盐布帛(普通的吃穿。形容生活清苦);齑盐自守(齑盐苦守。比喻坚持过清贫淡泊的生活)齑粉吾村不齑粉乎。--清·徐珂《清稗类钞·战事类》齑（齱）jī⒈粉碎的姜、葱、蒜等。⒉
5987,羯,表3丙表1000字,15画,jié,丶 丿 一 一 一 丿 丨 𠃍 一 一 丿 𠃌 丿 丶 ㇄,true(a15~e15),羯 阉过的公羊。泛指羊 又如羯膻(羊臊气)中国古时的一民族名 胡天。晋时，羯人石勒建立后赵政权，为五胡十六国之一。如羯胡(旧时用以泛称来自北方的外族)羯 阉割 羯鸡，阉鸡也。--清·翟灏《通俗编》羯鼓羯jié⒈被阉的公羊。也泛指羊。⒉〈古〉我国北方的一个民族。东晋时曾经建立后赵。
5991,糌,表3丙表1000字,15画,zān,丶 丿 一 丨 丿 丶 丿 ㇇ ㇏ 丨 丶 丨 𠃍 一 一,true(a15~e15),糌粑糌zān
5993,糅,表3丙表1000字,15画,róu,丶 丿 一 丨 丿 丶 ㇇ 丶 乛 亅 丿 一 丨 丿 ㇏,true(a15~e15),糅 (形声。从米，柔声。本义杂饭) 同本义 滋味杂陈，肴糅错该。--汉·枚乘《七发》糅 混杂;混合 混合，使混合 糅róu杂，错杂～杂。～合。玉石同～。
5995,熵,表3丙表1000字,15画,shāng,㇀ 丿 丿 丶 丶 一 丶 丿 丨 𠃌 丿 丶 丨 𠃍 一,true(a15~e15),熵〈名〉物理名词，用温度除热量所得的商，标志热量转化为功的程度 熵shāng科学名词。为着衡量热力体系中不能利用的热能，以温度除热能所得的商。
5996,熠,表3丙表1000字,15画,yì,㇀ 丿 丿 丶 𠃍 丶 ㇀ 𠃍 丶 ㇀ 丿 丨 𠃍 一 一,true(a15~e15),熠 (形声。从火，习声。本义光耀，鲜明) 同本义 熠熠光彩熠熠熠yì鲜明，光耀～耀（又指萤火）。
5999,潸,表3丙表1000字,15画,shān,丶 丶 ㇀ 一 丨 丿 丶 一 丨 丿 ㇏ 丨 𠃌 一 一,true(a15~e15),潸 (形声。从水，散省声。本义流泪的样子) 同本义 潸，涕流貌。--《说文》流涕长潸。--《史记·扁仓传》潸焉出涕。--《诗·小雅·大东》又如潸泫(潸然，潸潸。泪流不止的样子)潸 〈动〉流泪 肠断离家泪暗潸。--清·湘灵子《轩亭冤·哭墓》又如潸慨(流泪感叹);潸泪(流泪)潸 〈名〉泪水 茵席留余潸。--陆游《楼上醉书》又如潸流(泪水流淌)潸然不觉潸然泪下潸潸泪潸潸不住流瞧他泪潸潸的样子潸（澘）shān
6001,潲,表3丙表1000字,15画,shào,丶 丶 ㇀ 丿 一 丨 丿 丶 丨 丶 丿 丨 𠃌 一 一,true(a15~e15),潲 名>潲，豕食。--《广韵》潲 〈动〉雨斜落下来 潲水刚上市的蔬菜都潲水了潲桶潲shào⒈雨被风吹斜着落下雨往南～。〈引〉洒～些水在街道上。⒉〈方〉半流质的饲料猪～水。
6013,褫,表3丙表1000字,15画,chǐ,丶 ㇇ 丨 丿 丶 丿 丿 丨 一 乛 丿 一 乚 丿 ⺄,true(a15~e15),褫 (形声。从衣，虒声。本义夺去衣服)同本义 终朝三褫。--《易·讼》念解佩而褫绅。--《雪赋》乃褫豪民衣自衣。--明·高启《书博鸡者事》又如褫衿(剥去衣冠。旧时生员等犯罪，必先由学官褫夺衣冠，革除功名之后，才能动刑拷问)夺去 革除 扯住 废弛 褫夺褫夺公民权褫革褫 chǐ本指剥去衣服，后泛指剥夺～职。【褫夺】剥夺（多用于法令）～公权。褫chǐ脱下，夺去衣服或带。〈引〉革除，剥夺～职。～夺政治权利。
6014,谵,表3丙表1000字,15画,zhān,丶 ㇊ 丿 ㇇ 一 丿 丿 丶 丶 一 一 一 丨 𠃍 一,true(a15~e15),谵 多言 耄喜谵谆语，衰常踸踔行。--宋·陆游《霜晴》又如谵谆(叨唠)说胡话，特指病中说胡话 谵妄烦乱，啼笑骂詈。--李时珍《本草纲目·序例上》又如谵言(病中的胡言乱语)谵zhān话多。特指病中胡言乱语～语。
6018,勰,表3丙表1000字,15画,xié,𠃌 丿 𠃌 丿 𠃌 丿 丨 𠃍 一 丨 一 ㇀ ㇃ 丶 丶,true(a15~e15),勰 和谐，协调 词必先有调，而后以词填之。词即音也。亦有自度腔者，先随意为长短句，后勰以律。--况周颐《蕙风词话》勰xié同'协'⊥谐。多见于人名。
6025,畿,表3丙表1000字,15画,jī,𠃋 𠃋 丶 𠃋 𠃋 丶 一 丨 𠃍 一 丨 一 ㇂ 丿 丶,true(a15~e15),畿 (形声。从田，幾省声。本义国都四周的广大地区)古代王都所领辖的方千里地面◇指京城所管辖的地区 畿，天子千里地。以逮近言之则曰畿也。--《说文》邦畿方千里。--《周礼·大行人》方千里曰王畿。--《周礼·职方式》邦畿千里。--《诗·商颂·玄鸟》视学京畿。--清·方苞《左忠毅公逸事》又如畿尉(卫戍京城的武官);畿限(王畿的界限);畿甸(京城效区);畿兵(驻京都的士兵)王畿之外的九畿 乃以九畿之籍。--《周礼·大司马》。注犹限也。按，九畿，畿 jī⒈〈古〉称国都周围的地区京～。⒉门槛。
6026,耩,表3丙表1000字,16画,jiǎng,一 一 一 丨 丿 丶 一 一 丨 丨 一 丨 𠃌 丨 一 一,true(a16~e16),耩 用耧播种 耕地 锄得五遍，已上下不烦耩。--《齐民要术》用耧施肥 耩jiǎng旧式农具，用耩播种或施肥～蚕豆。～有机肥。
6028,耪,表3丙表1000字,16画,pǎng,一 一 一 丨 丿 丶 丶 一 丶 丿 ㇀ 乛 丶 一 𠃌 丿,true(a16~e16),耪〈动〉用锄弄松或打碎土地 耪pǎng锄，用锄除草松土～草。～地。
6034,聱,表3丙表1000字,16画,áo,一 一 丨 一 𠃌 丿 丿 一 丿 ㇏ 一 丨 丨 一 一 一,true(a16~e16),聱〈形〉(形声。从耳敖声。本义不接受意见)同本义聱，不入人语也。--《广雅》彼诮为聱者，为其不相从听。--元结《自释》又如聱牙(乖忤，抵触。亦谓与人意见不同，不随世俗)文词艰涩。如聱牙戟口(聱牙诎曲，聱牙诘曲，聱牙诘屈。都形容文辞艰涩难读);聱屈(拗口难读)聱牙文句别扭，读不上口聱áo话不顺耳。不接受他人意见。聱yóu 1.众声杂作貌。参见'聱耴'﹑'聱聱'。
6035,螯,表3丙表1000字,16画,áo,一 一 丨 一 𠃌 丿 丿 一 丿 ㇏ 丨 𠃍 一 丨 一 丶,true(a16~e16),螯〈名〉(形声。从虫，敖声。本义节肢动物的螯夹)节足动物的第一对脚。足端两歧，开合如钳，可取食并作防卫之用蟹六跪而二螯。--《荀子·劝学》又如螯胶(百足蟹所煮成的胶)蟹，螃蟹。如螯蟹(螃蟹)螯áo 螃蟹、虾等甲壳动物变形的脚，末端两歧，形如钳子，用于取食或自卫。
6036,髻,表3丙表1000字,16画,jì,一 丨 一 一 一 𠃋 丶 丿 丿 丿 一 丨 一 丨 𠃍 一,true(a16~e16),髻 (形声。从髟，表示与毛发有关，吉声。本义发髻) 同本义 头上倭堕髻。--《乐府诗集·陌上桑》椎髻仰面。--明·魏学洢《核舟记》汝梳双髻(髻，梳在头顶上的发结。)--清·袁枚《祭妹文》又如髻珠(髻上的明珠;比喻主旨、善谛);髻丫(盘在头顶左右两侧的发结);髻根(发髻盘结如盘根错节);髻子(即发髻，头发拖到后面结成一个髻)髻鬟髻鬟之始掠。--明·袁宏道《满井游记》髻jì盘在头顶的发结发～。梳头扎～。髻jié 1.灶神。
6037,髭,表3丙表1000字,16画,zī,一 丨 一 一 一 𠃋 丶 丿 丿 丿 丨 一 丨 ㇀ 丿 乚,true(a16~e16),髭 嘴唇上边的短须 頾，口上毛也。从须，此声。--《说文》。字亦作髭。至于灵王，生而有髭。--《左传·昭公二十六年》下担捋髭须。--《乐府诗集·陌上桑》微髭。--清·邵长蘅《青门剩稿》又如髭发(口上毛叫髭，头上毛叫发)髭毛儿他这人总爱髭毛儿这群小流氓总在街上髭毛儿髭须髭zī嘴唇上的胡子～须已花白。
6044,磬,表3丙表1000字,16画,qìng,一 丨 一 𠃍 丨 一 丿 丿 ㇍ ㇇ 丶 一 丿 丨 𠃍 一,true(a16~e16),磬〈名〉(象形。甲骨文字形。手又持小槌像击磬的形象。本义古代乐器。用石或玉雕成。悬挂于架上，击之而鸣)同本义 磬，乐石也。--《说文》小华之山多磬石。--《山海经·西山经》泗滨浮磬。--《书·禹贡》笙磬同音。--《诗·小雅·鼓钟》依我磬声。--《诗·商颂·那》语寡人以忧者击磬。--《淮南子·泛论》钟磬置于水中。--宋·苏轼《石钟山记》西门豹簪笔磬折，向河立待良久。--《西门豹治邺》又如磬人(负责治磬的官员);磬工(负责制磬的官员);磬色(玉磬的光彩);磬师(古乐官名)磬qìng⒈〈古〉一种石或玉制的敲击乐器，悬在架上，形似曲尺。⒉寺庙中和尚敲打的铜铁铸的鸣器，形状似钵敲～声。磬qīng 1.古代打击乐器。状如曲尺。用玉﹑石或金属制成。悬挂于架上，击之而鸣。 2.适宜制磬的美石。 3.寺院中召集众僧用的云板形鸣器或诵经用的钵形打击乐器。4.南齐时报更用的响器◇因以借指时钟。 5.弯腰。表示谦恭。 6.泛指身形曲折如磬。 7.形容鸣声如击磬。 8.放马疾驰。参见'磬控'。 9.古死刑之一。悬而缢杀。10.副词。方言。适才。参见'盘子'。 11.通'俔'。譬如，如同。 12.通'罄'。空，中空。 13.通'罄'。尽，罄尽。 14.通'罄'。全;遍。参见'磬地'。 15.通'罄'。形容声音坚致。 16.通'謦'。轻声咳嗽。参见'磬欬'。
6045,颞,表3丙表1000字,16画,niè,一 丨 丨 一 一 一 ㇇ 丶 ㇇ 丶 一 丿 丨 𠃍 丿 丶,true(a16~e16),颞 通作颞颥，头颅两侧靠近耳朵的部分 颞，在耳前曰颞。--《玉篇》颞骨颞颥颞（飀）niè⒈⒉
6047,鞘,表3丙表1000字,16画,qiào、shāo,一 丨 丨 一 丨 𠃍 一 一 丨 丨 丶 丿 丨 𠃌 一 一,true(a16~e16),鞘〈名〉(形声。从革，肖声。革，去毛并经过加工的兽皮。本义刀剑套)同本义 古时贮银以便转运的空心木筒 鞘qiào⒈装刀、剑的套子刀出～。鞘shāo⒈
6050,薨,表3丙表1000字,16画,hōng,一 丨 丨 丨 𠃍 丨 丨 一 ㇀ 乛 一 丿 ㇇ 丶 丿 乚,true(a16~e16),薨〈动〉(形声。从死，瞢省声。本义古代称诸侯之死◇世有封爵的大官之死也称薨)同本义 薨，死也。--《尔雅》鲁文公薨，而东门遂镣适立庶。--《左传·昭公三十二年》昭王薨。--《史记·魏公子列传》又如薨落(死的意思。通常指诸侯之死);薨奄(指王侯死亡);薨殁(指王侯死亡);薨殂(指王侯之死);薨背(犹薨殂);薨逝(犹薨殂);薨谢(薨殂)杀害 闭太后于后宫，薨怿于下省。--北魏·杨衒之《洛阳伽蓝记》薨hōng〈古〉称侯、王死。唐代以后称二品以上官员的死。
6052,薏,表3丙表1000字,16画,yì,一 丨 丨 丶 一 丶 丿 一 丨 𠃍 一 一 ㇀ ㇃ 丶 丶,true(a16~e16),薏 薏苡的省称 莲子的心，即莲子中的青嫩胚芽 莲青皮，果白，子为的;的中有青为薏。--《尔雅》薏米薏yì
6053,薮,表3丙表1000字,16画,sǒu,一 丨 丨 丶 丿 一 丨 丿 丶 𡿨 丿 一 丿 一 丿 ㇏,true(a16~e16),薮 (形声。从苃，数声。沼泽地带多长草，故从苃。本义湖泽的通称。也指水少而草木茂盛的湖泽)同本义 薮，大泽也。--《说文》十薮。--《尔雅·释地》。李注薮，泽之别名也。薮，物之归也。--《国语·周语下》度山林，鸠薮泽。--《左传·襄公二十五年》人或物聚集的地方 为天下逋逃主，萃渊薮。--《书·武成》山薮藏疾。--《左传·宣公十五年》。注薮是草木积聚之处，近山近泽皆得称薮。密迩奸薮。--郭璞《奏薮（藪）sǒu⒈水少而草木茂盛的湖泽～泽。⒉人或物聚集的地方渊～。薮còu 1.车毂中心穿孔以承轴的部分。
6055,薅,表3丙表1000字,16画,hāo,一 丨 丨 𡿨 丿 一 一 丿 一 一 𠄌 丿 ㇏ 一 亅 丶,true(a16~e16),薅〈动〉拔除田草 泛指拔去 薅hāo拔，去掉～草培土。
6057,橛,表3丙表1000字,16画,jué,一 丨 丿 丶 一 丿 丶 丿 一 ㇄ 丨 丿 丿 乛 丿 ㇏,true(a16~e16),橛 木橛子，短木桩 橜，弋也。从木，厥声。一曰门梱也。--《说文》吾处也，若橜株驹。--《列子·黄帝》作厥(橛)株拘。--《庄子·达生》。注凡竖木而短者，皆得曰 橜。苗高二三尺，每路打橛。--宋应星《天工开物》又如橛杙(木桩);橛眼(木桩插入地面留下的孔穴)门中竖立以为限隔的短木 树木或禾杆的残根 即马嚼子。马口中所衔的横木◇亦用金属制成 橛 犹翘起，鼓起 橛jué⒈小木桩。⒉门中竖立的短木。⒊树木或庄稼的残根树～子。残～儿。⒋马口所衔的横木。
6062,樽,表3丙表1000字,16画,zūn,一 丨 丿 丶 丶 丿 一 丨 𠃍 丿 ㇄ 一 一 一 亅 丶,true(a16~e16),樽 (形声。从木，尊声。本作尊。本义盛酒器。中国古代的盛酒器具) 同本义 有酒盈樽。--晋·陶渊明《归去来兮辞》金樽清酒斗十千。--唐·李白《行路难》座上客常满，樽中酒不空。--《全图绣像三国演义》又如樽杓(指饮酒之器);樽桂(杯中的桂花酒);樽酌(指饮酒之器);樽酒(杯酒)樽 往酒器里倒酒 少倾，摆出酒席，四位樽酒论文。--《儒林外史》通撙。抑止 樽流遁之观。--《淮南子·要略》。杨树达云樽，经传通作撙。又如樽约(谓节约，樽，同樽（罇）zūn〈古〉一种酒器。
6063,樨,表3丙表1000字,16画,xī,一 丨 丿 丶 𠃍 一 丿 丨 丶 ㇀ 丿 丶 丿 一 一 丨,true(a16~e16),见木樨同木犀樨xī
6068,醛,表3丙表1000字,16画,quán,一 丨 𠃍 丿 ㇄ 一 一 一 丨 丨 丿 ㇏ 一 一 丨 一,true(a16~e16),醛〈名〉以乙醛为代表的一类很活泼的有机化合物，其特征是具有-cho基，呈中度氧化态，比伯醇分子少两个氢原子，比羧酸少一个氧原子 醛quán有机化合物的一类。通式r-cho。有多种甲～可制塑料；乙～可制醋酸；糠～可制合成纤维、橡胶等。
6069,醐,表3丙表1000字,16画,hú,一 丨 𠃍 丿 ㇄ 一 一 一 丨 丨 𠃍 一 丿 𠃌 一 一,true(a16~e16),醍醐(古时指从牛奶中提炼出来的精华，佛教比喻最高的佛法醐hú
6070,醍,表3丙表1000字,16画,tí、tǐ,一 丨 𠃍 丿 ㇄ 一 一 丨 𠃍 一 一 一 丨 一 丿 ㇏,true(a16~e16),醍〈名〉最精纯的酥酪 如醍醐醍醐作酪时，上一重凝者为酥，酥上如油者为醍醐。--《本草纲目·兽一》引寇宗奭醍醐灌顶了精辟的言论深受启发宝玉听了，如醍醐灌顶…--《红楼梦》醍〈名〉(形声。从醍tí醍tǐ 1.浅红色的清酒。
6079,錾,表3丙表1000字,16画,zàn,一 𠃋 丨 ㇀ 丿 丿 一 丨 丿 ㇏ 一 一 丨 丶 丿 一,true(a16~e16),錾 小凿，雕凿金石的工具 錾，小凿也。从金，从斩，斩亦声。--《说文》鐫谓之錾。--《广雅·释器》用錾揭剥高处。--宋·李诫《营造法式》錾 雕，刻 罗延庆力大无穷，使一杆錾金枪，犹如天神一般。--《说岳全传》又如錾字;錾大理石磨刀出锋 铁棒有打錾。--《西厢记诸宫调》錾刀錾子錾zàn⒈雕凿金石的小凿子钢～子。⒉在金石上雕刻～字画。～花纹。
6082,遽,表3丙表1000字,16画,jù,丨 一 乛 丿 一 乚 一 丿 ㇁ 丿 丿 丿 丶 丶 ㇋ ㇏,true(a16~e16),遽 (形声。从辵，表示与行走有关，本义送信的快车或快马)同本义 遽，传也。--《说文》以待达穷者与遽令。--《周礼·大仆》掌邦国传遽之小事。--《周礼·行夫》。注若今时乘传骑驿而使者也。且使遽告于郑。--《左传·僖公三十三年》。注传车。士曰传遽之臣。--《礼记·玉藻》又如遽人(驿卒;传达命令的人);遽驿(传车和驿马);遽传(驿车和传舍);遽委(驿站车马和储存的粮食)乡名 遽 立刻;马上 遽兴姜戎。遽jù⒈急速，匆忙急～。老至何～。⒉就，竟～以告人。⒊〈古〉迷信者所说的快车或快马乘～而至。⒋恐惧～怕。色～（色脸色）。
6089,噤,表3丙表1000字,16画,jìn,丨 𠃍 一 一 丨 丿 丶 一 丨 丿 ㇏ 一 一 亅 丿 丶,true(a16~e16),噤 闭口 口禁，口闭也。从口，禁声。--《说文》口噤闭而不言。--《楚辞·思古》翅垂口噤心甚劳。--杜甫《朱凤行》又如噤声(闭口不言;不出声或小声);噤窄(闷在心里不说);噤口卷舌(缄默不言)关闭;封闭 有噤门而莫启。--潘岳《西征赋》又如噤门(关门)因寒冷而发生的哆嗦 吃光喝完 你过来，这酒我吃不了，咱两个噤了这素子酒吧。--《金瓶梅》噤闭噤若寒蝉噤jìn　闭口，不作声～若寒蝉.
6094,踽,表3丙表1000字,16画,jǔ,丨 𠃍 一 丨 一 丨 ㇀ 丿 丨 𠃍 一 丨 𠃌 丨 ㇀ 丶,true(a16~e16),踽 慢步行走 通伛 踽jǔ
6099,螈,表3丙表1000字,16画,yuán,丨 𠃍 一 丨 一 丶 一 丿 丿 丨 𠃍 一 一 亅 丿 丶,true(a16~e16),蝾螈两栖动物。状如蜥蜴，头扁，背黑色，腹红黄色，有黑斑，四肢短，尾侧扁，生活在水中螈yuán
6100,螅,表3丙表1000字,16画,xī,丨 𠃍 一 丨 一 丶 丿 丨 𠃍 一 一 一 ㇀ ㇃ 丶 丶,true(a16~e16),见水螅螅xī
6104,噱,表3丙表1000字,16画,jué、xué,丨 𠃍 一 丨 一 乛 丿 一 乚 一 丿 ㇁ 丿 丿 丿 ㇏,true(a16~e16),噱jue大笑 噱，大笑也。--《说文》谈关大噱。--《汉书·叙传》。注噱噱，笑声也。又如噱谈(谈笑);噱噱(嘻嘻。笑声);可发一噱;谈笑大噱噱 口腔 沈沈容容，遥噱虖紘中。--扬雄《羽猎赋》》。颜师古注口内之上下名为噱，言禽兽奔走倦极，皆遥张噱吐舌于紘罔之中也。噱头他的表演噱头真多耍噱头噱xue噱，大笑也。--《说文》谈笑大噱。--《汉书·叙传上》又如发噱噱头噱jué⒈大笑。⒉见xué。噱xué⒈〈方〉笑，使人发笑发～。～头（逗笑的言行）。
6105,噬,表3丙表1000字,16画,shì,丨 𠃍 一 丿 一 丶 丿 一 丶 一 丨 丿 丶 丿 丶 一,true(a16~e16),噬shì咬吞～。～脐莫及（用嘴咬肚脐，够不着。形容后悔已来不及了）。
6110,圜,表3丙表1000字,16画,huán、yuán,丨 𠃍 丨 𠃍 丨 丨 一 一 丨 𠃍 一 丿 𠄌 丿 丶 一,true(a16~e16),圜huan(形声。从囗，睘声。本义围绕)同本义。通环 火似圜。--《周礼·考工记·画缋》动一亲戚，天下圜视而起。--《汉书·贾谊传》圜流九十里。--《列子·说符》欲内圜凿。--《史记·孟荀传》余圜视大骇。--唐·柳宗元《梓人传》又如圜山(环山)圜yuan同本义 圜，天体也。--《说文》。按，浑圆为圜，平圆为圆。圆之规为圆。圜，天道也。--《吕氏春秋·圜道》注大圜在上。--《吕氏春秋·序意》。注天也。乾为天，为圜。--《易·说卦》圜则九重，孰营度之?--《楚圜huán⒈环绕～流。圜yuán⒈在平面上，定点和定距离的动点之轨迹的称谓。定点称'～心'。定距离称'～的半径'。有时也称轨迹所围的部分为～。称轨迹为～周。⒉像球形的滚～。～房顶。⒊完备，周全～满。大团～。⒋使完备，使周全～谎。自～其说。⒌婉转字正腔～。深～似转簧。⒍货币名。也作'元'一百～。⒎⒏
6113,镗,表3丙表1000字,16画,tāng、táng,丿 一 一 一 𠄌 丨 丶 丿 ㇀ 乛 丨 𠃍 一 一 丨 一,true(a16~e16),镗〈象〉钟鼓的声音或敲锣的声音 镗，钟鼓之声。从金，堂声。--《说文》击鼓其镗。--《诗·邶风·击鼓》又如镗韔(钟鼓声);镗镗(钟鼓声)镗 〈名〉加工零件内孔的一种方法 镗 〈动〉用镗孔刀内旋切 镗tāng⒈像声词。打钟鼓或敲锣的声音。⒉乐器名。一种小锣，称'～儿'或'小～儿'。镗táng同'搪'。用泥土、涂料等抹涂。
6115,镚,表3丙表1000字,16画,bèng,丿 一 一 一 𠄌 丨 ㇄ 丨 丿 𠃌 一 一 丿 𠃌 一 一,true(a16~e16),
6117,镝,表3丙表1000字,16画,dī,丿 一 一 一 𠄌 丶 一 丶 丿 丨 𠃌 一 丨 丨 𠃍 一,true(a16~e16),镝 稀土族的三价金属元素，它形成的化合物属于已知的具有最大磁性的物质之列。其氧化物呈白色，而盐呈微黄色 镝 (形声。从金，啇声。本义箭的尖头)同本义 收天下之兵，聚之咸阳，销锋镝。--汉·贾谊《过秦论》又如锋镝;箭镝;镝矢(内部有三个小空洞的箭头。射出时会发出响声，因此也叫鸣镝);镝箭(即镝矢)箭 揽弓捷鸣镝，长驱上南山。--曹植《名都篇》镝dí 1.箭头;箭。镝dī 1.金属元素。符号dy。是稀土元素之一。
6118,镞,表3丙表1000字,16画,zú,丿 一 一 一 𠄌 丶 一 𠃌 丿 丿 一 丿 一 一 丿 ㇏,true(a16~e16),镞 (形声。从金，族声。本义箭头) 同本义 秦无亡矢遗镞之费，而天下诸侯已困矣。--汉·贾谊《过秦论》又如利镞(锋利的箭头)镞 形容箭的轻捷，应声而至 所为贵镞矢者，为其应声而至。--《吕氏春秋》镞zú箭头箭～。镞chuò 1.一种小型锄。亦指一种锄法。
6120,氇,表3丙表1000字,16画,lu,丿 一 一 乚 丿 ㇇ 丨 𠃍 一 丨 一 一 丨 𠃍 一 一,true(a16~e16),氆氇∶藏族地区出产的一种羊毛织品，可以做床毯、衣服等氇lu氇lǔ 1.见'氆氇'。
6121,氆,表3丙表1000字,16画,pǔ,丿 一 一 乚 丶 丿 一 丨 丨 丶 丿 一 丨 𠃍 一 一,true(a16~e16),氆氇氆pǔ
6123,穑,表3丙表1000字,16画,sè,丿 一 丨 丿 丶 一 丨 丶 丿 一 丨 𠃍 丨 𠃍 一 一,true(a16~e16),穑 (形声。从禾，啬声。声符有表意作用，见前。本义收获谷物)同本义 穑，谷可收曰穑。--《说文》。按，穑即啬之后出字。土爰稼穑。--《书·洪范》。王肃注种之曰稼，敛之曰穑。不稼不穑，胡取禾三百廛兮?--《诗经·魏风·伐檀》又如穑民(农民);穑地(农田);穑臣(古代称管理农事的大臣);穑督(谓督导农事);穑养(谓退隐务农)通啬。节俭;爱惜贬食省用，务穑劝分。--《左传·僖公二十一年》。杜预注穑，俭也。大国省穑而用之。--《左传·昭公元年》。注爱也穑（穡）sè⒈收割庄稼不稼不～。⒉〈古〉通'啬'。节省。
6132,魉,表3丙表1000字,16画,liǎng,丿 丨 𠃍 一 一 丿 乚 𠃋 丶 一 丨 𠃌 丿 丶 丿 丶,true(a16~e16),魍魉传说中的怪物魉（魎）liǎng
6133,魈,表3丙表1000字,16画,xiāo,丿 丨 𠃍 一 一 丿 乚 𠃋 丶 丨 丶 丿 丨 𠃌 一 一,true(a16~e16),魈 山魈。山中精怪 山精形如小儿，独足向后，夜喜犯人，名曰魈。--晋·葛洪《抱朴子·登涉》又如魈魅(即魈鬼。鬼怪)魈xiāo①猴的一种。产于非洲西部。头大，尾巴短，脸兰色，鼻红色，嘴上有白须，腹部灰白色，身上毛黑褐色。多群居，性凶猛，吃小鸟、野鼠等。②迷信传说，所谓'山里的鬼怪'。
6135,歙,表3丙表1000字,16画,xī、shè,丿 丶 一 丨 𠃍 一 𠃌 丶 ㇀ 𠃌 丶 ㇀ 丿 乛 丿 ㇏,true(a16~e16),歙〈名〉she县名 歙砚歙xi吸气或通过呼吸吸入 歙，缩鼻也。从欠，翕声。--《说文》。字亦作噏。将欲噏之，必固张之。--《老子河上本》崩腾歙众流，泱漭环中国。--《三宝太监西洋记通俗演义》歙蠡吞沱。--《石帆铭》通翕。收缩，敛息 将欲歙之，必固张之。--《老子》开阖张歙。--《淮南子·本经》开闭张歙。--《淮南子·精神》为之以歙，而应之以张。--歙xī⒈吸气，收敛。歙shè⒈歙县，在安徽省。
6140,鲱,表3丙表1000字,16画,fēi,丿 ㇇ 丨 𠃍 一 丨 一 ㇀ 丨 一 一 一 丨 一 一 一,true(a16~e16),鲱 鱼名。也称鰊。一种食用鱼鲱 fēi鲱鱼，也叫'鰊'。身体长而侧扁，口小，牙细，背部青黑色，腹部银白色。生活在海洋中。 肉供食用，它是重要的经济鱼之一。
6144,鲵,表3丙表1000字,16画,ní,丿 ㇇ 丨 𠃍 一 丨 一 ㇀ 丿 丨 一 𠃍 一 一 丿 乚,true(a16~e16),鲵 (形声。从鱼，兒声。本义两栖类动物，俗称娃娃鱼)同本义 鲵，剌鱼也。--《说文》鲵大者谓之鰕。--《尔雅·释鱼》。注似鲇，四脚，前似弥猴，后似狗。声如小儿啼。大者长七八尺。又如鲵鲐(鲵齿和鲐背);鲵鱼(娃娃鱼)小鱼 鲵ní受保护的两栖动物。头扁平，眼小口大，四肢短，尾巴扁。有大～和小～两种，大～俗称'娃娃鱼'。生活在淡水中，禁止猎杀食用。
6145,鲷,表3丙表1000字,16画,diāo,丿 ㇇ 丨 𠃍 一 丨 一 ㇀ 丿 𠃌 一 丨 一 丨 𠃍 一,true(a16~e16),鲷 鲷科鱼的总称 鲷diāo 1.鱼类的一属。身体侧扁，背部微凸。头大，口小。侧线发达。生活于海洋。有真鲷﹑黑鲷﹑长棘鲷等。
6151,鹧,表3丙表1000字,16画,zhè,丶 一 丿 一 丨 丨 一 ㇀ 丶 丶 丶 丿 𠃌 丶 ㇉ 一,true(a16~e16),鹧鸪捕食昆虫及蚯蚓等鹧zhè鸟名。鹧鸪，像鸭但较鸭小。羽毛头顶棕色，脚橙黄色，背和腹部多为黑白两色相杂。吃植物种子和昆虫、蚯蚓等。此鸟已少见，要保护，禁止猎杀食用。
6155,廪,表3丙表1000字,16画,lǐn,丶 一 丿 丶 一 丨 𠃍 丨 𠃍 一 一 一 一 亅 丿 丶,true(a16~e16),廪廪 (会意兼象形。从人回，象屋形，中有户牖。又作廪。廪是俗字。本义米仓)同本义 亦有高廪。--《诗·周颂·丰年》盛米曰? 余刀布，有囷廪。--《荀子·荣辱》。注圆曰囷，方曰廪。御廪者，粢盛委之所藏也。--《公羊传·桓公十四年》御廪，夫人八妾所舂米，藏以奉宗庙也。--《汉书·五行志》谷藏曰仓，米藏曰廪。--《荀子·富国》注父母使舜完廪。--《孟子·万章上》管子曰仓廪实而知礼节。--贾谊《论积贮疏》又如廪囷(米仓。方的称廪（? ⒈米仓仓～。⒉官方供给（粮食）～食。廪lǎn 1.见'坎廪'。 2.通'滥'。泛滥。参见'廪然'。
6164,嬴,表3丙表1000字,16画,yíng,丶 一 ㇄ 丨 𠃍 一 丿 𠃌 一 一 𡿨 丿 一 丿 ⺄ 丶,true(a16~e16),嬴 姓与嬴而不助六国。--宋·苏洵《六国论》嬴，少昊氏之姓。--《说文》。段玉裁注按秦、徐、江、黄、郯、莒皆嬴姓也。又如嬴氏(嬴秦。称秦国或秦王朝);嬴女(指传说中的秦穆公之女弄玉。秦，嬴姓，故称秦女为嬴女);嬴项(嬴秦和项楚的并称);嬴台(古代传说中肖史、弄玉所居之凤台)古邑名 孟子自齐葬于鲁，反于齐，止于嬴。--《孟子》嬴 通赢。增益;增加 一胜人必嬴。--《逸周书》嬴则兼欺舅与母。--《史记·苏秦列传》是维嬴土之国。--《山海经·嬴yíng⒈通'盈'。满，有余。⒉通'赢'。获胜。
6165,壅,表3丙表1000字,16画,yōng,丶 一 𠃋 𠃋 丿 丿 丨 丶 一 一 一 丨 一 一 丨 一,true(a16~e16),壅 (形声。从土，雍声。本义塞。阻塞;阻挡)同本义 壅，障也。--《广雅》雍，隔也。业贯万世而不壅。--《淮南子·主术》川壅而溃。--《左传·宣公十二年》则民病血壅肿，目不明。--汉·董仲舒《春秋繁露·五行顺逆》又如壅防(堵塞);壅阻(堵塞);壅淤(淤塞;不流通);壅闭(堵塞);壅肿(因血管堵塞而引起的肿痛)障蔽;遮盖 宣王因以晏首壅塞之。--《战国策·齐策》。注壅，蔽也。其君处壅翳蔽塞，窕邃弗章，倚以陵墓，带以曲房。--三国魏·阮籍《东平赋》又如壅劫(被蒙蔽挟制壅yōng⒈堵塞，阻塞～塞。⒉将泥土或肥料培在植物根上～土。～肥。
6166,羲,表3丙表1000字,16画,xī,丶 丿 一 一 丨 一 丿 一 丨 丿 丶 一 ㇉ ㇂ 丿 丶,true(a16~e16),羲 (形声。从兮，义声。本义气)同本义 羲，气也。--《说文》假借用于专名。传说中古代帝王伏羲的简称 伏羲氏之有天下也。--《书·序》基隆于羲农，规广于黄唐。--《文选·班固·答宾戏》又如羲文(指伏羲和文王);羲轩(指伏羲和轩辕);羲唐(指伏羲和尧帝);羲皇(指伏羲氏);羲炎(指伏羲和炎帝);羲黄(指伏羲和黄帝)传说尧时掌天文的官吏羲氏(羲仲和羲叔)的简称 羲和盖天地始生主日月者也。--《山海经·大荒南经》注乃命羲和，钦若昊天，…--《书·尧典》。陆德明释文羲、和，马云‘羲氏羲xī姓。
6169,甑,表3丙表1000字,16画,zèng,丶 丿 丨 𠃍 丨 丶 丿 一 丨 𠃍 一 一 一 𠄌 ⺄ 丶,true(a16~e16),甑 (形声。从瓦，曾声。从瓦，表示是陶制品。本义古代炊具，底部有许多透蒸汽的小孔，放在鬲上蒸煮 同本义 甑，? 甑，自关而东谓之? 许子以釜甄爨，以铁耕乎?--《孟子·滕文公上》荷甑堕地，不顾而去。--《后汉书·孟敏传》朝甑米空烹芋粥，夜缸油尽点松明。--宋·陆游《杂题六首》蒸米饭的用具，略像木桶，有屉子而无底，亦作甑子 蒸馏或使物体分解用的器皿 甑zèng⒈〈古〉做饭用的一种陶器，也有青铜制的◇来指蒸饭用的木制桶状物饭～子。⒉蒸馏或分解物体所用的器皿曲颈～。
6173,燧,表3丙表1000字,16画,suì,㇀ 丿 丿 丶 丶 丿 一 丿 ㇁ 丿 丿 丿 丶 丶 ㇋ ㇏,true(a16~e16),燧 (会意。从火，遂声。本义古代取火器)同本义 燧，塞上亭守烽火者。--《说文》燧，以取火于日。--《玉篇》有圣人作，钻燧取火，以化腥臊，而民悦之，使王天下，号之曰燧人氏。--《韩非子·五蠹》钻燧取火。--《论语·阳货》命夙驾载燧。--《左传·文公十年》钻燧取火，以化腥臊。--《人类的出现》幽王为熢燧。--《史记·周本纪》。正义炬火也。又如燧(铜)镜(古代用以向日取火)火炬之类 前驱举燧，后乘抗旌。--曹植《应诏诗》烽火台 南朝自武昌至京口，列置烽燧，此山燧suì⒈上古时代取火的器具～石。木～。金～。⒉〈古〉举火告警的烽烟 烽～。
6175,濉,表3丙表1000字,16画,suī,丶 丶 ㇀ 丨 𠃍 一 一 一 丿 丨 丶 一 一 一 丨 一,true(a16~e16),濉 水名 在安徽省北部。东南流入洪泽湖濉、漳、江、汉，楚之望也。--《韩诗外传》在福建省西部濉江，在濉suī濉河，在安徽省。
6176,潞,表3丙表1000字,16画,lù,丶 丶 ㇀ 丨 𠃍 一 丨 一 丨 ㇀ 丿 ㇇ ㇏ 丨 𠃍 一,true(a16~e16),潞〈名〉古水名。即今山西浊漳河 其浸汾、潞。--《周礼》春秋国名 假借为羸(虬??))。瘦弱，疲病 士民罢潞，国家空虚。--《吕氏春秋·不屈》潞lù
6177,澧,表3丙表1000字,16画,lǐ,丶 丶 ㇀ 丨 𠃍 一 丨 丨 一 一 丨 𠃍 一 丶 丿 一,true(a16~e16),澧〈名、形〉澧水 又东至于澧。--《书·禹贡》。朱曰出今湖南澧州永定县西历山，至安乡县会赤沙河入洞庭湖。史记正作醴。通醴。甘美 甘露降，澧泉涌。--《列子·汤问》澧lǐ澧水，在湖南省，向东流入洞庭湖。
6178,澹,表3丙表1000字,16画,dàn、tán,丶 丶 ㇀ 丿 ㇇ 一 丿 丿 丶 丶 一 一 一 丨 𠃍 一,true(a16~e16),澹 (形声。从水，詹声。本义水波摇动的样子)同本义 澹，水摇也。--《说文》徒靡澹淡。--宋玉《高唐赋》。注水波文也。澹淡浮。--班固《西都赋》。注雜风之貌也。澹兮其若海。--《老子》烟波澹荡摇空碧，楼殿参差倚夕阳。--白居易《西湖晚归回望孤山寺赠诸客》又如澹澹(水波摇动的样子);澹荡(摇动的样子)淡薄，浅淡。通淡 清澹退静。--《晋书·华表传》塞城朝烟澹。--唐·杜甫《两当县吴十侍御江上宅》又如;澹月(淡薄的月色);澹云(淡云)恬淡 澹澹 dàn安静。【澹泊】见【淡泊】。【澹然】见【淡然】。澹tán⒈澹shàn 1.满足;供给。澹dān 1.见'澹林'。
6184,窸,表3丙表1000字,16画,xī,丶 ㇀ 乛 丿 丶 丿 丶 丿 一 丨 丿 ㇏ ㇀ ㇃ 丶 丶,true(a16~e16),
6189,隰,表3丙表1000字,16画,xí,㇌ 丨 丨 𠃍 一 一 𠃋 𠃋 丶 𠃋 𠃋 丶 ㇀ 丶 丶 丶,true(a16~e16),隰 (形声。阜土山，与土地有关。本义低湿之地){同本义}隰，阪下湿也。--《说文》下湿曰隰。--《尔雅·释地》。李注谓土地窊下常阻洳，名为隰也。又，可食者曰原，陂者曰阪，下者曰隰。上平曰原，下平曰隰。--《公羊传·昭公元年》原隰底绩。--《书·禹贡》辨其山林川泽丘陵坟衍原隰之名物。--《周礼·大司徒》牧隰皋。--《左传·襄公二十五年》。注隰皋，水厓下湿。平原之隰。--《管子·形势》。注下泽也。丘隰水潦。--《淮南子·时则》山有榛，隰有苓。--《诗·邶风·简兮》南隰xí⒈低湿之地。⒉〈古〉指新开发的田地。隰xiè 1.人名用字。
6190,嬗,表3丙表1000字,16画,shàn,𡿨 丿 一 丶 一 丨 𠃍 丨 𠃍 一 一 丨 𠃍 一 一 一,true(a16~e16),嬗〈动〉(形声。从女，亶声。①本义缓。②变迁。如嬗变)自然的演变 形气转续，变化而嬗。--贾谊《鹏鸟赋》又如嬗迭(演变)禅位 尧嬗以天下。--《汉书·律历志下》更替 五年之间，号令三嬗。--《史记·秦楚之际月表》又如嬗代(嬗更，嬗替，嬗易。更替)传与，传递◇作禅 变化而嬗。--《汉书·贾谊传》。注相传与也。以不同形相嬗也。--《淮南子·精神》。高诱注嬗，传也。尧嬗以天下。--《汉书·律历志下》留其人于京师，而无嬗shàn变迁，更替～变。嬗chán 1.见'嬗娟'。
6192,缱,表3丙表1000字,16画,qiǎn,𠃋 𠃋 ㇀ 丨 𠃍 一 丨 一 丨 𠃍 一 𠃍 一 丶 ㇋ ㇏,true(a16~e16),缱 紧束;牵住 偶然间心似缱，梅树边。--明·汤显祖《牡丹亭》缱 用同纤。拉船用的绳索 来往不凭风力，归舟挽缱多至二十余人。--《天工开物》缱绻缱，缱绻，不相离也。--《说文新附》无纵诡随，以谨缱绻。--《诗·大雅》少尽缱绻。--唐·李朝威《柳毅传》以后对饮对唱，缠绵缱绻。--《红楼梦》缱qiǎn
6199,螫,表3丙表1000字,17画,shì、zhē,一 丨 一 丿 亅 丿 丶 丿 一 丿 ㇏ 丨 𠃍 一 丨 一 丶,true(a17~e17),
6204,擢,表3丙表1000字,17画,zhuó,一 亅 ㇀ 𠃍 丶 ㇀ 𠃍 丶 ㇀ 丿 丨 丶 一 一 一 丨 一,true(a17~e17),擢 (形声。从手，翟声。本义抽引，拉拔)同本义 擢，引也。--《说文》擢，拔也。--《方言二》拔根曰擢。--《小尔雅》擢贾之发，以赎贾之罪，尚未足。--《史记·范雎列传》夫十围之木，始生如蘖，足可搔而绝，手可擢而拔。--枚乘《上书谏吴王》卓齿之用齐也，擢湣王之筋，悬之庙梁。--《韩非子·奸劫弑臣》蔚鹅城之南麓，擢仙李之芳根。--宋·苏轼《惠州李氏潜珍阁铭》车上御驰马，蓬中擢舟船。--汉·王符《潜夫论》风起，风起，擢入白擢花里。--明·刘基《如梦令·题画》又如擢筋剥肤(擢zhuó⒈拔，抽～发难数（拔下头发来数，都难数清。形容罪恶多得像头发，数不清）。⒉提拔，盐～升。～用。
6205,薹,表3丙表1000字,17画,tái,一 丨 丨 一 丨 一 丨 𠃍 一 ㇀ 乛 一 𠃋 丶 一 丨 一,true(a17~e17),薹〈名〉薹菜。即油菜 薹草 薹叶制成的斗笠)蒜、韭菜、油菜等的花茎 薹tái⒈多年生草本，生长在水田里或沼泽地带。茎丛生，扁三角形。叶扁平而长，可制蓑衣、斗笠等。⒉蒜、韭菜、油菜等生长花朵的茎。嫩的可作蔬菜吃蒜～。油菜～。
6210,藓,表3丙表1000字,17画,xiǎn,一 丨 丨 丿 ㇇ 丨 𠃍 一 丨 一 ㇀ 丶 丿 一 一 一 丨,true(a17~e17),藓 (形声。从苃，鲜声。本义苔藓) 同本义。植物学名词。隐花植物的一类，茎叶很小，没有根，生在阴湿的地方 如文字，称为藓书)藓xiǎn隐花植物的一类，茎叶小，有假根，多生在阴湿处。可保持水土，少数可供药用。
6211,藁,表3丙表1000字,17画,gǎo,一 丨 丨 丶 一 丨 𠃍 一 丨 𠃌 丨 𠃍 一 一 丨 丿 ㇏,true(a17~e17),藁〈名〉同穢(稿)√秆 儿馁嗔郎罢，妻寒望穢砧。--宋·唐庚《自笑》又如藁砧(稻草与砧板，古代行刑时的用具);藁人(用草扎成的人形);藁秸(稻、麦等的秆子)同穢(稿)。稿子，草稿 藁 〈形〉同穢(槁)。干枯 藁本止痛等作用揭车衡兰，穢本射干。--宋·司马相如《子虚赋》、《集解》引郭璞注穢藁gǎo藁城，在河北省。
6212,檄,表3丙表1000字,17画,xí,一 丨 丿 丶 丿 丨 𠃍 一 一 丶 一 𠃌 丿 丿 一 丿 ㇏,true(a17~e17),檄 (形声。本义檄文)同本义 太祖得书，便命移檄。--《英烈传》制府檄下。--宋·文天祥《指南录后序》所有文檄，幕下儒生设意修词(文檄即檄文。古代用以征召、晓喻或声讨的文书)。--清·黄宗羲《柳敬亭传》奉檄守御。--清·方苞《左忠毅公逸事》又如传檄(传布檄文);羽檄(上插鸟羽的古代征兵军书)泛指信函 使君子年善?来檄可求。--王安石《寄丁中允》檄 用檄文晓谕或声讨 按察司行文檄了知县去。--《儒林外史》檄其人士，于政治宗教，皆欲檄xí〈古〉用于征召、晓谕、声讨的文书～文。传～声讨。
6214,懋,表3丙表1000字,17画,mào,一 丨 丿 丶 ㇇ 丶 乛 亅 丿 一 丨 丿 ㇏ ㇀ ㇃ 丶 丶,true(a17~e17),懋〈动〉(形声。从心，楙声。本义勉励，使人努力上进)同本义 懋，勉也。--《说文》懋建大命。--《书·盘庚》懋穑劝分，省用足财。--《国语·晋语四》又如懋学(勤学);懋扬(努力显扬);懋敬(勉励戒慎)极其用力 咸懋力以耘耔。--张衡《东京赋》通贸。交易、买卖 懋迁有无化居。--《书·益稷》懋〈形〉通茂。大;盛大 予懋乃德，嘉乃丕绩。--《书·大禹谟》又如懋功(大功);懋典(盛典);懋业(大业)美好 呜呼懋哉。懋mào⒈勉力，努力。⒉大，盛大～功。
6216,翳,表3丙表1000字,17画,yì,一 丿 一 一 丿 丶 ㇄ 丿 ㇍ ㇇ ㇏ 𠃌 丶 ㇀ 𠃌 丶 ㇀,true(a17~e17),翳 (形声。从羽，嫛声。本义用羽毛做的华盖，舞具)同本义 翳，华盖也。--《说文》。朱骏声通训定声以羽覆车盖，所谓羽葆幢也。病证名 指引起黑睛(角膜)混浊或溃陷的外障眼病以及病变愈后遗留于黑睛的疤痕凡眼内、外障眼病所生遮蔽视线影响视力的症状皆可称翳起障蔽作用的东西 鸟名 翳 遮蔽，掩盖 翳，障也。--《广雅》百神翳其备降兮。--《楚辞·离骚》。注翳，蔽也。石嵯以翳yì⒈遮蔽树大～日。⒉眼角膜所生的膜状物，能遮蔽视线白～（俗称翳子）。⒊〈古〉用羽毛做的舞具左手操～。
6217,礅,表3丙表1000字,17画,dūn,一 丿 丨 𠃍 一 丶 一 丨 𠃍 一 ㇇ 亅 ㇀ 丿 一 丿 ㇏,true(a17~e17),礅 粗大的整块石头 礅 dūn厚而粗大的整块石头。
6218,磴,表3丙表1000字,17画,dèng,一 丿 丨 𠃍 一 ㇇ 丶 丿 丿 ㇏ 一 丨 𠃍 一 丶 丿 一,true(a17~e17),磴 山路上的石台阶 道皆砌石为磴。--清·姚鼐《登泰山记》又如磴石(即石级);磴道(登山的石路);磴栈(在山岩上用木架成的路)磴 用于台阶或楼梯 磴路磴dèng 1.石台阶。 2.石桥。 3.石凳。 4.台阶的一级。磴tēng 1.增益;增长。磴dēng 1.蹬;踢。
6226,嚅,表3丙表1000字,17画,rú,丨 𠃍 一 一 ㇀ 乛 丨 丶 丶 丶 丶 一 丿 丨 𠃌 丨 丨,true(a17~e17),嚅 欲言 细语貌 嚅rú
6230,蟥,表3丙表1000字,17画,huáng,丨 𠃍 一 丨 一 丶 一 丨 丨 一 丨 𠃍 一 丨 一 丿 丶,true(a17~e17),蝗 蝗虫 蝗，螽也。从虫，皇声。--说文》蝗螟农夫得而杀之。--《吕氏春秋》又如蝗螟(蝗与螟。庄稼的两种害虫);蝗螽(即蝗虫)蝗灾。蝗虫造成的灾荒 蝗虫蟥huáng
6251,镪,表3丙表1000字,17画,qiāng,丿 一 一 一 𠄌 𠃍 一 ㇉ 丨 𠃍 一 丨 𠃍 一 丨 一 丶,true(a17~e17),镪 通纇。穿钱的绳子。引申为成串的铜钱。也泛指钱币 货殖私庭，藏镪巨万。--左思《蜀都赋》购尔镪三百，小惠何足论?--唐·白居易《赎鸡》又如镪道(输送则赋的道路)银子或银锭 镪qiǎng〈古〉指成串的钱，一贯钱◇指银子或银锭藏～。白～。镪qiāng
6253,罅,表3丙表1000字,17画,xià,丿 一 一 丨 ㇄ 丨 丨 一 乛 丿 一 乚 丿 丶 丿 一 亅,true(a17~e17),罅 (形声。从缶，虖声。缶，瓦器。本义裂，开裂) 同本义 罅，裂也。--《说文》。朱骏声曰烧缶善裂，即考工旊人所谓薜也。刘注栗皮拆罅而发也。当中还罅着几寸宽一个空当儿。--《老残游记》如合掌，中罅。--《徐霞客游记》又如罅裂(开裂);罅发(爆裂;开裂)罅 裂缝;缝隙 徐而察之，则山下皆石穴罅。--宋·苏轼《石钟山记》多松，生石罅，皆平顶。--清·姚鼐《登泰山记》又如罅穴(缝隙和漏洞);罅洞(缝隙和漏洞);罅隙;罅缝漏洞 姑且修弊补罅，休劳息困，以与久疲之民罅xià裂缝。
6255,簌,表3丙表1000字,17画,sù,丿 一 丶 丿 一 丶 一 丨 𠃍 一 丨 丿 丶 丿 乛 丿 ㇏,true(a17~e17),簌 沙沙作响 簌簌植物的叶子渐渐变黄，在秋风中簌簌地落下来。--《大自然的语言》淑英的眼泪簌簌地流了下来。--《党员登记表》簌sù①像声词。指风吹叶子等的声音耳听树叶～ ～的响。②纷纷坠落的样子～ ～热泪流。
6266,魍,表3丙表1000字,17画,wǎng,丿 丨 𠃍 一 一 丿 乚 𠃋 丶 丨 𠃌 丶 丿 一 丶 一 ㇄,true(a17~e17),魍 (形声。从鬼，罔声。本义魍魉) 同本义 魍魉魍wǎng
6270,邈,表3丙表1000字,17画,miǎo,丿 丶 丶 丿 ㇁ 丿 丿 丿 丨 𠃍 一 一 丿 乚 丶 ㇋ ㇏,true(a17~e17),邈 (形声。从辵，貌声。本义距离遥远)同本义，通藐 振景拔迹，顾邈同列。--陆机《谢平原内史表》互相轩邈。--吴均《与朱元思书》又如邈若山河(形容遥远得如隔山河);邈绵(遥远;旷远);邈廓(辽阔);邈远(遥远);邈然(遥远的样子)久远。指时间长 渺茫，凝不清 高远，超卓 邈miǎo⒈远悠～。⒉通'藐'。轻视。
6284,燮,表3丙表1000字,17画,xiè,丶 一 一 一 丨 𠃍 一 ㇀ 丿 丿 丶 ㇀ 丿 丿 丶 ㇇ ㇏,true(a17~e17),燮 (会意。从言，从又炎。表示用言语调和。本义协和;调和) 同本义 燮友柔克。--《书·洪范》又如燮理阴阳(协调各部门工作);燮和(协和;亦指宰相的政务);燮务(燮理政务)燮xiè调和，谐和～理（调理）。
6285,鹫,表3丙表1000字,17画,jiù,丶 一 丨 𠃍 一 亅 丿 丶 一 丿 乚 丶 丿 𠃌 丶 ㇉ 一,true(a17~e17),鹫 老雕 鹫鸟，黑色，多子。师旷曰，南方有鸟，名曰羌鹫，黄头赤目，五色皆备。--《说文》鹫，雕也。--《广雅》生奇材木箭竿就(鹫)羽。--《汉书·匈奴传》。注大雕也。产于温带和热带地区的若干种大型猛禽，与鹰类、雕类和隼类都有亲缘关系，但爪较弱，头多秃，主要或全部以腐肉为食，构成鹫科(aegypiidae)和新域鹫科(cathartidae)，其中包括一些最大的飞禽。如鹫羽(老雕的羽毛。又叫鹫翎)灵鹫山的简称 鹫jiù大型猛禽的一类秃～（也叫'座山雕'），能捕食山羊、野兔等。已少见，禁止猎杀。
6290,癍,表3丙表1000字,17画,bān,丶 一 丿 丶 ㇀ 一 一 丨 ㇀ 丶 一 丿 丶 一 一 丨 一,true(a17~e17),癍  皮肤上生斑点的病，亦指皮肤上生的斑点。
6293,濡,表3丙表1000字,17画,rú,丶 丶 ㇀ 一 ㇀ 乛 丨 丶 丶 丶 丶 一 丿 丨 𠃌 丨 丨,true(a17~e17),濡 古水名 濡，濡水，出涿郡故安，东入涞。--《说文》在河北省尿 病方今客肾濡，此所谓肾痹也。--《史记》通儒。儒士，学者海内称之曰濡术之宗。--《济阴太守孟郁修尧庙碑》少以濡术。--《尉卫卿衡方碑》假借为堧。空地自以城池道濡麦。--《鲁相史晨飨孔庙后碑》濡 沾湿 不濡其翼。--《诗·曹风·候人》春雨露既濡。--《礼记·祭义》濡濯弃于坎。--《礼记·丧大记》今客贤濡。--《史记·扁仓传》又如濡墨濡rú⒈潮湿～衣。⒉浸，润泽～笔。⒊沾染耳～目染。⒋停留，迟慢～滞。～缓。⒌柔软，含忍～木。～忍。濡nuán 1.水名。今河北省滦河。濡ér 1.谓以汁调和烹煮。濡róu 1.见'濡忍'﹑'濡愞'。濡ruǎn 1.柔软;柔弱。濡nuò 1.水貌。见《集韵．去过》。 2.通'糯'。黏性的。
6294,濮,表3丙表1000字,17画,pú,丶 丶 ㇀ 丿 丨 丨 丨 丶 丿 一 丶 丿 一 一 一 丿 ㇏,true(a17~e17),濮〈名〉古水名 濮，濮水出东郡濮阳，南入钜野。--《说文》桑间濮上之音。--《礼记·乐记》钓于濮水。--《庄子·秋水》古州名 濮pú
6295,濞,表3丙表1000字,17画,bì、pì,丶 丶 ㇀ 丿 丨 𠃍 一 一 一 丨 𠃍 一 丨 一 一 丿 丨,true(a17~e17),濞--漾濞县，中国云南省的一个县濞bì［漾濞］县名，在云南省。濞pì 1.象声词。
6296,濠,表3丙表1000字,17画,háo,丶 丶 ㇀ 丶 一 丨 𠃍 一 ㇀ 乛 一 丿 ㇁ 丿 丿 丿 ㇏,true(a17~e17),濠〈名〉水名 游于濠梁之上。--《庄子·秋水》。司马注水名也。又如濠上(濠水之滨);濠梁(濠水上的桥梁。引申指逍遥闲游之地);濠濮闲想(相传庄子与惠施优游濠梁之上，又庄子曾钓于濮水，拒绝楚王的聘请，因以濠濮比喻消遥闲居、清淡无为的思绪)护城河 古州名。濠州 濠háo⒈护城河城～。⒉沟渠，沟～沟。战～。防空～。⒊濠水，在安徽省。
6297,濯,表3丙表1000字,17画,zhuó、zhào,丶 丶 ㇀ 𠃍 丶 ㇀ 𠃍 丶 ㇀ 丿 丨 丶 一 一 一 丨 一,true(a17~e17),濯 (形声。从水，翟声。本义洗)同本义 濯，洒也。--《广雅》视壶濯及豆笾。--《仪礼·特牲礼》。注溉也。王乃淳濯飨醴。--《国语·周语》。注洗也。沧浪之水清兮，可以濯吾缨。--《楚辞·渔父》可以濯罍。--《诗·大雅·泂酌》濯冠沐浴告祭酒，如此至宝存岂多?--韩愈《石鼓歌》濯清莲而不妖。(清莲，清净的水。妖妖艳，妖媚。)--宋·周敦颐《爱莲说》又如濯缨(洗涤帽带。指避世隐居或清高自守);濯磨(洗涤磨炼，以求上进);濯足(本谓洗去脚污◇以濯足比喻清除世尘，保持高洁);濯沐(洗涤)涤濯zhuó洗～手。濯zhào 1.船桨。
6298,蹇,表3丙表1000字,17画,jiǎn,丶 ㇀ 乛 一 一 丨 丨 一 丿 ㇏ 丨 𠃍 一 丨 一 丿 ㇏,true(a17~e17),蹇 (形声。从足，寒省声。本义跛足)同本义 蹇，跛也。--《说文》蹇膝伸不屈、易蹇、往蹇来连。--《素问·骨空论》驾蹇驴而无策兮。--《楚辞·谬谏》鄐克偻，而鲁使蹇。--《史记·晋世家》策蹇驴，囊图书。--马中锡《中山狼传》红装而蹇者。--明·袁宏道《满井游记》又如蹇兔(不能急走的跛脚兔。比喻弱小者);蹇驴(走不快的羸弱之驴);蹇人上天(跛子登天。比喻不可能的事)艰阻，不顺利 蹇侘傺而含戚。--《楚辞·九章·哀郢》又如蹇拙(艰险;不走运);蹇蹇(艰难、不顺遂的样子);蹇剥(艰蹇jiǎn⒈跛，行动迟缓策～驴（策鞭打）。特指劣马或跛驴策～赴前程。⒉钝，困苦，不顺利～涩。～滞。前途多～。⒊〈古〉通'謇'。口吃，结巴。蹇qiān 1.通'褰'。揭;提起。参见'蹇裳'。 2.通'攓'﹑'搴'。拔取;得到。
6300,邃,表3丙表1000字,17画,suì,丶 ㇀ 乛 丿 丶 丶 丿 一 丿 ㇁ 丿 丿 丿 丶 丶 ㇋ ㇏,true(a17~e17),邃 (形声。从穴。遂声。穴是汉字部首之一。从穴的字多与洞穴有关。本义深远)同本义 邃，深远也。--《说文》邃，深也。--《小尔雅》闺中既邃远兮。--《离骚》高堂邃宇。--《楚辞·招魂》坐潭上，四面竹树环合，寂寥无人，凄神寒骨，悄怆幽邃。--唐·柳宗元《至小丘西小石潭记》又如邃户(幽深的门户);邃密(深宫);邃宇(深广的房子);邃室(幽深的房间);邃阁(深幽的楼阁);邃殿(深广的殿堂);邃路(漫长的道路);邃远(深远);邃屋(深幽的房屋);邃房(深广的房舍)遥远 邃古之前，坤枢未转，英伦诸岛乃属冰邃suì深远（指空间、时间、程度等）深～。～古。岩洞逶～（逶曲折）。〈引〉精深少（少年）～于学。
6303,擘,表3丙表1000字,17画,bò、bāi,𠃍 一 丿 丨 𠃍 一 丶 一 丶 丿 一 一 丨 丿 一 一 亅,true(a17~e17),擘 (形声。从手，辟声。本义大拇指) 同本义 于齐国之士，吾必以仲子为巨擘焉。--《孟子·滕文公下》又如擘指(大拇指)擘 分开;剖裂 乃擘青天而飞去。--唐·李朝威《柳毅传》又如擘开(裂开，切开);擘窠书(大字的通称口擘窠，原指篆刻印章时加以分格，以便匀排);擘析(分析，剖析)拨弹琴弦的指法。用拇指抬弦称擘。引申为弹奏 若论弹琴擘阮，前后绝伦。--董解元《西厢记》又如擘阮(谓弹琴)砍，劈击 擘画如今那擘 bò大拇指巨～。【擘划】见【擘画】。【擘画】计划；布置。又作擘划。
6307,蟊,表3丙表1000字,17画,máo,㇇ 丶 乛 亅 丿 丨 𠃍 一 丨 一 丶 丨 𠃍 一 丨 一 丶,true(a17~e17),蟊 (形声)同本义 蟊贼蟊疾。--《诗·大雅·瞻卬》又如蟊螟(桅庄稼的两种害虫);蟊疾(蟊虫为害)喻桅人民或国家的人或事 蟊贼去其螟螣，及其蟊贼。--《诗·小雅·瞻卬》我有蟊贼，岑君遏之。--《后汉书·岑彭传》蟊贼内讧。--《诗·大雅·召昮》蟊máo蟊méng 1.古代占卜时的一种龟兆。
6308,鹬,表3丙表1000字,17画,yù,㇇ 丶 乛 亅 丿 丨 𠃌 丿 丶 丨 𠃍 一 丿 𠃌 丶 ㇉ 一,true(a17~e17),鹬 (形声。从鸟，矞声。本义水鸟鹬)同本义 鹬，翠鸟也。知天将雨。--《说文》知天文者冠鹬。--《礼记》鹬如鹑，色苍嘴长，在泥涂间鹬鹬声，村民云田鸡所化，亦鹌鹑类也。苏秦所谓鹬蚌相持者，即此。--《本草纲目》蚌方出曝，而鹬啄其肉。--《战国策》又如鹬鹬(水鹬鸟的叫声);鹬冠(鹬毛冠。古代为天文者之冠)鹬科多数种类鸟的通称 栗色，尾和体侧具有横斑鹬蚌相争，渔翁得利鹬yù鸟名。鹬鸟，嘴和脚均长，趾间无蹼，羽毛茶褐色。常在水边或水田里捕食小鱼、小虫和贝类等。此鸟已少见，要保护，禁止猎杀。争斗，两败俱伤，让第三者得利。鹬shù 1.见'鹬子'。
6312,鬈,表3丙表1000字,18画,quán,一 丨 一 一 一 𠃋 丶 丿 丿 丿 丶 丿 一 一 丿 ㇏ 𠃌 乚,true(a18~e18),鬈〈形〉头发好。引申为美好 鬈，发好也。--《说文》卢重环，其人美且鬈。--《诗·齐风·卢令》。毛传鬈，好貌。头发卷曲 鬈 〈名〉卷曲的毛 百工商贾不得服长鬈貂。--《管子》鬈quán⒈头发美。⒉头发卷曲～发。
6314,瞽,表3丙表1000字,18画,gǔ,一 丨 一 丨 𠃍 一 丶 丿 ㇀ 一 丨 ㇇ ㇏ 丨 𠃍 一 一 一,true(a18~e18),瞽 (形声。从目，鼓声。本义瞎眼)同本义(虽瞎但有眼珠) 瞽，目但有朕也。--《说文》瞽子。--《书·尧典》。传无目曰瞽。瞽者仰视而不见星。--《荀子·解蔽》将衒外以惑愚瞽也。--明·刘基《卖柑者言》又如瞽目(眼睛瞎;盲人);瞽者(眼睛失明的人);瞽旷(指师旷);瞽目先生(说书盲人)没有识别力 未见颜色而言，谡之瞽。--《论语·季氏》是犹蟪蛄不识春秋，朝菌不知晦朔遽以不变名之，真瞽说也。--又如瞽说(瞎说);瞽言瞽〈名〉古代乐师。古代以目盲者为乐瞽gǔ眼瞎～者。～叟。
6319,鞣,表3丙表1000字,18画,róu,一 丨 丨 一 丨 𠃍 一 一 丨 ㇇ 丶 乛 亅 丿 一 丨 丿 ㇏,true(a18~e18),鞣 鞣革 鞣，聏也。从革从柔，柔亦声。--《说文》。徐锴曰皮革之柔聏也。又如鞣皮子;鞣料同蹂。蹂躏 大鞣长平。--唐·韩愈《曹成王碑》鞣革鞣róu用栲胶、鱼油、化学药品等使兽皮柔软制成皮革～皮子。
6320,藜,表3丙表1000字,18画,lí,一 丨 丨 丿 一 丨 丿 丶 丿 𠃌 丿 丿 ㇏ 亅 丶 ㇀ 丿 丶,true(a18~e18),藜 一种普通的蔓生藜 藜，藜草也。--《说文》聚橡栗藜藿而食之。--《大戴礼记·曾子制言》。注藿也。藜藿之羹。--《史记·太史公自序》。正义似藿而表赤。藜科。茎直立，叶子菱状卵形，边缘有齿牙，下面被粉状物，花黄绿色，嫩叶可食。如藜杖(用藜茎制成的手杖);藜芘(藜编的璧障);藜床(藜茎编的床塌)藜藿尧王天下也，…粝粢之食，藜藿之羹。--《韩非子·五蠹》(藜藿--吃野菜。动用)藜（蔾）lí一年生草本，花黄绿色。嫩叶可吃，全草可供药用，老茎可做拐杖。
6321,藠,表3丙表1000字,18画,jiào,一 丨 丨 丿 丨 𠃍 一 一 丿 丨 𠃍 一 一 丿 丨 𠃍 一 一,true(a18~e18),藠jiào
6323,醪,表3丙表1000字,18画,láo,一 丨 𠃍 丿 ㇄ 一 一 𠃍 丶 ㇀ 𠃍 丶 ㇀ 丿 ㇏ 丿 丿 丿,true(a18~e18),醪〈名〉(形声。从酉，表示与酒有关，声。本义汁滓混合的酒)同本义。即浊酒 酒的总称 醪糟，醪糟儿醪láo汁和滓混合的酒～糟（糯米酒）。也泛指酒浊～。醇～。
6324,蹙,表3丙表1000字,18画,cù,一 丿 丨 一 一 亅 丿 丶 ㇂ 丿 丶 丨 𠃍 一 丨 一 丿 ㇏,true(a18~e18),蹙 (形声。从足，戚声。本义紧迫，急促)同本义 政事愈蹙。--《诗·小雅·小明》又如蹙变(急速变化)困窘 自吾氏三世居是乡，积于今六十岁矣，而乡邻之生日蹙。--柳宗元《捕蛇者说》又如蹙迫(困窘，窘迫);蹙境(边境防务窘迫)愁苦的样子 局促不安的样子 蹙然衣粗食恶。--《荀子》又如蹙促(局促不安的样子)狭窄，狭小 蹙 <蹙 cù①紧迫穷～。②皱（眉头）；收缩别老～着眉头。【蹙眉】皱眉头。
6326,燹,表3丙表1000字,18画,xiǎn,一 丿 ㇁ 丿 丿 丿 丶 一 丿 ㇁ 丿 丿 丿 丶 ㇀ 丿 丿 ㇏,true(a18~e18),燹 焚烧 及闻蕙棺被燹，顿违共穴之情。--《红楼梦》燹xiǎn火，野火。特指兵火，战火烽～。
6327,餮,表3丙表1000字,18画,tiè,一 丿 ㇇ 丶 丿 ㇏ 丿 丿 丿 丿 ㇏ 丶 𠃍 一 一 𠄌 丿 丶,true(a18~e18),餮〈形〉贪，贪食 斯民乃食餮。--苏舜钦《悲二字联句》天下之民以比三凶，谓之饕餮。--《左传·文公十八年》。注贪财为饕，贪食为餮。餮tiè
6328,瞿,表3丙表1000字,18画,qú、jù,丨 𠃍 一 一 一 丨 𠃍 一 一 一 丿 丨 丶 一 一 一 丨 一,true(a18~e18),瞿〈形〉 qu(会意兼形声。《说文》从隹。隹，短尾鸟的总称)。本义惊视的样子 同本义 瞿，隼之视也。--《说文》见似目瞿，闻名心瞿。--《礼记·杂记》瞿大视貌。--《字林》公瞿然失席曰。--《礼记·檀弓》子綦瞿然。--《庄子·徐无鬼》瞿〈名〉同戳。戟一类的兵器 一人冕执瞿，立于西垂。--《书·顾命》通衢。四通八达的大道 瞿昙氏的省称。亦指佛教或与佛教有关的事物 瞿qú姓。瞿jù 1.惊貌;惊视貌。 2.惊惧。
6333,蹚,表3丙表1000字,18画,tāng,丨 𠃍 一 丨 一 丨 ㇀ 丨 丶 丿 ㇀ 乛 丨 𠃍 一 一 丨 一,true(a18~e18),
6334,鹭,表3丙表1000字,18画,lù,丨 𠃍 一 丨 一 丨 ㇀ 丿 ㇇ ㇏ 丨 𠃍 一 丿 𠃌 丶 ㇉ 一,true(a18~e18),鹭 鹭科的各种涉禽 之翻滚腾涌如鹭的飞翔);鹭浮鹤行(形容脚步轻巧)。比喻朝班寀寮雍雍，鸿仪鹭序。--《禽经》。张华注鹭，白鹭也，小不踰大，飞有次序，百官缙绅之象。又如鹭序(形容百官缙绅朝觐时，井然有序的样子)鹭鸶鹭lù水鸟名。颈和腿细长，嘴尖而直，翼大，尾巴短，生活在河、湖岸边或水田中。常见的有苍～、绿～、池～、白～（即'鹭鸶'，羽毛纯白）等，均已少见，禁止猎杀。
6338,蟮,表3丙表1000字,18画,shàn,丨 𠃍 一 丨 一 丶 丶 丿 一 一 一 丨 丶 丿 一 丨 𠃍 一,true(a18~e18),蜿蟮蚯蚓的别名，又名蛐蟮蟮shan蟮shàn 1.见'蛐蟮'。 2.同'蟺'。鳝鱼。
6339,鹮,表3丙表1000字,18画,huán,丨 𠃍 丨 丨 一 一 丨 𠃍 一 丿 𠄌 丿 丶 丿 𠃌 丶 ㇉ 一,true(a18~e18),鹮huán⒈鸟类的一科，身体大，嘴细长而弯曲，腿长，生活在水边。
6341,黟,表3丙表1000字,18画,yī,丨 𠃍 丶 丿 一 丨 一 ㇀ ㇀ 丶 丶 丶 丿 ㇇ 丶 丿 ㇇ 丶,true(a18~e18),黟 黑木 乌木出波斯国。--《古今注》县名 黟 乌黑 宜其渥然丹者为槁木，黟然黑者为星星。--宋·欧阳修《秋声赋》又如黟然(颜色乌黑的样子);黟黑(乌黑的样子);黟黟(形容黑发黑黟黟的样子)黟yī黟县，在安徽省。
6343,髂,表3丙表1000字,18画,qià,丨 𠃍 𠃍 ㇀ 乛 丨 𠃌 一 一 丶 ㇀ 乛 丿 ㇇ ㇏ 丨 𠃍 一,true(a18~e18),骼 (形声。从骨，各声。本义禽兽之骨。引申为人或动物的骨骼)骨头 骼，禽兽之骨曰骼。--《说文》骼，腰骨也。--《埤苍》掩骼埋胔。--《礼记·月令》死人的骨头，枯骨 髂qià
6349,簪,表3丙表1000字,18画,zān,丿 一 丶 丿 一 丶 一 𠃋 丿 𠄌 一 𠃋 丿 乚 丨 𠃍 一 一,true(a18~e18),簪 (形声。从竹，賛声。古文字形，象针形头饰形。本义簪子。古人用来插定发髻或连冠于发的一种长针) 同本义 周主亡玉簪，令吏求之，三日不能得也。--《韩非子》白头搔更短，浑欲不胜簪。--杜甫《春望》又如簪冕(冠簪与冕服);簪绂(簪，冠簪;绂，丝制的帽带);簪裾(古时显贵所穿着的服饰);簪缨缙绅(比喻仕宦之人)簪 插戴在头上 西门豹簪笔磬折，向河立待良久。--《史记·滑稽列传》乃簪一花。--宋·司马光《训俭示康》又如簪朵(犹簪花，戴花);簪挂(簪花挂彩);簪星曳月(形容佩带光彩耀眼)簪zān⒈绾住头发或把帽子别在头发上的一种首饰。长条形，用金属、玉石、兽骨等制成金～子。碧玉～。⒉插，戴～红花。簪zǎn 1.疾速。
6350,鼬,表3丙表1000字,18画,yòu,丿 丨 一 𠃍 一 一 𠄌 丶 丶 𠄌 丶 丶 ㇂ 丨 𠃍 一 丨 一,true(a18~e18),鼬〈名〉鼬科部分种类动物的通称 兽为食，大多数有赤褐色的毛皮，躯体下半部呈白色或黄色鼬，处处有之。状似鼠而身长尾大，黄色带赤，其气极臊臭。--《本草纲目》鼬yòu哺乳动物。体长，四肢短，耳小而圆。种类很多，但均已稀少，要保护，禁止猎杀。常见的是黄～，俗称'黄鼠狼'，毛黄褐色，遇敌时能放出由肛门周围分泌的臭气自卫。捕食鼠、鸟等。毛皮可制衣帽，毛可制狼毫笔。
6351,雠,表3丙表1000字,18画,chóu,丿 丨 丶 一 一 一 丨 一 丶 ㇊ 丿 丨 丶 一 一 一 丨 一,true(a18~e18),雠 (形声。从言。雔声。本义应答)同本义雠，犹应也。--《说文》。按，以言相当也。雠，对也。--《三苍》无言不雠。--《诗·大雅·抑》忧必雠也。--《左传·僖公五年》著之盘盂，属之雠柞。--《战国策·赵策一》又如雠祚(在筵席上宾主互相敬酒)校对文字 雠 (为仇的异体字)同仇。仇恨;仇怨 怨偶曰雠。--《一切经音义》引》《三苍》又众兆之所雠。--《楚辞·惜诵》。注大怨曰雠。又如雠怨(仇恨，憎怨);雠隙(猜忌、仇恨)同仇。雠 chóu①同'仇'，②校对文字校～。雠（讐）chóu⒈校对～校。～正。⒉应答。〈引〉应验不～。⒊售，卖出去酒～数倍。
6360,糨,表3丙表1000字,18画,jiàng,丶 丿 一 丨 丿 丶 𠃍 一 ㇉ 丨 𠃍 一 丨 𠃍 一 丨 一 丶,true(a18~e18),糨 糨糊 糨 糨糊糨子打糨子糨（紅）jiàng⒈浓，稠粥太～。⒉
6362,鎏,表3丙表1000字,18画,liú,丶 丶 ㇀ 丶 一 𠃋 丶 丿 丨 乚 丿 ㇏ 一 一 丨 丶 丿 一,true(a18~e18),鎏〈名〉成色好的金子 美金谓之鎏--《集韵·尤韵》同镏 鎏银鎏liú成色好的金子。
6363,懵,表3丙表1000字,18画,měng,㇀ 丶 丨 一 丨 丨 丨 𠃍 丨 丨 一 ㇀ 乛 丨 𠃍 一 一 一,true(a18~e18),懵〈形〉(形声。从心，瞢声。本义昏昧无知的样子) 同本义 此懵然者为之也。--沈括《梦溪笔谈》又如懵钝(愚鲁迟钝);懵憧(糊涂;迷糊);懵昧(愚昧。亦用为谦词);懵懵(糊里糊涂，凝不清);懵头懵脑(迷迷糊糊)懵 〈动〉欺诈 懵懂懵头转向人们懵头转向地往外跑懵（瞢）měng⒈无知。⒉懵mèng 1.不明。
6365,邋,表3丙表1000字,18画,lā,𡿨 𡿨 𡿨 丨 𠃍 丿 丶 一 𠄌 丶 丶 𠄌 丶 丶 ㇂ 丶 ㇋ ㇏,true(a18~e18),邋 邋遢邋 哼唱，诵 是不是口邋着道词，一路的做鬼妆狐。--明·汤显祖《邯郸记·度世》邋遢眼见得路迢遥，芒鞋邋遢，抵多少古道西风鞭瘦马。--王子一《误入桃源》如邋遢(肮脏;不整洁)邋遢鬼邋遢货邋lā［邋遢］①肮脏，不整洁。②糊涂，不利落。邋liè 1.通'猎'。参见'邋邋'。 2.通'躐'。凌越。
6366,鬏,表3丙表1000字,19画,jiū,一 丨 一 一 一 𠃋 丶 丿 丿 丿 丿 一 丨 丿 丶 ㇀ 丿 丿 ㇏,true(a19~e19),鬏 头发盘成的结 鬏jiū头发盘成的结。
6375,醮,表3丙表1000字,19画,jiào,一 丨 𠃍 丿 ㇄ 一 一 丿 丨 丶 一 一 一 丨 一 ㇀ 丶 丶 丶,true(a19~e19),醮〈名〉古冠、婚礼所行的一种简单仪式。尊者对卑者酌酒，卑者接受敬酒后饮尽，不需回敬 醮，冠娶礼祭。--《说文》。按，酌而无酬酢曰醮。若不醴则醮用酒。--《仪礼·士冠礼》父亲醮子而命之迎。--《礼记·昏义》又如醮辞(古代举行冠礼时，父亲酌酒使其子饮用时所念的祝辞);醮醴(古代冠礼中的一种简单仪节);醮酒(奠酒;敬酒);醮影(倩影;美丽的影子)祈祷神灵的祭礼，后专指道士、和尚为禳除灾祸所设的道场 醮，祭也。--《广雅》醮诸神。--宋玉醮jiào⒈〈古〉用于冠礼和婚礼的一种斟酒仪式。⒉旧时称妇女出嫁再～（再嫁）。⒊旧时祭祀、祈祷神灵的迷信活动～诸神。〈引〉道士设坛祭祀（迷信）打～。醮qiáo 1.憔悴，烦恼。
6378,霪,表3丙表1000字,19画,yín,一 ㇀ 乛 丨 丶 丶 丶 丶 丶 丶 ㇀ 丿 丶 丶 丿 丿 一 丨 一,true(a19~e19),霪 久雨。通作淫 霪雨霏霏，连月不开。--宋·范仲淹《岳阳楼记》又如霪雨(久雨);霪霖(同霪雨);霪潦(久雨成涝)霪yín久雨～雨成灾。
6382,嚯,表3丙表1000字,19画,huò,丨 𠃍 一 一 ㇀ 乛 丨 丶 丶 丶 丶 丿 丨 丶 一 一 一 丨 一,true(a19~e19),嚄〈叹〉表示惊讶 嚄 大呼;大笑 叹词，表示惊讶 武帝下车泣曰嚄!大姊，何藏之深也!--《史记》嚯xuè 1.戏谑。参见'嚯索'。嚯huò 1.叹词。表示惊讶或赞叹。 2.象声词。
6383,蹰,表3丙表1000字,19画,chú,丨 𠃍 一 丨 一 丨 ㇀ 一 丿 一 丨 𠃍 一 丶 丿 ㇀ 一 亅 丶,true(a19~e19),蹰躇蹰躇畦苑处罚，游戏平林。--《后汉书》蹰chú
6390,蠖,表3丙表1000字,19画,huò,丨 𠃍 一 丨 一 丶 一 丨 丨 丿 丨 丶 一 一 一 丨 一 ㇇ ㇏,true(a19~e19),蠖〈名〉昆虫名。尺蠖的省称 尺蠖，屈伸虫也。从虫，蒦声，一名步屈。--《说文》麋筋斥蠖。--《考工记·弓人》又如蠖屈(形容像尺蠖一样的屈曲之形);蠖屈不伸(如尺蠖之屈而不伸。喻人不得志);蠖屈鼠伏(形容卑躬屈膝向人讨好的样子)蠖huò蠖yuè 1.见'蠖略'。
6391,蠓,表3丙表1000字,19画,měng,丨 𠃍 一 丨 一 丶 一 丨 丨 ㇀ 乛 一 一 丿 ㇁ 丿 丿 丿 ㇏,true(a19~e19),蠓〈名〉蚋 蠓měng
6394,黢,表3丙表1000字,19画,qū,丨 𠃍 丶 丿 一 丨 一 ㇀ ㇀ 丶 丶 丶 𠃋 丶 丿 丶 丿 ㇇ ㇏,true(a19~e19),黢〈形〉黑 黢黑黢黑的夜晚黢qū形容黑～黑≮～ ～的深夜。
6395,髋,表3丙表1000字,19画,kuān,丨 𠃍 𠃍 ㇀ 乛 丨 𠃌 一 一 丶 ㇀ 乛 一 丨 丨 丨 𠃍 丿 乚,true(a19~e19),髋 臀部 髋，髀上也。从骨，宽声。字亦作髖。--《说文》髋，尻也。--《广雅》至于髋髀之所。--《汉书·贾谊传》(相马之法)浅髋薄髀，五驽。--《齐民要术》髋骨，通称胯骨 髋（髖）kuān⒈大腿的上部～部。⒉
6396,髌,表3丙表1000字,19画,bìn,丨 𠃍 𠃍 ㇀ 乛 丨 𠃌 一 一 丶 ㇀ 乛 丿 丨 一 丨 一 丿 丶,true(a19~e19),髌膝盖骨。古代除去膝盖骨的酷刑。髌 bìn①古代一种削去膝盖骨的酷刑孙子～脚。（司马迁《报任少卿书》）②髌骨膝盖部的一块骨，略呈三角形，尖端朝下。又叫膝盖骨。
6397,镲,表3丙表1000字,19画,chǎ,丿 一 一 一 𠄌 丶 ㇀ 乛 丿 ㇇ 丶 丶 ㇇ ㇏ 一 一 亅 丿 丶,true(a19~e19),镲 一种打击乐器，即小钹。或称镲子、铰子等 镲chǎ小钹。
6398,籀,表3丙表1000字,19画,zhòu,丿 一 丶 丿 一 丶 一 亅 ㇀ 丿 𠄌 丶 𠃌 丿 丨 𠃍 一 丨 一,true(a19~e19),籀 同本义 籀，读书也。--《说文》卜籀云。--《春秋传》。按，今本《左传》凡卦兆之词皆以繇为之。重籀《论语》诸书。--章炳麟《检论·订孔下》瞞河海之行、帝王、妃后、臣宰、农工、徒隶之法，无不籀也。--清·龚自珍《知归子赞》又如籀读(诵读);籀书(即籀文)通抽。抽取;引出挥兔豪而匪固，籀鱼网而终灭。--唐·李俨《益州多宝寺道因法师碑文》序又如籀演(引申;演绎)籀 汉字的一种文体。一名大篆 周宣王史名籀，其所著文字曰籀文。亦曰大篆。--朱骏声《籀zhòu⒈⒉阅读～读。讽～（诵读）。
6400,齁,表3丙表1000字,19画,hōu,丿 丨 𠃍 一 一 一 丨 𠃍 一 丨 一 一 丿 丨 丿 𠃌 丨 𠃍 一,true(a19~e19),
6401,魑,表3丙表1000字,19画,chī,丿 丨 𠃍 一 一 丿 乚 𠃋 丶 丶 一 丿 丶 ㇄ 丨 丨 𠃌 𠃋 丶,true(a19~e19),魑 (形声。从鬼，离声。本义精怪名)传说中的山神 始经魑魅之涂，卒践无人之境。--孙绰《游天台山赋》又如魑魅(古代传说中山神和精怪，能作祟祸人。泛指坏人);魑魅魍魉(本为山怪水神，引申为各式各样的坏人)泛指鬼怪 魑 chī【魑魅魍魉】传说中山林水泽中能伤害人的妖魔鬼怪。比喻形形色色的坏人。魑chī
6410,羸,表3丙表1000字,19画,léi,丶 一 ㇄ 丨 𠃍 一 丿 𠃌 一 一 丶 丿 一 一 一 丨 丿 ⺄ 丶,true(a19~e19),羸〈形〉(形声。从羊，本义瘦弱)同本义 羸，瘦也。--《说文》。按，本训当为瘦羊，转而言人耳。羸老易子。--汉·贾谊《论积贮疏》皆羸老之卒。--《资治通鉴·唐纪》悉使羸兵负草。--《资治通鉴》又羸兵为人马所蹈藉。又如羸骖(瘦弱的马);羸蹇(驽弱瘦瘠的驴);羸驷(瘦弱的马);羸骀(瘦弱驽钝的马。喻才能低下);羸饿(瘦瘠饥饿。亦指瘦瘠饥饿的人)疲困 身病体羸。--《礼记·问丧》。释文疲也。又如羸北(困败);羸色(疲惫的神色);羸师(谓藏其精锐而出示疲弱的军队以麻痹敌人)衰弱 羸léi瘦，弱他很～弱。羸lián 1.见'羸?'。
6414,瀛,表3丙表1000字,19画,yíng,丶 丶 ㇀ 丶 一 ㇄ 丨 𠃍 一 丿 𠃌 一 一 𡿨 丿 一 丿 ⺄ 丶,true(a19~e19),瀛 (形声。从水，嬴声。本义海)同本义 瀛，海也。--《玉篇》世界 小而静的淡水体;池泽 飞桥上架汉，缭岸俯视瀛。--唐·韩愈等《城南联句》瀛海瀛寰声振寰宇。--《南史·梁简文帝总论》瀛yíng⒈⒉池泽沃～。
6416,谶,表3丙表1000字,19画,chèn,丶 ㇊ 丿 丶 丿 丶 一 丨 一 一 一 丨 一 一 一 ㇀ ㇂ 丿 丶,true(a19~e19),谶 (形声。本义将来能应验的预言、预兆) 同本义 谶纬谶纬之学谶语当时无意中说出，不意日后竟成谶语谶 chèn迷信的人所称将来能应验的预言、预兆。【谶纬】流行于汉代的一种迷信。主要以古代河图、洛书的神话及西汉董仲舒的天人感应说为理论依据，将自然界的偶然现象神秘化，并视为社会安定的决定因素。盛行于西汉后期，东汉末期渐衰。【谶语】迷信的人指事前预言、事后应验的话。谶chèn迷信者宣扬的所谓'日后会应验的预言、预兆'莫信～语。谶chàn 1.忏悔。参见'谶悔'。
6423,蘖,表3丙表1000字,20画,niè,一 丨 丨 丿 丨 𠃍 一 𠃍 一 丶 一 丶 丿 一 一 丨 一 丨 丿 ㇏,true(a20~e20),蘖 (形声。从木，薛声。本义被砍去或倒下的树木再生的枝芽)同本义 若颠本之有由蘖。--《书·盘庚上》苞有三蘖。--《诗·商颂·长发》。朱注蘖，旁生萌蘖也。非无萌蘖之生焉。--《孟子·告子上》寻木起于蘖栽。--《文选·张衡·东京赋》。注斩而复生曰蘖。又如槎蘖(砍伐幼林)植物的芽 茶之佳品，芽蘖细微，不可多得。--王观国《学林》如蘖芽(草木萌生的新芽)蘖 通糱。高 宋王筑为蘖台。--《吕氏春秋·过理篇》蘖 生芽的米 蘖，芽蘖（櫱）niè树木砍去后或倒下后又长出来的新芽萌～。又泛指稻、麦等植物在茎的基部长出来的分枝分～。
6424,醴,表3丙表1000字,20画,lǐ,一 丨 𠃍 丿 ㇄ 一 一 丨 𠃍 一 丨 丨 一 一 丨 𠃍 一 丶 丿 一,true(a20~e20),醴〈名〉(形声。从酉，豱声。从酉，表示与酒有关。本义甜酒)同本义 醴，酒一宿孰也。--《说文》醴齐。--《周礼·酒正》。注醴，犹體也。成而汁滓相将如今恬酒矣。或以酏为醴。--《礼记·内则》醴者，稻醴也。--《礼记·杂记》且以酌醴。--《诗·小雅·吉日》为酒为醴。--《诗·周颂·丰年》酒醴异气，饮之皆醉。--王充《论衡》又如醴杯(酒杯);醴酒(甜酒);醴齐(醴酒，甜酒)甘，甜 地出醴泉。--《礼记·礼运》甘雨时降，万物以嘉，谓之醴泉。--《尔雅》醴泉出山。--《醴lǐ⒈甜酒。⒉甜美的泉水～泉。
6425,霰,表3丙表1000字,20画,xiàn,一 ㇀ 乛 丨 丶 丶 丶 丶 一 丨 丨 一 丨 𠃌 一 一 丿 一 丿 ㇏,true(a20~e20),霰 (形声。从雨，散声。本义雪珠) 同本义。亦称雹 夜深烟火灭，霰雪落纷纷。--白居易《秦中吟》霰xiàn水蒸气在空中遇冷凝结成的小冰粒，白色近似球形。常在下雪花前先下霰，着地时会反跳，且易破碎。霰sǎn 1.见'霰弹'。
6427,矍,表3丙表1000字,20画,jué,丨 𠃍 一 一 一 丨 𠃍 一 一 一 丿 丨 丶 一 一 一 丨 一 ㇇ ㇏,true(a20~e20),矍 惊惶四顾的或惊视的 矍，一曰视遽貌。--《说文》。徐锴曰左右惊顾。震索索，视矍矍。--《易·震》又如矍矍(惊惧四顾的样子;急切的样子;疾视的样子);矍然(迫不及待着急的样子)矍jué
6429,躅,表3丙表1000字,20画,zhú,丨 𠃍 一 丨 一 丨 ㇀ 丨 𠃍 丨 丨 一 丿 𠃌 丨 𠃍 一 丨 一 丶,true(a20~e20),躅 足迹 躅，蹢躅也。从足，蜀声。--《说文》。按，迹也。三辅谓牛蹄处为躅。--《一切经音义》引《汉书叙传音义》企望尘躅。--《尔雅序》尘游躅于蕙路。--南朝齐·孔稚珪《北山移文》又如躅路(行走的足迹)躅 用于踯躅。徘徊不行 羸豕孚蹢躅。--《易·姤》又如躅踯(徘徊)践踏;踏踩 师旷东躅其足。--《周书·太子晋》。注东躅，蹋也。朝露白如玉，我不敢躅，恐湿我足。--刘明《鸡鸣一首赠宗文侄》又如躅躅(行走的样子);躅足(犹跺脚);躅陆(顿躅 zhú躅zhuó 1.足迹;踪迹。 2.喻人的行为﹑业迹。
6432,黩,表3丙表1000字,20画,dú,丨 𠃍 丶 丿 一 丨 一 ㇀ ㇀ 丶 丶 丶 一 丨 乛 丶 丶 一 丿 丶,true(a20~e20),黩 (形声。从黑，卖声。本义污浊)同本义 黩，握持垢也。--《说文》。段玉裁注垢非可握持之物，而入于握持，是辱也。黩，污也。--《汉书·谷永传》注亟则黩。--《公羊传·桓公八年》又如黩昏(污浊昏乱)轻慢不敬 敬而不黩。--《汉书·郊祀志》黩，狎也。--《广雅·释言》又如黩慢(轻浮而不庄重);黩贱(轻视);黩近(亲近，狎近)引申为黑色的 林木为之润黩。--《文选·左思·吴都赋》。李善注黩，黑茂貌。黩 污辱 黩 dú轻率；轻举妄动。【黩武】滥用武力；好战。
6437,黧,表3丙表1000字,20画,lí,丿 一 丨 丿 丶 丿 𠃌 丿 丨 𠃍 丶 丿 一 丨 一 一 ㇀ 丶 丶 丶,true(a20~e20),黧〈形，名〉(形声。从黑，利声。本义黑中带黄的颜色)同本义 指老人黧lí黑中带黄的颜色面色～黑。
6445,獾,表3丙表1000字,20画,huān,丿 ㇁ 丿 一 丨 丨 丨 𠃍 一 丨 𠃍 一 丿 丨 丶 一 一 一 丨 一,true(a20~e20),獾 鼬科哺乳类之獾属(meles)动物的泛称 獾（貛）huān獾已是稀少的、野生哺乳动物，要保护，禁止猎杀食用。獾吻尖，耳小。毛灰褐色，胸、腹和四肢黑色，头部有三条白色纵纹。穴居在山野，昼伏夜出。脂肪可炼油供药用，毛皮可做皮衣、褥垫，毛可制笔等。
6452,颦,表3丙表1000字,21画,pín,丨 一 丨 一 丨 丿 丿 一 丿 丨 𠃍 丿 丶 丿 丨 𠃍 一 一 丿 一 丨,true(a21~e21),颦 (形声。从频，卑声。本义皱眉) 同本义 犹如含颦望巡狩，九疑如黛隔湘川。--唐·李群玉《黄陵庙》又如颦眉(皱眉);一颦一笑;颦笑(皱眉和欢笑);颦蛾(皱眉);东施效颦(西施病心而捧心皱眉，其里丑女以为美而模仿)颦 忧愁 颦pín皱眉头眉～。效～。
6462,羼,表3丙表1000字,21画,chàn,𠃍 一 丿 丶 丿 一 一 一 丨 丶 丿 一 一 一 丿 丶 丿 一 一 一 丨,true(a21~e21),羼 本义群羊杂居 羼，羊相厠也。从羊，在尸下。尸，屋也。会意。一曰相出前也。--《说文》混杂 他父亲又不肯住在家里，只在都中城外和那些道士们胡羼。--《红楼梦》引申为搀杂 又如羼入(搀入);羼名(混入名藉);羼和(把不同的东西掺混在一起)羼 chàn搀杂～入。【羼入】搀杂。羼chàn掺杂～进。
6463,蠡,表3丙表1000字,21画,lí、lǐ,𠃋 ㇇ 一 丿 ㇁ 丿 丿 丿 ㇏ 丨 𠃍 一 丨 一 丶 丨 𠃍 一 丨 一 丶,true(a21~e21),蠡〈名〉瓠瓢，用葫芦做的瓢 以蠡测海。--《汉书·东方朔传》又如蠡升(容量一升的瓢子);蠡帽(防矢石的盔帽。其形似瓠瓢，故名);蠡勺(一瓢勺);蠡见(喻肤浅的见识);蠡酌管窥(用瓢量海水，从竹管里看天。比喻见识浅薄，对事物的观察和了解很片面)蠡测见量度人，以蠡测海的略语以蠡测海。--《汉书·东方朔传》蠡测管窥蠡〈动〉虫蠡lí⒈贝壳做的瓢以～测海（〈喻〉见识短浅）。蠡lǐ⒈蠡县，在河北省。蠡luó 1.即螺。特指螺壳﹑螺号。蠡luǒ 1.见'瘯蠡'。
6465,懿,表3丙表1000字,22画,yì,一 丨 一 ㇀ 乛 一 丨 𠃍 一 丶 丿 ㇀ 丶 ㇀ 丿 乛 丿 ㇏ ㇀ ㇃ 丶 丶,true(a22~e22),懿 (形声。从壹，恣声。壹表示专一。本义美好)同本义 懿，美也。--《尔雅》好是懿德。--《诗·大雅·庶民》斯则前世之懿事。--《三国志·吴主传》茂学懿文。--白居易《斐度中书舍人制》以就懿德。--《后汉书·列女传》又如懿盛(因皇室宗亲而名位显盛);懿范(美好的风范。多用于赞扬妇女美德);懿明(德高智明);懿士(有美德的人)大 深 懿德林虑懿德，非礼不处。--《后汉书·钟浩传》懿德高风，令人景仰懿行懿yì德行美好～德。～行。～事。懿yī 1.叹词。
6468,霾,表3丙表1000字,22画,mái,一 ㇀ 乛 丨 丶 丶 丶 丶 丿 丶 丶 丿 ㇁ 丿 丿 丨 𠃍 一 一 丨 一 一,true(a22~e22),霾〈动〉(形声。从雨，貍声。本义风夹着尘土)同本义，即落黄沙 终风且霾。--《诗·邶风·终风》又如霾晦(大风扬起尘土，天色晦暗);霾曀(隐晦不明的样子)通埋。陷在地里 霾两轮兮絷四马。--屈原《九歌·国殇》霾mái大气中因悬浮着大量的烟、尘等微粒而形成的混浊现象阴～。～雾蔽日。
6469,氍,表3丙表1000字,22画,qú,丨 𠃍 一 一 一 丨 𠃍 一 一 一 丿 丨 丶 一 一 一 丨 一 丿 一 一 乚,true(a22~e22),氍毹厅正面屏开孔雀，地匝氍毹，都是锦绣桌帏，妆花椅甸。--《金瓶梅词话》氍qú
6470,饕,表3丙表1000字,22画,tāo,丨 𠃍 一 一 ㇉ 丨 一 乛 丿 一 乚 丿 ⺄ 丿 ㇏ 丶 𠃍 一 一 𠄌 丿 丶,true(a22~e22),饕〈动〉(形声。从食，號声。本义极贪欲;极贪财) 同本义 饕，贪也。--《说文》贪财为饕，贪食为餮。--《左传·文公十八年》注饕贪而无厌;近利而好得者，可亡也。--《韩非子·亡征》又如饕残(贪婪残酷);饕淫(贪婪荒淫);饕沓(贪得无厌);饕湎(贪酒);饕餮王孙(贪吃嗜欲的贵族子弟);饕餮放横(贪婪凶恶，横行无忌);饕戾(贪戾)饕餮周鼎著饕餮，有首无身。--《吕氏春秋·先识》饕tāo⒈贪得无厌～食。～贪。⒉
6476,鬻,表3丙表1000字,22画,yù,𠃍 一 ㇉ 丶 丿 一 丨 丿 丶 𠃍 一 ㇉ 一 丨 𠃍 一 丨 𠃌 丶 丿 一 丨,true(a22~e22),鬻 (形声。本义粥。引申为卖)卖，出售 鲋也鬻狱。--《左传·昭公十四年》市贱鬻贵。--《国语·齐语》人争鬻之。--明·刘基《卖柑者言》明告鬻梅者。--清·龚自珍《病梅馆记》又如鬻卜(卖卦);鬻文(为人撰写文章而接受酬劳。即卖文);鬻技(出卖技艺以谋生);鬻歌(卖歌，以歌唱谋生);鬻爵(出卖官爵)使用 盗取 鬻 幼小 鬻狱鬻yù卖～文。鬻zhōu 1.同'粥'。 2.见'鬻鬻'。 3.通'煮'。
6477,鬟,表3丙表1000字,23画,huán,一 丨 一 一 一 𠃋 丶 丿 丿 丿 丨 𠃍 丨 丨 一 一 丨 𠃍 一 丿 𠄌 丿 ㇏,true(a23~e23),鬟 妇女的梳成环形的发卷 鬟，总发也。从髟，睘声。--《说文》。郑珍注谓盘鬟如环。香雾云鬟湿，清浑玉臂寒。--杜甫《月夜》诗绿云扰扰，梳晓鬟也。--唐·杜牧《阿房宫赋》风鬟雨鬓。--唐·李朝威《柳毅传》婢女 欲买小鬟试教之，教坊供奉谁知者。--宋·梅尧臣《听文都知吹箫》鬟huán⒈〈古〉妇女梳的环形发髻。⒉
6483,鼹,表3丙表1000字,23画,yǎn,丿 丨 一 𠃍 一 一 𠄌 丶 丶 𠄌 丶 丶 ㇂ 丨 𠃍 一 一 丶 ㇀ 乛 𡿨 丿 一,true(a23~e23),鼹 鼹鼠 望不大，极易满足);鼹肠(田鼠的细小肠子。用以比喻度量狭小)鼹（齜）yǎn鼹鼠，俗称'地爬子'。哺乳动物。头尖，吻长，眼小，前肢发达，趾有钩爪，善于掘土，毛黑褐色。种类很多。穴居土中。对农作物桅大消灭～鼠。
6484,癯,表3丙表1000字,23画,qú,丶 一 丿 丶 ㇀ 丨 𠃍 一 一 一 丨 𠃍 一 一 一 丿 丨 丶 一 一 一 丨 一,true(a23~e23),癯 消瘦 舑，少肉也。从肉，瞿声。字亦作癯。--《说文》舑，瘠也。--《尔雅·释言》形容甚舑。--《史记·司马相如传》集解瘦也。癯瘠改貌。--《史记·安陆昭王碑文》如舑小(瘦小);舑仙(旧时指身体清瘦而精神矍铄的老人);舑然(清瘦貌);舑瘠(犹瘦弱);舑儒(清瘦的儒者‖有隐居不仕之意)癯、舑 qú瘦～者。清～。癯wò 1.善肉。见《玉篇．肉部》。亦用于人名。《史记．建元已来王子侯者年表》有刘癯丘。
6487,蠹,表3丙表1000字,24画,dù,一 丨 𠃍 一 丨 ㇀ 乛 一 丿 丨 𠃍 一 丨 𠃍 一 丨 一 丶 丨 𠃍 一 丨 一 丶,true(a24~e24),蠹 (形声。本义蛀虫)同本义 蠹，木中虫。--《说文》掌蠹物。--《周礼·翦氏》。注穿食人器物者，蠹鱼亦是也。树郁则为蠹。--《吕氏春秋·达郁》。注蠹蝎木中之虫也。又如蠹役(欺压百姓的吏役);蠹怪(蠹虫的精怪);蠹薮(蛀虫聚集的地方);蠹贼(蠹，蠹虫;贼，蟊贼);蠹蝎(水中的蠹虫);木蠹;蠹字(蠹虫所蚀如字的痕迹);蠹物(本指穿蚀衣服的蠹虫。引申泛指为害之物)引申以喻侵蚀或消耗国家财富的人或事 独是成氏子以蠹贫，以促织富，裘马扬扬。--《聊斋志异·促织》又如蠹民(指害蠹 dù①蛀虫。②蛀蚀。【蠹虫】①咬器物的虫子。②比喻桅公众利益或事业的人。
6489,衢,表3丙表1000字,24画,qú,丿 丿 丨 丨 𠃍 一 一 一 丨 𠃍 一 一 一 丿 丨 丶 一 一 一 丨 一 一 一 亅,true(a24~e24),衢〈名〉(形声。从行，瞿声。行，本义是道路。本义四通八达的道路)同本义 衢，四达谓之衢。--《说文》必于四面之衢。--《大戴礼记·子张问入官》何天之衢。--《易·大畜》一兔走衢，万人逐之，一人获之，贪者悉止。--《三国志》裴松之注填街盈衢。--柳宗元《国子司业阳城遗爱碣》街衢相经。--张衡《西京赋》又如大衢;长衢;通衢(四通八达的道路);衢逵(道路);衢处(处于四通八达之地);衢国(地处要冲的国家)树枝交错、分岔 宣山，其上有桑焉，大五十尺，其枝四衢。--《山海经》引申指途径 衢qú大路，四通八达的道路～道。通～。〈喻〉树的分杈，树杈其枝五～。
6490,鑫,表3丙表1000字,24画,xīn,丿 ㇏ 一 一 丨 丶 丿 一 丿 ㇏ 一 一 丨 丶 丿 ㇀ 丿 ㇏ 一 一 丨 丶 丿 一,true(a24~e24),鑫 旧时商店字号、人名用字，取其金多兴旺之意 鑫，金长。--《篇海类编》鑫，宋子虚名友，五子以鑫、森、淼、焱、垚立名。--《正字通》鑫xīn金多。兴旺之义。多见于人名或商店字号。
6491,灞,表3丙表1000字,24画,bà,丶 丶 ㇀ 一 ㇀ 乛 丨 丶 丶 丶 丶 一 丨 丨 一 丨 𠃍 一 一 丨 丿 𠃌 一 一,true(a24~e24),灞 河名。灞水 地名。霸城，即灞陵 金狄迁于灞川。--《文选·潘岳·西征赋》灞bà灞水，水名，在陕西省。
6492,襻,表3丙表1000字,24画,pàn,丶 ㇇ 丨 丿 丶 一 丨 丿 丶 丿 丶 丿 丶 一 丨 丿 丶 一 丿 ㇏ 丿 一 一 亅,true(a24~e24),襻〈名〉系衣裙的带子 用布做的扣住纽扣的套 外形、用途或功能类似于襻的东西 底细 提起来大概都知道他个根儿襻儿。--《儿女英雄传》襻〈动〉襻àn⒈〈古〉指系衣裙的带子◇指扣住扭扣的套扣～儿。⒉形状或功用像襻的鞋～。车～。⒊系，缝，扣住～几针。～住。襻pàn 1.系衣裙的带。 2.扣住纽子的套或器物上用来结系或攀手的带。 3.用绳子﹑线等绕住或套住，使分开的东西连在一起。
6494,鬣,表3丙表1000字,25画,liè,一 丨 一 一 一 𠃋 丶 丿 丿 丿 𡿨 𡿨 𡿨 丨 𠃍 丿 丶 一 𠄌 丶 丶 𠄌 丶 丶 ㇂,true(a25~e25),鬣〈名〉某些哺乳动物颈上生长的又长又密的毛 鬣，发鬣鬣也。--《说文》鬣，毛也。--《广雅》豕曰刚鬣。--《礼记·曲礼》白马黑鬣骆。--《尔雅》公取而朱其尾鬣以与之。--《左传·定公十年》麦苗浅鬣。--明·袁宏道《满井游记》以猪鬣撩拨。--《聊斋志异·促织》又如狮子的鬣;鬣鬣(头发向上直竖的样子)鬣狗鬣鬃鬣liè⒈兽类颈上的长毛。⒉胡子。
6495,攮,表3丙表1000字,25画,nǎng,一 亅 ㇀ 一 丨 𠃍 一 丨 ㇀ 乛 丨 𠃍 一 丨 𠃍 一 一 一 丨 丨 一 丿 𠄌 丿 ㇏,true(a25~e25),攮 (形声。从手，囊声。本义推，挤)同本义 攘，推也。--《说文》攘，裺止也。--《方言十二》左右攘辟。--《礼记·曲礼》小子何敢攘焉。--《史记·太史公自序》又如推推攮攮用刀刺 枪头子攮到贼肚里。--《儒林外史》又如攮刀子(挨刀。骂人话);攮死人栽倒;跌 常与贬义词结合成骂人的话 攮子攮nǎng⒈挤，推推推～ ～。⒉用刀、匕首等刺～着了腿。～死了人。⒊
6497,馕,表3丙表1000字,25画,náng、nǎng,丿 乛 𠄌 一 丨 𠃍 一 丨 ㇀ 乛 丨 𠃍 一 丨 𠃍 一 一 一 丨 丨 一 丿 𠄌 丿 ㇏,true(a25~e25),馕 用小麦面或玉米面烤制的圆饼 他晚上送了一块馕给我馕 拼命地往嘴里塞食物 你这馕糠的夯货!--《西游记》又如馕嗓(拼命往嘴里塞食物);馕糠(詈词。如畜生般吃糠);馕糟(如畜生般吃糟糠。也指吃糟糠的畜生)馕náng一种烤制而成的面饼。维吾尔、哈萨克等族作为主食。馕nǎng拼命地往嘴里塞食物。
6499,爨,表3丙表1000字,30画,cuàn,丿 丨 一 一 丨 𠃍 一 丨 𠃍 一 𠃍 一 一 ㇀ 乛 一 丨 丿 丶 一 丨 丿 丶 一 丿 ㇏ ㇀ 丿 丿 丶,true(a30~e30),姓爨 cuàn①烧火做饭分居异～（旧时指弟兄分家）。②火灶。③姓。
6500,齉,表3丙表1000字,36画,nàng,丿 丨 𠃍 一 一 一 丨 𠃍 一 丨 一 一 丿 丨 一 丨 𠃍 一 丨 ㇀ 乛 丨 𠃍 一 丨 𠃍 一 一 一 丨 丨 一 丿 𠄌 丿 ㇏,true(a36~e36),