seq,pinyin,char
U+3007,líng;yuán;xīng,〇
U+3400,qiū,㐀
U+3401,tiàn,㐁
U+3404,kuà,㐄
U+3405,wǔ,㐅
U+3406,yǐn,㐆
U+340C,yí,㐌
U+3416,xié,㐖
U+341C,chóu,㐜
U+3421,nuò,㐡
U+3424,dān;qiú,㐤
U+3428,xù,㐨
U+3429,xíng,㐩
U+342B,xiōng,㐫
U+342C,liú,㐬
U+342D,lǐn,㐭
U+342E,xiāng,㐮
U+342F,yōng,㐯
U+3430,xìn,㐰
U+3431,zhěn,㐱
U+3432,dài,㐲
U+3433,wù,㐳
U+3434,pān,㐴
U+3435,rú,㐵
U+3437,mǎ,㐷
U+3438,qiàn;cì,㐸
U+3439,yì,㐹
U+343A,yín;zhòng,㐺
U+343B,nèi,㐻
U+343C,chèng,㐼
U+343D,fēng,㐽
U+3441,zhuō,㑁
U+3442,fǎng,㑂
U+3443,ǎo,㑃
U+3444,wǔ,㑄
U+3445,zuò,㑅
U+3447,zhòu,㑇
U+3448,dòng,㑈
U+3449,sù,㑉
U+344A,yì,㑊
U+344B,qióng,㑋
U+344C,kuāng;wāng,㑌
U+344D,lèi,㑍
U+344E,nǎo,㑎
U+344F,zhù,㑏
U+3450,shū,㑐
U+3454,xǔ,㑔
U+3457,shēn,㑗
U+3458,jiè,㑘
U+3459,dié,㑙
U+345A,nuó,㑚
U+345B,sù,㑛
U+345C,yì;chì,㑜
U+345D,lòng,㑝
U+345E,yìng,㑞
U+345F,běng,㑟
U+3463,lán,㑣
U+3464,miáo,㑤
U+3465,yì,㑥
U+3466,lì,㑦
U+3467,jì,㑧
U+3468,yǔ,㑨
U+3469,luó,㑩
U+346A,chái,㑪
U+346E,hún,㑮
U+346F,xǔ,㑯
U+3470,huì,㑰
U+3471,rǎo,㑱
U+3473,zhòu;zhū,㑳
U+3475,hàn,㑵
U+3476,xì,㑶
U+3477,tài,㑷
U+3478,yáo,㑸
U+3479,huì,㑹
U+347A,jùn,㑺
U+347B,mà,㑻
U+347C,lüè,㑼
U+347D,táng,㑽
U+347E,yáo,㑾
U+347F,zhào,㑿
U+3480,zhāi;zhǎ,㒀
U+3481,yǔ,㒁
U+3482,zhuó,㒂
U+3483,èr,㒃
U+3484,rǎn,㒄
U+3485,qǐ,㒅
U+3486,chì,㒆
U+3487,wǔ,㒇
U+3488,hàn,㒈
U+3489,tǎng,㒉
U+348A,sè,㒊
U+348B,sī,㒋
U+348C,qióng,㒌
U+348D,léi,㒍
U+348E,sà,㒎
U+3491,kuǐ;huì,㒑
U+3492,pú,㒒
U+3493,tà,㒓
U+3494,shú;dú;tù,㒔
U+3495,yāng,㒕
U+3496,ǒu,㒖
U+3497,tái,㒗
U+3499,mián,㒙
U+349A,yìn;wěn,㒚
U+349B,diào,㒛
U+349C,yǔ,㒜
U+349D,miè;wà,㒝
U+349E,jùn,㒞
U+349F,niǎo,㒟
U+34A0,xiè,㒠
U+34A1,yóu,㒡
U+34A4,chè,㒤
U+34A5,fēng,㒥
U+34A6,lěi;lèi,㒦
U+34A7,lì,㒧
U+34A9,luǒ,㒩
U+34AB,jì,㒫
U+34B0,quán,㒰
U+34B2,cái,㒲
U+34B3,liǎng,㒳
U+34B4,gǔ,㒴
U+34B5,mào,㒵
U+34B7,guǎ,㒷
U+34B8,suì,㒸
U+34BB,mào,㒻
U+34BC,mán,㒼
U+34BD,quān,㒽
U+34BE,shì,㒾
U+34BF,lí,㒿
U+34C1,wǎng,㓁
U+34C2,kòu,㓂
U+34C3,dù,㓃
U+34C4,zhèn,㓄
U+34C5,tīng,㓅
U+34C8,bìng,㓈
U+34C9,huò,㓉
U+34CA,dòng,㓊
U+34CB,gòng,㓋
U+34CC,chēng,㓌
U+34CE,qīn;qìn;qǐn,㓎
U+34CF,jiǒng,㓏
U+34D0,lù,㓐
U+34D1,xìng,㓑
U+34D3,nán,㓓
U+34D4,xiè,㓔
U+34D6,bì,㓖
U+34D7,jié,㓗
U+34D8,sù,㓘
U+34DA,gōng,㓚
U+34DC,yòu,㓜
U+34DD,xíng,㓝
U+34DE,qià,㓞
U+34DF,pí,㓟
U+34E0,diàn;diǎn,㓠
U+34E1,fǔ;guā,㓡
U+34E2,luò,㓢
U+34E3,qià;gē,㓣
U+34E4,qià,㓤
U+34E5,tāng,㓥
U+34E6,bāi,㓦
U+34E7,gān,㓧
U+34E8,cí,㓨
U+34E9,xuān;jiē,㓩
U+34EA,lǎng,㓪
U+34ED,shé,㓭
U+34EE,diāo,㓮
U+34EF,lí,㓯
U+34F0,huà,㓰
U+34F1,tóu;shū,㓱
U+34F2,piān,㓲
U+34F3,dī,㓳
U+34F4,ruǎn,㓴
U+34F5,è,㓵
U+34F6,qiè,㓶
U+34F7,yì,㓷
U+34F8,zhuō;dōu,㓸
U+34F9,ruì;cuì;jì,㓹
U+34FA,jiān;qián,㓺
U+34FC,chì,㓼
U+34FD,chóng,㓽
U+34FE,xī;chí,㓾
U+3500,lüè,㔀
U+3501,dēng,㔁
U+3502,lín,㔂
U+3503,jué;xuē,㔃
U+3504,sù,㔄
U+3505,xiào,㔅
U+3506,zàn,㔆
U+3509,zhǔ,㔉
U+350A,zhǎn;dǎn,㔊
U+350B,jiān;lán,㔋
U+350C,zòu;cǒu,㔌
U+350D,chuā;zhá,㔍
U+350E,xiè,㔎
U+350F,lì;luǒ,㔏
U+3511,chì,㔑
U+3512,xí,㔒
U+3513,jiǎn,㔓
U+3515,jí,㔕
U+3517,fèi;bèi;fú,㔗
U+3518,chù,㔘
U+3519,bēng,㔙
U+351A,jié,㔚
U+351C,bá,㔜
U+351D,liǎng;liáng,㔝
U+351E,kuài,㔞
U+3520,xiā;hé,㔠
U+3521,biē,㔡
U+3522,jué;xuē,㔢
U+3523,léi,㔣
U+3524,xìn,㔤
U+3525,bài;pí,㔥
U+3526,yǎng,㔦
U+3527,lǜ,㔧
U+3528,bèi,㔨
U+3529,è,㔩
U+352A,lǔ,㔪
U+352D,chè,㔭
U+352E,nuó,㔮
U+352F,xuán;suǎn,㔯
U+3530,héng,㔰
U+3531,yǔ,㔱
U+3533,guǐ,㔳
U+3534,yì,㔴
U+3535,xuǎn,㔵
U+3536,gòng;gǎn,㔶
U+3537,lòu,㔷
U+3538,tī,㔸
U+3539,lè,㔹
U+353A,shì,㔺
U+353C,sǔn,㔼
U+353D,yào,㔽
U+353E,xiān;jié,㔾
U+353F,zòu,㔿
U+3541,què,㕁
U+3542,yín;qín,㕂
U+3543,xī,㕃
U+3544,zhǐ,㕄
U+3545,jiá,㕅
U+3546,hù,㕆
U+3547,lā,㕇
U+3548,yǐ,㕈
U+3549,kè,㕉
U+354A,fū,㕊
U+354B,qín,㕋
U+354C,ài,㕌
U+354E,kè,㕎
U+354F,chú,㕏
U+3550,xiě;xiè,㕐
U+3551,chú,㕑
U+3552,wēi,㕒
U+3555,huàn,㕕
U+3556,sù,㕖
U+3557,yòu,㕗
U+3559,jùn,㕙
U+355A,zhǎo,㕚
U+355B,xù,㕛
U+355C,shǐ,㕜
U+355E,shuā,㕞
U+355F,kuì;kuài,㕟
U+3560,shuāng,㕠
U+3561,hé,㕡
U+3562,gài;hài,㕢
U+3563,yǎn,㕣
U+3564,qiú,㕤
U+3565,shēn,㕥
U+3566,huà,㕦
U+3567,xī,㕧
U+3568,fàn,㕨
U+3569,pàng,㕩
U+356A,dǎn,㕪
U+356B,fǎng;fēng,㕫
U+356C,gōng;sòng,㕬
U+356D,āo;ào,㕭
U+356E,fǔ,㕮
U+356F,nè,㕯
U+3570,xuè;ma,㕰
U+3571,yóu,㕱
U+3572,huá;yíng,㕲
U+3574,chén,㕴
U+3575,guó,㕵
U+3576,ň;ňg,㕶
U+3577,huà;pā,㕷
U+3578,lì,㕸
U+3579,fá,㕹
U+357A,xiāo,㕺
U+357B,pǒu,㕻
U+357D,sì,㕽
U+3580,lè,㖀
U+3581,lìn,㖁
U+3582,yì,㖂
U+3583,hǒu;hòu,㖃
U+3585,xù,㖅
U+3586,qú,㖆
U+3587,ér,㖇
U+358A,xún,㖊
U+358F,niè,㖏
U+3590,wěi,㖐
U+3591,xiè,㖑
U+3592,tí,㖒
U+3593,hóng,㖓
U+3594,tǔn,㖔
U+3595,niè;xīn,㖕
U+3596,niè,㖖
U+3597,yín,㖗
U+3598,zhēn,㖘
U+359E,wāi,㖞
U+359F,shòu,㖟
U+35A0,nuò,㖠
U+35A1,yè,㖡
U+35A2,qí,㖢
U+35A3,tòu,㖣
U+35A4,hán,㖤
U+35A5,jùn,㖥
U+35A6,dǒng,㖦
U+35A7,hūn;wěn,㖧
U+35A8,lù,㖨
U+35A9,jū;sǒu,㖩
U+35AA,huò;guó;xù,㖪
U+35AB,líng,㖫
U+35AD,tiǎn,㖭
U+35AE,lún,㖮
U+35B5,gé,㖵
U+35B6,yān;yè;yīn,㖶
U+35B7,shí;tí,㖷
U+35B8,xué;niā,㖸
U+35B9,pēn;fèn,㖹
U+35BA,chǔn,㖺
U+35BB,niú;ròu,㖻
U+35BC,duǒ,㖼
U+35BD,zé,㖽
U+35BE,è,㖾
U+35BF,xié;yé,㖿
U+35C0,yōu,㗀
U+35C1,è,㗁
U+35C2,shěng,㗂
U+35C3,wěn;hūn,㗃
U+35C4,kū,㗄
U+35C5,hú,㗅
U+35C6,gé,㗆
U+35C7,xiá;ya,㗇
U+35C8,màn,㗈
U+35C9,lüè;è,㗉
U+35CA,jí;léi,㗊
U+35CB,hóu,㗋
U+35CC,zhì,㗌
U+35CF,wāi,㗏
U+35D1,bai,㗑
U+35D2,ài,㗒
U+35D3,zhuī,㗓
U+35D4,qiān,㗔
U+35D5,gòu;gōu,㗕
U+35D6,dàn,㗖
U+35D7,bēi,㗗
U+35D8,bó,㗘
U+35D9,chū;nà;zhōu,㗙
U+35DA,lì,㗚
U+35DB,xiào,㗛
U+35DC,xiù,㗜
U+35E2,hóng;dòng;hòng,㗢
U+35E3,tì,㗣
U+35E4,cù,㗤
U+35E5,kuò;guō,㗥
U+35E6,láo,㗦
U+35E7,zhì;dié,㗧
U+35E8,xiē;ǎi,㗨
U+35E9,xī,㗩
U+35EB,qiè,㗫
U+35EC,zhā,㗬
U+35ED,xī,㗭
U+35F0,cóng,㗰
U+35F1,jí,㗱
U+35F2,huò,㗲
U+35F3,tǎ;dā,㗳
U+35F4,yán,㗴
U+35F5,xù,㗵
U+35F6,pō,㗶
U+35F7,sǎi,㗷
U+35FB,guō,㗻
U+35FC,yè,㗼
U+35FD,xiǎng,㗽
U+35FE,xuē,㗾
U+35FF,hé;xià;xiā,㗿
U+3600,zuò,㘀
U+3601,yì,㘁
U+3602,cí,㘂
U+3604,lēng,㘄
U+3605,xián,㘅
U+3606,tǎi,㘆
U+3607,róng,㘇
U+3608,yì;nǐ,㘈
U+3609,zhì,㘉
U+360A,xī;yì,㘊
U+360B,xián,㘋
U+360C,jù,㘌
U+360D,jí,㘍
U+360E,hǎn,㘎
U+3610,pào,㘐
U+3611,lì,㘑
U+3613,lán,㘓
U+3614,sǎi,㘔
U+3615,hǎn;lán,㘕
U+3616,yán,㘖
U+3617,qū,㘗
U+3619,yán,㘙
U+361A,hǎn,㘚
U+361B,kān,㘛
U+361C,chǐ,㘜
U+361D,niè,㘝
U+361E,huò,㘞
U+3620,bì,㘠
U+3621,xiá,㘡
U+3622,wěng,㘢
U+3623,xuán;yuán,㘣
U+3624,wān,㘤
U+3625,yóu,㘥
U+3626,qín,㘦
U+3627,xù,㘧
U+3628,niè,㘨
U+3629,bì,㘩
U+362A,hào,㘪
U+362B,jǐng,㘫
U+362C,ào;wù,㘬
U+362D,ào,㘭
U+3630,zhēn,㘰
U+3631,tān,㘱
U+3632,jú,㘲
U+3634,zuò,㘴
U+3635,bù,㘵
U+3636,jié,㘶
U+3637,ài,㘷
U+3638,zàng;zuò,㘸
U+3639,cí,㘹
U+363A,fá,㘺
U+363F,niè,㘿
U+3640,liù;jiù,㙀
U+3641,méi;mù,㙁
U+3642,duì;wèng,㙂
U+3643,bāng,㙃
U+3644,bì,㙄
U+3645,bǎo,㙅
U+3647,chù,㙇
U+3648,xià,㙈
U+3649,tiǎn,㙉
U+364A,cháng;zhàng,㙊
U+364D,duō,㙍
U+364E,wēi,㙎
U+364F,fù,㙏
U+3650,duǒ,㙐
U+3651,yǔ,㙑
U+3652,yě,㙒
U+3653,kuí,㙓
U+3654,wěi;hán,㙔
U+3655,kuài,㙕
U+3657,wēi,㙗
U+3658,yāo,㙘
U+3659,lǒng,㙙
U+365A,xīng,㙚
U+365B,bǔ,㙛
U+365C,chí,㙜
U+365D,xié,㙝
U+365E,niè,㙞
U+365F,lǎng,㙟
U+3660,yī;yì,㙠
U+3661,zōng,㙡
U+3662,mán,㙢
U+3663,zhàng,㙣
U+3664,xià,㙤
U+3665,gùn,㙥
U+3666,xié,㙦
U+3668,jì,㙨
U+3669,liáo,㙩
U+366A,yì,㙪
U+366B,jí,㙫
U+366C,yín,㙬
U+366E,dā;da,㙮
U+366F,yì,㙯
U+3670,xiè,㙰
U+3671,hào,㙱
U+3672,yǒng,㙲
U+3673,kǎn;hǎn,㙳
U+3674,chàn,㙴
U+3675,tái,㙵
U+3676,táng,㙶
U+3677,zhí;zhé,㙷
U+3678,bào,㙸
U+3679,méng,㙹
U+367A,kuí;guì,㙺
U+367B,chán,㙻
U+367C,lěi,㙼
U+367E,xì,㙾
U+3680,xī,㚀
U+3681,qiào,㚁
U+3682,nàng,㚂
U+3683,yūn,㚃
U+3685,lóng,㚅
U+3686,fù,㚆
U+3687,zōng,㚇
U+3689,gǔ,㚉
U+368A,kāi,㚊
U+368B,diāo,㚋
U+368C,huà,㚌
U+368D,kuǐ;kuì,㚍
U+368F,gǎo,㚏
U+3690,tào,㚐
U+3692,shǎn,㚒
U+3693,lǎi,㚓
U+3694,niè;xìng,㚔
U+3695,fú,㚕
U+3696,gǎo;zé,㚖
U+3697,qié,㚗
U+3698,bàn;hè;fú,㚘
U+3699,jiā,㚙
U+369A,kōng;kuāng,㚚
U+369B,xì,㚛
U+369C,yù;xù,㚜
U+369D,zhuī,㚝
U+369E,shěn,㚞
U+369F,chuò,㚟
U+36A0,xiāo,㚠
U+36A1,jǐ,㚡
U+36A2,nú;wǔ,㚢
U+36A3,xiáo,㚣
U+36A4,yì,㚤
U+36A5,yú,㚥
U+36A6,yí,㚦
U+36A7,yǎn,㚧
U+36A8,shěn,㚨
U+36A9,rǎn,㚩
U+36AA,hào,㚪
U+36AB,sà,㚫
U+36AC,jūn,㚬
U+36AD,yóu,㚭
U+36AF,xín,㚯
U+36B0,pēi;bǐ,㚰
U+36B1,qiū,㚱
U+36B2,chān;diǎn;diàn,㚲
U+36B4,bù,㚴
U+36B5,dōng,㚵
U+36B6,sì;yí,㚶
U+36B7,ěr,㚷
U+36B9,mǎo;liǔ,㚹
U+36BA,yùn,㚺
U+36BB,jī,㚻
U+36BD,qiǎo,㚽
U+36BE,xiōng,㚾
U+36BF,páo,㚿
U+36C0,chú,㛀
U+36C1,pēng,㛁
U+36C2,nuǒ,㛂
U+36C3,jié,㛃
U+36C4,yī,㛄
U+36C5,èr,㛅
U+36C6,duò;duǒ,㛆
U+36CA,duǒ,㛊
U+36CD,qiè;xiǎn;xiá,㛍
U+36CE,lǚ,㛎
U+36CF,qiú,㛏
U+36D0,sǒu,㛐
U+36D1,càn,㛑
U+36D2,dòu,㛒
U+36D3,xī,㛓
U+36D4,fēng;péng,㛔
U+36D5,yì;è,㛕
U+36D6,suō,㛖
U+36D7,qiē;zuō;suō,㛗
U+36D8,pò,㛘
U+36D9,xīn;qiè,㛙
U+36DA,tǒng;yǒng,㛚
U+36DB,xìn,㛛
U+36DC,yóu,㛜
U+36DD,bèi,㛝
U+36DE,lòng,㛞
U+36E3,yún,㛣
U+36E4,lí,㛤
U+36E5,tà,㛥
U+36E6,lǎn,㛦
U+36E7,mǎn,㛧
U+36E8,qiǎng,㛨
U+36E9,zhóu,㛩
U+36EA,yàn;yān,㛪
U+36EB,xī,㛫
U+36EC,lù,㛬
U+36ED,xī,㛭
U+36EE,sǎo,㛮
U+36EF,fàn;miǎn;zhuàn,㛯
U+36F1,wěi;wēi,㛱
U+36F2,fà,㛲
U+36F3,yì,㛳
U+36F4,nǎo,㛴
U+36F5,chēng,㛵
U+36F6,tàn,㛶
U+36F7,jī,㛷
U+36F8,shù,㛸
U+36F9,pián,㛹
U+36FA,ān,㛺
U+36FB,kuā,㛻
U+36FC,chā;shà,㛼
U+36FE,xián,㛾
U+36FF,zhì,㛿
U+3702,fēng,㜂
U+3703,liàn,㜃
U+3704,xún,㜄
U+3705,xù,㜅
U+3706,mì,㜆
U+3707,huì;yè,㜇
U+3708,mù,㜈
U+3709,yōng,㜉
U+370A,zhǎn,㜊
U+370B,yì,㜋
U+370C,nǒu;gòu;kòu,㜌
U+370D,táng,㜍
U+370E,xī;xì,㜎
U+370F,yún,㜏
U+3710,shù,㜐
U+3711,fú,㜑
U+3712,yì,㜒
U+3713,dá,㜓
U+3715,lián,㜕
U+3716,cáo,㜖
U+3717,cān;sēn,㜗
U+3718,jù;qù;chá,㜘
U+3719,lù,㜙
U+371A,sù,㜚
U+371B,nèn,㜛
U+371C,ào,㜜
U+371D,ǎn;yǎn,㜝
U+371E,qiàn;cán,㜞
U+3720,cuī,㜠
U+3721,cōng,㜡
U+3723,rán;rǎn,㜣
U+3724,niǎn;tiǎn;tán,㜤
U+3725,mái,㜥
U+3726,xín,㜦
U+3727,yuè,㜧
U+3728,nái,㜨
U+3729,ào,㜩
U+372A,shēn,㜪
U+372B,mà,㜫
U+372E,làn;lán,㜮
U+372F,xī,㜯
U+3730,yuè,㜰
U+3731,zhì,㜱
U+3732,wěng,㜲
U+3733,huái,㜳
U+3734,mèng,㜴
U+3735,niǎo,㜵
U+3736,wǎn,㜶
U+3737,mí;xiǎn,㜷
U+3738,niè,㜸
U+3739,qú,㜹
U+373A,zàn,㜺
U+373B,liàn,㜻
U+373C,zhí,㜼
U+373D,zǐ,㜽
U+373E,hái,㜾
U+373F,xù,㜿
U+3740,hào,㝀
U+3741,xuān;qióng,㝁
U+3742,zhì;zhè,㝂
U+3743,miǎn,㝃
U+3744,chún,㝄
U+3745,gòu,㝅
U+3747,chún,㝇
U+3748,luán,㝈
U+3749,zhù,㝉
U+374A,shǒu,㝊
U+374B,liǎo,㝋
U+374C,jiù,㝌
U+374D,xiě,㝍
U+374E,dìng,㝎
U+374F,jiè,㝏
U+3750,róng,㝐
U+3751,máng,㝑
U+3753,kè,㝓
U+3754,yǎo,㝔
U+3755,níng,㝕
U+3756,yí,㝖
U+3757,láng;lǎng,㝗
U+3758,yóng,㝘
U+3759,yín,㝙
U+375A,yán,㝚
U+375B,sù,㝛
U+375D,lín,㝝
U+375E,yā;yà,㝞
U+375F,máo,㝟
U+3760,míng,㝠
U+3761,zuì,㝡
U+3762,yǔ,㝢
U+3763,yì,㝣
U+3764,gòu,㝤
U+3765,mǐ,㝥
U+3766,jùn,㝦
U+3767,wěn,㝧
U+3769,kāng,㝩
U+376A,diàn,㝪
U+376B,lóng,㝫
U+376D,xǐng,㝭
U+376E,cuì,㝮
U+376F,qiáo,㝯
U+3770,mián,㝰
U+3771,mèng,㝱
U+3772,qǐn,㝲
U+3774,wán,㝴
U+3775,dé;ài,㝵
U+3776,ài,㝶
U+3778,biàn,㝸
U+3779,nóu,㝹
U+377A,lián,㝺
U+377B,jǐn,㝻
U+377C,yū,㝼
U+377D,chuí,㝽
U+377E,zuǒ,㝾
U+377F,bǒ,㝿
U+3780,huī,㞀
U+3781,yào,㞁
U+3782,tuǐ;tuì,㞂
U+3783,jì,㞃
U+3784,ān,㞄
U+3785,luò,㞅
U+3786,jǐ,㞆
U+3787,wěi,㞇
U+3788,bō,㞈
U+3789,zā,㞉
U+378A,xù,㞊
U+378B,niǎn;jí,㞋
U+378C,yùn,㞌
U+378E,bǎ;pā,㞎
U+378F,zhé;jié,㞏
U+3790,jū,㞐
U+3791,wěi,㞑
U+3792,xiè;xì,㞒
U+3793,qì;jī,㞓
U+3794,yí,㞔
U+3795,xiè,㞕
U+3796,cí;cì,㞖
U+3797,qiú,㞗
U+3798,dū,㞘
U+3799,niào,㞙
U+379A,qì;zhǎ,㞚
U+379B,jǐ,㞛
U+379C,tuī,㞜
U+379E,sóng,㞞
U+379F,diàn;dǐng,㞟
U+37A0,láo,㞠
U+37A1,zhǎn,㞡
U+37A4,yín;cén,㞤
U+37A5,cén,㞥
U+37A6,jǐ,㞦
U+37A7,huì,㞧
U+37A8,zǐ,㞨
U+37A9,lán,㞩
U+37AA,náo,㞪
U+37AB,jù,㞫
U+37AC,qìn,㞬
U+37AD,dài,㞭
U+37AF,jié,㞯
U+37B0,xǔ,㞰
U+37B1,cōng,㞱
U+37B2,yòng,㞲
U+37B3,dǒu,㞳
U+37B4,chí;mín,㞴
U+37B6,mǐn,㞶
U+37B7,huáng,㞷
U+37B8,suì,㞸
U+37B9,kě,㞹
U+37BA,zú,㞺
U+37BB,hào,㞻
U+37BC,chéng,㞼
U+37BD,xuè,㞽
U+37BE,ní,㞾
U+37BF,chì,㞿
U+37C0,lián,㟀
U+37C1,àn,㟁
U+37C2,mǔ,㟂
U+37C3,sī,㟃
U+37C4,xiáng,㟄
U+37C5,yáng,㟅
U+37C6,huá,㟆
U+37C7,cuò;cuó,㟇
U+37C8,qiú,㟈
U+37C9,láo,㟉
U+37CA,fú,㟊
U+37CB,duì,㟋
U+37CC,máng,㟌
U+37CD,láng;lǎng,㟍
U+37CE,tuǒ;tuǐ,㟎
U+37CF,hán,㟏
U+37D0,mǎng,㟐
U+37D1,bó,㟑
U+37D2,qūn,㟒
U+37D3,qí,㟓
U+37D4,hán,㟔
U+37D6,lòng;lóng,㟖
U+37D7,bīn,㟗
U+37D8,tiáo,㟘
U+37D9,zé,㟙
U+37DA,qí,㟚
U+37DB,zàn,㟛
U+37DC,mí,㟜
U+37DD,péi,㟝
U+37DE,zhàn,㟞
U+37DF,xiàng,㟟
U+37E0,gǎng,㟠
U+37E2,qí,㟢
U+37E4,lù,㟤
U+37E6,yùn,㟦
U+37E7,è,㟧
U+37E8,duān,㟨
U+37E9,mín,㟩
U+37EA,wēi;wěi,㟪
U+37EB,quán,㟫
U+37EC,sǒu,㟬
U+37ED,mín,㟭
U+37EE,tū,㟮
U+37F0,mǐng,㟰
U+37F1,yǎo,㟱
U+37F2,jué,㟲
U+37F3,lì,㟳
U+37F4,kuài,㟴
U+37F5,gǎng,㟵
U+37F6,yuán,㟶
U+37F7,da,㟷
U+37F9,láo,㟹
U+37FA,lóu,㟺
U+37FB,qiàn;zhǎn,㟻
U+37FC,áo,㟼
U+37FD,biǎo;biāo,㟽
U+37FE,yōng,㟾
U+37FF,mǎng;máng,㟿
U+3800,dǎo,㠀
U+3802,áo,㠂
U+3804,xí,㠄
U+3805,fú;fù,㠅
U+3806,dān,㠆
U+3807,jiù,㠇
U+3808,rùn,㠈
U+3809,tóng,㠉
U+380A,qū,㠊
U+380B,è,㠋
U+380C,qī,㠌
U+380D,jí,㠍
U+380E,jí;jié,㠎
U+380F,huá,㠏
U+3810,jiào,㠐
U+3811,zuì,㠑
U+3812,biǎo,㠒
U+3813,méng,㠓
U+3814,bài,㠔
U+3815,wěi,㠕
U+3816,yǐ,㠖
U+3817,ào,㠗
U+3818,yǔ,㠘
U+3819,háo,㠙
U+381A,duì,㠚
U+381B,wò,㠛
U+381C,nì,㠜
U+381D,cuán,㠝
U+381F,lí,㠟
U+3820,lú,㠠
U+3821,niǎo,㠡
U+3822,huái,㠢
U+3823,lì,㠣
U+3825,lǜ;léi;lěi,㠥
U+3826,fēng,㠦
U+3827,mǐ,㠧
U+3828,yù,㠨
U+382A,jù,㠪
U+382D,zhǎn,㠭
U+382E,pēng;gāng,㠮
U+382F,yǐ,㠯
U+3831,jì;qǐ,㠱
U+3832,bǐ,㠲
U+3834,rèn,㠴
U+3835,huāng,㠵
U+3836,fán,㠶
U+3837,gé,㠷
U+3838,kù,㠸
U+3839,jiè,㠹
U+383A,shā;miáo,㠺
U+383C,sī,㠼
U+383D,tóng,㠽
U+383E,yuān,㠾
U+383F,zī;cǐ,㠿
U+3840,bì,㡀
U+3841,kuǎ,㡁
U+3842,lì,㡂
U+3843,huāng,㡃
U+3844,xún,㡄
U+3845,nuǒ,㡅
U+3847,zhé;jiē,㡇
U+3848,wèn;mén;miǎn,㡈
U+3849,xián,㡉
U+384A,qià,㡊
U+384B,yé;ān,㡋
U+384C,mào,㡌
U+384F,shù;xū;tóu;shū,㡏
U+3851,qiāo;jiǎo,㡑
U+3852,zhūn,㡒
U+3853,kūn,㡓
U+3854,wù,㡔
U+3855,yīng,㡕
U+3856,chuáng,㡖
U+3857,tí,㡗
U+3858,lián;lín,㡘
U+3859,bī,㡙
U+385A,gōu,㡚
U+385B,máng,㡛
U+385C,xiè;xuě,㡜
U+385D,fèng,㡝
U+385E,lóu;lǚ,㡞
U+385F,zāo,㡟
U+3860,zhèng,㡠
U+3861,chú,㡡
U+3862,màn,㡢
U+3863,lóng,㡣
U+3865,yìn,㡥
U+3866,pīn,㡦
U+3867,zhèng,㡧
U+3868,jiān;qiān,㡨
U+3869,luán,㡩
U+386A,nié,㡪
U+386B,yì,㡫
U+386D,jì,㡭
U+386E,jí,㡮
U+386F,zhái;dù;duó,㡯
U+3870,yǔ,㡰
U+3871,jiǔ,㡱
U+3872,huán,㡲
U+3873,zhǐ,㡳
U+3874,lā,㡴
U+3875,líng,㡵
U+3876,zhǐ,㡶
U+3877,běn,㡷
U+3878,zhà;zhǎ;chá,㡸
U+3879,jū,㡹
U+387A,dàn,㡺
U+387B,liào,㡻
U+387C,yì,㡼
U+387D,zhào,㡽
U+387E,xiàn,㡾
U+387F,chì,㡿
U+3880,cì,㢀
U+3881,chǐ;shǐ,㢁
U+3882,yǎn;tuí;duī,㢂
U+3883,láng,㢃
U+3884,dòu,㢄
U+3885,lòng,㢅
U+3886,chán,㢆
U+3888,tuí;duī,㢈
U+3889,chá,㢉
U+388A,ǎi;yǐ,㢊
U+388B,chǐ,㢋
U+388D,yǐng,㢍
U+388E,zhé,㢎
U+388F,tóu;yǔ;yú,㢏
U+3891,tuí,㢑
U+3892,chá,㢒
U+3893,yǎo,㢓
U+3894,zǒng,㢔
U+3896,pān;bān,㢖
U+3897,qiào,㢗
U+3898,lián,㢘
U+3899,qín,㢙
U+389A,lǔ,㢚
U+389B,yàn;qiān,㢛
U+389C,kāng;kàng,㢜
U+389D,sū,㢝
U+389E,yì,㢞
U+389F,chān,㢟
U+38A0,jiǒng,㢠
U+38A1,jiǎng,㢡
U+38A3,jìng,㢣
U+38A5,dòng,㢥
U+38A7,juàn,㢧
U+38A8,hàn,㢨
U+38A9,dì,㢩
U+38AC,hóng,㢬
U+38AE,chí,㢮
U+38AF,diāo;mín,㢯
U+38B0,bì,㢰
U+38B2,xùn,㢲
U+38B3,lú,㢳
U+38B5,xié;shè,㢵
U+38B6,bì,㢶
U+38B8,bì,㢸
U+38BA,xián,㢺
U+38BB,ruì,㢻
U+38BC,biè,㢼
U+38BD,ěr,㢽
U+38BE,juàn,㢾
U+38C0,zhèn,㣀
U+38C1,bèi,㣁
U+38C2,è,㣂
U+38C3,yǔ,㣃
U+38C4,qú,㣄
U+38C5,zàn,㣅
U+38C6,mí,㣆
U+38C7,yì,㣇
U+38C8,sì,㣈
U+38CC,shàn,㣌
U+38CD,tái,㣍
U+38CE,mù,㣎
U+38CF,jìng,㣏
U+38D0,biàn,㣐
U+38D1,róng,㣑
U+38D2,cèng,㣒
U+38D3,càn,㣓
U+38D4,dīng,㣔
U+38D9,dí;zhòu,㣙
U+38DA,tǒng;tóng;dòng,㣚
U+38DB,tà;huì,㣛
U+38DC,xíng,㣜
U+38DD,sōng,㣝
U+38DE,duó,㣞
U+38DF,xì,㣟
U+38E0,tāo;tóng,㣠
U+38E2,tí,㣢
U+38E3,shàn,㣣
U+38E4,jiàn,㣤
U+38E5,zhì,㣥
U+38E6,wēi,㣦
U+38E7,yìn,㣧
U+38EA,huǎn,㣪
U+38EB,zhǒng;dòng,㣫
U+38EC,qì,㣬
U+38ED,zōng,㣭
U+38EF,xiè,㣯
U+38F0,xiè,㣰
U+38F1,zé,㣱
U+38F2,wéi,㣲
U+38F5,tà,㣵
U+38F6,zhān,㣶
U+38F7,nìng,㣷
U+38FA,xīn,㣺
U+38FB,yì,㣻
U+38FC,rěn,㣼
U+38FD,shù;nù,㣽
U+38FE,chà,㣾
U+38FF,zhuó;diǎo,㣿
U+3901,miǎn,㤁
U+3902,jí,㤂
U+3903,fáng,㤃
U+3904,pèi,㤄
U+3905,ài;xì;jì,㤅
U+3906,fàn,㤆
U+3907,ǎo,㤇
U+3908,qìn,㤈
U+3909,qiā;yà,㤉
U+390A,xiào,㤊
U+390B,fēn,㤋
U+390C,gān,㤌
U+390D,qiāo;qiǎo,㤍
U+390E,gē,㤎
U+390F,tóng,㤏
U+3910,chān,㤐
U+3911,yòu,㤑
U+3912,gāo,㤒
U+3913,bèn,㤓
U+3914,fù,㤔
U+3915,chù;pò,㤕
U+3916,zhù,㤖
U+3918,zhòu,㤘
U+391A,háng,㤚
U+391B,nín,㤛
U+391C,jué,㤜
U+391D,chōng,㤝
U+391E,chà;duó;zé,㤞
U+391F,kǒng,㤟
U+3920,liè,㤠
U+3921,lì;liè,㤡
U+3922,yù,㤢
U+3924,yú,㤤
U+3925,hài,㤥
U+3926,lì,㤦
U+3927,hóu,㤧
U+3928,gǒng,㤨
U+3929,kè,㤩
U+392A,yuàn,㤪
U+392B,dé,㤫
U+392C,huì,㤬
U+392E,guàng,㤮
U+392F,jiǒng,㤯
U+3930,zuò,㤰
U+3931,fù;dòu,㤱
U+3932,qiè,㤲
U+3933,běi,㤳
U+3934,chè;shè;dié,㤴
U+3935,cí,㤵
U+3936,máng;màng,㤶
U+3937,hān,㤷
U+3938,xì,㤸
U+3939,qiú;jiù,㤹
U+393A,huǎng,㤺
U+393D,chóu,㤽
U+393E,sàn;tàn,㤾
U+393F,yān,㤿
U+3940,zhí;dé,㥀
U+3941,dé,㥁
U+3942,tè,㥂
U+3943,mèn,㥃
U+3944,líng,㥄
U+3945,shòu,㥅
U+3946,tuì,㥆
U+3947,cán,㥇
U+3948,dié,㥈
U+3949,chè,㥉
U+394A,péng;pēng,㥊
U+394B,yī,㥋
U+394C,jú,㥌
U+394D,jì,㥍
U+394E,lái,㥎
U+394F,tiǎn,㥏
U+3950,yuàn,㥐
U+3952,cǎi;cāi,㥒
U+3953,qī,㥓
U+3954,yù,㥔
U+3955,lián,㥕
U+3956,cōng,㥖
U+395A,yú;yǔ,㥚
U+395B,jí;kè,㥛
U+395C,wèi,㥜
U+395D,mǐ,㥝
U+395E,suì,㥞
U+395F,xié,㥟
U+3960,xū,㥠
U+3961,chì,㥡
U+3962,qiú;jiū,㥢
U+3963,huì,㥣
U+3965,yú,㥥
U+3966,qiè,㥦
U+3967,shùn,㥧
U+3968,shuì;wěi,㥨
U+3969,duǒ,㥩
U+396A,lóu,㥪
U+396C,páng,㥬
U+396D,tài,㥭
U+396E,zhòu;chǎo,㥮
U+396F,yǐn,㥯
U+3970,sāo,㥰
U+3971,fěi,㥱
U+3972,chēn;shèn,㥲
U+3973,yuán,㥳
U+3974,yí;tí,㥴
U+3975,hùn,㥵
U+3976,sè;qiān,㥶
U+3977,yè,㥷
U+3978,mǐn,㥸
U+3979,fěn,㥹
U+397A,hé,㥺
U+397C,yìn;yān,㥼
U+397D,cè;zé,㥽
U+397E,nì,㥾
U+397F,ào,㥿
U+3980,féng,㦀
U+3981,lián;liǎn,㦁
U+3982,cháng,㦂
U+3983,chǎn,㦃
U+3984,má,㦄
U+3985,diē;dì;chài,㦅
U+3986,hū;xiā,㦆
U+3987,lù,㦇
U+3989,yì,㦉
U+398A,huá,㦊
U+398B,zhā,㦋
U+398C,hū;xù,㦌
U+398D,è,㦍
U+398E,huò,㦎
U+398F,sǔn;xuàn,㦏
U+3990,nì,㦐
U+3991,xiàn;hān,㦑
U+3992,lí,㦒
U+3993,xiàn;rǎn,㦓
U+3994,yàn,㦔
U+3995,lóng,㦕
U+3996,mèn,㦖
U+3997,jīn;jìn,㦗
U+3998,jī,㦘
U+399A,biǎn,㦚
U+399B,yǔ;yú,㦛
U+399C,huò;xuè,㦜
U+399D,miǎo,㦝
U+399E,chóu,㦞
U+399F,mái,㦟
U+39A1,lè,㦡
U+39A2,jié,㦢
U+39A3,wèi,㦣
U+39A4,yì,㦤
U+39A5,xuān;xiǎn,㦥
U+39A6,xì,㦦
U+39A7,cǎn,㦧
U+39A8,lán,㦨
U+39A9,yǐn,㦩
U+39AA,xiè,㦪
U+39AB,zā,㦫
U+39AC,luǒ,㦬
U+39AD,líng,㦭
U+39AE,qián,㦮
U+39AF,huò,㦯
U+39B0,jiān,㦰
U+39B1,wǒ,㦱
U+39B4,gé,㦴
U+39B5,zhū,㦵
U+39B6,dié;yǒng,㦶
U+39B7,yǒng,㦷
U+39B8,jǐ,㦸
U+39B9,yáng,㦹
U+39BA,rù,㦺
U+39BB,xí,㦻
U+39BC,shuàng,㦼
U+39BD,yù,㦽
U+39BE,yí,㦾
U+39BF,qiǎn;hù,㦿
U+39C0,jí,㧀
U+39C1,qù;hé,㧁
U+39C2,tián,㧂
U+39C3,shōu;jiū,㧃
U+39C4,qiǎn,㧄
U+39C5,mù;dāo,㧅
U+39C6,jīn,㧆
U+39C7,mǎo,㧇
U+39C8,yǐn,㧈
U+39C9,gài;hài;yè,㧉
U+39CA,pō;bá,㧊
U+39CB,xuǎn,㧋
U+39CC,mào,㧌
U+39CD,fǎng;bēng,㧍
U+39CE,yá;yà;qiā,㧎
U+39CF,gāng,㧏
U+39D0,sǒng,㧐
U+39D1,huī,㧑
U+39D2,yù,㧒
U+39D3,guā,㧓
U+39D4,guài,㧔
U+39D5,liǔ,㧕
U+39D6,è,㧖
U+39D7,zǐ;jǐ;zhǐ,㧗
U+39D8,zì,㧘
U+39D9,bì;bié,㧙
U+39DA,wǎ,㧚
U+39DC,liè,㧜
U+39DF,kuǎi,㧟
U+39E1,hài;wèi,㧡
U+39E2,yīn,㧢
U+39E3,zhū,㧣
U+39E4,chòng,㧤
U+39E5,xiǎn,㧥
U+39E6,xuàn;hōng,㧦
U+39E8,qiú,㧨
U+39E9,pèi,㧩
U+39EA,guǐ;wěi,㧪
U+39EB,ér;ruán;ruí,㧫
U+39EC,gǒng,㧬
U+39ED,qióng,㧭
U+39EE,hū,㧮
U+39EF,lǎo,㧯
U+39F0,lì,㧰
U+39F1,chèn,㧱
U+39F2,sǎn,㧲
U+39F3,zhuò;bāi,㧳
U+39F4,wǒ;é,㧴
U+39F5,póu,㧵
U+39F6,kēng,㧶
U+39F7,tùn,㧷
U+39F8,pēng,㧸
U+39F9,tè,㧹
U+39FA,tà,㧺
U+39FB,zhuó;zú;dū,㧻
U+39FC,biào,㧼
U+39FD,gù,㧽
U+39FE,hū,㧾
U+3A00,bǐng,㨀
U+3A01,zhì;zhí,㨁
U+3A02,dǒng,㨂
U+3A03,duǐ;chéng,㨃
U+3A04,zhōu;zhào;tiáo,㨄
U+3A05,nèi;ruì,㨅
U+3A06,lǐn,㨆
U+3A07,pó,㨇
U+3A08,jǐ,㨈
U+3A09,mín;wěn,㨉
U+3A0A,wěi;tuǒ;duò,㨊
U+3A0B,chě,㨋
U+3A0C,gòu,㨌
U+3A0D,bāng,㨍
U+3A0E,rú,㨎
U+3A0F,tān,㨏
U+3A10,bǔ,㨐
U+3A11,zōng,㨑
U+3A12,kuī,㨒
U+3A13,láo,㨓
U+3A14,hàn,㨔
U+3A15,yíng,㨕
U+3A16,zhì,㨖
U+3A17,jié,㨗
U+3A18,xǐng,㨘
U+3A19,xié;xì,㨙
U+3A1A,xún;sǔn,㨚
U+3A1B,shǎn;shàn,㨛
U+3A1C,qián,㨜
U+3A1D,xiē,㨝
U+3A1E,sù,㨞
U+3A1F,hāi,㨟
U+3A20,mì,㨠
U+3A21,hún,㨡
U+3A22,pī,㨢
U+3A24,huì,㨤
U+3A25,nà,㨥
U+3A26,sǒng,㨦
U+3A27,bèn,㨧
U+3A28,chōu;liù,㨨
U+3A29,jié,㨩
U+3A2A,huàng;huǎng,㨪
U+3A2B,lǎn,㨫
U+3A2D,hù,㨭
U+3A2E,dōu,㨮
U+3A2F,huò,㨯
U+3A30,gǔn,㨰
U+3A31,yáo,㨱
U+3A32,cè,㨲
U+3A33,guǐ;jì,㨳
U+3A34,jiàn,㨴
U+3A35,jiǎn,㨵
U+3A36,dǎo,㨶
U+3A37,jìn,㨷
U+3A38,mà,㨸
U+3A39,huì;xuě,㨹
U+3A3A,miǎn;mén,㨺
U+3A3B,cán;shǎn;zàn;chàn,㨻
U+3A3C,lüè,㨼
U+3A3D,pì,㨽
U+3A3E,yàng,㨾
U+3A3F,jù,㨿
U+3A40,jù,㩀
U+3A41,què,㩁
U+3A43,qiān,㩃
U+3A44,shāi,㩄
U+3A46,jiù;zú,㩆
U+3A47,huò;zuó;huá,㩇
U+3A48,yǔn,㩈
U+3A49,dá;lā;xī;xié,㩉
U+3A4A,xuān,㩊
U+3A4B,xiāo;sù,㩋
U+3A4C,fèi,㩌
U+3A4D,cè,㩍
U+3A4E,yè,㩎
U+3A50,dèn,㩐
U+3A52,qín,㩒
U+3A53,huǐ,㩓
U+3A54,tún,㩔
U+3A56,qiáng,㩖
U+3A57,xí,㩗
U+3A58,nǐ,㩘
U+3A59,sāi,㩙
U+3A5A,méng,㩚
U+3A5B,tuán,㩛
U+3A5C,lǎn,㩜
U+3A5D,háo,㩝
U+3A5E,cì,㩞
U+3A5F,zhài,㩟
U+3A60,āo;piǎo;póu,㩠
U+3A61,luǒ,㩡
U+3A62,miè;mì,㩢
U+3A64,fū,㩤
U+3A66,xié;xī,㩦
U+3A67,bó,㩧
U+3A68,huì,㩨
U+3A69,qǐng,㩩
U+3A6A,xié,㩪
U+3A6D,bó,㩭
U+3A6E,qián,㩮
U+3A6F,pó,㩯
U+3A70,jiǎo,㩰
U+3A71,jué,㩱
U+3A72,kǔn,㩲
U+3A73,sǒng,㩳
U+3A74,jú;qú,㩴
U+3A75,è,㩵
U+3A76,niè,㩶
U+3A77,qiān,㩷
U+3A78,dié,㩸
U+3A79,dié,㩹
U+3A7B,qī;guì;guǐ,㩻
U+3A7C,zhī,㩼
U+3A7D,qí;chì;è,㩽
U+3A7E,zhuì;qí,㩾
U+3A7F,kū,㩿
U+3A80,yú,㪀
U+3A81,qín;kān;qiàn;qián,㪁
U+3A82,kū,㪂
U+3A83,hé,㪃
U+3A84,fú,㪄
U+3A85,gèng;gēng,㪅
U+3A86,dǐ,㪆
U+3A87,xiàn,㪇
U+3A88,guì,㪈
U+3A89,hé,㪉
U+3A8A,qún,㪊
U+3A8B,hàn;hě,㪋
U+3A8C,tǒng,㪌
U+3A8D,bó;bèi,㪍
U+3A8E,shǎn;nà,㪎
U+3A8F,bǐ,㪏
U+3A90,lù,㪐
U+3A91,yè,㪑
U+3A92,ní,㪒
U+3A93,chuái,㪓
U+3A94,sàn,㪔
U+3A95,diào;chuò,㪕
U+3A96,lù,㪖
U+3A97,tǒu,㪗
U+3A98,liǎn,㪘
U+3A99,kě,㪙
U+3A9A,sàn,㪚
U+3A9B,zhěn,㪛
U+3A9C,chuǎi;duǒ,㪜
U+3A9D,liàn,㪝
U+3A9E,mào,㪞
U+3AA0,qiān;qiàn;jiān,㪠
U+3AA1,kài;kě,㪡
U+3AA2,shǎo,㪢
U+3AA3,xiāo;qiāo,㪣
U+3AA4,bì,㪤
U+3AA5,zhā,㪥
U+3AA6,yìn,㪦
U+3AA7,xī,㪧
U+3AA8,shàn,㪨
U+3AA9,sù,㪩
U+3AAA,sà,㪪
U+3AAB,ruì,㪫
U+3AAC,chuō;zhuó,㪬
U+3AAD,lú,㪭
U+3AAE,líng,㪮
U+3AAF,chá,㪯
U+3AB1,huàn,㪱
U+3AB4,jiá,㪴
U+3AB5,bàn,㪵
U+3AB6,hú,㪶
U+3AB7,dǒu,㪷
U+3AB9,lǒu,㪹
U+3ABA,jū,㪺
U+3ABB,juàn,㪻
U+3ABC,kě,㪼
U+3ABD,suǒ,㪽
U+3ABE,luò;gé,㪾
U+3ABF,zhé,㪿
U+3AC0,dǐng,㫀
U+3AC1,duàn,㫁
U+3AC2,zhù,㫂
U+3AC3,yǎn,㫃
U+3AC4,páng,㫄
U+3AC5,chá,㫅
U+3ACA,yǐ;ě,㫊
U+3ACD,yóu;yǎo,㫍
U+3ACE,huī;gǔn,㫎
U+3ACF,yǎo,㫏
U+3AD0,yǎo,㫐
U+3AD1,zhǐ;shí,㫑
U+3AD2,gǒng,㫒
U+3AD3,qǐ,㫓
U+3AD4,gèn,㫔
U+3AD7,hòu,㫗
U+3AD8,mì,㫘
U+3AD9,fú,㫙
U+3ADA,hū,㫚
U+3ADB,guàng,㫛
U+3ADC,tǎn,㫜
U+3ADD,dī,㫝
U+3ADF,yán,㫟
U+3AE2,qù,㫢
U+3AE4,chǎng,㫤
U+3AE5,mǐng,㫥
U+3AE6,tāo,㫦
U+3AE7,bào,㫧
U+3AE8,ān,㫨
U+3AEB,xiǎn,㫫
U+3AEF,mào,㫯
U+3AF0,làng;lǎng,㫰
U+3AF1,nǎn;nàn,㫱
U+3AF2,bèi,㫲
U+3AF3,chén,㫳
U+3AF5,fēi,㫵
U+3AF6,zhǒu,㫶
U+3AF7,jī,㫷
U+3AF8,jiē,㫸
U+3AF9,shù,㫹
U+3AFB,kùn,㫻
U+3AFC,dié,㫼
U+3AFD,lù,㫽
U+3B02,yú,㬂
U+3B03,tái,㬃
U+3B04,chàn,㬄
U+3B05,màn,㬅
U+3B06,mǐn,㬆
U+3B07,huàn,㬇
U+3B08,wēn,㬈
U+3B09,nuǎn,㬉
U+3B0A,huàn;huǎn,㬊
U+3B0B,hóu,㬋
U+3B0C,jìng,㬌
U+3B0D,bó,㬍
U+3B0E,xiǎn,㬎
U+3B0F,lì,㬏
U+3B10,jìn;zī,㬐
U+3B12,mǎng,㬒
U+3B13,piào,㬓
U+3B14,háo,㬔
U+3B15,yáng,㬕
U+3B17,xiàn,㬗
U+3B18,sù,㬘
U+3B19,wěi,㬙
U+3B1A,chè,㬚
U+3B1B,xī,㬛
U+3B1C,jìn,㬜
U+3B1D,céng;sōng,㬝
U+3B1E,hè,㬞
U+3B1F,fēn,㬟
U+3B20,shài;shà,㬠
U+3B21,líng,㬡
U+3B23,duì,㬣
U+3B24,qī,㬤
U+3B25,pù;bó,㬥
U+3B26,yuè,㬦
U+3B27,bó,㬧
U+3B29,huì,㬩
U+3B2A,dié,㬪
U+3B2B,yàn,㬫
U+3B2C,jù,㬬
U+3B2D,jiào,㬭
U+3B2E,nàn,㬮
U+3B2F,liè,㬯
U+3B30,yú,㬰
U+3B31,tì,㬱
U+3B32,tiān,㬲
U+3B33,wǔ,㬳
U+3B34,hǒng,㬴
U+3B35,xiáo,㬵
U+3B36,hào,㬶
U+3B38,tiāo,㬸
U+3B39,zhēng,㬹
U+3B3B,huāng;hāng;huǎng,㬻
U+3B3C,fù,㬼
U+3B3F,tūn,㬿
U+3B41,réng,㭁
U+3B42,jiǎo,㭂
U+3B44,xìn,㭄
U+3B47,yuàn,㭇
U+3B48,jué,㭈
U+3B49,huá,㭉
U+3B4B,bàng,㭋
U+3B4C,móu,㭌
U+3B4E,gāng,㭎
U+3B4F,wěi,㭏
U+3B51,mèi,㭑
U+3B52,sì,㭒
U+3B53,biàn,㭓
U+3B54,lú,㭔
U+3B55,qū,㭕
U+3B58,gé;hé,㭘
U+3B59,zhé,㭙
U+3B5A,lǚ,㭚
U+3B5B,pài;bà,㭛
U+3B5C,róng,㭜
U+3B5D,qiú;òu,㭝
U+3B5E,liè,㭞
U+3B5F,gǒng,㭟
U+3B60,xiǎn,㭠
U+3B61,xì;xìn,㭡
U+3B62,xīn,㭢
U+3B64,niǎo,㭤
U+3B68,xié,㭨
U+3B69,liè,㭩
U+3B6A,fū,㭪
U+3B6B,cuó;cuán,㭫
U+3B6C,zhuó,㭬
U+3B6D,bā;bèi;biē,㭭
U+3B6E,zuò;zǎn,㭮
U+3B6F,zhé;dié,㭯
U+3B70,zuī;zuǐ,㭰
U+3B71,hé,㭱
U+3B72,jí,㭲
U+3B74,jiān,㭴
U+3B78,tú,㭸
U+3B79,xián,㭹
U+3B7A,yǎn;yàn;ān,㭺
U+3B7B,táng,㭻
U+3B7C,tà,㭼
U+3B7D,dǐ,㭽
U+3B7E,jué,㭾
U+3B7F,áng,㭿
U+3B80,hán,㮀
U+3B81,xiáo,㮁
U+3B82,jú,㮂
U+3B83,wēi;ruí,㮃
U+3B84,bǎng,㮄
U+3B85,zhuī,㮅
U+3B86,niè,㮆
U+3B87,tiàn,㮇
U+3B88,nài,㮈
U+3B8B,yǒu,㮋
U+3B8C,mián,㮌
U+3B8F,nài;nì;nà,㮏
U+3B90,shěng;sì,㮐
U+3B91,chā;qì,㮑
U+3B92,yān;yīn,㮒
U+3B93,gèn,㮓
U+3B94,chòng;tóng,㮔
U+3B95,ruǎn,㮕
U+3B96,jiá,㮖
U+3B97,qín,㮗
U+3B98,máo,㮘
U+3B99,è,㮙
U+3B9A,lì,㮚
U+3B9B,chí;yí,㮛
U+3B9C,zāng,㮜
U+3B9D,hé,㮝
U+3B9E,jié,㮞
U+3B9F,niǎn;kā,㮟
U+3BA1,guàn,㮡
U+3BA2,hóu,㮢
U+3BA3,gài,㮣
U+3BA5,bèn;fàn,㮥
U+3BA6,suǒ;sè,㮦
U+3BA7,wū;wēn,㮧
U+3BA8,jì,㮨
U+3BA9,xī,㮩
U+3BAA,qióng,㮪
U+3BAB,hé;xiá;qià,㮫
U+3BAC,wēng,㮬
U+3BAD,xián,㮭
U+3BAE,jié,㮮
U+3BAF,hún;huá,㮯
U+3BB0,pí,㮰
U+3BB1,shēn,㮱
U+3BB2,chōu,㮲
U+3BB3,zhèn,㮳
U+3BB5,zhān,㮵
U+3BB6,shuò,㮶
U+3BB7,jī,㮷
U+3BB8,sòng,㮸
U+3BB9,zhǐ,㮹
U+3BBA,běn,㮺
U+3BBE,lǎng,㮾
U+3BBF,bì,㮿
U+3BC0,xuàn,㯀
U+3BC1,péi,㯁
U+3BC2,dài,㯂
U+3BC3,qī,㯃
U+3BC4,zhī,㯄
U+3BC5,pí;bī,㯅
U+3BC6,chǎn;shàn,㯆
U+3BC7,bì,㯇
U+3BC8,sù,㯈
U+3BC9,huò,㯉
U+3BCA,hén,㯊
U+3BCB,jiǒng;yǐng,㯋
U+3BCC,chuán,㯌
U+3BCD,jiǎng,㯍
U+3BCE,nèn,㯎
U+3BCF,gǔ,㯏
U+3BD0,fǎng,㯐
U+3BD3,tà;dá,㯓
U+3BD4,cuì,㯔
U+3BD5,xī,㯕
U+3BD6,dé,㯖
U+3BD7,xián,㯗
U+3BD8,kuǎn,㯘
U+3BD9,zhé,㯙
U+3BDA,tā,㯚
U+3BDB,hú,㯛
U+3BDC,cuì,㯜
U+3BDD,lù,㯝
U+3BDE,juàn,㯞
U+3BDF,lù,㯟
U+3BE0,qiàn,㯠
U+3BE1,pào;páo,㯡
U+3BE2,zhèn,㯢
U+3BE4,lì,㯤
U+3BE5,cáo;zāo,㯥
U+3BE6,qí,㯦
U+3BE9,tì,㯩
U+3BEA,líng,㯪
U+3BEB,qú,㯫
U+3BEC,liǎn,㯬
U+3BED,lǔ,㯭
U+3BEE,shú,㯮
U+3BEF,gòng;dǎn;jù,㯯
U+3BF0,zhé,㯰
U+3BF1,pāo,㯱
U+3BF2,jìn,㯲
U+3BF3,qíng,㯳
U+3BF6,zōng,㯶
U+3BF7,pú,㯷
U+3BF8,jǐn,㯸
U+3BF9,biǎo,㯹
U+3BFA,jiàn,㯺
U+3BFB,gǔn,㯻
U+3BFD,bīn,㯽
U+3BFE,zāo,㯾
U+3BFF,liè;là,㯿
U+3C00,lí,㰀
U+3C01,luǒ,㰁
U+3C02,shěn,㰂
U+3C03,mián;miàn,㰃
U+3C04,jiàn,㰄
U+3C05,dí;zhé,㰅
U+3C06,bèi,㰆
U+3C08,liǎn,㰈
U+3C0A,xián,㰊
U+3C0B,pín,㰋
U+3C0C,què,㰌
U+3C0D,lóng,㰍
U+3C0E,zuì,㰎
U+3C10,jué,㰐
U+3C11,shān,㰑
U+3C12,xué,㰒
U+3C14,xiè,㰔
U+3C16,lǎn,㰖
U+3C17,qí,㰗
U+3C18,yí,㰘
U+3C19,nuó,㰙
U+3C1A,lí,㰚
U+3C1B,yuè,㰛
U+3C1D,yǐ,㰝
U+3C1E,chī,㰞
U+3C1F,jì;qì,㰟
U+3C20,hāng,㰠
U+3C21,xiè,㰡
U+3C22,kēng,㰢
U+3C23,zī,㰣
U+3C24,hē;qiè,㰤
U+3C25,xì;huì,㰥
U+3C26,qù,㰦
U+3C27,hāi,㰧
U+3C28,xiā,㰨
U+3C29,hāi,㰩
U+3C2A,guī,㰪
U+3C2B,chān,㰫
U+3C2C,xún,㰬
U+3C2D,xū,㰭
U+3C2E,shèn,㰮
U+3C2F,kòu;tòu;tǒu;hòu,㰯
U+3C30,xiā;qiè;hē,㰰
U+3C31,shà,㰱
U+3C32,yū;xù,㰲
U+3C33,yà;yā,㰳
U+3C34,pǒu,㰴
U+3C35,zú,㰵
U+3C36,yǒu;ǒu,㰶
U+3C37,zì,㰷
U+3C38,liǎn,㰸
U+3C39,xiān;xiàn;hǎn,㰹
U+3C3A,xià;xiá,㰺
U+3C3B,yǐ;xī;hòu,㰻
U+3C3C,shà;qiè,㰼
U+3C3D,yàn,㰽
U+3C3E,jiào,㰾
U+3C3F,xī,㰿
U+3C40,chǐ,㱀
U+3C41,shì;kuǎn,㱁
U+3C42,kāng,㱂
U+3C43,yǐn,㱃
U+3C44,hēi;mò,㱄
U+3C45,yì,㱅
U+3C46,xī,㱆
U+3C47,sè;xì,㱇
U+3C48,jìn,㱈
U+3C49,yè,㱉
U+3C4A,yōu,㱊
U+3C4B,què,㱋
U+3C4C,yé;chè,㱌
U+3C4D,luán,㱍
U+3C4E,kūn,㱎
U+3C4F,zhèng,㱏
U+3C54,xiē,㱔
U+3C56,cuì,㱖
U+3C57,xiū,㱗
U+3C58,àn,㱘
U+3C59,xiǔ;guǎ,㱙
U+3C5A,cán,㱚
U+3C5B,chuǎn;bù,㱛
U+3C5C,zhá,㱜
U+3C5E,yì;lā,㱞
U+3C5F,pī;pǐ,㱟
U+3C60,kū;gū,㱠
U+3C61,shēng,㱡
U+3C62,láng,㱢
U+3C63,tuǐ,㱣
U+3C64,xī,㱤
U+3C65,líng;lèng,㱥
U+3C66,qī,㱦
U+3C67,wò;yuǎn,㱧
U+3C68,liàn,㱨
U+3C69,dú,㱩
U+3C6A,mèn,㱪
U+3C6B,làn,㱫
U+3C6C,wěi,㱬
U+3C6D,duàn,㱭
U+3C6E,kuài,㱮
U+3C6F,ái,㱯
U+3C70,zǎi,㱰
U+3C71,huì,㱱
U+3C72,yì,㱲
U+3C73,mò,㱳
U+3C74,zì,㱴
U+3C75,fèn,㱵
U+3C76,péng;bēng,㱶
U+3C78,bì,㱸
U+3C79,lì,㱹
U+3C7A,lú,㱺
U+3C7B,luò,㱻
U+3C7C,hāi,㱼
U+3C7D,zhěn;qín,㱽
U+3C7E,gāi;kāi,㱾
U+3C7F,què;hù;qiǎng,㱿
U+3C80,zhēn;chēn,㲀
U+3C81,kōng;zhōng,㲁
U+3C82,chéng,㲂
U+3C83,jiù,㲃
U+3C84,jué;kū,㲄
U+3C85,jì,㲅
U+3C86,líng,㲆
U+3C88,sháo;táo,㲈
U+3C89,què,㲉
U+3C8A,ruì,㲊
U+3C8B,chuò,㲋
U+3C8C,nèng,㲌
U+3C8D,zhī,㲍
U+3C8E,lóu,㲎
U+3C8F,pāo,㲏
U+3C92,bào;qú,㲒
U+3C93,róng;shù,㲓
U+3C94,xiān,㲔
U+3C95,lèi,㲕
U+3C96,xiāo,㲖
U+3C97,fū,㲗
U+3C98,qú,㲘
U+3C9A,shā,㲚
U+3C9B,zhǐ,㲛
U+3C9C,tán,㲜
U+3C9D,rǒng,㲝
U+3C9E,sū;zú,㲞
U+3C9F,yǐng,㲟
U+3CA0,máo,㲠
U+3CA1,nài,㲡
U+3CA2,biàn,㲢
U+3CA4,shuāi,㲤
U+3CA5,táng,㲥
U+3CA6,hàn,㲦
U+3CA7,sào,㲧
U+3CA8,róng,㲨
U+3CAA,dēng,㲪
U+3CAB,pú,㲫
U+3CAC,jiāo,㲬
U+3CAD,tǎn,㲭
U+3CAF,rán,㲯
U+3CB0,níng,㲰
U+3CB1,liè,㲱
U+3CB2,dié,㲲
U+3CB3,dié;zhì,㲳
U+3CB4,zhòng,㲴
U+3CB6,lǜ,㲶
U+3CB7,dàn,㲷
U+3CB8,xī,㲸
U+3CB9,guǐ,㲹
U+3CBA,jí,㲺
U+3CBB,nì,㲻
U+3CBC,yì;chà,㲼
U+3CBD,niàn;rěn,㲽
U+3CBE,yǔ,㲾
U+3CBF,wǎng,㲿
U+3CC0,guò,㳀
U+3CC1,zè,㳁
U+3CC2,yán;yàn,㳂
U+3CC3,cuì,㳃
U+3CC4,xián,㳄
U+3CC5,jiǎo,㳅
U+3CC6,tǒu,㳆
U+3CC7,fù,㳇
U+3CC8,pèi,㳈
U+3CCA,yōu;zhōng,㳊
U+3CCB,qiū,㳋
U+3CCC,yā,㳌
U+3CCD,bù,㳍
U+3CCE,biàn,㳎
U+3CCF,shì,㳏
U+3CD0,zhá,㳐
U+3CD1,yì,㳑
U+3CD2,biàn,㳒
U+3CD4,duì,㳔
U+3CD5,lán,㳕
U+3CD6,yī,㳖
U+3CD7,chài;chà,㳗
U+3CD8,chōng,㳘
U+3CD9,xuàn,㳙
U+3CDA,xù,㳚
U+3CDB,yú;yóu,㳛
U+3CDC,xiū,㳜
U+3CE0,tà,㳠
U+3CE1,guō,㳡
U+3CE5,lòng,㳥
U+3CE6,xiè,㳦
U+3CE7,chè;rè,㳧
U+3CE8,jiǎn,㳨
U+3CE9,tān,㳩
U+3CEA,pì,㳪
U+3CEB,zǎn,㳫
U+3CEC,xuán,㳬
U+3CED,xián,㳭
U+3CEE,niào,㳮
U+3CF4,mì,㳴
U+3CF5,jì,㳵
U+3CF6,nǒu;rǔ,㳶
U+3CF7,hū;mǐn;wěn;tuì,㳷
U+3CF8,huā,㳸
U+3CF9,wǎng;wāng,㳹
U+3CFA,yóu,㳺
U+3CFB,zé,㳻
U+3CFC,bì;yù,㳼
U+3CFD,mǐ,㳽
U+3CFE,qiāng,㳾
U+3CFF,xiè,㳿
U+3D00,fàn;fān,㴀
U+3D01,yì,㴁
U+3D02,tān,㴂
U+3D03,lèi,㴃
U+3D04,yǒng,㴄
U+3D06,jìn,㴆
U+3D07,shè;máng,㴇
U+3D08,yìn,㴈
U+3D09,jǐ,㴉
U+3D0B,sù,㴋
U+3D0E,nài,㴎
U+3D0F,wǎng,㴏
U+3D10,miàn;miǎn,㴐
U+3D11,sù,㴑
U+3D12,yì,㴒
U+3D13,shāi,㴓
U+3D14,xī;jí;yì;sè,㴔
U+3D15,jí,㴕
U+3D16,luò,㴖
U+3D17,yōu,㴗
U+3D18,mào,㴘
U+3D19,zhǎ;zhá,㴙
U+3D1A,suì,㴚
U+3D1B,zhì,㴛
U+3D1C,biàn,㴜
U+3D1D,lí,㴝
U+3D25,qiào,㴥
U+3D26,guàn,㴦
U+3D27,xī,㴧
U+3D28,zhèn,㴨
U+3D29,yōng,㴩
U+3D2A,niè,㴪
U+3D2B,jùn;yá,㴫
U+3D2C,xiè,㴬
U+3D2D,yǎo,㴭
U+3D2E,xiè,㴮
U+3D2F,zhī,㴯
U+3D30,néng,㴰
U+3D32,sī,㴲
U+3D33,lǒng,㴳
U+3D34,chén,㴴
U+3D35,mì,㴵
U+3D36,què;hú,㴶
U+3D37,dān,㴷
U+3D38,shǎn,㴸
U+3D3C,sù,㴼
U+3D3D,xiè,㴽
U+3D3E,bó,㴾
U+3D3F,dǐng,㴿
U+3D40,zú,㵀
U+3D42,shù,㵂
U+3D43,shé,㵃
U+3D44,hàn;yù,㵄
U+3D45,tān;tàn,㵅
U+3D46,gǎo,㵆
U+3D4A,nà,㵊
U+3D4B,mì,㵋
U+3D4C,xún,㵌
U+3D4D,mèn,㵍
U+3D4E,jiàn,㵎
U+3D4F,cuǐ,㵏
U+3D50,jué,㵐
U+3D51,hè,㵑
U+3D52,fèi;pài;bì,㵒
U+3D53,shí,㵓
U+3D54,chě,㵔
U+3D55,shèn,㵕
U+3D56,nǜ,㵖
U+3D57,píng,㵗
U+3D58,màn,㵘
U+3D5D,yì,㵝
U+3D5E,chóu,㵞
U+3D60,kū,㵠
U+3D61,báo,㵡
U+3D62,léi,㵢
U+3D63,kě,㵣
U+3D64,shà,㵤
U+3D65,bì,㵥
U+3D66,suí,㵦
U+3D67,gé;yì,㵧
U+3D68,pì;bó,㵨
U+3D69,yì,㵩
U+3D6A,xián;yàn;yán,㵪
U+3D6B,nì,㵫
U+3D6C,yíng,㵬
U+3D6D,zhǔ,㵭
U+3D6E,chún,㵮
U+3D6F,féng,㵯
U+3D70,xù,㵰
U+3D71,piǎo,㵱
U+3D72,wǔ,㵲
U+3D73,liáo,㵳
U+3D74,cáng,㵴
U+3D75,zòu;jù,㵵
U+3D76,zuō,㵶
U+3D77,biàn,㵷
U+3D78,yào,㵸
U+3D79,huán;mò,㵹
U+3D7A,pài,㵺
U+3D7B,xiū,㵻
U+3D7D,lěi,㵽
U+3D7E,qìng;jìng,㵾
U+3D7F,xiào,㵿
U+3D80,jiāo,㶀
U+3D81,guó;huò,㶁
U+3D84,yán,㶄
U+3D85,xué,㶅
U+3D86,zhū;chú,㶆
U+3D87,héng,㶇
U+3D88,yíng,㶈
U+3D89,xī,㶉
U+3D8C,lián,㶌
U+3D8D,xiǎn,㶍
U+3D8E,huán,㶎
U+3D8F,yīn,㶏
U+3D91,liàn,㶑
U+3D92,shǎn;shěn;tàn,㶒
U+3D93,cáng,㶓
U+3D94,bèi,㶔
U+3D95,jiǎn,㶕
U+3D96,shù,㶖
U+3D97,fàn;fán,㶗
U+3D98,diàn,㶘
U+3D9A,bà,㶚
U+3D9B,yú,㶛
U+3D9E,nǎng,㶞
U+3D9F,lěi,㶟
U+3DA0,yì,㶠
U+3DA1,dài;huǒ,㶡
U+3DA3,chán;yín,㶣
U+3DA4,chǎo,㶤
U+3DA5,gān,㶥
U+3DA6,jìn,㶦
U+3DA7,nèn,㶧
U+3DAB,liǎo,㶫
U+3DAC,mò,㶬
U+3DAD,yǒu,㶭
U+3DAF,liù,㶯
U+3DB0,hán,㶰
U+3DB2,yòng,㶲
U+3DB3,jìn,㶳
U+3DB4,chǐ,㶴
U+3DB5,rèn,㶵
U+3DB6,nóng,㶶
U+3DB9,hòng,㶹
U+3DBA,tiàn,㶺
U+3DBC,āi;xī,㶼
U+3DBD,guā,㶽
U+3DBE,biāo,㶾
U+3DBF,bó,㶿
U+3DC0,qióng,㷀
U+3DC2,shù,㷂
U+3DC3,chuǐ,㷃
U+3DC4,huǐ,㷄
U+3DC5,chǎo,㷅
U+3DC6,fù,㷆
U+3DC7,huī;guài,㷇
U+3DC8,è,㷈
U+3DC9,wèi,㷉
U+3DCA,fén,㷊
U+3DCB,tán,㷋
U+3DCD,lún,㷍
U+3DCE,hè,㷎
U+3DCF,yǒng,㷏
U+3DD0,huǐ,㷐
U+3DD2,yú,㷒
U+3DD3,zǒng,㷓
U+3DD4,yàn,㷔
U+3DD5,qiú,㷕
U+3DD6,zhào,㷖
U+3DD7,jiǒng,㷗
U+3DD8,tái,㷘
U+3DDF,tuì,㷟
U+3DE0,lín,㷠
U+3DE1,jiǒng,㷡
U+3DE2,zhǎ,㷢
U+3DE3,xīng,㷣
U+3DE4,hù;xuè,㷤
U+3DE6,xù,㷦
U+3DEA,cuì,㷪
U+3DEB,qǐng,㷫
U+3DEC,mò,㷬
U+3DEE,zāo,㷮
U+3DEF,bèng,㷯
U+3DF0,chī;lí,㷰
U+3DF3,yàn,㷳
U+3DF4,gé,㷴
U+3DF5,mò,㷵
U+3DF6,bèi,㷶
U+3DF7,juǎn,㷷
U+3DF8,dié,㷸
U+3DF9,zhào;shào,㷹
U+3DFB,wú,㷻
U+3DFC,yàn,㷼
U+3DFE,jué,㷾
U+3DFF,xiān,㷿
U+3E00,tái,㸀
U+3E01,hǎn,㸁
U+3E03,diǎn,㸃
U+3E04,jì,㸄
U+3E05,jié;jí,㸅
U+3E06,kào,㸆
U+3E07,zuǎn,㸇
U+3E09,xiè,㸉
U+3E0A,lài;là,㸊
U+3E0B,fán,㸋
U+3E0C,huò,㸌
U+3E0D,xì,㸍
U+3E0E,niè,㸎
U+3E0F,mí,㸏
U+3E10,rán,㸐
U+3E11,cuàn,㸑
U+3E12,yín;jīng,㸒
U+3E13,mì,㸓
U+3E15,jué,㸕
U+3E16,qū,㸖
U+3E17,tóng,㸗
U+3E18,wàn,㸘
U+3E19,zhē,㸙
U+3E1A,lǐ;lì,㸚
U+3E1B,sháo,㸛
U+3E1C,kòng,㸜
U+3E1D,xiān;kǎn,㸝
U+3E1E,zhé,㸞
U+3E1F,zhī,㸟
U+3E20,tiǎo,㸠
U+3E21,shū,㸡
U+3E22,bèi,㸢
U+3E23,yè,㸣
U+3E24,piàn,㸤
U+3E25,chàn,㸥
U+3E26,hù;jià,㸦
U+3E27,kèn,㸧
U+3E28,jiū,㸨
U+3E29,ān,㸩
U+3E2A,chún,㸪
U+3E2B,qián,㸫
U+3E2C,bèi,㸬
U+3E2D,bā,㸭
U+3E2E,fén,㸮
U+3E2F,kē,㸯
U+3E30,tuó,㸰
U+3E31,tuó,㸱
U+3E32,zuó,㸲
U+3E33,líng,㸳
U+3E35,guǐ,㸵
U+3E36,yān,㸶
U+3E37,shì,㸷
U+3E38,hǒu;ǒu;kǒu,㸸
U+3E39,liè;luō,㸹
U+3E3A,shā,㸺
U+3E3B,sì,㸻
U+3E3D,bèi,㸽
U+3E3E,rèn,㸾
U+3E3F,dú,㸿
U+3E40,bó,㹀
U+3E41,liáng,㹁
U+3E42,qiǎn,㹂
U+3E43,fèi,㹃
U+3E44,jì,㹄
U+3E45,zǒng,㹅
U+3E46,huī,㹆
U+3E47,hé;jiān,㹇
U+3E48,lí,㹈
U+3E49,yuán;wán,㹉
U+3E4A,yuè,㹊
U+3E4B,xiū,㹋
U+3E4C,chǎn;shèng,㹌
U+3E4D,dí,㹍
U+3E4E,léi,㹎
U+3E4F,jǐn,㹏
U+3E50,chóng,㹐
U+3E51,sì,㹑
U+3E52,pǔ,㹒
U+3E53,yǎo,㹓
U+3E54,jiāng,㹔
U+3E55,huān,㹕
U+3E56,huàn,㹖
U+3E57,tāo,㹗
U+3E58,rù,㹘
U+3E59,wěng,㹙
U+3E5A,yíng,㹚
U+3E5B,ráo,㹛
U+3E5C,yín,㹜
U+3E5D,shì,㹝
U+3E5E,yín;yǐn;yá,㹞
U+3E5F,jué;kuài,㹟
U+3E60,tún,㹠
U+3E61,xuán,㹡
U+3E62,jiā;gā,㹢
U+3E63,zhōng,㹣
U+3E64,qiè,㹤
U+3E65,zhù,㹥
U+3E66,diāo,㹦
U+3E68,yòu,㹨
U+3E6B,yí,㹫
U+3E6C,shǐ,㹬
U+3E6D,yì,㹭
U+3E6E,mò,㹮
U+3E71,què,㹱
U+3E72,xiāo;xiào,㹲
U+3E73,wú,㹳
U+3E74,gēng,㹴
U+3E75,yǐng,㹵
U+3E76,tíng,㹶
U+3E77,shǐ,㹷
U+3E78,ní,㹸
U+3E79,gēng,㹹
U+3E7A,tà,㹺
U+3E7B,wō;wēi,㹻
U+3E7C,jú,㹼
U+3E7D,chǎn,㹽
U+3E7E,piǎo;jiào,㹾
U+3E7F,zhuó;zhào,㹿
U+3E80,hū;náo,㺀
U+3E81,nǎo,㺁
U+3E82,yán;gǎn,㺂
U+3E83,gǒu,㺃
U+3E84,yǔ;yú,㺄
U+3E85,hóu,㺅
U+3E87,sī,㺇
U+3E88,chī,㺈
U+3E89,hù,㺉
U+3E8A,yàng,㺊
U+3E8B,wēng,㺋
U+3E8C,xiàn,㺌
U+3E8D,pín,㺍
U+3E8E,róng,㺎
U+3E8F,lóu,㺏
U+3E90,lǎo;sāo,㺐
U+3E91,shān;shàn;sāo;shǎn,㺑
U+3E92,xiāo;nǎo;qiāo;xiào,㺒
U+3E93,zé,㺓
U+3E94,hài;huī,㺔
U+3E95,fán;biàn,㺕
U+3E96,hǎn,㺖
U+3E97,chān,㺗
U+3E98,zhàn,㺘
U+3E9A,tǎ,㺚
U+3E9B,zhù,㺛
U+3E9C,nóng,㺜
U+3E9D,hàn,㺝
U+3E9E,yú,㺞
U+3E9F,zhuó,㺟
U+3EA0,yòu,㺠
U+3EA1,lì,㺡
U+3EA2,huò;huō,㺢
U+3EA3,xī,㺣
U+3EA4,xiān,㺤
U+3EA5,chán,㺥
U+3EA6,lián,㺦
U+3EA8,sī,㺨
U+3EA9,jiù;qiú,㺩
U+3EAA,pú,㺪
U+3EAB,qiú,㺫
U+3EAC,gǒng,㺬
U+3EAD,zǐ,㺭
U+3EAE,yú,㺮
U+3EB1,réng,㺱
U+3EB2,niǔ,㺲
U+3EB3,méi,㺳
U+3EB4,bā,㺴
U+3EB5,jiú,㺵
U+3EB7,xù,㺷
U+3EB8,píng,㺸
U+3EB9,biàn,㺹
U+3EBA,mào,㺺
U+3EBF,yí,㺿
U+3EC0,yú,㻀
U+3EC2,píng,㻂
U+3EC3,qū,㻃
U+3EC4,bǎo,㻄
U+3EC5,huì,㻅
U+3EC9,bù,㻉
U+3ECA,máng,㻊
U+3ECB,là,㻋
U+3ECC,tú,㻌
U+3ECD,wú,㻍
U+3ECE,lì,㻎
U+3ECF,líng,㻏
U+3ED1,jì,㻑
U+3ED2,jùn,㻒
U+3ED3,zōu,㻓
U+3ED4,duǒ,㻔
U+3ED5,jué,㻕
U+3ED6,dài,㻖
U+3ED7,bèi,㻗
U+3EDD,là,㻝
U+3EDE,bīn;bān,㻞
U+3EDF,suí,㻟
U+3EE0,tú,㻠
U+3EE1,xuē;dié,㻡
U+3EE7,duò,㻧
U+3EEA,suì,㻪
U+3EEB,bì,㻫
U+3EEC,tū,㻬
U+3EED,sè,㻭
U+3EEE,càn,㻮
U+3EEF,tú,㻯
U+3EF0,miǎn,㻰
U+3EF1,jīn,㻱
U+3EF2,lǚ,㻲
U+3EF5,zhàn,㻵
U+3EF6,bǐ,㻶
U+3EF7,jí,㻷
U+3EF8,zēn,㻸
U+3EF9,xuān,㻹
U+3EFA,lì,㻺
U+3EFD,suì;xuán,㻽
U+3EFE,yōng,㻾
U+3EFF,shǔ,㻿
U+3F02,é,㼂
U+3F07,qióng,㼇
U+3F08,luó,㼈
U+3F09,zhèn,㼉
U+3F0A,tún,㼊
U+3F0B,gū;rǔ,㼋
U+3F0C,yǔ,㼌
U+3F0D,lěi,㼍
U+3F0E,bó,㼎
U+3F0F,něi,㼏
U+3F10,pián,㼐
U+3F11,liàn,㼑
U+3F12,tǎng,㼒
U+3F13,lián,㼓
U+3F14,wēn,㼔
U+3F15,dāng,㼕
U+3F16,lì,㼖
U+3F17,tíng,㼗
U+3F18,wǎ,㼘
U+3F19,zhòu,㼙
U+3F1A,gāng,㼚
U+3F1B,xíng,㼛
U+3F1C,àng,㼜
U+3F1D,fàn,㼝
U+3F1E,pèng;bèng,㼞
U+3F1F,bó,㼟
U+3F20,tuó,㼠
U+3F21,shū,㼡
U+3F22,yí,㼢
U+3F23,bó,㼣
U+3F24,qiè,㼤
U+3F25,tǒu;kǎo,㼥
U+3F26,gǒng,㼦
U+3F27,tóng,㼧
U+3F28,hán,㼨
U+3F29,chéng;shèng,㼩
U+3F2A,jié,㼪
U+3F2B,huàn;huà,㼫
U+3F2C,xìng,㼬
U+3F2D,diàn,㼭
U+3F2E,chāi;qì,㼮
U+3F2F,dòng,㼯
U+3F30,pí,㼰
U+3F31,ruǎn;jùn,㼱
U+3F32,liè,㼲
U+3F33,shěng,㼳
U+3F34,ǒu,㼴
U+3F35,dì,㼵
U+3F36,yú,㼶
U+3F37,chuán;zhuān,㼷
U+3F38,róng,㼸
U+3F39,kāng;huāng,㼹
U+3F3A,táng,㼺
U+3F3B,cóng,㼻
U+3F3C,piáo,㼼
U+3F3D,chuǎng;shuǎng,㼽
U+3F3E,lù,㼾
U+3F3F,tóng;zhòng,㼿
U+3F40,zhèng,㽀
U+3F41,lì,㽁
U+3F42,sà,㽂
U+3F43,pān,㽃
U+3F44,sī,㽄
U+3F46,dāng,㽆
U+3F47,hú,㽇
U+3F48,yì,㽈
U+3F49,xiàn,㽉
U+3F4A,xiè,㽊
U+3F4B,luó,㽋
U+3F4C,liù,㽌
U+3F4E,tán;xīn,㽎
U+3F4F,gàn,㽏
U+3F51,tán,㽑
U+3F55,yóu,㽕
U+3F56,nán,㽖
U+3F58,gǎng,㽘
U+3F59,jùn,㽙
U+3F5A,chì,㽚
U+3F5B,gōu;qú,㽛
U+3F5C,wǎn,㽜
U+3F5D,lì,㽝
U+3F5E,liú,㽞
U+3F5F,liè,㽟
U+3F60,xiá,㽠
U+3F61,bēi,㽡
U+3F62,ǎn,㽢
U+3F63,yù,㽣
U+3F64,jú,㽤
U+3F65,róu,㽥
U+3F66,xún,㽦
U+3F67,zī,㽧
U+3F68,cuó,㽨
U+3F69,càn,㽩
U+3F6A,zěng,㽪
U+3F6B,yōng,㽫
U+3F6C,fù;pì,㽬
U+3F6D,ruǎn,㽭
U+3F6F,xí,㽯
U+3F70,shù,㽰
U+3F71,jiǎo;jiū;niú,㽱
U+3F72,jiǎo;xiǔ,㽲
U+3F73,xū,㽳
U+3F74,zhàng,㽴
U+3F77,shuì,㽷
U+3F78,chén,㽸
U+3F79,fǎn;fàn,㽹
U+3F7A,jí,㽺
U+3F7B,zhī,㽻
U+3F7D,gù,㽽
U+3F7E,wù,㽾
U+3F80,qiè;qǔ,㾀
U+3F81,shù,㾁
U+3F82,hāi,㾂
U+3F83,tuó,㾃
U+3F84,dú;chóu,㾄
U+3F85,zǐ,㾅
U+3F86,rán,㾆
U+3F87,mù,㾇
U+3F88,fù,㾈
U+3F89,líng,㾉
U+3F8A,jí;cì;sè,㾊
U+3F8B,xiū;xiù,㾋
U+3F8C,xuǎn,㾌
U+3F8D,nái,㾍
U+3F8E,yā;xiā,㾎
U+3F8F,jiè;yá,㾏
U+3F90,lì,㾐
U+3F91,dá;hè;da,㾑
U+3F92,rú;rù,㾒
U+3F93,yuān,㾓
U+3F94,lǚ,㾔
U+3F95,shěn,㾕
U+3F96,lǐ,㾖
U+3F97,liàng,㾗
U+3F98,gěng,㾘
U+3F99,xìn;xì,㾙
U+3F9A,xiē,㾚
U+3F9B,qǐn,㾛
U+3F9C,qiè,㾜
U+3F9D,chè,㾝
U+3F9E,yóu,㾞
U+3F9F,bù,㾟
U+3FA0,kuáng,㾠
U+3FA1,què,㾡
U+3FA2,ài,㾢
U+3FA3,qīn,㾣
U+3FA4,qiāng,㾤
U+3FA5,chù,㾥
U+3FA6,pèi;pēi,㾦
U+3FA7,kuò;luǒ,㾧
U+3FA8,yī;qǐ;ǎi,㾨
U+3FA9,guāi,㾩
U+3FAA,shěng,㾪
U+3FAB,piān,㾫
U+3FAD,zhòu,㾭
U+3FAE,huáng,㾮
U+3FAF,huī;tuí,㾯
U+3FB0,hú,㾰
U+3FB1,bèi,㾱
U+3FB4,zhā,㾴
U+3FB5,jì,㾵
U+3FB6,gǔ,㾶
U+3FB7,xī,㾷
U+3FB8,gǎo,㾸
U+3FB9,chái;zhài;chí,㾹
U+3FBA,mà,㾺
U+3FBB,zhù;chú,㾻
U+3FBC,tuǐ,㾼
U+3FBD,zhuì;tuí,㾽
U+3FBE,xiān;lián,㾾
U+3FBF,láng,㾿
U+3FC3,zhì;dài,㿃
U+3FC4,ài,㿄
U+3FC5,xiǎn,㿅
U+3FC6,guō,㿆
U+3FC7,xí;xì,㿇
U+3FC9,tuǐ,㿉
U+3FCA,cǎn,㿊
U+3FCB,sào,㿋
U+3FCC,xiān,㿌
U+3FCD,jiè,㿍
U+3FCE,fèn;fén,㿎
U+3FCF,qún,㿏
U+3FD1,yào,㿑
U+3FD2,dǎo;zhòu;chóu,㿒
U+3FD3,jiá,㿓
U+3FD4,lěi,㿔
U+3FD5,yán,㿕
U+3FD6,lú;lù,㿖
U+3FD7,tuí,㿗
U+3FD8,yíng,㿘
U+3FD9,pì,㿙
U+3FDA,luò,㿚
U+3FDB,lì,㿛
U+3FDC,biě,㿜
U+3FDE,mào,㿞
U+3FDF,bái,㿟
U+3FE0,huàng,㿠
U+3FE2,yào,㿢
U+3FE3,hē,㿣
U+3FE4,chǔn,㿤
U+3FE5,hé,㿥
U+3FE6,nìng,㿦
U+3FE7,chóu,㿧
U+3FE8,lì,㿨
U+3FE9,tǎng,㿩
U+3FEA,huán,㿪
U+3FEB,bì,㿫
U+3FEC,bā,㿬
U+3FED,chè;lè,㿭
U+3FEE,yàng,㿮
U+3FEF,dá,㿯
U+3FF0,áo;bì,㿰
U+3FF1,xué,㿱
U+3FF3,zī,㿳
U+3FF4,dā,㿴
U+3FF5,rǎn,㿵
U+3FF6,bāng,㿶
U+3FF7,cuó;cāo,㿷
U+3FF8,wǎn;mán,㿸
U+3FF9,tà,㿹
U+3FFA,báo,㿺
U+3FFB,gān,㿻
U+3FFC,yán,㿼
U+3FFD,xī,㿽
U+3FFE,zhù,㿾
U+3FFF,yǎ,㿿
U+4000,fàn,䀀
U+4001,yòu,䀁
U+4002,ān,䀂
U+4003,tuí,䀃
U+4004,méng,䀄
U+4005,shè,䀅
U+4006,jìn,䀆
U+4007,gǔ,䀇
U+4008,jì,䀈
U+4009,qiáo,䀉
U+400A,jiǎo,䀊
U+400B,yán,䀋
U+400C,xì,䀌
U+400D,kàn,䀍
U+400E,miǎn,䀎
U+400F,xuàn;xún,䀏
U+4010,shān,䀐
U+4011,wò,䀑
U+4012,qiān,䀒
U+4013,huàn,䀓
U+4014,rèn,䀔
U+4015,zhèn,䀕
U+4016,tiān,䀖
U+4017,jué;xuè,䀗
U+4018,xié;jī,䀘
U+4019,qì,䀙
U+401A,áng,䀚
U+401B,mèi;wù;mà,䀛
U+401C,gǔ,䀜
U+401E,tāo,䀞
U+401F,fán,䀟
U+4020,jù,䀠
U+4021,chàn;diān;tàn,䀡
U+4022,shùn,䀢
U+4023,bì;mà,䀣
U+4024,mào,䀤
U+4025,shuò,䀥
U+4026,gǔ,䀦
U+4027,hǒng,䀧
U+4028,huà;guā,䀨
U+4029,luò,䀩
U+402A,háng,䀪
U+402B,jiá;tǔn,䀫
U+402C,quán,䀬
U+402D,gāi,䀭
U+402E,huāng,䀮
U+402F,bǔ,䀯
U+4030,gǔ,䀰
U+4031,fēng,䀱
U+4032,mù,䀲
U+4033,ài,䀳
U+4034,yǐng;yà;kēng,䀴
U+4035,shùn,䀵
U+4036,liàng;lǎng,䀶
U+4037,jié,䀷
U+4038,chì,䀸
U+4039,jié;zhǎ;shè;jiá;yà,䀹
U+403A,chōu;tāo,䀺
U+403B,pìng,䀻
U+403C,chēn;rèn,䀼
U+403D,yán,䀽
U+403E,dǔ,䀾
U+403F,dì,䀿
U+4041,liàng,䁁
U+4042,xiàn,䁂
U+4043,biāo,䁃
U+4044,xìng,䁄
U+4045,měng;mèng,䁅
U+4046,yè,䁆
U+4047,mì,䁇
U+4048,qì,䁈
U+4049,qì,䁉
U+404A,wò,䁊
U+404B,xiè;zhé,䁋
U+404C,yù,䁌
U+404D,qià;kān,䁍
U+404E,chéng;tíng;chēng,䁎
U+404F,yǎo,䁏
U+4050,yīng;yìng,䁐
U+4051,yáng,䁑
U+4052,jí;zí,䁒
U+4053,zōng;zǒng;jiè,䁓
U+4054,xuān;hàn,䁔
U+4055,mín,䁕
U+4056,lōu,䁖
U+4057,kǎi,䁗
U+4058,yǎo,䁘
U+4059,yǎn,䁙
U+405A,sǔn;qióng,䁚
U+405B,guì,䁛
U+405C,huàng;huǎng,䁜
U+405D,yíng;yǐng,䁝
U+405E,shěng,䁞
U+405F,chá,䁟
U+4060,lián,䁠
U+4062,xuán,䁢
U+4063,chuán,䁣
U+4064,chè;zhé;huǐ,䁤
U+4065,nì,䁥
U+4066,qù,䁦
U+4067,miáo,䁧
U+4068,huò,䁨
U+4069,yú,䁩
U+406A,zhǎn,䁪
U+406B,hú;méng,䁫
U+406C,céng,䁬
U+406D,biāo,䁭
U+406E,qián,䁮
U+406F,xī;xié,䁯
U+4070,jiǎng,䁰
U+4071,kōu,䁱
U+4072,mái,䁲
U+4073,mǎng,䁳
U+4074,zhǎn;shǎn,䁴
U+4075,biǎn;huán,䁵
U+4076,jī;jiǎo,䁶
U+4077,jué;wù,䁷
U+4078,náng;nǒng,䁸
U+4079,bì,䁹
U+407A,shì;yì,䁺
U+407B,shuò;lì,䁻
U+407C,mò,䁼
U+407D,liè,䁽
U+407E,miè,䁾
U+407F,mò,䁿
U+4080,xī,䂀
U+4081,chán,䂁
U+4082,qú,䂂
U+4083,jiào,䂃
U+4084,huò,䂄
U+4085,xiān,䂅
U+4086,xù,䂆
U+4087,niǔ,䂇
U+4088,tóng,䂈
U+4089,hóu,䂉
U+408A,yù,䂊
U+408C,chōng,䂌
U+408D,bó,䂍
U+408E,zuǎn;cuān,䂎
U+408F,diāo,䂏
U+4090,zhuō,䂐
U+4091,jī,䂑
U+4092,qià,䂒
U+4094,xìng,䂔
U+4095,huì,䂕
U+4096,shí,䂖
U+4097,kū,䂗
U+4099,duī,䂙
U+409A,yáo,䂚
U+409B,yú,䂛
U+409C,bàng,䂜
U+409D,jié,䂝
U+409E,zhè,䂞
U+409F,jiā,䂟
U+40A0,shǐ,䂠
U+40A1,dǐ,䂡
U+40A2,dǒng,䂢
U+40A3,cí,䂣
U+40A4,fù,䂤
U+40A5,mín,䂥
U+40A6,zhēn;zhěn,䂦
U+40A7,zhěn,䂧
U+40A9,yàn;qìng,䂩
U+40AA,qiǎo;diào,䂪
U+40AB,hāng;hóng,䂫
U+40AC,gǒng,䂬
U+40AD,qiāo,䂭
U+40AE,lüè,䂮
U+40AF,guài,䂯
U+40B0,là,䂰
U+40B1,ruì,䂱
U+40B2,fǎ,䂲
U+40B3,cuǒ;chǎ,䂳
U+40B4,yán,䂴
U+40B5,gōng,䂵
U+40B6,jié,䂶
U+40B7,guāi,䂷
U+40B8,guó,䂸
U+40B9,suǒ,䂹
U+40BA,wǒ;kē,䂺
U+40BB,zhèng,䂻
U+40BC,niè,䂼
U+40BD,diào,䂽
U+40BE,lǎi,䂾
U+40BF,tà,䂿
U+40C0,cuì,䃀
U+40C1,yā,䃁
U+40C2,gǔn,䃂
U+40C5,dī,䃅
U+40C7,mián,䃇
U+40C8,jiē,䃈
U+40C9,mín,䃉
U+40CA,jǔ,䃊
U+40CB,yú,䃋
U+40CC,zhēn;yīn,䃌
U+40CD,zhào,䃍
U+40CE,zhà;zhǎ,䃎
U+40CF,xīng,䃏
U+40D1,bān;pán,䃑
U+40D2,hé,䃒
U+40D3,gòu;gōu,䃓
U+40D4,hóng;qióng,䃔
U+40D5,láo;luò,䃕
U+40D6,wù,䃖
U+40D7,bō;zhuó,䃗
U+40D8,kēng,䃘
U+40D9,lù,䃙
U+40DA,cù;zú,䃚
U+40DB,lián,䃛
U+40DC,yī,䃜
U+40DD,qiào,䃝
U+40DE,shú,䃞
U+40E0,xuàn,䃠
U+40E1,jīn;qín,䃡
U+40E2,qīn,䃢
U+40E3,huǐ,䃣
U+40E4,sù,䃤
U+40E5,chuáng,䃥
U+40E6,dūn,䃦
U+40E7,lóng,䃧
U+40E9,náo,䃩
U+40EA,tán,䃪
U+40EB,dǎn,䃫
U+40EC,wěi;kuǐ;lěi,䃬
U+40ED,gǎn,䃭
U+40EE,dá,䃮
U+40EF,lì,䃯
U+40F0,cā,䃰
U+40F1,xiàn,䃱
U+40F2,pán,䃲
U+40F3,là;liè,䃳
U+40F4,zhū,䃴
U+40F5,niǎo,䃵
U+40F6,huái;guī;guài,䃶
U+40F7,yíng,䃷
U+40F8,xiàn;jīn,䃸
U+40F9,làn,䃹
U+40FA,mó,䃺
U+40FB,bà,䃻
U+40FD,guǐ;zhī;fú,䃽
U+40FE,bǐ,䃾
U+40FF,fū,䃿
U+4100,huò,䄀
U+4101,yì,䄁
U+4102,liù,䄂
U+4103,yāng,䄃
U+4104,yīn,䄄
U+4105,juàn,䄅
U+4106,huó;huàn,䄆
U+4107,chéng,䄇
U+4108,dòu;xiáng,䄈
U+4109,é,䄉
U+410B,yǎn;yàn,䄋
U+410C,zhuì;chuò,䄌
U+410D,zhà,䄍
U+410E,qǐ,䄎
U+410F,yú,䄏
U+4110,quàn,䄐
U+4111,huó,䄑
U+4112,niè,䄒
U+4113,huáng,䄓
U+4114,jǔ,䄔
U+4115,shè,䄕
U+4118,péng,䄘
U+4119,míng,䄙
U+411A,cáo,䄚
U+411B,lóu,䄛
U+411C,lí;chī,䄜
U+411D,chuāng,䄝
U+411F,cuī,䄟
U+4120,shàn,䄠
U+4121,dān,䄡
U+4122,qí,䄢
U+4124,lài;lǎn,䄤
U+4125,líng,䄥
U+4126,liǎo,䄦
U+4127,réng,䄧
U+4128,yú,䄨
U+4129,yì,䄩
U+412A,diǎo,䄪
U+412B,qǐ,䄫
U+412C,yí,䄬
U+412D,nián,䄭
U+412E,fū,䄮
U+412F,jiǎn,䄯
U+4130,yá,䄰
U+4131,fāng,䄱
U+4132,ruì,䄲
U+4133,xiān,䄳
U+4136,bì;bó,䄶
U+4137,shí,䄷
U+4138,pò,䄸
U+4139,nián,䄹
U+413A,zhì;tí,䄺
U+413B,táo;cháo;tiāo,䄻
U+413C,tiǎn,䄼
U+413D,tiǎn,䄽
U+413E,rù;rǒng,䄾
U+413F,yì,䄿
U+4140,liè,䅀
U+4141,àn,䅁
U+4142,hé,䅂
U+4143,qióng;jiòng,䅃
U+4144,lì,䅄
U+4145,guī;wā,䅅
U+4146,zì,䅆
U+4147,sù,䅇
U+4148,yuàn,䅈
U+4149,yà,䅉
U+414A,chá,䅊
U+414B,wǎn,䅋
U+414C,juān,䅌
U+414D,tǐng,䅍
U+414E,yǒu,䅎
U+414F,huì,䅏
U+4150,jiǎn,䅐
U+4151,ruí,䅑
U+4152,máng,䅒
U+4153,jǔ,䅓
U+4154,zī,䅔
U+4155,jū,䅕
U+4156,ān;ǎn;yān;yǎn;yè,䅖
U+4157,suì,䅗
U+4158,lái,䅘
U+4159,hùn,䅙
U+415A,quǎn,䅚
U+415B,chāng,䅛
U+415C,duò;chuí;tuǒ,䅜
U+415D,kōng,䅝
U+415E,nè,䅞
U+415F,cǎn,䅟
U+4160,tí,䅠
U+4161,xǔ,䅡
U+4162,jiù,䅢
U+4163,huáng,䅣
U+4164,qì,䅤
U+4165,jié;gé,䅥
U+4166,máo,䅦
U+4167,yān;yìn,䅧
U+4169,zhǐ;qí,䅩
U+416A,tuí,䅪
U+416C,ài,䅬
U+416D,páng,䅭
U+416E,càng,䅮
U+416F,táng,䅯
U+4170,ěn,䅰
U+4171,hùn,䅱
U+4172,qí,䅲
U+4173,chú;zōu,䅳
U+4174,suǒ,䅴
U+4175,zhuó,䅵
U+4176,nòu,䅶
U+4177,tú;chú,䅷
U+4178,shēn;zú,䅸
U+4179,lǒu,䅹
U+417A,biāo;miǎo,䅺
U+417B,lí,䅻
U+417C,mán;màn,䅼
U+417D,xīn;gǔ,䅽
U+417E,cén;qián,䅾
U+417F,huá;huáng,䅿
U+4180,měi,䆀
U+4181,gāo,䆁
U+4182,lián,䆂
U+4183,dào,䆃
U+4184,zhǎn,䆄
U+4185,zī,䆅
U+4188,zhì,䆈
U+4189,bà,䆉
U+418A,cuì;mèi,䆊
U+418B,qiū,䆋
U+418D,lóng,䆍
U+418E,xiān,䆎
U+418F,fèi;fèn,䆏
U+4190,guó,䆐
U+4191,chéng,䆑
U+4192,jiù,䆒
U+4193,è;ruǎn,䆓
U+4194,chōng,䆔
U+4195,yuè,䆕
U+4196,hóng,䆖
U+4197,yǎo,䆗
U+4198,yā;zā,䆘
U+4199,yáo,䆙
U+419A,tóng;dòng,䆚
U+419B,zhà,䆛
U+419C,yòu,䆜
U+419D,xuè;zhú,䆝
U+419E,yǎo,䆞
U+419F,kè;āo,䆟
U+41A0,huàn,䆠
U+41A1,láng,䆡
U+41A2,yuè,䆢
U+41A3,chén,䆣
U+41A6,shèn,䆦
U+41A8,níng,䆨
U+41A9,míng,䆩
U+41AA,hōng,䆪
U+41AB,chuāng,䆫
U+41AC,yǔn,䆬
U+41AD,xuān,䆭
U+41AE,jìn,䆮
U+41AF,zhuó,䆯
U+41B0,yū,䆰
U+41B1,tān,䆱
U+41B2,kāng,䆲
U+41B3,qióng,䆳
U+41B5,chéng,䆵
U+41B6,jiū,䆶
U+41B7,xuè,䆷
U+41B8,zhēng,䆸
U+41B9,chōng;tǒng,䆹
U+41BA,pān,䆺
U+41BB,qiào,䆻
U+41BD,qú,䆽
U+41BE,lán;làn,䆾
U+41BF,yì,䆿
U+41C0,róng,䇀
U+41C1,sī,䇁
U+41C2,qiān,䇂
U+41C3,sì,䇃
U+41C5,fá,䇅
U+41C7,méng,䇇
U+41C8,huà,䇈
U+41CB,hài,䇋
U+41CC,qiào,䇌
U+41CD,chù;qì,䇍
U+41CE,què,䇎
U+41CF,duì,䇏
U+41D0,lì,䇐
U+41D1,bà;pī,䇑
U+41D2,jiè,䇒
U+41D3,xū,䇓
U+41D4,luò;nuò,䇔
U+41D6,yǔn,䇖
U+41D7,zhōng,䇗
U+41D8,hù,䇘
U+41D9,yǐn,䇙
U+41DB,zhǐ,䇛
U+41DC,qiǎn;qiàn,䇜
U+41DE,gān;gǎn,䇞
U+41DF,jiàn,䇟
U+41E0,zhù,䇠
U+41E1,zhù,䇡
U+41E2,kǔ;gù,䇢
U+41E3,niè,䇣
U+41E4,ruì,䇤
U+41E5,zé,䇥
U+41E6,ǎng;yīng,䇦
U+41E7,zhì;jī,䇧
U+41E8,gòng;xiáng,䇨
U+41E9,yì;yè,䇩
U+41EA,chī,䇪
U+41EB,jī,䇫
U+41EC,zhū;shū;chuǎng,䇬
U+41ED,lǎo,䇭
U+41EE,rèn,䇮
U+41EF,róng,䇯
U+41F0,zhēng,䇰
U+41F1,nà,䇱
U+41F2,cè;jiā,䇲
U+41F5,yí,䇵
U+41F6,jué;wò,䇶
U+41F7,bié,䇷
U+41F8,chéng;tīng,䇸
U+41F9,jùn,䇹
U+41FA,dòu,䇺
U+41FB,wěi,䇻
U+41FC,yì,䇼
U+41FD,zhé;zhì,䇽
U+41FE,yán,䇾
U+4200,sān,䈀
U+4201,lún,䈁
U+4202,píng,䈂
U+4203,zhǎo,䈃
U+4204,hán,䈄
U+4205,yù,䈅
U+4206,dài,䈆
U+4207,zhào,䈇
U+4208,féi;bā,䈈
U+4209,shà;qiè,䈉
U+420A,líng,䈊
U+420B,tà,䈋
U+420C,qū,䈌
U+420D,máng;méng,䈍
U+420E,yè,䈎
U+420F,báo;fú,䈏
U+4210,guì,䈐
U+4211,guǎ,䈑
U+4212,nǎn;lǎn,䈒
U+4213,gé;qià,䈓
U+4215,shí;tí;jī;yí,䈕
U+4216,kē,䈖
U+4217,suǒ,䈗
U+4218,cí,䈘
U+4219,zhòu,䈙
U+421A,tái,䈚
U+421B,kuài,䈛
U+421C,qìn,䈜
U+421D,xū,䈝
U+421E,dǔ,䈞
U+421F,cè;zhá,䈟
U+4220,huǎn;yuàn,䈠
U+4221,cōng;sōng,䈡
U+4222,sǎi;xǐ,䈢
U+4223,zhèng,䈣
U+4224,qián,䈤
U+4225,jīn,䈥
U+4226,zōng,䈦
U+4227,wěi,䈧
U+422A,xì,䈪
U+422B,nà,䈫
U+422C,pú,䈬
U+422D,sōu;huái,䈭
U+422E,jù,䈮
U+422F,zhēn,䈯
U+4230,shāo,䈰
U+4231,tāo,䈱
U+4232,bān;pán,䈲
U+4233,tà,䈳
U+4234,qiàn,䈴
U+4235,wēng,䈵
U+4236,róng,䈶
U+4237,luò,䈷
U+4238,hú,䈸
U+4239,sǒu,䈹
U+423A,zhōng,䈺
U+423B,pú,䈻
U+423C,miè;mì,䈼
U+423D,jīn,䈽
U+423E,shāo;shuò,䈾
U+423F,mì,䈿
U+4240,shù,䉀
U+4241,líng,䉁
U+4242,lěi,䉂
U+4243,jiǎng,䉃
U+4244,léng,䉄
U+4245,zhì,䉅
U+4246,diǎo,䉆
U+4248,sǎn,䉈
U+4249,gū;hú,䉉
U+424A,fàn,䉊
U+424B,mèi,䉋
U+424C,suì,䉌
U+424D,jiǎn,䉍
U+424E,táng,䉎
U+424F,xiè,䉏
U+4250,kū,䉐
U+4251,wú,䉑
U+4252,fán,䉒
U+4253,luò,䉓
U+4254,cān,䉔
U+4255,céng,䉕
U+4256,líng,䉖
U+4257,yī,䉗
U+4258,cóng,䉘
U+4259,yún,䉙
U+425A,méng,䉚
U+425B,yù;ǎo,䉛
U+425C,zhì,䉜
U+425D,yǐ,䉝
U+425E,dǎn,䉞
U+425F,huò,䉟
U+4260,wéi,䉠
U+4261,tán,䉡
U+4262,sè,䉢
U+4263,xiè,䉣
U+4264,sǒu,䉤
U+4265,sǒng,䉥
U+4266,qiān,䉦
U+4267,liú;liǔ,䉧
U+4268,yì,䉨
U+426A,lèi,䉪
U+426B,lí,䉫
U+426C,fèi,䉬
U+426D,liè,䉭
U+426E,lìn,䉮
U+426F,xiàn,䉯
U+4270,xiào;jiǎo,䉰
U+4271,ōu,䉱
U+4272,mí,䉲
U+4273,xiān;xiǎn,䉳
U+4274,ráng,䉴
U+4275,zhuàn;zuǎn,䉵
U+4276,shuāng,䉶
U+4277,yán,䉷
U+4278,biàn,䉸
U+4279,líng,䉹
U+427A,hóng,䉺
U+427B,qí,䉻
U+427C,liào,䉼
U+427D,bǎn,䉽
U+427E,bì,䉾
U+427F,hú,䉿
U+4280,hú,䊀
U+4282,cè;sè,䊂
U+4283,pèi,䊃
U+4284,qióng,䊄
U+4285,míng,䊅
U+4286,jiù;qiǔ,䊆
U+4287,bù,䊇
U+4288,méi,䊈
U+4289,sǎn,䊉
U+428A,wèi,䊊
U+428D,lí,䊍
U+428E,quǎn;qún,䊎
U+4290,hún,䊐
U+4291,xiǎng,䊑
U+4293,shì,䊓
U+4294,yíng,䊔
U+4296,nǎn,䊖
U+4297,huáng,䊗
U+4298,jiù,䊘
U+4299,yān,䊙
U+429B,sà,䊛
U+429C,tuán,䊜
U+429D,xiè,䊝
U+429E,zhé;chè,䊞
U+429F,mén,䊟
U+42A0,xì,䊠
U+42A1,mán,䊡
U+42A3,huáng,䊣
U+42A4,tán;dàn,䊤
U+42A5,xiào,䊥
U+42A6,yè,䊦
U+42A7,bì,䊧
U+42A8,luó,䊨
U+42A9,fán,䊩
U+42AA,lì,䊪
U+42AB,cuǐ,䊫
U+42AC,chuā,䊬
U+42AD,dào;chóu,䊭
U+42AE,dí,䊮
U+42AF,kuàng,䊯
U+42B0,chú,䊰
U+42B1,xiān,䊱
U+42B2,chàn;chǎn,䊲
U+42B3,mí;mó,䊳
U+42B4,qiàn,䊴
U+42B5,qiú,䊵
U+42B6,zhèn,䊶
U+42BA,hù,䊺
U+42BB,gān,䊻
U+42BC,chǐ,䊼
U+42BD,guài;jué,䊽
U+42BE,mù,䊾
U+42BF,bó,䊿
U+42C0,huà,䋀
U+42C1,gěng,䋁
U+42C2,yáo,䋂
U+42C3,mào,䋃
U+42C4,wǎng,䋄
U+42C8,rú;nǎ,䋈
U+42C9,xué,䋉
U+42CA,zhēng,䋊
U+42CB,mín,䋋
U+42CC,jiǎng,䋌
U+42CE,zhàn,䋎
U+42CF,zuó;zhà,䋏
U+42D0,yuè,䋐
U+42D1,liè,䋑
U+42D3,zhòu,䋓
U+42D4,bì,䋔
U+42D5,rèn,䋕
U+42D6,yù,䋖
U+42D8,chuò,䋘
U+42D9,ěr,䋙
U+42DA,yì,䋚
U+42DB,mǐ,䋛
U+42DC,qìng,䋜
U+42DE,wǎng,䋞
U+42DF,jì,䋟
U+42E0,bǔ,䋠
U+42E2,biē,䋢
U+42E3,fán;pó,䋣
U+42E4,yuè,䋤
U+42E5,lí,䋥
U+42E6,fán,䋦
U+42E7,qú,䋧
U+42E8,fǔ,䋨
U+42E9,ér,䋩
U+42EA,ē,䋪
U+42EB,zhēng,䋫
U+42EC,tiān,䋬
U+42ED,yù,䋭
U+42EE,jìn,䋮
U+42EF,qǐ,䋯
U+42F0,jú,䋰
U+42F1,lái,䋱
U+42F2,chě,䋲
U+42F3,běi,䋳
U+42F4,niù,䋴
U+42F5,yì;yè,䋵
U+42F6,xǔ;xié,䋶
U+42F7,móu,䋷
U+42F8,xún,䋸
U+42F9,fú,䋹
U+42FB,nín,䋻
U+42FC,tīng;yíng,䋼
U+42FD,běng,䋽
U+42FE,zhǎ;nà,䋾
U+42FF,wēi,䋿
U+4300,kē,䌀
U+4301,yāo,䌁
U+4302,òu,䌂
U+4303,xiāo;shuò,䌃
U+4304,gěng,䌄
U+4305,táng,䌅
U+4306,guì,䌆
U+4307,huì,䌇
U+4308,tā;tà,䌈
U+430A,yáo,䌊
U+430B,dā,䌋
U+430C,qì,䌌
U+430D,jǐn,䌍
U+430E,lüè,䌎
U+430F,mì,䌏
U+4310,mì,䌐
U+4311,jiān,䌑
U+4312,lù,䌒
U+4313,fán,䌓
U+4314,ōu,䌔
U+4315,mí,䌕
U+4316,jié,䌖
U+4317,fǔ,䌗
U+4318,biè;bì,䌘
U+4319,huàng,䌙
U+431A,sū,䌚
U+431B,yáo,䌛
U+431C,niè,䌜
U+431D,jīn;jìn,䌝
U+431E,liǎn,䌞
U+431F,bó;bì,䌟
U+4320,jiān,䌠
U+4321,tǐ,䌡
U+4322,líng,䌢
U+4323,zuǎn,䌣
U+4324,shī;zhǐ,䌤
U+4325,yǐn,䌥
U+4326,dào,䌦
U+4327,chóu,䌧
U+4328,cā;cài,䌨
U+4329,miè,䌩
U+432A,yǎn,䌪
U+432B,lǎn,䌫
U+432C,chóng,䌬
U+432D,jiāo,䌭
U+432E,shuāng,䌮
U+432F,quān;quán;guàn,䌯
U+4330,niè,䌰
U+4331,luò,䌱
U+4333,shī,䌳
U+4334,luò,䌴
U+4335,zhú,䌵
U+4337,chōu;chóu,䌷
U+4338,juàn,䌸
U+4339,jiǒng,䌹
U+433A,ěr,䌺
U+433B,yì,䌻
U+433C,ruì,䌼
U+433D,cǎi,䌽
U+433E,rén,䌾
U+433F,fú,䌿
U+4340,lán,䍀
U+4341,suì,䍁
U+4342,yú,䍂
U+4343,yóu,䍃
U+4344,diǎn,䍄
U+4345,líng,䍅
U+4346,zhù,䍆
U+4347,tà,䍇
U+4348,píng,䍈
U+4349,zhǎi,䍉
U+434A,jiāo,䍊
U+434B,chuí,䍋
U+434C,bù,䍌
U+434D,kòu,䍍
U+434E,cùn;xiǎn,䍎
U+4350,hǎn,䍐
U+4351,hǎn,䍑
U+4352,mǒu,䍒
U+4353,hù,䍓
U+4354,gōng,䍔
U+4355,dī;dǐ,䍕
U+4356,fú,䍖
U+4357,xuàn,䍗
U+4358,mí,䍘
U+4359,méi;mǒu,䍙
U+435A,làng,䍚
U+435B,gù,䍛
U+435C,zhào,䍜
U+435D,tà,䍝
U+435E,yù,䍞
U+435F,zòng,䍟
U+4360,lí,䍠
U+4361,lù,䍡
U+4362,wú,䍢
U+4363,léi,䍣
U+4364,jǐ,䍤
U+4365,lì,䍥
U+4366,lí,䍦
U+4368,pō;fèi,䍨
U+4369,yǎng,䍩
U+436A,wà,䍪
U+436B,tuó,䍫
U+436C,pēng,䍬
U+436E,zhào,䍮
U+436F,guǐ,䍯
U+4371,xú,䍱
U+4372,nái,䍲
U+4373,què;jué;chuò,䍳
U+4374,wěi,䍴
U+4375,zhēng,䍵
U+4376,dōng,䍶
U+4377,wěi,䍷
U+4378,bó,䍸
U+437A,huàn,䍺
U+437B,xuàn,䍻
U+437C,zān;cán,䍼
U+437D,lì,䍽
U+437E,yǎn,䍾
U+437F,huáng,䍿
U+4380,xuè,䎀
U+4381,hú,䎁
U+4382,bǎo,䎂
U+4383,rǎn,䎃
U+4384,xiāo;tiáo,䎄
U+4385,pò,䎅
U+4386,liào,䎆
U+4387,zhōu,䎇
U+4388,yì,䎈
U+4389,xù,䎉
U+438A,luò;pò,䎊
U+438B,kào,䎋
U+438C,chù,䎌
U+438E,nà,䎎
U+438F,hán,䎏
U+4390,chǎo,䎐
U+4391,lù,䎑
U+4392,zhǎn,䎒
U+4393,tà,䎓
U+4394,fū,䎔
U+4395,hōng,䎕
U+4396,zēng,䎖
U+4397,qiáo,䎗
U+4398,sù,䎘
U+4399,pīn,䎙
U+439A,guàn,䎚
U+439C,hūn,䎜
U+439D,chú,䎝
U+439F,ér,䎟
U+43A0,ér;nuò,䎠
U+43A1,ruǎn,䎡
U+43A2,qǐ,䎢
U+43A3,sì,䎣
U+43A4,jú,䎤
U+43A6,yǎn,䎦
U+43A7,bàng;póu,䎧
U+43A8,yè;àn,䎨
U+43A9,zī,䎩
U+43AA,nè,䎪
U+43AB,chuàng,䎫
U+43AC,bà,䎬
U+43AD,cāo,䎭
U+43AE,tì,䎮
U+43AF,hàn;hǎn,䎯
U+43B0,zuó,䎰
U+43B1,bà;bēi,䎱
U+43B2,zhé,䎲
U+43B3,wà,䎳
U+43B4,gēng;shèng,䎴
U+43B5,bì,䎵
U+43B6,èr,䎶
U+43B7,zhù,䎷
U+43B8,wù,䎸
U+43B9,wén,䎹
U+43BA,zhì,䎺
U+43BB,zhòu,䎻
U+43BC,lù,䎼
U+43BD,wén,䎽
U+43BE,gǔn,䎾
U+43BF,qiú,䎿
U+43C0,là,䏀
U+43C1,zǎi,䏁
U+43C2,sǒu,䏂
U+43C3,mián;míng,䏃
U+43C4,dǐ;zhì,䏄
U+43C5,qì,䏅
U+43C6,cáo,䏆
U+43C7,piào,䏇
U+43C8,lián;luán,䏈
U+43C9,shī,䏉
U+43CA,lóng,䏊
U+43CB,sù,䏋
U+43CC,qì;yì,䏌
U+43CD,yuàn;yuān,䏍
U+43CE,féng,䏎
U+43CF,xū,䏏
U+43D0,jué,䏐
U+43D1,dì,䏑
U+43D2,piàn;pàn,䏒
U+43D3,guǎn,䏓
U+43D4,niǔ;zhǒu;ròu;nǜ,䏔
U+43D5,rèn,䏕
U+43D6,zhèn;yǐn,䏖
U+43D7,gài,䏗
U+43D8,pì,䏘
U+43D9,tǎn;dàn;zhuàn,䏙
U+43DA,chǎo;miǎo,䏚
U+43DB,chǔn,䏛
U+43DC,hē,䏜
U+43DD,zhuān,䏝
U+43DE,mò,䏞
U+43DF,bié;bì,䏟
U+43E0,qì;lā,䏠
U+43E1,shì,䏡
U+43E2,bǐ,䏢
U+43E3,jué,䏣
U+43E4,sì,䏤
U+43E6,guā;tián,䏦
U+43E7,nà;ná;chǐ,䏧
U+43E8,huǐ;duī,䏨
U+43E9,xī,䏩
U+43EA,èr,䏪
U+43EB,xiū,䏫
U+43EC,móu,䏬
U+43EE,xí,䏮
U+43EF,zhì,䏯
U+43F0,rùn,䏰
U+43F1,jú,䏱
U+43F2,dié;tī,䏲
U+43F3,zhè,䏳
U+43F4,shào,䏴
U+43F5,měng;mǎng;máng,䏵
U+43F6,bì,䏶
U+43F7,hàn,䏷
U+43F8,yú,䏸
U+43F9,xiàn;chēn,䏹
U+43FA,pāng,䏺
U+43FB,néng,䏻
U+43FC,cán;zhàn,䏼
U+43FD,bù;péi,䏽
U+43FF,qǐ,䏿
U+4400,jì,䐀
U+4401,zhuó;dū,䐁
U+4402,lù,䐂
U+4403,jùn;zhūn,䐃
U+4404,xiàn;hàn,䐄
U+4405,xī,䐅
U+4406,cǎi,䐆
U+4407,wěn;chún,䐇
U+4408,zhí,䐈
U+4409,zì;nǎo,䐉
U+440A,kūn;hún;hùn,䐊
U+440B,cōng,䐋
U+440C,tiǎn,䐌
U+440D,chù,䐍
U+440E,dī,䐎
U+440F,chǔn;shǔn,䐏
U+4410,qiū,䐐
U+4411,zhé,䐑
U+4412,zhā,䐒
U+4413,róu,䐓
U+4414,bǐn;biàn,䐔
U+4415,jí,䐕
U+4416,xī,䐖
U+4417,zhū;dǔ,䐗
U+4418,jué,䐘
U+4419,gé,䐙
U+441A,jī,䐚
U+441B,dā,䐛
U+441C,chēn,䐜
U+441D,suò,䐝
U+441E,ruò,䐞
U+441F,xiǎng;gōu,䐟
U+4420,huǎng,䐠
U+4421,qí,䐡
U+4422,zhù;zhòu;chù,䐢
U+4423,sǔn,䐣
U+4424,chāi;cuó,䐤
U+4425,wěng,䐥
U+4426,kē,䐦
U+4427,kào;hè,䐧
U+4428,gǔ;què,䐨
U+4429,gāi;guī;kǎi,䐩
U+442A,fàn,䐪
U+442B,cōng,䐫
U+442C,cáo,䐬
U+442D,zhì;dì,䐭
U+442E,chǎn,䐮
U+442F,léi;lěi,䐯
U+4430,xiū,䐰
U+4431,zhài,䐱
U+4432,zhé,䐲
U+4433,yú,䐳
U+4434,guì,䐴
U+4435,gōng;huáng,䐵
U+4436,zān;jǐn;qián,䐶
U+4437,dān,䐷
U+4438,huò;guó,䐸
U+4439,sōu;sào;xiào,䐹
U+443A,tàn;tán,䐺
U+443B,gū,䐻
U+443C,xì,䐼
U+443D,mán,䐽
U+443E,duó,䐾
U+443F,ào;ǎo,䐿
U+4440,pì;pǐ,䑀
U+4441,wù,䑁
U+4442,ǎi,䑂
U+4443,méng,䑃
U+4444,pì;yì,䑄
U+4445,méng,䑅
U+4446,yǎng,䑆
U+4447,zhì,䑇
U+4448,bó,䑈
U+4449,yíng,䑉
U+444A,wéi;wèi,䑊
U+444B,rǎng,䑋
U+444C,lán;làn,䑌
U+444D,yān;yàn;yǐng,䑍
U+444E,chǎn,䑎
U+444F,quán;huān,䑏
U+4450,zhěn,䑐
U+4451,pú,䑑
U+4453,tái,䑓
U+4454,fèi,䑔
U+4455,shǔ,䑕
U+4457,dàng,䑗
U+4458,cuó,䑘
U+4459,tān;rán;tiàn,䑙
U+445A,tián,䑚
U+445B,chǐ,䑛
U+445C,tà;tiè,䑜
U+445D,jiǎ,䑝
U+445E,shùn,䑞
U+445F,huáng,䑟
U+4460,liǎo,䑠
U+4463,chēn,䑣
U+4464,jìn,䑤
U+4465,è;sà,䑥
U+4466,gōu,䑦
U+4467,fú,䑧
U+4468,duò,䑨
U+446A,è,䑪
U+446B,bēng,䑫
U+446C,tāo;yào;tiāo,䑬
U+446D,dì,䑭
U+446F,dì,䑯
U+4470,bù,䑰
U+4471,wǎn,䑱
U+4472,zhào,䑲
U+4473,lún,䑳
U+4474,qí,䑴
U+4475,mù,䑵
U+4476,qiàn,䑶
U+4478,zōng,䑸
U+4479,sōu;sāo,䑹
U+447B,yóu,䑻
U+447C,zhōu,䑼
U+447D,tà,䑽
U+447F,sù,䑿
U+4480,bù,䒀
U+4481,xí,䒁
U+4482,jiǎng,䒂
U+4483,cào,䒃
U+4484,fù,䒄
U+4485,téng,䒅
U+4486,chè,䒆
U+4487,fù,䒇
U+4488,fèi,䒈
U+4489,wǔ,䒉
U+448A,xī,䒊
U+448B,yǎng,䒋
U+448C,mìng,䒌
U+448D,pǎng,䒍
U+448E,mǎng,䒎
U+448F,sēng,䒏
U+4490,méng;mèng,䒐
U+4491,cǎo,䒑
U+4492,tiáo,䒒
U+4493,kǎi,䒓
U+4494,bài,䒔
U+4495,xiǎo,䒕
U+4496,xìn,䒖
U+4497,qì,䒗
U+449A,shǎo,䒚
U+449B,huàn,䒛
U+449C,niú,䒜
U+449D,xiáo,䒝
U+449E,chén;yín,䒞
U+449F,dān,䒟
U+44A0,fēng;xiá,䒠
U+44A1,yǐn,䒡
U+44A2,áng,䒢
U+44A3,rǎn,䒣
U+44A4,rì,䒤
U+44A5,mán,䒥
U+44A6,fàn,䒦
U+44A7,qū;qù,䒧
U+44A8,shǐ;sì,䒨
U+44A9,hé,䒩
U+44AA,biàn,䒪
U+44AB,dài,䒫
U+44AC,mò,䒬
U+44AD,děng,䒭
U+44B0,kuāng,䒰
U+44B2,chà,䒲
U+44B3,duǒ,䒳
U+44B4,yǒu,䒴
U+44B5,hào,䒵
U+44B7,guā,䒷
U+44B8,xuè,䒸
U+44B9,lèi,䒹
U+44BA,jǐn,䒺
U+44BB,qǐ,䒻
U+44BC,qū,䒼
U+44BD,wǎng,䒽
U+44BE,yī,䒾
U+44BF,liáo,䒿
U+44C2,yán,䓂
U+44C3,yì,䓃
U+44C4,yín,䓄
U+44C5,qí,䓅
U+44C6,zhé,䓆
U+44C7,xì;hè;kè,䓇
U+44C8,yì,䓈
U+44C9,yé;yē,䓉
U+44CA,wú;yú,䓊
U+44CB,zhī,䓋
U+44CC,zhì,䓌
U+44CD,hǎn,䓍
U+44CE,chuò,䓎
U+44CF,fū,䓏
U+44D0,chún,䓐
U+44D1,píng,䓑
U+44D2,kuǎi,䓒
U+44D3,chóu,䓓
U+44D5,tuǒ,䓕
U+44D6,qióng,䓖
U+44D7,cōng,䓗
U+44D8,gāo;jiù,䓘
U+44D9,kuā;guāi,䓙
U+44DA,qū;cú,䓚
U+44DB,qū,䓛
U+44DC,zhī,䓜
U+44DD,mèng,䓝
U+44DE,lì,䓞
U+44DF,zhōu;liè,䓟
U+44E0,tà,䓠
U+44E1,zhī,䓡
U+44E2,gù,䓢
U+44E3,liǎng,䓣
U+44E4,hū,䓤
U+44E5,là,䓥
U+44E6,diǎn,䓦
U+44E7,cì,䓧
U+44E8,yīng,䓨
U+44EB,qí,䓫
U+44EC,zhuó,䓬
U+44ED,chà,䓭
U+44EE,mào,䓮
U+44EF,dú,䓯
U+44F0,yīn,䓰
U+44F1,chái;zuī,䓱
U+44F2,ruì,䓲
U+44F3,hěn;xié,䓳
U+44F4,ruǎn,䓴
U+44F5,fū,䓵
U+44F6,lài,䓶
U+44F7,xìng,䓷
U+44F8,jiān,䓸
U+44F9,yì,䓹
U+44FA,měi,䓺
U+44FC,máng;hè,䓼
U+44FD,jì,䓽
U+44FE,suō,䓾
U+44FF,hàn,䓿
U+4501,lì,䔁
U+4502,zǐ;zǎi,䔂
U+4503,zǔ,䔃
U+4504,yáo;yào,䔄
U+4505,gē,䔅
U+4506,lí,䔆
U+4507,qǐ;ái,䔇
U+4508,gòng,䔈
U+4509,lì;suàn,䔉
U+450A,bīng,䔊
U+450B,suō,䔋
U+450E,sù,䔎
U+450F,chòu,䔏
U+4510,jiān,䔐
U+4511,xié;yé;tú,䔑
U+4512,bèi,䔒
U+4513,xǔ,䔓
U+4514,jìng,䔔
U+4515,pú,䔕
U+4516,líng,䔖
U+4517,xiáng,䔗
U+4518,zuò,䔘
U+4519,diào,䔙
U+451A,chún,䔚
U+451B,qǐng,䔛
U+451C,nán,䔜
U+451D,zhāi,䔝
U+451E,lǜ,䔞
U+451F,yí,䔟
U+4520,shǎo;shāo;shuò,䔠
U+4521,yú,䔡
U+4522,huá,䔢
U+4523,lí,䔣
U+4524,pā,䔤
U+4527,lí,䔧
U+452A,shuǎng,䔪
U+452C,yì,䔬
U+452D,nìng,䔭
U+452E,sī,䔮
U+452F,kù,䔯
U+4530,fù,䔰
U+4531,yī,䔱
U+4532,dēng;chéng,䔲
U+4533,rán,䔳
U+4534,cè;cuì;chuà,䔴
U+4536,tí;tái,䔶
U+4537,qín,䔷
U+4538,biǎo;biāo,䔸
U+4539,suì,䔹
U+453A,wéi;wěi,䔺
U+453B,dūn;duī,䔻
U+453C,sè;zé,䔼
U+453D,ài,䔽
U+453E,qì;è,䔾
U+453F,zǔn,䔿
U+4540,kuǎn,䕀
U+4541,fěi,䕁
U+4543,yìn,䕃
U+4545,sǎo,䕅
U+4546,dòu,䕆
U+4547,huì,䕇
U+4548,xiè,䕈
U+4549,zé,䕉
U+454A,tán,䕊
U+454B,táng,䕋
U+454C,zhì,䕌
U+454D,yì,䕍
U+454E,fú,䕎
U+454F,é,䕏
U+4551,jùn,䕑
U+4552,jiā,䕒
U+4553,chá;chuì,䕓
U+4554,xián,䕔
U+4555,màn,䕕
U+4557,bì,䕗
U+4558,líng;lǐng,䕘
U+4559,jié,䕙
U+455A,kuì,䕚
U+455B,jiá,䕛
U+455D,chēng,䕝
U+455E,làng,䕞
U+455F,xīng,䕟
U+4560,fèi,䕠
U+4561,lǘ,䕡
U+4562,zhǎ,䕢
U+4563,hé,䕣
U+4564,jī,䕤
U+4565,nǐ,䕥
U+4566,yíng,䕦
U+4567,xiào;jiǎo,䕧
U+4568,téng,䕨
U+4569,lǎo,䕩
U+456A,zé,䕪
U+456B,kuí,䕫
U+456D,qián;xián,䕭
U+456E,jú;qū,䕮
U+456F,piáo,䕯
U+4570,fán,䕰
U+4571,tóu,䕱
U+4572,lǐn,䕲
U+4573,mí,䕳
U+4574,zhuó,䕴
U+4575,xié,䕵
U+4576,hù,䕶
U+4577,mí,䕷
U+4578,jiē,䕸
U+4579,zá,䕹
U+457A,cóng,䕺
U+457B,lì,䕻
U+457C,rán,䕼
U+457D,zhú,䕽
U+457E,yín;yán,䕾
U+457F,hàn,䕿
U+4581,yì,䖁
U+4582,luán,䖂
U+4583,yuè;lǎ,䖃
U+4584,rán,䖄
U+4585,líng,䖅
U+4586,niàng,䖆
U+4587,yù,䖇
U+4588,nüè,䖈
U+458A,yì,䖊
U+458B,nüè,䖋
U+458C,yì,䖌
U+458D,qián,䖍
U+458E,xiá,䖎
U+458F,chǔ;chù,䖏
U+4590,yín,䖐
U+4591,mì,䖑
U+4592,xī,䖒
U+4593,nà,䖓
U+4594,kǎn;hàn,䖔
U+4595,zǔ,䖕
U+4596,xiá,䖖
U+4597,yán,䖗
U+4598,tú,䖘
U+4599,tī,䖙
U+459A,wū,䖚
U+459B,suǒ,䖛
U+459C,yín,䖜
U+459D,chóng,䖝
U+459E,zhǒu,䖞
U+459F,mǎng,䖟
U+45A0,yuán,䖠
U+45A1,nǜ,䖡
U+45A2,miáo,䖢
U+45A3,zǎo,䖣
U+45A4,wǎn,䖤
U+45A5,lí,䖥
U+45A6,qū;zhuō,䖦
U+45A7,nà,䖧
U+45A8,shí;zhì,䖨
U+45A9,bì,䖩
U+45AA,zī;cī,䖪
U+45AB,bàng,䖫
U+45AD,juàn;juān,䖭
U+45AE,xiǎng,䖮
U+45AF,kuí;wā,䖯
U+45B0,pài,䖰
U+45B1,kuāng,䖱
U+45B2,xún;zōng,䖲
U+45B3,zhà;zhé,䖳
U+45B4,yáo,䖴
U+45B5,kūn,䖵
U+45B6,huī,䖶
U+45B7,xī,䖷
U+45B8,é,䖸
U+45B9,yáng;mǐ,䖹
U+45BA,tiáo,䖺
U+45BB,yóu,䖻
U+45BC,jué,䖼
U+45BD,lí,䖽
U+45BF,lí,䖿
U+45C0,chēng,䗀
U+45C1,jì;qī,䗁
U+45C2,hǔ,䗂
U+45C3,zhàn,䗃
U+45C4,fǔ,䗄
U+45C5,cháng,䗅
U+45C6,guǎn;guān,䗆
U+45C7,jú;qū,䗇
U+45C8,méng,䗈
U+45C9,chāng,䗉
U+45CA,tàn,䗊
U+45CB,móu,䗋
U+45CC,xīng,䗌
U+45CD,lǐ;luó,䗍
U+45CE,yān,䗎
U+45CF,sōu,䗏
U+45D0,shī,䗐
U+45D1,yì,䗑
U+45D2,bìng,䗒
U+45D3,cōng,䗓
U+45D4,hóu;hòu,䗔
U+45D5,wǎn,䗕
U+45D6,dì,䗖
U+45D7,jī,䗗
U+45D8,gé,䗘
U+45D9,hán,䗙
U+45DA,bó,䗚
U+45DB,xiū,䗛
U+45DC,liú,䗜
U+45DD,cán,䗝
U+45DE,cán,䗞
U+45DF,yì,䗟
U+45E0,xuán,䗠
U+45E1,yán;yān,䗡
U+45E2,zǎo,䗢
U+45E3,hàn,䗣
U+45E4,yóng,䗤
U+45E5,zōng,䗥
U+45E7,kāng,䗧
U+45E8,yú,䗨
U+45E9,qī,䗩
U+45EA,zhè,䗪
U+45EB,má,䗫
U+45EE,shuǎng,䗮
U+45EF,jìn,䗯
U+45F0,guàn,䗰
U+45F1,pú;pù;pǔ,䗱
U+45F2,lìn,䗲
U+45F4,tíng,䗴
U+45F5,jiāng,䗵
U+45F6,là,䗶
U+45F7,yì,䗷
U+45F8,yōng,䗸
U+45F9,cì,䗹
U+45FA,yǎn;dàn,䗺
U+45FB,jié,䗻
U+45FC,xūn,䗼
U+45FD,wèi,䗽
U+45FE,xiǎn,䗾
U+45FF,níng;nǐng,䗿
U+4600,fù,䘀
U+4601,gé,䘁
U+4603,mò,䘃
U+4604,zhù,䘄
U+4605,nái,䘅
U+4606,xiǎn,䘆
U+4607,wén,䘇
U+4608,lì,䘈
U+4609,cán,䘉
U+460A,miè,䘊
U+460B,jiān,䘋
U+460C,nì,䘌
U+460D,chài,䘍
U+460E,wān,䘎
U+460F,xù,䘏
U+4610,nǜ,䘐
U+4611,mài,䘑
U+4612,zuī,䘒
U+4613,kàn,䘓
U+4614,kā,䘔
U+4615,háng,䘕
U+4618,yù;sù,䘘
U+4619,wèi,䘙
U+461A,zhú,䘚
U+461D,yì,䘝
U+461F,diāo,䘟
U+4620,fú,䘠
U+4621,bǐ,䘡
U+4622,zhǔ,䘢
U+4623,zǐ;zhì,䘣
U+4624,shù,䘤
U+4625,xiá;jiá,䘥
U+4626,ní;nǐ,䘦
U+4628,jiǎo,䘨
U+4629,xún;xuàn,䘩
U+462A,chōng,䘪
U+462B,nòu,䘫
U+462C,róng,䘬
U+462D,zhì,䘭
U+462E,sāng;sàng,䘮
U+4630,shān,䘰
U+4631,yù,䘱
U+4633,jīn,䘳
U+4635,lù,䘵
U+4636,hān;hàn,䘶
U+4637,biē,䘷
U+4638,yì,䘸
U+4639,zuì;cuì,䘹
U+463A,zhàn,䘺
U+463B,yù,䘻
U+463C,wǎn,䘼
U+463D,ní,䘽
U+463E,guǎn;guàn,䘾
U+463F,jué,䘿
U+4640,běng,䙀
U+4641,cán,䙁
U+4643,duò,䙃
U+4644,qì;zhǎ,䙄
U+4645,yāo;yào,䙅
U+4646,kuì,䙆
U+4647,ruán;nuǎn,䙇
U+4648,hóu,䙈
U+4649,xún,䙉
U+464A,xiè,䙊
U+464C,kuì,䙌
U+464E,xié;xì,䙎
U+464F,bó,䙏
U+4650,kè,䙐
U+4651,cuī,䙑
U+4652,xù,䙒
U+4653,bǎi,䙓
U+4654,ōu,䙔
U+4655,zǒng,䙕
U+4657,tì,䙗
U+4658,chǔ;zú,䙘
U+4659,chí,䙙
U+465A,niǎo,䙚
U+465B,guàn,䙛
U+465C,féng,䙜
U+465D,xiè,䙝
U+465E,dēng,䙞
U+465F,wéi,䙟
U+4660,jué,䙠
U+4661,kuì;huì,䙡
U+4662,zèng,䙢
U+4663,sà,䙣
U+4664,duǒ,䙤
U+4665,líng,䙥
U+4666,méng,䙦
U+4668,guǒ,䙨
U+4669,méng,䙩
U+466A,lóng,䙪
U+466C,yìng,䙬
U+466E,guàn,䙮
U+466F,cù,䙯
U+4670,lí,䙰
U+4671,dú,䙱
U+4673,biāo;è,䙳
U+4674,qiān,䙴
U+4675,xī,䙵
U+4677,dé,䙷
U+4678,dé,䙸
U+4679,xiàn,䙹
U+467A,lián,䙺
U+467C,shào;jiāo,䙼
U+467D,xié,䙽
U+467E,shī,䙾
U+467F,wèi,䙿
U+4682,hè,䚂
U+4683,yóu,䚃
U+4684,lù,䚄
U+4685,lài;lái,䚅
U+4686,yǐng,䚆
U+4687,shěng,䚇
U+4688,juàn,䚈
U+4689,qì,䚉
U+468A,jiǎn,䚊
U+468B,yùn,䚋
U+468D,qì,䚍
U+468F,lìn,䚏
U+4690,jí,䚐
U+4691,mái,䚑
U+4692,chuáng;zhuàng,䚒
U+4693,niǎn,䚓
U+4694,bīn,䚔
U+4695,lì,䚕
U+4696,líng,䚖
U+4697,gāng,䚗
U+4698,chéng,䚘
U+4699,xuān;xī,䚙
U+469A,xiǎn,䚚
U+469B,hú,䚛
U+469C,bī;bēi,䚜
U+469D,zú,䚝
U+469E,dǎi,䚞
U+469F,dǎi,䚟
U+46A0,hùn;hún,䚠
U+46A1,sāi,䚡
U+46A2,chè,䚢
U+46A3,tí,䚣
U+46A5,nuò;ruò,䚥
U+46A6,zhì,䚦
U+46A7,liú,䚧
U+46A8,fèi,䚨
U+46A9,jiǎo;jiào;qiáo,䚩
U+46AA,guān,䚪
U+46AB,xí;áo,䚫
U+46AC,lín,䚬
U+46AD,xuān,䚭
U+46AE,réng,䚮
U+46AF,tǎo;xuān,䚯
U+46B0,pǐ;é,䚰
U+46B1,xìn,䚱
U+46B2,shàn,䚲
U+46B3,zhì,䚳
U+46B4,wà,䚴
U+46B5,tǒu,䚵
U+46B6,tiān,䚶
U+46B7,yī;yǐ;xì,䚷
U+46B8,xiè,䚸
U+46B9,pǐ,䚹
U+46BA,yáo,䚺
U+46BB,yáo;yóu,䚻
U+46BC,nǜ,䚼
U+46BD,hào,䚽
U+46BE,rén;nín,䚾
U+46BF,yìn;xī,䚿
U+46C0,fǎn;fàn;bàn,䛀
U+46C1,nán,䛁
U+46C2,yāo,䛂
U+46C3,wàn,䛃
U+46C4,yuǎn,䛄
U+46C5,xiá,䛅
U+46C6,zhòu,䛆
U+46C7,yuǎn,䛇
U+46C8,shì,䛈
U+46C9,miàn,䛉
U+46CA,xī;zhī,䛊
U+46CB,jì,䛋
U+46CC,táo;páo,䛌
U+46CD,fèi,䛍
U+46CE,xuè,䛎
U+46CF,ní;nǐ;nì,䛏
U+46D0,cí,䛐
U+46D1,mì,䛑
U+46D2,biàn,䛒
U+46D4,ná,䛔
U+46D5,yù,䛕
U+46D6,è,䛖
U+46D7,zhǐ,䛗
U+46D8,rén;nín,䛘
U+46D9,xù,䛙
U+46DA,lüè,䛚
U+46DB,huì,䛛
U+46DC,xùn,䛜
U+46DD,náo,䛝
U+46DE,hàn,䛞
U+46DF,jiá,䛟
U+46E0,dòu,䛠
U+46E1,huà,䛡
U+46E2,tū,䛢
U+46E3,pīng;chōu,䛣
U+46E4,cù,䛤
U+46E5,xī;xì;xīn,䛥
U+46E6,sòng,䛦
U+46E7,mí,䛧
U+46E8,xìn,䛨
U+46E9,wù;qià;è,䛩
U+46EA,qióng,䛪
U+46EB,zhāng;zhèng,䛫
U+46EC,táo,䛬
U+46ED,xìng,䛭
U+46EE,jiù,䛮
U+46EF,jù,䛯
U+46F0,hùn,䛰
U+46F1,tí,䛱
U+46F2,mán,䛲
U+46F3,yàn;yān,䛳
U+46F4,jī;qǐ,䛴
U+46F5,shòu,䛵
U+46F6,lěi,䛶
U+46F7,wǎn,䛷
U+46F8,chè,䛸
U+46F9,càn;xuàn,䛹
U+46FA,jiè,䛺
U+46FB,yòu,䛻
U+46FC,huǐ,䛼
U+46FD,zhǎ;chā;sà,䛽
U+46FE,sù,䛾
U+46FF,gé,䛿
U+4700,nǎo,䜀
U+4701,xì,䜁
U+4703,duī,䜃
U+4704,chí,䜄
U+4705,wéi;chuī,䜅
U+4706,zhé;niè;mò,䜆
U+4707,gǔn;gùn,䜇
U+4708,chāo;zhāo,䜈
U+4709,chī,䜉
U+470A,zāo;zào,䜊
U+470B,huì,䜋
U+470C,luán,䜌
U+470D,liáo,䜍
U+470E,láo;lào,䜎
U+470F,tuō,䜏
U+4710,huī,䜐
U+4711,wù,䜑
U+4712,ào,䜒
U+4713,shè,䜓
U+4714,suí,䜔
U+4715,mài;hài,䜕
U+4716,tàn,䜖
U+4717,xìn;hàn,䜗
U+4718,jǐng,䜘
U+4719,án;è,䜙
U+471A,tà,䜚
U+471B,chán,䜛
U+471C,wèi,䜜
U+471D,tuǎn,䜝
U+471E,jì,䜞
U+471F,chén,䜟
U+4720,chè,䜠
U+4721,yù,䜡
U+4722,xiǎn,䜢
U+4723,xīn,䜣
U+4727,nǎo,䜧
U+4729,yàn,䜩
U+472A,qiú,䜪
U+472B,jiāng;hóng,䜫
U+472C,sǒng,䜬
U+472D,jùn;ruì,䜭
U+472E,liáo;láo,䜮
U+472F,jú,䜯
U+4731,mǎn,䜱
U+4732,liè,䜲
U+4734,chù;shì,䜴
U+4735,chǐ,䜵
U+4736,xiáng,䜶
U+4737,qīn,䜷
U+4738,měi;méi,䜸
U+4739,shù,䜹
U+473A,chǎi;cè,䜺
U+473B,chǐ,䜻
U+473C,gú;móu,䜼
U+473D,yú,䜽
U+473E,yīn,䜾
U+4740,liú;liáo,䝀
U+4741,láo,䝁
U+4742,shù,䝂
U+4743,zhé,䝃
U+4744,shuāng,䝄
U+4745,huī,䝅
U+4748,è,䝈
U+474A,shà,䝊
U+474B,zòng,䝋
U+474C,jué,䝌
U+474D,jùn;jūn,䝍
U+474E,tuān,䝎
U+474F,lóu,䝏
U+4750,wéi;duò,䝐
U+4751,chōng,䝑
U+4752,zhù,䝒
U+4753,liè,䝓
U+4755,zhé,䝕
U+4756,zhǎo,䝖
U+4758,yì,䝘
U+4759,chū,䝙
U+475A,ní,䝚
U+475B,bō,䝛
U+475C,suān,䝜
U+475D,yǐ,䝝
U+475E,hào,䝞
U+475F,yà,䝟
U+4760,huán,䝠
U+4761,màn,䝡
U+4762,màn,䝢
U+4763,qú,䝣
U+4764,lǎo;liáo,䝤
U+4765,háo,䝥
U+4766,zhōng,䝦
U+4767,mín,䝧
U+4768,xián,䝨
U+4769,zhèn,䝩
U+476A,shǔ,䝪
U+476B,zuó,䝫
U+476C,zhù,䝬
U+476D,gòu,䝭
U+476E,xuàn,䝮
U+476F,yì,䝯
U+4770,zhì,䝰
U+4771,xié,䝱
U+4772,jìn,䝲
U+4773,cán;hài,䝳
U+4775,bù,䝵
U+4776,liáng,䝶
U+4777,zhī;zhì,䝷
U+4778,jì,䝸
U+4779,wǎn,䝹
U+477A,guàn,䝺
U+477B,jū,䝻
U+477C,jìng;qíng,䝼
U+477D,ài,䝽
U+477E,fù,䝾
U+477F,guì,䝿
U+4780,hòu,䞀
U+4781,yàn,䞁
U+4782,ruǎn,䞂
U+4783,zhì,䞃
U+4784,biào,䞄
U+4785,yí,䞅
U+4786,suǒ,䞆
U+4787,dié,䞇
U+4788,guì,䞈
U+4789,shèng,䞉
U+478A,xùn,䞊
U+478B,chèn,䞋
U+478C,shé,䞌
U+478D,qíng,䞍
U+4790,chǔn,䞐
U+4791,hóng,䞑
U+4792,dòng,䞒
U+4793,chēng,䞓
U+4794,wěi,䞔
U+4795,rú;yú,䞕
U+4796,shǔ,䞖
U+4797,cāi;chāi,䞗
U+4798,jí,䞘
U+4799,zá,䞙
U+479A,qí;kuí,䞚
U+479B,yān,䞛
U+479C,fù,䞜
U+479D,yù,䞝
U+479E,fú,䞞
U+479F,pò,䞟
U+47A0,zhī,䞠
U+47A1,tǎn,䞡
U+47A2,zuó,䞢
U+47A3,chě;chè;qiè,䞣
U+47A4,qú;fǔ;qǔ,䞤
U+47A5,yòu,䞥
U+47A6,hé,䞦
U+47A7,hòu,䞧
U+47A8,guǐ,䞨
U+47A9,è;xiá,䞩
U+47AA,jiàng,䞪
U+47AB,yǔn,䞫
U+47AC,tòu,䞬
U+47AD,cūn;qiǔ,䞭
U+47AE,tū,䞮
U+47AF,fù;fú,䞯
U+47B0,zuó,䞰
U+47B1,hú,䞱
U+47B3,bó,䞳
U+47B4,zhāo,䞴
U+47B5,juě;zhuò,䞵
U+47B6,tāng;tàng,䞶
U+47B7,jué,䞷
U+47B8,fù,䞸
U+47B9,huáng,䞹
U+47BA,chūn,䞺
U+47BB,yǒng,䞻
U+47BC,chuǐ,䞼
U+47BD,suǒ,䞽
U+47BE,chí;dì,䞾
U+47BF,qiān,䞿
U+47C0,cāi,䟀
U+47C1,xiāo;chāo,䟁
U+47C2,mán,䟂
U+47C3,cān;cà,䟃
U+47C4,qì;zuó;zè,䟄
U+47C5,jiàn;zàn,䟅
U+47C6,bì,䟆
U+47C7,jī;xī,䟇
U+47C8,zhí,䟈
U+47C9,zhú;shǔ,䟉
U+47CA,qú,䟊
U+47CB,zhǎn,䟋
U+47CC,jí,䟌
U+47CD,biān;dián,䟍
U+47CF,lì,䟏
U+47D0,lì,䟐
U+47D1,yuè,䟑
U+47D2,quán,䟒
U+47D3,chēng;zhēng;dīng,䟓
U+47D4,fù;bó,䟔
U+47D5,chà,䟕
U+47D6,tàng,䟖
U+47D7,shì,䟗
U+47D8,hàng,䟘
U+47D9,qiè,䟙
U+47DA,qí,䟚
U+47DB,bó;fèi;bèi,䟛
U+47DC,nà,䟜
U+47DD,tòu,䟝
U+47DE,chú,䟞
U+47DF,cù,䟟
U+47E0,yuè,䟠
U+47E1,zhī;dì,䟡
U+47E2,chén,䟢
U+47E3,chù,䟣
U+47E4,bì;bié,䟤
U+47E5,méng,䟥
U+47E6,bá,䟦
U+47E7,tián,䟧
U+47E8,mín;mǐn,䟨
U+47E9,liě;què,䟩
U+47EA,fěng;fǎn,䟪
U+47EB,chēng;shàng,䟫
U+47EC,qiù,䟬
U+47ED,tiáo;zuò,䟭
U+47EE,fú;bó,䟮
U+47EF,kuò,䟯
U+47F0,jiǎn,䟰
U+47F4,zhèn,䟴
U+47F5,qiú,䟵
U+47F6,zuò;cuò,䟶
U+47F7,chì;qì,䟷
U+47F8,kuí;guī,䟸
U+47F9,liè,䟹
U+47FA,bèi;pèi,䟺
U+47FB,dù;zhà,䟻
U+47FC,wǔ,䟼
U+47FE,zhuó;juě,䟾
U+47FF,lù,䟿
U+4800,tāng;chǎng;tàng,䠀
U+4802,chú,䠂
U+4803,liǎng,䠃
U+4804,tiǎn,䠄
U+4805,kǔn,䠅
U+4806,cháng,䠆
U+4807,jué,䠇
U+4808,tú,䠈
U+4809,huàn,䠉
U+480A,fèi,䠊
U+480B,bì;bǐ;bāi,䠋
U+480D,xiā;qiá;qié,䠍
U+480E,wò,䠎
U+480F,jì;kuí,䠏
U+4810,qù,䠐
U+4811,kuǐ;kuí;wěi,䠑
U+4812,hú,䠒
U+4813,qiū;cù,䠓
U+4814,suì,䠔
U+4815,cāi,䠕
U+4817,qiù;xiòng,䠗
U+4818,pì,䠘
U+4819,páng,䠙
U+481A,wà;wǎ,䠚
U+481B,yáo,䠛
U+481C,róng;rǒng,䠜
U+481D,xūn,䠝
U+481E,cù,䠞
U+481F,dié,䠟
U+4820,chì;dài,䠠
U+4821,cuó;chá,䠡
U+4822,mèng,䠢
U+4823,xuǎn,䠣
U+4824,duǒ;duò,䠤
U+4825,bié,䠥
U+4826,zhè,䠦
U+4827,chú,䠧
U+4828,chàn,䠨
U+4829,guì,䠩
U+482A,duàn,䠪
U+482B,zòu,䠫
U+482C,dèng,䠬
U+482D,lái,䠭
U+482E,téng,䠮
U+482F,yuè,䠯
U+4830,quán,䠰
U+4831,zhú,䠱
U+4832,líng,䠲
U+4833,chēn,䠳
U+4834,zhěn,䠴
U+4835,fù,䠵
U+4836,shè,䠶
U+4837,tiǎo,䠷
U+4838,kuā,䠸
U+4839,ái,䠹
U+483B,qióng,䠻
U+483C,shù,䠼
U+483D,hái;kǎi,䠽
U+483E,shǎn,䠾
U+483F,wài;kuì,䠿
U+4840,zhǎn;zhàn,䡀
U+4841,lǒng,䡁
U+4842,jiū;jiù,䡂
U+4843,lì,䡃
U+4845,chūn;xún,䡅
U+4846,róng,䡆
U+4847,yuè,䡇
U+4848,jué;jiào,䡈
U+4849,kǎng,䡉
U+484A,fǎn,䡊
U+484B,qí,䡋
U+484C,hóng,䡌
U+484D,fú,䡍
U+484E,lú,䡎
U+484F,hóng,䡏
U+4850,tuó,䡐
U+4851,mín,䡑
U+4852,tián,䡒
U+4853,juàn;xuān,䡓
U+4854,qǐ,䡔
U+4855,zhěng,䡕
U+4856,qìng,䡖
U+4857,gǒng;gòng,䡗
U+4858,tián,䡘
U+4859,láng,䡙
U+485A,mào,䡚
U+485B,yìn,䡛
U+485C,lù,䡜
U+485D,yuān;yǔn,䡝
U+485E,jú,䡞
U+485F,pì,䡟
U+4861,xié,䡡
U+4862,biàn,䡢
U+4863,hūn;xuān,䡣
U+4864,zhū,䡤
U+4865,róng,䡥
U+4866,sǎng,䡦
U+4867,wū;wǔ,䡧
U+4868,chà,䡨
U+4869,kēng;zhěn,䡩
U+486A,shàn,䡪
U+486B,péng,䡫
U+486C,màn,䡬
U+486D,xiū,䡭
U+486F,cōng;zǒng,䡯
U+4870,kēng;kěng;gǔ,䡰
U+4871,zhuǎn,䡱
U+4872,chán;dān,䡲
U+4873,sī,䡳
U+4874,chōng,䡴
U+4875,suì,䡵
U+4876,bèi,䡶
U+4877,kài;kě,䡷
U+4879,zhì,䡹
U+487A,wèi,䡺
U+487B,mín,䡻
U+487C,líng,䡼
U+487D,zuān,䡽
U+487E,niè;yè;yǐ,䡾
U+487F,líng,䡿
U+4880,qì,䢀
U+4881,yuè,䢁
U+4883,yì,䢃
U+4884,xǐ,䢄
U+4885,chén,䢅
U+4887,rǒng,䢇
U+4888,chén;huì,䢈
U+4889,nóng,䢉
U+488A,yóu,䢊
U+488B,jì,䢋
U+488C,bó,䢌
U+488D,fǎng,䢍
U+4890,cú,䢐
U+4891,dǐ;dì,䢑
U+4892,jiāo,䢒
U+4893,yú,䢓
U+4894,hé,䢔
U+4895,xù,䢕
U+4896,yù;lǜ,䢖
U+4897,qū,䢗
U+4899,bài,䢙
U+489A,gēng;háng,䢚
U+489B,jiǒng,䢛
U+489D,yà,䢝
U+489E,shù,䢞
U+489F,yóu,䢟
U+48A0,sòng,䢠
U+48A1,yè;xiè;zhuì,䢡
U+48A2,càng,䢢
U+48A3,yáo,䢣
U+48A4,shù,䢤
U+48A5,yán,䢥
U+48A6,shuài,䢦
U+48A7,liào,䢧
U+48A8,cōng;zōng,䢨
U+48A9,yù,䢩
U+48AA,bó,䢪
U+48AB,suí,䢫
U+48AD,yàn;xiàn,䢭
U+48AE,lèi,䢮
U+48AF,lín,䢯
U+48B0,tī,䢰
U+48B1,dú,䢱
U+48B2,yuè,䢲
U+48B3,jǐ,䢳
U+48B5,yún,䢵
U+48B8,jū,䢸
U+48B9,jǔ;qú,䢹
U+48BA,chū,䢺
U+48BB,chén,䢻
U+48BC,gōng,䢼
U+48BD,xiàng,䢽
U+48BE,xiǎn,䢾
U+48BF,ān,䢿
U+48C0,guǐ;qī;wéi,䣀
U+48C1,yǔ,䣁
U+48C2,lěi,䣂
U+48C4,tú,䣄
U+48C5,chén,䣅
U+48C6,xíng,䣆
U+48C7,qiú,䣇
U+48C8,hàng,䣈
U+48CA,dǎng,䣊
U+48CB,cǎi,䣋
U+48CC,dǐ,䣌
U+48CD,yǎn;yān,䣍
U+48CE,zī,䣎
U+48D0,yīng,䣐
U+48D1,chán,䣑
U+48D3,lí;lì,䣓
U+48D4,suǒ,䣔
U+48D5,mǎ,䣕
U+48D6,mǎ,䣖
U+48D8,táng,䣘
U+48D9,péi;pěng;bēi,䣙
U+48DA,lóu,䣚
U+48DB,qī;xī,䣛
U+48DC,cuó,䣜
U+48DD,tú,䣝
U+48DE,è,䣞
U+48DF,cán;cǎn;tì,䣟
U+48E0,jié;tì;zá,䣠
U+48E1,yí,䣡
U+48E2,jí,䣢
U+48E3,dǎng,䣣
U+48E4,jué,䣤
U+48E5,bǐ,䣥
U+48E6,lèi,䣦
U+48E7,yì,䣧
U+48E8,chún,䣨
U+48E9,chún,䣩
U+48EA,pò,䣪
U+48EB,lí,䣫
U+48EC,zǎi;gē,䣬
U+48ED,tài,䣭
U+48EE,pò,䣮
U+48EF,cú;tiǎn,䣯
U+48F0,jù,䣰
U+48F1,xù,䣱
U+48F2,fàn,䣲
U+48F4,xù,䣴
U+48F5,èr,䣵
U+48F6,huó;tián,䣶
U+48F7,zhū,䣷
U+48F8,rǎn;nǎn;nàn,䣸
U+48F9,fá,䣹
U+48FA,juān,䣺
U+48FB,hān,䣻
U+48FC,liáng,䣼
U+48FD,zhī;tǐ,䣽
U+48FE,mì,䣾
U+48FF,yū,䣿
U+4901,cén,䤁
U+4902,méi,䤂
U+4903,yīn;ān;yìn,䤃
U+4904,miǎn,䤄
U+4905,tú,䤅
U+4906,kuí;guì,䤆
U+4909,mì,䤉
U+490A,róng,䤊
U+490B,yù;guó,䤋
U+490C,qiāng,䤌
U+490D,mí,䤍
U+490E,jú;jué,䤎
U+490F,pǐ,䤏
U+4910,jǐn,䤐
U+4911,wàng,䤑
U+4912,jì;jǐ,䤒
U+4913,méng,䤓
U+4914,jiàn,䤔
U+4915,xuè;hù,䤕
U+4916,bào,䤖
U+4917,gǎn,䤗
U+4918,chǎn;qiǎn,䤘
U+4919,lì,䤙
U+491A,lǐ,䤚
U+491B,qiú,䤛
U+491C,dùn,䤜
U+491D,yìng,䤝
U+491E,yǔn,䤞
U+491F,chén,䤟
U+4920,zhǐ,䤠
U+4921,rǎn,䤡
U+4923,lüè,䤣
U+4924,kāi,䤤
U+4925,guǐ;wěi,䤥
U+4926,yuè,䤦
U+4927,huì,䤧
U+4928,pì,䤨
U+4929,chá,䤩
U+492A,duǒ,䤪
U+492B,chán,䤫
U+492C,shā,䤬
U+492D,shì,䤭
U+492E,shè,䤮
U+492F,xíng,䤯
U+4930,yíng,䤰
U+4931,shì,䤱
U+4932,chì,䤲
U+4933,yè,䤳
U+4934,hán,䤴
U+4935,fèi;pī;fēi,䤵
U+4936,yè;ān,䤶
U+4937,yǎn,䤷
U+4938,zuàn,䤸
U+4939,sōu,䤹
U+493A,jīn;yǐn,䤺
U+493B,duò,䤻
U+493C,xiàn,䤼
U+493D,guān,䤽
U+493E,tāo,䤾
U+493F,qiè,䤿
U+4940,chǎn,䥀
U+4941,hán,䥁
U+4942,mèng,䥂
U+4943,yuè,䥃
U+4944,cù,䥄
U+4945,qiàn,䥅
U+4946,jǐn,䥆
U+4947,shàn,䥇
U+4948,mǔ,䥈
U+4949,yuān,䥉
U+494B,pēng,䥋
U+494C,zhèng,䥌
U+494D,zhì,䥍
U+494E,chún,䥎
U+494F,yǔ,䥏
U+4950,móu,䥐
U+4951,wàn,䥑
U+4952,jiàng,䥒
U+4953,qī,䥓
U+4954,sù,䥔
U+4955,piě,䥕
U+4956,tián,䥖
U+4957,kuǎn,䥗
U+4958,cù,䥘
U+4959,suì,䥙
U+495B,jiē;jié;qì,䥛
U+495C,jiàn,䥜
U+495D,áo,䥝
U+495E,jiǎo,䥞
U+495F,yè,䥟
U+4961,yè,䥡
U+4962,lóng;qī,䥢
U+4963,záo,䥣
U+4964,báo,䥤
U+4965,lián,䥥
U+4967,huán,䥧
U+4968,lǜ;lú,䥨
U+4969,wéi,䥩
U+496A,xiǎn,䥪
U+496B,tiě,䥫
U+496C,bó,䥬
U+496D,zhèng,䥭
U+496E,zhú,䥮
U+496F,bēi;bà,䥯
U+4970,méng,䥰
U+4971,xiě,䥱
U+4972,ōu,䥲
U+4973,yōu,䥳
U+4975,xiǎo,䥵
U+4976,lì,䥶
U+4977,zhá,䥷
U+4978,mí,䥸
U+497A,yé,䥺
U+497D,pō,䥽
U+497E,xiě,䥾
U+4982,shàn,䦂
U+4983,zhuō,䦃
U+4985,shàn,䦅
U+4986,jué,䦆
U+4987,jì,䦇
U+4988,jiē;zuǒ,䦈
U+498A,niǎo,䦊
U+498B,áo,䦋
U+498C,chù,䦌
U+498D,wù,䦍
U+498E,guǎn;kàng,䦎
U+498F,xiè,䦏
U+4990,tǐng,䦐
U+4991,xuè,䦑
U+4992,dàng;qiāo,䦒
U+4993,zhān;chān,䦓
U+4994,tǎn;dǎn,䦔
U+4995,pēng,䦕
U+4996,xié;xiá,䦖
U+4997,xù,䦗
U+4998,xiàn,䦘
U+4999,sì;shì,䦙
U+499A,kuà,䦚
U+499B,zhèng,䦛
U+499C,wú,䦜
U+499D,huō,䦝
U+499E,rùn,䦞
U+499F,wěn;chuài,䦟
U+49A0,dū,䦠
U+49A1,huán,䦡
U+49A2,kuò,䦢
U+49A3,fù,䦣
U+49A4,chuài,䦤
U+49A5,xián,䦥
U+49A6,qín,䦦
U+49A7,qié,䦧
U+49A8,lán,䦨
U+49AA,yà,䦪
U+49AB,yīng,䦫
U+49AC,què,䦬
U+49AD,hāng,䦭
U+49AE,chǔn,䦮
U+49AF,zhì,䦯
U+49B1,wěi;kuā,䦱
U+49B2,yán;qiàn;chàn,䦲
U+49B3,xiàng,䦳
U+49B4,yì,䦴
U+49B5,nǐ,䦵
U+49B6,zhèng,䦶
U+49B7,chuài,䦷
U+49B9,shí,䦹
U+49BA,dīng,䦺
U+49BB,zǐ,䦻
U+49BC,jué;pì,䦼
U+49BD,xù,䦽
U+49BE,yuán,䦾
U+49C1,xǔ,䧁
U+49C2,dào,䧂
U+49C3,tián,䧃
U+49C4,gè,䧄
U+49C5,yí,䧅
U+49C6,hóng,䧆
U+49C7,yī;yǐ,䧇
U+49C9,lǐ,䧉
U+49CA,kū,䧊
U+49CB,xiǎn;xiàn,䧋
U+49CC,suī,䧌
U+49CD,xì,䧍
U+49CE,xuàn,䧎
U+49D1,dī,䧑
U+49D2,lái,䧒
U+49D3,zhōu,䧓
U+49D4,niàn,䧔
U+49D5,chéng,䧕
U+49D6,jiàn,䧖
U+49D7,bì,䧗
U+49D8,zhuàn,䧘
U+49D9,líng,䧙
U+49DA,hào,䧚
U+49DB,bàng;péng,䧛
U+49DC,táng,䧜
U+49DD,chī;zhì,䧝
U+49DE,mà;fù,䧞
U+49DF,xiàn,䧟
U+49E0,shuàn,䧠
U+49E1,yōng,䧡
U+49E2,qū;ōu,䧢
U+49E4,pú,䧤
U+49E5,huì,䧥
U+49E6,wéi,䧦
U+49E7,yǐ,䧧
U+49E8,yè,䧨
U+49EA,chè,䧪
U+49EB,háo,䧫
U+49EC,bīn,䧬
U+49EE,xiàn;xiǎn,䧮
U+49EF,chán;zhàn,䧯
U+49F0,hùn,䧰
U+49F2,hàn,䧲
U+49F3,cí;zhuī,䧳
U+49F4,zhī,䧴
U+49F5,qí,䧵
U+49F6,kuí,䧶
U+49F7,róu,䧷
U+49F9,yīng,䧹
U+49FA,xióng,䧺
U+49FC,hú,䧼
U+49FD,cuǐ,䧽
U+49FF,què;xī,䧿
U+4A00,dí,䨀
U+4A01,wù,䨁
U+4A02,qiū,䨂
U+4A04,yàn,䨄
U+4A05,liáo,䨅
U+4A06,bí,䨆
U+4A08,bīn,䨈
U+4A0A,yuān,䨊
U+4A0B,nüè,䨋
U+4A0C,báo,䨌
U+4A0D,yǐng,䨍
U+4A0E,hóng,䨎
U+4A0F,cí,䨏
U+4A10,qià,䨐
U+4A11,tí,䨑
U+4A12,yù,䨒
U+4A13,léi,䨓
U+4A14,báo,䨔
U+4A16,jì,䨖
U+4A17,fú,䨗
U+4A18,xiàn,䨘
U+4A19,cén,䨙
U+4A1A,hū,䨚
U+4A1B,sè;xī,䨛
U+4A1C,bēng,䨜
U+4A1D,qīng,䨝
U+4A1E,yǔ;yù,䨞
U+4A1F,wā,䨟
U+4A20,ǎi,䨠
U+4A21,hán,䨡
U+4A22,dàn,䨢
U+4A23,gé,䨣
U+4A24,dí,䨤
U+4A25,huò;shuāng,䨥
U+4A26,pāng,䨦
U+4A28,zhuī,䨨
U+4A29,líng,䨩
U+4A2A,mái,䨪
U+4A2B,mài,䨫
U+4A2C,lián,䨬
U+4A2D,xiāo,䨭
U+4A2E,xuě,䨮
U+4A2F,zhèn,䨯
U+4A30,pò,䨰
U+4A31,fù,䨱
U+4A32,nóu;wàn,䨲
U+4A33,xì;xī,䨳
U+4A34,duì,䨴
U+4A35,dàn,䨵
U+4A36,yǔn,䨶
U+4A37,xiàn,䨷
U+4A38,yǐn,䨸
U+4A39,shū,䨹
U+4A3A,duì,䨺
U+4A3B,bèng,䨻
U+4A3C,hù,䨼
U+4A3D,fěi,䨽
U+4A3E,fèi,䨾
U+4A3F,zá,䨿
U+4A40,bèi,䩀
U+4A41,fēi,䩁
U+4A42,xiān,䩂
U+4A43,shì,䩃
U+4A44,miǎn;tiǎn,䩄
U+4A45,zhǎn;nǎn,䩅
U+4A46,zhǎn,䩆
U+4A47,zhān;diān,䩇
U+4A48,huì,䩈
U+4A49,fǔ,䩉
U+4A4A,wǎn;wò,䩊
U+4A4B,mǒ,䩋
U+4A4C,qiáo,䩌
U+4A4D,liǎo,䩍
U+4A4F,miè,䩏
U+4A50,hū;jí;gé,䩐
U+4A51,hóng,䩑
U+4A52,yú,䩒
U+4A53,qí,䩓
U+4A54,duò;shān;pán,䩔
U+4A55,áng;yìng,䩕
U+4A57,bà,䩗
U+4A58,dì,䩘
U+4A59,xuàn;xiǎn,䩙
U+4A5A,dì;dī,䩚
U+4A5B,bì;pèi,䩛
U+4A5C,zhòu,䩜
U+4A5D,páo,䩝
U+4A5E,tié;diē,䩞
U+4A5F,yí;tì,䩟
U+4A61,jiá;gé,䩡
U+4A62,zhì;dá,䩢
U+4A63,tú,䩣
U+4A64,xié,䩤
U+4A65,dàn;chān,䩥
U+4A66,tiáo,䩦
U+4A67,xiè,䩧
U+4A68,chàng;zhāng,䩨
U+4A69,yuǎn,䩩
U+4A6A,guǎn,䩪
U+4A6B,liǎng,䩫
U+4A6C,běng;fěng,䩬
U+4A6E,lù,䩮
U+4A6F,jí;qì,䩯
U+4A70,xuàn,䩰
U+4A71,shù;yú;shū,䩱
U+4A72,dū,䩲
U+4A73,sōu,䩳
U+4A74,hú,䩴
U+4A75,yùn,䩵
U+4A76,chǎn,䩶
U+4A77,bāng,䩷
U+4A78,róng;rǒng,䩸
U+4A79,é;kuò,䩹
U+4A7A,wēng,䩺
U+4A7B,bà,䩻
U+4A7C,féng,䩼
U+4A7D,yū,䩽
U+4A7E,zhè,䩾
U+4A7F,fén,䩿
U+4A80,guǎn,䪀
U+4A81,bǔ,䪁
U+4A82,gé,䪂
U+4A83,dūn,䪃
U+4A84,huáng,䪄
U+4A85,dú,䪅
U+4A86,tǐ,䪆
U+4A87,bó,䪇
U+4A88,qiàn,䪈
U+4A89,liè,䪉
U+4A8A,lóng,䪊
U+4A8B,wèi,䪋
U+4A8C,zhàn;shān,䪌
U+4A8D,lán,䪍
U+4A8E,suī,䪎
U+4A8F,nà;dā,䪏
U+4A90,bì,䪐
U+4A91,tuó,䪑
U+4A92,zhù,䪒
U+4A93,diē,䪓
U+4A94,bǔ;fù,䪔
U+4A95,jú,䪕
U+4A96,pò,䪖
U+4A97,xiá,䪗
U+4A98,wěi;dī,䪘
U+4A99,pò;fú;fù,䪙
U+4A9A,dā;tà,䪚
U+4A9B,fān;fán,䪛
U+4A9C,chān;chàn;yán,䪜
U+4A9D,hù,䪝
U+4A9E,zá,䪞
U+4AA4,fán,䪤
U+4AA5,xiè,䪥
U+4AA6,hóng,䪦
U+4AA7,chí,䪧
U+4AA8,báo,䪨
U+4AA9,yín,䪩
U+4AAB,jīng,䪫
U+4AAC,bó,䪬
U+4AAD,ruǎn,䪭
U+4AAE,chǒu,䪮
U+4AAF,yīng,䪯
U+4AB0,yī,䪰
U+4AB1,gǎi;hái,䪱
U+4AB2,kūn,䪲
U+4AB3,yǔn,䪳
U+4AB4,zhěn;dǎn;dàn,䪴
U+4AB5,yǎ,䪵
U+4AB6,jū,䪶
U+4AB7,hòu;gòu,䪷
U+4AB8,mín;mén,䪸
U+4AB9,bāi;pī;péi,䪹
U+4ABA,gé,䪺
U+4ABB,biàn;fàn,䪻
U+4ABC,zhuō,䪼
U+4ABD,hào,䪽
U+4ABE,zhěn,䪾
U+4ABF,shěng,䪿
U+4AC0,gěn,䫀
U+4AC1,bì,䫁
U+4AC2,duǒ,䫂
U+4AC3,chún;zhèn,䫃
U+4AC4,chuà,䫄
U+4AC5,sàn,䫅
U+4AC6,chéng,䫆
U+4AC7,rán,䫇
U+4AC8,chěn;zèn;cén,䫈
U+4AC9,mào,䫉
U+4ACA,péi,䫊
U+4ACB,wēi;tuí,䫋
U+4ACC,pǐ,䫌
U+4ACD,fǔ,䫍
U+4ACE,zhuō,䫎
U+4ACF,qī,䫏
U+4AD0,lín,䫐
U+4AD1,yī;qī,䫑
U+4AD2,mén,䫒
U+4AD3,wú,䫓
U+4AD4,qì;qiè;yà;kuí,䫔
U+4AD5,dié,䫕
U+4AD6,chěn;shèn,䫖
U+4AD7,xiá,䫗
U+4AD8,hé;jié;kě,䫘
U+4AD9,sǎng,䫙
U+4ADA,guā,䫚
U+4ADB,hóu,䫛
U+4ADC,āo,䫜
U+4ADD,fǔ,䫝
U+4ADE,qiāo;fén,䫞
U+4ADF,hùn,䫟
U+4AE0,pī,䫠
U+4AE1,yán;qiàn;qiān;jiàn,䫡
U+4AE2,sī,䫢
U+4AE3,xí,䫣
U+4AE4,míng,䫤
U+4AE5,kuǐ,䫥
U+4AE6,gé;kài,䫦
U+4AE8,ào,䫨
U+4AE9,sǎn,䫩
U+4AEA,shuǎng,䫪
U+4AEB,lóu,䫫
U+4AEC,zhěn;qǐn,䫬
U+4AED,huì,䫭
U+4AEE,chán,䫮
U+4AF0,lìn,䫰
U+4AF1,ná,䫱
U+4AF2,hàn;kǎn,䫲
U+4AF3,dú,䫳
U+4AF4,jìn,䫴
U+4AF5,mián,䫵
U+4AF6,fán,䫶
U+4AF7,è,䫷
U+4AF8,chāo,䫸
U+4AF9,hóng,䫹
U+4AFA,hóng,䫺
U+4AFB,yù,䫻
U+4AFC,xuè,䫼
U+4AFD,pāo,䫽
U+4AFE,bī;bì,䫾
U+4AFF,chāo,䫿
U+4B00,yǒu,䬀
U+4B01,yí,䬁
U+4B02,xuè,䬂
U+4B03,sà,䬃
U+4B04,xù,䬄
U+4B05,lì;liè;xié,䬅
U+4B06,lì,䬆
U+4B07,yuàn,䬇
U+4B08,duì,䬈
U+4B09,huò,䬉
U+4B0A,shà,䬊
U+4B0B,léng,䬋
U+4B0C,pōu,䬌
U+4B0D,hū,䬍
U+4B0E,guó;xù,䬎
U+4B0F,bù;fǒu,䬏
U+4B10,ruí,䬐
U+4B11,wèi;yù,䬑
U+4B12,sōu;xiāo,䬒
U+4B13,àn,䬓
U+4B14,yú,䬔
U+4B15,xiāng;shǎng,䬕
U+4B16,héng,䬖
U+4B17,yáng,䬗
U+4B18,xiāo,䬘
U+4B19,yáo,䬙
U+4B1B,bì,䬛
U+4B1D,héng,䬝
U+4B1E,táo,䬞
U+4B1F,liú;liǔ,䬟
U+4B21,zhù,䬡
U+4B23,xì;qì;gē,䬣
U+4B24,zàn;zhān,䬤
U+4B25,yì,䬥
U+4B26,dòu;shè,䬦
U+4B27,yuán,䬧
U+4B28,jiù,䬨
U+4B2A,bó,䬪
U+4B2B,tí,䬫
U+4B2C,yǐng,䬬
U+4B2E,yí,䬮
U+4B2F,nián;tiǎn,䬯
U+4B30,shào,䬰
U+4B31,bèn,䬱
U+4B32,gōu,䬲
U+4B33,bǎn,䬳
U+4B34,mò,䬴
U+4B35,gāi;ài,䬵
U+4B36,èn,䬶
U+4B37,shě,䬷
U+4B39,zhì,䬹
U+4B3A,yàng,䬺
U+4B3B,jiàn,䬻
U+4B3C,yuàn,䬼
U+4B3D,shuì;duì,䬽
U+4B3E,tí,䬾
U+4B3F,wěi;wèi,䬿
U+4B40,xùn,䭀
U+4B41,zhì,䭁
U+4B42,yì,䭂
U+4B43,rěn;niè,䭃
U+4B44,shì,䭄
U+4B45,hú,䭅
U+4B46,nè,䭆
U+4B47,yē;yì,䭇
U+4B48,jiàn,䭈
U+4B49,suǐ,䭉
U+4B4A,yǐng,䭊
U+4B4B,bǎo,䭋
U+4B4C,hú,䭌
U+4B4D,hú,䭍
U+4B4E,yè,䭎
U+4B50,yàng,䭐
U+4B51,lián;qiàn;xiàn,䭑
U+4B52,xī,䭒
U+4B53,èn,䭓
U+4B54,duī,䭔
U+4B55,zǎn;jiǎn,䭕
U+4B56,zhù,䭖
U+4B57,yǐng,䭗
U+4B58,yǐng,䭘
U+4B59,jǐn;jiàn,䭙
U+4B5A,chuáng,䭚
U+4B5B,dàn,䭛
U+4B5D,kuài,䭝
U+4B5E,yì,䭞
U+4B5F,yè,䭟
U+4B60,jiǎn,䭠
U+4B61,èn,䭡
U+4B62,níng,䭢
U+4B63,cí,䭣
U+4B64,qiǎn,䭤
U+4B65,xuè,䭥
U+4B66,bō,䭦
U+4B67,mǐ,䭧
U+4B68,shuì,䭨
U+4B69,mó,䭩
U+4B6A,liáng,䭪
U+4B6B,qǐ,䭫
U+4B6C,qǐ,䭬
U+4B6D,shǒu,䭭
U+4B6E,fú,䭮
U+4B6F,bó,䭯
U+4B70,bèng,䭰
U+4B71,bié,䭱
U+4B72,yǐ,䭲
U+4B73,wèi,䭳
U+4B74,huán,䭴
U+4B75,fán,䭵
U+4B76,qí,䭶
U+4B77,máo,䭷
U+4B78,fù,䭸
U+4B79,áng,䭹
U+4B7A,ǎng,䭺
U+4B7B,fēn;fù,䭻
U+4B7C,qí,䭼
U+4B7D,qún,䭽
U+4B7E,tuó,䭾
U+4B7F,yì,䭿
U+4B80,bó,䮀
U+4B81,pián,䮁
U+4B82,bá,䮂
U+4B84,xuán,䮄
U+4B87,yù,䮇
U+4B88,chí,䮈
U+4B89,lú,䮉
U+4B8A,yí,䮊
U+4B8B,lì,䮋
U+4B8D,niǎo,䮍
U+4B8E,xì,䮎
U+4B8F,wú,䮏
U+4B91,lèi;luò,䮑
U+4B92,pū,䮒
U+4B93,zhuō;chào,䮓
U+4B94,zuī,䮔
U+4B95,zhuó,䮕
U+4B96,chāng,䮖
U+4B97,àn;yàn,䮗
U+4B98,ér,䮘
U+4B99,yù,䮙
U+4B9A,lèng;líng,䮚
U+4B9B,fù,䮛
U+4B9C,zhá;yè,䮜
U+4B9D,hún,䮝
U+4B9E,chǔn,䮞
U+4B9F,sōu;sǒu,䮟
U+4BA0,bī,䮠
U+4BA1,bì;bó,䮡
U+4BA2,zhá,䮢
U+4BA4,hé,䮤
U+4BA5,lì,䮥
U+4BA7,hàn;hán,䮧
U+4BA8,zǎi,䮨
U+4BA9,gú,䮩
U+4BAA,chéng,䮪
U+4BAB,lóu;lǘ,䮫
U+4BAC,mò,䮬
U+4BAD,mì,䮭
U+4BAE,mài,䮮
U+4BAF,ào,䮯
U+4BB0,zhé,䮰
U+4BB1,zhú,䮱
U+4BB2,huáng,䮲
U+4BB3,fán,䮳
U+4BB4,dèng;tēng,䮴
U+4BB5,tóng,䮵
U+4BB7,dú,䮷
U+4BB8,wò,䮸
U+4BB9,wèi;guì,䮹
U+4BBA,jì,䮺
U+4BBB,chì,䮻
U+4BBC,lín,䮼
U+4BBD,biāo,䮽
U+4BBE,lóng;lòng,䮾
U+4BBF,jiǎn,䮿
U+4BC0,niè,䯀
U+4BC1,luó,䯁
U+4BC2,shēn;jí,䯂
U+4BC4,guā,䯄
U+4BC5,niè,䯅
U+4BC6,yì,䯆
U+4BC7,kū,䯇
U+4BC8,wán,䯈
U+4BC9,wā,䯉
U+4BCA,qià;kē,䯊
U+4BCB,bó;fèi,䯋
U+4BCC,kāo,䯌
U+4BCD,líng,䯍
U+4BCE,gàn,䯎
U+4BCF,guā;huá,䯏
U+4BD0,hái,䯐
U+4BD1,kuāng,䯑
U+4BD2,héng,䯒
U+4BD3,kuī,䯓
U+4BD4,zé,䯔
U+4BD5,tīng,䯕
U+4BD6,láng,䯖
U+4BD7,bì,䯗
U+4BD8,huàn,䯘
U+4BD9,pò,䯙
U+4BDA,yǎo,䯚
U+4BDB,wàn,䯛
U+4BDC,tì;xī,䯜
U+4BDD,suǐ,䯝
U+4BDE,kuā,䯞
U+4BDF,duì;xiá,䯟
U+4BE0,ǎo,䯠
U+4BE1,jiàn,䯡
U+4BE2,mó;mǒ,䯢
U+4BE3,kuì;guì,䯣
U+4BE4,kuài,䯤
U+4BE5,àn;qì,䯥
U+4BE6,mà,䯦
U+4BE7,qǐng;qìng,䯧
U+4BE8,qiāo;hè,䯨
U+4BEA,kǎo;kào,䯪
U+4BEB,hào,䯫
U+4BEC,duǒ,䯬
U+4BED,xiān,䯭
U+4BEE,nái,䯮
U+4BEF,suō,䯯
U+4BF0,jiè,䯰
U+4BF1,pī;pēi;fù,䯱
U+4BF2,pā;bà,䯲
U+4BF3,sōng,䯳
U+4BF4,cháng,䯴
U+4BF5,niè,䯵
U+4BF6,mán;mián,䯶
U+4BF7,sōng,䯷
U+4BF8,cì,䯸
U+4BF9,xiān,䯹
U+4BFA,kuò,䯺
U+4BFC,dí,䯼
U+4BFD,póu;pǒu;bǎo,䯽
U+4BFE,tiáo;diāo,䯾
U+4BFF,zú;suì;zuì,䯿
U+4C00,wǒ,䰀
U+4C01,fèi,䰁
U+4C02,cài,䰂
U+4C03,péng;pèng;fǎng,䰃
U+4C04,sāi;shì,䰄
U+4C06,róu,䰆
U+4C07,qí,䰇
U+4C08,cuó,䰈
U+4C09,pán;bān,䰉
U+4C0A,bó,䰊
U+4C0B,mán,䰋
U+4C0C,zǒng;cōng,䰌
U+4C0D,cì,䰍
U+4C0E,kuì,䰎
U+4C0F,jì,䰏
U+4C10,lán,䰐
U+4C12,méng,䰒
U+4C13,mián,䰓
U+4C14,pán,䰔
U+4C15,lú,䰕
U+4C16,zuǎn,䰖
U+4C17,jiū,䰗
U+4C18,liú;jiǎo,䰘
U+4C19,yǐ,䰙
U+4C1A,wén,䰚
U+4C1B,lì;gé,䰛
U+4C1C,lì,䰜
U+4C1D,zèng,䰝
U+4C1E,zhǔ,䰞
U+4C1F,hún,䰟
U+4C20,shén,䰠
U+4C21,chì,䰡
U+4C22,xìng,䰢
U+4C23,wǎng,䰣
U+4C24,dōng,䰤
U+4C25,huò;yù,䰥
U+4C26,pǐ,䰦
U+4C27,hū,䰧
U+4C28,mèi,䰨
U+4C29,chě;dū,䰩
U+4C2A,mèi,䰪
U+4C2B,chāo;cháo;zhào,䰫
U+4C2C,jú,䰬
U+4C2D,nòu,䰭
U+4C2F,yì,䰯
U+4C30,rú,䰰
U+4C31,líng;lóng,䰱
U+4C32,yà,䰲
U+4C34,qì,䰴
U+4C35,zī,䰵
U+4C37,bàng,䰷
U+4C38,gōng,䰸
U+4C39,zé,䰹
U+4C3A,jiè,䰺
U+4C3B,yú,䰻
U+4C3C,qín;yín;shèn,䰼
U+4C3D,bèi,䰽
U+4C3E,bā;bà,䰾
U+4C3F,tuó,䰿
U+4C40,yāng,䱀
U+4C41,qiáo,䱁
U+4C42,yǒu,䱂
U+4C43,zhì,䱃
U+4C44,jiè,䱄
U+4C45,mò,䱅
U+4C46,shéng,䱆
U+4C47,shàn,䱇
U+4C48,qí,䱈
U+4C49,shàn,䱉
U+4C4A,mǐ,䱊
U+4C4B,gǒng,䱋
U+4C4C,yí,䱌
U+4C4D,gèng,䱍
U+4C4E,gèng,䱎
U+4C4F,tǒu,䱏
U+4C50,fū,䱐
U+4C51,xué,䱑
U+4C52,yè,䱒
U+4C53,tíng;tǐng,䱓
U+4C54,tiáo;chóu,䱔
U+4C55,móu;méi,䱕
U+4C56,liú,䱖
U+4C57,cān,䱗
U+4C58,lí,䱘
U+4C59,shū,䱙
U+4C5A,lù,䱚
U+4C5B,huò;xù;yì,䱛
U+4C5C,cuò,䱜
U+4C5D,pái;bēi,䱝
U+4C5E,liú,䱞
U+4C5F,jù;jū,䱟
U+4C60,zhàn,䱠
U+4C61,jú,䱡
U+4C62,zhēng,䱢
U+4C63,zú,䱣
U+4C64,xiàn,䱤
U+4C65,zhì;jì,䱥
U+4C68,là,䱨
U+4C6B,là,䱫
U+4C6C,xū,䱬
U+4C6D,gèng,䱭
U+4C6E,é,䱮
U+4C6F,mú,䱯
U+4C70,zhòng,䱰
U+4C71,tí;dì,䱱
U+4C72,yuán,䱲
U+4C73,zhān,䱳
U+4C74,gèng,䱴
U+4C75,wēng,䱵
U+4C76,láng,䱶
U+4C77,yú,䱷
U+4C78,sōu;qiū,䱸
U+4C79,zhǎ,䱹
U+4C7A,hái,䱺
U+4C7B,huá,䱻
U+4C7C,zhǎn,䱼
U+4C7D,chāng,䱽
U+4C7E,lóu,䱾
U+4C7F,chàn,䱿
U+4C80,zhì,䲀
U+4C81,wèi,䲁
U+4C82,xuán,䲂
U+4C83,zǎo;suǒ;cháo,䲃
U+4C84,mín,䲄
U+4C85,guī,䲅
U+4C86,sū,䲆
U+4C89,sī,䲉
U+4C8A,duò;wěi;tuò,䲊
U+4C8B,cén,䲋
U+4C8C,kuǎn,䲌
U+4C8D,téng,䲍
U+4C8E,něi,䲎
U+4C8F,láo,䲏
U+4C90,lǔ,䲐
U+4C91,yí,䲑
U+4C92,xiè,䲒
U+4C93,yǎn;yán,䲓
U+4C94,qíng,䲔
U+4C95,pū,䲕
U+4C96,chóu,䲖
U+4C97,xián,䲗
U+4C98,guǎn,䲘
U+4C99,jié,䲙
U+4C9A,lài,䲚
U+4C9B,méng,䲛
U+4C9C,yè,䲜
U+4C9E,lì,䲞
U+4C9F,yìn,䲟
U+4CA0,chūn,䲠
U+4CA1,qiū,䲡
U+4CA2,téng,䲢
U+4CA3,yú,䲣
U+4CA6,dài,䲦
U+4CA7,dù,䲧
U+4CA8,hóng,䲨
U+4CAA,xì,䲪
U+4CAC,qí,䲬
U+4CAE,yuán,䲮
U+4CAF,jí,䲯
U+4CB0,yùn,䲰
U+4CB1,fǎng,䲱
U+4CB2,gōng;sōng,䲲
U+4CB3,háng,䲳
U+4CB4,zhèn,䲴
U+4CB5,què,䲵
U+4CB8,jiè,䲸
U+4CB9,pí,䲹
U+4CBA,gàn,䲺
U+4CBB,xuán;yuān,䲻
U+4CBC,shēng,䲼
U+4CBD,shí;diǎo,䲽
U+4CBE,qiǎo,䲾
U+4CBF,cí,䲿
U+4CC0,dié;yì,䳀
U+4CC1,bó,䳁
U+4CC2,diāo;chāo;tiáo;xiāo,䳂
U+4CC3,wǎn,䳃
U+4CC4,cí,䳄
U+4CC5,zhǐ;zhì,䳅
U+4CC6,bái,䳆
U+4CC7,wǔ,䳇
U+4CC8,bǎo,䳈
U+4CC9,dōng;dàn,䳉
U+4CCA,bá,䳊
U+4CCB,tóng;tōng;xiāo,䳋
U+4CCD,gōng,䳍
U+4CCE,jiù,䳎
U+4CCF,guì;jué,䳏
U+4CD0,cì,䳐
U+4CD1,yǒu,䳑
U+4CD2,yuán,䳒
U+4CD3,lǎo,䳓
U+4CD4,jú;jiù,䳔
U+4CD5,fú,䳕
U+4CD6,niè,䳖
U+4CD7,é,䳗
U+4CD8,é,䳘
U+4CD9,xǐng,䳙
U+4CDA,kàn;hé,䳚
U+4CDB,yàn,䳛
U+4CDC,tú,䳜
U+4CDD,pǒu;bù,䳝
U+4CDE,běng,䳞
U+4CDF,míng,䳟
U+4CE0,shuì;zhù,䳠
U+4CE1,yàn;zhuī,䳡
U+4CE2,qí,䳢
U+4CE3,yuán,䳣
U+4CE4,biē,䳤
U+4CE6,xuān,䳦
U+4CE7,hóu,䳧
U+4CE8,huáng,䳨
U+4CE9,yāo,䳩
U+4CEA,juàn,䳪
U+4CEB,kuí,䳫
U+4CEC,è,䳬
U+4CED,jí,䳭
U+4CEE,mò,䳮
U+4CEF,chóng;chǒng,䳯
U+4CF0,bǎo,䳰
U+4CF1,wù,䳱
U+4CF2,zhèn,䳲
U+4CF3,xù,䳳
U+4CF4,tà;dá,䳴
U+4CF5,chì,䳵
U+4CF6,xī;qī;jī,䳶
U+4CF7,cóng,䳷
U+4CF8,má,䳸
U+4CF9,kòu,䳹
U+4CFA,yàn,䳺
U+4CFB,cán;zhàn,䳻
U+4CFD,hè,䳽
U+4CFE,dēng,䳾
U+4CFF,rán,䳿
U+4D00,tóng,䴀
U+4D01,yù;yú,䴁
U+4D02,xiàng,䴂
U+4D03,náo,䴃
U+4D04,shùn,䴄
U+4D05,fén,䴅
U+4D06,pú;pū,䴆
U+4D07,líng,䴇
U+4D08,ǎo,䴈
U+4D09,huán;xuán,䴉
U+4D0A,yí,䴊
U+4D0B,huán;xuán,䴋
U+4D0C,méng,䴌
U+4D0D,yīng,䴍
U+4D0E,lěi,䴎
U+4D0F,yàn,䴏
U+4D10,bǎo,䴐
U+4D11,dié,䴑
U+4D12,líng,䴒
U+4D13,shī,䴓
U+4D14,jiāo,䴔
U+4D15,liè,䴕
U+4D16,jīng,䴖
U+4D17,jú,䴗
U+4D18,tī,䴘
U+4D19,pì,䴙
U+4D1A,gǎng,䴚
U+4D1B,xiāo,䴛
U+4D1C,wāi,䴜
U+4D1D,chuài,䴝
U+4D1E,dí,䴞
U+4D1F,huán,䴟
U+4D20,yǎo,䴠
U+4D21,lì,䴡
U+4D22,mí,䴢
U+4D23,hū,䴣
U+4D24,shēng,䴤
U+4D25,jiā,䴥
U+4D26,yín,䴦
U+4D27,wēi,䴧
U+4D29,piáo,䴩
U+4D2A,lù,䴪
U+4D2B,líng,䴫
U+4D2C,yì,䴬
U+4D2D,cái,䴭
U+4D2E,shàn,䴮
U+4D2F,hū,䴯
U+4D30,shú;yì,䴰
U+4D31,tuō,䴱
U+4D32,mò,䴲
U+4D33,huá,䴳
U+4D34,tiè;nián,䴴
U+4D35,bǐng,䴵
U+4D36,péng,䴶
U+4D37,hún;huàn,䴷
U+4D38,fū,䴸
U+4D39,guǒ;luǒ;hún,䴹
U+4D3A,bù,䴺
U+4D3B,lí,䴻
U+4D3C,chàn,䴼
U+4D3D,pí,䴽
U+4D3E,cuó,䴾
U+4D3F,méng,䴿
U+4D40,suǒ;suò,䵀
U+4D41,qiàng,䵁
U+4D42,zhí,䵂
U+4D43,kuàng;huáng,䵃
U+4D44,bí,䵄
U+4D45,áo,䵅
U+4D46,méng,䵆
U+4D47,xiàn,䵇
U+4D48,kù,䵈
U+4D49,tóu,䵉
U+4D4A,tuān,䵊
U+4D4B,wěi,䵋
U+4D4C,xiān,䵌
U+4D4E,tuān,䵎
U+4D4F,lǎo,䵏
U+4D50,chǎn,䵐
U+4D51,nì,䵑
U+4D52,nì,䵒
U+4D53,lí,䵓
U+4D54,dǒng,䵔
U+4D55,jù,䵕
U+4D56,qiàn;qīn,䵖
U+4D57,bó;bí,䵗
U+4D58,shài,䵘
U+4D59,zhā;zhǎ,䵙
U+4D5A,tǎo,䵚
U+4D5B,qiàn,䵛
U+4D5C,nǒng,䵜
U+4D5D,yì;yà,䵝
U+4D5E,jìng,䵞
U+4D5F,gǎn,䵟
U+4D60,dí;zhuó,䵠
U+4D61,jiǎn,䵡
U+4D62,mèi,䵢
U+4D63,dá,䵣
U+4D64,jiǎn;xiàn,䵤
U+4D65,yù,䵥
U+4D66,xiè;wū,䵦
U+4D67,zài,䵧
U+4D68,máng,䵨
U+4D69,lí,䵩
U+4D6A,gùn;hùn,䵪
U+4D6B,xūn;yù,䵫
U+4D6C,tà,䵬
U+4D6D,zhè,䵭
U+4D6E,yàng,䵮
U+4D6F,tuǎn,䵯
U+4D70,shāng,䵰
U+4D71,xì;xī,䵱
U+4D72,qiāo,䵲
U+4D73,wèi,䵳
U+4D74,yìng;zèng;yùn,䵴
U+4D75,chuā;zhuó,䵵
U+4D76,qú;gōu,䵶
U+4D77,wā,䵷
U+4D79,zhī,䵹
U+4D7A,tǐng;dǐng;tiǎn,䵺
U+4D7B,huì;gǔ,䵻
U+4D7C,shāng,䵼
U+4D7D,cà,䵽
U+4D7E,fú;fǔ,䵾
U+4D7F,tiè,䵿
U+4D80,tà,䶀
U+4D81,tà,䶁
U+4D82,zhuó;jué,䶂
U+4D83,hán,䶃
U+4D84,píng,䶄
U+4D85,hé,䶅
U+4D86,zhuī,䶆
U+4D87,zhòu,䶇
U+4D88,bó,䶈
U+4D89,liú,䶉
U+4D8A,nǜ,䶊
U+4D8B,xī,䶋
U+4D8C,pào,䶌
U+4D8D,dì,䶍
U+4D8E,hē,䶎
U+4D8F,tì;tǐ,䶏
U+4D90,wài;huì,䶐
U+4D91,tì,䶑
U+4D92,qí,䶒
U+4D93,jì,䶓
U+4D94,chí,䶔
U+4D95,bà;bā,䶕
U+4D96,jìn,䶖
U+4D97,kè;qiā;qiǎ,䶗
U+4D98,lì,䶘
U+4D99,jù,䶙
U+4D9A,qǔ,䶚
U+4D9B,là,䶛
U+4D9C,gǔ,䶜
U+4D9D,qià,䶝
U+4D9E,qí,䶞
U+4D9F,xiàn,䶟
U+4DA0,jiǎn,䶠
U+4DA1,shí;zé,䶡
U+4DA2,jiān;xián,䶢
U+4DA3,ái;gāi,䶣
U+4DA4,huá,䶤
U+4DA5,zhā;jǔ;chǔ,䶥
U+4DA6,zé,䶦
U+4DA7,yǎo,䶧
U+4DA8,zhān,䶨
U+4DA9,jì,䶩
U+4DAA,chà,䶪
U+4DAB,yàn;yán,䶫
U+4DAC,jiān,䶬
U+4DAE,yǎn,䶮
U+4DB0,jiāo,䶰
U+4DB1,tóng,䶱
U+4DB2,nán,䶲
U+4DB3,yuè,䶳
U+4DB5,chí,䶵
U+4E00,yī;yí;yì,一
U+4E01,dīng;zhēng,丁
U+4E02,kǎo;qiǎo;yú,丂
U+4E03,qī;qí,七
U+4E04,shàng,丄
U+4E05,xià,丅
U+4E06,hǎn,丆
U+4E07,wàn;mò,万
U+4E08,zhàng,丈
U+4E09,sān,三
U+4E0A,shàng;shǎng,上
U+4E0B,xià,下
U+4E0C,jī;qí,丌
U+4E0D,bù;fǒu;fōu;fū;bú,不
U+4E0E,yǔ;yù;yú,与
U+4E0F,miǎn,丏
U+4E10,gài,丐
U+4E11,chǒu,丑
U+4E12,chǒu,丒
U+4E13,zhuān,专
U+4E14,qiě;jū;cú,且
U+4E15,pī,丕
U+4E16,shì,世
U+4E17,shì,丗
U+4E18,qiū,丘
U+4E19,bǐng;bìng,丙
U+4E1A,yè,业
U+4E1B,cóng,丛
U+4E1C,dōng,东
U+4E1D,sī,丝
U+4E1E,chéng;shèng;zhēng;zhěng,丞
U+4E1F,diū,丟
U+4E20,qiū,丠
U+4E21,liǎng,両
U+4E22,diū,丢
U+4E23,yǒu,丣
U+4E24,liǎng,两
U+4E25,yán,严
U+4E26,bìng;bàn;bàng,並
U+4E27,sàng;sāng,丧
U+4E28,gǔn,丨
U+4E29,jiū,丩
U+4E2A,gè;gě;gàn,个
U+4E2B,yā,丫
U+4E2C,qiáng,丬
U+4E2D,zhōng;zhòng,中
U+4E2E,jǐ,丮
U+4E2F,jiè,丯
U+4E30,fēng,丰
U+4E31,guàn;kuàng,丱
U+4E32,chuàn;guàn;quàn,串
U+4E33,chǎn;chuàn,丳
U+4E34,lín,临
U+4E35,zhuó,丵
U+4E36,zhǔ,丶
U+4E37,bā,丷
U+4E38,wán,丸
U+4E39,dān,丹
U+4E3A,wèi;wéi,为
U+4E3B,zhǔ;zhù,主
U+4E3C,jǐng;dǎn,丼
U+4E3D,lì;lí,丽
U+4E3E,jǔ,举
U+4E3F,piě;yì,丿
U+4E40,fú,乀
U+4E41,yí;jí,乁
U+4E42,yì;ài,乂
U+4E43,nǎi;ǎi,乃
U+4E44,wǔ,乄
U+4E45,jiǔ,久
U+4E46,jiǔ,乆
U+4E47,tuō;zhé,乇
U+4E48,me;yāo;mó;ma,么
U+4E49,yì,义
U+4E4A,yī,乊
U+4E4B,zhī;zhū;zhì,之
U+4E4C,wū;wù,乌
U+4E4D,zhà;zuò,乍
U+4E4E,hū,乎
U+4E4F,fá,乏
U+4E50,lè;yuè,乐
U+4E51,yín;pān;zhòng,乑
U+4E52,pīng,乒
U+4E53,pāng,乓
U+4E54,qiáo,乔
U+4E55,hǔ,乕
U+4E56,guāi,乖
U+4E57,chéng,乗
U+4E58,chéng;shèng,乘
U+4E59,yǐ;yì;jué,乙
U+4E5A,yǐn,乚
U+4E5B,ya,乛
U+4E5C,miē;niè,乜
U+4E5D,jiǔ;jiū,九
U+4E5E,qǐ;qì,乞
U+4E5F,yě;yí,也
U+4E60,xí,习
U+4E61,xiāng,乡
U+4E62,gài,乢
U+4E63,jiǔ,乣
U+4E64,xià,乤
U+4E65,hù,乥
U+4E66,shū,书
U+4E67,dǒu,乧
U+4E68,shǐ,乨
U+4E69,jī,乩
U+4E6A,náng,乪
U+4E6B,jiā,乫
U+4E6C,jù,乬
U+4E6D,shí,乭
U+4E6E,mǎo,乮
U+4E6F,hū,乯
U+4E70,mǎi,买
U+4E71,luàn,乱
U+4E72,zī,乲
U+4E73,rǔ,乳
U+4E74,xué,乴
U+4E75,yǎn,乵
U+4E76,fǔ,乶
U+4E77,shā,乷
U+4E78,nǎ,乸
U+4E79,gān,乹
U+4E7A,suǒ,乺
U+4E7B,yú,乻
U+4E7C,cui,乼
U+4E7D,zhě,乽
U+4E7E,qián;gān,乾
U+4E7F,zhì;luàn,乿
U+4E80,guī,亀
U+4E81,gān,亁
U+4E82,luàn,亂
U+4E83,lǐn;lìn,亃
U+4E84,yì,亄
U+4E85,jué,亅
U+4E86,le;liǎo;liào,了
U+4E87,ma,亇
U+4E88,yǔ;yú;zhù,予
U+4E89,zhēng,争
U+4E8A,shì,亊
U+4E8B,shì;zì,事
U+4E8C,èr,二
U+4E8D,chù,亍
U+4E8E,yú;wéi;yū;xū,于
U+4E8F,kuī;yú,亏
U+4E90,yú,亐
U+4E91,yún,云
U+4E92,hù,互
U+4E93,qí,亓
U+4E94,wǔ,五
U+4E95,jǐng;jìng,井
U+4E96,sì,亖
U+4E97,suì,亗
U+4E98,gèn;xuān;gèng,亘
U+4E99,gèn;gèng,亙
U+4E9A,yà,亚
U+4E9B,xiē;suò;suō,些
U+4E9C,yà,亜
U+4E9D,qí;zhāi,亝
U+4E9E,yà;yā;è,亞
U+4E9F,jí;qì,亟
U+4EA0,tóu,亠
U+4EA1,wáng;wú,亡
U+4EA2,kàng;gāng;gēng,亢
U+4EA3,dà,亣
U+4EA4,jiāo,交
U+4EA5,hài;jiē,亥
U+4EA6,yì,亦
U+4EA7,chǎn,产
U+4EA8,hēng;xiǎng;pēng,亨
U+4EA9,mǔ,亩
U+4EAA,ye,亪
U+4EAB,xiǎng,享
U+4EAC,jīng,京
U+4EAD,tíng,亭
U+4EAE,liàng;liáng,亮
U+4EAF,xiǎng,亯
U+4EB0,jīng,亰
U+4EB1,yè,亱
U+4EB2,qīn;qìng,亲
U+4EB3,bó,亳
U+4EB4,yòu,亴
U+4EB5,xiè,亵
U+4EB6,dǎn;dàn;chán;zhān,亶
U+4EB7,lián,亷
U+4EB8,duǒ,亸
U+4EB9,wěi;mén,亹
U+4EBA,rén,人
U+4EBB,rén,亻
U+4EBC,jí,亼
U+4EBD,jí,亽
U+4EBE,wáng,亾
U+4EBF,yì,亿
U+4EC0,shén;shí,什
U+4EC1,rén,仁
U+4EC2,lè;lì,仂
U+4EC3,dīng;dǐng,仃
U+4EC4,zè,仄
U+4EC5,jǐn;fù;nú;jìn,仅
U+4EC6,pū;pú,仆
U+4EC7,chóu;qiú;jū,仇
U+4EC8,bā,仈
U+4EC9,zhǎng,仉
U+4ECA,jīn,今
U+4ECB,jiè;gè,介
U+4ECC,bīng,仌
U+4ECD,réng,仍
U+4ECE,cóng;zòng,从
U+4ECF,fó,仏
U+4ED0,sǎn,仐
U+4ED1,lún,仑
U+4ED2,bīng,仒
U+4ED3,cāng,仓
U+4ED4,zǎi;zǐ;zī,仔
U+4ED5,shì,仕
U+4ED6,tā;tuó,他
U+4ED7,zhàng,仗
U+4ED8,fù,付
U+4ED9,xiān;xiǎn,仙
U+4EDA,xiān,仚
U+4EDB,tuō;duó;chà;zhé,仛
U+4EDC,hóng,仜
U+4EDD,tóng,仝
U+4EDE,rèn,仞
U+4EDF,qiān,仟
U+4EE0,gǎn;hàn,仠
U+4EE1,gē;yì;wù,仡
U+4EE2,bó,仢
U+4EE3,dài,代
U+4EE4,lìng;líng;lǐng;lián,令
U+4EE5,yǐ;sì,以
U+4EE6,chào,仦
U+4EE7,cháng,仧
U+4EE8,sā,仨
U+4EE9,cháng,仩
U+4EEA,yí,仪
U+4EEB,mù,仫
U+4EEC,men;mén,们
U+4EED,rèn,仭
U+4EEE,fǎn,仮
U+4EEF,chào;miǎo,仯
U+4EF0,yǎng;áng,仰
U+4EF1,qián;jīng,仱
U+4EF2,zhòng,仲
U+4EF3,pǐ;pí;bì,仳
U+4EF4,wò,仴
U+4EF5,wǔ,仵
U+4EF6,jiàn;móu,件
U+4EF7,jià;jie;jiè,价
U+4EF8,yǎo;fó,仸
U+4EF9,fēng,仹
U+4EFA,cāng,仺
U+4EFB,rèn;rén;lìn,任
U+4EFC,wáng,仼
U+4EFD,fèn;bīn,份
U+4EFE,dī,仾
U+4EFF,fǎng;páng,仿
U+4F00,zhōng,伀
U+4F01,qǐ,企
U+4F02,pèi,伂
U+4F03,yú;yǔ;xù,伃
U+4F04,diào,伄
U+4F05,dùn,伅
U+4F06,wù,伆
U+4F07,yì,伇
U+4F08,xǐn;lǐn,伈
U+4F09,kàng;gāng;kǎng,伉
U+4F0A,yī,伊
U+4F0B,jí;fán,伋
U+4F0C,ài,伌
U+4F0D,wǔ,伍
U+4F0E,jì;zhì;qí;qì,伎
U+4F0F,fú;fù,伏
U+4F10,fá,伐
U+4F11,xiū;xù,休
U+4F12,jìn;yín,伒
U+4F13,pī,伓
U+4F14,dǎn,伔
U+4F15,fū,伕
U+4F16,tǎng,伖
U+4F17,zhòng;yín,众
U+4F18,yōu;yóu,优
U+4F19,huǒ;huo,伙
U+4F1A,huì;kuài,会
U+4F1B,yǔ,伛
U+4F1C,cuì,伜
U+4F1D,yún,伝
U+4F1E,sǎn,伞
U+4F1F,wěi,伟
U+4F20,chuán;zhuàn,传
U+4F21,chē,伡
U+4F22,yá,伢
U+4F23,qiàn;xiàn,伣
U+4F24,shāng,伤
U+4F25,chāng,伥
U+4F26,lún,伦
U+4F27,cāng;chen,伧
U+4F28,xùn,伨
U+4F29,xìn,伩
U+4F2A,wěi,伪
U+4F2B,zhù,伫
U+4F2C,ze,伬
U+4F2D,xián,伭
U+4F2E,nǔ,伮
U+4F2F,bó;bǎi;mò;bà,伯
U+4F30,gū;gù,估
U+4F31,nǐ,伱
U+4F32,nì;ní;nǐ,伲
U+4F33,xiè,伳
U+4F34,bàn;pàn,伴
U+4F35,xù,伵
U+4F36,líng,伶
U+4F37,zhòu,伷
U+4F38,shēn,伸
U+4F39,qū;zù,伹
U+4F3A,cì;sì,伺
U+4F3B,bēng,伻
U+4F3C,shì;sì,似
U+4F3D,gā;jiā;qié,伽
U+4F3E,pī,伾
U+4F3F,yì,伿
U+4F40,sì,佀
U+4F41,yǐ;ǎi;sì;chì,佁
U+4F42,zhēng,佂
U+4F43,diàn;tián,佃
U+4F44,hān;gàn,佄
U+4F45,mài,佅
U+4F46,dàn;tǎn;yàn,但
U+4F47,zhù,佇
U+4F48,bù,佈
U+4F49,qū;qiā,佉
U+4F4A,bǐ,佊
U+4F4B,zhāo;sháo;shào,佋
U+4F4C,cǐ,佌
U+4F4D,wèi;lì,位
U+4F4E,dī,低
U+4F4F,zhù,住
U+4F50,zuǒ,佐
U+4F51,yòu,佑
U+4F52,yǎng;yāng,佒
U+4F53,tǐ;tī;bèn;cuì,体
U+4F54,zhàn;chān;diān,佔
U+4F55,hé;hè,何
U+4F56,bì,佖
U+4F57,tuó;tuō;tuò;yí,佗
U+4F58,shé,佘
U+4F59,yú;tú;xú;yù,余
U+4F5A,yì;dié,佚
U+4F5B,fú;fó;bó;bì,佛
U+4F5C,zuò;zuō;zuó,作
U+4F5D,gōu;kòu;jū,佝
U+4F5E,nìng,佞
U+4F5F,tóng,佟
U+4F60,nǐ,你
U+4F61,xiān,佡
U+4F62,qú,佢
U+4F63,yōng;yòng,佣
U+4F64,wǎ,佤
U+4F65,qiān,佥
U+4F66,shi,佦
U+4F67,kǎ,佧
U+4F68,bāo,佨
U+4F69,pèi,佩
U+4F6A,huí;huái,佪
U+4F6B,hè;gé,佫
U+4F6C,lǎo;liáo,佬
U+4F6D,xiáng,佭
U+4F6E,gé;é,佮
U+4F6F,yáng,佯
U+4F70,bǎi;mò,佰
U+4F71,fǎ,佱
U+4F72,mǐng,佲
U+4F73,jiā,佳
U+4F74,èr;nài,佴
U+4F75,bìng,併
U+4F76,jí,佶
U+4F77,hěn;héng,佷
U+4F78,huó,佸
U+4F79,guǐ;guī,佹
U+4F7A,quán,佺
U+4F7B,tiāo;tiáo;tiào;diǎo;yáo;dào;zhào,佻
U+4F7C,jiǎo;jiāo;xiáo,佼
U+4F7D,cì,佽
U+4F7E,yì,佾
U+4F7F,shǐ,使
U+4F80,xíng,侀
U+4F81,shēn,侁
U+4F82,tuō,侂
U+4F83,kǎn,侃
U+4F84,zhí,侄
U+4F85,gāi;hài,侅
U+4F86,lái;lài,來
U+4F87,yí,侇
U+4F88,chǐ,侈
U+4F89,kuǎ;huá;è;wú,侉
U+4F8A,guāng,侊
U+4F8B,lì;liè,例
U+4F8C,yīn,侌
U+4F8D,shì,侍
U+4F8E,mǐ,侎
U+4F8F,zhū;zhōu,侏
U+4F90,xù,侐
U+4F91,yòu,侑
U+4F92,ān;ǎn,侒
U+4F93,lù,侓
U+4F94,móu;máo,侔
U+4F95,ér,侕
U+4F96,lún;lùn,侖
U+4F97,dòng;tōng;tóng;tǒng,侗
U+4F98,chà,侘
U+4F99,chī,侙
U+4F9A,xùn;xún,侚
U+4F9B,gōng;gòng,供
U+4F9C,zhōu,侜
U+4F9D,yī;yǐ,依
U+4F9E,rú,侞
U+4F9F,cún;jiàn,侟
U+4FA0,xiá,侠
U+4FA1,sì,価
U+4FA2,dài,侢
U+4FA3,lǚ,侣
U+4FA4,ta,侤
U+4FA5,jiǎo;yáo,侥
U+4FA6,zhēn,侦
U+4FA7,cè;zè;zhāi,侧
U+4FA8,qiáo,侨
U+4FA9,kuài,侩
U+4FAA,chái,侪
U+4FAB,nìng,侫
U+4FAC,nóng,侬
U+4FAD,jǐn,侭
U+4FAE,wǔ,侮
U+4FAF,hóu;hòu,侯
U+4FB0,jiǒng,侰
U+4FB1,chěng;tǐng,侱
U+4FB2,zhèn;zhēn;chēn,侲
U+4FB3,zuò,侳
U+4FB4,chǒu,侴
U+4FB5,qīn;qǐn,侵
U+4FB6,lǚ,侶
U+4FB7,jú,侷
U+4FB8,shù;dōu,侸
U+4FB9,tǐng,侹
U+4FBA,shèn,侺
U+4FBB,tuì;tuō,侻
U+4FBC,bó,侼
U+4FBD,nán,侽
U+4FBE,xiāo,侾
U+4FBF,biàn;pián;biān,便
U+4FC0,tuǐ,俀
U+4FC1,yǔ,俁
U+4FC2,xì,係
U+4FC3,cù;chuò,促
U+4FC4,é,俄
U+4FC5,qiú,俅
U+4FC6,xú;shū,俆
U+4FC7,guàng,俇
U+4FC8,kù,俈
U+4FC9,wǔ;wú,俉
U+4FCA,jùn;shùn;dūn,俊
U+4FCB,yì,俋
U+4FCC,fǔ,俌
U+4FCD,liáng;lǎng,俍
U+4FCE,zǔ,俎
U+4FCF,qiào;xiào;xiāo,俏
U+4FD0,lì,俐
U+4FD1,yǒng,俑
U+4FD2,hùn,俒
U+4FD3,jìng;yíng,俓
U+4FD4,qiàn;xiàn,俔
U+4FD5,sàn,俕
U+4FD6,pěi,俖
U+4FD7,sú,俗
U+4FD8,fú,俘
U+4FD9,xī,俙
U+4FDA,lǐ;lì,俚
U+4FDB,fǔ;miǎn,俛
U+4FDC,pīng,俜
U+4FDD,bǎo,保
U+4FDE,yú;shù,俞
U+4FDF,qí;sì,俟
U+4FE0,xiá,俠
U+4FE1,xìn;shēn,信
U+4FE2,xiū,俢
U+4FE3,yǔ,俣
U+4FE4,dì,俤
U+4FE5,chē;jū,俥
U+4FE6,chóu,俦
U+4FE7,zhì,俧
U+4FE8,yǎn,俨
U+4FE9,liǎ;liǎng,俩
U+4FEA,lì,俪
U+4FEB,lái,俫
U+4FEC,sī,俬
U+4FED,jiǎn,俭
U+4FEE,xiū,修
U+4FEF,fǔ,俯
U+4FF0,huò,俰
U+4FF1,jù;jū,俱
U+4FF2,xiào,俲
U+4FF3,pái,俳
U+4FF4,jiàn,俴
U+4FF5,biào,俵
U+4FF6,chù;shū;tì,俶
U+4FF7,fèi,俷
U+4FF8,fèng;běng,俸
U+4FF9,yà;yā,俹
U+4FFA,ǎn;yàn,俺
U+4FFB,bèi,俻
U+4FFC,yù,俼
U+4FFD,xīn,俽
U+4FFE,bǐ;bì;bēi;pì,俾
U+4FFF,hǔ;chí,俿
U+5000,chāng;chéng;zhèng,倀
U+5001,zhī,倁
U+5002,bìng,倂
U+5003,jiù,倃
U+5004,yáo,倄
U+5005,cuì;zú,倅
U+5006,liǎ;liǎng,倆
U+5007,wǎn,倇
U+5008,lái;lài;liē,倈
U+5009,cāng;chuàng,倉
U+500A,zòng,倊
U+500B,gè;gě,個
U+500C,guān,倌
U+500D,bèi;péi,倍
U+500E,tiǎn,倎
U+500F,shū,倏
U+5010,shū,倐
U+5011,men;mèn;mén,們
U+5012,dào;dǎo,倒
U+5013,tán;dàn;tàn,倓
U+5014,jué;juè,倔
U+5015,chuí;zhuì,倕
U+5016,xìng,倖
U+5017,péng;pěng;píng,倗
U+5018,tǎng;cháng,倘
U+5019,hòu,候
U+501A,yǐ;jī;yī,倚
U+501B,qī;qí;qì,倛
U+501C,tì;diào;zhōu,倜
U+501D,gàn,倝
U+501E,jìng;liàng,倞
U+501F,jiè,借
U+5020,suī,倠
U+5021,chàng;chāng,倡
U+5022,jié;qiè,倢
U+5023,fǎng,倣
U+5024,zhí,値
U+5025,kōng;kǒng,倥
U+5026,juàn,倦
U+5027,zōng,倧
U+5028,jù,倨
U+5029,qiàn;qìng,倩
U+502A,ní;nì;niè,倪
U+502B,lún,倫
U+502C,zhuō,倬
U+502D,wō;wēi;wǒ,倭
U+502E,luǒ,倮
U+502F,sōng,倯
U+5030,lèng;líng,倰
U+5031,hùn,倱
U+5032,dōng;dòng,倲
U+5033,zì,倳
U+5034,bèn;bēn,倴
U+5035,wǔ,倵
U+5036,jù,倶
U+5037,nǎi,倷
U+5038,cǎi,倸
U+5039,jiǎn,倹
U+503A,zhài,债
U+503B,yē,倻
U+503C,zhí,值
U+503D,shà,倽
U+503E,qīng,倾
U+503F,nìng,倿
U+5040,yīng,偀
U+5041,chēng,偁
U+5042,qián,偂
U+5043,yǎn,偃
U+5044,ruǎn;rú,偄
U+5045,zhòng;chōng;tóng,偅
U+5046,chǔn,偆
U+5047,jiǎ;jià;jie;xià;xiá;gé,假
U+5048,jì;jié;qì,偈
U+5049,wěi,偉
U+504A,yǔ,偊
U+504B,bìng;bǐng,偋
U+504C,ruò;rè,偌
U+504D,tí,偍
U+504E,wēi,偎
U+504F,piān,偏
U+5050,yàn,偐
U+5051,fēng,偑
U+5052,tǎng;dàng,偒
U+5053,wò,偓
U+5054,è,偔
U+5055,xié;jiē,偕
U+5056,chě,偖
U+5057,shěng,偗
U+5058,kǎn,偘
U+5059,dì,偙
U+505A,zuò,做
U+505B,chā,偛
U+505C,tíng,停
U+505D,bèi,偝
U+505E,xiè;yè;zhá,偞
U+505F,huáng,偟
U+5060,yǎo,偠
U+5061,zhàn,偡
U+5062,chǒu;qiào;zōu,偢
U+5063,yān,偣
U+5064,yóu,偤
U+5065,jiàn,健
U+5066,xǔ;xū,偦
U+5067,zhā,偧
U+5068,cī,偨
U+5069,fù,偩
U+506A,bī;fù,偪
U+506B,zhì,偫
U+506C,zǒng;cōng,偬
U+506D,miǎn,偭
U+506E,jí,偮
U+506F,yǐ,偯
U+5070,xiè,偰
U+5071,xún,偱
U+5072,cāi;sī;sǐ,偲
U+5073,duān,偳
U+5074,cè;zè;zhāi,側
U+5075,zhēn;zhēng,偵
U+5076,ǒu,偶
U+5077,tōu,偷
U+5078,tōu,偸
U+5079,bèi,偹
U+507A,zá;zán;zan,偺
U+507B,lóu;lǚ,偻
U+507C,jié,偼
U+507D,wěi;wéi;é;guì,偽
U+507E,fèn,偾
U+507F,cháng,偿
U+5080,guī;kuǐ;kuài,傀
U+5081,sǒu,傁
U+5082,zhì;sī,傂
U+5083,sù,傃
U+5084,xiā,傄
U+5085,fù;fū,傅
U+5086,yuàn;yuán,傆
U+5087,rǒng,傇
U+5088,lì,傈
U+5089,nù,傉
U+508A,yùn,傊
U+508B,jiǎng;gòu,傋
U+508C,mà;mǎ,傌
U+508D,bàng;páng;bēng;péng,傍
U+508E,diān,傎
U+508F,táng,傏
U+5090,hào,傐
U+5091,jié,傑
U+5092,xī;xì,傒
U+5093,shàn,傓
U+5094,qiàn;jiān,傔
U+5095,jué;què,傕
U+5096,cāng;chéng;chen,傖
U+5097,chù,傗
U+5098,sǎn,傘
U+5099,bèi,備
U+509A,xiào,傚
U+509B,yǒng;róng,傛
U+509C,yáo,傜
U+509D,tàn;tà,傝
U+509E,suō,傞
U+509F,yǎng,傟
U+50A0,fá,傠
U+50A1,bìng,傡
U+50A2,jiā;xiàng,傢
U+50A3,dǎi,傣
U+50A4,zài,傤
U+50A5,tǎng,傥
U+50A6,gǔ,傦
U+50A7,bīn,傧
U+50A8,chǔ,储
U+50A9,nuó,傩
U+50AA,cān;sǎn;càn;cā;sēn,傪
U+50AB,lěi,傫
U+50AC,cuī,催
U+50AD,yōng;chōng;yòng,傭
U+50AE,zāo;cáo,傮
U+50AF,zǒng,傯
U+50B0,bēng;péng,傰
U+50B1,sǒng;shuǎng,傱
U+50B2,ào;áo,傲
U+50B3,chuán;zhuàn,傳
U+50B4,yǔ,傴
U+50B5,zhài,債
U+50B6,zú;qī,傶
U+50B7,shāng,傷
U+50B8,chuǎng,傸
U+50B9,jìng,傹
U+50BA,chì,傺
U+50BB,shǎ,傻
U+50BC,hàn,傼
U+50BD,zhāng,傽
U+50BE,qīng;qǐng,傾
U+50BF,yàn;yān;yìn,傿
U+50C0,dì,僀
U+50C1,xiè;sù,僁
U+50C2,lóu;liǔ;lǚ,僂
U+50C3,bèi,僃
U+50C4,piào;biāo,僄
U+50C5,jǐn;jìn,僅
U+50C6,liàn;lián,僆
U+50C7,lù;liáo,僇
U+50C8,mán;màn,僈
U+50C9,qiān,僉
U+50CA,xiān,僊
U+50CB,tàn;làn;tǎn,僋
U+50CC,yíng,僌
U+50CD,dòng,働
U+50CE,zhuàn;zūn,僎
U+50CF,xiàng,像
U+50D0,shàn,僐
U+50D1,qiáo;jiǎo,僑
U+50D2,jiǒng,僒
U+50D3,tuǐ;tuí,僓
U+50D4,zǔn;cuán,僔
U+50D5,pú;pū;bú,僕
U+50D6,xī,僖
U+50D7,láo;lào,僗
U+50D8,chǎng,僘
U+50D9,guāng,僙
U+50DA,liáo;liǎo;lǎo,僚
U+50DB,qī,僛
U+50DC,chēng;dèng;dēng;téng,僜
U+50DD,chán;zhuàn,僝
U+50DE,wěi,僞
U+50DF,jī,僟
U+50E0,bō,僠
U+50E1,huì,僡
U+50E2,chuǎn;chǔn,僢
U+50E3,tiě;jiàn,僣
U+50E4,dàn;chán;chǎn;shàn;dá,僤
U+50E5,jiǎo;yáo;jiāo,僥
U+50E6,jiù,僦
U+50E7,sēng;céng,僧
U+50E8,fèn,僨
U+50E9,xiàn,僩
U+50EA,jú;yù,僪
U+50EB,è,僫
U+50EC,jiāo;jiào;jiǎo,僬
U+50ED,jiàn;zèn,僭
U+50EE,tóng;zhuàng;chòng,僮
U+50EF,lìn;lǐn,僯
U+50F0,bó,僰
U+50F1,gù,僱
U+50F2,xiān,僲
U+50F3,sù,僳
U+50F4,xiàn,僴
U+50F5,jiāng,僵
U+50F6,mǐn,僶
U+50F7,yè,僷
U+50F8,jìn,僸
U+50F9,jià;qiǎ;jie,價
U+50FA,qiào,僺
U+50FB,pì,僻
U+50FC,fēng,僼
U+50FD,zhòu;zhōu,僽
U+50FE,ài,僾
U+50FF,sài,僿
U+5100,yí,儀
U+5101,jùn,儁
U+5102,nóng,儂
U+5103,chán;shàn;tǎn;dàn;zhǎn,儃
U+5104,yì;yī,億
U+5105,dàng;dāng,儅
U+5106,jǐng,儆
U+5107,xuān;xuán,儇
U+5108,kuài,儈
U+5109,jiǎn,儉
U+510A,chù,儊
U+510B,dān;dàn;shàn,儋
U+510C,jiǎo;jiāo,儌
U+510D,shǎ,儍
U+510E,zài,儎
U+510F,càn,儏
U+5110,bīn;bìn,儐
U+5111,án;àn,儑
U+5112,rú,儒
U+5113,tái;tài,儓
U+5114,chóu;dào,儔
U+5115,chái,儕
U+5116,lán,儖
U+5117,nǐ;yí;yì;ài,儗
U+5118,jǐn;jìn,儘
U+5119,qiàn,儙
U+511A,méng,儚
U+511B,wǔ,儛
U+511C,níng,儜
U+511D,qióng,儝
U+511E,nǐ,儞
U+511F,cháng,償
U+5120,liè;là,儠
U+5121,lěi;léi;lèi,儡
U+5122,lǚ,儢
U+5123,kuǎng,儣
U+5124,bào,儤
U+5125,yù;dí;dú,儥
U+5126,biāo,儦
U+5127,zǎn,儧
U+5128,zhì,儨
U+5129,sì,儩
U+512A,yōu,優
U+512B,háo,儫
U+512C,qìng,儬
U+512D,chèn;qìn;qīn,儭
U+512E,lì,儮
U+512F,téng,儯
U+5130,wěi,儰
U+5131,lǒng;lòng;lóng,儱
U+5132,chǔ;chú,儲
U+5133,chán;chàn,儳
U+5134,ráng;xiāng,儴
U+5135,shū;tiáo,儵
U+5136,huì;xié,儶
U+5137,lì;lí,儷
U+5138,luó,儸
U+5139,zǎn,儹
U+513A,nuó,儺
U+513B,tǎng;tàng;chǎng,儻
U+513C,yǎn,儼
U+513D,léi;lěi;luǒ,儽
U+513E,nàng,儾
U+513F,ér;er;rén,儿
U+5140,wù;wū,兀
U+5141,yǔn;yuán,允
U+5142,zān,兂
U+5143,yuán,元
U+5144,xiōng;kuàng,兄
U+5145,chōng,充
U+5146,zhào,兆
U+5147,xiōng,兇
U+5148,xiān,先
U+5149,guāng;guàng,光
U+514A,duì,兊
U+514B,kè,克
U+514C,duì,兌
U+514D,miǎn;wèn;wǎn,免
U+514E,tù,兎
U+514F,cháng,兏
U+5150,ér,児
U+5151,duì;ruì;duó,兑
U+5152,ér;ní,兒
U+5153,jīn;zàn,兓
U+5154,tù;tú;chān,兔
U+5155,sì,兕
U+5156,yǎn,兖
U+5157,yǎn,兗
U+5158,shǐ,兘
U+515A,dǎng,党
U+515B,qiān,兛
U+515C,dōu,兜
U+515D,fēn,兝
U+515E,máo,兞
U+515F,shēn,兟
U+5160,dōu,兠
U+5162,jīng,兢
U+5163,lǐ,兣
U+5164,huǎng,兤
U+5165,rù,入
U+5166,wáng,兦
U+5167,nèi,內
U+5168,quán,全
U+5169,liǎng;liàng,兩
U+516A,yú;yù;shù;shū;zhū,兪
U+516B,bā;bá,八
U+516C,gōng,公
U+516D,liù;lù,六
U+516E,xī,兮
U+516F,han,兯
U+5170,lán,兰
U+5171,gòng;gōng;gǒng;hóng,共
U+5172,tiān,兲
U+5173,guān,关
U+5174,xīng;xìng,兴
U+5175,bīng,兵
U+5176,qí;jī;jì,其
U+5177,jù,具
U+5178,diǎn;tiǎn,典
U+5179,zī;cí,兹
U+517A,fēn,兺
U+517B,yǎng,养
U+517C,jiān,兼
U+517D,shòu,兽
U+517E,jì,兾
U+517F,yì,兿
U+5180,jì,冀
U+5181,chǎn,冁
U+5182,jiōng;jiǒng,冂
U+5183,mào,冃
U+5184,rǎn,冄
U+5185,nèi;nà;ruì,内
U+5186,yuán,円
U+5187,mǎo,冇
U+5188,gāng,冈
U+5189,rǎn;nán;dān,冉
U+518A,cè,冊
U+518B,jiōng;jiǒng,冋
U+518C,cè;zhà,册
U+518D,zài,再
U+518E,guǎ,冎
U+518F,jiǒng;jiōng,冏
U+5190,mào,冐
U+5191,zhòu,冑
U+5192,mào;mò,冒
U+5193,gòu;gōu,冓
U+5194,xǔ,冔
U+5195,miǎn,冕
U+5196,mì,冖
U+5197,rǒng,冗
U+5198,yín;yóu,冘
U+5199,xiě;xiè,写
U+519A,kǎn,冚
U+519B,jūn,军
U+519C,nóng,农
U+519D,yí,冝
U+519E,mí,冞
U+519F,shì,冟
U+51A0,guān;guàn,冠
U+51A1,méng,冡
U+51A2,zhǒng,冢
U+51A3,jù,冣
U+51A4,yuān,冤
U+51A5,míng;mián;miàn,冥
U+51A6,kòu,冦
U+51A7,lín,冧
U+51A8,fù,冨
U+51A9,xiě,冩
U+51AA,mì,冪
U+51AB,bīng,冫
U+51AC,dōng,冬
U+51AD,tài,冭
U+51AE,gāng,冮
U+51AF,féng;píng,冯
U+51B0,bīng;níng,冰
U+51B1,hù,冱
U+51B2,chōng;chòng,冲
U+51B3,jué,决
U+51B4,hù,冴
U+51B5,kuàng,况
U+51B6,yě,冶
U+51B7,lěng;líng;lǐng,冷
U+51B8,pàn,冸
U+51B9,fú,冹
U+51BA,mǐn,冺
U+51BB,dòng,冻
U+51BC,xiǎn;shěng,冼
U+51BD,liè,冽
U+51BE,qià,冾
U+51BF,jiān,冿
U+51C0,jìng;chēng,净
U+51C1,sōu,凁
U+51C2,měi,凂
U+51C3,tú,凃
U+51C4,qī,凄
U+51C5,gù,凅
U+51C6,zhǔn,准
U+51C7,sōng,凇
U+51C8,jìng,凈
U+51C9,liáng;liàng,凉
U+51CA,qìng,凊
U+51CB,diāo,凋
U+51CC,líng;lìng,凌
U+51CD,dòng,凍
U+51CE,gàn,凎
U+51CF,jiǎn,减
U+51D0,yīn,凐
U+51D1,còu,凑
U+51D2,ái,凒
U+51D3,lì,凓
U+51D4,chuàng;cāng,凔
U+51D5,mǐng,凕
U+51D6,zhǔn,凖
U+51D7,cuī,凗
U+51D8,sī,凘
U+51D9,duó,凙
U+51DA,jìn,凚
U+51DB,lǐn,凛
U+51DC,lǐn,凜
U+51DD,níng,凝
U+51DE,xī,凞
U+51DF,dú,凟
U+51E0,jǐ;jī,几
U+51E1,fán,凡
U+51E2,fán,凢
U+51E3,fán,凣
U+51E4,fèng,凤
U+51E5,jū,凥
U+51E6,chǔ;chù,処
U+51E7,zhēng,凧
U+51E8,fēng,凨
U+51E9,mù,凩
U+51EA,zhǐ,凪
U+51EB,fú,凫
U+51EC,fēng,凬
U+51ED,píng,凭
U+51EE,fēng,凮
U+51EF,kǎi,凯
U+51F0,huáng,凰
U+51F1,kǎi,凱
U+51F2,gān,凲
U+51F3,dèng,凳
U+51F4,píng,凴
U+51F5,qiǎn;kǎn,凵
U+51F6,xiōng,凶
U+51F7,kuài,凷
U+51F8,tū,凸
U+51F9,āo;wā,凹
U+51FA,chū,出
U+51FB,jī,击
U+51FC,dàng,凼
U+51FD,hán,函
U+51FE,hán,凾
U+51FF,záo;zuò,凿
U+5200,dāo;diāo,刀
U+5201,diāo,刁
U+5202,dāo,刂
U+5203,rèn,刃
U+5204,rèn,刄
U+5205,chuāng,刅
U+5206,fēn;fèn;fén,分
U+5207,qiè;qiē;qì,切
U+5208,yì,刈
U+5209,jī,刉
U+520A,kān,刊
U+520B,qiàn,刋
U+520C,cǔn,刌
U+520D,chú,刍
U+520E,wěn,刎
U+520F,jī,刏
U+5210,dǎn,刐
U+5211,xíng,刑
U+5212,huà;huá;guò;guǒ;huai,划
U+5213,wán,刓
U+5214,jué,刔
U+5215,lí,刕
U+5216,yuè,刖
U+5217,liè;lì,列
U+5218,liú,刘
U+5219,zé,则
U+521A,gāng,刚
U+521B,chuàng;chuāng,创
U+521C,fú,刜
U+521D,chū,初
U+521E,qù,刞
U+521F,diāo,刟
U+5220,shān,删
U+5221,mǐn,刡
U+5222,líng,刢
U+5223,zhōng,刣
U+5224,pàn,判
U+5225,bié,別
U+5226,jié,刦
U+5227,jié,刧
U+5228,páo;bào,刨
U+5229,lì,利
U+522A,shān,刪
U+522B,bié;biè,别
U+522C,chǎn;chàn,刬
U+522D,jǐng,刭
U+522E,guā,刮
U+522F,gēng,刯
U+5230,dào,到
U+5231,chuàng,刱
U+5232,kuī,刲
U+5233,kū;kōu,刳
U+5234,duò,刴
U+5235,èr,刵
U+5236,zhì,制
U+5237,shuā;shuà,刷
U+5238,quàn;xuàn,券
U+5239,shā;chà,刹
U+523A,cì;cī;qì,刺
U+523B,kè;kēi,刻
U+523C,jié,刼
U+523D,guì,刽
U+523E,cì,刾
U+523F,guì,刿
U+5240,kǎi,剀
U+5241,duò,剁
U+5242,jì,剂
U+5243,tì,剃
U+5244,jǐng,剄
U+5245,lóu;dōu,剅
U+5246,luǒ,剆
U+5247,zé,則
U+5248,yuān,剈
U+5249,cuò,剉
U+524A,xuē;xiāo;qiào;shào,削
U+524B,kè;kēi,剋
U+524C,lá;là,剌
U+524D,qián;jiǎn,前
U+524E,shā,剎
U+524F,chuàng,剏
U+5250,guǎ,剐
U+5251,jiàn,剑
U+5252,cuò,剒
U+5253,lí,剓
U+5254,tī;tì,剔
U+5255,fèi,剕
U+5256,pōu;pǒ,剖
U+5257,chǎn;chàn,剗
U+5258,qí,剘
U+5259,chuàng,剙
U+525A,zì,剚
U+525B,gāng,剛
U+525C,wān,剜
U+525D,bō,剝
U+525E,jī,剞
U+525F,duō;chì,剟
U+5260,qíng;lüè,剠
U+5261,shàn;yǎn,剡
U+5262,dū;zhuó,剢
U+5263,jiàn,剣
U+5264,jì,剤
U+5265,bō;bāo;pū,剥
U+5266,yān,剦
U+5267,jù,剧
U+5268,huō;huò,剨
U+5269,shèng,剩
U+526A,jiǎn,剪
U+526B,duó;dù,剫
U+526C,duān;tuán;zhì,剬
U+526D,wū,剭
U+526E,guǎ,剮
U+526F,fù;pì,副
U+5270,shèng,剰
U+5271,jiàn,剱
U+5272,gē,割
U+5273,dá;zhá,剳
U+5274,kǎi;āi,剴
U+5275,chuàng;chuāng;qiāng,創
U+5276,chuān,剶
U+5277,chǎn,剷
U+5278,tuán;zhuān;zhuàn,剸
U+5279,lù;jiū,剹
U+527A,lí,剺
U+527B,pěng,剻
U+527C,shān,剼
U+527D,piāo;piào;piáo;biǎo;biāo,剽
U+527E,kōu,剾
U+527F,jiǎo;chāo,剿
U+5280,guā,劀
U+5281,qiāo;qiáo,劁
U+5282,jué,劂
U+5283,huà;huá;huai,劃
U+5284,zhā;zhá,劄
U+5285,zhuó,劅
U+5286,lián,劆
U+5287,jù,劇
U+5288,pī;pǐ,劈
U+5289,liú,劉
U+528A,guì,劊
U+528B,jiǎo;chāo,劋
U+528C,guì,劌
U+528D,jiàn,劍
U+528E,jiàn,劎
U+528F,tāng,劏
U+5290,huō;huò;huá,劐
U+5291,jì,劑
U+5292,jiàn,劒
U+5293,yì,劓
U+5294,jiàn,劔
U+5295,zhì,劕
U+5296,chán,劖
U+5297,jiǎn;zuān,劗
U+5298,mó;mí,劘
U+5299,lí,劙
U+529A,zhú,劚
U+529B,lì,力
U+529C,yà,劜
U+529D,quàn,劝
U+529E,bàn,办
U+529F,gōng,功
U+52A0,jiā,加
U+52A1,wù,务
U+52A2,mài,劢
U+52A3,liè,劣
U+52A4,jìn,劤
U+52A5,kēng,劥
U+52A6,xié;liè,劦
U+52A7,zhǐ,劧
U+52A8,dòng,动
U+52A9,zhù;chú,助
U+52AA,nǔ,努
U+52AB,jié,劫
U+52AC,qú,劬
U+52AD,shào,劭
U+52AE,yì,劮
U+52AF,zhū,劯
U+52B0,mò,劰
U+52B1,lì,励
U+52B2,jìn;jìng,劲
U+52B3,láo,劳
U+52B4,láo,労
U+52B5,juàn,劵
U+52B6,kǒu,劶
U+52B7,yáng,劷
U+52B8,wā,劸
U+52B9,xiào,効
U+52BA,móu,劺
U+52BB,kuāng,劻
U+52BC,jié,劼
U+52BD,liè,劽
U+52BE,hé;kài,劾
U+52BF,shì,势
U+52C0,kè,勀
U+52C1,jìn;jìng,勁
U+52C2,gào,勂
U+52C3,bó,勃
U+52C4,mǐn,勄
U+52C5,chì,勅
U+52C6,láng,勆
U+52C7,yǒng,勇
U+52C8,yǒng,勈
U+52C9,miǎn,勉
U+52CA,kè,勊
U+52CB,xūn,勋
U+52CC,juàn;juān,勌
U+52CD,qíng,勍
U+52CE,lù,勎
U+52CF,bù,勏
U+52D0,měng,勐
U+52D1,chì;lài,勑
U+52D2,lēi;lè;lei,勒
U+52D3,kài,勓
U+52D4,miǎn,勔
U+52D5,dòng,動
U+52D6,xù;mào,勖
U+52D7,xù,勗
U+52D8,kān,勘
U+52D9,wù;wǔ;wú;máo;mào,務
U+52DA,yì,勚
U+52DB,xūn,勛
U+52DC,wěng;yǎng,勜
U+52DD,shèng,勝
U+52DE,láo;lào;liáo,勞
U+52DF,mù;bó,募
U+52E0,lù,勠
U+52E1,piào,勡
U+52E2,shì,勢
U+52E3,jī,勣
U+52E4,qín;qí,勤
U+52E5,jiàng;qiǎng;jiǎng,勥
U+52E6,chāo;jiǎo;cháo,勦
U+52E7,quàn,勧
U+52E8,xiàng,勨
U+52E9,yì,勩
U+52EA,jué,勪
U+52EB,fān,勫
U+52EC,juān,勬
U+52ED,tóng;dòng,勭
U+52EE,jù,勮
U+52EF,dān,勯
U+52F0,xié,勰
U+52F1,mài,勱
U+52F2,xūn,勲
U+52F3,xūn,勳
U+52F4,lǜ,勴
U+52F5,lì,勵
U+52F6,chè,勶
U+52F7,ráng;xiāng,勷
U+52F8,quàn,勸
U+52F9,bāo,勹
U+52FA,sháo;shuò;zhuó;dì,勺
U+52FB,yún,勻
U+52FC,jiū,勼
U+52FD,bào,勽
U+52FE,gōu;gòu,勾
U+52FF,wù;mò,勿
U+5300,yún;jūn;yùn,匀
U+5301,wén,匁
U+5302,xiōng,匂
U+5303,gài,匃
U+5304,gài,匄
U+5305,bāo;páo;fú,包
U+5306,cōng,匆
U+5307,yì,匇
U+5308,xiōng,匈
U+5309,pēng,匉
U+530A,jū,匊
U+530B,táo;yáo,匋
U+530C,gé,匌
U+530D,pú,匍
U+530E,è,匎
U+530F,páo,匏
U+5310,fú,匐
U+5311,gōng,匑
U+5312,dá,匒
U+5313,jiù,匓
U+5314,gōng,匔
U+5315,bǐ;pìn,匕
U+5316,huà;huā;huò,化
U+5317,běi;bèi,北
U+5318,nǎo,匘
U+5319,shi;chí,匙
U+531A,fāng;fàng,匚
U+531B,jiù,匛
U+531C,yí,匜
U+531D,zā,匝
U+531E,jiàng,匞
U+531F,kàng,匟
U+5320,jiàng,匠
U+5321,kuāng;wāng,匡
U+5322,hū,匢
U+5323,xiá,匣
U+5324,qū,匤
U+5325,fán,匥
U+5326,guǐ,匦
U+5327,qiè,匧
U+5328,zāng;cáng,匨
U+5329,kuāng,匩
U+532A,fěi;fēi;fēn,匪
U+532B,hū,匫
U+532C,yǔ,匬
U+532D,guǐ,匭
U+532E,kuì;guì,匮
U+532F,huì,匯
U+5330,dān,匰
U+5331,guì;kuì,匱
U+5332,lián,匲
U+5333,lián,匳
U+5334,suǎn,匴
U+5335,dú,匵
U+5336,jiù,匶
U+5337,jué,匷
U+5338,xì,匸
U+5339,pǐ,匹
U+533A,qū;ōu,区
U+533B,yī;yì,医
U+533C,kē;ē;ǎn,匼
U+533D,yǎn;yàn,匽
U+533E,biǎn,匾
U+533F,nì;tè,匿
U+5340,qū;ōu;gōu;qiū;kòu,區
U+5341,shí,十
U+5342,xùn,卂
U+5343,qiān,千
U+5344,niàn,卄
U+5345,sà,卅
U+5346,zú,卆
U+5347,shēng,升
U+5348,wǔ,午
U+5349,huì,卉
U+534A,bàn;pàn,半
U+534B,shì,卋
U+534C,xì,卌
U+534D,wàn,卍
U+534E,huá;huà;huā,华
U+534F,xié,协
U+5350,wàn,卐
U+5351,bēi;bǐ;bì;pí;bān,卑
U+5352,zú;cù;cuì,卒
U+5353,zhuó;zhuō,卓
U+5354,xié,協
U+5355,dān;chán;shàn,单
U+5356,mài,卖
U+5357,nán;nā,南
U+5358,dān,単
U+5359,jí;chì,卙
U+535A,bó,博
U+535B,shuài,卛
U+535C,bo;bǔ;pū,卜
U+535D,kuàng;guàn,卝
U+535E,biàn;pán,卞
U+535F,bǔ;jī,卟
U+5360,zhàn;zhān;tiē,占
U+5361,kǎ;qiǎ,卡
U+5362,lú,卢
U+5363,yǒu,卣
U+5364,lǔ;xī,卤
U+5365,xī,卥
U+5366,guà,卦
U+5367,wò,卧
U+5368,xiè,卨
U+5369,jié,卩
U+536A,jié,卪
U+536B,wèi,卫
U+536C,áng;yǎng,卬
U+536D,qióng,卭
U+536E,zhī,卮
U+536F,mǎo,卯
U+5370,yìn;yì,印
U+5371,wēi,危
U+5372,shào,卲
U+5373,jí,即
U+5374,què,却
U+5375,luǎn;kūn,卵
U+5376,chǐ,卶
U+5377,juǎn;juàn;quán;quān;gǔn;jùn,卷
U+5378,xiè,卸
U+5379,xù;sū,卹
U+537A,jǐn,卺
U+537B,què;jiǎo;xì,卻
U+537C,wù,卼
U+537D,jí,卽
U+537E,è,卾
U+537F,qīng,卿
U+5380,xī,厀
U+5381,sān,厁
U+5382,chǎng;hǎn;yán;ān,厂
U+5383,wěi;yán,厃
U+5384,è;ě,厄
U+5385,tīng,厅
U+5386,lì,历
U+5387,zhé;zhái,厇
U+5388,hǎn;àn,厈
U+5389,lì,厉
U+538A,yǎ,厊
U+538B,yā;yà,压
U+538C,yàn,厌
U+538D,shè,厍
U+538E,dǐ;zhǐ,厎
U+538F,zhǎ;zhǎi,厏
U+5390,páng,厐
U+5391,yá,厑
U+5392,qiè,厒
U+5393,yá;ái,厓
U+5394,zhì;shī,厔
U+5395,cè;si,厕
U+5396,páng;máng,厖
U+5397,tí,厗
U+5398,lí;chán,厘
U+5399,shè,厙
U+539A,hòu,厚
U+539B,tīng,厛
U+539C,zuī,厜
U+539D,cuò;jí,厝
U+539E,fèi,厞
U+539F,yuán,原
U+53A0,cè,厠
U+53A1,yuán,厡
U+53A2,xiāng,厢
U+53A3,yǎn,厣
U+53A4,lì,厤
U+53A5,jué,厥
U+53A6,shà;xià,厦
U+53A7,diān,厧
U+53A8,chú,厨
U+53A9,jiù,厩
U+53AA,jǐn,厪
U+53AB,áo,厫
U+53AC,guǐ,厬
U+53AD,yàn;yā;yǎn;yān;yì,厭
U+53AE,sī,厮
U+53AF,lì,厯
U+53B0,chǎng,厰
U+53B1,lán;qiān,厱
U+53B2,lì;lài,厲
U+53B3,yán,厳
U+53B4,yǎn,厴
U+53B5,yuán,厵
U+53B6,sī;mǒu,厶
U+53B7,gōng;hóng,厷
U+53B8,lín;min,厸
U+53B9,róu;qiú,厹
U+53BA,qù,厺
U+53BB,qù;qū,去
U+53BC,ěr,厼
U+53BD,lěi,厽
U+53BE,dū;dǔ,厾
U+53BF,xiàn,县
U+53C0,zhuān;huì,叀
U+53C1,sān,叁
U+53C2,cān;cēn;shēn,参
U+53C3,cān;shēn;sān;cēn;càn;sǎn,參
U+53C4,cān,叄
U+53C5,cān,叅
U+53C6,ài,叆
U+53C7,dài,叇
U+53C8,yòu,又
U+53C9,chā;chá;chǎ;chà,叉
U+53CA,jí,及
U+53CB,yǒu,友
U+53CC,shuāng,双
U+53CD,fǎn;fàn,反
U+53CE,shōu,収
U+53CF,guài,叏
U+53D0,bá,叐
U+53D1,fā;fà,发
U+53D2,ruò,叒
U+53D3,shì;lì,叓
U+53D4,shū,叔
U+53D5,zhuó;yǐ;lì;jué,叕
U+53D6,qǔ;qū,取
U+53D7,shòu;dào,受
U+53D8,biàn,变
U+53D9,xù,叙
U+53DA,jiǎ;xiá,叚
U+53DB,pàn,叛
U+53DC,sǒu,叜
U+53DD,jí,叝
U+53DE,wèi,叞
U+53DF,sǒu;sōu;xiāo,叟
U+53E0,dié,叠
U+53E1,ruì,叡
U+53E2,cóng,叢
U+53E3,kǒu,口
U+53E4,gǔ;gù;kū,古
U+53E5,jù;gōu;gòu;qú,句
U+53E6,lìng,另
U+53E7,guǎ,叧
U+53E8,dāo;dáo;tāo,叨
U+53E9,kòu,叩
U+53EA,zhǐ;zhī,只
U+53EB,jiào,叫
U+53EC,zhào;shào,召
U+53ED,bā;pā;ba,叭
U+53EE,dīng,叮
U+53EF,kě;kè;gē,可
U+53F0,tái;tāi;yí;sì,台
U+53F1,chì;huà;é,叱
U+53F2,shǐ,史
U+53F3,yòu,右
U+53F4,qiú,叴
U+53F5,pǒ,叵
U+53F6,yè;xié,叶
U+53F7,hào;háo;xiāo,号
U+53F8,sī;cí;sì,司
U+53F9,tàn;yǐ;yòu,叹
U+53FA,chǐ,叺
U+53FB,lè;lì,叻
U+53FC,diāo,叼
U+53FD,jī;jiào,叽
U+53FE,liǎo,叾
U+53FF,hōng;hóng,叿
U+5400,miē,吀
U+5401,xū;yū;yù,吁
U+5402,máng;màng,吂
U+5403,chī;qī,吃
U+5404,gè;gě,各
U+5405,xuān;sòng,吅
U+5406,yāo,吆
U+5407,zǐ;jí,吇
U+5408,hé;gě,合
U+5409,jí,吉
U+540A,diào,吊
U+540B,cùn;dòu;yīng,吋
U+540C,tóng;tòng,同
U+540D,míng;mìng,名
U+540E,hòu,后
U+540F,lì,吏
U+5410,tǔ;tù,吐
U+5411,xiàng,向
U+5412,zhā;zhà,吒
U+5413,xià;hè;hà,吓
U+5414,yě;yē,吔
U+5415,lǚ,吕
U+5416,yā;ā,吖
U+5417,ma;má;mǎ,吗
U+5418,ǒu,吘
U+5419,huō,吙
U+541A,yī;xī,吚
U+541B,jūn,君
U+541C,chǒu,吜
U+541D,lìn,吝
U+541E,tūn;tiān,吞
U+541F,yín;yǐn;jìn,吟
U+5420,fèi,吠
U+5421,bǐ;bì;pǐ,吡
U+5422,qìn,吢
U+5423,qìn,吣
U+5424,jiè;gè;xiè,吤
U+5425,bù;pōu,吥
U+5426,fǒu;pǐ,否
U+5427,ba;bā;pā,吧
U+5428,dūn;tún;tǔn,吨
U+5429,fēn;pèn,吩
U+542A,é;huā,吪
U+542B,hán;hàn,含
U+542C,tīng;yǐn;yí,听
U+542D,kēng;háng;hàng,吭
U+542E,shǔn,吮
U+542F,qǐ,启
U+5430,hóng,吰
U+5431,zhī;zī;qì,吱
U+5432,yǐn;shěn,吲
U+5433,wú;yú,吳
U+5434,wú;tūn,吴
U+5435,chǎo;chāo;miǎo;chào,吵
U+5436,nà,吶
U+5437,xuè;chuò;jué,吷
U+5438,xī,吸
U+5439,chuī;chuì,吹
U+543A,dōu;rú,吺
U+543B,wěn,吻
U+543C,hǒu,吼
U+543D,hōng;ōu;hǒu,吽
U+543E,wú;yú;yá,吾
U+543F,gào,吿
U+5440,ya;yā;xiā,呀
U+5441,jùn,呁
U+5442,lǚ,呂
U+5443,è;e;ài,呃
U+5444,gé,呄
U+5445,méi;wěn,呅
U+5446,dāi;bǎo;ái,呆
U+5447,qǐ;mèn,呇
U+5448,chéng;kuáng;chěng,呈
U+5449,wú,呉
U+544A,gào;jū;gù,告
U+544B,fū,呋
U+544C,jiào,呌
U+544D,hōng,呍
U+544E,chǐ;yīng,呎
U+544F,shēng,呏
U+5450,nà;nè;na;nuò;ne,呐
U+5451,tūn,呑
U+5452,wǔ;ḿ,呒
U+5453,yì,呓
U+5454,dāi;tǎi,呔
U+5455,ǒu;ōu;òu,呕
U+5456,lì,呖
U+5457,bei;bài,呗
U+5458,yuán;yùn;yún,员
U+5459,guō,呙
U+545A,wen,呚
U+545B,qiāng;qiàng,呛
U+545C,wū,呜
U+545D,è,呝
U+545E,shī,呞
U+545F,juǎn,呟
U+5460,pěn,呠
U+5461,wěn;mǐn,呡
U+5462,ne;ní;nǐ;nī,呢
U+5463,ḿ;m̀;móu,呣
U+5464,lìng;líng,呤
U+5465,rán,呥
U+5466,yōu,呦
U+5467,dǐ,呧
U+5468,zhōu,周
U+5469,shì,呩
U+546A,zhòu,呪
U+546B,tiè;chè,呫
U+546C,xì;chì,呬
U+546D,yì,呭
U+546E,qì;zhī,呮
U+546F,píng,呯
U+5470,zǐ;cī;jī;xì,呰
U+5471,gū;guā;guǎ,呱
U+5472,cī;cí;zī,呲
U+5473,wèi;mèi,味
U+5474,xǔ;hǒu;hōu;gòu;gōu;gū,呴
U+5475,hē;hā;ā;a;kē;huō;á;à,呵
U+5476,náo;ná;nǔ,呶
U+5477,gā;xiā;jiǎ,呷
U+5478,pēi,呸
U+5479,yì;chì,呹
U+547A,xiāo;háo,呺
U+547B,shēn,呻
U+547C,hū;xiāo;xū;hè;xià,呼
U+547D,mìng,命
U+547E,dá;yà;tǎ;dàn,呾
U+547F,qù;kā,呿
U+5480,jǔ;zuǐ,咀
U+5481,gàn;hán;xián,咁
U+5482,zā,咂
U+5483,tuō,咃
U+5484,duō,咄
U+5485,pǒu,咅
U+5486,páo,咆
U+5487,bié;bì,咇
U+5488,fú,咈
U+5489,yāng;yǎng,咉
U+548A,hé,咊
U+548B,zǎ;zé;zhā;zhà,咋
U+548C,hé;hè;hú;huó;huò;huo,和
U+548D,hāi;tāi,咍
U+548E,jiù;gāo,咎
U+548F,yǒng,咏
U+5490,fù;fú,咐
U+5491,dā,咑
U+5492,zhòu,咒
U+5493,wǎ,咓
U+5494,kā;kǎ;nòng,咔
U+5495,gū;gu,咕
U+5496,kā;gā;jiā,咖
U+5497,zuo,咗
U+5498,bù,咘
U+5499,lóng,咙
U+549A,dōng,咚
U+549B,níng,咛
U+549C,ta,咜
U+549D,sī,咝
U+549E,xiàn;xián,咞
U+549F,huò,咟
U+54A0,qì,咠
U+54A1,èr;ér,咡
U+54A2,è,咢
U+54A3,guāng;gōng,咣
U+54A4,zhà,咤
U+54A5,xì;xī;dié;zhì,咥
U+54A6,yí;xī,咦
U+54A7,liě;liē;liè;lié;lie,咧
U+54A8,zī,咨
U+54A9,miē;mie,咩
U+54AA,mī;mǐ;miē;mǎi,咪
U+54AB,zhǐ,咫
U+54AC,yǎo;jiāo;yāo;jiǎo,咬
U+54AD,jī;xī;qià,咭
U+54AE,zhòu;zhù;zhū;rú,咮
U+54AF,gē;kǎ;lo;luò;kā,咯
U+54B0,shù;xún,咰
U+54B1,zán;zá;zǎ;zan,咱
U+54B2,xiào,咲
U+54B3,ké;hāi;hái;gāi,咳
U+54B4,huī;hái,咴
U+54B5,kuǎ,咵
U+54B6,huài;shì;guō;guā;huà,咶
U+54B7,táo;tiào,咷
U+54B8,xián;jiǎn;jiān,咸
U+54B9,è;àn;ń,咹
U+54BA,xuǎn;xuān,咺
U+54BB,xiū;xǔ;xiāo;xù,咻
U+54BC,guō;wāi;hé;wǒ;wō;guǎ,咼
U+54BD,yàn;yān;yè;yuān,咽
U+54BE,lǎo,咾
U+54BF,yī,咿
U+54C0,āi,哀
U+54C1,pǐn,品
U+54C2,shěn,哂
U+54C3,tóng,哃
U+54C4,hǒng;hōng;hòng,哄
U+54C5,xiōng;hōng,哅
U+54C6,duō;chǐ;zhà;chì;duò;diě,哆
U+54C7,wa;wā;guī;huá;wá,哇
U+54C8,hā;hǎ;hà;hē;hé;tà;shà,哈
U+54C9,zāi,哉
U+54CA,yòu,哊
U+54CB,diè;dì,哋
U+54CC,pài;gū,哌
U+54CD,xiǎng,响
U+54CE,āi,哎
U+54CF,gén;hěn;ǹ,哏
U+54D0,kuāng;qiāng,哐
U+54D1,yǎ;yā,哑
U+54D2,dá;dā,哒
U+54D3,xiāo,哓
U+54D4,bì,哔
U+54D5,huì;yuě,哕
U+54D6,nián,哖
U+54D7,huā;huá,哗
U+54D8,xing,哘
U+54D9,kuài,哙
U+54DA,duǒ,哚
U+54DB,fēn,哛
U+54DC,jì,哜
U+54DD,nóng,哝
U+54DE,mōu,哞
U+54DF,yō;yo,哟
U+54E0,hào,哠
U+54E1,yuán;yún;yùn,員
U+54E2,lòng,哢
U+54E3,pǒu,哣
U+54E4,máng,哤
U+54E5,gē,哥
U+54E6,ó;é;ò,哦
U+54E7,chī;xià;hè,哧
U+54E8,shào;sāo;xiāo;xiào;sào,哨
U+54E9,lī;li;lì;lǐ;mái;yīng,哩
U+54EA,nǎ;na;né;nuó;nǎi;nà;niè;něi,哪
U+54EB,zú,哫
U+54EC,hé,哬
U+54ED,kū,哭
U+54EE,xiāo;xiào;xuē,哮
U+54EF,xiàn,哯
U+54F0,láo,哰
U+54F1,bō;pò;bèi;bā;bó,哱
U+54F2,zhé,哲
U+54F3,zhā,哳
U+54F4,liàng;láng,哴
U+54F5,bā,哵
U+54F6,miē,哶
U+54F7,liè;lǜ,哷
U+54F8,suī,哸
U+54F9,fú,哹
U+54FA,bǔ;bū;fǔ,哺
U+54FB,hān,哻
U+54FC,hēng;hng,哼
U+54FD,gěng;yǐng;yìng;ńg;ń,哽
U+54FE,shuō;yuè,哾
U+54FF,gě,哿
U+5500,yòu,唀
U+5501,yàn,唁
U+5502,gū,唂
U+5503,gǔ,唃
U+5504,bei;bài,唄
U+5505,hán,唅
U+5506,suō;shuà,唆
U+5507,chún;zhēn;zhèn,唇
U+5508,yì,唈
U+5509,āi;ài;ǎi,唉
U+550A,jiá;qiǎn,唊
U+550B,tū,唋
U+550C,xián;yán;dàn,唌
U+550D,wǎn,唍
U+550E,lì,唎
U+550F,xī;xiè,唏
U+5510,táng,唐
U+5511,zuò;shì,唑
U+5512,qiú,唒
U+5513,chē,唓
U+5514,wú;wù;ńg;ḿ;ń,唔
U+5515,zào,唕
U+5516,yǎ,唖
U+5517,dōu,唗
U+5518,qǐ,唘
U+5519,dí,唙
U+551A,qìn;qīn,唚
U+551B,mà;mài,唛
U+551C,mò,唜
U+551D,gòng;hǒng,唝
U+551E,dǒu,唞
U+551F,qù,唟
U+5520,láo;lào,唠
U+5521,liǎng;yīng,唡
U+5522,suǒ,唢
U+5523,zào,唣
U+5524,huàn,唤
U+5525,lang,唥
U+5526,shā,唦
U+5527,jī;jié,唧
U+5528,zǔ,唨
U+5529,wō;wěi,唩
U+552A,fěng;běng,唪
U+552B,jìn;yín,唫
U+552C,hǔ;xiāo;guó;xià;háo,唬
U+552D,qì,唭
U+552E,shòu;shú,售
U+552F,wéi;wěi,唯
U+5530,shuā,唰
U+5531,chàng,唱
U+5532,ér;wā,唲
U+5533,lì,唳
U+5534,qiàng,唴
U+5535,ǎn;ng;n,唵
U+5536,zé;jiè,唶
U+5537,yō;yù,唷
U+5538,niàn;diàn,唸
U+5539,yū,唹
U+553A,tiǎn,唺
U+553B,lài;lái,唻
U+553C,shà;qiè,唼
U+553D,xī,唽
U+553E,tuò,唾
U+553F,hū,唿
U+5540,ái,啀
U+5541,zhāo;zhōu;dāo;tiáo;diào,啁
U+5542,nǒu,啂
U+5543,kěn,啃
U+5544,zhuó;zhòu,啄
U+5545,zhuó;zhào,啅
U+5546,shāng,商
U+5547,dì;shì;zhāi,啇
U+5548,hēng;hèng;è;zá,啈
U+5549,lín;lán;lèn,啉
U+554A,a;ā;á;ǎ;à;è,啊
U+554B,cǎi;cāi;xiāo,啋
U+554C,xiāng;qiāng,啌
U+554D,tūn;zhūn;xiāng;tuī;duǐ,啍
U+554E,wǔ,啎
U+554F,wèn,問
U+5550,cuì;zú;zá;è;chuài,啐
U+5551,shà;zā;jié;dié;tì,啑
U+5552,gǔ,啒
U+5553,qǐ,啓
U+5554,qǐ,啔
U+5555,táo,啕
U+5556,dàn,啖
U+5557,dàn,啗
U+5558,yè;wā,啘
U+5559,zǐ;cī,啙
U+555A,bǐ;tú,啚
U+555B,cuì,啛
U+555C,chuài;chuò;zhuó,啜
U+555D,hé,啝
U+555E,yǎ;è;yā,啞
U+555F,qǐ,啟
U+5560,zhé,啠
U+5561,fēi;pèi;pái;pēi;bài,啡
U+5562,liǎng;yīng,啢
U+5563,xián,啣
U+5564,pí,啤
U+5565,shá;shà,啥
U+5566,la;lā,啦
U+5567,zé,啧
U+5568,yīng;qíng,啨
U+5569,guà,啩
U+556A,pā,啪
U+556B,zhě,啫
U+556C,sè,啬
U+556D,zhuàn,啭
U+556E,niè,啮
U+556F,guō,啯
U+5570,luō;luó;luo,啰
U+5571,yán,啱
U+5572,dī,啲
U+5573,quán;jué,啳
U+5574,chǎn;tān,啴
U+5575,bō;bo,啵
U+5576,dìng,啶
U+5577,lāng,啷
U+5578,xiào,啸
U+5579,jú,啹
U+557A,táng,啺
U+557B,chì;dì,啻
U+557C,tí,啼
U+557D,án;ān,啽
U+557E,jiū,啾
U+557F,dàn,啿
U+5580,kā;kè;ke,喀
U+5581,yóng;yú,喁
U+5582,wèi,喂
U+5583,nán;nǎn,喃
U+5584,shàn,善
U+5585,yù,喅
U+5586,zhé,喆
U+5587,lǎ;lá;lā;la,喇
U+5588,jiē;xiè,喈
U+5589,hóu,喉
U+558A,hǎn;kàn;jiān,喊
U+558B,dié;zhá;qiè,喋
U+558C,zhōu,喌
U+558D,chái,喍
U+558E,wāi,喎
U+558F,nuò;rě,喏
U+5590,yù,喐
U+5591,yīn;yǐn;yìn,喑
U+5592,zá;zǎn;zán;zà;zan,喒
U+5593,yāo,喓
U+5594,ō;wō;wū;o;ò,喔
U+5595,miǎn,喕
U+5596,hú,喖
U+5597,yǔn,喗
U+5598,chuǎn,喘
U+5599,huì;zhòu,喙
U+559A,huàn,喚
U+559B,huàn;yuán;xuǎn;hé,喛
U+559C,xǐ;xī;chì,喜
U+559D,hē;hè;yè;kài,喝
U+559E,jī,喞
U+559F,kuì;huài,喟
U+55A0,zhǒng;chǒng,喠
U+55A1,wéi;wèi,喡
U+55A2,shà;chè,喢
U+55A3,xǔ,喣
U+55A4,huáng,喤
U+55A5,duó;zhà,喥
U+55A6,niè;yì,喦
U+55A7,xuān;xuǎn,喧
U+55A8,liàng,喨
U+55A9,yù,喩
U+55AA,sàng;sāng,喪
U+55AB,chī;kài,喫
U+55AC,qiáo;jiǎo,喬
U+55AD,yàn;yǎn,喭
U+55AE,dān;dǎn;chán;shàn;chǎn;dàn;zhàn;tán,單
U+55AF,pèn;bēn,喯
U+55B0,cān;sūn;qī,喰
U+55B1,lí,喱
U+55B2,yō;yo,喲
U+55B3,zhā;chā;zha,喳
U+55B4,wēi,喴
U+55B5,miāo,喵
U+55B6,yíng,営
U+55B7,pēn;pèn,喷
U+55B8,bǔ,喸
U+55B9,kuí,喹
U+55BA,xí,喺
U+55BB,yù;yú,喻
U+55BC,jiē,喼
U+55BD,lóu;lou,喽
U+55BE,kù,喾
U+55BF,zào;qiāo,喿
U+55C0,hù,嗀
U+55C1,tí,嗁
U+55C2,yáo,嗂
U+55C3,hè;xiāo;xiào;hù,嗃
U+55C4,á;shà;a;xià,嗄
U+55C5,xiù,嗅
U+55C6,qiāng;qiàng;chéng,嗆
U+55C7,sè,嗇
U+55C8,yōng,嗈
U+55C9,sù,嗉
U+55CA,hǒng;gǒng;gòng,嗊
U+55CB,xié,嗋
U+55CC,ài;yì;wò,嗌
U+55CD,suō;shuò,嗍
U+55CE,ma;mà;má;mǎ,嗎
U+55CF,chā,嗏
U+55D0,hài,嗐
U+55D1,kē;kè;hé;xiá,嗑
U+55D2,dā;tà;da,嗒
U+55D3,sǎng,嗓
U+55D4,chēn;tián,嗔
U+55D5,rù,嗕
U+55D6,sōu;sù;sòu,嗖
U+55D7,wā;gū,嗗
U+55D8,jī,嗘
U+55D9,pǎng;bēng;bàng,嗙
U+55DA,wū;wù,嗚
U+55DB,qiǎn;xián;qiàn;qiān;qiè,嗛
U+55DC,shì,嗜
U+55DD,gé,嗝
U+55DE,zī,嗞
U+55DF,jiē;jiè;juē,嗟
U+55E0,lào,嗠
U+55E1,wēng;wěng,嗡
U+55E2,wà,嗢
U+55E3,sì,嗣
U+55E4,chī,嗤
U+55E5,háo,嗥
U+55E6,suo;suō,嗦
U+55E8,hāi;hēi,嗨
U+55E9,suǒ,嗩
U+55EA,qín,嗪
U+55EB,niè,嗫
U+55EC,hē,嗬
U+55ED,zhí,嗭
U+55EE,sài,嗮
U+55EF,ń;ńg;ňg;ǹg;ň;ǹ,嗯
U+55F0,gě,嗰
U+55F1,ná,嗱
U+55F2,diē;diǎ,嗲
U+55F3,āi;ǎi;ài,嗳
U+55F4,qiāng,嗴
U+55F5,tōng,嗵
U+55F6,bì,嗶
U+55F7,áo,嗷
U+55F8,áo,嗸
U+55F9,lián,嗹
U+55FA,zuī;suī;zuǐ,嗺
U+55FB,zhē;zhè;zhù;zhe,嗻
U+55FC,mò,嗼
U+55FD,sòu;shuò;shù,嗽
U+55FE,sǒu,嗾
U+55FF,tǎn,嗿
U+5600,dí;zhé;dī,嘀
U+5601,qī;zú;zā,嘁
U+5602,jiào,嘂
U+5603,chōng,嘃
U+5604,jiāo;jiào;dǎo,嘄
U+5605,kǎi;kài;gé,嘅
U+5606,tàn,嘆
U+5607,shān;càn;shěn,嘇
U+5608,cáo,嘈
U+5609,jiā,嘉
U+560A,ái,嘊
U+560B,xiào,嘋
U+560C,piào;piāo,嘌
U+560D,lóu;lǒu;lou,嘍
U+560E,gā;gá;gǎ,嘎
U+560F,gǔ;jiǎ,嘏
U+5610,xiāo;jiāo;láo;bào;miù,嘐
U+5611,hū;hù,嘑
U+5612,huì,嘒
U+5613,guō,嘓
U+5614,ǒu;ōu;òu;xū;chū;ou,嘔
U+5615,xiān,嘕
U+5616,zé,嘖
U+5617,cháng,嘗
U+5618,xū;shī,嘘
U+5619,pó,嘙
U+561A,dē;dēi;dé;dāi,嘚
U+561B,ma;má,嘛
U+561C,mà,嘜
U+561D,hú,嘝
U+561E,lei;lē,嘞
U+561F,dū,嘟
U+5620,gā,嘠
U+5621,tāng,嘡
U+5622,yě,嘢
U+5623,bēng,嘣
U+5624,yīng,嘤
U+5625,sāi,嘥
U+5626,jiào,嘦
U+5627,mì,嘧
U+5628,xiào,嘨
U+5629,huā;huá,嘩
U+562A,mǎi,嘪
U+562B,rán,嘫
U+562C,chuài;zuō,嘬
U+562D,pēng,嘭
U+562E,láo;chāo;lào;xiāo,嘮
U+562F,xiào;chì,嘯
U+5630,jī,嘰
U+5631,zhǔ,嘱
U+5632,cháo;zhāo,嘲
U+5633,kuì,嘳
U+5634,zuǐ,嘴
U+5635,xiāo,嘵
U+5636,sī,嘶
U+5637,háo,嘷
U+5638,fǔ;wǔ;m̄;ḿ,嘸
U+5639,liáo;liào,嘹
U+563A,qiáo;qiào,嘺
U+563B,xī,嘻
U+563C,chù;xù;shòu,嘼
U+563D,chǎn;tān;chān;tuō;dǎn,嘽
U+563E,dàn;tán,嘾
U+563F,hēi;mò;mù,嘿
U+5640,xùn,噀
U+5641,ě;wù;wò,噁
U+5642,zǔn,噂
U+5643,fān;bo,噃
U+5644,chī,噄
U+5645,huī,噅
U+5646,zǎn;cǎn,噆
U+5647,chuáng,噇
U+5648,cù;zā;hé,噈
U+5649,dàn,噉
U+564A,yù,噊
U+564B,tūn;kuò,噋
U+564C,cēng;chēng,噌
U+564D,jiào;jiāo;jiū,噍
U+564E,yē;yì;shà,噎
U+564F,xī,噏
U+5650,qì,噐
U+5651,háo,噑
U+5652,lián,噒
U+5653,xū,噓
U+5654,dēng,噔
U+5655,huī,噕
U+5656,yín,噖
U+5657,pū,噗
U+5658,juē,噘
U+5659,qín,噙
U+565A,xún,噚
U+565B,niè,噛
U+565C,lū,噜
U+565D,sī,噝
U+565E,yǎn,噞
U+565F,yìng,噟
U+5660,dā;dá,噠
U+5661,zhān;dān,噡
U+5662,ō;yǔ;yù;ào,噢
U+5663,zhòu;zhuó;zhú;dú,噣
U+5664,jìn,噤
U+5665,nóng;náng,噥
U+5666,yuě;huì,噦
U+5667,xiè,噧
U+5668,qì,器
U+5669,è,噩
U+566A,zào,噪
U+566B,yī;ǎi;yì,噫
U+566C,shì,噬
U+566D,jiào;qiào;chī,噭
U+566E,yuàn,噮
U+566F,āi;ǎi;ài,噯
U+5670,yōng;yǒng,噰
U+5671,jué;xué,噱
U+5672,kuài;guài;kuò;wèi,噲
U+5673,yǔ,噳
U+5674,pēn;pèn;fèn,噴
U+5675,dào,噵
U+5676,gá;gé,噶
U+5677,hm;xīn;hēn,噷
U+5678,dūn,噸
U+5679,dāng,噹
U+567A,xīn,噺
U+567B,sāi,噻
U+567C,pī,噼
U+567D,pǐ,噽
U+567E,yīn,噾
U+567F,zuǐ,噿
U+5680,níng,嚀
U+5681,dí,嚁
U+5682,làn;hǎn,嚂
U+5683,tā;tà,嚃
U+5684,huō;huò;wò;ǒ,嚄
U+5685,rú,嚅
U+5686,hāo,嚆
U+5687,xià;hè,嚇
U+5688,yè,嚈
U+5689,duō,嚉
U+568A,pì;xì;xiù,嚊
U+568B,chóu;zhōu,嚋
U+568C,jì;jiē;zhāi,嚌
U+568D,jìn,嚍
U+568E,háo,嚎
U+568F,tì,嚏
U+5690,cháng,嚐
U+5691,xūn,嚑
U+5692,mē,嚒
U+5693,cā;chā,嚓
U+5694,tì;zhì,嚔
U+5695,lǔ;lū,嚕
U+5696,huì,嚖
U+5697,bó;pào;bào,嚗
U+5698,yōu,嚘
U+5699,niè;yǎo,嚙
U+569A,yín,嚚
U+569B,hù;yo,嚛
U+569C,me;mèi;ma,嚜
U+569D,hōng,嚝
U+569E,zhé,嚞
U+569F,lí,嚟
U+56A0,liú,嚠
U+56A1,hai,嚡
U+56A2,náng,嚢
U+56A3,xiāo;áo,嚣
U+56A4,mó,嚤
U+56A5,yàn,嚥
U+56A6,lì,嚦
U+56A7,lú,嚧
U+56A8,lóng,嚨
U+56A9,mó,嚩
U+56AA,dàn,嚪
U+56AB,chèn,嚫
U+56AC,pín,嚬
U+56AD,pǐ,嚭
U+56AE,xiàng;xiǎng,嚮
U+56AF,huò;xuè,嚯
U+56B0,mó,嚰
U+56B1,xì,嚱
U+56B2,duǒ,嚲
U+56B3,kù,嚳
U+56B4,yán;yǎn,嚴
U+56B5,chán;chān,嚵
U+56B6,yīng,嚶
U+56B7,rǎng;rāng,嚷
U+56B8,diǎn,嚸
U+56B9,lá;la,嚹
U+56BA,tà,嚺
U+56BB,xiāo,嚻
U+56BC,jué;jiáo;jiào,嚼
U+56BD,chuò,嚽
U+56BE,huān;huàn,嚾
U+56BF,huò,嚿
U+56C0,zhuàn,囀
U+56C1,niè;zhé,囁
U+56C2,xiāo;áo,囂
U+56C3,cà;zhā;zǎ,囃
U+56C4,lí,囄
U+56C5,chǎn,囅
U+56C6,chài,囆
U+56C7,lì,囇
U+56C8,yì,囈
U+56C9,luō;luó;luo,囉
U+56CA,náng;nāng,囊
U+56CB,zá;zàn;cān,囋
U+56CC,sū,囌
U+56CD,xǐ,囍
U+56CE,zen,囎
U+56CF,jiān,囏
U+56D0,zá;niè;yàn;è,囐
U+56D1,zhǔ,囑
U+56D2,lán,囒
U+56D3,niè,囓
U+56D4,nāng;nang,囔
U+56D5,lǎn,囕
U+56D6,lo,囖
U+56D7,wéi;guó,囗
U+56D8,huí,囘
U+56D9,yīn,囙
U+56DA,qiú,囚
U+56DB,sì,四
U+56DC,nín,囜
U+56DD,jiǎn;nān;yuè,囝
U+56DE,huí,回
U+56DF,xìn,囟
U+56E0,yīn,因
U+56E1,nān;niè,囡
U+56E2,tuán;qiú,团
U+56E3,tuán,団
U+56E4,dùn;tún,囤
U+56E5,kàng,囥
U+56E6,yuān,囦
U+56E7,jiǒng,囧
U+56E8,piān,囨
U+56E9,yún,囩
U+56EA,cōng,囪
U+56EB,hú,囫
U+56EC,huí,囬
U+56ED,yuán;wán,园
U+56EE,é,囮
U+56EF,guó,囯
U+56F0,kùn,困
U+56F1,cōng;chuāng,囱
U+56F2,tōng,囲
U+56F3,tú,図
U+56F4,wéi,围
U+56F5,lún,囵
U+56F6,guó,囶
U+56F7,qūn,囷
U+56F8,rì,囸
U+56F9,líng,囹
U+56FA,gù,固
U+56FB,guó,囻
U+56FC,tāi,囼
U+56FD,guó,国
U+56FE,tú,图
U+56FF,yòu,囿
U+5700,guó,圀
U+5701,yín,圁
U+5702,hùn;huàn,圂
U+5703,pǔ,圃
U+5704,yǔ,圄
U+5705,hán,圅
U+5706,yuán,圆
U+5707,lún,圇
U+5708,quān;juān;juàn;quán;juǎn,圈
U+5709,yǔ,圉
U+570A,qīng,圊
U+570B,guó,國
U+570C,chuán;chuí,圌
U+570D,wéi,圍
U+570E,yuán,圎
U+570F,quān,圏
U+5710,kū,圐
U+5711,pǔ,圑
U+5712,yuán,園
U+5713,yuán,圓
U+5714,yà,圔
U+5715,tú,圕
U+5716,tú,圖
U+5717,tú,圗
U+5718,tuán;chuán,團
U+5719,lüè,圙
U+571A,huì,圚
U+571B,yì,圛
U+571C,huán;yuán,圜
U+571D,luán,圝
U+571E,luán,圞
U+571F,tǔ;dù;chǎ;tú,土
U+5720,yà,圠
U+5721,tǔ,圡
U+5722,tǐng,圢
U+5723,shèng;kū,圣
U+5724,pú,圤
U+5725,lù,圥
U+5726,kuài,圦
U+5727,yā,圧
U+5728,zài,在
U+5729,wéi;xū;yú,圩
U+572A,gē;yì,圪
U+572B,yù;tuō;zhūn,圫
U+572C,wū,圬
U+572D,guī,圭
U+572E,pǐ,圮
U+572F,yí,圯
U+5730,dì;de,地
U+5731,qiān;sú,圱
U+5732,qiān,圲
U+5733,zhèn;quǎn;chóu;huái,圳
U+5734,zhuó,圴
U+5735,dàng,圵
U+5736,qià,圶
U+5737,xià,圷
U+5738,shān,圸
U+5739,kuàng,圹
U+573A,chǎng;cháng,场
U+573B,qí;yín,圻
U+573C,niè,圼
U+573D,mò,圽
U+573E,jī;jí;jié,圾
U+573F,jiá,圿
U+5740,zhǐ,址
U+5741,zhǐ;zhì,坁
U+5742,bǎn,坂
U+5743,xūn,坃
U+5744,yì,坄
U+5745,qǐn,坅
U+5746,méi;fén,坆
U+5747,jūn;yùn,均
U+5748,rǒng;kēng,坈
U+5749,tún;dùn,坉
U+574A,fāng;fáng,坊
U+574B,bèn;fèn,坋
U+574C,bèn,坌
U+574D,tān,坍
U+574E,kǎn;kàn,坎
U+574F,huài;pī;péi,坏
U+5750,zuò,坐
U+5751,kēng;kàng,坑
U+5752,bì,坒
U+5753,jǐng;xíng,坓
U+5754,dì;làn,坔
U+5755,jīng,坕
U+5756,jì,坖
U+5757,kuài;yué,块
U+5758,dǐ,坘
U+5759,jīng,坙
U+575A,jiān,坚
U+575B,tán,坛
U+575C,lì,坜
U+575D,bà,坝
U+575E,wù,坞
U+575F,fén,坟
U+5760,zhuì,坠
U+5761,pō,坡
U+5762,bàn;pǎn;pàn,坢
U+5763,táng,坣
U+5764,kūn,坤
U+5765,qū;jù,坥
U+5766,tǎn,坦
U+5767,zhī,坧
U+5768,tuó;yí,坨
U+5769,gān,坩
U+576A,píng,坪
U+576B,diàn;zhēn,坫
U+576C,guà;wā,坬
U+576D,ní,坭
U+576E,tái,坮
U+576F,pī;huài,坯
U+5770,jiōng,坰
U+5771,yǎng,坱
U+5772,fó,坲
U+5773,ào;āo;yǒu,坳
U+5774,lù,坴
U+5775,qiū,坵
U+5776,mǔ;mù;méi,坶
U+5777,kě;kē;jiōng,坷
U+5778,gòu,坸
U+5779,xuè,坹
U+577A,bá,坺
U+577B,chí;dǐ,坻
U+577C,chè,坼
U+577D,líng,坽
U+577E,zhù,坾
U+577F,fù;fú,坿
U+5780,hū,垀
U+5781,zhì,垁
U+5782,chuí;zhuì,垂
U+5783,lā;la,垃
U+5784,lǒng,垄
U+5785,lǒng,垅
U+5786,lú,垆
U+5787,ào,垇
U+5788,dài,垈
U+5789,páo,垉
U+578A,min,垊
U+578B,xíng,型
U+578C,dòng;tóng;tǒng,垌
U+578D,jì;jī,垍
U+578E,hè,垎
U+578F,lǜ,垏
U+5790,cí,垐
U+5791,chǐ,垑
U+5792,lěi,垒
U+5793,gāi,垓
U+5794,yīn,垔
U+5795,hòu,垕
U+5796,duī,垖
U+5797,zhào,垗
U+5798,fú,垘
U+5799,guāng,垙
U+579A,yáo,垚
U+579B,duǒ;duò,垛
U+579C,duǒ;duò,垜
U+579D,guǐ,垝
U+579E,chá,垞
U+579F,yáng,垟
U+57A0,yín;kèn,垠
U+57A1,fá,垡
U+57A2,gòu,垢
U+57A3,yuán,垣
U+57A4,dié,垤
U+57A5,xié,垥
U+57A6,kěn;yín,垦
U+57A7,shǎng;jiōng,垧
U+57A8,shǒu,垨
U+57A9,è;shèng,垩
U+57AA,bìng,垪
U+57AB,diàn,垫
U+57AC,hóng,垬
U+57AD,yā,垭
U+57AE,kuǎ,垮
U+57AF,da,垯
U+57B0,kǎ,垰
U+57B1,dàng,垱
U+57B2,kǎi,垲
U+57B3,háng,垳
U+57B4,nǎo,垴
U+57B5,ǎn;ān,垵
U+57B6,xīng,垶
U+57B7,xiàn,垷
U+57B8,yuàn;huán,垸
U+57B9,bāng,垹
U+57BA,fū;fú;fóu;pēi;póu,垺
U+57BB,bà;bèi,垻
U+57BC,yì,垼
U+57BD,yìn,垽
U+57BE,hàn;àn,垾
U+57BF,xù,垿
U+57C0,chuí,埀
U+57C1,qín,埁
U+57C2,gěng,埂
U+57C3,āi;zhì,埃
U+57C4,běng;fēng,埄
U+57C5,fáng;fāng;dì,埅
U+57C6,què;jué,埆
U+57C7,yǒng,埇
U+57C8,jùn,埈
U+57C9,jiā;xiá,埉
U+57CA,dì,埊
U+57CB,mái;mán,埋
U+57CC,làng,埌
U+57CD,juǎn,埍
U+57CE,chéng,城
U+57CF,shān;yán,埏
U+57D0,jīn;qín,埐
U+57D1,zhé,埑
U+57D2,liè,埒
U+57D3,liè,埓
U+57D4,pǔ;bù,埔
U+57D5,chéng,埕
U+57D6,huā,埖
U+57D7,bù,埗
U+57D8,shí,埘
U+57D9,xūn,埙
U+57DA,guō,埚
U+57DB,jiōng,埛
U+57DC,yě,埜
U+57DD,niàn;diàn;niè,埝
U+57DE,dī,埞
U+57DF,yù,域
U+57E0,bù,埠
U+57E1,yā;è;wǔ;yà,埡
U+57E2,quán;juǎn,埢
U+57E3,suì;sù,埣
U+57E4,pí;pì;bì;bēi,埤
U+57E5,qīng;zhēng,埥
U+57E6,wǎn;wān,埦
U+57E7,jù,埧
U+57E8,lǔn;lùn,埨
U+57E9,zhēng;chéng,埩
U+57EA,kōng,埪
U+57EB,chǒng;tǎng;shǎng,埫
U+57EC,dōng,埬
U+57ED,dài,埭
U+57EE,tàn;tán,埮
U+57EF,ǎn;yǎn,埯
U+57F0,cài;cǎi,埰
U+57F1,chù;tòu,埱
U+57F2,běng;bàng,埲
U+57F3,kǎn;xiàn,埳
U+57F4,zhí,埴
U+57F5,duǒ,埵
U+57F6,yì;shì,埶
U+57F7,zhí,執
U+57F8,yì,埸
U+57F9,péi;pǒu;pī,培
U+57FA,jī,基
U+57FB,zhǔn;duī;guó,埻
U+57FC,qí,埼
U+57FD,sào;sǎo,埽
U+57FE,jù,埾
U+57FF,ní;nì;bàn,埿
U+5800,kū,堀
U+5801,kè,堁
U+5802,táng,堂
U+5803,kūn,堃
U+5804,nì,堄
U+5805,jiān,堅
U+5806,duī;zuī,堆
U+5807,jǐn;qín;jìn,堇
U+5808,gāng,堈
U+5809,yù,堉
U+580A,è;yà,堊
U+580B,péng;bèng;pēng;pīng,堋
U+580C,gù,堌
U+580D,tù,堍
U+580E,lèng,堎
U+580F,fang,堏
U+5810,yá,堐
U+5811,qiàn,堑
U+5812,kūn,堒
U+5813,àn,堓
U+5814,shēn,堔
U+5815,duò;huī,堕
U+5816,nǎo,堖
U+5817,tū,堗
U+5818,chéng,堘
U+5819,yīn,堙
U+581A,hún,堚
U+581B,bì,堛
U+581C,liàn,堜
U+581D,guō;wō,堝
U+581E,dié,堞
U+581F,zhuàn,堟
U+5820,hòu,堠
U+5821,bǎo;bǔ;pù,堡
U+5822,bǎo,堢
U+5823,yú,堣
U+5824,dī;tí;dǐ;shí;wéi,堤
U+5825,máo;móu;wǔ,堥
U+5826,jiē,堦
U+5827,ruán;nuò,堧
U+5828,yè;è;ài,堨
U+5829,gèng,堩
U+582A,kān;chěn,堪
U+582B,zōng,堫
U+582C,yú,堬
U+582D,huáng,堭
U+582E,è,堮
U+582F,yáo,堯
U+5830,yàn,堰
U+5831,bào;fù,報
U+5832,cí;jí,堲
U+5833,méi,堳
U+5834,chǎng;cháng;shāng;dàng,場
U+5835,dǔ;zhě;dū,堵
U+5836,tuó,堶
U+5837,yìn;pǒu,堷
U+5838,féng,堸
U+5839,zhòng,堹
U+583A,jiè,堺
U+583B,jīn,堻
U+583C,hèng,堼
U+583D,gāng,堽
U+583E,chūn,堾
U+583F,jiǎn;kǎn;xián,堿
U+5840,píng,塀
U+5841,lěi,塁
U+5842,xiàng;jiǎng,塂
U+5843,huāng,塃
U+5844,léng,塄
U+5845,duàn,塅
U+5846,wān,塆
U+5847,xuān,塇
U+5848,jì;xì,塈
U+5849,jí,塉
U+584A,kuài,塊
U+584B,yíng,塋
U+584C,tā;dā,塌
U+584D,chéng,塍
U+584E,yǒng,塎
U+584F,kǎi,塏
U+5850,sù,塐
U+5851,sù,塑
U+5852,shí,塒
U+5853,mì,塓
U+5854,tǎ;dā;da,塔
U+5855,wěng,塕
U+5856,chéng,塖
U+5857,tú;dù,塗
U+5858,táng,塘
U+5859,què;qiāo,塙
U+585A,zhǒng,塚
U+585B,lì,塛
U+585C,zhǒng;péng,塜
U+585D,bàng,塝
U+585E,sāi;sài;sè,塞
U+585F,zàng,塟
U+5860,duī,塠
U+5861,tián,塡
U+5862,wù;wǔ,塢
U+5863,zhèng,塣
U+5864,xūn,塤
U+5865,gé,塥
U+5866,zhèn,塦
U+5867,ài,塧
U+5868,gōng,塨
U+5869,yán,塩
U+586A,kǎn,塪
U+586B,tián;tiǎn;chén;zhèn,填
U+586C,yuán,塬
U+586D,wēn,塭
U+586E,xiè,塮
U+586F,liù,塯
U+5870,hǎi,塰
U+5871,lǎng,塱
U+5872,cháng;shāng;chǎng,塲
U+5873,péng,塳
U+5874,bèng,塴
U+5875,chén,塵
U+5876,lù,塶
U+5877,lǔ,塷
U+5878,ōu,塸
U+5879,qiàn;jiàn,塹
U+587A,méi,塺
U+587B,mò,塻
U+587C,zhuān;tuán,塼
U+587D,shuǎng,塽
U+587E,shú,塾
U+587F,lǒu,塿
U+5880,chí,墀
U+5881,màn,墁
U+5882,biāo,墂
U+5883,jìng,境
U+5884,cè,墄
U+5885,shù;yě,墅
U+5886,zhì;dì,墆
U+5887,zhàng,墇
U+5888,kàn,墈
U+5889,yōng,墉
U+588A,diàn,墊
U+588B,chěn,墋
U+588C,zhí;zhuó,墌
U+588D,xì,墍
U+588E,guō,墎
U+588F,qiǎng,墏
U+5890,jìn;qín,墐
U+5891,dì,墑
U+5892,shāng,墒
U+5893,mù,墓
U+5894,cuī,墔
U+5895,yàn;yān,墕
U+5896,tǎ,墖
U+5897,zēng,増
U+5898,qián,墘
U+5899,qiáng,墙
U+589A,liáng,墚
U+589B,wèi,墛
U+589C,zhuì,墜
U+589D,qiāo;qiào,墝
U+589E,zēng;zèng;céng,增
U+589F,xū,墟
U+58A0,shàn;chǎn,墠
U+58A1,shàn,墡
U+58A2,bá;fèi,墢
U+58A3,pú,墣
U+58A4,kuài;tuí,墤
U+58A5,dǒng;tuǎn,墥
U+58A6,fán;fān,墦
U+58A7,què;qiáo,墧
U+58A8,mò;mèi,墨
U+58A9,dūn,墩
U+58AA,dūn,墪
U+58AB,zūn;cūn,墫
U+58AC,dì,墬
U+58AD,shèng,墭
U+58AE,duò;huī;huì,墮
U+58AF,duò,墯
U+58B0,tán,墰
U+58B1,dèng;dēng,墱
U+58B2,mú;wú,墲
U+58B3,fén;fèn,墳
U+58B4,huáng,墴
U+58B5,tán,墵
U+58B6,da,墶
U+58B7,yè,墷
U+58B8,zhù,墸
U+58B9,jiàn,墹
U+58BA,ào,墺
U+58BB,qiáng,墻
U+58BC,jī,墼
U+58BD,qiāo;qiào;áo,墽
U+58BE,kěn,墾
U+58BF,yì;tú,墿
U+58C0,pí,壀
U+58C1,bì,壁
U+58C2,diàn,壂
U+58C3,jiāng,壃
U+58C4,yě,壄
U+58C5,yōng;wèng,壅
U+58C6,xué;jué;bó,壆
U+58C7,tán;shàn;dàn;tǎn,壇
U+58C8,lǎn,壈
U+58C9,jù,壉
U+58CA,huài,壊
U+58CB,dàng,壋
U+58CC,rǎng,壌
U+58CD,qiàn,壍
U+58CE,xūn;xùn,壎
U+58CF,xiàn;làn,壏
U+58D0,xǐ,壐
U+58D1,hè;huò,壑
U+58D2,ài,壒
U+58D3,yā;yà,壓
U+58D4,dǎo,壔
U+58D5,háo,壕
U+58D6,ruán,壖
U+58D7,jìn,壗
U+58D8,lěi;léi;lǜ,壘
U+58D9,kuàng;kuǎng,壙
U+58DA,lú,壚
U+58DB,yán,壛
U+58DC,tán,壜
U+58DD,wěi,壝
U+58DE,huài;huì;huái,壞
U+58DF,lǒng,壟
U+58E0,lǒng,壠
U+58E1,ruì,壡
U+58E2,lì,壢
U+58E3,lín,壣
U+58E4,rǎng,壤
U+58E5,chán,壥
U+58E6,xūn,壦
U+58E7,yán,壧
U+58E8,léi,壨
U+58E9,bà,壩
U+58EA,wān,壪
U+58EB,shì,士
U+58EC,rén,壬
U+58ED,san,壭
U+58EE,zhuàng,壮
U+58EF,zhuàng;zhuāng,壯
U+58F0,shēng;qìng,声
U+58F1,yī,壱
U+58F2,mài,売
U+58F3,ké;qiào,壳
U+58F4,zhù,壴
U+58F5,zhuàng,壵
U+58F6,hú,壶
U+58F7,hú,壷
U+58F8,kǔn,壸
U+58F9,yī;yīn,壹
U+58FA,hú,壺
U+58FB,xù,壻
U+58FC,kǔn,壼
U+58FD,shòu,壽
U+58FE,mǎng,壾
U+58FF,zūn,壿
U+5900,shòu,夀
U+5901,yī,夁
U+5902,zhǐ;zhōng,夂
U+5903,gǔ;yíng,夃
U+5904,chù;chǔ,处
U+5905,jiàng,夅
U+5906,féng;páng,夆
U+5907,bèi,备
U+5908,zhāi,夈
U+5909,biàn,変
U+590A,suī,夊
U+590B,qūn,夋
U+590C,líng,夌
U+590D,fù,复
U+590E,cuò,夎
U+590F,xià;jiǎ,夏
U+5910,xiòng;xuàn,夐
U+5911,xiè,夑
U+5912,náo,夒
U+5913,xià,夓
U+5914,kuí,夔
U+5915,xī;yì,夕
U+5916,wài,外
U+5917,yuàn;wǎn;wān;yuān,夗
U+5918,mǎo;wān,夘
U+5919,sù,夙
U+591A,duō,多
U+591B,duō,夛
U+591C,yè,夜
U+591D,qíng,夝
U+591E,wài,夞
U+591F,gòu,够
U+5920,gòu,夠
U+5921,qì,夡
U+5922,mèng;méng,夢
U+5923,mèng,夣
U+5924,yín,夤
U+5925,huǒ,夥
U+5926,chěn,夦
U+5927,dà;dài;tài,大
U+5928,zè,夨
U+5929,tiān,天
U+592A,tài;tā,太
U+592B,fū;fú,夫
U+592C,guài;jué,夬
U+592D,yāo;wò;wāi,夭
U+592E,yāng;yīng,央
U+592F,hāng;bèn,夯
U+5930,gǎo,夰
U+5931,shī;yì,失
U+5932,tāo;běn,夲
U+5933,tài,夳
U+5934,tóu;tou,头
U+5935,yǎn;tāo,夵
U+5936,bǐ,夶
U+5937,yí,夷
U+5938,kuā;kuà;kuǎ,夸
U+5939,jiā;gā;jiá,夹
U+593A,duó,夺
U+593B,huà,夻
U+593C,kuǎng,夼
U+593D,yǔn,夽
U+593E,jiā;jiá;xié;xiá;gā,夾
U+593F,bā,夿
U+5940,ēn,奀
U+5941,lián,奁
U+5942,huàn,奂
U+5943,dī;tì,奃
U+5944,yǎn;yān,奄
U+5945,pào,奅
U+5946,juàn,奆
U+5947,qí;jī;ǎi;yǐ,奇
U+5948,nài,奈
U+5949,fèng,奉
U+594A,xié;liè;xǐ;pí,奊
U+594B,fèn;kǎng,奋
U+594C,diǎn,奌
U+594D,quān,奍
U+594E,kuí;kuǐ,奎
U+594F,zòu;còu,奏
U+5950,huàn,奐
U+5951,qì;xiè;qiè;jié,契
U+5952,kāi,奒
U+5953,zhā;shē;chǐ;zhà,奓
U+5954,bēn;bèn;fèn,奔
U+5955,yì,奕
U+5956,jiǎng,奖
U+5957,tào;tǎo,套
U+5958,zàng;zhuǎng,奘
U+5959,běn,奙
U+595A,xī,奚
U+595B,huǎng,奛
U+595C,fěi;fēi,奜
U+595D,diāo,奝
U+595E,xùn,奞
U+595F,bēng;kēng,奟
U+5960,diàn;tíng;dìng;zhèng;zūn,奠
U+5961,ào;xiào,奡
U+5962,shē,奢
U+5963,wěng,奣
U+5964,hǎ;pò;tǎi,奤
U+5965,ào;yù;yōu,奥
U+5966,wù,奦
U+5967,ào,奧
U+5968,jiǎng,奨
U+5969,lián,奩
U+596A,duó;duì,奪
U+596B,yūn,奫
U+596C,jiǎng,奬
U+596D,shì,奭
U+596E,fèn,奮
U+596F,huò,奯
U+5970,bì,奰
U+5971,luán,奱
U+5972,duǒ;chě,奲
U+5973,nǚ;nǜ;rǔ,女
U+5974,nú,奴
U+5975,dǐng;dīng;tiǎn,奵
U+5976,nǎi,奶
U+5977,qiān,奷
U+5978,jiān;gān,奸
U+5979,tā;jiě;chí,她
U+597A,jiǔ,奺
U+597B,nuán,奻
U+597C,chà,奼
U+597D,hǎo;hào,好
U+597E,xiān,奾
U+597F,fàn,奿
U+5980,jǐ,妀
U+5981,shuò;yuē,妁
U+5982,rú,如
U+5983,fēi;pèi,妃
U+5984,wàng;wáng,妄
U+5985,hóng,妅
U+5986,zhuāng,妆
U+5987,fù,妇
U+5988,mā,妈
U+5989,dān,妉
U+598A,rèn;rén,妊
U+598B,fū;yōu,妋
U+598C,jìng,妌
U+598D,yán,妍
U+598E,hài;jiè,妎
U+598F,wèn,妏
U+5990,zhōng,妐
U+5991,pā,妑
U+5992,dù,妒
U+5993,jì;jī,妓
U+5994,kēng;háng,妔
U+5995,zhòng,妕
U+5996,yāo;jiǎo,妖
U+5997,jìn;xiān,妗
U+5998,yún,妘
U+5999,miào;miǎo,妙
U+599A,fǒu;pēi;pī,妚
U+599B,chī,妛
U+599C,yuè;jué,妜
U+599D,zhuāng,妝
U+599E,niū;hào,妞
U+599F,yàn,妟
U+59A0,nà;nàn,妠
U+59A1,xīn,妡
U+59A2,fén,妢
U+59A3,bǐ,妣
U+59A4,yú,妤
U+59A5,tuǒ,妥
U+59A6,fēng,妦
U+59A7,wàn;yuán,妧
U+59A8,fáng;fāng,妨
U+59A9,wǔ,妩
U+59AA,yù,妪
U+59AB,guī,妫
U+59AC,dù,妬
U+59AD,bá;bō,妭
U+59AE,nī;ní,妮
U+59AF,zhóu;chōu,妯
U+59B0,zhuó,妰
U+59B1,zhāo,妱
U+59B2,dá,妲
U+59B3,nǐ;nǎi,妳
U+59B4,yuàn,妴
U+59B5,tǒu,妵
U+59B6,xián;xuán;xù,妶
U+59B7,zhí;yì,妷
U+59B8,ē;ě,妸
U+59B9,mèi,妹
U+59BA,mò,妺
U+59BB,qī;qì,妻
U+59BC,bì,妼
U+59BD,shēn,妽
U+59BE,qiè,妾
U+59BF,ē,妿
U+59C0,hé,姀
U+59C1,xǔ;xū,姁
U+59C2,fá,姂
U+59C3,zhēng,姃
U+59C4,mín,姄
U+59C5,bàn,姅
U+59C6,mǔ,姆
U+59C7,fū;fú,姇
U+59C8,líng,姈
U+59C9,zǐ,姉
U+59CA,zǐ,姊
U+59CB,shǐ,始
U+59CC,rǎn,姌
U+59CD,shān;xiān;pān,姍
U+59CE,yāng,姎
U+59CF,mán,姏
U+59D0,jiě;jù;xù;zū,姐
U+59D1,gū,姑
U+59D2,sì,姒
U+59D3,xìng;shēng,姓
U+59D4,wěi;wēi;wèi,委
U+59D5,zī;cǐ;cī,姕
U+59D6,jù,姖
U+59D7,shān,姗
U+59D8,pīn;pín,姘
U+59D9,rèn,姙
U+59DA,yáo;tiào;táo;yào,姚
U+59DB,dòng,姛
U+59DC,jiāng,姜
U+59DD,shū,姝
U+59DE,jí,姞
U+59DF,gāi,姟
U+59E0,xiàng,姠
U+59E1,huá;huó,姡
U+59E2,juān,姢
U+59E3,jiāo;jiǎo;xiáo,姣
U+59E4,gòu,姤
U+59E5,lǎo;mǔ,姥
U+59E6,jiān,姦
U+59E7,jiān,姧
U+59E8,yí,姨
U+59E9,niàn;nián,姩
U+59EA,zhí,姪
U+59EB,jī;zhěn,姫
U+59EC,jī;yí,姬
U+59ED,xiàn,姭
U+59EE,héng,姮
U+59EF,guāng,姯
U+59F0,jūn;xūn;xuàn;xīn,姰
U+59F1,kuā;hù,姱
U+59F2,yàn,姲
U+59F3,mǐng,姳
U+59F4,liè,姴
U+59F5,pèi,姵
U+59F6,è;yà,姶
U+59F7,yòu,姷
U+59F8,yán,姸
U+59F9,chà,姹
U+59FA,shēn;xiān,姺
U+59FB,yīn,姻
U+59FC,shí;tí;jì,姼
U+59FD,guǐ;wá,姽
U+59FE,quán,姾
U+59FF,zī;zì,姿
U+5A00,sōng,娀
U+5A01,wēi,威
U+5A02,hóng,娂
U+5A03,wá;wā;guì,娃
U+5A04,lóu,娄
U+5A05,yà,娅
U+5A06,ráo;rǎo,娆
U+5A07,jiāo,娇
U+5A08,luán,娈
U+5A09,pīng;pìn,娉
U+5A0A,xiàn;dān,娊
U+5A0B,shào;shāo,娋
U+5A0C,lǐ,娌
U+5A0D,chéng;shèng,娍
U+5A0E,xiè,娎
U+5A0F,máng,娏
U+5A10,fū,娐
U+5A11,suō;suǒ;suò,娑
U+5A12,méi;mǔ;wǔ,娒
U+5A13,wěi,娓
U+5A14,kè,娔
U+5A15,chuò;cù;lài,娕
U+5A16,chuò;cù,娖
U+5A17,tǐng;tiǎn,娗
U+5A18,niáng,娘
U+5A19,xíng,娙
U+5A1A,nán,娚
U+5A1B,yú,娛
U+5A1C,nà;nuó,娜
U+5A1D,pōu;bǐ,娝
U+5A1E,něi;suī,娞
U+5A1F,juān,娟
U+5A20,shēn,娠
U+5A21,zhì,娡
U+5A22,hán,娢
U+5A23,dì,娣
U+5A24,zhuāng,娤
U+5A25,é,娥
U+5A26,pín,娦
U+5A27,tuì,娧
U+5A28,xiàn,娨
U+5A29,miǎn;wǎn;wèn,娩
U+5A2A,wú;wù;yú,娪
U+5A2B,yán,娫
U+5A2C,wǔ,娬
U+5A2D,āi;xī,娭
U+5A2E,yán,娮
U+5A2F,yú,娯
U+5A30,sì,娰
U+5A31,yú,娱
U+5A32,wā,娲
U+5A33,lì,娳
U+5A34,xián,娴
U+5A35,jū,娵
U+5A36,qǔ;jū;shū,娶
U+5A37,zhuì;shuì,娷
U+5A38,qī,娸
U+5A39,xián,娹
U+5A3A,zhuó,娺
U+5A3B,dōng;dòng,娻
U+5A3C,chāng,娼
U+5A3D,lù,娽
U+5A3E,ǎi;ái;è,娾
U+5A3F,ē;ě,娿
U+5A40,ē;ě,婀
U+5A41,lóu;lǚ;lǘ;léi,婁
U+5A42,mián,婂
U+5A43,cóng,婃
U+5A44,pǒu;péi;bù,婄
U+5A45,jú,婅
U+5A46,pó,婆
U+5A47,cǎi,婇
U+5A48,líng,婈
U+5A49,wǎn,婉
U+5A4A,biǎo,婊
U+5A4B,xiāo,婋
U+5A4C,shú,婌
U+5A4D,qǐ,婍
U+5A4E,huī,婎
U+5A4F,fàn;fù,婏
U+5A50,wǒ,婐
U+5A51,ruí;wǒ;něi,婑
U+5A52,tán,婒
U+5A53,fēi,婓
U+5A54,fēi,婔
U+5A55,jié;qiè,婕
U+5A56,tiān,婖
U+5A57,ní;nǐ,婗
U+5A58,quán;juàn,婘
U+5A59,jìng,婙
U+5A5A,hūn,婚
U+5A5B,jīng,婛
U+5A5C,qiān;jǐn,婜
U+5A5D,diàn,婝
U+5A5E,xìng,婞
U+5A5F,hù,婟
U+5A60,wān;guàn,婠
U+5A61,lái;lài,婡
U+5A62,bì,婢
U+5A63,yīn,婣
U+5A64,chōu;zhōu,婤
U+5A65,nào;chuò,婥
U+5A66,fù,婦
U+5A67,jìng,婧
U+5A68,lún,婨
U+5A69,àn;nüè,婩
U+5A6A,lán;lǎn,婪
U+5A6B,kūn;hùn,婫
U+5A6C,yín,婬
U+5A6D,yà;yā;yǎ,婭
U+5A6E,jū,婮
U+5A6F,lì,婯
U+5A70,diǎn,婰
U+5A71,xián,婱
U+5A72,huā,婲
U+5A73,huà,婳
U+5A74,yīng,婴
U+5A75,chán,婵
U+5A76,shěn,婶
U+5A77,tíng,婷
U+5A78,dàng;yáng,婸
U+5A79,yǎo,婹
U+5A7A,wù;móu;mù,婺
U+5A7B,nàn,婻
U+5A7C,chuò;ruò,婼
U+5A7D,jiǎ,婽
U+5A7E,tōu,婾
U+5A7F,xù,婿
U+5A80,yù;yú,媀
U+5A81,wéi;wěi,媁
U+5A82,dì;tí,媂
U+5A83,róu,媃
U+5A84,měi,媄
U+5A85,dān,媅
U+5A86,ruǎn;nèn;nùn,媆
U+5A87,qīn,媇
U+5A88,huī,媈
U+5A89,wò,媉
U+5A8A,qián,媊
U+5A8B,chūn,媋
U+5A8C,miáo,媌
U+5A8D,fù,媍
U+5A8E,jiě,媎
U+5A8F,duān,媏
U+5A90,yí;xī,媐
U+5A91,zhòng,媑
U+5A92,méi;mèi,媒
U+5A93,huáng,媓
U+5A94,mián;miǎn,媔
U+5A95,ān;yǎn;è,媕
U+5A96,yīng,媖
U+5A97,xuān,媗
U+5A98,jiē,媘
U+5A99,wēi,媙
U+5A9A,mèi,媚
U+5A9B,yuàn;yuán,媛
U+5A9C,zhēng,媜
U+5A9D,qiū,媝
U+5A9E,shì;tí;zhī;dài,媞
U+5A9F,xiè,媟
U+5AA0,tuǒ;duò;nuǒ,媠
U+5AA1,liàn,媡
U+5AA2,mào,媢
U+5AA3,rǎn,媣
U+5AA4,sī,媤
U+5AA5,piān,媥
U+5AA6,wèi,媦
U+5AA7,wā,媧
U+5AA8,cù,媨
U+5AA9,hú,媩
U+5AAA,ǎo;yǔn;wò,媪
U+5AAB,jié,媫
U+5AAC,bǎo,媬
U+5AAD,xū,媭
U+5AAE,tōu;yú,媮
U+5AAF,guī;guì,媯
U+5AB0,chú;zòu,媰
U+5AB1,yáo,媱
U+5AB2,pì;bī;pí,媲
U+5AB3,xí,媳
U+5AB4,yuán,媴
U+5AB5,yìng;shèng,媵
U+5AB6,róng,媶
U+5AB7,rù,媷
U+5AB8,chī,媸
U+5AB9,liú,媹
U+5ABA,měi,媺
U+5ABB,pán,媻
U+5ABC,ǎo,媼
U+5ABD,mā,媽
U+5ABE,gòu,媾
U+5ABF,kuì;chǒu,媿
U+5AC0,qín;shēn,嫀
U+5AC1,jià,嫁
U+5AC2,sǎo,嫂
U+5AC3,zhēn;zhěn,嫃
U+5AC4,yuán,嫄
U+5AC5,jiē;suǒ,嫅
U+5AC6,róng,嫆
U+5AC7,míng;mǐng;méng,嫇
U+5AC8,yīng;xīng;yíng,嫈
U+5AC9,jí,嫉
U+5ACA,sù,嫊
U+5ACB,niǎo,嫋
U+5ACC,xián,嫌
U+5ACD,tāo,嫍
U+5ACE,páng;bàng,嫎
U+5ACF,láng,嫏
U+5AD0,nǎo,嫐
U+5AD1,báo,嫑
U+5AD2,ài,嫒
U+5AD3,pì,嫓
U+5AD4,pín,嫔
U+5AD5,yì,嫕
U+5AD6,piáo;piào;biāo,嫖
U+5AD7,yù;yǔ;kōu,嫗
U+5AD8,léi,嫘
U+5AD9,xuán,嫙
U+5ADA,mān;màn;yuān,嫚
U+5ADB,yī,嫛
U+5ADC,zhāng,嫜
U+5ADD,kāng,嫝
U+5ADE,yōng,嫞
U+5ADF,nì,嫟
U+5AE0,lí,嫠
U+5AE1,dí,嫡
U+5AE2,guī;zuī,嫢
U+5AE3,yān,嫣
U+5AE4,jǐn;jìn,嫤
U+5AE5,zhuān;tuán,嫥
U+5AE6,cháng,嫦
U+5AE7,zé;cè,嫧
U+5AE8,hān;nǎn,嫨
U+5AE9,nèn,嫩
U+5AEA,lào;láo,嫪
U+5AEB,mó,嫫
U+5AEC,zhē,嫬
U+5AED,hù,嫭
U+5AEE,hù,嫮
U+5AEF,ào,嫯
U+5AF0,nèn,嫰
U+5AF1,qiáng,嫱
U+5AF2,ma,嫲
U+5AF3,piè,嫳
U+5AF4,gū,嫴
U+5AF5,wǔ,嫵
U+5AF6,qiáo;jiāo,嫶
U+5AF7,tuǒ,嫷
U+5AF8,zhǎn,嫸
U+5AF9,miáo,嫹
U+5AFA,xián,嫺
U+5AFB,xián,嫻
U+5AFC,mò,嫼
U+5AFD,liáo;liǎo;liào;lǎo,嫽
U+5AFE,lián,嫾
U+5AFF,huà,嫿
U+5B00,guī,嬀
U+5B01,dēng,嬁
U+5B02,zhí,嬂
U+5B03,xū,嬃
U+5B04,yī,嬄
U+5B05,huà,嬅
U+5B06,xī,嬆
U+5B07,kuì,嬇
U+5B08,ráo;rǎo;yǎo,嬈
U+5B09,xī;xǐ,嬉
U+5B0A,yàn,嬊
U+5B0B,chán,嬋
U+5B0C,jiāo,嬌
U+5B0D,měi,嬍
U+5B0E,fàn;fù,嬎
U+5B0F,fān,嬏
U+5B10,xiān;yǎn;jìn,嬐
U+5B11,yì,嬑
U+5B12,huì,嬒
U+5B13,jiào,嬓
U+5B14,fù,嬔
U+5B15,shì,嬕
U+5B16,bì,嬖
U+5B17,shàn;chán,嬗
U+5B18,suì,嬘
U+5B19,qiáng,嬙
U+5B1A,liǎn,嬚
U+5B1B,huán;xuān;qióng;xuán,嬛
U+5B1C,xīn,嬜
U+5B1D,niǎo,嬝
U+5B1E,dǒng,嬞
U+5B1F,yì;yǐ,嬟
U+5B20,cān,嬠
U+5B21,ài,嬡
U+5B22,niáng,嬢
U+5B23,níng,嬣
U+5B24,mā,嬤
U+5B25,tiǎo;diào,嬥
U+5B26,chóu,嬦
U+5B27,jìn,嬧
U+5B28,cí,嬨
U+5B29,yú,嬩
U+5B2A,pín,嬪
U+5B2B,róng,嬫
U+5B2C,rú;nòu,嬬
U+5B2D,nǎi;ěr;nì,嬭
U+5B2E,yān;yàn,嬮
U+5B2F,tái,嬯
U+5B30,yīng;yìng,嬰
U+5B31,qiàn,嬱
U+5B32,niǎo,嬲
U+5B33,yuè,嬳
U+5B34,yíng,嬴
U+5B35,mián,嬵
U+5B36,bí,嬶
U+5B37,mā;mó,嬷
U+5B38,shěn,嬸
U+5B39,xìng;xīng,嬹
U+5B3A,nì,嬺
U+5B3B,dú,嬻
U+5B3C,liǔ,嬼
U+5B3D,yuān,嬽
U+5B3E,lǎn,嬾
U+5B3F,yàn,嬿
U+5B40,shuāng,孀
U+5B41,líng,孁
U+5B42,jiǎo,孂
U+5B43,niáng;ráng,孃
U+5B44,lǎn,孄
U+5B45,qiān;xiān,孅
U+5B46,yīng,孆
U+5B47,shuāng,孇
U+5B48,huì;xié,孈
U+5B49,quán;huān,孉
U+5B4A,mǐ,孊
U+5B4B,lí;lì,孋
U+5B4C,luán;liàn;luǎn,孌
U+5B4D,yán;yǎn,孍
U+5B4E,zhú;shú;chuò,孎
U+5B4F,lǎn,孏
U+5B50,zi;zǐ,子
U+5B51,jié,孑
U+5B52,jué,孒
U+5B53,jué,孓
U+5B54,kǒng,孔
U+5B55,yùn,孕
U+5B56,mā;zī,孖
U+5B57,zì,字
U+5B58,cún,存
U+5B59,sūn,孙
U+5B5A,fú,孚
U+5B5B,bèi;bó,孛
U+5B5C,zī,孜
U+5B5D,xiào,孝
U+5B5E,xìn,孞
U+5B5F,mèng,孟
U+5B60,sì,孠
U+5B61,tāi,孡
U+5B62,bāo,孢
U+5B63,jì,季
U+5B64,gū,孤
U+5B65,nú,孥
U+5B66,xué,学
U+5B67,yòu,孧
U+5B68,zhuǎn;nì,孨
U+5B69,hái,孩
U+5B6A,luán,孪
U+5B6B,sūn;xùn,孫
U+5B6C,nāo,孬
U+5B6D,miē,孭
U+5B6E,cóng,孮
U+5B6F,qiān,孯
U+5B70,shú,孰
U+5B71,càn;chán;jiān;zhàn,孱
U+5B72,yā,孲
U+5B73,zī,孳
U+5B74,nǐ;nì;yì,孴
U+5B75,fū,孵
U+5B76,zī,孶
U+5B77,lí,孷
U+5B78,xué;huá;jiào,學
U+5B79,bò,孹
U+5B7A,rú,孺
U+5B7B,nái,孻
U+5B7C,niè,孼
U+5B7D,niè,孽
U+5B7E,yīng,孾
U+5B7F,luán,孿
U+5B80,mián,宀
U+5B81,níng;nìng;zhù,宁
U+5B82,rǒng,宂
U+5B83,tā;tuó;yí,它
U+5B84,guǐ,宄
U+5B85,zhái;chè;dù,宅
U+5B86,qióng,宆
U+5B87,yǔ,宇
U+5B88,shǒu;shòu,守
U+5B89,ān,安
U+5B8A,tū;jiā,宊
U+5B8B,sòng,宋
U+5B8C,wán;kuān,完
U+5B8D,ròu,宍
U+5B8E,yǎo;yāo,宎
U+5B8F,hóng,宏
U+5B90,yí,宐
U+5B91,jǐng,宑
U+5B92,zhūn,宒
U+5B93,mì;fú,宓
U+5B94,zhǔ,宔
U+5B95,dàng,宕
U+5B96,hóng,宖
U+5B97,zōng,宗
U+5B98,guān,官
U+5B99,zhòu,宙
U+5B9A,dìng,定
U+5B9B,wǎn;yuān;yǔn;yù,宛
U+5B9C,yí,宜
U+5B9D,bǎo,宝
U+5B9E,shí,实
U+5B9F,shí,実
U+5BA0,chǒng,宠
U+5BA1,shěn,审
U+5BA2,kè;qià,客
U+5BA3,xuān,宣
U+5BA4,shì,室
U+5BA5,yòu,宥
U+5BA6,huàn,宦
U+5BA7,yí,宧
U+5BA8,tiǎo,宨
U+5BA9,shǐ,宩
U+5BAA,xiàn;xiòng,宪
U+5BAB,gōng,宫
U+5BAC,chéng,宬
U+5BAD,qún,宭
U+5BAE,gōng,宮
U+5BAF,xiāo,宯
U+5BB0,zǎi,宰
U+5BB1,zhà,宱
U+5BB2,bǎo;shí,宲
U+5BB3,hài;hé,害
U+5BB4,yàn,宴
U+5BB5,xiāo,宵
U+5BB6,jiā;jia;jià;jie;gū,家
U+5BB7,shěn,宷
U+5BB8,chén,宸
U+5BB9,róng;yǒng,容
U+5BBA,huǎng,宺
U+5BBB,mì,宻
U+5BBC,kòu,宼
U+5BBD,kuān,宽
U+5BBE,bīn,宾
U+5BBF,sù;xiǔ;xiù;qī,宿
U+5BC0,cǎi;cài,寀
U+5BC1,zǎn,寁
U+5BC2,jì,寂
U+5BC3,yuān,寃
U+5BC4,jì,寄
U+5BC5,yín,寅
U+5BC6,mì,密
U+5BC7,kòu,寇
U+5BC8,qīng,寈
U+5BC9,hè,寉
U+5BCA,zhēn,寊
U+5BCB,jiàn,寋
U+5BCC,fù,富
U+5BCD,níng,寍
U+5BCE,bìng;bǐng,寎
U+5BCF,huán,寏
U+5BD0,mèi,寐
U+5BD1,qǐn,寑
U+5BD2,hán,寒
U+5BD3,yù,寓
U+5BD4,shí,寔
U+5BD5,níng,寕
U+5BD6,jìn,寖
U+5BD7,níng,寗
U+5BD8,zhì;tián,寘
U+5BD9,yǔ,寙
U+5BDA,bǎo,寚
U+5BDB,kuān,寛
U+5BDC,níng,寜
U+5BDD,qǐn,寝
U+5BDE,mò,寞
U+5BDF,chá;cuì,察
U+5BE0,jù;lǜ;lóu,寠
U+5BE1,guǎ,寡
U+5BE2,qǐn,寢
U+5BE3,hū,寣
U+5BE4,wù,寤
U+5BE5,liáo,寥
U+5BE6,shí;zhì,實
U+5BE7,níng;nìng,寧
U+5BE8,zhài;sè;qiān,寨
U+5BE9,shěn;pán,審
U+5BEA,wěi;wéi,寪
U+5BEB,xiě;xiè,寫
U+5BEC,kuān,寬
U+5BED,huì,寭
U+5BEE,liáo,寮
U+5BEF,jùn,寯
U+5BF0,huán;xiàn,寰
U+5BF1,yì,寱
U+5BF2,yí,寲
U+5BF3,bǎo,寳
U+5BF4,qīn;qìn,寴
U+5BF5,chǒng;lóng,寵
U+5BF6,bǎo,寶
U+5BF7,fēng,寷
U+5BF8,cùn;cǔn,寸
U+5BF9,duì,对
U+5BFA,sì;shì,寺
U+5BFB,xún;xín,寻
U+5BFC,dǎo,导
U+5BFD,lǜ;lüè,寽
U+5BFE,duì,対
U+5BFF,shòu,寿
U+5C00,pǒ,尀
U+5C01,fēng;biǎn,封
U+5C02,zhuān,専
U+5C03,fū;bù;fǔ;pò,尃
U+5C04,shè;yè;yì,射
U+5C05,kè;kēi,尅
U+5C06,jiāng;jiàng;qiāng,将
U+5C07,jiāng;jiàng;qiāng;yáng;jiǎng,將
U+5C08,zhuān;tuán;shuàn,專
U+5C09,wèi;yù;yùn,尉
U+5C0A,zūn,尊
U+5C0B,xún;xín,尋
U+5C0C,shù;zhù,尌
U+5C0D,duì,對
U+5C0E,dǎo;dào,導
U+5C0F,xiǎo,小
U+5C10,jié;jí,尐
U+5C11,shǎo;shào,少
U+5C12,ěr,尒
U+5C13,ěr,尓
U+5C14,ěr,尔
U+5C15,gǎ,尕
U+5C16,jiān,尖
U+5C17,shū;shú,尗
U+5C18,chén,尘
U+5C19,shàng,尙
U+5C1A,shàng;cháng,尚
U+5C1B,mó,尛
U+5C1C,gá,尜
U+5C1D,cháng,尝
U+5C1E,liào;liáo,尞
U+5C1F,xiǎn,尟
U+5C20,xiǎn,尠
U+5C21,kun,尡
U+5C22,yóu;wāng,尢
U+5C23,wāng,尣
U+5C24,yóu,尤
U+5C25,liào;niǎo,尥
U+5C26,liào,尦
U+5C27,yáo,尧
U+5C28,máng;méng;páng,尨
U+5C29,wāng,尩
U+5C2A,wāng,尪
U+5C2B,wāng,尫
U+5C2C,gà,尬
U+5C2D,yáo,尭
U+5C2E,duò,尮
U+5C2F,kuì;kuǐ,尯
U+5C30,zhǒng,尰
U+5C31,jiù,就
U+5C32,gān,尲
U+5C33,gǔ,尳
U+5C34,gān,尴
U+5C35,tuí;zhuài,尵
U+5C36,gān,尶
U+5C37,gān,尷
U+5C38,shī,尸
U+5C39,yǐn;yún,尹
U+5C3A,chǐ;chě,尺
U+5C3B,kāo,尻
U+5C3C,ní;nǐ,尼
U+5C3D,jǐn;jìn,尽
U+5C3E,wěi;yǐ,尾
U+5C3F,niào;suī,尿
U+5C40,jú,局
U+5C41,pì,屁
U+5C42,céng,层
U+5C43,xì,屃
U+5C44,bī,屄
U+5C45,jū;jī,居
U+5C46,jiè,屆
U+5C47,tián,屇
U+5C48,qū;jué;què;jú,屈
U+5C49,tì,屉
U+5C4A,jiè,届
U+5C4B,wū,屋
U+5C4C,diǎo,屌
U+5C4D,shī;shì,屍
U+5C4E,shǐ;xī,屎
U+5C4F,píng;bǐng;bìng;bīng,屏
U+5C50,jī,屐
U+5C51,xiè,屑
U+5C52,zhěn,屒
U+5C53,xiè,屓
U+5C54,ní,屔
U+5C55,zhǎn,展
U+5C56,xī,屖
U+5C57,wěi,屗
U+5C58,mǎn,屘
U+5C59,ē,屙
U+5C5A,lòu,屚
U+5C5B,píng,屛
U+5C5C,tì,屜
U+5C5D,fèi,屝
U+5C5E,shǔ;zhǔ,属
U+5C5F,xiè;tì,屟
U+5C60,tú,屠
U+5C61,lǚ,屡
U+5C62,lǚ,屢
U+5C63,xǐ,屣
U+5C64,céng,層
U+5C65,lǚ,履
U+5C66,jù,屦
U+5C67,xiè,屧
U+5C68,jù,屨
U+5C69,juē,屩
U+5C6A,liáo,屪
U+5C6B,jué,屫
U+5C6C,shǔ;zhǔ,屬
U+5C6D,xì,屭
U+5C6E,chè;cǎo,屮
U+5C6F,tún;zhūn,屯
U+5C70,nì;pò;jí,屰
U+5C71,shān,山
U+5C72,wā,屲
U+5C73,xiān,屳
U+5C74,lì,屴
U+5C75,è;yǎn,屵
U+5C76,huì,屶
U+5C77,huì,屷
U+5C78,lóng;hóng,屸
U+5C79,yì;gē,屹
U+5C7A,qǐ,屺
U+5C7B,rèn,屻
U+5C7C,wù,屼
U+5C7D,hàn;àn,屽
U+5C7E,shēn,屾
U+5C7F,yǔ,屿
U+5C80,chū,岀
U+5C81,suì,岁
U+5C82,qǐ;kǎi,岂
U+5C83,rèn,岃
U+5C84,yuè,岄
U+5C85,bǎn,岅
U+5C86,yǎo,岆
U+5C87,áng,岇
U+5C88,yá;xiā,岈
U+5C89,wù,岉
U+5C8A,jié,岊
U+5C8B,è;jí,岋
U+5C8C,jí,岌
U+5C8D,qiān,岍
U+5C8E,fén;chà,岎
U+5C8F,wán,岏
U+5C90,qí,岐
U+5C91,cén,岑
U+5C92,qián,岒
U+5C93,qí,岓
U+5C94,chà,岔
U+5C95,jiè,岕
U+5C96,qū,岖
U+5C97,gǎng;gāng,岗
U+5C98,xiàn,岘
U+5C99,ào,岙
U+5C9A,lán,岚
U+5C9B,dǎo,岛
U+5C9C,bā,岜
U+5C9D,zuò,岝
U+5C9E,zuò,岞
U+5C9F,yǎng,岟
U+5CA0,jù,岠
U+5CA1,gāng,岡
U+5CA2,kě,岢
U+5CA3,gǒu,岣
U+5CA4,xué,岤
U+5CA5,pō,岥
U+5CA6,lì,岦
U+5CA7,tiáo,岧
U+5CA8,qū;jū;zǔ;jǔ,岨
U+5CA9,yán,岩
U+5CAA,fú,岪
U+5CAB,xiù,岫
U+5CAC,jiǎ;jiá,岬
U+5CAD,lǐng;líng,岭
U+5CAE,tuó,岮
U+5CAF,pí,岯
U+5CB0,ào,岰
U+5CB1,dài,岱
U+5CB2,kuàng,岲
U+5CB3,yuè,岳
U+5CB4,qū,岴
U+5CB5,hù,岵
U+5CB6,pò,岶
U+5CB7,mín,岷
U+5CB8,àn,岸
U+5CB9,tiáo,岹
U+5CBA,líng,岺
U+5CBB,chí,岻
U+5CBC,píng,岼
U+5CBD,dōng,岽
U+5CBE,hàn,岾
U+5CBF,kuī,岿
U+5CC0,xiù,峀
U+5CC1,mǎo,峁
U+5CC2,tóng,峂
U+5CC3,xué,峃
U+5CC4,yì,峄
U+5CC5,biàn,峅
U+5CC6,hé,峆
U+5CC7,bā;kè,峇
U+5CC8,luò,峈
U+5CC9,è,峉
U+5CCA,fù;niè,峊
U+5CCB,xún,峋
U+5CCC,dié,峌
U+5CCD,lù,峍
U+5CCE,ěn,峎
U+5CCF,ér,峏
U+5CD0,gāi,峐
U+5CD1,quān,峑
U+5CD2,dòng;tóng,峒
U+5CD3,yí,峓
U+5CD4,mǔ,峔
U+5CD5,shí,峕
U+5CD6,ān,峖
U+5CD7,wéi;wěi,峗
U+5CD8,huán,峘
U+5CD9,zhì;shì,峙
U+5CDA,mì,峚
U+5CDB,lǐ;liè,峛
U+5CDC,jì,峜
U+5CDD,tóng,峝
U+5CDE,wéi;wěi,峞
U+5CDF,yòu,峟
U+5CE0,qiǎ,峠
U+5CE1,xiá,峡
U+5CE2,lǐ,峢
U+5CE3,yáo,峣
U+5CE4,jiào;qiáo,峤
U+5CE5,zhēng,峥
U+5CE6,luán,峦
U+5CE7,jiāo,峧
U+5CE8,é,峨
U+5CE9,é,峩
U+5CEA,yù,峪
U+5CEB,xié;yé,峫
U+5CEC,bū,峬
U+5CED,qiào,峭
U+5CEE,qūn,峮
U+5CEF,fēng,峯
U+5CF0,fēng,峰
U+5CF1,náo,峱
U+5CF2,lǐ,峲
U+5CF3,yóu,峳
U+5CF4,xiàn,峴
U+5CF5,róng,峵
U+5CF6,dǎo,島
U+5CF7,shēn,峷
U+5CF8,chéng,峸
U+5CF9,tú,峹
U+5CFA,gěng,峺
U+5CFB,jùn,峻
U+5CFC,gào,峼
U+5CFD,xiá,峽
U+5CFE,yín,峾
U+5CFF,yǔ;wú,峿
U+5D00,làng;lǎng,崀
U+5D01,kàn,崁
U+5D02,láo,崂
U+5D03,lái,崃
U+5D04,xiǎn,崄
U+5D05,què,崅
U+5D06,kōng,崆
U+5D07,chóng,崇
U+5D08,chóng,崈
U+5D09,tà,崉
U+5D0A,lín,崊
U+5D0B,huà,崋
U+5D0C,jū,崌
U+5D0D,lái,崍
U+5D0E,qí;qǐ;yī,崎
U+5D0F,mín,崏
U+5D10,kūn,崐
U+5D11,kūn,崑
U+5D12,zú;cuì,崒
U+5D13,gù,崓
U+5D14,cuī,崔
U+5D15,yá,崕
U+5D16,yá,崖
U+5D17,gǎng;gāng,崗
U+5D18,lún,崘
U+5D19,lún,崙
U+5D1A,léng;líng,崚
U+5D1B,jué;yù,崛
U+5D1C,duō;duǒ,崜
U+5D1D,zhēng,崝
U+5D1E,guō,崞
U+5D1F,yín,崟
U+5D20,dōng;dòng,崠
U+5D21,hán,崡
U+5D22,zhēng,崢
U+5D23,wěi,崣
U+5D24,xiáo;yáo,崤
U+5D25,pí;bǐ,崥
U+5D26,yān,崦
U+5D27,sōng,崧
U+5D28,jié,崨
U+5D29,bēng,崩
U+5D2A,zú,崪
U+5D2B,kū;jué,崫
U+5D2C,dōng,崬
U+5D2D,zhǎn,崭
U+5D2E,gù,崮
U+5D2F,yín,崯
U+5D30,zī,崰
U+5D31,zè,崱
U+5D32,huáng,崲
U+5D33,yú,崳
U+5D34,wǎi;wēi;wěi,崴
U+5D35,yáng;dàng,崵
U+5D36,fēng,崶
U+5D37,qiú,崷
U+5D38,yáng,崸
U+5D39,tí,崹
U+5D3A,yǐ,崺
U+5D3B,zhì,崻
U+5D3C,shì;dié,崼
U+5D3D,zǎi,崽
U+5D3E,yǎo;yào,崾
U+5D3F,è,崿
U+5D40,zhù,嵀
U+5D41,kān;zhàn,嵁
U+5D42,lǜ,嵂
U+5D43,yǎn;yàn,嵃
U+5D44,měi,嵄
U+5D45,hán,嵅
U+5D46,jī,嵆
U+5D47,jī;xí,嵇
U+5D48,huàn,嵈
U+5D49,tíng,嵉
U+5D4A,shèng;chéng,嵊
U+5D4B,méi,嵋
U+5D4C,qiàn;hǎn;kàn,嵌
U+5D4D,wù;máo,嵍
U+5D4E,yú,嵎
U+5D4F,zōng,嵏
U+5D50,lán,嵐
U+5D51,kě;jié,嵑
U+5D52,yán;niè,嵒
U+5D53,yán,嵓
U+5D54,wěi,嵔
U+5D55,zōng,嵕
U+5D56,chá,嵖
U+5D57,suì,嵗
U+5D58,róng,嵘
U+5D59,kē,嵙
U+5D5A,qīn,嵚
U+5D5B,yú,嵛
U+5D5C,qí,嵜
U+5D5D,lǒu,嵝
U+5D5E,tú,嵞
U+5D5F,duī,嵟
U+5D60,xī,嵠
U+5D61,wěng,嵡
U+5D62,cāng,嵢
U+5D63,dàng;táng,嵣
U+5D64,róng;yíng,嵤
U+5D65,jié,嵥
U+5D66,kǎi;ái,嵦
U+5D67,liú,嵧
U+5D68,wù,嵨
U+5D69,sōng,嵩
U+5D6A,qiāo;kāo,嵪
U+5D6B,zī,嵫
U+5D6C,wéi;wěi,嵬
U+5D6D,bēng,嵭
U+5D6E,diān,嵮
U+5D6F,cuó;cī,嵯
U+5D70,qiǎn,嵰
U+5D71,yǒng;yóng,嵱
U+5D72,niè,嵲
U+5D73,cuó,嵳
U+5D74,jǐ;jí,嵴
U+5D75,shí,嵵
U+5D76,ruò,嵶
U+5D77,sǒng,嵷
U+5D78,zōng,嵸
U+5D79,jiàng,嵹
U+5D7A,liáo;jiāo,嵺
U+5D7B,kāng,嵻
U+5D7C,chǎn,嵼
U+5D7D,dié;dì,嵽
U+5D7E,cēn;cān,嵾
U+5D7F,dǐng,嵿
U+5D80,tū,嶀
U+5D81,lǒu,嶁
U+5D82,zhàng,嶂
U+5D83,zhǎn,嶃
U+5D84,zhǎn;chán,嶄
U+5D85,áo;ào,嶅
U+5D86,cáo,嶆
U+5D87,qū,嶇
U+5D88,qiāng,嶈
U+5D89,cuī;zuǐ,嶉
U+5D8A,zuǐ,嶊
U+5D8B,dǎo,嶋
U+5D8C,dǎo,嶌
U+5D8D,xí,嶍
U+5D8E,yù,嶎
U+5D8F,pèi;pǐ,嶏
U+5D90,lóng,嶐
U+5D91,xiàng,嶑
U+5D92,céng;zhēng,嶒
U+5D93,bō,嶓
U+5D94,qīn,嶔
U+5D95,jiāo,嶕
U+5D96,yān,嶖
U+5D97,láo,嶗
U+5D98,zhàn,嶘
U+5D99,lín;lǐn,嶙
U+5D9A,liáo,嶚
U+5D9B,liáo,嶛
U+5D9C,jīn;qín,嶜
U+5D9D,dèng,嶝
U+5D9E,duò,嶞
U+5D9F,zūn,嶟
U+5DA0,jiào;qiáo,嶠
U+5DA1,guì;jué,嶡
U+5DA2,yáo,嶢
U+5DA3,jiāo,嶣
U+5DA4,yáo,嶤
U+5DA5,jué,嶥
U+5DA6,zhān;shàn,嶦
U+5DA7,yì,嶧
U+5DA8,xué,嶨
U+5DA9,náo,嶩
U+5DAA,yè,嶪
U+5DAB,yè,嶫
U+5DAC,yí;yǐ,嶬
U+5DAD,niè,嶭
U+5DAE,xiǎn;yǎn,嶮
U+5DAF,jí,嶯
U+5DB0,xiè;jiè,嶰
U+5DB1,kě,嶱
U+5DB2,xī,嶲
U+5DB3,dì,嶳
U+5DB4,ào,嶴
U+5DB5,zuǐ,嶵
U+5DB6,wēi,嶶
U+5DB7,yí;nì,嶷
U+5DB8,róng,嶸
U+5DB9,dǎo,嶹
U+5DBA,lǐng,嶺
U+5DBB,jié,嶻
U+5DBC,yǔ;xù,嶼
U+5DBD,yuè,嶽
U+5DBE,yǐn,嶾
U+5DBF,ru,嶿
U+5DC0,jié,巀
U+5DC1,lì;liè,巁
U+5DC2,guī;xī;juàn,巂
U+5DC3,lóng,巃
U+5DC4,lóng,巄
U+5DC5,diān,巅
U+5DC6,róng;hōng;yíng,巆
U+5DC7,xī,巇
U+5DC8,jú,巈
U+5DC9,chán,巉
U+5DCA,yǐng,巊
U+5DCB,kuī;kuì;wěi,巋
U+5DCC,yán,巌
U+5DCD,wēi,巍
U+5DCE,náo,巎
U+5DCF,quán,巏
U+5DD0,chǎo,巐
U+5DD1,cuán,巑
U+5DD2,luán,巒
U+5DD3,diān,巓
U+5DD4,diān,巔
U+5DD5,niè,巕
U+5DD6,yán,巖
U+5DD7,yán,巗
U+5DD8,yǎn,巘
U+5DD9,kuí;náo,巙
U+5DDA,yǎn,巚
U+5DDB,chuān;shùn,巛
U+5DDC,kuài;huān,巜
U+5DDD,chuān,川
U+5DDE,zhōu,州
U+5DDF,huāng,巟
U+5DE0,jīng;xíng,巠
U+5DE1,xún;yán;shùn,巡
U+5DE2,cháo;chào,巢
U+5DE3,cháo,巣
U+5DE4,liè,巤
U+5DE5,gōng,工
U+5DE6,zuǒ,左
U+5DE7,qiǎo,巧
U+5DE8,jù;qú,巨
U+5DE9,gǒng,巩
U+5DEA,jù,巪
U+5DEB,wū,巫
U+5DEC,pu,巬
U+5DED,pu,巭
U+5DEE,chà;chā;chāi;cī;chài;cuō;jiē,差
U+5DEF,qiú,巯
U+5DF0,qiú,巰
U+5DF1,jǐ;qǐ,己
U+5DF2,yǐ;sì,已
U+5DF3,sì;yǐ,巳
U+5DF4,bā,巴
U+5DF5,zhī,巵
U+5DF6,zhāo,巶
U+5DF7,xiàng;hàng,巷
U+5DF8,yí,巸
U+5DF9,jǐn,巹
U+5DFA,xùn,巺
U+5DFB,juàn,巻
U+5DFC,bā,巼
U+5DFD,xùn;zhuàn,巽
U+5DFE,jīn,巾
U+5DFF,fú;pó,巿
U+5E00,zā,帀
U+5E01,bì;yìn,币
U+5E02,shì;fú,市
U+5E03,bù,布
U+5E04,dīng,帄
U+5E05,shuài,帅
U+5E06,fān;fán;fàn,帆
U+5E07,niè,帇
U+5E08,shī,师
U+5E09,fēn,帉
U+5E0A,pà;pā,帊
U+5E0B,zhǐ,帋
U+5E0C,xī,希
U+5E0D,hù,帍
U+5E0E,dàn,帎
U+5E0F,wéi,帏
U+5E10,zhàng,帐
U+5E11,tǎng;nú,帑
U+5E12,dài,帒
U+5E13,mò;wà,帓
U+5E14,pèi;pī,帔
U+5E15,pà;mò,帕
U+5E16,tiē;tiě;tiè,帖
U+5E17,bō;fú,帗
U+5E18,lián;chén,帘
U+5E19,zhì,帙
U+5E1A,zhǒu,帚
U+5E1B,bó,帛
U+5E1C,zhì,帜
U+5E1D,dì,帝
U+5E1E,mò,帞
U+5E1F,yì,帟
U+5E20,yì,帠
U+5E21,píng,帡
U+5E22,qià,帢
U+5E23,juǎn;juàn,帣
U+5E24,rú,帤
U+5E25,shuài,帥
U+5E26,dài,带
U+5E27,zhēn;zhèng,帧
U+5E28,shuì,帨
U+5E29,qiào,帩
U+5E2A,zhēn,帪
U+5E2B,shī,師
U+5E2C,qún,帬
U+5E2D,xí,席
U+5E2E,bāng,帮
U+5E2F,dài,帯
U+5E30,guī,帰
U+5E31,chóu;dào,帱
U+5E32,píng,帲
U+5E33,zhàng,帳
U+5E34,sàn;jiǎn;jiān,帴
U+5E35,wān,帵
U+5E36,dài,帶
U+5E37,wéi,帷
U+5E38,cháng,常
U+5E39,shà;qiè,帹
U+5E3A,qí;jì,帺
U+5E3B,zé,帻
U+5E3C,guó,帼
U+5E3D,mào,帽
U+5E3E,dǔ,帾
U+5E3F,hóu,帿
U+5E40,zhèng,幀
U+5E41,xū,幁
U+5E42,mì,幂
U+5E43,wéi,幃
U+5E44,wò,幄
U+5E45,fú;bī,幅
U+5E46,yì;kài,幆
U+5E47,bāng,幇
U+5E48,píng,幈
U+5E49,dié,幉
U+5E4A,gōng,幊
U+5E4B,pán,幋
U+5E4C,huǎng,幌
U+5E4D,tāo,幍
U+5E4E,mì,幎
U+5E4F,jià,幏
U+5E50,téng,幐
U+5E51,huī,幑
U+5E52,zhōng,幒
U+5E53,shān;shēn;qiāo,幓
U+5E54,màn,幔
U+5E55,mù;màn,幕
U+5E56,biāo,幖
U+5E57,guó,幗
U+5E58,zé;cè,幘
U+5E59,mù,幙
U+5E5A,bāng,幚
U+5E5B,zhàng,幛
U+5E5C,jǐng,幜
U+5E5D,chǎn;chàn,幝
U+5E5E,fú,幞
U+5E5F,zhì,幟
U+5E60,hū;wú,幠
U+5E61,fān,幡
U+5E62,chuáng;zhuàng,幢
U+5E63,bì,幣
U+5E64,bì,幤
U+5E65,zhǎng,幥
U+5E66,mì,幦
U+5E67,qiāo,幧
U+5E68,chān;chàn,幨
U+5E69,fén;fèn,幩
U+5E6A,méng;měng,幪
U+5E6B,bāng,幫
U+5E6C,chóu;dào,幬
U+5E6D,miè,幭
U+5E6E,chú,幮
U+5E6F,jié,幯
U+5E70,xiǎn,幰
U+5E71,lán,幱
U+5E72,gàn;gān;àn,干
U+5E73,píng;pián;bìng;bēng,平
U+5E74,nián;nìng,年
U+5E75,jiān;qiān,幵
U+5E76,bìng;bīng,并
U+5E77,bìng;bīng,幷
U+5E78,xìng;niè,幸
U+5E79,gàn;gān;hán;guǎn,幹
U+5E7A,yāo;mì,幺
U+5E7B,huàn,幻
U+5E7C,yòu;yào,幼
U+5E7D,yōu,幽
U+5E7E,jǐ;jī;jì;qí,幾
U+5E7F,guǎng;yǎn;ān,广
U+5E80,pǐ,庀
U+5E81,tīng,庁
U+5E82,zè,庂
U+5E83,guǎng,広
U+5E84,zhuāng;péng,庄
U+5E85,mó,庅
U+5E86,qìng,庆
U+5E87,bì;pí;pǐ,庇
U+5E88,qín,庈
U+5E89,dùn;tún,庉
U+5E8A,chuáng,床
U+5E8B,guǐ;guì,庋
U+5E8C,yǎ;yá,庌
U+5E8D,bài;xìn;tīng,庍
U+5E8E,jiè,庎
U+5E8F,xù,序
U+5E90,lú,庐
U+5E91,wǔ,庑
U+5E92,zhuāng,庒
U+5E93,kù,库
U+5E94,yīng;yìng,应
U+5E95,dǐ;de,底
U+5E96,páo,庖
U+5E97,diàn,店
U+5E98,yā,庘
U+5E99,miào,庙
U+5E9A,gēng,庚
U+5E9B,cì,庛
U+5E9C,fǔ,府
U+5E9D,tóng,庝
U+5E9E,páng,庞
U+5E9F,fèi,废
U+5EA0,xiáng,庠
U+5EA1,yǐ,庡
U+5EA2,zhì,庢
U+5EA3,tiāo,庣
U+5EA4,zhì,庤
U+5EA5,xiū,庥
U+5EA6,dù;duó;zhái,度
U+5EA7,zuò,座
U+5EA8,xiāo,庨
U+5EA9,tú,庩
U+5EAA,guǐ,庪
U+5EAB,kù,庫
U+5EAC,máng;méng,庬
U+5EAD,tíng,庭
U+5EAE,yǒu;yóu,庮
U+5EAF,bū,庯
U+5EB0,bìng;bǐng,庰
U+5EB1,chěng,庱
U+5EB2,lái,庲
U+5EB3,bì;pí,庳
U+5EB4,jí;jī,庴
U+5EB5,ān;yǎn;è,庵
U+5EB6,shù;zhù;zhē,庶
U+5EB7,kāng;kàng,康
U+5EB8,yōng;yóng,庸
U+5EB9,tuǒ,庹
U+5EBA,sōng,庺
U+5EBB,shù,庻
U+5EBC,qǐng,庼
U+5EBD,yù,庽
U+5EBE,yǔ;yú,庾
U+5EBF,miào,庿
U+5EC0,sōu,廀
U+5EC1,cè;cì;zè;si,廁
U+5EC2,xiāng,廂
U+5EC3,fèi,廃
U+5EC4,jiù,廄
U+5EC5,è,廅
U+5EC6,guī;wěi;huì,廆
U+5EC7,liù,廇
U+5EC8,shà;xià,廈
U+5EC9,lián,廉
U+5ECA,láng,廊
U+5ECB,sōu,廋
U+5ECC,zhì,廌
U+5ECD,bù,廍
U+5ECE,qǐng;qìng;qīng,廎
U+5ECF,jiù,廏
U+5ED0,jiù,廐
U+5ED1,jǐn;qín,廑
U+5ED2,áo,廒
U+5ED3,kuò,廓
U+5ED4,lóu,廔
U+5ED5,yìn,廕
U+5ED6,liào;liáo,廖
U+5ED7,dài,廗
U+5ED8,lù,廘
U+5ED9,yì,廙
U+5EDA,chú,廚
U+5EDB,chán,廛
U+5EDC,tú,廜
U+5EDD,sī,廝
U+5EDE,xīn;qiàn,廞
U+5EDF,miào,廟
U+5EE0,chǎng,廠
U+5EE1,wǔ;wú,廡
U+5EE2,fèi,廢
U+5EE3,guǎng;guàng;kuàng;guāng,廣
U+5EE4,kù,廤
U+5EE5,kuài,廥
U+5EE6,bì,廦
U+5EE7,qiáng;sè,廧
U+5EE8,xiè,廨
U+5EE9,lǐn;lǎn,廩
U+5EEA,lǐn,廪
U+5EEB,liáo,廫
U+5EEC,lú;lǘ,廬
U+5EED,jì,廭
U+5EEE,yǐng,廮
U+5EEF,xiān,廯
U+5EF0,tīng,廰
U+5EF1,yōng,廱
U+5EF2,lí,廲
U+5EF3,tīng,廳
U+5EF4,yǐn;yìn,廴
U+5EF5,xún,廵
U+5EF6,yán,延
U+5EF7,tíng,廷
U+5EF8,dí,廸
U+5EF9,pǎi;pò,廹
U+5EFA,jiàn,建
U+5EFB,huí,廻
U+5EFC,nǎi,廼
U+5EFD,huí,廽
U+5EFE,gǒng,廾
U+5EFF,niàn,廿
U+5F00,kāi,开
U+5F01,biàn;pán,弁
U+5F02,yì;yí,异
U+5F03,qì,弃
U+5F04,nòng;lòng,弄
U+5F05,fèn,弅
U+5F06,jǔ;qǔ,弆
U+5F07,yǎn;yān;nán,弇
U+5F08,yì,弈
U+5F09,zàng,弉
U+5F0A,bì,弊
U+5F0B,yì,弋
U+5F0C,yī,弌
U+5F0D,èr,弍
U+5F0E,sān,弎
U+5F0F,shì;tè,式
U+5F10,èr,弐
U+5F11,shì,弑
U+5F12,shì,弒
U+5F13,gōng,弓
U+5F14,diào;dì,弔
U+5F15,yǐn,引
U+5F16,hù,弖
U+5F17,fú,弗
U+5F18,hóng,弘
U+5F19,wū,弙
U+5F1A,tuí,弚
U+5F1B,chí,弛
U+5F1C,jiàng,弜
U+5F1D,bà,弝
U+5F1E,shěn,弞
U+5F1F,dì;tì;tuí,弟
U+5F20,zhāng,张
U+5F21,jué;zhāng,弡
U+5F22,tāo,弢
U+5F23,fǔ,弣
U+5F24,dǐ,弤
U+5F25,mí,弥
U+5F26,xián,弦
U+5F27,hú,弧
U+5F28,chāo,弨
U+5F29,nǔ,弩
U+5F2A,jìng,弪
U+5F2B,zhěn,弫
U+5F2C,yí,弬
U+5F2D,mǐ,弭
U+5F2E,quān;juàn,弮
U+5F2F,wān,弯
U+5F30,shāo,弰
U+5F31,ruò,弱
U+5F32,xuān;yuān,弲
U+5F33,jìng,弳
U+5F34,diāo,弴
U+5F35,zhāng;zhàng,張
U+5F36,jiàng,弶
U+5F37,qiáng;jiàng;qiǎng,強
U+5F38,péng;pēng,弸
U+5F39,dàn;tán,弹
U+5F3A,qiáng;jiàng;qiǎng,强
U+5F3B,bì,弻
U+5F3C,bì,弼
U+5F3D,shè,弽
U+5F3E,dàn,弾
U+5F3F,jiǎn,弿
U+5F40,gòu;kōu,彀
U+5F41,gē,彁
U+5F42,fā,彂
U+5F43,bì,彃
U+5F44,kōu,彄
U+5F45,jiǎn,彅
U+5F46,biè,彆
U+5F47,xiāo,彇
U+5F48,dàn;tán,彈
U+5F49,guō,彉
U+5F4A,jiàng;qiáng;qiǎng;jiāng,彊
U+5F4B,hóng,彋
U+5F4C,mí;mǐ;ní,彌
U+5F4D,guō,彍
U+5F4E,wān,彎
U+5F4F,jué,彏
U+5F50,jì,彐
U+5F51,jì,彑
U+5F52,guī,归
U+5F53,dāng;dàng,当
U+5F54,lù,彔
U+5F55,lù,录
U+5F56,tuàn;shǐ,彖
U+5F57,huì;suì,彗
U+5F58,zhì,彘
U+5F59,huì,彙
U+5F5A,huì,彚
U+5F5B,yí,彛
U+5F5C,yí,彜
U+5F5D,yí,彝
U+5F5E,yí,彞
U+5F5F,yuē,彟
U+5F60,yuē,彠
U+5F61,shān;xiǎn,彡
U+5F62,xíng,形
U+5F63,wén,彣
U+5F64,tóng,彤
U+5F65,yàn,彥
U+5F66,yàn;pán,彦
U+5F67,yù,彧
U+5F68,chī,彨
U+5F69,cǎi,彩
U+5F6A,biāo,彪
U+5F6B,diāo,彫
U+5F6C,bīn;bān,彬
U+5F6D,péng;páng;bāng;pēng,彭
U+5F6E,yǒng,彮
U+5F6F,piāo;piào;miǎo,彯
U+5F70,zhāng,彰
U+5F71,yǐng,影
U+5F72,chī,彲
U+5F73,chì;fú,彳
U+5F74,zhuó;bó,彴
U+5F75,tuǒ;yí,彵
U+5F76,jí,彶
U+5F77,páng;fǎng;fáng,彷
U+5F78,zhōng,彸
U+5F79,yì,役
U+5F7A,wáng,彺
U+5F7B,chè,彻
U+5F7C,bǐ,彼
U+5F7D,dī,彽
U+5F7E,líng;lǐng,彾
U+5F7F,fú,彿
U+5F80,wǎng;wàng,往
U+5F81,zhēng,征
U+5F82,cú,徂
U+5F83,wǎng,徃
U+5F84,jìng,径
U+5F85,dài;dāi,待
U+5F86,xī,徆
U+5F87,xùn,徇
U+5F88,hěn,很
U+5F89,yáng,徉
U+5F8A,huái;huí,徊
U+5F8B,lǜ,律
U+5F8C,hòu,後
U+5F8D,wǎng;wā,徍
U+5F8E,chěng;zhèng,徎
U+5F8F,zhì,徏
U+5F90,xú,徐
U+5F91,jìng;jīng,徑
U+5F92,tú,徒
U+5F93,cóng,従
U+5F94,zhi,徔
U+5F95,lái;lài,徕
U+5F96,cóng,徖
U+5F97,dé;de;děi,得
U+5F98,pái,徘
U+5F99,xǐ;sī,徙
U+5F9A,dōng,徚
U+5F9B,jì,徛
U+5F9C,cháng,徜
U+5F9D,zhì,徝
U+5F9E,cóng;zòng;zōng;cōng;zǒng,從
U+5F9F,zhōu,徟
U+5FA0,lái;lài,徠
U+5FA1,yù;yà,御
U+5FA2,xiè,徢
U+5FA3,jiè,徣
U+5FA4,jiàn,徤
U+5FA5,shì;tǐ,徥
U+5FA6,jiǎ;xiá,徦
U+5FA7,biàn;pián;piān,徧
U+5FA8,huáng,徨
U+5FA9,fù,復
U+5FAA,xún,循
U+5FAB,wěi,徫
U+5FAC,páng;bàng,徬
U+5FAD,yáo,徭
U+5FAE,wēi,微
U+5FAF,xī;xí,徯
U+5FB0,zhēng,徰
U+5FB1,piào,徱
U+5FB2,tí;chí,徲
U+5FB3,dé,徳
U+5FB4,zhēng,徴
U+5FB5,zhēng;zhǐ;chéng,徵
U+5FB6,bié,徶
U+5FB7,dé,德
U+5FB8,chōng;zhōng;zhǒng,徸
U+5FB9,chè,徹
U+5FBA,jiǎo,徺
U+5FBB,huì,徻
U+5FBC,jiǎo;jiào;jiāo;yāo,徼
U+5FBD,huī,徽
U+5FBE,méi,徾
U+5FBF,lòng;lǒng,徿
U+5FC0,xiāng;rǎng,忀
U+5FC1,bào,忁
U+5FC2,qú;jù,忂
U+5FC3,xīn,心
U+5FC4,xin,忄
U+5FC5,bì,必
U+5FC6,yì,忆
U+5FC7,lè,忇
U+5FC8,rén,忈
U+5FC9,dāo,忉
U+5FCA,dìng;tìng,忊
U+5FCB,gǎi,忋
U+5FCC,jì,忌
U+5FCD,rěn;rèn,忍
U+5FCE,rén,忎
U+5FCF,chàn;qiǎn;qiān,忏
U+5FD0,tǎn;kěng,忐
U+5FD1,tè;dǎo,忑
U+5FD2,tè;tuī;tēi,忒
U+5FD3,gān;hàn,忓
U+5FD4,qì;yì,忔
U+5FD5,shì;tài,忕
U+5FD6,cǔn,忖
U+5FD7,zhì,志
U+5FD8,wàng;wáng,忘
U+5FD9,máng,忙
U+5FDA,xī;liě,忚
U+5FDB,fān,忛
U+5FDC,yīng,応
U+5FDD,tiǎn,忝
U+5FDE,mín;wěn,忞
U+5FDF,wěn,忟
U+5FE0,zhōng,忠
U+5FE1,chōng,忡
U+5FE2,wù,忢
U+5FE3,jí,忣
U+5FE4,wǔ;wù,忤
U+5FE5,xì,忥
U+5FE6,jiá,忦
U+5FE7,yōu;yòu,忧
U+5FE8,wàn;wán,忨
U+5FE9,cōng,忩
U+5FEA,sōng;zhōng,忪
U+5FEB,kuài,快
U+5FEC,yù;shū,忬
U+5FED,biàn,忭
U+5FEE,zhì;qí,忮
U+5FEF,qí;shì,忯
U+5FF0,cuì,忰
U+5FF1,chén;dàn,忱
U+5FF2,tài,忲
U+5FF3,tún;zhūn;dùn,忳
U+5FF4,qián;qín,忴
U+5FF5,niàn,念
U+5FF6,hún,忶
U+5FF7,xiōng,忷
U+5FF8,niǔ,忸
U+5FF9,kuáng;wǎng,忹
U+5FFA,xiān,忺
U+5FFB,xīn,忻
U+5FFC,kāng;hāng;hàng,忼
U+5FFD,hū,忽
U+5FFE,kài;qì,忾
U+5FFF,fèn,忿
U+6000,huái;fù,怀
U+6001,tài,态
U+6002,sǒng,怂
U+6003,wǔ,怃
U+6004,òu,怄
U+6005,chàng,怅
U+6006,chuàng,怆
U+6007,jù,怇
U+6008,yì,怈
U+6009,bǎo;bào,怉
U+600A,chāo,怊
U+600B,mín;mén,怋
U+600C,pēi,怌
U+600D,zuò;zhà,怍
U+600E,zěn,怎
U+600F,yàng;yāng,怏
U+6010,jù;kòu,怐
U+6011,bàn,怑
U+6012,nù,怒
U+6013,náo;niú,怓
U+6014,zhēng;zhèng,怔
U+6015,pà;bó,怕
U+6016,bù,怖
U+6017,tiē;zhān,怗
U+6018,hù;gù,怘
U+6019,hù;tiē,怙
U+601A,jù;qū;cū;zū,怚
U+601B,dá;dàn,怛
U+601C,lián;líng;lǐng,怜
U+601D,sī;sāi,思
U+601E,chóu;yóu,怞
U+601F,dì,怟
U+6020,dài;yí,怠
U+6021,yí,怡
U+6022,tū;dié;tuì,怢
U+6023,yóu,怣
U+6024,fū,怤
U+6025,jí,急
U+6026,pēng,怦
U+6027,xìng,性
U+6028,yuàn;yùn,怨
U+6029,ní,怩
U+602A,guài,怪
U+602B,fú;fèi;bèi,怫
U+602C,xì,怬
U+602D,bì,怭
U+602E,yōu;yào,怮
U+602F,qiè,怯
U+6030,xuàn,怰
U+6031,cōng,怱
U+6032,bǐng,怲
U+6033,huǎng,怳
U+6034,xù;xuè,怴
U+6035,chù;xù,怵
U+6036,bì;pī,怶
U+6037,shù,怷
U+6038,xī,怸
U+6039,tān,怹
U+603A,yǒng,怺
U+603B,zǒng,总
U+603C,duì,怼
U+603D,mo,怽
U+603E,zhǐ,怾
U+603F,yì,怿
U+6040,shì,恀
U+6041,nèn;rèn;nín,恁
U+6042,xún;shùn,恂
U+6043,shì;zhì,恃
U+6044,xì,恄
U+6045,lǎo,恅
U+6046,héng;gèng,恆
U+6047,kuāng,恇
U+6048,móu,恈
U+6049,zhǐ,恉
U+604A,xié,恊
U+604B,liàn,恋
U+604C,tiāo;yáo,恌
U+604D,huǎng;guāng,恍
U+604E,dié,恎
U+604F,hào,恏
U+6050,kǒng,恐
U+6051,guǐ;wéi,恑
U+6052,héng,恒
U+6053,xī;qī;xù,恓
U+6054,jiǎo;xiào,恔
U+6055,shù,恕
U+6056,sī,恖
U+6057,hū;kuā,恗
U+6058,qiū,恘
U+6059,yàng,恙
U+605A,huì,恚
U+605B,huí,恛
U+605C,chì,恜
U+605D,jiá;qì,恝
U+605E,yí,恞
U+605F,xiōng,恟
U+6060,guài,恠
U+6061,lìn,恡
U+6062,huī,恢
U+6063,zì,恣
U+6064,xù,恤
U+6065,chǐ,恥
U+6066,shàng,恦
U+6067,nǜ,恧
U+6068,hèn,恨
U+6069,ēn,恩
U+606A,kè,恪
U+606B,dòng;tōng,恫
U+606C,tián,恬
U+606D,gōng,恭
U+606E,quān;zhuān,恮
U+606F,xī,息
U+6070,qià,恰
U+6071,yuè,恱
U+6072,pēng,恲
U+6073,kěn,恳
U+6074,dé,恴
U+6075,huì,恵
U+6076,è;ě;wù;wū,恶
U+6077,xiao,恷
U+6078,tòng,恸
U+6079,yān,恹
U+607A,kǎi,恺
U+607B,cè,恻
U+607C,nǎo,恼
U+607D,yùn,恽
U+607E,máng,恾
U+607F,yǒng;tōng,恿
U+6080,yǒng,悀
U+6081,yuān;juàn,悁
U+6082,pī;bī;pǐ,悂
U+6083,kǔn,悃
U+6084,qiāo;qiǎo;qiào,悄
U+6085,yuè,悅
U+6086,yù;shū,悆
U+6087,tú;yú,悇
U+6088,jiè;kè,悈
U+6089,xī,悉
U+608A,zhé,悊
U+608B,lìn,悋
U+608C,tì,悌
U+608D,hàn,悍
U+608E,hào;jiào,悎
U+608F,qiè,悏
U+6090,tì,悐
U+6091,bù,悑
U+6092,yì,悒
U+6093,qiàn,悓
U+6094,huǐ,悔
U+6095,xī,悕
U+6096,bèi;běi,悖
U+6097,mán;mèn,悗
U+6098,yī;yì,悘
U+6099,hēng;hèng,悙
U+609A,sǒng,悚
U+609B,quān;xún,悛
U+609C,chěng,悜
U+609D,kuī;lǐ,悝
U+609E,wù,悞
U+609F,wù,悟
U+60A0,yōu,悠
U+60A1,lí,悡
U+60A2,liàng;lǎng,悢
U+60A3,huàn,患
U+60A4,cōng,悤
U+60A5,yì,悥
U+60A6,yuè,悦
U+60A7,lì,悧
U+60A8,nín,您
U+60A9,nǎo,悩
U+60AA,è,悪
U+60AB,què,悫
U+60AC,xuán,悬
U+60AD,qiān,悭
U+60AE,wù,悮
U+60AF,mǐn,悯
U+60B0,cóng,悰
U+60B1,fěi,悱
U+60B2,bēi,悲
U+60B3,dé,悳
U+60B4,cuì,悴
U+60B5,chàng,悵
U+60B6,mèn;mēn,悶
U+60B7,lì,悷
U+60B8,jì,悸
U+60B9,guàn,悹
U+60BA,guàn,悺
U+60BB,xìng,悻
U+60BC,dào,悼
U+60BD,qī;qì,悽
U+60BE,kōng;kǒng,悾
U+60BF,tiǎn,悿
U+60C0,lún;lùn,惀
U+60C1,xī,惁
U+60C2,kǎn,惂
U+60C3,gǔn,惃
U+60C4,nì,惄
U+60C5,qíng,情
U+60C6,chóu;qiū;dāo,惆
U+60C7,dūn,惇
U+60C8,guǒ,惈
U+60C9,zhān,惉
U+60CA,jīng;liáng,惊
U+60CB,wǎn,惋
U+60CC,yuān;wǎn;yù,惌
U+60CD,jīn,惍
U+60CE,jì,惎
U+60CF,lán;lín,惏
U+60D0,yù;xù,惐
U+60D1,huò,惑
U+60D2,hé,惒
U+60D3,quán;juàn,惓
U+60D4,tán;dàn,惔
U+60D5,tì,惕
U+60D6,tì,惖
U+60D7,niè,惗
U+60D8,wǎng,惘
U+60D9,chuò;chuì,惙
U+60DA,hū,惚
U+60DB,hūn;hǔn;mèn,惛
U+60DC,xī,惜
U+60DD,chǎng;tǎng,惝
U+60DE,xīn,惞
U+60DF,wéi;wěi,惟
U+60E0,huì,惠
U+60E1,è;wù;wū;ě;hū,惡
U+60E2,suǒ;ruǐ,惢
U+60E3,zǒng,惣
U+60E4,jiān,惤
U+60E5,yǒng,惥
U+60E6,diàn,惦
U+60E7,jù,惧
U+60E8,cǎn,惨
U+60E9,chéng,惩
U+60EA,dé,惪
U+60EB,bèi,惫
U+60EC,qiè,惬
U+60ED,cán,惭
U+60EE,dàn,惮
U+60EF,guàn,惯
U+60F0,duò;tuó,惰
U+60F1,nǎo,惱
U+60F2,yùn,惲
U+60F3,xiǎng,想
U+60F4,zhuì;chuǎn;guà,惴
U+60F5,dié;tiē,惵
U+60F6,huáng,惶
U+60F7,chǔn,惷
U+60F8,qióng,惸
U+60F9,rě;ruò,惹
U+60FA,xīng,惺
U+60FB,cè,惻
U+60FC,biǎn,惼
U+60FD,mǐn;hūn,惽
U+60FE,zōng,惾
U+60FF,tí;shì,惿
U+6100,qiǎo;qiù,愀
U+6101,chóu;qiǎo;jiū,愁
U+6102,bèi,愂
U+6103,xuān,愃
U+6104,wēi,愄
U+6105,gé,愅
U+6106,qiān,愆
U+6107,wěi,愇
U+6108,yù,愈
U+6109,yú;tōu;yǔ,愉
U+610A,bì,愊
U+610B,xuān,愋
U+610C,huàn,愌
U+610D,mǐn;fēn,愍
U+610E,bì,愎
U+610F,yì;yī,意
U+6110,miǎn,愐
U+6111,yǒng,愑
U+6112,kài;qì;hè,愒
U+6113,dàng;shāng;táng;yáng,愓
U+6114,yīn,愔
U+6115,è,愕
U+6116,chén;dān;xìn,愖
U+6117,mào,愗
U+6118,qià;qiā;kè,愘
U+6119,kè,愙
U+611A,yú,愚
U+611B,ài,愛
U+611C,qiè,愜
U+611D,yǎn,愝
U+611E,nuò,愞
U+611F,gǎn;hàn,感
U+6120,yùn;yǔn;wěn,愠
U+6121,zǒng,愡
U+6122,sāi;sī;sǐ,愢
U+6123,lèng,愣
U+6124,fèn,愤
U+6125,yīng,愥
U+6126,kuì,愦
U+6127,kuì,愧
U+6128,què,愨
U+6129,gōng;gòng;hǒng,愩
U+612A,yún,愪
U+612B,sù,愫
U+612C,sù;sè,愬
U+612D,qí,愭
U+612E,yáo;yào,愮
U+612F,sǒng,愯
U+6130,huàng;huǎng,愰
U+6131,jí,愱
U+6132,gǔ,愲
U+6133,jù,愳
U+6134,chuàng;chuǎng,愴
U+6135,nì,愵
U+6136,xié,愶
U+6137,kǎi,愷
U+6138,zhěng,愸
U+6139,yǒng,愹
U+613A,cǎo,愺
U+613B,xùn,愻
U+613C,shèn,愼
U+613D,bó,愽
U+613E,kài;xì;qì,愾
U+613F,yuàn,愿
U+6140,xì;xié,慀
U+6141,hùn,慁
U+6142,yǒng,慂
U+6143,yǎng,慃
U+6144,lì,慄
U+6145,sāo;cǎo,慅
U+6146,tāo,慆
U+6147,yīn,慇
U+6148,cí,慈
U+6149,xù;chù,慉
U+614A,qiàn;qiè;xián;qiǎn,慊
U+614B,tài,態
U+614C,huāng;huǎng;huang,慌
U+614D,yùn,慍
U+614E,shèn;zhèn,慎
U+614F,mǐng,慏
U+6150,gong,慐
U+6151,shè,慑
U+6152,cóng;cáo,慒
U+6153,piāo;piào,慓
U+6154,mù,慔
U+6155,mù,慕
U+6156,guó,慖
U+6157,chì,慗
U+6158,cǎn,慘
U+6159,cán,慙
U+615A,cán,慚
U+615B,cuī,慛
U+615C,mǐn,慜
U+615D,tè;nì,慝
U+615E,zhāng,慞
U+615F,tòng,慟
U+6160,ào;áo,慠
U+6161,shuǎng,慡
U+6162,màn;mán,慢
U+6163,guàn,慣
U+6164,què,慤
U+6165,zào;cào,慥
U+6166,jiù,慦
U+6167,huì,慧
U+6168,kǎi,慨
U+6169,lián,慩
U+616A,òu;ōu,慪
U+616B,sǒng,慫
U+616C,qín;jìn;jǐn,慬
U+616D,yìn,慭
U+616E,lǜ;lǘ,慮
U+616F,shāng,慯
U+6170,wèi,慰
U+6171,tuán,慱
U+6172,mán,慲
U+6173,qiān;xián,慳
U+6174,shè;zhé,慴
U+6175,yōng,慵
U+6176,qìng;qīng;qiāng,慶
U+6177,kāng,慷
U+6178,dì;chì,慸
U+6179,zhí;zhé,慹
U+617A,lóu;lǚ,慺
U+617B,juàn,慻
U+617C,qī,慼
U+617D,qī,慽
U+617E,yù,慾
U+617F,píng,慿
U+6180,liáo,憀
U+6181,còng;sōng,憁
U+6182,yōu,憂
U+6183,chōng,憃
U+6184,zhì,憄
U+6185,tòng,憅
U+6186,chēng,憆
U+6187,qì,憇
U+6188,qū,憈
U+6189,péng,憉
U+618A,bèi,憊
U+618B,biē,憋
U+618C,qióng,憌
U+618D,jiāo,憍
U+618E,zēng,憎
U+618F,chì,憏
U+6190,lián,憐
U+6191,píng,憑
U+6192,kuì,憒
U+6193,huì,憓
U+6194,qiáo,憔
U+6195,chéng;zhèng;dèng,憕
U+6196,yìn;xìn;yín,憖
U+6197,yìn,憗
U+6198,xǐ;xī,憘
U+6199,xī;xǐ,憙
U+619A,dàn;dá;chǎn,憚
U+619B,tán,憛
U+619C,duò,憜
U+619D,duì,憝
U+619E,duì;dùn;tūn,憞
U+619F,sù,憟
U+61A0,jué,憠
U+61A1,cè,憡
U+61A2,xiāo;jiāo,憢
U+61A3,fān,憣
U+61A4,fèn,憤
U+61A5,láo,憥
U+61A6,lào;láo,憦
U+61A7,chōng;zhuàng,憧
U+61A8,hān,憨
U+61A9,qì,憩
U+61AA,xián;xiàn,憪
U+61AB,mǐn,憫
U+61AC,jǐng,憬
U+61AD,liǎo;liáo,憭
U+61AE,wǔ;wú,憮
U+61AF,cǎn,憯
U+61B0,jué,憰
U+61B1,cù,憱
U+61B2,xiàn;xiǎn,憲
U+61B3,tǎn,憳
U+61B4,shéng,憴
U+61B5,pī,憵
U+61B6,yì,憶
U+61B7,chù;chǔ,憷
U+61B8,xiān,憸
U+61B9,náo;nóng;náng;nǎo,憹
U+61BA,dàn,憺
U+61BB,tǎn,憻
U+61BC,jǐng;jìng,憼
U+61BD,sōng,憽
U+61BE,hàn;dàn,憾
U+61BF,jiǎo;jī,憿
U+61C0,wèi,懀
U+61C1,xuān;huān,懁
U+61C2,dǒng,懂
U+61C3,qín,懃
U+61C4,qín,懄
U+61C5,jù,懅
U+61C6,cǎo;sāo;sào,懆
U+61C7,kěn,懇
U+61C8,xiè,懈
U+61C9,yīng;yìng,應
U+61CA,ào;yù,懊
U+61CB,mào,懋
U+61CC,yì,懌
U+61CD,lǐn,懍
U+61CE,sè,懎
U+61CF,jùn,懏
U+61D0,huái,懐
U+61D1,mèn,懑
U+61D2,lǎn,懒
U+61D3,ài,懓
U+61D4,lǐn;lǎn,懔
U+61D5,yān;yàn;yè,懕
U+61D6,kuò,懖
U+61D7,xià,懗
U+61D8,chì,懘
U+61D9,yǔ,懙
U+61DA,yìn,懚
U+61DB,dāi,懛
U+61DC,měng;mèng;méng,懜
U+61DD,ài;nì;nǐ,懝
U+61DE,méng;měng,懞
U+61DF,duì,懟
U+61E0,qí;jì;jī,懠
U+61E1,mǒ,懡
U+61E2,lán;xiàn,懢
U+61E3,mèn,懣
U+61E4,chóu,懤
U+61E5,zhì,懥
U+61E6,nuò,懦
U+61E7,nuò,懧
U+61E8,yān,懨
U+61E9,yǎng,懩
U+61EA,bó,懪
U+61EB,zhì,懫
U+61EC,kuàng,懬
U+61ED,kuǎng,懭
U+61EE,yǒu;yōu,懮
U+61EF,fū,懯
U+61F0,liú;liǔ,懰
U+61F1,miè,懱
U+61F2,chéng,懲
U+61F3,hui,懳
U+61F4,chàn,懴
U+61F5,měng;mèng,懵
U+61F6,lǎn;lài,懶
U+61F7,huái,懷
U+61F8,xuán,懸
U+61F9,ràng,懹
U+61FA,chàn,懺
U+61FB,jì,懻
U+61FC,jù,懼
U+61FD,huān;guàn,懽
U+61FE,shè,懾
U+61FF,yì;yī,懿
U+6200,liàn,戀
U+6201,nǎn,戁
U+6202,mí;mó,戂
U+6203,tǎng,戃
U+6204,jué,戄
U+6205,gàng,戅
U+6206,gàng;zhuàng,戆
U+6207,zhuàng;gàng,戇
U+6208,gē,戈
U+6209,yuè,戉
U+620A,wù,戊
U+620B,jiān,戋
U+620C,xū;qu,戌
U+620D,shù,戍
U+620E,róng;rēng,戎
U+620F,xì;hū,戏
U+6210,chéng,成
U+6211,wǒ,我
U+6212,jiè,戒
U+6213,gē,戓
U+6214,jiān;cán,戔
U+6215,qiāng;zāng,戕
U+6216,huò;yù,或
U+6217,qiāng;qiàng,戗
U+6218,zhàn,战
U+6219,dòng,戙
U+621A,qī;cù,戚
U+621B,jiá;gā,戛
U+621C,dié,戜
U+621D,zéi,戝
U+621E,jiá,戞
U+621F,jǐ,戟
U+6220,zhī;zhí,戠
U+6221,kān;zhěn,戡
U+6222,jí,戢
U+6223,kuí,戣
U+6224,gài,戤
U+6225,děng,戥
U+6226,zhàn,戦
U+6227,qiāng;chuāng;qiàng,戧
U+6228,gē,戨
U+6229,jiǎn,戩
U+622A,jié,截
U+622B,yù,戫
U+622C,jiǎn,戬
U+622D,yǎn;yǒu,戭
U+622E,lù,戮
U+622F,hū;xì,戯
U+6230,zhàn,戰
U+6231,xì,戱
U+6232,xì;hū;xī;huī;suō;yī,戲
U+6233,chuō,戳
U+6234,dài,戴
U+6235,qú,戵
U+6236,hù,戶
U+6237,hù,户
U+6238,hù,戸
U+6239,è,戹
U+623A,shì;yí,戺
U+623B,tì,戻
U+623C,mǎo,戼
U+623D,hù,戽
U+623E,lì,戾
U+623F,fáng;páng,房
U+6240,suǒ,所
U+6241,biǎn;piān;biān;pián,扁
U+6242,diàn,扂
U+6243,jiōng;jiǒng,扃
U+6244,shǎng;jiōng,扄
U+6245,yí,扅
U+6246,yǐ,扆
U+6247,shàn;shān,扇
U+6248,hù,扈
U+6249,fēi,扉
U+624A,yǎn,扊
U+624B,shǒu,手
U+624C,shou,扌
U+624D,cái;zāi,才
U+624E,zhā;zā;zhá;zhǎ,扎
U+624F,qiú,扏
U+6250,lè;lì;cái,扐
U+6251,pū;pì,扑
U+6252,bā;pá;bài;bié,扒
U+6253,dǎ;dá,打
U+6254,rēng;rèng,扔
U+6255,fǎn,払
U+6256,rù,扖
U+6257,zài,扗
U+6258,tuō,托
U+6259,zhàng,扙
U+625A,diǎo;dí;yuē;lì,扚
U+625B,káng;gāng,扛
U+625C,yū;wū,扜
U+625D,kū;wū,扝
U+625E,gǎn;hàn,扞
U+625F,shēn,扟
U+6260,chā;chāi;zhǎ,扠
U+6261,tuō;yǐ;chǐ,扡
U+6262,gǔ;qì;jié;gē,扢
U+6263,kòu,扣
U+6264,wù,扤
U+6265,dèn,扥
U+6266,qiān,扦
U+6267,zhí,执
U+6268,rèn,扨
U+6269,kuò,扩
U+626A,mén,扪
U+626B,sǎo;sào,扫
U+626C,yáng,扬
U+626D,niǔ;chǒu;zhǒu;zhòu,扭
U+626E,bàn;fěn;fēn;huǒ,扮
U+626F,chě,扯
U+6270,rǎo;yòu,扰
U+6271,xī;chā;qì,扱
U+6272,qián;qín,扲
U+6273,bān;pān,扳
U+6274,jiá,扴
U+6275,yú,扵
U+6276,fú;pú,扶
U+6277,ào,扷
U+6278,xī;zhé,扸
U+6279,pī;pí,批
U+627A,zhǐ;qí,扺
U+627B,zhì;sǔn;kǎn,扻
U+627C,è,扼
U+627D,dèn,扽
U+627E,zhǎo;huá,找
U+627F,chéng;zhěng;zhèng,承
U+6280,jì;qí,技
U+6281,yǎn,抁
U+6282,kuáng;wǎng,抂
U+6283,biàn,抃
U+6284,chāo;suō;chào;chǎo,抄
U+6285,jū,抅
U+6286,wěn,抆
U+6287,hú,抇
U+6288,yuè,抈
U+6289,jué,抉
U+628A,bǎ;bà;pá,把
U+628B,qìn,抋
U+628C,dǎn;shěn,抌
U+628D,zhěng,抍
U+628E,yǔn,抎
U+628F,wán,抏
U+6290,nè;nì;nà;ruì,抐
U+6291,yì,抑
U+6292,shū,抒
U+6293,zhuā,抓
U+6294,póu,抔
U+6295,tóu;dòu,投
U+6296,dǒu,抖
U+6297,kàng;gāng,抗
U+6298,zhé;shé;zhē;tí,折
U+6299,póu,抙
U+629A,fǔ,抚
U+629B,pāo,抛
U+629C,bá,抜
U+629D,ǎo;ào;niù,抝
U+629E,zé,択
U+629F,tuán,抟
U+62A0,kōu,抠
U+62A1,lūn;lún,抡
U+62A2,qiǎng;qiāng,抢
U+62A3,yun,抣
U+62A4,hù,护
U+62A5,bào,报
U+62A6,bǐng,抦
U+62A7,zhǐ;zhǎi,抧
U+62A8,pēng;bēng,抨
U+62A9,nán,抩
U+62AA,bù;pū;bá,抪
U+62AB,pī,披
U+62AC,tái;chī,抬
U+62AD,yǎo;tāo,抭
U+62AE,zhěn,抮
U+62AF,zhā,抯
U+62B0,yāng,抰
U+62B1,bào;pāo;pǒu,抱
U+62B2,hē;hè;qiā,抲
U+62B3,nǐ;ní,抳
U+62B4,yè;shé,抴
U+62B5,dǐ;zhǐ;qí,抵
U+62B6,chì,抶
U+62B7,pī;pēi,抷
U+62B8,jiā,抸
U+62B9,mǒ;mā;mò,抹
U+62BA,mèi,抺
U+62BB,chēn;shēn,抻
U+62BC,yā;xiá;jiǎ,押
U+62BD,chōu,抽
U+62BE,qū,抾
U+62BF,mǐn,抿
U+62C0,chù,拀
U+62C1,jiā;yá,拁
U+62C2,fú;bì;pì;fèi,拂
U+62C3,zhǎ;zhǎn;zhà;zhá,拃
U+62C4,zhǔ,拄
U+62C5,dān;dàn;dǎn;jiē,担
U+62C6,chāi;chè;chì;cā,拆
U+62C7,mǔ,拇
U+62C8,niān;niǎn;diān,拈
U+62C9,lā;lá;lǎ;là;la,拉
U+62CA,fǔ;fū;bǔ,拊
U+62CB,pāo,拋
U+62CC,bàn;pān,拌
U+62CD,pāi;bó,拍
U+62CE,līn;līng,拎
U+62CF,ná,拏
U+62D0,guǎi,拐
U+62D1,qián,拑
U+62D2,jù;jǔ,拒
U+62D3,tuò;tà;zhí,拓
U+62D4,bá;bō;bié;fá;bèi,拔
U+62D5,tuō,拕
U+62D6,tuō;chǐ,拖
U+62D7,ǎo;ào;niù;yù,拗
U+62D8,jū;gōu;jǔ;jú,拘
U+62D9,zhuō,拙
U+62DA,pàn;biàn;fèn;fān;pīn,拚
U+62DB,zhāo;qiáo;sháo,招
U+62DC,bài;bái,拜
U+62DD,bài,拝
U+62DE,dǐ,拞
U+62DF,nǐ,拟
U+62E0,jù,拠
U+62E1,kuò,拡
U+62E2,lǒng,拢
U+62E3,jiǎn,拣
U+62E4,qiá,拤
U+62E5,yōng,拥
U+62E6,lán,拦
U+62E7,níng;nǐng;nìng,拧
U+62E8,bō,拨
U+62E9,zé;zhái,择
U+62EA,qiān,拪
U+62EB,hén,拫
U+62EC,kuò;guā,括
U+62ED,shì,拭
U+62EE,jié;jiá,拮
U+62EF,zhěng,拯
U+62F0,nǐn,拰
U+62F1,gǒng;jú,拱
U+62F2,gǒng,拲
U+62F3,quán,拳
U+62F4,shuān;quán,拴
U+62F5,cún;zùn,拵
U+62F6,zā;zǎn,拶
U+62F7,kǎo,拷
U+62F8,yí;chǐ;hài,拸
U+62F9,xié,拹
U+62FA,cè;sè;chuò,拺
U+62FB,huī,拻
U+62FC,pīn;bìng,拼
U+62FD,zhuāi;zhuài;yè,拽
U+62FE,shí;shè;jiè,拾
U+62FF,ná,拿
U+6300,bāi,挀
U+6301,chí,持
U+6302,guà,挂
U+6303,zhì;dié,挃
U+6304,kuò;guāng,挄
U+6305,duǒ;duò,挅
U+6306,duǒ,挆
U+6307,zhǐ;zhī;zhí,指
U+6308,qiè;qì;jiá;qià;shì,挈
U+6309,àn,按
U+630A,nòng,挊
U+630B,zhèn,挋
U+630C,gé;hé,挌
U+630D,jiào;jiāo,挍
U+630E,kuà;kū;kōu,挎
U+630F,dòng,挏
U+6310,ná;rú;nú,挐
U+6311,tiāo;tiǎo;táo;diào;tiáo;tiao,挑
U+6312,liè,挒
U+6313,zhā,挓
U+6314,lǚ,挔
U+6315,dié;shè,挕
U+6316,wā,挖
U+6317,jué,挗
U+6318,liě,挘
U+6319,jǔ,挙
U+631A,zhì,挚
U+631B,luán,挛
U+631C,yà,挜
U+631D,wō;zhuā,挝
U+631E,tà,挞
U+631F,xié;jiā,挟
U+6320,náo,挠
U+6321,dǎng;dàng,挡
U+6322,jiǎo,挢
U+6323,zhēng;zhèng,挣
U+6324,jǐ,挤
U+6325,huī,挥
U+6326,xián,挦
U+6327,yǔ,挧
U+6328,āi;ái,挨
U+6329,tuō,挩
U+632A,nuó,挪
U+632B,cuò;zuò,挫
U+632C,bó,挬
U+632D,gěng,挭
U+632E,tǐ;tì,挮
U+632F,zhèn;zhēn;zhěn,振
U+6330,chéng,挰
U+6331,sā;shā;suō,挱
U+6332,sā;suō;shā,挲
U+6333,kēng,挳
U+6334,měi,挴
U+6335,nòng,挵
U+6336,jū,挶
U+6337,péng,挷
U+6338,jiǎn,挸
U+6339,yì,挹
U+633A,tǐng;tíng,挺
U+633B,shān;yán,挻
U+633C,ruá;ruó;suī;luò,挼
U+633D,wǎn,挽
U+633E,xié;jiā,挾
U+633F,chā,挿
U+6340,féng,捀
U+6341,jiǎo;kù,捁
U+6342,wǔ;wú,捂
U+6343,jùn,捃
U+6344,jiù;jū;qiú,捄
U+6345,tǒng,捅
U+6346,kǔn;hún,捆
U+6347,huò;chì,捇
U+6348,tú;shū;chá,捈
U+6349,zhuō,捉
U+634A,póu;pōu;fū,捊
U+634B,lǚ;luō,捋
U+634C,bā;bié,捌
U+634D,hàn;xiàn;gǎn,捍
U+634E,shāo;shào;shǎo;xiāo;qiào,捎
U+634F,niē,捏
U+6350,juān;yuán,捐
U+6351,zè,捑
U+6352,shù;sōu;sǒng,捒
U+6353,yé;yú,捓
U+6354,jué;zhuó,捔
U+6355,bǔ,捕
U+6356,wán;guā,捖
U+6357,bù;pú;zhì,捗
U+6358,zùn,捘
U+6359,yè,捙
U+635A,zhāi,捚
U+635B,lǚ,捛
U+635C,sōu,捜
U+635D,tuō;shuì;yǎn,捝
U+635E,lāo,捞
U+635F,sǔn,损
U+6360,bāng,捠
U+6361,jiǎn,捡
U+6362,huàn,换
U+6363,dǎo,捣
U+6364,wěi,捤
U+6365,wàn;wān;wǎn;yù,捥
U+6366,qín,捦
U+6367,pěng;fèng,捧
U+6368,shě,捨
U+6369,liè;lì,捩
U+636A,mín,捪
U+636B,mén,捫
U+636C,fǔ;fù;bǔ,捬
U+636D,bǎi;bā;bǐ,捭
U+636E,jù;jū,据
U+636F,dáo;dǎo,捯
U+6370,wǒ;luò;luǒ,捰
U+6371,ái;āi,捱
U+6372,juǎn;quán;juàn,捲
U+6373,yuè,捳
U+6374,zǒng,捴
U+6375,chēn;tiǎn;niǎn,捵
U+6376,chuí;duǒ,捶
U+6377,jié;qiè;chā,捷
U+6378,tū,捸
U+6379,bèn,捹
U+637A,nà,捺
U+637B,niǎn;niē;niān,捻
U+637C,ruó;wō;wěi;ré,捼
U+637D,zuó;cù;sū;zùn,捽
U+637E,wò;xiá,捾
U+637F,qī,捿
U+6380,xiān;hén,掀
U+6381,chéng,掁
U+6382,diān,掂
U+6383,sǎo;sào,掃
U+6384,lūn;lún,掄
U+6385,qìng,掅
U+6386,gāng;gàng,掆
U+6387,duō;duó;zhuō,掇
U+6388,shòu,授
U+6389,diào;nuó,掉
U+638A,póu;pǒu;fù;péi,掊
U+638B,dǐ;dì,掋
U+638C,zhǎng,掌
U+638D,hùn,掍
U+638E,jǐ;yǐ,掎
U+638F,tāo;táo,掏
U+6390,qiā,掐
U+6391,qí,掑
U+6392,pái;pǎi;bài,排
U+6393,shū,掓
U+6394,qiān;wàn,掔
U+6395,líng,掕
U+6396,yē;yè,掖
U+6397,yà;yǎ,掗
U+6398,jué;kū,掘
U+6399,zhēng,掙
U+639A,liǎng,掚
U+639B,guà,掛
U+639C,yì;nǐ;nái;niè,掜
U+639D,huò;xù,掝
U+639E,shàn;yàn;yǎn,掞
U+639F,zhěng;dìng,掟
U+63A0,lüè;lüě,掠
U+63A1,cǎi,採
U+63A2,tàn;xián,探
U+63A3,chè,掣
U+63A4,bīng,掤
U+63A5,jiē;xié;shà;chā,接
U+63A6,tì,掦
U+63A7,kòng;kōng;qiāng,控
U+63A8,tuī,推
U+63A9,yǎn;yàn,掩
U+63AA,cuò;zé;cì,措
U+63AB,zhōu;zōu;chōu,掫
U+63AC,jū,掬
U+63AD,tiàn,掭
U+63AE,qián,掮
U+63AF,kèn,掯
U+63B0,bāi,掰
U+63B1,pá;shǒu,掱
U+63B2,jiē,掲
U+63B3,lǔ,掳
U+63B4,guāi;guó,掴
U+63B5,ming,掵
U+63B6,jié,掶
U+63B7,zhì;zhī,掷
U+63B8,dǎn;shàn,掸
U+63B9,meng,掹
U+63BA,càn;chān;shǎn,掺
U+63BB,sāo,掻
U+63BC,guàn,掼
U+63BD,pèng,掽
U+63BE,yuàn;chuán,掾
U+63BF,nuò,掿
U+63C0,jiǎn,揀
U+63C1,zhēng;kēng,揁
U+63C2,jiū;yóu,揂
U+63C3,jiǎn;jiān;qiān,揃
U+63C4,yú;chōu;yóu;shū;yáo,揄
U+63C5,yán,揅
U+63C6,kuí,揆
U+63C7,nǎn,揇
U+63C8,hōng;hóng;xuàn;jū,揈
U+63C9,róu,揉
U+63CA,pì;chè,揊
U+63CB,wēi,揋
U+63CC,sāi;cāi,揌
U+63CD,zòu;còu,揍
U+63CE,xuān,揎
U+63CF,miáo;mào,描
U+63D0,tí;dī;chí;shí;dǐ,提
U+63D1,niē,揑
U+63D2,chā;zhǎ,插
U+63D3,shì,揓
U+63D4,zǒng;sōng,揔
U+63D5,zhèn;zhēn,揕
U+63D6,yī;jí,揖
U+63D7,xún,揗
U+63D8,yóng;huáng,揘
U+63D9,biān;biàn,揙
U+63DA,yáng,揚
U+63DB,huàn,換
U+63DC,yǎn,揜
U+63DD,zǎn;zuàn,揝
U+63DE,ǎn;yàn;yè,揞
U+63DF,xū;jū,揟
U+63E0,yà,揠
U+63E1,wò;òu,握
U+63E2,ké;qiā,揢
U+63E3,chuāi;chuǎi;chuài;duǒ;zhuī;tuán,揣
U+63E4,jí,揤
U+63E5,tì;dì,揥
U+63E6,lá;là,揦
U+63E7,là,揧
U+63E8,chén,揨
U+63E9,kāi;jiá,揩
U+63EA,jiū,揪
U+63EB,jiū,揫
U+63EC,tú,揬
U+63ED,jiē;qì;hé,揭
U+63EE,huī;hún,揮
U+63EF,gèn,揯
U+63F0,chòng;dǒng,揰
U+63F1,xiāo;shuò;xiān,揱
U+63F2,dié;shé;yè,揲
U+63F3,xiē;xiè;xié;jiá,揳
U+63F4,yuán;huàn,援
U+63F5,qián;jiàn;jiǎn,揵
U+63F6,yé,揶
U+63F7,chā,揷
U+63F8,zhā,揸
U+63F9,bēi,揹
U+63FA,yáo,揺
U+63FB,wēi,揻
U+63FC,beng,揼
U+63FD,lǎn,揽
U+63FE,wèn;wù,揾
U+63FF,qìn,揿
U+6400,chān,搀
U+6401,gē;gé,搁
U+6402,lǒu;lōu,搂
U+6403,zǒng,搃
U+6404,gèn,搄
U+6405,jiǎo,搅
U+6406,gòu;gōu,搆
U+6407,qìn,搇
U+6408,róng,搈
U+6409,què;huō,搉
U+640A,chōu;zǒu;zhū,搊
U+640B,chuāi;chǐ;yí,搋
U+640C,zhǎn,搌
U+640D,sǔn,損
U+640E,sūn,搎
U+640F,bó,搏
U+6410,chù,搐
U+6411,róng;náng;nǎng,搑
U+6412,bàng;péng;bēng;bǎng,搒
U+6413,cuō;cuǒ;chāi,搓
U+6414,sāo;sào,搔
U+6415,kē;è,搕
U+6416,yáo,搖
U+6417,dǎo,搗
U+6418,zhī,搘
U+6419,nù;nuò;nòu,搙
U+641A,lā;xié;xiàn,搚
U+641B,jiān;lián,搛
U+641C,sōu;xiāo;sòu;shǎo,搜
U+641D,qiǔ,搝
U+641E,gǎo;qiāo;kào,搞
U+641F,xiǎn;xiān,搟
U+6420,shuò,搠
U+6421,sǎng,搡
U+6422,jìn,搢
U+6423,miè,搣
U+6424,è;yì,搤
U+6425,chuí;duī,搥
U+6426,nuò,搦
U+6427,shān,搧
U+6428,tà;dá,搨
U+6429,zhǎ;jié,搩
U+642A,táng,搪
U+642B,pán;bān;pó,搫
U+642C,bān;sù,搬
U+642D,dā;tà,搭
U+642E,lì,搮
U+642F,tāo,搯
U+6430,hú;kū,搰
U+6431,zhì;nái,搱
U+6432,wā;wǎ;wà,搲
U+6433,huá;xiá;qiā,搳
U+6434,qiān,搴
U+6435,wèn,搵
U+6436,qiǎng;qiāng;qiàng;chéng;chēng,搶
U+6437,tián;shēn,搷
U+6438,zhēn,搸
U+6439,è,搹
U+643A,xié,携
U+643B,nuò,搻
U+643C,quán,搼
U+643D,chá,搽
U+643E,zhà,搾
U+643F,gé,搿
U+6440,wǔ,摀
U+6441,èn,摁
U+6442,shè,摂
U+6443,káng,摃
U+6444,shè,摄
U+6445,shū,摅
U+6446,bǎi,摆
U+6447,yáo,摇
U+6448,bìn,摈
U+6449,sōu,摉
U+644A,tān,摊
U+644B,sà;shǎi;shā,摋
U+644C,chǎn;sùn,摌
U+644D,suō,摍
U+644E,jiū;liú;liáo;jiǎo;náo,摎
U+644F,chōng,摏
U+6450,chuāng,摐
U+6451,guāi;guó,摑
U+6452,bǐng;bìng,摒
U+6453,féng;pěng,摓
U+6454,shuāi,摔
U+6455,dì;tú;zhí,摕
U+6456,qì;chá,摖
U+6457,sōu;sǒng,摗
U+6458,zhāi,摘
U+6459,liǎn;liàn,摙
U+645A,chēng,摚
U+645B,chī,摛
U+645C,guàn,摜
U+645D,lù,摝
U+645E,luò,摞
U+645F,lǒu;lōu,摟
U+6460,zǒng,摠
U+6461,gài;xì,摡
U+6462,hù;chū,摢
U+6463,zhā;zhuā,摣
U+6464,chuǎng,摤
U+6465,tàng,摥
U+6466,huà,摦
U+6467,cuī;zuì;cuò,摧
U+6468,nái;zhì,摨
U+6469,mó;mā;mí,摩
U+646A,jiāng;qiàng,摪
U+646B,guī,摫
U+646C,yǐng,摬
U+646D,zhí,摭
U+646E,áo;qiāo,摮
U+646F,zhì,摯
U+6470,niè;chè,摰
U+6471,màn;mán,摱
U+6472,chàn;cán,摲
U+6473,kōu;ōu,摳
U+6474,chū;chī,摴
U+6475,shè;sù;mí,摵
U+6476,tuán;zhuàn;zhuān,摶
U+6477,jiǎo;chāo,摷
U+6478,mō;mó,摸
U+6479,mó;mō,摹
U+647A,zhé;lā;xié,摺
U+647B,càn;shǎn;shān;chān;sēn,摻
U+647C,kēng;qiān,摼
U+647D,biāo;biào;piāo;pāo,摽
U+647E,jiàng,摾
U+647F,yáo,摿
U+6480,gòu,撀
U+6481,qiān;qiàn,撁
U+6482,liào,撂
U+6483,jī,撃
U+6484,yīng,撄
U+6485,juē;juè;jué;guì,撅
U+6486,piē,撆
U+6487,piē;piě;biē,撇
U+6488,lāo,撈
U+6489,dūn,撉
U+648A,xiàn,撊
U+648B,ruán;ruí;rún;ruó;suī,撋
U+648C,guì,撌
U+648D,zǎn;zān;zēn;qián,撍
U+648E,yì,撎
U+648F,xián;xún,撏
U+6490,chēng,撐
U+6491,chēng,撑
U+6492,sā;sǎ,撒
U+6493,náo;xiāo;rào,撓
U+6494,hòng,撔
U+6495,sī;xī,撕
U+6496,hàn;qiǎn,撖
U+6497,guàng,撗
U+6498,dā,撘
U+6499,zǔn,撙
U+649A,niǎn,撚
U+649B,lǐn,撛
U+649C,zhěng;chéng,撜
U+649D,huī;wéi,撝
U+649E,zhuàng,撞
U+649F,jiǎo;jiāo;kǎo,撟
U+64A0,jǐ,撠
U+64A1,cāo,撡
U+64A2,dǎn;tàn;dàn;xín,撢
U+64A3,dǎn;dàn;chán;tān;zhǎn;shàn;tián,撣
U+64A4,chè,撤
U+64A5,bō;fá,撥
U+64A6,chě,撦
U+64A7,juē,撧
U+64A8,fǔ;xiāo;sōu,撨
U+64A9,liāo;liáo;liǎo;lào;liào,撩
U+64AA,bèn,撪
U+64AB,fǔ;mó,撫
U+64AC,qiào,撬
U+64AD,bō;bǒ,播
U+64AE,cuō;zuǒ;zuì;zuān;chuā,撮
U+64AF,zhuó,撯
U+64B0,zhuàn;xuǎn;suàn,撰
U+64B1,wěi;tuǒ,撱
U+64B2,pū;bǔ,撲
U+64B3,qìn,撳
U+64B4,dūn,撴
U+64B5,niǎn,撵
U+64B6,huá,撶
U+64B7,xié,撷
U+64B8,lū,撸
U+64B9,jiǎo,撹
U+64BA,cuān,撺
U+64BB,tà,撻
U+64BC,hàn,撼
U+64BD,qiào;yāo;jī,撽
U+64BE,wō;zhuā,撾
U+64BF,jiǎn;liàn,撿
U+64C0,gǎn,擀
U+64C1,yōng,擁
U+64C2,léi;lèi;lēi,擂
U+64C3,nǎng,擃
U+64C4,lǔ,擄
U+64C5,shàn,擅
U+64C6,zhuó,擆
U+64C7,zé;zhái;yì,擇
U+64C8,pū,擈
U+64C9,chuò,擉
U+64CA,jī;jì;xí,擊
U+64CB,dǎng;dàng,擋
U+64CC,sè,擌
U+64CD,cāo,操
U+64CE,qíng,擎
U+64CF,qíng;jǐng;jìng,擏
U+64D0,huàn;juǎn;xuān,擐
U+64D1,jiē,擑
U+64D2,qín,擒
U+64D3,kuǎi,擓
U+64D4,dān;dàn;shàn,擔
U+64D5,xié,擕
U+64D6,kā;qiā;jiā;zhá;guā;yè;gē;liè,擖
U+64D7,pǐ;bò,擗
U+64D8,bāi;bò,擘
U+64D9,ào,擙
U+64DA,jù,據
U+64DB,yè,擛
U+64DC,è,擜
U+64DD,mēng,擝
U+64DE,sǒu;sòu,擞
U+64DF,mí,擟
U+64E0,jǐ,擠
U+64E1,tái,擡
U+64E2,zhuó,擢
U+64E3,dǎo;chóu,擣
U+64E4,xǐng,擤
U+64E5,lǎn,擥
U+64E6,cā,擦
U+64E7,jǔ,擧
U+64E8,yé,擨
U+64E9,rǔ;nǔ;rù;nòu;ruán,擩
U+64EA,yè,擪
U+64EB,yè,擫
U+64EC,nǐ,擬
U+64ED,wò;huò;hù,擭
U+64EE,jié,擮
U+64EF,bìn,擯
U+64F0,níng;nǐng;nìng,擰
U+64F1,gē;gé,擱
U+64F2,zhì;zhī,擲
U+64F3,zhì;jié,擳
U+64F4,kuò;tǎng;guàng,擴
U+64F5,mó,擵
U+64F6,jiàn,擶
U+64F7,xié,擷
U+64F8,liè;là,擸
U+64F9,tān,擹
U+64FA,bǎi,擺
U+64FB,sǒu;sòu,擻
U+64FC,lǔ;lū,擼
U+64FD,lüè;lì;yuè,擽
U+64FE,rǎo,擾
U+64FF,tī;zhì;zhāi,擿
U+6500,pān,攀
U+6501,yǎng,攁
U+6502,lèi,攂
U+6503,cā;sǎ,攃
U+6504,shū;lù,攄
U+6505,zǎn,攅
U+6506,niǎn,攆
U+6507,xiǎn,攇
U+6508,jùn;pèi,攈
U+6509,huō;huò;què,攉
U+650A,lì,攊
U+650B,là;lài,攋
U+650C,huǎn,攌
U+650D,yíng,攍
U+650E,lú;luó,攎
U+650F,lǒng,攏
U+6510,qiān,攐
U+6511,qiān,攑
U+6512,zǎn;cuán,攒
U+6513,qiān,攓
U+6514,lán,攔
U+6515,xiān;jiān,攕
U+6516,yīng,攖
U+6517,méi,攗
U+6518,rǎng;ràng;níng;xiǎng,攘
U+6519,chān;shàn,攙
U+651A,wěng,攚
U+651B,cuān,攛
U+651C,xié,攜
U+651D,shè;zhé;niè;shà,攝
U+651E,luó;luǒ,攞
U+651F,jùn,攟
U+6520,mí;mó,攠
U+6521,chī,攡
U+6522,zǎn;cuán;zuān;zàn,攢
U+6523,luán;liàn,攣
U+6524,tān;nàn,攤
U+6525,zuàn,攥
U+6526,lì;shài,攦
U+6527,diān,攧
U+6528,wā,攨
U+6529,dǎng;tǎng,攩
U+652A,jiǎo,攪
U+652B,jué,攫
U+652C,lǎn,攬
U+652D,lì;luǒ,攭
U+652E,nǎng,攮
U+652F,zhī;zhì;qí,支
U+6530,guì,攰
U+6531,guǐ;guì,攱
U+6532,qī;jī,攲
U+6533,xún,攳
U+6534,pū,攴
U+6535,pū,攵
U+6536,shōu,收
U+6537,kǎo,攷
U+6538,yōu,攸
U+6539,gǎi,改
U+653A,yǐ,攺
U+653B,gōng,攻
U+653C,gān;hàn,攼
U+653D,bān;bīn,攽
U+653E,fàng;fǎng;fāng,放
U+653F,zhèng;zhēng,政
U+6540,pò,敀
U+6541,diān,敁
U+6542,kòu,敂
U+6543,mǐn;fēn,敃
U+6544,wù;móu,敄
U+6545,gù,故
U+6546,hé,敆
U+6547,cè,敇
U+6548,xiào,效
U+6549,mǐ,敉
U+654A,chù;shōu,敊
U+654B,gé,敋
U+654C,dí;huá,敌
U+654D,xù,敍
U+654E,jiào,敎
U+654F,mǐn,敏
U+6550,chén,敐
U+6551,jiù;jiū,救
U+6552,shēn,敒
U+6553,duó,敓
U+6554,yǔ;yù,敔
U+6555,chì;sōu,敕
U+6556,áo;ào,敖
U+6557,bài,敗
U+6558,xù,敘
U+6559,jiào;jiāo,教
U+655A,duó,敚
U+655B,liǎn,敛
U+655C,niè,敜
U+655D,bì,敝
U+655E,chǎng;chèng;zhèng,敞
U+655F,diǎn,敟
U+6560,duō;què,敠
U+6561,yì,敡
U+6562,gǎn,敢
U+6563,sàn;sǎn;sān,散
U+6564,kě,敤
U+6565,yàn;jiǎo,敥
U+6566,dūn;duī;tuán;diāo;dùn;dào;zhǔn;tūn;duì;tún,敦
U+6567,jī;qǐ,敧
U+6568,tǒu,敨
U+6569,xiào;xué,敩
U+656A,duō,敪
U+656B,jiǎo;qiāo;jiào,敫
U+656C,jìng,敬
U+656D,yáng,敭
U+656E,xiá,敮
U+656F,mǐn,敯
U+6570,shù;shǔ;shuò,数
U+6571,ái;zhú,敱
U+6572,qiāo,敲
U+6573,ái,敳
U+6574,zhěng,整
U+6575,dí,敵
U+6576,zhèn,敶
U+6577,fū,敷
U+6578,shù;shǔ;shuò,數
U+6579,liáo,敹
U+657A,qū;ōu,敺
U+657B,xiòng,敻
U+657C,yǐ,敼
U+657D,jiǎo,敽
U+657E,shàn,敾
U+657F,jiǎo,敿
U+6580,zhuó;zhú,斀
U+6581,yì;dù;tú,斁
U+6582,liǎn;lián,斂
U+6583,bì,斃
U+6584,lí;tái,斄
U+6585,xiào;xué,斅
U+6586,xiào,斆
U+6587,wén,文
U+6588,xué,斈
U+6589,qí,斉
U+658A,qí,斊
U+658B,zhāi,斋
U+658C,bīn,斌
U+658D,jué,斍
U+658E,zhāi,斎
U+658F,láng,斏
U+6590,fěi,斐
U+6591,bān,斑
U+6592,bān,斒
U+6593,lán,斓
U+6594,yǔ,斔
U+6595,lán,斕
U+6596,wěi,斖
U+6597,dòu;dǒu;zhǔ,斗
U+6598,shēng,斘
U+6599,liào;liáo,料
U+659A,jiǎ,斚
U+659B,hú,斛
U+659C,xié;xiá;chá;yé,斜
U+659D,jiǎ,斝
U+659E,yǔ,斞
U+659F,zhēn,斟
U+65A0,jiào,斠
U+65A1,wò;guǎn,斡
U+65A2,tiǎo;tǒu,斢
U+65A3,dòu,斣
U+65A4,jīn,斤
U+65A5,chì;chè;zhè,斥
U+65A6,yín;zhì,斦
U+65A7,fǔ,斧
U+65A8,qiāng,斨
U+65A9,zhǎn,斩
U+65AA,qú,斪
U+65AB,zhuó;chuò,斫
U+65AC,zhǎn;zhàn,斬
U+65AD,duàn,断
U+65AE,cuò;zhuó,斮
U+65AF,sī;shǐ,斯
U+65B0,xīn,新
U+65B1,zhuó,斱
U+65B2,zhuó,斲
U+65B3,qín;jǐn,斳
U+65B4,lín,斴
U+65B5,zhuó,斵
U+65B6,chù,斶
U+65B7,duàn,斷
U+65B8,zhǔ;zhú,斸
U+65B9,fāng;fáng;fǎng;páng;wǎng;fēng,方
U+65BA,chǎn;jiè,斺
U+65BB,háng,斻
U+65BC,yú;yū;wū,於
U+65BD,shī;yì;shǐ,施
U+65BE,pèi,斾
U+65BF,yóu;liú,斿
U+65C0,mèi,旀
U+65C1,páng;pēng;bēng;bàng,旁
U+65C2,qí,旂
U+65C3,zhān,旃
U+65C4,máo;mào;wù,旄
U+65C5,lǚ,旅
U+65C6,pèi,旆
U+65C7,pī;bì,旇
U+65C8,liú,旈
U+65C9,fū,旉
U+65CA,fǎng,旊
U+65CB,xuán;xuàn,旋
U+65CC,jīng,旌
U+65CD,jīng,旍
U+65CE,nǐ,旎
U+65CF,zú;sǒu;còu;zòu,族
U+65D0,zhào,旐
U+65D1,yǐ,旑
U+65D2,liú,旒
U+65D3,shāo,旓
U+65D4,jiàn,旔
U+65D5,yú,旕
U+65D6,yǐ,旖
U+65D7,qí,旗
U+65D8,zhì,旘
U+65D9,fān,旙
U+65DA,piāo,旚
U+65DB,fān,旛
U+65DC,zhān,旜
U+65DD,kuài,旝
U+65DE,suì,旞
U+65DF,yú,旟
U+65E0,wú;mó,无
U+65E1,jì,旡
U+65E2,jì;xì,既
U+65E3,jì,旣
U+65E4,huò,旤
U+65E5,rì,日
U+65E6,dàn,旦
U+65E7,jiù,旧
U+65E8,zhǐ,旨
U+65E9,zǎo,早
U+65EA,xié,旪
U+65EB,tiāo,旫
U+65EC,xún;jūn,旬
U+65ED,xù,旭
U+65EE,gā;xù,旮
U+65EF,lá,旯
U+65F0,gàn;hàn,旰
U+65F1,hàn,旱
U+65F2,tái;yīng,旲
U+65F3,dì,旳
U+65F4,xū,旴
U+65F5,chǎn,旵
U+65F6,shí,时
U+65F7,kuàng,旷
U+65F8,yáng,旸
U+65F9,shí,旹
U+65FA,wàng,旺
U+65FB,mín,旻
U+65FC,mín,旼
U+65FD,tūn;zhùn,旽
U+65FE,chūn,旾
U+65FF,wǔ;wù,旿
U+6600,yún,昀
U+6601,bèi,昁
U+6602,áng;yàng,昂
U+6603,zè,昃
U+6604,bǎn,昄
U+6605,jié,昅
U+6606,kūn;hún;kùn,昆
U+6607,shēng,昇
U+6608,hù,昈
U+6609,fǎng,昉
U+660A,hào,昊
U+660B,guì;jiǒng,昋
U+660C,chāng;chàng,昌
U+660D,xuān,昍
U+660E,míng;mèng,明
U+660F,hūn;hùn,昏
U+6610,fēn,昐
U+6611,qǐn,昑
U+6612,hū,昒
U+6613,yì,易
U+6614,xī;cuò,昔
U+6615,xīn;xuān,昕
U+6616,yán,昖
U+6617,zè,昗
U+6618,fǎng,昘
U+6619,tán;yù,昙
U+661A,shèn,昚
U+661B,jù,昛
U+661C,yáng,昜
U+661D,zǎn,昝
U+661E,bǐng;fǎng,昞
U+661F,xīng,星
U+6620,yìng;yǎng,映
U+6621,xuàn,昡
U+6622,pò;pèi,昢
U+6623,zhěn,昣
U+6624,líng,昤
U+6625,chūn;chǔn,春
U+6626,hào,昦
U+6627,mèi;wěn;mò,昧
U+6628,zuó,昨
U+6629,mò,昩
U+662A,biàn,昪
U+662B,xù;xiǒng,昫
U+662C,hūn,昬
U+662D,zhāo;zhào,昭
U+662E,zòng,昮
U+662F,shì;tí,是
U+6630,shì;xià,昰
U+6631,yù,昱
U+6632,fèi,昲
U+6633,dié;diè;yì,昳
U+6634,mǎo,昴
U+6635,nì;nǐ;zhì,昵
U+6636,chǎng,昶
U+6637,wēn,昷
U+6638,dōng,昸
U+6639,ǎi,昹
U+663A,bǐng,昺
U+663B,áng,昻
U+663C,zhòu,昼
U+663D,lóng,昽
U+663E,xiǎn,显
U+663F,kuàng,昿
U+6640,tiǎo,晀
U+6641,cháo;zhāo;chào,晁
U+6642,shí,時
U+6643,huǎng;huàng,晃
U+6644,huǎng,晄
U+6645,xuǎn;xuān,晅
U+6646,kuí,晆
U+6647,xū;kuā,晇
U+6648,jiǎo,晈
U+6649,jìn,晉
U+664A,zhì,晊
U+664B,jìn,晋
U+664C,shǎng,晌
U+664D,tóng,晍
U+664E,hǒng,晎
U+664F,yàn,晏
U+6650,gāi,晐
U+6651,xiǎng,晑
U+6652,shài,晒
U+6653,xiǎo,晓
U+6654,yè,晔
U+6655,yūn;yùn,晕
U+6656,huī,晖
U+6657,hán,晗
U+6658,hàn,晘
U+6659,jùn,晙
U+665A,wǎn,晚
U+665B,xiàn,晛
U+665C,kūn,晜
U+665D,zhòu,晝
U+665E,xī,晞
U+665F,chéng;shèng;jīng,晟
U+6660,shèng,晠
U+6661,bū,晡
U+6662,zhé;zhì,晢
U+6663,zhé,晣
U+6664,wù,晤
U+6665,wǎn,晥
U+6666,huì,晦
U+6667,hào,晧
U+6668,chén,晨
U+6669,wǎn,晩
U+666A,tiǎn,晪
U+666B,zhuó,晫
U+666C,zuì,晬
U+666D,zhǒu,晭
U+666E,pǔ,普
U+666F,jǐng;yǐng,景
U+6670,xī,晰
U+6671,shǎn,晱
U+6672,nǐ,晲
U+6673,xī,晳
U+6674,qíng,晴
U+6675,qǐ;dù,晵
U+6676,jīng,晶
U+6677,guǐ,晷
U+6678,zhěng,晸
U+6679,yì,晹
U+667A,zhì;zhī,智
U+667B,àn;ǎn;yǎn,晻
U+667C,wǎn,晼
U+667D,lín,晽
U+667E,liàng,晾
U+667F,chāng,晿
U+6680,wǎng;wàng,暀
U+6681,xiǎo,暁
U+6682,zàn,暂
U+6683,fēi,暃
U+6684,xuān,暄
U+6685,gèng;xuǎn,暅
U+6686,yí,暆
U+6687,xiá;xià;jiǎ,暇
U+6688,yūn;yùn,暈
U+6689,huī,暉
U+668A,xǔ,暊
U+668B,mǐn;mín,暋
U+668C,kuí,暌
U+668D,yē,暍
U+668E,yìng,暎
U+668F,shǔ;dǔ,暏
U+6690,wěi,暐
U+6691,shǔ,暑
U+6692,qíng,暒
U+6693,mào,暓
U+6694,nán,暔
U+6695,jiǎn;lán,暕
U+6696,nuǎn;xuān,暖
U+6697,àn,暗
U+6698,yáng,暘
U+6699,chūn,暙
U+669A,yáo,暚
U+669B,suǒ,暛
U+669C,pǔ,暜
U+669D,míng,暝
U+669E,jiǎo,暞
U+669F,kǎi,暟
U+66A0,gǎo;hào,暠
U+66A1,wěng,暡
U+66A2,chàng,暢
U+66A3,qì,暣
U+66A4,hào,暤
U+66A5,yàn,暥
U+66A6,lì,暦
U+66A7,ài;nuǎn,暧
U+66A8,jì;jiè,暨
U+66A9,jì,暩
U+66AA,mèn,暪
U+66AB,zàn,暫
U+66AC,xiè,暬
U+66AD,hào,暭
U+66AE,mù,暮
U+66AF,mò,暯
U+66B0,cōng,暰
U+66B1,nì,暱
U+66B2,zhāng,暲
U+66B3,huì,暳
U+66B4,bào;pù;bó,暴
U+66B5,hàn,暵
U+66B6,xuán,暶
U+66B7,chuán,暷
U+66B8,liáo,暸
U+66B9,xiān,暹
U+66BA,tǎn,暺
U+66BB,jǐng,暻
U+66BC,piē,暼
U+66BD,lín,暽
U+66BE,tūn,暾
U+66BF,xǐ;xī,暿
U+66C0,yì,曀
U+66C1,jì,曁
U+66C2,huàng,曂
U+66C3,dài,曃
U+66C4,yè,曄
U+66C5,yè,曅
U+66C6,lì,曆
U+66C7,tán,曇
U+66C8,tóng,曈
U+66C9,xiǎo,曉
U+66CA,fèi,曊
U+66CB,shěn,曋
U+66CC,zhào,曌
U+66CD,hào,曍
U+66CE,yì,曎
U+66CF,xiǎng;xiàng;shǎng,曏
U+66D0,xīng,曐
U+66D1,shēn,曑
U+66D2,jiǎo,曒
U+66D3,bào,曓
U+66D4,jìng,曔
U+66D5,yàn,曕
U+66D6,ài,曖
U+66D7,yè,曗
U+66D8,rú,曘
U+66D9,shǔ,曙
U+66DA,méng,曚
U+66DB,xūn,曛
U+66DC,yào,曜
U+66DD,pù;bào,曝
U+66DE,lì,曞
U+66DF,chén,曟
U+66E0,kuàng,曠
U+66E1,dié,曡
U+66E2,liǎo,曢
U+66E3,yàn,曣
U+66E4,huò,曤
U+66E5,lú,曥
U+66E6,xī,曦
U+66E7,róng,曧
U+66E8,lóng,曨
U+66E9,nǎng,曩
U+66EA,luǒ,曪
U+66EB,luán,曫
U+66EC,shài,曬
U+66ED,tǎng,曭
U+66EE,yǎn,曮
U+66EF,zhú,曯
U+66F0,yuē,曰
U+66F1,yuē,曱
U+66F2,qū;qǔ,曲
U+66F3,yè,曳
U+66F4,gèng;gēng,更
U+66F5,yè,曵
U+66F6,hū,曶
U+66F7,hé;è;hè,曷
U+66F8,shū,書
U+66F9,cáo,曹
U+66FA,cáo,曺
U+66FB,shēng,曻
U+66FC,màn,曼
U+66FD,cēng,曽
U+66FE,céng;zēng,曾
U+66FF,tì,替
U+6700,zuì;cuō,最
U+6701,cǎn;qián;jiàn,朁
U+6702,xù,朂
U+6703,huì;kuài;kuò,會
U+6704,yǐn,朄
U+6705,qiè,朅
U+6706,fēn,朆
U+6707,pí,朇
U+6708,yuè;rù,月
U+6709,yǒu;yòu;wěi,有
U+670A,ruǎn;wǎn,朊
U+670B,péng,朋
U+670C,fén;bān,朌
U+670D,fú;fù;bì;bó,服
U+670E,líng,朎
U+670F,fěi;kū,朏
U+6710,qú;xū;xù;chǔn,朐
U+6711,tì,朑
U+6712,nǜ,朒
U+6713,tiǎo;tiào;yóu,朓
U+6714,shuò,朔
U+6715,zhèn,朕
U+6716,lǎng,朖
U+6717,lǎng,朗
U+6718,zuī;juān,朘
U+6719,míng,朙
U+671A,huāng;máng;wáng;mèng,朚
U+671B,wàng,望
U+671C,tūn,朜
U+671D,cháo;zhāo;zhū,朝
U+671E,jī;qī,朞
U+671F,qī;jī,期
U+6720,yīng,朠
U+6721,zōng,朡
U+6722,wàng,朢
U+6723,tóng;chuáng,朣
U+6724,lǎng,朤
U+6725,láo,朥
U+6726,méng;mǎng,朦
U+6727,lóng;lǒng,朧
U+6728,mù,木
U+6729,děng,朩
U+672A,wèi,未
U+672B,mò;me,末
U+672C,běn;bēn,本
U+672D,zhá;yà,札
U+672E,shù;zhú,朮
U+672F,shù;zhú;shú,术
U+6730,mù,朰
U+6731,zhū;shū,朱
U+6732,rén,朲
U+6733,bā,朳
U+6734,pǔ;piáo;pò;pū;pō,朴
U+6735,duǒ,朵
U+6736,duǒ,朶
U+6737,dāo;mù;tiáo,朷
U+6738,lì,朸
U+6739,guǐ;qiú,朹
U+673A,jī;wèi,机
U+673B,jiū,朻
U+673C,bǐ,朼
U+673D,xiǔ,朽
U+673E,chéng;zhēng;chēng;tīng,朾
U+673F,cì,朿
U+6740,shā,杀
U+6741,rù,杁
U+6742,zá;duǒ,杂
U+6743,quán,权
U+6744,qiān,杄
U+6745,yú;wū,杅
U+6746,gān;gǎn;gàn,杆
U+6747,wū,杇
U+6748,chā;chà,杈
U+6749,shān;shā,杉
U+674A,xún,杊
U+674B,fán,杋
U+674C,wù;wò,杌
U+674D,zǐ,杍
U+674E,lǐ,李
U+674F,xìng,杏
U+6750,cái,材
U+6751,cūn,村
U+6752,rèn;ér,杒
U+6753,biāo;sháo;shuó;dí;zhuó,杓
U+6754,tuō;zhé,杔
U+6755,dì;duò,杕
U+6756,zhàng,杖
U+6757,máng,杗
U+6758,chì,杘
U+6759,yì,杙
U+675A,gài;gé,杚
U+675B,gōng,杛
U+675C,dù;dǔ;tú,杜
U+675D,lí;zhì;yí;tuò;duò,杝
U+675E,qǐ,杞
U+675F,shù,束
U+6760,gāng;gàng;gōng,杠
U+6761,tiáo,条
U+6762,jiang,杢
U+6763,mián,杣
U+6764,wàn,杤
U+6765,lái,来
U+6766,jiǔ,杦
U+6767,máng,杧
U+6768,yáng,杨
U+6769,mà,杩
U+676A,miǎo,杪
U+676B,sì;zhǐ;xǐ,杫
U+676C,yuán;yuàn,杬
U+676D,háng;kàng;kāng,杭
U+676E,fèi;bèi,杮
U+676F,bēi,杯
U+6770,jié,杰
U+6771,dōng,東
U+6772,gǎo,杲
U+6773,yǎo,杳
U+6774,xiān;qiān,杴
U+6775,chǔ,杵
U+6776,chūn,杶
U+6777,pá;bà,杷
U+6778,shū;duì,杸
U+6779,huà,杹
U+677A,xīn,杺
U+677B,chǒu;niǔ,杻
U+677C,zhù;shù,杼
U+677D,chǒu,杽
U+677E,sōng,松
U+677F,bǎn,板
U+6780,sōng,枀
U+6781,jí,极
U+6782,wò;yuè,枂
U+6783,jìn,枃
U+6784,gòu,构
U+6785,jī,枅
U+6786,máo,枆
U+6787,pí;bǐ;bì;pī,枇
U+6788,bì;pī,枈
U+6789,wǎng;kuáng,枉
U+678A,àng,枊
U+678B,fāng;fǎng;bǐng,枋
U+678C,fén,枌
U+678D,yì,枍
U+678E,fú;fū,枎
U+678F,nán,枏
U+6790,xī;sī,析
U+6791,hù,枑
U+6792,yā;yē;yá;yà,枒
U+6793,dǒu;zhǔ,枓
U+6794,xín,枔
U+6795,zhěn;chén,枕
U+6796,yāo;yǎo,枖
U+6797,lín,林
U+6798,ruì;nèn,枘
U+6799,ě;è,枙
U+679A,méi,枚
U+679B,zhào,枛
U+679C,guǒ;luǒ;guàn,果
U+679D,zhī;qí,枝
U+679E,cōng;zōng,枞
U+679F,yùn,枟
U+67A0,zui,枠
U+67A1,shēng,枡
U+67A2,shū,枢
U+67A3,zǎo,枣
U+67A4,dì,枤
U+67A5,lì,枥
U+67A6,lú,枦
U+67A7,jiǎn,枧
U+67A8,chéng,枨
U+67A9,sōng,枩
U+67AA,qiāng,枪
U+67AB,fēng,枫
U+67AC,zhān,枬
U+67AD,xiāo,枭
U+67AE,xiān;zhēn,枮
U+67AF,kū;gū,枯
U+67B0,píng,枰
U+67B1,tái;sì;cí,枱
U+67B2,xǐ,枲
U+67B3,zhǐ;zhī,枳
U+67B4,guǎi,枴
U+67B5,xiāo,枵
U+67B6,jià,架
U+67B7,jiā;jià,枷
U+67B8,gǒu;gōu;jǔ;qú,枸
U+67B9,bāo;fú,枹
U+67BA,mò,枺
U+67BB,yì;xiè,枻
U+67BC,yè,枼
U+67BD,yè,枽
U+67BE,shì,枾
U+67BF,niè,枿
U+67C0,bǐ,柀
U+67C1,duò;tuó;tuǒ,柁
U+67C2,yí;duò;lí,柂
U+67C3,líng,柃
U+67C4,bǐng,柄
U+67C5,nǐ;chì,柅
U+67C6,lā,柆
U+67C7,hé,柇
U+67C8,bàn;pán;pàn,柈
U+67C9,fán,柉
U+67CA,zhōng,柊
U+67CB,dài,柋
U+67CC,cí,柌
U+67CD,yǎng;yàng;yīng,柍
U+67CE,fū;fǔ;fù,柎
U+67CF,bǎi;bó;bò,柏
U+67D0,mǒu;méi,某
U+67D1,gān;qián,柑
U+67D2,qī,柒
U+67D3,rǎn,染
U+67D4,róu,柔
U+67D5,mào,柕
U+67D6,sháo;shào,柖
U+67D7,sōng,柗
U+67D8,zhè,柘
U+67D9,xiá;jiǎ,柙
U+67DA,yòu;yóu;zhóu,柚
U+67DB,shēn,柛
U+67DC,guì;jǔ,柜
U+67DD,tuò,柝
U+67DE,zhà;zuò;zé,柞
U+67DF,nán;rán,柟
U+67E0,níng;chǔ;zhù,柠
U+67E1,yǒng,柡
U+67E2,dǐ;dì;chí,柢
U+67E3,zhì;dié,柣
U+67E4,zhā;zǔ;zū,柤
U+67E5,chá;zhā;chái,查
U+67E6,dàn,柦
U+67E7,gū,柧
U+67E8,bù;pū,柨
U+67E9,jiù,柩
U+67EA,āo;ào,柪
U+67EB,fú,柫
U+67EC,jiǎn,柬
U+67ED,bā;fú;bó;biē;pèi,柭
U+67EE,duò;zuó;wù,柮
U+67EF,kē,柯
U+67F0,nài,柰
U+67F1,zhù;zhǔ,柱
U+67F2,bì;bié,柲
U+67F3,liǔ,柳
U+67F4,chái;cī;zhài;zì,柴
U+67F5,shān;zhà,柵
U+67F6,sì,柶
U+67F7,chù;zhù,柷
U+67F8,pēi;bēi,柸
U+67F9,shì;fèi,柹
U+67FA,guǎi,柺
U+67FB,zhā,査
U+67FC,yǎo,柼
U+67FD,chēng;jué,柽
U+67FE,jiù,柾
U+67FF,shì,柿
U+6800,zhī,栀
U+6801,liǔ,栁
U+6802,méi,栂
U+6803,lì,栃
U+6804,róng,栄
U+6805,zhà;shān;cè,栅
U+6806,zǎo,栆
U+6807,biāo,标
U+6808,zhàn,栈
U+6809,zhì,栉
U+680A,lóng,栊
U+680B,dòng,栋
U+680C,lú,栌
U+680D,shēng,栍
U+680E,lì;yuè,栎
U+680F,lán,栏
U+6810,yǒng,栐
U+6811,shù,树
U+6812,xún;sǔn,栒
U+6813,shuān;shuàn;quán,栓
U+6814,qì,栔
U+6815,zhēn,栕
U+6816,qī;xī,栖
U+6817,lì;liè,栗
U+6818,yí,栘
U+6819,xiáng,栙
U+681A,zhèn,栚
U+681B,lì,栛
U+681C,sè;cì,栜
U+681D,guā;tiǎn;kuò,栝
U+681E,kān,栞
U+681F,bēn;bīng,栟
U+6820,rěn,栠
U+6821,xiào;jiào;jiǎo;qiāo,校
U+6822,bǎi,栢
U+6823,rěn,栣
U+6824,bìng,栤
U+6825,zī,栥
U+6826,chóu,栦
U+6827,yì,栧
U+6828,cì,栨
U+6829,xǔ;yǔ,栩
U+682A,zhū,株
U+682B,jiàn;zùn,栫
U+682C,zuì,栬
U+682D,ér,栭
U+682E,ěr,栮
U+682F,yǒu;yù,栯
U+6830,fá,栰
U+6831,gǒng,栱
U+6832,kǎo,栲
U+6833,lǎo,栳
U+6834,zhān,栴
U+6835,liè,栵
U+6836,yīn,栶
U+6837,yàng;yáng,样
U+6838,hé;hú;gāi;kài,核
U+6839,gēn,根
U+683A,yì;zhī;zhǐ,栺
U+683B,shì,栻
U+683C,gé;luò;hè;gē,格
U+683D,zāi;zài,栽
U+683E,luán,栾
U+683F,fú,栿
U+6840,jié,桀
U+6841,héng;háng;hàng,桁
U+6842,guì,桂
U+6843,táo;tiāo;zhào,桃
U+6844,guāng;guàng,桄
U+6845,wéi;guǐ,桅
U+6846,kuāng;kuàng;kuáng,框
U+6847,rú,桇
U+6848,àn,案
U+6849,ān;àn,桉
U+684A,juàn;quān,桊
U+684B,yí;tí,桋
U+684C,zhuō,桌
U+684D,kū,桍
U+684E,zhì,桎
U+684F,qióng,桏
U+6850,tóng;tōng;dòng,桐
U+6851,sāng,桑
U+6852,sāng,桒
U+6853,huán,桓
U+6854,jú;jié;xié,桔
U+6855,jiù,桕
U+6856,xuè,桖
U+6857,duò,桗
U+6858,zhuì,桘
U+6859,yú;móu,桙
U+685A,zǎn,桚
U+685C,yīng,桜
U+685D,jié,桝
U+685E,liǔ,桞
U+685F,zhàn,桟
U+6860,yā,桠
U+6861,ráo,桡
U+6862,zhēn,桢
U+6863,dàng,档
U+6864,qī,桤
U+6865,qiáo,桥
U+6866,huà,桦
U+6867,guì;huì,桧
U+6868,jiǎng,桨
U+6869,zhuāng,桩
U+686A,xún,桪
U+686B,suō,桫
U+686C,shā,桬
U+686D,zhēn;chén;zhèn,桭
U+686E,bēi,桮
U+686F,tīng;yíng,桯
U+6870,kuò,桰
U+6871,jìng,桱
U+6872,po;bó,桲
U+6873,bèn,桳
U+6874,fú,桴
U+6875,ruí,桵
U+6876,tǒng,桶
U+6877,jué,桷
U+6878,xī,桸
U+6879,láng,桹
U+687A,liǔ,桺
U+687B,fēng;fèng,桻
U+687C,qī,桼
U+687D,wěn,桽
U+687E,jūn,桾
U+687F,gǎn;hàn,桿
U+6880,sù;yìn,梀
U+6881,liáng,梁
U+6882,qiú,梂
U+6883,tǐng;tìng,梃
U+6884,yǒu,梄
U+6885,méi,梅
U+6886,bāng,梆
U+6887,lòng,梇
U+6888,pēng,梈
U+6889,zhuāng,梉
U+688A,dì,梊
U+688B,xuān;juān;xié,梋
U+688C,tú;chá;tū,梌
U+688D,zào,梍
U+688E,āo;yòu,梎
U+688F,gù;jué,梏
U+6890,bì,梐
U+6891,dí,梑
U+6892,hán,梒
U+6893,zǐ,梓
U+6894,zhī,梔
U+6895,rèn,梕
U+6896,bèi,梖
U+6897,gěng,梗
U+6898,jiǎn;xiàn;jiàn,梘
U+6899,huàn,梙
U+689A,wǎn,梚
U+689B,nuó,梛
U+689C,jiā,梜
U+689D,tiáo;tiāo,條
U+689E,jì,梞
U+689F,xiāo,梟
U+68A0,lǚ,梠
U+68A1,hún;kuǎn,梡
U+68A2,shāo;shào;xiāo;sào,梢
U+68A3,cén;chén;qín,梣
U+68A4,fén,梤
U+68A5,sōng,梥
U+68A6,mèng,梦
U+68A7,wú;wù;yǔ,梧
U+68A8,lí,梨
U+68A9,lí;sì;qǐ,梩
U+68AA,dòu,梪
U+68AB,qǐn;qīn,梫
U+68AC,yǐng,梬
U+68AD,suō;xùn,梭
U+68AE,jū,梮
U+68AF,tī;tí,梯
U+68B0,xiè,械
U+68B1,kǔn;hún,梱
U+68B2,zhuó,梲
U+68B3,shū,梳
U+68B4,chān,梴
U+68B5,fàn,梵
U+68B6,wěi,梶
U+68B7,jìng,梷
U+68B8,lí,梸
U+68B9,bīn;bīng,梹
U+68BA,xià,梺
U+68BB,fó,梻
U+68BC,táo,梼
U+68BD,zhì,梽
U+68BE,lái,梾
U+68BF,lián,梿
U+68C0,jiǎn,检
U+68C1,zhuō;tuō;ruì,棁
U+68C2,líng,棂
U+68C3,lí,棃
U+68C4,qì,棄
U+68C5,bǐng,棅
U+68C6,lún,棆
U+68C7,cōng;sōng,棇
U+68C8,qiàn,棈
U+68C9,mián,棉
U+68CA,qí,棊
U+68CB,qí;jī,棋
U+68CC,cài,棌
U+68CD,gùn;hùn;āo;gǔn,棍
U+68CE,chán,棎
U+68CF,dé;zhé,棏
U+68D0,fěi;féi,棐
U+68D1,pái;bèi;pèi,棑
U+68D2,bàng,棒
U+68D3,bàng;bèi;pǒu;péi;bēi,棓
U+68D4,hūn,棔
U+68D5,zōng,棕
U+68D6,chéng;cháng,棖
U+68D7,zǎo,棗
U+68D8,jí,棘
U+68D9,lì;liè,棙
U+68DA,péng,棚
U+68DB,yù,棛
U+68DC,yù,棜
U+68DD,gù,棝
U+68DE,jùn,棞
U+68DF,dòng,棟
U+68E0,táng,棠
U+68E1,gāng,棡
U+68E2,wǎng,棢
U+68E3,dì;tì;dài,棣
U+68E4,cuò,棤
U+68E5,fán,棥
U+68E6,chēng,棦
U+68E7,zhàn;zhǎn;chén,棧
U+68E8,qǐ,棨
U+68E9,yuān,棩
U+68EA,yǎn;yàn,棪
U+68EB,yù,棫
U+68EC,quān;juàn;quán,棬
U+68ED,yì,棭
U+68EE,sēn,森
U+68EF,rěn;shěn,棯
U+68F0,chuí;duǒ,棰
U+68F1,léng;lēng;líng;lèng;chēng,棱
U+68F2,qī;xī,棲
U+68F3,zhuō,棳
U+68F4,fú;sù,棴
U+68F5,kē;kuǎn;kě,棵
U+68F6,lái,棶
U+68F7,zōu;sǒu,棷
U+68F8,zōu,棸
U+68F9,zhào;zhuō,棹
U+68FA,guān;guàn,棺
U+68FB,fēn,棻
U+68FC,fén;fèn;fēn,棼
U+68FD,shēn;chēn,棽
U+68FE,qíng,棾
U+68FF,ní;niè,棿
U+6900,wǎn,椀
U+6901,guǒ,椁
U+6902,lù,椂
U+6903,háo,椃
U+6904,jiē;jié;qiè,椄
U+6905,yǐ;yī,椅
U+6906,chóu;zhòu;diāo,椆
U+6907,jǔ,椇
U+6908,jú,椈
U+6909,chéng;shèng,椉
U+690A,zuó;cuì,椊
U+690B,liáng,椋
U+690C,qiāng;kōng,椌
U+690D,zhí,植
U+690E,chuí;zhuī,椎
U+690F,yā;ě,椏
U+6910,jū,椐
U+6911,bēi;pí;bì;pái,椑
U+6912,jiāo,椒
U+6913,zhuó,椓
U+6914,zī,椔
U+6915,bīn,椕
U+6916,péng,椖
U+6917,dìng,椗
U+6918,chǔ,椘
U+6919,chāng,椙
U+691A,mēn,椚
U+691B,huā,椛
U+691C,jiǎn,検
U+691D,guī,椝
U+691E,xì,椞
U+691F,dú,椟
U+6920,qiàn,椠
U+6921,dào,椡
U+6922,guì,椢
U+6923,diǎn,椣
U+6924,luó,椤
U+6925,zhī,椥
U+6926,quan,椦
U+6927,mìng,椧
U+6928,fǔ,椨
U+6929,gēng,椩
U+692A,pèng,椪
U+692B,shàn,椫
U+692C,yí,椬
U+692D,tuǒ,椭
U+692E,sēn,椮
U+692F,duǒ;chuán,椯
U+6930,yē,椰
U+6931,fù,椱
U+6932,wěi;huī,椲
U+6933,wēi,椳
U+6934,duàn,椴
U+6935,jiǎ;jiā,椵
U+6936,zōng,椶
U+6937,jiān;hán,椷
U+6938,yí,椸
U+6939,shèn;zhēn,椹
U+693A,xí,椺
U+693B,yàn;yà,椻
U+693C,yǎn,椼
U+693D,chuán,椽
U+693E,jiān;zhàn,椾
U+693F,chūn,椿
U+6940,yǔ,楀
U+6941,hé,楁
U+6942,zhā;chá,楂
U+6943,wò,楃
U+6944,pián,楄
U+6945,bī,楅
U+6946,yāo,楆
U+6947,huò;guō;kuǎ,楇
U+6948,xū,楈
U+6949,ruò,楉
U+694A,yáng,楊
U+694B,là,楋
U+694C,yán,楌
U+694D,běn,楍
U+694E,huī,楎
U+694F,kuí,楏
U+6950,jiè,楐
U+6951,kuí,楑
U+6952,sī,楒
U+6953,fēng;fán,楓
U+6954,xiē;xiè,楔
U+6955,tuǒ,楕
U+6956,zhì;jí,楖
U+6957,jiàn;jiǎn,楗
U+6958,mù,楘
U+6959,mào,楙
U+695A,chǔ,楚
U+695B,hù;kǔ,楛
U+695C,hú,楜
U+695D,liàn,楝
U+695E,léng;lèng,楞
U+695F,tíng,楟
U+6960,nán,楠
U+6961,yú,楡
U+6962,yóu;yǒu,楢
U+6963,méi;měi,楣
U+6964,sǒng;cōng,楤
U+6965,xuàn;yuán,楥
U+6966,xuàn,楦
U+6967,yǎng,楧
U+6968,zhēn,楨
U+6969,pián,楩
U+696A,yè;dié,楪
U+696B,jí,楫
U+696C,jié;qià,楬
U+696D,yè,業
U+696E,chǔ;zhū,楮
U+696F,dùn;shǔn;chūn,楯
U+6970,yú,楰
U+6971,zòu;cōu,楱
U+6972,wēi,楲
U+6973,méi,楳
U+6974,tì;dǐ;shì,楴
U+6975,jí;jǐ,極
U+6976,jié,楶
U+6977,kǎi;jiē;jiè,楷
U+6978,qiū,楸
U+6979,yíng,楹
U+697A,rǒu;ròu,楺
U+697B,huáng,楻
U+697C,lóu,楼
U+697D,lè,楽
U+697E,quán,楾
U+697F,xiāng,楿
U+6980,pǐn,榀
U+6981,shǐ,榁
U+6982,gài;guì;jié,概
U+6983,tán,榃
U+6984,lǎn,榄
U+6985,wēn;yùn,榅
U+6986,yú,榆
U+6987,chèn,榇
U+6988,lǘ,榈
U+6989,jǔ,榉
U+698A,shén,榊
U+698B,chu,榋
U+698C,bī,榌
U+698D,xiè,榍
U+698E,jiǎ,榎
U+698F,yì,榏
U+6990,zhǎn;chǎn;niàn;zhèn,榐
U+6991,fú;fù;bó,榑
U+6992,nuò,榒
U+6993,mì,榓
U+6994,láng;lǎng,榔
U+6995,róng,榕
U+6996,gǔ,榖
U+6997,jiàn;jìn,榗
U+6998,jǔ,榘
U+6999,tā,榙
U+699A,yǎo,榚
U+699B,zhēn,榛
U+699C,bǎng;bēng;bàng;páng;péng,榜
U+699D,shā;xiè,榝
U+699E,yuán,榞
U+699F,zǐ,榟
U+69A0,míng,榠
U+69A1,sù,榡
U+69A2,jià,榢
U+69A3,yáo,榣
U+69A4,jié,榤
U+69A5,huàng,榥
U+69A6,gàn;hán,榦
U+69A7,fěi,榧
U+69A8,zhà,榨
U+69A9,qián,榩
U+69AA,mà;mǎ,榪
U+69AB,sǔn,榫
U+69AC,yuán,榬
U+69AD,xiè,榭
U+69AE,róng,榮
U+69AF,shí,榯
U+69B0,zhī,榰
U+69B1,cuī,榱
U+69B2,wēn,榲
U+69B3,tíng,榳
U+69B4,liú,榴
U+69B5,róng,榵
U+69B6,táng,榶
U+69B7,què,榷
U+69B8,zhāi,榸
U+69B9,sī,榹
U+69BA,shèng,榺
U+69BB,tà,榻
U+69BC,kē,榼
U+69BD,xī,榽
U+69BE,gǔ,榾
U+69BF,qī,榿
U+69C0,gǎo;kào,槀
U+69C1,gǎo;kào;gāo,槁
U+69C2,sūn,槂
U+69C3,pán,槃
U+69C4,tāo,槄
U+69C5,gé,槅
U+69C6,chūn,槆
U+69C7,diān;zhěn;zhēn,槇
U+69C8,nòu,槈
U+69C9,jí,槉
U+69CA,shuò,槊
U+69CB,gòu;jué,構
U+69CC,chuí;zhuì;duī,槌
U+69CD,qiāng;chēng;qiǎng,槍
U+69CE,chá,槎
U+69CF,qiǎn;xiàn;lián,槏
U+69D0,huái,槐
U+69D1,méi,槑
U+69D2,xù,槒
U+69D3,gàng,槓
U+69D4,gāo,槔
U+69D5,zhuō,槕
U+69D6,tuó,槖
U+69D7,qiáo,槗
U+69D8,yàng,様
U+69D9,diān,槙
U+69DA,jiǎ,槚
U+69DB,kǎn;jiàn,槛
U+69DC,zuì,槜
U+69DD,dǎo,槝
U+69DE,lóng,槞
U+69DF,bīn;bīng,槟
U+69E0,zhū,槠
U+69E1,sāng,槡
U+69E2,xí;dié,槢
U+69E3,jī;guī,槣
U+69E4,lián;liǎn,槤
U+69E5,huì,槥
U+69E6,yōng,槦
U+69E7,qiàn,槧
U+69E8,guǒ,槨
U+69E9,gài,槩
U+69EA,gài,槪
U+69EB,tuán;shuàn;quán,槫
U+69EC,huà,槬
U+69ED,qī;qì;zú;sè,槭
U+69EE,sēn;shěn,槮
U+69EF,cuī;zuǐ,槯
U+69F0,péng,槰
U+69F1,yǒu;chǎo,槱
U+69F2,hú,槲
U+69F3,jiǎng;jiāng,槳
U+69F4,hù,槴
U+69F5,huàn,槵
U+69F6,guì,槶
U+69F7,niè;xiè;yì,槷
U+69F8,yì,槸
U+69F9,gāo,槹
U+69FA,kāng,槺
U+69FB,guī,槻
U+69FC,guī,槼
U+69FD,cáo;zāo,槽
U+69FE,màn;wàn;mán,槾
U+69FF,jǐn;qín,槿
U+6A00,dí;zhí;zhé;dī,樀
U+6A01,zhuāng;chōng,樁
U+6A02,lè;yuè;yào;luò;liáo,樂
U+6A03,lǎng,樃
U+6A04,chén,樄
U+6A05,cōng;zōng,樅
U+6A06,lí;chī,樆
U+6A07,xiū,樇
U+6A08,qíng,樈
U+6A09,shuǎng,樉
U+6A0A,fán;fàn,樊
U+6A0B,tōng,樋
U+6A0C,guàn,樌
U+6A0D,zé,樍
U+6A0E,sù,樎
U+6A0F,lěi;léi,樏
U+6A10,lǔ,樐
U+6A11,liáng,樑
U+6A12,mì,樒
U+6A13,lóu;lǘ,樓
U+6A14,cháo;chāo;jiǎo,樔
U+6A15,sù,樕
U+6A16,kē,樖
U+6A17,chū,樗
U+6A18,táng;chēng,樘
U+6A19,biāo;biào,標
U+6A1A,lù;dú,樚
U+6A1B,jiū;liáo,樛
U+6A1C,zhè,樜
U+6A1D,zhā,樝
U+6A1E,shū;ōu,樞
U+6A1F,zhāng,樟
U+6A20,mán;lǎng,樠
U+6A21,mó;mú,模
U+6A22,niǎo;mù,樢
U+6A23,yàng;xiàng,樣
U+6A24,tiáo,樤
U+6A25,péng,樥
U+6A26,zhù,樦
U+6A27,shā,樧
U+6A28,xī,樨
U+6A29,quán,権
U+6A2A,héng;hèng;guāng;guàng;huáng;huàng,横
U+6A2B,jiān,樫
U+6A2C,cōng,樬
U+6A2D,jī,樭
U+6A2E,yān,樮
U+6A2F,qiáng,樯
U+6A30,xuě,樰
U+6A31,yīng,樱
U+6A32,èr;zhì,樲
U+6A33,xún,樳
U+6A34,zhí;yì,樴
U+6A35,qiáo,樵
U+6A36,zuī,樶
U+6A37,cóng,樷
U+6A38,pǔ;pú,樸
U+6A39,shù,樹
U+6A3A,huà,樺
U+6A3B,kuì,樻
U+6A3C,zhēn,樼
U+6A3D,zūn,樽
U+6A3E,yuè,樾
U+6A3F,shàn,樿
U+6A40,xī,橀
U+6A41,chūn,橁
U+6A42,diàn,橂
U+6A43,fá;fèi,橃
U+6A44,gǎn,橄
U+6A45,mó,橅
U+6A46,wǔ;wú,橆
U+6A47,qiāo,橇
U+6A48,ráo;náo,橈
U+6A49,lìn,橉
U+6A4A,liú,橊
U+6A4B,qiáo;jiāo;jiào;qiāo;jiǎo,橋
U+6A4C,xiàn,橌
U+6A4D,rùn,橍
U+6A4E,fán,橎
U+6A4F,zhǎn;jiǎn,橏
U+6A50,tuó;dù;luò,橐
U+6A51,lǎo;liáo,橑
U+6A52,yún,橒
U+6A53,shùn,橓
U+6A54,dūn;tuí,橔
U+6A55,chēng,橕
U+6A56,táng;chēng,橖
U+6A57,méng,橗
U+6A58,jú,橘
U+6A59,chéng;dèng;chén,橙
U+6A5A,sù;xiāo;qiū,橚
U+6A5B,jué,橛
U+6A5C,jué,橜
U+6A5D,diàn;tán;xín,橝
U+6A5E,huì,橞
U+6A5F,jī,機
U+6A60,nuǒ;nuó,橠
U+6A61,xiàng,橡
U+6A62,tuǒ;duǒ,橢
U+6A63,nǐng,橣
U+6A64,ruǐ,橤
U+6A65,zhū,橥
U+6A66,tóng;chuáng;zhōng;chōng,橦
U+6A67,zēng;céng,橧
U+6A68,fén;fèn;fèi,橨
U+6A69,qióng,橩
U+6A6A,rǎn;yān,橪
U+6A6B,héng,橫
U+6A6C,qián;qín,橬
U+6A6D,gū,橭
U+6A6E,liǔ,橮
U+6A6F,lào,橯
U+6A70,gāo,橰
U+6A71,chú,橱
U+6A72,xǐ,橲
U+6A73,shèng,橳
U+6A74,zǐ,橴
U+6A75,san,橵
U+6A76,jí,橶
U+6A77,dōu,橷
U+6A78,jīng,橸
U+6A79,lǔ,橹
U+6A7A,jian,橺
U+6A7B,chu,橻
U+6A7C,yuán,橼
U+6A7D,tà,橽
U+6A7E,shū;qiāo;sāo,橾
U+6A7F,jiāng,橿
U+6A80,tán;shàn,檀
U+6A81,lǐn,檁
U+6A82,nóng,檂
U+6A83,yǐn,檃
U+6A84,xí,檄
U+6A85,huì,檅
U+6A86,shān,檆
U+6A87,zuì,檇
U+6A88,xuán,檈
U+6A89,chēng,檉
U+6A8A,gàn,檊
U+6A8B,jú,檋
U+6A8C,zuì,檌
U+6A8D,yì,檍
U+6A8E,qín,檎
U+6A8F,pǔ,檏
U+6A90,yán;dān,檐
U+6A91,léi;lèi,檑
U+6A92,fēng,檒
U+6A93,huǐ,檓
U+6A94,dàng;dāng,檔
U+6A95,jì,檕
U+6A96,suì,檖
U+6A97,bò;bì,檗
U+6A98,píng;bò,檘
U+6A99,chéng,檙
U+6A9A,chǔ,檚
U+6A9B,zhuā,檛
U+6A9C,guì;kuài;huì,檜
U+6A9D,jí,檝
U+6A9E,jiě;xiè,檞
U+6A9F,jiǎ,檟
U+6AA0,qíng;jìng,檠
U+6AA1,zhái;shì;tú,檡
U+6AA2,jiǎn,檢
U+6AA3,qiáng,檣
U+6AA4,dào,檤
U+6AA5,yǐ,檥
U+6AA6,biǎo,檦
U+6AA7,sōng,檧
U+6AA8,shē,檨
U+6AA9,lǐn,檩
U+6AAA,lì,檪
U+6AAB,chá;sà,檫
U+6AAC,méng,檬
U+6AAD,yín,檭
U+6AAE,táo;chóu;dào,檮
U+6AAF,tái,檯
U+6AB0,mián,檰
U+6AB1,qí,檱
U+6AB2,tuán,檲
U+6AB3,bīn;bīng,檳
U+6AB4,huò;huà,檴
U+6AB5,jì,檵
U+6AB6,qiān,檶
U+6AB7,nǐ;mí,檷
U+6AB8,níng,檸
U+6AB9,yī,檹
U+6ABA,gǎo,檺
U+6ABB,kǎn;jiàn,檻
U+6ABC,yìn,檼
U+6ABD,nòu;ruǎn;rú,檽
U+6ABE,qǐng,檾
U+6ABF,yǎn,檿
U+6AC0,qí,櫀
U+6AC1,mì,櫁
U+6AC2,zhào;dí,櫂
U+6AC3,guì,櫃
U+6AC4,chūn,櫄
U+6AC5,jī;jì,櫅
U+6AC6,kuí,櫆
U+6AC7,pó,櫇
U+6AC8,dèng,櫈
U+6AC9,chú,櫉
U+6ACA,gé,櫊
U+6ACB,mián,櫋
U+6ACC,yōu,櫌
U+6ACD,zhì,櫍
U+6ACE,huǎng;guàng;guǒ;gǔ,櫎
U+6ACF,qiān,櫏
U+6AD0,lěi,櫐
U+6AD1,léi;lěi,櫑
U+6AD2,sà,櫒
U+6AD3,lǔ,櫓
U+6AD4,lì,櫔
U+6AD5,cuán,櫕
U+6AD6,lǜ;chū,櫖
U+6AD7,miè;mèi,櫗
U+6AD8,huì,櫘
U+6AD9,ōu,櫙
U+6ADA,lǘ,櫚
U+6ADB,zhì,櫛
U+6ADC,gāo,櫜
U+6ADD,dú,櫝
U+6ADE,yuán,櫞
U+6ADF,lì;luò;yuè,櫟
U+6AE0,fèi,櫠
U+6AE1,zhuó;zhù,櫡
U+6AE2,sǒu,櫢
U+6AE3,lián,櫣
U+6AE4,jiàng,櫤
U+6AE5,chú,櫥
U+6AE6,qìng,櫦
U+6AE7,zhū,櫧
U+6AE8,lú;lǘ,櫨
U+6AE9,yán;yǎn,櫩
U+6AEA,lì,櫪
U+6AEB,zhū,櫫
U+6AEC,chèn;qìn;guàn,櫬
U+6AED,jié;jì,櫭
U+6AEE,è,櫮
U+6AEF,sū,櫯
U+6AF0,huái;guī,櫰
U+6AF1,niè,櫱
U+6AF2,yù,櫲
U+6AF3,lóng,櫳
U+6AF4,lài,櫴
U+6AF5,jiao,櫵
U+6AF6,xiǎn,櫶
U+6AF7,guī,櫷
U+6AF8,jǔ,櫸
U+6AF9,xiāo;qiū;xiū,櫹
U+6AFA,líng,櫺
U+6AFB,yīng,櫻
U+6AFC,jiān;shān,櫼
U+6AFD,yǐn,櫽
U+6AFE,yóu;yòu,櫾
U+6AFF,yíng,櫿
U+6B00,xiāng;ràng,欀
U+6B01,nóng,欁
U+6B02,bó,欂
U+6B03,chán;zhàn,欃
U+6B04,lán;liàn,欄
U+6B05,jǔ,欅
U+6B06,shuāng,欆
U+6B07,shè,欇
U+6B08,wéi;zuì,欈
U+6B09,cóng,欉
U+6B0A,quán;guàn,權
U+6B0B,qú,欋
U+6B0C,cáng,欌
U+6B0D,jiù,欍
U+6B0E,yù,欎
U+6B0F,luó;luǒ,欏
U+6B10,lì;lǐ,欐
U+6B11,cuán;zuàn,欑
U+6B12,luán,欒
U+6B13,dǎng;tǎng,欓
U+6B14,jué,欔
U+6B15,yán,欕
U+6B16,lǎn,欖
U+6B17,lán,欗
U+6B18,zhú,欘
U+6B19,léi;luǒ,欙
U+6B1A,lǐ,欚
U+6B1B,bà,欛
U+6B1C,náng,欜
U+6B1D,yù,欝
U+6B1E,líng,欞
U+6B1F,guang,欟
U+6B20,qiàn,欠
U+6B21,cì;zī;cí,次
U+6B22,huān,欢
U+6B23,xīn,欣
U+6B24,yú,欤
U+6B25,yì;huān;yù,欥
U+6B26,qiān;hān;xiān;qián,欦
U+6B27,ōu,欧
U+6B28,xū,欨
U+6B29,chāo,欩
U+6B2A,chù;xì;qù,欪
U+6B2B,qì,欫
U+6B2C,kài;ài,欬
U+6B2D,yì;yīn,欭
U+6B2E,jué,欮
U+6B2F,xì;kài,欯
U+6B30,xù,欰
U+6B31,hē;xiá,欱
U+6B32,yù,欲
U+6B33,kuì,欳
U+6B34,láng,欴
U+6B35,kuǎn,欵
U+6B36,shuò;sòu,欶
U+6B37,xī,欷
U+6B38,āi;ǎi;ê̄;ế;ê̌;ề;xiè;éi;ěi;èi;ēi,欸
U+6B39,yī;qī,欹
U+6B3A,qī,欺
U+6B3B,chuā;xū,欻
U+6B3C,chǐ;chuài,欼
U+6B3D,qīn;qìn;yín,欽
U+6B3E,kuǎn;xīn,款
U+6B3F,kǎn;qiàn;dàn,欿
U+6B40,kuǎn,歀
U+6B41,kǎn;kè;qiǎn,歁
U+6B42,chuǎn;chuán,歂
U+6B43,shà;xiá,歃
U+6B44,guā,歄
U+6B45,yīn,歅
U+6B46,xīn,歆
U+6B47,xiē;yà,歇
U+6B48,yú,歈
U+6B49,qiàn,歉
U+6B4A,xiāo,歊
U+6B4B,yè,歋
U+6B4C,gē,歌
U+6B4D,wū;yāng,歍
U+6B4E,tàn,歎
U+6B4F,jìn;qūn,歏
U+6B50,ōu;ǒu,歐
U+6B51,hū,歑
U+6B52,tì;xiāo,歒
U+6B53,huān,歓
U+6B54,xū,歔
U+6B55,pēn,歕
U+6B56,xǐ;yǐ,歖
U+6B57,xiào,歗
U+6B58,chuā;xū,歘
U+6B59,shè;xī;xié,歙
U+6B5A,shàn,歚
U+6B5B,hān;liǎn,歛
U+6B5C,chù,歜
U+6B5D,yì,歝
U+6B5E,è,歞
U+6B5F,yú,歟
U+6B60,chuò,歠
U+6B61,huān,歡
U+6B62,zhǐ,止
U+6B63,zhèng;zhēng,正
U+6B64,cǐ,此
U+6B65,bù,步
U+6B66,wǔ,武
U+6B67,qí,歧
U+6B68,bù,歨
U+6B69,bù,歩
U+6B6A,wāi;wǎi,歪
U+6B6B,jù,歫
U+6B6C,qián,歬
U+6B6D,chí;zhì,歭
U+6B6E,sè,歮
U+6B6F,chǐ,歯
U+6B70,sè;shà,歰
U+6B71,zhǒng,歱
U+6B72,suì;suò,歲
U+6B73,suì,歳
U+6B74,lì,歴
U+6B75,zé,歵
U+6B76,yú,歶
U+6B77,lì,歷
U+6B78,guī;kuì;kuí,歸
U+6B79,dǎi;è;dāi,歹
U+6B7A,è,歺
U+6B7B,sǐ,死
U+6B7C,jiān,歼
U+6B7D,zhé,歽
U+6B7E,mò;wěn,歾
U+6B7F,mò,歿
U+6B80,yāo,殀
U+6B81,mò;wěn,殁
U+6B82,cú,殂
U+6B83,yāng,殃
U+6B84,tiǎn,殄
U+6B85,shēng,殅
U+6B86,dài,殆
U+6B87,shāng,殇
U+6B88,xù,殈
U+6B89,xùn,殉
U+6B8A,shū,殊
U+6B8B,cán,残
U+6B8C,jué,殌
U+6B8D,piǎo;bì,殍
U+6B8E,qià,殎
U+6B8F,qiú,殏
U+6B90,sù,殐
U+6B91,qíng;jīng;jìng,殑
U+6B92,yǔn,殒
U+6B93,liàn,殓
U+6B94,yì,殔
U+6B95,fǒu;yè;bó,殕
U+6B96,zhí;shi;shì,殖
U+6B97,yè;yàn;yān,殗
U+6B98,cán,殘
U+6B99,hūn;mèn,殙
U+6B9A,dān,殚
U+6B9B,jí,殛
U+6B9C,dié,殜
U+6B9D,zhēn,殝
U+6B9E,yǔn,殞
U+6B9F,wēn,殟
U+6BA0,chòu,殠
U+6BA1,bìn,殡
U+6BA2,tì,殢
U+6BA3,jìn,殣
U+6BA4,shāng,殤
U+6BA5,yín,殥
U+6BA6,diāo,殦
U+6BA7,jiù,殧
U+6BA8,huì;kuì,殨
U+6BA9,cuàn,殩
U+6BAA,yì,殪
U+6BAB,dān,殫
U+6BAC,dù,殬
U+6BAD,jiāng,殭
U+6BAE,liàn,殮
U+6BAF,bìn,殯
U+6BB0,dú,殰
U+6BB1,jiān,殱
U+6BB2,jiān,殲
U+6BB3,shū,殳
U+6BB4,ōu,殴
U+6BB5,duàn,段
U+6BB6,zhù,殶
U+6BB7,yīn;yān;yǐn,殷
U+6BB8,qìng;kēng;shēng,殸
U+6BB9,yì,殹
U+6BBA,shā;shài;sà;xiè;shì,殺
U+6BBB,qiào,殻
U+6BBC,ké;qiào,殼
U+6BBD,xiáo;yáo;xiào,殽
U+6BBE,xùn,殾
U+6BBF,diàn,殿
U+6BC0,huǐ,毀
U+6BC1,huǐ;huì,毁
U+6BC2,gǔ;gū,毂
U+6BC3,qiāo,毃
U+6BC4,jī,毄
U+6BC5,yì,毅
U+6BC6,ōu;kōu;qū,毆
U+6BC7,huǐ,毇
U+6BC8,duàn,毈
U+6BC9,yī,毉
U+6BCA,xiāo,毊
U+6BCB,wú;móu,毋
U+6BCC,guàn,毌
U+6BCD,mǔ;mú;wǔ;wú,母
U+6BCE,měi,毎
U+6BCF,měi,每
U+6BD0,ǎi,毐
U+6BD1,jiě,毑
U+6BD2,dú;dài,毒
U+6BD3,yù,毓
U+6BD4,bǐ;bì;pí;pǐ,比
U+6BD5,bì,毕
U+6BD6,bì,毖
U+6BD7,pí,毗
U+6BD8,pí,毘
U+6BD9,bì,毙
U+6BDA,chán,毚
U+6BDB,máo;mào,毛
U+6BDC,háo,毜
U+6BDD,cǎi,毝
U+6BDE,pí,毞
U+6BDF,liě,毟
U+6BE0,jiā,毠
U+6BE1,zhān,毡
U+6BE2,sāi,毢
U+6BE3,mù;mào,毣
U+6BE4,tuò,毤
U+6BE5,xún;xùn,毥
U+6BE6,ěr,毦
U+6BE7,róng,毧
U+6BE8,xiǎn,毨
U+6BE9,jú,毩
U+6BEA,mú,毪
U+6BEB,háo,毫
U+6BEC,qiú,毬
U+6BED,dòu;nuò,毭
U+6BEE,shā,毮
U+6BEF,tǎn,毯
U+6BF0,péi,毰
U+6BF1,jú,毱
U+6BF2,duō,毲
U+6BF3,cuì;qiāo;xiā,毳
U+6BF4,bī,毴
U+6BF5,sān,毵
U+6BF6,sān,毶
U+6BF7,mào,毷
U+6BF8,sāi;suī,毸
U+6BF9,shū;yú,毹
U+6BFA,shū,毺
U+6BFB,tuò,毻
U+6BFC,hé;kě;dā,毼
U+6BFD,jiàn,毽
U+6BFE,tà,毾
U+6BFF,sān,毿
U+6C00,lǘ;shū;yú;dōu,氀
U+6C01,mú,氁
U+6C02,máo;lí,氂
U+6C03,tóng,氃
U+6C04,rǒng;róng,氄
U+6C05,chǎng,氅
U+6C06,pǔ,氆
U+6C07,lu,氇
U+6C08,zhān,氈
U+6C09,sào,氉
U+6C0A,zhān,氊
U+6C0B,méng,氋
U+6C0C,lǔ,氌
U+6C0D,qú,氍
U+6C0E,dié,氎
U+6C0F,shì;zhī;jīng,氏
U+6C10,dī;dǐ;zhī,氐
U+6C11,mín,民
U+6C12,jué,氒
U+6C13,máng;méng,氓
U+6C14,qì;qǐ,气
U+6C15,piē,氕
U+6C16,nǎi,氖
U+6C17,qì,気
U+6C18,dāo,氘
U+6C19,xiān,氙
U+6C1A,chuān,氚
U+6C1B,fēn,氛
U+6C1C,yáng;rì,氜
U+6C1D,nèi,氝
U+6C1E,bin,氞
U+6C1F,fú,氟
U+6C20,shēn,氠
U+6C21,dōng,氡
U+6C22,qīng,氢
U+6C23,qì;xì,氣
U+6C24,yīn;yán,氤
U+6C25,xī,氥
U+6C26,hài,氦
U+6C27,yǎng,氧
U+6C28,ān,氨
U+6C29,yà,氩
U+6C2A,kè,氪
U+6C2B,qīng,氫
U+6C2C,yà,氬
U+6C2D,dōng,氭
U+6C2E,dàn,氮
U+6C2F,lǜ,氯
U+6C30,qíng,氰
U+6C31,yǎng,氱
U+6C32,yūn;yún,氲
U+6C33,yūn,氳
U+6C34,shuǐ,水
U+6C35,shui,氵
U+6C36,zhěng;chéng;zhèng,氶
U+6C37,bīng,氷
U+6C38,yǒng,永
U+6C39,dàng,氹
U+6C3A,shuǐ,氺
U+6C3B,lè,氻
U+6C3C,nì;mèi,氼
U+6C3D,tǔn;qiú,氽
U+6C3E,fàn;fán,氾
U+6C3F,guǐ;jiǔ;qiú,氿
U+6C40,tīng;tìng;dìng,汀
U+6C41,zhī;xié;shí,汁
U+6C42,qiú,求
U+6C43,bīn;pà;pā,汃
U+6C44,zè,汄
U+6C45,miǎn,汅
U+6C46,cuān,汆
U+6C47,huì,汇
U+6C48,diāo,汈
U+6C49,hàn,汉
U+6C4A,chà,汊
U+6C4B,zhuó;yuè;què;shuò,汋
U+6C4C,chuàn,汌
U+6C4D,wán;huán,汍
U+6C4E,fàn;fá,汎
U+6C4F,dà;tài,汏
U+6C50,xī,汐
U+6C51,tuō,汑
U+6C52,máng;mǎng,汒
U+6C53,qiú;yóu,汓
U+6C54,qì,汔
U+6C55,shàn;shuàn,汕
U+6C56,pìn;chí,汖
U+6C57,hàn;hán;gān,汗
U+6C58,qiān,汘
U+6C59,wū;yú;wā;yū,汙
U+6C5A,wū,汚
U+6C5B,xùn,汛
U+6C5C,sì,汜
U+6C5D,rǔ,汝
U+6C5E,gǒng,汞
U+6C5F,jiāng,江
U+6C60,chí;tuó;chè,池
U+6C61,wū,污
U+6C62,tu,汢
U+6C63,jiǔ,汣
U+6C64,tāng;shāng,汤
U+6C65,zhī;jì,汥
U+6C66,zhǐ,汦
U+6C67,qiān;yán,汧
U+6C68,mì,汨
U+6C69,gǔ;yù;hú,汩
U+6C6A,wāng;wǎng;hóng,汪
U+6C6B,jǐng,汫
U+6C6C,jǐng,汬
U+6C6D,ruì;tūn,汭
U+6C6E,jūn,汮
U+6C6F,hóng,汯
U+6C70,tài,汰
U+6C71,quǎn;fú,汱
U+6C72,jí;jī,汲
U+6C73,biàn,汳
U+6C74,biàn,汴
U+6C75,gàn;hán;cén,汵
U+6C76,wèn;wén;mín;mén,汶
U+6C77,zhōng,汷
U+6C78,fāng;pāng,汸
U+6C79,xiōng,汹
U+6C7A,jué;quē;xuè,決
U+6C7B,hǔ;huǎng,汻
U+6C7C,niú;yóu,汼
U+6C7D,qì;gài;yǐ,汽
U+6C7E,fén;pén;fēn,汾
U+6C7F,xù,汿
U+6C80,xù,沀
U+6C81,qìn,沁
U+6C82,yí;yín,沂
U+6C83,wò,沃
U+6C84,yún,沄
U+6C85,yuán,沅
U+6C86,hàng;háng;kàng,沆
U+6C87,yǎn;wěi,沇
U+6C88,shěn;chén;tán,沈
U+6C89,chén,沉
U+6C8A,dàn,沊
U+6C8B,yóu,沋
U+6C8C,dùn;zhuàn;tún;chún,沌
U+6C8D,hù;hú,沍
U+6C8E,huò,沎
U+6C8F,qī;qiè,沏
U+6C90,mù,沐
U+6C91,nǜ;niǔ,沑
U+6C92,méi,沒
U+6C93,dá;tà,沓
U+6C94,miǎn,沔
U+6C95,mì;wù;fū,沕
U+6C96,chōng,沖
U+6C97,pāng;tiān,沗
U+6C98,bǐ,沘
U+6C99,shā;shà;suō,沙
U+6C9A,zhǐ,沚
U+6C9B,pèi,沛
U+6C9C,pàn,沜
U+6C9D,zhuǐ;zǐ,沝
U+6C9E,zā,沞
U+6C9F,gōu,沟
U+6CA0,liú,沠
U+6CA1,méi;mò;me,没
U+6CA2,zé,沢
U+6CA3,fēng,沣
U+6CA4,ōu;òu,沤
U+6CA5,lì,沥
U+6CA6,lún,沦
U+6CA7,cāng,沧
U+6CA8,fēng,沨
U+6CA9,wéi,沩
U+6CAA,hù,沪
U+6CAB,mò,沫
U+6CAC,mèi;huì,沬
U+6CAD,shù,沭
U+6CAE,jǔ;jū;jù;jiān;zǔ,沮
U+6CAF,zá,沯
U+6CB0,tuō;duó,沰
U+6CB1,tuó;duò;chí,沱
U+6CB2,tuó,沲
U+6CB3,hé,河
U+6CB4,lì;zhěn,沴
U+6CB5,mǐ,沵
U+6CB6,yí;chí;shì,沶
U+6CB7,fā,沷
U+6CB8,fèi;fú,沸
U+6CB9,yóu;yòu,油
U+6CBA,tián,沺
U+6CBB,zhì;chí,治
U+6CBC,zhǎo,沼
U+6CBD,gū;gǔ,沽
U+6CBE,zhān;tiān;diàn;chān,沾
U+6CBF,yán;yǎn;yàn,沿
U+6CC0,sī,泀
U+6CC1,kuàng,況
U+6CC2,jiǒng;yíng;yǐng;jiōng,泂
U+6CC3,jū;gōu,泃
U+6CC4,xiè;yì,泄
U+6CC5,qiú;yōu,泅
U+6CC6,yì;dié,泆
U+6CC7,jiā,泇
U+6CC8,zhōng,泈
U+6CC9,quán,泉
U+6CCA,pō;bó;pò,泊
U+6CCB,huì;huǐ,泋
U+6CCC,mì;bì,泌
U+6CCD,bēn;bèn,泍
U+6CCE,zé,泎
U+6CCF,zhú;kū,泏
U+6CD0,lè,泐
U+6CD1,yōu;āo,泑
U+6CD2,gū,泒
U+6CD3,hóng,泓
U+6CD4,gān;hàn,泔
U+6CD5,fǎ,法
U+6CD6,mǎo;liǔ,泖
U+6CD7,sì,泗
U+6CD8,hū,泘
U+6CD9,píng;pēng,泙
U+6CDA,cǐ;zǐ,泚
U+6CDB,fàn;fěng;fá,泛
U+6CDC,zhī;chí;zhì,泜
U+6CDD,sù,泝
U+6CDE,nìng;zhù,泞
U+6CDF,chēng,泟
U+6CE0,líng;lǐng,泠
U+6CE1,pào;pāo;páo,泡
U+6CE2,bō;bēi;bì,波
U+6CE3,qì;lì;sè,泣
U+6CE4,sì,泤
U+6CE5,ní;nì;nǐ;niè;nìng,泥
U+6CE6,jú,泦
U+6CE7,sà;xuè,泧
U+6CE8,zhù;zhòu,注
U+6CE9,shēng,泩
U+6CEA,lèi,泪
U+6CEB,xuàn;xuán;juān,泫
U+6CEC,jué;xuè,泬
U+6CED,fú,泭
U+6CEE,pàn,泮
U+6CEF,mǐn;miàn,泯
U+6CF0,tài,泰
U+6CF1,yāng,泱
U+6CF2,jǐ,泲
U+6CF3,yǒng,泳
U+6CF4,guàn,泴
U+6CF5,bèng;pìn;liú,泵
U+6CF6,xué,泶
U+6CF7,lóng;shuāng,泷
U+6CF8,lú,泸
U+6CF9,dàn,泹
U+6CFA,luò;pō,泺
U+6CFB,xiè,泻
U+6CFC,pō,泼
U+6CFD,zé,泽
U+6CFE,jīng,泾
U+6CFF,yín,泿
U+6D00,pán;zhōu,洀
U+6D01,jié;jí,洁
U+6D02,yè,洂
U+6D03,huī,洃
U+6D04,huí;huì,洄
U+6D05,zài,洅
U+6D06,chéng,洆
U+6D07,yīn;yān;yē,洇
U+6D08,wéi,洈
U+6D09,hòu,洉
U+6D0A,jiàn;cún,洊
U+6D0B,yáng;xiáng;yǎng,洋
U+6D0C,liè,洌
U+6D0D,sì,洍
U+6D0E,jì,洎
U+6D0F,ér,洏
U+6D10,xíng,洐
U+6D11,fú;fù,洑
U+6D12,sǎ;xǐ;xiǎn;sěn;cuǐ;xùn,洒
U+6D13,sè;qì;zì,洓
U+6D14,zhǐ,洔
U+6D15,yìn,洕
U+6D16,wú,洖
U+6D17,xǐ;xiǎn,洗
U+6D18,kǎo;kào,洘
U+6D19,zhū,洙
U+6D1A,jiàng;hóng,洚
U+6D1B,luò,洛
U+6D1C,luò,洜
U+6D1D,àn;yàn;è,洝
U+6D1E,dòng;tóng,洞
U+6D1F,tì,洟
U+6D20,móu,洠
U+6D21,lèi;lěi,洡
U+6D22,yī,洢
U+6D23,mǐ,洣
U+6D24,quán,洤
U+6D25,jīn,津
U+6D26,pò,洦
U+6D27,wěi,洧
U+6D28,xiáo,洨
U+6D29,xiè;yì,洩
U+6D2A,hóng,洪
U+6D2B,xù;yì,洫
U+6D2C,sù;shuò,洬
U+6D2D,kuāng,洭
U+6D2E,táo;yáo;dào,洮
U+6D2F,qiè;jié,洯
U+6D30,jù,洰
U+6D31,ěr,洱
U+6D32,zhōu,洲
U+6D33,rù;rú,洳
U+6D34,píng;pēng,洴
U+6D35,xún;xuàn,洵
U+6D36,xiōng,洶
U+6D37,zhì,洷
U+6D38,guāng;huàng,洸
U+6D39,huán,洹
U+6D3A,míng,洺
U+6D3B,huó;guō,活
U+6D3C,wā;guī,洼
U+6D3D,qià;hé,洽
U+6D3E,pài;mài;bài;pā,派
U+6D3F,wū;hù,洿
U+6D40,qū,浀
U+6D41,liú,流
U+6D42,yì,浂
U+6D43,jiā,浃
U+6D44,jìng,浄
U+6D45,qiǎn;jiān,浅
U+6D46,jiāng;jiàng,浆
U+6D47,jiāo,浇
U+6D48,zhēn,浈
U+6D49,shī,浉
U+6D4A,zhuó,浊
U+6D4B,cè,测
U+6D4C,fá,浌
U+6D4D,huì;kuài,浍
U+6D4E,jì;jǐ,济
U+6D4F,liú,浏
U+6D50,chǎn,浐
U+6D51,hún,浑
U+6D52,hǔ;xǔ,浒
U+6D53,nóng,浓
U+6D54,xún,浔
U+6D55,jìn,浕
U+6D56,liè,浖
U+6D57,qiú,浗
U+6D58,wěi,浘
U+6D59,zhè,浙
U+6D5A,jùn;xùn;cún,浚
U+6D5B,hán;hàn;gān,浛
U+6D5C,bāng;bīn,浜
U+6D5D,máng,浝
U+6D5E,zhuó,浞
U+6D5F,yóu;dí,浟
U+6D60,xī,浠
U+6D61,bó,浡
U+6D62,dòu,浢
U+6D63,huàn,浣
U+6D64,hóng,浤
U+6D65,yì;yà,浥
U+6D66,pǔ,浦
U+6D67,yǐng;chéng;yíng;zhèng;yìng,浧
U+6D68,lǎn,浨
U+6D69,hào;gǎo;gé,浩
U+6D6A,làng;láng,浪
U+6D6B,hǎn,浫
U+6D6C,lǐ;hǎi,浬
U+6D6D,gēng,浭
U+6D6E,fú,浮
U+6D6F,wú,浯
U+6D70,liàn;lì,浰
U+6D71,chún,浱
U+6D72,féng;hóng,浲
U+6D73,yì,浳
U+6D74,yù,浴
U+6D75,tóng,浵
U+6D76,láo,浶
U+6D77,hǎi,海
U+6D78,jìn;qīn,浸
U+6D79,jiā;xiá,浹
U+6D7A,chōng,浺
U+6D7B,jiǒng;jiōng,浻
U+6D7C,měi,浼
U+6D7D,suī;něi,浽
U+6D7E,chēng,浾
U+6D7F,pèi,浿
U+6D80,xiàn;jiǎn,涀
U+6D81,shèn,涁
U+6D82,tú;chú;yé,涂
U+6D83,kùn,涃
U+6D84,pīng,涄
U+6D85,niè,涅
U+6D86,hàn,涆
U+6D87,jīng;qǐng,涇
U+6D88,xiāo,消
U+6D89,shè;dié,涉
U+6D8A,niǎn;rěn,涊
U+6D8B,tū,涋
U+6D8C,yǒng;chōng,涌
U+6D8D,xiào,涍
U+6D8E,xián;yàn;diàn,涎
U+6D8F,tǐng,涏
U+6D90,é,涐
U+6D91,sù;sōu;shù,涑
U+6D92,tūn;yūn,涒
U+6D93,juān;yuàn;xuàn,涓
U+6D94,cén;qián;zàn,涔
U+6D95,tì,涕
U+6D96,lì,涖
U+6D97,shuì,涗
U+6D98,sì,涘
U+6D99,lèi,涙
U+6D9A,shuì,涚
U+6D9B,tāo,涛
U+6D9C,dú,涜
U+6D9D,lào,涝
U+6D9E,lái,涞
U+6D9F,lián,涟
U+6DA0,wéi,涠
U+6DA1,wō;guō,涡
U+6DA2,yún,涢
U+6DA3,huàn;huì,涣
U+6DA4,dí,涤
U+6DA5,hēng,涥
U+6DA6,rùn,润
U+6DA7,jiàn,涧
U+6DA8,zhǎng;zhàng,涨
U+6DA9,sè,涩
U+6DAA,fú;póu,涪
U+6DAB,guàn,涫
U+6DAC,xìng,涬
U+6DAD,shòu;tāo,涭
U+6DAE,shuàn;shuā,涮
U+6DAF,yá,涯
U+6DB0,chuò,涰
U+6DB1,zhàng,涱
U+6DB2,yè;shì,液
U+6DB3,kōng;náng,涳
U+6DB4,wò;yuān;wǎn,涴
U+6DB5,hán;hàn,涵
U+6DB6,tuō;tuò,涶
U+6DB7,dōng,涷
U+6DB8,hé,涸
U+6DB9,wō,涹
U+6DBA,jū,涺
U+6DBB,shè,涻
U+6DBC,liáng;liàng,涼
U+6DBD,hūn;hùn,涽
U+6DBE,tà,涾
U+6DBF,zhuō;zhuó,涿
U+6DC0,diàn,淀
U+6DC1,qiè;jí,淁
U+6DC2,dé,淂
U+6DC3,juàn,淃
U+6DC4,zī,淄
U+6DC5,xī,淅
U+6DC6,xiáo,淆
U+6DC7,qí,淇
U+6DC8,gǔ;hù,淈
U+6DC9,guǒ;guàn,淉
U+6DCA,yān;hàn;yǎn;hán,淊
U+6DCB,lín;lìn,淋
U+6DCC,tǎng;chàng;chǎng,淌
U+6DCD,zhōu;diāo,淍
U+6DCE,pěng,淎
U+6DCF,hào,淏
U+6DD0,chāng,淐
U+6DD1,shū;chù,淑
U+6DD2,qī;qiàn,淒
U+6DD3,fāng,淓
U+6DD4,zhí,淔
U+6DD5,lù,淕
U+6DD6,nào;zhào;zhuō;chuò,淖
U+6DD7,jú,淗
U+6DD8,táo,淘
U+6DD9,cóng;shuàng,淙
U+6DDA,lèi;lì,淚
U+6DDB,zhè,淛
U+6DDC,píng;péng,淜
U+6DDD,féi,淝
U+6DDE,sōng,淞
U+6DDF,tiǎn,淟
U+6DE0,pì;pèi,淠
U+6DE1,dàn;yàn;tán,淡
U+6DE2,yù;xù,淢
U+6DE3,ní,淣
U+6DE4,yū,淤
U+6DE5,lù,淥
U+6DE6,gàn;hán,淦
U+6DE7,mì,淧
U+6DE8,jìng;chéng,淨
U+6DE9,líng,淩
U+6DEA,lún;lǔn;guān,淪
U+6DEB,yín;yàn;yáo,淫
U+6DEC,cuì;zú,淬
U+6DED,qú,淭
U+6DEE,huái,淮
U+6DEF,yù,淯
U+6DF0,niǎn;shěn;nà,淰
U+6DF1,shēn,深
U+6DF2,biāo;hū;hǔ,淲
U+6DF3,chún;zhūn;zhǔn,淳
U+6DF4,hū,淴
U+6DF5,yuān,淵
U+6DF6,lái,淶
U+6DF7,hùn;gǔn;hún;kūn,混
U+6DF8,qīng,淸
U+6DF9,yān;yǎn,淹
U+6DFA,qiǎn;jiān;jiàn;cán;zàn,淺
U+6DFB,tiān;tiàn,添
U+6DFC,miǎo,淼
U+6DFD,zhǐ,淽
U+6DFE,yǐn,淾
U+6DFF,bó,淿
U+6E00,bèn;bēn,渀
U+6E01,yuān,渁
U+6E02,wèn;mín,渂
U+6E03,ruò;rè,渃
U+6E04,fēi,渄
U+6E05,qīng;qìng,清
U+6E06,yuān,渆
U+6E07,kě,渇
U+6E08,jì,済
U+6E09,shè,渉
U+6E0A,yuān,渊
U+6E0B,sè,渋
U+6E0C,lù,渌
U+6E0D,zì,渍
U+6E0E,dú,渎
U+6E0F,yī,渏
U+6E10,jiàn;jiān,渐
U+6E11,miǎn;shéng,渑
U+6E12,pài,渒
U+6E13,xī,渓
U+6E14,yú,渔
U+6E15,yuān,渕
U+6E16,shěn,渖
U+6E17,shèn,渗
U+6E18,róu,渘
U+6E19,huàn,渙
U+6E1A,zhǔ,渚
U+6E1B,jiǎn,減
U+6E1C,nuǎn;nuán,渜
U+6E1D,yú;yū,渝
U+6E1E,qiú;wù,渞
U+6E1F,tíng;tīng,渟
U+6E20,qú;jù,渠
U+6E21,dù,渡
U+6E22,fán;féng,渢
U+6E23,zhā,渣
U+6E24,bó,渤
U+6E25,wò;òu;wū,渥
U+6E26,wō;guō,渦
U+6E27,dì;tí;dī,渧
U+6E28,wēi,渨
U+6E29,wēn;yùn,温
U+6E2A,rú,渪
U+6E2B,xiè;dié;zhá;yì;qiè,渫
U+6E2C,cè,測
U+6E2D,wèi,渭
U+6E2E,hé,渮
U+6E2F,gǎng;hòng,港
U+6E30,yǎn,渰
U+6E31,hóng;gòng,渱
U+6E32,xuàn,渲
U+6E33,mǐ,渳
U+6E34,kě;jié;kài;hé,渴
U+6E35,máo,渵
U+6E36,yīng,渶
U+6E37,yǎn,渷
U+6E38,yóu;liú,游
U+6E39,hōng;qìng,渹
U+6E3A,miǎo,渺
U+6E3B,shěng,渻
U+6E3C,měi,渼
U+6E3D,zāi,渽
U+6E3E,hún;hùn;gǔn,渾
U+6E3F,nài,渿
U+6E40,guǐ,湀
U+6E41,chì,湁
U+6E42,è,湂
U+6E43,pài;bá,湃
U+6E44,méi,湄
U+6E45,liàn;làn,湅
U+6E46,qì,湆
U+6E47,qì,湇
U+6E48,méi,湈
U+6E49,tián,湉
U+6E4A,còu,湊
U+6E4B,wéi,湋
U+6E4C,cān,湌
U+6E4D,tuān;zhuān,湍
U+6E4E,miǎn,湎
U+6E4F,huì;mǐn,湏
U+6E50,mò,湐
U+6E51,xū;xù;xǔ,湑
U+6E52,jí,湒
U+6E53,pén;pèn,湓
U+6E54,jiān;zàn;zhǎn;qián;jiàn,湔
U+6E55,jiǎn,湕
U+6E56,hú,湖
U+6E57,fèng,湗
U+6E58,xiāng,湘
U+6E59,yì,湙
U+6E5A,yìn,湚
U+6E5B,zhàn;chén;dān;tán;jìn;yǐn;chěn;yín;shèn,湛
U+6E5C,shí,湜
U+6E5D,jiē;xié,湝
U+6E5E,zhēn;chēng,湞
U+6E5F,huáng;kuàng,湟
U+6E60,tàn,湠
U+6E61,yú,湡
U+6E62,bì,湢
U+6E63,mǐn;hūn;miàn,湣
U+6E64,shī,湤
U+6E65,tū,湥
U+6E66,shēng,湦
U+6E67,yǒng,湧
U+6E68,jú,湨
U+6E69,dòng;dǒng;tóng,湩
U+6E6A,tuàn;nuǎn,湪
U+6E6B,jiǎo;qiū;jiù;jiū;jiāo,湫
U+6E6C,jiǎo,湬
U+6E6D,qiú,湭
U+6E6E,yān;yīn,湮
U+6E6F,tāng;tàng;shāng;yáng,湯
U+6E70,lóng,湰
U+6E71,huò,湱
U+6E72,yuán,湲
U+6E73,nǎn,湳
U+6E74,bàn;pán,湴
U+6E75,yǒu,湵
U+6E76,quán,湶
U+6E77,zhuāng;hún,湷
U+6E78,liàng,湸
U+6E79,chán,湹
U+6E7A,xián,湺
U+6E7B,chún,湻
U+6E7C,niè,湼
U+6E7D,zī,湽
U+6E7E,wān,湾
U+6E7F,shī,湿
U+6E80,mǎn,満
U+6E81,yíng,溁
U+6E82,là,溂
U+6E83,kuì;huì,溃
U+6E84,féng,溄
U+6E85,jiàn;jiān,溅
U+6E86,xù,溆
U+6E87,lóu,溇
U+6E88,wéi,溈
U+6E89,gài;xiè,溉
U+6E8A,bō,溊
U+6E8B,yíng,溋
U+6E8C,pō,溌
U+6E8D,jìn,溍
U+6E8E,yàn;guì,溎
U+6E8F,táng,溏
U+6E90,yuán,源
U+6E91,suǒ,溑
U+6E92,yuán,溒
U+6E93,lián;liǎn;xián;xiàn;nián;lín,溓
U+6E94,yǎo,溔
U+6E95,méng,溕
U+6E96,zhǔn;zhuó,準
U+6E97,chéng,溗
U+6E98,kè;kài,溘
U+6E99,tài,溙
U+6E9A,tǎ;dá,溚
U+6E9B,wā,溛
U+6E9C,liū;liù;liú,溜
U+6E9D,gōu;gǎng;kòu,溝
U+6E9E,sāo,溞
U+6E9F,míng;mǐng;mì,溟
U+6EA0,zhà;zhā,溠
U+6EA1,shí,溡
U+6EA2,yì,溢
U+6EA3,lùn,溣
U+6EA4,mǎ,溤
U+6EA5,pǔ;fū;bù;bó;pò,溥
U+6EA6,wēi;méi,溦
U+6EA7,lì,溧
U+6EA8,zāi,溨
U+6EA9,wù,溩
U+6EAA,xī;qī,溪
U+6EAB,wēn,溫
U+6EAC,qiāng,溬
U+6EAD,zé,溭
U+6EAE,shī,溮
U+6EAF,sù;shuò,溯
U+6EB0,ái,溰
U+6EB1,qín;zhēn,溱
U+6EB2,sōu;sǒu;shāo,溲
U+6EB3,yún;yǔn,溳
U+6EB4,xiù;chòu,溴
U+6EB5,yīn,溵
U+6EB6,róng,溶
U+6EB7,hùn;hún,溷
U+6EB8,sù,溸
U+6EB9,suò;suǒ;sè,溹
U+6EBA,nì;ruò;niào,溺
U+6EBB,tā,溻
U+6EBC,shī,溼
U+6EBD,rù;rú,溽
U+6EBE,āi,溾
U+6EBF,pàn,溿
U+6EC0,chù;xù,滀
U+6EC1,chú,滁
U+6EC2,pāng;pēng,滂
U+6EC3,wēng;wěng,滃
U+6EC4,cāng,滄
U+6EC5,miè,滅
U+6EC6,gé,滆
U+6EC7,diān;tián;zhēn,滇
U+6EC8,hào;xuè,滈
U+6EC9,huàng,滉
U+6ECA,xì;xiē;qì,滊
U+6ECB,zī;cí;xuán,滋
U+6ECC,dí,滌
U+6ECD,zhì,滍
U+6ECE,xíng;yīng;yíng,滎
U+6ECF,fǔ,滏
U+6ED0,jié,滐
U+6ED1,huá;gǔ,滑
U+6ED2,gē,滒
U+6ED3,zǐ,滓
U+6ED4,tāo,滔
U+6ED5,téng,滕
U+6ED6,suī,滖
U+6ED7,bì,滗
U+6ED8,jiào,滘
U+6ED9,huì,滙
U+6EDA,gǔn,滚
U+6EDB,yín,滛
U+6EDC,gāo,滜
U+6EDD,lóng,滝
U+6EDE,zhì,滞
U+6EDF,yàn,滟
U+6EE0,shè,滠
U+6EE1,mǎn,满
U+6EE2,yíng,滢
U+6EE3,chún,滣
U+6EE4,lǜ,滤
U+6EE5,làn,滥
U+6EE6,luán,滦
U+6EE7,yáo;xiào,滧
U+6EE8,bīn,滨
U+6EE9,tān,滩
U+6EEA,yù,滪
U+6EEB,xiǔ,滫
U+6EEC,hù,滬
U+6EED,bì,滭
U+6EEE,biāo,滮
U+6EEF,zhì;chì,滯
U+6EF0,jiàng,滰
U+6EF1,kòu,滱
U+6EF2,shèn;sēn;qīn;lín,滲
U+6EF3,shāng,滳
U+6EF4,dī,滴
U+6EF5,mì,滵
U+6EF6,áo,滶
U+6EF7,lǔ,滷
U+6EF8,hǔ;xǔ,滸
U+6EF9,hū;hǔ,滹
U+6EFA,yōu,滺
U+6EFB,chǎn,滻
U+6EFC,fàn,滼
U+6EFD,yōng,滽
U+6EFE,gǔn,滾
U+6EFF,mǎn;mèn,滿
U+6F00,qǐng;qīng,漀
U+6F01,yú,漁
U+6F02,piāo;piào;piǎo;biāo,漂
U+6F03,jì,漃
U+6F04,yá,漄
U+6F05,cháo,漅
U+6F06,qī;qiè,漆
U+6F07,xǐ,漇
U+6F08,jì,漈
U+6F09,lù,漉
U+6F0A,lóu;lǚ;lǒu,漊
U+6F0B,lóng,漋
U+6F0C,jǐn,漌
U+6F0D,guó,漍
U+6F0E,cóng;sǒng,漎
U+6F0F,lòu;lóu,漏
U+6F10,zhí,漐
U+6F11,gài,漑
U+6F12,qiáng,漒
U+6F13,lí,漓
U+6F14,yǎn;yàn,演
U+6F15,cáo;cào,漕
U+6F16,jiào,漖
U+6F17,cōng,漗
U+6F18,chún,漘
U+6F19,tuán;zhuān,漙
U+6F1A,ōu;òu,漚
U+6F1B,téng,漛
U+6F1C,yě,漜
U+6F1D,xí,漝
U+6F1E,mì,漞
U+6F1F,táng,漟
U+6F20,mò,漠
U+6F21,shāng;tàng,漡
U+6F22,hàn;tān,漢
U+6F23,lián;lán,漣
U+6F24,lǎn,漤
U+6F25,wā,漥
U+6F26,chí;tāi,漦
U+6F27,gān,漧
U+6F28,féng;péng;běng,漨
U+6F29,xuán,漩
U+6F2A,yī,漪
U+6F2B,màn,漫
U+6F2C,zì;sè;qì,漬
U+6F2D,mǎng,漭
U+6F2E,kāng,漮
U+6F2F,luò;tà;lěi,漯
U+6F30,pēng,漰
U+6F31,shù,漱
U+6F32,zhǎng;zhàng;zhāng,漲
U+6F33,zhāng,漳
U+6F34,zhuàng;chóng;shuāng;chuáng,漴
U+6F35,xù,漵
U+6F36,huàn,漶
U+6F37,huǒ;kuò;huò,漷
U+6F38,jiàn;jiān;qián;chán,漸
U+6F39,yān,漹
U+6F3A,shuǎng;chuǎng,漺
U+6F3B,liáo;xiào;liú,漻
U+6F3C,cuǐ;cuī,漼
U+6F3D,tí,漽
U+6F3E,yàng,漾
U+6F3F,jiāng;jiàng,漿
U+6F40,cóng,潀
U+6F41,yǐng,潁
U+6F42,hóng,潂
U+6F43,xiǔ,潃
U+6F44,shù,潄
U+6F45,guàn,潅
U+6F46,yíng,潆
U+6F47,xiāo,潇
U+6F48,zong,潈
U+6F49,kūn,潉
U+6F4A,xù,潊
U+6F4B,liàn,潋
U+6F4C,zhì,潌
U+6F4D,wéi,潍
U+6F4E,pì;piē;piào,潎
U+6F4F,yù;jué;shù,潏
U+6F50,jiào;jiǎo;qiáo,潐
U+6F51,pō;bō,潑
U+6F52,dàng;xiàng;yǎng,潒
U+6F53,huì,潓
U+6F54,jié,潔
U+6F55,wǔ,潕
U+6F56,pá,潖
U+6F57,jí,潗
U+6F58,pān;pàn;bō;pán;fān,潘
U+6F59,wéi;guī,潙
U+6F5A,sù;xiāo;sōu,潚
U+6F5B,qián,潛
U+6F5C,qián,潜
U+6F5D,xī;yà,潝
U+6F5E,lù,潞
U+6F5F,xì,潟
U+6F60,xùn;sùn,潠
U+6F61,dùn,潡
U+6F62,huáng;huàng;guāng,潢
U+6F63,mǐn,潣
U+6F64,rùn,潤
U+6F65,sù,潥
U+6F66,lǎo;liáo;lào;láo;liǎo,潦
U+6F67,zhēn,潧
U+6F68,cóng;zōng,潨
U+6F69,yì,潩
U+6F6A,zhè;zhì,潪
U+6F6B,wān,潫
U+6F6C,shàn;tān,潬
U+6F6D,tán;xún;yǐn;dàn,潭
U+6F6E,cháo,潮
U+6F6F,xún;yín,潯
U+6F70,kuì;xiè,潰
U+6F71,yē,潱
U+6F72,shào,潲
U+6F73,tú;zhā,潳
U+6F74,zhū,潴
U+6F75,sǎ;sàn,潵
U+6F76,hēi,潶
U+6F77,bì,潷
U+6F78,shān,潸
U+6F79,chán,潹
U+6F7A,chán,潺
U+6F7B,shǔ,潻
U+6F7C,tóng;chōng;zhōng,潼
U+6F7D,pū;pǔ,潽
U+6F7E,lín,潾
U+6F7F,wéi,潿
U+6F80,sè,澀
U+6F81,sè,澁
U+6F82,chéng,澂
U+6F83,jiǒng,澃
U+6F84,chéng;dèng,澄
U+6F85,huà,澅
U+6F86,jiāo;ào;nào,澆
U+6F87,lào;láo,澇
U+6F88,chè,澈
U+6F89,gǎn;hàn,澉
U+6F8A,cūn;cún,澊
U+6F8B,hòng,澋
U+6F8C,sī,澌
U+6F8D,shù;zhù,澍
U+6F8E,pēng;péng,澎
U+6F8F,hán,澏
U+6F90,yún,澐
U+6F91,liù,澑
U+6F92,hòng,澒
U+6F93,fú,澓
U+6F94,hào,澔
U+6F95,hé,澕
U+6F96,xián,澖
U+6F97,jiàn,澗
U+6F98,shān,澘
U+6F99,xì,澙
U+6F9A,yu,澚
U+6F9B,lǔ,澛
U+6F9C,lán,澜
U+6F9D,nìng,澝
U+6F9E,yú,澞
U+6F9F,lǐn,澟
U+6FA0,miǎn;shéng,澠
U+6FA1,zǎo;cāo,澡
U+6FA2,dāng,澢
U+6FA3,huàn;hàn,澣
U+6FA4,zé;shì;yì;duó,澤
U+6FA5,xiè,澥
U+6FA6,yù,澦
U+6FA7,lǐ,澧
U+6FA8,shì;cuó,澨
U+6FA9,xué;xiào,澩
U+6FAA,líng,澪
U+6FAB,wàn;màn;ǒu,澫
U+6FAC,zī;cí,澬
U+6FAD,yōng;yǒng,澭
U+6FAE,huì;kuài;huá,澮
U+6FAF,càn,澯
U+6FB0,liàn,澰
U+6FB1,diàn,澱
U+6FB2,yè,澲
U+6FB3,ào;yù,澳
U+6FB4,huán;xuàn,澴
U+6FB5,zhēn,澵
U+6FB6,chán;dàn;zhān,澶
U+6FB7,màn,澷
U+6FB8,dǎn,澸
U+6FB9,dàn;tán;dān;shàn,澹
U+6FBA,yì,澺
U+6FBB,suì,澻
U+6FBC,pì,澼
U+6FBD,jù,澽
U+6FBE,tà,澾
U+6FBF,qín,澿
U+6FC0,jī;jiào;jiāo,激
U+6FC1,zhuó,濁
U+6FC2,lián;xiǎn,濂
U+6FC3,nóng,濃
U+6FC4,guō;wō,濄
U+6FC5,jìn,濅
U+6FC6,fén;pēn,濆
U+6FC7,sè,濇
U+6FC8,jí;shà,濈
U+6FC9,suī,濉
U+6FCA,huì;wèi;huò,濊
U+6FCB,chǔ,濋
U+6FCC,tà,濌
U+6FCD,sōng,濍
U+6FCE,dǐng;tìng,濎
U+6FCF,sè,濏
U+6FD0,zhǔ,濐
U+6FD1,lài,濑
U+6FD2,bīn,濒
U+6FD3,lián,濓
U+6FD4,mǐ;mí;nǐ,濔
U+6FD5,shī;tà;xí,濕
U+6FD6,shù,濖
U+6FD7,mì,濗
U+6FD8,nìng;níng;nì,濘
U+6FD9,yíng,濙
U+6FDA,yíng,濚
U+6FDB,méng,濛
U+6FDC,jìn;jīn,濜
U+6FDD,qí,濝
U+6FDE,bì;pì,濞
U+6FDF,jì;jǐ;qí,濟
U+6FE0,háo,濠
U+6FE1,rú;ruǎn;ér;nuán;nuò,濡
U+6FE2,cuì;zuǐ,濢
U+6FE3,wò,濣
U+6FE4,tāo;cháo;shòu;dào,濤
U+6FE5,yǐn,濥
U+6FE6,yǐn,濦
U+6FE7,duì,濧
U+6FE8,cí,濨
U+6FE9,huò;hù,濩
U+6FEA,qìng,濪
U+6FEB,làn;jiàn;lǎn;lán,濫
U+6FEC,jùn;xùn,濬
U+6FED,ǎi;kài;kè,濭
U+6FEE,pú,濮
U+6FEF,zhuó;shuò;zhào,濯
U+6FF0,wéi,濰
U+6FF1,bīn,濱
U+6FF2,gǔ,濲
U+6FF3,qián,濳
U+6FF4,yíng,濴
U+6FF5,bīn,濵
U+6FF6,kuò,濶
U+6FF7,fèi,濷
U+6FF8,cāng,濸
U+6FF9,me,濹
U+6FFA,jiàn;jiān;zàn,濺
U+6FFB,wěi,濻
U+6FFC,luò;pō;lì,濼
U+6FFD,zàn,濽
U+6FFE,lǜ,濾
U+6FFF,lì,濿
U+7000,yōu,瀀
U+7001,yàng;yǎng,瀁
U+7002,lǔ,瀂
U+7003,sì,瀃
U+7004,zhì,瀄
U+7005,yíng;yìng;jiōng,瀅
U+7006,dú;dòu,瀆
U+7007,wǎng;wāng,瀇
U+7008,huī,瀈
U+7009,xiè,瀉
U+700A,pán,瀊
U+700B,shěn;chèn;pán,瀋
U+700C,biāo,瀌
U+700D,chán,瀍
U+700E,mò;miè,瀎
U+700F,liú;liū,瀏
U+7010,jiān,瀐
U+7011,pù;bào;bó,瀑
U+7012,sè,瀒
U+7013,chéng,瀓
U+7014,gǔ,瀔
U+7015,bīn,瀕
U+7016,huò,瀖
U+7017,xiàn,瀗
U+7018,lú,瀘
U+7019,qìn,瀙
U+701A,hàn,瀚
U+701B,yíng,瀛
U+701C,róng,瀜
U+701D,lì,瀝
U+701E,jìng,瀞
U+701F,xiāo,瀟
U+7020,yíng,瀠
U+7021,suǐ,瀡
U+7022,wěi;duì,瀢
U+7023,xiè,瀣
U+7024,huái;wāi,瀤
U+7025,xuè,瀥
U+7026,zhū,瀦
U+7027,lóng;shuāng,瀧
U+7028,lài,瀨
U+7029,duì,瀩
U+702A,fán,瀪
U+702B,hú,瀫
U+702C,lài,瀬
U+702D,shū,瀭
U+702E,ling,瀮
U+702F,yíng,瀯
U+7030,mí;mǐ;nǐ,瀰
U+7031,jì,瀱
U+7032,liàn,瀲
U+7033,jiàn;zùn,瀳
U+7034,yíng;yǐng;yìng,瀴
U+7035,fèn,瀵
U+7036,lín,瀶
U+7037,yì,瀷
U+7038,jiān,瀸
U+7039,yuè;yào,瀹
U+703A,chán,瀺
U+703B,dài,瀻
U+703C,ráng;ràng;nǎng,瀼
U+703D,jiǎn,瀽
U+703E,lán,瀾
U+703F,fán,瀿
U+7040,shuàng,灀
U+7041,yuān,灁
U+7042,zhuó;zé;jiào,灂
U+7043,fēng,灃
U+7044,shè;nì,灄
U+7045,lěi,灅
U+7046,lán,灆
U+7047,cóng,灇
U+7048,qú,灈
U+7049,yōng,灉
U+704A,qián,灊
U+704B,fǎ,灋
U+704C,guàn;huàn,灌
U+704D,jué,灍
U+704E,yàn,灎
U+704F,hào,灏
U+7050,yíng,灐
U+7051,sǎ;xiǎn;xǐ;lí;shī,灑
U+7052,zàn;cuán;qián;zā,灒
U+7053,luán;luàn,灓
U+7054,yàn,灔
U+7055,lí,灕
U+7056,mǐ,灖
U+7057,shàn,灗
U+7058,tān;hàn;nàn,灘
U+7059,dǎng,灙
U+705A,jiǎo,灚
U+705B,chǎn,灛
U+705C,yíng,灜
U+705D,hào,灝
U+705E,bà,灞
U+705F,zhú,灟
U+7060,lǎn;làn,灠
U+7061,lán,灡
U+7062,nǎng,灢
U+7063,wān,灣
U+7064,luán,灤
U+7065,xún;quán;quàn,灥
U+7066,xiǎn,灦
U+7067,yàn,灧
U+7068,gàn,灨
U+7069,yàn,灩
U+706A,yù,灪
U+706B,huǒ;huō,火
U+706C,biāo;huǒ,灬
U+706D,miè,灭
U+706E,guāng,灮
U+706F,dēng;dīng,灯
U+7070,huī,灰
U+7071,xiāo,灱
U+7072,xiāo,灲
U+7073,huī,灳
U+7074,hōng,灴
U+7075,líng,灵
U+7076,zào,灶
U+7077,zhuàn,灷
U+7078,jiǔ,灸
U+7079,zhà;yù,灹
U+707A,xiè,灺
U+707B,chì,灻
U+707C,zhuó,灼
U+707D,zāi,災
U+707E,zāi,灾
U+707F,càn,灿
U+7080,yáng,炀
U+7081,qì,炁
U+7082,zhōng,炂
U+7083,fén;bèn,炃
U+7084,niǔ,炄
U+7085,jiǒng;guì,炅
U+7086,wén,炆
U+7087,pū,炇
U+7088,yì,炈
U+7089,lú,炉
U+708A,chuī,炊
U+708B,pī,炋
U+708C,kài,炌
U+708D,pàn,炍
U+708E,yán;yàn;tán,炎
U+708F,kài;yán,炏
U+7090,pàng;fēng,炐
U+7091,mù,炑
U+7092,chǎo,炒
U+7093,liào,炓
U+7094,guì;quē;xuè,炔
U+7095,kàng;hāng,炕
U+7096,dùn;tún,炖
U+7097,guāng,炗
U+7098,xīn,炘
U+7099,zhì,炙
U+709A,guāng,炚
U+709B,guāng,炛
U+709C,wěi,炜
U+709D,qiàng,炝
U+709E,bian,炞
U+709F,dá,炟
U+70A0,xiá,炠
U+70A1,zhēng,炡
U+70A2,zhú,炢
U+70A3,kě,炣
U+70A4,zhào;zhāo;zhǎo,炤
U+70A5,fú,炥
U+70A6,bá,炦
U+70A7,xiè,炧
U+70A8,xiè,炨
U+70A9,lìng,炩
U+70AA,zhuō;chù,炪
U+70AB,xuàn,炫
U+70AC,jù,炬
U+70AD,tàn,炭
U+70AE,pào;bāo;páo,炮
U+70AF,jiǒng,炯
U+70B0,páo;fǒu,炰
U+70B1,tái,炱
U+70B2,tái,炲
U+70B3,bǐng,炳
U+70B4,yǎng,炴
U+70B5,tōng,炵
U+70B6,shǎn,炶
U+70B7,zhù,炷
U+70B8,zhà;zhá,炸
U+70B9,diǎn,点
U+70BA,wèi;wéi,為
U+70BB,shí,炻
U+70BC,liàn,炼
U+70BD,chì,炽
U+70BE,huǎng,炾
U+70BF,zhōu,炿
U+70C0,hū,烀
U+70C1,shuò,烁
U+70C2,làn,烂
U+70C3,tīng,烃
U+70C4,jiǎo;yào,烄
U+70C5,xù,烅
U+70C6,héng,烆
U+70C7,quǎn,烇
U+70C8,liè,烈
U+70C9,huàn,烉
U+70CA,yáng;yàng,烊
U+70CB,xiū;xiāo,烋
U+70CC,xiū,烌
U+70CD,xiǎn,烍
U+70CE,yín,烎
U+70CF,wū;yā;wù,烏
U+70D0,zhōu,烐
U+70D1,yáo,烑
U+70D2,shì,烒
U+70D3,wēi,烓
U+70D4,tóng;dòng,烔
U+70D5,miè,烕
U+70D6,zāi,烖
U+70D7,kài,烗
U+70D8,hōng,烘
U+70D9,lào;luò,烙
U+70DA,xiá,烚
U+70DB,zhú;chóng,烛
U+70DC,xuǎn;xuān;huǐ,烜
U+70DD,zhēng,烝
U+70DE,pò,烞
U+70DF,yān;yīn,烟
U+70E0,huí;huǐ;ǎi,烠
U+70E1,guāng,烡
U+70E2,chè,烢
U+70E3,huī,烣
U+70E4,kǎo,烤
U+70E5,jù,烥
U+70E6,fán,烦
U+70E7,shāo,烧
U+70E8,yè,烨
U+70E9,huì,烩
U+70EB,tàng,烫
U+70EC,jìn,烬
U+70ED,rè,热
U+70EE,liè,烮
U+70EF,xī,烯
U+70F0,fú;fū,烰
U+70F1,jiǒng,烱
U+70F2,xiè;chè,烲
U+70F3,pǔ,烳
U+70F4,tīng;jǐng,烴
U+70F5,zhuó,烵
U+70F6,tǐng,烶
U+70F7,wán,烷
U+70F8,hǎi,烸
U+70F9,pēng,烹
U+70FA,lǎng,烺
U+70FB,yàn;shān,烻
U+70FC,xù,烼
U+70FD,fēng,烽
U+70FE,chì,烾
U+70FF,róng,烿
U+7100,hú,焀
U+7101,xī,焁
U+7102,shū,焂
U+7103,hè;huò,焃
U+7104,xūn;hūn,焄
U+7105,kù;kào,焅
U+7106,juān;yè;yuè;yuān,焆
U+7107,xiāo,焇
U+7108,xī,焈
U+7109,yān;yí,焉
U+710A,hàn,焊
U+710B,zhuàng,焋
U+710C,jùn;qū,焌
U+710D,dì,焍
U+710E,xiè,焎
U+710F,jí;qì,焏
U+7110,wù,焐
U+7111,yān,焑
U+7112,lǚ,焒
U+7113,hán,焓
U+7114,yàn,焔
U+7115,huàn,焕
U+7116,mèn,焖
U+7117,jú,焗
U+7118,dào;tāo,焘
U+7119,bèi,焙
U+711A,fén;fèn,焚
U+711B,lìn,焛
U+711C,kūn,焜
U+711D,hùn,焝
U+711E,tūn;tuī;jùn,焞
U+711F,xī,焟
U+7120,cuì,焠
U+7121,wú;mó,無
U+7122,hōng,焢
U+7123,chǎo;jù,焣
U+7124,fǔ,焤
U+7125,wò;ài,焥
U+7126,jiāo;qiáo,焦
U+7127,cōng,焧
U+7128,fèng,焨
U+7129,píng,焩
U+712A,qióng,焪
U+712B,ruò;rè,焫
U+712C,xī;yì,焬
U+712D,qióng,焭
U+712E,xìn,焮
U+712F,chāo;zhuō;zhuó;chuò,焯
U+7130,yàn,焰
U+7131,yàn;yì,焱
U+7132,yì,焲
U+7133,jué,焳
U+7134,yù,焴
U+7135,gàng,焵
U+7136,rán,然
U+7137,pí,焷
U+7138,xiòng;yīng;gǔ,焸
U+7139,gàng,焹
U+713A,shēng,焺
U+713B,chàng;guā,焻
U+713C,shāo,焼
U+713D,xiǒng,焽
U+713E,niǎn,焾
U+713F,gēng,焿
U+7140,wei,煀
U+7141,chén,煁
U+7142,hè,煂
U+7143,kuǐ,煃
U+7144,zhǒng,煄
U+7145,duàn,煅
U+7146,xiā;xià,煆
U+7147,huī;hún;yùn;xūn;xuàn,煇
U+7148,fèng,煈
U+7149,liàn;làn,煉
U+714A,xuān,煊
U+714B,xīng,煋
U+714C,huáng,煌
U+714D,jiǎo,煍
U+714E,jiān;jiàn;jiǎn,煎
U+714F,bì,煏
U+7150,yīng,煐
U+7151,zhǔ,煑
U+7152,wěi;huī,煒
U+7153,tuān,煓
U+7154,shǎn;qián;shān,煔
U+7155,xī,煕
U+7156,nuǎn;xuān,煖
U+7157,nuǎn,煗
U+7158,chán,煘
U+7159,yān,煙
U+715A,jiǒng,煚
U+715B,jiǒng,煛
U+715C,yù,煜
U+715D,mèi,煝
U+715E,shā;shà,煞
U+715F,wèi,煟
U+7160,zhá;yè,煠
U+7161,jìn,煡
U+7162,qióng,煢
U+7163,róu;rǒu,煣
U+7164,méi,煤
U+7165,huàn,煥
U+7166,xù;xiū,煦
U+7167,zhào,照
U+7168,wēi;yù,煨
U+7169,fán,煩
U+716A,qiú,煪
U+716B,suì,煫
U+716C,yáng;yàng,煬
U+716D,liè,煭
U+716E,zhǔ,煮
U+716F,jiē,煯
U+7170,zào,煰
U+7171,guā,煱
U+7172,bāo,煲
U+7173,hú,煳
U+7174,yūn;yùn;wěn,煴
U+7175,nǎn,煵
U+7176,shì,煶
U+7177,liang,煷
U+7178,biān,煸
U+7179,gòu,煹
U+717A,tuì,煺
U+717B,táng,煻
U+717C,chǎo,煼
U+717D,shān,煽
U+717E,ēn;yūn,煾
U+717F,bó,煿
U+7180,huǎng;yè,熀
U+7181,xié,熁
U+7182,xì,熂
U+7183,wù,熃
U+7184,xī,熄
U+7185,yùn,熅
U+7186,hé,熆
U+7187,hè;xiāo;kǎo;kào,熇
U+7188,xī,熈
U+7189,yún,熉
U+718A,xióng,熊
U+718B,nái,熋
U+718C,shǎn,熌
U+718D,qióng,熍
U+718E,yào,熎
U+718F,xūn;xùn,熏
U+7190,mì,熐
U+7191,lián;qiān,熑
U+7192,yíng;xíng;jiǒng,熒
U+7193,wǔ,熓
U+7194,róng,熔
U+7195,gōng,熕
U+7196,yàn,熖
U+7197,qiàng,熗
U+7198,liū,熘
U+7199,xī;yí,熙
U+719A,bì,熚
U+719B,biāo,熛
U+719C,cōng;zǒng,熜
U+719D,lù;āo,熝
U+719E,jiān,熞
U+719F,shú;shóu,熟
U+71A0,yì,熠
U+71A1,lóu,熡
U+71A2,péng;bèng;fēng,熢
U+71A3,suī;cuǐ,熣
U+71A4,yì,熤
U+71A5,tēng;tōng,熥
U+71A6,jué,熦
U+71A7,zōng,熧
U+71A8,yùn;yù;wèi,熨
U+71A9,hù,熩
U+71AA,yí,熪
U+71AB,zhì,熫
U+71AC,áo;āo,熬
U+71AD,wèi,熭
U+71AE,liǔ,熮
U+71AF,hàn;rǎn,熯
U+71B0,ōu;òu,熰
U+71B1,rè,熱
U+71B2,jiǒng,熲
U+71B3,màn,熳
U+71B4,kūn,熴
U+71B5,shāng,熵
U+71B6,cuàn,熶
U+71B7,zēng,熷
U+71B8,jiān,熸
U+71B9,xī,熹
U+71BA,xī,熺
U+71BB,xī,熻
U+71BC,yì,熼
U+71BD,xiào,熽
U+71BE,chì,熾
U+71BF,huáng;huǎng,熿
U+71C0,chǎn;dǎn;chàn,燀
U+71C1,yè,燁
U+71C2,tán;xún;qián,燂
U+71C3,rán,燃
U+71C4,yàn,燄
U+71C5,xún,燅
U+71C6,qiāo;xiāo,燆
U+71C7,jùn,燇
U+71C8,dēng,燈
U+71C9,dùn;tún;dūn,燉
U+71CA,shēn,燊
U+71CB,jiāo;qiáo;jué;zhuó,燋
U+71CC,fén;bèn,燌
U+71CD,sī;xī,燍
U+71CE,liáo;liǎo;liào,燎
U+71CF,yù,燏
U+71D0,lín,燐
U+71D1,tóng,燑
U+71D2,shāo;shào,燒
U+71D3,fén,燓
U+71D4,fán;fén,燔
U+71D5,yàn;yān,燕
U+71D6,xún;qián,燖
U+71D7,làn,燗
U+71D8,měi,燘
U+71D9,tàng;dàng,燙
U+71DA,yì,燚
U+71DB,jiǒng,燛
U+71DC,mèn,燜
U+71DD,jing,燝
U+71DE,jiǎo,燞
U+71DF,yíng;cuō,營
U+71E0,yù;ào,燠
U+71E1,yì,燡
U+71E2,xué,燢
U+71E3,lán,燣
U+71E4,tài;liè,燤
U+71E5,zào;sào,燥
U+71E6,càn,燦
U+71E7,suì,燧
U+71E8,xī,燨
U+71E9,què,燩
U+71EA,zǒng,燪
U+71EB,lián,燫
U+71EC,huǐ,燬
U+71ED,zhú;kuò,燭
U+71EE,xiè,燮
U+71EF,líng,燯
U+71F0,wēi,燰
U+71F1,yì,燱
U+71F2,xié,燲
U+71F3,zhào,燳
U+71F4,huì,燴
U+71F5,dá,燵
U+71F6,nóng,燶
U+71F7,lán,燷
U+71F8,rú;ruǎn,燸
U+71F9,xiǎn;bìng,燹
U+71FA,hè,燺
U+71FB,xūn,燻
U+71FC,jìn,燼
U+71FD,chóu,燽
U+71FE,dào;tāo,燾
U+71FF,yào;shuò;shào,燿
U+7200,hè,爀
U+7201,làn,爁
U+7202,biāo,爂
U+7203,róng,爃
U+7204,lì;liè,爄
U+7205,mò,爅
U+7206,bào;bó,爆
U+7207,ruò,爇
U+7208,lǜ,爈
U+7209,là;liè,爉
U+720A,āo,爊
U+720B,xūn,爋
U+720C,kuàng;huǎng;kuǎng,爌
U+720D,shuò;luò;yuè,爍
U+720E,liáo,爎
U+720F,lì,爏
U+7210,lú,爐
U+7211,jué,爑
U+7212,liǎo,爒
U+7213,yàn;xún,爓
U+7214,xī,爔
U+7215,xiè,爕
U+7216,lóng,爖
U+7217,yè,爗
U+7218,cān,爘
U+7219,rǎng,爙
U+721A,yuè,爚
U+721B,làn,爛
U+721C,cóng,爜
U+721D,jué;jiào,爝
U+721E,chóng;tóng,爞
U+721F,guàn,爟
U+7220,ju,爠
U+7221,chè,爡
U+7222,mí,爢
U+7223,tǎng,爣
U+7224,làn,爤
U+7225,zhú,爥
U+7226,lǎn,爦
U+7227,líng,爧
U+7228,cuàn,爨
U+7229,yù,爩
U+722A,zhǎo;zhuǎ,爪
U+722B,zhǎo,爫
U+722C,pá,爬
U+722D,zhēng;zhèng,爭
U+722E,páo,爮
U+722F,chēng;chèng,爯
U+7230,yuán,爰
U+7231,ài,爱
U+7232,wèi;wéi,爲
U+7233,han,爳
U+7234,jué,爴
U+7235,jué,爵
U+7236,fù;fǔ,父
U+7237,yé,爷
U+7238,bà,爸
U+7239,diē,爹
U+723A,yé,爺
U+723B,yáo;xiào,爻
U+723C,zǔ,爼
U+723D,shuǎng;shuāng,爽
U+723E,ěr;mǐ;nǐ,爾
U+723F,pán;qiáng,爿
U+7240,chuáng,牀
U+7241,kē,牁
U+7242,zāng,牂
U+7243,dié,牃
U+7244,qiāng,牄
U+7245,yōng,牅
U+7246,qiáng,牆
U+7247,piàn;piān;pàn,片
U+7248,bǎn,版
U+7249,pàn,牉
U+724A,cháo,牊
U+724B,jiān,牋
U+724C,pái,牌
U+724D,dú,牍
U+724E,chuāng,牎
U+724F,yú,牏
U+7250,zhá,牐
U+7251,biān;miàn,牑
U+7252,dié,牒
U+7253,bǎng;pāng,牓
U+7254,bó,牔
U+7255,chuāng,牕
U+7256,yǒu,牖
U+7257,yǒu,牗
U+7258,dú,牘
U+7259,yá;yà,牙
U+725A,chēng;chèng,牚
U+725B,niú,牛
U+725C,niú,牜
U+725D,pìn,牝
U+725E,jiū;lè,牞
U+725F,móu;mù;mào,牟
U+7260,tā;tuó,牠
U+7261,mǔ,牡
U+7262,láo;lào;lóu,牢
U+7263,rèn,牣
U+7264,māng,牤
U+7265,fāng,牥
U+7266,máo,牦
U+7267,mù,牧
U+7268,gāng,牨
U+7269,wù,物
U+726A,yàn,牪
U+726B,gē;qiú;zāng,牫
U+726C,bèi,牬
U+726D,sì,牭
U+726E,jiàn,牮
U+726F,gǔ,牯
U+7270,yòu;chōu,牰
U+7271,gē,牱
U+7272,shēng,牲
U+7273,mǔ,牳
U+7274,dǐ;dī;zhāi,牴
U+7275,qiān,牵
U+7276,quàn,牶
U+7277,quán,牷
U+7278,zì,牸
U+7279,tè,特
U+727A,xī,牺
U+727B,máng,牻
U+727C,kēng,牼
U+727D,qiān;qiàn,牽
U+727E,wǔ;wú,牾
U+727F,gù,牿
U+7280,xī,犀
U+7281,lí,犁
U+7282,lí,犂
U+7283,pǒu,犃
U+7284,jī;yī,犄
U+7285,gāng,犅
U+7286,zhí;tè,犆
U+7287,bēn,犇
U+7288,quán,犈
U+7289,chún,犉
U+728A,dú,犊
U+728B,jù,犋
U+728C,jiā,犌
U+728D,jiān;qián;jiǎn,犍
U+728E,fēng,犎
U+728F,piān,犏
U+7290,kē,犐
U+7291,jú,犑
U+7292,kào,犒
U+7293,chú,犓
U+7294,xì,犔
U+7295,bèi,犕
U+7296,luò,犖
U+7297,jiè,犗
U+7298,má,犘
U+7299,sān,犙
U+729A,wèi,犚
U+729B,máo;lí,犛
U+729C,dūn,犜
U+729D,tóng,犝
U+729E,qiáo,犞
U+729F,jiàng,犟
U+72A0,xī,犠
U+72A1,lì,犡
U+72A2,dú,犢
U+72A3,liè,犣
U+72A4,pái,犤
U+72A5,piāo;pào,犥
U+72A6,bó,犦
U+72A7,xī;suō,犧
U+72A8,chōu,犨
U+72A9,wéi,犩
U+72AA,kuí;ráo,犪
U+72AB,chōu,犫
U+72AC,quǎn,犬
U+72AD,quǎn,犭
U+72AE,bá,犮
U+72AF,fàn,犯
U+72B0,qiú,犰
U+72B1,jǐ,犱
U+72B2,chái,犲
U+72B3,zhuó,犳
U+72B4,àn;hān;án;jiàn,犴
U+72B5,gē;hé,犵
U+72B6,zhuàng,状
U+72B7,guǎng,犷
U+72B8,mà;mǎ,犸
U+72B9,yóu;yòu,犹
U+72BA,kàng;gǎng,犺
U+72BB,bó;pèi;fèi,犻
U+72BC,hǒu,犼
U+72BD,yà,犽
U+72BE,yín,犾
U+72BF,huān;fān,犿
U+72C0,zhuàng,狀
U+72C1,yǔn,狁
U+72C2,kuáng;jué,狂
U+72C3,niǔ;nǜ,狃
U+72C4,dí;tì,狄
U+72C5,kuáng,狅
U+72C6,zhòng,狆
U+72C7,mù,狇
U+72C8,bèi,狈
U+72C9,pī,狉
U+72CA,jú,狊
U+72CB,yí;quán;chí,狋
U+72CC,shēng;xīng,狌
U+72CD,páo,狍
U+72CE,xiá,狎
U+72CF,tuó;yí,狏
U+72D0,hú,狐
U+72D1,líng,狑
U+72D2,fèi,狒
U+72D3,pí;pī,狓
U+72D4,nǐ,狔
U+72D5,yǎo,狕
U+72D6,yòu,狖
U+72D7,gǒu,狗
U+72D8,xuè,狘
U+72D9,jū,狙
U+72DA,dàn,狚
U+72DB,bó,狛
U+72DC,kǔ,狜
U+72DD,xiǎn,狝
U+72DE,níng,狞
U+72DF,huán;xuān;héng,狟
U+72E0,hěn;yán;kěn;hǎng,狠
U+72E1,jiǎo;xiào,狡
U+72E2,hé;mò,狢
U+72E3,zhào,狣
U+72E4,jí;jié;kuài,狤
U+72E5,xùn,狥
U+72E6,shān,狦
U+72E7,tà;shì,狧
U+72E8,róng,狨
U+72E9,shòu,狩
U+72EA,tóng;dòng,狪
U+72EB,lǎo,狫
U+72EC,dú,独
U+72ED,xiá,狭
U+72EE,shī,狮
U+72EF,kuài,狯
U+72F0,zhēng,狰
U+72F1,yù,狱
U+72F2,sūn,狲
U+72F3,yú,狳
U+72F4,bì,狴
U+72F5,máng;zhuó,狵
U+72F6,xī;shǐ,狶
U+72F7,juàn,狷
U+72F8,lí,狸
U+72F9,xiá,狹
U+72FA,yín,狺
U+72FB,suān;xùn;jùn,狻
U+72FC,láng;lǎng;làng;hǎng,狼
U+72FD,bèi,狽
U+72FE,zhì,狾
U+72FF,yán,狿
U+7300,shā,猀
U+7301,lì,猁
U+7302,hàn,猂
U+7303,xiǎn,猃
U+7304,jīng,猄
U+7305,pái,猅
U+7306,fēi,猆
U+7307,xiāo,猇
U+7308,bài;pí,猈
U+7309,qí,猉
U+730A,ní,猊
U+730B,biāo,猋
U+730C,yìn,猌
U+730D,lái,猍
U+730E,liè;xī;què,猎
U+730F,jiān,猏
U+7310,qiāng,猐
U+7311,kūn,猑
U+7312,yàn,猒
U+7313,guǒ;luǒ,猓
U+7314,zòng,猔
U+7315,mí,猕
U+7316,chāng,猖
U+7317,yī;yǐ;jì;ē;wēi,猗
U+7318,zhì,猘
U+7319,zhēng,猙
U+731A,yá;wèi,猚
U+731B,měng,猛
U+731C,cāi,猜
U+731D,cù,猝
U+731E,shē,猞
U+731F,liè,猟
U+7320,diǎn,猠
U+7321,luó,猡
U+7322,hú,猢
U+7323,zōng,猣
U+7324,guì,猤
U+7325,wěi;wèi,猥
U+7326,fēng,猦
U+7327,wō,猧
U+7328,yuán,猨
U+7329,xīng,猩
U+732A,zhū,猪
U+732B,māo;miáo;máo,猫
U+732C,wèi,猬
U+732D,chuān;chuàn;shān,猭
U+732E,xiàn,献
U+732F,tuān,猯
U+7330,yà;jiá;qiè,猰
U+7331,náo,猱
U+7332,xiē;hè;gé;hài,猲
U+7333,jiā,猳
U+7334,hóu,猴
U+7335,biān;piàn,猵
U+7336,yóu;yáo,猶
U+7337,yóu,猷
U+7338,méi,猸
U+7339,chá,猹
U+733A,yáo,猺
U+733B,sūn,猻
U+733C,bó;pò,猼
U+733D,míng,猽
U+733E,huá,猾
U+733F,yuán,猿
U+7340,sōu,獀
U+7341,mà;mǎ,獁
U+7342,yuán,獂
U+7343,dāi;ái,獃
U+7344,yù,獄
U+7345,shī,獅
U+7346,háo,獆
U+7347,qiāng,獇
U+7348,yì,獈
U+7349,zhēn,獉
U+734A,cāng,獊
U+734B,háo;gāo,獋
U+734C,màn,獌
U+734D,jìng,獍
U+734E,jiǎng,獎
U+734F,mò;mú,獏
U+7350,zhāng,獐
U+7351,chán,獑
U+7352,áo,獒
U+7353,áo,獓
U+7354,háo,獔
U+7355,cuī,獕
U+7356,bèn;fèn;fén,獖
U+7357,jué,獗
U+7358,bì,獘
U+7359,bì,獙
U+735A,huáng,獚
U+735B,pú,獛
U+735C,lín;lìn,獜
U+735D,xù;yù,獝
U+735E,tóng;zhuàng,獞
U+735F,yào;xiāo,獟
U+7360,liáo;lǎo,獠
U+7361,shuò,獡
U+7362,xiāo,獢
U+7363,shòu,獣
U+7364,dūn,獤
U+7365,jiào,獥
U+7366,gé;xiē;liè,獦
U+7367,juàn,獧
U+7368,dú,獨
U+7369,huì,獩
U+736A,kuài;huá,獪
U+736B,xiǎn,獫
U+736C,xiè;hǎ;jiě,獬
U+736D,tǎ,獭
U+736E,xiǎn;mí,獮
U+736F,xūn,獯
U+7370,níng,獰
U+7371,biān,獱
U+7372,huò,獲
U+7373,nòu;rú,獳
U+7374,měng;méng,獴
U+7375,liè,獵
U+7376,nǎo;yōu;náo,獶
U+7377,guǎng;jǐng,獷
U+7378,shòu,獸
U+7379,lú,獹
U+737A,tǎ,獺
U+737B,xiàn;suō;xī,獻
U+737C,mí,獼
U+737D,ráng,獽
U+737E,huān;quán,獾
U+737F,nǎo;náo,獿
U+7380,luó;ě,玀
U+7381,xiǎn,玁
U+7382,qí,玂
U+7383,jué,玃
U+7384,xuán;xuàn,玄
U+7385,miào;yāo,玅
U+7386,zī;xuán,玆
U+7387,lǜ;shuài;lüè,率
U+7388,lú,玈
U+7389,yù,玉
U+738A,sù,玊
U+738B,wáng;wàng;yù,王
U+738C,qiú,玌
U+738D,gǎ,玍
U+738E,dīng,玎
U+738F,lè,玏
U+7390,bā,玐
U+7391,jī,玑
U+7392,hóng,玒
U+7393,dì,玓
U+7394,chuàn,玔
U+7395,gān,玕
U+7396,jiǔ,玖
U+7397,yú,玗
U+7398,qǐ,玘
U+7399,yú,玙
U+739A,chàng;yáng,玚
U+739B,mǎ,玛
U+739C,hóng,玜
U+739D,wǔ,玝
U+739E,fū,玞
U+739F,wén;mín,玟
U+73A0,jiè,玠
U+73A1,yá;yà,玡
U+73A2,bīn;fēn,玢
U+73A3,biàn,玣
U+73A4,bàng,玤
U+73A5,yuè,玥
U+73A6,jué,玦
U+73A7,mén;yǔn,玧
U+73A8,jué,玨
U+73A9,wán,玩
U+73AA,jiān;yín;qián;lín,玪
U+73AB,méi,玫
U+73AC,dǎn,玬
U+73AD,pín,玭
U+73AE,wěi,玮
U+73AF,huán,环
U+73B0,xiàn,现
U+73B1,qiāng,玱
U+73B2,líng,玲
U+73B3,dài,玳
U+73B4,yì,玴
U+73B5,án;gān,玵
U+73B6,píng,玶
U+73B7,diàn;diān,玷
U+73B8,fú,玸
U+73B9,xuán;xuàn;xián,玹
U+73BA,xǐ,玺
U+73BB,bō,玻
U+73BC,cǐ;cī;cuō,玼
U+73BD,gǒu,玽
U+73BE,jiǎ,玾
U+73BF,sháo,玿
U+73C0,pò,珀
U+73C1,cí,珁
U+73C2,kē,珂
U+73C3,rǎn,珃
U+73C4,shēng,珄
U+73C5,shēn,珅
U+73C6,yí;tāi,珆
U+73C7,zǔ;jù,珇
U+73C8,jiā,珈
U+73C9,mín,珉
U+73CA,shān,珊
U+73CB,liǔ,珋
U+73CC,bì,珌
U+73CD,zhēn,珍
U+73CE,zhēn,珎
U+73CF,jué,珏
U+73D0,fà,珐
U+73D1,lóng,珑
U+73D2,jīn,珒
U+73D3,jiào,珓
U+73D4,jiàn,珔
U+73D5,lì,珕
U+73D6,guāng,珖
U+73D7,xiān,珗
U+73D8,zhōu,珘
U+73D9,gǒng,珙
U+73DA,yān,珚
U+73DB,xiù,珛
U+73DC,yáng,珜
U+73DD,xǔ,珝
U+73DE,luò;lì,珞
U+73DF,sù,珟
U+73E0,zhū,珠
U+73E1,qín,珡
U+73E2,yín;kèn,珢
U+73E3,xún,珣
U+73E4,bǎo,珤
U+73E5,ěr,珥
U+73E6,xiàng,珦
U+73E7,yáo,珧
U+73E8,xiá,珨
U+73E9,háng;héng,珩
U+73EA,guī,珪
U+73EB,chōng,珫
U+73EC,xù,珬
U+73ED,bān,班
U+73EE,pèi,珮
U+73EF,lǎo,珯
U+73F0,dāng,珰
U+73F1,yīng,珱
U+73F2,huī;hún,珲
U+73F3,wén,珳
U+73F4,é,珴
U+73F5,chéng;tǐng,珵
U+73F6,dì;tí,珶
U+73F7,wǔ;wù,珷
U+73F8,wú,珸
U+73F9,chéng,珹
U+73FA,jùn,珺
U+73FB,méi,珻
U+73FC,bèi,珼
U+73FD,tǐng,珽
U+73FE,xiàn,現
U+73FF,chù,珿
U+7400,hán,琀
U+7401,xuán;qióng,琁
U+7402,yán,琂
U+7403,qiú,球
U+7404,xuàn,琄
U+7405,láng;làng,琅
U+7406,lǐ,理
U+7407,xiù,琇
U+7408,fú;fū,琈
U+7409,liú,琉
U+740A,yá,琊
U+740B,xī,琋
U+740C,líng,琌
U+740D,lí,琍
U+740E,jìn,琎
U+740F,liǎn,琏
U+7410,suǒ,琐
U+7411,suǒ,琑
U+7412,fēng,琒
U+7413,wán,琓
U+7414,diàn,琔
U+7415,pín;bǐng,琕
U+7416,zhǎn,琖
U+7417,sè;cuì,琗
U+7418,mín,琘
U+7419,yù,琙
U+741A,jū,琚
U+741B,chēn,琛
U+741C,lái,琜
U+741D,mín,琝
U+741E,shèng;wàng,琞
U+741F,wéi;yù,琟
U+7420,tiǎn;tiàn,琠
U+7421,chù,琡
U+7422,zuó;zhuó,琢
U+7423,běng;pěi,琣
U+7424,chēng,琤
U+7425,hǔ,琥
U+7426,qí,琦
U+7427,è,琧
U+7428,kūn,琨
U+7429,chāng,琩
U+742A,qí,琪
U+742B,běng,琫
U+742C,wǎn,琬
U+742D,lù,琭
U+742E,cóng,琮
U+742F,guǎn;gùn;guān;guàn,琯
U+7430,yǎn,琰
U+7431,diāo,琱
U+7432,bèi,琲
U+7433,lín,琳
U+7434,qín,琴
U+7435,pí,琵
U+7436,pá,琶
U+7437,què,琷
U+7438,zhuó,琸
U+7439,qín,琹
U+743A,fà,琺
U+743B,jīn,琻
U+743C,qióng,琼
U+743D,dǔ,琽
U+743E,jiè,琾
U+743F,hún;huī,琿
U+7440,yǔ,瑀
U+7441,mào,瑁
U+7442,méi,瑂
U+7443,chūn,瑃
U+7444,xuān,瑄
U+7445,tí,瑅
U+7446,xīng,瑆
U+7447,dài,瑇
U+7448,róu,瑈
U+7449,mín,瑉
U+744A,jiān,瑊
U+744B,wěi,瑋
U+744C,ruǎn,瑌
U+744D,huàn,瑍
U+744E,xié,瑎
U+744F,chuān,瑏
U+7450,jiǎn,瑐
U+7451,zhuàn,瑑
U+7452,chàng;yáng;dàng,瑒
U+7453,liàn,瑓
U+7454,quán,瑔
U+7455,xiá,瑕
U+7456,duàn,瑖
U+7457,yuàn;huán,瑗
U+7458,yá,瑘
U+7459,nǎo,瑙
U+745A,hú,瑚
U+745B,yīng,瑛
U+745C,yú,瑜
U+745D,huáng,瑝
U+745E,ruì,瑞
U+745F,sè,瑟
U+7460,liú,瑠
U+7461,shī,瑡
U+7462,róng,瑢
U+7463,suǒ,瑣
U+7464,yáo,瑤
U+7465,wēn,瑥
U+7466,wǔ,瑦
U+7467,zhēn,瑧
U+7468,jìn,瑨
U+7469,yíng;yǐng,瑩
U+746A,mǎ,瑪
U+746B,tāo,瑫
U+746C,liú,瑬
U+746D,táng,瑭
U+746E,lì,瑮
U+746F,láng,瑯
U+7470,guī,瑰
U+7471,zhèn;tiàn,瑱
U+7472,qiāng;chēng;cāng,瑲
U+7473,cuō,瑳
U+7474,jué,瑴
U+7475,zhǎo,瑵
U+7476,yáo,瑶
U+7477,ài,瑷
U+7478,bīn,瑸
U+7479,shū;tū,瑹
U+747A,cháng,瑺
U+747B,kūn,瑻
U+747C,zhuān,瑼
U+747D,cōng,瑽
U+747E,jǐn;jìn,瑾
U+747F,yī,瑿
U+7480,cuǐ,璀
U+7481,cōng,璁
U+7482,qí,璂
U+7483,lí,璃
U+7484,jǐng,璄
U+7485,suǒ;zǎo,璅
U+7486,qiú,璆
U+7487,xuán,璇
U+7488,áo,璈
U+7489,liǎn;lián,璉
U+748A,mén,璊
U+748B,zhāng,璋
U+748C,yín,璌
U+748D,yè,璍
U+748E,yīng,璎
U+748F,wèi;zhì,璏
U+7490,lù,璐
U+7491,wú,璑
U+7492,dēng,璒
U+7493,xiù,璓
U+7494,zēng,璔
U+7495,xún,璕
U+7496,qú,璖
U+7497,dàng,璗
U+7498,lín,璘
U+7499,liáo,璙
U+749A,qióng;jué,璚
U+749B,sù,璛
U+749C,huáng,璜
U+749D,guī,璝
U+749E,pú,璞
U+749F,jǐng,璟
U+74A0,fán,璠
U+74A1,jìn;jīn,璡
U+74A2,liú,璢
U+74A3,jī,璣
U+74A4,huì,璤
U+74A5,jǐng,璥
U+74A6,ài,璦
U+74A7,bì,璧
U+74A8,càn,璨
U+74A9,qú,璩
U+74AA,zǎo,璪
U+74AB,dāng,璫
U+74AC,jiǎo,璬
U+74AD,gùn,璭
U+74AE,tǎn,璮
U+74AF,huì;kuài,璯
U+74B0,huán;huàn,環
U+74B1,sè,璱
U+74B2,suì,璲
U+74B3,tián,璳
U+74B4,chǔ,璴
U+74B5,yú,璵
U+74B6,jìn,璶
U+74B7,lú;fū,璷
U+74B8,bīn;pián,璸
U+74B9,shú,璹
U+74BA,wèn,璺
U+74BB,zuǐ,璻
U+74BC,lán,璼
U+74BD,xǐ,璽
U+74BE,zī;jì,璾
U+74BF,xuán,璿
U+74C0,ruǎn,瓀
U+74C1,wò,瓁
U+74C2,gài,瓂
U+74C3,léi,瓃
U+74C4,dú,瓄
U+74C5,lì,瓅
U+74C6,zhì,瓆
U+74C7,róu,瓇
U+74C8,lí;li,瓈
U+74C9,zàn,瓉
U+74CA,qióng;xuán,瓊
U+74CB,tì,瓋
U+74CC,guī,瓌
U+74CD,suí,瓍
U+74CE,là,瓎
U+74CF,lóng,瓏
U+74D0,lú,瓐
U+74D1,lì,瓑
U+74D2,zàn,瓒
U+74D3,làn,瓓
U+74D4,yīng,瓔
U+74D5,mí;xǐ,瓕
U+74D6,xiāng,瓖
U+74D7,qióng;wěi;wèi,瓗
U+74D8,guàn,瓘
U+74D9,dào,瓙
U+74DA,zàn,瓚
U+74DB,huán;yè;yǎn,瓛
U+74DC,guā,瓜
U+74DD,bó,瓝
U+74DE,dié,瓞
U+74DF,bó;páo,瓟
U+74E0,hù;hú;huò;gū,瓠
U+74E1,zhí;hú,瓡
U+74E2,piáo,瓢
U+74E3,bàn,瓣
U+74E4,ráng,瓤
U+74E5,lì,瓥
U+74E6,wǎ;wà,瓦
U+74E8,xiáng;hóng,瓨
U+74E9,qiān;wǎ,瓩
U+74EA,bǎn,瓪
U+74EB,pén,瓫
U+74EC,fǎng,瓬
U+74ED,dǎn;dān,瓭
U+74EE,wèng,瓮
U+74EF,ōu,瓯
U+74F2,wa,瓲
U+74F3,hú,瓳
U+74F4,líng,瓴
U+74F5,yí,瓵
U+74F6,píng,瓶
U+74F7,cí,瓷
U+74F8,bǎi,瓸
U+74F9,juān;juàn,瓹
U+74FA,cháng,瓺
U+74FB,chī,瓻
U+74FD,dàng,瓽
U+74FE,měng,瓾
U+74FF,bù;pǒu,瓿
U+7500,zhuì,甀
U+7501,píng,甁
U+7502,biān,甂
U+7503,zhòu,甃
U+7504,zhēn;zhèn;juàn,甄
U+7506,cí,甆
U+7507,yīng,甇
U+7508,qì,甈
U+7509,xián,甉
U+750A,lǒu,甊
U+750B,dì,甋
U+750C,ōu;ǒu,甌
U+750D,méng,甍
U+750E,zhuān;chuán,甎
U+750F,bèng,甏
U+7510,lìn,甐
U+7511,zèng,甑
U+7512,wǔ,甒
U+7513,pì,甓
U+7514,dān;dàn,甔
U+7515,wèng,甕
U+7516,yīng,甖
U+7517,yǎn,甗
U+7518,gān;hān,甘
U+7519,dài,甙
U+751A,shèn;shén,甚
U+751B,tián,甛
U+751C,tián,甜
U+751D,hán,甝
U+751E,cháng,甞
U+751F,shēng,生
U+7520,qíng,甠
U+7521,shēn,甡
U+7522,chǎn,產
U+7523,chǎn,産
U+7524,ruí,甤
U+7525,shēng,甥
U+7526,sū,甦
U+7527,shēn,甧
U+7528,yòng,用
U+7529,shuǎi,甩
U+752A,lù,甪
U+752B,fǔ;fū;pǔ,甫
U+752C,yǒng;dòng,甬
U+752D,béng;qì,甭
U+752E,fèng,甮
U+752F,níng;nìng,甯
U+7530,tián,田
U+7531,yóu;yāo,由
U+7532,jiǎ,甲
U+7533,shēn,申
U+7534,zhá;yóu,甴
U+7535,diàn,电
U+7536,fú,甶
U+7537,nán,男
U+7538,diān;diàn;tián;shèng;yìng,甸
U+7539,pīng,甹
U+753A,tīng;dīng;tǐng;zhèng;tiǎn,町
U+753B,huà,画
U+753C,tǐng,甼
U+753D,zhèn;quǎn;zhùn,甽
U+753E,zāi;zī,甾
U+753F,méng;máng,甿
U+7540,bì,畀
U+7541,bì,畁
U+7542,liù,畂
U+7543,xún,畃
U+7544,liú,畄
U+7545,chàng,畅
U+7546,mǔ,畆
U+7547,yún;tián,畇
U+7548,fàn,畈
U+7549,fú,畉
U+754A,gēng,畊
U+754B,tián,畋
U+754C,jiè,界
U+754D,jiè,畍
U+754E,quǎn,畎
U+754F,wèi;wēi;wěi,畏
U+7550,fú;bì,畐
U+7551,tián,畑
U+7552,mǔ,畒
U+7553,duō,畓
U+7554,pàn,畔
U+7555,jiāng,畕
U+7556,wā,畖
U+7557,dá;fú,畗
U+7558,nán,畘
U+7559,liú;liù;liǔ,留
U+755A,běn,畚
U+755B,zhěn,畛
U+755C,chù;xù,畜
U+755D,mǔ;mǒu,畝
U+755E,mǔ,畞
U+755F,cè;jì,畟
U+7560,tián,畠
U+7561,gāi,畡
U+7562,bì,畢
U+7563,dá,畣
U+7564,zhì;chóu;shì,畤
U+7565,lüè,略
U+7566,qí,畦
U+7567,lüè,畧
U+7568,pān;fān,畨
U+7569,yī,畩
U+756A,fān;pān;fán;bō;pó;pán;pàn;pí,番
U+756B,huà,畫
U+756C,shē;yú,畬
U+756D,yú,畭
U+756E,mǔ,畮
U+756F,jùn,畯
U+7570,yì,異
U+7571,liú,畱
U+7572,shē,畲
U+7573,dié,畳
U+7574,chóu,畴
U+7575,huà,畵
U+7576,dāng;dàng;dang,當
U+7577,zhuì,畷
U+7578,jī;qí,畸
U+7579,wǎn;yuǎn,畹
U+757A,jiāng;jiàng,畺
U+757B,chéng,畻
U+757C,chàng,畼
U+757D,tǔn;tuǎn,畽
U+757E,léi,畾
U+757F,jī,畿
U+7580,chā,疀
U+7581,liú,疁
U+7582,dié,疂
U+7583,tuǎn,疃
U+7584,lìn;lín,疄
U+7585,jiāng,疅
U+7586,jiāng;jiàng,疆
U+7587,chóu,疇
U+7588,pì,疈
U+7589,dié,疉
U+758A,dié,疊
U+758B,pǐ;shū;yǎ,疋
U+758C,jié;qiè,疌
U+758D,dàn,疍
U+758E,shū,疎
U+758F,shū,疏
U+7590,zhì;dì,疐
U+7591,yí;níng,疑
U+7592,nè,疒
U+7593,nǎi,疓
U+7594,dīng;nè,疔
U+7595,bǐ,疕
U+7596,jiē,疖
U+7597,liáo,疗
U+7598,gāng;gōng,疘
U+7599,gē;yì,疙
U+759A,jiù,疚
U+759B,zhǒu,疛
U+759C,xià,疜
U+759D,shàn,疝
U+759E,xū,疞
U+759F,nüè;yào,疟
U+75A0,lì,疠
U+75A1,yáng,疡
U+75A2,chèn,疢
U+75A3,yóu;yòu,疣
U+75A4,bā,疤
U+75A5,jiè,疥
U+75A6,jué;xuè,疦
U+75A7,qí,疧
U+75A8,xiā;yá,疨
U+75A9,cuì,疩
U+75AA,bì,疪
U+75AB,yì,疫
U+75AC,lì,疬
U+75AD,zòng,疭
U+75AE,chuāng,疮
U+75AF,fēng,疯
U+75B0,zhù,疰
U+75B1,pào,疱
U+75B2,pí,疲
U+75B3,gān,疳
U+75B4,kē;ē;qià,疴
U+75B5,cī;zī;zhài;jì,疵
U+75B6,xuē,疶
U+75B7,zhī,疷
U+75B8,dǎn;da,疸
U+75B9,zhěn;chèn,疹
U+75BA,fá;biǎn,疺
U+75BB,zhǐ,疻
U+75BC,téng,疼
U+75BD,jū;jǔ,疽
U+75BE,jí,疾
U+75BF,fèi,疿
U+75C0,jū;gōu,痀
U+75C1,shān,痁
U+75C2,jiā,痂
U+75C3,xuán,痃
U+75C4,zhà,痄
U+75C5,bìng,病
U+75C6,niè;nì;niǎn,痆
U+75C7,zhèng;zhēng,症
U+75C8,yōng,痈
U+75C9,jìng,痉
U+75CA,quán,痊
U+75CB,téng;chóng,痋
U+75CC,tōng;tóng,痌
U+75CD,yí,痍
U+75CE,jiē,痎
U+75CF,wěi;yòu;yù,痏
U+75D0,huí,痐
U+75D1,tān;shǐ,痑
U+75D2,yǎng;yáng,痒
U+75D3,chì,痓
U+75D4,zhì,痔
U+75D5,hén;gèn,痕
U+75D6,yǎ,痖
U+75D7,mèi,痗
U+75D8,dòu,痘
U+75D9,jìng,痙
U+75DA,xiāo,痚
U+75DB,tòng,痛
U+75DC,tū,痜
U+75DD,máng,痝
U+75DE,pǐ,痞
U+75DF,xiāo,痟
U+75E0,suān,痠
U+75E1,fū;pū;pù,痡
U+75E2,lì,痢
U+75E3,zhì,痣
U+75E4,cuó,痤
U+75E5,duó,痥
U+75E6,wù;pī,痦
U+75E7,shā,痧
U+75E8,láo,痨
U+75E9,shòu,痩
U+75EA,huàn;tuǎn,痪
U+75EB,xián,痫
U+75EC,yì,痬
U+75ED,bēng;péng;bìng,痭
U+75EE,zhàng,痮
U+75EF,guǎn,痯
U+75F0,tán,痰
U+75F1,fèi;féi;fěi,痱
U+75F2,má,痲
U+75F3,lín;lìn,痳
U+75F4,chī,痴
U+75F5,jì,痵
U+75F6,tiǎn;diǎn,痶
U+75F7,ān;yè;è,痷
U+75F8,chì,痸
U+75F9,bì,痹
U+75FA,bì,痺
U+75FB,mín,痻
U+75FC,gù,痼
U+75FD,duī,痽
U+75FE,ē;kē,痾
U+75FF,wěi,痿
U+7600,yū,瘀
U+7601,cuì,瘁
U+7602,yǎ,瘂
U+7603,zhú,瘃
U+7604,cù,瘄
U+7605,dān;dàn,瘅
U+7606,shèn,瘆
U+7607,zhǒng,瘇
U+7608,chì;zhì,瘈
U+7609,yù,瘉
U+760A,hóu,瘊
U+760B,fēng,瘋
U+760C,là,瘌
U+760D,yáng;dàng,瘍
U+760E,chén,瘎
U+760F,tú,瘏
U+7610,yǔ;yù,瘐
U+7611,guō,瘑
U+7612,wén,瘒
U+7613,huàn,瘓
U+7614,kù,瘔
U+7615,jiǎ;xiā,瘕
U+7616,yīn;yìn,瘖
U+7617,yì,瘗
U+7618,lòu,瘘
U+7619,sào,瘙
U+761A,jué,瘚
U+761B,chì,瘛
U+761C,xī,瘜
U+761D,guān,瘝
U+761E,yì,瘞
U+761F,wēn;wò;yūn,瘟
U+7620,jí,瘠
U+7621,chuāng,瘡
U+7622,bān,瘢
U+7623,huì;lěi,瘣
U+7624,liú,瘤
U+7625,chài;cuó,瘥
U+7626,shòu,瘦
U+7627,nüè;yào,瘧
U+7628,diān;chēn,瘨
U+7629,dā;da;dá,瘩
U+762A,biě;biē,瘪
U+762B,tān,瘫
U+762C,zhàng,瘬
U+762D,biāo,瘭
U+762E,shèn,瘮
U+762F,cù,瘯
U+7630,luǒ,瘰
U+7631,yì,瘱
U+7632,zòng,瘲
U+7633,chōu;lù,瘳
U+7634,zhàng,瘴
U+7635,zhài;jì,瘵
U+7636,sòu,瘶
U+7637,sè,瘷
U+7638,qué,瘸
U+7639,diào,瘹
U+763A,lòu,瘺
U+763B,lòu;lǘ,瘻
U+763C,mò,瘼
U+763D,qín,瘽
U+763E,yǐn,瘾
U+763F,yǐng,瘿
U+7640,huáng,癀
U+7641,fú,癁
U+7642,liáo;liào;shuò,療
U+7643,lóng,癃
U+7644,qiáo,癄
U+7645,liú,癅
U+7646,láo;lào,癆
U+7647,xián,癇
U+7648,fèi,癈
U+7649,dān;dàn;dǎn;tán,癉
U+764A,yìn,癊
U+764B,hè,癋
U+764C,ái;yán,癌
U+764D,bān,癍
U+764E,xián,癎
U+764F,guān,癏
U+7650,guì;wēi,癐
U+7651,nòng;nóng,癑
U+7652,yù,癒
U+7653,wéi,癓
U+7654,yì,癔
U+7655,yōng,癕
U+7656,pǐ,癖
U+7657,lěi,癗
U+7658,lì;lài,癘
U+7659,shǔ,癙
U+765A,dàn,癚
U+765B,lǐn;bǐng,癛
U+765C,diàn,癜
U+765D,lǐn,癝
U+765E,lài,癞
U+765F,biě;bié;biē,癟
U+7660,jì,癠
U+7661,chī,癡
U+7662,yǎng,癢
U+7663,xuǎn,癣
U+7664,jiē,癤
U+7665,zhēng,癥
U+7666,me,癦
U+7667,lì,癧
U+7668,huò,癨
U+7669,lài;là,癩
U+766A,jī,癪
U+766B,diān,癫
U+766C,xuǎn,癬
U+766D,yǐng,癭
U+766E,yǐn,癮
U+766F,qú,癯
U+7670,yōng,癰
U+7671,tān,癱
U+7672,diān,癲
U+7673,luǒ,癳
U+7674,luán,癴
U+7675,luán,癵
U+7676,bō,癶
U+7677,bō,癷
U+7678,guǐ,癸
U+7679,bá,癹
U+767A,fā,発
U+767B,dēng;dé,登
U+767C,fā;bō,發
U+767D,bái;bó,白
U+767E,bǎi;bó;mò,百
U+767F,qié;bié,癿
U+7680,jí;xiāng;bī,皀
U+7681,zào,皁
U+7682,zào,皂
U+7683,mào,皃
U+7684,de;dī;dí;dì,的
U+7685,pā;bà,皅
U+7686,jiē,皆
U+7687,huáng;wǎng,皇
U+7688,guī,皈
U+7689,cǐ,皉
U+768A,líng,皊
U+768B,gāo;háo;gū,皋
U+768C,mò,皌
U+768D,jí,皍
U+768E,jiǎo,皎
U+768F,pěng,皏
U+7690,gāo,皐
U+7691,ái,皑
U+7692,é,皒
U+7693,hào;huī,皓
U+7694,hàn,皔
U+7695,bì,皕
U+7696,wǎn;huàn,皖
U+7697,chóu,皗
U+7698,qiàn,皘
U+7699,xī,皙
U+769A,ái,皚
U+769B,xiǎo;jiǎo;pò,皛
U+769C,hào,皜
U+769D,huàng,皝
U+769E,hào,皞
U+769F,zé,皟
U+76A0,cuǐ,皠
U+76A1,hào,皡
U+76A2,xiǎo,皢
U+76A3,yè,皣
U+76A4,pó;pán,皤
U+76A5,hào,皥
U+76A6,jiǎo,皦
U+76A7,ài,皧
U+76A8,xīng,皨
U+76A9,huàng,皩
U+76AA,lì;luò;bō,皪
U+76AB,piǎo,皫
U+76AC,hé,皬
U+76AD,jiào,皭
U+76AE,pí,皮
U+76AF,gǎn,皯
U+76B0,pào,皰
U+76B1,zhòu,皱
U+76B2,jūn,皲
U+76B3,qiú,皳
U+76B4,cūn,皴
U+76B5,què,皵
U+76B6,zhā,皶
U+76B7,gǔ,皷
U+76B8,jūn,皸
U+76B9,jūn,皹
U+76BA,zhòu;zhōu,皺
U+76BB,zhā;cǔ,皻
U+76BC,gǔ,皼
U+76BD,zhāo;zhǎn;dǎn,皽
U+76BE,dú,皾
U+76BF,mǐn;mǐng,皿
U+76C0,qǐ,盀
U+76C1,yíng,盁
U+76C2,yú,盂
U+76C3,bēi,盃
U+76C4,zhāo,盄
U+76C5,zhōng;chōng,盅
U+76C6,pén,盆
U+76C7,hé,盇
U+76C8,yíng,盈
U+76C9,hé,盉
U+76CA,yì,益
U+76CB,bō,盋
U+76CC,wǎn,盌
U+76CD,hé;kě,盍
U+76CE,àng,盎
U+76CF,zhǎn,盏
U+76D0,yán,盐
U+76D1,jiān;jiàn,监
U+76D2,hé;ān,盒
U+76D3,yū;wū,盓
U+76D4,kuī,盔
U+76D5,fàn,盕
U+76D6,gài;gě,盖
U+76D7,dào,盗
U+76D8,pán,盘
U+76D9,fǔ,盙
U+76DA,qiú,盚
U+76DB,shèng;chéng,盛
U+76DC,dào,盜
U+76DD,lù,盝
U+76DE,zhǎn,盞
U+76DF,méng;mèng;míng,盟
U+76E0,lí,盠
U+76E1,jǐn;jìn,盡
U+76E2,xù,盢
U+76E3,jiān;jiàn;kàn,監
U+76E4,pán;xuán,盤
U+76E5,guàn,盥
U+76E6,ān,盦
U+76E7,lú;lǘ;léi,盧
U+76E8,xǔ,盨
U+76E9,zhōu;chóu,盩
U+76EA,dàng,盪
U+76EB,ān,盫
U+76EC,gǔ;gù;gū,盬
U+76ED,lì,盭
U+76EE,mù,目
U+76EF,dīng;chéng,盯
U+76F0,gàn,盰
U+76F1,xū,盱
U+76F2,máng,盲
U+76F3,wàng;máng,盳
U+76F4,zhí,直
U+76F5,qì,盵
U+76F6,yuǎn,盶
U+76F7,tián;xián;mín,盷
U+76F8,xiāng;xiàng,相
U+76F9,dǔn;zhūn,盹
U+76FA,xīn,盺
U+76FB,xì;pǎn,盻
U+76FC,pàn;fén,盼
U+76FD,fēng,盽
U+76FE,dùn;shǔn;yǔn,盾
U+76FF,mín,盿
U+7700,míng,眀
U+7701,shěng;xǐng;xiǎn,省
U+7702,shì,眂
U+7703,yún;hùn,眃
U+7704,miǎn;miàn,眄
U+7705,pān,眅
U+7706,fǎng,眆
U+7707,miǎo;miào,眇
U+7708,dān;chěn,眈
U+7709,méi,眉
U+770A,mào;mèi,眊
U+770B,kàn;kān,看
U+770C,xiàn,県
U+770D,kōu,眍
U+770E,shì,眎
U+770F,yāng;yǎng;yìng,眏
U+7710,zhēng,眐
U+7711,yǎo;āo;ǎo,眑
U+7712,shēn,眒
U+7713,huò,眓
U+7714,dà,眔
U+7715,zhěn,眕
U+7716,kuàng,眖
U+7717,jū;xū;kōu,眗
U+7718,shèn,眘
U+7719,yí;chì,眙
U+771A,shěng,眚
U+771B,mèi,眛
U+771C,mò;miè,眜
U+771D,zhù,眝
U+771E,zhēn,眞
U+771F,zhēn,真
U+7720,mián;miǎn;mǐn,眠
U+7721,shì,眡
U+7722,yuān,眢
U+7723,dié;chōu,眣
U+7724,nì,眤
U+7725,zì,眥
U+7726,zì,眦
U+7727,chǎo,眧
U+7728,zhǎ,眨
U+7729,xuàn;huàn;juàn,眩
U+772A,bǐng;fǎng,眪
U+772B,mǐ;pàn,眫
U+772C,lóng,眬
U+772D,suī;huī;xié;wèi,眭
U+772E,tóng,眮
U+772F,mī;mí;mǐ;mì,眯
U+7730,diè;zhì,眰
U+7731,dì,眱
U+7732,nè,眲
U+7733,míng,眳
U+7734,xuàn;shùn;xún,眴
U+7735,chī,眵
U+7736,kuàng,眶
U+7737,juàn,眷
U+7738,móu,眸
U+7739,zhèn,眹
U+773A,tiào,眺
U+773B,yáng,眻
U+773C,yǎn;wěn,眼
U+773D,mò;mì,眽
U+773E,zhòng,眾
U+773F,mò,眿
U+7740,zhe;zhāo;zháo;zhuó,着
U+7741,zhēng,睁
U+7742,méi,睂
U+7743,suō;jùn;juān,睃
U+7744,shào;qiáo;xiāo,睄
U+7745,hàn,睅
U+7746,huàn;huǎn,睆
U+7747,dì;tī;tí,睇
U+7748,chěng,睈
U+7749,cuó;zhuài,睉
U+774A,juàn,睊
U+774B,é,睋
U+774C,mǎn,睌
U+774D,xiàn,睍
U+774E,xī,睎
U+774F,kùn,睏
U+7750,lài,睐
U+7751,jiǎn,睑
U+7752,shǎn,睒
U+7753,tiǎn,睓
U+7754,gùn;huán;lǔn,睔
U+7755,wǎn;wàn;wān,睕
U+7756,lèng;chēng,睖
U+7757,shì,睗
U+7758,qióng,睘
U+7759,liè,睙
U+775A,yá,睚
U+775B,jīng;jǐng,睛
U+775C,zhēng,睜
U+775D,lí,睝
U+775E,lài,睞
U+775F,suì;zuì,睟
U+7760,juàn,睠
U+7761,shuì,睡
U+7762,suī;huī;wěi,睢
U+7763,dū,督
U+7764,bì,睤
U+7765,pì,睥
U+7766,mù,睦
U+7767,hūn,睧
U+7768,nì,睨
U+7769,lù,睩
U+776A,yì;zé;dù;gāo,睪
U+776B,jié;shè,睫
U+776C,cǎi,睬
U+776D,zhǒu,睭
U+776E,yú,睮
U+776F,hūn,睯
U+7770,mà,睰
U+7771,xià;xiá,睱
U+7772,xǐng;xìng,睲
U+7773,huī,睳
U+7774,gùn,睴
U+7775,zāi,睵
U+7776,chǔn,睶
U+7777,jiān,睷
U+7778,mèi,睸
U+7779,dǔ,睹
U+777A,hóu,睺
U+777B,xuān,睻
U+777C,tiàn,睼
U+777D,kuí;kuì;jì,睽
U+777E,gāo;hào,睾
U+777F,ruì,睿
U+7780,mào;wú,瞀
U+7781,xù,瞁
U+7782,fá,瞂
U+7783,wò,瞃
U+7784,miáo,瞄
U+7785,chǒu,瞅
U+7786,kuì,瞆
U+7787,mī;mǐ;mì,瞇
U+7788,wěng,瞈
U+7789,kòu;jì,瞉
U+778A,dàng,瞊
U+778B,chēn;tián;tiàn;shèn,瞋
U+778C,kē,瞌
U+778D,sǒu,瞍
U+778E,xiā,瞎
U+778F,qióng;huán,瞏
U+7790,mò,瞐
U+7791,míng;méng;mián,瞑
U+7792,mán,瞒
U+7793,fèn,瞓
U+7794,zé,瞔
U+7795,zhàng,瞕
U+7796,yì,瞖
U+7797,diāo;dōu,瞗
U+7798,kōu,瞘
U+7799,mò,瞙
U+779A,shùn,瞚
U+779B,cōng,瞛
U+779C,lōu;lóu;lǘ,瞜
U+779D,chī,瞝
U+779E,mán;mén;mèn,瞞
U+779F,piǎo;piào;piāo,瞟
U+77A0,chēng;zhèng,瞠
U+77A1,guī,瞡
U+77A2,méng;máng;mèng,瞢
U+77A3,wàn,瞣
U+77A4,rún;shùn,瞤
U+77A5,piē;bì,瞥
U+77A6,xī,瞦
U+77A7,qiáo,瞧
U+77A8,pú,瞨
U+77A9,zhǔ,瞩
U+77AA,dèng,瞪
U+77AB,shěn,瞫
U+77AC,shùn,瞬
U+77AD,liǎo;liào,瞭
U+77AE,chè,瞮
U+77AF,xián;jiàn,瞯
U+77B0,kàn,瞰
U+77B1,yè,瞱
U+77B2,xù;xuè,瞲
U+77B3,tóng,瞳
U+77B4,móu;wǔ;mí,瞴
U+77B5,lín;lìn;lián,瞵
U+77B6,guì;wèi;kuì,瞶
U+77B7,jiàn;xián,瞷
U+77B8,yè,瞸
U+77B9,ài,瞹
U+77BA,huì,瞺
U+77BB,zhān,瞻
U+77BC,jiǎn,瞼
U+77BD,gǔ,瞽
U+77BE,zhào,瞾
U+77BF,qú;jù;jí,瞿
U+77C0,méi,矀
U+77C1,chǒu,矁
U+77C2,sào,矂
U+77C3,nǐng;chēng,矃
U+77C4,xūn,矄
U+77C5,yào,矅
U+77C6,huò;xuē;yuè;wò,矆
U+77C7,méng;měng;mēng,矇
U+77C8,mián,矈
U+77C9,pín,矉
U+77CA,mián,矊
U+77CB,lěi,矋
U+77CC,kuàng;guō,矌
U+77CD,jué,矍
U+77CE,xuān;xuàn,矎
U+77CF,mián,矏
U+77D0,huò,矐
U+77D1,lú,矑
U+77D2,méng,矒
U+77D3,lóng,矓
U+77D4,guàn;quán,矔
U+77D5,mǎn;mán,矕
U+77D6,xǐ;lí,矖
U+77D7,chù,矗
U+77D8,tǎng,矘
U+77D9,kàn,矙
U+77DA,zhǔ,矚
U+77DB,máo,矛
U+77DC,jīn;qín;guān,矜
U+77DD,jīn,矝
U+77DE,yù;jué;xù,矞
U+77DF,shuò,矟
U+77E0,zé;zhuó,矠
U+77E1,jué,矡
U+77E2,shǐ,矢
U+77E3,yǐ;xián,矣
U+77E4,shěn,矤
U+77E5,zhī;zhì,知
U+77E6,hóu,矦
U+77E7,shěn,矧
U+77E8,yǐng,矨
U+77E9,jǔ,矩
U+77EA,zhōu,矪
U+77EB,jiǎo;jiáo,矫
U+77EC,cuó,矬
U+77ED,duǎn,短
U+77EE,ǎi,矮
U+77EF,jiǎo;jiāo;jiáo,矯
U+77F0,zēng,矰
U+77F1,yuē,矱
U+77F2,bà,矲
U+77F3,shí;dàn,石
U+77F4,dìng,矴
U+77F5,qì;diāo,矵
U+77F6,jī,矶
U+77F7,zǐ,矷
U+77F8,gān;gàn;gǎn;hàn,矸
U+77F9,wù,矹
U+77FA,zhé;dā,矺
U+77FB,kū;qià,矻
U+77FC,gāng;kòng;qiāng,矼
U+77FD,xì;xī,矽
U+77FE,fán,矾
U+77FF,kuàng,矿
U+7800,dàng,砀
U+7801,mǎ,码
U+7802,shā,砂
U+7803,dān,砃
U+7804,jué,砄
U+7805,lì,砅
U+7806,fū,砆
U+7807,mín,砇
U+7808,ě,砈
U+7809,huò;huā;xū,砉
U+780A,kāng;kàng,砊
U+780B,zhǐ,砋
U+780C,qì;qiè,砌
U+780D,kǎn,砍
U+780E,jiè,砎
U+780F,bīn;fēn;pīn,砏
U+7810,è,砐
U+7811,yà,砑
U+7812,pī,砒
U+7813,zhé,砓
U+7814,yán;yàn;xíng,研
U+7815,suì,砕
U+7816,zhuān,砖
U+7817,chē,砗
U+7818,dùn,砘
U+7819,wǎ,砙
U+781A,yàn,砚
U+781B,jīn,砛
U+781C,fēng,砜
U+781D,fá;fǎ;jié;gé,砝
U+781E,mò,砞
U+781F,zhǎ;zhà;zuó,砟
U+7820,jū;zū,砠
U+7821,yù,砡
U+7822,kē;luǒ,砢
U+7823,tuó,砣
U+7824,tuó,砤
U+7825,dǐ;zhǐ,砥
U+7826,zhài,砦
U+7827,zhēn,砧
U+7828,è,砨
U+7829,fú;fèi,砩
U+782A,mǔ,砪
U+782B,zhù;zhǔ,砫
U+782C,lá;lì;lā,砬
U+782D,biān,砭
U+782E,nǔ;nú,砮
U+782F,pīng,砯
U+7830,pēng;pīng;pèng,砰
U+7831,líng,砱
U+7832,pào;báo;pū,砲
U+7833,lè,砳
U+7834,pò,破
U+7835,bō;è,砵
U+7836,pò,砶
U+7837,shēn,砷
U+7838,zá,砸
U+7839,ài,砹
U+783A,lì,砺
U+783B,lóng,砻
U+783C,tóng,砼
U+783D,yòng,砽
U+783E,lì,砾
U+783F,kuàng,砿
U+7840,chǔ,础
U+7841,kēng,硁
U+7842,quán,硂
U+7843,zhū,硃
U+7844,kuāng;guāng,硄
U+7845,guī;hè,硅
U+7846,è,硆
U+7847,náo,硇
U+7848,qià,硈
U+7849,lù,硉
U+784A,wěi;huì;guì,硊
U+784B,ài,硋
U+784C,gè;luò;lì,硌
U+784D,xiàn;yín;kèn;kēng;yǐn,硍
U+784E,xíng;kēng,硎
U+784F,yán;yàn,硏
U+7850,dòng;tóng;liú,硐
U+7851,pēng;píng,硑
U+7852,xī,硒
U+7853,lǎo,硓
U+7854,hóng;gǒng,硔
U+7855,shuò,硕
U+7856,xiá,硖
U+7857,qiāo,硗
U+7858,qing,硘
U+7859,wéi;wèi,硙
U+785A,qiáo,硚
U+785B,yì,硛
U+785C,kēng;qìng,硜
U+785D,xiāo;qiào,硝
U+785E,què;kè;kù,硞
U+785F,chàn,硟
U+7860,láng,硠
U+7861,hōng,硡
U+7862,yú,硢
U+7863,xiāo,硣
U+7864,xiá,硤
U+7865,mǎng;bàng,硥
U+7866,luò;lòng,硦
U+7867,yǒng;tóng,硧
U+7868,chē,硨
U+7869,chè,硩
U+786A,wò;é;yǐ,硪
U+786B,liú;chù,硫
U+786C,yìng;gěng,硬
U+786D,máng,硭
U+786E,què,确
U+786F,yàn,硯
U+7870,shā,硰
U+7871,kǔn,硱
U+7872,yù,硲
U+7873,chì,硳
U+7874,huā,硴
U+7875,lǔ,硵
U+7876,chěn;cén,硶
U+7877,jiǎn,硷
U+7878,nüè,硸
U+7879,sōng,硹
U+787A,zhuó,硺
U+787B,kēng;kěng,硻
U+787C,péng;pēng,硼
U+787D,yān;yǎn,硽
U+787E,zhuì;duǒ,硾
U+787F,kōng;kòng,硿
U+7880,chéng,碀
U+7881,qí,碁
U+7882,zòng;cóng,碂
U+7883,qìng,碃
U+7884,lín,碄
U+7885,jūn,碅
U+7886,bō,碆
U+7887,dìng,碇
U+7888,mín;hūn,碈
U+7889,diāo,碉
U+788A,jiān;zhàn,碊
U+788B,hè,碋
U+788C,lù;liù;luò,碌
U+788D,ài,碍
U+788E,suì,碎
U+788F,què;xī,碏
U+7890,léng,碐
U+7891,bēi,碑
U+7892,yín,碒
U+7893,duì;duī,碓
U+7894,wǔ,碔
U+7895,qí;qī;qǐ,碕
U+7896,lǔn;lùn;lún,碖
U+7897,wǎn,碗
U+7898,diǎn,碘
U+7899,náo;gāng,碙
U+789A,bèi,碚
U+789B,qì,碛
U+789C,chěn,碜
U+789D,ruǎn,碝
U+789E,yán,碞
U+789F,dié;shé,碟
U+78A0,dìng,碠
U+78A1,dú;zhóu,碡
U+78A2,tuó,碢
U+78A3,jié;kě;yà,碣
U+78A4,yīng,碤
U+78A5,biǎn,碥
U+78A6,kè,碦
U+78A7,bì,碧
U+78A8,wèi;wěi,碨
U+78A9,shuò,碩
U+78AA,zhēn;ǎn;kàn,碪
U+78AB,duàn,碫
U+78AC,xiá,碬
U+78AD,dàng,碭
U+78AE,tí;dī,碮
U+78AF,nǎo,碯
U+78B0,pèng,碰
U+78B1,jiǎn;xián,碱
U+78B2,dì,碲
U+78B3,tàn,碳
U+78B4,chá;chā,碴
U+78B5,tián,碵
U+78B6,qì,碶
U+78B7,dùn,碷
U+78B8,fēng,碸
U+78B9,xuàn,碹
U+78BA,què,確
U+78BB,què;qiāo,碻
U+78BC,mǎ,碼
U+78BD,gōng,碽
U+78BE,niǎn,碾
U+78BF,sù;xiè,碿
U+78C0,é,磀
U+78C1,cí,磁
U+78C2,liú;liù,磂
U+78C3,sī;tí,磃
U+78C4,táng,磄
U+78C5,bàng;páng;pāng,磅
U+78C6,huá;kě;gū,磆
U+78C7,pī,磇
U+78C8,wěi;kuǐ,磈
U+78C9,sǎng,磉
U+78CA,lěi,磊
U+78CB,cuō,磋
U+78CC,tián,磌
U+78CD,xiá;qià;yà,磍
U+78CE,xī;qī,磎
U+78CF,lián;qiān,磏
U+78D0,pán,磐
U+78D1,wéi;wèi;ái;gài,磑
U+78D2,yǔn,磒
U+78D3,duī;zhuì,磓
U+78D4,zhé,磔
U+78D5,kē;kě,磕
U+78D6,lá;lā,磖
U+78D7,zhuān,磗
U+78D8,yáo,磘
U+78D9,gǔn,磙
U+78DA,zhuān;tuán;tuó,磚
U+78DB,chán,磛
U+78DC,qì;qī,磜
U+78DD,áo;qiāo,磝
U+78DE,pēng,磞
U+78DF,liù;lù,磟
U+78E0,lǔ,磠
U+78E1,kàn,磡
U+78E2,chuǎng,磢
U+78E3,chěn;cà,磣
U+78E4,yǐn;yīn,磤
U+78E5,lěi;léi,磥
U+78E6,biāo,磦
U+78E7,qì,磧
U+78E8,mó;mò,磨
U+78E9,qì;zhú,磩
U+78EA,cuī,磪
U+78EB,zōng,磫
U+78EC,qìng;qǐng,磬
U+78ED,chuò,磭
U+78EE,lún,磮
U+78EF,jī,磯
U+78F0,shàn,磰
U+78F1,láo,磱
U+78F2,qú,磲
U+78F3,zēng,磳
U+78F4,dèng;dēng,磴
U+78F5,jiàn,磵
U+78F6,xì,磶
U+78F7,lín;lìn;lǐn;líng,磷
U+78F8,dìng,磸
U+78F9,tán;diàn,磹
U+78FA,huáng;kuàng;gǒng,磺
U+78FB,pán;bō,磻
U+78FC,zá;shé,磼
U+78FD,qiāo;qiǎo;qiào;áo,磽
U+78FE,dī,磾
U+78FF,lì,磿
U+7900,jiàn,礀
U+7901,jiāo,礁
U+7902,xī,礂
U+7903,zhǎng,礃
U+7904,qiáo,礄
U+7905,dūn,礅
U+7906,jiǎn;xiǎn,礆
U+7907,yù,礇
U+7908,zhuì,礈
U+7909,hé;qiāo;qiào;áo,礉
U+790A,kè;huò,礊
U+790B,zé,礋
U+790C,léi;lèi;lěi,礌
U+790D,jié,礍
U+790E,chǔ,礎
U+790F,yè,礏
U+7910,què;hú,礐
U+7911,dàng,礑
U+7912,yǐ,礒
U+7913,jiāng,礓
U+7914,pī,礔
U+7915,pī,礕
U+7916,yù,礖
U+7917,pīn,礗
U+7918,è;qì,礘
U+7919,ài;yí,礙
U+791A,kē,礚
U+791B,jiān,礛
U+791C,yù,礜
U+791D,ruǎn,礝
U+791E,méng,礞
U+791F,pào,礟
U+7920,cí,礠
U+7921,bó,礡
U+7922,yǎng,礢
U+7923,mà,礣
U+7924,cǎ,礤
U+7925,xián;xín,礥
U+7926,kuàng;gǒng,礦
U+7927,léi;lèi;lěi,礧
U+7928,lěi,礨
U+7929,zhì,礩
U+792A,lì,礪
U+792B,lì;luò,礫
U+792C,fán,礬
U+792D,què,礭
U+792E,pào,礮
U+792F,yīng,礯
U+7930,lì,礰
U+7931,lóng,礱
U+7932,lóng,礲
U+7933,mò,礳
U+7934,bó,礴
U+7935,shuāng,礵
U+7936,guàn,礶
U+7937,lán,礷
U+7938,cǎ,礸
U+7939,yán;yǎn,礹
U+793A,shì;qí;zhì;shí,示
U+793B,shì,礻
U+793C,lǐ,礼
U+793D,réng,礽
U+793E,shè,社
U+793F,yuè,礿
U+7940,sì,祀
U+7941,qí;zhǐ,祁
U+7942,tā,祂
U+7943,mà,祃
U+7944,xiè,祄
U+7945,yāo,祅
U+7946,xiān,祆
U+7947,qí;chí;zhī;zhǐ,祇
U+7948,qí;guǐ,祈
U+7949,zhǐ,祉
U+794A,bēng;fāng,祊
U+794B,duì,祋
U+794C,zhòng;chōng,祌
U+794D,rèn,祍
U+794E,yī,祎
U+794F,shí,祏
U+7950,yòu,祐
U+7951,zhì,祑
U+7952,tiáo,祒
U+7953,fú;fèi,祓
U+7954,fù,祔
U+7955,mì;bì,祕
U+7956,zǔ;jiē,祖
U+7957,zhī,祗
U+7958,suàn,祘
U+7959,mèi,祙
U+795A,zuò,祚
U+795B,qū,祛
U+795C,hù,祜
U+795D,zhù;zhòu;chù,祝
U+795E,shén;shēn,神
U+795F,suì,祟
U+7960,cí;sì,祠
U+7961,chái,祡
U+7962,mí;nǐ,祢
U+7963,lǚ,祣
U+7964,yǔ,祤
U+7965,xiáng,祥
U+7966,wú,祦
U+7967,tiāo,祧
U+7968,piào;piāo,票
U+7969,zhù,祩
U+796A,guǐ,祪
U+796B,xiá,祫
U+796C,zhī,祬
U+796D,jì;zhài,祭
U+796E,gào,祮
U+796F,zhēn,祯
U+7970,gào,祰
U+7971,shuì;lèi,祱
U+7972,jìn,祲
U+7973,shèn,祳
U+7974,gāi,祴
U+7975,kǔn,祵
U+7976,dì,祶
U+7977,dǎo,祷
U+7978,huò,祸
U+7979,táo,祹
U+797A,qí,祺
U+797B,gù,祻
U+797C,guàn,祼
U+797D,zuì,祽
U+797E,líng,祾
U+797F,lù,祿
U+7980,bǐng,禀
U+7981,jìn;jīn,禁
U+7982,dǎo,禂
U+7983,zhí,禃
U+7984,lù,禄
U+7985,chán;shàn,禅
U+7986,bì,禆
U+7987,zhě,禇
U+7988,huī,禈
U+7989,yǒu,禉
U+798A,xì,禊
U+798B,yīn,禋
U+798C,zī,禌
U+798D,huò,禍
U+798E,zhēn;zhēng,禎
U+798F,fú;fù,福
U+7990,yuàn,禐
U+7991,wú,禑
U+7992,xiǎn,禒
U+7993,yáng;shāng,禓
U+7994,zhī,禔
U+7995,yī,禕
U+7996,méi,禖
U+7997,sī,禗
U+7998,dì,禘
U+7999,bèi,禙
U+799A,zhuó,禚
U+799B,zhēn,禛
U+799C,yǒng;yíng,禜
U+799D,jì,禝
U+799E,gào,禞
U+799F,táng,禟
U+79A0,sī,禠
U+79A1,mà,禡
U+79A2,tà,禢
U+79A3,fù,禣
U+79A4,xuān,禤
U+79A5,qí,禥
U+79A6,yù,禦
U+79A7,xǐ;xī,禧
U+79A8,jī;jì;qí,禨
U+79A9,sì,禩
U+79AA,chán;shàn;tán,禪
U+79AB,dàn,禫
U+79AC,guì,禬
U+79AD,suì,禭
U+79AE,lǐ,禮
U+79AF,nóng,禯
U+79B0,mí;nǐ;xiǎn,禰
U+79B1,dǎo,禱
U+79B2,lì,禲
U+79B3,ráng,禳
U+79B4,yuè,禴
U+79B5,tí,禵
U+79B6,zàn,禶
U+79B7,lèi,禷
U+79B8,róu,禸
U+79B9,yǔ,禹
U+79BA,yú;yù,禺
U+79BB,lí;chī,离
U+79BC,xiè,禼
U+79BD,qín,禽
U+79BE,hé,禾
U+79BF,tū,禿
U+79C0,xiù,秀
U+79C1,sī,私
U+79C2,rén,秂
U+79C3,tū,秃
U+79C4,zǐ;zì,秄
U+79C5,chá;ná,秅
U+79C6,gǎn,秆
U+79C7,yì;zhí,秇
U+79C8,xiān,秈
U+79C9,bǐng,秉
U+79CA,nián,秊
U+79CB,qiū,秋
U+79CC,qiū,秌
U+79CD,zhǒng;chóng;zhòng,种
U+79CE,fèn,秎
U+79CF,hào;mào,秏
U+79D0,yún,秐
U+79D1,kē;kè,科
U+79D2,miǎo,秒
U+79D3,zhī,秓
U+79D4,jīng,秔
U+79D5,bǐ,秕
U+79D6,zhī,秖
U+79D7,yù,秗
U+79D8,mì;bì;bié,秘
U+79D9,kù,秙
U+79DA,bàn,秚
U+79DB,pī,秛
U+79DC,ní;nì,秜
U+79DD,lì,秝
U+79DE,yóu,秞
U+79DF,zū;jū,租
U+79E0,pī,秠
U+79E1,bó,秡
U+79E2,líng,秢
U+79E3,mò,秣
U+79E4,chèng;chēng;píng,秤
U+79E5,nián,秥
U+79E6,qín,秦
U+79E7,yāng,秧
U+79E8,zuó,秨
U+79E9,zhì,秩
U+79EA,zhī,秪
U+79EB,shú,秫
U+79EC,jù,秬
U+79ED,zǐ,秭
U+79EE,huó,秮
U+79EF,jī;zhǐ,积
U+79F0,chēng;chèn;chèng,称
U+79F1,tóng,秱
U+79F2,zhì;shì,秲
U+79F3,huó;kuò,秳
U+79F4,hé;gé,秴
U+79F5,yīn,秵
U+79F6,zī,秶
U+79F7,zhì,秷
U+79F8,jiē;jí,秸
U+79F9,rěn,秹
U+79FA,dù,秺
U+79FB,yí;chǐ;yì,移
U+79FC,zhū,秼
U+79FD,huì,秽
U+79FE,nóng,秾
U+79FF,fù;bū;pū,秿
U+7A00,xī,稀
U+7A01,gǎo,稁
U+7A02,láng,稂
U+7A03,fū,稃
U+7A04,xùn;zè,稄
U+7A05,shuì,稅
U+7A06,lǚ,稆
U+7A07,kǔn,稇
U+7A08,gǎn,稈
U+7A09,jīng,稉
U+7A0A,tí,稊
U+7A0B,chéng,程
U+7A0C,tú;shǔ,稌
U+7A0D,shāo;shào,稍
U+7A0E,shuì;tuō;tuì;tuàn,税
U+7A0F,yà,稏
U+7A10,lǔn,稐
U+7A11,lù,稑
U+7A12,gù,稒
U+7A13,zuó,稓
U+7A14,rěn,稔
U+7A15,zhùn;zhǔn,稕
U+7A16,bàng,稖
U+7A17,bài,稗
U+7A18,jī;qí,稘
U+7A19,zhī;zhì,稙
U+7A1A,zhì,稚
U+7A1B,kǔn,稛
U+7A1C,léng;lèng;líng,稜
U+7A1D,péng,稝
U+7A1E,kē;huà,稞
U+7A1F,bǐng;lǐn,稟
U+7A20,chóu;tiáo;diào,稠
U+7A21,zuì;zú;sū,稡
U+7A22,yù,稢
U+7A23,sū,稣
U+7A24,lüè,稤
U+7A25,xiāng,稥
U+7A26,yī,稦
U+7A27,xì;qiè,稧
U+7A28,biǎn,稨
U+7A29,jì,稩
U+7A2A,fú,稪
U+7A2B,pì;bì,稫
U+7A2C,nuò,稬
U+7A2D,jiē,稭
U+7A2E,zhǒng;chóng;zhòng,種
U+7A2F,zōng;zǒng,稯
U+7A30,xǔ;xū,稰
U+7A31,chēng;chèn;chèng,稱
U+7A32,dào,稲
U+7A33,wěn,稳
U+7A34,xián;jiān;liàn;liǎn,稴
U+7A35,zī;jiū,稵
U+7A36,yù,稶
U+7A37,jì;zè,稷
U+7A38,xù,稸
U+7A39,zhěn;zhēn;biān,稹
U+7A3A,zhì,稺
U+7A3B,dào,稻
U+7A3C,jià,稼
U+7A3D,jī;qǐ,稽
U+7A3E,gǎo;kào;gào;jiào,稾
U+7A3F,gǎo,稿
U+7A40,gǔ,穀
U+7A41,róng,穁
U+7A42,suì,穂
U+7A43,rong,穃
U+7A44,jì,穄
U+7A45,kāng,穅
U+7A46,mù,穆
U+7A47,cǎn;shān;cēn,穇
U+7A48,méi;mén;mí,穈
U+7A49,zhì;chí;tí,穉
U+7A4A,jì,穊
U+7A4B,lù;jiū,穋
U+7A4C,sū,穌
U+7A4D,jī,積
U+7A4E,yǐng,穎
U+7A4F,wěn,穏
U+7A50,qiū,穐
U+7A51,sè,穑
U+7A52,hè,穒
U+7A53,yì,穓
U+7A54,huáng,穔
U+7A55,qiè,穕
U+7A56,jǐ;jì,穖
U+7A57,suì,穗
U+7A58,xiāo;rào,穘
U+7A59,pú,穙
U+7A5A,jiāo,穚
U+7A5B,zhuō;bó,穛
U+7A5C,zhǒng;tóng;zhòng,穜
U+7A5D,zui,穝
U+7A5E,lǚ,穞
U+7A5F,suì,穟
U+7A60,nóng,穠
U+7A61,sè,穡
U+7A62,huì,穢
U+7A63,ráng,穣
U+7A64,nuò,穤
U+7A65,yù;yǔ,穥
U+7A66,pīn,穦
U+7A67,jì;zì,穧
U+7A68,tuí,穨
U+7A69,wěn,穩
U+7A6A,chēng;bié,穪
U+7A6B,huò;hù,穫
U+7A6C,kuàng,穬
U+7A6D,lǚ,穭
U+7A6E,biāo;pāo,穮
U+7A6F,sè,穯
U+7A70,ráng;rǎng;réng,穰
U+7A71,zhuō;jué,穱
U+7A72,lí,穲
U+7A73,cuán;zàn,穳
U+7A74,xué;jué,穴
U+7A75,wā;yà,穵
U+7A76,jiū;jiù,究
U+7A77,qióng,穷
U+7A78,xī,穸
U+7A79,qióng;qiōng;kōng,穹
U+7A7A,kōng;kòng;kǒng,空
U+7A7B,yū;yǔ,穻
U+7A7C,shēn,穼
U+7A7D,jǐng,穽
U+7A7E,yào;yǎo,穾
U+7A7F,chuān;chuàn;yuān,穿
U+7A80,zhūn;tún,窀
U+7A81,tū,突
U+7A82,láo,窂
U+7A83,qiè,窃
U+7A84,zhǎi,窄
U+7A85,yǎo,窅
U+7A86,biǎn,窆
U+7A87,báo,窇
U+7A88,yǎo;yào,窈
U+7A89,bǐng,窉
U+7A8A,wā,窊
U+7A8B,zhú;kū,窋
U+7A8C,jiào;pào;liáo;liù,窌
U+7A8D,qiào,窍
U+7A8E,diào,窎
U+7A8F,wū,窏
U+7A90,guī;wā,窐
U+7A91,yáo,窑
U+7A92,zhì;dié,窒
U+7A93,chuāng,窓
U+7A94,yào;yǎo,窔
U+7A95,tiǎo;tiāo,窕
U+7A96,jiào;zào,窖
U+7A97,chuāng;cōng,窗
U+7A98,jiǒng,窘
U+7A99,xiāo,窙
U+7A9A,chéng,窚
U+7A9B,kòu,窛
U+7A9C,cuàn,窜
U+7A9D,wō,窝
U+7A9E,dàn,窞
U+7A9F,kū,窟
U+7AA0,kē,窠
U+7AA1,zhuó,窡
U+7AA2,xū,窢
U+7AA3,sū,窣
U+7AA4,guān,窤
U+7AA5,kuī,窥
U+7AA6,dòu,窦
U+7AA7,zhuo,窧
U+7AA8,xūn;yìn;yīn,窨
U+7AA9,wō,窩
U+7AAA,wā,窪
U+7AAB,yà;yē,窫
U+7AAC,yú;dōu,窬
U+7AAD,jù,窭
U+7AAE,qióng,窮
U+7AAF,yáo;yào;qiāo,窯
U+7AB0,yáo,窰
U+7AB1,tiǎo,窱
U+7AB2,cháo,窲
U+7AB3,yǔ;yú,窳
U+7AB4,tián,窴
U+7AB5,diào,窵
U+7AB6,jù;lóu,窶
U+7AB7,liào,窷
U+7AB8,xī,窸
U+7AB9,wù,窹
U+7ABA,kuī;kuǐ,窺
U+7ABB,chuāng,窻
U+7ABC,zhāo;kē,窼
U+7ABD,kuǎn,窽
U+7ABE,kuǎn;cuàn,窾
U+7ABF,lóng,窿
U+7AC0,chēng;chèng,竀
U+7AC1,cuì,竁
U+7AC2,liáo,竂
U+7AC3,zào,竃
U+7AC4,cuàn;cuān,竄
U+7AC5,qiào,竅
U+7AC6,qióng,竆
U+7AC7,dòu;dú,竇
U+7AC8,zào,竈
U+7AC9,lǒng,竉
U+7ACA,qiè,竊
U+7ACB,lì;wèi,立
U+7ACC,chù,竌
U+7ACD,shí,竍
U+7ACE,fù,竎
U+7ACF,qiān,竏
U+7AD0,chù,竐
U+7AD1,hóng,竑
U+7AD2,qí,竒
U+7AD3,háo,竓
U+7AD4,shēng,竔
U+7AD5,fēn,竕
U+7AD6,shù,竖
U+7AD7,miào,竗
U+7AD8,qǔ;kǒu,竘
U+7AD9,zhàn;zhān,站
U+7ADA,zhù,竚
U+7ADB,líng,竛
U+7ADC,lóng;néng,竜
U+7ADD,bìng,竝
U+7ADE,jìng,竞
U+7ADF,jìng,竟
U+7AE0,zhāng;zhàng,章
U+7AE1,bǎi,竡
U+7AE2,sì,竢
U+7AE3,jùn,竣
U+7AE4,hóng,竤
U+7AE5,tóng;zhōng,童
U+7AE6,sǒng,竦
U+7AE7,jìng;zhěn,竧
U+7AE8,diào,竨
U+7AE9,yì,竩
U+7AEA,shù,竪
U+7AEB,jìng,竫
U+7AEC,qǔ,竬
U+7AED,jié,竭
U+7AEE,pīng,竮
U+7AEF,duān,端
U+7AF0,lí,竰
U+7AF1,zhuǎn,竱
U+7AF2,céng,竲
U+7AF3,dēng,竳
U+7AF4,cūn,竴
U+7AF5,wāi;huā,竵
U+7AF6,jìng,競
U+7AF7,kǎn;kàn,竷
U+7AF8,jìng,竸
U+7AF9,zhú,竹
U+7AFA,zhú;dǔ,竺
U+7AFB,lè;jīn,竻
U+7AFC,péng,竼
U+7AFD,yú,竽
U+7AFE,chí,竾
U+7AFF,gān;gàn;gǎn,竿
U+7B00,máng,笀
U+7B01,zhú,笁
U+7B02,wán,笂
U+7B03,dǔ,笃
U+7B04,jī,笄
U+7B05,jiǎo,笅
U+7B06,bā,笆
U+7B07,suàn,笇
U+7B08,jí,笈
U+7B09,qǐn,笉
U+7B0A,zhào,笊
U+7B0B,sǔn,笋
U+7B0C,yá,笌
U+7B0D,zhuì;ruì,笍
U+7B0E,yuán,笎
U+7B0F,hù;wěn;wù,笏
U+7B10,háng;hàng,笐
U+7B11,xiào,笑
U+7B12,cén;jìn;hán,笒
U+7B13,bì;pí;bī,笓
U+7B14,bǐ,笔
U+7B15,jiǎn,笕
U+7B16,yǐ,笖
U+7B17,dōng,笗
U+7B18,shān,笘
U+7B19,shēng,笙
U+7B1A,dā;xiá;nà,笚
U+7B1B,dí,笛
U+7B1C,zhú,笜
U+7B1D,nà,笝
U+7B1E,chī,笞
U+7B1F,gū,笟
U+7B20,lì,笠
U+7B21,qiè,笡
U+7B22,mǐn,笢
U+7B23,bāo,笣
U+7B24,tiáo;shào,笤
U+7B25,sì,笥
U+7B26,fú,符
U+7B27,cè;shàn,笧
U+7B28,bèn,笨
U+7B29,fá,笩
U+7B2A,dá,笪
U+7B2B,zǐ,笫
U+7B2C,dì,第
U+7B2D,líng,笭
U+7B2E,zé;zuó;zhà,笮
U+7B2F,nú,笯
U+7B30,fú;fèi,笰
U+7B31,gǒu,笱
U+7B32,fán,笲
U+7B33,jiā,笳
U+7B34,gǎn,笴
U+7B35,fàn,笵
U+7B36,shǐ,笶
U+7B37,mǎo,笷
U+7B38,pǒ,笸
U+7B39,ti,笹
U+7B3A,jiān,笺
U+7B3B,qióng,笻
U+7B3C,lóng;lǒng,笼
U+7B3D,mǐn,笽
U+7B3E,biān,笾
U+7B3F,luò,笿
U+7B40,guì,筀
U+7B41,qū,筁
U+7B42,chí,筂
U+7B43,yīn,筃
U+7B44,yào,筄
U+7B45,xiǎn,筅
U+7B46,bǐ,筆
U+7B47,qióng,筇
U+7B48,kuò,筈
U+7B49,děng,等
U+7B4A,xiáo;jiǎo;jiào,筊
U+7B4B,jīn;qián,筋
U+7B4C,quán,筌
U+7B4D,sǔn;yún;xùn,筍
U+7B4E,rú,筎
U+7B4F,fá,筏
U+7B50,kuāng,筐
U+7B51,zhù;zhú,筑
U+7B52,tǒng;dòng;tóng,筒
U+7B53,jī,筓
U+7B54,dá;dā,答
U+7B55,háng,筕
U+7B56,cè,策
U+7B57,zhòng,筗
U+7B58,kòu,筘
U+7B59,lái,筙
U+7B5A,bì,筚
U+7B5B,shāi,筛
U+7B5C,dāng,筜
U+7B5D,zhēng,筝
U+7B5E,cè,筞
U+7B5F,fū,筟
U+7B60,yún;jūn,筠
U+7B61,tú,筡
U+7B62,pá,筢
U+7B63,lí,筣
U+7B64,láng;làng,筤
U+7B65,jǔ,筥
U+7B66,guǎn,筦
U+7B67,jiǎn;xiàn,筧
U+7B68,hán,筨
U+7B69,tóng;tǒng;yǒng;dòng,筩
U+7B6A,xiá,筪
U+7B6B,zhì;zhǐ,筫
U+7B6C,chéng,筬
U+7B6D,suàn,筭
U+7B6E,shì,筮
U+7B6F,zhù,筯
U+7B70,zuó,筰
U+7B71,xiǎo,筱
U+7B72,shāo,筲
U+7B73,tíng,筳
U+7B74,cè;jiā;jiá,筴
U+7B75,yán,筵
U+7B76,gào;gǎo,筶
U+7B77,kuài,筷
U+7B78,gān,筸
U+7B79,chóu,筹
U+7B7A,kuāng,筺
U+7B7B,gàng,筻
U+7B7C,yún,筼
U+7B7D,ōu;wú,筽
U+7B7E,qiān,签
U+7B7F,xiǎo,筿
U+7B80,jiǎn,简
U+7B81,póu;bù;fú;pú,箁
U+7B82,lái,箂
U+7B83,zōu,箃
U+7B84,bǐ;bēi;bī;bì;pái,箄
U+7B85,bì,箅
U+7B86,bì,箆
U+7B87,gè,箇
U+7B88,tái;chí,箈
U+7B89,guǎi;dài,箉
U+7B8A,yū,箊
U+7B8B,jiān,箋
U+7B8C,dào;zhào,箌
U+7B8D,gū,箍
U+7B8E,chí;hǔ,箎
U+7B8F,zhēng,箏
U+7B90,qìng;jīng;qiāng,箐
U+7B91,shà;zhá,箑
U+7B92,zhǒu,箒
U+7B93,lù,箓
U+7B94,bó,箔
U+7B95,jī,箕
U+7B96,lín;lǐn,箖
U+7B97,suàn,算
U+7B98,jùn;qūn,箘
U+7B99,fú,箙
U+7B9A,zhá,箚
U+7B9B,gū,箛
U+7B9C,kōng,箜
U+7B9D,qián,箝
U+7B9E,qiān,箞
U+7B9F,jùn,箟
U+7BA0,chuí;zhuī,箠
U+7BA1,guǎn,管
U+7BA2,yuān;wǎn,箢
U+7BA3,cè,箣
U+7BA4,zú,箤
U+7BA5,bǒ,箥
U+7BA6,zé,箦
U+7BA7,qiè,箧
U+7BA8,tuò,箨
U+7BA9,luó,箩
U+7BAA,dān,箪
U+7BAB,xiāo,箫
U+7BAC,ruò;nà,箬
U+7BAD,jiàn,箭
U+7BAE,xuān,箮
U+7BAF,biān,箯
U+7BB0,sǔn,箰
U+7BB1,xiāng,箱
U+7BB2,xiǎn,箲
U+7BB3,píng,箳
U+7BB4,zhēn;jiǎn,箴
U+7BB5,xīng;xǐng;shěng,箵
U+7BB6,hú,箶
U+7BB7,yí;shī,箷
U+7BB8,zhù;zhuó,箸
U+7BB9,yuē;yào;chuò,箹
U+7BBA,chūn,箺
U+7BBB,lǜ,箻
U+7BBC,wū,箼
U+7BBD,dǒng,箽
U+7BBE,shuò;xiāo;qiào,箾
U+7BBF,jí,箿
U+7BC0,jié;jiē,節
U+7BC1,huáng,篁
U+7BC2,xīng,篂
U+7BC3,mèi,篃
U+7BC4,fàn,範
U+7BC5,chuán;duān,篅
U+7BC6,zhuàn,篆
U+7BC7,piān,篇
U+7BC8,fēng,篈
U+7BC9,zhù;zhú,築
U+7BCA,huáng;hóng,篊
U+7BCB,qiè,篋
U+7BCC,hóu,篌
U+7BCD,qiū,篍
U+7BCE,miǎo,篎
U+7BCF,qiàn,篏
U+7BD0,gū,篐
U+7BD1,kuì,篑
U+7BD2,shi,篒
U+7BD3,lǒu,篓
U+7BD4,yún;xūn,篔
U+7BD5,hé,篕
U+7BD6,táng,篖
U+7BD7,yuè,篗
U+7BD8,chōu,篘
U+7BD9,gāo,篙
U+7BDA,fěi,篚
U+7BDB,ruò,篛
U+7BDC,zhēng,篜
U+7BDD,gōu,篝
U+7BDE,niè,篞
U+7BDF,qiàn,篟
U+7BE0,xiǎo,篠
U+7BE1,cuàn,篡
U+7BE2,lǒng;gōng;gǎn,篢
U+7BE3,péng;páng,篣
U+7BE4,dǔ,篤
U+7BE5,lì,篥
U+7BE6,bì;pí,篦
U+7BE7,zhuó;huò,篧
U+7BE8,chú,篨
U+7BE9,shāi;shī,篩
U+7BEA,chí,篪
U+7BEB,zhù,篫
U+7BEC,qiāng;cāng,篬
U+7BED,lóng,篭
U+7BEE,lán,篮
U+7BEF,jiān,篯
U+7BF0,bù,篰
U+7BF1,lí,篱
U+7BF2,huì;suì,篲
U+7BF3,bì,篳
U+7BF4,dí;zhú,篴
U+7BF5,cōng,篵
U+7BF6,yān,篶
U+7BF7,péng,篷
U+7BF8,cǎn;cēn;zān,篸
U+7BF9,zhuàn;suǎn;zuǎn,篹
U+7BFA,pí,篺
U+7BFB,piǎo;biāo,篻
U+7BFC,dōu,篼
U+7BFD,yù,篽
U+7BFE,miè,篾
U+7BFF,tuán;zhuān,篿
U+7C00,zé;zhài,簀
U+7C01,shāi,簁
U+7C02,guì;guó,簂
U+7C03,yí,簃
U+7C04,hù,簄
U+7C05,chǎn,簅
U+7C06,kòu,簆
U+7C07,cù;chuò;còu,簇
U+7C08,píng,簈
U+7C09,zào;chòu,簉
U+7C0A,jī,簊
U+7C0B,guǐ,簋
U+7C0C,sù,簌
U+7C0D,lǒu;lǚ;jù,簍
U+7C0E,cè;jí,簎
U+7C0F,lù,簏
U+7C10,niǎn,簐
U+7C11,suō,簑
U+7C12,cuàn,簒
U+7C13,diāo,簓
U+7C14,suō,簔
U+7C15,lè,簕
U+7C16,duàn,簖
U+7C17,zhù,簗
U+7C18,xiāo,簘
U+7C19,bó,簙
U+7C1A,mì,簚
U+7C1B,shāi;sī,簛
U+7C1C,dàng;tāng,簜
U+7C1D,liáo,簝
U+7C1E,dān,簞
U+7C1F,diàn,簟
U+7C20,fǔ,簠
U+7C21,jiǎn,簡
U+7C22,mǐn,簢
U+7C23,kuì,簣
U+7C24,dài,簤
U+7C25,jiāo,簥
U+7C26,dēng,簦
U+7C27,huáng,簧
U+7C28,sǔn;zhuàn,簨
U+7C29,láo,簩
U+7C2A,zān;zǎn,簪
U+7C2B,xiāo;xiǎo,簫
U+7C2C,lù,簬
U+7C2D,shì,簭
U+7C2E,zān,簮
U+7C2F,qi,簯
U+7C30,pái,簰
U+7C31,qí,簱
U+7C32,pái,簲
U+7C33,gǎn;gàn,簳
U+7C34,jù,簴
U+7C35,lù,簵
U+7C36,lù,簶
U+7C37,yán,簷
U+7C38,bǒ;bò,簸
U+7C39,dāng,簹
U+7C3A,sài,簺
U+7C3B,zhuā;kē,簻
U+7C3C,gōu,簼
U+7C3D,qiān,簽
U+7C3E,lián,簾
U+7C3F,bù;bó,簿
U+7C40,zhòu,籀
U+7C41,lài,籁
U+7C42,shi,籂
U+7C43,lán,籃
U+7C44,kuì,籄
U+7C45,yú,籅
U+7C46,yuè,籆
U+7C47,háo,籇
U+7C48,zhēn;jiān,籈
U+7C49,tái,籉
U+7C4A,tì,籊
U+7C4B,niè;mí,籋
U+7C4C,chóu;táo,籌
U+7C4D,jí;jiè,籍
U+7C4E,yí,籎
U+7C4F,qí,籏
U+7C50,téng,籐
U+7C51,zhuàn;zuǎn,籑
U+7C52,zhòu,籒
U+7C53,fān;bān;pān,籓
U+7C54,sǒu;shǔ,籔
U+7C55,zhòu,籕
U+7C56,qian,籖
U+7C57,zhuó,籗
U+7C58,téng,籘
U+7C59,lù,籙
U+7C5A,lú,籚
U+7C5B,jiǎn;jiān,籛
U+7C5C,tuò,籜
U+7C5D,yíng,籝
U+7C5E,yù,籞
U+7C5F,lài,籟
U+7C60,lóng;lǒng,籠
U+7C61,qiè,籡
U+7C62,lián,籢
U+7C63,lán,籣
U+7C64,qiān,籤
U+7C65,yuè,籥
U+7C66,zhōng,籦
U+7C67,qú;jǔ,籧
U+7C68,lián,籨
U+7C69,biān,籩
U+7C6A,duàn,籪
U+7C6B,zuǎn,籫
U+7C6C,lí,籬
U+7C6D,sī,籭
U+7C6E,luó,籮
U+7C6F,yíng,籯
U+7C70,yuè,籰
U+7C71,zhuó,籱
U+7C72,yù,籲
U+7C73,mǐ,米
U+7C74,dí;zá,籴
U+7C75,fán,籵
U+7C76,shēn,籶
U+7C77,zhé,籷
U+7C78,shēn,籸
U+7C79,nǚ,籹
U+7C7A,hé,籺
U+7C7B,lèi,类
U+7C7C,xiān,籼
U+7C7D,zǐ,籽
U+7C7E,ní,籾
U+7C7F,cùn,籿
U+7C80,zhàng,粀
U+7C81,qiān,粁
U+7C82,zhāi,粂
U+7C83,bǐ;pī,粃
U+7C84,bǎn,粄
U+7C85,wù,粅
U+7C86,shā;chǎo,粆
U+7C87,kāng;jīng,粇
U+7C88,róu,粈
U+7C89,fěn,粉
U+7C8A,bì,粊
U+7C8B,cuì,粋
U+7C8C,yin,粌
U+7C8D,zhé,粍
U+7C8E,mǐ,粎
U+7C8F,tai,粏
U+7C90,hù,粐
U+7C91,bā,粑
U+7C92,lì,粒
U+7C93,gān,粓
U+7C94,jù,粔
U+7C95,pò,粕
U+7C96,mò,粖
U+7C97,cū,粗
U+7C98,zhān;nián,粘
U+7C99,zhòu,粙
U+7C9A,chī,粚
U+7C9B,sù,粛
U+7C9C,tiào,粜
U+7C9D,lì,粝
U+7C9E,xī,粞
U+7C9F,sù,粟
U+7CA0,hóng,粠
U+7CA1,tóng,粡
U+7CA2,zī;cí;jì,粢
U+7CA3,cè;sè,粣
U+7CA4,yuè,粤
U+7CA5,zhōu;yù,粥
U+7CA6,lín,粦
U+7CA7,zhuāng,粧
U+7CA8,bǎi,粨
U+7CA9,lāo,粩
U+7CAA,fèn,粪
U+7CAB,ér,粫
U+7CAC,qū,粬
U+7CAD,hé,粭
U+7CAE,liáng,粮
U+7CAF,xiàn,粯
U+7CB0,fú;fū,粰
U+7CB1,liáng,粱
U+7CB2,càn,粲
U+7CB3,jīng,粳
U+7CB4,lǐ,粴
U+7CB5,yuè,粵
U+7CB6,lù,粶
U+7CB7,jú,粷
U+7CB8,qí,粸
U+7CB9,cuì;suì,粹
U+7CBA,bài,粺
U+7CBB,zhāng,粻
U+7CBC,lín;lǐn,粼
U+7CBD,zòng,粽
U+7CBE,jīng;qíng;jìng,精
U+7CBF,guǒ;huà,粿
U+7CC0,huā,糀
U+7CC1,sǎn;shēn,糁
U+7CC2,sǎn,糂
U+7CC3,táng,糃
U+7CC4,biǎn;biān,糄
U+7CC5,róu,糅
U+7CC6,miàn,糆
U+7CC7,hóu,糇
U+7CC8,xǔ,糈
U+7CC9,zòng,糉
U+7CCA,hú;hū;hù,糊
U+7CCB,jiàn,糋
U+7CCC,zān,糌
U+7CCD,cí,糍
U+7CCE,lí,糎
U+7CCF,xiè,糏
U+7CD0,fū,糐
U+7CD1,nuò,糑
U+7CD2,bèi,糒
U+7CD3,gǔ,糓
U+7CD4,xiǔ,糔
U+7CD5,gāo,糕
U+7CD6,táng,糖
U+7CD7,qiǔ,糗
U+7CD8,jiā,糘
U+7CD9,cāo,糙
U+7CDA,zhuāng,糚
U+7CDB,táng,糛
U+7CDC,mí;méi,糜
U+7CDD,sǎn;sān;shēn,糝
U+7CDE,fèn,糞
U+7CDF,zāo,糟
U+7CE0,kāng,糠
U+7CE1,jiàng,糡
U+7CE2,mó,糢
U+7CE3,sǎn,糣
U+7CE4,sǎn,糤
U+7CE5,nuò,糥
U+7CE6,xī,糦
U+7CE7,liáng,糧
U+7CE8,jiàng;jiāng,糨
U+7CE9,kuài,糩
U+7CEA,bò,糪
U+7CEB,huán,糫
U+7CEC,shǔ,糬
U+7CED,zòng,糭
U+7CEE,xiàn,糮
U+7CEF,nuò,糯
U+7CF0,tuán,糰
U+7CF1,niè,糱
U+7CF2,lì,糲
U+7CF3,zuò,糳
U+7CF4,dí,糴
U+7CF5,niè,糵
U+7CF6,tiào;diào,糶
U+7CF7,làn,糷
U+7CF8,mì;sī,糸
U+7CF9,sī,糹
U+7CFA,jiū;jiǔ,糺
U+7CFB,xì;jì,系
U+7CFC,gōng,糼
U+7CFD,zhěng;zhēng,糽
U+7CFE,jiū;jiǎo,糾
U+7CFF,yòu,糿
U+7D00,jì;jǐ,紀
U+7D01,chà,紁
U+7D02,zhòu,紂
U+7D03,xún,紃
U+7D04,yuē;yāo;yào;dì,約
U+7D05,hóng;gōng;jiàng,紅
U+7D06,yū;ōu,紆
U+7D07,hé;gē;jié,紇
U+7D08,wán,紈
U+7D09,rèn,紉
U+7D0A,wěn;wèn,紊
U+7D0B,wén;wèn,紋
U+7D0C,qiú,紌
U+7D0D,nà,納
U+7D0E,zī,紎
U+7D0F,tǒu,紏
U+7D10,niǔ,紐
U+7D11,fóu,紑
U+7D12,jì;jié;jiè,紒
U+7D13,shū,紓
U+7D14,chún;zhǔn;tún;quán;zī;zhūn,純
U+7D15,pī;pí;bǐ;bī;bì;chǐ,紕
U+7D16,zhèn,紖
U+7D17,shā;miǎo,紗
U+7D18,hóng,紘
U+7D19,zhǐ,紙
U+7D1A,jí,級
U+7D1B,fēn,紛
U+7D1C,yún,紜
U+7D1D,rèn,紝
U+7D1E,dǎn,紞
U+7D1F,jīn;jìn,紟
U+7D20,sù,素
U+7D21,fǎng;bǎng;fàng,紡
U+7D22,suǒ,索
U+7D23,cuì,紣
U+7D24,jiǔ,紤
U+7D25,zā;zhā,紥
U+7D26,ba,紦
U+7D27,jǐn,紧
U+7D28,fū;fù,紨
U+7D29,zhì,紩
U+7D2A,qī,紪
U+7D2B,zǐ,紫
U+7D2C,chóu;chōu;zhòu,紬
U+7D2D,hóng,紭
U+7D2E,zā;zhā,紮
U+7D2F,lèi;léi;lěi;lǜ;liè,累
U+7D30,xì,細
U+7D31,fú,紱
U+7D32,xiè;yì,紲
U+7D33,shēn,紳
U+7D34,bō;bì,紴
U+7D35,zhù;shū,紵
U+7D36,qū;qǔ,紶
U+7D37,líng,紷
U+7D38,zhù,紸
U+7D39,shào;chāo,紹
U+7D3A,gàn,紺
U+7D3B,yǎng,紻
U+7D3C,fú;fèi,紼
U+7D3D,tuó,紽
U+7D3E,zhěn;tiǎn;jǐn,紾
U+7D3F,dài,紿
U+7D40,chù,絀
U+7D41,shī,絁
U+7D42,zhōng,終
U+7D43,xián;xuàn,絃
U+7D44,zǔ;qū,組
U+7D45,jiōng;jiǒng,絅
U+7D46,bàn,絆
U+7D47,qú,絇
U+7D48,mò,絈
U+7D49,shù,絉
U+7D4A,zuì,絊
U+7D4B,kuàng,絋
U+7D4C,jīng,経
U+7D4D,rèn,絍
U+7D4E,háng,絎
U+7D4F,xiè;yì,絏
U+7D50,jié;jì;jiē,結
U+7D51,zhū,絑
U+7D52,chóu,絒
U+7D53,guà;kuā,絓
U+7D54,bǎi;mò,絔
U+7D55,jué,絕
U+7D56,kuàng,絖
U+7D57,hú,絗
U+7D58,cì,絘
U+7D59,huán;gēng,絙
U+7D5A,gēng,絚
U+7D5B,tāo,絛
U+7D5C,jié;xié;qià;jiá;qì,絜
U+7D5D,kù,絝
U+7D5E,jiǎo;xiáo;jiào,絞
U+7D5F,quán,絟
U+7D60,gǎi;ǎi,絠
U+7D61,luò;lào,絡
U+7D62,xuàn;xún,絢
U+7D63,bēng;bīng;pēng,絣
U+7D64,xiàn,絤
U+7D65,fú,絥
U+7D66,gěi;jǐ;xiá,給
U+7D67,dòng;tóng;tōng,絧
U+7D68,róng,絨
U+7D69,tiào;diào;dào,絩
U+7D6A,yīn,絪
U+7D6B,lěi,絫
U+7D6C,xiè,絬
U+7D6D,juàn,絭
U+7D6E,xù;chù;nǜ;nà,絮
U+7D6F,gāi;hài,絯
U+7D70,dié,絰
U+7D71,tǒng,統
U+7D72,sī,絲
U+7D73,jiàng,絳
U+7D74,xiáng,絴
U+7D75,huì,絵
U+7D76,jué,絶
U+7D77,zhí,絷
U+7D78,jiǎn,絸
U+7D79,juàn;xuàn,絹
U+7D7A,chī;zhǐ,絺
U+7D7B,miǎn;wèn;mán;wàn,絻
U+7D7C,zhèn,絼
U+7D7D,lǚ,絽
U+7D7E,chéng,絾
U+7D7F,qiú,絿
U+7D80,shū,綀
U+7D81,bǎng,綁
U+7D82,tǒng,綂
U+7D83,xiāo;shāo,綃
U+7D84,huán;huàn;wàn,綄
U+7D85,qīn;xiān,綅
U+7D86,gěng;bǐng,綆
U+7D87,xiǔ,綇
U+7D88,tí;tì,綈
U+7D89,tòu;xiù,綉
U+7D8A,xié,綊
U+7D8B,hóng,綋
U+7D8C,xì,綌
U+7D8D,fú,綍
U+7D8E,tīng,綎
U+7D8F,suī;suí;shuāi;ruí;tuǒ,綏
U+7D90,duì,綐
U+7D91,kǔn,綑
U+7D92,fū,綒
U+7D93,jīng;jìng,經
U+7D94,hù,綔
U+7D95,zhī,綕
U+7D96,yán;xiàn,綖
U+7D97,jiǒng,綗
U+7D98,féng,綘
U+7D99,jì,継
U+7D9A,xù,続
U+7D9B,rěn,綛
U+7D9C,zōng;zèng;zòng,綜
U+7D9D,chēn;shēn;lín,綝
U+7D9E,duǒ,綞
U+7D9F,lì;liè,綟
U+7DA0,lǜ,綠
U+7DA1,liáng,綡
U+7DA2,chóu;tāo;diào,綢
U+7DA3,quǎn,綣
U+7DA4,shào,綤
U+7DA5,qí,綥
U+7DA6,qí;qì,綦
U+7DA7,zhǔn;zhùn,綧
U+7DA8,qí,綨
U+7DA9,wǎn,綩
U+7DAA,qiàn;qīng;zhēng,綪
U+7DAB,xiàn,綫
U+7DAC,shòu,綬
U+7DAD,wéi;yí,維
U+7DAE,qǐ;qìng;qǐng,綮
U+7DAF,táo,綯
U+7DB0,wǎn,綰
U+7DB1,gāng,綱
U+7DB2,wǎng,網
U+7DB3,bēng,綳
U+7DB4,zhuì;chuò,綴
U+7DB5,cǎi,綵
U+7DB6,guǒ,綶
U+7DB7,cuì;zú,綷
U+7DB8,lún;guān,綸
U+7DB9,liǔ,綹
U+7DBA,qǐ;yǐ,綺
U+7DBB,zhàn,綻
U+7DBC,bì,綼
U+7DBD,chuò;chāo,綽
U+7DBE,líng,綾
U+7DBF,mián,綿
U+7DC0,qī,緀
U+7DC1,qiè,緁
U+7DC2,tián;tǎn;chān,緂
U+7DC3,zōng,緃
U+7DC4,gǔn;hùn;hún,緄
U+7DC5,zōu,緅
U+7DC6,xī,緆
U+7DC7,zī,緇
U+7DC8,xìng,緈
U+7DC9,liǎng,緉
U+7DCA,jǐn,緊
U+7DCB,fēi,緋
U+7DCC,ruí,緌
U+7DCD,mín,緍
U+7DCE,yù,緎
U+7DCF,zǒng;cōng,総
U+7DD0,fán,緐
U+7DD1,lǜ;lù,緑
U+7DD2,xù,緒
U+7DD3,yīng,緓
U+7DD4,shàng,緔
U+7DD5,qi,緕
U+7DD6,xù,緖
U+7DD7,xiāng,緗
U+7DD8,jiān,緘
U+7DD9,kè,緙
U+7DDA,xiàn,線
U+7DDB,ruǎn;ruàn,緛
U+7DDC,mián,緜
U+7DDD,jī;qì;qī;jí,緝
U+7DDE,duàn,緞
U+7DDF,chóng;zhòng,緟
U+7DE0,dì,締
U+7DE1,mín;mǐn;mián;hún,緡
U+7DE2,miáo;máo,緢
U+7DE3,yuán;yuàn,緣
U+7DE4,xiè;yè,緤
U+7DE5,bǎo,緥
U+7DE6,sī,緦
U+7DE7,qiū,緧
U+7DE8,biān;biǎn;biàn,編
U+7DE9,huǎn,緩
U+7DEA,gēng;gèng,緪
U+7DEB,cōng,緫
U+7DEC,miǎn,緬
U+7DED,wèi,緭
U+7DEE,fù,緮
U+7DEF,wěi,緯
U+7DF0,tóu;xū;yú,緰
U+7DF1,gōu,緱
U+7DF2,miǎo,緲
U+7DF3,xié,緳
U+7DF4,liàn,練
U+7DF5,zōng;zòng,緵
U+7DF6,biàn;pián;biǎn,緶
U+7DF7,yùn;gǔn,緷
U+7DF8,yīn,緸
U+7DF9,tí,緹
U+7DFA,guā,緺
U+7DFB,zhì,緻
U+7DFC,yùn;wēn,緼
U+7DFD,chēng,緽
U+7DFE,chán,緾
U+7DFF,dài,緿
U+7E00,xiá,縀
U+7E01,yuán,縁
U+7E02,zǒng,縂
U+7E03,xū,縃
U+7E04,shéng,縄
U+7E05,wēi,縅
U+7E06,gēng,縆
U+7E07,xuān,縇
U+7E08,yíng,縈
U+7E09,jìn,縉
U+7E0A,yì,縊
U+7E0B,zhuì,縋
U+7E0C,nì,縌
U+7E0D,bāng;bàng,縍
U+7E0E,gǔ;hú,縎
U+7E0F,pán,縏
U+7E10,zhòu;chào;cù;zhōu,縐
U+7E11,jiān,縑
U+7E12,cī;cuò;suǒ,縒
U+7E13,quán,縓
U+7E14,shuǎng,縔
U+7E15,yùn,縕
U+7E16,xiá,縖
U+7E17,cuī;suī;shuāi,縗
U+7E18,xī,縘
U+7E19,róng;rǒng;ròng,縙
U+7E1A,tāo,縚
U+7E1B,fù,縛
U+7E1C,yún,縜
U+7E1D,chēn;zhěn,縝
U+7E1E,gǎo,縞
U+7E1F,rù;rǒng,縟
U+7E20,hú,縠
U+7E21,zài;zēng,縡
U+7E22,téng,縢
U+7E23,xiàn;xuán,縣
U+7E24,sù,縤
U+7E25,zhěn,縥
U+7E26,zòng,縦
U+7E27,tāo,縧
U+7E28,huǎng,縨
U+7E29,cài,縩
U+7E2A,bì,縪
U+7E2B,fèng;féng,縫
U+7E2C,cù,縬
U+7E2D,lí,縭
U+7E2E,suō;sù,縮
U+7E2F,yǎn;yǐn,縯
U+7E30,xǐ,縰
U+7E31,zòng;cóng;zǒng,縱
U+7E32,léi,縲
U+7E33,juàn;zhuàn,縳
U+7E34,qiàn;qiān,縴
U+7E35,màn,縵
U+7E36,zhí,縶
U+7E37,lǚ,縷
U+7E38,mù;mò,縸
U+7E39,piǎo;piāo,縹
U+7E3A,lián,縺
U+7E3B,mí,縻
U+7E3C,xuàn,縼
U+7E3D,zǒng;zōng;cōng,總
U+7E3E,jī,績
U+7E3F,shān;xiān;xiāo;sāo;cǎn,縿
U+7E40,suì;cuǐ,繀
U+7E41,fán;pó;pán,繁
U+7E42,lǜ,繂
U+7E43,běng;bēng;bèng,繃
U+7E44,yī;yì,繄
U+7E45,sāo;zǎo,繅
U+7E46,móu;jiū;miù;mù;miào;liáo;liǎo;liào;lù,繆
U+7E47,yáo;yóu;zhòu,繇
U+7E48,qiǎng,繈
U+7E49,hún,繉
U+7E4A,xiān,繊
U+7E4B,jì,繋
U+7E4C,sha,繌
U+7E4D,xiù,繍
U+7E4E,rán,繎
U+7E4F,xuàn,繏
U+7E50,suì,繐
U+7E51,qiāo;juē,繑
U+7E52,zēng;zèng;céng,繒
U+7E53,zuǒ,繓
U+7E54,zhī;zhì,織
U+7E55,shàn,繕
U+7E56,sǎn,繖
U+7E57,lín,繗
U+7E58,yù;jué,繘
U+7E59,fān;fán,繙
U+7E5A,liáo;rǎo,繚
U+7E5B,chuò,繛
U+7E5C,zūn,繜
U+7E5D,jiàn,繝
U+7E5E,rào;rǎo,繞
U+7E5F,chǎn;chán,繟
U+7E60,ruǐ,繠
U+7E61,xiù,繡
U+7E62,huì;huí,繢
U+7E63,huà,繣
U+7E64,zuǎn,繤
U+7E65,xī,繥
U+7E66,qiǎng,繦
U+7E67,yun,繧
U+7E68,da,繨
U+7E69,shéng;yìng;mǐn;shèng,繩
U+7E6A,huì;guì,繪
U+7E6B,xì;jì,繫
U+7E6C,sè,繬
U+7E6D,jiǎn,繭
U+7E6E,jiāng,繮
U+7E6F,huán,繯
U+7E70,zǎo;sāo;qiāo,繰
U+7E71,cōng,繱
U+7E72,xiè,繲
U+7E73,jiǎo;zhuó;jiào;hé,繳
U+7E74,bì,繴
U+7E75,dàn;tán;chán,繵
U+7E76,yì,繶
U+7E77,nǒng,繷
U+7E78,suì,繸
U+7E79,yì;shì,繹
U+7E7A,shǎi,繺
U+7E7B,xū;rú,繻
U+7E7C,jì,繼
U+7E7D,bīn,繽
U+7E7E,qiǎn,繾
U+7E7F,lán,繿
U+7E80,pú;fú,纀
U+7E81,xūn,纁
U+7E82,zuǎn,纂
U+7E83,qí,纃
U+7E84,péng,纄
U+7E85,yào;lì,纅
U+7E86,mò,纆
U+7E87,lèi,纇
U+7E88,xié,纈
U+7E89,zuǎn,纉
U+7E8A,kuàng,纊
U+7E8B,yōu,纋
U+7E8C,xù,續
U+7E8D,léi;lěi;lèi,纍
U+7E8E,xiān,纎
U+7E8F,chán,纏
U+7E90,jiǎo,纐
U+7E91,lú,纑
U+7E92,chán,纒
U+7E93,yīng,纓
U+7E94,cái;shān,纔
U+7E95,rǎng;xiāng;sāng,纕
U+7E96,xiān;jiān,纖
U+7E97,zuī,纗
U+7E98,zuǎn,纘
U+7E99,luò,纙
U+7E9A,lí;xǐ;lǐ;sǎ,纚
U+7E9B,dào;dú,纛
U+7E9C,lǎn,纜
U+7E9D,léi,纝
U+7E9E,liàn,纞
U+7E9F,sī,纟
U+7EA0,jiū,纠
U+7EA1,yū,纡
U+7EA2,hóng;gōng,红
U+7EA3,zhòu,纣
U+7EA4,xiān;qiàn,纤
U+7EA5,gē;hé,纥
U+7EA6,yuē;yāo,约
U+7EA7,jí,级
U+7EA8,wán,纨
U+7EA9,kuàng,纩
U+7EAA,jì;jǐ,纪
U+7EAB,rèn,纫
U+7EAC,wěi,纬
U+7EAD,yún,纭
U+7EAE,hóng,纮
U+7EAF,chún,纯
U+7EB0,pī,纰
U+7EB1,shā,纱
U+7EB2,gāng,纲
U+7EB3,nà,纳
U+7EB4,rèn,纴
U+7EB5,zòng,纵
U+7EB6,lún;guān,纶
U+7EB7,fēn,纷
U+7EB8,zhǐ,纸
U+7EB9,wén;wèn,纹
U+7EBA,fǎng,纺
U+7EBB,zhù,纻
U+7EBC,zhèn,纼
U+7EBD,niǔ,纽
U+7EBE,shū,纾
U+7EBF,xiàn,线
U+7EC0,gàn,绀
U+7EC1,xiè,绁
U+7EC2,fú,绂
U+7EC3,liàn,练
U+7EC4,zǔ,组
U+7EC5,shēn,绅
U+7EC6,xì,细
U+7EC7,zhī,织
U+7EC8,zhōng,终
U+7EC9,zhòu,绉
U+7ECA,bàn,绊
U+7ECB,fú,绋
U+7ECC,chù,绌
U+7ECD,shào,绍
U+7ECE,yì,绎
U+7ECF,jīng;jìng,经
U+7ED0,dài,绐
U+7ED1,bǎng,绑
U+7ED2,róng,绒
U+7ED3,jié;jiē,结
U+7ED4,kù,绔
U+7ED5,rào;rǎo,绕
U+7ED6,dié,绖
U+7ED7,háng,绗
U+7ED8,huì,绘
U+7ED9,gěi;jǐ,给
U+7EDA,xuàn,绚
U+7EDB,jiàng,绛
U+7EDC,luò;lào,络
U+7EDD,jué,绝
U+7EDE,jiǎo,绞
U+7EDF,tǒng,统
U+7EE0,gěng,绠
U+7EE1,xiāo,绡
U+7EE2,juàn,绢
U+7EE3,xiù,绣
U+7EE4,xì,绤
U+7EE5,suí,绥
U+7EE6,tāo,绦
U+7EE7,jì,继
U+7EE8,tí;tì,绨
U+7EE9,jì;jī,绩
U+7EEA,xù,绪
U+7EEB,líng,绫
U+7EEC,yīng,绬
U+7EED,xù,续
U+7EEE,qǐ,绮
U+7EEF,fēi,绯
U+7EF0,chuò;chāo,绰
U+7EF1,shàng,绱
U+7EF2,gǔn,绲
U+7EF3,shéng,绳
U+7EF4,wéi,维
U+7EF5,mián,绵
U+7EF6,shòu,绶
U+7EF7,bēng;běng;bèng,绷
U+7EF8,chóu,绸
U+7EF9,táo,绹
U+7EFA,liǔ,绺
U+7EFB,quǎn,绻
U+7EFC,zōng;zèng,综
U+7EFD,zhàn,绽
U+7EFE,wǎn,绾
U+7EFF,lǜ;lù,绿
U+7F00,zhuì,缀
U+7F01,zī,缁
U+7F02,kè,缂
U+7F03,xiāng,缃
U+7F04,jiān,缄
U+7F05,miǎn,缅
U+7F06,lǎn,缆
U+7F07,tí,缇
U+7F08,miǎo,缈
U+7F09,jī;qī,缉
U+7F0A,yūn;yùn,缊
U+7F0B,huì,缋
U+7F0C,sī,缌
U+7F0D,duǒ,缍
U+7F0E,duàn,缎
U+7F0F,biàn;pián,缏
U+7F10,xiàn,缐
U+7F11,gōu,缑
U+7F12,zhuì,缒
U+7F13,huǎn,缓
U+7F14,dì,缔
U+7F15,lǚ,缕
U+7F16,biān,编
U+7F17,mín,缗
U+7F18,yuán,缘
U+7F19,jìn,缙
U+7F1A,fù,缚
U+7F1B,rù,缛
U+7F1C,zhěn,缜
U+7F1D,fèng;féng,缝
U+7F1E,cuī,缞
U+7F1F,gǎo,缟
U+7F20,chán,缠
U+7F21,lí,缡
U+7F22,yì,缢
U+7F23,jiān,缣
U+7F24,bīn,缤
U+7F25,piāo;piǎo,缥
U+7F26,màn,缦
U+7F27,léi,缧
U+7F28,yīng,缨
U+7F29,suō;sù,缩
U+7F2A,móu;miào;miù,缪
U+7F2B,sāo,缫
U+7F2C,xié,缬
U+7F2D,liáo,缭
U+7F2E,shàn,缮
U+7F2F,zēng;zèng,缯
U+7F30,jiāng,缰
U+7F31,qiǎn,缱
U+7F32,qiāo;sāo,缲
U+7F33,huán,缳
U+7F34,jiǎo;zhuó,缴
U+7F35,zuǎn,缵
U+7F36,fǒu,缶
U+7F37,xiè,缷
U+7F38,gāng,缸
U+7F39,fǒu,缹
U+7F3A,quē;kuǐ,缺
U+7F3B,fǒu,缻
U+7F3C,qi,缼
U+7F3D,bō,缽
U+7F3E,píng,缾
U+7F3F,xiàng,缿
U+7F40,zhao,罀
U+7F41,gāng,罁
U+7F42,yīng,罂
U+7F43,yīng,罃
U+7F44,qìng,罄
U+7F45,xià,罅
U+7F46,guàn,罆
U+7F47,zūn,罇
U+7F48,tán,罈
U+7F49,chēng,罉
U+7F4A,qì,罊
U+7F4B,wèng,罋
U+7F4C,yīng,罌
U+7F4D,léi,罍
U+7F4E,tán,罎
U+7F4F,lú,罏
U+7F50,guàn,罐
U+7F51,wǎng,网
U+7F52,wǎng,罒
U+7F53,gāng,罓
U+7F54,wǎng;wáng,罔
U+7F55,hǎn;hàn,罕
U+7F56,luó,罖
U+7F57,luó;luō,罗
U+7F58,fú,罘
U+7F59,shēn,罙
U+7F5A,fá,罚
U+7F5B,gū,罛
U+7F5C,zhǔ;dú,罜
U+7F5D,jū;jiē,罝
U+7F5E,máo,罞
U+7F5F,gǔ,罟
U+7F60,mín,罠
U+7F61,gāng,罡
U+7F62,bà;ba,罢
U+7F63,guà,罣
U+7F64,tí;kūn,罤
U+7F65,juàn,罥
U+7F66,fú,罦
U+7F67,shèn,罧
U+7F68,yǎn,罨
U+7F69,zhào,罩
U+7F6A,zuì,罪
U+7F6B,guà;huà;guǎi,罫
U+7F6C,zhuó,罬
U+7F6D,yù,罭
U+7F6E,zhì,置
U+7F6F,ǎn,罯
U+7F70,fá,罰
U+7F71,lǎn;nǎn,罱
U+7F72,shǔ,署
U+7F73,sī,罳
U+7F74,pí,罴
U+7F75,mà,罵
U+7F76,liǔ,罶
U+7F77,bà;pí;pì;bǐ;ba;bǎi,罷
U+7F78,fá,罸
U+7F79,lí,罹
U+7F7A,cháo,罺
U+7F7B,wèi,罻
U+7F7C,bì,罼
U+7F7D,jì,罽
U+7F7E,zēng,罾
U+7F7F,chōng,罿
U+7F80,liǔ,羀
U+7F81,jī,羁
U+7F82,juàn,羂
U+7F83,mì,羃
U+7F84,zhào,羄
U+7F85,luó;luō;luo,羅
U+7F86,pí,羆
U+7F87,jī,羇
U+7F88,jī,羈
U+7F89,luán,羉
U+7F8A,yáng,羊
U+7F8B,mǐ;miē,羋
U+7F8C,qiāng,羌
U+7F8D,dá,羍
U+7F8E,měi,美
U+7F8F,yáng;xiáng,羏
U+7F90,yǒu,羐
U+7F91,yǒu,羑
U+7F92,fén,羒
U+7F93,bā,羓
U+7F94,gāo,羔
U+7F95,yàng,羕
U+7F96,gǔ,羖
U+7F97,qiāng;yǒu,羗
U+7F98,zāng,羘
U+7F99,gāo;měi,羙
U+7F9A,líng,羚
U+7F9B,yì;xī,羛
U+7F9C,zhù,羜
U+7F9D,dī,羝
U+7F9E,xiū,羞
U+7F9F,qiǎng,羟
U+7FA0,yí,羠
U+7FA1,xiàn;yán;yí,羡
U+7FA2,róng,羢
U+7FA3,qún,羣
U+7FA4,qún,群
U+7FA5,qiǎng;qiān,羥
U+7FA6,huán,羦
U+7FA7,suō;zuī,羧
U+7FA8,xiàn,羨
U+7FA9,yì;yí;xī,義
U+7FAA,yang,羪
U+7FAB,qiāng;kàng,羫
U+7FAC,qián;xián;yán,羬
U+7FAD,yú,羭
U+7FAE,gēng,羮
U+7FAF,jié,羯
U+7FB0,tāng,羰
U+7FB1,yuán,羱
U+7FB2,xī,羲
U+7FB3,fán,羳
U+7FB4,shān,羴
U+7FB5,fén,羵
U+7FB6,shān,羶
U+7FB7,liǎn,羷
U+7FB8,léi;lián,羸
U+7FB9,gēng;láng,羹
U+7FBA,nóu,羺
U+7FBB,qiàng,羻
U+7FBC,chàn,羼
U+7FBD,yǔ;hù,羽
U+7FBE,gòng,羾
U+7FBF,yì,羿
U+7FC0,chōng,翀
U+7FC1,wēng;wěng,翁
U+7FC2,fēn,翂
U+7FC3,hóng,翃
U+7FC4,chì,翄
U+7FC5,chì,翅
U+7FC6,cuì,翆
U+7FC7,fú,翇
U+7FC8,xiá,翈
U+7FC9,běn,翉
U+7FCA,yì,翊
U+7FCB,lā,翋
U+7FCC,yì,翌
U+7FCD,pī;bì;pō,翍
U+7FCE,líng,翎
U+7FCF,liù;lù,翏
U+7FD0,zhì,翐
U+7FD1,qú,翑
U+7FD2,xí,習
U+7FD3,xié,翓
U+7FD4,xiáng,翔
U+7FD5,xī,翕
U+7FD6,xī,翖
U+7FD7,ké,翗
U+7FD8,qiào;qiáo,翘
U+7FD9,huì,翙
U+7FDA,huī,翚
U+7FDB,xiāo;shū,翛
U+7FDC,shà,翜
U+7FDD,hóng,翝
U+7FDE,jiāng,翞
U+7FDF,dí;zhái,翟
U+7FE0,cuì,翠
U+7FE1,fěi,翡
U+7FE2,dào;zhōu,翢
U+7FE3,shà,翣
U+7FE4,chì,翤
U+7FE5,zhù,翥
U+7FE6,jiǎn,翦
U+7FE7,xuān,翧
U+7FE8,chì,翨
U+7FE9,piān,翩
U+7FEA,zōng,翪
U+7FEB,wán;wàn,翫
U+7FEC,huī,翬
U+7FED,hóu,翭
U+7FEE,hé;lì,翮
U+7FEF,hè;hào,翯
U+7FF0,hàn,翰
U+7FF1,áo,翱
U+7FF2,piāo,翲
U+7FF3,yì,翳
U+7FF4,lián,翴
U+7FF5,hóu;qú,翵
U+7FF6,áo,翶
U+7FF7,lín,翷
U+7FF8,pěn,翸
U+7FF9,qiào;qiáo,翹
U+7FFA,áo,翺
U+7FFB,fān,翻
U+7FFC,yì,翼
U+7FFD,huì,翽
U+7FFE,xuān,翾
U+7FFF,dào,翿
U+8000,yào,耀
U+8001,lǎo,老
U+8002,lǎo,耂
U+8003,kǎo,考
U+8004,mào,耄
U+8005,zhě,者
U+8006,qí;zhǐ;shì,耆
U+8007,gǒu,耇
U+8008,gǒu,耈
U+8009,gǒu,耉
U+800A,dié,耊
U+800B,dié,耋
U+800C,ér;néng,而
U+800D,shuǎ,耍
U+800E,ruǎn;nuò,耎
U+800F,nài;ér,耏
U+8010,nài;néng,耐
U+8011,duān;zhuān,耑
U+8012,lěi,耒
U+8013,tīng,耓
U+8014,zǐ,耔
U+8015,gēng,耕
U+8016,chào,耖
U+8017,hào;máo;mào,耗
U+8018,yún,耘
U+8019,bà;pá,耙
U+801A,pī,耚
U+801B,yí;chí,耛
U+801C,sì,耜
U+801D,qù;chú,耝
U+801E,jiā,耞
U+801F,jù,耟
U+8020,huō,耠
U+8021,chú,耡
U+8022,lào,耢
U+8023,lǔn;lún,耣
U+8024,jí;jiè,耤
U+8025,tāng;tǎng,耥
U+8026,ǒu,耦
U+8027,lóu,耧
U+8028,nòu,耨
U+8029,jiǎng,耩
U+802A,pǎng,耪
U+802B,zhá;zé,耫
U+802C,lóu;lǒu,耬
U+802D,jī,耭
U+802E,lào,耮
U+802F,huò,耯
U+8030,yōu,耰
U+8031,mò,耱
U+8032,huái,耲
U+8033,ěr;réng,耳
U+8034,yì,耴
U+8035,dīng,耵
U+8036,yé;yē;xié,耶
U+8037,dā;zhé,耷
U+8038,sǒng,耸
U+8039,qín,耹
U+803A,yún;yíng,耺
U+803B,chǐ,耻
U+803C,dān,耼
U+803D,dān,耽
U+803E,hóng,耾
U+803F,gěng,耿
U+8040,zhí,聀
U+8041,pàn,聁
U+8042,niè,聂
U+8043,dān,聃
U+8044,zhěn,聄
U+8045,chè,聅
U+8046,líng,聆
U+8047,zhēng,聇
U+8048,yǒu,聈
U+8049,wà;tuǐ;zhuó,聉
U+804A,liáo;liú,聊
U+804B,lóng,聋
U+804C,zhí,职
U+804D,níng,聍
U+804E,tiāo,聎
U+804F,ér;nǜ,聏
U+8050,yà,聐
U+8051,tiē;zhé,聑
U+8052,guā;guō,聒
U+8053,xù,聓
U+8054,lián,联
U+8055,hào,聕
U+8056,shèng,聖
U+8057,liè,聗
U+8058,pìn;pìng,聘
U+8059,jīng,聙
U+805A,jù,聚
U+805B,bǐ,聛
U+805C,dǐ,聜
U+805D,guó,聝
U+805E,wén;wèn,聞
U+805F,xù,聟
U+8060,pīng,聠
U+8061,cōng,聡
U+8062,dìng,聢
U+8063,ní,聣
U+8064,tíng,聤
U+8065,jǔ,聥
U+8066,cōng,聦
U+8067,kuī,聧
U+8068,lián,聨
U+8069,kuì,聩
U+806A,cōng,聪
U+806B,lián,聫
U+806C,wěng,聬
U+806D,kuì,聭
U+806E,lián,聮
U+806F,lián,聯
U+8070,cōng,聰
U+8071,áo;yóu,聱
U+8072,shēng,聲
U+8073,sǒng,聳
U+8074,tīng,聴
U+8075,kuì,聵
U+8076,niè;zhé;shè;yè,聶
U+8077,zhí;tè,職
U+8078,dān,聸
U+8079,níng,聹
U+807A,qié,聺
U+807B,nǐ;jiàn,聻
U+807C,tīng,聼
U+807D,tīng;tìng,聽
U+807E,lóng,聾
U+807F,yù,聿
U+8080,yù,肀
U+8081,zhào,肁
U+8082,sì,肂
U+8083,sù,肃
U+8084,yì;sì,肄
U+8085,sù,肅
U+8086,sì;tì,肆
U+8087,zhào,肇
U+8088,zhào,肈
U+8089,ròu;rù,肉
U+808A,yì,肊
U+808B,lē;lèi;jīn,肋
U+808C,jī;jì,肌
U+808D,qiú,肍
U+808E,kěn,肎
U+808F,cào,肏
U+8090,gē;qì,肐
U+8091,bó;dí,肑
U+8092,huàn,肒
U+8093,huāng,肓
U+8094,chǐ,肔
U+8095,rèn,肕
U+8096,xiào;xiāo,肖
U+8097,rǔ,肗
U+8098,zhǒu,肘
U+8099,yuàn,肙
U+809A,dù;dǔ,肚
U+809B,gāng,肛
U+809C,róng;chēn,肜
U+809D,gān,肝
U+809E,chā,肞
U+809F,wò,肟
U+80A0,cháng,肠
U+80A1,gǔ,股
U+80A2,zhī;shì,肢
U+80A3,hán;hàn;qín,肣
U+80A4,fū,肤
U+80A5,féi;bǐ,肥
U+80A6,fén,肦
U+80A7,pēi,肧
U+80A8,pàng;pāng;fēng,肨
U+80A9,jiān;xián,肩
U+80AA,fáng,肪
U+80AB,zhūn;chún;tún;zhuō,肫
U+80AC,yóu,肬
U+80AD,nà;nù,肭
U+80AE,āng;háng;gāng,肮
U+80AF,kěn,肯
U+80B0,rán,肰
U+80B1,gōng,肱
U+80B2,yù;zhòu;yō,育
U+80B3,wěn,肳
U+80B4,yáo,肴
U+80B5,qí,肵
U+80B6,pí;bì,肶
U+80B7,qiǎn;xù,肷
U+80B8,xī;bì,肸
U+80B9,xī,肹
U+80BA,fèi;pèi,肺
U+80BB,kěn,肻
U+80BC,jǐng,肼
U+80BD,tài,肽
U+80BE,shèn,肾
U+80BF,zhǒng,肿
U+80C0,zhàng,胀
U+80C1,xié,胁
U+80C2,shèn;shēn;chēn,胂
U+80C3,wèi,胃
U+80C4,zhòu,胄
U+80C5,dié,胅
U+80C6,dǎn;tán;tǎn;dá,胆
U+80C7,fèi;bì;fěi,胇
U+80C8,bá,胈
U+80C9,bó,胉
U+80CA,qú,胊
U+80CB,tián,胋
U+80CC,bèi;bēi,背
U+80CD,guā;gū;hù,胍
U+80CE,tāi,胎
U+80CF,zǐ;fèi,胏
U+80D0,fěi,胐
U+80D1,zhī,胑
U+80D2,nì,胒
U+80D3,píng;pēng,胓
U+80D4,zì;cí;jí,胔
U+80D5,fǔ;fū;fú;zhǒu,胕
U+80D6,pàng;pán;pàn,胖
U+80D7,zhēn;zhěn;zhūn,胗
U+80D8,xián,胘
U+80D9,zuò,胙
U+80DA,pēi,胚
U+80DB,jiǎ,胛
U+80DC,shèng;xīng;qìng;shēng,胜
U+80DD,zhī;chī;dì,胝
U+80DE,bāo;páo;pào,胞
U+80DF,mǔ,胟
U+80E0,qū,胠
U+80E1,hú,胡
U+80E2,kē,胢
U+80E3,chǐ,胣
U+80E4,yìn,胤
U+80E5,xū;xǔ,胥
U+80E6,yāng,胦
U+80E7,lóng,胧
U+80E8,dòng,胨
U+80E9,kǎ,胩
U+80EA,lú,胪
U+80EB,jìng,胫
U+80EC,nǔ;nǚ,胬
U+80ED,yān,胭
U+80EE,pāng,胮
U+80EF,kuà;kuǎ,胯
U+80F0,yí,胰
U+80F1,guāng,胱
U+80F2,hǎi;gāi;gǎi,胲
U+80F3,gē;gé;gā,胳
U+80F4,dòng,胴
U+80F5,chī;zhì,胵
U+80F6,jiāo;xiáo,胶
U+80F7,xiōng,胷
U+80F8,xiōng,胸
U+80F9,ér,胹
U+80FA,àn;è,胺
U+80FB,héng,胻
U+80FC,pián,胼
U+80FD,néng;tái;nái;nài;xióng,能
U+80FE,zì,胾
U+80FF,guī;kuì,胿
U+8100,chéng;zhēng;zhèng,脀
U+8101,tiǎo,脁
U+8102,zhī;zhǐ,脂
U+8103,cuì,脃
U+8104,méi,脄
U+8105,xié;xiàn;xī,脅
U+8106,cuì,脆
U+8107,xié,脇
U+8108,mài;mò,脈
U+8109,mài;mò,脉
U+810A,jí;jǐ,脊
U+810B,xié,脋
U+810C,nin,脌
U+810D,kuài,脍
U+810E,sà,脎
U+810F,zàng;zāng,脏
U+8110,qí,脐
U+8111,nǎo,脑
U+8112,mǐ,脒
U+8113,nóng,脓
U+8114,luán;jī,脔
U+8115,wàn;wèn,脕
U+8116,bó;bō,脖
U+8117,wěn,脗
U+8118,wǎn;huàn,脘
U+8119,xiū,脙
U+811A,jiǎo;jué,脚
U+811B,jìng;kēng,脛
U+811C,yǒu,脜
U+811D,hēng,脝
U+811E,cuǒ;qiē,脞
U+811F,liè;luán;pāo,脟
U+8120,shān;chān,脠
U+8121,tǐng,脡
U+8122,méi,脢
U+8123,chún,脣
U+8124,shèn,脤
U+8125,qiǎn;qū;jié,脥
U+8126,de;tè;te,脦
U+8127,juān;zuī,脧
U+8128,cù;jí,脨
U+8129,xiū;yǒu;tiáo;xiāo,脩
U+812A,xìn;chī,脪
U+812B,tuō,脫
U+812C,pāo,脬
U+812D,chéng,脭
U+812E,něi;tuǐ,脮
U+812F,pú;fǔ,脯
U+8130,dòu,脰
U+8131,tuō;tuì,脱
U+8132,niào,脲
U+8133,nǎo,脳
U+8134,pǐ,脴
U+8135,gǔ,脵
U+8136,luó,脶
U+8137,lì,脷
U+8138,liǎn,脸
U+8139,zhàng;cháng,脹
U+813A,cuì;suì,脺
U+813B,jiē,脻
U+813C,liǎng;lǎng,脼
U+813D,shuí,脽
U+813E,pí;pái;bì;pì,脾
U+813F,biāo;biǎo;biào,脿
U+8140,lún,腀
U+8141,pián,腁
U+8142,lěi;guò;huà,腂
U+8143,kuì;quān;quán;juàn,腃
U+8144,chuí;hóu;chuái,腄
U+8145,dàn,腅
U+8146,tiǎn,腆
U+8147,něi,腇
U+8148,jīng,腈
U+8149,nái,腉
U+814A,là;xī,腊
U+814B,yè,腋
U+814C,yān;ā;āng,腌
U+814D,rèn;diàn,腍
U+814E,shèn,腎
U+814F,chuò;zhuì,腏
U+8150,fǔ,腐
U+8151,fǔ,腑
U+8152,jū,腒
U+8153,féi,腓
U+8154,qiāng;kòng,腔
U+8155,wàn,腕
U+8156,dòng,腖
U+8157,pí,腗
U+8158,guó,腘
U+8159,zōng,腙
U+815A,dìng,腚
U+815B,wò,腛
U+815C,méi,腜
U+815D,ní;ruǎn;nào;nèn;ér,腝
U+815E,zhuàn;dùn;tú,腞
U+815F,chì,腟
U+8160,còu,腠
U+8161,luó,腡
U+8162,ǒu,腢
U+8163,dì,腣
U+8164,ān,腤
U+8165,xīng,腥
U+8166,nǎo;nào,腦
U+8167,shù;yú,腧
U+8168,shuàn,腨
U+8169,nǎn,腩
U+816A,yùn,腪
U+816B,zhǒng,腫
U+816C,róu,腬
U+816D,è,腭
U+816E,sāi,腮
U+816F,tú;dùn,腯
U+8170,yāo,腰
U+8171,jiàn;qián,腱
U+8172,wěi,腲
U+8173,jiǎo;jué,腳
U+8174,yú,腴
U+8175,jiā,腵
U+8176,duàn,腶
U+8177,bì,腷
U+8178,cháng,腸
U+8179,fù,腹
U+817A,xiàn,腺
U+817B,nì,腻
U+817C,miǎn,腼
U+817D,wà,腽
U+817E,téng,腾
U+817F,tuǐ,腿
U+8180,bǎng;pāng;páng;bàng;pǎng,膀
U+8181,qiǎn;xiàn;yán,膁
U+8182,lǚ,膂
U+8183,wà,膃
U+8184,shòu,膄
U+8185,táng,膅
U+8186,sù,膆
U+8187,zhuì,膇
U+8188,gé,膈
U+8189,yì,膉
U+818A,bó;pò;liè,膊
U+818B,liáo,膋
U+818C,jí,膌
U+818D,pí,膍
U+818E,xié,膎
U+818F,gāo;gào,膏
U+8190,lǚ,膐
U+8191,bìn,膑
U+8192,ōu,膒
U+8193,cháng,膓
U+8194,lù;biāo,膔
U+8195,guó;huò,膕
U+8196,pāng,膖
U+8197,chuái,膗
U+8198,biāo;piǎo,膘
U+8199,jiǎng,膙
U+819A,fū;lú,膚
U+819B,táng;tāng,膛
U+819C,mó,膜
U+819D,xī,膝
U+819E,zhuān;zhuǎn;chuǎn;chún,膞
U+819F,lǜ,膟
U+81A0,jiāo;jiǎo;háo;nǎo,膠
U+81A1,yìng,膡
U+81A2,lǘ,膢
U+81A3,zhì,膣
U+81A4,xuě,膤
U+81A5,cūn,膥
U+81A6,lìn;liǎn,膦
U+81A7,tóng,膧
U+81A8,péng;pèng,膨
U+81A9,nì,膩
U+81AA,chuài;zhà;zhài,膪
U+81AB,liáo;liǎo,膫
U+81AC,cuì,膬
U+81AD,guī;kuì;duì,膭
U+81AE,xiāo,膮
U+81AF,tēng;tún,膯
U+81B0,fán;pán,膰
U+81B1,zhí,膱
U+81B2,jiāo,膲
U+81B3,shàn,膳
U+81B4,hū;wǔ;méi,膴
U+81B5,cuì,膵
U+81B6,rùn,膶
U+81B7,xiāng,膷
U+81B8,suǐ;wěi,膸
U+81B9,fèn,膹
U+81BA,yīng,膺
U+81BB,shān;dàn,膻
U+81BC,zhuā,膼
U+81BD,dǎn,膽
U+81BE,kuài,膾
U+81BF,nóng,膿
U+81C0,tún,臀
U+81C1,lián,臁
U+81C2,bì;bei,臂
U+81C3,yōng,臃
U+81C4,jué;jū,臄
U+81C5,chù,臅
U+81C6,yì;yǐ,臆
U+81C7,juǎn,臇
U+81C8,là;gé,臈
U+81C9,liǎn,臉
U+81CA,sāo;sào,臊
U+81CB,tún,臋
U+81CC,gǔ,臌
U+81CD,qí,臍
U+81CE,cuì,臎
U+81CF,bìn,臏
U+81D0,xūn,臐
U+81D1,nào;rú;ér;nèn;nuǎn,臑
U+81D2,wò;yuè,臒
U+81D3,zàng,臓
U+81D4,xiàn,臔
U+81D5,biāo,臕
U+81D6,xìng,臖
U+81D7,kuān,臗
U+81D8,là;liè,臘
U+81D9,yān,臙
U+81DA,lú;lǚ,臚
U+81DB,huò,臛
U+81DC,zā,臜
U+81DD,luǒ,臝
U+81DE,qú,臞
U+81DF,zàng,臟
U+81E0,luán,臠
U+81E1,ní;luán,臡
U+81E2,zā;zān,臢
U+81E3,chén,臣
U+81E4,qiān;xián;qìn,臤
U+81E5,wò,臥
U+81E6,guàng;jiǒng,臦
U+81E7,zāng;cáng;zàng,臧
U+81E8,lín;lìn,臨
U+81E9,guǎng;jiǒng,臩
U+81EA,zì,自
U+81EB,jiǎo,臫
U+81EC,niè,臬
U+81ED,chòu;xiù,臭
U+81EE,jì,臮
U+81EF,gāo,臯
U+81F0,chòu,臰
U+81F1,mián;biān,臱
U+81F2,niè,臲
U+81F3,zhì;dié,至
U+81F4,zhì;zhuì,致
U+81F5,gé,臵
U+81F6,jiàn,臶
U+81F7,dié;zhí,臷
U+81F8,zhī;jìn,臸
U+81F9,xiū,臹
U+81FA,tái,臺
U+81FB,zhēn,臻
U+81FC,jiù,臼
U+81FD,xiàn,臽
U+81FE,yú;yǔ;yǒng;kuì,臾
U+81FF,chā,臿
U+8200,yǎo,舀
U+8201,yú,舁
U+8202,chōng;chuāng;zhōng,舂
U+8203,xì,舃
U+8204,xì;què;tuō,舄
U+8205,jiù,舅
U+8206,yú,舆
U+8207,yǔ;yú;yù,與
U+8208,xìng;xīng;xìn,興
U+8209,jǔ,舉
U+820A,jiù,舊
U+820B,xìn,舋
U+820C,shé;guā,舌
U+820D,shě;shè;shì,舍
U+820E,shè,舎
U+820F,jiǔ,舏
U+8210,shì,舐
U+8211,tān,舑
U+8212,shū;yù,舒
U+8213,shì,舓
U+8214,tiǎn;tān,舔
U+8215,tàn,舕
U+8216,pù,舖
U+8217,pù,舗
U+8218,guǎn,舘
U+8219,huà;qì,舙
U+821A,tiàn,舚
U+821B,chuǎn,舛
U+821C,shùn,舜
U+821D,xiá,舝
U+821E,wǔ,舞
U+821F,zhōu,舟
U+8220,dāo,舠
U+8221,chuán;xiāng,舡
U+8222,shān,舢
U+8223,yǐ,舣
U+8224,fán,舤
U+8225,pā,舥
U+8226,tài,舦
U+8227,fán,舧
U+8228,bǎn,舨
U+8229,chuán;fán,舩
U+822A,háng,航
U+822B,fǎng,舫
U+822C,bān;pán;bǎn;bō,般
U+822D,bǐ,舭
U+822E,lú,舮
U+822F,zhōng,舯
U+8230,jiàn,舰
U+8231,cāng,舱
U+8232,líng,舲
U+8233,zhú;zhǒu,舳
U+8234,zé,舴
U+8235,duò,舵
U+8236,bó,舶
U+8237,xián,舷
U+8238,gě,舸
U+8239,chuán,船
U+823A,xiá,舺
U+823B,lú,舻
U+823C,qióng;hóng,舼
U+823D,páng;féng,舽
U+823E,xī,舾
U+823F,kuā,舿
U+8240,fú,艀
U+8241,zào,艁
U+8242,féng,艂
U+8243,lí,艃
U+8244,shāo;shào,艄
U+8245,yú,艅
U+8246,láng,艆
U+8247,tǐng,艇
U+8248,yù,艈
U+8249,wěi,艉
U+824A,bó,艊
U+824B,měng,艋
U+824C,niàn;qiàn,艌
U+824D,jū,艍
U+824E,huáng,艎
U+824F,shǒu,艏
U+8250,kè;jiè;zōng,艐
U+8251,biàn,艑
U+8252,mù;mò,艒
U+8253,dié,艓
U+8254,dào,艔
U+8255,bàng,艕
U+8256,chā,艖
U+8257,yì,艗
U+8258,sōu,艘
U+8259,cāng,艙
U+825A,cáo,艚
U+825B,lóu,艛
U+825C,dài,艜
U+825D,xuě,艝
U+825E,yào;tiào,艞
U+825F,chōng;zhuàng;tóng,艟
U+8260,dēng,艠
U+8261,dāng,艡
U+8262,qiáng,艢
U+8263,lǔ,艣
U+8264,yǐ,艤
U+8265,jí,艥
U+8266,jiàn,艦
U+8267,huò;wò,艧
U+8268,méng,艨
U+8269,qí,艩
U+826A,lǔ,艪
U+826B,lú,艫
U+826C,chán,艬
U+826D,shuāng,艭
U+826E,gěn;gèn;hén,艮
U+826F,liáng;liǎng,良
U+8270,jiān,艰
U+8271,jiān,艱
U+8272,sè;shǎi,色
U+8273,yàn,艳
U+8274,fú;bó;pèi,艴
U+8275,pīng,艵
U+8276,yàn,艶
U+8277,yàn,艷
U+8278,cǎo,艸
U+8279,cǎo,艹
U+827A,yì,艺
U+827B,lè;jí,艻
U+827C,tīng;dǐng,艼
U+827D,jiāo;qiú,艽
U+827E,ài;yì,艾
U+827F,nǎi;réng;rèng,艿
U+8280,tiáo,芀
U+8281,jiāo,芁
U+8282,jié;jiē,节
U+8283,péng,芃
U+8284,wán,芄
U+8285,yì,芅
U+8286,chāi;chā,芆
U+8287,mián,芇
U+8288,mǐ,芈
U+8289,gān;gǎn,芉
U+828A,qiān;qiàn,芊
U+828B,yù;yú;xū;yǔ,芋
U+828C,yù,芌
U+828D,sháo;xiào;què;dì,芍
U+828E,qiōng;xiōng,芎
U+828F,dù,芏
U+8290,hù;xià,芐
U+8291,qǐ,芑
U+8292,máng;huāng;huǎng;wáng,芒
U+8293,zì;zǐ;zī,芓
U+8294,huì;hū,芔
U+8295,suī,芕
U+8296,zhì,芖
U+8297,xiāng,芗
U+8298,pí;bǐ;bì,芘
U+8299,fú,芙
U+829A,tún;chūn,芚
U+829B,wěi,芛
U+829C,wú,芜
U+829D,zhī,芝
U+829E,qì,芞
U+829F,shān;wěi,芟
U+82A0,wén,芠
U+82A1,qiàn,芡
U+82A2,rén,芢
U+82A3,fú;fǒu;fū,芣
U+82A4,kōu,芤
U+82A5,jiè;gài,芥
U+82A6,lú;lǔ;hù,芦
U+82A7,xù;zhù,芧
U+82A8,jī,芨
U+82A9,qín;yín,芩
U+82AA,qí;chí,芪
U+82AB,yán;yuán,芫
U+82AC,fēn,芬
U+82AD,bā;pā,芭
U+82AE,ruì;ruò,芮
U+82AF,xīn;xìn,芯
U+82B0,jì,芰
U+82B1,huā,花
U+82B2,huā,芲
U+82B3,fāng,芳
U+82B4,wù;hū,芴
U+82B5,jué,芵
U+82B6,gǒu,芶
U+82B7,zhǐ,芷
U+82B8,yún;yùn,芸
U+82B9,qín,芹
U+82BA,ǎo,芺
U+82BB,chú;zōu,芻
U+82BC,mào,芼
U+82BD,yá,芽
U+82BE,fèi;fú,芾
U+82BF,rèng,芿
U+82C0,háng,苀
U+82C1,cōng,苁
U+82C2,yín,苂
U+82C3,yǒu,苃
U+82C4,biàn,苄
U+82C5,yì,苅
U+82C6,qiē,苆
U+82C7,wěi,苇
U+82C8,lì,苈
U+82C9,pǐ,苉
U+82CA,è,苊
U+82CB,xiàn,苋
U+82CC,cháng,苌
U+82CD,cāng,苍
U+82CE,zhù,苎
U+82CF,sū,苏
U+82D0,tí;dì,苐
U+82D1,yuàn;yuān;yù;yùn,苑
U+82D2,rǎn,苒
U+82D3,líng;lián,苓
U+82D4,tái;tāi,苔
U+82D5,sháo;tiáo,苕
U+82D6,dí,苖
U+82D7,miáo,苗
U+82D8,qǐng,苘
U+82D9,lì;jī,苙
U+82DA,yòng,苚
U+82DB,kē;hē,苛
U+82DC,mù,苜
U+82DD,bèi,苝
U+82DE,bāo;páo;biāo,苞
U+82DF,gǒu;gōu,苟
U+82E0,mín,苠
U+82E1,yǐ,苡
U+82E2,yǐ,苢
U+82E3,jù;qǔ,苣
U+82E4,piě;pī,苤
U+82E5,ruò;ré;rè;rě,若
U+82E6,kǔ;gǔ;hù,苦
U+82E7,níng;zhù,苧
U+82E8,nǐ,苨
U+82E9,bó;pā,苩
U+82EA,bǐng,苪
U+82EB,shān;shàn;tiān;chān,苫
U+82EC,xiú,苬
U+82ED,yǎo,苭
U+82EE,xiān,苮
U+82EF,běn,苯
U+82F0,hóng,苰
U+82F1,yīng;yāng,英
U+82F2,zhǎ;zhà;zuó,苲
U+82F3,dōng,苳
U+82F4,jū;chá;zhǎ;zū;jiē;bāo;xié,苴
U+82F5,dié,苵
U+82F6,nié;niè,苶
U+82F7,gān,苷
U+82F8,hū,苸
U+82F9,píng;pēng,苹
U+82FA,méi,苺
U+82FB,fú;pú,苻
U+82FC,shēng;ruí,苼
U+82FD,gū;guā,苽
U+82FE,bì;bié;mì,苾
U+82FF,wèi,苿
U+8300,fú;bó;fèi;bèi;bì,茀
U+8301,zhuó;zhú,茁
U+8302,mào,茂
U+8303,fàn,范
U+8304,jiā;qié,茄
U+8305,máo,茅
U+8306,máo;mǎo,茆
U+8307,bá;pèi;fèi,茇
U+8308,cí;zǐ;cǐ;chái,茈
U+8309,mò,茉
U+830A,zī,茊
U+830B,zhǐ;dǐ,茋
U+830C,chí,茌
U+830D,jì,茍
U+830E,jīng,茎
U+830F,lóng,茏
U+8310,cōng,茐
U+8311,niǎo,茑
U+8312,yuán,茒
U+8313,xué,茓
U+8314,yíng,茔
U+8315,qióng,茕
U+8316,gé;luò,茖
U+8317,míng,茗
U+8318,lì,茘
U+8319,róng,茙
U+831A,yìn,茚
U+831B,gèn;jiàn,茛
U+831C,qiàn;xī,茜
U+831D,chǎi;zhǐ,茝
U+831E,chén,茞
U+831F,yù;wěi,茟
U+8320,hāo;xiū;kòu,茠
U+8321,zì,茡
U+8322,liè,茢
U+8323,wú,茣
U+8324,jì;duō,茤
U+8325,guī;guì,茥
U+8326,cì,茦
U+8327,jiǎn;chóng,茧
U+8328,cí,茨
U+8329,gòu,茩
U+832A,guāng,茪
U+832B,máng;huǎng,茫
U+832C,chá;chí,茬
U+832D,jiāo;xiào;qiào,茭
U+832E,jiāo;niǎo,茮
U+832F,fú,茯
U+8330,yú,茰
U+8331,zhū,茱
U+8332,zī;cí,茲
U+8333,jiāng,茳
U+8334,huí,茴
U+8335,yīn,茵
U+8336,chá,茶
U+8337,fá;pèi;bó;bá,茷
U+8338,rōng;róng;rǒng,茸
U+8339,rú,茹
U+833A,chōng,茺
U+833B,mǎng;mǔ,茻
U+833C,tóng,茼
U+833D,zhòng,茽
U+833E,qiān,茾
U+833F,zhú,茿
U+8340,xún,荀
U+8341,huán,荁
U+8342,fū,荂
U+8343,quán;chuò,荃
U+8344,gāi,荄
U+8345,dā;dá;tà,荅
U+8346,jīng,荆
U+8347,xìng,荇
U+8348,chuǎn,荈
U+8349,cǎo;zào,草
U+834A,jīng,荊
U+834B,ér,荋
U+834C,àn,荌
U+834D,qiáo,荍
U+834E,chí,荎
U+834F,rěn,荏
U+8350,jiàn,荐
U+8351,tí;yí,荑
U+8352,huāng;huǎng;kāng;huáng,荒
U+8353,píng;pēng,荓
U+8354,lì,荔
U+8355,jīn,荕
U+8356,lǎo;chā,荖
U+8357,shù,荗
U+8358,zhuāng,荘
U+8359,dá,荙
U+835A,jiá,荚
U+835B,ráo,荛
U+835C,bì,荜
U+835D,cè,荝
U+835E,qiáo,荞
U+835F,huì,荟
U+8360,jì;qí,荠
U+8361,dàng,荡
U+8362,zì,荢
U+8363,róng,荣
U+8364,hūn;xūn,荤
U+8365,xíng;yíng,荥
U+8366,luò,荦
U+8367,yíng,荧
U+8368,xún;qián,荨
U+8369,jìn,荩
U+836A,sūn,荪
U+836B,yīn;yìn,荫
U+836C,mǎi,荬
U+836D,hóng,荭
U+836E,zhòu,荮
U+836F,yào,药
U+8370,dù,荰
U+8371,wěi;wèi,荱
U+8372,lí,荲
U+8373,dòu,荳
U+8374,fū,荴
U+8375,rěn,荵
U+8376,yín,荶
U+8377,hé;hè;hē,荷
U+8378,bí,荸
U+8379,bù;pú,荹
U+837A,yǔn;yún,荺
U+837B,dí,荻
U+837C,tú;chá;yé;shū,荼
U+837D,suī;wěi,荽
U+837E,suī,荾
U+837F,chéng,荿
U+8380,chén;nóng,莀
U+8381,wú,莁
U+8382,bié,莂
U+8383,xī,莃
U+8384,gěng,莄
U+8385,lì,莅
U+8386,pú;fǔ,莆
U+8387,zhù,莇
U+8388,mò,莈
U+8389,lì;lí;chí,莉
U+838A,zhuāng,莊
U+838B,zuó;jí,莋
U+838C,tuō,莌
U+838D,qiú,莍
U+838E,shā;suō;suī,莎
U+838F,suō,莏
U+8390,chén,莐
U+8391,péng;fēng,莑
U+8392,jǔ,莒
U+8393,méi,莓
U+8394,méng;xí;qǐng,莔
U+8395,xìng,莕
U+8396,jīng;yīng,莖
U+8397,chē,莗
U+8398,shēn;xīn,莘
U+8399,jūn,莙
U+839A,yán,莚
U+839B,tíng;tǐng,莛
U+839C,yóu;diào;dí,莜
U+839D,cuò,莝
U+839E,guǎn;wǎn;guān,莞
U+839F,hàn,莟
U+83A0,yǒu;xiù,莠
U+83A1,cuò,莡
U+83A2,jiá,莢
U+83A3,wáng,莣
U+83A4,sù;yóu,莤
U+83A5,niǔ;ròu,莥
U+83A6,shāo;xiāo,莦
U+83A7,xiàn;wàn,莧
U+83A8,làng;liáng;láng,莨
U+83A9,fú;piǎo,莩
U+83AA,é,莪
U+83AB,mò;mù,莫
U+83AC,wèn;wǎn;miǎn,莬
U+83AD,jié,莭
U+83AE,nán,莮
U+83AF,mù,莯
U+83B0,kǎn,莰
U+83B1,lái,莱
U+83B2,lián,莲
U+83B3,shí;shì,莳
U+83B4,wō,莴
U+83B5,tù,莵
U+83B6,xiān,莶
U+83B7,huò,获
U+83B8,yóu,莸
U+83B9,yíng,莹
U+83BA,yīng,莺
U+83BB,gòng,莻
U+83BC,chún,莼
U+83BD,mǎng;máng,莽
U+83BE,mǎng,莾
U+83BF,cì,莿
U+83C0,wǎn;yù;yùn,菀
U+83C1,jīng,菁
U+83C2,dì,菂
U+83C3,qú,菃
U+83C4,dōng,菄
U+83C5,jiān;guān,菅
U+83C6,zōu;cuán;chù;cóng,菆
U+83C7,gū,菇
U+83C8,lā,菈
U+83C9,lù;lǜ,菉
U+83CA,jú,菊
U+83CB,wèi,菋
U+83CC,jūn;jùn,菌
U+83CD,niè;rěn,菍
U+83CE,kūn,菎
U+83CF,hé;gē,菏
U+83D0,pú,菐
U+83D1,zāi;zī;zì,菑
U+83D2,gǎo,菒
U+83D3,guǒ,菓
U+83D4,fú,菔
U+83D5,lún,菕
U+83D6,chāng,菖
U+83D7,chóu,菗
U+83D8,sōng,菘
U+83D9,chuí,菙
U+83DA,zhàn,菚
U+83DB,mén,菛
U+83DC,cài,菜
U+83DD,bá,菝
U+83DE,lí,菞
U+83DF,tú;tù,菟
U+83E0,bō,菠
U+83E1,hàn,菡
U+83E2,bào,菢
U+83E3,qìn,菣
U+83E4,juǎn,菤
U+83E5,xī;sī,菥
U+83E6,qín,菦
U+83E7,dǐ,菧
U+83E8,jiē;shà,菨
U+83E9,pú;bèi;bó,菩
U+83EA,dàng,菪
U+83EB,jǐn,菫
U+83EC,qiáo;zhǎo,菬
U+83ED,tái;zhī;chí,菭
U+83EE,gēng,菮
U+83EF,huá;huā;huà;kuā,華
U+83F0,gū,菰
U+83F1,líng,菱
U+83F2,fēi;fěi;fèi,菲
U+83F3,qín;qīn;jīn,菳
U+83F4,ān;yǎn,菴
U+83F5,wǎng,菵
U+83F6,běng,菶
U+83F7,zhǒu,菷
U+83F8,yān;yū;yù,菸
U+83F9,jū;zū;jù,菹
U+83FA,jiān,菺
U+83FB,lǐn,菻
U+83FC,tǎn,菼
U+83FD,shū;jiāo,菽
U+83FE,tián;tiàn,菾
U+83FF,dào;dǎo,菿
U+8400,hǔ,萀
U+8401,qí;jī,萁
U+8402,hé,萂
U+8403,cuì,萃
U+8404,táo,萄
U+8405,chūn,萅
U+8406,bì;pì;bēi;bá,萆
U+8407,cháng,萇
U+8408,huán,萈
U+8409,fèi;féi;fú,萉
U+840A,lái,萊
U+840B,qī,萋
U+840C,méng;míng,萌
U+840D,píng,萍
U+840E,wēi;wěi;wèi,萎
U+840F,dàn,萏
U+8410,shà,萐
U+8411,huán;zhuī,萑
U+8412,yǎn;juàn,萒
U+8413,yí,萓
U+8414,tiáo,萔
U+8415,qí,萕
U+8416,wǎn,萖
U+8417,cè,萗
U+8418,nài,萘
U+8419,zhěn,萙
U+841A,tuò,萚
U+841B,jiū,萛
U+841C,tiē,萜
U+841D,luó,萝
U+841E,bì,萞
U+841F,yì,萟
U+8420,pān,萠
U+8421,bo,萡
U+8422,pāo,萢
U+8423,dìng,萣
U+8424,yíng,萤
U+8425,yíng,营
U+8426,yíng,萦
U+8427,xiāo,萧
U+8428,sà,萨
U+8429,qiū;jiāo,萩
U+842A,kē,萪
U+842B,xiàng,萫
U+842C,wàn,萬
U+842D,yǔ;jǔ,萭
U+842E,yú;yǔ;yù,萮
U+842F,fù;bèi,萯
U+8430,liàn,萰
U+8431,xuān,萱
U+8432,xuān,萲
U+8433,nǎn;nán,萳
U+8434,cè,萴
U+8435,wō,萵
U+8436,chǔn,萶
U+8437,xiāo;shāo;shuò,萷
U+8438,yú,萸
U+8439,biǎn;biān;pián,萹
U+843A,mào;mù,萺
U+843B,ān,萻
U+843C,è,萼
U+843D,luò;là;lào;luō,落
U+843E,yíng,萾
U+843F,kuò;huó,萿
U+8440,kuò,葀
U+8441,jiāng,葁
U+8442,miǎn,葂
U+8443,zuò;zé,葃
U+8444,zuò,葄
U+8445,zū,葅
U+8446,bǎo;bāo,葆
U+8447,róu;rǒu,葇
U+8448,xǐ,葈
U+8449,yè;shè,葉
U+844A,ān,葊
U+844B,qú,葋
U+844C,jiān,葌
U+844D,fú,葍
U+844E,lǜ,葎
U+844F,jīng,葏
U+8450,pén;fén,葐
U+8451,fēng;fèng,葑
U+8452,hóng,葒
U+8453,hóng,葓
U+8454,hóu,葔
U+8455,yàn,葕
U+8456,tū,葖
U+8457,zhù;zhe;zhuó;chú;zhāo;zháo,著
U+8458,zī,葘
U+8459,xiāng,葙
U+845A,rèn;shèn,葚
U+845B,gé;gě,葛
U+845C,qiā,葜
U+845D,qíng;jìng,葝
U+845E,mǐ,葞
U+845F,huáng,葟
U+8460,shēn;shān,葠
U+8461,pú;bèi,葡
U+8462,gài,葢
U+8463,dǒng;zhǒng,董
U+8464,zhòu,葤
U+8465,jiàn;qián,葥
U+8466,wěi,葦
U+8467,bó,葧
U+8468,wēi,葨
U+8469,pā,葩
U+846A,jì,葪
U+846B,hú,葫
U+846C,zàng,葬
U+846D,jiā;xiá,葭
U+846E,duàn,葮
U+846F,yào,葯
U+8470,suī;jùn;suǒ,葰
U+8471,cōng;chuāng,葱
U+8472,quán,葲
U+8473,wēi,葳
U+8474,zhēn;qián,葴
U+8475,kuí,葵
U+8476,tíng;dǐng,葶
U+8477,hūn;xūn,葷
U+8478,xǐ,葸
U+8479,shī,葹
U+847A,qì,葺
U+847B,lán,葻
U+847C,zōng,葼
U+847D,yāo;yǎo,葽
U+847E,yuān,葾
U+847F,méi,葿
U+8480,yūn,蒀
U+8481,shù,蒁
U+8482,dì,蒂
U+8483,zhuàn,蒃
U+8484,guān,蒄
U+8485,rǎn,蒅
U+8486,xuē,蒆
U+8487,chǎn,蒇
U+8488,kǎi,蒈
U+8489,kuì,蒉
U+848A,huā,蒊
U+848B,jiǎng,蒋
U+848C,lóu,蒌
U+848D,wěi;huā;kuī;é,蒍
U+848E,pài,蒎
U+848F,you,蒏
U+8490,sōu;huì,蒐
U+8491,yīn,蒑
U+8492,shī,蒒
U+8493,chún,蒓
U+8494,shí;shì,蒔
U+8495,yūn,蒕
U+8496,zhēn,蒖
U+8497,làng,蒗
U+8498,rú;ná,蒘
U+8499,méng;mēng;měng,蒙
U+849A,lì,蒚
U+849B,quē,蒛
U+849C,suàn,蒜
U+849D,yuán;huán,蒝
U+849E,lì,蒞
U+849F,jǔ,蒟
U+84A0,xī,蒠
U+84A1,bàng;páng,蒡
U+84A2,chú,蒢
U+84A3,xú;shú,蒣
U+84A4,tú,蒤
U+84A5,liú,蒥
U+84A6,huò;wò,蒦
U+84A7,diǎn,蒧
U+84A8,qiàn,蒨
U+84A9,zū;jù;jí,蒩
U+84AA,pò,蒪
U+84AB,cuó,蒫
U+84AC,yuān,蒬
U+84AD,chú,蒭
U+84AE,yù,蒮
U+84AF,kuǎi;kuài,蒯
U+84B0,pán,蒰
U+84B1,pú,蒱
U+84B2,pú;bó,蒲
U+84B3,nà,蒳
U+84B4,shuò,蒴
U+84B5,xí;xì,蒵
U+84B6,fén,蒶
U+84B7,yún,蒷
U+84B8,zhēng,蒸
U+84B9,jiān,蒹
U+84BA,jí,蒺
U+84BB,ruò,蒻
U+84BC,cāng;cǎng,蒼
U+84BD,ēn,蒽
U+84BE,mí,蒾
U+84BF,hāo;gǎo,蒿
U+84C0,sūn,蓀
U+84C1,zhēn;qín,蓁
U+84C2,míng;mì,蓂
U+84C3,sōu;sǒu,蓃
U+84C4,xù,蓄
U+84C5,liú,蓅
U+84C6,xí,蓆
U+84C7,gǔ;gū,蓇
U+84C8,láng,蓈
U+84C9,róng,蓉
U+84CA,wěng,蓊
U+84CB,gài;gě,蓋
U+84CC,cuò,蓌
U+84CD,shī,蓍
U+84CE,táng,蓎
U+84CF,luǒ,蓏
U+84D0,rù,蓐
U+84D1,suō;suī,蓑
U+84D2,xuān,蓒
U+84D3,bèi,蓓
U+84D4,yǎo;zhuó,蓔
U+84D5,guì,蓕
U+84D6,bì,蓖
U+84D7,zǒng,蓗
U+84D8,gǔn,蓘
U+84D9,zuò,蓙
U+84DA,tiáo,蓚
U+84DB,cè,蓛
U+84DC,pèi,蓜
U+84DD,lán;la,蓝
U+84DE,dàn,蓞
U+84DF,jì,蓟
U+84E0,lí,蓠
U+84E1,shēn,蓡
U+84E2,lǎng,蓢
U+84E3,yù,蓣
U+84E4,líng,蓤
U+84E5,yíng,蓥
U+84E6,mò,蓦
U+84E7,diào;tiáo;dí,蓧
U+84E8,tiáo;xiū,蓨
U+84E9,mǎo,蓩
U+84EA,tōng,蓪
U+84EB,chù;zhú,蓫
U+84EC,péng;pèng,蓬
U+84ED,ān,蓭
U+84EE,lián;liǎn,蓮
U+84EF,cōng;zǒng;sǒng,蓯
U+84F0,xǐ,蓰
U+84F1,píng,蓱
U+84F2,qiū;ōu;xū;fū,蓲
U+84F3,jǐn,蓳
U+84F4,chún;tuán,蓴
U+84F5,jié,蓵
U+84F6,wéi,蓶
U+84F7,tuī,蓷
U+84F8,cáo,蓸
U+84F9,yù,蓹
U+84FA,yì,蓺
U+84FB,zí;jú,蓻
U+84FC,liǎo;lù;lǎo;liǔ,蓼
U+84FD,bì,蓽
U+84FE,lǔ,蓾
U+84FF,xu;sù,蓿
U+8500,bù,蔀
U+8501,zhāng,蔁
U+8502,léi,蔂
U+8503,qiáng;jiàng,蔃
U+8504,màn,蔄
U+8505,yán,蔅
U+8506,líng,蔆
U+8507,jì;xì,蔇
U+8508,biāo;piào;piǎo;biào,蔈
U+8509,gǔn,蔉
U+850A,hǎn;hàn,蔊
U+850B,dí,蔋
U+850C,sù,蔌
U+850D,lù;cū,蔍
U+850E,shè,蔎
U+850F,shāng,蔏
U+8510,dí,蔐
U+8511,miè,蔑
U+8512,xūn,蔒
U+8513,màn;mán;wàn,蔓
U+8514,bó;bo,蔔
U+8515,dì;dài;chài,蔕
U+8516,cuó;cǔ;zhā,蔖
U+8517,zhè,蔗
U+8518,shēn;sān;sǎn,蔘
U+8519,xuàn,蔙
U+851A,wèi;yù,蔚
U+851B,hú,蔛
U+851C,áo,蔜
U+851D,mǐ,蔝
U+851E,lóu;lǚ;jù;liǔ,蔞
U+851F,cù;còu;chuò,蔟
U+8520,zhōng,蔠
U+8521,cài;sà;cā,蔡
U+8522,pó;bò,蔢
U+8523,jiǎng;jiāng,蔣
U+8524,mì,蔤
U+8525,cōng,蔥
U+8526,niǎo,蔦
U+8527,huì,蔧
U+8528,juàn;jùn,蔨
U+8529,yín,蔩
U+852A,jiàn;jiān;shān,蔪
U+852B,niān;yān;yàn,蔫
U+852C,shū;shǔ,蔬
U+852D,yīn;yìn,蔭
U+852E,guó,蔮
U+852F,chén,蔯
U+8530,hù,蔰
U+8531,shā,蔱
U+8532,kòu,蔲
U+8533,qiàn,蔳
U+8534,má,蔴
U+8535,zāng;cáng,蔵
U+8536,zé,蔶
U+8537,qiáng,蔷
U+8538,dōu,蔸
U+8539,liǎn,蔹
U+853A,lìn,蔺
U+853B,kòu,蔻
U+853C,ǎi,蔼
U+853D,bì;biē;piē,蔽
U+853E,lí,蔾
U+853F,wěi,蔿
U+8540,jí,蕀
U+8541,qián;tán;xún,蕁
U+8542,shèng,蕂
U+8543,fān;bō;fán;pí,蕃
U+8544,méng,蕄
U+8545,ǒu,蕅
U+8546,chǎn,蕆
U+8547,diǎn,蕇
U+8548,xùn;tán,蕈
U+8549,jiāo;qiáo;qiāo,蕉
U+854A,ruǐ;juǎn,蕊
U+854B,ruǐ,蕋
U+854C,lěi,蕌
U+854D,yú,蕍
U+854E,qiáo;jiāo,蕎
U+854F,chú,蕏
U+8550,huá,蕐
U+8551,jiān,蕑
U+8552,mǎi,蕒
U+8553,yún,蕓
U+8554,bāo,蕔
U+8555,yóu,蕕
U+8556,qú,蕖
U+8557,lù,蕗
U+8558,ráo;yáo,蕘
U+8559,huì,蕙
U+855A,è,蕚
U+855B,tí,蕛
U+855C,fěi,蕜
U+855D,jué;zuì,蕝
U+855E,zuì;jué;zhuó,蕞
U+855F,fà;fèi,蕟
U+8560,rú,蕠
U+8561,fén;fèi,蕡
U+8562,kuì;kuài,蕢
U+8563,shùn,蕣
U+8564,ruí,蕤
U+8565,yǎ,蕥
U+8566,xū,蕦
U+8567,fù,蕧
U+8568,jué,蕨
U+8569,dàng;tāng;tàng,蕩
U+856A,wú;wǔ,蕪
U+856B,dǒng,蕫
U+856C,sī,蕬
U+856D,xiāo,蕭
U+856E,xì,蕮
U+856F,lóng,蕯
U+8570,wēn;yùn,蕰
U+8571,shāo,蕱
U+8572,qí,蕲
U+8573,jiān,蕳
U+8574,yùn,蕴
U+8575,sūn,蕵
U+8576,líng,蕶
U+8577,yù,蕷
U+8578,xiá,蕸
U+8579,wèng;yōng,蕹
U+857A,jí;qiè,蕺
U+857B,hóng;hòng,蕻
U+857C,sì,蕼
U+857D,nóng,蕽
U+857E,lěi,蕾
U+857F,xuān,蕿
U+8580,yùn,薀
U+8581,yù;ào,薁
U+8582,xí;xiào,薂
U+8583,hào,薃
U+8584,báo;bó;bò;bù,薄
U+8585,hāo,薅
U+8586,ài,薆
U+8587,wēi,薇
U+8588,huì,薈
U+8589,huì,薉
U+858A,jì,薊
U+858B,cí;zī,薋
U+858C,xiāng;xiǎng,薌
U+858D,wàn;luàn,薍
U+858E,miè,薎
U+858F,yì,薏
U+8590,léng,薐
U+8591,jiāng,薑
U+8592,càn,薒
U+8593,shēn,薓
U+8594,qiáng;sè,薔
U+8595,lián,薕
U+8596,kē,薖
U+8597,yuán,薗
U+8598,dá,薘
U+8599,tì;zhì,薙
U+859A,tāng,薚
U+859B,xuē,薛
U+859C,bì;bò;bó;bài;pì,薜
U+859D,zhān,薝
U+859E,sūn,薞
U+859F,xiān;liǎn;yán;kàn,薟
U+85A0,fán,薠
U+85A1,dǐng,薡
U+85A2,xiè,薢
U+85A3,gǔ,薣
U+85A4,xiè,薤
U+85A5,shǔ;zhú,薥
U+85A6,jiàn,薦
U+85A7,hāo;kǎo,薧
U+85A8,hōng,薨
U+85A9,sà,薩
U+85AA,xīn,薪
U+85AB,xūn,薫
U+85AC,yào,薬
U+85AD,bài,薭
U+85AE,sǒu,薮
U+85AF,shǔ,薯
U+85B0,xūn,薰
U+85B1,duì,薱
U+85B2,pín,薲
U+85B3,wěi;yuǎn,薳
U+85B4,níng,薴
U+85B5,chóu;zhòu;dào,薵
U+85B6,mái;wō,薶
U+85B7,rú,薷
U+85B8,piáo,薸
U+85B9,tái,薹
U+85BA,jì;cí;qì;qí,薺
U+85BB,zǎo,薻
U+85BC,chén,薼
U+85BD,zhēn,薽
U+85BE,ěr,薾
U+85BF,nǐ,薿
U+85C0,yíng,藀
U+85C1,gǎo,藁
U+85C2,cóng;còng,藂
U+85C3,xiāo;hào;hè,藃
U+85C4,qí,藄
U+85C5,fá,藅
U+85C6,jiǎn,藆
U+85C7,xù;yǔ;yú;yù;xū,藇
U+85C8,kuí,藈
U+85C9,jí;jiè,藉
U+85CA,biǎn,藊
U+85CB,diào;dí;zhuó,藋
U+85CC,mì,藌
U+85CD,lán;la,藍
U+85CE,jìn,藎
U+85CF,cáng;zàng;zāng,藏
U+85D0,miǎo;mò,藐
U+85D1,qióng,藑
U+85D2,qiè,藒
U+85D3,xiǎn,藓
U+85D4,liáo,藔
U+85D5,ǒu,藕
U+85D6,xián;qiān,藖
U+85D7,sù,藗
U+85D8,lǘ,藘
U+85D9,yì,藙
U+85DA,xù,藚
U+85DB,xiě,藛
U+85DC,lí,藜
U+85DD,yì,藝
U+85DE,lǎ,藞
U+85DF,lěi,藟
U+85E0,jiào,藠
U+85E1,dí,藡
U+85E2,zhǐ,藢
U+85E3,bēi,藣
U+85E4,téng,藤
U+85E5,yào;shuò;lüè,藥
U+85E6,mò;mó,藦
U+85E7,huàn,藧
U+85E8,biāo;pāo,藨
U+85E9,fān;fán,藩
U+85EA,sǒu;shǔ;còu,藪
U+85EB,tán,藫
U+85EC,tuī,藬
U+85ED,qióng,藭
U+85EE,qiáo,藮
U+85EF,wèi,藯
U+85F0,liú;liǔ,藰
U+85F1,huì;huí,藱
U+85F2,ōu,藲
U+85F3,gǎo,藳
U+85F4,yùn;wēn,藴
U+85F5,bǎo,藵
U+85F6,lì,藶
U+85F7,shǔ;zhū,藷
U+85F8,chú;zhū;zhā,藸
U+85F9,ǎi,藹
U+85FA,lìn,藺
U+85FB,zǎo,藻
U+85FC,xuān,藼
U+85FD,qìn,藽
U+85FE,lài,藾
U+85FF,huò;hé,藿
U+8600,tuò;zé,蘀
U+8601,wù;è,蘁
U+8602,ruǐ,蘂
U+8603,ruǐ,蘃
U+8604,qí;jī;qín,蘄
U+8605,héng,蘅
U+8606,lú;lǔ,蘆
U+8607,sū,蘇
U+8608,tuí,蘈
U+8609,méng;máng,蘉
U+860A,yùn,蘊
U+860B,píng;pín,蘋
U+860C,yǔ,蘌
U+860D,xūn,蘍
U+860E,jì,蘎
U+860F,jiōng,蘏
U+8610,xuān,蘐
U+8611,mó,蘑
U+8612,qiū,蘒
U+8613,sū,蘓
U+8614,jiōng,蘔
U+8615,péng,蘕
U+8616,niè;bò,蘖
U+8617,bò;bì,蘗
U+8618,ráng;xiāng;nāng,蘘
U+8619,yì,蘙
U+861A,xiǎn,蘚
U+861B,yú,蘛
U+861C,jú,蘜
U+861D,liǎn,蘝
U+861E,liǎn;xiān,蘞
U+861F,yǐn,蘟
U+8620,qiáng,蘠
U+8621,yīng,蘡
U+8622,lóng;lǒng;lòng,蘢
U+8623,tǒu,蘣
U+8624,huā,蘤
U+8625,yuè,蘥
U+8626,líng,蘦
U+8627,qú;jù,蘧
U+8628,yáo,蘨
U+8629,fán,蘩
U+862A,méi,蘪
U+862B,hàn;làn,蘫
U+862C,kuī;huǐ;guī,蘬
U+862D,lán,蘭
U+862E,jì,蘮
U+862F,dàng,蘯
U+8630,màn,蘰
U+8631,lèi,蘱
U+8632,léi,蘲
U+8633,huī,蘳
U+8634,fēng;sōng,蘴
U+8635,zhī,蘵
U+8636,wèi,蘶
U+8637,kuí,蘷
U+8638,zhàn,蘸
U+8639,huái,蘹
U+863A,lí,蘺
U+863B,jì,蘻
U+863C,mí,蘼
U+863D,lěi,蘽
U+863E,huài,蘾
U+863F,luó,蘿
U+8640,jī,虀
U+8641,kuí,虁
U+8642,lù,虂
U+8643,jiān,虃
U+8644,sà,虄
U+8645,téng,虅
U+8646,léi,虆
U+8647,quǎn,虇
U+8648,xiāo,虈
U+8649,yì,虉
U+864A,luán,虊
U+864B,mén,虋
U+864C,biē,虌
U+864D,hū,虍
U+864E,hǔ;hù,虎
U+864F,lǔ,虏
U+8650,nüè,虐
U+8651,lǜ;bì,虑
U+8652,sī;xī;tí;zhì,虒
U+8653,xiāo,虓
U+8654,qián,虔
U+8655,chù;chǔ;jù,處
U+8656,hū;hú;hù,虖
U+8657,xū,虗
U+8658,cuó,虘
U+8659,fú,虙
U+865A,xū,虚
U+865B,xū,虛
U+865C,lǔ,虜
U+865D,hǔ,虝
U+865E,yú,虞
U+865F,hào;háo,號
U+8660,jiāo;háo,虠
U+8661,jù,虡
U+8662,guó,虢
U+8663,bào,虣
U+8664,yán,虤
U+8665,zhàn,虥
U+8666,zhàn,虦
U+8667,kuī,虧
U+8668,bīn,虨
U+8669,xì;sè,虩
U+866A,shù,虪
U+866B,chóng;huǐ,虫
U+866C,qiú,虬
U+866D,diāo;dāo,虭
U+866E,jǐ;jī,虮
U+866F,qiú,虯
U+8670,dīng;chēng,虰
U+8671,shī,虱
U+8672,xiā,虲
U+8673,jué,虳
U+8674,zhé,虴
U+8675,shé;yě,虵
U+8676,yū,虶
U+8677,hán;gān,虷
U+8678,zǐ,虸
U+8679,hóng;jiàng;hòng;gòng,虹
U+867A,huī;huǐ,虺
U+867B,méng,虻
U+867C,gè,虼
U+867D,suī,虽
U+867E,xiā;há,虾
U+867F,chài,虿
U+8680,shí,蚀
U+8681,yǐ,蚁
U+8682,mǎ;mà;mā,蚂
U+8683,xiǎng,蚃
U+8684,fāng;bàng,蚄
U+8685,è,蚅
U+8686,bā,蚆
U+8687,chǐ,蚇
U+8688,qiān,蚈
U+8689,wén,蚉
U+868A,wén,蚊
U+868B,ruì,蚋
U+868C,bàng;bèng;pí;fēng,蚌
U+868D,pí,蚍
U+868E,yuè,蚎
U+868F,yuè,蚏
U+8690,jūn,蚐
U+8691,qí,蚑
U+8692,tóng,蚒
U+8693,yǐn,蚓
U+8694,qí;zhǐ,蚔
U+8695,cán;tiǎn,蚕
U+8696,yuán;wán,蚖
U+8697,jué;quē,蚗
U+8698,huí;huì;yóu,蚘
U+8699,qín;qián,蚙
U+869A,qí,蚚
U+869B,zhòng,蚛
U+869C,yá,蚜
U+869D,háo;cì,蚝
U+869E,mù,蚞
U+869F,wáng,蚟
U+86A0,fén,蚠
U+86A1,fén,蚡
U+86A2,háng,蚢
U+86A3,gōng;zhōng,蚣
U+86A4,zǎo;zhǎo,蚤
U+86A5,fù;fǔ,蚥
U+86A6,rán,蚦
U+86A7,jiè,蚧
U+86A8,fú,蚨
U+86A9,chī,蚩
U+86AA,dǒu,蚪
U+86AB,bào;páo,蚫
U+86AC,xiǎn,蚬
U+86AD,ní,蚭
U+86AE,dài,蚮
U+86AF,qiū,蚯
U+86B0,yóu;zhú,蚰
U+86B1,zhà,蚱
U+86B2,píng,蚲
U+86B3,chí;chī;dì,蚳
U+86B4,yòu;yǒu;niù,蚴
U+86B5,hé;kè,蚵
U+86B6,hān;hán,蚶
U+86B7,jù,蚷
U+86B8,lì,蚸
U+86B9,fù,蚹
U+86BA,rán;tiàn,蚺
U+86BB,zhá,蚻
U+86BC,gǒu;qú;xù,蚼
U+86BD,pí,蚽
U+86BE,pí;bǒ,蚾
U+86BF,xián,蚿
U+86C0,zhù,蛀
U+86C1,diāo,蛁
U+86C2,bié,蛂
U+86C3,bǐng,蛃
U+86C4,gū;gǔ,蛄
U+86C5,zhān,蛅
U+86C6,qū;jū,蛆
U+86C7,shé;yí;tuó;chí,蛇
U+86C8,tiě,蛈
U+86C9,líng,蛉
U+86CA,gǔ,蛊
U+86CB,dàn,蛋
U+86CC,gǔ,蛌
U+86CD,yíng,蛍
U+86CE,lì,蛎
U+86CF,chēng,蛏
U+86D0,qū,蛐
U+86D1,móu;máo,蛑
U+86D2,gé;luò,蛒
U+86D3,cì,蛓
U+86D4,huí,蛔
U+86D5,huí;huǐ,蛕
U+86D6,máng;bàng,蛖
U+86D7,fù,蛗
U+86D8,yáng;yǎng,蛘
U+86D9,wā;jué,蛙
U+86DA,liè,蛚
U+86DB,zhū,蛛
U+86DC,yī,蛜
U+86DD,xián,蛝
U+86DE,kuò;shé,蛞
U+86DF,jiāo,蛟
U+86E0,lì,蛠
U+86E1,yì;xǔ,蛡
U+86E2,píng,蛢
U+86E3,qī;jié;qiè,蛣
U+86E4,há;gé;hā;é,蛤
U+86E5,shé,蛥
U+86E6,yí,蛦
U+86E7,wǎng,蛧
U+86E8,mò,蛨
U+86E9,qióng;gǒng,蛩
U+86EA,qiè;ní,蛪
U+86EB,guǐ,蛫
U+86EC,qióng,蛬
U+86ED,zhì,蛭
U+86EE,mán,蛮
U+86EF,lǎo,蛯
U+86F0,zhé,蛰
U+86F1,jiá,蛱
U+86F2,náo,蛲
U+86F3,sī,蛳
U+86F4,qí,蛴
U+86F5,xīng,蛵
U+86F6,jiè,蛶
U+86F7,qiú,蛷
U+86F8,shāo;xiāo,蛸
U+86F9,yǒng,蛹
U+86FA,jiá,蛺
U+86FB,tuì,蛻
U+86FC,chē,蛼
U+86FD,bèi,蛽
U+86FE,é;yǐ,蛾
U+86FF,hàn,蛿
U+8700,shǔ,蜀
U+8701,xuán,蜁
U+8702,fēng,蜂
U+8703,shèn,蜃
U+8704,shèn;zhèn,蜄
U+8705,fǔ;pú,蜅
U+8706,xiàn;xiǎn,蜆
U+8707,zhē;zhé,蜇
U+8708,wú,蜈
U+8709,fú,蜉
U+870A,lí,蜊
U+870B,láng;liáng,蜋
U+870C,bì,蜌
U+870D,chú;yú,蜍
U+870E,yuān;xuān,蜎
U+870F,yǒu,蜏
U+8710,jié,蜐
U+8711,dàn,蜑
U+8712,yán;yàn;dàn,蜒
U+8713,tíng;diàn,蜓
U+8714,diàn,蜔
U+8715,tuì;yuè,蜕
U+8716,huí,蜖
U+8717,wō,蜗
U+8718,zhī,蜘
U+8719,sōng,蜙
U+871A,fēi;fěi;pèi;bèi,蜚
U+871B,jū,蜛
U+871C,mì,蜜
U+871D,qí,蜝
U+871E,qí,蜞
U+871F,yù,蜟
U+8720,jùn,蜠
U+8721,là;qù;zhà;jí,蜡
U+8722,měng;mèng,蜢
U+8723,qiāng,蜣
U+8724,sī;xī,蜤
U+8725,xī,蜥
U+8726,lún;lǔn,蜦
U+8727,lì,蜧
U+8728,dié,蜨
U+8729,tiáo;diào,蜩
U+872A,táo,蜪
U+872B,kūn,蜫
U+872C,hán,蜬
U+872D,hàn,蜭
U+872E,yù;guō,蜮
U+872F,bàng,蜯
U+8730,féi;fèi,蜰
U+8731,pí;miáo,蜱
U+8732,wēi;wěi,蜲
U+8733,dūn;tūn,蜳
U+8734,yì;xí,蜴
U+8735,yuān;yūn,蜵
U+8736,suò,蜶
U+8737,quán;juǎn,蜷
U+8738,qiǎn,蜸
U+8739,ruì;wèi,蜹
U+873A,ní,蜺
U+873B,qīng;jīng,蜻
U+873C,wèi;wěi;tóng,蜼
U+873D,liǎng,蜽
U+873E,guǒ;luǒ,蜾
U+873F,wān;wǎn,蜿
U+8740,dōng,蝀
U+8741,è,蝁
U+8742,bǎn,蝂
U+8743,dì;zhuō,蝃
U+8744,wǎng,蝄
U+8745,cán,蝅
U+8746,yǎng,蝆
U+8747,yíng,蝇
U+8748,guō,蝈
U+8749,chán,蝉
U+874A,dìng,蝊
U+874B,là,蝋
U+874C,kē,蝌
U+874D,jié;jí,蝍
U+874E,xiē;hé,蝎
U+874F,tíng,蝏
U+8750,mào,蝐
U+8751,xū;xiè,蝑
U+8752,mián,蝒
U+8753,yú,蝓
U+8754,jiē,蝔
U+8755,shí;lì;lóng,蝕
U+8756,xuān,蝖
U+8757,huáng,蝗
U+8758,yǎn,蝘
U+8759,biān;pián,蝙
U+875A,róu;náo,蝚
U+875B,wēi,蝛
U+875C,fù,蝜
U+875D,yuán;yuān,蝝
U+875E,mèi,蝞
U+875F,wèi,蝟
U+8760,fú,蝠
U+8761,rú;ruǎn,蝡
U+8762,xié,蝢
U+8763,yóu,蝣
U+8764,qiú;yóu;jiū,蝤
U+8765,máo;wú;wù,蝥
U+8766,xiā;há;jiǎ,蝦
U+8767,yīng,蝧
U+8768,shī,蝨
U+8769,chóng;zhōng,蝩
U+876A,tāng,蝪
U+876B,zhū,蝫
U+876C,zōng,蝬
U+876D,tí;chí,蝭
U+876E,fù,蝮
U+876F,yuán,蝯
U+8770,kuí,蝰
U+8771,méng,蝱
U+8772,là,蝲
U+8773,dú;dài,蝳
U+8774,hú,蝴
U+8775,qiū,蝵
U+8776,dié;tiē,蝶
U+8777,lì;xí,蝷
U+8778,wō;luó;guǒ,蝸
U+8779,yūn;ǎo,蝹
U+877A,qǔ;yǔ,蝺
U+877B,nǎn,蝻
U+877C,lóu,蝼
U+877D,chūn,蝽
U+877E,róng,蝾
U+877F,yíng,蝿
U+8780,jiāng,螀
U+8781,ban,螁
U+8782,láng,螂
U+8783,páng;bǎng,螃
U+8784,sī,螄
U+8785,xī;cì,螅
U+8786,cì,螆
U+8787,xī;qī,螇
U+8788,yuán,螈
U+8789,wēng,螉
U+878A,lián,螊
U+878B,sōu,螋
U+878C,bān;pán;huàn,螌
U+878D,róng,融
U+878E,róng,螎
U+878F,jí,螏
U+8790,wū,螐
U+8791,xiù,螑
U+8792,hàn,螒
U+8793,qín,螓
U+8794,yí;sī,螔
U+8795,bī;pī,螕
U+8796,huá,螖
U+8797,táng,螗
U+8798,yǐ,螘
U+8799,dù,螙
U+879A,nài;nái;něng,螚
U+879B,hé;xiá,螛
U+879C,hú,螜
U+879D,guī;huǐ,螝
U+879E,mǎ;mā;mà,螞
U+879F,míng,螟
U+87A0,yì,螠
U+87A1,wén,螡
U+87A2,yíng,螢
U+87A3,tè;téng,螣
U+87A4,zhōng,螤
U+87A5,cāng,螥
U+87A6,sāo,螦
U+87A7,qí,螧
U+87A8,mǎn,螨
U+87A9,tiao,螩
U+87AA,shāng,螪
U+87AB,shì;zhē,螫
U+87AC,cáo,螬
U+87AD,chī,螭
U+87AE,dì;dài,螮
U+87AF,áo,螯
U+87B0,lù,螰
U+87B1,wèi,螱
U+87B2,zhì;dié,螲
U+87B3,táng,螳
U+87B4,chén,螴
U+87B5,piāo,螵
U+87B6,qú;jù,螶
U+87B7,pí,螷
U+87B8,yú,螸
U+87B9,jiàn;chán,螹
U+87BA,luó,螺
U+87BB,lóu,螻
U+87BC,qǐn,螼
U+87BD,zhōng,螽
U+87BE,yǐn;yín,螾
U+87BF,jiāng,螿
U+87C0,shuài,蟀
U+87C1,wén,蟁
U+87C2,xiāo,蟂
U+87C3,wàn,蟃
U+87C4,zhé,蟄
U+87C5,zhè,蟅
U+87C6,má;mò,蟆
U+87C7,má,蟇
U+87C8,guō;yù,蟈
U+87C9,liú;liào,蟉
U+87CA,máo;méng,蟊
U+87CB,xī,蟋
U+87CC,cōng,蟌
U+87CD,lí,蟍
U+87CE,mǎn,蟎
U+87CF,xiāo,蟏
U+87D0,chang,蟐
U+87D1,zhāng,蟑
U+87D2,mǎng;měng,蟒
U+87D3,xiàng,蟓
U+87D4,mò,蟔
U+87D5,zuī,蟕
U+87D6,sī,蟖
U+87D7,qiū,蟗
U+87D8,tè,蟘
U+87D9,zhí,蟙
U+87DA,péng,蟚
U+87DB,péng,蟛
U+87DC,jiǎo;qiáo,蟜
U+87DD,qú,蟝
U+87DE,biē;bié,蟞
U+87DF,liáo,蟟
U+87E0,pán;fán,蟠
U+87E1,guǐ,蟡
U+87E2,xǐ,蟢
U+87E3,jǐ;qí,蟣
U+87E4,zhuān,蟤
U+87E5,huáng,蟥
U+87E6,féi;bēn,蟦
U+87E7,láo;liáo,蟧
U+87E8,jué,蟨
U+87E9,jué,蟩
U+87EA,huì,蟪
U+87EB,yín;xún,蟫
U+87EC,chán;tí;shàn,蟬
U+87ED,jiāo,蟭
U+87EE,shàn,蟮
U+87EF,náo;rào,蟯
U+87F0,xiāo,蟰
U+87F1,wú;móu,蟱
U+87F2,chóng;zhòng;tóng,蟲
U+87F3,xún,蟳
U+87F4,sī,蟴
U+87F5,chú,蟵
U+87F6,chēng,蟶
U+87F7,dāng,蟷
U+87F8,lǐ,蟸
U+87F9,xiè,蟹
U+87FA,shàn;dàn;chán;tuó,蟺
U+87FB,yǐ;jǐ,蟻
U+87FC,jǐng,蟼
U+87FD,dá,蟽
U+87FE,chán,蟾
U+87FF,qì;jì,蟿
U+8800,cī;jí,蠀
U+8801,xiǎng,蠁
U+8802,shè,蠂
U+8803,luǒ;luó;guǒ,蠃
U+8804,qín,蠄
U+8805,yíng,蠅
U+8806,chài,蠆
U+8807,lì,蠇
U+8808,zéi,蠈
U+8809,xuān,蠉
U+880A,lián,蠊
U+880B,zhú,蠋
U+880C,zé,蠌
U+880D,xiē,蠍
U+880E,mǎng,蠎
U+880F,xiè,蠏
U+8810,qí,蠐
U+8811,róng,蠑
U+8812,jiǎn,蠒
U+8813,měng,蠓
U+8814,háo,蠔
U+8815,rú,蠕
U+8816,huò;yuè,蠖
U+8817,zhuó,蠗
U+8818,jié,蠘
U+8819,pín,蠙
U+881A,hē,蠚
U+881B,miè,蠛
U+881C,fán,蠜
U+881D,lěi,蠝
U+881E,jié,蠞
U+881F,là,蠟
U+8820,mǐn;mián,蠠
U+8821,lí;lǐ;luǒ;luó;lì,蠡
U+8822,chǔn,蠢
U+8823,lì,蠣
U+8824,qiū,蠤
U+8825,niè,蠥
U+8826,lú,蠦
U+8827,dù,蠧
U+8828,xiāo,蠨
U+8829,zhū;chú,蠩
U+882A,lóng,蠪
U+882B,lí,蠫
U+882C,lóng,蠬
U+882D,fēng;páng,蠭
U+882E,yē,蠮
U+882F,pí,蠯
U+8830,náng;shàng;rǎng,蠰
U+8831,gǔ;yě,蠱
U+8832,juān,蠲
U+8833,yīng,蠳
U+8834,shǔ,蠴
U+8835,xī,蠵
U+8836,cán,蠶
U+8837,qú,蠷
U+8838,quán;huàn,蠸
U+8839,dù,蠹
U+883A,cán,蠺
U+883B,mán,蠻
U+883C,qú;jué,蠼
U+883D,jié,蠽
U+883E,zhú;shú,蠾
U+883F,zhuō,蠿
U+8840,xuè;xiě,血
U+8841,huāng,衁
U+8842,nǜ,衂
U+8843,pēi;fǒu,衃
U+8844,nǜ,衄
U+8845,xìn,衅
U+8846,zhòng;zhōng,衆
U+8847,mài,衇
U+8848,èr,衈
U+8849,kā,衉
U+884A,miè,衊
U+884B,xì,衋
U+884C,xíng;háng;héng;xìng;hàng,行
U+884D,yǎn;yán,衍
U+884E,kàn;kǎn,衎
U+884F,yuàn,衏
U+8850,qú,衐
U+8851,líng,衑
U+8852,xuàn,衒
U+8853,shù,術
U+8854,xián,衔
U+8855,tòng;tóng;dòng,衕
U+8856,xiàng;lòng,衖
U+8857,jiē,街
U+8858,xián;yù,衘
U+8859,yá;yú;yù,衙
U+885A,hú,衚
U+885B,wèi,衛
U+885C,dào,衜
U+885D,chōng;chǒng;chòng,衝
U+885E,wèi,衞
U+885F,dào,衟
U+8860,zhūn,衠
U+8861,héng,衡
U+8862,qú,衢
U+8863,yī;yì,衣
U+8864,yī,衤
U+8865,bǔ,补
U+8866,gǎn,衦
U+8867,yú,衧
U+8868,biǎo,表
U+8869,chǎ;chà,衩
U+886A,yí,衪
U+886B,shān,衫
U+886C,chèn,衬
U+886D,fū,衭
U+886E,gǔn,衮
U+886F,fēn;pén,衯
U+8870,shuāi;suō;cuī,衰
U+8871,jié,衱
U+8872,nà,衲
U+8873,zhōng,衳
U+8874,dǎn,衴
U+8875,yì,衵
U+8876,zhòng,衶
U+8877,zhōng;zhòng,衷
U+8878,jiè,衸
U+8879,zhǐ;tǐ;zhī;qí,衹
U+887A,xié,衺
U+887B,rán,衻
U+887C,zhī,衼
U+887D,rèn,衽
U+887E,qīn,衾
U+887F,jīn;qìn,衿
U+8880,jūn,袀
U+8881,yuán,袁
U+8882,mèi;yì,袂
U+8883,chài,袃
U+8884,ǎo,袄
U+8885,niǎo,袅
U+8886,huī,袆
U+8887,rán,袇
U+8888,jiā,袈
U+8889,tuó;tuǒ,袉
U+888A,lǐng;líng,袊
U+888B,dài,袋
U+888C,bào;páo;pào,袌
U+888D,páo;bào,袍
U+888E,yào,袎
U+888F,zuò,袏
U+8890,bì,袐
U+8891,shào,袑
U+8892,tǎn;zhàn,袒
U+8893,jù;jiě,袓
U+8894,hè;kè;kuǎ,袔
U+8895,xué,袕
U+8896,xiù,袖
U+8897,zhěn,袗
U+8898,yí;yì;tuó,袘
U+8899,pà,袙
U+889A,bō;fú,袚
U+889B,dī,袛
U+889C,wà;mò,袜
U+889D,fù,袝
U+889E,gǔn,袞
U+889F,zhì,袟
U+88A0,zhì,袠
U+88A1,rán,袡
U+88A2,pàn;fán,袢
U+88A3,yì,袣
U+88A4,mào;móu,袤
U+88A5,tuō,袥
U+88A6,nà;jué,袦
U+88A7,gōu;gòu,袧
U+88A8,xuàn,袨
U+88A9,zhé;chān,袩
U+88AA,qū,袪
U+88AB,bèi;bì;pī;pì,被
U+88AC,yù,袬
U+88AD,xí,袭
U+88AE,mí,袮
U+88AF,bó,袯
U+88B0,bō,袰
U+88B1,fú,袱
U+88B2,chǐ;nuǒ,袲
U+88B3,chǐ;qǐ;duǒ;nuǒ,袳
U+88B4,kù,袴
U+88B5,rèn,袵
U+88B6,jiàng,袶
U+88B7,jiá;qiā;jiā;jié,袷
U+88B8,jiàn;zùn,袸
U+88B9,bó;mò,袹
U+88BA,jié,袺
U+88BB,ér,袻
U+88BC,gē;luò,袼
U+88BD,rú,袽
U+88BE,zhū,袾
U+88BF,guī;guà,袿
U+88C0,yīn,裀
U+88C1,cái,裁
U+88C2,liè;liě,裂
U+88C3,kǎ,裃
U+88C4,xing,裄
U+88C5,zhuāng,装
U+88C6,dāng,裆
U+88C7,xū,裇
U+88C8,kūn,裈
U+88C9,kèn,裉
U+88CA,niǎo,裊
U+88CB,shù,裋
U+88CC,jiá;jiā;xié,裌
U+88CD,kǔn,裍
U+88CE,chéng;chěng,裎
U+88CF,lǐ,裏
U+88D0,juān,裐
U+88D1,shēn,裑
U+88D2,póu;bāo,裒
U+88D3,gé;jiē,裓
U+88D4,yì,裔
U+88D5,yù,裕
U+88D6,zhěn,裖
U+88D7,liú,裗
U+88D8,qiú,裘
U+88D9,qún,裙
U+88DA,jì,裚
U+88DB,yì,裛
U+88DC,bǔ,補
U+88DD,zhuāng,裝
U+88DE,shuì,裞
U+88DF,shā,裟
U+88E0,qún,裠
U+88E1,lǐ,裡
U+88E2,lián;shāo,裢
U+88E3,liǎn,裣
U+88E4,kù,裤
U+88E5,jiǎn,裥
U+88E6,fóu,裦
U+88E7,chān;chàn;tǎn,裧
U+88E8,bì;pí,裨
U+88E9,kūn,裩
U+88EA,táo,裪
U+88EB,yuàn,裫
U+88EC,líng,裬
U+88ED,chǐ,裭
U+88EE,chāng,裮
U+88EF,chóu;dāo,裯
U+88F0,duō,裰
U+88F1,biǎo,裱
U+88F2,liǎng,裲
U+88F3,shang;cháng,裳
U+88F4,péi;féi,裴
U+88F5,péi,裵
U+88F6,fēi,裶
U+88F7,yuān;gǔn,裷
U+88F8,luǒ,裸
U+88F9,guǒ,裹
U+88FA,yǎn;ān;yàn,裺
U+88FB,dú,裻
U+88FC,tì;xī,裼
U+88FD,zhì,製
U+88FE,jū;jù,裾
U+88FF,yǐ;qǐ,裿
U+8900,qí,褀
U+8901,guǒ,褁
U+8902,guà,褂
U+8903,kèn,褃
U+8904,qī,褄
U+8905,tì,褅
U+8906,tí;shì,褆
U+8907,fù;fú,複
U+8908,chóng;chōng;zhòng,褈
U+8909,xiè,褉
U+890A,biǎn;pián,褊
U+890B,dié,褋
U+890C,kūn,褌
U+890D,duān;tuān,褍
U+890E,xiù;yòu,褎
U+890F,xiù,褏
U+8910,hè,褐
U+8911,yuàn;yuán,褑
U+8912,bāo,褒
U+8913,bǎo,褓
U+8914,fù,褔
U+8915,yú;tóu,褕
U+8916,tuàn,褖
U+8917,yǎn,褗
U+8918,huī;yī,褘
U+8919,bèi,褙
U+891A,chǔ;zhě;zhǔ,褚
U+891B,lǚ,褛
U+891C,páo,褜
U+891D,dān,褝
U+891E,yǔn;wēn,褞
U+891F,tā,褟
U+8920,gōu,褠
U+8921,dā,褡
U+8922,huái,褢
U+8923,róng,褣
U+8924,yuàn,褤
U+8925,rù;nù,褥
U+8926,nài,褦
U+8927,jiǒng,褧
U+8928,suǒ;chá,褨
U+8929,bān;pán,褩
U+892A,tuì;tùn,褪
U+892B,chǐ,褫
U+892C,sǎng,褬
U+892D,niǎo,褭
U+892E,yīng;yìng,褮
U+892F,jiè,褯
U+8930,qiān,褰
U+8931,huái,褱
U+8932,kù,褲
U+8933,lián,褳
U+8934,lán,褴
U+8935,lí,褵
U+8936,zhě;dié;xí,褶
U+8937,shī,褷
U+8938,lǚ,褸
U+8939,yì;niè,褹
U+893A,diē,褺
U+893B,xiè,褻
U+893C,xiān,褼
U+893D,wèi,褽
U+893E,biǎo,褾
U+893F,cáo,褿
U+8940,jī;jì,襀
U+8941,qiǎng,襁
U+8942,sēn;shān,襂
U+8943,bāo;póu,襃
U+8944,xiāng,襄
U+8945,bì,襅
U+8946,fú;pú,襆
U+8947,jiǎn,襇
U+8948,zhuàn;juàn,襈
U+8949,jiǎn,襉
U+894A,cuì;cuō,襊
U+894B,jí,襋
U+894C,dān,襌
U+894D,zá,襍
U+894E,fán;bò,襎
U+894F,bó;fèi,襏
U+8950,xiàng,襐
U+8951,xín,襑
U+8952,bié,襒
U+8953,ráo,襓
U+8954,mǎn,襔
U+8955,lán,襕
U+8956,ǎo,襖
U+8957,zé;duó;yì,襗
U+8958,guì;huì,襘
U+8959,cào,襙
U+895A,suì,襚
U+895B,nóng,襛
U+895C,chān;chàn;dān,襜
U+895D,liǎn;chān,襝
U+895E,bì,襞
U+895F,jīn,襟
U+8960,dāng,襠
U+8961,shǔ;dú,襡
U+8962,tǎn;zhàn;chán;zhān,襢
U+8963,bì,襣
U+8964,lán,襤
U+8965,fú,襥
U+8966,rú,襦
U+8967,zhǐ,襧
U+8968,duì,襨
U+8969,shǔ,襩
U+896A,wà,襪
U+896B,shì,襫
U+896C,bǎi;bēi,襬
U+896D,xié,襭
U+896E,bó,襮
U+896F,chèn,襯
U+8970,lài,襰
U+8971,lóng;lòng,襱
U+8972,xí,襲
U+8973,xiān;shān,襳
U+8974,lán,襴
U+8975,zhě;zhé,襵
U+8976,dài,襶
U+8977,jǔ,襷
U+8978,zàn;cuán,襸
U+8979,shī,襹
U+897A,jiǎn,襺
U+897B,pàn,襻
U+897C,yì,襼
U+897D,lán,襽
U+897E,yà,襾
U+897F,xī,西
U+8980,xī,覀
U+8981,yào;yāo;yǎo,要
U+8982,fěng;bǎn,覂
U+8983,tán;qín;yǎn,覃
U+8984,fù,覄
U+8985,fiào,覅
U+8986,fù,覆
U+8987,bà,覇
U+8988,hé,覈
U+8989,jī,覉
U+898A,jī,覊
U+898B,jiàn;xiàn,見
U+898C,guān,覌
U+898D,biàn,覍
U+898E,yàn,覎
U+898F,guī;guì;xù,規
U+8990,jué,覐
U+8991,piǎn,覑
U+8992,mào,覒
U+8993,mì,覓
U+8994,mì,覔
U+8995,miè;piē,覕
U+8996,shì,視
U+8997,sì,覗
U+8998,chān;dān;jī,覘
U+8999,luó,覙
U+899A,jué,覚
U+899B,mì,覛
U+899C,tiào,覜
U+899D,lián,覝
U+899E,yào,覞
U+899F,zhì,覟
U+89A0,jūn,覠
U+89A1,xí,覡
U+89A2,shǎn,覢
U+89A3,wēi,覣
U+89A4,xì,覤
U+89A5,tiǎn,覥
U+89A6,yú,覦
U+89A7,lǎn,覧
U+89A8,è,覨
U+89A9,dǔ,覩
U+89AA,qīn;qìng,親
U+89AB,pǎng,覫
U+89AC,jì,覬
U+89AD,míng,覭
U+89AE,yíng,覮
U+89AF,gòu,覯
U+89B0,qū;qù,覰
U+89B1,zhàn;zhān,覱
U+89B2,jìn,覲
U+89B3,guān,観
U+89B4,dēng,覴
U+89B5,jiàn;biǎn,覵
U+89B6,luó;luǎn,覶
U+89B7,qù,覷
U+89B8,jiān,覸
U+89B9,wéi,覹
U+89BA,jué;jiào,覺
U+89BB,qū;qù,覻
U+89BC,luó,覼
U+89BD,lǎn;làn,覽
U+89BE,shěn,覾
U+89BF,dí;jí,覿
U+89C0,guān;guàn,觀
U+89C1,jiàn;xiàn,见
U+89C2,guān;guàn,观
U+89C3,yàn,觃
U+89C4,guī,规
U+89C5,mì,觅
U+89C6,shì,视
U+89C7,chān,觇
U+89C8,lǎn,览
U+89C9,jué;jiào,觉
U+89CA,jì,觊
U+89CB,xí,觋
U+89CC,dí,觌
U+89CD,tiǎn,觍
U+89CE,yú,觎
U+89CF,gòu,觏
U+89D0,jìn,觐
U+89D1,qù;qū,觑
U+89D2,jiǎo;jué;lù;gǔ,角
U+89D3,qiú,觓
U+89D4,jīn,觔
U+89D5,cū;chù;chéng,觕
U+89D6,jué;kuì;guì,觖
U+89D7,zhì,觗
U+89D8,chào,觘
U+89D9,jí,觙
U+89DA,gū,觚
U+89DB,dàn,觛
U+89DC,zī;zuǐ,觜
U+89DD,dǐ;zhǐ,觝
U+89DE,shāng,觞
U+89DF,huà;xiè,觟
U+89E0,quán,觠
U+89E1,gé,觡
U+89E2,shì,觢
U+89E3,jiě;jiè;xiè,解
U+89E4,guǐ,觤
U+89E5,gōng,觥
U+89E6,chù,触
U+89E7,jiě;jiè,觧
U+89E8,hùn,觨
U+89E9,qiú,觩
U+89EA,xīng,觪
U+89EB,sù,觫
U+89EC,ní,觬
U+89ED,jī;qǐ;qí,觭
U+89EE,lù,觮
U+89EF,zhì,觯
U+89F0,zhā;dǎ;zhǎ,觰
U+89F1,bì,觱
U+89F2,xīng,觲
U+89F3,hú;què;jué,觳
U+89F4,shāng,觴
U+89F5,gōng,觵
U+89F6,zhì,觶
U+89F7,xué;hù,觷
U+89F8,chù,觸
U+89F9,xī,觹
U+89FA,yí,觺
U+89FB,lì;lù,觻
U+89FC,jué,觼
U+89FD,xī,觽
U+89FE,yàn,觾
U+89FF,xī;wéi,觿
U+8A00,yán;yàn;yín,言
U+8A01,yán,訁
U+8A02,dìng,訂
U+8A03,fù,訃
U+8A04,qiú;kāo,訄
U+8A05,qiú,訅
U+8A06,jiào,訆
U+8A07,hōng;jùn;hēng,訇
U+8A08,jì,計
U+8A09,fàn,訉
U+8A0A,xùn,訊
U+8A0B,diào,訋
U+8A0C,hòng,訌
U+8A0D,chài;chā;chà,訍
U+8A0E,tǎo,討
U+8A0F,xū;xǔ,訏
U+8A10,jié;jì,訐
U+8A11,yí;dàn;shī;tuó;tuǒ,訑
U+8A12,rèn,訒
U+8A13,xùn,訓
U+8A14,yín,訔
U+8A15,shàn,訕
U+8A16,qì,訖
U+8A17,tuō,託
U+8A18,jì,記
U+8A19,xùn,訙
U+8A1A,yín,訚
U+8A1B,é,訛
U+8A1C,fēn;bīn,訜
U+8A1D,yà,訝
U+8A1E,yāo,訞
U+8A1F,sòng,訟
U+8A20,shěn,訠
U+8A21,yín,訡
U+8A22,xīn;xī;yín,訢
U+8A23,jué,訣
U+8A24,xiáo;ná,訤
U+8A25,nè,訥
U+8A26,chén,訦
U+8A27,yóu,訧
U+8A28,zhǐ,訨
U+8A29,xiōng,訩
U+8A2A,fǎng,訪
U+8A2B,xìn,訫
U+8A2C,chāo;miǎo;chǎo,訬
U+8A2D,shè,設
U+8A2E,yán,訮
U+8A2F,sǎ;sà,訯
U+8A30,zhùn;zhūn,訰
U+8A31,xǔ;hǔ,許
U+8A32,yì,訲
U+8A33,yì,訳
U+8A34,sù,訴
U+8A35,chī;chì,訵
U+8A36,hē,訶
U+8A37,shēn,訷
U+8A38,hé,訸
U+8A39,xù,訹
U+8A3A,zhěn,診
U+8A3B,zhù,註
U+8A3C,zhèng,証
U+8A3D,gòu,訽
U+8A3E,zī;zǐ,訾
U+8A3F,zǐ,訿
U+8A40,zhān;chè;diān;zhàn;tiē,詀
U+8A41,gǔ,詁
U+8A42,fù,詂
U+8A43,jiǎn,詃
U+8A44,dié,詄
U+8A45,líng,詅
U+8A46,dǐ;tì,詆
U+8A47,yàng,詇
U+8A48,lì,詈
U+8A49,náo;ná;nù,詉
U+8A4A,pàn,詊
U+8A4B,zhòu,詋
U+8A4C,gàn,詌
U+8A4D,yì,詍
U+8A4E,jù,詎
U+8A4F,yào,詏
U+8A50,zhà,詐
U+8A51,yí;tuó;duò;yī;xī,詑
U+8A52,yí;dài;tái,詒
U+8A53,qǔ,詓
U+8A54,zhào;zhāo,詔
U+8A55,píng,評
U+8A56,bì,詖
U+8A57,xiòng,詗
U+8A58,qū;chù,詘
U+8A59,bá;bó,詙
U+8A5A,dá,詚
U+8A5B,zǔ,詛
U+8A5C,tāo,詜
U+8A5D,zhǔ,詝
U+8A5E,cí,詞
U+8A5F,zhé,詟
U+8A60,yǒng,詠
U+8A61,xǔ,詡
U+8A62,xún,詢
U+8A63,yì,詣
U+8A64,huǎng,詤
U+8A65,hé;gé,詥
U+8A66,shì,試
U+8A67,chá;qiè,詧
U+8A68,xiào,詨
U+8A69,shī,詩
U+8A6A,hěn,詪
U+8A6B,chà;dù,詫
U+8A6C,gòu;hòu,詬
U+8A6D,guǐ,詭
U+8A6E,quán,詮
U+8A6F,huì,詯
U+8A70,jié,詰
U+8A71,huà,話
U+8A72,gāi,該
U+8A73,xiáng;yáng,詳
U+8A74,wēi,詴
U+8A75,shēn,詵
U+8A76,zhòu;chóu,詶
U+8A77,tóng;dòng,詷
U+8A78,mí,詸
U+8A79,zhān;dàn,詹
U+8A7A,mìng,詺
U+8A7B,è;lüè;luò,詻
U+8A7C,huī,詼
U+8A7D,yán,詽
U+8A7E,xiōng,詾
U+8A7F,guà,詿
U+8A80,èr;chǐ,誀
U+8A81,bìng,誁
U+8A82,tiǎo;diào,誂
U+8A83,yí;chǐ;chì;duò,誃
U+8A84,lěi,誄
U+8A85,zhū,誅
U+8A86,kuāng,誆
U+8A87,kuā;qù,誇
U+8A88,wū,誈
U+8A89,yù,誉
U+8A8A,téng,誊
U+8A8B,jì,誋
U+8A8C,zhì,誌
U+8A8D,rèn,認
U+8A8E,cù,誎
U+8A8F,lǎng;làng,誏
U+8A90,é;ě,誐
U+8A91,kuáng,誑
U+8A92,éi;xī;yì;ê̄;ế;ê̌;ěi;ề;èi;ēi,誒
U+8A93,shì,誓
U+8A94,tǐng,誔
U+8A95,dàn,誕
U+8A96,bèi,誖
U+8A97,chán,誗
U+8A98,yòu,誘
U+8A99,kēng,誙
U+8A9A,qiào,誚
U+8A9B,qīn,誛
U+8A9C,shuà,誜
U+8A9D,ān,誝
U+8A9E,yǔ;yù,語
U+8A9F,xiào,誟
U+8AA0,chéng,誠
U+8AA1,jiè,誡
U+8AA2,xiàn,誢
U+8AA3,wū,誣
U+8AA4,wù,誤
U+8AA5,gào,誥
U+8AA6,sòng,誦
U+8AA7,bū,誧
U+8AA8,huì,誨
U+8AA9,jìng,誩
U+8AAA,shuō,說
U+8AAB,zhèn,誫
U+8AAC,shuō;shuì;yuè;tuō,説
U+8AAD,dú,読
U+8AAE,huā,誮
U+8AAF,chàng,誯
U+8AB0,shuí;shéi,誰
U+8AB1,jié,誱
U+8AB2,kè,課
U+8AB3,qū;juè,誳
U+8AB4,cóng,誴
U+8AB5,xiáo,誵
U+8AB6,suì,誶
U+8AB7,wǎng,誷
U+8AB8,xián,誸
U+8AB9,fěi,誹
U+8ABA,chī;lài,誺
U+8ABB,tà,誻
U+8ABC,yì,誼
U+8ABD,nì;ná,誽
U+8ABE,yín,誾
U+8ABF,diào;tiáo;zhōu,調
U+8AC0,pǐ;bēi,諀
U+8AC1,zhuó,諁
U+8AC2,chǎn,諂
U+8AC3,chēn,諃
U+8AC4,zhūn,諄
U+8AC5,jì;jī,諅
U+8AC6,qī,諆
U+8AC7,tán,談
U+8AC8,zhuì,諈
U+8AC9,wěi,諉
U+8ACA,jū,諊
U+8ACB,qǐng;qìng;qíng,請
U+8ACC,dǒng,諌
U+8ACD,zhèng;zhēng,諍
U+8ACE,zé;cuò;zuò;zhǎ;jiè,諎
U+8ACF,zōu;zhōu,諏
U+8AD0,qiān,諐
U+8AD1,zhuó,諑
U+8AD2,liàng;liáng,諒
U+8AD3,jiàn,諓
U+8AD4,chù;jí,諔
U+8AD5,háo;xià;huò,諕
U+8AD6,lùn;lún,論
U+8AD7,shěn;niè,諗
U+8AD8,biǎo,諘
U+8AD9,huà,諙
U+8ADA,pián,諚
U+8ADB,yú,諛
U+8ADC,dié;xiè,諜
U+8ADD,xū,諝
U+8ADE,piǎn;pián,諞
U+8ADF,shì;dì,諟
U+8AE0,xuān,諠
U+8AE1,shì,諡
U+8AE2,hùn,諢
U+8AE3,huà;guā,諣
U+8AE4,è,諤
U+8AE5,zhòng,諥
U+8AE6,dì;tí,諦
U+8AE7,xié,諧
U+8AE8,fú,諨
U+8AE9,pǔ,諩
U+8AEA,tíng,諪
U+8AEB,jiàn;làn,諫
U+8AEC,qǐ,諬
U+8AED,yù;tǒu,諭
U+8AEE,zī,諮
U+8AEF,zhuān,諯
U+8AF0,xǐ;shāi;āi,諰
U+8AF1,huì,諱
U+8AF2,yīn,諲
U+8AF3,ān;tǒu,諳
U+8AF4,xián;gān,諴
U+8AF5,nán;nàn,諵
U+8AF6,chén,諶
U+8AF7,fěng;fèng,諷
U+8AF8,zhū;chú,諸
U+8AF9,yáng,諹
U+8AFA,yàn,諺
U+8AFB,huáng,諻
U+8AFC,xuān,諼
U+8AFD,gé,諽
U+8AFE,nuò,諾
U+8AFF,qī;xǔ,諿
U+8B00,móu,謀
U+8B01,yè;ǎi,謁
U+8B02,wèi,謂
U+8B03,xīng,謃
U+8B04,téng,謄
U+8B05,zhōu;chōu;chǎo,謅
U+8B06,shàn,謆
U+8B07,jiǎn,謇
U+8B08,pó;páo,謈
U+8B09,kuì;duǐ;tuí;guǐ,謉
U+8B0A,huǎng,謊
U+8B0B,huò,謋
U+8B0C,gē,謌
U+8B0D,yíng;yīng;hōng,謍
U+8B0E,mí,謎
U+8B0F,xiǎo;sǒu;sòu,謏
U+8B10,mì,謐
U+8B11,xǐ;xià;xí,謑
U+8B12,qiāng,謒
U+8B13,chēn;zhèn,謓
U+8B14,xuè,謔
U+8B15,tí;sī,謕
U+8B16,sù,謖
U+8B17,bàng,謗
U+8B18,chí,謘
U+8B19,qiān;zhàn,謙
U+8B1A,shì;yì;xì,謚
U+8B1B,jiǎng,講
U+8B1C,yuán;quán,謜
U+8B1D,xiè,謝
U+8B1E,hè;xiāo,謞
U+8B1F,tāo,謟
U+8B20,yáo,謠
U+8B21,yáo,謡
U+8B22,lū,謢
U+8B23,yú;xū,謣
U+8B24,biāo;piāo,謤
U+8B25,còng,謥
U+8B26,qǐng;qìng,謦
U+8B27,lí,謧
U+8B28,mó,謨
U+8B29,mó,謩
U+8B2A,shāng,謪
U+8B2B,zhé;zé,謫
U+8B2C,miù,謬
U+8B2D,jiǎn,謭
U+8B2E,zé,謮
U+8B2F,jiē;zhā;zhǎ;zǔ,謯
U+8B30,lián,謰
U+8B31,lóu;lǚ,謱
U+8B32,càn;zào;sān;chěn,謲
U+8B33,ōu;xú,謳
U+8B34,gùn,謴
U+8B35,xí;chè,謵
U+8B36,zhuó;shù;zhē,謶
U+8B37,áo;ào,謷
U+8B38,áo,謸
U+8B39,jǐn,謹
U+8B3A,zhé,謺
U+8B3B,yí;chí,謻
U+8B3C,hū;xiāo,謼
U+8B3D,jiàng,謽
U+8B3E,mán;màn,謾
U+8B3F,cháo,謿
U+8B40,hàn;xiàn,譀
U+8B41,huá;wà,譁
U+8B42,chǎn;dàn,譂
U+8B43,xū,譃
U+8B44,zēng,譄
U+8B45,sè,譅
U+8B46,xī,譆
U+8B47,zhā,譇
U+8B48,duì,譈
U+8B49,zhèng,證
U+8B4A,náo;xiāo,譊
U+8B4B,lán,譋
U+8B4C,é;wá;guǐ,譌
U+8B4D,yīng;yìng,譍
U+8B4E,jué,譎
U+8B4F,jī,譏
U+8B50,zǔn,譐
U+8B51,jiǎo;qiào,譑
U+8B52,bò,譒
U+8B53,huì,譓
U+8B54,zhuàn;quán,譔
U+8B55,wú;mó,譕
U+8B56,zèn;jiàn,譖
U+8B57,zhá,譗
U+8B58,shí;shì;zhì,識
U+8B59,qiào;qiáo,譙
U+8B5A,tán,譚
U+8B5B,zèn,譛
U+8B5C,pǔ,譜
U+8B5D,shéng,譝
U+8B5E,xuān,譞
U+8B5F,zào,譟
U+8B60,tán,譠
U+8B61,dǎng,譡
U+8B62,suì,譢
U+8B63,xiǎn,譣
U+8B64,jī,譤
U+8B65,jiào,譥
U+8B66,jǐng,警
U+8B67,zhàn;lián,譧
U+8B68,náng;nóu,譨
U+8B69,yī,譩
U+8B6A,ǎi,譪
U+8B6B,zhān,譫
U+8B6C,pì,譬
U+8B6D,huǐ,譭
U+8B6E,huà;xiè;huì,譮
U+8B6F,yì,譯
U+8B70,yì,議
U+8B71,shàn,譱
U+8B72,ràng,譲
U+8B73,nòu,譳
U+8B74,qiǎn,譴
U+8B75,duì,譵
U+8B76,tà,譶
U+8B77,hù,護
U+8B78,zhōu;chóu,譸
U+8B79,háo,譹
U+8B7A,ài;yǐ;nǐ;yì;yí,譺
U+8B7B,yīng,譻
U+8B7C,jiàn,譼
U+8B7D,yù,譽
U+8B7E,jiǎn,譾
U+8B7F,huì,譿
U+8B80,dú;dòu,讀
U+8B81,zhé,讁
U+8B82,xuàn,讂
U+8B83,zàn,讃
U+8B84,lěi,讄
U+8B85,shěn,讅
U+8B86,wèi,讆
U+8B87,chǎn,讇
U+8B88,lì,讈
U+8B89,yí;tuī,讉
U+8B8A,biàn,變
U+8B8B,zhé,讋
U+8B8C,yàn,讌
U+8B8D,è,讍
U+8B8E,chóu,讎
U+8B8F,wèi,讏
U+8B90,chóu,讐
U+8B91,yào,讑
U+8B92,chán,讒
U+8B93,ràng,讓
U+8B94,yǐn,讔
U+8B95,lán,讕
U+8B96,chèn;chàn,讖
U+8B97,xié,讗
U+8B98,niè,讘
U+8B99,huān;huàn,讙
U+8B9A,zàn,讚
U+8B9B,yì,讛
U+8B9C,dǎng;dàng,讜
U+8B9D,zhán;zhān,讝
U+8B9E,yàn,讞
U+8B9F,dú,讟
U+8BA0,yán,讠
U+8BA1,jì,计
U+8BA2,dìng,订
U+8BA3,fù,讣
U+8BA4,rèn,认
U+8BA5,jī,讥
U+8BA6,jié,讦
U+8BA7,hòng,讧
U+8BA8,tǎo,讨
U+8BA9,ràng,让
U+8BAA,shàn,讪
U+8BAB,qì,讫
U+8BAC,tuō,讬
U+8BAD,xùn,训
U+8BAE,yì,议
U+8BAF,xùn,讯
U+8BB0,jì,记
U+8BB1,rèn,讱
U+8BB2,jiǎng,讲
U+8BB3,huì,讳
U+8BB4,ōu,讴
U+8BB5,jù,讵
U+8BB6,yà,讶
U+8BB7,nè,讷
U+8BB8,xǔ;hǔ,许
U+8BB9,é,讹
U+8BBA,lùn;lún,论
U+8BBB,xiōng,讻
U+8BBC,sòng,讼
U+8BBD,fěng;fèng,讽
U+8BBE,shè,设
U+8BBF,fǎng,访
U+8BC0,jué,诀
U+8BC1,zhèng,证
U+8BC2,gǔ,诂
U+8BC3,hē,诃
U+8BC4,píng,评
U+8BC5,zǔ,诅
U+8BC6,shí;shì;zhì,识
U+8BC7,xiòng,诇
U+8BC8,zhà,诈
U+8BC9,sù,诉
U+8BCA,zhěn,诊
U+8BCB,dǐ,诋
U+8BCC,zhōu,诌
U+8BCD,cí,词
U+8BCE,qū,诎
U+8BCF,zhào,诏
U+8BD0,bì,诐
U+8BD1,yì,译
U+8BD2,yí,诒
U+8BD3,kuāng,诓
U+8BD4,lěi,诔
U+8BD5,shì,试
U+8BD6,guà,诖
U+8BD7,shī,诗
U+8BD8,jí;jié,诘
U+8BD9,huī,诙
U+8BDA,chéng,诚
U+8BDB,zhū,诛
U+8BDC,shēn,诜
U+8BDD,huà,话
U+8BDE,dàn,诞
U+8BDF,gòu,诟
U+8BE0,quán,诠
U+8BE1,guǐ,诡
U+8BE2,xún,询
U+8BE3,yì,诣
U+8BE4,zhèng;zhēng,诤
U+8BE5,gāi,该
U+8BE6,xiáng,详
U+8BE7,chà,诧
U+8BE8,hùn,诨
U+8BE9,xǔ,诩
U+8BEA,zhōu,诪
U+8BEB,jiè,诫
U+8BEC,wū,诬
U+8BED,yǔ;yù,语
U+8BEE,qiào,诮
U+8BEF,wù,误
U+8BF0,gào,诰
U+8BF1,yòu,诱
U+8BF2,huì,诲
U+8BF3,kuáng,诳
U+8BF4,shuō;shuì;yuè,说
U+8BF5,sòng,诵
U+8BF6,éi,诶
U+8BF7,qǐng,请
U+8BF8,zhū,诸
U+8BF9,zōu,诹
U+8BFA,nuò,诺
U+8BFB,dú;dòu,读
U+8BFC,zhuó,诼
U+8BFD,fěi,诽
U+8BFE,kè,课
U+8BFF,wěi,诿
U+8C00,yú,谀
U+8C01,shuí;shéi,谁
U+8C02,shěn,谂
U+8C03,diào;tiáo,调
U+8C04,chǎn,谄
U+8C05,liàng,谅
U+8C06,zhūn,谆
U+8C07,suì,谇
U+8C08,tán,谈
U+8C09,shěn,谉
U+8C0A,yì,谊
U+8C0B,móu,谋
U+8C0C,chén,谌
U+8C0D,dié,谍
U+8C0E,huǎng,谎
U+8C0F,jiàn,谏
U+8C10,xié,谐
U+8C11,xuè,谑
U+8C12,yè,谒
U+8C13,wèi,谓
U+8C14,è,谔
U+8C15,yù,谕
U+8C16,xuān,谖
U+8C17,chán,谗
U+8C18,zī,谘
U+8C19,ān,谙
U+8C1A,yàn,谚
U+8C1B,dì,谛
U+8C1C,mí;mèi,谜
U+8C1D,pián;piǎn,谝
U+8C1E,xū,谞
U+8C1F,mó,谟
U+8C20,dǎng,谠
U+8C21,sù,谡
U+8C22,xiè,谢
U+8C23,yáo,谣
U+8C24,bàng,谤
U+8C25,shì,谥
U+8C26,qiān,谦
U+8C27,mì,谧
U+8C28,jǐn,谨
U+8C29,mán;màn,谩
U+8C2A,zhé,谪
U+8C2B,jiǎn,谫
U+8C2C,miù,谬
U+8C2D,tán,谭
U+8C2E,zèn,谮
U+8C2F,qiáo;qiào,谯
U+8C30,lán,谰
U+8C31,pǔ,谱
U+8C32,jué,谲
U+8C33,yàn,谳
U+8C34,qiǎn,谴
U+8C35,zhān,谵
U+8C36,chèn,谶
U+8C37,gǔ;lù;yù,谷
U+8C38,qiān,谸
U+8C39,hóng,谹
U+8C3A,xiā,谺
U+8C3B,jí,谻
U+8C3C,hóng,谼
U+8C3D,hān,谽
U+8C3E,hōng;lóng,谾
U+8C3F,xī;jī,谿
U+8C40,xī,豀
U+8C41,huō;huò;huá,豁
U+8C42,liáo,豂
U+8C43,hǎn;gǎn,豃
U+8C44,dú,豄
U+8C45,lóng;lòng,豅
U+8C46,dòu,豆
U+8C47,jiāng,豇
U+8C48,qǐ;kǎi,豈
U+8C49,shì;chǐ,豉
U+8C4A,lǐ;fēng,豊
U+8C4B,dēng,豋
U+8C4C,wān,豌
U+8C4D,bī;biǎn,豍
U+8C4E,shù,豎
U+8C4F,xiàn,豏
U+8C50,fēng,豐
U+8C51,zhì,豑
U+8C52,zhì,豒
U+8C53,yàn,豓
U+8C54,yàn,豔
U+8C55,shǐ,豕
U+8C56,chù,豖
U+8C57,huī,豗
U+8C58,tún,豘
U+8C59,yì,豙
U+8C5A,tún;dūn;dùn,豚
U+8C5B,yì,豛
U+8C5C,jiān,豜
U+8C5D,bā,豝
U+8C5E,hòu,豞
U+8C5F,è,豟
U+8C60,chú,豠
U+8C61,xiàng,象
U+8C62,huàn,豢
U+8C63,jiān;yàn,豣
U+8C64,kěn;kūn,豤
U+8C65,gāi,豥
U+8C66,jù,豦
U+8C67,fū;fù;pū,豧
U+8C68,xī,豨
U+8C69,bīn;huān,豩
U+8C6A,háo,豪
U+8C6B,yù;xiè;shū,豫
U+8C6C,zhū,豬
U+8C6D,jiā,豭
U+8C6E,fén,豮
U+8C6F,xī,豯
U+8C70,bó;hù;huò;gòu,豰
U+8C71,wēn,豱
U+8C72,huán,豲
U+8C73,bīn;bān,豳
U+8C74,dí,豴
U+8C75,zōng,豵
U+8C76,fén,豶
U+8C77,yì,豷
U+8C78,zhì;zhài,豸
U+8C79,bào,豹
U+8C7A,chái,豺
U+8C7B,àn,豻
U+8C7C,pí,豼
U+8C7D,nà,豽
U+8C7E,pī,豾
U+8C7F,gǒu,豿
U+8C80,nà;duò,貀
U+8C81,yòu,貁
U+8C82,diāo,貂
U+8C83,mò,貃
U+8C84,sì,貄
U+8C85,xiū,貅
U+8C86,huán;huān,貆
U+8C87,kūn;mào;kěn,貇
U+8C88,hé;mò,貈
U+8C89,háo;hé;mò;mà,貉
U+8C8A,mò;má,貊
U+8C8B,àn,貋
U+8C8C,mào;mò,貌
U+8C8D,lí;mái;yù,貍
U+8C8E,ní,貎
U+8C8F,bǐ,貏
U+8C90,yǔ,貐
U+8C91,jiā,貑
U+8C92,tuān;tuàn,貒
U+8C93,māo;máo,貓
U+8C94,pí,貔
U+8C95,xī,貕
U+8C96,yì,貖
U+8C97,jù;yú,貗
U+8C98,mò,貘
U+8C99,chū,貙
U+8C9A,tán,貚
U+8C9B,huān,貛
U+8C9C,jué,貜
U+8C9D,bèi,貝
U+8C9E,zhēn;zhēng,貞
U+8C9F,yuán,貟
U+8CA0,fù,負
U+8CA1,cái,財
U+8CA2,gòng,貢
U+8CA3,tè,貣
U+8CA4,yí;yì,貤
U+8CA5,háng,貥
U+8CA6,wán,貦
U+8CA7,pín,貧
U+8CA8,huò,貨
U+8CA9,fàn,販
U+8CAA,tān,貪
U+8CAB,guàn;wān,貫
U+8CAC,zé;zhài,責
U+8CAD,zhì,貭
U+8CAE,èr,貮
U+8CAF,zhù,貯
U+8CB0,shì,貰
U+8CB1,bì,貱
U+8CB2,zī,貲
U+8CB3,èr,貳
U+8CB4,guì,貴
U+8CB5,piǎn,貵
U+8CB6,biǎn;fá,貶
U+8CB7,mǎi,買
U+8CB8,dài;tè,貸
U+8CB9,shèng,貹
U+8CBA,kuàng,貺
U+8CBB,fèi;fú;bì,費
U+8CBC,tiē,貼
U+8CBD,yí,貽
U+8CBE,chí,貾
U+8CBF,mào,貿
U+8CC0,hè,賀
U+8CC1,bì;fén;bēn;fèn;féi;bān;lù;pān,賁
U+8CC2,lù,賂
U+8CC3,lìn,賃
U+8CC4,huì,賄
U+8CC5,gāi,賅
U+8CC6,pián,賆
U+8CC7,zī;zì,資
U+8CC8,jiǎ;gǔ;jià,賈
U+8CC9,xù,賉
U+8CCA,zéi,賊
U+8CCB,jiǎo,賋
U+8CCC,gāi,賌
U+8CCD,zāng,賍
U+8CCE,jiàn,賎
U+8CCF,yīng,賏
U+8CD0,xùn,賐
U+8CD1,zhèn,賑
U+8CD2,shē;shā,賒
U+8CD3,bīn,賓
U+8CD4,bīn,賔
U+8CD5,qiú,賕
U+8CD6,shē,賖
U+8CD7,chuàn,賗
U+8CD8,zāng,賘
U+8CD9,zhōu,賙
U+8CDA,lài,賚
U+8CDB,zàn,賛
U+8CDC,cì,賜
U+8CDD,chēn,賝
U+8CDE,shǎng,賞
U+8CDF,tiǎn,賟
U+8CE0,péi,賠
U+8CE1,gēng,賡
U+8CE2,xián;xiàn,賢
U+8CE3,mài,賣
U+8CE4,jiàn,賤
U+8CE5,suì,賥
U+8CE6,fù,賦
U+8CE7,tàn,賧
U+8CE8,cóng,賨
U+8CE9,cóng,賩
U+8CEA,zhì,質
U+8CEB,jī,賫
U+8CEC,zhàng,賬
U+8CED,dǔ,賭
U+8CEE,jìn,賮
U+8CEF,xiōng,賯
U+8CF0,chǔn,賰
U+8CF1,yǔn,賱
U+8CF2,bǎo,賲
U+8CF3,zāi,賳
U+8CF4,lài,賴
U+8CF5,fèng,賵
U+8CF6,càng,賶
U+8CF7,jī,賷
U+8CF8,shèng,賸
U+8CF9,yì;ài,賹
U+8CFA,zhuàn;zuàn,賺
U+8CFB,fù,賻
U+8CFC,gòu,購
U+8CFD,sài,賽
U+8CFE,zé,賾
U+8CFF,liáo,賿
U+8D00,yì,贀
U+8D01,bài,贁
U+8D02,chěn,贂
U+8D03,wàn,贃
U+8D04,zhì;zhí,贄
U+8D05,zhuì,贅
U+8D06,biāo,贆
U+8D07,yūn;bīn,贇
U+8D08,zèng,贈
U+8D09,dàn,贉
U+8D0A,zàn,贊
U+8D0B,yàn,贋
U+8D0C,pú,贌
U+8D0D,shàn;dàn,贍
U+8D0E,wàn,贎
U+8D0F,yíng,贏
U+8D10,jìn,贐
U+8D11,gàn,贑
U+8D12,xián,贒
U+8D13,zāng,贓
U+8D14,bì,贔
U+8D15,dú,贕
U+8D16,shú;shù,贖
U+8D17,yàn;yán,贗
U+8D18,shǎng,贘
U+8D19,xuàn,贙
U+8D1A,lòng,贚
U+8D1B,gàn;gòng;zhuàng,贛
U+8D1C,zāng,贜
U+8D1D,bèi,贝
U+8D1E,zhēn,贞
U+8D1F,fù,负
U+8D20,yuán,贠
U+8D21,gòng,贡
U+8D22,cái,财
U+8D23,zé,责
U+8D24,xián,贤
U+8D25,bài,败
U+8D26,zhàng,账
U+8D27,huò,货
U+8D28,zhì,质
U+8D29,fàn,贩
U+8D2A,tān,贪
U+8D2B,pín,贫
U+8D2C,biǎn,贬
U+8D2D,gòu,购
U+8D2E,zhù,贮
U+8D2F,guàn,贯
U+8D30,èr,贰
U+8D31,jiàn,贱
U+8D32,bēn;bì,贲
U+8D33,shì,贳
U+8D34,tiē,贴
U+8D35,guì,贵
U+8D36,kuàng,贶
U+8D37,dài,贷
U+8D38,mào,贸
U+8D39,fèi,费
U+8D3A,hè,贺
U+8D3B,yí,贻
U+8D3C,zéi,贼
U+8D3D,zhì,贽
U+8D3E,jiǎ;gǔ,贾
U+8D3F,huì,贿
U+8D40,zī,赀
U+8D41,lìn,赁
U+8D42,lù,赂
U+8D43,zāng,赃
U+8D44,zī,资
U+8D45,gāi,赅
U+8D46,jìn,赆
U+8D47,qiú,赇
U+8D48,zhèn,赈
U+8D49,lài,赉
U+8D4A,shē,赊
U+8D4B,fù,赋
U+8D4C,dǔ,赌
U+8D4D,jī,赍
U+8D4E,shú,赎
U+8D4F,shǎng,赏
U+8D50,cì,赐
U+8D51,bì,赑
U+8D52,zhōu,赒
U+8D53,gēng,赓
U+8D54,péi,赔
U+8D55,dǎn,赕
U+8D56,lài,赖
U+8D57,fèng,赗
U+8D58,zhuì,赘
U+8D59,fù,赙
U+8D5A,zhuàn;zuàn,赚
U+8D5B,sài,赛
U+8D5C,zé,赜
U+8D5D,yàn,赝
U+8D5E,zàn,赞
U+8D5F,yūn,赟
U+8D60,zèng,赠
U+8D61,shàn,赡
U+8D62,yíng,赢
U+8D63,gàn,赣
U+8D64,chì,赤
U+8D65,xī,赥
U+8D66,shè;cè,赦
U+8D67,nǎn,赧
U+8D68,tóng;xióng,赨
U+8D69,xì,赩
U+8D6A,chēng,赪
U+8D6B,hè;shì,赫
U+8D6C,chēng,赬
U+8D6D,zhě,赭
U+8D6E,xiá,赮
U+8D6F,táng,赯
U+8D70,zǒu,走
U+8D71,zǒu,赱
U+8D72,lì,赲
U+8D73,jiū;jiù,赳
U+8D74,fù,赴
U+8D75,zhào,赵
U+8D76,gǎn;qián,赶
U+8D77,qǐ,起
U+8D78,shàn,赸
U+8D79,qióng,赹
U+8D7A,yǐn;qǐn,赺
U+8D7B,xiǎn,赻
U+8D7C,zī,赼
U+8D7D,jué;guì,赽
U+8D7E,qǐn,赾
U+8D7F,chí;dì,赿
U+8D80,cī,趀
U+8D81,chèn;zhēn;chén;niǎn;zhěn,趁
U+8D82,chèn,趂
U+8D83,dié;tú,趃
U+8D84,jū;qiè,趄
U+8D85,chāo;chǎo;chào;tiào,超
U+8D86,dī,趆
U+8D87,xì,趇
U+8D88,zhān,趈
U+8D89,jué;jú,趉
U+8D8A,yuè;huó,越
U+8D8B,qū,趋
U+8D8C,jí;jié,趌
U+8D8D,chí;qū,趍
U+8D8E,chú,趎
U+8D8F,guā;huó,趏
U+8D90,xuè;chì,趐
U+8D91,zī;cì,趑
U+8D92,tiáo;tiào;tiǎo,趒
U+8D93,duǒ,趓
U+8D94,liè,趔
U+8D95,gǎn,趕
U+8D96,suō,趖
U+8D97,cù,趗
U+8D98,xí,趘
U+8D99,zhào;diào,趙
U+8D9A,sù,趚
U+8D9B,yǐn,趛
U+8D9C,jú;qū;qiú,趜
U+8D9D,jiàn,趝
U+8D9E,què;qì;jí,趞
U+8D9F,tàng;zhēng;zhèng;chéng;tāng,趟
U+8DA0,chuò;chào;tiào;zhuó,趠
U+8DA1,cuǐ;wěi;jù,趡
U+8DA2,lù,趢
U+8DA3,qù;cù;qū;cǒu;zōu,趣
U+8DA4,dàng,趤
U+8DA5,qiū;cù,趥
U+8DA6,zī,趦
U+8DA7,tí,趧
U+8DA8,qū;cù;qù;cǒu,趨
U+8DA9,chì,趩
U+8DAA,huáng;guāng,趪
U+8DAB,qiáo;jiào;chǎo,趫
U+8DAC,qiāo,趬
U+8DAD,jiào,趭
U+8DAE,zào,趮
U+8DAF,tì;yuè;yào,趯
U+8DB0,ěr,趰
U+8DB1,zǎn,趱
U+8DB2,zǎn;zū,趲
U+8DB3,zú;jù,足
U+8DB4,pā,趴
U+8DB5,bào;bō;zhuó;chuò;páo,趵
U+8DB6,kù;wū,趶
U+8DB7,kē,趷
U+8DB8,dǔn,趸
U+8DB9,jué;guì,趹
U+8DBA,fū,趺
U+8DBB,chěn,趻
U+8DBC,jiǎn;yàn;yán;jiān,趼
U+8DBD,fàng;páng;fāng,趽
U+8DBE,zhǐ,趾
U+8DBF,tā;sà;qì,趿
U+8DC0,yuè,跀
U+8DC1,bà;pá,跁
U+8DC2,qí;qǐ;qì;jī;zhī,跂
U+8DC3,yuè,跃
U+8DC4,qiāng;qiàng,跄
U+8DC5,tuò;chì,跅
U+8DC6,tái,跆
U+8DC7,yì,跇
U+8DC8,niǎn;jiàn;chén;tiàn,跈
U+8DC9,líng,跉
U+8DCA,mèi,跊
U+8DCB,bá;bèi,跋
U+8DCC,diē;dié;tú,跌
U+8DCD,kū,跍
U+8DCE,tuó,跎
U+8DCF,jiā,跏
U+8DD0,cī;cǐ;zǐ,跐
U+8DD1,pǎo;páo;bó,跑
U+8DD2,qiǎ,跒
U+8DD3,zhù,跓
U+8DD4,jū;qǔ,跔
U+8DD5,diǎn;tiē;dié;zhàn;diē,跕
U+8DD6,zhí,跖
U+8DD7,fū;fù,跗
U+8DD8,pán;bàn,跘
U+8DD9,jù;qū;qiě;zhù;qiè,跙
U+8DDA,shān,跚
U+8DDB,bǒ;bì;pō,跛
U+8DDC,ní,跜
U+8DDD,jù,距
U+8DDE,lì;luò,跞
U+8DDF,gēn,跟
U+8DE0,yí,跠
U+8DE1,jī,跡
U+8DE2,duò;dài;duō;chí,跢
U+8DE3,xiǎn;xiān;sǔn,跣
U+8DE4,jiāo;qiāo,跤
U+8DE5,duò,跥
U+8DE6,zhū;chú,跦
U+8DE7,quán;zūn,跧
U+8DE8,kuà;kù;kuā;kuǎ,跨
U+8DE9,zhuǎi;shì,跩
U+8DEA,guì,跪
U+8DEB,qióng;qiāng;qiōng,跫
U+8DEC,kuǐ;xiè,跬
U+8DED,xiáng,跭
U+8DEE,chì;dié,跮
U+8DEF,lù;luò,路
U+8DF0,pián;bèng;bǐng,跰
U+8DF1,zhì,跱
U+8DF2,jiá;jié,跲
U+8DF3,tiào;diào;táo,跳
U+8DF4,cǎi,跴
U+8DF5,jiàn,践
U+8DF6,dá;da,跶
U+8DF7,qiāo,跷
U+8DF8,bì,跸
U+8DF9,xiān,跹
U+8DFA,duò,跺
U+8DFB,jī,跻
U+8DFC,jú;qù,跼
U+8DFD,jì,跽
U+8DFE,shū;chōu,跾
U+8DFF,tú;duó;chuō,跿
U+8E00,chù;cù,踀
U+8E01,jìng;kēng,踁
U+8E02,niè,踂
U+8E03,xiāo;qiào,踃
U+8E04,bù,踄
U+8E05,xué;chì,踅
U+8E06,cūn;qūn;cún;zūn;qiù;zhūn,踆
U+8E07,mǔ,踇
U+8E08,shū,踈
U+8E09,liáng;liàng;láng;làng,踉
U+8E0A,yǒng,踊
U+8E0B,jiǎo,踋
U+8E0C,chóu,踌
U+8E0D,qiāo,踍
U+8E0E,móu,踎
U+8E0F,tà;tā,踏
U+8E10,jiàn,踐
U+8E11,qí;jī;jì,踑
U+8E12,wō;wēi;ruí,踒
U+8E13,wěi;cù,踓
U+8E14,chuō;diào;zhuō;tiào;chuò,踔
U+8E15,jié,踕
U+8E16,jí;qì;què,踖
U+8E17,niè,踗
U+8E18,jū,踘
U+8E19,niè,踙
U+8E1A,lún,踚
U+8E1B,lù,踛
U+8E1C,lèng;léng;chěng,踜
U+8E1D,huái,踝
U+8E1E,jù,踞
U+8E1F,chí,踟
U+8E20,wǎn;wò,踠
U+8E21,quán;juǎn,踡
U+8E22,tī;dié,踢
U+8E23,bó;pòu,踣
U+8E24,zú;cù;cuì,踤
U+8E25,qiè,踥
U+8E26,yǐ;qī;jī;jǐ;yì,踦
U+8E27,cù;dí,踧
U+8E28,zōng,踨
U+8E29,cǎi;kuí,踩
U+8E2A,zōng,踪
U+8E2B,pèng;pán,踫
U+8E2C,zhì,踬
U+8E2D,zhēng,踭
U+8E2E,diǎn,踮
U+8E2F,zhí,踯
U+8E30,yú;yáo;chū,踰
U+8E31,duó;chuò;duò,踱
U+8E32,dùn,踲
U+8E33,chuǎn;chǔn;chūn,踳
U+8E34,yǒng,踴
U+8E35,zhǒng;zhòng,踵
U+8E36,dì;zhì;tí;chí;shì,踶
U+8E37,zhǎ,踷
U+8E38,chěn,踸
U+8E39,chuài;shuàn;duàn;chuǎn,踹
U+8E3A,jiàn,踺
U+8E3B,guā;guǎ;tuó,踻
U+8E3C,táng;tǎng;shāng,踼
U+8E3D,jǔ,踽
U+8E3E,fú;bì,踾
U+8E3F,zú,踿
U+8E40,dié,蹀
U+8E41,pián,蹁
U+8E42,róu;rǒu,蹂
U+8E43,nuò;rè;nà,蹃
U+8E44,tí;dì,蹄
U+8E45,chǎ;zhā,蹅
U+8E46,tuǐ,蹆
U+8E47,jiǎn,蹇
U+8E48,dǎo,蹈
U+8E49,cuō,蹉
U+8E4A,qī;xī,蹊
U+8E4B,tà,蹋
U+8E4C,qiāng;qiàng,蹌
U+8E4D,niǎn;zhǎn;chán,蹍
U+8E4E,diān,蹎
U+8E4F,tí,蹏
U+8E50,jí,蹐
U+8E51,niè,蹑
U+8E52,pán;mán,蹒
U+8E53,liū;liù,蹓
U+8E54,zàn;cán,蹔
U+8E55,bì,蹕
U+8E56,chōng,蹖
U+8E57,lù,蹗
U+8E58,liáo,蹘
U+8E59,cù,蹙
U+8E5A,tāng;tàng;chēng,蹚
U+8E5B,dài;diē;dān;zhì,蹛
U+8E5C,sù,蹜
U+8E5D,xǐ,蹝
U+8E5E,kuǐ,蹞
U+8E5F,jī,蹟
U+8E60,zhí;zhuó,蹠
U+8E61,qiāng;qiàng,蹡
U+8E62,dí;zhí,蹢
U+8E63,pán;mán;liǎng,蹣
U+8E64,zōng,蹤
U+8E65,lián,蹥
U+8E66,bèng,蹦
U+8E67,zāo,蹧
U+8E68,niǎn;rǎn,蹨
U+8E69,bié,蹩
U+8E6A,tuí,蹪
U+8E6B,jú,蹫
U+8E6C,dēng;dèng,蹬
U+8E6D,cèng;céng,蹭
U+8E6E,xiān,蹮
U+8E6F,fán,蹯
U+8E70,chú,蹰
U+8E71,zhōng;chòng,蹱
U+8E72,dūn;zún;cún;zūn;cǔn;cuán;qǔn,蹲
U+8E73,bō,蹳
U+8E74,cù;zú;jiu,蹴
U+8E75,cù,蹵
U+8E76,jué;juě;guì,蹶
U+8E77,jué,蹷
U+8E78,lìn;lín,蹸
U+8E79,tá,蹹
U+8E7A,qiāo;qiào,蹺
U+8E7B,juē;qiāo;jiǎo;jué;jú;xuè,蹻
U+8E7C,pǔ,蹼
U+8E7D,liāo,蹽
U+8E7E,dūn,蹾
U+8E7F,cuān,蹿
U+8E80,guàn,躀
U+8E81,zào,躁
U+8E82,dá,躂
U+8E83,bì,躃
U+8E84,bì,躄
U+8E85,zhú;zhuó,躅
U+8E86,jù,躆
U+8E87,chú;chuò,躇
U+8E88,qiào,躈
U+8E89,dǔn,躉
U+8E8A,chóu,躊
U+8E8B,jī,躋
U+8E8C,wǔ,躌
U+8E8D,yuè;tì,躍
U+8E8E,niǎn,躎
U+8E8F,lìn,躏
U+8E90,liè,躐
U+8E91,zhí,躑
U+8E92,lì;yuè;luò,躒
U+8E93,zhì;zhī,躓
U+8E94,chán;zhàn,躔
U+8E95,chú,躕
U+8E96,duàn,躖
U+8E97,wèi,躗
U+8E98,lóng;lǒng,躘
U+8E99,lìn,躙
U+8E9A,xiān,躚
U+8E9B,wèi,躛
U+8E9C,zuān,躜
U+8E9D,lán,躝
U+8E9E,xiè,躞
U+8E9F,ráng,躟
U+8EA0,sǎ;xiè,躠
U+8EA1,niè,躡
U+8EA2,tà,躢
U+8EA3,qú,躣
U+8EA4,jí,躤
U+8EA5,cuān,躥
U+8EA6,cuó;zuān,躦
U+8EA7,xǐ,躧
U+8EA8,kuí,躨
U+8EA9,jué;qì,躩
U+8EAA,lìn,躪
U+8EAB,shēn;juān,身
U+8EAC,gōng,躬
U+8EAD,dān,躭
U+8EAE,fēn,躮
U+8EAF,qū,躯
U+8EB0,tǐ,躰
U+8EB1,duǒ,躱
U+8EB2,duǒ,躲
U+8EB3,gōng,躳
U+8EB4,láng,躴
U+8EB5,rěn,躵
U+8EB6,luǒ,躶
U+8EB7,ǎi,躷
U+8EB8,jī,躸
U+8EB9,jú,躹
U+8EBA,tǎng;tàng,躺
U+8EBB,kōng,躻
U+8EBC,lào,躼
U+8EBD,yǎn;yàn,躽
U+8EBE,měi,躾
U+8EBF,kāng,躿
U+8EC0,qū,軀
U+8EC1,lóu;lǚ,軁
U+8EC2,lào,軂
U+8EC3,duǒ;tuǒ,軃
U+8EC4,zhí,軄
U+8EC5,yàn,軅
U+8EC6,tǐ,軆
U+8EC7,dào,軇
U+8EC8,yīng,軈
U+8EC9,yù,軉
U+8ECA,chē;jū,車
U+8ECB,yà;zhá;gá,軋
U+8ECC,guǐ,軌
U+8ECD,jūn,軍
U+8ECE,wèi,軎
U+8ECF,yuè,軏
U+8ED0,xìn;xiàn,軐
U+8ED1,dài,軑
U+8ED2,xuān;xiǎn;xiàn;hǎn;jiān,軒
U+8ED3,fàn,軓
U+8ED4,rèn,軔
U+8ED5,shān,軕
U+8ED6,kuáng,軖
U+8ED7,shū,軗
U+8ED8,tún,軘
U+8ED9,chén;qí,軙
U+8EDA,dài,軚
U+8EDB,è,軛
U+8EDC,nà,軜
U+8EDD,qí,軝
U+8EDE,máo,軞
U+8EDF,ruǎn,軟
U+8EE0,kuáng,軠
U+8EE1,qián,軡
U+8EE2,zhuǎn,転
U+8EE3,hōng,軣
U+8EE4,hū,軤
U+8EE5,qú;gōu;gòu;jū,軥
U+8EE6,kuàng,軦
U+8EE7,dǐ;chí,軧
U+8EE8,líng;lǐng,軨
U+8EE9,dài,軩
U+8EEA,āo;ào,軪
U+8EEB,zhěn,軫
U+8EEC,fàn;bèn,軬
U+8EED,kuāng,軭
U+8EEE,yǎng,軮
U+8EEF,pēng,軯
U+8EF0,bèi,軰
U+8EF1,gū,軱
U+8EF2,gū,軲
U+8EF3,páo,軳
U+8EF4,zhù,軴
U+8EF5,rǒng;fǔ;fù;róng,軵
U+8EF6,è,軶
U+8EF7,bá,軷
U+8EF8,zhóu;zhú;zhòu,軸
U+8EF9,zhǐ,軹
U+8EFA,yáo;diāo,軺
U+8EFB,kē,軻
U+8EFC,yì;dié;zhé,軼
U+8EFD,zhì;qīng,軽
U+8EFE,shì,軾
U+8EFF,píng,軿
U+8F00,ér,輀
U+8F01,gǒng,輁
U+8F02,jú,輂
U+8F03,jiào;jué;xiào,較
U+8F04,guāng,輄
U+8F05,hé;lù;yà,輅
U+8F06,kǎi;kài,輆
U+8F07,quán;chūn,輇
U+8F08,zhōu,輈
U+8F09,zài;zǎi;dài;zāi;zī,載
U+8F0A,zhì,輊
U+8F0B,shē,輋
U+8F0C,liàng,輌
U+8F0D,yù,輍
U+8F0E,shāo,輎
U+8F0F,yóu,輏
U+8F10,wàn;yuǎn,輐
U+8F11,yǐn;qūn,輑
U+8F12,zhé,輒
U+8F13,wǎn,輓
U+8F14,fǔ,輔
U+8F15,qīng;qìng,輕
U+8F16,zhōu,輖
U+8F17,ní;yì,輗
U+8F18,léng;líng;lèng,輘
U+8F19,zhé,輙
U+8F1A,zhàn,輚
U+8F1B,liàng,輛
U+8F1C,zī;zì,輜
U+8F1D,huī,輝
U+8F1E,wǎng,輞
U+8F1F,chuò,輟
U+8F20,guǒ;huà;huì,輠
U+8F21,kǎn,輡
U+8F22,yǐ,輢
U+8F23,péng,輣
U+8F24,qiàn,輤
U+8F25,gǔn,輥
U+8F26,niǎn;liǎn,輦
U+8F27,píng;pēng,輧
U+8F28,guǎn,輨
U+8F29,bèi,輩
U+8F2A,lún,輪
U+8F2B,pái,輫
U+8F2C,liáng,輬
U+8F2D,ruǎn;ér,輭
U+8F2E,róu;rǒu,輮
U+8F2F,jí,輯
U+8F30,yáng,輰
U+8F31,xián;kàn,輱
U+8F32,chuán,輲
U+8F33,còu,輳
U+8F34,chūn;shǔn,輴
U+8F35,gé;yà;è;qiè,輵
U+8F36,yóu,輶
U+8F37,hōng,輷
U+8F38,shū;shù,輸
U+8F39,fù;bú,輹
U+8F3A,zī,輺
U+8F3B,fú,輻
U+8F3C,wēn;yūn,輼
U+8F3D,bèn,輽
U+8F3E,zhǎn;niǎn,輾
U+8F3F,yú;yù,輿
U+8F40,wēn,轀
U+8F41,tāo;kǎn,轁
U+8F42,gǔ;gū,轂
U+8F43,zhēn,轃
U+8F44,xiá;hé,轄
U+8F45,yuán,轅
U+8F46,lù,轆
U+8F47,jiāo;xiǎo,轇
U+8F48,cháo,轈
U+8F49,zhuǎn;zhuàn;zhuǎi,轉
U+8F4A,wèi,轊
U+8F4B,hún,轋
U+8F4C,xuě,轌
U+8F4D,zhé,轍
U+8F4E,jiào,轎
U+8F4F,zhàn,轏
U+8F50,bú,轐
U+8F51,lǎo;láo;liáo;liǎo;liào,轑
U+8F52,fén,轒
U+8F53,fān,轓
U+8F54,lín;lìn,轔
U+8F55,gé,轕
U+8F56,sè,轖
U+8F57,kǎn,轗
U+8F58,huán;huàn,轘
U+8F59,yǐ,轙
U+8F5A,jí,轚
U+8F5B,zhuì,轛
U+8F5C,ér,轜
U+8F5D,yù,轝
U+8F5E,jiàn,轞
U+8F5F,hōng,轟
U+8F60,léi,轠
U+8F61,pèi,轡
U+8F62,lì,轢
U+8F63,lì,轣
U+8F64,lú,轤
U+8F65,lìn,轥
U+8F66,chē;jū,车
U+8F67,yà;zhá;gá,轧
U+8F68,guǐ,轨
U+8F69,xuān,轩
U+8F6A,dài,轪
U+8F6B,rèn,轫
U+8F6C,zhuǎn;zhuàn;zhuǎi,转
U+8F6D,è,轭
U+8F6E,lún,轮
U+8F6F,ruǎn,软
U+8F70,hōng,轰
U+8F71,gū,轱
U+8F72,kē;kě,轲
U+8F73,lú,轳
U+8F74,zhóu;zhòu,轴
U+8F75,zhǐ,轵
U+8F76,yì,轶
U+8F77,hū,轷
U+8F78,zhěn,轸
U+8F79,lì,轹
U+8F7A,yáo,轺
U+8F7B,qīng,轻
U+8F7C,shì,轼
U+8F7D,zài;zǎi,载
U+8F7E,zhì,轾
U+8F7F,jiào,轿
U+8F80,zhōu,辀
U+8F81,quán,辁
U+8F82,lù,辂
U+8F83,jiào,较
U+8F84,zhé,辄
U+8F85,fǔ,辅
U+8F86,liàng,辆
U+8F87,niǎn,辇
U+8F88,bèi,辈
U+8F89,huī,辉
U+8F8A,gǔn,辊
U+8F8B,wǎng,辋
U+8F8C,liáng,辌
U+8F8D,chuò,辍
U+8F8E,zī,辎
U+8F8F,còu,辏
U+8F90,fú,辐
U+8F91,jí,辑
U+8F92,wēn,辒
U+8F93,shū,输
U+8F94,pèi,辔
U+8F95,yuán,辕
U+8F96,xiá,辖
U+8F97,niǎn;zhǎn,辗
U+8F98,lù,辘
U+8F99,zhé,辙
U+8F9A,lín,辚
U+8F9B,xīn,辛
U+8F9C,gū,辜
U+8F9D,cí,辝
U+8F9E,cí,辞
U+8F9F,pì;bì;mǐ;pī,辟
U+8FA0,zuì;zuī,辠
U+8FA1,biàn,辡
U+8FA2,là,辢
U+8FA3,là,辣
U+8FA4,cí,辤
U+8FA5,xuē;yì,辥
U+8FA6,bàn,辦
U+8FA7,biàn,辧
U+8FA8,biàn;biǎn;bàn;piàn,辨
U+8FA9,biàn,辩
U+8FAA,xuē,辪
U+8FAB,biàn,辫
U+8FAC,bān,辬
U+8FAD,cí,辭
U+8FAE,biàn,辮
U+8FAF,biàn;pián;biǎn;bàn,辯
U+8FB0,chén,辰
U+8FB1,rǔ,辱
U+8FB2,nóng,農
U+8FB3,nóng,辳
U+8FB4,chǎn;zhěn,辴
U+8FB5,chuò,辵
U+8FB6,chuò,辶
U+8FB7,yī,辷
U+8FB8,réng,辸
U+8FB9,biān;bian,边
U+8FBA,biān,辺
U+8FBB,shí,辻
U+8FBC,yū,込
U+8FBD,liáo,辽
U+8FBE,dá;tì;tà,达
U+8FBF,chān;chán,辿
U+8FC0,gān,迀
U+8FC1,qiān,迁
U+8FC2,yū,迂
U+8FC3,yū,迃
U+8FC4,qì,迄
U+8FC5,xùn,迅
U+8FC6,yí;yǐ;tuó,迆
U+8FC7,guò;guō,过
U+8FC8,mài,迈
U+8FC9,qī,迉
U+8FCA,zā,迊
U+8FCB,wàng;guàng;kuáng,迋
U+8FCC,tù,迌
U+8FCD,zhūn,迍
U+8FCE,yíng;yìng,迎
U+8FCF,dá,迏
U+8FD0,yùn;yǔn,运
U+8FD1,jìn,近
U+8FD2,háng;xiáng,迒
U+8FD3,yà,迓
U+8FD4,fǎn,返
U+8FD5,wù;wǔ,迕
U+8FD6,dá,迖
U+8FD7,é,迗
U+8FD8,hái;huán;fú,还
U+8FD9,zhè;zhèi,这
U+8FDA,dá,迚
U+8FDB,jìn,进
U+8FDC,yuǎn,远
U+8FDD,wéi,违
U+8FDE,lián,连
U+8FDF,chí,迟
U+8FE0,chè,迠
U+8FE1,nì;chí,迡
U+8FE2,tiáo,迢
U+8FE3,zhì;chì,迣
U+8FE4,yí;yǐ;tuó,迤
U+8FE5,jiǒng,迥
U+8FE6,jiā;xiè,迦
U+8FE7,chén,迧
U+8FE8,dài,迨
U+8FE9,ěr,迩
U+8FEA,dí,迪
U+8FEB,pò;pǎi,迫
U+8FEC,zhù;wǎng,迬
U+8FED,dié;yì;dá,迭
U+8FEE,zé;zuò,迮
U+8FEF,táo,迯
U+8FF0,shù,述
U+8FF1,tuó;yí,迱
U+8FF2,qu,迲
U+8FF3,jìng,迳
U+8FF4,huí,迴
U+8FF5,dòng,迵
U+8FF6,yòu,迶
U+8FF7,mí;mì,迷
U+8FF8,bèng,迸
U+8FF9,jì;jī,迹
U+8FFA,nǎi,迺
U+8FFB,yí,迻
U+8FFC,jié,迼
U+8FFD,zhuī;duī;tuī,追
U+8FFE,liè,迾
U+8FFF,xùn,迿
U+9000,tuì,退
U+9001,sòng,送
U+9002,shì;kuò,适
U+9003,táo,逃
U+9004,páng;féng,逄
U+9005,hòu,逅
U+9006,nì,逆
U+9007,dùn,逇
U+9008,jiǒng,逈
U+9009,xuǎn,选
U+900A,xùn,逊
U+900B,bū,逋
U+900C,yōu;yóu,逌
U+900D,xiāo,逍
U+900E,qiú,逎
U+900F,tòu;shū,透
U+9010,zhú;dí;zhòu;tún,逐
U+9011,qiú,逑
U+9012,dì,递
U+9013,dì,逓
U+9014,tú,途
U+9015,jìng,逕
U+9016,tì,逖
U+9017,dòu;zhù;tóu;qí,逗
U+9018,yǐ;sì,逘
U+9019,zhè;yàn;zhèi,這
U+901A,tōng;tòng,通
U+901B,guàng;kuáng,逛
U+901C,wù;wǔ,逜
U+901D,shì,逝
U+901E,chěng;yíng,逞
U+901F,sù,速
U+9020,zào;cào;cāo,造
U+9021,qūn;xùn;suō,逡
U+9022,féng;péng;páng,逢
U+9023,lián;liǎn;liàn;làn,連
U+9024,suò,逤
U+9025,huí,逥
U+9026,lǐ,逦
U+9027,gǔ,逧
U+9028,lái;lài,逨
U+9029,bèn;bēn,逩
U+902A,cuò,逪
U+902B,jué;zhú,逫
U+902C,bèng;pēng,逬
U+902D,huàn,逭
U+902E,dǎi;dài;dì,逮
U+902F,lù;dài,逯
U+9030,yóu,逰
U+9031,zhōu,週
U+9032,jìn,進
U+9033,yù,逳
U+9034,chuō;chuò,逴
U+9035,kuí;kuǐ,逵
U+9036,wēi,逶
U+9037,tì,逷
U+9038,yì,逸
U+9039,dá,逹
U+903A,yuǎn,逺
U+903B,luó,逻
U+903C,bī,逼
U+903D,nuò,逽
U+903E,yú;dòu,逾
U+903F,dàng;táng,逿
U+9040,suí,遀
U+9041,dùn;qūn;xún,遁
U+9042,suì;suí,遂
U+9043,yǎn;àn,遃
U+9044,chuán,遄
U+9045,chí,遅
U+9046,tí,遆
U+9047,yù;yóng;ǒu,遇
U+9048,shí,遈
U+9049,zhēn,遉
U+904A,yóu,遊
U+904B,yùn,運
U+904C,è,遌
U+904D,biàn,遍
U+904E,guò;guō;guo;huò,過
U+904F,è,遏
U+9050,xiá,遐
U+9051,huáng,遑
U+9052,qiú;qiū,遒
U+9053,dào;dǎo,道
U+9054,dá;tà,達
U+9055,wéi;huí,違
U+9056,nán,遖
U+9057,yí;wèi,遗
U+9058,gòu,遘
U+9059,yáo,遙
U+905A,chòu,遚
U+905B,liú;liù,遛
U+905C,xùn,遜
U+905D,tà,遝
U+905E,dì;shì;dài,遞
U+905F,chí;zhì;xī,遟
U+9060,yuǎn;yuàn,遠
U+9061,sù,遡
U+9062,tà;tā,遢
U+9063,qiǎn;qiàn,遣
U+9064,mǎ,遤
U+9065,yáo,遥
U+9066,guàn,遦
U+9067,zhāng,遧
U+9068,áo,遨
U+9069,shì;dí;tì;zhé,適
U+906A,cà,遪
U+906B,chì,遫
U+906C,sù,遬
U+906D,zāo,遭
U+906E,zhē,遮
U+906F,dùn,遯
U+9070,dì;shì;dài,遰
U+9071,lóu,遱
U+9072,chí;zhì,遲
U+9073,cuō,遳
U+9074,lín;lìn,遴
U+9075,zūn,遵
U+9076,rào,遶
U+9077,qiān,遷
U+9078,xuǎn;xuàn;suàn;shuā,選
U+9079,yù,遹
U+907A,yí;wèi;suí,遺
U+907B,è,遻
U+907C,liáo,遼
U+907D,jù;qú,遽
U+907E,shì,遾
U+907F,bì,避
U+9080,yāo,邀
U+9081,mài,邁
U+9082,xiè,邂
U+9083,suì,邃
U+9084,hái;huán;xuán,還
U+9085,zhān;zhàn,邅
U+9086,téng,邆
U+9087,ěr,邇
U+9088,miǎo;miáo,邈
U+9089,biān,邉
U+908A,biān,邊
U+908B,lā;liè,邋
U+908C,lí;chí,邌
U+908D,yuán,邍
U+908E,yáo,邎
U+908F,luó;luò,邏
U+9090,lǐ,邐
U+9091,yì;è,邑
U+9092,tíng,邒
U+9093,dèng;shān,邓
U+9094,qǐ,邔
U+9095,yōng;yǒng,邕
U+9096,shān,邖
U+9097,hán,邗
U+9098,yú,邘
U+9099,máng,邙
U+909A,rú;fù,邚
U+909B,qióng,邛
U+909C,xī,邜
U+909D,kuàng,邝
U+909E,fū,邞
U+909F,kàng;háng;kāng,邟
U+90A0,bīn,邠
U+90A1,fāng;fàng,邡
U+90A2,xíng;gěng,邢
U+90A3,nà;nā;nuó;nuò;nèi;nǎ;něi;né;nǎi;nè,那
U+90A4,xīn,邤
U+90A5,shěn,邥
U+90A6,bāng,邦
U+90A7,yuán,邧
U+90A8,cūn,邨
U+90A9,huǒ,邩
U+90AA,xié;yá;yé;xú;shé,邪
U+90AB,bāng,邫
U+90AC,wū,邬
U+90AD,jù,邭
U+90AE,yóu,邮
U+90AF,hán;hàn,邯
U+90B0,tái,邰
U+90B1,qiū,邱
U+90B2,bì;biàn,邲
U+90B3,pī,邳
U+90B4,bǐng,邴
U+90B5,shào,邵
U+90B6,bèi,邶
U+90B7,wǎ,邷
U+90B8,dǐ,邸
U+90B9,zōu,邹
U+90BA,yè;qiū,邺
U+90BB,lín,邻
U+90BC,kuāng,邼
U+90BD,guī,邽
U+90BE,zhū,邾
U+90BF,shī,邿
U+90C0,kū,郀
U+90C1,yù,郁
U+90C2,gāi;hái,郂
U+90C3,hé;xiá,郃
U+90C4,qiè;xì,郄
U+90C5,zhì;jí,郅
U+90C6,jí,郆
U+90C7,huán;xún,郇
U+90C8,hòu,郈
U+90C9,xíng,郉
U+90CA,jiāo,郊
U+90CB,xí,郋
U+90CC,guī,郌
U+90CD,nuó;nǎ;fú,郍
U+90CE,láng;làng,郎
U+90CF,jiá,郏
U+90D0,kuài,郐
U+90D1,zhèng,郑
U+90D2,láng,郒
U+90D3,yùn,郓
U+90D4,yán,郔
U+90D5,chéng,郕
U+90D6,dòu,郖
U+90D7,xī;chī,郗
U+90D8,lǚ,郘
U+90D9,fǔ,郙
U+90DA,wú;yú,郚
U+90DB,fú,郛
U+90DC,gào,郜
U+90DD,hǎo;shì,郝
U+90DE,láng,郞
U+90DF,jiá,郟
U+90E0,gěng,郠
U+90E1,jùn,郡
U+90E2,yǐng;chéng,郢
U+90E3,bó,郣
U+90E4,xì,郤
U+90E5,bèi,郥
U+90E6,lì,郦
U+90E7,yún,郧
U+90E8,bù;pǒu,部
U+90E9,xiáo;ǎo,郩
U+90EA,qī,郪
U+90EB,pí,郫
U+90EC,qīng,郬
U+90ED,guō;guó,郭
U+90EE,zhōu,郮
U+90EF,tán,郯
U+90F0,zōu;jǔ,郰
U+90F1,píng,郱
U+90F2,lái;lěi,郲
U+90F3,ní,郳
U+90F4,chēn;lán,郴
U+90F5,yóu;chuí,郵
U+90F6,bù,郶
U+90F7,xiāng,郷
U+90F8,dān,郸
U+90F9,jú,郹
U+90FA,yōng,郺
U+90FB,qiāo,郻
U+90FC,yī,郼
U+90FD,dōu;dū,都
U+90FE,yǎn;yān,郾
U+90FF,méi,郿
U+9100,ruò,鄀
U+9101,bèi,鄁
U+9102,è,鄂
U+9103,shū,鄃
U+9104,juàn,鄄
U+9105,yǔ,鄅
U+9106,yùn,鄆
U+9107,hóu,鄇
U+9108,kuí,鄈
U+9109,xiāng;xiǎng;xiàng,鄉
U+910A,xiāng,鄊
U+910B,sōu,鄋
U+910C,táng,鄌
U+910D,míng,鄍
U+910E,xī,鄎
U+910F,rǔ,鄏
U+9110,chù,鄐
U+9111,zī,鄑
U+9112,zōu;jù,鄒
U+9113,yè,鄓
U+9114,wū,鄔
U+9115,xiāng,鄕
U+9116,yún,鄖
U+9117,hào;qiāo;jiāo,鄗
U+9118,yōng,鄘
U+9119,bǐ,鄙
U+911A,mào;mò,鄚
U+911B,cháo,鄛
U+911C,fū;lù,鄜
U+911D,liǎo,鄝
U+911E,yín,鄞
U+911F,zhuān,鄟
U+9120,hù,鄠
U+9121,qiāo,鄡
U+9122,yān,鄢
U+9123,zhāng;zhàng,鄣
U+9124,màn;wàn,鄤
U+9125,qiāo,鄥
U+9126,xǔ,鄦
U+9127,dèng,鄧
U+9128,bì,鄨
U+9129,xún,鄩
U+912A,bì,鄪
U+912B,zēng;céng,鄫
U+912C,wéi,鄬
U+912D,zhèng,鄭
U+912E,mào,鄮
U+912F,shàn,鄯
U+9130,lín;lìn,鄰
U+9131,pó;pí;pán,鄱
U+9132,dān;duō,鄲
U+9133,méng,鄳
U+9134,yè,鄴
U+9135,cào;sāo,鄵
U+9136,kuài,鄶
U+9137,fēng,鄷
U+9138,méng,鄸
U+9139,zōu;jù,鄹
U+913A,kuàng;kuò,鄺
U+913B,liǎn,鄻
U+913C,zàn,鄼
U+913D,chán,鄽
U+913E,yōu,鄾
U+913F,jī;qí,鄿
U+9140,yàn;yǎn,酀
U+9141,chán,酁
U+9142,cuó;zàn,酂
U+9143,líng,酃
U+9144,huān;quān,酄
U+9145,xī,酅
U+9146,fēng,酆
U+9147,zàn;cuó,酇
U+9148,lì;lí;zhí,酈
U+9149,yǒu,酉
U+914A,dīng;dǐng,酊
U+914B,qiú,酋
U+914C,zhuó,酌
U+914D,pèi,配
U+914E,zhòu,酎
U+914F,yǐ;yí,酏
U+9150,gān;hàng,酐
U+9151,yú,酑
U+9152,jiǔ,酒
U+9153,yǎn;yàn;yǐn,酓
U+9154,zuì,酔
U+9155,máo,酕
U+9156,zhèn;dān,酖
U+9157,xù,酗
U+9158,dòu,酘
U+9159,zhēn,酙
U+915A,fēn,酚
U+915B,yuán,酛
U+915C,fu,酜
U+915D,yùn,酝
U+915E,tài,酞
U+915F,tiān,酟
U+9160,qiǎ,酠
U+9161,tuó;duò,酡
U+9162,cù;zuò,酢
U+9163,hān;hàn,酣
U+9164,gū,酤
U+9165,sū,酥
U+9166,pò;pō;fā,酦
U+9167,chóu,酧
U+9168,zài;zuì,酨
U+9169,mǐng,酩
U+916A,lào;luò;lù,酪
U+916B,chuò,酫
U+916C,chóu,酬
U+916D,yòu,酭
U+916E,tóng;dòng;chóng,酮
U+916F,zhǐ,酯
U+9170,xiān,酰
U+9171,jiàng,酱
U+9172,chéng,酲
U+9173,yìn,酳
U+9174,tú,酴
U+9175,jiào,酵
U+9176,méi,酶
U+9177,kù,酷
U+9178,suān,酸
U+9179,lèi,酹
U+917A,pú,酺
U+917B,zuì;fú,酻
U+917C,hǎi,酼
U+917D,yàn,酽
U+917E,shāi;shī,酾
U+917F,niàng;niáng,酿
U+9180,wéi;zhuì,醀
U+9181,lù,醁
U+9182,lǎn,醂
U+9183,yān;āng,醃
U+9184,táo,醄
U+9185,pēi,醅
U+9186,zhǎn,醆
U+9187,chún,醇
U+9188,tán;dàn,醈
U+9189,zuì,醉
U+918A,zhuì,醊
U+918B,cù;zuò,醋
U+918C,kūn,醌
U+918D,tí;tǐ,醍
U+918E,xián;jiǎn,醎
U+918F,dū,醏
U+9190,hú,醐
U+9191,xǔ,醑
U+9192,xǐng;chéng;jīng,醒
U+9193,tǎn,醓
U+9194,qiú;chōu,醔
U+9195,chún,醕
U+9196,yùn,醖
U+9197,pò,醗
U+9198,kē,醘
U+9199,sōu,醙
U+919A,mí,醚
U+919B,quán;chuò,醛
U+919C,chǒu,醜
U+919D,cuō;cuǒ,醝
U+919E,yùn,醞
U+919F,yòng,醟
U+91A0,àng,醠
U+91A1,zhà,醡
U+91A2,hǎi,醢
U+91A3,táng,醣
U+91A4,jiàng,醤
U+91A5,piǎo,醥
U+91A6,chěn;chǎn,醦
U+91A7,yù;ōu,醧
U+91A8,lí,醨
U+91A9,zāo,醩
U+91AA,láo,醪
U+91AB,yī;yǐ,醫
U+91AC,jiàng,醬
U+91AD,bú,醭
U+91AE,jiào;qiáo;zhàn,醮
U+91AF,xī,醯
U+91B0,tán,醰
U+91B1,fā;pò;pō,醱
U+91B2,nóng,醲
U+91B3,yì;shì,醳
U+91B4,lǐ,醴
U+91B5,jù,醵
U+91B6,yàn;liǎn;xiān;jiǎn,醶
U+91B7,yì;yǐ;ài,醷
U+91B8,niàng,醸
U+91B9,rú,醹
U+91BA,xūn,醺
U+91BB,chóu;shòu;dào,醻
U+91BC,yàn,醼
U+91BD,líng,醽
U+91BE,mí,醾
U+91BF,mí,醿
U+91C0,niàng;niáng,釀
U+91C1,xìn,釁
U+91C2,jiào,釂
U+91C3,shāi;shī;lí,釃
U+91C4,mí,釄
U+91C5,yàn,釅
U+91C6,biàn;biǎn,釆
U+91C7,cǎi;cài,采
U+91C8,shì,釈
U+91C9,yòu,釉
U+91CA,shì,释
U+91CB,shì;yì,釋
U+91CC,lǐ;li,里
U+91CD,zhòng;chóng;tóng,重
U+91CE,yě;shù,野
U+91CF,liàng;liáng,量
U+91D0,lí;xī;lái;tāi;lài;xǐ,釐
U+91D1,jīn;jìn,金
U+91D2,jīn,釒
U+91D3,qiú;gá,釓
U+91D4,yǐ,釔
U+91D5,liǎo;liào,釕
U+91D6,dāo,釖
U+91D7,zhāo,釗
U+91D8,dīng;dìng;líng,釘
U+91D9,pò;pō,釙
U+91DA,qiú,釚
U+91DB,bā,釛
U+91DC,fǔ,釜
U+91DD,zhēn,針
U+91DE,zhí,釞
U+91DF,bā,釟
U+91E0,luàn,釠
U+91E1,fǔ,釡
U+91E2,nǎi,釢
U+91E3,diào,釣
U+91E4,shàn;shān;xiān,釤
U+91E5,qiǎo;jiǎo,釥
U+91E6,kòu,釦
U+91E7,chuàn;chuān,釧
U+91E8,zǐ,釨
U+91E9,fǎn;fàn;fán,釩
U+91EA,huá;yú,釪
U+91EB,huá;wū,釫
U+91EC,hàn;gān,釬
U+91ED,gāng;gōng,釭
U+91EE,qí,釮
U+91EF,máng,釯
U+91F0,rì;rèn;jiàn,釰
U+91F1,dì,釱
U+91F2,sì,釲
U+91F3,xì,釳
U+91F4,yì,釴
U+91F5,chāi;chā,釵
U+91F6,shī;yí;yě,釶
U+91F7,tǔ,釷
U+91F8,xī,釸
U+91F9,nǚ,釹
U+91FA,qiān,釺
U+91FB,qiú,釻
U+91FC,jiàn,釼
U+91FD,pì;pī;zhāo,釽
U+91FE,yé;yá,釾
U+91FF,jīn;yǐn;yín,釿
U+9200,bǎ;bā;pá,鈀
U+9201,fāng,鈁
U+9202,chén;qín;zhèn,鈂
U+9203,xíng,鈃
U+9204,dǒu,鈄
U+9205,yuè,鈅
U+9206,qiān;zhōng,鈆
U+9207,fū;fǔ,鈇
U+9208,pī;bù,鈈
U+9209,nà;ruì,鈉
U+920A,xīn;qìn,鈊
U+920B,é,鈋
U+920C,jué,鈌
U+920D,dùn,鈍
U+920E,gōu,鈎
U+920F,yǐn,鈏
U+9210,qián;hán,鈐
U+9211,bǎn,鈑
U+9212,sà;xì,鈒
U+9213,rén,鈓
U+9214,chāo;chǎo,鈔
U+9215,niǔ;chǒu,鈕
U+9216,fēn,鈖
U+9217,yǔn;duì,鈗
U+9218,yǐ,鈘
U+9219,qín,鈙
U+921A,pī;bī;bǐ,鈚
U+921B,guō,鈛
U+921C,hóng,鈜
U+921D,yín,鈝
U+921E,jūn,鈞
U+921F,diào,鈟
U+9220,yì,鈠
U+9221,zhōng,鈡
U+9222,xǐ,鈢
U+9223,gài,鈣
U+9224,rì,鈤
U+9225,huǒ,鈥
U+9226,tài,鈦
U+9227,kàng,鈧
U+9228,yuán,鈨
U+9229,lú,鈩
U+922A,è,鈪
U+922B,qín,鈫
U+922C,duó,鈬
U+922D,zī,鈭
U+922E,nǐ;ní,鈮
U+922F,tú,鈯
U+9230,shì,鈰
U+9231,mín;mǐn,鈱
U+9232,gū;pì,鈲
U+9233,kē,鈳
U+9234,líng,鈴
U+9235,bǐng,鈵
U+9236,sì;cí;tái,鈶
U+9237,gǔ;hú;gù,鈷
U+9238,bó,鈸
U+9239,pī;pí,鈹
U+923A,yù,鈺
U+923B,sì,鈻
U+923C,zuó,鈼
U+923D,bū,鈽
U+923E,yóu;zhòu,鈾
U+923F,tián;diàn,鈿
U+9240,jiǎ;gé,鉀
U+9241,zhēn;zhèn,鉁
U+9242,shǐ,鉂
U+9243,shì;zú,鉃
U+9244,zhí;tiě,鉄
U+9245,jù,鉅
U+9246,chān;qián;tiē,鉆
U+9247,shī;yí,鉇
U+9248,shī;shé;yí;tuó;tā,鉈
U+9249,xuàn,鉉
U+924A,zhāo,鉊
U+924B,bào;páo;báo,鉋
U+924C,hé,鉌
U+924D,bì;sè,鉍
U+924E,shēng,鉎
U+924F,chú;zū;zhù;jǔ;chá;xú,鉏
U+9250,shí;zú,鉐
U+9251,bó,鉑
U+9252,zhù,鉒
U+9253,chì,鉓
U+9254,zā,鉔
U+9255,pō;pǒ,鉕
U+9256,tóng,鉖
U+9257,qián;ān,鉗
U+9258,fú,鉘
U+9259,zhǎi,鉙
U+925A,liǔ;mǎo,鉚
U+925B,qiān;yán,鉛
U+925C,fú,鉜
U+925D,lì,鉝
U+925E,yuè,鉞
U+925F,pī,鉟
U+9260,yāng,鉠
U+9261,bàn,鉡
U+9262,bō,鉢
U+9263,jié,鉣
U+9264,gōu;gòu;qú,鉤
U+9265,shù;xù,鉥
U+9266,zhēng,鉦
U+9267,mǔ,鉧
U+9268,xǐ;nǐ;niě,鉨
U+9269,xǐ;niè,鉩
U+926A,dì,鉪
U+926B,jiā,鉫
U+926C,mù,鉬
U+926D,tǎn,鉭
U+926E,huán;shén;shēn,鉮
U+926F,yǐ,鉯
U+9270,sī,鉰
U+9271,kuàng,鉱
U+9272,kǎ,鉲
U+9273,běi,鉳
U+9274,jiàn,鉴
U+9275,tóng;zhuó,鉵
U+9276,xíng,鉶
U+9277,hóng,鉷
U+9278,jiǎo,鉸
U+9279,chǐ,鉹
U+927A,èr;kēng;ěr,鉺
U+927B,luò;gē;gè,鉻
U+927C,bǐng;píng,鉼
U+927D,shì,鉽
U+927E,móu;máo,鉾
U+927F,jiā;gē;kē;hā,鉿
U+9280,yín,銀
U+9281,jūn,銁
U+9282,zhōu,銂
U+9283,chòng,銃
U+9284,xiǎng;jiōng,銄
U+9285,tóng,銅
U+9286,mò,銆
U+9287,lèi,銇
U+9288,jī,銈
U+9289,yù;sì,銉
U+928A,xù;huì,銊
U+928B,rén;rěn,銋
U+928C,zùn,銌
U+928D,zhì,銍
U+928E,qióng;qiōng,銎
U+928F,shàn;shuò,銏
U+9290,chì;lì,銐
U+9291,xiǎn;xiān;xǐ,銑
U+9292,xíng;jiān,銒
U+9293,quán,銓
U+9294,pī,銔
U+9295,tiě;yí,銕
U+9296,zhū,銖
U+9297,xiàng;hóu,銗
U+9298,míng,銘
U+9299,kuǎ,銙
U+929A,yáo;diào;tiáo;qiāo;yào,銚
U+929B,xiān;tiǎn;guā,銛
U+929C,xián,銜
U+929D,xiū,銝
U+929E,jūn,銞
U+929F,chā,銟
U+92A0,lǎo,銠
U+92A1,jí,銡
U+92A2,pǐ,銢
U+92A3,rú,銣
U+92A4,mǐ,銤
U+92A5,yī,銥
U+92A6,yīn,銦
U+92A7,guāng,銧
U+92A8,ǎn,銨
U+92A9,diū,銩
U+92AA,yǒu,銪
U+92AB,sè,銫
U+92AC,kào,銬
U+92AD,qián,銭
U+92AE,luán,銮
U+92AF,sī,銯
U+92B0,āi,銰
U+92B1,diào,銱
U+92B2,hàn,銲
U+92B3,ruì,銳
U+92B4,shì;zhì,銴
U+92B5,kēng,銵
U+92B6,qiú,銶
U+92B7,xiāo,銷
U+92B8,zhé;niè,銸
U+92B9,xiù;yòu,銹
U+92BA,zàng,銺
U+92BB,tí;tī,銻
U+92BC,cuò,銼
U+92BD,guā,銽
U+92BE,hòng;gǒng,銾
U+92BF,zhōng;yōng,銿
U+92C0,tōu;dòu;tù,鋀
U+92C1,lǚ;lǜ,鋁
U+92C2,méi;méng,鋂
U+92C3,láng,鋃
U+92C4,wàn,鋄
U+92C5,xīn;zǐ,鋅
U+92C6,yún;jūn,鋆
U+92C7,bèi,鋇
U+92C8,wù,鋈
U+92C9,sù,鋉
U+92CA,yù,鋊
U+92CB,chán;yán,鋋
U+92CC,dìng;tǐng,鋌
U+92CD,bó,鋍
U+92CE,hàn,鋎
U+92CF,jiá,鋏
U+92D0,hóng,鋐
U+92D1,cuān;jiān;juān,鋑
U+92D2,fēng,鋒
U+92D3,chān,鋓
U+92D4,wǎn,鋔
U+92D5,zhì,鋕
U+92D6,sī;tuó,鋖
U+92D7,xuān;juān;juàn,鋗
U+92D8,huá;wú;hú,鋘
U+92D9,yǔ;yú;wú,鋙
U+92DA,tiáo,鋚
U+92DB,kuàng,鋛
U+92DC,zhuó;chuò,鋜
U+92DD,lüè,鋝
U+92DE,xíng;xìng;jīng,鋞
U+92DF,qǐn;qiān;qīn;jìn,鋟
U+92E0,shèn,鋠
U+92E1,hán,鋡
U+92E2,lüè,鋢
U+92E3,yé,鋣
U+92E4,chú;jǔ,鋤
U+92E5,zèng,鋥
U+92E6,jū;jú,鋦
U+92E7,xiàn,鋧
U+92E8,tiě;é,鋨
U+92E9,máng,鋩
U+92EA,pù;pū,鋪
U+92EB,lí,鋫
U+92EC,pàn,鋬
U+92ED,ruì;duì;yuè,鋭
U+92EE,chéng,鋮
U+92EF,gào,鋯
U+92F0,lǐ,鋰
U+92F1,tè,鋱
U+92F2,bīng,鋲
U+92F3,zhù,鋳
U+92F4,zhèn,鋴
U+92F5,tū,鋵
U+92F6,liǔ,鋶
U+92F7,zuì;niè,鋷
U+92F8,jù;jū,鋸
U+92F9,chǎng,鋹
U+92FA,yuǎn;yuān;wǎn;wān,鋺
U+92FB,jiàn;jiān,鋻
U+92FC,gāng;gàng,鋼
U+92FD,diào,鋽
U+92FE,táo,鋾
U+92FF,cháng,鋿
U+9300,lún;fēn,錀
U+9301,guǒ;kuǎ;kè,錁
U+9302,líng,錂
U+9303,pī,錃
U+9304,lù,錄
U+9305,lí,錅
U+9306,qiāng,錆
U+9307,póu;fú;péi,錇
U+9308,juǎn,錈
U+9309,mín,錉
U+930A,zuì;zū,錊
U+930B,péng;bèng,錋
U+930C,àn,錌
U+930D,pī;bēi;bī;pí,錍
U+930E,xiàn;gàn;qiàn,錎
U+930F,yā;yà,錏
U+9310,zhuī,錐
U+9311,lèi;lì,錑
U+9312,kē;ā,錒
U+9313,kōng,錓
U+9314,tà,錔
U+9315,kūn;gǔn,錕
U+9316,dú,錖
U+9317,nèi;zhuì;wèi,錗
U+9318,chuí,錘
U+9319,zī,錙
U+931A,zhēng,錚
U+931B,bēn,錛
U+931C,niè,錜
U+931D,zòng,錝
U+931E,chún;duì;duò,錞
U+931F,tán;xiān;yǎn,錟
U+9320,dìng,錠
U+9321,qí;yǐ,錡
U+9322,qián;jiǎn,錢
U+9323,zhuì;chuò,錣
U+9324,jī,錤
U+9325,yù,錥
U+9326,jǐn,錦
U+9327,guǎn,錧
U+9328,máo,錨
U+9329,chāng,錩
U+932A,tiǎn;tǔn,錪
U+932B,xī;tì,錫
U+932C,liàn,錬
U+932D,táo;diāo,錭
U+932E,gù,錮
U+932F,cuò;cù;xī,錯
U+9330,shù,錰
U+9331,zhēn,錱
U+9332,lù;lǜ,録
U+9333,měng,錳
U+9334,lù,錴
U+9335,huā,錵
U+9336,biǎo,錶
U+9337,gá,錷
U+9338,lái,錸
U+9339,kěn,錹
U+933A,fāng,錺
U+933B,wu,錻
U+933C,nài,錼
U+933D,wàn;jiǎn,錽
U+933E,zàn,錾
U+933F,hǔ,錿
U+9340,dé,鍀
U+9341,xiān,鍁
U+9342,piān,鍂
U+9343,huō,鍃
U+9344,liàng,鍄
U+9345,fǎ,鍅
U+9346,mén,鍆
U+9347,kǎi;jiē;jiě,鍇
U+9348,yīng,鍈
U+9349,dī;chí;dí;shì,鍉
U+934A,liàn;jiàn,鍊
U+934B,guō;guǒ,鍋
U+934C,xiǎn,鍌
U+934D,dù,鍍
U+934E,tú,鍎
U+934F,wéi,鍏
U+9350,zōng,鍐
U+9351,fù,鍑
U+9352,róu,鍒
U+9353,jí,鍓
U+9354,è,鍔
U+9355,jūn,鍕
U+9356,chěn;zhēn,鍖
U+9357,tí,鍗
U+9358,zhá,鍘
U+9359,hù,鍙
U+935A,yáng,鍚
U+935B,duàn,鍛
U+935C,xiá,鍜
U+935D,yú,鍝
U+935E,kēng,鍞
U+935F,shēng,鍟
U+9360,huáng,鍠
U+9361,wěi,鍡
U+9362,fù,鍢
U+9363,zhāo,鍣
U+9364,chā,鍤
U+9365,qiè,鍥
U+9366,shī;shé,鍦
U+9367,hōng,鍧
U+9368,kuí,鍨
U+9369,tiǎn;nuò,鍩
U+936A,móu,鍪
U+936B,qiāo,鍫
U+936C,qiāo,鍬
U+936D,hóu,鍭
U+936E,tōu,鍮
U+936F,cōng,鍯
U+9370,huán,鍰
U+9371,yè;xié,鍱
U+9372,mín,鍲
U+9373,jiàn,鍳
U+9374,duān,鍴
U+9375,jiàn,鍵
U+9376,sōng;sī,鍶
U+9377,kuí,鍷
U+9378,hú,鍸
U+9379,xuān,鍹
U+937A,duǒ;dǔ;zhě,鍺
U+937B,jié,鍻
U+937C,zhēn;qián,鍼
U+937D,biān,鍽
U+937E,zhōng,鍾
U+937F,zī,鍿
U+9380,xiū,鎀
U+9381,yé,鎁
U+9382,měi,鎂
U+9383,pài,鎃
U+9384,āi,鎄
U+9385,jiè,鎅
U+9386,qian,鎆
U+9387,méi,鎇
U+9388,suǒ;chā,鎈
U+9389,dá;tà,鎉
U+938A,bàng;pāng,鎊
U+938B,xiá,鎋
U+938C,lián,鎌
U+938D,suǒ;sè,鎍
U+938E,kài,鎎
U+938F,liú,鎏
U+9390,yáo;zú,鎐
U+9391,yè;tà;gé,鎑
U+9392,nòu;hāo,鎒
U+9393,wēng,鎓
U+9394,róng,鎔
U+9395,táng,鎕
U+9396,suǒ,鎖
U+9397,qiāng;chēng;qiàng,鎗
U+9398,lì;gé,鎘
U+9399,shuò,鎙
U+939A,chuí;duī;zhuì,鎚
U+939B,bó,鎛
U+939C,pán,鎜
U+939D,dā;sà,鎝
U+939E,bī;pī,鎞
U+939F,sǎng,鎟
U+93A0,gāng,鎠
U+93A1,zī,鎡
U+93A2,wū,鎢
U+93A3,yíng;yīng;jiǒng,鎣
U+93A4,huàng,鎤
U+93A5,tiáo,鎥
U+93A6,liú;liù,鎦
U+93A7,kǎi,鎧
U+93A8,sǔn,鎨
U+93A9,shā;shì;sè,鎩
U+93AA,sōu,鎪
U+93AB,wàn,鎫
U+93AC,hào;gǎo,鎬
U+93AD,zhèn,鎭
U+93AE,zhèn;zhēn;tián,鎮
U+93AF,láng;luǒ,鎯
U+93B0,yì,鎰
U+93B1,yuán,鎱
U+93B2,tǎng,鎲
U+93B3,niè,鎳
U+93B4,xí,鎴
U+93B5,jiā,鎵
U+93B6,gē,鎶
U+93B7,mǎ,鎷
U+93B8,juān,鎸
U+93B9,sòng,鎹
U+93BA,zǔ,鎺
U+93BB,suǒ,鎻
U+93BC,xià,鎼
U+93BD,fēng,鎽
U+93BE,wēn,鎾
U+93BF,ná,鎿
U+93C0,lǔ,鏀
U+93C1,suǒ,鏁
U+93C2,ōu;kōu,鏂
U+93C3,zú;chuò,鏃
U+93C4,tuán,鏄
U+93C5,xiū;xiù,鏅
U+93C6,guàn,鏆
U+93C7,xuàn;xuán,鏇
U+93C8,liàn;lián,鏈
U+93C9,shòu;sōu,鏉
U+93CA,ào,鏊
U+93CB,mǎn,鏋
U+93CC,mò,鏌
U+93CD,luó,鏍
U+93CE,bì,鏎
U+93CF,wèi,鏏
U+93D0,liú;liù;liáo,鏐
U+93D1,dí;dī,鏑
U+93D2,sǎn;qiāo;càn,鏒
U+93D3,zǒng;cōng,鏓
U+93D4,yí,鏔
U+93D5,lù;áo,鏕
U+93D6,áo;biāo,鏖
U+93D7,kēng,鏗
U+93D8,qiāng,鏘
U+93D9,cuī,鏙
U+93DA,qī,鏚
U+93DB,cháng,鏛
U+93DC,tāng;táng,鏜
U+93DD,màn,鏝
U+93DE,yōng,鏞
U+93DF,chǎn,鏟
U+93E0,fēng,鏠
U+93E1,jìng,鏡
U+93E2,biāo,鏢
U+93E3,shù,鏣
U+93E4,lòu;lǘ,鏤
U+93E5,xiù,鏥
U+93E6,cōng,鏦
U+93E7,lóng,鏧
U+93E8,zàn,鏨
U+93E9,jiàn;zàn,鏩
U+93EA,cáo,鏪
U+93EB,lí,鏫
U+93EC,xià,鏬
U+93ED,xī,鏭
U+93EE,kāng,鏮
U+93EF,shuǎng,鏯
U+93F0,bèng,鏰
U+93F1,zhang,鏱
U+93F2,qian,鏲
U+93F3,chēng,鏳
U+93F4,lù,鏴
U+93F5,huá,鏵
U+93F6,jí,鏶
U+93F7,pú,鏷
U+93F8,huì;suì;ruì,鏸
U+93F9,qiǎng;qiāng,鏹
U+93FA,pō,鏺
U+93FB,lín,鏻
U+93FC,sè,鏼
U+93FD,xiù,鏽
U+93FE,sǎn;xiàn;sà,鏾
U+93FF,chēng,鏿
U+9400,kuì;guì,鐀
U+9401,sī,鐁
U+9402,liú,鐂
U+9403,náo;nào,鐃
U+9404,huáng,鐄
U+9405,piě,鐅
U+9406,suì,鐆
U+9407,fán,鐇
U+9408,qiáo,鐈
U+9409,quān,鐉
U+940A,yáng,鐊
U+940B,tāng;tàng,鐋
U+940C,xiàng,鐌
U+940D,jué;yù,鐍
U+940E,jiāo,鐎
U+940F,zūn,鐏
U+9410,liáo,鐐
U+9411,qiè,鐑
U+9412,láo,鐒
U+9413,duì;duī;dūn,鐓
U+9414,xín,鐔
U+9415,zān,鐕
U+9416,jī;qí,鐖
U+9417,jiǎn,鐗
U+9418,zhōng,鐘
U+9419,dèng;dēng,鐙
U+941A,yā,鐚
U+941B,yǐng,鐛
U+941C,duī;dūn,鐜
U+941D,jué,鐝
U+941E,nòu,鐞
U+941F,zān;tì,鐟
U+9420,pǔ,鐠
U+9421,tiě,鐡
U+9422,fán,鐢
U+9423,chēng,鐣
U+9424,dǐng,鐤
U+9425,shàn,鐥
U+9426,kāi,鐦
U+9427,jiān;jiǎn,鐧
U+9428,fèi,鐨
U+9429,suì,鐩
U+942A,lǔ,鐪
U+942B,juān,鐫
U+942C,huì,鐬
U+942D,yù,鐭
U+942E,lián,鐮
U+942F,zhuó,鐯
U+9430,qiāo;sào;cáo,鐰
U+9431,jiàn;qiān,鐱
U+9432,zhuó;shǔ,鐲
U+9433,léi,鐳
U+9434,bì;bèi,鐴
U+9435,tiě;dié,鐵
U+9436,huán;xuàn,鐶
U+9437,yè,鐷
U+9438,duó,鐸
U+9439,guǒ;guō,鐹
U+943A,dāng;chēng;tāng,鐺
U+943B,jù;qú,鐻
U+943C,fén;bēn,鐼
U+943D,dá,鐽
U+943E,bèi,鐾
U+943F,yì,鐿
U+9440,ài,鑀
U+9441,zōng,鑁
U+9442,xùn,鑂
U+9443,diào,鑃
U+9444,zhù,鑄
U+9445,héng,鑅
U+9446,zhuì,鑆
U+9447,jī,鑇
U+9448,niè;nǐ,鑈
U+9449,hé,鑉
U+944A,huò,鑊
U+944B,qīng,鑋
U+944C,bīn,鑌
U+944D,yīng,鑍
U+944E,kuì,鑎
U+944F,níng;nǐng,鑏
U+9450,xū;rú;róu,鑐
U+9451,jiàn,鑑
U+9452,jiàn,鑒
U+9453,qiǎn,鑓
U+9454,chǎ,鑔
U+9455,zhì,鑕
U+9456,miè;mì,鑖
U+9457,lí,鑗
U+9458,léi;lěi,鑘
U+9459,jī,鑙
U+945A,zuàn,鑚
U+945B,kuàng;gǒng,鑛
U+945C,shǎng,鑜
U+945D,péng,鑝
U+945E,là,鑞
U+945F,dú,鑟
U+9460,shuò;yuè;lì,鑠
U+9461,chuò,鑡
U+9462,lǜ,鑢
U+9463,biāo,鑣
U+9464,bào,鑤
U+9465,lǔ,鑥
U+9466,xian,鑦
U+9467,kuān,鑧
U+9468,lóng,鑨
U+9469,è,鑩
U+946A,lú,鑪
U+946B,xīn;xùn,鑫
U+946C,jiàn,鑬
U+946D,làn;lán,鑭
U+946E,bó,鑮
U+946F,jiān;qiān,鑯
U+9470,yào;yuè,鑰
U+9471,chán,鑱
U+9472,xiāng;ráng,鑲
U+9473,jiàn,鑳
U+9474,xī;huī,鑴
U+9475,guàn,鑵
U+9476,cáng,鑶
U+9477,niè,鑷
U+9478,lěi,鑸
U+9479,cuān;cuàn,鑹
U+947A,qú,鑺
U+947B,pàn,鑻
U+947C,luó,鑼
U+947D,zuān;zuàn,鑽
U+947E,luán,鑾
U+947F,záo;zuò;zú;zào,鑿
U+9480,niè;yǐ,钀
U+9481,jué,钁
U+9482,tǎng,钂
U+9483,zhú,钃
U+9484,lán,钄
U+9485,jīn,钅
U+9486,gá,钆
U+9487,yǐ,钇
U+9488,zhēn,针
U+9489,dīng;dìng,钉
U+948A,zhāo,钊
U+948B,pō,钋
U+948C,liǎo;liào,钌
U+948D,tǔ,钍
U+948E,qiān,钎
U+948F,chuàn,钏
U+9490,shān;shàn,钐
U+9491,sà,钑
U+9492,fán,钒
U+9493,diào,钓
U+9494,mén,钔
U+9495,nǚ,钕
U+9496,yáng,钖
U+9497,chāi,钗
U+9498,xíng,钘
U+9499,gài,钙
U+949A,bù,钚
U+949B,tài,钛
U+949C,jù,钜
U+949D,dùn,钝
U+949E,chāo,钞
U+949F,zhōng,钟
U+94A0,nà,钠
U+94A1,bèi,钡
U+94A2,gāng;gàng,钢
U+94A3,bǎn,钣
U+94A4,qián,钤
U+94A5,yào;yuè,钥
U+94A6,qīn,钦
U+94A7,jūn,钧
U+94A8,wū,钨
U+94A9,gōu,钩
U+94AA,kàng,钪
U+94AB,fāng,钫
U+94AC,huǒ,钬
U+94AD,tǒu;dǒu,钭
U+94AE,niǔ,钮
U+94AF,bǎ;pá,钯
U+94B0,yù,钰
U+94B1,qián,钱
U+94B2,zhēng,钲
U+94B3,qián,钳
U+94B4,gǔ,钴
U+94B5,bō,钵
U+94B6,kē,钶
U+94B7,pǒ,钷
U+94B8,bū,钸
U+94B9,bó,钹
U+94BA,yuè,钺
U+94BB,zuān;zuàn,钻
U+94BC,mù,钼
U+94BD,tǎn,钽
U+94BE,jiǎ,钾
U+94BF,diàn;tián,钿
U+94C0,yóu,铀
U+94C1,tiě,铁
U+94C2,bó,铂
U+94C3,líng,铃
U+94C4,shuò,铄
U+94C5,qiān;yán,铅
U+94C6,mǎo,铆
U+94C7,bào,铇
U+94C8,shì,铈
U+94C9,xuàn,铉
U+94CA,tā;tuó,铊
U+94CB,bì,铋
U+94CC,ní,铌
U+94CD,pī;pí,铍
U+94CE,duó,铎
U+94CF,xíng,铏
U+94D0,kào,铐
U+94D1,lǎo,铑
U+94D2,ěr,铒
U+94D3,máng,铓
U+94D4,yā,铔
U+94D5,yǒu,铕
U+94D6,chéng,铖
U+94D7,jiá,铗
U+94D8,yé,铘
U+94D9,náo,铙
U+94DA,zhì,铚
U+94DB,dāng;chēng,铛
U+94DC,tóng,铜
U+94DD,lǚ,铝
U+94DE,diào,铞
U+94DF,yīn,铟
U+94E0,kǎi,铠
U+94E1,zhá,铡
U+94E2,zhū,铢
U+94E3,xǐ;xiǎn,铣
U+94E4,dìng;tǐng,铤
U+94E5,diū,铥
U+94E6,xiān,铦
U+94E7,huá,铧
U+94E8,quán,铨
U+94E9,shā,铩
U+94EA,hā,铪
U+94EB,diào;yáo,铫
U+94EC,gè,铬
U+94ED,míng,铭
U+94EE,zhēng;zhèng,铮
U+94EF,sè,铯
U+94F0,jiǎo,铰
U+94F1,yī,铱
U+94F2,chǎn,铲
U+94F3,chòng,铳
U+94F4,tāng,铴
U+94F5,ǎn,铵
U+94F6,yín,银
U+94F7,rú,铷
U+94F8,zhù,铸
U+94F9,láo,铹
U+94FA,pù;pū,铺
U+94FB,wú;yǔ,铻
U+94FC,lái,铼
U+94FD,tè,铽
U+94FE,liàn,链
U+94FF,kēng,铿
U+9500,xiāo,销
U+9501,suǒ,锁
U+9502,lǐ,锂
U+9503,zèng,锃
U+9504,chú,锄
U+9505,guō,锅
U+9506,gào,锆
U+9507,é,锇
U+9508,xiù,锈
U+9509,cuò,锉
U+950A,lüè,锊
U+950B,fēng,锋
U+950C,xīn,锌
U+950D,liǔ,锍
U+950E,kāi,锎
U+950F,jiǎn;jiàn,锏
U+9510,ruì,锐
U+9511,tī,锑
U+9512,láng,锒
U+9513,qǐn,锓
U+9514,jū;jú,锔
U+9515,ā,锕
U+9516,qiāng,锖
U+9517,zhě,锗
U+9518,nuò,锘
U+9519,cuò,错
U+951A,máo,锚
U+951B,bēn,锛
U+951C,qí,锜
U+951D,dé,锝
U+951E,kè,锞
U+951F,kūn,锟
U+9520,chāng,锠
U+9521,xī,锡
U+9522,gù,锢
U+9523,luó,锣
U+9524,chuí,锤
U+9525,zhuī,锥
U+9526,jǐn,锦
U+9527,zhì,锧
U+9528,xiān,锨
U+9529,juǎn,锩
U+952A,huō,锪
U+952B,péi,锫
U+952C,tán;xiān,锬
U+952D,dìng,锭
U+952E,jiàn,键
U+952F,jù;jū,锯
U+9530,měng,锰
U+9531,zī,锱
U+9532,qiè,锲
U+9533,yīng,锳
U+9534,kǎi,锴
U+9535,qiāng,锵
U+9536,sī,锶
U+9537,è,锷
U+9538,chā,锸
U+9539,qiāo,锹
U+953A,zhōng,锺
U+953B,duàn,锻
U+953C,sōu,锼
U+953D,huáng,锽
U+953E,huán,锾
U+953F,āi,锿
U+9540,dù,镀
U+9541,měi,镁
U+9542,lòu,镂
U+9543,zī,镃
U+9544,fèi,镄
U+9545,méi,镅
U+9546,mò,镆
U+9547,zhèn,镇
U+9548,bó,镈
U+9549,gé,镉
U+954A,niè,镊
U+954B,tǎng,镋
U+954C,juān,镌
U+954D,niè,镍
U+954E,ná,镎
U+954F,liú;liù,镏
U+9550,gǎo;hào,镐
U+9551,bàng,镑
U+9552,yì,镒
U+9553,jiā,镓
U+9554,bīn,镔
U+9555,róng,镕
U+9556,biāo,镖
U+9557,tāng;táng,镗
U+9558,màn,镘
U+9559,luó,镙
U+955A,bèng,镚
U+955B,yōng,镛
U+955C,jìng,镜
U+955D,dī;dí,镝
U+955E,zú,镞
U+955F,xuàn,镟
U+9560,liú,镠
U+9561,chán;tán;xín,镡
U+9562,jué,镢
U+9563,liào,镣
U+9564,pú,镤
U+9565,lǔ,镥
U+9566,duì;dūn,镦
U+9567,lán,镧
U+9568,pǔ,镨
U+9569,cuān,镩
U+956A,qiāng;qiǎng,镪
U+956B,dèng,镫
U+956C,huò,镬
U+956D,léi,镭
U+956E,huán,镮
U+956F,zhuó,镯
U+9570,lián,镰
U+9571,yì,镱
U+9572,chǎ,镲
U+9573,biāo,镳
U+9574,là,镴
U+9575,chán,镵
U+9576,xiāng,镶
U+9577,zhǎng;cháng;zhàng,長
U+9578,cháng,镸
U+9579,jiǔ,镹
U+957A,ǎo,镺
U+957B,dié,镻
U+957C,qū,镼
U+957D,liǎo;liáo,镽
U+957E,mí,镾
U+957F,zhǎng;cháng,长
U+9580,mén,門
U+9581,mà,閁
U+9582,shuān,閂
U+9583,shǎn,閃
U+9584,huò;shǎn,閄
U+9585,mén,閅
U+9586,yán,閆
U+9587,bì,閇
U+9588,hàn;bì,閈
U+9589,bì,閉
U+958A,shān,閊
U+958B,kāi;qiān,開
U+958C,kàng,閌
U+958D,bēng,閍
U+958E,hóng,閎
U+958F,rùn,閏
U+9590,sàn,閐
U+9591,xián,閑
U+9592,xián;jiàn;jiān;jiǎn,閒
U+9593,jiān;jiàn;jiǎn,間
U+9594,mǐn;mín,閔
U+9595,xiā;xiǎ,閕
U+9596,shui,閖
U+9597,dòu,閗
U+9598,zhá;yā;gē,閘
U+9599,nào,閙
U+959A,zhān,閚
U+959B,pēng;pèng,閛
U+959C,xiǎ;ě,閜
U+959D,líng,閝
U+959E,biàn;guān,閞
U+959F,bì,閟
U+95A0,rùn,閠
U+95A1,ài;hé;hài;gāi;kǎi,閡
U+95A2,guān,関
U+95A3,gé,閣
U+95A4,gé;gē;hé,閤
U+95A5,fá,閥
U+95A6,chù,閦
U+95A7,hòng;xiàng,閧
U+95A8,guī,閨
U+95A9,mǐn,閩
U+95AA,sē,閪
U+95AB,kǔn,閫
U+95AC,làng;lǎng;liǎng,閬
U+95AD,lǘ,閭
U+95AE,tíng;tǐng,閮
U+95AF,shà,閯
U+95B0,jú,閰
U+95B1,yuè,閱
U+95B2,yuè,閲
U+95B3,chǎn,閳
U+95B4,qù,閴
U+95B5,lìn,閵
U+95B6,chāng;tāng,閶
U+95B7,shài;shā,閷
U+95B8,kǔn,閸
U+95B9,yān,閹
U+95BA,wén,閺
U+95BB,yán;yǎn;yàn,閻
U+95BC,è;yù;yān,閼
U+95BD,hūn,閽
U+95BE,yù,閾
U+95BF,wén,閿
U+95C0,hòng,闀
U+95C1,bāo,闁
U+95C2,hòng;xiàng;juǎn,闂
U+95C3,qù,闃
U+95C4,yǎo,闄
U+95C5,wén,闅
U+95C6,bǎn;pǎn,闆
U+95C7,àn;ǎn;ān;yīn;yǐn,闇
U+95C8,wéi,闈
U+95C9,yīn,闉
U+95CA,kuò,闊
U+95CB,què;jué;kuí,闋
U+95CC,lán;làn,闌
U+95CD,dū;shé,闍
U+95CE,quán,闎
U+95CF,fēng,闏
U+95D0,tián,闐
U+95D1,niè,闑
U+95D2,tà,闒
U+95D3,kǎi,闓
U+95D4,hé,闔
U+95D5,què;quē;jué,闕
U+95D6,chuǎng;chèn,闖
U+95D7,guān,闗
U+95D8,dòu,闘
U+95D9,qǐ,闙
U+95DA,kuī,闚
U+95DB,táng;tāng;chāng,闛
U+95DC,guān;wān;wǎn,關
U+95DD,piáo,闝
U+95DE,kàn;hǎn;xiàn,闞
U+95DF,xì;sè;tà,闟
U+95E0,huì,闠
U+95E1,chǎn,闡
U+95E2,pì;pī,闢
U+95E3,dàng;tāng,闣
U+95E4,huán,闤
U+95E5,tà,闥
U+95E6,wén,闦
U+95E7,tā,闧
U+95E8,mén,门
U+95E9,shuān,闩
U+95EA,shǎn,闪
U+95EB,yán,闫
U+95EC,hàn,闬
U+95ED,bì,闭
U+95EE,wèn,问
U+95EF,chuǎng,闯
U+95F0,rùn,闰
U+95F1,wéi,闱
U+95F2,xián,闲
U+95F3,hóng,闳
U+95F4,jiān;jiàn,间
U+95F5,mǐn,闵
U+95F6,kāng;kàng,闶
U+95F7,mèn;mēn,闷
U+95F8,zhá,闸
U+95F9,nào,闹
U+95FA,guī,闺
U+95FB,wén,闻
U+95FC,tà,闼
U+95FD,mǐn,闽
U+95FE,lǘ,闾
U+95FF,kǎi,闿
U+9600,fá,阀
U+9601,gé,阁
U+9602,hé,阂
U+9603,kǔn,阃
U+9604,jiū,阄
U+9605,yuè,阅
U+9606,láng;làng,阆
U+9607,dū;shé,阇
U+9608,yù,阈
U+9609,yān,阉
U+960A,chāng,阊
U+960B,xì,阋
U+960C,wén,阌
U+960D,hūn,阍
U+960E,yán,阎
U+960F,è;yān,阏
U+9610,chǎn,阐
U+9611,lán,阑
U+9612,qù,阒
U+9613,huì,阓
U+9614,kuò,阔
U+9615,què,阕
U+9616,hé,阖
U+9617,tián,阗
U+9618,dá;tà,阘
U+9619,quē;què,阙
U+961A,hǎn;kàn,阚
U+961B,huán,阛
U+961C,fù,阜
U+961D,fù,阝
U+961E,lè,阞
U+961F,duì,队
U+9620,xìn,阠
U+9621,qiān,阡
U+9622,wù;wéi,阢
U+9623,gài;yì,阣
U+9624,zhì;yí;tuó,阤
U+9625,yīn,阥
U+9626,yáng,阦
U+9627,dǒu,阧
U+9628,è;ài,阨
U+9629,shēng,阩
U+962A,bǎn,阪
U+962B,péi,阫
U+962C,kēng;kàng;gāng,阬
U+962D,yǔn;yǎn,阭
U+962E,ruǎn;yuán,阮
U+962F,zhǐ,阯
U+9630,pí,阰
U+9631,jǐng,阱
U+9632,fáng,防
U+9633,yáng,阳
U+9634,yīn,阴
U+9635,zhèn,阵
U+9636,jiē,阶
U+9637,chēng,阷
U+9638,è;ài,阸
U+9639,qū,阹
U+963A,dǐ,阺
U+963B,zǔ;zhù,阻
U+963C,zuò,阼
U+963D,diàn;yán,阽
U+963E,lǐng;líng,阾
U+963F,ā;ē;ě;ǎ;à;a,阿
U+9640,tuó;duò,陀
U+9641,tuó;zhì;yǐ,陁
U+9642,bēi;pí;bì;pō,陂
U+9643,bǐng,陃
U+9644,fù;bù;fū,附
U+9645,jì,际
U+9646,lù;liù,陆
U+9647,lǒng,陇
U+9648,chén,陈
U+9649,xíng,陉
U+964A,duò,陊
U+964B,lòu,陋
U+964C,mò,陌
U+964D,jiàng;xiáng;xiàng,降
U+964E,shū,陎
U+964F,duò;suí,陏
U+9650,xiàn;wěn,限
U+9651,ér,陑
U+9652,guǐ,陒
U+9653,yū,陓
U+9654,gāi,陔
U+9655,shǎn,陕
U+9656,jùn,陖
U+9657,qiào,陗
U+9658,xíng;jìng,陘
U+9659,chún,陙
U+965A,fù;wǔ,陚
U+965B,bì,陛
U+965C,xiá,陜
U+965D,shǎn,陝
U+965E,shēng,陞
U+965F,zhì;dé,陟
U+9660,pū;bū;bù,陠
U+9661,dǒu,陡
U+9662,yuàn,院
U+9663,zhèn,陣
U+9664,chú;zhù;shū,除
U+9665,xiàn,陥
U+9666,dǎo,陦
U+9667,niè,陧
U+9668,yǔn,陨
U+9669,xiǎn,险
U+966A,péi,陪
U+966B,fèi;péi,陫
U+966C,zōu;zhé,陬
U+966D,yì;yǐ,陭
U+966E,duì,陮
U+966F,lún;lùn,陯
U+9670,yīn;yìn;ān,陰
U+9671,jū,陱
U+9672,chuí,陲
U+9673,chén;zhèn,陳
U+9674,pí;bì,陴
U+9675,líng,陵
U+9676,táo;yáo;dào,陶
U+9677,xiàn,陷
U+9678,lù;liù,陸
U+9679,shēng,陹
U+967A,xiǎn,険
U+967B,yīn,陻
U+967C,zhǔ;dǔ,陼
U+967D,yáng,陽
U+967E,réng;ér,陾
U+967F,xiá,陿
U+9680,chóng,隀
U+9681,yàn;yǎn,隁
U+9682,yīn,隂
U+9683,shù;yú;yáo,隃
U+9684,dī;tí,隄
U+9685,yú,隅
U+9686,lóng;lōng,隆
U+9687,wēi,隇
U+9688,wēi,隈
U+9689,niè,隉
U+968A,duì;zhuì;suì,隊
U+968B,suí;duò;tuǒ;tuō,隋
U+968C,ǎn,隌
U+968D,huáng,隍
U+968E,jiē,階
U+968F,suí,随
U+9690,yǐn,隐
U+9691,gài;gāi;ái;qí,隑
U+9692,yǎn,隒
U+9693,huī;duò,隓
U+9694,gé;rǒng;jī,隔
U+9695,yǔn;yuán,隕
U+9696,wù,隖
U+9697,kuí;wěi;guī,隗
U+9698,ài;è,隘
U+9699,xì,隙
U+969A,táng,隚
U+969B,jì,際
U+969C,zhàng;zhāng,障
U+969D,dǎo,隝
U+969E,áo,隞
U+969F,xì,隟
U+96A0,yǐn,隠
U+96A1,sà,隡
U+96A2,rǎo,隢
U+96A3,lín,隣
U+96A4,tuí,隤
U+96A5,dèng,隥
U+96A6,jiǎo;pí,隦
U+96A7,suì;zhuì,隧
U+96A8,suí,隨
U+96A9,ào;yù,隩
U+96AA,xiǎn;jiǎn;yán,險
U+96AB,fén,隫
U+96AC,nǐ,隬
U+96AD,ér,隭
U+96AE,jī,隮
U+96AF,dǎo,隯
U+96B0,xí;xiè,隰
U+96B1,yǐn;yìn,隱
U+96B2,zhì,隲
U+96B3,huī,隳
U+96B4,lǒng,隴
U+96B5,xī,隵
U+96B6,lì;dài;yì;dì,隶
U+96B7,lì,隷
U+96B8,lì,隸
U+96B9,zhuī;cuī;wéi,隹
U+96BA,hú;hè;què,隺
U+96BB,zhī;huò,隻
U+96BC,sǔn,隼
U+96BD,juàn;jùn,隽
U+96BE,nán;nàn,难
U+96BF,yì,隿
U+96C0,què;qiāo;qiǎo,雀
U+96C1,yàn,雁
U+96C2,qín,雂
U+96C3,qiān;jiè,雃
U+96C4,xióng,雄
U+96C5,yǎ;yā;yá,雅
U+96C6,jí,集
U+96C7,gù;hù,雇
U+96C8,huán,雈
U+96C9,zhì;kǎi;yǐ;sì,雉
U+96CA,gòu,雊
U+96CB,juàn;jùn;zuì,雋
U+96CC,cí,雌
U+96CD,yōng,雍
U+96CE,jū,雎
U+96CF,chú,雏
U+96D0,hū,雐
U+96D1,zá,雑
U+96D2,luò,雒
U+96D3,yú,雓
U+96D4,chóu,雔
U+96D5,diāo,雕
U+96D6,suī,雖
U+96D7,hàn,雗
U+96D8,wò,雘
U+96D9,shuāng,雙
U+96DA,guàn;huán,雚
U+96DB,chú;jú;jù,雛
U+96DC,zá,雜
U+96DD,yōng,雝
U+96DE,jī,雞
U+96DF,xī,雟
U+96E0,chóu,雠
U+96E1,liù,雡
U+96E2,lí;lì;lǐ;chī;gǔ,離
U+96E3,nán;nàn;nuó,難
U+96E4,xué,雤
U+96E5,zá,雥
U+96E6,jí,雦
U+96E7,jí,雧
U+96E8,yǔ;yù,雨
U+96E9,yú;yù;xū,雩
U+96EA,xuě,雪
U+96EB,nǎ,雫
U+96EC,fǒu,雬
U+96ED,sè;xí,雭
U+96EE,mù,雮
U+96EF,wén,雯
U+96F0,fēn,雰
U+96F1,pāng;páng;fāng,雱
U+96F2,yún,雲
U+96F3,lì,雳
U+96F4,chì,雴
U+96F5,yāng,雵
U+96F6,líng;lián,零
U+96F7,léi;lèi,雷
U+96F8,án,雸
U+96F9,báo,雹
U+96FA,wù;méng,雺
U+96FB,diàn,電
U+96FC,dàng,雼
U+96FD,hù;hū,雽
U+96FE,wù,雾
U+96FF,diào,雿
U+9700,xū;nuò;rú;ruǎn,需
U+9701,jì,霁
U+9702,mù,霂
U+9703,chén,霃
U+9704,xiāo;xiào,霄
U+9705,zhà;zhá;shà;sà;yì,霅
U+9706,tíng,霆
U+9707,zhèn;shēn,震
U+9708,pèi,霈
U+9709,méi,霉
U+970A,líng,霊
U+970B,qī,霋
U+970C,zhōu,霌
U+970D,huò;hè;suǒ,霍
U+970E,shà,霎
U+970F,fēi,霏
U+9710,hóng,霐
U+9711,zhān,霑
U+9712,yīn,霒
U+9713,ní,霓
U+9714,zhù,霔
U+9715,tún,霕
U+9716,lín,霖
U+9717,líng,霗
U+9718,dòng,霘
U+9719,yīng;yāng,霙
U+971A,wù,霚
U+971B,líng,霛
U+971C,shuāng,霜
U+971D,líng,霝
U+971E,xiá,霞
U+971F,hóng,霟
U+9720,yīn,霠
U+9721,mài,霡
U+9722,mài,霢
U+9723,yǔn,霣
U+9724,liù,霤
U+9725,mèng,霥
U+9726,bīn,霦
U+9727,wù;méng,霧
U+9728,wèi,霨
U+9729,kuò,霩
U+972A,yín,霪
U+972B,xí,霫
U+972C,yì,霬
U+972D,ǎi,霭
U+972E,dàn,霮
U+972F,tèng,霯
U+9730,xiàn;sǎn,霰
U+9731,yù,霱
U+9732,lù;lòu,露
U+9733,lóng,霳
U+9734,dài,霴
U+9735,jí,霵
U+9736,pāng,霶
U+9737,yáng,霷
U+9738,bà;pò,霸
U+9739,pī,霹
U+973A,wéi,霺
U+973B,fēng,霻
U+973C,xì,霼
U+973D,jì,霽
U+973E,mái;lí,霾
U+973F,méng;mào;wù,霿
U+9740,méng,靀
U+9741,léi,靁
U+9742,lì,靂
U+9743,huò;suǐ;suǒ,靃
U+9744,ǎi,靄
U+9745,fèi,靅
U+9746,dài,靆
U+9747,lóng;líng,靇
U+9748,líng,靈
U+9749,ài;yǐ,靉
U+974A,fēng,靊
U+974B,lì,靋
U+974C,bǎo,靌
U+974D,hè,靍
U+974E,hè,靎
U+974F,hè,靏
U+9750,bìng,靐
U+9751,qīng,靑
U+9752,qīng;jīng,青
U+9753,jìng;liàng,靓
U+9754,tiān,靔
U+9755,zhēn,靕
U+9756,jìng,靖
U+9757,chēng,靗
U+9758,qìng;qīng;jìng,靘
U+9759,jìng,静
U+975A,jìng;liáng,靚
U+975B,diàn,靛
U+975C,jìng,靜
U+975D,tiān,靝
U+975E,fēi;fěi,非
U+975F,fēi,靟
U+9760,kào,靠
U+9761,mí;mǐ;má,靡
U+9762,miàn,面
U+9763,miàn,靣
U+9764,bào,靤
U+9765,yè,靥
U+9766,tiǎn;miǎn,靦
U+9767,huì,靧
U+9768,yè;yǎn,靨
U+9769,gé;jí,革
U+976A,dīng,靪
U+976B,chá,靫
U+976C,qián;jiān;kān;hàn,靬
U+976D,rèn,靭
U+976E,dí,靮
U+976F,dù,靯
U+9770,wù,靰
U+9771,rèn,靱
U+9772,qín,靲
U+9773,jìn,靳
U+9774,xuē,靴
U+9775,niǔ,靵
U+9776,bǎ;bà,靶
U+9777,yǐn,靷
U+9778,sǎ;tā,靸
U+9779,nà,靹
U+977A,mò;wà,靺
U+977B,zǔ,靻
U+977C,dá,靼
U+977D,bàn,靽
U+977E,yì,靾
U+977F,yào,靿
U+9780,táo,鞀
U+9781,bèi;bài;bì,鞁
U+9782,jiē,鞂
U+9783,hóng,鞃
U+9784,páo,鞄
U+9785,yāng;yàng;yǎng,鞅
U+9786,bǐng,鞆
U+9787,yīn,鞇
U+9788,gé;sǎ;tà,鞈
U+9789,táo,鞉
U+978A,jié;jí,鞊
U+978B,xié;wā,鞋
U+978C,ān,鞌
U+978D,ān,鞍
U+978E,hén,鞎
U+978F,gǒng,鞏
U+9790,qiǎ,鞐
U+9791,dá,鞑
U+9792,qiáo,鞒
U+9793,tīng,鞓
U+9794,mán;mèn,鞔
U+9795,yìng;biān,鞕
U+9796,suī,鞖
U+9797,tiáo,鞗
U+9798,qiào;shāo,鞘
U+9799,xuàn;juān,鞙
U+979A,kòng,鞚
U+979B,běng,鞛
U+979C,tà,鞜
U+979D,shàng;zhǎng,鞝
U+979E,bǐng;bì;pí;bēi,鞞
U+979F,kuò,鞟
U+97A0,jū;qū;qiōng,鞠
U+97A1,la,鞡
U+97A2,xiè;zhá;dié,鞢
U+97A3,róu,鞣
U+97A4,bāng,鞤
U+97A5,ēng,鞥
U+97A6,qiū,鞦
U+97A7,qiū,鞧
U+97A8,hé;shé;mò,鞨
U+97A9,qiào,鞩
U+97AA,mù;móu,鞪
U+97AB,jū;qū,鞫
U+97AC,jiān;jiàn,鞬
U+97AD,biān,鞭
U+97AE,dī,鞮
U+97AF,jiān,鞯
U+97B0,wēn,鞰
U+97B1,tāo,鞱
U+97B2,gōu,鞲
U+97B3,tà,鞳
U+97B4,bèi;fú;bù;bài,鞴
U+97B5,xié,鞵
U+97B6,pán,鞶
U+97B7,gé,鞷
U+97B8,bì;bǐng,鞸
U+97B9,kuò,鞹
U+97BA,tāng,鞺
U+97BB,lóu,鞻
U+97BC,guì;huì,鞼
U+97BD,qiáo;qiāo;juē,鞽
U+97BE,xuē,鞾
U+97BF,jī,鞿
U+97C0,jiān,韀
U+97C1,jiāng,韁
U+97C2,chàn,韂
U+97C3,dá;tà,韃
U+97C4,hù,韄
U+97C5,xiǎn,韅
U+97C6,qiān,韆
U+97C7,dú,韇
U+97C8,wà,韈
U+97C9,jiān,韉
U+97CA,lán,韊
U+97CB,wéi;huí,韋
U+97CC,rèn,韌
U+97CD,fú,韍
U+97CE,mèi,韎
U+97CF,quàn;juàn,韏
U+97D0,gé,韐
U+97D1,wěi,韑
U+97D2,qiào;shāo,韒
U+97D3,hán,韓
U+97D4,chàng,韔
U+97D5,kuò,韕
U+97D6,rǒu,韖
U+97D7,yùn,韗
U+97D8,shè,韘
U+97D9,wěi,韙
U+97DA,gé,韚
U+97DB,bài;fú,韛
U+97DC,tāo;tào,韜
U+97DD,gōu,韝
U+97DE,yùn;wēn,韞
U+97DF,gāo,韟
U+97E0,bì,韠
U+97E1,wěi;xuē,韡
U+97E2,suì;huì,韢
U+97E3,dú,韣
U+97E4,wà,韤
U+97E5,dú,韥
U+97E6,wéi,韦
U+97E7,rèn,韧
U+97E8,fú,韨
U+97E9,hán,韩
U+97EA,wěi,韪
U+97EB,yùn,韫
U+97EC,tāo,韬
U+97ED,jiǔ,韭
U+97EE,jiǔ,韮
U+97EF,xiān,韯
U+97F0,xiè,韰
U+97F1,xiān,韱
U+97F2,jī,韲
U+97F3,yīn,音
U+97F4,zá,韴
U+97F5,yùn,韵
U+97F6,sháo,韶
U+97F7,lè,韷
U+97F8,péng,韸
U+97F9,huáng;yīng,韹
U+97FA,yīng,韺
U+97FB,yùn,韻
U+97FC,péng,韼
U+97FD,ān,韽
U+97FE,yīn,韾
U+97FF,xiǎng,響
U+9800,hù,頀
U+9801,yè;xié,頁
U+9802,dǐng,頂
U+9803,qǐng;qīng;kuǐ,頃
U+9804,kuí,頄
U+9805,xiàng,項
U+9806,shùn,順
U+9807,hān;àn,頇
U+9808,xū,須
U+9809,yí,頉
U+980A,xū,頊
U+980B,ě,頋
U+980C,sòng;róng,頌
U+980D,kuǐ,頍
U+980E,qí;kěn,頎
U+980F,háng;gāng;hàng,頏
U+9810,yù,預
U+9811,wán;kūn,頑
U+9812,bān;fén,頒
U+9813,dùn;dú,頓
U+9814,dí,頔
U+9815,dān;diàn,頕
U+9816,pàn,頖
U+9817,pō;pǒ;pò;pí,頗
U+9818,lǐng,領
U+9819,chè,頙
U+981A,jǐng,頚
U+981B,lèi,頛
U+981C,hé;hán;qīn;gé,頜
U+981D,qiāo,頝
U+981E,è;àn,頞
U+981F,é,頟
U+9820,wěi,頠
U+9821,xié;jiá;jié,頡
U+9822,kuò,頢
U+9823,shěn,頣
U+9824,yí,頤
U+9825,yí,頥
U+9826,hái;kē;ké,頦
U+9827,duǐ;duī,頧
U+9828,yǔ;biàn,頨
U+9829,pīng;pǐng,頩
U+982A,lèi,頪
U+982B,fǔ;tāo;tiào,頫
U+982C,jiá,頬
U+982D,tóu;tou,頭
U+982E,huì,頮
U+982F,kuí,頯
U+9830,jiá,頰
U+9831,luō,頱
U+9832,tǐng,頲
U+9833,chēng,頳
U+9834,yǐng;jǐng,頴
U+9835,yūn,頵
U+9836,hú,頶
U+9837,hàn,頷
U+9838,jǐng;gěng,頸
U+9839,tuí,頹
U+983A,tuí,頺
U+983B,pín;bīn,頻
U+983C,lài,頼
U+983D,tuí,頽
U+983E,zī,頾
U+983F,zī,頿
U+9840,chuí,顀
U+9841,dìng;dǐng,顁
U+9842,lài;lái,顂
U+9843,tán;shǎn,顃
U+9844,hàn,顄
U+9845,qiān,顅
U+9846,kē;kě;kuǎn,顆
U+9847,cuì;zú,顇
U+9848,xuǎn;jiōng;jiǒng;xiàn,顈
U+9849,qīn,顉
U+984A,yí,顊
U+984B,sāi,顋
U+984C,tí;dì,題
U+984D,é,額
U+984E,è,顎
U+984F,yán,顏
U+9850,wèn;hún;hùn,顐
U+9851,kǎn;yàn,顑
U+9852,yóng;yú,顒
U+9853,zhuān,顓
U+9854,yán;yá,顔
U+9855,xiǎn,顕
U+9856,xìn,顖
U+9857,yǐ,顗
U+9858,yuàn;yuǎn,願
U+9859,sǎng,顙
U+985A,diān;tián;tiàn,顚
U+985B,diān,顛
U+985C,jiǎng,顜
U+985D,kuī;kuǎ,顝
U+985E,lèi,類
U+985F,láo,顟
U+9860,piǎo,顠
U+9861,wài;zhuài,顡
U+9862,mán,顢
U+9863,cù,顣
U+9864,yáo;qiào,顤
U+9865,hào,顥
U+9866,qiáo,顦
U+9867,gù,顧
U+9868,xùn,顨
U+9869,yǎn;qìn;hàn;qiǎn,顩
U+986A,huì,顪
U+986B,chàn;zhàn;shān,顫
U+986C,rú,顬
U+986D,méng,顭
U+986E,bīn,顮
U+986F,xiǎn;xiàn,顯
U+9870,pín,顰
U+9871,lú,顱
U+9872,lǎn;lǐn,顲
U+9873,niè,顳
U+9874,quán,顴
U+9875,yè,页
U+9876,dǐng,顶
U+9877,qǐng,顷
U+9878,hān,顸
U+9879,xiàng,项
U+987A,shùn,顺
U+987B,xū,须
U+987C,xū,顼
U+987D,wán,顽
U+987E,gù,顾
U+987F,dùn;dú,顿
U+9880,qí,颀
U+9881,bān,颁
U+9882,sòng,颂
U+9883,háng,颃
U+9884,yù,预
U+9885,lú,颅
U+9886,lǐng,领
U+9887,pǒ;pō,颇
U+9888,jǐng;gěng,颈
U+9889,jié;xié,颉
U+988A,jiá,颊
U+988B,tǐng,颋
U+988C,hé;gé,颌
U+988D,yǐng,颍
U+988E,jiǒng,颎
U+988F,kē;ké,颏
U+9890,yí,颐
U+9891,pín,频
U+9892,huì,颒
U+9893,tuí,颓
U+9894,hàn,颔
U+9895,yǐng,颕
U+9896,yǐng,颖
U+9897,kē,颗
U+9898,tí,题
U+9899,yóng,颙
U+989A,è,颚
U+989B,zhuān,颛
U+989C,yán,颜
U+989D,é,额
U+989E,niè,颞
U+989F,mān,颟
U+98A0,diān,颠
U+98A1,sǎng,颡
U+98A2,hào,颢
U+98A3,lèi,颣
U+98A4,chàn;zhàn,颤
U+98A5,rú,颥
U+98A6,pín,颦
U+98A7,quán,颧
U+98A8,fēng;fèng;fěng,風
U+98A9,biāo;diū,颩
U+98AA,guā,颪
U+98AB,fú,颫
U+98AC,xiā,颬
U+98AD,zhǎn,颭
U+98AE,biāo;páo,颮
U+98AF,sà;lì,颯
U+98B0,bá;fú,颰
U+98B1,tái,颱
U+98B2,liè,颲
U+98B3,guā;jǐ,颳
U+98B4,xuàn,颴
U+98B5,shāo;xiāo,颵
U+98B6,jù,颶
U+98B7,biāo,颷
U+98B8,sī,颸
U+98B9,wěi,颹
U+98BA,yáng,颺
U+98BB,yáo;yào,颻
U+98BC,sōu,颼
U+98BD,kǎi,颽
U+98BE,sōu;sāo,颾
U+98BF,fān,颿
U+98C0,liú,飀
U+98C1,xí,飁
U+98C2,liù;liáo,飂
U+98C3,piāo;piào,飃
U+98C4,piāo,飄
U+98C5,liú,飅
U+98C6,biāo,飆
U+98C7,biāo,飇
U+98C8,biāo,飈
U+98C9,liáo,飉
U+98CA,biāo,飊
U+98CB,sè,飋
U+98CC,fēng,飌
U+98CD,xiū,飍
U+98CE,fēng,风
U+98CF,yáng,飏
U+98D0,zhǎn,飐
U+98D1,biāo,飑
U+98D2,sà,飒
U+98D3,jù,飓
U+98D4,sī,飔
U+98D5,sōu,飕
U+98D6,yáo,飖
U+98D7,liú,飗
U+98D8,piāo,飘
U+98D9,biāo,飙
U+98DA,biāo,飚
U+98DB,fēi,飛
U+98DC,fān,飜
U+98DD,fēi,飝
U+98DE,fēi,飞
U+98DF,shí;sì;yì,食
U+98E0,shí,飠
U+98E1,cān,飡
U+98E2,jī,飢
U+98E3,dìng,飣
U+98E4,sì,飤
U+98E5,tuō,飥
U+98E6,zhān;gān,飦
U+98E7,sūn,飧
U+98E8,xiǎng,飨
U+98E9,tún;zhùn,飩
U+98EA,rèn,飪
U+98EB,yù,飫
U+98EC,juàn;yǒng,飬
U+98ED,chì;shì,飭
U+98EE,yǐn,飮
U+98EF,fàn,飯
U+98F0,fàn,飰
U+98F1,sūn;cān,飱
U+98F2,yǐn;yìn,飲
U+98F3,tǒu;zhù,飳
U+98F4,yí;sì,飴
U+98F5,zuò;zé,飵
U+98F6,bì,飶
U+98F7,jiě,飷
U+98F8,tāo,飸
U+98F9,bǎo,飹
U+98FA,cí,飺
U+98FB,tiè,飻
U+98FC,sì,飼
U+98FD,bǎo,飽
U+98FE,shì;chì,飾
U+98FF,duò,飿
U+9900,hài,餀
U+9901,rèn,餁
U+9902,tiǎn;tián,餂
U+9903,jiǎo;jiào,餃
U+9904,jiá;hé,餄
U+9905,bǐng,餅
U+9906,yáo,餆
U+9907,tóng,餇
U+9908,cí,餈
U+9909,xiǎng,餉
U+990A,yǎng;yàng,養
U+990B,juàn,餋
U+990C,ěr,餌
U+990D,yàn,餍
U+990E,le,餎
U+990F,xī,餏
U+9910,cān;sūn,餐
U+9911,bō,餑
U+9912,něi,餒
U+9913,è,餓
U+9914,bù;bū,餔
U+9915,jùn,餕
U+9916,dòu,餖
U+9917,sù,餗
U+9918,yú;yé,餘
U+9919,shì;xī,餙
U+991A,yáo,餚
U+991B,hún;kūn,餛
U+991C,guǒ,餜
U+991D,shì,餝
U+991E,jiàn,餞
U+991F,zhuì,餟
U+9920,bǐng,餠
U+9921,xiàn;kàn,餡
U+9922,bù,餢
U+9923,yè,餣
U+9924,tán;dàn,餤
U+9925,fēi,餥
U+9926,zhāng,餦
U+9927,wèi;něi,餧
U+9928,guǎn,館
U+9929,è,餩
U+992A,nuǎn;nuàn,餪
U+992B,yùn;hún,餫
U+992C,hú,餬
U+992D,huáng,餭
U+992E,tiè,餮
U+992F,huì,餯
U+9930,jiān;zhān,餰
U+9931,hóu,餱
U+9932,ài;hé,餲
U+9933,táng;xíng,餳
U+9934,fēn,餴
U+9935,wèi,餵
U+9936,gǔ,餶
U+9937,chā,餷
U+9938,sòng,餸
U+9939,táng,餹
U+993A,bó,餺
U+993B,gāo,餻
U+993C,xì,餼
U+993D,kuì,餽
U+993E,liù;liú,餾
U+993F,sōu,餿
U+9940,táo;tāo;xiàn,饀
U+9941,yè,饁
U+9942,wēn,饂
U+9943,mó,饃
U+9944,táng,饄
U+9945,mán,饅
U+9946,bì,饆
U+9947,yù,饇
U+9948,xiū,饈
U+9949,jǐn,饉
U+994A,sǎn,饊
U+994B,kuì;tuí,饋
U+994C,zhuàn;xuǎn,饌
U+994D,shàn,饍
U+994E,chì,饎
U+994F,dàn,饏
U+9950,yì;yē;èn,饐
U+9951,jī;qí,饑
U+9952,ráo,饒
U+9953,chēng,饓
U+9954,yōng,饔
U+9955,tāo,饕
U+9956,wèi,饖
U+9957,xiǎng,饗
U+9958,zhān,饘
U+9959,fēn,饙
U+995A,hài,饚
U+995B,méng,饛
U+995C,yàn,饜
U+995D,mó,饝
U+995E,chán,饞
U+995F,xiǎng,饟
U+9960,luó,饠
U+9961,zàn,饡
U+9962,náng;nǎng,饢
U+9963,shí,饣
U+9964,dìng,饤
U+9965,jī,饥
U+9966,tuō,饦
U+9967,táng;xíng,饧
U+9968,tún,饨
U+9969,xì,饩
U+996A,rèn,饪
U+996B,yù,饫
U+996C,chì,饬
U+996D,fàn,饭
U+996E,yǐn;yìn,饮
U+996F,jiàn,饯
U+9970,shì,饰
U+9971,bǎo,饱
U+9972,sì,饲
U+9973,duò,饳
U+9974,yí,饴
U+9975,ěr,饵
U+9976,ráo,饶
U+9977,xiǎng,饷
U+9978,hé,饸
U+9979,le;gē,饹
U+997A,jiǎo,饺
U+997B,xī,饻
U+997C,bǐng,饼
U+997D,bō,饽
U+997E,dòu,饾
U+997F,è,饿
U+9980,yú,馀
U+9981,něi,馁
U+9982,jùn,馂
U+9983,guǒ,馃
U+9984,hún,馄
U+9985,xiàn,馅
U+9986,guǎn,馆
U+9987,chā;zha,馇
U+9988,kuì,馈
U+9989,gǔ,馉
U+998A,sōu,馊
U+998B,chán,馋
U+998C,yè,馌
U+998D,mó,馍
U+998E,bó,馎
U+998F,liú;liù,馏
U+9990,xiū,馐
U+9991,jǐn,馑
U+9992,mán,馒
U+9993,sǎn,馓
U+9994,zhuàn,馔
U+9995,náng;nǎng,馕
U+9996,shǒu,首
U+9997,kuí;qiú,馗
U+9998,guó;xù,馘
U+9999,xiāng,香
U+999A,fén,馚
U+999B,bó,馛
U+999C,nǐ,馜
U+999D,bì,馝
U+999E,bó;pò,馞
U+999F,tú,馟
U+99A0,hān,馠
U+99A1,fēi,馡
U+99A2,jiān,馢
U+99A3,ān,馣
U+99A4,ài,馤
U+99A5,fù;bì,馥
U+99A6,xiān,馦
U+99A7,yūn;wò,馧
U+99A8,xīn,馨
U+99A9,fén,馩
U+99AA,pīn,馪
U+99AB,xīn,馫
U+99AC,mǎ,馬
U+99AD,yù,馭
U+99AE,féng;píng,馮
U+99AF,hàn;qián;hán,馯
U+99B0,dí,馰
U+99B1,tuó;duò;dài,馱
U+99B2,zhé;tuō,馲
U+99B3,chí,馳
U+99B4,xún,馴
U+99B5,zhù,馵
U+99B6,zhī;shì,馶
U+99B7,pèi,馷
U+99B8,xìn;jìn,馸
U+99B9,rì,馹
U+99BA,sà,馺
U+99BB,yǔn,馻
U+99BC,wén,馼
U+99BD,zhí,馽
U+99BE,dàn;dǎn,馾
U+99BF,lǘ,馿
U+99C0,yóu,駀
U+99C1,bó,駁
U+99C2,bǎo,駂
U+99C3,jué;kuài,駃
U+99C4,tuó,駄
U+99C5,yì,駅
U+99C6,qū,駆
U+99C7,wén,駇
U+99C8,qū,駈
U+99C9,jiōng,駉
U+99CA,pǒ,駊
U+99CB,zhāo,駋
U+99CC,yuān,駌
U+99CD,péi;pēng,駍
U+99CE,zhòu,駎
U+99CF,jù,駏
U+99D0,zhù,駐
U+99D1,nú,駑
U+99D2,jū;jù,駒
U+99D3,pī,駓
U+99D4,zǎng;zù;zǔ,駔
U+99D5,jià;jiā,駕
U+99D6,líng,駖
U+99D7,zhěn,駗
U+99D8,tái;dài;zhài;tāi,駘
U+99D9,fù,駙
U+99DA,yǎng,駚
U+99DB,shǐ,駛
U+99DC,bì,駜
U+99DD,tuó,駝
U+99DE,tuó,駞
U+99DF,sì,駟
U+99E0,liú,駠
U+99E1,mà,駡
U+99E2,pián,駢
U+99E3,táo,駣
U+99E4,zhì,駤
U+99E5,róng,駥
U+99E6,téng,駦
U+99E7,dòng,駧
U+99E8,xūn;xuàn,駨
U+99E9,quān,駩
U+99EA,shēn,駪
U+99EB,jiōng,駫
U+99EC,ěr,駬
U+99ED,hài,駭
U+99EE,bó,駮
U+99EF,zhū,駯
U+99F0,yīn,駰
U+99F1,luò;jià,駱
U+99F2,zhōu,駲
U+99F3,dàn,駳
U+99F4,hài,駴
U+99F5,liú,駵
U+99F6,jú,駶
U+99F7,sǒng,駷
U+99F8,qīn,駸
U+99F9,máng,駹
U+99FA,láng;liáng,駺
U+99FB,hàn,駻
U+99FC,tú,駼
U+99FD,xuān,駽
U+99FE,tuì,駾
U+99FF,jùn,駿
U+9A00,ě;é,騀
U+9A01,chěng,騁
U+9A02,xīng,騂
U+9A03,ái;sì;tǎi,騃
U+9A04,lù,騄
U+9A05,zhuī,騅
U+9A06,zhōu;dòng,騆
U+9A07,shè,騇
U+9A08,pián,騈
U+9A09,kūn,騉
U+9A0A,táo,騊
U+9A0B,lái,騋
U+9A0C,zōng,騌
U+9A0D,kè,騍
U+9A0E,qí;jì,騎
U+9A0F,qí,騏
U+9A10,yàn,騐
U+9A11,fēi,騑
U+9A12,sāo,騒
U+9A13,yàn,験
U+9A14,gé,騔
U+9A15,yǎo,騕
U+9A16,wù,騖
U+9A17,piàn,騗
U+9A18,cōng,騘
U+9A19,piàn,騙
U+9A1A,qián,騚
U+9A1B,fēi,騛
U+9A1C,huáng,騜
U+9A1D,qián,騝
U+9A1E,huō,騞
U+9A1F,yú,騟
U+9A20,tí,騠
U+9A21,quán,騡
U+9A22,xiá,騢
U+9A23,zōng,騣
U+9A24,kuí;jué,騤
U+9A25,róu,騥
U+9A26,sī,騦
U+9A27,guā,騧
U+9A28,tuó,騨
U+9A29,guī;tuí,騩
U+9A2A,sōu,騪
U+9A2B,qiān;jiǎn,騫
U+9A2C,chéng,騬
U+9A2D,zhì,騭
U+9A2E,liú,騮
U+9A2F,péng;bǎng,騯
U+9A30,téng,騰
U+9A31,xí,騱
U+9A32,cǎo,騲
U+9A33,dú,騳
U+9A34,yàn,騴
U+9A35,yuán,騵
U+9A36,zōu;zhū;zhòu;qū,騶
U+9A37,sāo;sǎo;xiāo,騷
U+9A38,shàn,騸
U+9A39,qí,騹
U+9A3A,zhì;chì,騺
U+9A3B,shuāng,騻
U+9A3C,lù,騼
U+9A3D,xí,騽
U+9A3E,luó,騾
U+9A3F,zhāng,騿
U+9A40,mò;mà,驀
U+9A41,ào;yào,驁
U+9A42,cān,驂
U+9A43,biāo;piào,驃
U+9A44,cōng,驄
U+9A45,qū,驅
U+9A46,bì,驆
U+9A47,zhì,驇
U+9A48,yù,驈
U+9A49,xū,驉
U+9A4A,huá,驊
U+9A4B,bō,驋
U+9A4C,sù,驌
U+9A4D,xiāo,驍
U+9A4E,lín,驎
U+9A4F,zhàn,驏
U+9A50,dūn,驐
U+9A51,liú,驑
U+9A52,tuó,驒
U+9A53,céng,驓
U+9A54,diàn,驔
U+9A55,jiāo;xiāo;jū;qiáo,驕
U+9A56,tiě,驖
U+9A57,yàn,驗
U+9A58,luó,驘
U+9A59,zhān;zhàn,驙
U+9A5A,jīng,驚
U+9A5B,yì,驛
U+9A5C,yè,驜
U+9A5D,tuō,驝
U+9A5E,pīn,驞
U+9A5F,zhòu,驟
U+9A60,yàn,驠
U+9A61,lóng;zǎng,驡
U+9A62,lǘ,驢
U+9A63,téng,驣
U+9A64,xiāng,驤
U+9A65,jì,驥
U+9A66,shuāng,驦
U+9A67,jú,驧
U+9A68,xí,驨
U+9A69,huān,驩
U+9A6A,lí;chí,驪
U+9A6B,biāo;piāo,驫
U+9A6C,mǎ,马
U+9A6D,yù,驭
U+9A6E,tuó;duò,驮
U+9A6F,xùn;xún,驯
U+9A70,chí,驰
U+9A71,qū,驱
U+9A72,rì,驲
U+9A73,bó,驳
U+9A74,lǘ,驴
U+9A75,zǎng,驵
U+9A76,shǐ,驶
U+9A77,sì,驷
U+9A78,fù,驸
U+9A79,jū,驹
U+9A7A,zōu,驺
U+9A7B,zhù,驻
U+9A7C,tuó,驼
U+9A7D,nú,驽
U+9A7E,jià,驾
U+9A7F,yì,驿
U+9A80,dài;tái,骀
U+9A81,xiāo,骁
U+9A82,mà,骂
U+9A83,yīn,骃
U+9A84,jiāo,骄
U+9A85,huá,骅
U+9A86,luò,骆
U+9A87,hài,骇
U+9A88,pián,骈
U+9A89,biāo,骉
U+9A8A,lí,骊
U+9A8B,chěng,骋
U+9A8C,yàn,验
U+9A8D,xīng,骍
U+9A8E,qīn,骎
U+9A8F,jùn,骏
U+9A90,qí,骐
U+9A91,qí,骑
U+9A92,kè,骒
U+9A93,zhuī,骓
U+9A94,zōng,骔
U+9A95,sù,骕
U+9A96,cān,骖
U+9A97,piàn,骗
U+9A98,zhì,骘
U+9A99,kuí,骙
U+9A9A,sāo,骚
U+9A9B,wù,骛
U+9A9C,ào,骜
U+9A9D,liú,骝
U+9A9E,qiān,骞
U+9A9F,shàn,骟
U+9AA0,biāo;piào,骠
U+9AA1,luó,骡
U+9AA2,cōng,骢
U+9AA3,chǎn,骣
U+9AA4,zhòu,骤
U+9AA5,jì,骥
U+9AA6,shuāng,骦
U+9AA7,xiāng,骧
U+9AA8,gǔ;gū;gú,骨
U+9AA9,wěi,骩
U+9AAA,wěi,骪
U+9AAB,wěi;wán,骫
U+9AAC,yú,骬
U+9AAD,gàn,骭
U+9AAE,yì,骮
U+9AAF,āng;kǎng,骯
U+9AB0,tóu;gǔ,骰
U+9AB1,jiè;jiá;xiè,骱
U+9AB2,bào,骲
U+9AB3,bèi,骳
U+9AB4,cī;zhài,骴
U+9AB5,tǐ,骵
U+9AB6,dǐ,骶
U+9AB7,kū,骷
U+9AB8,hái;gāi,骸
U+9AB9,qiāo;jiāo;xiāo,骹
U+9ABA,hóu,骺
U+9ABB,kuà,骻
U+9ABC,gé,骼
U+9ABD,tuǐ,骽
U+9ABE,gěng,骾
U+9ABF,pián,骿
U+9AC0,bì,髀
U+9AC1,kē;kuà,髁
U+9AC2,qià;gé,髂
U+9AC3,yú,髃
U+9AC4,suǐ,髄
U+9AC5,lóu,髅
U+9AC6,bó;pò,髆
U+9AC7,xiāo,髇
U+9AC8,bǎng;páng;pǎng,髈
U+9AC9,bó;jué,髉
U+9ACA,cī;cuō,髊
U+9ACB,kuān,髋
U+9ACC,bìn,髌
U+9ACD,mó,髍
U+9ACE,liáo,髎
U+9ACF,lóu,髏
U+9AD0,xiāo,髐
U+9AD1,dú,髑
U+9AD2,zāng;zǎng,髒
U+9AD3,suǐ,髓
U+9AD4,tǐ;tī,體
U+9AD5,bìn,髕
U+9AD6,kuān,髖
U+9AD7,lú,髗
U+9AD8,gāo;gào,高
U+9AD9,gāo,髙
U+9ADA,qiào,髚
U+9ADB,kāo,髛
U+9ADC,qiǎo,髜
U+9ADD,láo,髝
U+9ADE,sào,髞
U+9ADF,biāo;piào;shān,髟
U+9AE0,kūn,髠
U+9AE1,kūn,髡
U+9AE2,dí,髢
U+9AE3,fǎng,髣
U+9AE4,xiū,髤
U+9AE5,rán,髥
U+9AE6,máo,髦
U+9AE7,dàn,髧
U+9AE8,kūn,髨
U+9AE9,bìn,髩
U+9AEA,fà;fǎ,髪
U+9AEB,tiáo,髫
U+9AEC,pī,髬
U+9AED,zī,髭
U+9AEE,fà;fǎ,髮
U+9AEF,rán,髯
U+9AF0,tì,髰
U+9AF1,bào,髱
U+9AF2,bì,髲
U+9AF3,máo;róu;méng,髳
U+9AF4,fú;fèi,髴
U+9AF5,ér,髵
U+9AF6,róng;èr,髶
U+9AF7,qū,髷
U+9AF8,gōng,髸
U+9AF9,xiū,髹
U+9AFA,kuò;yuè,髺
U+9AFB,jì;jié,髻
U+9AFC,péng,髼
U+9AFD,zhuā,髽
U+9AFE,shāo;shǎo;shào,髾
U+9AFF,suō,髿
U+9B00,tì,鬀
U+9B01,lì,鬁
U+9B02,bìn,鬂
U+9B03,zōng,鬃
U+9B04,dí;tì,鬄
U+9B05,péng,鬅
U+9B06,sōng;sòng;sóng,鬆
U+9B07,zhēng,鬇
U+9B08,quán,鬈
U+9B09,zōng,鬉
U+9B0A,shùn,鬊
U+9B0B,jiǎn,鬋
U+9B0C,tuǒ;chuí;duǒ,鬌
U+9B0D,hú,鬍
U+9B0E,là,鬎
U+9B0F,jiū,鬏
U+9B10,qí,鬐
U+9B11,lián,鬑
U+9B12,zhěn,鬒
U+9B13,bìn,鬓
U+9B14,péng,鬔
U+9B15,mà,鬕
U+9B16,sān;sàn,鬖
U+9B17,mán,鬗
U+9B18,mán,鬘
U+9B19,sēng,鬙
U+9B1A,xū,鬚
U+9B1B,liè,鬛
U+9B1C,qiān,鬜
U+9B1D,qiān,鬝
U+9B1E,náng;nàng,鬞
U+9B1F,huán,鬟
U+9B20,kuò;kuài,鬠
U+9B21,níng,鬡
U+9B22,bìn,鬢
U+9B23,liè,鬣
U+9B24,ráng;níng,鬤
U+9B25,dòu,鬥
U+9B26,dòu,鬦
U+9B27,nào,鬧
U+9B28,hòng;xiàng,鬨
U+9B29,xì;hè,鬩
U+9B2A,dòu,鬪
U+9B2B,hǎn,鬫
U+9B2C,dòu,鬬
U+9B2D,dòu,鬭
U+9B2E,jiū,鬮
U+9B2F,chàng,鬯
U+9B30,yù,鬰
U+9B31,yù,鬱
U+9B32,gé;lì;è,鬲
U+9B33,yàn,鬳
U+9B34,fǔ;lì,鬴
U+9B35,qín;xín,鬵
U+9B36,guī,鬶
U+9B37,zōng;zěng,鬷
U+9B38,liù,鬸
U+9B39,guī;xié,鬹
U+9B3A,shāng,鬺
U+9B3B,yù;zhōu;jū,鬻
U+9B3C,guǐ,鬼
U+9B3D,mèi,鬽
U+9B3E,jì;qí,鬾
U+9B3F,qí,鬿
U+9B40,gà,魀
U+9B41,kuí;kuǐ;kuài,魁
U+9B42,hún,魂
U+9B43,bá,魃
U+9B44,pò;bó;tuò,魄
U+9B45,mèi,魅
U+9B46,xū,魆
U+9B47,yǎn,魇
U+9B48,xiāo,魈
U+9B49,liǎng,魉
U+9B4A,yù,魊
U+9B4B,tuí;chuí,魋
U+9B4C,qī,魌
U+9B4D,wǎng,魍
U+9B4E,liǎng,魎
U+9B4F,wèi;wéi;wēi,魏
U+9B50,gān,魐
U+9B51,chī,魑
U+9B52,piāo,魒
U+9B53,bì,魓
U+9B54,mó,魔
U+9B55,jǐ,魕
U+9B56,xū,魖
U+9B57,chǒu;chóu,魗
U+9B58,yǎn,魘
U+9B59,zhān,魙
U+9B5A,yú,魚
U+9B5B,dāo,魛
U+9B5C,rén,魜
U+9B5D,jié;jì,魝
U+9B5E,bā,魞
U+9B5F,hóng;gōng,魟
U+9B60,tuō,魠
U+9B61,diào;dí,魡
U+9B62,jǐ,魢
U+9B63,xù;yú,魣
U+9B64,é;huà,魤
U+9B65,è;qiè;jì,魥
U+9B66,shā;suō,魦
U+9B67,háng,魧
U+9B68,tún,魨
U+9B69,mò,魩
U+9B6A,jiè,魪
U+9B6B,shěn,魫
U+9B6C,bǎn,魬
U+9B6D,yuán;wǎn,魭
U+9B6E,pí;bǐ,魮
U+9B6F,lǔ;lǚ,魯
U+9B70,wén,魰
U+9B71,hú;hù,魱
U+9B72,lú,魲
U+9B73,zā;shī,魳
U+9B74,fáng,魴
U+9B75,fén;fèn,魵
U+9B76,nà,魶
U+9B77,yóu,魷
U+9B78,piàn,魸
U+9B79,mó,魹
U+9B7A,hé;gě,魺
U+9B7B,xiá;xiā,魻
U+9B7C,qū;xié,魼
U+9B7D,hán;hān,魽
U+9B7E,pī;pí,魾
U+9B7F,líng;lín,魿
U+9B80,tuó,鮀
U+9B81,bō;bà,鮁
U+9B82,qiú,鮂
U+9B83,píng,鮃
U+9B84,fú,鮄
U+9B85,bì,鮅
U+9B86,cǐ;jì,鮆
U+9B87,wèi,鮇
U+9B88,jū;qú;gǒu,鮈
U+9B89,diāo,鮉
U+9B8A,bà;bó,鮊
U+9B8B,yóu;chóu,鮋
U+9B8C,gǔn,鮌
U+9B8D,pī;pí;jù,鮍
U+9B8E,nián,鮎
U+9B8F,xīng;zhēng,鮏
U+9B90,tái,鮐
U+9B91,bào;bāo;pāo,鮑
U+9B92,fù,鮒
U+9B93,zhǎ;zhà,鮓
U+9B94,jù,鮔
U+9B95,gū,鮕
U+9B96,shí,鮖
U+9B97,dōng,鮗
U+9B98,dai,鮘
U+9B99,tà,鮙
U+9B9A,jié;qià,鮚
U+9B9B,shū,鮛
U+9B9C,hòu,鮜
U+9B9D,xiǎng;zhèn,鮝
U+9B9E,ér,鮞
U+9B9F,àn;ān,鮟
U+9BA0,wéi,鮠
U+9BA1,zhào,鮡
U+9BA2,zhū,鮢
U+9BA3,yìn,鮣
U+9BA4,liè,鮤
U+9BA5,luò;gé,鮥
U+9BA6,tóng,鮦
U+9BA7,tǐ;yí,鮧
U+9BA8,yì;qí,鮨
U+9BA9,bìng;bì,鮩
U+9BAA,wěi,鮪
U+9BAB,jiāo,鮫
U+9BAC,kū;kù,鮬
U+9BAD,guī;xié;huà;wā;kuí,鮭
U+9BAE,xiān;xiǎn;xiàn,鮮
U+9BAF,gé,鮯
U+9BB0,huí,鮰
U+9BB1,lǎo,鮱
U+9BB2,fú,鮲
U+9BB3,kào,鮳
U+9BB4,xiū,鮴
U+9BB5,duó,鮵
U+9BB6,jūn,鮶
U+9BB7,tí,鮷
U+9BB8,miǎn,鮸
U+9BB9,shāo,鮹
U+9BBA,zhǎ,鮺
U+9BBB,suō,鮻
U+9BBC,qīn,鮼
U+9BBD,yú,鮽
U+9BBE,něi,鮾
U+9BBF,zhé,鮿
U+9BC0,gǔn,鯀
U+9BC1,gěng,鯁
U+9BC2,sū,鯂
U+9BC3,wú,鯃
U+9BC4,qiú,鯄
U+9BC5,shān;shěn,鯅
U+9BC6,pū;bū,鯆
U+9BC7,huàn,鯇
U+9BC8,tiáo;yóu;chóu,鯈
U+9BC9,lǐ,鯉
U+9BCA,shā,鯊
U+9BCB,shā,鯋
U+9BCC,kào,鯌
U+9BCD,méng,鯍
U+9BCE,chéng,鯎
U+9BCF,lí,鯏
U+9BD0,zǒu,鯐
U+9BD1,xī,鯑
U+9BD2,yǒng,鯒
U+9BD3,shēn,鯓
U+9BD4,zī,鯔
U+9BD5,qí,鯕
U+9BD6,zhēng;qīng,鯖
U+9BD7,xiǎng,鯗
U+9BD8,něi,鯘
U+9BD9,chún,鯙
U+9BDA,jì,鯚
U+9BDB,diāo,鯛
U+9BDC,qiè,鯜
U+9BDD,gù,鯝
U+9BDE,zhǒu,鯞
U+9BDF,dōng,鯟
U+9BE0,lái,鯠
U+9BE1,fèi;fēi,鯡
U+9BE2,ní,鯢
U+9BE3,yì,鯣
U+9BE4,kūn,鯤
U+9BE5,lù,鯥
U+9BE6,jiù;ǎi,鯦
U+9BE7,chāng,鯧
U+9BE8,jīng;qíng,鯨
U+9BE9,lún,鯩
U+9BEA,líng,鯪
U+9BEB,zōu,鯫
U+9BEC,lí,鯬
U+9BED,měng,鯭
U+9BEE,zōng,鯮
U+9BEF,zhì,鯯
U+9BF0,nián,鯰
U+9BF1,hǔ,鯱
U+9BF2,yú,鯲
U+9BF3,dǐ,鯳
U+9BF4,shī,鯴
U+9BF5,shēn,鯵
U+9BF6,huàn,鯶
U+9BF7,tí,鯷
U+9BF8,hóu,鯸
U+9BF9,xīng,鯹
U+9BFA,zhū,鯺
U+9BFB,là,鯻
U+9BFC,zōng,鯼
U+9BFD,zéi;jì,鯽
U+9BFE,biān,鯾
U+9BFF,biān,鯿
U+9C00,huàn,鰀
U+9C01,quán,鰁
U+9C02,zéi;zé,鰂
U+9C03,wēi,鰃
U+9C04,wēi,鰄
U+9C05,yú,鰅
U+9C06,chūn,鰆
U+9C07,róu,鰇
U+9C08,dié;qiè;zhá,鰈
U+9C09,huáng,鰉
U+9C0A,liàn,鰊
U+9C0B,yǎn,鰋
U+9C0C,qiū,鰌
U+9C0D,qiū,鰍
U+9C0E,jiǎn,鰎
U+9C0F,bī,鰏
U+9C10,è,鰐
U+9C11,yáng,鰑
U+9C12,fù,鰒
U+9C13,sāi;xí,鰓
U+9C14,gǎn;jiān;xián,鰔
U+9C15,xiā,鰕
U+9C16,tuǒ;wěi,鰖
U+9C17,hú,鰗
U+9C18,shì,鰘
U+9C19,ruò,鰙
U+9C1A,xuān,鰚
U+9C1B,wēn,鰛
U+9C1C,qiàn;jiān,鰜
U+9C1D,hào,鰝
U+9C1E,wū,鰞
U+9C1F,fáng;páng,鰟
U+9C20,sāo,鰠
U+9C21,liú,鰡
U+9C22,mǎ,鰢
U+9C23,shí,鰣
U+9C24,shī,鰤
U+9C25,guān;guàn;kūn;gǔn,鰥
U+9C26,zī,鰦
U+9C27,téng,鰧
U+9C28,tǎ;dié,鰨
U+9C29,yáo,鰩
U+9C2A,é;gé,鰪
U+9C2B,yóng,鰫
U+9C2C,qián,鰬
U+9C2D,qí,鰭
U+9C2E,wēn,鰮
U+9C2F,ruò,鰯
U+9C30,shén,鰰
U+9C31,lián,鰱
U+9C32,áo,鰲
U+9C33,lè,鰳
U+9C34,huī,鰴
U+9C35,mǐn,鰵
U+9C36,jì,鰶
U+9C37,tiáo,鰷
U+9C38,qū,鰸
U+9C39,jiān,鰹
U+9C3A,shēn;sāo;cān,鰺
U+9C3B,mán,鰻
U+9C3C,xí,鰼
U+9C3D,qiú,鰽
U+9C3E,biào,鰾
U+9C3F,jì,鰿
U+9C40,jì,鱀
U+9C41,zhú,鱁
U+9C42,jiāng,鱂
U+9C43,xiū;qiū,鱃
U+9C44,zhuān;tuán;liàn,鱄
U+9C45,yōng;yóng,鱅
U+9C46,zhāng,鱆
U+9C47,kāng,鱇
U+9C48,xuě,鱈
U+9C49,biē,鱉
U+9C4A,yù,鱊
U+9C4B,qū,鱋
U+9C4C,xiàng,鱌
U+9C4D,bō,鱍
U+9C4E,jiǎo,鱎
U+9C4F,xún,鱏
U+9C50,sù,鱐
U+9C51,huáng,鱑
U+9C52,zūn;zùn,鱒
U+9C53,shàn;tuó,鱓
U+9C54,shàn,鱔
U+9C55,fān,鱕
U+9C56,guì;jué,鱖
U+9C57,lín,鱗
U+9C58,xún,鱘
U+9C59,miáo,鱙
U+9C5A,xǐ;xī,鱚
U+9C5B,zēng,鱛
U+9C5C,xiāng,鱜
U+9C5D,fèn,鱝
U+9C5E,guān,鱞
U+9C5F,hòu,鱟
U+9C60,kuài,鱠
U+9C61,zéi,鱡
U+9C62,sāo,鱢
U+9C63,zhān;shàn,鱣
U+9C64,gǎn,鱤
U+9C65,guì,鱥
U+9C66,yìng;shéng;měng,鱦
U+9C67,lǐ,鱧
U+9C68,cháng,鱨
U+9C69,léi,鱩
U+9C6A,shǔ,鱪
U+9C6B,ài,鱫
U+9C6C,rú,鱬
U+9C6D,jì,鱭
U+9C6E,xù;yú,鱮
U+9C6F,hù,鱯
U+9C70,shǔ,鱰
U+9C71,lì,鱱
U+9C72,liè;là,鱲
U+9C73,lì;lù;luò,鱳
U+9C74,miè,鱴
U+9C75,zhēn,鱵
U+9C76,xiǎng,鱶
U+9C77,è,鱷
U+9C78,lú,鱸
U+9C79,guàn,鱹
U+9C7A,lí;lǐ,鱺
U+9C7B,xiān;xiǎn,鱻
U+9C7C,yú,鱼
U+9C7D,dāo,鱽
U+9C7E,jǐ,鱾
U+9C7F,yóu,鱿
U+9C80,tún,鲀
U+9C81,lǔ,鲁
U+9C82,fáng,鲂
U+9C83,bā,鲃
U+9C84,hé,鲄
U+9C85,bà;bō,鲅
U+9C86,píng,鲆
U+9C87,nián,鲇
U+9C88,lú,鲈
U+9C89,yóu,鲉
U+9C8A,zhǎ,鲊
U+9C8B,fù,鲋
U+9C8C,bà;bó,鲌
U+9C8D,bào,鲍
U+9C8E,hòu,鲎
U+9C8F,pí,鲏
U+9C90,tái,鲐
U+9C91,guī;xié,鲑
U+9C92,jié,鲒
U+9C93,kào,鲓
U+9C94,wěi,鲔
U+9C95,ér,鲕
U+9C96,tóng,鲖
U+9C97,zéi,鲗
U+9C98,hòu,鲘
U+9C99,kuài,鲙
U+9C9A,jì,鲚
U+9C9B,jiāo,鲛
U+9C9C,xiān;xiǎn,鲜
U+9C9D,zhǎ,鲝
U+9C9E,xiǎng,鲞
U+9C9F,xún,鲟
U+9CA0,gěng,鲠
U+9CA1,lí,鲡
U+9CA2,lián,鲢
U+9CA3,jiān,鲣
U+9CA4,lǐ,鲤
U+9CA5,shí,鲥
U+9CA6,tiáo,鲦
U+9CA7,gǔn,鲧
U+9CA8,shā,鲨
U+9CA9,huàn,鲩
U+9CAA,jūn,鲪
U+9CAB,jì,鲫
U+9CAC,yǒng,鲬
U+9CAD,qīng;zhēng,鲭
U+9CAE,líng,鲮
U+9CAF,qí,鲯
U+9CB0,zōu,鲰
U+9CB1,fēi,鲱
U+9CB2,kūn,鲲
U+9CB3,chāng,鲳
U+9CB4,gù,鲴
U+9CB5,ní,鲵
U+9CB6,nián,鲶
U+9CB7,diāo,鲷
U+9CB8,jīng,鲸
U+9CB9,shēn,鲹
U+9CBA,shī,鲺
U+9CBB,zī,鲻
U+9CBC,fèn,鲼
U+9CBD,dié,鲽
U+9CBE,bī,鲾
U+9CBF,cháng,鲿
U+9CC0,tí,鳀
U+9CC1,wēn,鳁
U+9CC2,wēi,鳂
U+9CC3,sāi,鳃
U+9CC4,è,鳄
U+9CC5,qiū,鳅
U+9CC6,fù,鳆
U+9CC7,huáng,鳇
U+9CC8,quán,鳈
U+9CC9,jiāng,鳉
U+9CCA,biān,鳊
U+9CCB,sāo,鳋
U+9CCC,áo,鳌
U+9CCD,qí,鳍
U+9CCE,tǎ,鳎
U+9CCF,guān,鳏
U+9CD0,yáo,鳐
U+9CD1,páng,鳑
U+9CD2,jiān,鳒
U+9CD3,lè,鳓
U+9CD4,biào,鳔
U+9CD5,xuě,鳕
U+9CD6,biē,鳖
U+9CD7,mán,鳗
U+9CD8,mǐn,鳘
U+9CD9,yōng,鳙
U+9CDA,wèi,鳚
U+9CDB,xí,鳛
U+9CDC,guì,鳜
U+9CDD,shàn,鳝
U+9CDE,lín,鳞
U+9CDF,zūn,鳟
U+9CE0,hù,鳠
U+9CE1,gǎn,鳡
U+9CE2,lǐ,鳢
U+9CE3,zhān,鳣
U+9CE4,guǎn,鳤
U+9CE5,niǎo;diǎo;dǎo;què,鳥
U+9CE6,yǐ,鳦
U+9CE7,fú,鳧
U+9CE8,lì,鳨
U+9CE9,jiū;qiú;zhì,鳩
U+9CEA,bú,鳪
U+9CEB,yàn,鳫
U+9CEC,fǔ,鳬
U+9CED,diāo;zhāo,鳭
U+9CEE,jī,鳮
U+9CEF,fèng,鳯
U+9CF0,rù,鳰
U+9CF1,gān;hàn;yàn,鳱
U+9CF2,shī,鳲
U+9CF3,fèng,鳳
U+9CF4,míng,鳴
U+9CF5,bǎo,鳵
U+9CF6,yuān,鳶
U+9CF7,zhī;chì,鳷
U+9CF8,hù,鳸
U+9CF9,qín,鳹
U+9CFA,fū;guī,鳺
U+9CFB,bān;fén,鳻
U+9CFC,wén,鳼
U+9CFD,jiān;qiān;zhān,鳽
U+9CFE,shī,鳾
U+9CFF,yù,鳿
U+9D00,fǒu,鴀
U+9D01,yāo;ǎo,鴁
U+9D02,jué;guī,鴂
U+9D03,jué,鴃
U+9D04,pǐ,鴄
U+9D05,huān,鴅
U+9D06,zhèn,鴆
U+9D07,bǎo,鴇
U+9D08,yàn,鴈
U+9D09,yā;yǎ,鴉
U+9D0A,zhèng,鴊
U+9D0B,fāng;fǎng,鴋
U+9D0C,fèng,鴌
U+9D0D,wén,鴍
U+9D0E,ōu,鴎
U+9D0F,dài,鴏
U+9D10,gē,鴐
U+9D11,rú,鴑
U+9D12,líng,鴒
U+9D13,miè;bì,鴓
U+9D14,fú,鴔
U+9D15,tuó,鴕
U+9D16,mín;wén,鴖
U+9D17,lì,鴗
U+9D18,biǎn,鴘
U+9D19,zhì,鴙
U+9D1A,gē,鴚
U+9D1B,yuān,鴛
U+9D1C,cí,鴜
U+9D1D,qú;gōu;gòu,鴝
U+9D1E,xiāo,鴞
U+9D1F,chī,鴟
U+9D20,dàn,鴠
U+9D21,jū,鴡
U+9D22,yǎo;āo,鴢
U+9D23,gū,鴣
U+9D24,zhōng,鴤
U+9D25,yù,鴥
U+9D26,yāng,鴦
U+9D27,yù,鴧
U+9D28,yā,鴨
U+9D29,tiě;hú,鴩
U+9D2A,yù,鴪
U+9D2B,tián,鴫
U+9D2C,yīng,鴬
U+9D2D,duī,鴭
U+9D2E,wū,鴮
U+9D2F,ér,鴯
U+9D30,guā,鴰
U+9D31,ài,鴱
U+9D32,zhī,鴲
U+9D33,yàn;ān;è,鴳
U+9D34,héng,鴴
U+9D35,xiāo,鴵
U+9D36,jiá,鴶
U+9D37,liè,鴷
U+9D38,zhū,鴸
U+9D39,yáng;xiáng,鴹
U+9D3A,tí;yí,鴺
U+9D3B,hóng;hòng,鴻
U+9D3C,luò,鴼
U+9D3D,rú,鴽
U+9D3E,móu,鴾
U+9D3F,gē,鴿
U+9D40,rén,鵀
U+9D41,jiāo;xiāo,鵁
U+9D42,xiū,鵂
U+9D43,zhōu;diǎo,鵃
U+9D44,chī,鵄
U+9D45,luò;gé,鵅
U+9D46,héng,鵆
U+9D47,nián,鵇
U+9D48,ě,鵈
U+9D49,luán,鵉
U+9D4A,jiá,鵊
U+9D4B,jì,鵋
U+9D4C,tú,鵌
U+9D4D,huān;juān;guàn,鵍
U+9D4E,tuǒ,鵎
U+9D4F,bǔ;bū;pū;pú,鵏
U+9D50,wú,鵐
U+9D51,juān,鵑
U+9D52,yù,鵒
U+9D53,bó,鵓
U+9D54,jùn,鵔
U+9D55,jùn,鵕
U+9D56,bī,鵖
U+9D57,xī,鵗
U+9D58,jùn,鵘
U+9D59,jú,鵙
U+9D5A,tū,鵚
U+9D5B,jīng,鵛
U+9D5C,tí;tī,鵜
U+9D5D,é,鵝
U+9D5E,é,鵞
U+9D5F,kuáng,鵟
U+9D60,hú;gǔ;hè,鵠
U+9D61,wǔ,鵡
U+9D62,shēn,鵢
U+9D63,lài;chì,鵣
U+9D64,jiao,鵤
U+9D65,pàn,鵥
U+9D66,lù,鵦
U+9D67,pí,鵧
U+9D68,shū,鵨
U+9D69,fú,鵩
U+9D6A,ān;yā,鵪
U+9D6B,zhuó,鵫
U+9D6C,péng;fèng,鵬
U+9D6D,qín,鵭
U+9D6E,qiān,鵮
U+9D6F,bēi,鵯
U+9D70,diāo,鵰
U+9D71,lù,鵱
U+9D72,què,鵲
U+9D73,jiān,鵳
U+9D74,jú,鵴
U+9D75,tù,鵵
U+9D76,yā,鵶
U+9D77,yuān,鵷
U+9D78,qí,鵸
U+9D79,lí,鵹
U+9D7A,yè,鵺
U+9D7B,zhuī,鵻
U+9D7C,kōng,鵼
U+9D7D,duò,鵽
U+9D7E,kūn,鵾
U+9D7F,shēng,鵿
U+9D80,qí,鶀
U+9D81,jīng,鶁
U+9D82,yì,鶂
U+9D83,yì,鶃
U+9D84,jīng;qīng,鶄
U+9D85,zī,鶅
U+9D86,lái,鶆
U+9D87,dōng,鶇
U+9D88,qī,鶈
U+9D89,chún;tuán,鶉
U+9D8A,gēng,鶊
U+9D8B,jū,鶋
U+9D8C,jué;qū,鶌
U+9D8D,yì,鶍
U+9D8E,zūn,鶎
U+9D8F,jī,鶏
U+9D90,shù,鶐
U+9D91,yīng,鶑
U+9D92,chì,鶒
U+9D93,miáo,鶓
U+9D94,róu,鶔
U+9D95,ān,鶕
U+9D96,qiū,鶖
U+9D97,tí;chí,鶗
U+9D98,hú,鶘
U+9D99,tí,鶙
U+9D9A,è,鶚
U+9D9B,jiē;jiè,鶛
U+9D9C,máo,鶜
U+9D9D,fú;bì,鶝
U+9D9E,chūn,鶞
U+9D9F,tú,鶟
U+9DA0,yǎn,鶠
U+9DA1,hé;hè,鶡
U+9DA2,yuán,鶢
U+9DA3,piān;biǎn,鶣
U+9DA4,kūn,鶤
U+9DA5,méi,鶥
U+9DA6,hú,鶦
U+9DA7,yīng,鶧
U+9DA8,chuàn;zhì,鶨
U+9DA9,wù;mù,鶩
U+9DAA,jú,鶪
U+9DAB,dōng,鶫
U+9DAC,cāng;qiāng,鶬
U+9DAD,fǎng,鶭
U+9DAE,hè;hú,鶮
U+9DAF,yīng,鶯
U+9DB0,yuán,鶰
U+9DB1,xiān,鶱
U+9DB2,wēng,鶲
U+9DB3,shī,鶳
U+9DB4,hè,鶴
U+9DB5,chú,鶵
U+9DB6,táng,鶶
U+9DB7,xiá,鶷
U+9DB8,ruò,鶸
U+9DB9,liú,鶹
U+9DBA,jí,鶺
U+9DBB,gú;hú,鶻
U+9DBC,jiān;qiān,鶼
U+9DBD,sǔn;xùn,鶽
U+9DBE,hàn,鶾
U+9DBF,cí,鶿
U+9DC0,cí,鷀
U+9DC1,yì,鷁
U+9DC2,yào;yáo,鷂
U+9DC3,yàn,鷃
U+9DC4,jī,鷄
U+9DC5,lì,鷅
U+9DC6,tián,鷆
U+9DC7,kòu,鷇
U+9DC8,tī,鷈
U+9DC9,tī;sī,鷉
U+9DCA,yì,鷊
U+9DCB,tú,鷋
U+9DCC,mǎ,鷌
U+9DCD,xiāo,鷍
U+9DCE,gāo,鷎
U+9DCF,tián,鷏
U+9DD0,chén,鷐
U+9DD1,jí,鷑
U+9DD2,tuán,鷒
U+9DD3,zhè,鷓
U+9DD4,áo;ào,鷔
U+9DD5,yǎo;xiào,鷕
U+9DD6,yī;yì,鷖
U+9DD7,ōu,鷗
U+9DD8,chì,鷘
U+9DD9,zhì;zhé,鷙
U+9DDA,liù,鷚
U+9DDB,yōng,鷛
U+9DDC,lǘ;lǚ,鷜
U+9DDD,bì,鷝
U+9DDE,shuāng;shuǎng,鷞
U+9DDF,zhuó,鷟
U+9DE0,yú,鷠
U+9DE1,wú,鷡
U+9DE2,jué,鷢
U+9DE3,yín,鷣
U+9DE4,tí;tán,鷤
U+9DE5,sī,鷥
U+9DE6,jiāo,鷦
U+9DE7,yì,鷧
U+9DE8,huá,鷨
U+9DE9,bì,鷩
U+9DEA,yīng,鷪
U+9DEB,sù,鷫
U+9DEC,huáng,鷬
U+9DED,fán,鷭
U+9DEE,jiāo,鷮
U+9DEF,liáo,鷯
U+9DF0,yàn,鷰
U+9DF1,gāo,鷱
U+9DF2,jiù,鷲
U+9DF3,xián,鷳
U+9DF4,xián,鷴
U+9DF5,tú,鷵
U+9DF6,mǎi,鷶
U+9DF7,zūn,鷷
U+9DF8,yù;shù,鷸
U+9DF9,yīng,鷹
U+9DFA,lù,鷺
U+9DFB,tuán,鷻
U+9DFC,xián,鷼
U+9DFD,xué,鷽
U+9DFE,yì,鷾
U+9DFF,pì,鷿
U+9E00,chǔ;zhú;chù,鸀
U+9E01,luó,鸁
U+9E02,xī;qī,鸂
U+9E03,yí,鸃
U+9E04,jī,鸄
U+9E05,zé,鸅
U+9E06,yú,鸆
U+9E07,zhān,鸇
U+9E08,yè,鸈
U+9E09,yáng,鸉
U+9E0A,pì;bì,鸊
U+9E0B,níng,鸋
U+9E0C,hù,鸌
U+9E0D,mí,鸍
U+9E0E,yīng,鸎
U+9E0F,méng;máng,鸏
U+9E10,dí,鸐
U+9E11,yuè,鸑
U+9E12,yù,鸒
U+9E13,lěi,鸓
U+9E14,bǔ,鸔
U+9E15,lú,鸕
U+9E16,hè,鸖
U+9E17,lóng,鸗
U+9E18,shuāng,鸘
U+9E19,yuè,鸙
U+9E1A,yīng,鸚
U+9E1B,guàn;huān;quán,鸛
U+9E1C,qú,鸜
U+9E1D,lí,鸝
U+9E1E,luán,鸞
U+9E1F,niǎo;diǎo,鸟
U+9E20,jiū,鸠
U+9E21,jī,鸡
U+9E22,yuān,鸢
U+9E23,míng,鸣
U+9E24,shī,鸤
U+9E25,ōu,鸥
U+9E26,yā,鸦
U+9E27,cāng,鸧
U+9E28,bǎo,鸨
U+9E29,zhèn,鸩
U+9E2A,gū,鸪
U+9E2B,dōng,鸫
U+9E2C,lú,鸬
U+9E2D,yā,鸭
U+9E2E,xiāo,鸮
U+9E2F,yāng,鸯
U+9E30,líng,鸰
U+9E31,chī,鸱
U+9E32,qú,鸲
U+9E33,yuān,鸳
U+9E34,xué,鸴
U+9E35,tuó,鸵
U+9E36,sī,鸶
U+9E37,zhì,鸷
U+9E38,ér,鸸
U+9E39,guā,鸹
U+9E3A,xiū,鸺
U+9E3B,héng,鸻
U+9E3C,zhōu,鸼
U+9E3D,gē,鸽
U+9E3E,luán,鸾
U+9E3F,hóng,鸿
U+9E40,wú,鹀
U+9E41,bó,鹁
U+9E42,lí,鹂
U+9E43,juān,鹃
U+9E44,gǔ;hú,鹄
U+9E45,é,鹅
U+9E46,yù,鹆
U+9E47,xián,鹇
U+9E48,tí,鹈
U+9E49,wǔ,鹉
U+9E4A,què,鹊
U+9E4B,miáo,鹋
U+9E4C,ān,鹌
U+9E4D,kūn,鹍
U+9E4E,bēi,鹎
U+9E4F,péng,鹏
U+9E50,qiān,鹐
U+9E51,chún,鹑
U+9E52,gēng,鹒
U+9E53,yuān,鹓
U+9E54,sù,鹔
U+9E55,hú,鹕
U+9E56,hé,鹖
U+9E57,è,鹗
U+9E58,gǔ;hú,鹘
U+9E59,qiū,鹙
U+9E5A,cí,鹚
U+9E5B,méi,鹛
U+9E5C,wù,鹜
U+9E5D,yì,鹝
U+9E5E,yào,鹞
U+9E5F,wēng,鹟
U+9E60,liú,鹠
U+9E61,jí,鹡
U+9E62,yì,鹢
U+9E63,jiān,鹣
U+9E64,hè,鹤
U+9E65,yī,鹥
U+9E66,yīng,鹦
U+9E67,zhè,鹧
U+9E68,liù,鹨
U+9E69,liáo,鹩
U+9E6A,jiāo,鹪
U+9E6B,jiù,鹫
U+9E6C,yù,鹬
U+9E6D,lù,鹭
U+9E6E,huán,鹮
U+9E6F,zhān,鹯
U+9E70,yīng,鹰
U+9E71,hù,鹱
U+9E72,méng,鹲
U+9E73,guàn,鹳
U+9E74,shuāng,鹴
U+9E75,lǔ;lú,鹵
U+9E76,jīn,鹶
U+9E77,líng,鹷
U+9E78,jiǎn,鹸
U+9E79,xián;jiǎn,鹹
U+9E7A,cuó,鹺
U+9E7B,jiǎn,鹻
U+9E7C,jiǎn,鹼
U+9E7D,yán;yàn,鹽
U+9E7E,cuó,鹾
U+9E7F,lù;lǘ,鹿
U+9E80,yōu,麀
U+9E81,cū,麁
U+9E82,jǐ,麂
U+9E83,páo;biāo;piǎo,麃
U+9E84,cū,麄
U+9E85,páo,麅
U+9E86,zhù;cū,麆
U+9E87,jūn;qún,麇
U+9E88,zhǔ,麈
U+9E89,jiān,麉
U+9E8A,mí,麊
U+9E8B,mí,麋
U+9E8C,yǔ,麌
U+9E8D,liú,麍
U+9E8E,chén,麎
U+9E8F,jūn,麏
U+9E90,lín,麐
U+9E91,ní,麑
U+9E92,qí,麒
U+9E93,lù,麓
U+9E94,jiù,麔
U+9E95,jūn;qún,麕
U+9E96,jīng,麖
U+9E97,lì;lí;lǐ;sī,麗
U+9E98,xiāng,麘
U+9E99,xián;yán,麙
U+9E9A,jiā,麚
U+9E9B,mí,麛
U+9E9C,lì,麜
U+9E9D,shè,麝
U+9E9E,zhāng,麞
U+9E9F,lín,麟
U+9EA0,jīng,麠
U+9EA1,qí,麡
U+9EA2,líng,麢
U+9EA3,yán,麣
U+9EA4,cū,麤
U+9EA5,mài,麥
U+9EA6,mài,麦
U+9EA7,hé,麧
U+9EA8,chǎo,麨
U+9EA9,fū,麩
U+9EAA,miàn,麪
U+9EAB,miàn,麫
U+9EAC,fū,麬
U+9EAD,pào,麭
U+9EAE,qù,麮
U+9EAF,qū,麯
U+9EB0,móu,麰
U+9EB1,fū,麱
U+9EB2,xiàn;yàn,麲
U+9EB3,lái,麳
U+9EB4,qū,麴
U+9EB5,miàn,麵
U+9EB6,chi,麶
U+9EB7,fēng,麷
U+9EB8,fū,麸
U+9EB9,qū,麹
U+9EBA,miàn,麺
U+9EBB,má;mā,麻
U+9EBC,me,麼
U+9EBD,mó;má;ma;me,麽
U+9EBE,huī,麾
U+9EBF,mí,麿
U+9EC0,zōu,黀
U+9EC1,nún,黁
U+9EC2,fén,黂
U+9EC3,huáng,黃
U+9EC4,huáng,黄
U+9EC5,jīn,黅
U+9EC6,guāng,黆
U+9EC7,tiān,黇
U+9EC8,tǒu,黈
U+9EC9,hóng,黉
U+9ECA,huà,黊
U+9ECB,kuàng,黋
U+9ECC,hóng,黌
U+9ECD,shǔ,黍
U+9ECE,lí,黎
U+9ECF,nián,黏
U+9ED0,chī;lí,黐
U+9ED1,hēi,黑
U+9ED2,hēi,黒
U+9ED3,yì,黓
U+9ED4,qián,黔
U+9ED5,dǎn,黕
U+9ED6,xì,黖
U+9ED7,tūn,黗
U+9ED8,mò,默
U+9ED9,mò,黙
U+9EDA,qián;jiān,黚
U+9EDB,dài,黛
U+9EDC,chù,黜
U+9EDD,yǒu;yī,黝
U+9EDE,diǎn;zhān;duò,點
U+9EDF,yī,黟
U+9EE0,xiá,黠
U+9EE1,yǎn,黡
U+9EE2,qū,黢
U+9EE3,měi,黣
U+9EE4,yǎn,黤
U+9EE5,qíng,黥
U+9EE6,yuè;yè,黦
U+9EE7,lí;lái,黧
U+9EE8,dǎng;tǎng;chèng,黨
U+9EE9,dú,黩
U+9EEA,cǎn,黪
U+9EEB,yān,黫
U+9EEC,yán;yǎn;jiān,黬
U+9EED,yǎn,黭
U+9EEE,dǎn;tàn;zhèn;shèn,黮
U+9EEF,àn;ān,黯
U+9EF0,zhěn;yān,黰
U+9EF1,dài;zhèn,黱
U+9EF2,cǎn,黲
U+9EF3,yī;wā,黳
U+9EF4,méi;mèi,黴
U+9EF5,zhǎn;dǎn,黵
U+9EF6,yǎn,黶
U+9EF7,dú,黷
U+9EF8,lú,黸
U+9EF9,zhǐ;xiàn,黹
U+9EFA,fěn,黺
U+9EFB,fú,黻
U+9EFC,fǔ,黼
U+9EFD,miǎn;měng;mǐn;méng,黽
U+9EFE,mǐn;miǎn;měng,黾
U+9EFF,yuán,黿
U+9F00,cù,鼀
U+9F01,qù,鼁
U+9F02,cháo;zhāo,鼂
U+9F03,wā,鼃
U+9F04,zhū,鼄
U+9F05,zhī,鼅
U+9F06,méng;měng,鼆
U+9F07,áo,鼇
U+9F08,biē,鼈
U+9F09,tuó,鼉
U+9F0A,bì,鼊
U+9F0B,yuán,鼋
U+9F0C,cháo,鼌
U+9F0D,tuó,鼍
U+9F0E,dǐng;zhēn,鼎
U+9F0F,mì,鼏
U+9F10,nài,鼐
U+9F11,dǐng,鼑
U+9F12,zī,鼒
U+9F13,gǔ,鼓
U+9F14,gǔ,鼔
U+9F15,dōng;tóng,鼕
U+9F16,fén,鼖
U+9F17,táo,鼗
U+9F18,yuān,鼘
U+9F19,pí,鼙
U+9F1A,chāng,鼚
U+9F1B,gāo,鼛
U+9F1C,qì;cào,鼜
U+9F1D,yuān,鼝
U+9F1E,tāng,鼞
U+9F1F,tēng,鼟
U+9F20,shǔ,鼠
U+9F21,shǔ,鼡
U+9F22,fén,鼢
U+9F23,fèi,鼣
U+9F24,wén;wèn,鼤
U+9F25,bá;fèi,鼥
U+9F26,diāo,鼦
U+9F27,tuó,鼧
U+9F28,zhōng,鼨
U+9F29,qú,鼩
U+9F2A,shēng,鼪
U+9F2B,shí,鼫
U+9F2C,yòu,鼬
U+9F2D,shí,鼭
U+9F2E,tíng,鼮
U+9F2F,wú,鼯
U+9F30,jú,鼰
U+9F31,jīng,鼱
U+9F32,hún,鼲
U+9F33,jú;xí,鼳
U+9F34,yǎn,鼴
U+9F35,tū,鼵
U+9F36,sī,鼶
U+9F37,xī,鼷
U+9F38,xiàn,鼸
U+9F39,yǎn,鼹
U+9F3A,léi,鼺
U+9F3B,bí,鼻
U+9F3C,yào,鼼
U+9F3D,qiú,鼽
U+9F3E,hān,鼾
U+9F3F,wù;huī,鼿
U+9F40,wù,齀
U+9F41,hōu;kù,齁
U+9F42,xiè,齂
U+9F43,è;hè,齃
U+9F44,zhā,齄
U+9F45,xiù,齅
U+9F46,wèng,齆
U+9F47,zhā,齇
U+9F48,nòng,齈
U+9F49,nàng,齉
U+9F4A,qí;jī;jì;zī;zhāi;jiǎn,齊
U+9F4B,zhāi,齋
U+9F4C,jì,齌
U+9F4D,zī;jì,齍
U+9F4E,jī,齎
U+9F4F,jī,齏
U+9F50,qí;jì,齐
U+9F51,jī,齑
U+9F52,chǐ,齒
U+9F53,chèn,齓
U+9F54,chèn,齔
U+9F55,hé,齕
U+9F56,yá;yà,齖
U+9F57,yín;yǐn;yǎn,齗
U+9F58,xiè,齘
U+9F59,bāo,齙
U+9F5A,zé,齚
U+9F5B,xiè;shì,齛
U+9F5C,chái;zī,齜
U+9F5D,chī,齝
U+9F5E,yǎn,齞
U+9F5F,jǔ;zhā,齟
U+9F60,tiáo,齠
U+9F61,líng,齡
U+9F62,líng,齢
U+9F63,chū;chǐ,齣
U+9F64,quán,齤
U+9F65,xiè,齥
U+9F66,kěn;qiǎn;yín;kǔn,齦
U+9F67,niè,齧
U+9F68,jiù,齨
U+9F69,yǎo,齩
U+9F6A,chuò,齪
U+9F6B,yǔn,齫
U+9F6C,yǔ;wú,齬
U+9F6D,chǔ,齭
U+9F6E,yǐ;qǐ,齮
U+9F6F,ní,齯
U+9F70,zé;cè;zhà,齰
U+9F71,zōu;chuò,齱
U+9F72,qǔ,齲
U+9F73,yǔn,齳
U+9F74,yǎn,齴
U+9F75,óu;yú,齵
U+9F76,è,齶
U+9F77,wò,齷
U+9F78,yì,齸
U+9F79,cī;cuó,齹
U+9F7A,zōu,齺
U+9F7B,diān,齻
U+9F7C,chǔ,齼
U+9F7D,jìn,齽
U+9F7E,yà;è,齾
U+9F7F,chǐ,齿
U+9F80,chèn,龀
U+9F81,hé,龁
U+9F82,yín,龂
U+9F83,jǔ,龃
U+9F84,líng,龄
U+9F85,bāo,龅
U+9F86,tiáo,龆
U+9F87,zī,龇
U+9F88,kěn;yín,龈
U+9F89,yǔ,龉
U+9F8A,chuò,龊
U+9F8B,qǔ,龋
U+9F8C,wò,龌
U+9F8D,lóng;máng,龍
U+9F8E,páng,龎
U+9F8F,gōng;wò,龏
U+9F90,páng;lóng,龐
U+9F91,yǎn,龑
U+9F92,lóng,龒
U+9F93,lǒng;lóng,龓
U+9F94,gōng,龔
U+9F95,kān;kè,龕
U+9F96,dá,龖
U+9F97,líng,龗
U+9F98,dá,龘
U+9F99,lóng,龙
U+9F9A,gōng,龚
U+9F9B,kān,龛
U+9F9C,guī;qiū;jūn,龜
U+9F9D,qiū,龝
U+9F9E,biē,龞
U+9F9F,guī;jūn;qiū,龟
U+9FA0,yuè,龠
U+9FA1,chuī,龡
U+9FA2,hé,龢
U+9FA3,jué,龣
U+9FA4,xié,龤
U+9FA5,yù,龥
U+9FC3,shǎn,鿃
U+9FCD,gàng,鿍
U+9FCE,tǎ;dá,鿎
U+9FCF,mài,鿏
U+9FD4,gē,鿔
U+9FD5,dān,鿕
U+9FEB,ào,鿫
U+9FEC,tián,鿬
U+9FED,nǐ,鿭
U+E815,yè,
U+E816,zuǒ;yǒu,
U+E818,gǔn,
U+E81A,zhòu;zhū,
U+E81B,zhòu;zhū,
U+E81D,jié;jiē,
U+E81F,wāi,
U+E820,hǎn,
U+E821,hǎn,
U+E824,zhòu,
U+E825,zhòu,
U+E826,shǒu,
U+E827,gāng,
U+E828,kuǎi,
U+E829,sǒng,
U+E82A,sǒng,
U+E82B,fēng,
U+E82C,gòng,
U+E82D,gāng,
U+E82E,huì;kuì,
U+E82F,tà,
U+E830,jiān,
U+E831,ēn,
U+E832,xiǎo,
U+E834,lóu;lǘ,
U+E835,cǎn;shān;cēn,
U+E836,zhú,
U+E837,chōu;chóu,
U+E838,wǎng,
U+E83A,yáng;xiáng,
U+E83B,zāi,
U+E83C,bà;bēi,
U+E83D,bà;bēi,
U+E83F,zhuān;zhuán;chuǎn;chún,
U+E840,qióng,
U+E841,kuì;huì,
U+E842,kuì;huì,
U+E843,juǎn,
U+E844,xīn,
U+E845,yàn,
U+E846,qíng,
U+E847,qíng,
U+E849,shàn,
U+E84A,yé;yá,
U+E84B,pō,
U+E84C,shàn,
U+E84D,zhuō,
U+E84E,shàn,
U+E84F,jué,
U+E850,chuài,
U+E851,zhèng,
U+E852,chuài,
U+E853,zhèng,
U+E854,zhuó,
U+E855,yíng,
U+E856,yú,
U+E857,yìn,
U+E858,chūn,
U+E859,qiū,
U+E85A,yú,
U+E85B,téng,
U+E85C,shī,
U+E85D,jiāo,
U+E85E,liè,
U+E85F,jīng,
U+E860,jú,
U+E861,tī,
U+E862,pì,
U+E863,yǎn,
U+E864,luán,
U+FA18,lǐ,礼
U+20000,hē,�
U+20001,qī,�
U+20003,qiě;jī,�
U+20005,hài,�
U+20009,qiū,�
U+2000A,cāo,�
U+2000D,shì,�
U+20013,sī,�
U+20014,jué,�
U+2001B,yù,�
U+2001D,kōng,�
U+20022,zī,�
U+20026,xíng,�
U+20031,mǒu,�
U+20037,jī,�
U+20038,yè,�
U+20039,jūn,�
U+2003C,qián;xià,�
U+2003D,lù,�
U+20041,dòu,�
U+20049,chū,�
U+20057,shì;hè,�
U+20060,qiè,�
U+20065,gǎ,�
U+2006D,qí,�
U+20077,chǎn,�
U+20084,huān,�
U+20086,yì,�
U+20087,zuǒ,�
U+20088,jié;tiǎn,�
U+20091,zōu,�
U+20094,zǐ,�
U+2009D,zā,�
U+2009F,jīn,�
U+200A2,pài,�
U+200A4,duī,�
U+200A5,cóng,�
U+200A7,shèn,�
U+200B8,huáng,�
U+200CA,yǐn,�
U+200CC,gǔn,�
U+200D6,jiū,�
U+200EB,shēn,�
U+200FA,jiù,�
U+20105,yè,�
U+20109,dòng,�
U+2010C,jué;zhuì,�
U+2010D,jié,�
U+2010F,diǎo,�
U+20111,jué,�
U+20112,chuí;shā,�
U+20116,líng,�
U+2011A,tīng,�
U+20123,gèn,�
U+2012E,yà;mǒ,�
U+20131,yí,�
U+2013F,wéi,�
U+20142,jié,�
U+2014C,yí,�
U+20157,diè,�
U+2015A,qí,�
U+20164,xí,�
U+2016C,bāo,�
U+20171,xiè,�
U+20179,zhàng,�
U+2018C,yōng,�
U+20190,xù,�
U+20199,diè,�
U+2019B,dān,�
U+2019F,wěi,�
U+201A3,guǎ;zhuǎ,�
U+201A9,fàn,�
U+201AE,mò,�
U+201B1,xī,�
U+201B2,yǎn,�
U+201B5,ní,�
U+201B6,dàn,�
U+201CB,dǎn,�
U+201CF,tāo,�
U+201D2,gōng,�
U+201D7,kuā,�
U+201D8,chù,�
U+201EF,qù,�
U+201F1,mò,�
U+201F3,shī,�
U+201F5,gǎn,�
U+201F7,shēng,�
U+20201,tuō,�
U+20205,shōu,�
U+2020A,niě,�
U+20224,yùn,�
U+20225,guǎ,�
U+2022C,xiāo,�
U+2022D,láo,�
U+20230,dàn,�
U+20231,suō,�
U+20235,mǎng,�
U+20236,yí,�
U+20238,tè,�
U+2023A,bì,�
U+20242,tà,�
U+20257,luò,�
U+20262,xǐ,�
U+20263,hūn;hùn,�
U+20264,dá,�
U+20267,jù,�
U+20269,dú,�
U+2026C,ǎn;yǎn,�
U+20289,mèi,�
U+2028C,rán,�
U+2028E,ái,�
U+2028F,yù;xián,�
U+20292,jiàn,�
U+20294,qì,�
U+2029F,mǐn,�
U+202A3,zhòu,�
U+202A4,zhì,�
U+202A5,zhǒng,�
U+202A6,nǎo,�
U+202A7,bìng,�
U+202A9,zhuàn,�
U+202AA,shù,�
U+202AB,xùn;qióng,�
U+202AC,jué,�
U+202AD,qiǎn,�
U+202B0,guǎ,�
U+202B2,tū,�
U+202B6,yìng,�
U+202B7,zhì,�
U+202BE,kuí,�
U+202C6,chèn,�
U+202D6,liàn,�
U+202D7,yā,�
U+202DC,guò,�
U+202DD,miǎo,�
U+202DE,shé,�
U+202DF,yǔ,�
U+202E1,sì,�
U+202E2,sǒu;zhòu,�
U+202E4,zhì,�
U+202E7,qiē,�
U+202E9,fù,�
U+202EC,jú,�
U+202ED,bèi,�
U+202EF,bì,�
U+202F2,suǒ,�
U+202F5,qiǎn,�
U+202F6,mǐng,�
U+202F7,chǎn,�
U+202FA,sāo,�
U+202FB,jī,�
U+20315,gòng,�
U+20316,qióng,�
U+2031A,nòng;ròng,�
U+2031E,sǒu,�
U+2031F,sǒu,�
U+20320,yáo,�
U+2032A,chōu;tāo,�
U+2032D,shuài,�
U+2032E,zhē,�
U+2032F,lì;lí,�
U+20330,gài,�
U+20331,suī,�
U+20332,zhān,�
U+20334,zhuàng,�
U+2033D,fù,�
U+20343,jī,�
U+20344,dōu,�
U+20357,huì,�
U+2035A,jiǎn,�
U+2035B,yǎn,�
U+2035C,zhì,�
U+20368,měi,�
U+20369,yào,�
U+2036A,dī,�
U+2036B,yí,�
U+2036F,bié,�
U+20372,qú,�
U+20373,yì,�
U+20375,yàng,�
U+20379,zhá,�
U+2037D,shà,�
U+20399,lái,�
U+203AE,jué,�
U+203B0,qī,�
U+203B3,yú,�
U+203B6,zǎi,�
U+203B7,sà,�
U+203B8,sè,�
U+203BB,dùn,�
U+203BF,jiě,�
U+203C0,kē,�
U+203C3,yuē,�
U+203C7,jiǎn,�
U+203C8,yáo,�
U+203D3,xiān,�
U+203D5,xiào,�
U+203D6,qiāo,�
U+203DA,yù,�
U+203DB,qú,�
U+203E1,xiān;líng,�
U+203E2,luò,�
U+203E4,guǎng,�
U+203E7,chēng,�
U+203E8,chuǎng,�
U+203E9,yí,�
U+203EB,zhěng,�
U+203ED,zòng,�
U+203EE,duì,�
U+203F0,zhǎi,�
U+203FF,fěi,�
U+20400,yí,�
U+20401,méng,�
U+20408,biān;pián,�
U+20409,jié,�
U+2040A,shù,�
U+2040B,liáo,�
U+2040C,bǐ;bà,�
U+2040D,sú,�
U+20411,dì,�
U+20421,bèi,�
U+20422,wèn,�
U+20427,méng,�
U+20429,chǎn,�
U+20435,dǎo,�
U+2043A,pín,�
U+2043B,jiǎn,�
U+2043C,lìn,�
U+2043D,guì;guī,�
U+2043E,qī,�
U+2043F,hōng,�
U+20443,jí,�
U+20444,xiè,�
U+20445,zhēng,�
U+20446,chǎn,�
U+20450,yáo,�
U+20451,chǎn,�
U+20458,diān,�
U+20459,chòng,�
U+2045A,néi,�
U+2045B,néi,�
U+2045E,zhài,�
U+2045F,biān;pián,�
U+20461,chǎn,�
U+2046A,xiāo,�
U+2046F,cù,�
U+20470,xīn,�
U+20471,jǐng,�
U+20472,qiān,�
U+20474,qīng,�
U+20479,gǔ,�
U+20484,wù,�
U+2049C,yuǎn,�
U+2049D,bǐng,�
U+204A2,wán,�
U+204B0,niǎo;ní,�
U+204B5,liàn,�
U+204B8,rǎo,�
U+204BE,fàn,�
U+204BF,dí,�
U+204CA,huī;dān,�
U+204CB,yì,�
U+204CC,xián,�
U+204D6,lán,�
U+204D7,fù,�
U+204D9,xiòng,�
U+204DC,liǎng,�
U+204DD,tāo,�
U+204DE,jí,�
U+204E2,jiè,�
U+204E3,zhá,�
U+204E4,shī,�
U+204EA,qí,�
U+204EB,biǎn,�
U+204ED,lǎn,�
U+204EE,lǐn,�
U+204F6,zhì,�
U+204F7,bì;chéng,�
U+204F8,shèng,�
U+204FD,shèng,�
U+204FF,qín,�
U+20502,biāo,�
U+20503,xī,�
U+20509,juàn,�
U+2050B,jī;xìn,�
U+2050D,xī,�
U+2050E,qǐn,�
U+20511,hài,�
U+20515,lún,�
U+20520,yuè,�
U+20528,lián,�
U+2052F,bān,�
U+20532,héng,�
U+20536,qī,�
U+2053A,qiān,�
U+2053B,zhèng,�
U+2053C,mǎo,�
U+20541,cóng,�
U+20544,nà,�
U+2054A,tǐng,�
U+2054C,zōng,�
U+20555,jiōng,�
U+20556,zhǎo,�
U+2055F,niǎn,�
U+20560,chéng,�
U+20563,qià,�
U+20566,yù,�
U+20567,jiǎo,�
U+2056D,zhào,�
U+20573,dí,�
U+20574,jiū,�
U+20578,suǐ,�
U+2057B,yāo,�
U+2057F,wāng,�
U+20582,liáo,�
U+20584,tóng,�
U+20586,mèng,�
U+2058B,yǒu,�
U+20593,sī,�
U+2059B,lòu,�
U+2059F,yīn,�
U+205A5,chǒng,�
U+205AB,gǎn,�
U+205AC,jiū,�
U+205B6,qìn,�
U+205B7,jiǒng,�
U+205B9,xié;xiá,�
U+205C2,hè,�
U+205C6,tāo,�
U+205C8,qiú,�
U+205C9,xié,�
U+205CA,jìng,�
U+205CB,niǎn,�
U+205CC,jìng,�
U+205CF,jí,�
U+205D8,tiǎn,�
U+205DA,cuì,�
U+205DB,dié,�
U+205DD,qǐng,�
U+205E5,pìng,�
U+205E6,píng,�
U+205E8,dié,�
U+205E9,lòu,�
U+205F3,liǎn,�
U+205F4,hán,�
U+205F5,pāng,�
U+205F6,táng,�
U+205FA,yí,�
U+205FB,xuán,�
U+205FC,suò,�
U+205FD,liú,�
U+205FE,shuǎng,�
U+205FF,shèn,�
U+20601,bù,�
U+20602,sōu,�
U+20605,qín,�
U+20606,shěn,�
U+2060A,nòng,�
U+2060B,tǐng,�
U+2060C,jiāng,�
U+20615,xī,�
U+20616,zhì,�
U+2061D,lài,�
U+2061E,lì,�
U+2061F,lì,�
U+20622,hé,�
U+20623,jiào,�
U+20625,yán,�
U+20627,shū,�
U+2062A,shǐ,�
U+20631,zhěn,�
U+20633,yōu,�
U+2063A,suò,�
U+2063B,wú,�
U+20641,cháng,�
U+20642,cóng,�
U+20646,jù,�
U+2064E,shū,�
U+20654,jiù,�
U+20655,wéi,�
U+2065E,huò,�
U+20664,jiē,�
U+2066C,zǎo,�
U+20676,ǒu,�
U+2067C,guǎ,�
U+20683,háo,�
U+20684,lǐ,�
U+20685,zhì,�
U+20686,xiàn,�
U+20689,bū,�
U+2068A,chàng,�
U+20693,yūn,�
U+20694,hé,�
U+2069C,tāo,�
U+206A0,biāo,�
U+206A5,diāo,�
U+206A7,èr,�
U+206A8,jiū,�
U+206AD,dì,�
U+206AE,yì,�
U+206AF,kūn,�
U+206B1,zhé,�
U+206B3,kuò,�
U+206B4,zhōu,�
U+206B5,jù,�
U+206B9,shàn,�
U+206BA,shà,�
U+206BB,diāo,�
U+206BC,bān,�
U+206BD,jī,�
U+206C0,zhōng,�
U+206C3,yí,�
U+206C5,kōu,�
U+206C6,wū,�
U+206CA,gē,�
U+206CB,bā,�
U+206CE,gōu,�
U+206D1,xián,�
U+206D2,guā,�
U+206D3,liǔ,�
U+206D4,chǐ,�
U+206D5,guāi,�
U+206D6,chuān,�
U+206D8,lí,�
U+206D9,cù,�
U+206DA,shuā,�
U+206E1,bǐ,�
U+206E5,bǐng,�
U+206E6,lì,�
U+206E9,jiǔ,�
U+206EA,tiāo;diāo,�
U+206EB,duǒ,�
U+206ED,yān;yuān,�
U+206EE,quān,�
U+206F1,liè;zā,�
U+206F3,kè;hé,�
U+206F5,gēn,�
U+206F6,zhēn,�
U+206F8,fén,�
U+20701,yí,�
U+20703,jiù,�
U+20704,xù,�
U+20705,jiǎo,�
U+20708,lǜ,�
U+20709,jiǔ,�
U+2070B,chǒu,�
U+2070E,xiàn,�
U+20710,kuài,�
U+20711,duì,�
U+20716,luō,�
U+20717,xī;xì,�
U+20718,qìn,�
U+20719,bù,�
U+20724,qià,�
U+20731,pī,�
U+20732,yā,�
U+20733,bēng,�
U+20734,guǒ,�
U+20735,guā,�
U+20739,jú,�
U+2073C,qiā,�
U+2073E,jué;guì,�
U+20744,lì,�
U+20750,huā,�
U+20751,jiāo,�
U+20758,qià,�
U+2075A,zhá;zhé,�
U+2075B,qiā,�
U+2075D,zhé;zhá,�
U+2075E,chā,�
U+2075F,yǐng,�
U+20762,yān,�
U+20764,chōng,�
U+20768,chǐ,�
U+2076A,wān,�
U+2076C,sōu,�
U+20772,kǎn,�
U+20773,yuán,�
U+2077D,chóu,�
U+2077F,suǒ,�
U+20780,tū,�
U+20783,zhé,�
U+20784,tī;chǐ,�
U+20786,wū,�
U+20788,dā,�
U+20789,lì,�
U+2078A,chā;chāi;chá,�
U+20795,róng,�
U+20796,gòng,�
U+20797,què,�
U+20799,lí,�
U+2079E,tāo,�
U+207A4,lì,�
U+207A7,mí,�
U+207A9,chì;shuài,�
U+207AC,gùn,�
U+207AD,lóu;lòu,�
U+207AE,chuǎng,�
U+207AF,suǒ,�
U+207B0,jiǎo,�
U+207B1,jìn,�
U+207B5,fá,�
U+207B6,zhāi,�
U+207BE,jìn,�
U+207BF,cuì,�
U+207C2,cèng,�
U+207C3,zǔn,�
U+207C5,zhào;rì;zhì,�
U+207C8,piē,�
U+207C9,zhǎn;chàn,�
U+207CA,xī,�
U+207CB,yào,�
U+207CC,fǔ;pǒu,�
U+207CD,chōng,�
U+207D3,cuì,�
U+207D7,guā,�
U+207E3,jī,�
U+207E6,sè,�
U+207E7,zhān,�
U+207E8,lìng;líng,�
U+207E9,sè,�
U+207EA,yè,�
U+207F0,jū,�
U+207F6,tū,�
U+207FA,rú;ruǎn,�
U+207FB,zé;bài,�
U+207FC,huán,�
U+20801,xiǎn,�
U+20803,qiān,�
U+20804,zhào,�
U+2080B,cán,�
U+2080E,kuò,�
U+2080F,lì,�
U+20810,róu,�
U+20814,dú,�
U+20817,liè,�
U+2081C,yīng,�
U+2081D,lì,�
U+20820,dú,�
U+20822,líng,�
U+2082A,wān,�
U+2082F,dié,�
U+20833,jiū,�
U+20835,lì,�
U+20836,kū,�
U+20837,kēng,�
U+20839,zhěn,�
U+20840,hè,�
U+20842,bì;fú,�
U+20844,pī,�
U+2084A,hāng,�
U+20851,zhuó,�
U+20852,duǐ,�
U+20854,yì,�
U+2085C,kè,�
U+2085D,yì,�
U+2085E,mò,�
U+20861,cán,�
U+20863,gěng,�
U+20864,kè,�
U+20865,shì,�
U+2086D,líng;lìng,�
U+2086E,bēng;kēng,�
U+20871,duàn,�
U+20876,juān,�
U+20877,nǎo,�
U+20878,zǐ,�
U+2087B,zòng,�
U+20883,táng,�
U+20886,xiá,�
U+20887,hàn,�
U+2088C,lüè,�
U+2088D,qián,�
U+20893,mò,�
U+20894,ōu,�
U+20895,háo,�
U+20899,zhá,�
U+2089A,juàn,�
U+2089B,cóng,�
U+208A0,lì;jí,�
U+208A1,zhá,�
U+208A2,yǒu,�
U+208A3,diàn,�
U+208A4,jué,�
U+208A5,bèi,�
U+208A9,yǎo,�
U+208AA,piē,�
U+208B1,jìn,�
U+208B2,kǎi;xiè,�
U+208B3,sè,�
U+208B4,yǎng,�
U+208B5,jìn,�
U+208B9,kè,�
U+208C4,chān,�
U+208C7,niǎn,�
U+208C9,wàn,�
U+208CA,lǜ,�
U+208D0,yún,�
U+208D1,yāo,�
U+208D2,bāo,�
U+208D5,jūn,�
U+208D6,xuán,�
U+208D8,zhōu,�
U+208E0,kuì,�
U+208E1,fèng,�
U+208EA,qú,�
U+208EB,shào,�
U+208EC,sǔn,�
U+208F0,dū,�
U+208F2,kuǎi,�
U+208F3,pào,�
U+208FA,bào,�
U+208FE,fù,�
U+208FF,jiù,�
U+20900,rán,�
U+20904,jū,�
U+2090A,qióng,�
U+2090D,zhōu,�
U+2090E,huà,�
U+2090F,bǎo,�
U+20915,yí;xián,�
U+20917,yí,�
U+20918,yí;yǐ,�
U+2091D,mào,�
U+20926,ruǎn;rú,�
U+2092B,cí,�
U+2092E,hán,�
U+20930,cóng;xuán,�
U+20934,xì,�
U+20939,quán,�
U+2093A,tiáo,�
U+2093C,diào,�
U+2093E,hán,�
U+20947,yě,�
U+2094D,ē,�
U+2094E,wéi,�
U+20950,cāng,�
U+20951,diào,�
U+20955,è,�
U+20956,dì,�
U+20958,suǎn,�
U+20959,quán,�
U+2095C,è,�
U+2095D,ōu;ǒu,�
U+2095E,xuán,�
U+20962,wǔ,�
U+20966,yì,�
U+20968,móu,�
U+20970,hū,�
U+20974,hán;gān,�
U+2097F,shí,�
U+20983,sà,�
U+20988,bì,�
U+2098A,hán,�
U+2098B,jìng,�
U+2098C,xì,�
U+2098E,qìn,�
U+2098F,cuó,�
U+20990,cì,�
U+20992,bān,�
U+20997,duī,�
U+2099C,xì;shù,�
U+209A7,zhī,�
U+209A8,luàn,�
U+209AA,hū,�
U+209AB,jí,�
U+209AC,guāi,�
U+209B2,pāng,�
U+209C0,zhū,�
U+209C5,bǐ,�
U+209C7,yú,�
U+209D2,qǐ,�
U+209D5,hé,�
U+209D6,chǔ,�
U+209D9,shào,�
U+209DA,chì,�
U+209DB,bó,�
U+209DF,réng;nǎi,�
U+209E0,yóu,�
U+209E4,nǎi,�
U+209E9,huì;huǐ,�
U+209EA,tiáo;yǒu,�
U+209EB,bǎn,�
U+209F0,xū,�
U+209F4,yóu;yòu,�
U+209F5,chì,�
U+209FF,héng,�
U+20A03,wài,�
U+20A06,xiè,�
U+20A0A,jué,�
U+20A0C,suī,�
U+20A0D,qīng,�
U+20A0E,zhuàn,�
U+20A15,jì,�
U+20A18,bì,�
U+20A1A,xī,�
U+20A20,jí,�
U+20A22,jùn,�
U+20A25,liáo,�
U+20A26,yōu,�
U+20A2D,jú,�
U+20A32,yuè,�
U+20A35,bàng,�
U+20A38,pí,�
U+20A3B,zè,�
U+20A3E,yì,�
U+20A3F,dǐ,�
U+20A42,qiè,�
U+20A44,suǒ,�
U+20A46,cì,�
U+20A48,zhù,�
U+20A49,yuè;jú,�
U+20A4F,jiāo,�
U+20A54,shí,�
U+20A57,yí,�
U+20A58,xiá,�
U+20A60,yuán,�
U+20A65,guó,�
U+20A67,kè,�
U+20A6A,cuì,�
U+20A6B,yì,�
U+20A75,lì,�
U+20A77,diǎn,�
U+20A7A,xī;chí,�
U+20A7F,bì,�
U+20A82,biǎn,�
U+20A83,méi,�
U+20A84,lì,�
U+20A87,sǒu,�
U+20A90,liú,�
U+20A91,guì,�
U+20A92,kè,�
U+20A97,yí,�
U+20A99,xǐ,�
U+20A9A,yín;ǎn;kǎn,�
U+20A9F,kè,�
U+20AA3,shè,�
U+20AA7,wǒ,�
U+20AAE,pì,�
U+20AB6,yuè,�
U+20AB7,hóng,�
U+20ABA,lì,�
U+20ABB,fù,�
U+20AC3,jué,�
U+20AC4,xiān,�
U+20AC9,diān,�
U+20ACC,lì,�
U+20AD3,tū,�
U+20AD8,jiān,�
U+20ADB,bǎi,�
U+20ADC,dì,�
U+20ADD,zhǎng,�
U+20AE3,yù,�
U+20AE8,duì,�
U+20AED,cān,�
U+20AEE,tú,�
U+20AF6,tān,�
U+20AF7,jí,�
U+20AF8,qí;zhāi,�
U+20AF9,shàn,�
U+20AFA,nián;shì,�
U+20B06,guàn,�
U+20B08,bǐ,�
U+20B0B,xīng;nián,�
U+20B13,zhěn,�
U+20B19,sā,�
U+20B1B,mò,�
U+20B1D,fú,�
U+20B22,tāo,�
U+20B23,bàng,�
U+20B2A,biào,�
U+20B2C,xī,�
U+20B2E,jié,�
U+20B36,jìn,�
U+20B3E,qiān,�
U+20B48,sì,�
U+20B49,jǐng,�
U+20B4B,chǐ,�
U+20B57,jǐng,�
U+20B65,suì,�
U+20B6F,zhā,�
U+20B70,lí,�
U+20B74,zhuō,�
U+20B79,biàn,�
U+20B7F,tún,�
U+20B83,bì,�
U+20B86,fèi,�
U+20B8A,dé,�
U+20B8C,zhú,�
U+20B91,jū,�
U+20B99,yǐ,�
U+20B9C,yà;yīn,�
U+20B9F,chì,�
U+20BA0,guǎ;bǎi,�
U+20BA1,zhǐ,�
U+20BA8,réng,�
U+20BAB,yōu,�
U+20BAD,bó,�
U+20BAF,jǐ,�
U+20BB0,pǐn,�
U+20BB3,yīng,�
U+20BB4,yāng,�
U+20BB5,màng,�
U+20BBD,lòng,�
U+20BBE,ǹ;ǹg,�
U+20BBF,sa;san,�
U+20BC0,chuān,�
U+20BC2,cí,�
U+20BC3,wǔ,�
U+20BC4,rèn,�
U+20BC8,dài,�
U+20BC9,jí,�
U+20BCB,yǐ,�
U+20BCD,rán,�
U+20BD0,huò,�
U+20BD1,guā,�
U+20BD3,zhé,�
U+20BD4,pì,�
U+20BD7,zā,�
U+20BD8,bàn,�
U+20BD9,jié,�
U+20BDC,hōu;xǔ,�
U+20BDF,xiàn,�
U+20BE0,huī,�
U+20BE9,zhā,�
U+20BEA,dāi;dǎi;è,�
U+20BEB,gē,�
U+20BED,pì,�
U+20BEF,piàn,�
U+20BF0,shí,�
U+20BF1,liǎng,�
U+20BF2,yuè,�
U+20BF3,hù;wěn,�
U+20BF4,biàn,�
U+20BF7,réng,�
U+20BF9,réng,�
U+20C04,yī,�
U+20C05,zhī,�
U+20C07,jīn,�
U+20C08,wēng,�
U+20C09,chāo,�
U+20C0B,qiū,�
U+20C0D,zhǔ;zhù,�
U+20C0F,zhá,�
U+20C10,pǒ,�
U+20C11,àn,�
U+20C13,hé,�
U+20C15,chū,�
U+20C16,yán,�
U+20C1A,shì,�
U+20C1B,hù;gào,�
U+20C1C,è,�
U+20C34,shí,�
U+20C39,tuō,�
U+20C3A,dài,�
U+20C3B,wài;wai,�
U+20C3C,pō,�
U+20C3D,rǒng,�
U+20C3E,jū,�
U+20C40,bō,�
U+20C50,yǔ,�
U+20C51,dōu,�
U+20C53,guǐ,�
U+20C54,shòu,�
U+20C57,suō,�
U+20C58,nì,�
U+20C59,zhōu;yù;jì;cù,�
U+20C5A,lòng,�
U+20C5B,bǐng,�
U+20C5C,zùn,�
U+20C5D,yè,�
U+20C5E,rǎn,�
U+20C60,líng,�
U+20C61,sà;shài,�
U+20C64,lěi,�
U+20C65,è;huì;zá,�
U+20C67,zhòng,�
U+20C68,jǐ,�
U+20C6B,è,�
U+20C6F,zuò,�
U+20C72,nà,�
U+20C73,yǔn,�
U+20C8A,xiè,�
U+20C8B,zuǐ,�
U+20C8C,shù,�
U+20C8D,diū,�
U+20C8E,fa;fèi;fá;wa,�
U+20C8F,rěn,�
U+20C91,bāng,�
U+20C92,hán,�
U+20C93,hóng,�
U+20C94,yī,�
U+20C96,yī,�
U+20C99,kē,�
U+20C9A,yì,�
U+20C9B,huí,�
U+20C9C,zhēng,�
U+20CAE,jìng,�
U+20CB1,gé,�
U+20CB4,nóu,�
U+20CB5,qiè;jié,�
U+20CB7,dié,�
U+20CB9,jì,�
U+20CBA,yì,�
U+20CBB,yí,�
U+20CBD,fú,�
U+20CBE,shuò,�
U+20CBF,shuò,�
U+20CC0,yǒng,�
U+20CC1,kěn,�
U+20CC2,huá,�
U+20CC3,hòng,�
U+20CC7,hé,�
U+20CCA,hē,�
U+20CCB,qiǎn,�
U+20CCC,qià,�
U+20CCE,sì,�
U+20CD0,bāng,�
U+20CEC,jīng,�
U+20CED,kè,�
U+20CF3,āi,�
U+20CF4,lóu,�
U+20CF6,tū,�
U+20CF9,chuáng,�
U+20CFC,sòng,�
U+20CFD,chéng,�
U+20CFF,wēi,�
U+20D02,nǔ,�
U+20D04,jiǔ,�
U+20D07,bīn,�
U+20D21,xiào,�
U+20D22,shēng,�
U+20D23,hǒu,�
U+20D26,zhù,�
U+20D28,guān,�
U+20D29,jī;qǐ,�
U+20D2B,jì;cù;yù;zhù,�
U+20D2D,xī,�
U+20D2F,shè,�
U+20D30,ǒu,�
U+20D31,hú,�
U+20D32,tà,�
U+20D33,xiáo,�
U+20D35,zào,�
U+20D38,bò,�
U+20D39,qì,�
U+20D3A,wā,�
U+20D3B,tuō,�
U+20D3C,dào,�
U+20D3E,nà,�
U+20D60,zhāi,�
U+20D63,yà,�
U+20D66,wǔ,�
U+20D67,zhén;chún,�
U+20D68,de,�
U+20D69,hē,�
U+20D6B,āng,�
U+20D6C,pí,�
U+20D6D,sè,�
U+20D6E,fěn,�
U+20D6F,guā,�
U+20D73,pǒ,�
U+20D77,xuàn,�
U+20D78,hān;mí,�
U+20D79,gāng,�
U+20D7A,bā,�
U+20D7B,zōng,�
U+20D7C,mèng,�
U+20D7E,huò,�
U+20DA7,diān,�
U+20DA8,xī,�
U+20DAB,dà,�
U+20DAC,nàng,�
U+20DB0,diāo,�
U+20DB1,luò,�
U+20DB2,kè,�
U+20DB7,yì,�
U+20DB8,jué,�
U+20DB9,hé,�
U+20DBB,jí,�
U+20DBE,hè,�
U+20DBF,niè;zá,�
U+20DC0,rǔn,�
U+20DC1,qián;jiān,�
U+20DC2,dài,�
U+20DC3,shāo;sù;shòu,�
U+20DC4,kè,�
U+20DC5,zhú,�
U+20DC7,shī,�
U+20DC8,lǜ;liè,�
U+20DC9,jiā,�
U+20DCA,pián,�
U+20DCB,hòu,�
U+20DCC,jī;zé,�
U+20DCD,tà,�
U+20DCE,chóu;shòu,�
U+20DCF,wō,�
U+20DD0,jìng;jiàng,�
U+20DD1,pō,�
U+20DD2,zhāi,�
U+20DD3,xīn,�
U+20DD6,biàn,�
U+20DD9,xù,�
U+20DDE,gū,�
U+20DDF,jiè,�
U+20DE2,xián,�
U+20DF8,é;yóng,�
U+20DFA,bó,�
U+20DFB,piāo,�
U+20DFF,zǎ,�
U+20E01,pài,�
U+20E02,tū,�
U+20E04,yīng,�
U+20E2E,xiǎng,�
U+20E31,nuò,�
U+20E32,gē,�
U+20E33,bó,�
U+20E34,xiè,�
U+20E38,zhēn;chún,�
U+20E39,yú,�
U+20E3A,nì,�
U+20E40,xùn,�
U+20E41,wà,�
U+20E43,àng,�
U+20E44,hàn,�
U+20E45,hōng,�
U+20E46,dān,�
U+20E48,nuó,�
U+20E4A,cǎo,�
U+20E4B,jí,�
U+20E4C,něng,�
U+20E4D,yǒng;róng,�
U+20E4E,xiāo,�
U+20E50,chuǎ,�
U+20E51,yào,�
U+20E53,gé,�
U+20E54,táng,�
U+20E55,bào,�
U+20E56,chǎn,�
U+20E58,xù,�
U+20E5B,hái,�
U+20E5D,chóu,�
U+20E5F,jiǎn,�
U+20E60,zuō,�
U+20E64,wèi,�
U+20E65,dā,�
U+20E66,pī,�
U+20E90,huàn,�
U+20E92,xī,�
U+20E94,pèn,�
U+20E95,liū;liáo,�
U+20E96,mǔ;yīng,�
U+20E97,miē,�
U+20E98,làng,�
U+20E99,tuì,�
U+20E9A,bān,�
U+20E9D,gē,�
U+20E9F,kù,�
U+20EA2,jiā,�
U+20EA3,bō,�
U+20ECD,huàn,�
U+20ECF,zú,�
U+20ED0,luò,�
U+20ED7,lí,�
U+20ED9,hé,�
U+20EDA,mó,�
U+20EDC,shuì;lǜ;sū,�
U+20EDD,shēn,�
U+20EDE,kǎng,�
U+20EDF,chì,�
U+20EE0,líng,�
U+20EE1,luǒ,�
U+20EE4,yǎn,�
U+20EE5,zhào,�
U+20EE6,chuǎ,�
U+20EE7,gǔ,�
U+20EE8,qǐn,�
U+20EEA,tán,�
U+20EEB,fèn,�
U+20EEC,tú,�
U+20EF1,líng,�
U+20EF4,lǎng,�
U+20F16,lán,�
U+20F17,zàn,�
U+20F18,wù,�
U+20F1D,lí,�
U+20F1E,ā,�
U+20F1F,lüè,�
U+20F20,zhǐ,�
U+20F21,chóu,�
U+20F22,jiàng;qiàng,�
U+20F24,jiān,�
U+20F29,lún,�
U+20F2A,yí,�
U+20F2C,shāng,�
U+20F3B,jī,�
U+20F5C,yì,�
U+20F5D,nín,�
U+20F61,huì,�
U+20F63,zhā,�
U+20F66,hǎn,�
U+20F68,yǐn,�
U+20F69,bì,�
U+20F6A,ān,�
U+20F6B,xiā;xiǎ,�
U+20F6C,ní,�
U+20F70,dī,�
U+20F71,jiǎn,�
U+20F72,pán,�
U+20F75,yù,�
U+20F76,chuài;cuì;chuò,�
U+20F77,zā,�
U+20F79,chá,�
U+20F7B,zhé,�
U+20F7C,sè,�
U+20F7E,pēn;pǔ,�
U+20F7F,gū,�
U+20F80,zhé,�
U+20F86,lí,�
U+20F87,dōu,�
U+20F89,chóu,�
U+20F8B,zuǐ,�
U+20F8C,pò,�
U+20F8F,shē,�
U+20F90,lóng,�
U+20FA2,shù,�
U+20FA4,jìn,�
U+20FA5,líng,�
U+20FA8,kāng,�
U+20FA9,là,�
U+20FAB,xū,�
U+20FAC,jìn,�
U+20FAE,chuān,�
U+20FB2,yuè,�
U+20FC6,mǎi,�
U+20FC7,xiè,�
U+20FC8,jiū,�
U+20FC9,jì,�
U+20FCB,yuè,�
U+20FCF,jiān,�
U+20FD1,hán;gǎn;ǎn;hǎn,�
U+20FD3,sà,�
U+20FD4,huì,�
U+20FD5,qiào,�
U+20FD7,sè,�
U+20FD8,zuǐ,�
U+20FDB,lǔ,�
U+20FDC,huà,�
U+20FDD,chū,�
U+20FDE,shǎn,�
U+20FDF,wò,�
U+20FE0,jí,�
U+20FE1,zhuó,�
U+20FE2,xián;xiàn,�
U+20FE3,yī,�
U+20FE4,guó,�
U+20FE5,kuì;guì,�
U+21011,zhōu,�
U+21014,lù;lou,�
U+21016,bō,�
U+21017,shí,�
U+21018,yìng,�
U+21019,kū,�
U+21039,zhì,�
U+2103A,xié,�
U+2103D,yè;hè,�
U+2103E,è,�
U+2103F,lǜ,�
U+21040,hàn,�
U+21041,yè;kài,�
U+21046,luò,�
U+21047,chuò,�
U+21048,fàn,�
U+21049,zhí,�
U+2104A,yìng,�
U+2104B,wěn,�
U+2104C,wā,�
U+2104D,ài,�
U+2104E,yú,�
U+21051,huā,�
U+21053,liè,�
U+21054,jīng,�
U+21055,zá,�
U+21067,zāng,�
U+21068,duì,�
U+2106A,jì,�
U+2106E,wō,�
U+21070,jí,�
U+21071,xī,�
U+21073,zhàn,�
U+21074,tuán,�
U+2108A,yú,�
U+2108F,liè,�
U+21092,zhì,�
U+21093,shī,�
U+21095,lǎo,�
U+21096,lài;tà,�
U+21097,wěi,�
U+21098,páo,�
U+21099,chí,�
U+2109A,yǐng,�
U+2109B,dòu,�
U+2109D,dòu,�
U+2109F,bào,�
U+210A0,qiè,�
U+210A1,shù,�
U+210A3,zhí,�
U+210A9,liè,�
U+210AB,péng,�
U+210AD,zhē,�
U+210BF,ōu;ou,�
U+210C2,xiè,�
U+210C3,jí,�
U+210C4,lài,�
U+210C5,yíng,�
U+210C6,cēng,�
U+210D6,lē,�
U+210DD,lùn,�
U+210E1,lóng,�
U+210E2,xì,�
U+210E6,lìn,�
U+210E9,guī,�
U+210F3,xīng,�
U+210F7,lí,�
U+210F8,cī,�
U+21107,qǐng,�
U+21111,jiān,�
U+21112,dào,�
U+21113,jiǎn,�
U+21114,qìng,�
U+21115,xiè,�
U+21116,yìng,�
U+2111F,há,�
U+21121,zhe,�
U+21122,shē,�
U+21123,mí,�
U+21124,huán,�
U+21131,cù,�
U+21132,rú,�
U+21133,sǎ,�
U+21134,huò,�
U+21135,yī,�
U+21137,dī,�
U+21139,luàn,�
U+2113B,yì,�
U+21142,bò,�
U+21143,páng,�
U+21144,tán,�
U+21145,é;éi,�
U+21146,zāng,�
U+21147,cóng,�
U+21153,zhāi,�
U+21155,xǐ,�
U+21156,mǎng,�
U+21158,là,�
U+21159,yùn,�
U+21161,è,�
U+21165,dié,�
U+2116D,guān,�
U+21171,huàn,�
U+21175,shì,�
U+21176,jiǎn,�
U+21179,zhān,�
U+2117A,jí,�
U+2117B,huàn,�
U+21185,wàn,�
U+21186,luǒ,�
U+2118F,dòu,�
U+21195,liàn,�
U+211A3,niè;dí,�
U+211A4,nǎn,�
U+211A5,jiù,�
U+211A6,yuè,�
U+211A9,yāo;jiǒng,�
U+211AA,chuāng,�
U+211AE,cǎn,�
U+211AF,lǐ,�
U+211B0,dùn,�
U+211B1,nǎn,�
U+211B2,nǎn,�
U+211B8,rì;guó,�
U+211BD,yuè,�
U+211C0,yóu,�
U+211C2,yīn,�
U+211C4,guó;niè,�
U+211C8,dàng;tuó,�
U+211D1,zhēn,�
U+211D2,mí,�
U+211D3,dié,�
U+211D6,zhēn,�
U+211DA,kuā,�
U+211DC,hán,�
U+211DD,sòng,�
U+211DE,hé,�
U+211DF,jī,�
U+211E0,zhé,�
U+211E4,bǐng,�
U+211E6,wéi,�
U+211E7,tōu,�
U+211E9,tú,�
U+211EC,gāng,�
U+211ED,lóu,�
U+211EE,quán,�
U+211EF,hùn,�
U+211F0,zhuǎn,�
U+211F1,què,�
U+211F3,hóng,�
U+211F5,dàng,�
U+211F6,hé,�
U+211F7,tài,�
U+211F8,guāi,�
U+211FA,yù,�
U+211FC,yà,�
U+211FF,wān,�
U+21200,qūn,�
U+21205,jué,�
U+21206,ōu,�
U+21209,quān,�
U+2120A,zhí,�
U+2120D,líng,�
U+2120E,wū;rì,�
U+2120F,xìn,�
U+21210,dá,�
U+21212,yuān,�
U+21213,yuàn,�
U+21217,mò,�
U+21219,yóu,�
U+2121E,wǔ,�
U+21220,zhāng,�
U+21223,xuān,�
U+21226,rǎo,�
U+21227,gǔn,�
U+21228,yù,�
U+2122E,xiá,�
U+2122F,biǎn,�
U+21230,yóu,�
U+21232,yīn,�
U+21234,xuán;rǔ,�
U+21235,yóu,�
U+21236,léi,�
U+2123C,tǐng;tíng;zhēng;zhǐ,�
U+2123F,zhēn,�
U+21244,zài;kū,�
U+21245,gā,�
U+21246,lá,�
U+21249,què,�
U+2124E,jú,�
U+21250,chūn,�
U+21251,dā,�
U+21252,tún,�
U+21253,āi,�
U+21257,zǐ,�
U+2125A,huáng;fēng,�
U+2125B,yì,�
U+21269,bào,�
U+2126A,chí,�
U+2126D,rì,�
U+21274,lú;hù,�
U+21277,jié,�
U+21278,shì,�
U+2127A,zuān,�
U+21281,yì,�
U+21284,fèn,�
U+21285,fèn;biàn,�
U+21289,mò,�
U+2128D,shù,�
U+2129B,áo,�
U+2129D,pǐ,�
U+2129E,píng;pìng,�
U+2129F,pō,�
U+212A0,jiá,�
U+212A1,zhóu,�
U+212A3,qiū,�
U+212A7,yǒu,�
U+212A8,tán,�
U+212AB,rǒng,�
U+212AD,mì,�
U+212B6,yì,�
U+212B8,rǒng,�
U+212BB,liè,�
U+212BC,qióng,�
U+212D9,huí,�
U+212DA,jì,�
U+212DF,gào,�
U+212E7,yóu,�
U+212E8,chā,�
U+212E9,dé,�
U+212EA,yīn,�
U+212EC,yù,�
U+212ED,bèi,�
U+212EF,bó,�
U+21314,qiāo,�
U+2131A,chǎ,�
U+2131C,xīn,�
U+2131E,chí,�
U+21323,zào,�
U+21324,kuí,�
U+21326,fèi,�
U+21329,tā;dá,�
U+2132A,guài,�
U+2132D,duō,�
U+21332,guī,�
U+21334,zhí,�
U+2134C,chǎn,�
U+2134D,nǎo,�
U+21350,hú,�
U+21352,táo,�
U+21361,yì,�
U+21364,niè,�
U+21365,zhài,�
U+21366,huán,�
U+21368,dù,�
U+2136A,qì,�
U+2136B,cè,�
U+2136E,chuí,�
U+21372,dā,�
U+21376,zhì,�
U+21377,gèng,�
U+2137B,wèng,�
U+21389,dù,�
U+2138D,chí,�
U+21391,àn,�
U+21392,kuò,�
U+21394,wò,�
U+21398,yīng,�
U+2139A,piǎn,�
U+213AB,zhá;qì,�
U+213AC,zhuǎ,�
U+213AE,sù,�
U+213B3,nì,�
U+213BA,zhú,�
U+213BB,chán,�
U+213BE,bèng,�
U+213BF,ní,�
U+213C0,zhí,�
U+213C1,huì,�
U+213D8,xià,�
U+213DA,zhì,�
U+213DB,xī,�
U+213DE,jiǎng,�
U+213E9,duī,�
U+213EA,fū,�
U+213ED,jiāo,�
U+213EE,cháo,�
U+213EF,bài,�
U+213F5,liè,�
U+213FC,áo,�
U+2140B,zāo,�
U+2140C,chù,�
U+2140F,tuǒ,�
U+21412,háo;hào,�
U+21413,kāng,�
U+21414,yín,�
U+21416,xiàn,�
U+2141D,fú;fù,�
U+2141E,biē,�
U+21420,kuī,�
U+21424,qiè,�
U+21425,sà,�
U+2143F,dā;da,�
U+21440,yě;shù,�
U+21444,zhǎng,�
U+21446,liáng,�
U+21448,duǐ,�
U+2144D,láo,�
U+2144E,xūn,�
U+21458,zhì,�
U+2145A,kū,�
U+2145E,suì,�
U+2145F,wō,�
U+21463,kū,�
U+2146F,jiǎn,�
U+21476,jiǎng,�
U+2147B,zhuì,�
U+2147D,shuǎng,�
U+2147E,yú,�
U+21481,sà,�
U+21483,yù;ào,�
U+21484,lǎn,�
U+2148A,yù,�
U+2148C,qiǎn,�
U+2148D,jù,�
U+2148F,liè,�
U+21492,shú,�
U+21493,xiàn,�
U+21496,gài,�
U+214A2,tái,�
U+214A7,tiǎn,�
U+214AF,mèng,�
U+214B1,dí,�
U+214B3,mián,�
U+214BE,huī;kuì,�
U+214C9,duò,�
U+214CD,liè,�
U+214D2,lài,�
U+214D3,yín;yīn,�
U+214D4,lǎn,�
U+214D6,jiāo,�
U+214D8,huò,�
U+214E3,guō,�
U+214E6,zhàn,�
U+214ED,mǐ,�
U+214F0,kuī,�
U+214F7,duò,�
U+214FF,yín,�
U+21507,lèi,�
U+21515,gòng,�
U+2151B,tǐng,�
U+2151C,yáo,�
U+2151E,wǎng,�
U+21523,jié;qiè,�
U+21528,xiū,�
U+2152A,shù,�
U+21531,wèi,�
U+21534,yù,�
U+21541,zhān,�
U+21549,āng,�
U+2154F,sǎng,�
U+21550,chóu,�
U+21552,kuà,�
U+21556,jǔ;féng,�
U+21557,hài,�
U+21562,miǎn;mǎn,�
U+21567,hàng,�
U+2156A,chóu,�
U+2156E,líng,�
U+21570,zōng,�
U+21589,kūn,�
U+2158C,zhōng,�
U+2158E,zhāo,�
U+21590,diě,�
U+21591,gǒu,�
U+21592,yún,�
U+21593,dān,�
U+21594,nuó;nuǒ,�
U+2159B,bǐng,�
U+2159D,rán,�
U+2159E,chān,�
U+215A2,rǒng,�
U+215A3,yīn,�
U+215A4,chān,�
U+215A7,zhì,�
U+215AA,guài,�
U+215AB,nuó,�
U+215AC,shēn,�
U+215AF,sù,�
U+215B2,wǒ,�
U+215B3,chǐ,�
U+215BA,miè,�
U+215BB,zhí,�
U+215BE,qī,�
U+215C1,gōu,�
U+215C6,lǒu,�
U+215C8,zī,�
U+215CD,dǎng,�
U+215CF,xiǎn,�
U+215D1,rǒu,�
U+215D7,pěng,�
U+215DE,xī,�
U+215E2,kuā;běn,�
U+215E4,guì,�
U+215E5,chún,�
U+215E6,jiè,�
U+215F2,jiè;bēn,�
U+215F3,xī,�
U+215F5,kū,�
U+215F7,gū,�
U+215F8,zhà;kuā,�
U+215F9,fàn,�
U+215FC,xiè,�
U+2160D,huán;qié,�
U+2160F,niǎo,�
U+21610,xì,�
U+2161B,cū,�
U+2161D,gǔn,�
U+21621,xī,�
U+21627,qiá,�
U+2162A,māng,�
U+2162D,zhé,�
U+21630,juàn,�
U+21634,biē,�
U+21640,biē,�
U+21645,quán,�
U+2164B,xì,�
U+2164E,jiǎo;miǎo,�
U+21650,quán,�
U+21651,zhǐ,�
U+21652,tiān,�
U+21653,kāi,�
U+21658,sǎn;yì,�
U+2165B,zī,�
U+21663,jié,�
U+2166A,bié,�
U+2166C,dòu,�
U+2166D,zuī,�
U+21676,yǎn,�
U+21681,bì,�
U+21685,kuǎi,�
U+21687,yàn,�
U+21688,wéi,�
U+2168A,huān,�
U+2168C,hào,�
U+21691,gōng,�
U+21694,méng,�
U+21697,lěi,�
U+21699,dì,�
U+2169B,bǐng,�
U+2169C,huān;kàn,�
U+2169F,wā,�
U+216A0,jué,�
U+216A8,chì,�
U+216AD,bā,�
U+216AE,jiǔ,�
U+216B7,dì,�
U+216B9,zhàng,�
U+216BB,dà,�
U+216BC,shí,�
U+216BD,hào,�
U+216CC,yè,�
U+216D7,bì,�
U+216D8,pǐ,�
U+216D9,yǎo;yāo,�
U+216DC,dī,�
U+216DD,càn,�
U+216DE,pín,�
U+216DF,yuè,�
U+216E0,qiē,�
U+216E1,pī,�
U+216F5,tuǒ,�
U+216F6,xiè,�
U+216FD,yè,�
U+21700,fàn,�
U+21701,guā,�
U+21702,hù,�
U+21703,rǔ,�
U+21709,rǎn;ràn,�
U+2170A,fǒu,�
U+2170B,huāng,�
U+2171A,rú,�
U+21722,mǎo,�
U+21725,duī,�
U+21726,huì,�
U+21727,xì,�
U+21728,xiū,�
U+2172B,rǎn,�
U+2172C,yī,�
U+2172F,zhé,�
U+21731,jì,�
U+21732,gào,�
U+21733,yòu,�
U+21735,pū,�
U+21748,chù,�
U+21749,cū,�
U+2174A,zhé,�
U+2174B,niǎo,�
U+2174D,qiè,�
U+21750,chá,�
U+21752,niǎo,�
U+21753,suī,�
U+21759,chá,�
U+2175A,chéng,�
U+2175B,yáo,�
U+2175C,dù,�
U+2175D,wāng,�
U+2175F,niàn,�
U+21760,mí,�
U+21766,nǒu,�
U+21767,xì,�
U+21769,yāo,�
U+2176B,chān,�
U+21798,xiè,�
U+21799,miè,�
U+2179A,kěng,�
U+2179C,cù,�
U+2179E,shěng,�
U+2179F,pàn,�
U+217A0,hù,�
U+217A2,kè,�
U+217A3,xiàn,�
U+217A5,hóu,�
U+217A6,qióng,�
U+217A7,zōng,�
U+217AA,fú,�
U+217AB,nài,�
U+217AD,nì,�
U+217AF,kǔ,�
U+217BE,nèn,�
U+217CD,gē,�
U+217D1,hóu,�
U+217D3,āi,�
U+217D5,shī,�
U+217DE,xiū,�
U+217DF,cōng,�
U+217E0,jiāo,�
U+217E2,zhá,�
U+217E3,xiāo,�
U+217E4,liàn,�
U+217E5,qǔ,�
U+217E8,shǎn,�
U+217E9,xiè,�
U+217EB,gòng,�
U+217EC,miè,�
U+217ED,chái,�
U+217EF,ēn,�
U+217F3,dòu,�
U+21806,kòu,�
U+2180A,tiáo,�
U+2180B,shī,�
U+2180F,sāng,�
U+21812,guān,�
U+21816,hào,�
U+21817,zhì,�
U+21818,yàng,�
U+21819,tōng,�
U+2181A,bì,�
U+2181C,mó;mò,�
U+2181E,fú,�
U+21825,qiáng,�
U+21839,zhì,�
U+2183C,sōu,�
U+2183F,niǎo,�
U+21840,juàn,�
U+21842,yàng,�
U+21844,huāng,�
U+21848,bēng,�
U+21849,mó,�
U+2184A,cháo,�
U+2184E,lǚ;lóu,�
U+2184F,shāo,�
U+21850,bǔ,�
U+21851,zēng,�
U+21852,sī;xī,�
U+21854,zuì,�
U+21855,yuē,�
U+21856,zān;cān,�
U+21857,luǎn;luàn,�
U+21865,qú,�
U+2187A,miǎo,�
U+21880,zhuàn,�
U+21888,dàng,�
U+2188A,yuān,�
U+21892,jǔ,�
U+21895,huǐ,�
U+21896,qì,�
U+21898,yùn;yíng,�
U+2189A,màn,�
U+2189C,mǒ,�
U+218B1,piāo,�
U+218B3,jìn,�
U+218B9,yāo,�
U+218C0,chì,�
U+218C1,nì,�
U+218C2,sōu,�
U+218C8,shù,�
U+218CB,piāo,�
U+218D4,hàn,�
U+218E0,yāo,�
U+218E2,néi,�
U+218EA,shì,�
U+218EC,yuān,�
U+218EE,cài,�
U+218EF,jié,�
U+218F9,xiè,�
U+218FD,yán,�
U+218FE,xiāo,�
U+2190B,xiè,�
U+2190C,lì,�
U+2190E,fàn,�
U+21917,zhù,�
U+21919,nà,�
U+2191B,zhuǎn,�
U+2191E,kuī,�
U+21922,luó,�
U+2192B,qiā,�
U+21936,wān,�
U+2193D,shǔ,�
U+2193F,chèng;kǒng,�
U+21941,yì,�
U+21946,hǎo;hào,�
U+21948,jiào,�
U+2194B,huì,�
U+2194D,xiào,�
U+2194E,cí;zǐ,�
U+2195E,jì;bèi,�
U+21966,nǐ;jìn,�
U+21968,nǐ;jìn,�
U+21969,tǐ,�
U+21976,jù;rú,�
U+21978,mìng,�
U+2197D,lí,�
U+2197F,zhòng,�
U+21981,xù,�
U+21983,qióng,�
U+21984,fú,�
U+21986,bìn,�
U+2198A,jì,�
U+2198D,qí,�
U+2198E,xì,�
U+21994,dèng,�
U+21995,ér,�
U+2199B,shú,�
U+2199C,tóng,�
U+2199D,xiāo;xiáo,�
U+2199F,pí,�
U+219A8,dǎn,�
U+219AA,jí,�
U+219B3,xiào,�
U+219B7,cóng,�
U+219BB,bīn,�
U+219BC,rǒng,�
U+219CD,miàn;bīn,�
U+219D2,miàn,�
U+219D4,shū,�
U+219D5,xiáo;shǒu,�
U+219D6,bǎo,�
U+219D7,wà,�
U+219D9,pào,�
U+219E3,gǎi,�
U+219E5,hū,�
U+219E6,héng,�
U+219E8,zhú,�
U+219E9,guāi,�
U+219ED,guì;guǐ,�
U+219F9,dài,�
U+219FC,bīn,�
U+219FD,huǎng;huāng,�
U+21A00,chá,�
U+21A04,xià;sāi,�
U+21A05,jú,�
U+21A07,yǎo;xiǎng,�
U+21A16,fěn,�
U+21A17,zào,�
U+21A1B,fēng,�
U+21A22,jū,�
U+21A23,yù,�
U+21A29,hūn,�
U+21A32,jié,�
U+21A33,xiòng;hùn,�
U+21A35,nài,�
U+21A3B,nǒu,�
U+21A3D,shěng,�
U+21A3F,yù,�
U+21A42,huán,�
U+21A43,gěng,�
U+21A44,wǎn,�
U+21A46,tuó,�
U+21A47,qiāo,�
U+21A58,yìn,�
U+21A5A,jiā;zhuàn,�
U+21A61,suǒ,�
U+21A63,jié,�
U+21A64,xī,�
U+21A65,wěng,�
U+21A69,máng,�
U+21A76,yáng,�
U+21A78,yáo,�
U+21A7D,máng,�
U+21A7E,ōu,�
U+21A81,án,�
U+21A85,lòu,�
U+21A91,è,�
U+21A92,zǐ,�
U+21A97,è,�
U+21A99,àn,�
U+21A9E,huò,�
U+21AA0,céng,�
U+21AB0,xiòng,�
U+21AB1,jì,�
U+21AB3,zuó,�
U+21AB5,qí,�
U+21ABA,zhēng,�
U+21AC0,jī,�
U+21AC1,qī;chèn,�
U+21AC2,juǎn,�
U+21AC3,níng,�
U+21ADF,sè,�
U+21AE5,hè,�
U+21AE6,rǒng,�
U+21AE7,qǐn,�
U+21AEC,jū,�
U+21AEF,lì,�
U+21AF5,shí,�
U+21AF8,nì,�
U+21AF9,xián,�
U+21AFA,fū,�
U+21AFD,rǔ;yù,�
U+21B01,xiòng,�
U+21B02,guì,�
U+21B04,jì,�
U+21B06,měng;mèng,�
U+21B07,fū,�
U+21B09,sài,�
U+21B0A,yù,�
U+21B0B,jiào,�
U+21B0C,mèng,�
U+21B0D,mí;lóng;mǐ,�
U+21B0E,qiāng,�
U+21B10,yí;mí,�
U+21B13,yí,�
U+21B15,lóng,�
U+21B16,hān,�
U+21B17,nì,�
U+21B18,lào,�
U+21B19,sèng,�
U+21B1C,lǐn,�
U+21B1E,yù,�
U+21B25,nuó,�
U+21B2B,wù,�
U+21B2F,biǎn,�
U+21B32,biǎn,�
U+21B33,xuān;shòu,�
U+21B35,jiān,�
U+21B38,biǎn,�
U+21B42,dé,�
U+21B47,zhuān,�
U+21B4B,rǒng,�
U+21B50,shuàn,�
U+21B58,jiā,�
U+21B5B,huǐ,�
U+21B5E,zhān,�
U+21B62,bài,�
U+21B63,liè,�
U+21B65,xiē,�
U+21B6D,jiǎn,�
U+21B6E,shǒu,�
U+21B73,kào,�
U+21B77,guān,�
U+21B78,luàn,�
U+21B7E,nǒu,�
U+21B7F,chǎng,�
U+21B8E,liáng,�
U+21B99,nài,�
U+21B9A,rǔ,�
U+21B9E,zhì,�
U+21BA6,cáo,�
U+21BB0,lì,�
U+21BBB,lán,�
U+21BBF,chān,�
U+21BC1,wāng,�
U+21BC4,lì,�
U+21BC7,wù,�
U+21BC8,páo,�
U+21BC9,yòu,�
U+21BCB,gān,�
U+21BCF,ān,�
U+21BD0,xiū,�
U+21BD1,shuǐ;zhuǐ,�
U+21BD2,ruǐ,�
U+21BD8,bǎn,�
U+21BD9,yóu,�
U+21BE2,huó,�
U+21BE5,huī,�
U+21BE8,zuò,�
U+21BE9,xiāo,�
U+21BEB,mián,�
U+21BF0,gà,�
U+21BF1,yuǎn,�
U+21BF3,bò,�
U+21BF4,chào,�
U+21BF5,tuǐ;kuì,�
U+21BF7,bò;kòu,�
U+21BFD,gà,�
U+21BFF,tiāo,�
U+21C00,ná,�
U+21C05,hú,�
U+21C06,niè,�
U+21C0B,huí,�
U+21C0C,lǒu,�
U+21C0E,tí,�
U+21C10,qiào,�
U+21C11,qiáo,�
U+21C12,zhǒng,�
U+21C16,dī,�
U+21C1A,lín,�
U+21C1D,quán,�
U+21C1E,zhuān,�
U+21C20,léi;luán,�
U+21C22,xié,�
U+21C25,rén;yí,�
U+21C28,dāng,�
U+21C2A,dū,�
U+21C2B,niǎn,�
U+21C2F,shǐ;diǎo;běi,�
U+21C32,xián,�
U+21C39,zhí,�
U+21C3D,ài,�
U+21C3E,cī,�
U+21C3F,pú,�
U+21C41,shǐ,�
U+21C45,qū,�
U+21C46,shǔ,�
U+21C47,diān,�
U+21C49,xiǎo,�
U+21C4A,shuǐ,�
U+21C4C,huán,�
U+21C50,yí,�
U+21C51,juān,�
U+21C54,zhǐ;qì,�
U+21C5C,zhào,�
U+21C63,xù,�
U+21C6F,lòng,�
U+21C71,zhù,�
U+21C73,suǒ,�
U+21C77,dié,�
U+21C7A,qú,�
U+21C7C,kè;kuà,�
U+21C7D,hū,�
U+21C7E,jū,�
U+21C80,qǐng,�
U+21C8D,bīng,�
U+21C95,tì,�
U+21C97,jué,�
U+21C9A,qiú,�
U+21CA3,jiàng,�
U+21CAA,yùn,�
U+21CAD,mèi,�
U+21CAE,pī,�
U+21CB0,qú,�
U+21CBC,mì,�
U+21CBF,tì,�
U+21CC2,kài,�
U+21CC4,bǐ,�
U+21CC6,qū;qù,�
U+21CCF,tiāo,�
U+21CD1,chù,�
U+21CD8,jú,�
U+21CDA,xī,�
U+21CDE,lìn,�
U+21CED,chǐ,�
U+21CEE,jī,�
U+21CF4,lú,�
U+21CF8,lì,�
U+21CFE,jué,�
U+21D05,zhū,�
U+21D06,lù,�
U+21D0E,niè,�
U+21D14,quán,�
U+21D2D,yà,�
U+21D2F,è,�
U+21D31,hù;jié,�
U+21D40,máng,�
U+21D49,wù,�
U+21D4C,chā,�
U+21D51,qīn,�
U+21D52,jié;qǐ,�
U+21D53,hóng,�
U+21D55,dān,�
U+21D56,ěn,�
U+21D57,zè,�
U+21D58,hù,�
U+21D59,àng,�
U+21D5A,jiè,�
U+21D5B,fù,�
U+21D5C,yòng,�
U+21D5E,fēng,�
U+21D6C,mù,�
U+21D76,sè,�
U+21D77,cóng,�
U+21D7B,kāng,�
U+21D82,yào,�
U+21D83,ài,�
U+21D84,bāo,�
U+21D86,pǒ,�
U+21D88,shǐ,�
U+21D89,fàn,�
U+21D8B,jú,�
U+21D8C,pí,�
U+21D8E,wèi,�
U+21D8F,kū,�
U+21D90,qié,�
U+21D91,gān,�
U+21DA2,kuàng,�
U+21DA3,suì,�
U+21DA4,bēng;yòng,�
U+21DA5,jiā,�
U+21DA6,yà,�
U+21DAA,kàn,�
U+21DAB,niè,�
U+21DAD,xíng,�
U+21DAF,xì,�
U+21DB1,lìn,�
U+21DB2,duǒ,�
U+21DB4,chǎn,�
U+21DC8,shì,�
U+21DCB,duì,�
U+21DCD,jiāng,�
U+21DCE,yǔ,�
U+21DCF,lù,�
U+21DD0,ěn,�
U+21DD3,gǔ,�
U+21DD5,wěi,�
U+21DD6,chē,�
U+21DD7,huàn;huán,�
U+21DD8,bié,�
U+21DDB,hàn,�
U+21DDC,tuí,�
U+21DDD,nà,�
U+21DDE,qǐ,�
U+21DE0,tóu,�
U+21DE1,yuān,�
U+21DE2,wáng,�
U+21DE4,wú,�
U+21DE5,gào,�
U+21DE8,kēng;xíng,�
U+21DEA,yí;níng,�
U+21DF8,xiāo,�
U+21DFA,guǐ,�
U+21DFB,yà,�
U+21DFC,suì,�
U+21DFD,sǒng,�
U+21DFF,zhuó,�
U+21E02,tū;tú,�
U+21E03,xiǎn;jiǎn,�
U+21E08,zè,�
U+21E09,lì,�
U+21E0C,zhù,�
U+21E0E,jié,�
U+21E11,tì,�
U+21E14,xié,�
U+21E15,qióng,�
U+21E17,yà,�
U+21E18,jū,�
U+21E1B,yín,�
U+21E1C,zhí,�
U+21E1E,kǎn,�
U+21E1F,zī,�
U+21E21,kē,�
U+21E23,niè,�
U+21E24,qiáng,�
U+21E25,wǎn,�
U+21E26,zé,�
U+21E28,jū,�
U+21E2A,zì,�
U+21E44,yà,�
U+21E47,lín,�
U+21E49,qí,�
U+21E4E,huí,�
U+21E53,qì,�
U+21E55,yáng,�
U+21E56,suì,�
U+21E58,qǐ,�
U+21E59,guī,�
U+21E62,qìn,�
U+21E63,ē,�
U+21E65,zuò,�
U+21E68,zè,�
U+21E69,qì,�
U+21E6A,jí,�
U+21E6C,tuó,�
U+21E6D,dié,�
U+21E6F,huì,�
U+21E70,máo,�
U+21E72,xǔ,�
U+21E75,hóu,�
U+21E76,yǎn,�
U+21E77,xiáng,�
U+21E78,cōng,�
U+21E79,hú,�
U+21E7C,àn;yǎn,�
U+21E7E,bǐng,�
U+21E87,duǒ,�
U+21E90,zhǔ,�
U+21E91,dié,�
U+21E92,yōu,�
U+21E93,qǐ,�
U+21E94,shí,�
U+21E95,xūn,�
U+21E96,yōu,�
U+21E97,kān,�
U+21E98,qiǎo,�
U+21E9B,qiāng;huà,�
U+21E9C,pén,�
U+21E9F,quán,�
U+21EA1,yíng,�
U+21EA7,shā,�
U+21EAB,tāo,�
U+21EAD,hòng,�
U+21EAE,pǐ,�
U+21EAF,yáo,�
U+21EB4,tú,�
U+21EB5,chái,�
U+21EB7,xià,�
U+21EB8,qí,�
U+21EBA,qióng,�
U+21EBD,jìn,�
U+21EC8,zhēn,�
U+21ECC,zhū,�
U+21ECE,xī,�
U+21ED0,wēng,�
U+21ED1,zhǒng,�
U+21ED5,suì,�
U+21ED8,kē,�
U+21ED9,kuò,�
U+21EDA,kǎng,�
U+21EDD,cháo,�
U+21EDE,bì,�
U+21EDF,mò,�
U+21EE0,zhù,�
U+21EE1,hàn;yán,�
U+21EE2,yǔ,�
U+21EE3,yí,�
U+21EE4,má,�
U+21EE7,qì,�
U+21EE8,gùn,�
U+21EE9,màn,�
U+21EEA,liáo;liù,�
U+21EEB,lín,�
U+21EEC,zú,�
U+21EED,lěi,�
U+21EEE,hù,�
U+21EEF,chuǎng,�
U+21EF0,qì,�
U+21EF1,léi,�
U+21F01,chī,�
U+21F03,pó,�
U+21F04,dié,�
U+21F0A,lěi,�
U+21F0E,yǐ,�
U+21F13,diàn,�
U+21F16,dūn,�
U+21F17,gāo,�
U+21F18,hū,�
U+21F1A,xiāo,�
U+21F1B,gá,�
U+21F1C,pēng,�
U+21F2C,shěn,�
U+21F31,wéi,�
U+21F3B,duì,�
U+21F3C,cháo,�
U+21F3D,yǐn,�
U+21F3E,kuài,�
U+21F3F,kū,�
U+21F41,zuì,�
U+21F42,gǔ,�
U+21F45,yùn,�
U+21F46,zhì,�
U+21F49,jì,�
U+21F4A,chēng,�
U+21F56,xiè,�
U+21F5B,zuǐ,�
U+21F5C,án,�
U+21F5D,hāo,�
U+21F60,pǒ,�
U+21F62,dí,�
U+21F63,yè,�
U+21F67,náo,�
U+21F71,jié,�
U+21F72,bàng,�
U+21F73,lǎn,�
U+21F74,cáng,�
U+21F76,bì,�
U+21F7B,zhǎn,�
U+21F7C,qì,�
U+21F82,náo,�
U+21F85,lǜ,�
U+21F87,kuàng,�
U+21F89,mó,�
U+21F8B,lěi;léi,�
U+21F8C,páo,�
U+21F92,lì,�
U+21F93,céng,�
U+21F95,dàng,�
U+21F96,lěi,�
U+21F99,è,�
U+21F9B,bèng,�
U+21F9C,jué;huò,�
U+21FA5,xuán,�
U+21FA6,niè,�
U+21FA8,hài,�
U+21FAE,xiǎn,�
U+21FB0,jiǎn,�
U+21FB1,mí,�
U+21FB2,niè,�
U+21FBB,cáng,�
U+21FBC,sǒng,�
U+21FBD,zēng,�
U+21FBE,yì,�
U+21FC2,chóng,�
U+21FC4,cáng,�
U+21FC9,lěi,�
U+21FCA,nuó,�
U+21FCB,lì,�
U+21FCE,lí,�
U+21FCF,luó,�
U+21FD3,tǎng,�
U+21FD6,niè;yà,�
U+21FD7,niè,�
U+21FD9,jī,�
U+21FDB,lěi,�
U+21FDD,nàng,�
U+21FE0,lín,�
U+21FE1,líng,�
U+21FE4,xián,�
U+21FE5,yù,�
U+21FE7,zāi,�
U+21FE8,quǎn,�
U+21FE9,liè,�
U+21FEF,yù,�
U+21FF0,huāng,�
U+21FFA,nǎo,�
U+21FFC,xùn,�
U+21FFE,jú,�
U+21FFF,huò,�
U+22001,yì,�
U+2200A,xī,�
U+2200B,sè,�
U+2200C,jiǎo,�
U+2200D,yōng,�
U+22015,shī,�
U+22016,jīng,�
U+22017,wàn,�
U+22018,yě,�
U+22019,jiū,�
U+2201C,gǒng,�
U+22021,huī;zuǒ,�
U+2202A,ěr,�
U+22035,hàn,�
U+2203C,fú,�
U+22040,fú,�
U+22041,zhuó,�
U+22042,jī;jì,�
U+2204F,bāng,�
U+22052,qí,�
U+22053,shǐ;hài,�
U+22055,diǎo,�
U+22056,pèi,�
U+22057,xiǎn;gàn,�
U+22058,sān,�
U+2205D,cháng,�
U+2205E,yuē,�
U+22060,gōng,�
U+22062,wū,�
U+22064,fēn,�
U+22067,chǎn,�
U+22069,nèi,�
U+2206A,jué,�
U+2206C,zhǎo,�
U+2206E,qián,�
U+22071,ǎo,�
U+22076,wǎng,�
U+22077,zhōng,�
U+22079,huāng,�
U+2207B,bù,�
U+2207C,zhǔ,�
U+2207D,bì,�
U+2207E,chāo,�
U+2207F,zhēng,�
U+22080,fú,�
U+22081,kōu;qú,�
U+22083,zuó,�
U+22084,xuàn,�
U+22086,fù,�
U+2208A,yǎo,�
U+2208D,bō,�
U+2208F,bèi,�
U+22090,xié,�
U+22091,shì,�
U+22092,yí,�
U+22094,hóng,�
U+22095,cuì,�
U+22097,yì,�
U+22098,zhuān,�
U+2209D,chì,�
U+220A4,pō;lù,�
U+220A8,yín,�
U+220B1,yuàn,�
U+220B6,jiōng,�
U+220B9,mào,�
U+220BA,qiàn,�
U+220BC,yì,�
U+220C0,wú,�
U+220CD,bēi,�
U+220CE,huò,�
U+220CF,cóng,�
U+220D0,kōng,�
U+220D5,tà,�
U+220D7,hàn,�
U+220D8,qiàn,�
U+220DC,zhí,�
U+220E2,sè,�
U+220E5,qiān,�
U+220E6,guǒ,�
U+220E9,gǔn;juǎn,�
U+220EC,jiān,�
U+220ED,zhōng,�
U+220EE,miǎn,�
U+220EF,guǐ,�
U+220F0,shì,�
U+220F1,móu,�
U+220F2,è,�
U+220F3,bǎ,�
U+220F4,là,�
U+220F8,zhòu,�
U+220FA,jí,�
U+22100,zǎo,�
U+22104,zhā,�
U+22105,yì,�
U+22107,gǒu,�
U+2210A,guī,�
U+2210B,yīng,�
U+2210C,shǎi,�
U+2210D,hé;gé,�
U+2210E,bàng,�
U+2210F,mò,�
U+22110,méng,�
U+22113,wù,�
U+22114,dài,�
U+22117,jiǒng,�
U+2211C,hàn,�
U+2211F,tōng,�
U+22120,kōu,�
U+22121,lí,�
U+22122,zhì,�
U+22123,huì,�
U+22124,zǎn,�
U+22126,diǎo,�
U+22127,cù,�
U+22131,zhì,�
U+22133,kuǎ,�
U+22135,xiàng,�
U+22136,huà,�
U+22137,liáo,�
U+22138,cuì,�
U+22139,qiāo,�
U+2213A,jiǎo,�
U+2213C,xū,�
U+2213D,èr,�
U+2213F,tuō,�
U+22140,tán,�
U+22141,zhì,�
U+22148,nǎo,�
U+22149,mào,�
U+2214A,dì,�
U+2214B,céng,�
U+2214E,jiǎo,�
U+2214F,lián,�
U+22151,shā,�
U+22152,dàn,�
U+22155,suì,�
U+22156,lián,�
U+22157,guò,�
U+2215A,biǎo;biāo,�
U+2215C,cì,�
U+2215D,diàn,�
U+2215E,lǜ,�
U+2215F,nǐ,�
U+22160,yǎn,�
U+22161,lán,�
U+22164,gài,�
U+22165,chú,�
U+22169,bì,�
U+2216A,zú,�
U+2216B,huì,�
U+2216D,lǎi,�
U+2216E,xián,�
U+2216F,fèn,�
U+22170,hè,�
U+22179,yào,�
U+2217A,zhǎn,�
U+2217C,néi,�
U+2217E,luǒ,�
U+22180,yuán,�
U+22182,néng,�
U+22189,rěn,�
U+2219C,gé,�
U+2219E,jiǎn,�
U+2219F,píng,�
U+221A3,biè,�
U+221A6,jiàn,�
U+221A9,bìng,�
U+221AF,mì;xuán,�
U+221B0,hù,�
U+221B4,diǎo,�
U+221B6,yōu;zī,�
U+221B7,yāo;miào,�
U+221B8,bēng,�
U+221BA,chén,�
U+221BB,jī;duì,�
U+221BD,yāo,�
U+221C7,guān,�
U+221C8,yàn,�
U+221D5,chǐ,�
U+221D7,shà,�
U+221D8,yǎn,�
U+221D9,yì,�
U+221DA,yì,�
U+221DB,chè;chǐ,�
U+221DE,hàn,�
U+221DF,huāng,�
U+221E4,shuì,�
U+221E5,suì,�
U+221E6,rén,�
U+221E7,tán,�
U+221E8,zhǐ,�
U+221EA,fàn,�
U+221EB,fěng,�
U+221F0,tán,�
U+221F2,mí,�
U+221F3,pí,�
U+221F4,bù,�
U+221F5,nà,�
U+221F6,tián,�
U+221F7,bá,�
U+221F8,yì,�
U+22202,yǎn,�
U+22204,tiāo,�
U+22206,yáo,�
U+22207,shěn,�
U+22208,kē;wā,�
U+22209,tóng,�
U+2220B,xuǎn,�
U+22213,yòu,�
U+22215,bài,�
U+22219,xiá,�
U+2221A,lǚ,�
U+2221B,kùn,�
U+2221C,zāng,�
U+2221D,qiú,�
U+22220,cù;là,�
U+22221,zuī,�
U+22222,lǒu,�
U+22224,xiá,�
U+2222F,shēn,�
U+22232,pú,�
U+22234,jīng,�
U+22235,qiāng,�
U+22236,yì;sī,�
U+22238,niè,�
U+22239,duī;tuí,�
U+2223B,jié,�
U+2223C,suì,�
U+2223D,zhàn,�
U+2223E,cōu,�
U+22241,bēng,�
U+22242,guān,�
U+22243,shě,�
U+22245,jìn,�
U+22246,dì,�
U+22251,dān,�
U+22253,nǎi,�
U+22255,nóu,�
U+22257,jí,�
U+22258,yán,�
U+2225A,nòu,�
U+2225C,dù;tú,�
U+2225D,wèi,�
U+2225E,piān,�
U+22262,hú,�
U+22264,jià,�
U+22265,yè,�
U+22266,jǔn,�
U+22267,lán;lián,�
U+22268,là,�
U+22269,yīn,�
U+2226D,tuí,�
U+22275,nǎo,�
U+2227A,zǔ,�
U+2227F,mà,�
U+22280,sī;mà,�
U+22281,zhì,�
U+22284,huī,�
U+22285,zhuì,�
U+22287,huì,�
U+2228D,chú,�
U+2228F,chè,�
U+22292,xiū,�
U+22293,lán,�
U+22295,cōng,�
U+22296,shèn,�
U+22297,mò,�
U+22298,yī,�
U+22299,yáo,�
U+2229A,xǐ,�
U+2229B,zuǐ,�
U+2229C,bìng,�
U+222A7,yú,�
U+222A9,lù,�
U+222AE,tuí,�
U+222AF,wěi,�
U+222B1,fén,�
U+222B2,shěn,�
U+222BB,liáo,�
U+222C2,shǔ,�
U+222C3,dǎn,�
U+222C4,juǎn,�
U+222C5,yú,�
U+222C6,xìn,�
U+222C7,yáo,�
U+222C8,sū,�
U+222D2,huó,�
U+222D4,qiān,�
U+222DA,má,�
U+222DD,kǎi,�
U+222E1,lǔ,�
U+222E3,yōu,�
U+222EE,xiàn,�
U+222F9,wú,�
U+222FB,yǐn,�
U+222FC,xī,�
U+222FF,zhāi,�
U+22300,xiè,�
U+22304,qú,�
U+22308,lí,�
U+2230D,qiān,�
U+22314,líng,�
U+22315,luán,�
U+2231A,chān,�
U+22326,zhèng,�
U+22328,yán,�
U+22332,yìn,�
U+22333,kuí,�
U+22337,qū,�
U+22339,fú,�
U+2233B,yù,�
U+22341,qí;bì,�
U+22346,qì;qiè,�
U+22347,jì,�
U+22348,yuān;zàng,�
U+2234E,gào,�
U+2234F,juàn,�
U+22351,qí,�
U+22353,gǎi,�
U+22355,quàn,�
U+2235A,wèi,�
U+22367,zhì,�
U+2236B,jiǎn,�
U+2236D,sì,�
U+22370,yì;zé,�
U+22371,qiān,�
U+2237C,lì,�
U+2237F,zāng,�
U+22380,yì,�
U+22382,cái,�
U+22383,yì,�
U+22384,gē,�
U+22386,dié,�
U+22388,zhī,�
U+22389,yì,�
U+2238B,zāi,�
U+2238C,dài,�
U+2238E,sù,�
U+22394,jié,�
U+22395,chèn,�
U+22396,qú,�
U+22398,hàn,�
U+22399,xián,�
U+223A0,quán;juàn,�
U+223A1,jié,�
U+223A5,juàn,�
U+223AA,dàn,�
U+223AD,jīn,�
U+223B4,bīng,�
U+223B5,hú,�
U+223B9,jué,�
U+223BB,yú,�
U+223C3,lǐ,�
U+223C4,qiáng,�
U+223C5,shuǐ,�
U+223C6,kū,�
U+223C8,zhěn,�
U+223CD,fú,�
U+223CE,shēn,�
U+223D2,chuí,�
U+223D5,tóng,�
U+223D7,yì,�
U+223D9,yáng,�
U+223DC,tuó,�
U+223DD,zhōu,�
U+223DE,jí,�
U+223E4,xùn,�
U+223E6,shěn,�
U+223E7,xuān,�
U+223ED,liú,�
U+223EE,yuān,�
U+223EF,hú;shǐ,�
U+223F0,zhèng,�
U+223F3,pēng;bēng,�
U+223F7,jué,�
U+22402,zhì,�
U+22403,piān,�
U+22404,yuàn,�
U+22406,jiān,�
U+2240A,páng,�
U+2240E,zhuàn,�
U+22410,xián,�
U+22412,bēng,�
U+22414,cōng,�
U+22416,mò,�
U+2241A,guó,�
U+2241E,chéng,�
U+2241F,qiāo,�
U+22426,bì,�
U+22429,qiǎng,�
U+2242B,zhōu,�
U+22432,fán,�
U+22433,biē,�
U+2243E,bó,�
U+2243F,rǎng;rǒng,�
U+22445,dǐng,�
U+22446,quán,�
U+22447,jiù,�
U+22448,yáo,�
U+22453,xiá,�
U+22456,zǎo,�
U+2245D,dān,�
U+2245F,wǔ,�
U+22460,tuó,�
U+22462,hū,�
U+22467,xī,�
U+2246C,lái,�
U+2246E,fēi,�
U+22479,hú,�
U+22486,xiān,�
U+22489,shǎn,�
U+2248D,fèi,�
U+22490,cuò,�
U+22492,fú,�
U+22494,chù,�
U+2249D,diū,�
U+2249E,làn,�
U+224A9,xǐ,�
U+224AF,biāo,�
U+224B0,yù,�
U+224B1,suì,�
U+224B2,xǐ,�
U+224B7,póu,�
U+224B9,shǎn,�
U+224BE,jiào,�
U+224C0,yì,�
U+224C3,wán,�
U+224C4,jǐ,�
U+224C6,wán,�
U+224C7,tuì;nà,�
U+224CB,àng,�
U+224CD,tiān,�
U+224CE,chí,�
U+224D2,rán,�
U+224D4,sà,�
U+224D5,yín,�
U+224D6,pī,�
U+224D7,cǐ,�
U+224D8,tóng;tāo,�
U+224D9,yǐn,�
U+224DC,gé,�
U+224DD,tiāo,�
U+224DE,zhēng,�
U+224DF,zhòu,�
U+224E1,yí;tí,�
U+224E2,kuà,�
U+224E3,sōng,�
U+224E7,dì,�
U+224EC,xié,�
U+224EE,xiāo,�
U+224EF,guàng;wǎng,�
U+224F0,tuǒ,�
U+224F1,fēng;fèng,�
U+224F2,wú;hú,�
U+224F5,xiù,�
U+224FF,yóu,�
U+22501,líng,�
U+22502,yàn,�
U+22505,dōng,�
U+22506,qì,�
U+22507,táo,�
U+22508,hán,�
U+2250A,chí,�
U+2250B,sōng,�
U+22511,quǎn,�
U+22514,hàn;jí,�
U+2251F,rǒu;niǔ,�
U+22520,qì,�
U+22521,kāi,�
U+22522,yú,�
U+22523,chā;shà,�
U+22524,chèng,�
U+22525,yù,�
U+22527,bìng,�
U+22529,cōng;sǒng,�
U+2252A,zhū,�
U+2252C,yù,�
U+22531,jué;què,�
U+22532,liù,�
U+22533,sāo,�
U+22534,yù,�
U+22545,shuài,�
U+2254B,yuàn,�
U+2254E,zhāng,�
U+22551,shuài,�
U+22553,chǔ,�
U+22554,zhāng;zhàng,�
U+22555,sǎn;sàn,�
U+22556,xiān,�
U+22558,cuī,�
U+22559,měng,�
U+2255A,dí,�
U+2255E,zhì,�
U+2255F,ào,�
U+22566,xiū,�
U+22568,pián,�
U+2256A,jiào,�
U+2256B,kuǎn,�
U+2256C,sà,�
U+2256D,xiàn,�
U+2256E,zhà,�
U+2256F,diàn,�
U+22577,yí,�
U+2257A,huì,�
U+2257B,shàn,�
U+22584,chóng,�
U+22585,yí,�
U+22586,xiè,�
U+22587,zhì,�
U+22588,tiào,�
U+2258A,pīng,�
U+2258B,xián,�
U+2258E,xiān,�
U+2258F,sù,�
U+22591,cuán,�
U+22597,sǒng,�
U+2259B,hēi,�
U+2259D,xiàn,�
U+2259F,yóu,�
U+225A1,yù,�
U+225A4,tái,�
U+225A6,jué,�
U+225A7,nàng,�
U+225A9,diān,�
U+225AB,yì,�
U+225AC,bì,�
U+225B3,xū,�
U+225B4,yì,�
U+225B5,rù,�
U+225B7,gōng,�
U+225BA,yì,�
U+225BF,zhì,�
U+225C0,xīn,�
U+225C2,jì,�
U+225C4,xià,�
U+225C8,zhāo,�
U+225C9,nè,�
U+225CA,xiè;jiá,�
U+225CE,yì,�
U+225EB,fǔ,�
U+225ED,shè,�
U+225EF,yuán,�
U+225F0,fǎn,�
U+225F2,fū,�
U+225F3,wù,�
U+225F4,xī,�
U+225F5,hǒng,�
U+225F9,jì,�
U+225FA,chàng,�
U+225FF,mò,�
U+22600,pèi,�
U+22603,mú;wǔ,�
U+22604,qiú,�
U+22605,mào;róu,�
U+22607,dá;dàn,�
U+22609,xiá,�
U+2260A,shēn,�
U+2260B,tè,�
U+2260C,hóng,�
U+2260D,bì;fú,�
U+2261D,nǐ,�
U+2261F,qiáo,�
U+22627,ruǎn,�
U+22638,jiàng,�
U+22639,chā,�
U+2263A,mǐ;mí,�
U+2263D,yì,�
U+2263F,suō,�
U+22641,wù,�
U+22642,xuān,�
U+22645,xí,�
U+22647,yǐ,�
U+22650,náo,�
U+22653,wèi,�
U+2266E,kàn,�
U+22671,lòng,�
U+22672,lǚ,�
U+22673,zhuǎng,�
U+2267A,zhì,�
U+2267C,xìng,�
U+2267E,gěng,�
U+2267F,jìn,�
U+22680,xiàn,�
U+22681,jì,�
U+22682,cuò,�
U+22684,láo,�
U+22685,fěn,�
U+22686,jù,�
U+2268B,miào,�
U+2268C,xiá,�
U+22691,sù,�
U+226A8,zhì,�
U+226AA,hù,�
U+226AB,kòu,�
U+226AD,suǒ,�
U+226AE,nì,�
U+226BA,tēng,�
U+226BB,zhù,�
U+226C1,dá;chè,�
U+226C3,qiú,�
U+226C4,yà,�
U+226C6,xián,�
U+226C9,nèi,�
U+226CD,zhǐ,�
U+226CE,bié,�
U+226D2,chǒng,�
U+226D3,lán,�
U+226D4,dōng,�
U+226D5,qūn,�
U+226D6,xiàng,�
U+226D8,xiáo,�
U+226D9,wǎn,�
U+226DA,rù,�
U+226DB,wàng,�
U+226DC,nì,�
U+226DE,bāi,�
U+226DF,yà,�
U+226E5,sī,�
U+226E6,yǐn,�
U+226E8,yù,�
U+226EE,lí,�
U+226EF,huò,�
U+22717,bàng,�
U+22723,xī,�
U+22725,jiū,�
U+22728,xiè;dié,�
U+22729,qiān,�
U+2272A,nuò;ruò,�
U+2272B,xǐng,�
U+2272C,duó,�
U+2272D,jǐ,�
U+2272E,wǔ,�
U+2272F,mú;móu;mǔ,�
U+22730,yàn;yǎn,�
U+22731,qì,�
U+22732,ná,�
U+22733,chì,�
U+22734,hóu,�
U+22736,sào,�
U+22738,náo,�
U+2273B,chěng,�
U+2273C,chěng,�
U+2273D,kuí;kuǐ,�
U+2273F,jià,�
U+22740,tú,�
U+22741,hōng,�
U+22742,dú,�
U+22745,xiá,�
U+22746,zhòng,�
U+22747,huò,�
U+22748,chóng,�
U+22749,dá,�
U+2274C,mào,�
U+2274D,yào,�
U+22753,juān,�
U+2276C,shì,�
U+2276F,yín,�
U+22773,gǔ,�
U+22774,wù,�
U+22778,guò,�
U+22779,tì,�
U+2277B,hōng,�
U+22787,rě,�
U+22789,yí,�
U+2278B,tǔn,�
U+2278F,qióng,�
U+22790,hài,�
U+22792,qì,�
U+22795,huò,�
U+22796,tì,�
U+22797,pī;bī,�
U+2279A,gěng,�
U+2279C,xiè,�
U+2279E,mì;mí,�
U+2279F,gào,�
U+227A0,tā,�
U+227A1,xiǎng,�
U+227A3,shū,�
U+227A6,fú,�
U+227AC,zhuān,�
U+227AD,liù,�
U+227C5,yóu,�
U+227CA,chěng,�
U+227CB,duī,�
U+227E2,lí,�
U+227E3,yàng,�
U+227E4,lí,�
U+227E7,lǔ,�
U+227E8,mǔ,�
U+227E9,suì,�
U+227EA,ài;xì,�
U+227ED,kòu,�
U+227EF,zhé;shì,�
U+227F0,ài,�
U+227F1,téng,�
U+227F3,lǜ,�
U+227F4,tuí,�
U+227F5,bī,�
U+227FE,huì,�
U+227FF,huán,�
U+2281B,kuò,�
U+2281D,xīn,�
U+22821,sào,�
U+2282B,shù,�
U+2282C,què,�
U+2282D,bā,�
U+2282E,tuì,�
U+22832,fù,�
U+22833,biē,�
U+22835,tǎng,�
U+22837,xiàng,�
U+22839,sī;xī,�
U+2283A,bó,�
U+2283C,mái,�
U+2283D,dàng,�
U+2283F,guì,�
U+22840,hēi,�
U+22841,xī,�
U+22842,dàng,�
U+22843,yì,�
U+22845,bī,�
U+22847,gū,�
U+22848,cuì,�
U+22849,sè,�
U+2284D,gé,�
U+2284E,yù,�
U+2284F,nǎ,�
U+22851,lì,�
U+22852,zhì,�
U+22870,zhào,�
U+22874,jī,�
U+22875,ruǎn,�
U+22879,chòng,�
U+22882,jié,�
U+2288C,chàng,�
U+2288D,zhé,�
U+22892,sū;sù,�
U+22893,yōng,�
U+22896,qì,�
U+22897,zhuó,�
U+2289A,kài,�
U+2289C,yè,�
U+2289E,qì;jì;kuài,�
U+228B9,xiòng,�
U+228C9,yī,�
U+228CA,chǒu,�
U+228CE,tuǎn,�
U+228CF,ài,�
U+228D0,pīn,�
U+228D3,liè,�
U+228D4,mián,�
U+228D5,ài;chī,�
U+228D7,mǒ,�
U+228D8,wèi,�
U+228D9,yìng,�
U+228DA,nǐ,�
U+228DE,bó,�
U+228E0,liù,�
U+228F3,ruì,�
U+228F5,chú,�
U+228FB,lǘ,�
U+228FC,chá,�
U+228FF,chù,�
U+22901,sào,�
U+22902,lí,�
U+22904,sōng,�
U+22906,lì;là,�
U+2290B,xì,�
U+2290D,yān,�
U+2290E,cuō;zuǒ,�
U+22910,liú,�
U+22918,méng,�
U+2291A,zhàn,�
U+22924,zhuàng,�
U+22927,miǎo,�
U+22929,lì,�
U+2292B,jǔ,�
U+2292F,xiè,�
U+22930,xiè,�
U+22931,lǒng,�
U+22932,lóng,�
U+22942,téng,�
U+22943,zhù,�
U+2294B,chán,�
U+2294C,xiǎn,�
U+2294F,yíng,�
U+22950,pèi,�
U+22958,xié,�
U+2295A,jiào,�
U+2295E,chōng,�
U+22973,hē,�
U+2297D,tǔn,�
U+22985,hǒng;zhuàng,�
U+22988,mán,�
U+2298A,jīn,�
U+2298C,qú,�
U+2298D,dǒu,�
U+2298E,qiú,�
U+2298F,zāi,�
U+22991,shēng,�
U+22992,zāi,�
U+22995,yǐ;zhí,�
U+2299A,huà,�
U+2299F,kān,�
U+229B0,yuè,�
U+229B1,nì,�
U+229B2,sī,�
U+229B4,wǒ,�
U+229B8,cán,�
U+229BA,jiān,�
U+229BC,miè,�
U+229BD,sháo;qī,�
U+229BF,rǒng,�
U+229C0,gān,�
U+229C5,qiáng,�
U+229C7,shú,�
U+229C8,zhuó,�
U+229CF,shī,�
U+229D1,tì,�
U+229D6,zhá,�
U+229D7,zhān,�
U+229DD,fèn,�
U+229DE,miè,�
U+229E0,zè,�
U+229E4,zhì,�
U+229E5,qiān,�
U+229E6,hàn,�
U+229E7,gé,�
U+229EE,cán,�
U+229F0,guó,�
U+229F1,jiāo,�
U+229F3,yōng,�
U+229F4,áo,�
U+229FB,zhá,�
U+229FD,xì,�
U+22A01,xū,�
U+22A02,wǔ,�
U+22A0F,jué,�
U+22A10,jí;jī,�
U+22A12,chì,�
U+22A14,wǎn,�
U+22A16,miè,�
U+22A17,zéi,�
U+22A1C,jié,�
U+22A1D,shí,�
U+22A1F,xī;xì,�
U+22A21,è,�
U+22A25,hù,�
U+22A26,hù,�
U+22A28,lì,�
U+22A2B,chù,�
U+22A2E,yī,�
U+22A2F,mǎo,�
U+22A30,xū,�
U+22A31,zhōng,�
U+22A33,yì,�
U+22A3A,liáo,�
U+22A3F,jiān,�
U+22A40,jiǎn,�
U+22A41,jú,�
U+22A44,zhù,�
U+22A48,wǔ,�
U+22A4F,kè,�
U+22A50,kě,�
U+22A51,lì,�
U+22A52,bǐ,�
U+22A53,gé,�
U+22A55,xū,�
U+22A56,shā,�
U+22A57,líng,�
U+22A58,kē,�
U+22A5E,bó,�
U+22A5F,biān,�
U+22A60,shuān,�
U+22A61,qí,�
U+22A62,shàn,�
U+22A66,jī,�
U+22A68,qiǎo;xiǔ,�
U+22A6E,yì,�
U+22A6F,jué,�
U+22A70,zhǎng,�
U+22A72,xìn,�
U+22A77,tuō,�
U+22A78,hài,�
U+22A79,xià,�
U+22A7B,tuó,�
U+22A7C,yí,�
U+22A83,cù,�
U+22A87,jiāng,�
U+22A88,nán,�
U+22A8B,pěng;féng;bàng,�
U+22A8D,jié;jiā,�
U+22A8E,xuē,�
U+22A8F,hú;gǔ,�
U+22AA5,yǒu,�
U+22AA6,nǔ,�
U+22AA7,yè,�
U+22AAA,yìn,�
U+22AAC,kǒng,�
U+22AB6,xiāo,�
U+22AB7,xiāng,�
U+22ABC,náo,�
U+22ABE,zhàng,�
U+22AD0,jié,�
U+22AD3,nǔ,�
U+22AD4,shàn;quán,�
U+22AE2,jiá,�
U+22AE7,zhǒu,�
U+22AE8,rǒng;rēng,�
U+22AEB,lù,�
U+22AEC,sà;cuō;shā,�
U+22AED,nù,�
U+22AEF,bó,�
U+22AF0,zhé,�
U+22AF2,qǐn,�
U+22AF4,cī,�
U+22AF5,zú,�
U+22AF7,wǒ,�
U+22AF8,wǔ;wū,�
U+22AFB,nié,�
U+22AFF,xiān,�
U+22B00,hóng,�
U+22B2B,tìng,�
U+22B2C,jǐn,�
U+22B31,jié,�
U+22B32,hè,�
U+22B33,tū,�
U+22B34,zhé;niè;dié,�
U+22B35,pīn;pān;biàn;fān,�
U+22B36,jìn,�
U+22B37,nàn,�
U+22B3C,dùn,�
U+22B3E,xī,�
U+22B3F,xiè,�
U+22B41,xì,�
U+22B42,láo,�
U+22B43,duǎn;dòu,�
U+22B44,jì,�
U+22B45,chā,�
U+22B46,chōu,�
U+22B48,gāng,�
U+22B4E,xiáng,�
U+22B4F,dǎo,�
U+22B65,biàn,�
U+22B66,xiāo,�
U+22B67,xīn,�
U+22B81,yǔ,�
U+22B82,xián,�
U+22B83,lí,�
U+22B84,qiǎn,�
U+22B87,měi,�
U+22B89,qiāo,�
U+22B8A,yà,�
U+22B8C,qiā;jié,�
U+22B8D,qiòng,�
U+22B8F,bàng,�
U+22B90,zhēng,�
U+22B9A,zè,�
U+22B9B,shuàn;tuán,�
U+22B9E,sào,�
U+22BC5,lù;jué,�
U+22BC9,xié,�
U+22BCB,fǔ,�
U+22BCC,zhài,�
U+22BE9,zè,�
U+22BEB,duàn;wǎn,�
U+22BED,dèng,�
U+22BEE,yù,�
U+22BF0,lǜ,�
U+22BF2,wàn,�
U+22BF3,xué,�
U+22BF4,jiǎo,�
U+22BF5,yuě,�
U+22BF6,zhì,�
U+22BF7,wěi;huī,�
U+22BF9,gé,�
U+22BFA,jǔ,�
U+22BFC,yǎn,�
U+22BFD,cuò,�
U+22BFE,mào,�
U+22C06,fú,�
U+22C07,āi,�
U+22C0A,xuān,�
U+22C0C,gāng,�
U+22C0D,ān,�
U+22C12,jí,�
U+22C18,pí,�
U+22C19,zhǐ,�
U+22C1C,nuó,�
U+22C3F,pàn,�
U+22C41,yí,�
U+22C44,jié,�
U+22C46,zī,�
U+22C48,jià,�
U+22C49,wǎi,�
U+22C4C,jià,�
U+22C5F,chǎn;chī,�
U+22C61,suǒ,�
U+22C62,suǒ;sè,�
U+22C63,jí,�
U+22C64,sǒng,�
U+22C66,tī,�
U+22C67,pī,�
U+22C68,pó,�
U+22C6E,mì,�
U+22C74,yè,�
U+22C76,qìn,�
U+22C77,jìn,�
U+22C7A,juē,�
U+22C7D,yuān,�
U+22C7E,ruán,�
U+22C94,bàn;bān;pān,�
U+22CB0,bīn,�
U+22CB4,wèi,�
U+22CB5,zào,�
U+22CB6,qiè,�
U+22CB7,sōu,�
U+22CB8,lǔ,�
U+22CBC,dié,�
U+22CBD,chuāi,�
U+22CBE,bì,�
U+22CBF,zhú,�
U+22CC0,mā;mó,�
U+22CC1,fèi,�
U+22CC2,piē,�
U+22CC3,yìn,�
U+22CC4,xuàn;xuán,�
U+22CC6,ào;áo,�
U+22CC7,zhuó;zú,�
U+22CC8,zú,�
U+22CCB,bǐ,�
U+22CD1,làng,�
U+22CD3,tì,�
U+22CD9,tiǎo,�
U+22CDA,jiān,�
U+22CDF,tǒng,�
U+22CFD,duō,�
U+22CFE,dòng,�
U+22D02,biǎn,�
U+22D20,zhì,�
U+22D22,fén,�
U+22D26,káng,�
U+22D27,zhì,�
U+22D28,zhāi;zhì;chì,�
U+22D29,bì,�
U+22D2A,kuǎn,�
U+22D2C,bàn,�
U+22D2D,juē,�
U+22D2E,qū,�
U+22D30,qī,�
U+22D31,léi,�
U+22D32,xié;jié,�
U+22D33,tāng,�
U+22D3C,sōu,�
U+22D3E,bèi,�
U+22D47,yàng,�
U+22D48,jiǎn;zhǎn,�
U+22D65,zào,�
U+22D80,zhuài;chuái,�
U+22D83,fán,�
U+22D85,shé,�
U+22D87,qióng,�
U+22D89,pò,�
U+22D8B,tiě,�
U+22D8C,shā,�
U+22D8D,zá;sà,�
U+22D91,niǎo,�
U+22D92,guài,�
U+22D93,cuǐ,�
U+22DA1,qiào;jiǎo,�
U+22DA3,dié,�
U+22DB3,pīn,�
U+22DB4,cí,�
U+22DB6,bàng,�
U+22DCD,yìn,�
U+22DD1,xiǎn,�
U+22DD4,yǐ,�
U+22DD5,miǎo,�
U+22DD6,duǎn,�
U+22DD7,zhòu,�
U+22DD9,kōng,�
U+22DE2,zhāng,�
U+22DF6,liú,�
U+22DF8,zhǐ,�
U+22DF9,chǎn,�
U+22DFA,dú,�
U+22DFB,yuán,�
U+22DFE,suò;cè,�
U+22DFF,jié,�
U+22E00,lì,�
U+22E01,gǒng,�
U+22E0C,bāng,�
U+22E17,guó,�
U+22E18,liáo,�
U+22E19,shěn,�
U+22E23,niǎo,�
U+22E25,cuàn,�
U+22E26,wěi,�
U+22E28,tuō,�
U+22E2B,sū,�
U+22E2D,lóng,�
U+22E33,xiāo,�
U+22E34,yǎn;yán,�
U+22E43,qǐng,�
U+22E4D,xī,�
U+22E4F,yú,�
U+22E51,zhèng;zhēng,�
U+22E52,xiè,�
U+22E53,chāi,�
U+22E54,fèn,�
U+22E56,guó,�
U+22E58,jǐng,�
U+22E59,làn,�
U+22E5A,xiān,�
U+22E5D,líng,�
U+22E6E,lěi,�
U+22E72,jùn,�
U+22E73,xiào,�
U+22E7C,zá,�
U+22E84,guān,�
U+22E85,qiè,�
U+22E86,luò,�
U+22E87,yào,�
U+22E88,luán,�
U+22E89,tà,�
U+22E91,luò,�
U+22E9E,bǎ,�
U+22E9F,chàn,�
U+22EA1,zhuó,�
U+22EAB,tiǎo,�
U+22EAF,wān,�
U+22EB0,líng;lìng,�
U+22EB4,yù,�
U+22EB5,qì;qǐ,�
U+22EB7,qí,�
U+22EBC,jì,�
U+22EBD,bó;jiào,�
U+22EBF,shī,�
U+22EC0,fǔ,�
U+22EC2,guī,�
U+22EC5,diǎn,�
U+22EC7,hāo,�
U+22EC9,gǎi,�
U+22ECB,qí,�
U+22ED3,chéng,�
U+22ED4,huì,�
U+22ED7,xiá;guī,�
U+22ED8,shí,�
U+22ED9,zhì,�
U+22EDA,qí,�
U+22EDC,hài,�
U+22EDF,jiǎo,�
U+22EE0,lì,�
U+22EE2,liǎo,�
U+22EE4,qiāo;qiáo,�
U+22EE8,sà,�
U+22EEA,qī,�
U+22EEB,shī,�
U+22EEE,jié;fú,�
U+22EF5,bèi;lù,�
U+22EF6,biān,�
U+22EF7,bā,�
U+22EF8,jūn,�
U+22EF9,pī,�
U+22EFC,dǎn,�
U+22EFF,táng,�
U+22F00,kuǐ,�
U+22F01,kū,�
U+22F03,kǒu,�
U+22F09,shī,�
U+22F0A,shī;tuó,�
U+22F0B,jī,�
U+22F0C,bào,�
U+22F10,kě,�
U+22F11,kuāng,�
U+22F16,mǐn,�
U+22F19,liáo,�
U+22F1A,è,�
U+22F1B,gé;guó;è,�
U+22F1F,wǎng,�
U+22F20,duó,�
U+22F23,qià,�
U+22F24,huá,�
U+22F26,hǒng,�
U+22F29,pēng,�
U+22F2B,jiào,�
U+22F30,qū,�
U+22F31,zì,�
U+22F32,zhòu,�
U+22F33,kuāng,�
U+22F35,shā,�
U+22F37,jì,�
U+22F38,wēi;wéi,�
U+22F39,pū;bǔ,�
U+22F3A,xué,�
U+22F3C,shāo,�
U+22F42,láng,�
U+22F43,zhǐ,�
U+22F44,tǐng,�
U+22F47,dà,�
U+22F55,yáng,�
U+22F56,jìn,�
U+22F57,zhǐ,�
U+22F5A,zhuó;dū,�
U+22F5C,zá,�
U+22F5D,chán,�
U+22F62,mào,�
U+22F66,kōng,�
U+22F67,zhōu,�
U+22F68,hū,�
U+22F69,pēng,�
U+22F6D,jiù,�
U+22F78,chuò,�
U+22F79,mǐn,�
U+22F7E,xiào,�
U+22F80,dǔ,�
U+22F81,wéi,�
U+22F83,cán,�
U+22F84,yú,�
U+22F85,dù,�
U+22F86,kāi,�
U+22F87,pì,�
U+22F8A,chéng,�
U+22F8E,chǔn,�
U+22F90,shǎo,�
U+22F91,yǎn,�
U+22F92,kuài,�
U+22F94,yuē,�
U+22FA6,qí,�
U+22FA7,zhēng,�
U+22FA9,kè,�
U+22FAA,qí,�
U+22FAB,zhǐ,�
U+22FAC,lù,�
U+22FB1,pī,�
U+22FB2,nuò,�
U+22FB3,pǎo,�
U+22FBA,fěi,�
U+22FBF,wén,�
U+22FC2,méng,�
U+22FC8,shǎn,�
U+22FCC,xiòng;xuàn,�
U+22FCE,duò,�
U+22FCF,biào;pāo,�
U+22FDA,yōu,�
U+22FDC,màn,�
U+22FDE,liǎo,�
U+22FE1,xié,�
U+22FE2,luàn,�
U+22FE3,qiāo,�
U+22FE4,dèng,�
U+22FE6,chéng,�
U+22FE7,chéng,�
U+22FED,chuò,�
U+22FF8,cè,�
U+23000,léi,�
U+23001,zhǎn,�
U+23002,lǐ,�
U+23003,lián,�
U+23004,qún,�
U+2300D,chén,�
U+2300F,chéng,�
U+23010,gū,�
U+23012,zòng,�
U+23013,chóu;dǎo,�
U+23014,chuàn;chuò,�
U+2301C,lèi,�
U+2301D,shuò,�
U+2301E,lǜ,�
U+23023,fú,�
U+23025,lì,�
U+23027,sàn,�
U+2302B,sān,�
U+2302F,sà,�
U+23033,niè,�
U+23036,zuān,�
U+23037,lǐ;lí,�
U+2303B,shǔ;zhǔ,�
U+2303E,fú,�
U+23049,bì,�
U+2304D,dào,�
U+23052,shī,�
U+23056,gàn,�
U+23057,tàn,�
U+2305C,màn,�
U+2305F,lí,�
U+23062,bì,�
U+23066,pán,�
U+23068,yōu,�
U+2306D,jiū,�
U+2306F,guō,�
U+23070,liáo,�
U+23073,wò,�
U+23074,qià,�
U+23075,dǒu,�
U+23077,liè,�
U+23079,jiǎo,�
U+2307B,liè;luō,�
U+23081,tiāo;qiāo,�
U+23084,guō,�
U+23086,pāng,�
U+23087,qiāo,�
U+23089,dí,�
U+2308A,yùn,�
U+23092,lè,�
U+23096,sī,�
U+23097,xīn,�
U+2309C,xīn,�
U+2309D,xiàng,�
U+2309E,luǒ,�
U+230A4,bēng,�
U+230A5,tiāo;qiāo,�
U+230AC,xiào,�
U+230AE,dōu;tóu,�
U+230B3,dàng,�
U+230B4,tíng,�
U+230B5,zhuàn,�
U+230BB,ōu;kōu,�
U+230BD,wò,�
U+230C4,xīn,�
U+230C5,ruǎn,�
U+230C8,zhuó,�
U+230C9,dàng,�
U+230CD,cuì;chà,�
U+230D1,zhuó,�
U+230D7,cóng,�
U+230D8,chǎn;chuáng,�
U+230DD,yǎng,�
U+230E7,yǎn,�
U+230F3,yǎn;yè,�
U+230F5,zhèn;shēn,�
U+230FD,nuǒ,�
U+230FE,yàn,�
U+23105,fǎng,�
U+23109,yǎn,�
U+2310A,yú,�
U+2310D,tí,�
U+2310E,fù,�
U+2310F,běn,�
U+23111,yǎn,�
U+23113,huī,�
U+23119,huǎng,�
U+2311C,guì,�
U+2311D,yàn,�
U+2311F,hú,�
U+23120,biāo,�
U+23127,suì;wéi,�
U+2312E,zì,�
U+2312F,jì,�
U+23130,ě,�
U+23131,jì,�
U+23132,kuǐ,�
U+23134,liàng,�
U+23138,huò,�
U+2313A,wéi,�
U+2313B,zhuō,�
U+2313F,tǐng,�
U+23143,zǎi,�
U+23144,yòu,�
U+23149,rèn,�
U+2314D,miàn;bīng,�
U+2315A,nà;niǔ,�
U+2315D,tū,�
U+2315F,dān,�
U+23161,jué,�
U+23164,xū,�
U+23165,dī,�
U+23170,xiàng,�
U+23177,xiòng,�
U+2317A,yǒu,�
U+2317B,guǎ;jiōng,�
U+2317E,xī,�
U+23188,hè,�
U+2318D,dǐng,�
U+23190,lú,�
U+23192,xú,�
U+23194,zhòu,�
U+23195,xiàn,�
U+23196,huāng,�
U+23197,chā,�
U+23198,shǐ,�
U+23199,gàn,�
U+2319A,nuǒ;chǐ,�
U+2319B,àn;wǎn,�
U+2319F,xiē;jiē,�
U+231A7,hào,�
U+231B2,qīn,�
U+231B3,gěng,�
U+231B4,shān,�
U+231B5,fú,�
U+231BD,zè,�
U+231C7,dàn,�
U+231D6,diǎn,�
U+231D7,shēn,�
U+231D9,zǔ,�
U+231E2,biē,�
U+231E6,chuí,�
U+231E7,zhè,�
U+231E8,dài,�
U+231EB,wǒ,�
U+231EC,qióng,�
U+231F0,lín,�
U+231F2,hūn,�
U+231F3,jī,�
U+23205,cáo,�
U+2320A,mù,�
U+2320D,dié,�
U+2320E,wèi,�
U+23220,biàn,�
U+23221,tǐ,�
U+23225,tú,�
U+23236,gèng,�
U+23244,chí,�
U+23245,còu,�
U+23246,tǐ,�
U+23252,huò,�
U+23253,qī,�
U+23254,sāo,�
U+23255,sàng,�
U+23256,xuǎn,�
U+23257,àng,�
U+23258,nài,�
U+2325A,yáng,�
U+2325B,shū,�
U+2325C,shā,�
U+23261,tǐng,�
U+23269,yà,�
U+2326A,huǎng,�
U+2326E,bīn,�
U+2327E,òu,�
U+2327F,cáo,�
U+23281,áo,�
U+23283,mào,�
U+23294,méng,�
U+23296,tiān,�
U+2329D,sàng,�
U+2329E,xù,�
U+2329F,kàn,�
U+232A7,lǎng;zhào,�
U+232B6,biē,�
U+232B7,cóng,�
U+232BA,xián,�
U+232C4,tūn,�
U+232C9,yù,�
U+232CA,dàn,�
U+232CB,yìng,�
U+232CD,zhāo,�
U+232CF,pù,�
U+232D8,huì,�
U+232DE,ài,�
U+232DF,mǒ,�
U+232E2,jīng,�
U+232E3,lán,�
U+232F2,liè,�
U+232F3,piǎo;bào,�
U+232F5,bó,�
U+232F6,qióng,�
U+232F9,bì,�
U+232FF,yōng,�
U+23305,lì,�
U+2330D,niè,�
U+2330F,dé,�
U+23313,huān,�
U+23317,yuè,�
U+2331A,chūn,�
U+2331C,lì,�
U+2331E,zhāng,�
U+2331F,líng,�
U+23320,chún,�
U+23327,cè,�
U+23328,xún,�
U+2332C,jǔ,�
U+2332D,hui;dá,�
U+2333E,tōng,�
U+23346,níng,�
U+23347,jù,�
U+2334F,chà,�
U+23356,zāo,�
U+2335B,yù,�
U+2335F,kěn;wěi,�
U+23366,kuàng,�
U+23367,fěi,�
U+2336F,yùn,�
U+23370,qiǎn,�
U+23374,quán,�
U+23378,pò,�
U+2337A,pěi,�
U+23384,gèng,�
U+23385,yì;huān,�
U+23386,luò,�
U+23391,kuān,�
U+23393,xuǎn,�
U+23394,niàn,�
U+2339A,hú,�
U+2339B,jú;xuè,�
U+233A9,yè,�
U+233AE,xī,�
U+233B1,yuè,�
U+233B2,tǎng,�
U+233B3,pìn,�
U+233B4,dǔn;è;ài,�
U+233B5,bèi;pō,�
U+233B8,liǎo,�
U+233C0,yǒng,�
U+233CE,yā,�
U+233D1,jiǎo,�
U+233D4,kùn;kǔn,�
U+233D6,zhèn,�
U+233D7,shù,�
U+233DA,shí,�
U+233DE,yóu,�
U+233DF,pài,�
U+233E0,xiáo,�
U+233E1,jí,�
U+233F6,qī,�
U+233F7,hé,�
U+233FA,kǒng,�
U+23402,yè,�
U+23403,chì,�
U+2340A,kǎo;jú,�
U+2340B,yuè,�
U+2340E,wǎ,�
U+2340F,niǎn,�
U+23411,cí,�
U+23413,yí,�
U+23424,jiu,�
U+2342B,yāng,�
U+2342C,lí,�
U+2342E,dāi,�
U+2342F,chóng,�
U+23435,yí,�
U+2343A,hàn,�
U+2343F,yī,�
U+23441,chòng,�
U+23442,hù,�
U+23443,zhuǎ,�
U+23466,qióng,�
U+23467,duò,�
U+23478,tóng,�
U+23479,xiān,�
U+2347F,fú,�
U+23482,diàn,�
U+23483,xí,�
U+23484,xiē,�
U+23485,zhèn,�
U+23486,qiào,�
U+23487,tū,�
U+234B7,hàn,�
U+234B8,kuàng,�
U+234B9,suō,�
U+234BB,shòu,�
U+234BC,tiáo,�
U+234C0,zhēn;zhěn,�
U+234C3,nèi,�
U+234C5,qiǎn,�
U+234C6,yín,�
U+234C8,liǎng,�
U+234C9,shà;jié,�
U+234CA,zì,�
U+234CB,pí,�
U+234CC,gāo;jú,�
U+234CF,jìn,�
U+234D0,yóu,�
U+234D2,shàn,�
U+234D4,mì,�
U+234D5,òu,�
U+234D7,hū,�
U+234DB,yòu,�
U+234DD,měng,�
U+23510,zhǐ,�
U+23513,bǐ,�
U+23517,shēn,�
U+23518,qì,�
U+23519,xiān,�
U+2351A,pán,�
U+2351B,kǎng,�
U+2352B,shuān,�
U+2352C,pí,�
U+2352E,zāi,�
U+2352F,zhǔ,�
U+23531,sōu;sāo,�
U+23532,jiǒng,�
U+23535,chán,�
U+23536,fán;fàn,�
U+23537,xiáo,�
U+23538,yǐn,�
U+23539,hóu,�
U+2353A,mào,�
U+2353B,tú;chán,�
U+2353C,gān,�
U+2353D,jì,�
U+23541,yí,�
U+23543,yù,�
U+23544,jiōng,�
U+23545,pào,�
U+23547,xiāo,�
U+23549,gǒu,�
U+2354C,gōu,�
U+2354D,sǔn,�
U+2354E,xiǎn,�
U+2354F,zhuǎn,�
U+2357E,chóu;bì,�
U+23584,qiāo,�
U+23585,tí,�
U+23586,yún,�
U+23589,shān,�
U+2358A,liè;lì,�
U+2358C,zhǐ,�
U+23590,pāi,�
U+235A3,jú,�
U+235A4,lái,�
U+235A8,zǐ,�
U+235AA,qú,�
U+235AB,gǔ;què,�
U+235AC,jué,�
U+235AD,zhí,�
U+235AE,àng,�
U+235AF,qìn,�
U+235B0,pí,�
U+235B1,zuī,�
U+235B3,qián,�
U+235B5,cuó,�
U+235B7,jí,�
U+235B8,tí,�
U+235B9,rú,�
U+235BB,hǎi,�
U+235BC,xún,�
U+235BE,bèi,�
U+235BF,zhí,�
U+235C1,dùn;zā,�
U+235CB,dǎng,�
U+235D0,réng,�
U+235F2,gān,�
U+235F5,gàng;gāng,�
U+235F6,tà,�
U+235F8,tuò,�
U+235F9,yàng,�
U+235FA,kū,�
U+235FB,zhì,�
U+23616,jiān,�
U+23617,nì,�
U+23618,shēn;zhēn,�
U+23619,bàng,�
U+2361A,shuài,�
U+2361B,dōu,�
U+2361D,qiān,�
U+2361E,hán,�
U+2361F,qiā,�
U+23620,gǎn,�
U+23623,chún,�
U+23624,chá;sà,�
U+23625,bì,�
U+23626,yī,�
U+23627,fū,�
U+23628,ě;ē,�
U+2362A,láo,�
U+2362B,háo,�
U+2362C,lí,�
U+23631,tè,�
U+23632,shēn,�
U+23634,yín,�
U+23637,jiān,�
U+2363B,chá;tú,�
U+23657,niè,�
U+23658,còu,�
U+2365B,yí,�
U+2365F,táng,�
U+23662,juàn,�
U+23670,chì,�
U+23671,gǒu,�
U+23674,jié,�
U+23675,zhé,�
U+23676,hú,�
U+23677,máng,�
U+2367B,zōu,�
U+2367C,sì;cí,�
U+2367F,fèi,�
U+23680,zī,�
U+23681,zī,�
U+23683,jié,�
U+23684,sī,�
U+23686,chūn,�
U+23687,pào,�
U+2368B,yé,�
U+2368C,dī;shì,�
U+2368E,léi,�
U+2368F,xū,�
U+23690,rú,�
U+23692,pá,�
U+23693,juàn,�
U+23694,xì,�
U+23695,yè;yǎn,�
U+23696,ān,�
U+23698,yì,�
U+23699,jiān;jiàn,�
U+2369C,sōng,�
U+2369D,wǒ,�
U+2369F,sè,�
U+236A0,zhǐ,�
U+236A1,bī,�
U+236A2,zhuàn,�
U+236A6,jiàng,�
U+236A7,hào,�
U+236A9,chì,�
U+236AA,dùn,�
U+236D3,bó,�
U+236D4,jí,�
U+236D5,chuǎ,�
U+236D7,luò,�
U+236DA,ruǐ,�
U+236EB,hú,�
U+236F1,dàn;lǎn,�
U+236F4,hǎn,�
U+236F5,què,�
U+236F6,shā,�
U+236F7,zhǎn,�
U+236F8,zé,�
U+236F9,chuán;chuǎi,�
U+236FA,qī,�
U+236FB,dié,�
U+236FD,zhà,�
U+236FE,tòu,�
U+23701,cī,�
U+23702,sà,�
U+23704,luó,�
U+23707,jí,�
U+23722,luǒ,�
U+23723,qín,�
U+23727,qióng,�
U+23728,juàn,�
U+2372C,ài,�
U+2372D,jiǎn,�
U+23739,tì,�
U+2373A,wén,�
U+2373D,qiāo,�
U+23741,pái;bēi,�
U+23742,hún,�
U+23745,ài,�
U+23747,shuò,�
U+23748,lián,�
U+23749,duì,�
U+2374B,tà,�
U+2374C,jǐn,�
U+2374D,bì,�
U+2374E,yǎn,�
U+2374F,gào,�
U+23750,piáo,�
U+23751,yù;yú,�
U+23752,shè,�
U+23755,jiān,�
U+23757,hú,�
U+2375A,liè,�
U+2375C,biàn,�
U+2375D,sù,�
U+2375E,jiāo,�
U+23778,zhuì,�
U+2377D,hān,�
U+23787,dùn,�
U+23790,xiě,�
U+23791,méng,�
U+23792,fū,�
U+23793,lù,�
U+23794,tàn,�
U+23797,liú,�
U+23798,xiān,�
U+23799,sǎng,�
U+2379C,còu,�
U+2379D,zhuāng,�
U+2379F,chēn,�
U+237B0,liàn,�
U+237B4,lí,�
U+237C0,pèng,�
U+237C1,tuǒ,�
U+237C4,tuò,�
U+237C6,liáo,�
U+237C7,xiào,�
U+237C8,chuì,�
U+237C9,huài,�
U+237CA,niǎo,�
U+237CB,qiān,�
U+237CC,lì,�
U+237CF,pāo,�
U+237D0,tiáo,�
U+237D1,liú,�
U+237D2,wú,�
U+237E4,yǐng,�
U+237E6,zhá,�
U+237F0,yú,�
U+237F2,xiǎn,�
U+237F3,xuán,�
U+237F4,shuān,�
U+237F5,xī,�
U+237F8,méi,�
U+237F9,sēn,�
U+237FA,liàn,�
U+237FC,jiū;qiāo,�
U+237FD,lào,�
U+2380E,xiāo,�
U+2380F,zōu,�
U+2381A,liú,�
U+2381C,zhào,�
U+2381E,zhé;shè,�
U+23820,lěi,�
U+2382D,duǎn,�
U+23837,jiǎn,�
U+23838,shuān,�
U+23839,zuó,�
U+2383A,qiè,�
U+2383C,lǎo,�
U+23849,yù,�
U+2384A,yì,�
U+2384B,nǐ,�
U+2384E,cén,�
U+23855,yàn,�
U+23857,ruǎn,�
U+2385E,yán,�
U+2385F,dié,�
U+23860,mián,�
U+23867,léi,�
U+23869,wān,�
U+23870,nǎ,�
U+23876,yán,�
U+2387A,lěi,�
U+2387D,shā,�
U+2387E,hū,�
U+23881,xī,�
U+23882,xī,�
U+23884,yǒu;yōu,�
U+23885,hān,�
U+23887,hāi;xī,�
U+23889,wā,�
U+2388A,xù,�
U+2388B,pī,�
U+2388C,tān,�
U+2388D,xī,�
U+2388E,xī,�
U+2388F,bīn,�
U+23890,qīn;kēng,�
U+23891,xī,�
U+23892,yú,�
U+23893,xì,�
U+23895,cì,�
U+23896,qiàn,�
U+23897,xiā,�
U+2389A,wá,�
U+2389B,è,�
U+2389C,yǒu;yōu,�
U+2389D,xìng,�
U+2389E,ní,�
U+2389F,hán;xián,�
U+238A0,bì,�
U+238A1,shēng,�
U+238A4,zhān,�
U+238A5,diàn,�
U+238A6,yǔ,�
U+238A8,ǒu,�
U+238AA,guǐ,�
U+238AB,wǎng;wāng,�
U+238AC,qiān,�
U+238AD,yí,�
U+238B0,zú,�
U+238B2,qiān,�
U+238B3,dìng,�
U+238B4,kēng,�
U+238B6,chù,�
U+238B7,yī,�
U+238BA,hān,�
U+238BB,kuǎn,�
U+238C8,diàn,�
U+238C9,xì,�
U+238CA,zī,�
U+238CB,líng,�
U+238CC,zì;sì,�
U+238CE,yù,�
U+238CF,hūn,�
U+238D1,sǐ,�
U+238D2,kǎn,�
U+238DA,àn,�
U+238DC,yǒu,�
U+238DD,jí,�
U+238DE,hùn,�
U+238DF,qiā,�
U+238E0,hóu,�
U+238E1,hóu,�
U+238E3,diàn,�
U+238E9,xiē,�
U+238ED,shè,�
U+238EE,shà,�
U+238F2,xié,�
U+238F3,yáo;yǎo,�
U+238F4,dà,�
U+238F6,xiè,�
U+238F7,chī,�
U+238F8,yǒu,�
U+238F9,hē,�
U+238FA,shà,�
U+238FF,tái,�
U+23901,zhú,�
U+23903,ǎi,�
U+23907,què,�
U+23908,zé,�
U+2390A,lā,�
U+2390B,lòu,�
U+2390C,chuài;chǐ;chuò,�
U+2390E,yǒu,�
U+23916,tì,�
U+23918,shī,�
U+23921,xiào;yǒu,�
U+23922,xì,�
U+23928,huò,�
U+23929,chì,�
U+2392A,yì,�
U+2392F,shú,�
U+23930,yuè,�
U+23931,chán,�
U+23932,è,�
U+23933,xī,�
U+23934,xī,�
U+23935,yǐng,�
U+23936,zú;zā;zǎn,�
U+23937,zā,�
U+2393A,zā,�
U+23942,tà,�
U+23943,wàn,�
U+23947,xìn,�
U+2394A,wàng,�
U+2394B,fǔ,�
U+23950,lǔ;lǚ,�
U+2395E,jiǎn,�
U+23961,yán,�
U+23963,bì,�
U+23964,kěn,�
U+23965,guàn,�
U+23968,zī,�
U+2396E,kuǐ,�
U+2396F,zhǒu,�
U+23970,zhì,�
U+23973,tú,�
U+23977,tà,�
U+23979,chù,�
U+2397A,chēng,�
U+2397B,chěng,�
U+2397C,zhù,�
U+2397E,dà,�
U+23987,bì,�
U+23989,jiǎ,�
U+2398C,yì,�
U+2398F,yuè,�
U+23990,gāng,�
U+23996,gān,�
U+2399C,qiāo,�
U+239A0,chú,�
U+239A1,chú,�
U+239A2,bì,�
U+239A6,guì,�
U+239A9,gǔ,�
U+239AA,bǐng,�
U+239AB,yìn,�
U+239AC,zhuì,�
U+239AD,gǔ,�
U+239AF,lì,�
U+239B5,è;zhēn,�
U+239B6,dǎi,�
U+239BC,cán,�
U+239C2,tì,�
U+239C3,dù,�
U+239C4,yì,�
U+239C8,dié,�
U+239CA,niǔ,�
U+239CC,xuè,�
U+239CD,nè,�
U+239CE,guì,�
U+239CF,kǎo,�
U+239D2,chuǎn;mò,�
U+239D6,zhá,�
U+239D7,yóu,�
U+239D9,bài,�
U+239DA,shí,�
U+239DB,diàn,�
U+239DC,pā,�
U+239DD,qiú,�
U+239E1,xuè,�
U+239E3,mò,�
U+239E4,kē,�
U+239E5,yǒu,�
U+239E6,jiǎo,�
U+239E7,bó,�
U+239EC,xiǔ,�
U+239F2,mǐ,�
U+239F3,luò,�
U+239F5,xuè;xù,�
U+239F7,duò,�
U+239F9,èr,�
U+239FA,shān,�
U+239FC,kuì,�
U+239FD,nào,�
U+239FE,miǎn,�
U+239FF,lì,�
U+23A00,luàn,�
U+23A02,dié,�
U+23A04,qià,�
U+23A05,lèi,�
U+23A07,mào,�
U+23A09,hēng,�
U+23A0A,chè,�
U+23A0B,zhì,�
U+23A0D,gǔ,�
U+23A0E,cuō,�
U+23A13,wù,�
U+23A14,tào,�
U+23A17,xī,�
U+23A18,yāo,�
U+23A19,wěi;wèi,�
U+23A1B,zú,�
U+23A1C,mà,�
U+23A1D,yǔ,�
U+23A1E,pěng,�
U+23A1F,yì,�
U+23A20,qìn;qīn,�
U+23A21,yuè,�
U+23A22,juè,�
U+23A23,jiàng,�
U+23A24,xù,�
U+23A25,bēng,�
U+23A2A,luǒ,�
U+23A2B,zhuī,�
U+23A32,dù,�
U+23A33,xiàng,�
U+23A36,huì,�
U+23A3A,gǔ,�
U+23A3B,kǎo,�
U+23A3E,xīng,�
U+23A3F,hún,�
U+23A40,biān,�
U+23A44,kè;ài,�
U+23A45,kǎo,�
U+23A48,cuó;zuō,�
U+23A4F,lù,�
U+23A51,zuì,�
U+23A52,zāo,�
U+23A53,jiǎo,�
U+23A54,guàn,�
U+23A59,yān,�
U+23A5A,ér,�
U+23A5C,qíng,�
U+23A5F,dèng,�
U+23A60,sì,�
U+23A61,suì,�
U+23A62,liào,�
U+23A67,shàn,�
U+23A69,bì,�
U+23A6A,wèi,�
U+23A6B,yè,�
U+23A6D,zhài,�
U+23A6F,yé,�
U+23A70,diào,�
U+23A71,ài;kē,�
U+23A74,jiàng,�
U+23A77,sū,�
U+23A79,huài,�
U+23A7A,yù,�
U+23A7D,rǎng,�
U+23A80,diān,�
U+23A81,zuān,�
U+23A82,bān,�
U+23A84,qín,�
U+23A87,jiā,�
U+23A89,pí,�
U+23A8C,tóu;duì,�
U+23A90,chóu,�
U+23A95,guǐ,�
U+23AA0,jī;jì;qì,�
U+23AA8,xuè,�
U+23AAA,diàn,�
U+23AAD,biàn,�
U+23AAE,zǎi,�
U+23AAF,tóng,�
U+23AB6,shǎn,�
U+23AB8,gù,�
U+23AB9,què,�
U+23AC0,gǔ,�
U+23AC8,hú,�
U+23AC9,kuǎi,�
U+23ACC,gòu,�
U+23ACE,sù,�
U+23AD0,chóu,�
U+23AD2,kēng,�
U+23AD4,dū,�
U+23AD9,yì,�
U+23ADC,dào,�
U+23ADD,qiāng,�
U+23AE3,lóng,�
U+23AE5,lí,�
U+23AE7,lì,�
U+23AE8,qīng,�
U+23AEA,wēi,�
U+23AEC,móu,�
U+23AF1,qì,�
U+23AF3,jiǎng,�
U+23AF4,xié,�
U+23AF9,dài,�
U+23AFB,lóu,�
U+23B02,guàn,�
U+23B06,péi,�
U+23B09,pí,�
U+23B0B,juàn;chuò,�
U+23B0D,bēi,�
U+23B0E,jué,�
U+23B0F,juàn,�
U+23B10,shì,�
U+23B15,xiě,�
U+23B18,ruí,�
U+23B19,jìng,�
U+23B1A,pò,�
U+23B1B,sān;shān,�
U+23B20,jī,�
U+23B29,fēn,�
U+23B2A,bèi,�
U+23B2B,jiè;gà,�
U+23B2C,sā,�
U+23B2E,pī,�
U+23B34,dì,�
U+23B35,máo;mào,�
U+23B36,ba,�
U+23B37,ba,�
U+23B38,tiáo,�
U+23B39,líng,�
U+23B3A,shēng,�
U+23B3B,zhěn,�
U+23B3C,pī,�
U+23B3D,wù,�
U+23B3F,zè,�
U+23B40,bào,�
U+23B47,lǚ,�
U+23B56,hāo,�
U+23B57,dǒu,�
U+23B58,fú,�
U+23B59,ní,�
U+23B5D,gé,�
U+23B60,rú,�
U+23B61,xiǎn,�
U+23B64,bì,�
U+23B6E,máo,�
U+23B72,rǒng,�
U+23B73,qiú;qú,�
U+23B77,bó,�
U+23B79,hāo,�
U+23B7A,nǎo,�
U+23B7B,yán,�
U+23B83,páo,�
U+23B84,suī,�
U+23B86,tuò,�
U+23B88,qū,�
U+23B89,lí,�
U+23B8A,dé,�
U+23B8C,jié,�
U+23B8D,jié,�
U+23B8E,gǔn,�
U+23B8F,jiān,�
U+23B90,bì,�
U+23BA0,sàn,�
U+23BA1,bāng,�
U+23BA2,chún,�
U+23BA6,nài,�
U+23BA7,bǎng,�
U+23BAA,róng,�
U+23BAB,jiā,�
U+23BAC,sōu,�
U+23BB0,dé,�
U+23BBE,xiān,�
U+23BBF,zhān,�
U+23BC0,mào,�
U+23BC3,zī,�
U+23BC5,jì,�
U+23BC6,qí,�
U+23BCB,rù,�
U+23BCC,suō,�
U+23BCD,rǒng,�
U+23BCE,wù,�
U+23BCF,róng;rǒng,�
U+23BD0,róng,�
U+23BDA,tà,�
U+23BDC,sōu,�
U+23BE4,lí,�
U+23BE7,cuǐ;suī,�
U+23BE8,zōng,�
U+23BE9,mén,�
U+23BEA,xǐ,�
U+23BEC,mǎng,�
U+23BED,niè,�
U+23BEF,suī,�
U+23BF1,péi,�
U+23BF4,bì,�
U+23BF5,dì,�
U+23BF8,qú,�
U+23BF9,qiáo,�
U+23BFB,fēn,�
U+23BFC,sù,�
U+23C03,xū,�
U+23C07,rǒng,�
U+23C08,jī,�
U+23C0B,qú,�
U+23C0C,liè;hé,�
U+23C15,sào,�
U+23C18,kùn,�
U+23C1A,cuì,�
U+23C1B,yè,�
U+23C1C,bìng,�
U+23C1E,jié,�
U+23C20,qú,�
U+23C21,qú,�
U+23C25,méng,�
U+23C26,rán;gān,�
U+23C28,bīn,�
U+23C29,cháo,�
U+23C2C,dú,�
U+23C36,ráng;nǎng,�
U+23C37,xiān,�
U+23C3A,táo,�
U+23C3B,qú,�
U+23C3C,niè,�
U+23C3F,shū,�
U+23C40,lǔ,�
U+23C42,kùn,�
U+23C48,mín,�
U+23C49,mǐn,�
U+23C4D,dàn,�
U+23C50,yìn;zhì,�
U+23C53,xiào;hào,�
U+23C57,jì,�
U+23C5C,yīn,�
U+23C66,fēn,�
U+23C67,zhòng,�
U+23C6B,gǔ,�
U+23C71,chá,�
U+23C73,liú,�
U+23C76,bǔ,�
U+23C7A,pā,�
U+23C7B,sì,�
U+23C7C,dāo,�
U+23C7D,zhěn,�
U+23C80,shān,�
U+23C82,chuǎi,�
U+23C84,jiǔ,�
U+23C8A,kè,�
U+23C8B,chí,�
U+23C91,hù;chí;hé;hú,�
U+23C92,lì;lè,�
U+23C93,shā,�
U+23C96,pài;liú;gū,�
U+23C97,wéi,�
U+23C98,wǔ,�
U+23C9C,yíng,�
U+23CA1,shā;jí;jié,�
U+23CA2,dī,�
U+23CA5,dān,�
U+23CB1,tū,�
U+23CB2,hé,�
U+23CB3,pǒ,�
U+23CB5,zhǐ,�
U+23CB6,niǔ,�
U+23CB7,nì,�
U+23CBD,rǒng,�
U+23CBE,guài,�
U+23CC0,zhí,�
U+23CC3,jí,�
U+23CDC,fàn,�
U+23CDF,jié,�
U+23CE0,hǎi;mǔ,�
U+23CE4,zhàn,�
U+23CE6,xì;náo,�
U+23CE9,zī,�
U+23CEC,xí,�
U+23CED,piào,�
U+23CF0,bēn,�
U+23CF2,jiǎn,�
U+23D13,jiàn,�
U+23D16,zá,�
U+23D1E,bèn,�
U+23D1F,mào;huǎn,�
U+23D22,zào,�
U+23D23,zhuàng,�
U+23D25,kuáng,�
U+23D28,bí,�
U+23D2A,pài;pì,�
U+23D3C,mào,�
U+23D3D,tàn,�
U+23D5E,tǔn,�
U+23D5F,luǒ,�
U+23D62,tān,�
U+23D71,án,�
U+23D77,hán;gàn,�
U+23D78,zhú,�
U+23D7A,duò;tuó,�
U+23D7B,duò;tuó,�
U+23D7C,gàn,�
U+23D86,qiòng,�
U+23D88,wǎng;mǎng,�
U+23D8A,mò,�
U+23D8B,zhè,�
U+23D8C,wěn,�
U+23D8D,zhuàng,�
U+23D8F,jiē;diē,�
U+23D90,pào,�
U+23D98,sù,�
U+23D9D,jù,�
U+23DA0,qī,�
U+23DA1,càn,�
U+23DA3,tuán,�
U+23DA4,shā,�
U+23DA6,tuó,�
U+23DA9,huà,�
U+23DAB,yì,�
U+23DE0,mín,�
U+23DE1,zhōng,�
U+23DE5,shuò,�
U+23DE9,yì,�
U+23DEA,wǎng,�
U+23DEB,áo,�
U+23DF6,sǔ,�
U+23DFE,guǐ,�
U+23DFF,tuǒ,�
U+23E00,huǐ,�
U+23E03,xù,�
U+23E04,zǎn,�
U+23E06,zǐ,�
U+23E07,biàn,�
U+23E09,dá,�
U+23E0A,yīn,�
U+23E0B,quǎn,�
U+23E0E,huài,�
U+23E0F,ná,�
U+23E10,zá,�
U+23E12,tí,�
U+23E18,yí,�
U+23E19,tān,�
U+23E1A,shé,�
U+23E1B,shuò,�
U+23E1D,xíng,�
U+23E20,yǒu,�
U+23E23,fén,�
U+23E47,kè,�
U+23E4B,fú,�
U+23E52,mǐn,�
U+23E5A,pì,�
U+23E5C,jí,�
U+23E5D,qiào;xiào,�
U+23E5E,zhǒng,�
U+23E5F,gàn,�
U+23E60,yuān,�
U+23E61,chí,�
U+23E65,qiàn,�
U+23E67,zuó;zhà,�
U+23E69,xié,�
U+23E6A,máo,�
U+23E6C,hú,�
U+23E6E,pì,�
U+23E6F,xùn,�
U+23E71,xiá,�
U+23E72,tí,�
U+23E75,nà,�
U+23E76,chuǎ,�
U+23E80,wǔ,�
U+23EAC,huāng,�
U+23EAD,xuè,�
U+23EAE,tào,�
U+23EB0,qiào,�
U+23EB3,jiāo,�
U+23EBC,dǎng,�
U+23EBD,bài,�
U+23ECD,dàng;xiàng,�
U+23ECE,kòu,�
U+23ED0,jū,�
U+23ED1,shā;shài,�
U+23ED2,jīng,�
U+23ED5,mó,�
U+23ED6,nóu,�
U+23ED8,shuò,�
U+23EDA,shù,�
U+23EDB,zhuāng,�
U+23EDC,fú,�
U+23EDF,zāng,�
U+23EE0,xié,�
U+23EE1,làng,�
U+23EE2,tōng,�
U+23EE9,zhé,�
U+23EEC,càn,�
U+23EEE,yuè,�
U+23EF1,zhòu,�
U+23F1A,tān,�
U+23F1E,yán,�
U+23F1F,lù,�
U+23F20,yǎn,�
U+23F26,zé,�
U+23F27,shuài,�
U+23F45,guō,�
U+23F46,zhú,�
U+23F48,rú;ruán,�
U+23F49,rú,�
U+23F4C,kǎn,�
U+23F4D,jì,�
U+23F4E,gāo;zé;háo,�
U+23F52,xiè,�
U+23F55,òu,�
U+23F56,jiān,�
U+23F5A,zhí,�
U+23F5B,zhá,�
U+23F5D,hǒng,�
U+23F5F,kuǎn,�
U+23F61,bó,�
U+23F64,sè,�
U+23F65,àn,�
U+23F66,jiàn,�
U+23F68,téng,�
U+23F6B,sōng,�
U+23F6D,mèng,�
U+23F6E,yín,�
U+23F6F,tān,�
U+23F70,guō,�
U+23F73,ruán,�
U+23F74,wèi,�
U+23F77,sì,�
U+23FA4,qì,�
U+23FA6,zhǎng,�
U+23FC5,dǒng,�
U+23FC6,fú,�
U+23FC7,shěn,�
U+23FC8,sù,�
U+23FC9,yì,�
U+23FCA,liàn,�
U+23FCC,hé,�
U+23FCE,zhēn,�
U+23FD0,zé,�
U+23FD2,cuǐ,�
U+23FD3,cuǐ,�
U+23FDD,fèng,�
U+23FDE,lǐ,�
U+23FDF,kòu,�
U+23FE3,xiào,�
U+23FE4,yǒu,�
U+24003,háo,�
U+24009,hàn,�
U+2400A,kěn,�
U+2401D,yù,�
U+24023,huǎn,�
U+24024,suō;shàn;shuài,�
U+24026,là,�
U+24028,dòu,�
U+24029,jiàn,�
U+2402A,pō,�
U+2402B,biǎn,�
U+24030,xuè,�
U+24032,biàn,�
U+24037,wèi,�
U+24061,dàn,�
U+24062,jié,�
U+24063,bài,�
U+24065,niǎn,�
U+24066,xiàn,�
U+24067,sè,�
U+2406A,huá,�
U+2406B,chuā,�
U+2406E,òu,�
U+2406F,liè,�
U+24070,dí,�
U+24071,cài,�
U+24073,zhá,�
U+24075,lǘ,�
U+24079,huò,�
U+2407C,lì,�
U+2407D,yǐng,�
U+2407F,wěi,�
U+24080,bì,�
U+24081,guó,�
U+24083,pì,�
U+24086,biāo,�
U+240A0,yǎn,�
U+240A4,zhuàn,�
U+240B2,hóng,�
U+240B6,lìn,�
U+240B7,è,�
U+240B9,yǐn,�
U+240BA,làn,�
U+240BC,yào,�
U+240BF,xuàn,�
U+240C0,lì,�
U+240E8,làn,�
U+240E9,líng,�
U+240EA,xī,�
U+240EB,hōng,�
U+240ED,jiǎo,�
U+240EE,zhuó,�
U+240F2,zhí,�
U+240F5,bó,�
U+240F6,tēng,�
U+240F7,ǎn,�
U+240FA,xún,�
U+240FB,lěi,�
U+240FC,zāng,�
U+240FD,huǐ,�
U+2410E,xì,�
U+2410F,hóng,�
U+24111,fàn,�
U+24112,jiǎn,�
U+24113,cóng,�
U+24114,zá,�
U+24116,cā;zá,�
U+24118,yōu,�
U+2411B,duì,�
U+2411C,pān,�
U+24125,tà,�
U+24127,pàn,�
U+2412B,fān,�
U+2412C,xī,�
U+24136,yào;shuò,�
U+24137,luó,�
U+2413A,biān,�
U+2413C,jìn,�
U+2413D,lì,�
U+2414A,yàn,�
U+2414B,dòu,�
U+2414E,màn,�
U+24150,gōng,�
U+24151,rǎng,�
U+24152,càn,�
U+24163,mén,�
U+24171,gǔ,�
U+24172,shuàn,�
U+24178,yán;yàn,�
U+24179,bì,�
U+24180,biāo,�
U+24181,chéng,�
U+24182,kuì,�
U+24184,huǒ;zāi,�
U+2418D,chì,�
U+2418F,wò,�
U+24191,còu,�
U+24192,zhì,�
U+24199,shuǐ,�
U+2419C,guà,�
U+2419D,pū,�
U+2419E,xù,�
U+2419F,sī,�
U+241A1,wǔ,�
U+241AE,fū,�
U+241B0,shì,�
U+241B3,huì,�
U+241B4,huāng,�
U+241B5,pā,�
U+241BC,zhǔ,�
U+241BE,yí,�
U+241C3,lì,�
U+241C4,shǎn,�
U+241DC,mín,�
U+241DE,gē,�
U+241E0,hū,�
U+241EF,ēn;āo,�
U+241F0,fá,�
U+241F3,xù;xuè,�
U+241F4,yí;xī,�
U+241FE,yíng,�
U+24214,chí,�
U+24219,yí,�
U+24225,dí,�
U+24226,huǐ;méi,�
U+24227,hé,�
U+24229,zhǎ,�
U+24236,yún,�
U+24237,xiān,�
U+2424C,xián,�
U+2424D,lào,�
U+2424E,shào,�
U+2424F,shì,�
U+24250,zhuó,�
U+24264,biē,�
U+24265,jiǔ,�
U+24266,wō,�
U+24267,jiǎo,�
U+24268,fú,�
U+2426A,xiāng,�
U+2426B,kài,�
U+242B2,nǎo,�
U+242B4,huò,�
U+242B5,jí,�
U+242B6,là,�
U+242BB,fōu,�
U+242BC,shǎn,�
U+242BD,liào;liǎo,�
U+242BE,miè,�
U+242BF,chè,�
U+242C2,mó,�
U+242CF,lóu,�
U+242E8,duò,�
U+242EB,nǎo,�
U+242ED,jī,�
U+242F0,zhù,�
U+24302,sù,�
U+24303,duò,�
U+24307,jiǒng,�
U+2430A,zǎi,�
U+2430B,huǐ,�
U+2430C,yǐng,�
U+2430D,hú,�
U+2430E,lìn;lǐn,�
U+2430F,wěng,�
U+24310,hàn,�
U+24314,nán,�
U+24337,xì,�
U+24339,gàn,�
U+2433E,hè,�
U+2433F,jī,�
U+24340,xiǎng,�
U+24341,shā,�
U+24350,tuì,�
U+24352,zhāo,�
U+24353,shù,�
U+24355,yǒu,�
U+24356,jiān,�
U+2435C,zào,�
U+24360,rè,�
U+24364,zhāng,�
U+2437D,ruò,�
U+24384,yān,�
U+2438B,cuì,�
U+24397,jí,�
U+24398,shāng,�
U+243A3,è,�
U+243A4,láo,�
U+243A5,tǎn;chān,�
U+243A7,zhù,�
U+243AD,lǐn;yǐn,�
U+243AF,zēng,�
U+243B1,juǎn,�
U+243B2,hū,�
U+243D7,shěn,�
U+243D8,huò,�
U+243DC,kuì,�
U+243F1,chù,�
U+243F2,zhòu,�
U+243F6,āo,�
U+243F8,zhuó,�
U+243FD,xīng,�
U+243FF,miè,�
U+24400,hū,�
U+24414,tán,�
U+24419,bì,�
U+24423,dǐng,�
U+24429,kài,�
U+2442B,biāo,�
U+24430,huò,�
U+24431,liè,�
U+24432,cuàn,�
U+24443,xiàn,�
U+24444,rè,�
U+24453,yuè,�
U+24455,xūn,�
U+24457,liǎo;zhāo,�
U+24463,shā,�
U+24466,shì,�
U+2446A,xiè,�
U+24473,xiāo,�
U+24477,yé,�
U+24478,lǎn,�
U+24479,yì,�
U+2447F,liǎn,�
U+24494,bó,�
U+24495,cāo,�
U+2449D,yào,�
U+244A6,liàn;yàn,�
U+244BB,tà,�
U+244D1,jì,�
U+244D4,xī,�
U+244D5,zhì,�
U+244DA,xī,�
U+244DD,yuè,�
U+244E4,xiǎn,�
U+244E6,zhuò,�
U+244EF,zhǎng;jú,�
U+244F5,zǔ,�
U+244F7,ná,�
U+244FE,dào,�
U+244FF,liè,�
U+24500,ná,�
U+24509,páo,�
U+2450B,jù,�
U+24514,luàn,�
U+24516,luǒ,�
U+24519,shuǎ,�
U+2451A,shàng,�
U+2451D,luǒ,�
U+2451F,fēn,�
U+24523,bào,�
U+24528,lì,�
U+2452B,xiòng,�
U+24536,dāng,�
U+24540,chèng,�
U+24544,zhǎng,�
U+24547,sǒu,�
U+2454A,shén,�
U+24552,gě,�
U+24558,yū;wù,�
U+2455A,huī,�
U+2455B,chè,�
U+2455D,jiào;bó,�
U+2455E,zhù,�
U+2455F,shū,�
U+24562,xiáo,�
U+24566,níng,�
U+2456D,jiāng,�
U+2456F,jiāng;zhuàng,�
U+24577,diào,�
U+2457D,qiáng,�
U+2457E,qiú;fǔ,�
U+24580,fēng,�
U+24586,zhàn,�
U+24587,kē,�
U+24592,dié,�
U+24593,zé,�
U+24596,guāng,�
U+24597,sè,�
U+24598,fèn;fén,�
U+2459B,jiǎng,�
U+2459D,yán,�
U+2459E,zhì,�
U+245A2,lì,�
U+245A6,líng,�
U+245AA,yí,�
U+245AC,qǔ,�
U+245AD,pán,�
U+245AE,gōu,�
U+245B0,jiǎ,�
U+245B1,hé,�
U+245B3,pèng,�
U+245B5,jù,�
U+245B7,chè,�
U+245BA,liè,�
U+245BB,shì,�
U+245BC,pò,�
U+245BD,xiàng,�
U+245BF,pì,�
U+245C0,luǒ,�
U+245C1,cù,�
U+245C3,yǔ,�
U+245C7,kòng,�
U+245C8,xiè,�
U+245CD,wǎn,�
U+245CE,yǎn,�
U+245CF,péi,�
U+245D3,chéng,�
U+245D8,tí,�
U+245D9,chè;tuò,�
U+245DA,bì,�
U+245DB,liàn,�
U+245DC,jiǎ,�
U+245DE,tíng,�
U+245E2,tī,�
U+245E8,dié,�
U+245EA,shù,�
U+245EB,lí,�
U+245EC,lǘ,�
U+245ED,xià;xiā,�
U+245EF,cuī,�
U+245F3,bō,�
U+245F4,tuí,�
U+245F5,pú,�
U+245F7,lìn,�
U+245F8,fèn;fén,�
U+245FA,bó,�
U+245FB,chàn,�
U+245FE,dāng,�
U+245FF,tǎi,�
U+24600,dào,�
U+24603,lì,�
U+24605,yá,�
U+24606,yá,�
U+24607,zhān,�
U+2460A,yí,�
U+2460C,qī,�
U+24614,hù,�
U+24616,tīng,�
U+24618,kǒu,�
U+2461B,chún,�
U+2461C,yóu,�
U+2461D,fèn,�
U+2461F,nuó,�
U+24620,tiàn,�
U+24621,jìn,�
U+24622,pí,�
U+24623,chén,�
U+24624,pì,�
U+24626,jiè,�
U+24627,guǐ,�
U+24632,zhuàng,�
U+24635,hú,�
U+24636,chǒu,�
U+24637,shù,�
U+24638,tāo,�
U+24639,pí,�
U+2463A,rǒng,�
U+2463B,rǒng,�
U+2463D,hǒu,�
U+2463E,pēng,�
U+24645,bài,�
U+24647,xiá,�
U+2464B,qǐn,�
U+2464C,nǐ,�
U+2464E,tāo,�
U+2464F,qù,�
U+24652,xié,�
U+24654,zhào,�
U+24655,huā,�
U+24656,xīn,�
U+24658,shōu,�
U+2465B,tú,�
U+2465D,liáng,�
U+2465E,bì,�
U+2465F,chū,�
U+24661,xīng,�
U+24663,xīn,�
U+24664,fū,�
U+24669,jiè,�
U+2466D,fǔ,�
U+24670,tè,�
U+24671,shè,�
U+24674,chāo,�
U+24675,chuī,�
U+2467C,rán,�
U+2467D,hǒu,�
U+2467E,bēng,�
U+24680,cǎi,�
U+24685,mú,�
U+24689,xū,�
U+2468A,dié,�
U+2468D,chǎn,�
U+2468E,yú,�
U+2468F,zhòng,�
U+24693,lí,�
U+24694,shōu,�
U+2469A,dú,�
U+2469C,māo,�
U+2469D,huáng,�
U+2469F,táo,�
U+246A1,dù,�
U+246A2,tí,�
U+246A3,shēng,�
U+246A4,méi,�
U+246A8,zhēn,�
U+246A9,qín,�
U+246AA,pì,�
U+246AB,táng,�
U+246AC,cāng,�
U+246AD,yáo,�
U+246AF,xiù,�
U+246B0,bāng,�
U+246B1,gǔ,�
U+246B5,bù,�
U+246BC,gòu,�
U+246BD,bó,�
U+246C1,wèn,�
U+246C4,jì,�
U+246CA,lā,�
U+246CD,cuī,�
U+246CE,mǐn,�
U+246CF,cǔ,�
U+246D0,ōu,�
U+246D1,yōng,�
U+246D6,máo,�
U+246D7,kè,�
U+246D8,māng,�
U+246D9,dǐng,�
U+246DA,huān,�
U+246DB,duǒ,�
U+246DC,jiāng,�
U+246DD,sù,�
U+246E2,céng,�
U+246E3,tà,�
U+246E5,huáng,�
U+246E6,jué,�
U+246E7,xún,�
U+246EA,xiòng,�
U+246EC,mì,�
U+246ED,qún,�
U+246EE,láo,�
U+246F1,zhì,�
U+246F2,wěi;wéi,�
U+246F7,sè,�
U+246FB,zāng,�
U+24701,ǎn,�
U+24702,wèi;guì,�
U+24704,huái;huài,�
U+24707,zhàn,�
U+24709,yīng,�
U+2470A,gē,�
U+2470B,huì,�
U+2470D,quán,�
U+24713,liè,�
U+24714,jú,�
U+24715,bà,�
U+24716,léi,�
U+24718,mán,�
U+24719,líng,�
U+2471C,lì,�
U+2471D,jǐ,�
U+24721,huí,�
U+24722,xìn,�
U+24723,shì;shé,�
U+24724,zhé,�
U+24727,bō,�
U+2472B,chā,�
U+2472F,chā,�
U+24730,jīng,�
U+24731,bā,�
U+24732,bèi;pèi,�
U+24735,yàn,�
U+24737,hù,�
U+24739,yú,�
U+2473B,bì;pí,�
U+2473C,chuán,�
U+2473E,jǐ,�
U+24742,mù,�
U+24744,máo,�
U+24745,zhōng,�
U+24747,yè,�
U+24748,dōu,�
U+24749,yě,�
U+2474D,rì,�
U+2474E,yīn,�
U+24750,hào,�
U+24752,nà,�
U+24753,tiè,�
U+24754,fù;chái,�
U+24755,mǔ,�
U+24756,zǎi,�
U+24758,hú,�
U+2475A,chēn,�
U+2475B,tuó,�
U+2475E,chù,�
U+2475F,fú;fèi,�
U+24767,bào,�
U+2476C,dǐ,�
U+2476D,cǎi,�
U+2476E,lù,�
U+2476F,pǒ,�
U+24770,dá,�
U+24771,yè,�
U+24773,yǐ,�
U+24777,xiáng,�
U+24778,bī,�
U+24779,zhū,�
U+2477B,yí,�
U+2477D,lǜ,�
U+2477F,kuāng,�
U+24782,zhì,�
U+24787,wá;kuáng,�
U+24788,dī,�
U+24789,shù,�
U+2478A,liè,�
U+2478B,zǎo,�
U+2478C,zhì,�
U+2478D,náo,�
U+24797,chái,�
U+2479A,xiāo,�
U+2479B,zàng,�
U+2479E,yù,�
U+2479F,dòu,�
U+247A0,chà,�
U+247A1,xié,�
U+247A2,yáng,�
U+247A4,xiǎn,�
U+247A5,bǎo,�
U+247AE,zhài;zhāi,�
U+247B0,qiú,�
U+247B2,hú,�
U+247B3,zài,�
U+247B4,jué,�
U+247B6,hān;hàn,�
U+247BF,àn,�
U+247C0,zào,�
U+247C3,shà,�
U+247C5,xiàn,�
U+247C6,chǐ,�
U+247C7,yǎn,�
U+247C9,àn,�
U+247CD,zhé,�
U+247CE,jué,�
U+247D1,lì,�
U+247D3,lè,�
U+247D6,cǎi,�
U+247D8,lù,�
U+247DA,jiā,�
U+247DD,xià,�
U+247DE,xiào,�
U+247DF,yān,�
U+247E0,xū,�
U+247E2,dùn,�
U+247E3,yíng,�
U+247E4,huī;xūn,�
U+247E5,tí,�
U+247E6,nóu,�
U+247E7,xǐ,�
U+247EA,tú,�
U+247F7,wāi,�
U+247F8,chēn,�
U+247FC,hōng,�
U+247FE,tí,�
U+247FF,xuān,�
U+24800,zá,�
U+24807,gé,�
U+2480B,lóu,�
U+2480C,chái,�
U+2480D,pán,�
U+2480E,jí,�
U+24810,tà,�
U+24813,xī,�
U+24816,xiāo,�
U+24818,sāo,�
U+24819,jiā,�
U+2481A,sù,�
U+2481B,huāng,�
U+2481D,cuō,�
U+2481F,tà,�
U+24820,shuāi,�
U+2482A,fú,�
U+2482B,lì,�
U+2482D,shè,�
U+2482F,táng,�
U+24836,diān,�
U+2483A,bì,�
U+2483C,gòu,�
U+2483D,cù,�
U+2483F,qiān,�
U+24842,léi;lěi,�
U+24843,sù,�
U+24846,zòng;zōng,�
U+24847,hāo,�
U+2484F,chì,�
U+24850,cáo,�
U+24853,wò,�
U+24854,xiāo,�
U+24855,liè;wěn,�
U+24856,yán;yān,�
U+2485D,bì,�
U+2485F,huàn,�
U+24861,xī,�
U+24862,chī,�
U+24863,xū,�
U+24864,náo;nà;rú,�
U+24865,yán;xiàn,�
U+24867,xiè,�
U+24868,zhá,�
U+2486A,suì;wěi,�
U+2486C,xì,�
U+2486D,bēng;péng,�
U+2486E,rán,�
U+2486F,shuò;xī;què,�
U+24870,bān,�
U+24871,guì,�
U+24872,kāi,�
U+24873,chēn,�
U+24876,xù,�
U+2487E,è,�
U+2487F,lì,�
U+24880,xī,�
U+24881,huàn,�
U+24882,sù,�
U+24884,chǎng,�
U+2488A,lù,�
U+2488B,yán,�
U+2488E,dāng,�
U+2488F,dǎn,�
U+24890,yāng,�
U+24892,zhǎi,�
U+24893,jù;qú,�
U+24895,duó,�
U+24896,sāo;shān,�
U+24897,lái,�
U+24898,sù,�
U+2489F,zé,�
U+248A3,bì,�
U+248A6,yìn,�
U+248A8,hāo,�
U+248AA,liè,�
U+248AD,háo,�
U+248AE,yáng,�
U+248B4,shuò;lì,�
U+248B5,lài;ài,�
U+248B6,qióng,�
U+248B9,lěi,�
U+248BA,xié,�
U+248BC,shì,�
U+248C3,lǔ,�
U+248C5,què,�
U+248C6,lián,�
U+248CC,xiào,�
U+248CE,yīng,�
U+248D1,xié,�
U+248D8,líng,�
U+248D9,yōu,�
U+248DE,dǎng,�
U+248DF,lǎn,�
U+248E0,xiāo,�
U+248E8,yì,�
U+248EC,wū,�
U+248EE,yì,�
U+248EF,tuō,�
U+248F0,bǔ,�
U+248F2,xìn,�
U+248F5,sī,�
U+248F6,jīn,�
U+248F8,bā,�
U+248F9,fǎ,�
U+248FB,mò,�
U+248FC,ruò,�
U+2490A,dà,�
U+2490B,jì,�
U+24910,sù,�
U+24911,qióng,�
U+24912,bā,�
U+24926,tián,�
U+24927,yóu,�
U+24929,tuó,�
U+2492B,wài,�
U+2492C,yòu,�
U+2492E,dōng,�
U+24931,xǐ,�
U+24932,kǒng,�
U+24936,qióng,�
U+24937,duī,�
U+24938,duò,�
U+2493A,yì,�
U+24952,xī,�
U+24953,qīn,�
U+24954,sù,�
U+24957,liú,�
U+24959,wán,�
U+2496D,chē,�
U+2496E,zhū,�
U+24970,mào,�
U+24977,quán,�
U+2497D,yū,�
U+2497F,yì,�
U+24980,mí,�
U+24983,lái,�
U+24984,zhì,�
U+249A4,ní,�
U+249A6,bān,�
U+249AA,dōng,�
U+249AE,zhì,�
U+249D5,yì,�
U+249D8,líng,�
U+249D9,yú,�
U+249DA,cōng,�
U+249DB,dì,�
U+249DC,zhì,�
U+249E0,ruǎn,�
U+249E3,jiàn,�
U+249E9,wàn,�
U+249EB,jīn;jìn;duī,�
U+249ED,páng,�
U+24A0D,lù,�
U+24A0E,qú,�
U+24A10,xǐ;tāo,�
U+24A11,dá,�
U+24A16,hù,�
U+24A17,luǒ,�
U+24A19,lè,�
U+24A36,gǒng,�
U+24A3B,lìng,�
U+24A42,láo,�
U+24A44,zhuàn,�
U+24A68,zǎo,�
U+24A69,hào,�
U+24A6A,xiàng,�
U+24A6D,hào,�
U+24A6E,lì,�
U+24A71,diàn;tiàn,�
U+24A72,gé,�
U+24A7D,huán,�
U+24A84,è,�
U+24A86,xiá,�
U+24A8B,jiān,�
U+24A8C,qí,�
U+24A8D,xiá,�
U+24A8E,yǒu,�
U+24AA1,zhēng,�
U+24AAA,zhuàn;chūn,�
U+24AAE,chàn,�
U+24AC9,xiè,�
U+24AD5,náo,�
U+24ADD,jì,�
U+24ADE,tián,�
U+24AE3,yǎn,�
U+24AE7,hǎo,�
U+24AE8,xín,�
U+24AE9,líng,�
U+24AEB,bān,�
U+24AEC,běng,�
U+24AF1,gōu,�
U+24AF2,líng,�
U+24AF5,kuò;guó,�
U+24AF6,qià,�
U+24AF7,jiào,�
U+24AF9,ēn,�
U+24AFA,yáo,�
U+24AFB,dū,�
U+24B01,huǒ;guǒ;luǒ,�
U+24B02,dǔ,�
U+24B03,pēi,�
U+24B0C,yuán,�
U+24B0F,lóu,�
U+24B10,xíng,�
U+24B13,lián;liǎn,�
U+24B14,yáo,�
U+24B15,xī,�
U+24B16,yáo,�
U+24B18,xī,�
U+24B1B,lú,�
U+24B1D,yàn,�
U+24B20,quán,�
U+24B25,ráng,�
U+24B26,wà,�
U+24B27,zú,�
U+24B28,fàn,�
U+24B29,yì,�
U+24B2A,dù;kān,�
U+24B2B,suì,�
U+24B2D,pī,�
U+24B2F,hán;qiàn,�
U+24B31,xù,�
U+24B33,gǒng,�
U+24B35,dì,�
U+24B37,nà,�
U+24B3E,duò;tuó,�
U+24B3F,wā,�
U+24B42,niè,�
U+24B48,diào,�
U+24B49,huāng,�
U+24B4C,tí,�
U+24B4D,fàn,�
U+24B51,wú,�
U+24B52,áng,�
U+24B54,píng,�
U+24B59,hán;gān,�
U+24B5B,gāng,�
U+24B5C,lí,�
U+24B5E,dūn,�
U+24B5F,fù,�
U+24B60,nà,�
U+24B62,cèi;suì,�
U+24B67,jiē,�
U+24B69,qìng,�
U+24B6B,yīng,�
U+24B6C,xiáng,�
U+24B71,hú,�
U+24B74,sù,�
U+24B7B,gē,�
U+24B7C,è,�
U+24B7D,xù,�
U+24B86,xī,�
U+24B8A,kāng,�
U+24B8B,guó,�
U+24B8C,jiē,�
U+24B8D,chuán,�
U+24B8E,léi,�
U+24B8F,héng,�
U+24B90,zūn,�
U+24B95,piè,�
U+24B98,dēng,�
U+24B99,xī,�
U+24B9A,léi,�
U+24B9C,shàn,�
U+24BA7,lú,�
U+24BA9,duì,�
U+24BAA,jùn,�
U+24BAD,chàn,�
U+24BAF,xié,�
U+24BB0,wā,�
U+24BB1,zhé,�
U+24BB3,zhuān;guàn,�
U+24BB7,liù,�
U+24BB8,léi,�
U+24BBC,dài,�
U+24BBD,gān,�
U+24BC4,shì,�
U+24BC7,yǎn,�
U+24BCC,gān,�
U+24BD0,yán,�
U+24BD6,suī,�
U+24BDA,zhōng,�
U+24BDC,shì,�
U+24BE1,shèng,�
U+24BE5,chǎn,�
U+24BF7,huáng,�
U+24BF8,yìn,�
U+24BFB,měng,�
U+24C02,ráng,�
U+24C05,xiáng,�
U+24C08,bèi;fú,�
U+24C0C,chuán,�
U+24C11,pú,�
U+24C19,kē;gé,�
U+24C1A,lā;lá,�
U+24C1D,quǎn,�
U+24C1F,hàng,�
U+24C20,chì,�
U+24C21,máng,�
U+24C26,zhà,�
U+24C2A,fèn,�
U+24C2C,chào,�
U+24C33,jǐng,�
U+24C43,liè,�
U+24C45,nà,�
U+24C46,nà,�
U+24C47,tóng,�
U+24C4B,rán,�
U+24C4C,zǔ,�
U+24C4D,pī;pǒ,�
U+24C4E,yǒu,�
U+24C50,shū,�
U+24C5B,liè,�
U+24C5C,shōu,�
U+24C5D,tuǎn,�
U+24C5F,gǎo,�
U+24C60,sháo,�
U+24C61,tuó,�
U+24C63,nán,�
U+24C67,tuǒ,�
U+24C68,gōng,�
U+24C69,diào,�
U+24C74,měng,�
U+24C75,bāng,�
U+24C77,xié,�
U+24C78,sì,�
U+24C79,tǐng,�
U+24C7A,guì,�
U+24C7D,fú,�
U+24C7E,guì,�
U+24C89,guì,�
U+24C91,zhǔ,�
U+24C93,lái,�
U+24C95,lǔn,�
U+24C96,tiǎn,�
U+24C97,rǎn,�
U+24C9A,dōng,�
U+24CA8,juàn,�
U+24CA9,yán,�
U+24CAC,ruán,�
U+24CAD,dǎn,�
U+24CB0,mào,�
U+24CB6,luán;niǎo,�
U+24CB8,xù;zī,�
U+24CBA,xī,�
U+24CC2,má,�
U+24CC3,qī,�
U+24CC5,chà,�
U+24CC8,shāng,�
U+24CC9,hàn,�
U+24CCA,píng,�
U+24CCE,jī,�
U+24CD3,lì,�
U+24CD5,yù,�
U+24CD6,bān;fān,�
U+24CD8,tēng,�
U+24CDD,chóu,�
U+24CE0,chóu,�
U+24CE4,qī,�
U+24CE5,xī,�
U+24CE6,bèi,�
U+24CEA,yè,�
U+24CED,guǎng,�
U+24CEF,zhù,�
U+24CF3,léi;huǐ,�
U+24CF4,léi,�
U+24CF5,chā,�
U+24D00,guǎng;qiāo,�
U+24D0D,dié,�
U+24D13,yǎ,�
U+24D18,niè,�
U+24D19,shū;xū,�
U+24D1B,zhì,�
U+24D1F,zhì,�
U+24D22,zhì,�
U+24D23,pǐ,�
U+24D25,jiū,�
U+24D26,jiū,�
U+24D27,yì,�
U+24D28,yòu;yǒu,�
U+24D2A,jiū,�
U+24D2F,huàn,�
U+24D31,dù,�
U+24D3B,táo,�
U+24D3C,qiè;cí,�
U+24D3D,qín,�
U+24D3E,xìn,�
U+24D3F,chān,�
U+24D40,jì,�
U+24D42,qìn,�
U+24D4A,dù,�
U+24D4B,zhī,�
U+24D4E,ǒu,�
U+24D50,wù,�
U+24D52,wén,�
U+24D58,bì,�
U+24D5B,bēi,�
U+24D5D,mǔ,�
U+24D5E,jìn,�
U+24D5F,táo,�
U+24D60,liáo,�
U+24D65,cáo;zhǒu,�
U+24D66,zhá,�
U+24D6C,chǐ,�
U+24D6D,yā,�
U+24D6E,kuí,�
U+24D6F,yìn,�
U+24D78,lóng;pāng,�
U+24D79,qià,�
U+24D7B,hāng,�
U+24D7C,shàng;shāng,�
U+24D7D,hài,�
U+24D7E,chā,�
U+24D80,jiǎo,�
U+24D81,lǎo,�
U+24D88,xī,�
U+24D8B,bó,�
U+24D93,zhǐ,�
U+24D95,tùn,�
U+24D96,fú,�
U+24D98,hū,�
U+24D9A,niè,�
U+24D9B,yì,�
U+24D9C,zhuàng,�
U+24DA0,chá,�
U+24DA4,suān,�
U+24DA7,yùn,�
U+24DAE,dù,�
U+24DB0,xī,�
U+24DB1,chuàn,�
U+24DB2,xíng,�
U+24DB3,jiǎo,�
U+24DB4,shēn,�
U+24DC0,wāng,�
U+24DC1,bēi,�
U+24DC2,féi,�
U+24DC3,jiàn,�
U+24DC4,quán,�
U+24DC5,yì;yá,�
U+24DC6,dōng,�
U+24DC7,xù,�
U+24DC8,nà;niè,�
U+24DC9,jí,�
U+24DCC,zhěn,�
U+24DCD,qí,�
U+24DCE,duī,�
U+24DCF,yín,�
U+24DD1,jiù,�
U+24DD2,pí;bì;bēi,�
U+24DD3,xìn,�
U+24DD4,lún,�
U+24DD5,cǎi,�
U+24DD6,lìng,�
U+24DD7,biē,�
U+24DD8,dào,�
U+24DD9,dé,�
U+24DDF,la,�
U+24DE1,xī;nüè,�
U+24DE2,jù,�
U+24DE4,xiáo,�
U+24DE6,jīng,�
U+24DF9,wài,�
U+24DFB,nǎo,�
U+24DFC,xiāng,�
U+24DFD,què,�
U+24DFE,qiè,�
U+24DFF,tū,�
U+24E00,xǔ,�
U+24E01,huì,�
U+24E05,mín,�
U+24E06,wěi,�
U+24E08,yóu,�
U+24E09,tuí,�
U+24E0A,dài,�
U+24E0E,kě;hài,�
U+24E0F,nà;niè,�
U+24E11,fù,�
U+24E12,yù,�
U+24E13,zhǐ,�
U+24E15,hān,�
U+24E16,āi,�
U+24E17,fù,�
U+24E21,yāng,�
U+24E24,shí,�
U+24E26,chán,�
U+24E2A,chì,�
U+24E2B,yùn,�
U+24E2C,shuāi,�
U+24E2E,sù,�
U+24E2F,sǎng,�
U+24E31,è;kè;kài;yà,�
U+24E32,zhěng,�
U+24E33,ái,�
U+24E34,suǒ,�
U+24E35,bù,�
U+24E37,qún,�
U+24E38,yì,�
U+24E39,yǎn,�
U+24E3B,nà,�
U+24E3C,wǔ,�
U+24E47,lì,�
U+24E48,lì,�
U+24E4A,xī,�
U+24E4B,jué,�
U+24E4C,shī,�
U+24E4E,yǎ,�
U+24E5B,chén,�
U+24E5C,yíng,�
U+24E5D,bì,�
U+24E5E,chè,�
U+24E61,zhā,�
U+24E62,tuǒ,�
U+24E63,hù,�
U+24E64,téng,�
U+24E65,yìng,�
U+24E66,bǐ,�
U+24E67,níng,�
U+24E68,liàn,�
U+24E69,xìn,�
U+24E6A,yǔ,�
U+24E72,bèi,�
U+24E74,mó,�
U+24E75,duī,�
U+24E77,dǎo,�
U+24E78,qí,�
U+24E80,shuāi,�
U+24E83,xiāo;jiāo;yāo,�
U+24E84,zhǒng;tóng,�
U+24E85,zhuì,�
U+24E87,biàn,�
U+24E89,wěi,�
U+24E8A,xī;sī,�
U+24E8C,dēng,�
U+24E8E,xiē,�
U+24E8F,pān,�
U+24E90,niè,�
U+24E93,bié,�
U+24E94,shè,�
U+24E95,fèi,�
U+24E96,mǐn,�
U+24E97,qì;jì,�
U+24EAA,shàn,�
U+24EAB,suǒ,�
U+24EB7,jí,�
U+24EBA,dǎn;dàn;tán,�
U+24EBB,juàn,�
U+24EBC,lù,�
U+24EBE,ào,�
U+24EC2,yì,�
U+24EC3,shǔ,�
U+24EC4,suì,�
U+24EC5,wèi,�
U+24EC6,wán,�
U+24EC7,chǔ,�
U+24ECC,wò,�
U+24ED6,bì,�
U+24ED8,yǐn,�
U+24ED9,huó,�
U+24EDC,kài;è,�
U+24EDD,níng,�
U+24EE2,ài,�
U+24EE4,lì,�
U+24EE6,zhāi,�
U+24EF1,lù,�
U+24EF6,biàn,�
U+24EF7,pán,�
U+24EFF,guì,�
U+24F00,sū,�
U+24F01,méng,�
U+24F02,xiǎn,�
U+24F03,lòng;lóng,�
U+24F05,qì,�
U+24F0B,chàn,�
U+24F0C,yì,�
U+24F0D,háng,�
U+24F0F,liǎn,�
U+24F10,guàn;huàn,�
U+24F12,wěi;huà,�
U+24F17,jué,�
U+24F18,léi,�
U+24F19,luán,�
U+24F1A,lì,�
U+24F1C,pí,�
U+24F22,huǎn,�
U+24F2E,guī,�
U+24F33,jú,�
U+24F36,dēng,�
U+24F3A,fèi,�
U+24F41,zhī,�
U+24F43,mèi,�
U+24F45,huàn,�
U+24F49,pā,�
U+24F4A,bǐ,�
U+24F4C,pō,�
U+24F53,ér,�
U+24F55,huàn,�
U+24F63,chàng,�
U+24F65,luò,�
U+24F66,fǒu,�
U+24F6F,chóu,�
U+24F71,zú,�
U+24F72,nán,�
U+24F73,xiǎo,�
U+24F79,bài,�
U+24F7A,lù,�
U+24F7C,luò,�
U+24F7F,niàn,�
U+24F80,zé,�
U+24F84,zhù,�
U+24F85,hú,�
U+24F88,huī,�
U+24F89,tǎng,�
U+24F8A,chóu,�
U+24F91,huáng,�
U+24F92,dōu,�
U+24F9B,miào,�
U+24F9D,bó,�
U+24FA0,dì,�
U+24FA2,děng,�
U+24FA3,pū,�
U+24FA5,sōng,�
U+24FA6,chóu,�
U+24FAB,yào,�
U+24FAC,měng,�
U+24FAD,lóng,�
U+24FB2,lián,�
U+24FB5,bié,�
U+24FBA,lǚ,�
U+24FBF,sè,�
U+24FC0,zuó,�
U+24FC4,cún,�
U+24FC5,líng,�
U+24FC6,zhěng,�
U+24FC7,pǐ,�
U+24FC8,báo,�
U+24FCB,què,�
U+24FCE,pī,�
U+24FCF,nàn,�
U+24FD0,pī,�
U+24FD1,bǒ,�
U+24FD2,bèi,�
U+24FD3,fā,�
U+24FD5,mǐn,�
U+24FD6,mò,�
U+24FD7,wà,�
U+24FD8,zhāo,�
U+24FD9,zhì;pí,�
U+24FDA,cū,�
U+24FDF,xún,�
U+24FE0,jí,�
U+24FE1,guì;qí,�
U+24FE3,chéng,�
U+24FE7,hàn,�
U+24FE8,xiào,�
U+24FE9,què,�
U+24FEB,chuò,�
U+24FED,fǔ,�
U+24FF3,qǐn,�
U+24FF4,lù,�
U+24FF5,què,�
U+24FF6,diǎn,�
U+24FF7,qiān,�
U+24FFC,chǎng,�
U+24FFD,tà,�
U+24FFE,bēi,�
U+25001,dù,�
U+25002,běng;bāng,�
U+25003,hòu,�
U+25008,zhǎ,�
U+25009,zhǎ,�
U+2500E,què,�
U+2500F,má,�
U+25010,hán,�
U+25013,liú,�
U+25014,lù,�
U+25016,zī,�
U+25018,pǐ,�
U+25019,zhòu,�
U+2501B,zāo,�
U+2501D,niǔ,�
U+25020,huì,�
U+25023,xué;qiào,�
U+25025,là,�
U+2502B,nóu;rǎn,�
U+2502C,yǎn;yè,�
U+2502D,rǎn,�
U+2502E,nǎo,�
U+25030,là,�
U+25031,guǎng,�
U+25032,dú,�
U+25035,lú,�
U+25039,jiǎn,�
U+2503A,xiè,�
U+2503B,qì,�
U+2503E,xiàng,�
U+25041,guǒ,�
U+25042,jié,�
U+25043,màng,�
U+25046,xiā,�
U+25047,kuī,�
U+2504E,yòng,�
U+25050,hǎi,�
U+25051,mì,�
U+25052,yào,�
U+25055,wēn,�
U+2505F,lì,�
U+25060,juàn;quán;quān,�
U+25061,wū,�
U+25062,qiáo,�
U+2506E,diào,�
U+2506F,chù;chuò,�
U+25072,suō,�
U+25075,chōng,�
U+25078,quān,�
U+25079,shè,�
U+25081,yán,�
U+25082,měng,�
U+25083,jù,�
U+2508B,tú,�
U+25092,nóng,�
U+25093,mó,�
U+25099,fèn,�
U+250A2,áo,�
U+250A3,guō,�
U+250A4,hú,�
U+250A5,cán,�
U+250A6,dūn,�
U+250A7,hǎi,�
U+250A8,jiǎo,�
U+250B0,gū,�
U+250B5,jīn,�
U+250B8,yáng,�
U+250C0,chà,�
U+250CC,huī,�
U+250D4,qú,�
U+250D5,kē,�
U+250DF,qīng,�
U+250E0,yì,�
U+250E3,kǎi,�
U+250E4,jiǎo,�
U+250E7,chōu;jiǎo;yǎo,�
U+250E8,bǔ,�
U+250E9,gèn;yǎn,�
U+250EA,jiāo,�
U+250EB,zhī,�
U+250EE,wèn,�
U+250F0,bīn,�
U+250F4,xiòng,�
U+250F5,fàn,�
U+250F8,yí,�
U+250F9,chuàn,�
U+250FA,yào,�
U+250FD,yāng,�
U+250FE,dù,�
U+250FF,yǎn,�
U+25101,méng,�
U+25107,chī;hūn,�
U+25108,mù,�
U+25109,jiāo,�
U+2510B,nǜ,�
U+2510D,guó,�
U+2510E,xuè,�
U+25111,fú,�
U+25112,xuē,�
U+25113,fū,�
U+25114,pèi;pò,�
U+25115,mò,�
U+25116,xī,�
U+25117,wò;nài,�
U+25118,shǎn,�
U+2511B,xī,�
U+2511C,qì,�
U+2511D,miàn,�
U+25126,dǎn,�
U+25128,chǒu,�
U+25131,fèi,�
U+25132,mié,�
U+25134,xuè;jué,�
U+25135,xù;yù,�
U+25136,sī,�
U+25137,jǔ,�
U+25138,mǎo,�
U+25139,bào,�
U+2513B,yí,�
U+2513C,guā,�
U+2513D,nì,�
U+2513F,yí;dì,�
U+25141,zuò,�
U+25144,nǔ,�
U+25151,diàn,�
U+25152,fàn,�
U+25153,yì,�
U+25154,shì,�
U+25157,cū,�
U+25158,zhěn;mí,�
U+2515E,shì,�
U+2515F,jiǎo,�
U+25160,hòu,�
U+25161,ér,�
U+25166,lèi,�
U+25167,xuè,�
U+25168,gèng,�
U+2516A,shōu,�
U+2516C,juān,�
U+25174,jié,�
U+25175,wéi,�
U+25177,shǒu,�
U+25178,jìng,�
U+2517A,xú,�
U+2517B,chòng,�
U+25185,jiāng,�
U+25186,mòu,�
U+25189,yù,�
U+2518C,jué,�
U+25191,tìng,�
U+25194,xiāo,�
U+25196,dōu,�
U+25198,guó,�
U+25199,máng,�
U+2519A,wāng,�
U+2519B,xù,�
U+2519C,wàng,�
U+2519D,suō,�
U+2519E,juàn,�
U+2519F,yuè,�
U+251A1,hán,�
U+251A3,shēn,�
U+251A5,xié,�
U+251A6,liú,�
U+251A7,rún,�
U+251AF,bì,�
U+251B2,nào,�
U+251B6,wàn,�
U+251B7,jiù,�
U+251B8,quē,�
U+251C4,nì,�
U+251C6,mí,�
U+251C7,suō,�
U+251C9,qiǎng,�
U+251CC,hàn;qià,�
U+251CD,zhuó,�
U+251CE,mí,�
U+251CF,xù,�
U+251D1,lǎng,�
U+251D2,jié,�
U+251D3,dìng,�
U+251D4,chàng;zhāng,�
U+251D5,zhì,�
U+251D6,fēi,�
U+251D7,jiá,�
U+251D8,jùn,�
U+251D9,huò,�
U+251DA,qī,�
U+251DB,jū;jù;xì,�
U+251DC,zhūn;guō,�
U+251DE,diàn,�
U+251DF,jiǎo,�
U+251E0,yā,�
U+251E2,zhǎn,�
U+251ED,zhī,�
U+251EF,mài,�
U+251F0,hū,�
U+251F1,xiè,�
U+251F2,shí,�
U+251F3,guī,�
U+251FF,xù,�
U+25202,jí,�
U+25204,chuàng,�
U+25206,mào,�
U+25207,ruán,�
U+25208,xū,�
U+25209,huàn,�
U+2520A,shà,�
U+2520B,jǔ,�
U+2520F,kuàng,�
U+25211,hóu,�
U+25212,guān,�
U+25213,guā,�
U+25215,mí,�
U+25216,dié,�
U+25217,bì,�
U+25218,liǎng,�
U+25219,là,�
U+2521A,shǎn,�
U+2521B,lù,�
U+2521C,xì,�
U+2521F,sǒu,�
U+2522C,ōu,�
U+2522E,léng,�
U+25237,kū,�
U+25238,guī,�
U+2523B,xī,�
U+2523C,pán;pān,�
U+2523D,sè,�
U+2523E,juè,�
U+2523F,hòng,�
U+25240,guàn,�
U+25241,jù,�
U+25243,nài,�
U+25244,huá,�
U+25245,gé,�
U+25246,lì,�
U+25247,gòu,�
U+25248,tì,�
U+2524A,mà,�
U+2524B,téng,�
U+2524C,dá,�
U+25250,qī,�
U+25251,yù;hè,�
U+25252,jiǎo,�
U+25253,miè,�
U+25254,gěng,�
U+25255,mèng;méng,�
U+25256,wèi,�
U+25258,tí,�
U+25259,qí,�
U+2525C,chén,�
U+2525D,dōu,�
U+2525F,pán,�
U+25270,hàn;qià,�
U+25274,mì,�
U+25275,má,�
U+25276,lù,�
U+25277,qī,�
U+25278,kēng,�
U+2527A,dié,�
U+2527B,qì,�
U+2527C,jiāo,�
U+2527D,kāng,�
U+2527E,qiāo,�
U+2527F,mì,�
U+25280,shān;sǎn,�
U+25287,jiān,�
U+25288,lí,�
U+25289,kè,�
U+2528A,xù,�
U+25291,mán;màn,�
U+25292,fèng,�
U+25293,chàn,�
U+25294,huǐ,�
U+252A7,kòu,�
U+252AA,wěi,�
U+252AB,guàn,�
U+252AC,jí,�
U+252AD,zùn,�
U+252AE,huò,�
U+252AF,xié,�
U+252B4,suì,�
U+252B6,ruǎn,�
U+252B8,tè,�
U+252BC,zhèng,�
U+252BD,kūn,�
U+252BE,xiǎng,�
U+252BF,mián,�
U+252C1,xì,�
U+252CC,sā,�
U+252D9,è,�
U+252DA,miè,�
U+252DB,zhǔ,�
U+252DC,zōu,�
U+252DD,měng,�
U+252DF,xī,�
U+252E1,táng,�
U+252E3,jià,�
U+252E4,cháng,�
U+252E5,jí,�
U+252EE,zhuó,�
U+252FF,hè,�
U+25300,chá,�
U+25301,qì,�
U+25302,mián,�
U+25303,zhěn,�
U+25304,kū,�
U+25305,yè,�
U+25306,zhōu,�
U+25308,jiān,�
U+2530A,pàn,�
U+2530D,huī,�
U+2530F,míng,�
U+25310,liù,�
U+25318,shuì,�
U+2531A,mài;yá;shù,�
U+2531B,lí,�
U+2531E,shuò,�
U+2531F,yí,�
U+25324,lì,�
U+25328,xiē;miè,�
U+25329,tè,�
U+2532A,xiū,�
U+2532D,xuàn,�
U+2532E,lì,�
U+2532F,méng,�
U+25330,wéi,�
U+25331,méng,�
U+2533A,yào,�
U+2533B,lán,�
U+2533C,líng,�
U+2533D,yīng,�
U+2533E,yīng,�
U+2533F,lì,�
U+25340,jiǎn,�
U+25341,guī;guì,�
U+25345,guān,�
U+25346,xiè,�
U+25349,shè,�
U+2534B,zuī;xiē;huǐ,�
U+25353,kàn;yǎn,�
U+25354,léi,�
U+2535A,biàn,�
U+2535D,shǔ,�
U+2535E,nǜ,�
U+2535F,xù;yì,�
U+25363,hào,�
U+25368,guǐ,�
U+2536A,zhài,�
U+2536B,láng,�
U+2536C,cuān,�
U+2536D,zhì,�
U+2536E,féng;fēng,�
U+2536F,qīn,�
U+25371,zé,�
U+25372,nà,�
U+25373,niǔ,�
U+25374,yì,�
U+25377,cōng,�
U+25378,shī,�
U+25379,jiǎn,�
U+2537A,zōng,�
U+2537B,yǎn,�
U+2537C,yīng,�
U+25380,ruǎn,�
U+25382,róng,�
U+25383,xì,�
U+25385,guān,�
U+25386,kài,�
U+25388,wù,�
U+2538A,qín,�
U+2538B,cōng,�
U+2538D,zé,�
U+2538E,xiè,�
U+25390,yù,�
U+25391,zàn,�
U+25392,chuāng,�
U+25393,lǐ,�
U+25394,lǐ,�
U+25395,xù,�
U+25396,mí,�
U+25397,xù,�
U+25398,ruǎn,�
U+2539B,guì,�
U+2539C,rǒng,�
U+2539F,máo,�
U+253A1,qín,�
U+253A2,cuàn,�
U+253A3,cuàn,�
U+253A4,cuàn,�
U+253AE,wū,�
U+253B0,fǎ,�
U+253B1,bá,�
U+253B8,qià,�
U+253B9,zhì,�
U+253BA,tiào,�
U+253C4,zhì,�
U+253C5,zhí,�
U+253C7,huàn,�
U+253C8,chóu,�
U+253CA,zhì,�
U+253CE,yǐng,�
U+253D2,wù,�
U+253D3,bēi,�
U+253D5,hóng,�
U+253D6,shěn,�
U+253D8,jué,�
U+253D9,kuì,�
U+253DC,yǐ,�
U+253DD,yà,�
U+253E0,bī,�
U+253E4,kuà,�
U+253E5,qiān,�
U+253E8,zhāo,�
U+253EA,kǎi,�
U+253EB,shāng,�
U+253EE,àn,�
U+253EF,zhé,�
U+253F0,zhì,�
U+253F7,zhì,�
U+253F9,jiǎo,�
U+25400,sī,�
U+25401,pú,�
U+25402,ǒu,�
U+2540A,zhuó,�
U+25411,yīng,�
U+25413,huān,�
U+25415,yà,�
U+25418,shí,�
U+25419,pā;bā,�
U+2541A,pǔ,�
U+2541E,máng,�
U+2541F,chāi,�
U+25429,yún,�
U+2542C,gǔ,�
U+25439,dǎn,�
U+2543B,náo,�
U+2543D,zhé,�
U+2543F,hú,�
U+25445,kēng,�
U+25447,dié,�
U+25448,tīng,�
U+2544B,guài,�
U+2544E,qiōng,�
U+2544F,shǐ,�
U+25450,jiǎ,�
U+25451,ào,�
U+25452,nǎ;kēng,�
U+25453,pǐn,�
U+25454,jiá,�
U+25461,zhè,�
U+25462,bù,�
U+25463,wǒ,�
U+25465,chǎ,�
U+2546A,náo,�
U+2546B,kān;kǎn,�
U+2546F,dú,�
U+25470,guài,�
U+25471,qióng,�
U+25473,róng,�
U+25474,yǐ,�
U+25475,duī,�
U+25476,lěi,�
U+25478,zhōu,�
U+25479,kuā,�
U+2547A,ē,�
U+2547B,xiān,�
U+2547C,diàn,�
U+2547D,nuò,�
U+2547E,è,�
U+2547F,yōng,�
U+25480,wù,�
U+25481,kēng,�
U+25493,zhì,�
U+25497,zhǐ,�
U+25498,xún,�
U+2549B,zhèng,�
U+2549E,yáng,�
U+254A0,huò,�
U+254A1,jí,�
U+254A2,nǎo;lì,�
U+254A7,yà,�
U+254A8,lù,�
U+254AB,fū,�
U+254AC,sǎn,�
U+254AD,chù,�
U+254AE,wěi,�
U+254B0,fǔ,�
U+254B1,kēng,�
U+254B2,sì,�
U+254B3,kàng,�
U+254B5,yì,�
U+254B6,huà,�
U+254BE,yǔ,�
U+254C3,lì,�
U+254C6,lǐn,�
U+254C7,dǔ,�
U+254C8,è,�
U+254CC,qiǎng,�
U+254CD,dú,�
U+254D0,jié,�
U+254D1,chuò,�
U+254D2,xiàn;kàn,�
U+254D6,gǎo,�
U+254EC,dào,�
U+254F0,hōng,�
U+254FB,zōng,�
U+254FE,qì,�
U+254FF,tuó,�
U+25500,hōng,�
U+25501,pǐ,�
U+25502,gèng,�
U+25504,niè,�
U+25507,kōng,�
U+2550A,zhǐ,�
U+25511,xiǎo,�
U+25521,shè,�
U+25522,yú,�
U+25523,jiāng,�
U+25529,qǐ,�
U+2552A,chěn,�
U+2552B,sǎng,�
U+2552D,suǒ,�
U+2552E,qián,�
U+2552F,huì,�
U+25531,shàn,�
U+25532,è,�
U+2553B,qiū,�
U+2553D,kè,�
U+25540,wēng,�
U+25541,zī,�
U+25542,jí,�
U+25547,dǎ,�
U+25549,cuò,�
U+2554D,lǒu,�
U+2554E,kāng,�
U+2554F,kuò,�
U+25550,dí,�
U+25551,qiē;jū,�
U+25553,mò,�
U+25556,guǒ,�
U+25557,hōng,�
U+25558,cháo;suǒ,�
U+25559,hēi,�
U+25562,cáo,�
U+25563,zhé,�
U+25566,gǔn,�
U+25570,xū,�
U+25571,péng;pēng,�
U+25572,jué,�
U+25575,gǎn,�
U+25576,sī,�
U+25578,suì,�
U+25579,què,�
U+2557B,wú;wǔ,�
U+2557C,yán,�
U+2557D,pèng,�
U+2557E,xiǎo,�
U+2557F,pān,�
U+2558D,là,�
U+25597,bèng,�
U+25598,zhěn,�
U+25599,jí,�
U+2559C,jǐn,�
U+2559D,lián,�
U+2559E,kěn,�
U+255A0,zhóu;dú,�
U+255A8,zào,�
U+255AA,lè,�
U+255AB,qī,�
U+255AC,bìng,�
U+255B5,yǐn,�
U+255B6,pīn,�
U+255BB,sǒu,�
U+255BC,lǜ,�
U+255BE,dí,�
U+255BF,dú,�
U+255C0,liǎo,�
U+255C1,zhuó,�
U+255CA,chǎng,�
U+255D2,chèn,�
U+255D3,tà,�
U+255D9,què,�
U+255DA,dào,�
U+255DD,rǎng,�
U+255DF,pò,�
U+255E6,zhōng,�
U+255E7,xiē,�
U+255EA,jiāng,�
U+255EB,qú,�
U+255EC,lěi,�
U+255ED,cà,�
U+255EE,quē,�
U+255F5,xiàng,�
U+255F6,lèi,�
U+255FA,làn,�
U+255FD,lán,�
U+255FF,lǎ,�
U+25601,lǎ,�
U+25604,yù,�
U+2560A,jiào,�
U+2560B,qín,�
U+2560C,jī,�
U+2560F,gǎn,�
U+25612,yì,�
U+25620,yì,�
U+25621,zhī,�
U+25624,biǎo,�
U+25625,shēng,�
U+25626,jiù;shè,�
U+2562B,hē,�
U+2562C,fú,�
U+2562E,jū,�
U+25640,zuǒ,�
U+25641,yí,�
U+25646,xiàn;zhī,�
U+25647,yí,�
U+25649,sì;tái,�
U+2564B,chuì,�
U+2564E,mò,�
U+25661,zhān,�
U+25663,xún,�
U+25666,rú,�
U+25668,huò,�
U+2566C,shāo,�
U+25670,shòu,�
U+2567E,yòu,�
U+2567F,yù,�
U+25682,jùn,�
U+25689,zī,�
U+2568A,lù,�
U+2569A,chǐ,�
U+2569B,kūn,�
U+256A0,zhùn,�
U+256A6,hóu,�
U+256A9,xǔ,�
U+256BE,zōng,�
U+256BF,yìng,�
U+256C2,zhū,�
U+256C5,liù,�
U+256D1,nù,�
U+256D8,bì,�
U+256DA,chì,�
U+256DC,zǔ,�
U+256DD,féng,�
U+256DE,lù,�
U+256DF,pǔ,�
U+256E5,zhuàn,�
U+256E7,zhé,�
U+256E8,shī,�
U+256E9,yǔ,�
U+256EA,lù,�
U+256EB,liáng,�
U+256EF,jué,�
U+256F0,liào,�
U+256F1,bēng,�
U+25703,yì,�
U+25704,guān,�
U+2570C,ǎo,�
U+2570F,guì,�
U+25710,mǐn,�
U+25712,yǎn,�
U+25713,lán,�
U+25716,bó,�
U+25719,zàn,�
U+2571A,yǒu,�
U+25725,yì,�
U+25726,nǐ;xiǎn,�
U+2572C,nǐ;xiǎn,�
U+2572D,guǒ,�
U+2572E,jùn,�
U+25730,shī,�
U+25732,xiǎn;jiǎn,�
U+25734,qiān,�
U+25735,què,�
U+25736,kuí,�
U+25740,shé,�
U+25742,huò,�
U+25744,wàn,�
U+2574A,fèi,�
U+2574B,fèi,�
U+2574C,jī,�
U+2574D,yù;wáng,�
U+25751,zhī,�
U+25752,guà,�
U+25754,jié,�
U+25755,máng,�
U+25756,hé;xié,�
U+25758,yǒu,�
U+2575F,dù,�
U+25760,sī;xiù,�
U+25762,lì,�
U+25765,jié,�
U+25766,niǔ,�
U+25767,bà,�
U+25768,yú,�
U+2576E,zhī,�
U+25778,hé,�
U+25779,kē,�
U+2577E,dù;zhà,�
U+2577F,jiā,�
U+25781,chēn,�
U+25783,chuì;shù,�
U+25784,hé,�
U+25785,zhǎi,�
U+2578A,mèi,�
U+2578D,hé,�
U+2578E,zǐ,�
U+2578F,zhú,�
U+25792,tuó,�
U+25798,zùn,�
U+2579A,rú,�
U+2579B,duò,�
U+2579C,jiàng,�
U+257A7,héng,�
U+257A9,bēng;hé,�
U+257AA,mò;mǐ,�
U+257AF,zú,�
U+257B2,biē,�
U+257B4,kù,�
U+257B5,jiá,�
U+257BA,zhuō,�
U+257BC,xiū,�
U+257C3,hé,�
U+257C5,qiāo,�
U+257CD,fěi,�
U+257CE,shēng,�
U+257D2,zhuì,�
U+257D3,kuǎn,�
U+257D4,zè,�
U+257D5,xiān,�
U+257D7,bì,�
U+257D8,yì,�
U+257DA,chàng,�
U+257EA,mào,�
U+257F6,wǎn,�
U+257FD,wū,�
U+257FE,kū,�
U+257FF,wǒ,�
U+25800,xīng,�
U+25801,kē,�
U+25803,jiū,�
U+25804,duān,�
U+25805,huàn,�
U+25808,zhì;jì,�
U+25809,cè,�
U+2580A,róu,�
U+2580B,jí,�
U+2580D,yè,�
U+2581B,jīng,�
U+2581C,yàng,�
U+25821,zǒng,�
U+25829,cǎn,�
U+25831,sī,�
U+25832,lì,�
U+25833,gǔ,�
U+25834,chàng,�
U+25836,fěi,�
U+25837,liú,�
U+25839,jié,�
U+2583A,yūn,�
U+2583D,zhì,�
U+25840,chóu,�
U+25841,biē,�
U+25852,jī,�
U+2585C,luó;suì,�
U+2585D,jiān;qiān,�
U+2585F,chuāng,�
U+25860,shuǎng,�
U+25862,lǜ,�
U+25863,jùn,�
U+25864,jiào,�
U+25866,tì;dì,�
U+25867,zhā,�
U+2586A,yì,�
U+2586C,cōng,�
U+2586D,něi,�
U+2586E,jiā,�
U+25874,jì,�
U+2587D,ài,�
U+25887,jiǎn,�
U+2588A,bèn,�
U+2588C,fán,�
U+2588D,hù;suì,�
U+2588E,zùn,�
U+2588F,diàn,�
U+25890,gāo,�
U+25891,gǎo;hào,�
U+25892,láo;lào,�
U+25894,zhuó;zhào,�
U+2589F,hù,�
U+258A2,tuí,�
U+258A6,bì,�
U+258A7,jú;yì,�
U+258AE,huá,�
U+258B2,chéng,�
U+258B6,kuài,�
U+258B7,dāng,�
U+258B8,gé,�
U+258B9,xié,�
U+258BB,jié,�
U+258BD,cān,�
U+258C6,zú,�
U+258C8,pú,�
U+258CB,shǔ,�
U+258CC,bǔ,�
U+258D7,níng,�
U+258D8,yǎn,�
U+258D9,zhòu;còng,�
U+258DB,méng,�
U+258DD,biǎn,�
U+258DF,xiàng,�
U+258E4,lù,�
U+258E5,lí,�
U+258E9,jì,�
U+258EB,miè,�
U+258EC,lèi,�
U+258EE,zhì,�
U+258EF,yōu,�
U+258F0,biǎn,�
U+258F8,mù,�
U+258F9,ràn,�
U+258FA,ràn,�
U+25902,niǎo,�
U+2590A,quán,�
U+2590B,zhé,�
U+25910,lèi;léi,�
U+25917,dǎng,�
U+25918,jué,�
U+2591C,líng,�
U+2591E,líng,�
U+2591F,yán,�
U+25923,yǎo,�
U+25924,zhèn,�
U+25925,qī,�
U+25926,ài,�
U+25928,nú,�
U+25929,mǎng,�
U+25931,kǎn;hān,�
U+25933,jiū;cuàn,�
U+25934,yǎn,�
U+25935,miàn,�
U+25937,yín,�
U+25938,wán,�
U+25939,yào;yǎo,�
U+2593A,wā,�
U+2593B,pí,�
U+2593C,suì,�
U+25945,kǒng,�
U+25948,hóng;wòng,�
U+2594A,mǐng,�
U+2594B,líng,�
U+2594C,yì;dié,�
U+2594D,shēn;shèn,�
U+2594F,zuò,�
U+2595B,tū;bá,�
U+2595D,yòng,�
U+2595F,wà,�
U+25960,guǐ,�
U+25961,hòng,�
U+25965,shì,�
U+25967,xiòng,�
U+25969,ā;xiàng,�
U+25971,chéng,�
U+25973,kēng,�
U+25974,yì,�
U+25975,yàng,�
U+25976,tíng,�
U+25977,dòu,�
U+25978,chá,�
U+25979,liù,�
U+2597D,qiú,�
U+2597E,xuǎn,�
U+2597F,shēn,�
U+25980,kuān;mì,�
U+25981,tòng,�
U+25983,qiǎn,�
U+25985,chòu,�
U+2598A,wěn,�
U+2598C,lòng,�
U+2598D,ǎn;yǎn,�
U+25994,kǎn,�
U+25996,yǎo,�
U+25998,fú,�
U+2599C,bèng,�
U+2599D,lǎn,�
U+2599E,qià,�
U+2599F,diàn,�
U+259A2,jiào,�
U+259A3,guī,�
U+259A5,xiòng,�
U+259A8,kè,�
U+259B6,xiàn,�
U+259B7,wòng,�
U+259C2,gǒng,�
U+259C6,ǒu,�
U+259C7,kē;cháo,�
U+259CB,kū,�
U+259D1,tián;diān;yǎn;chǎn,�
U+259D2,gòu,�
U+259D3,mǎ,�
U+259D5,liù,�
U+259D9,wèi,�
U+259DA,wěn,�
U+259E1,gòng,�
U+259E3,tú,�
U+259E4,níng,�
U+259E7,mì,�
U+259EB,láng,�
U+259EC,qiǎn,�
U+259ED,mán,�
U+259EE,zhé,�
U+259F0,huà,�
U+259F1,yōng,�
U+259F2,jìn;jǐn,�
U+259F4,mèi,�
U+259F7,fú,�
U+259FB,qú,�
U+25A0C,liù,�
U+25A0D,fù,�
U+25A0E,dàn,�
U+25A10,gǒng,�
U+25A12,cuì;cuàn,�
U+25A15,xǐng,�
U+25A1C,tū,�
U+25A1D,shòu,�
U+25A2A,qióng,�
U+25A33,róng,�
U+25A3B,lì,�
U+25A3F,jī,�
U+25A40,tuò,�
U+25A4C,tóng,�
U+25A52,tán,�
U+25A54,líng,�
U+25A56,yì,�
U+25A57,ruǎn,�
U+25A59,pǎ,�
U+25A5D,cà,�
U+25A61,yuè,�
U+25A62,què,�
U+25A63,zhù,�
U+25A64,hài,�
U+25A71,fá,�
U+25A72,hài,�
U+25A80,bū,�
U+25A81,pīng,�
U+25A82,liè,�
U+25A8A,kuǐ;jué,�
U+25A8B,fú,�
U+25A8C,tiǎn,�
U+25A8D,wò,�
U+25A8F,jū,�
U+25A98,zhēn,�
U+25A9A,fú,�
U+25AA2,lóng,�
U+25AA6,xì,�
U+25AA7,tián,�
U+25AAB,jì,�
U+25AAF,yào;qiáo,�
U+25AB1,cù,�
U+25AB4,pàng,�
U+25AB5,qiè,�
U+25ABB,lóng,�
U+25ABC,jǐ,�
U+25AC2,tóng,�
U+25AC3,yí,�
U+25AC5,chāng,�
U+25ACB,gōng,�
U+25ACE,dòng,�
U+25AD6,xiāng,�
U+25AD9,tǐng,�
U+25ADB,zhuān,�
U+25ADC,yǐ,�
U+25ADD,yì,�
U+25ADE,zǐ,�
U+25ADF,qǐ,�
U+25AE2,chǎ,�
U+25AEC,dùn,�
U+25AEF,chōng,�
U+25AF0,lù,�
U+25AF1,dùn,�
U+25AF3,fāng,�
U+25AF4,shì,�
U+25AF5,tì,�
U+25AF6,jī,�
U+25AF7,qiū,�
U+25AF8,shuǐ,�
U+25AF9,chén,�
U+25AFC,huàng,�
U+25AFD,shi,�
U+25B00,yún,�
U+25B06,lóng,�
U+25B08,mǎn,�
U+25B09,gōu,�
U+25B0D,xiān,�
U+25B0E,mò,�
U+25B10,shěn,�
U+25B12,pō,�
U+25B13,yào,�
U+25B14,qū,�
U+25B15,rǎn,�
U+25B19,jù,�
U+25B1C,yǐn,�
U+25B1D,bái,�
U+25B1E,niè,�
U+25B20,chōu,�
U+25B2A,róng,�
U+25B2B,chuǎn,�
U+25B2C,niè,�
U+25B2D,lì;liè,�
U+25B2E,jiāng,�
U+25B2F,kǎo,�
U+25B30,cè;zhà,�
U+25B31,chòng,�
U+25B32,zhuā;duò,�
U+25B33,zǐ,�
U+25B34,yáng,�
U+25B3C,wěn,�
U+25B4B,jì,�
U+25B4C,jì,�
U+25B50,lǜ,�
U+25B51,qiú,�
U+25B52,dùn,�
U+25B53,báo,�
U+25B54,chān,�
U+25B56,bó,�
U+25B58,chī,�
U+25B59,zhè;niè,�
U+25B5A,màng,�
U+25B5C,jì,�
U+25B5D,miào,�
U+25B5E,yuàn,�
U+25B60,wú,�
U+25B61,zhì,�
U+25B62,pīng,�
U+25B65,chōng,�
U+25B6B,mí,�
U+25B6C,féi,�
U+25B6D,cuō,�
U+25B6E,méng,�
U+25B8D,yín,�
U+25B8E,mǎng,�
U+25B8F,diǎn,�
U+25B90,diāo,�
U+25B92,qián;zhān,�
U+25B95,hàng,�
U+25B96,zhí,�
U+25B97,jú,�
U+25B98,niàn,�
U+25B9C,mí,�
U+25B9D,gǔ,�
U+25BA3,zhuā,�
U+25BA4,niè,�
U+25BA5,zhuó,�
U+25BA7,yè,�
U+25BA8,còng,�
U+25BAA,xū;jí,�
U+25BAC,xì,�
U+25BAF,bō,�
U+25BBE,cǎn;zān,�
U+25BC3,yǎn,�
U+25BD1,jǐn,�
U+25BD4,jǔ,�
U+25BD5,dàng,�
U+25BD6,dù,�
U+25BD8,yé,�
U+25BD9,jìng,�
U+25BDA,kè,�
U+25BDB,luò,�
U+25BDC,wěi,�
U+25BDD,tū,�
U+25BDE,yóu,�
U+25BDF,pài,�
U+25BE1,pí,�
U+25BE2,dìng,�
U+25BE4,wěi,�
U+25BE5,chè,�
U+25BE6,jiàn;shà,�
U+25BE8,sī,�
U+25BE9,zhuó,�
U+25BEA,sòu,�
U+25BEC,ruǎn,�
U+25BEE,yú,�
U+25BF3,è,�
U+25BF6,kǔ,�
U+25BF8,zhù,�
U+25BFE,xiá,�
U+25C1B,fú,�
U+25C1C,táo,�
U+25C1D,xī,�
U+25C1E,chōu;sǒu,�
U+25C1F,yuán,�
U+25C20,lǘ,�
U+25C21,cè,�
U+25C22,shàn,�
U+25C23,liú,�
U+25C25,xì,�
U+25C26,jī,�
U+25C27,yǐ,�
U+25C28,tán,�
U+25C2A,hú,�
U+25C2D,cuō;zhǎ;cī,�
U+25C2E,gě,�
U+25C30,shì;shé,�
U+25C31,sāo,�
U+25C32,hòng,�
U+25C33,xiàn,�
U+25C36,xiá,�
U+25C3B,mù,�
U+25C3C,suǒ,�
U+25C3E,zhài,�
U+25C40,fū,�
U+25C41,sè,�
U+25C42,nú,�
U+25C43,yì,�
U+25C67,qín,�
U+25C68,qìng,�
U+25C75,huì;suì;xí,�
U+25C76,shuǎng,�
U+25C77,dǎn,�
U+25C78,ōu,�
U+25C79,mò,�
U+25C7A,qiān,�
U+25C7B,chì;tú,�
U+25C7C,pái;pì,�
U+25C7D,juàn,�
U+25C80,cháo,�
U+25C81,liè,�
U+25C82,bīng,�
U+25C83,kòu,�
U+25C84,dàn,�
U+25C85,chóu,�
U+25C86,tōng,�
U+25C87,dàn,�
U+25C88,mǎn,�
U+25C89,hù,�
U+25C8A,liáo,�
U+25C8B,xián,�
U+25C8D,cáo,�
U+25C8E,lù,�
U+25C8F,chuàn,�
U+25C90,wú,�
U+25C91,mán,�
U+25C95,zǐ,�
U+25C97,dù,�
U+25C9A,shuàng,�
U+25C9B,fù,�
U+25C9C,jù,�
U+25C9D,zhòu,�
U+25C9F,diào,�
U+25CA0,wàng,�
U+25CA1,chuāng,�
U+25CA2,qiān,�
U+25CA3,tuì,�
U+25CA5,lián,�
U+25CA6,biāo,�
U+25CA7,lí,�
U+25CAA,lí,�
U+25CC6,bì,�
U+25CC7,fù,�
U+25CC8,cuì,�
U+25CC9,dū,�
U+25CCB,zàn;zān,�
U+25CCC,lóng,�
U+25CCD,xún,�
U+25CCE,qióng,�
U+25CCF,jī,�
U+25CD0,qiǎn,�
U+25CD2,jiǎn,�
U+25CD3,shāo,�
U+25CD4,duò,�
U+25CD5,shū,�
U+25CD6,bù,�
U+25CD7,xū,�
U+25CD8,dǒng,�
U+25CDA,rán,�
U+25CDC,yáng,�
U+25CDD,ruǐ,�
U+25CDE,lìn,�
U+25CDF,jiǎn,�
U+25CE0,dì,�
U+25CE1,fén,�
U+25CE2,diàn,�
U+25CE3,zuì,�
U+25CE5,nǐng,�
U+25CEA,suàn,�
U+25CEB,tiǎn,�
U+25CEC,àn,�
U+25CEF,cè,�
U+25CF0,dìng,�
U+25CF1,shēn,�
U+25CF2,dù,�
U+25CF3,tí,�
U+25CF4,jiǎo,�
U+25CF5,zuì,�
U+25CF6,zhǎng,�
U+25CF7,jiǎn,�
U+25CF8,dàn,�
U+25CF9,dǎn,�
U+25CFA,sǒng,�
U+25D10,zhǎn,�
U+25D11,tíng,�
U+25D12,zhì,�
U+25D15,yóu,�
U+25D16,pái,�
U+25D21,lǐ,�
U+25D24,qián,�
U+25D26,suì;dí,�
U+25D27,jǔ,�
U+25D28,ài,�
U+25D29,gé,�
U+25D2A,jù,�
U+25D2B,tún;diàn,�
U+25D2C,bì,�
U+25D2D,qià,�
U+25D2E,bó,�
U+25D2F,huì,�
U+25D31,jiàn,�
U+25D34,gōu,�
U+25D35,suàn,�
U+25D3A,cí,�
U+25D3B,qiàng,�
U+25D3F,yán,�
U+25D4F,diàn,�
U+25D52,miè,�
U+25D5C,pò,�
U+25D5D,lǐng,�
U+25D5E,jié,�
U+25D5F,zhù,�
U+25D60,gǔ,�
U+25D63,duān,�
U+25D64,zhào,�
U+25D66,shǎo,�
U+25D67,qǐn,�
U+25D68,mí,�
U+25D6A,píng,�
U+25D6B,cóng,�
U+25D6C,chōu,�
U+25D6F,sà,�
U+25D76,tiǎn,�
U+25D85,liú,�
U+25D86,lǘ,�
U+25D87,lǔ,�
U+25D88,zōu,�
U+25D8C,lǜ,�
U+25D8D,huǎn,�
U+25D8F,tiáo,�
U+25D90,tuí,�
U+25D91,qiǎng,�
U+25D92,lìn,�
U+25D93,bēi,�
U+25D94,páo,�
U+25D95,zhān,�
U+25D97,lì,�
U+25D9B,tí,�
U+25D9C,hú,�
U+25DA2,liè,�
U+25DB5,huǐ,�
U+25DB6,qū,�
U+25DB7,xuǎn,�
U+25DB9,jìng,�
U+25DBA,dié,�
U+25DBB,suí,�
U+25DBD,wèi,�
U+25DBF,yán,�
U+25DC0,yān,�
U+25DC1,bàn,�
U+25DC3,jiǎng,�
U+25DC4,nǐ,�
U+25DC5,lì,�
U+25DC6,hú,�
U+25DC7,qì,�
U+25DC8,zhōng,�
U+25DD1,bì,�
U+25DD4,yú,�
U+25DD5,dié,�
U+25DD6,lìn,�
U+25DD7,lì,�
U+25DD8,zhuó,�
U+25DD9,jì,�
U+25DDA,jū,�
U+25DDC,fēng,�
U+25DDE,yù,�
U+25DE8,liè,�
U+25DE9,zá,�
U+25DEA,qián,�
U+25DEB,jiē,�
U+25DEC,guān,�
U+25DEE,zhuó;zhāo,�
U+25DF1,fù,�
U+25DF9,sè,�
U+25DFC,cù,�
U+25E03,huǐ,�
U+25E08,dàng,�
U+25E09,lóng,�
U+25E0A,yì,�
U+25E17,sǎ,�
U+25E18,yuè,�
U+25E1A,dí,�
U+25E21,gǎn,�
U+25E22,zān,�
U+25E23,shàn,�
U+25E24,yù,�
U+25E25,bǒ,�
U+25E27,dìng,�
U+25E28,fán;bǒ;bǔ,�
U+25E2A,yù,�
U+25E2C,shēn,�
U+25E32,gōng,�
U+25E34,miè,�
U+25E35,tún,�
U+25E38,liè,�
U+25E41,zhā;zuò,�
U+25E42,pēi,�
U+25E44,mí,�
U+25E46,míng,�
U+25E47,fàn,�
U+25E49,nà,�
U+25E4A,sì,�
U+25E4B,yí,�
U+25E4C,jiā,�
U+25E4D,zhù,�
U+25E53,bān,�
U+25E54,yù,�
U+25E56,pǒ,�
U+25E5A,huān,�
U+25E5B,càn,�
U+25E5C,jiāo,�
U+25E60,tán,�
U+25E69,zhì,�
U+25E6B,mǐ,�
U+25E6C,kǎo,�
U+25E71,yāo,�
U+25E72,duì,�
U+25E73,quǎn;huán,�
U+25E74,bù,�
U+25E75,chù,�
U+25E76,qiǎo,�
U+25E77,liú,�
U+25E78,bó,�
U+25E7A,kāng,�
U+25E7B,fèn,�
U+25E85,dào,�
U+25E89,dòu,�
U+25E8A,gé,�
U+25E99,líng,�
U+25E9A,xí,�
U+25E9C,nì,�
U+25E9D,zhōu,�
U+25E9E,zhōu;yù,�
U+25EA3,chōu,�
U+25EB4,niān,�
U+25EB5,jī,�
U+25EB7,qū,�
U+25EC4,kāi,�
U+25EC7,xiàn,�
U+25EC9,hé,�
U+25ECB,lín,�
U+25ECD,zī,�
U+25ED1,ǒu;lì,�
U+25ED2,cù;mì,�
U+25ED7,chá,�
U+25EDD,zhòng,�
U+25EDE,bú,�
U+25EE4,chōu,�
U+25EE5,xì,�
U+25EE6,sà,�
U+25EE7,xián;jiān,�
U+25EE8,sè,�
U+25EE9,miàn,�
U+25EEB,fán,�
U+25EEC,zhī,�
U+25EEE,cuì,�
U+25EF4,xià,�
U+25EFE,nuò,�
U+25EFF,lí,�
U+25F00,zú,�
U+25F02,cuī,�
U+25F03,zé,�
U+25F05,lí,�
U+25F18,qí,�
U+25F1A,zhuō,�
U+25F1B,cuì,�
U+25F1C,pū,�
U+25F1E,fán,�
U+25F1F,tán,�
U+25F29,zī,�
U+25F2A,zǔ,�
U+25F2B,zhōu,�
U+25F2C,róng,�
U+25F2D,lín,�
U+25F2E,tán,�
U+25F36,shì,�
U+25F3A,cuǐ,�
U+25F3B,zī,�
U+25F3C,fū,�
U+25F41,xiào,�
U+25F48,fēng;lǐ,�
U+25F4F,xiàn,�
U+25F50,jiàn,�
U+25F52,fèn,�
U+25F57,lì,�
U+25F58,mò;miè,�
U+25F5F,yōu,�
U+25F65,huò,�
U+25F67,qū,�
U+25F6C,niàng,�
U+25F70,mí,�
U+25F73,qì,�
U+25F76,hé,�
U+25F78,liàn,�
U+25F7F,zuò,�
U+25F82,líng,�
U+25F85,zhú,�
U+25F87,niǎo,�
U+25F8A,jǐ,�
U+25F8B,réng,�
U+25F8C,jié,�
U+25F8D,gǎn,�
U+25F90,yì,�
U+25F93,zhóu,�
U+25F95,wù,�
U+25F9A,gěng;dǎn,�
U+25F9B,cù,�
U+25F9D,miè;miǎn,�
U+25FA1,xún;jī,�
U+25FA3,zhī,�
U+25FA4,xiáo,�
U+25FA7,fú,�
U+25FA8,hú,�
U+25FAC,dī,�
U+25FAE,jué,�
U+25FAF,diào,�
U+25FB9,shǒu,�
U+25FBC,wǎng,�
U+25FC3,nà,�
U+25FC4,dī,�
U+25FC5,shì,�
U+25FC6,cí,�
U+25FC7,shū,�
U+25FC9,wà;mò,�
U+25FCA,chè,�
U+25FCB,fán;biàn,�
U+25FCD,gū,�
U+25FCE,yuān;wǎn,�
U+25FD1,guān;lún,�
U+25FDA,qiè,�
U+25FDC,zhǎn;zhěn,�
U+25FDD,dài,�
U+25FDE,shē,�
U+25FE6,zhōu,�
U+25FE7,xiǎng,�
U+25FE8,míng,�
U+25FE9,zì,�
U+25FEA,huāng,�
U+25FEB,mí;yì;wèi,�
U+25FED,xì,�
U+25FEE,zhì;shì,�
U+25FEF,pài,�
U+25FF0,duǒ,�
U+25FF4,cì,�
U+25FF5,móu,�
U+25FF7,chào,�
U+25FF9,yì,�
U+25FFA,gōu,�
U+26007,jīng,�
U+26013,zēng;jiē,�
U+26014,pīng,�
U+26015,yè,�
U+26016,jié,�
U+26018,pī;bī,�
U+2601B,shā,�
U+2601C,zhuàng,�
U+2601D,jiǒng,�
U+26020,liú,�
U+26021,yǔ,�
U+26023,jū,�
U+26028,nuò,�
U+26038,mào,�
U+26044,chēn,�
U+26046,zhuàn;juàn;shuàn,�
U+26047,niàn,�
U+26048,kòng,�
U+26049,jiē,�
U+2604A,huà,�
U+2604D,xīn,�
U+2604E,zuó,�
U+2604F,yàn,�
U+26050,jué,�
U+26055,hū,�
U+26056,zhòu,�
U+26057,shè,�
U+26059,yǎn,�
U+2605B,xiè;dié,�
U+2605C,dié,�
U+2605F,chēn;chén;zhěn,�
U+26072,jiǎn,�
U+26073,jì,�
U+26076,chuò,�
U+26077,hóng,�
U+26080,dá,�
U+26084,kāi,�
U+26085,xīng;xǐ,�
U+26086,huì,�
U+26087,jiǎn,�
U+26088,zhòu,�
U+26089,zhǎ,�
U+2608A,fù,�
U+2608B,chì,�
U+2608C,běng,�
U+2608D,nuò,�
U+26091,jì,�
U+26092,qián,�
U+26094,wàn,�
U+26095,óu,�
U+26096,bì,�
U+26097,shuò,�
U+260A0,jīng,�
U+260A1,yè,�
U+260C4,fěi,�
U+260C7,lí,�
U+260CA,lì,�
U+260CB,pí,�
U+260D2,suì,�
U+260D3,liú,�
U+260D4,hé,�
U+260D5,hǔn,�
U+260D6,tǎn,�
U+260D7,shuò,�
U+260D8,zhì,�
U+260D9,bó,�
U+260DD,xì,�
U+260E1,pó;tāo,�
U+260E2,qǔn,�
U+260E4,mù,�
U+260FD,yōng,�
U+26102,dài,�
U+2610A,qǐ,�
U+2610B,diǎo,�
U+2610C,niè,�
U+2610D,shuǎng,�
U+2610F,shāo,�
U+26110,kǔn;mí,�
U+26111,suì,�
U+26113,dōu,�
U+26114,dié,�
U+2611C,gōng,�
U+2612F,zhuǎn,�
U+26130,guó,�
U+2613C,xū,�
U+2613D,qú,�
U+26140,xún,�
U+26143,jiāo;qiāo,�
U+26144,zhé,�
U+26146,diàn,�
U+26147,sāng,�
U+26148,bēng,�
U+2614A,suǒ,�
U+2614B,qiǎn,�
U+2614F,xū,�
U+26151,xún,�
U+26154,mò,�
U+26175,suì,�
U+26176,là;liè,�
U+26177,zhǔ;zhù,�
U+26178,zhòu,�
U+2617A,lì,�
U+2617C,dān,�
U+2617D,jú,�
U+2617F,yùn,�
U+26180,chǎn,�
U+26181,luó,�
U+26184,sè,�
U+26186,lián,�
U+26188,zuǎn;zuí,�
U+2618B,lài,�
U+2618C,shuǎng,�
U+2618D,qiè,�
U+26198,dōu,�
U+2619E,wù,�
U+2619F,méng,�
U+261A1,jì,�
U+261A4,chī,�
U+261A6,nǐ,�
U+261B8,yáo,�
U+261BB,là,�
U+261BE,lǜ,�
U+261C0,suì,�
U+261C1,fū,�
U+261C4,lěi,�
U+261C5,wěi,�
U+261CE,cōng,�
U+261D4,lì,�
U+261D6,pín,�
U+261D8,jūn,�
U+261D9,jǔ,�
U+261DB,là,�
U+261E7,jì,�
U+261EA,miè,�
U+261EC,yào,�
U+261ED,biān,�
U+261F1,cóng,�
U+261F2,sī;chī,�
U+261F5,sī,�
U+261F8,hé,�
U+26203,nàng,�
U+26205,dié,�
U+26208,chè,�
U+26209,yùn,�
U+2620B,xiǔ,�
U+2620C,shū,�
U+2620E,chǎn,�
U+2620F,mín,�
U+26210,lián,�
U+26211,yīn,�
U+26212,xīng,�
U+26213,wēi,�
U+26214,gǔ,�
U+26215,tóu,�
U+26216,tā,�
U+26217,fěi,�
U+26218,dā,�
U+26219,niè,�
U+2621A,cù,�
U+2621B,zuǒ,�
U+2621C,jié,�
U+2621D,xuàn,�
U+2621E,bó,�
U+2621F,jīn,�
U+26220,yǐn,�
U+26221,xū,�
U+26223,yú,�
U+26224,xiòng,�
U+26226,qì,�
U+26227,bēi,�
U+26228,xíng,�
U+26229,gǒng,�
U+2622C,zuǐ,�
U+26230,jiē,�
U+26232,kāi;gǔ,�
U+26235,xíng,�
U+26236,bēi,�
U+26237,shū,�
U+26238,yù,�
U+2623A,zhǒu,�
U+2623B,zhǎn,�
U+26242,zhōng,�
U+26246,chá,�
U+26248,chuí,�
U+26249,liù,�
U+2624E,suī,�
U+26250,zhǔ,�
U+26259,biàn,�
U+2625D,xìn,�
U+2625F,yà,�
U+26262,líng,�
U+26267,yà,�
U+2626C,tīng,�
U+26279,dí,�
U+26281,pí,�
U+26282,hù,�
U+26283,cén,�
U+2628A,tiān,�
U+2628B,mǒu,�
U+2628C,juǎn,�
U+2628E,mǒu,�
U+26290,jù,�
U+26291,liǔ,�
U+26293,lǐng,�
U+26297,liǔ,�
U+26298,hù,�
U+262A6,fú,�
U+262A7,hú,�
U+262AA,è,�
U+262AB,gōng,�
U+262AC,gū,�
U+262B1,guà,�
U+262B9,lüè,�
U+262BB,fán,�
U+262BC,lǜ,�
U+262BD,méng,�
U+262BE,fú,�
U+262BF,liú,�
U+262C5,xié,�
U+262C6,gū,�
U+262C8,xiàn,�
U+262C9,bó,�
U+262CB,jì,�
U+262D3,quān,�
U+262D4,lù,�
U+262DE,shuò,�
U+262E1,mǒu,�
U+262E2,yù,�
U+262E3,hàn,�
U+262E9,yuè,�
U+262EA,dàn,�
U+262EF,yú,�
U+262F0,jiān,�
U+262F3,gāng,�
U+262FF,cáo,�
U+26300,shèn,�
U+26301,liǔ;lóu,�
U+26306,jiāo,�
U+26309,sù,�
U+2630A,sù,�
U+2630B,zhòng,�
U+26312,liào,�
U+26314,xuǎn,�
U+26315,lù,�
U+26317,jì,�
U+2631A,yán,�
U+2631F,lù,�
U+26321,mǐn,�
U+26322,tí,�
U+26326,huàn,�
U+26329,yì,�
U+2632A,tǎn,�
U+2632C,wǔ;wú,�
U+26330,jī,�
U+26337,dú,�
U+26338,kūn,�
U+2633A,jūn,�
U+2633F,shī,�
U+26340,nàn,�
U+26341,pò,�
U+26344,shū,�
U+26345,quàn,�
U+2634C,rèn,�
U+2634F,fén,�
U+26352,tà,�
U+26353,tún,�
U+26355,yáng,�
U+26366,duō,�
U+26367,cī,�
U+26369,gǔ,�
U+2636A,fén,�
U+2636D,róu,�
U+26371,gāo,�
U+26372,xiáng;yàng,�
U+26374,xiáng,�
U+26375,hǒu,�
U+26377,tāo,�
U+26378,shàn,�
U+26379,yáng,�
U+2637A,zì,�
U+2637C,yuán,�
U+26384,sú,�
U+26387,chuàn,�
U+26388,xiáng;xiè,�
U+2638A,bān,�
U+2638C,mǎn,�
U+2638E,fǔ,�
U+2638F,lǎ,�
U+26390,lǐ,�
U+26392,jié,�
U+26393,yōu,�
U+26398,yù,�
U+2639A,chì,�
U+2639C,chuàn,�
U+2639D,yì,�
U+2639E,shān,�
U+263A2,jí,�
U+263A3,yān,�
U+263A6,wù,�
U+263A7,chún;dūn;dùn,�
U+263A8,máng,�
U+263AD,fú,�
U+263AE,jiā,�
U+263AF,gòu,�
U+263B0,gú,�
U+263B1,jiá,�
U+263B5,xián,�
U+263B7,jìn,�
U+263B8,zì,�
U+263B9,lóu,�
U+263BC,gòu,�
U+263C0,rén,�
U+263C2,shān,�
U+263C5,jué,�
U+263C6,tóng,�
U+263C7,yǒu,�
U+263D4,jiān,�
U+263D5,dú,�
U+263D7,hú,�
U+263DB,sāo,�
U+263DC,yù,�
U+263E2,mài,�
U+263E4,zhī,�
U+263E5,yān,�
U+263E6,gāo,�
U+263E8,huài,�
U+263EE,quán,�
U+263F1,yǎng;chài,�
U+263F3,zuǐ,�
U+263F7,xiāo,�
U+263F8,yì;chí,�
U+263F9,yǎn,�
U+263FA,hóng;gòng,�
U+263FB,yú;yù,�
U+263FF,chì,�
U+26401,chí,�
U+26404,háng,�
U+26405,sè,�
U+26406,pā,�
U+26407,tà,�
U+26408,fēn,�
U+26409,chī,�
U+2640C,hóng,�
U+2640D,xuè,�
U+26416,zhǐ,�
U+2641B,qú;yù,�
U+26420,xī,�
U+26421,fú,�
U+26423,shū,�
U+26424,hài,�
U+26426,pò,�
U+26428,cǐ,�
U+26430,chài,�
U+26433,hōng,�
U+26438,pǎo,�
U+26439,shēn,�
U+2643A,xiāo,�
U+2643D,xuān;líng,�
U+2643E,cǐ,�
U+2643F,tíng,�
U+26440,pò,�
U+26447,tà,�
U+26448,chā,�
U+2644B,zú,�
U+2644C,huò,�
U+2644D,xù,�
U+2644E,yàn,�
U+2644F,chài,�
U+26451,tuó,�
U+26458,xián,�
U+26459,xuān,�
U+2645A,hóu,�
U+2645B,huǎn,�
U+2645C,gé,�
U+2645D,chǒng,�
U+2645E,bì,�
U+2645F,hōng,�
U+26460,hōng,�
U+26461,chí;chī,�
U+26463,chá,�
U+2646F,zhǎ,�
U+26471,zhái;huò,�
U+26472,tà,�
U+26475,pò,�
U+26476,tà,�
U+26478,yóu,�
U+26479,fú,�
U+2647A,cī,�
U+2647B,dá,�
U+2647C,tǎ,�
U+2647E,liú,�
U+26481,cī,�
U+26483,hōng,�
U+26485,hàn,�
U+26486,lā,�
U+26488,shī,�
U+2648D,tóng,�
U+2648E,huì,�
U+2648F,hé,�
U+26490,piē,�
U+26491,yù,�
U+2649C,xiān,�
U+2649D,hǎn,�
U+2649F,pò,�
U+264A6,là,�
U+264A7,huò,�
U+264B0,tài,�
U+264B4,lǎo,�
U+264B6,shù,�
U+264BA,dào,�
U+264BB,diǎn,�
U+264C8,xiòng,�
U+264CB,wàng,�
U+264CD,chě,�
U+264CE,nài,�
U+264D0,jué,�
U+264D3,ér;liè,�
U+264D4,ér;xū,�
U+264D5,nǘ,�
U+264D6,nǜ,�
U+264DD,zhuǎn,�
U+264E2,nuò,�
U+264E4,liè,�
U+264E5,lěi,�
U+264E7,bā,�
U+264EC,chēng,�
U+264EF,guī,�
U+264F0,quán,�
U+264F1,gè,�
U+264F3,gǒng,�
U+264F4,shào;shāo,�
U+264F9,lái,�
U+264FA,zhēng,�
U+264FB,yì,�
U+264FC,gǔn,�
U+264FD,wēi,�
U+264FE,lǔn;kǔn,�
U+26502,shí,�
U+26503,yīng,�
U+26504,shěng,�
U+26505,tú,�
U+26506,bì,�
U+26508,zé,�
U+26509,zhòng,�
U+2650B,rǒng,�
U+2650C,qí;sí,�
U+2650D,fù,�
U+2650E,cè,�
U+26513,lí,�
U+26514,mán;màn,�
U+26516,lián,�
U+26517,biāo,�
U+2651B,chuáng,�
U+2651C,yì,�
U+26520,pài,�
U+26525,yì;shì,�
U+26526,kuài,�
U+26529,biāo;pāo,�
U+2652B,chì;yì,�
U+2652C,qú,�
U+2652D,mò,�
U+2652E,zhé,�
U+2652F,shà,�
U+26530,shà;xū,�
U+26537,yāo,�
U+26538,gōng,�
U+26539,nài,�
U+2653C,xiè,�
U+2653F,tiàn,�
U+26546,yé,�
U+26549,shā,�
U+2654F,sào,�
U+26552,diān,�
U+26553,xù,�
U+26559,qú,�
U+26560,hōng,�
U+26561,shèng,�
U+26562,tìng,�
U+26570,duo,�
U+26575,liáo,�
U+26577,hòng,�
U+26578,lǐ,�
U+2657A,xiǎng;gāo,�
U+2657D,shèn,�
U+26580,fū,�
U+26588,yǎn,�
U+26589,wǎng,�
U+2658A,qī,�
U+2658B,duǒ,�
U+2658D,huà,�
U+2658E,qiān,�
U+26590,xiè,�
U+2659D,cì,�
U+2659E,shēng;wén,�
U+265A2,èr,�
U+265A4,xīng,�
U+265A6,tuì,�
U+265A7,yàn,�
U+265A9,liè,�
U+265AC,mí,�
U+265B8,zòng,�
U+265BA,zī,�
U+265BC,hú,�
U+265BD,yíng,�
U+265BE,lián,�
U+265BF,dā,�
U+265C0,tián,�
U+265C1,tiàn,�
U+265CB,róng,�
U+265CD,ài,�
U+265D0,ài,�
U+265D1,zhé,�
U+265D2,guō,�
U+265D3,lù,�
U+265D4,zhāo,�
U+265D5,mí,�
U+265D6,liáo,�
U+265D7,zhé,�
U+265DB,qǔ,�
U+265DC,cōng,�
U+265DF,tīng;tè,�
U+265E1,tán,�
U+265E2,zhǎn,�
U+265E3,hú,�
U+265E5,piē,�
U+265E7,dā,�
U+265E8,róng,�
U+265EE,nǎo,�
U+265F3,náng,�
U+265F4,dāng,�
U+265F5,jiǎo,�
U+265FB,jù,�
U+265FC,ěr,�
U+2660A,lì,�
U+2660C,guō,�
U+2660D,wài;wà,�
U+26612,niè,�
U+26614,jīn,�
U+26629,pǐ,�
U+2662A,chì,�
U+26632,pǐ,�
U+26633,yì,�
U+26634,dū,�
U+26635,wǎ,�
U+26636,xūn,�
U+26638,qì,�
U+26639,shàn;yuè,�
U+2663C,xū,�
U+2663F,hē,�
U+26640,pàn,�
U+26642,pēi,�
U+26644,xiōng,�
U+26646,chǐ,�
U+26647,tān,�
U+26648,zuì;cuì,�
U+26649,zuǎn,�
U+2664A,qì,�
U+2664B,dū,�
U+26659,shuǐ,�
U+2665C,nǎ,�
U+2665D,xī,�
U+26667,chǎo,�
U+26668,yì,�
U+2666B,zhēng,�
U+2666E,jú,�
U+2666F,dài,�
U+26671,sān,�
U+26674,zhù,�
U+26675,wàn,�
U+26676,gǔ,�
U+26678,sān,�
U+26679,bàn,�
U+2667A,jià;jiā,�
U+2667B,mài,�
U+26688,tuò;dù,�
U+2668A,qì,�
U+2668F,zhuāng,�
U+26690,tuó,�
U+26693,píng,�
U+2669D,pēng,�
U+2669E,kuāng;kuàng,�
U+2669F,yí,�
U+266A1,xiè;mài,�
U+266A2,yuē,�
U+266A3,hén,�
U+266A5,hóu;yóu,�
U+266A6,zhēng,�
U+266A7,chǔn,�
U+266A8,shì,�
U+266A9,wǎ,�
U+266AB,xié,�
U+266B8,gèng,�
U+266C5,è,�
U+266CF,kú,�
U+266D0,nà,�
U+266D3,jū,�
U+266D4,xuàn,�
U+266D5,qū,�
U+266D6,chè,�
U+266D7,lǚ,�
U+266D8,hé,�
U+266D9,shèng,�
U+266DA,nàn,�
U+266DC,hé;hán,�
U+266DD,chá,�
U+266DE,yān,�
U+266DF,gěng,�
U+266E0,niè,�
U+266E2,guó,�
U+266E3,yán,�
U+266E4,guǎn,�
U+266E7,zhì,�
U+266E8,lao,�
U+266EF,dǔ,�
U+266F0,qì,�
U+266F1,qū,�
U+266F2,jué,�
U+26701,fēng,�
U+26703,xù,�
U+26704,tuì,�
U+26706,hán,�
U+26707,kū,�
U+2670A,shēn,�
U+2670B,zhì,�
U+2670D,pàng,�
U+2670E,zhēng,�
U+2670F,lì,�
U+26710,wǎn,�
U+26712,fǎn,�
U+26713,xìn,�
U+26716,yà,�
U+2671B,jū,�
U+2671C,shèn,�
U+2672D,mǎng,�
U+2672F,tǔn,�
U+26730,zhuó,�
U+26731,xī,�
U+26732,yìn,�
U+26733,jīng,�
U+26734,tún,�
U+26737,gèng,�
U+26738,jì,�
U+2674F,zhuǎn;shuàn,�
U+26752,tiē,�
U+26754,zhī,�
U+26756,jí,�
U+2675A,yíng,�
U+2675B,wèi,�
U+2675D,huàn,�
U+2675E,tíng,�
U+2675F,chán,�
U+26762,kuí,�
U+26763,qià;kē,�
U+26764,bàn,�
U+26765,chā;zhá,�
U+26766,tuǒ,�
U+26767,nǎn,�
U+26768,jiē,�
U+2676A,yān,�
U+2676C,tú,�
U+2676E,wěn,�
U+26770,cōng,�
U+26773,xù,�
U+26774,yìn,�
U+26777,bèng,�
U+2677C,lǘ;lóu,�
U+26781,zāi,�
U+26782,dā;da,�
U+26786,niè,�
U+26787,jǔ,�
U+26788,hóu,�
U+2678C,gèng,�
U+26795,hóu,�
U+26796,kān,�
U+26797,gōng,�
U+26799,huǐ,�
U+2679A,xiè,�
U+2679D,xì,�
U+2679E,hán,�
U+2679F,mí,�
U+267A1,wěng,�
U+267A2,hùn,�
U+267A3,sāo,�
U+267A4,xìn;zǐ,�
U+267A5,zhé,�
U+267A6,huò;hè,�
U+267A8,gōng,�
U+267AB,sài,�
U+267AC,jīn;jiàn,�
U+267AD,wā,�
U+267B1,duǐ,�
U+267B2,chī,�
U+267BD,xī;wèi;jí,�
U+267C2,mí,�
U+267C3,zāng,�
U+267C4,sǎng;sào,�
U+267D3,tún,�
U+267D4,zhì,�
U+267D5,wěn,�
U+267D8,yín,�
U+267D9,tǔn,�
U+267DB,chōng,�
U+267DC,zé,�
U+267DE,xiāo,�
U+267DF,mó,�
U+267E0,cù,�
U+267E3,biǎn,�
U+267E4,xiū,�
U+267E7,yí,�
U+267EE,huǎng,�
U+267F0,zhā,�
U+267F1,suō,�
U+267F2,hún,�
U+267F3,jù,�
U+26801,cù,�
U+26804,jī,�
U+26805,xún,�
U+26806,sǔn;zhuàn,�
U+26807,céng,�
U+26809,yì,�
U+2680E,biāo,�
U+26812,jué,�
U+26813,lì,�
U+26816,pào,�
U+2681B,zā,�
U+2681C,yè,�
U+2681E,bì,�
U+2681F,zhè,�
U+26820,zhè,�
U+26822,jiù,�
U+26823,zhé,�
U+26826,shù,�
U+2682A,xī,�
U+26837,xǔ,�
U+26838,nǎi,�
U+26839,xián,�
U+2683A,gǔn,�
U+2683B,wèi,�
U+2683E,jí,�
U+2683F,sà,�
U+26842,dǒng,�
U+26843,nuó;nié,�
U+26844,dù,�
U+26845,zhēng,�
U+26846,kū,�
U+26849,míng,�
U+26855,báo,�
U+26856,huì,�
U+26859,zōng,�
U+26868,sàn,�
U+2686A,tēng,�
U+2686B,yí,�
U+2686D,yù,�
U+26871,yào;shào,�
U+26872,nǐng,�
U+26874,chóu;zhǒu,�
U+26875,hùn,�
U+26877,duì,�
U+26879,qì,�
U+2687A,yǐng,�
U+2687B,bìng,�
U+2687C,níng,�
U+2687D,huáng,�
U+26886,yǐng,�
U+2688A,báo;bó,�
U+2688E,guàng,�
U+2688F,lěi,�
U+26890,zǔn,�
U+26899,chǎn;qiān;xiān,�
U+268A3,jiǎn,�
U+268A7,méng,�
U+268A9,xiào;sōu,�
U+268AF,xìn;xìng,�
U+268B1,lí,�
U+268BA,qiǎo,�
U+268BF,wěi;juǎn,�
U+268C0,nà;niè;zhé,�
U+268C2,pāng,�
U+268C4,léi,�
U+268C7,luó,�
U+268CB,luán,�
U+268CD,gēng,�
U+268CF,luán,�
U+268D2,qú,�
U+268D6,luó,�
U+268D8,náng,�
U+268DB,luó,�
U+268DC,yuè,�
U+268E2,shuì,�
U+268E5,mì,�
U+268E6,wáng,�
U+268E7,cè,�
U+268E8,jiān,�
U+268E9,wǎng,�
U+268EF,jiā,�
U+268F4,huán,�
U+268F8,liàn,�
U+268F9,zì,�
U+268FA,bái,�
U+268FB,shǒu;bǎi,�
U+268FE,wǎn,�
U+26902,shū,�
U+26907,guī,�
U+26908,xī,�
U+2690A,rú,�
U+2690B,yào,�
U+2690E,gāo,�
U+26915,yuè,�
U+26918,yōng,�
U+26919,wà,�
U+2691A,bó,�
U+2691F,xìn,�
U+26922,pì,�
U+26923,bó,�
U+26926,hài;hè;ài,�
U+26927,zhài,�
U+26928,wò,�
U+2692A,yè,�
U+2692B,bì;bí,�
U+2692C,hài,�
U+26938,chì,�
U+2693B,zhì,�
U+2693D,ní,�
U+26941,wú,�
U+26942,ǎi,�
U+26948,ǎi,�
U+26949,yǔ,�
U+2694A,chì,�
U+2694D,jìng,�
U+2694E,zhì,�
U+2694F,zhì,�
U+26950,zhì,�
U+26951,jú;jǔ;póu,�
U+26956,hán;xián,�
U+2695A,pīng,�
U+2695D,yǎo,�
U+26963,yóu,�
U+26964,pīng,�
U+26966,mò,�
U+2696C,zuò,�
U+2696D,pò,�
U+2696F,xué,�
U+26970,kuáng,�
U+26971,yì,�
U+26972,pò,�
U+2697B,zhuì,�
U+26983,ní,�
U+26984,qiǔ,�
U+26985,còu,�
U+2698C,yǎo,�
U+26991,fén,�
U+26995,xiá,�
U+26997,jiāng,�
U+26998,chā,�
U+2699B,xiào,�
U+2699C,chā,�
U+269A2,chéng,�
U+269A3,cuì,�
U+269A7,qióng;gǒng,�
U+269A9,yù,�
U+269AB,yú,�
U+269AF,wèn,�
U+269B1,chā,�
U+269B2,yǔ;yù,�
U+269B9,zuó,�
U+269BA,dǎo,�
U+269BD,juàn;fàn,�
U+269BE,dǎo,�
U+269BF,yīng,�
U+269C1,fěng,�
U+269C5,wèng,�
U+269C8,jìn,�
U+269C9,qì,�
U+269CB,qìn,�
U+269CD,kuò,�
U+269CF,tān,�
U+269D0,xiān,�
U+269D2,tiān,�
U+269D4,kuò,�
U+269D6,tiàn,�
U+269D8,hú,�
U+269D9,zhū,�
U+269DA,zhān,�
U+269DB,tà,�
U+269DD,tiān,�
U+269DE,tà,�
U+269DF,tà,�
U+269E0,huá,�
U+269E1,yǎn;tiàn,�
U+269E2,tiè,�
U+269E4,tiè,�
U+269E5,tà,�
U+269EC,huài,�
U+269EE,jiá,�
U+269EF,qì,�
U+269F1,tà,�
U+269F4,tān,�
U+269F5,huà,�
U+269F8,zhuàn,�
U+269F9,huā,�
U+269FC,lán,�
U+26A06,zūn,�
U+26A07,yì,�
U+26A08,fú,�
U+26A09,wù,�
U+26A0B,fú,�
U+26A0D,dīng,�
U+26A0E,tà,�
U+26A16,chào,�
U+26A19,rì,�
U+26A1A,quǎn,�
U+26A1C,gē,�
U+26A21,fú,�
U+26A22,dì,�
U+26A23,diāo,�
U+26A24,yǒng,�
U+26A26,jià,�
U+26A29,lóng,�
U+26A2C,yǒng,�
U+26A2D,pí,�
U+26A2F,huó,�
U+26A30,qióng,�
U+26A32,fán,�
U+26A33,wú,�
U+26A34,tóng,�
U+26A35,háng,�
U+26A38,tān,�
U+26A3E,hēng,�
U+26A44,tiāo,�
U+26A48,zhōu,�
U+26A4B,bài,�
U+26A4C,xiè,�
U+26A4D,dāo;diāo,�
U+26A4F,jīn;wéi,�
U+26A55,hū,�
U+26A56,bēi,�
U+26A58,dìng,�
U+26A5C,nuó,�
U+26A5D,wèi,�
U+26A5E,yú,�
U+26A60,xīng,�
U+26A61,fú,�
U+26A62,xiàn,�
U+26A63,qì,�
U+26A64,tū,�
U+26A67,jí,�
U+26A69,yìng,�
U+26A6B,dèng;téng,�
U+26A6C,wēi,�
U+26A6D,xī,�
U+26A6F,pái,�
U+26A71,shéng,�
U+26A72,yǒu,�
U+26A74,ái,�
U+26A75,jiàn,�
U+26A77,gōu,�
U+26A78,ruò,�
U+26A7C,gòng,�
U+26A7F,shà,�
U+26A80,táng,�
U+26A87,lù,�
U+26A88,áo,�
U+26A8A,qì,�
U+26A8B,xiū,�
U+26A8D,dāi,�
U+26A91,fá,�
U+26A92,wèi,�
U+26A94,dùn,�
U+26A95,liáo,�
U+26A96,fān,�
U+26A97,huáng;héng,�
U+26A98,jué,�
U+26A99,tà,�
U+26A9A,zùn,�
U+26A9B,ráo,�
U+26A9C,cān,�
U+26A9D,téng,�
U+26AA0,huà,�
U+26AA1,xū,�
U+26AA3,zhān,�
U+26AA7,gǎn,�
U+26AAA,péng,�
U+26AAB,cān,�
U+26AAC,xiē,�
U+26AAD,dá,�
U+26AB1,jì,�
U+26AB6,lǐ,�
U+26AB9,pán,�
U+26ABD,lóng;lǒng,�
U+26ABE,lì,�
U+26ABF,xí,�
U+26AC0,téng,�
U+26AC3,líng,�
U+26AC8,lǐ,�
U+26AC9,rán,�
U+26ACA,líng,�
U+26ACE,gǔn,�
U+26AD4,pō,�
U+26AD5,mò,�
U+26AD6,pāi,�
U+26AD9,bà,�
U+26AE1,qí,�
U+26AE4,yán,�
U+26AEA,wà,�
U+26AEB,ǎng,�
U+26AED,mìng,�
U+26AEE,mǐn,�
U+26AEF,xùn,�
U+26AF0,méng,�
U+26AF3,guǎi,�
U+26AF6,jiāo,�
U+26AFB,gǎi,�
U+26B01,cái,�
U+26B02,wù,�
U+26B03,zhé,�
U+26B04,rěn,�
U+26B05,kōu,�
U+26B14,zhǎo,�
U+26B15,zhōng,�
U+26B16,qiú,�
U+26B17,guō,�
U+26B18,gōng;sōng,�
U+26B19,pū,�
U+26B1A,hù,�
U+26B1B,miǎn,�
U+26B1E,tiān,�
U+26B23,wǎng,�
U+26B38,zhú,�
U+26B39,dá;dàn,�
U+26B3A,xiòng;huǎng,�
U+26B3B,ná,�
U+26B3E,juān,�
U+26B41,niǎn,�
U+26B48,hù,�
U+26B49,shā,�
U+26B5C,zhī,�
U+26B5F,tā,�
U+26B61,sī,�
U+26B65,yì,�
U+26B6D,qióng,�
U+26B6E,zhì,�
U+26B6F,lǚ;lóu,�
U+26B70,rú,�
U+26B72,qí,�
U+26B73,yǔ,�
U+26B74,zhōu,�
U+26B75,yáng,�
U+26B76,xiǎn,�
U+26B77,móu,�
U+26B78,chóu,�
U+26B79,huī,�
U+26B7A,jiū,�
U+26B7B,jiù,�
U+26B7C,piǎo;bì,�
U+26B81,jiào,�
U+26B83,guāi;kuā,�
U+26B85,mò,�
U+26B90,xī,�
U+26B91,pú,�
U+26BAF,jì,�
U+26BB6,wěn,�
U+26BB7,bèi,�
U+26BB8,yǐ,�
U+26BB9,fú,�
U+26BBA,sī,�
U+26BBB,juān,�
U+26BBC,jì;qí,�
U+26BBE,nì,�
U+26BC0,bèn,�
U+26BC5,xù,�
U+26BC8,qǐn,�
U+26BC9,bó,�
U+26BCC,wáng,�
U+26BCD,zhè,�
U+26BCF,wò,�
U+26BD0,sháo,�
U+26BD1,zào,�
U+26BD2,yǎng,�
U+26BD5,sòng,�
U+26BD6,niè,�
U+26BDB,bì,�
U+26BE3,cú,�
U+26BE4,qiāng,�
U+26BEA,xiào,�
U+26BEB,zhī,�
U+26BEC,shé,�
U+26BEF,zhì,�
U+26BF0,pēng,�
U+26C0F,diào,�
U+26C16,wò,�
U+26C18,zhǐ,�
U+26C19,bì,�
U+26C1B,fén,�
U+26C21,nà;nuó,�
U+26C25,bāng,�
U+26C2A,qiú,�
U+26C2B,nǐ,�
U+26C2C,bó,�
U+26C2D,dùn,�
U+26C2F,shǐ,�
U+26C30,xū,�
U+26C31,cháng,�
U+26C32,xū,�
U+26C33,yé,�
U+26C34,mí,�
U+26C38,xīn,�
U+26C39,zhuó,�
U+26C3A,fù,�
U+26C3D,pǐ,�
U+26C3E,xuè,�
U+26C40,yù,�
U+26C41,xián,�
U+26C42,yù,�
U+26C43,yú,�
U+26C45,jū,�
U+26C46,tā,�
U+26C47,kōng,�
U+26C4A,zhēng,�
U+26C4B,méng,�
U+26C4C,gāng,�
U+26C52,mù,�
U+26C53,xǐ,�
U+26C54,bì,�
U+26C56,fù,�
U+26C5C,xiào,�
U+26C60,jiū,�
U+26C63,gǒu,�
U+26C70,chí,�
U+26C71,jiū,�
U+26C72,jiū,�
U+26C75,shā,�
U+26C77,fēi,�
U+26CAB,fú,�
U+26CAF,wàn,�
U+26CB0,xū,�
U+26CB1,bō,�
U+26CC1,hào;mào,�
U+26CC3,xié,�
U+26CC4,pián,�
U+26CC5,yǔ,�
U+26CC7,tián,�
U+26CC8,pí;bì,�
U+26CCA,shǐ,�
U+26CCB,kuǎi,�
U+26CCC,jī,�
U+26CCF,zhā,�
U+26CD0,nài;nà,�
U+26CD1,mǒu,�
U+26CD3,fú,�
U+26CD4,dù,�
U+26CD7,shěng,�
U+26CD8,chá,�
U+26CDA,chí,�
U+26CDB,guǐ,�
U+26CDC,mín,�
U+26CDD,tāng;dàng,�
U+26CDE,bài,�
U+26CDF,qiāng,�
U+26CE1,zhuó,�
U+26CE2,wèi,�
U+26CE3,xún,�
U+26CE5,miǎo,�
U+26CE6,zāi,�
U+26CE7,yóu,�
U+26CE9,yòu,�
U+26CEB,shān,�
U+26CEC,hé,�
U+26CED,lǚ,�
U+26CEE,zhí,�
U+26CF2,jìng,�
U+26CF3,zhēn,�
U+26CF6,méng,�
U+26CF7,yóu,�
U+26CF9,wò,�
U+26CFA,bá,�
U+26CFD,juàn,�
U+26CFE,rú,�
U+26CFF,còu,�
U+26D00,zhī,�
U+26D09,hú,�
U+26D0A,yāng,�
U+26D0C,jùn,�
U+26D0D,shé,�
U+26D0E,kòu,�
U+26D11,qián,�
U+26D14,méng,�
U+26D1A,tiáo,�
U+26D50,niè,�
U+26D5F,chí,�
U+26D61,xiōng;gōng,�
U+26D63,hùn,�
U+26D66,dí,�
U+26D67,láng,�
U+26D69,zāo;qiú,�
U+26D6A,cè,�
U+26D6B,suǒ,�
U+26D6C,zù,�
U+26D6D,suī,�
U+26D6F,xiá,�
U+26D71,xiè,�
U+26D74,jié,�
U+26D75,yóu,�
U+26D77,gòu,�
U+26D78,gěng,�
U+26D7C,jùn,�
U+26D7D,huǎng,�
U+26D7E,jí,�
U+26D7F,pōu,�
U+26D80,wū,�
U+26D82,yì,�
U+26D85,nǎi,�
U+26D87,rǒng;ruǎn,�
U+26D88,nán,�
U+26D8A,píng,�
U+26D8B,shàn,�
U+26D8C,diāo,�
U+26D8D,jí,�
U+26D8E,huā,�
U+26D8F,duì,�
U+26D90,kǒng,�
U+26D91,tà,�
U+26D93,hòng,�
U+26D95,shū,�
U+26D99,héng,�
U+26D9A,fěn,�
U+26DB2,kòu,�
U+26DD9,nián,�
U+26DDD,chú,�
U+26DE6,qiàng,�
U+26DF2,xì,�
U+26DF3,hú,�
U+26DF4,sòng,�
U+26DF5,wò,�
U+26DF7,hài,�
U+26DF8,rú,�
U+26DF9,méng,�
U+26DFB,sǎn,�
U+26DFD,wú,�
U+26DFF,yóu,�
U+26E01,tān,�
U+26E02,shēn,�
U+26E06,qǐ,�
U+26E08,guó,�
U+26E09,qià,�
U+26E0A,xiān,�
U+26E0F,suī,�
U+26E10,lù,�
U+26E13,qī,�
U+26E14,diāo,�
U+26E17,qí,�
U+26E18,jiá,�
U+26E19,yóu,�
U+26E1A,xí,�
U+26E1B,cháo,�
U+26E21,mì,�
U+26E22,lòu,�
U+26E23,bǐ,�
U+26E2A,péi,�
U+26E2E,zhēn,�
U+26E2F,shēn,�
U+26E30,chǎn,�
U+26E31,fù,�
U+26E36,qū,�
U+26E37,sī,�
U+26E3A,zuī,�
U+26E6B,zhào,�
U+26E7D,pí,�
U+26E80,còu,�
U+26E86,gāo,�
U+26E87,dú,�
U+26E89,fū,�
U+26E8A,guān,�
U+26E8B,sǎo,�
U+26E8C,sǒu,�
U+26E8D,jiǎn,�
U+26E8E,póu,�
U+26E90,cán,�
U+26E91,bèng,�
U+26E92,mòu,�
U+26E93,zhāo,�
U+26E94,xiáo,�
U+26E96,jú,�
U+26E97,shū,�
U+26E98,jiǎn,�
U+26E99,lí,�
U+26E9B,chuàn,�
U+26E9C,lào;láo,�
U+26E9E,hè,�
U+26E9F,hú,�
U+26EA0,gū,�
U+26EA1,zhǎng,�
U+26EA2,jié,�
U+26EA3,xiàng,�
U+26EA5,dū,�
U+26EA6,hán,�
U+26EA7,jiá,�
U+26EA8,xiàng,�
U+26EA9,jí,�
U+26EAA,shǔ,�
U+26EAB,làng,�
U+26EAC,jī,�
U+26EAD,shān,�
U+26EB0,tāo;tiáo,�
U+26EB1,zī,�
U+26EB2,shuàn,�
U+26EB4,jí,�
U+26EB5,chù,�
U+26EB6,jì,�
U+26EB7,shēn,�
U+26EB8,lìn;lín,�
U+26EB9,liáo,�
U+26EBB,sǎn,�
U+26EBD,ǎn,�
U+26EBE,ruǎn,�
U+26EC0,tí;tái,�
U+26EC1,dàn,�
U+26EC3,huán,�
U+26EC5,sà,�
U+26F06,ruí,�
U+26F07,wū,�
U+26F08,jù,�
U+26F09,huán,�
U+26F0A,léng,�
U+26F0B,lù,�
U+26F0E,tān,�
U+26F0F,zēng,�
U+26F13,qián,�
U+26F17,xī,�
U+26F21,cǐ,�
U+26F22,shé,�
U+26F27,sà,�
U+26F2A,mào,�
U+26F2B,qú,�
U+26F2D,bó,�
U+26F2E,gǎn;gàn,�
U+26F30,qiè;hé,�
U+26F31,juàn,�
U+26F32,dāng,�
U+26F33,cháng,�
U+26F34,yáng,�
U+26F35,hé,�
U+26F37,jī,�
U+26F39,bǐng,�
U+26F3B,méi,�
U+26F3F,dūn,�
U+26F40,ǎo,�
U+26F41,jīng,�
U+26F42,lù,�
U+26F43,miàn,�
U+26F44,diàn,�
U+26F45,hè,�
U+26F47,jiān,�
U+26F4A,huá,�
U+26F4B,gōu,�
U+26F4E,lù,�
U+26F4F,fú,�
U+26F50,huǐ,�
U+26F52,zéi,�
U+26F54,jìn,�
U+26F55,sī,�
U+26F56,qūn,�
U+26F5C,dàn,�
U+26F5E,wàn,�
U+26F5F,biǎn,�
U+26F64,jiá,�
U+26F6B,dǎn,�
U+26F6C,jiū,�
U+26F6D,xián,�
U+26F6E,bó,�
U+26F8F,xiá,�
U+26F91,biāo,�
U+26F95,pò,�
U+26F98,sǎo,�
U+26F99,bèi,�
U+26F9A,shà,�
U+26F9B,wěi,�
U+26F9D,cāng,�
U+26F9E,lù,�
U+26FA9,dàn,�
U+26FAB,gǔ,�
U+26FAC,zā,�
U+26FAD,bǎng,�
U+26FAE,gàn;gǎn,�
U+26FB1,chāo,�
U+26FB2,jì,�
U+26FB3,liē,�
U+26FB5,qióng,�
U+26FB6,jiàn,�
U+26FB7,lù,�
U+26FB8,duān,�
U+26FB9,suān,�
U+26FBA,yáo,�
U+26FBB,yǐn,�
U+26FBD,tà,�
U+26FBE,yáo,�
U+26FBF,jīng,�
U+26FC0,chú,�
U+26FC1,fú,�
U+26FC2,yuán,�
U+26FC3,shǎo,�
U+26FC5,bìng,�
U+26FC6,dàng,�
U+26FC7,shì,�
U+26FCA,lú,�
U+26FCB,qiè,�
U+26FCC,luó,�
U+26FCD,pò,�
U+26FCF,méng;mèng,�
U+26FD0,jié,�
U+26FD3,jī,�
U+26FD6,lù,�
U+27004,chàng,�
U+27005,miè;mò,�
U+27006,méng,�
U+27007,jiǎn,�
U+2700A,cǎi,�
U+2700C,sù,�
U+27014,hè,�
U+27015,sà,�
U+27017,zī,�
U+27018,kēng,�
U+27019,gěng,�
U+2701A,sī,�
U+27020,tí,�
U+27021,zhàn,�
U+27022,xiè,�
U+27023,shuí,�
U+27024,chǐ,�
U+27025,yōu,�
U+27026,lǔ,�
U+27027,mèng,�
U+27028,liè,�
U+27029,sì,�
U+2702C,xī,�
U+2702D,fán,�
U+2702E,fū,�
U+2702F,shěn,�
U+27030,tí,�
U+27031,chài,�
U+27032,yuè,�
U+27034,fū,�
U+27035,jiàn;shǎn,�
U+27036,dì,�
U+27039,zhè,�
U+2703A,xié,�
U+2703B,dān,�
U+2703F,zhí,�
U+27043,xù,�
U+27048,niè,�
U+27049,fàn,�
U+2704A,méng,�
U+2704B,mǐn,�
U+2707E,lóu,�
U+2707F,dú;shǔ,�
U+27081,zhàn,�
U+27082,jiàn,�
U+27083,hàn,�
U+27084,dàn,�
U+27085,sēn,�
U+27086,jiàn,�
U+27087,tán;xún,�
U+27088,jiǎo,�
U+27089,pó,�
U+2708B,píng,�
U+2708D,zhuàn;sūn,�
U+2708F,liáo,�
U+27090,zì,�
U+27092,zhuó,�
U+27094,hù,�
U+27099,xì,�
U+2709B,méng,�
U+2709C,jù,�
U+2709D,miè,�
U+2709E,xián,�
U+270A0,kuì,�
U+270A1,méng,�
U+270A2,jiān,�
U+270A6,nóu,�
U+270A8,dì,�
U+270A9,sāo,�
U+270CF,chù,�
U+270D0,zhí,�
U+270D1,qián,�
U+270D2,lǚ,�
U+270D4,zhuó,�
U+270D8,zuò,�
U+270D9,hán,�
U+270DA,suǐ,�
U+270DB,gòu,�
U+270DD,chǒu,�
U+270DE,jì,�
U+270DF,yì,�
U+270E0,yú,�
U+270E8,nóu,�
U+270E9,nǐ,�
U+270EA,ruò,�
U+270EE,lín,�
U+270F1,níng,�
U+2710D,qiáo,�
U+2710E,yáo,�
U+2710F,fù,�
U+27110,shuāng,�
U+27111,kuì,�
U+27112,qú,�
U+27113,dǒng,�
U+27114,shǔ,�
U+2711A,lí,�
U+2711B,jú,�
U+2711C,ruǐ,�
U+27120,zhá,�
U+27124,xiāo,�
U+27138,mén;wěi,�
U+27139,shí,�
U+2713A,diān,�
U+2713B,lì,�
U+2713C,dèng;téng,�
U+2713D,zàn;zā,�
U+2713F,luó,�
U+27140,cán,�
U+27143,āo,�
U+27146,jiǎn,�
U+27148,diào,�
U+2714B,yíng,�
U+27156,yì,�
U+27157,dǎng,�
U+27158,nóu,�
U+2715A,yuè,�
U+2716E,lǐ,�
U+2716F,lí,�
U+27170,hù,�
U+27172,yòu,�
U+2717A,nàng,�
U+27182,chèn,�
U+27189,fēng,�
U+2718A,biē,�
U+2718F,mǎn,�
U+27190,gàn,�
U+27191,huò;suǐ,�
U+27193,cū,�
U+27195,yǒu,�
U+27198,yòu,�
U+2719C,xū,�
U+271A1,xù,�
U+271A2,hǔ,�
U+271A3,lú,�
U+271A5,xiá,�
U+271A6,yì,�
U+271AE,hǔ,�
U+271AF,hù,�
U+271B0,zǐ,�
U+271B7,gōng,�
U+271B8,tuī,�
U+271B9,wū,�
U+271BA,líng,�
U+271BB,gū,�
U+271BC,zhōng;dōng,�
U+271C4,lú,�
U+271C8,zù,�
U+271CC,tóng,�
U+271CD,xiā,�
U+271CE,hé,�
U+271D3,yuè,�
U+271D9,nán,�
U+271DA,bó,�
U+271DB,hū,�
U+271DC,qì,�
U+271DD,shú,�
U+271DE,qiāng,�
U+271DF,zhōu,�
U+271E0,yào,�
U+271E1,gū,�
U+271E5,bān,�
U+271E6,kǎn,�
U+271EE,hé,�
U+271EF,jì,�
U+271F0,hú,�
U+271F1,yán,�
U+271F6,chūn,�
U+271F7,dǐng,�
U+271F8,qiū,�
U+271F9,hóu,�
U+271FC,hào,�
U+271FF,zù,�
U+27201,xián,�
U+27204,xià,�
U+27205,xì,�
U+27208,sè;xì,�
U+2720C,gé,�
U+2720D,xì,�
U+27211,gé,�
U+27214,lǚ,�
U+27216,gé,�
U+27217,kè,�
U+27219,shòu,�
U+2721A,zhù,�
U+2721C,téng,�
U+2721D,yà,�
U+2721E,nì,�
U+27226,luò,�
U+27227,suī;méng,�
U+2722A,chǎn,�
U+2722D,wù,�
U+2722F,yū,�
U+27239,zǎo,�
U+2723B,yì,�
U+2723C,xī;jí,�
U+2723D,hóng,�
U+2723E,quán,�
U+2723F,wǎng,�
U+27240,chǐ,�
U+27241,xì,�
U+27242,tiǎn,�
U+27243,yǔn,�
U+27245,yī,�
U+27246,jí,�
U+27247,huī,�
U+27248,fóu;fú,�
U+2724A,fǔ,�
U+2724D,jí,�
U+2724E,xuán,�
U+27251,tài,�
U+27253,dù,�
U+27257,yuán,�
U+2725B,dì,�
U+2725E,zhǔ,�
U+2725F,tāi,�
U+27261,rǒng,�
U+27262,xué,�
U+27263,yù,�
U+27264,fàn,�
U+27265,běi,�
U+27267,qǔ;jié,�
U+27269,bù,�
U+2726A,jiā,�
U+2726B,zhá,�
U+2726D,nǔ,�
U+2726E,shé;yán;yí,�
U+27272,lì,�
U+27284,guǐ,�
U+27285,guǎi,�
U+27287,dài;dé,�
U+2728F,gāi,�
U+27292,cì,�
U+27294,yǎn,�
U+27295,sōng,�
U+27296,shì,�
U+27298,kù,�
U+27299,zhǐ,�
U+2729A,tóng,�
U+2729B,qú,�
U+2729C,è,�
U+2729E,xíng,�
U+2729F,rú,�
U+272A0,yú;shū,�
U+272A3,yì,�
U+272A4,yì,�
U+272A5,xù,�
U+272A6,fǒu,�
U+272A7,gé;è,�
U+272AC,hé,�
U+272AD,yīn,�
U+272AF,hòng,�
U+272B1,duǒ,�
U+272BD,xíng,�
U+272BE,fán,�
U+272C9,qī,�
U+272CA,shā;shuō,�
U+272CC,dù,�
U+272CD,dì;xué,�
U+272CE,lí,�
U+272CF,yì,�
U+272D0,xí,�
U+272D1,gěng,�
U+272D2,tóng;shì,�
U+272D3,kào,�
U+272D4,hòng,�
U+272D5,kùn,�
U+272D6,niè,�
U+272D7,chí,�
U+272D8,tí,�
U+272DA,tóng,�
U+272E0,lí;lǐ,�
U+272E1,nà,�
U+272F1,zhān,�
U+272F2,běi,�
U+27301,tiáo,�
U+27303,zā,�
U+27304,è;yè,�
U+27305,shòu,�
U+27306,kōng,�
U+27307,péng,�
U+27308,fù,�
U+27309,lù,�
U+2730A,xiè,�
U+2730B,xiè,�
U+2730C,xiū,�
U+2730D,lù,�
U+2730E,tiǎn,�
U+2730F,tà,�
U+27310,cì,�
U+27311,qū,�
U+27313,fù,�
U+27314,zhī,�
U+27316,xiè;shè,�
U+27317,zǒu,�
U+27318,fèi,�
U+27319,mín,�
U+2731A,xīng,�
U+2731D,tóng,�
U+2731E,qí,�
U+27320,piāo,�
U+27322,suì,�
U+27323,ěr,�
U+27327,hǔ,�
U+2733B,sōng,�
U+2733D,biē,�
U+2733E,dīng,�
U+2733F,bǎn,�
U+27340,shī;lǐ,�
U+27341,xiè,�
U+27342,xiáo,�
U+27343,fěi,�
U+27352,chuǎn;chuǎi,�
U+27353,shuài,�
U+27354,yāo,�
U+27355,jué,�
U+27356,shěng;nìng,�
U+27358,yōu,�
U+27359,fàn,�
U+2735C,kuí,�
U+2735D,dì,�
U+2735F,máo,�
U+27360,jié,�
U+27362,yán;yǐn,�
U+27365,wēi,�
U+27368,sāng,�
U+27369,jié,�
U+2736A,yú,�
U+2736B,wèi,�
U+2736C,è,�
U+2736D,quán,�
U+2736E,jiǒng,�
U+2736F,féng,�
U+27370,lóng,�
U+27371,dié,�
U+27372,pián,�
U+27374,liàn,�
U+27375,hú,�
U+27376,lǜ,�
U+2737F,diàn,�
U+27383,cuì,�
U+27384,móu;wù,�
U+27395,wáng,�
U+27396,juān,�
U+27397,kē,�
U+27398,yán,�
U+27399,jiǎo,�
U+273A1,gōng,�
U+273A3,róng,�
U+273A4,sūn,�
U+273A5,shàn,�
U+273A8,chí,�
U+273AA,qí,�
U+273AB,suǒ,�
U+273AD,yè,�
U+273AE,zǎo,�
U+273AF,quē,�
U+273B0,zhǎn,�
U+273B1,bā,�
U+273B2,zú,�
U+273B3,suǒ,�
U+273B4,zhé,�
U+273B5,xì,�
U+273B7,chǔ,�
U+273B8,jiǎo,�
U+273B9,zuì,�
U+273BA,gē,�
U+273BB,wù;móu,�
U+273BE,lüè,�
U+273BF,jí,�
U+273C2,xié,�
U+273C3,xié,�
U+273C6,dǒu,�
U+273CB,qiū,�
U+273D1,píng,�
U+273D3,liú,�
U+273E5,jié,�
U+273E7,huì,�
U+273EB,shà,�
U+273F8,zhí,�
U+273F9,ài,�
U+273FA,xù;òu,�
U+273FB,bì,�
U+273FD,yē,�
U+273FE,nì,�
U+273FF,zhú,�
U+27401,sù,�
U+27403,xié,�
U+27404,yù;yú,�
U+27405,qū,�
U+27408,zú,�
U+27409,zhī,�
U+2740A,zhāng,�
U+2740B,lüè,�
U+2740C,wěi,�
U+2740D,chōng,�
U+2740E,mì,�
U+27410,jī,�
U+27412,sù,�
U+27413,yě,�
U+27414,xí;yì,�
U+27415,tuán,�
U+27416,lián;liàn,�
U+27417,xuán,�
U+27419,wù,�
U+2741F,máo,�
U+2742C,hóng,�
U+2742F,lüè,�
U+27430,dú,�
U+27431,cóng,�
U+27432,chán,�
U+27433,lù,�
U+27434,sù,�
U+27440,lüè,�
U+27446,zhōng,�
U+27447,lí,�
U+27448,fèi,�
U+2744A,jǐng,�
U+2744B,kuì,�
U+2744C,yì,�
U+2744D,huá,�
U+2744E,cuì,�
U+27450,yù,�
U+27451,běng,�
U+27452,tūn,�
U+27453,shǔ,�
U+27454,dài,�
U+27455,wū,�
U+27456,cì,�
U+27457,nìng,�
U+27458,dàng,�
U+27459,zú,�
U+2745A,hán,�
U+2745C,pí,�
U+2745D,chuàn,�
U+27460,dù,�
U+27461,pá,�
U+27464,zhū,�
U+27466,xié,�
U+27467,zhé,�
U+27468,qiè,�
U+27469,xuān,�
U+2746B,sào,�
U+27480,bì,�
U+27482,fù,�
U+27488,lì,�
U+2748E,é,�
U+27490,yē,�
U+27491,shǔ,�
U+27493,sè,�
U+27495,qī,�
U+27496,guò,�
U+27497,sè,�
U+27499,fù,�
U+2749A,máo,�
U+2749C,léi,�
U+2749D,zhān,�
U+274A8,chài,�
U+274AD,wèi,�
U+274BD,léi,�
U+274BF,zéi,�
U+274C0,yīng,�
U+274C1,ài,�
U+274C2,xiē,�
U+274C4,bì,�
U+274CB,chán,�
U+274CE,pí;bī,�
U+274CF,cóng,�
U+274D0,liè,�
U+274D1,qí,�
U+274D3,jì,�
U+274D4,jīng,�
U+274D5,dōng,�
U+274D6,féi,�
U+274D7,yí,�
U+274D8,tuán,�
U+274E8,měng,�
U+274E9,cán,�
U+274EA,yá,�
U+274F2,yǎng,�
U+274F4,tíng,�
U+274F8,zhí,�
U+274FA,xiè,�
U+274FB,lǜ,�
U+274FD,lì;chài,�
U+274FF,máo,�
U+27502,xiá,�
U+27505,sòu,�
U+27516,sū,�
U+27517,xuè,�
U+2751D,lì,�
U+2751E,yuán,�
U+27521,zhǎn,�
U+27523,tà,�
U+27524,xuán,�
U+27525,wèi,�
U+27526,yè,�
U+27527,páng,�
U+27528,máo,�
U+27529,tí,�
U+2752A,pín,�
U+2752C,dù,�
U+2752D,qiú,�
U+2752E,yǐ,�
U+27533,tuó,�
U+27534,chài,�
U+27537,jìn,�
U+2753C,é,�
U+27543,chán,�
U+27544,yīng,�
U+27545,líng,�
U+27547,xiǎn,�
U+27549,qī,�
U+2754B,yuè,�
U+2754C,lüè,�
U+2754D,yíng,�
U+2754E,qú,�
U+27552,fěi,�
U+27553,zī,�
U+27559,qīng,�
U+2755D,níng,�
U+2755E,wèi,�
U+2755F,shuāng,�
U+27561,fù,�
U+27564,mò,�
U+27565,mò,�
U+27566,tuó,�
U+27567,chài,�
U+27568,zàng,�
U+2756E,lí,�
U+2756F,lí;shī,�
U+27571,xiá,�
U+27572,juǎn,�
U+27574,nán,�
U+27575,mì,�
U+27578,huáng,�
U+2757A,shuāng,�
U+2757C,xǔ,�
U+2757F,fěi,�
U+27581,xiè;wén,�
U+27586,tà,�
U+27587,yǒng,�
U+27589,zhǎn,�
U+27591,qiáng,�
U+27592,náng,�
U+27594,lìn,�
U+27598,luán,�
U+27599,xiǎn,�
U+2759A,fú,�
U+2759C,líng,�
U+275A0,sāo,�
U+275A2,huì,�
U+275A8,tíng,�
U+275AA,qíng,�
U+275AC,huāng,�
U+275AE,àn,�
U+275B5,mǎn,�
U+275B7,nì;nǜ,�
U+275BB,guó,�
U+275BC,ǒu,�
U+275BF,xiàng,�
U+275C1,jīn,�
U+275C6,zhēng,�
U+275C8,nú,�
U+275CB,sàn,�
U+275CC,hù,�
U+275CE,zú,�
U+275CF,huǐ,�
U+275D2,jī,�
U+275D6,yè,�
U+275E6,xíng,�
U+275E9,là,�
U+275EA,yù;qú,�
U+275EB,jué,�
U+275F1,shù;yù,�
U+275F2,zhēng,�
U+275F4,yǒng,�
U+275F6,gē,�
U+275F8,jiàn,�
U+275F9,xìn;xiān,�
U+275FC,huī,�
U+275FF,shuài,�
U+27602,chōng,�
U+27603,háng,�
U+27608,liǎo,�
U+2760D,jiāng,�
U+2760F,gōng,�
U+27611,zhuó;bào,�
U+27617,qǐ,�
U+2761C,qiān,�
U+2761E,dǒu,�
U+2761F,pō;bō,�
U+27622,hù,�
U+27625,niǔ,�
U+27627,qì,�
U+27628,diāo,�
U+27629,diāo,�
U+2762B,lì,�
U+2762E,xiōng,�
U+2763D,ná,�
U+2763F,zhēng,�
U+27640,là,�
U+27641,zhì;zī;jì;pī,�
U+27643,ě,�
U+27644,bō,�
U+27645,pō,�
U+27646,xū,�
U+27647,yòng;dǎn,�
U+27648,cí,�
U+27649,lì,�
U+2764C,páo,�
U+2764F,xiù;yǒu,�
U+2765B,pù,�
U+2765D,ché,�
U+2765E,qì,�
U+27661,yì,�
U+27663,tí,�
U+27664,duǒ,�
U+27665,lóng;tǒng,�
U+27667,jiàn,�
U+2766D,zhàn,�
U+2766E,yuàn,�
U+27676,yú,�
U+27678,gēng,�
U+2767A,hòu,�
U+2767E,qǐ,�
U+27680,mù,�
U+27681,huàn,�
U+27682,lòng,�
U+27683,xì,�
U+27684,é,�
U+27685,lǎng,�
U+27686,fèi,�
U+27687,wǎn;wèn,�
U+27689,cūn,�
U+2768B,péng,�
U+2768F,cuò,�
U+27690,wēng,�
U+276A1,gǎo,�
U+276A5,cuì,�
U+276A8,qì;shà;qiè,�
U+276A9,lí,�
U+276AA,qiè,�
U+276AB,qiàn;jīng,�
U+276AC,kōng,�
U+276AD,běng,�
U+276AF,shòu,�
U+276B7,wēi,�
U+276C4,shān,�
U+276CF,zī,�
U+276D2,tì,�
U+276D3,qiān,�
U+276D4,dú,�
U+276D7,tú,�
U+276DA,wēi,�
U+276DE,hú,�
U+276DF,xīng,�
U+276E1,shān,�
U+276E2,zhǐ,�
U+276E7,chǐ,�
U+276F8,zhòu,�
U+276F9,wēng,�
U+276FA,chí,�
U+276FB,suǒ,�
U+276FC,xiè,�
U+276FE,kè,�
U+27701,shài;shā;shǎi,�
U+27702,shī,�
U+27703,shòu,�
U+27705,jiè,�
U+27709,gǎo,�
U+2770A,lǚ,�
U+27714,xiè,�
U+2771A,zhǐ,�
U+2771E,mán;màn,�
U+27720,shuài,�
U+27721,kè,�
U+27723,diǎo,�
U+27724,yī,�
U+27726,sù,�
U+27727,chuāng,�
U+27731,cuì,�
U+27732,tuò,�
U+27735,xiè,�
U+2773D,xuán,�
U+27742,hè,�
U+27743,jué,�
U+27746,tì,�
U+27747,fèi,�
U+27749,zhǐ,�
U+2774A,shì,�
U+2774B,tuí,�
U+2774E,chōng;chuáng;chóng,�
U+27750,tì,�
U+27751,zhàn,�
U+27752,héng,�
U+27754,qú,�
U+27755,wéi,�
U+27757,dūn,�
U+27758,bào,�
U+2775C,liáo,�
U+27764,sī,�
U+2776A,biǎo,�
U+2776B,xiè,�
U+2776C,bié;bì,�
U+2776E,cǒng,�
U+27772,jù,�
U+27773,hé,�
U+27777,kuì,�
U+27778,yōng,�
U+27780,shù,�
U+2778D,niè,�
U+2778F,yú,�
U+27790,zhuó,�
U+27791,méng,�
U+27792,hú,�
U+27795,liè,�
U+2779D,jiē,�
U+2779E,xióng,�
U+277A3,yǎn,�
U+277A9,jié,�
U+277AA,là;lié,�
U+277AB,shù,�
U+277AC,jié,�
U+277AD,léi,�
U+277B0,zú,�
U+277B2,shì,�
U+277B8,wéi;suì,�
U+277B9,dū,�
U+277BA,sù,�
U+277C3,xié,�
U+277C4,ráng,�
U+277CC,luò,�
U+277D1,qiān,�
U+277D8,nàng,�
U+277D9,líng,�
U+277DC,jì,�
U+277E0,mìng,�
U+277E3,gǔ,�
U+277E8,xuán,�
U+277EC,xū,�
U+277F1,bó,�
U+277FC,wēi,�
U+27802,kū,�
U+27806,wǎn,�
U+27808,chà,�
U+2780A,mào,�
U+2780B,kè,�
U+2780E,cì,�
U+27812,xiàn,�
U+27813,mò,�
U+2781A,hūn,�
U+2781B,chàn,�
U+2781C,shī,�
U+2781D,zhěn,�
U+2781E,è,�
U+2781F,mí,�
U+27821,shī,�
U+27822,qū,�
U+27823,shū,�
U+27825,cī,�
U+27826,yǎn,�
U+27829,hū,�
U+2782A,qī,�
U+2782B,zhì;dí;chì,�
U+2782C,huāng,�
U+27834,zhǐ,�
U+27836,yǒu,�
U+2783C,gào,�
U+2783D,yǎo,�
U+2783E,pōu,�
U+27847,yí,�
U+27848,chèng,�
U+27849,jì,�
U+2784B,ǎi;yá,�
U+2784D,dòng,�
U+2784F,suì,�
U+27851,jiù,�
U+27858,qì;qīn,�
U+27859,lián,�
U+2785A,xuǎn,�
U+2785C,liǎo,�
U+27861,yùn,�
U+27862,xuǎn,�
U+27863,cóu,�
U+27864,piān,�
U+27866,kuí,�
U+27868,tí,�
U+27869,huǎn,�
U+2786A,dān;dàn,�
U+2786B,guì;kuì,�
U+2786C,chēn,�
U+2786E,shǎng,�
U+2786F,jì,�
U+27874,liàn,�
U+27875,kān,�
U+27876,shèng,�
U+27878,dōu,�
U+27879,yóu,�
U+2787A,qí,�
U+2787C,xiǎo,�
U+27882,yì,�
U+27883,lóu,�
U+27886,chuāng,�
U+2788B,lào,�
U+2788C,gāo,�
U+27890,zēng,�
U+27892,wéi;wěi,�
U+27896,jiān,�
U+2789B,yīng,�
U+2789C,fán,�
U+2789D,lì,�
U+2789E,qiān,�
U+278A2,yào,�
U+278A6,kuī;kuí;guì,�
U+278A7,wéi,�
U+278A9,què,�
U+278AC,xiǎo,�
U+278AD,què,�
U+278B0,hū,�
U+278B5,duō,�
U+278B6,chù,�
U+278B9,shēn;jīn,�
U+278BC,zhuó,�
U+278BD,é,�
U+278BE,jì,�
U+278C1,tán,�
U+278C3,pā,�
U+278CB,jiè,�
U+278CC,qiào,�
U+278D1,qián,�
U+278D2,jù,�
U+278D5,qiú,�
U+278D6,tuó,�
U+278DA,nuò,�
U+278DB,sì,�
U+278DF,yí,�
U+278E1,gǔ,�
U+278E2,hùn,�
U+278E3,pá,�
U+278E4,zī,�
U+278E6,jiāo,�
U+278E9,xǐ,�
U+278EA,shǎo;shào,�
U+278EC,yí,�
U+278ED,zhì,�
U+278F5,lùn,�
U+278F7,zhōu,�
U+278F8,jué,�
U+278F9,tán,�
U+278FA,nuò;chuò,�
U+278FB,jù,�
U+278FC,hú,�
U+278FE,zhì,�
U+27903,bī,�
U+2790D,chì;tì,�
U+2790E,xuān,�
U+2790F,jí,�
U+27910,guǎ,�
U+27911,jú,�
U+27912,wò,�
U+27913,tuó,�
U+27915,qiú,�
U+27916,wēi,�
U+27917,duān,�
U+27919,shòu,�
U+2791B,zhěn,�
U+2791C,nè;lì,�
U+2791F,xì,�
U+27920,zhé,�
U+27921,zhì,�
U+27923,ná,�
U+27928,jiān,�
U+2792E,yáo,�
U+2792F,guó;yuè,�
U+27932,dǐ,�
U+27934,huò,�
U+27935,jīng,�
U+2793C,jué,�
U+2793D,yuè;jiàn,�
U+27944,jí,�
U+27946,sù,�
U+27948,jiān,�
U+2794A,kūn,�
U+2794B,wò,�
U+2794C,kuàng,�
U+2794D,biāo,�
U+2794E,jué,�
U+27951,bì,�
U+27953,chán,�
U+27955,zī,�
U+27956,lí;shǐ,�
U+2795A,fó,�
U+2795B,qiǎn,�
U+2795C,yǎn,�
U+2795E,tàn,�
U+2795F,mò,�
U+27963,kòu,�
U+27964,xī;xiē,�
U+2796E,hù;dǐ,�
U+2796F,hù,�
U+27971,fú,�
U+27974,yàng,�
U+27975,guò,�
U+27977,rén,�
U+27978,yìn,�
U+27979,fēng,�
U+2797A,jùn;yùn,�
U+2797C,yún,�
U+2797F,xùn,�
U+27981,xì,�
U+2798E,xiā,�
U+27991,háng,�
U+2799A,hù;dǐ,�
U+2799D,hū;hào,�
U+2799E,pù,�
U+2799F,fān,�
U+279A4,jiā,�
U+279A7,yí;tuō,�
U+279AD,tuō;xī,�
U+279AE,ná,�
U+279B8,yín,�
U+279B9,yìn,�
U+279C3,jì,�
U+279C4,wàng,�
U+279C5,shì;jiàn,�
U+279C6,duī,�
U+279C7,duò,�
U+279C9,tuó,�
U+279CA,wā,�
U+279CB,lì,�
U+279CF,rè;rě,�
U+279D2,cì,�
U+279D3,xù,�
U+279D4,zhōu,�
U+279D5,zì,�
U+279DC,wǎng,�
U+279DD,yǎ,�
U+279DF,jì,�
U+279E0,chǎo,�
U+279E9,jí,�
U+279F5,shǎn,�
U+279F6,tú,�
U+279F8,bié,�
U+279F9,xì,�
U+279FA,pī,�
U+279FB,zhà,�
U+279FE,huì,�
U+27A00,suō;zuò,�
U+27A02,hè,�
U+27A04,yuē,�
U+27A06,wū;huǎng,�
U+27A08,líng;wū,�
U+27A0A,zhà,�
U+27A0B,huá,�
U+27A17,chán,�
U+27A1F,è,�
U+27A21,chén,�
U+27A27,suì,�
U+27A29,tiǎn,�
U+27A30,zhì,�
U+27A31,tì,�
U+27A32,āo,�
U+27A33,zhuó,�
U+27A34,zì,�
U+27A35,kē,�
U+27A37,sè,�
U+27A38,tián,�
U+27A39,lù,�
U+27A3E,shán,�
U+27A3F,zhǎ,�
U+27A43,chōng,�
U+27A45,yàn,�
U+27A52,mǔ,�
U+27A53,hū,�
U+27A5A,chī,�
U+27A5D,sù,�
U+27A63,nǎo,�
U+27A66,jí,�
U+27A67,duó,�
U+27A68,hòu,�
U+27A6A,còng,�
U+27A6B,zhā;chà,�
U+27A6C,yín,�
U+27A6E,xiǎo;sǒu;sòu,�
U+27A70,biàn,�
U+27A71,bèng,�
U+27A72,là,�
U+27A74,chī;chì,�
U+27A76,qià,�
U+27A78,ān,�
U+27A79,shī;yǐ,�
U+27A7C,chì;zhǐ,�
U+27A85,nù,�
U+27A87,jì,�
U+27A93,ǒu,�
U+27A95,xiā,�
U+27A98,chài;cuǒ;jiē,�
U+27A9A,ái,�
U+27A9D,shèng,�
U+27A9E,hé;gé,�
U+27AA0,jí,�
U+27AA1,chī,�
U+27AA2,xì,�
U+27AA3,zhēng,�
U+27AA6,tā,�
U+27AA8,mà,�
U+27AAB,pī,�
U+27AAE,xū;huá,�
U+27AAF,qiǎn,�
U+27AB9,xià,�
U+27ACA,yù,�
U+27AD1,jié,�
U+27AD2,xià,�
U+27AD3,lǔ,�
U+27AD5,qiè,�
U+27AD7,chà,�
U+27ADB,yàng,�
U+27ADC,jì,�
U+27ADD,shǎ,�
U+27ADE,lòu,�
U+27AE0,jī,�
U+27AE1,zhì,�
U+27AE2,wàng,�
U+27AE4,bì,�
U+27AE5,ān,�
U+27AE6,yī,�
U+27AE7,ān;àn,�
U+27AEC,lí,�
U+27AF9,xiān,�
U+27AFE,jiù,�
U+27AFF,tǎn,�
U+27B01,hào,�
U+27B02,hè,�
U+27B05,zhā,�
U+27B06,zhǎn,�
U+27B07,yì,�
U+27B08,xì,�
U+27B0A,xì;sí,�
U+27B0B,fà,�
U+27B0C,yán,�
U+27B0F,mǔ,�
U+27B15,gū,�
U+27B1E,yún,�
U+27B24,zhòng,�
U+27B26,chǎn,�
U+27B27,chuáng,�
U+27B28,huì,�
U+27B29,zá,�
U+27B2A,gùn,�
U+27B2B,jiǎn,�
U+27B2C,yá,�
U+27B30,xiàng;xiǎng,�
U+27B31,hè,�
U+27B43,dàn,�
U+27B47,mián,�
U+27B48,níng;nìng,�
U+27B4A,méng,�
U+27B4C,liè,�
U+27B4D,zhòu,�
U+27B4E,pū,�
U+27B4F,tāi,�
U+27B53,yíng,�
U+27B54,téng,�
U+27B55,guó,�
U+27B5A,qiáng,�
U+27B5C,lǜ,�
U+27B5D,sà,�
U+27B5E,liè,�
U+27B5F,chí,�
U+27B60,xiě,�
U+27B63,guó,�
U+27B64,bào;báo,�
U+27B65,luò,�
U+27B66,juàn;xuān,�
U+27B6A,è,�
U+27B73,hé,�
U+27B75,mèi,�
U+27B78,xiè,�
U+27B79,pín,�
U+27B7B,hān,�
U+27B7C,chèn,�
U+27B7D,shàn,�
U+27B7E,huì,�
U+27B86,yīng,�
U+27B88,jiǎn,�
U+27B8D,ān,�
U+27B91,tà,�
U+27B92,yī,�
U+27B93,tuí,�
U+27B97,liú,�
U+27B99,zuó,�
U+27B9B,lí,�
U+27B9D,pín,�
U+27B9E,xuè,�
U+27BA0,nèn,�
U+27BA1,dòu,�
U+27BA4,lǎn,�
U+27BAA,zhān,�
U+27BAB,jué,�
U+27BAC,zhēn;jué,�
U+27BAD,jí,�
U+27BAE,qiān,�
U+27BB0,hān,�
U+27BB1,fén,�
U+27BB3,hān,�
U+27BB4,hóng,�
U+27BB5,hé,�
U+27BB6,hóu,�
U+27BBA,zhàn,�
U+27BBB,chóu;xiāo,�
U+27BBC,tài,�
U+27BBD,qiàn,�
U+27BBF,shè,�
U+27BC0,yīng,�
U+27BC3,qīn,�
U+27BC6,huò,�
U+27BC8,xì,�
U+27BC9,hè,�
U+27BCA,xì,�
U+27BCB,xiā,�
U+27BCC,hāo,�
U+27BCD,lào,�
U+27BCF,lì,�
U+27BD2,chēng,�
U+27BD6,jùn,�
U+27BD7,xī,�
U+27BD8,hǎn,�
U+27BDE,dòu;dōu,�
U+27BE0,dōu,�
U+27BE1,wān;yuè,�
U+27BE4,dōu,�
U+27BE5,zài,�
U+27BE6,juàn,�
U+27BE8,lǒu,�
U+27BE9,chù,�
U+27BEB,zhēng,�
U+27BEF,qí,�
U+27BF0,kàn,�
U+27BF1,huò;yù,�
U+27BF2,lái,�
U+27BFA,gāi,�
U+27BFC,shòu,�
U+27BFE,dōng,�
U+27C03,lóu,�
U+27C04,tuān,�
U+27C07,yú,�
U+27C08,wù,�
U+27C0A,tián,�
U+27C12,guó,�
U+27C18,tán,�
U+27C19,qí,�
U+27C20,liè,�
U+27C21,lì,�
U+27C23,xūn,�
U+27C28,gèng,�
U+27C29,tīng,�
U+27C2A,hàn,�
U+27C2B,chù,�
U+27C2D,tún,�
U+27C2F,xióng,�
U+27C30,yóu,�
U+27C31,mò,�
U+27C32,chǐ,�
U+27C34,hǔ,�
U+27C35,dū;dú;zhuó,�
U+27C37,mǔ,�
U+27C39,nà,�
U+27C3B,líng,�
U+27C3F,ài,�
U+27C40,xiān,�
U+27C44,kǎn,�
U+27C45,sì,�
U+27C46,sān,�
U+27C4A,yì,�
U+27C4F,yì,�
U+27C50,xiào;xiāo,�
U+27C52,zhī;zhuō,�
U+27C53,dòu,�
U+27C58,mài,�
U+27C5C,lún,�
U+27C5D,jué;jùn,�
U+27C61,qiāng,�
U+27C62,líng,�
U+27C69,pián,�
U+27C6A,còu,�
U+27C6B,duò,�
U+27C6C,yǔ,�
U+27C70,zhuō,�
U+27C72,xì,�
U+27C73,huài,�
U+27C74,míng,�
U+27C75,táng,�
U+27C79,pū,�
U+27C7B,mì,�
U+27C7C,mán,�
U+27C7E,guāi,�
U+27C80,qiān,�
U+27C82,lín,�
U+27C83,mǐn,�
U+27C84,wěi,�
U+27C85,céng,�
U+27C87,hù,�
U+27C88,suí,�
U+27C8B,jù,�
U+27C8C,shà,�
U+27C8D,méng,�
U+27C97,wéi,�
U+27C98,xī,�
U+27C99,lìng,�
U+27C9C,bì,�
U+27C9D,wèi,�
U+27CA1,lì,�
U+27CA2,zhé,�
U+27CA4,yóng,�
U+27CA5,hú,�
U+27CA6,wán;hé,�
U+27CA7,bā,�
U+27CA8,jiān,�
U+27CAD,zuǒ,�
U+27CAE,zhǎn,�
U+27CAF,bō,�
U+27CB0,qiū;chū,�
U+27CB1,yāng,�
U+27CB4,dōng,�
U+27CB5,qú,�
U+27CBA,pí,�
U+27CBB,zhǎi,�
U+27CBE,shān,�
U+27CBF,gòu,�
U+27CC0,biào;nǎo,�
U+27CC1,yí,�
U+27CC2,fú,�
U+27CC4,xìn,�
U+27CC5,shì;shǐ,�
U+27CC6,tōng;tóng,�
U+27CC9,dīng,�
U+27CCC,tū,�
U+27CCD,xiāo,�
U+27CCE,wú,�
U+27CCF,péi,�
U+27CD0,huī;xī,�
U+27CD5,lái,�
U+27CD9,sì,�
U+27CDA,cuǐ,�
U+27CDB,shà,�
U+27CDC,zhǒu,�
U+27CDD,zhào,�
U+27CDE,wéi,�
U+27CDF,lái,�
U+27CE0,bì;bǐ,�
U+27CE3,dǒng,�
U+27CE6,nǎo,�
U+27CE7,xiē,�
U+27CE8,rǎo,�
U+27CE9,tuàn,�
U+27CEA,wèi,�
U+27CEB,yóu;jiū;qiú;yòu,�
U+27CEC,méi,�
U+27CED,yuán,�
U+27CEE,zhòng,�
U+27CF6,sōu,�
U+27CF8,gú,�
U+27CF9,shào,�
U+27CFB,zhǎo,�
U+27CFC,pí,�
U+27CFF,tōng,�
U+27D01,chī,�
U+27D02,péng,�
U+27D03,chán,�
U+27D04,yōng,�
U+27D05,shuǎng,�
U+27D07,wǔ,�
U+27D09,pí,�
U+27D0A,huàn,�
U+27D0C,fú,�
U+27D0E,biào,�
U+27D13,náo,�
U+27D15,biào,�
U+27D16,wèi,�
U+27D17,yōng,�
U+27D19,nǎo,�
U+27D1A,guài,�
U+27D20,lì,�
U+27D22,xìn,�
U+27D23,yán,�
U+27D24,pò,�
U+27D25,péi,�
U+27D2A,suǒ,�
U+27D2C,rèn,�
U+27D2D,shǎn,�
U+27D32,suǒ,�
U+27D38,dān,�
U+27D3A,mèn,�
U+27D43,shǒu,�
U+27D48,gòu,�
U+27D4A,hān;hàn;tàn,�
U+27D4B,shì,�
U+27D4C,yǎng,�
U+27D4E,gǔ,�
U+27D5B,kē,�
U+27D5E,jū,�
U+27D60,pài,�
U+27D61,cè,�
U+27D62,bāo,�
U+27D63,xiōng;mín,�
U+27D64,cái;zhù,�
U+27D67,lǐn,�
U+27D68,ài,�
U+27D6C,mì;shèn,�
U+27D6D,lǎi,�
U+27D71,xiāo,�
U+27D73,shé,�
U+27D7B,huó,�
U+27D7C,nì,�
U+27D84,zhèng,�
U+27D86,lìn,�
U+27D87,zhá,�
U+27D8A,yún,�
U+27D8D,xù,�
U+27D94,chéng,�
U+27D95,wǒ,�
U+27D96,xī,�
U+27D99,bèi,�
U+27D9C,shāng;shǎng,�
U+27DA0,yù,�
U+27DA1,mì,�
U+27DB2,duǎn;zhuàn,�
U+27DB5,chà,�
U+27DB6,fàn,�
U+27DB7,zé,�
U+27DB8,chèng,�
U+27DBA,tíng,�
U+27DC5,yí,�
U+27DCB,yāo,�
U+27DCE,kū,�
U+27DD0,fén,�
U+27DD1,xié,�
U+27DD2,chèng,�
U+27DDB,kuì,�
U+27DDF,bīn,�
U+27DE1,lóu;lòu,�
U+27DE5,yì,�
U+27DE6,mì,�
U+27DE7,xiè,�
U+27DF1,guī,�
U+27DF3,luó,�
U+27DF6,shàn,�
U+27DFE,jú,�
U+27DFF,dū,�
U+27E02,xiān,�
U+27E05,zhǐ,�
U+27E08,bìn,�
U+27E15,zhǐ,�
U+27E16,zhuàn;lián,�
U+27E17,xué,�
U+27E18,liàn;biǎn;jiǎn,�
U+27E19,suì,�
U+27E26,làn,�
U+27E27,jù,�
U+27E28,mián,�
U+27E29,xùn,�
U+27E2A,zhàn,�
U+27E2B,gùn,�
U+27E32,zhì,�
U+27E3D,wèi,�
U+27E3E,quǎn;xuàn,�
U+27E3F,chài,�
U+27E48,réng,�
U+27E4A,yuè,�
U+27E4C,zī,�
U+27E50,luò,�
U+27E51,guì,�
U+27E53,chéng,�
U+27E55,jū,�
U+27E56,tiǎn,�
U+27E57,wàn,�
U+27E5B,zhī,�
U+27E5E,nǎn;niǎn,�
U+27E63,hān,�
U+27E68,xī,�
U+27E69,lín,�
U+27E6C,yān,�
U+27E6D,xù,�
U+27E72,hù,�
U+27E73,gàn,�
U+27E74,xù;huò,�
U+27E76,xì,�
U+27E7A,cuì,�
U+27E7D,xì,�
U+27E7E,hú,�
U+27E85,yān,�
U+27E8E,yì,�
U+27E8F,chí,�
U+27E90,jué,�
U+27E92,zú,�
U+27E9C,jiào,�
U+27E9D,yì,�
U+27E9F,tǎn,�
U+27EA0,chì,�
U+27EA1,bá,�
U+27EA2,tòu;yì,�
U+27EA3,zōng,�
U+27EA4,qiú;jū,�
U+27EA7,chì,�
U+27EA8,xǐ,�
U+27EB0,nì,�
U+27EB2,cū,�
U+27EB4,wǔ,�
U+27EB6,chù,�
U+27EB7,sū,�
U+27EB8,yóng,�
U+27EB9,jǔ,�
U+27EBA,bá,�
U+27EBC,cǐ,�
U+27EBD,dì,�
U+27EBE,pǎn,�
U+27EBF,chì;yì,�
U+27EC1,qiǔ,�
U+27EC3,yán;qù,�
U+27ECD,zhǎi,�
U+27ED2,xiàn,�
U+27ED3,bèng,�
U+27ED4,kuāng,�
U+27ED5,qì,�
U+27ED6,zhōu,�
U+27ED7,jú,�
U+27ED8,qiè,�
U+27ED9,mò;pò,�
U+27EDA,yuán,�
U+27EDC,guì;kuǐ,�
U+27EDD,zuī,�
U+27EE7,qiè,�
U+27EF0,hú;zào,�
U+27EF1,qiú,�
U+27EF2,hái;kuī,�
U+27EF3,fù,�
U+27EF4,làng,�
U+27EF5,shà,�
U+27EF6,xī,�
U+27EF7,bū,�
U+27EF8,shì,�
U+27EF9,yǒng,�
U+27EFA,guāng;kuāng,�
U+27EFC,niè,�
U+27EFF,hǒu,�
U+27F0A,mì,�
U+27F0E,è,�
U+27F0F,xián,�
U+27F10,yǔn;qūn,�
U+27F11,xù,�
U+27F12,qǐn,�
U+27F13,dōng,�
U+27F14,léng,�
U+27F15,qì,�
U+27F16,lán,�
U+27F17,fú,�
U+27F18,qǐ,�
U+27F19,chǒng,�
U+27F1C,cù,�
U+27F1F,mò,�
U+27F20,bēi,�
U+27F24,dào,�
U+27F28,jié;jué,�
U+27F29,chòng;dòng,�
U+27F2A,chì,�
U+27F2B,yù,�
U+27F2C,cuī,�
U+27F2D,sù;sōu;sǒu;qiù,�
U+27F2E,tì,�
U+27F2F,shù;yú,�
U+27F30,zhá,�
U+27F31,fú;bí,�
U+27F33,chè,�
U+27F34,fó;zhì,�
U+27F35,hóu,�
U+27F36,zhá,�
U+27F44,jié,�
U+27F45,zhá,�
U+27F46,zhān,�
U+27F49,yǎn,�
U+27F4A,hái,�
U+27F4B,wǔ,�
U+27F4C,huá,�
U+27F4D,diān;diàn,�
U+27F4E,yáo,�
U+27F4F,sōu,�
U+27F50,qiān,�
U+27F51,jí,�
U+27F52,xiòng,�
U+27F53,qì,�
U+27F54,jūn,�
U+27F56,hái,�
U+27F5E,yǎn,�
U+27F5F,jié,�
U+27F60,cuī,�
U+27F62,tuán,�
U+27F63,zhāng,�
U+27F64,piāo,�
U+27F65,lù,�
U+27F66,zhī,�
U+27F67,chù,�
U+27F68,mì,�
U+27F69,qiāng,�
U+27F6B,liàn,�
U+27F72,lì,�
U+27F76,é,�
U+27F77,sù,�
U+27F78,jué;guì,�
U+27F7B,jú,�
U+27F7C,tán,�
U+27F7D,liáo,�
U+27F7E,sān;cún,�
U+27F7F,dòng,�
U+27F81,zá,�
U+27F82,zhí,�
U+27F86,xuàn,�
U+27F87,líng,�
U+27F8A,dēng,�
U+27F8D,zhān;zhàn;chán,�
U+27F8E,xuān,�
U+27F8F,qǐn,�
U+27F90,jiào,�
U+27F91,pì,�
U+27F94,hǎn,�
U+27F9A,yú,�
U+27F9B,guó,�
U+27F9D,xún,�
U+27FA0,xún,�
U+27FA1,chán,�
U+27FA2,jié;jí,�
U+27FA3,jú,�
U+27FA4,yǎn,�
U+27FA5,dú,�
U+27FA7,hòng,�
U+27FA8,xiàn;xiǎn,�
U+27FA9,xún;xuàn,�
U+27FAE,líng,�
U+27FAF,jié,�
U+27FB0,yì,�
U+27FB1,qú,�
U+27FB2,gān,�
U+27FB3,fēng,�
U+27FB5,jué,�
U+27FB6,qū,�
U+27FBB,jiù,�
U+27FBD,jì,�
U+27FBE,jǐ,�
U+27FC5,xí,�
U+27FC6,pāng,�
U+27FC8,kuàng,�
U+27FC9,kù;wù,�
U+27FCB,kù,�
U+27FCC,zhà,�
U+27FCF,bà,�
U+27FD2,chěn,�
U+27FD3,hù,�
U+27FD4,nù,�
U+27FD5,é,�
U+27FD6,xiōng,�
U+27FD7,dǔn,�
U+27FD8,shēng,�
U+27FD9,wán,�
U+27FDA,fēn,�
U+27FDD,xī,�
U+27FDE,zī,�
U+27FE0,hù;dì,�
U+27FE5,bié,�
U+27FE7,tuò,�
U+27FE8,bǎn,�
U+27FE9,gé,�
U+27FEB,kē,�
U+27FF2,zhuì;bó,�
U+27FF3,fú;fèi,�
U+27FF4,mò,�
U+27FF5,jiá,�
U+27FF6,tuó,�
U+27FF7,yù,�
U+27FF9,mǔ,�
U+27FFA,jué,�
U+27FFB,jú,�
U+27FFC,guā,�
U+27FFD,pǒ,�
U+28000,nǐ;niǎn,�
U+28004,wǎ,�
U+28005,yǎn,�
U+28014,chǒu,�
U+28015,kuāng,�
U+28016,hài,�
U+28018,xiáng,�
U+28019,xī,�
U+2801B,cún,�
U+2801C,tōng,�
U+2801D,ruò,�
U+2801F,duó,�
U+28020,chè,�
U+28024,lèi,�
U+28025,zī,�
U+28027,zhěng,�
U+28028,zuǒ,�
U+2802B,kāng,�
U+2802C,zài,�
U+2802E,yuān;xuān,�
U+2802F,qióng,�
U+28033,fá,�
U+28034,xún,�
U+28036,jì,�
U+28038,chā,�
U+28040,shū;chōu,�
U+28041,xuàn,�
U+28042,xié,�
U+28043,tī,�
U+28044,hàn,�
U+28045,xiān,�
U+28046,shān,�
U+28047,tùn,�
U+28048,háng;gēng,�
U+28049,kǔn,�
U+2804A,cén,�
U+2804B,dōu,�
U+2804C,nuó,�
U+2804D,yàn,�
U+2804E,chéng;jìng,�
U+2804F,pū,�
U+28050,qì,�
U+28051,yuè,�
U+28052,fū,�
U+28057,tǐng,�
U+2805F,wǒ,�
U+28060,shēng,�
U+28061,tuǒ,�
U+28074,tǎn,�
U+28076,yǎ;yā,�
U+28077,zhì,�
U+28078,lù;lì,�
U+28079,yǎn,�
U+2807A,jū,�
U+2807D,dé,�
U+2807F,chù;zhuó,�
U+28080,zǔ,�
U+28081,è,�
U+28082,zhí;xuě,�
U+28083,péng,�
U+28085,biē,�
U+28087,dǐ,�
U+28090,lái,�
U+28092,yè,�
U+2809C,háo,�
U+2809D,pán,�
U+2809E,tàn,�
U+2809F,kāng,�
U+280A0,xū;lǚ,�
U+280A1,zòu,�
U+280A2,jí,�
U+280A3,wù,�
U+280A6,chuàn,�
U+280A9,pò,�
U+280AA,yǎn,�
U+280AB,tuò,�
U+280AD,dú,�
U+280AF,pián,�
U+280B0,chì,�
U+280B1,hùn,�
U+280B2,pīng,�
U+280B4,cōng,�
U+280B5,zhǎ,�
U+280BA,wān,�
U+280BF,wǎi,�
U+280C3,è,�
U+280C4,wèi,�
U+280C5,bāi,�
U+280C7,jiāng,�
U+280D3,chá,�
U+280D5,chù,�
U+280D6,kuà,�
U+280D7,téng,�
U+280D8,zōu;qū,�
U+280D9,lì,�
U+280DA,tà,�
U+280DB,sà,�
U+280DE,pán,�
U+280DF,pán,�
U+280E3,sào,�
U+280E4,qiāo;kào,�
U+280ED,zú,�
U+280EF,zhì,�
U+280F0,yǎn,�
U+280F2,jié,�
U+280F3,néng,�
U+28104,luán,�
U+28105,qū,�
U+28107,dèng;téng,�
U+28108,liáng,�
U+28109,chǎn,�
U+2810A,qiè,�
U+2810B,lòu,�
U+2810C,dié;xiè,�
U+2810D,cuī,�
U+28110,jǐ,�
U+28113,cháo,�
U+28114,shuàn,�
U+28115,zú,�
U+28117,kāng,�
U+2811A,qiāng,�
U+2811B,lí,�
U+2812E,shuāi,�
U+2812F,yù,�
U+28130,zhāng,�
U+28131,lěi,�
U+28145,pó,�
U+2814A,zhé;chè,�
U+2814B,xiào,�
U+2814D,tǎn,�
U+2814E,cuì,�
U+2814F,lán,�
U+28151,xū,�
U+28152,shù;chú,�
U+28153,zhǎ;dá,�
U+28154,cán,�
U+28157,bǐ,�
U+28158,pèng,�
U+2815D,chéng,�
U+28163,qiáo,�
U+28164,jī,�
U+2816A,zhāi,�
U+2816C,lán,�
U+28181,tiǎn;yǎn,�
U+28182,sà,�
U+28183,jīn,�
U+28184,zhù,�
U+28185,duò,�
U+28187,chà,�
U+28188,juàn,�
U+28189,táng,�
U+2818A,bèng,�
U+2818C,fán,�
U+2818D,liè,�
U+2818E,zéi,�
U+2818F,suì,�
U+28199,sè,�
U+281A7,zhì,�
U+281A8,tuí,�
U+281AA,qīng,�
U+281AC,chuò,�
U+281B0,tà;dà,�
U+281B1,bìng,�
U+281B2,wěn,�
U+281B5,pǒ,�
U+281BD,mó,�
U+281BE,cā,�
U+281C1,kuàng,�
U+281C3,cuó;zuān,�
U+281C4,rǎo,�
U+281C5,bào,�
U+281C6,lài,�
U+281CD,niǎn,�
U+281CE,lí,�
U+281D5,jiǎo,�
U+281D6,lú,�
U+281D7,lì,�
U+281D8,lóng,�
U+281D9,guì,�
U+281DD,chǎn,�
U+281E4,xiān,�
U+281E6,chàn,�
U+281E8,xiè,�
U+281E9,zhàn,�
U+281EF,shuāng,�
U+281FB,mǐ,�
U+281FC,luán,�
U+281FD,luò,�
U+28200,diān,�
U+28208,dié,�
U+2820A,wān,�
U+2820B,yuè,�
U+2820C,luán,�
U+2820E,luán,�
U+28213,léng,�
U+28215,wǎi,�
U+28216,dìn,�
U+28217,nèn,�
U+28218,shǎo,�
U+28219,xiè;zhī,�
U+2821A,pí,�
U+28225,máo,�
U+28227,yǐn,�
U+28229,bó,�
U+2822B,zhù,�
U+2822E,chōng,�
U+28236,mǔ,�
U+28237,tuó,�
U+28239,tǒng,�
U+2823A,yé,�
U+28241,huàng,�
U+28243,rèn,�
U+28245,yè,�
U+2824B,tuō,�
U+28256,zuān,�
U+28257,yù,�
U+2825A,ā,�
U+2825C,zhōu,�
U+2825D,wān,�
U+28261,duǒ,�
U+28262,zhòng,�
U+28263,hā,�
U+28264,huáng,�
U+28265,miàn;tǐ,�
U+28269,chūn,�
U+2826A,qiè,�
U+2826B,gōng;qiōng,�
U+2826C,tíng,�
U+2826D,méi,�
U+28271,tàng,�
U+28274,róng,�
U+28277,róng,�
U+28278,qí,�
U+28279,guó,�
U+2827D,xiàng,�
U+2827E,tián,�
U+28285,xiāo,�
U+28288,zhān,�
U+28289,cuì,�
U+28294,lán,�
U+28298,shēn;qū,�
U+2829A,lěi,�
U+2829B,lì,�
U+2829D,chān,�
U+2829E,niè,�
U+2829F,luán,�
U+282A1,tīng,�
U+282A2,huì;sháo,�
U+282A7,gōng,�
U+282B0,qì,�
U+282B1,yú,�
U+282B3,xīn,�
U+282B8,yuè,�
U+282B9,bā,�
U+282BA,dài,�
U+282BB,jī,�
U+282BC,xuàn,�
U+282BF,jué,�
U+282C0,niǔ,�
U+282C8,dù,�
U+282C9,jí,�
U+282D0,pā,�
U+282D1,gǒng,�
U+282D2,bèn,�
U+282D4,kēng;jú,�
U+282D5,yàng;ǎng,�
U+282D6,liǔ,�
U+282D7,ní,�
U+282D8,zhà,�
U+282D9,yìn,�
U+282DA,niǎn;ruǎn,�
U+282DB,pào,�
U+282DD,gōng,�
U+282DE,bù,�
U+282DF,hé,�
U+282E0,rǒng,�
U+282E1,guì,�
U+282E5,bì,�
U+282E6,xī,�
U+282E7,jú,�
U+282E8,hún,�
U+282E9,bì;fú,�
U+282EB,tiāo,�
U+282EC,zhěng;chèng,�
U+282EE,hōng;chūn,�
U+282EF,yì,�
U+282F0,cì,�
U+282F2,bìng,�
U+282F7,gōng,�
U+282FA,fá,�
U+282FD,yáng,�
U+282FE,xǔ,�
U+28301,hōng,�
U+28304,zàng,�
U+28305,chái,�
U+28306,hóng,�
U+28308,tián,�
U+2830C,zhī,�
U+2830D,xīng,�
U+2830E,xú,�
U+28311,zhèn,�
U+28314,wǎn;wàn,�
U+28318,jùn,�
U+2831D,wò;huò,�
U+28320,lù,�
U+28322,zhēng,�
U+28323,rǒng,�
U+28324,chéng;chèng,�
U+28325,fú,�
U+28327,è,�
U+28328,tāo,�
U+28329,táng,�
U+2832B,juān,�
U+2832C,chào,�
U+2832D,tà,�
U+2832E,dǐ,�
U+28330,zōng,�
U+28333,kēng,�
U+28334,tuī,�
U+28336,kēng,�
U+28345,rǒng,�
U+28346,yūn,�
U+28347,hé,�
U+28348,zǒng,�
U+28349,cōng;zǒng,�
U+2834A,qiū,�
U+2834E,mù,�
U+2834F,duó,�
U+28350,xǔ,�
U+28351,kēng,�
U+28352,xiàn;jiàn,�
U+2835B,dú,�
U+2835C,kǎn,�
U+2835E,yīng,�
U+28362,zī,�
U+28367,huáng,�
U+28369,péng,�
U+2836B,lì,�
U+2836D,bó;pò,�
U+2836E,gé;lì,�
U+2836F,jú,�
U+28370,kē,�
U+28372,hú;gǔn,�
U+28373,yáo,�
U+28374,táng,�
U+28376,qióng,�
U+28377,rǒng,�
U+28378,liǔ,�
U+28379,huì,�
U+2837A,jī,�
U+28389,zhì,�
U+2838B,táng;chēng,�
U+2838C,zhǐ,�
U+2838D,kāng;liáng,�
U+28394,yàng,�
U+28396,tǎng;chǎng,�
U+28397,hōng,�
U+2839B,liáng,�
U+2839D,cáo,�
U+283A1,nǎi,�
U+283A2,zǒng,�
U+283A4,dèng,�
U+283A6,jiāo,�
U+283A7,péng,�
U+283A9,guāng,�
U+283AA,ér,�
U+283AB,jiàn,�
U+283AC,jiào,�
U+283AD,nuó,�
U+283AE,zǎo,�
U+283B3,péng,�
U+283B4,dāng,�
U+283B6,qú,�
U+283B7,lián,�
U+283B8,mù,�
U+283B9,lǎn,�
U+283BE,fén,�
U+283C2,hún;xuān,�
U+283C6,kuāng,�
U+283C8,yǐn,�
U+283C9,shuàn,�
U+283CA,jiàn,�
U+283D2,luò;léi,�
U+283D4,lù;dú,�
U+283DA,gé,�
U+283DB,rǎng;niǎn,�
U+283DE,pín,�
U+283E0,lóng,�
U+283E4,zhěn,�
U+283E5,xiàn,�
U+283E8,lìn,�
U+283E9,lián,�
U+283EA,shān,�
U+283EB,bó,�
U+283EC,lì,�
U+283F3,xié,�
U+283F4,gé,�
U+283F5,mǐn,�
U+283F6,lián,�
U+283F9,jué,�
U+283FA,zhōu,�
U+283FF,kē,�
U+28401,dié,�
U+28403,zhé,�
U+28405,shū,�
U+28406,jī,�
U+28407,lóng,�
U+28408,guāng,�
U+28409,zǎo,�
U+2840A,xiàn,�
U+2840B,qiān,�
U+2840D,shēn,�
U+28410,yǐn,�
U+28411,jiè,�
U+28414,shēn,�
U+28415,shēn;cí,�
U+28416,sǎ,�
U+2841B,xì,�
U+28421,kù,�
U+28423,qú,�
U+28425,gé,�
U+28426,bàn,�
U+28428,bì,�
U+28429,qiān,�
U+28430,bīn,�
U+28431,bàn,�
U+28433,zuò,�
U+28434,pì,�
U+28436,huò,�
U+2843E,bàn;biàn,�
U+2844A,nóng,�
U+2844C,chén,�
U+2844E,pēng,�
U+28451,fǔ,�
U+28452,tú,�
U+2845C,pǐ,�
U+2845D,pò,�
U+28460,chǐ,�
U+28463,xuè,�
U+28464,qì,�
U+28465,wù,�
U+28468,zhì,�
U+28469,dì,�
U+2846A,cōng,�
U+2846B,yóu,�
U+28479,cōng,�
U+2847C,dì,�
U+2847D,zhuó,�
U+2847F,zǒu,�
U+28480,cóng,�
U+28483,pàn,�
U+28484,yǎn,�
U+28485,qì,�
U+28486,rǒng,�
U+28487,jiá,�
U+28489,zhì;zhuì;suì,�
U+2848A,qiú,�
U+2848B,yuè,�
U+2848D,shì,�
U+28491,háo,�
U+28499,tuō;hòu,�
U+2849C,bié,�
U+2849E,kàn,�
U+284A2,chuò,�
U+284A4,cǐ,�
U+284A6,yǐn,�
U+284A7,shì,�
U+284A8,hài,�
U+284A9,ruǎn,�
U+284AB,yáng;nì,�
U+284AC,chī,�
U+284AE,cī,�
U+284B1,gōng,�
U+284B2,mí;xuè,�
U+284B4,jǐ,�
U+284BC,gèn,�
U+284BD,zào;suō,�
U+284C1,běng,�
U+284C7,xǐn,�
U+284C8,kuò,�
U+284CA,dié,�
U+284CD,tíng,�
U+284DA,shuì,�
U+284DE,dài,�
U+284E6,lǐ,�
U+284E8,yǒng,�
U+284E9,jiāo,�
U+284EC,tá,�
U+284ED,qǔ;còu,�
U+284EE,yín,�
U+284EF,yuān,�
U+284F0,jié,�
U+284F2,qiān,�
U+284F3,yāo,�
U+284F4,yà,�
U+284F7,qīng,�
U+284FF,péi,�
U+28517,jiā,�
U+28519,tòu,�
U+2851B,tī,�
U+28521,dùn;tún;chuàn;chuán,�
U+28522,chǎn,�
U+28523,jiā;jià,�
U+28524,chì,�
U+28525,jiān;jīn,�
U+28526,shù,�
U+2852F,tà,�
U+28555,zhī,�
U+28557,yuán,�
U+2855A,hū,�
U+2855C,liè,�
U+28560,zé,�
U+28562,chù,�
U+28566,qiù,�
U+28567,bēng,�
U+28579,huán,�
U+2857A,kuā,�
U+2857B,shēng,�
U+2857D,jié,�
U+2857F,wǎng,�
U+28583,hū,�
U+2858A,zé;jī,�
U+2858B,zǎn;zhì,�
U+2858C,yàng,�
U+2858E,chǐ,�
U+2858F,jiù,�
U+2859A,liáo,�
U+2859B,yū,�
U+285A0,biǎn;biàn,�
U+285A2,kuáng,�
U+285AC,chòu,�
U+285AD,yá,�
U+285AE,zhuó,�
U+285B0,qiè,�
U+285B1,xiàn,�
U+285B3,yuān,�
U+285B4,wǔ,�
U+285B5,jiǎo,�
U+285B6,xiàng,�
U+285B7,shà,�
U+285B9,zhì,�
U+285BC,chòng,�
U+285BE,biān,�
U+285BF,wēi,�
U+285D3,dào,�
U+285DD,yù;jú,�
U+285DE,tuí,�
U+285E1,chào,�
U+285E5,huì,�
U+285E6,qiǎn,�
U+285E8,wěi,�
U+285F0,yóu,�
U+285FC,dì;dài,�
U+285FE,dà,�
U+28601,yóu,�
U+28602,jiù,�
U+28603,tuí,�
U+28604,zǎn,�
U+28607,huì,�
U+28609,shà,�
U+2860C,huò,�
U+28614,yáo,�
U+28619,xiàn,�
U+2861E,xiàn,�
U+2862C,dì,�
U+2862E,jiù,�
U+28632,huì,�
U+28634,kào,�
U+28635,yóu,�
U+28638,lì,�
U+2863C,chuán,�
U+2863E,chí,�
U+28640,huò,�
U+28642,yóu,�
U+28644,yuè,�
U+2864E,tà,�
U+2864F,zàn,�
U+28653,niè,�
U+28654,zhù,�
U+28661,xiǎn,�
U+28669,shí,�
U+2866B,kǒu,�
U+2866C,qǐ,�
U+2866D,tǔ,�
U+2866E,fán,�
U+2866F,cūn,�
U+28672,tún;cūn,�
U+28673,chā,�
U+28674,cái;zài,�
U+28675,xiàng,�
U+28676,pèi,�
U+28677,jǐng,�
U+28678,qí;zhī,�
U+28679,shǎo,�
U+2867A,niǔ,�
U+2867B,nà,�
U+2867D,qín,�
U+2868D,bì;bèi,�
U+28693,bì;fèi;fú,�
U+28694,bāo,�
U+28695,biàn,�
U+28696,zī,�
U+28697,nà,�
U+28698,wèi,�
U+28699,háo,�
U+286A1,jǐn,�
U+286A3,zhèng,�
U+286A7,qié,�
U+286AE,hào,�
U+286AF,tóng,�
U+286B0,zǎo,�
U+286B1,shèng,�
U+286B2,cún,�
U+286B3,huāng,�
U+286B4,rú,�
U+286B5,zài,�
U+286B6,nián,�
U+286BE,xiān,�
U+286C8,quán,�
U+286C9,jì,�
U+286CA,yín,�
U+286CB,lǐ,�
U+286CC,máng,�
U+286CD,shào,�
U+286CE,hàn,�
U+286CF,cuò,�
U+286D0,jùn,�
U+286D1,jì,�
U+286D2,bù,�
U+286D3,lòng,�
U+286D4,fǒu,�
U+286D5,yóu,�
U+286D6,kuài,�
U+286DC,xiàng,�
U+286E1,yún,�
U+286E3,qín,�
U+286E4,huí,�
U+286E5,pú,�
U+286EB,lí,�
U+286EC,péi,�
U+286ED,shū;shè,�
U+286EE,jū,�
U+286EF,yí,�
U+286F0,zhēng,�
U+286F1,chóng,�
U+286F3,xí;jí,�
U+286F5,hǔ,�
U+286F6,róu;shòu,�
U+2870C,huàn,�
U+2870D,qiào,�
U+2870E,zhī,�
U+2870F,yíng,�
U+28710,xǐ,�
U+28711,qiāo,�
U+28712,jì,�
U+28713,zhēng,�
U+28714,huáng,�
U+28716,yú,�
U+28717,zōu,�
U+28718,méi,�
U+2871C,shěng,�
U+28729,quán,�
U+28730,jiāng,�
U+28731,hé,�
U+28733,tóng,�
U+28734,hé,�
U+28735,wēn,�
U+28736,yì,�
U+28737,páng,�
U+2873A,wēng,�
U+2873B,qián,�
U+2873C,lì,�
U+2873D,yí,�
U+2873E,chuàng,�
U+2873F,xù,�
U+28740,wěi,�
U+28746,gē,�
U+28748,yǔ,�
U+2874B,zhài,�
U+2874C,gān,�
U+2874D,qiān,�
U+2874E,kāng,�
U+2874F,lí,�
U+28750,shēn,�
U+28751,guàn,�
U+28753,piáo,�
U+28756,lí,�
U+28758,hǔ,�
U+2875B,tú,�
U+2875C,shùn,�
U+2875E,hù,�
U+2875F,lí,�
U+28762,lòu,�
U+28766,dàng,�
U+28768,zuò,�
U+28769,shān,�
U+2876B,shè;xì,�
U+2876D,féng,�
U+2876E,jù;zōu,�
U+2876F,tóng,�
U+28770,jiǎo,�
U+28771,qiáo,�
U+28772,gāo;hào,�
U+28773,zī,�
U+28774,huáng,�
U+28775,shān,�
U+28778,tán,�
U+2878C,tuō,�
U+2878E,lìng,�
U+28790,chéng,�
U+28791,wèng,�
U+28792,zuó,�
U+28793,yù,�
U+28795,zhú;chù,�
U+28797,qún,�
U+28798,xǐ,�
U+28799,qú,�
U+2879B,gé,�
U+287A2,qī,�
U+287A3,xū,�
U+287A8,gài,�
U+287A9,què,�
U+287AA,chóu;shòu,�
U+287AB,méng,�
U+287B2,shēn,�
U+287B3,qú,�
U+287B6,qiāo,�
U+287B7,cán,�
U+287BA,lì,�
U+287BC,wàn,�
U+287BD,léi,�
U+287BE,xīng,�
U+287BF,láng,�
U+287C2,shì,�
U+287C3,zhēng,�
U+287C4,fán,�
U+287CA,zhì,�
U+287CF,yín,�
U+287D1,lì,�
U+287D6,mó,�
U+287D7,wěi,�
U+287D9,yīng,�
U+287DA,ráng,�
U+287E0,quān;què;jué,�
U+287E5,luǒ,�
U+287F2,dài,�
U+287F4,yìn,�
U+287F5,bǐ,�
U+287F6,gē,�
U+287F8,wèn,�
U+287F9,yǎn,�
U+287FA,miǎn,�
U+287FC,gǎng,�
U+287FD,qiú,�
U+287FE,zhī,�
U+2880B,gū,�
U+2880C,tóng,�
U+2880E,líng,�
U+2880F,tí,�
U+28810,cí,�
U+28811,yí;tuó,�
U+28812,fàn,�
U+28813,pō,�
U+28814,bì,�
U+28816,bào,�
U+2881F,pēng,�
U+28821,suān,�
U+28824,sōng;nóng,�
U+28825,wéi,�
U+28826,xiáo,�
U+2882C,hào,�
U+2882D,yǎn,�
U+28836,yí,�
U+28837,zāo,�
U+28838,yǐng,�
U+28839,nǎn,�
U+2883F,zā,�
U+28841,tiǎn,�
U+28842,xī,�
U+28843,jiào,�
U+28844,yán,�
U+2884C,néi,�
U+2884D,tǎn,�
U+2884E,yàn,�
U+2884F,tiǎn,�
U+28850,zhì,�
U+28851,chōu;chóu,�
U+28852,táo,�
U+28857,zhà,�
U+2885E,miǎn,�
U+28861,wǔ,�
U+28862,yǐn,�
U+28863,yàn,�
U+28864,lǎo,�
U+28869,pō,�
U+2886B,hùn,�
U+2886C,hǎi,�
U+2886D,mú,�
U+2886E,cōng,�
U+28871,kù;dǐng,�
U+28872,chōu,�
U+28874,yǒu,�
U+28878,zhuó,�
U+2887B,sōu,�
U+28882,yìn,�
U+28885,zuì,�
U+28886,sāng,�
U+28887,liù,�
U+28888,hàn,�
U+28889,wèi,�
U+2888A,méng,�
U+2888B,hú,�
U+2888C,lì,�
U+2888E,mì;yīn,�
U+28890,bāng,�
U+28891,jiǎn,�
U+2889C,què,�
U+288A0,méng,�
U+288A2,mú,�
U+288A3,hǒng,�
U+288A4,hù,�
U+288A5,mí,�
U+288A6,shài;zhà,�
U+288A9,shāng,�
U+288AA,chào,�
U+288AC,zhuó;tú,�
U+288AE,zhī,�
U+288AF,niàn,�
U+288B5,jì,�
U+288B8,kē,�
U+288B9,zhēng,�
U+288BF,dān,�
U+288C0,liǎo,�
U+288C1,zhǎn,�
U+288C2,gǒng,�
U+288C3,láo;lào,�
U+288C4,huā,�
U+288C5,chuài,�
U+288C7,jiǎn,�
U+288C8,kuì,�
U+288CD,shē,�
U+288D4,chěn,�
U+288D5,tǎn,�
U+288D7,hú,�
U+288D8,méng,�
U+288D9,pào,�
U+288DA,zhǎn,�
U+288DB,cháng,�
U+288DD,gǎn;jiǎn,�
U+288E0,yì,�
U+288E2,suì,�
U+288E6,xù,�
U+288E7,jì,�
U+288E8,làn,�
U+288EC,yí,�
U+288EF,mì,�
U+288F1,miè,�
U+288F5,cuán,�
U+288F8,lǎn,�
U+288FB,yān;yǎn,�
U+288FE,mí,�
U+28902,yǒng,�
U+28903,cáng;zā,�
U+28904,jiǎn,�
U+28907,sōu;zāo,�
U+2890E,yán,�
U+28911,juàn,�
U+28915,è,�
U+28918,fèn,�
U+2891A,fèn,�
U+28921,guàng,�
U+28922,mái,�
U+28924,liě,�
U+28929,chōng,�
U+2892B,lí,�
U+28931,zhí,�
U+28934,xiè,�
U+28937,chóu,�
U+28939,jí,�
U+2893D,pī,�
U+28942,jié,�
U+28947,zhǒu;zhù,�
U+2894D,xiōng,�
U+28951,kuàng;gǒng,�
U+28959,jǐng,�
U+2895B,hù,�
U+2895E,qián,�
U+28963,cén,�
U+28966,qí,�
U+28967,wǎn;fàn;biān,�
U+28968,máo,�
U+2896A,dǒu,�
U+28974,kǒu,�
U+28976,dài,�
U+28978,náo,�
U+2897A,hóng,�
U+28982,lǎi,�
U+28983,duǒ;duò,�
U+28984,qiān,�
U+28986,yín,�
U+28996,lòu,�
U+28997,huī,�
U+2899B,fù,�
U+2899C,máo,�
U+2899E,zhōu,�
U+289A1,yóng;yáng,�
U+289AD,láo,�
U+289AE,jí,�
U+289AF,yì,�
U+289B0,liú,�
U+289B1,cōng,�
U+289B3,nǎn,�
U+289C0,dù,�
U+289D0,tūn,�
U+289D1,xiàng,�
U+289D5,biàn,�
U+289D6,chuáng,�
U+289D7,wù,�
U+289D9,jū,�
U+289E5,xiē,�
U+289E6,pī,�
U+289E7,zhuó,�
U+289E8,ruì;zhuì,�
U+289EA,sào,�
U+289EB,zì,�
U+289ED,zhèng,�
U+289F0,zú,�
U+289F1,qū,�
U+289F3,chì,�
U+289F5,zhì,�
U+28A0F,bō,�
U+28A17,quàn,�
U+28A18,qiān,�
U+28A19,yā,�
U+28A1A,chào,�
U+28A1B,hé,�
U+28A1C,rǔ,�
U+28A20,jū,�
U+28A21,wù,�
U+28A2C,chì,�
U+28A2D,kuàng;gǒng,�
U+28A2F,còu;zhòu,�
U+28A30,ruàn,�
U+28A31,kuò,�
U+28A32,chí,�
U+28A33,zú,�
U+28A34,jiāo,�
U+28A36,yú,�
U+28A37,tú,�
U+28A38,méng,�
U+28A39,dā,�
U+28A3A,shuò;xuē,�
U+28A65,fēng,�
U+28A66,gǒu,�
U+28A67,dōng,�
U+28A68,chǎ,�
U+28A69,mào,�
U+28A6A,chǎn,�
U+28A6B,biān,�
U+28A6C,yù,�
U+28A6F,wán,�
U+28A70,zú,�
U+28A72,zī,�
U+28A74,chuān,�
U+28A75,wǎn,�
U+28A76,wā,�
U+28A78,quān;juān,�
U+28A7B,wǎn,�
U+28A7D,xià,�
U+28A84,yìng,�
U+28A85,jiàn,�
U+28A88,wěi,�
U+28A89,tí,�
U+28A8A,sāo,�
U+28A8C,qí,�
U+28A8D,shā,�
U+28A8E,yù,�
U+28A8F,jí,�
U+28A90,dòu;tōu,�
U+28A91,chǎn,�
U+28A92,tuán,�
U+28A95,liú,�
U+28A97,zhuì,�
U+28AB3,ruàn,�
U+28AB6,yàn,�
U+28AB7,gǔ,�
U+28AB9,lì,�
U+28ABA,chā,�
U+28ABE,dì,�
U+28ABF,liú,�
U+28AC0,zhǎn,�
U+28AC1,pō,�
U+28AD2,lòu,�
U+28AD4,zhì;xiè,�
U+28B01,lián,�
U+28B05,luǒ,�
U+28B0D,duò;duì,�
U+28B10,jué,�
U+28B11,lì,�
U+28B12,lán,�
U+28B14,ruàn,�
U+28B15,gū,�
U+28B16,chán,�
U+28B17,xū,�
U+28B1A,zhǐ,�
U+28B41,xuè,�
U+28B42,bō,�
U+28B43,chēng,�
U+28B45,zhù,�
U+28B46,hēi,�
U+28B49,bān,�
U+28B4E,xǐ,�
U+28B53,dié,�
U+28B56,zhǎn,�
U+28B57,guó,�
U+28B5A,biāo,�
U+28B5B,là;gě,�
U+28B7A,jīn,�
U+28B82,gǎi,�
U+28B92,mèng,�
U+28B94,yù,�
U+28BAA,xǐ,�
U+28BAC,piāo,�
U+28BAD,sī,�
U+28BB4,dèng,�
U+28BB8,chuō,�
U+28BB9,dí,�
U+28BBA,jī,�
U+28BBB,chán,�
U+28BBF,zhuó,�
U+28BD3,cài,�
U+28BDE,jiàng,�
U+28BF2,tóu,�
U+28BFD,lí,�
U+28C02,qiàn,�
U+28C06,chuō,�
U+28C0F,tà,�
U+28C11,diào,�
U+28C13,jiǎn,�
U+28C1B,zhǐ,�
U+28C1C,jué,�
U+28C1E,mó,�
U+28C20,luó,�
U+28C26,bǎo,�
U+28C2D,zuǎn,�
U+28C35,zhē,�
U+28C38,yú,�
U+28C3B,bǎo,�
U+28C3E,mǎ,�
U+28C3F,xì,�
U+28C40,hù,�
U+28C41,yì,�
U+28C42,é,�
U+28C43,gū,�
U+28C44,tú,�
U+28C45,zhēn,�
U+28C47,qiú,�
U+28C48,sù,�
U+28C49,liàng,�
U+28C4A,qū,�
U+28C4B,líng,�
U+28C4C,guàn,�
U+28C4D,láng,�
U+28C4E,tōu,�
U+28C4F,dā,�
U+28C50,lòu,�
U+28C51,huáng,�
U+28C52,shòu,�
U+28C53,jiāo,�
U+28C54,zūn,�
U+28C55,gǎi,�
U+28C56,wéi,�
U+28C59,kūn,�
U+28C5A,duàn,�
U+28C5B,sōng,�
U+28C5C,qí,�
U+28C5D,yǎng,�
U+28C61,shì,�
U+28C63,gǎi,�
U+28C66,dào,�
U+28C67,yǎo;ǎo,�
U+28C6B,qián,�
U+28C6D,shāo,�
U+28C6E,cháng,�
U+28C6F,miǔ,�
U+28C71,mó,�
U+28C75,nǎo,�
U+28C78,cōng,�
U+28C7A,niè,�
U+28C7B,zhāo,�
U+28C7C,cén,�
U+28C7F,sōng,�
U+28C80,niè,�
U+28C81,cì,�
U+28C84,jùn,�
U+28C86,shāo,�
U+28C88,zhú,�
U+28C89,duǒ;tuǒ;shèng,�
U+28C8A,àn,�
U+28C8B,bī,�
U+28C8E,tì,�
U+28C90,pǐ,�
U+28C91,xiá,�
U+28C92,qiú,�
U+28C93,shěng,�
U+28C97,tāng,�
U+28C9B,mán;mián,�
U+28C9C,piān,�
U+28C9E,tì,�
U+28C9F,róng,�
U+28CA7,cōng,�
U+28CAA,jī,�
U+28CAB,féng,�
U+28CAC,wù,�
U+28CAD,jiào,�
U+28CAE,láo,�
U+28CAF,zēng,�
U+28CB0,péng,�
U+28CB1,cǎn,�
U+28CB3,nóng,�
U+28CB5,chǎn,�
U+28CBE,mán;mián,�
U+28CBF,guì,�
U+28CC0,niào,�
U+28CC1,chōng,�
U+28CC2,chàn,�
U+28CC6,nàng,�
U+28CC9,xiā,�
U+28CCA,jiū,�
U+28CCB,jǐ,�
U+28CCC,zhèn,�
U+28CD1,tǐng,�
U+28CD4,mén,�
U+28CD5,yuè,�
U+28CD7,zhōng,�
U+28CD8,tún,�
U+28CD9,ruì,�
U+28CDA,xiè;fēn,�
U+28CDB,xī,�
U+28CDD,tǐng;rùn,�
U+28CDE,niǔ,�
U+28CE0,wǎng,�
U+28CE1,jiān;guān,�
U+28CE3,fēn,�
U+28CF2,biàn;bì,�
U+28CF7,yí,�
U+28CFA,dié,�
U+28CFB,jī,�
U+28CFC,gǎn,�
U+28CFF,jiān;xì;mǎ,�
U+28D00,jiōng,�
U+28D06,kāi,�
U+28D0A,què;guān,�
U+28D0C,nán,�
U+28D0D,móu,�
U+28D0E,xù,�
U+28D0F,sǒng,�
U+28D10,shèn,�
U+28D11,kuāng,�
U+28D12,què,�
U+28D13,wéi,�
U+28D17,dié,�
U+28D18,nán,�
U+28D1A,ruò,�
U+28D1B,gōng,�
U+28D1C,dòu;yòu,�
U+28D1E,niǎn,�
U+28D21,chāo,�
U+28D22,hé,�
U+28D23,yàn,�
U+28D29,tú,�
U+28D2A,bǔ,�
U+28D2C,hú,�
U+28D2D,yǒng,�
U+28D2F,shǐ,�
U+28D30,chù,�
U+28D39,xiāo,�
U+28D3A,mén,�
U+28D3B,lǐ,�
U+28D3C,tí,�
U+28D3E,jiān,�
U+28D42,zhǐ,�
U+28D43,guā;fǔ;yuè,�
U+28D44,guǎn,�
U+28D46,qì,�
U+28D48,fēi,�
U+28D49,yǔ,�
U+28D4A,zhé,�
U+28D4B,wěi,�
U+28D4C,ě,�
U+28D4D,chān,�
U+28D4E,xī;qí,�
U+28D50,gǔ,�
U+28D57,què,�
U+28D58,huì,�
U+28D5A,xié,�
U+28D5B,yīng,�
U+28D5D,tà,�
U+28D5E,wāi,�
U+28D5F,fú,�
U+28D60,jiè,�
U+28D61,pì,�
U+28D65,shěng,�
U+28D66,yú,�
U+28D67,kuā,�
U+28D69,pì,�
U+28D6A,xié,�
U+28D6B,nüè,�
U+28D6C,xiàn,�
U+28D6D,jiàn,�
U+28D6E,xù,�
U+28D70,bì,�
U+28D74,nán,�
U+28D76,liáng,�
U+28D78,pián,�
U+28D7C,jìng,�
U+28D80,tǎ,�
U+28D81,yàn,�
U+28D82,ài,�
U+28D85,xiāo,�
U+28D86,qiāng,�
U+28D87,wǔ,�
U+28D88,táng,�
U+28D8A,jùn,�
U+28D90,kuò,�
U+28D97,làng,�
U+28D99,něng,�
U+28D9C,dòu;dǒu,�
U+28D9D,shú,�
U+28D9F,jiǎo,�
U+28DA0,niè,�
U+28DA2,yú,�
U+28DA8,cè,�
U+28DAA,jiǎo;liú,�
U+28DAC,huà,�
U+28DAD,wén,�
U+28DAE,yē,�
U+28DAF,é,�
U+28DB0,guāng,�
U+28DB1,huā,�
U+28DB2,jiāo,�
U+28DBA,lèi,�
U+28DBC,shāng,�
U+28DBD,yòng,�
U+28DBF,dēng,�
U+28DC0,guān,�
U+28DC1,niú,�
U+28DC3,suì,�
U+28DC4,xiàng,�
U+28DC6,sà,�
U+28DC7,chāng,�
U+28DCE,rùn,�
U+28DD0,yūn,�
U+28DD2,fēn,�
U+28DD3,jiàn,�
U+28DD4,xù,�
U+28DD8,xì,�
U+28DD9,shú,�
U+28DE5,xié,�
U+28DE6,lì,�
U+28DE9,tóu,�
U+28DEC,mǐ,�
U+28DED,chán,�
U+28DEE,huō,�
U+28DF1,zhuǎn,�
U+28DF2,yuè,�
U+28DFB,lán,�
U+28DFD,yán,�
U+28DFE,dàng,�
U+28DFF,xiàng,�
U+28E00,yuè,�
U+28E01,tǐng,�
U+28E02,bēng,�
U+28E03,sàn,�
U+28E04,xiàn,�
U+28E05,dié,�
U+28E06,pì,�
U+28E07,pián,�
U+28E09,tǎ,�
U+28E0B,jiāo,�
U+28E0C,yē,�
U+28E0E,yuè,�
U+28E10,réng,�
U+28E11,qiǎo,�
U+28E12,qí,�
U+28E13,diāo,�
U+28E14,qí;wéi,�
U+28E17,hàn,�
U+28E18,yuán,�
U+28E19,yóu,�
U+28E1A,jí,�
U+28E1B,gài,�
U+28E1C,hāi,�
U+28E1D,shì,�
U+28E1F,qū,�
U+28E29,wèn,�
U+28E2C,zhèn,�
U+28E2D,pō,�
U+28E2E,yán;yǔn,�
U+28E2F,gū,�
U+28E30,jú,�
U+28E31,tiàn;niǎn,�
U+28E37,è,�
U+28E3A,yā,�
U+28E3B,lìn,�
U+28E3C,bì,�
U+28E40,zǐ,�
U+28E41,hóng,�
U+28E43,duǒ;duò,�
U+28E45,duì,�
U+28E46,xuàn,�
U+28E48,shǎn;yáng,�
U+28E4A,shǎn,�
U+28E4B,yáo,�
U+28E4C,rǎn,�
U+28E54,tuó,�
U+28E57,bīng,�
U+28E58,xù,�
U+28E59,tūn,�
U+28E5A,chéng,�
U+28E5C,dòu,�
U+28E5D,yì;yà,�
U+28E61,chè,�
U+28E75,juǎn,�
U+28E76,jī,�
U+28E78,zhào,�
U+28E79,bēng;bèng,�
U+28E7B,tiǎn,�
U+28E80,pēng,�
U+28E85,fù,�
U+28E96,tuǒ,�
U+28E98,xián,�
U+28E99,nì,�
U+28E9A,lóng,�
U+28E9D,zhuó,�
U+28E9F,zhēng,�
U+28EA0,shǔn,�
U+28EA1,zōng,�
U+28EA2,fēng,�
U+28EA3,duàn,�
U+28EA4,pì,�
U+28EA5,yǎn,�
U+28EA6,sǒu,�
U+28EA7,qiú,�
U+28EA8,è,�
U+28EA9,qián,�
U+28EAB,qiǎn,�
U+28EAD,cā,�
U+28EAE,xùn,�
U+28EB5,zhuì,�
U+28EB8,mǎo,�
U+28EB9,jiǎo,�
U+28EBF,zhǎn,�
U+28EC0,pí;bī,�
U+28EC1,xī,�
U+28EC2,yàn,�
U+28EC3,fèi,�
U+28EC4,niè,�
U+28EC6,zhì,�
U+28EC8,suǒ,�
U+28ECA,yì,�
U+28ECC,lěi,�
U+28ECD,xù,�
U+28ECF,yì,�
U+28ED2,wēi,�
U+28ED5,jī,�
U+28ED6,chēn,�
U+28ED7,dié,�
U+28EE3,yuán,�
U+28EE5,xí,�
U+28EE7,liú,�
U+28EE8,suǒ,�
U+28EF1,bēng,�
U+28EF2,xià,�
U+28EF3,yàn;yān,�
U+28EF5,cuī;zuī;duì,�
U+28EF7,kāng,�
U+28EFA,qīng,�
U+28EFB,lóu,�
U+28EFC,bī,�
U+28F08,zhàn,�
U+28F09,cuàn,�
U+28F0A,wú,�
U+28F0B,xū,�
U+28F0C,chēn,�
U+28F0D,háo,�
U+28F0E,jué,�
U+28F10,chèn,�
U+28F11,chá,�
U+28F12,chǎn,�
U+28F13,zhí,�
U+28F14,xún,�
U+28F23,gé,�
U+28F24,chén,�
U+28F25,yè;gé,�
U+28F2A,chǔ,�
U+28F2B,qú,�
U+28F2C,xiè,�
U+28F2E,zhàn,�
U+28F2F,kěn,�
U+28F31,jué,�
U+28F3D,qú,�
U+28F3F,méng,�
U+28F40,yè,�
U+28F41,zōu;cóng,�
U+28F42,pú,�
U+28F44,shì,�
U+28F49,shǔ,�
U+28F4A,chán,�
U+28F4D,dú,�
U+28F4F,guō,�
U+28F50,lù;yáng,�
U+28F51,yān,�
U+28F56,niǎo,�
U+28F57,bīn;pín,�
U+28F5F,tuí,�
U+28F66,nì,�
U+28F67,huān,�
U+28F68,qián,�
U+28F6F,xià,�
U+28F72,líng,�
U+28F77,lián,�
U+28F79,yì;lì,�
U+28F7B,lì,�
U+28F7C,sì,�
U+28F7F,dài,�
U+28F82,wèi,�
U+28F85,cì,�
U+28F89,jiǔ,�
U+28F8A,hóng,�
U+28F8C,yú,�
U+28F8E,kuí,�
U+28F92,háng,�
U+28F93,gē;yì,�
U+28F94,fàng,�
U+28F97,kuí;xié,�
U+28F9A,guī;fū,�
U+28F9B,chǐ;qí,�
U+28F9E,jiǔ,�
U+28FA1,suī;huǎng,�
U+28FA4,dié,�
U+28FAC,suǐ,�
U+28FB0,qín,�
U+28FB4,guī,�
U+28FBB,zhuī,�
U+28FBE,tiào,�
U+28FC1,yuè,�
U+28FC7,zuǐ,�
U+28FCF,wú,�
U+28FD0,cuǐ,�
U+28FDB,zhì;xī,�
U+28FE0,shuì,�
U+28FE2,dōng,�
U+28FED,wéi,�
U+28FFF,chǒng,�
U+2900B,rún,�
U+29016,jí,�
U+2901C,diāo,�
U+2901E,cāng,�
U+29020,kòu;gǔ,�
U+29023,wéi,�
U+29027,cán,�
U+2902A,má,�
U+2902B,òu,�
U+29032,sǎn,�
U+29036,wéi;huī;mí,�
U+2903C,sǎn,�
U+2903F,jīn,�
U+2904C,wéi,�
U+2905E,cài,�
U+2905F,lí,�
U+2906F,yuè,�
U+29074,yūn,�
U+29077,chēng,�
U+2907A,shān,�
U+29082,hū,�
U+29083,shài,�
U+29084,tún,�
U+29086,fǒu;fù,�
U+29088,qìn,�
U+29089,xū;chēn,�
U+2908D,chuān,�
U+2908E,fù,�
U+29092,yì;ài,�
U+29093,dōng,�
U+29094,fú,�
U+29095,fú,�
U+29096,zé,�
U+29097,pù,�
U+29099,líng,�
U+2909D,shài;yīng,�
U+2909E,pào,�
U+290A2,yín;ái,�
U+290A3,luò,�
U+290A4,huà,�
U+290A5,yìn,�
U+290A6,bèng,�
U+290A7,yū,�
U+290A8,shè,�
U+290AA,xiè,�
U+290AB,chǔ,�
U+290B4,shè,�
U+290B5,diàn,�
U+290B9,yì,�
U+290BB,chè,�
U+290BC,gěng,�
U+290BD,lóng,�
U+290BE,píng,�
U+290BF,yǔn,�
U+290C0,yàn,�
U+290C1,mò,�
U+290C3,suī,�
U+290CB,jìng,�
U+290CD,sòng,�
U+290CE,páng,�
U+290D0,yá,�
U+290D1,sè,�
U+290D2,duǒ,�
U+290D5,chuáng,�
U+290D6,xiè,�
U+290D8,tuán,�
U+290D9,gōng,�
U+290DA,xuàn,�
U+290DC,lā,�
U+290DE,líng,�
U+290E0,dài,�
U+290E1,zhá,�
U+290EC,yīn,�
U+290ED,sōng,�
U+290EF,yǔ,�
U+290F0,tuó,�
U+290F1,tuó,�
U+290F4,bà,�
U+290F5,rǎn,�
U+290F6,bó,�
U+290F7,dài,�
U+290F9,zhá;zhǎ,�
U+290FA,hóu,�
U+290FE,huǐ,�
U+29105,lú,�
U+2910A,lìng,�
U+2910B,rú,�
U+29115,dàn,�
U+29116,méng,�
U+29117,xià,�
U+29118,wěng,�
U+29119,hán,�
U+2911A,zī,�
U+2911B,zhèn,�
U+2911C,sè,�
U+2911D,cuó,�
U+2911E,lì,�
U+29120,diān,�
U+29121,lián,�
U+29122,gòu,�
U+29126,péng,�
U+2912A,yīng,�
U+2912C,hòu,�
U+2912E,duì,�
U+2912F,wù,�
U+29137,piào,�
U+29138,hè,�
U+2913A,lóng,�
U+2913B,mò,�
U+2913C,fěi,�
U+2913D,lǚ,�
U+2913E,zé,�
U+2913F,bó,�
U+29140,diàn;zhí,�
U+29141,mǎng,�
U+29143,zhuàng;chóng,�
U+29144,lù,�
U+29145,pāng,�
U+29146,duì,�
U+29147,bù,�
U+2914C,chēn,�
U+2914D,màn,�
U+29156,xī,�
U+2915D,ǎn,�
U+2915E,zhōng;chòng,�
U+29160,nàn,�
U+29161,tuò,�
U+29162,hé,�
U+29165,duì,�
U+29166,wān;dān,�
U+29167,zhōng,�
U+29168,cén;shèn,�
U+29169,lì,�
U+2916A,shuāng,�
U+2916E,cén,�
U+29170,sī,�
U+29172,duì,�
U+29174,hūn,�
U+2917C,jiān;jiàn,�
U+2917D,nóng,�
U+2917E,dàn,�
U+2917F,fù,�
U+29180,huò,�
U+29181,huì;wèi,�
U+29182,cí,�
U+29184,yǒng,�
U+29185,sà,�
U+29186,tíng,�
U+2918E,liù,�
U+29191,suān,�
U+29192,líng,�
U+29193,mán;màn,�
U+29194,diàn,�
U+29198,pāo,�
U+2919A,líng,�
U+2919D,lì,�
U+2919F,nóu,�
U+291A3,liè,�
U+291A4,shǎn,�
U+291A6,fèi,�
U+291AB,shǎn,�
U+291AE,líng,�
U+291AF,zhàn;jiān,�
U+291B1,bīn,�
U+291B2,lí,�
U+291B5,sī;xiàn,�
U+291B6,ráng,�
U+291B7,jiān,�
U+291B8,zhuó,�
U+291BB,líng,�
U+291BC,líng,�
U+291BD,mèng,�
U+291BF,shuāng,�
U+291C4,líng,�
U+291C7,hùn,�
U+291CE,líng,�
U+291CF,jiān,�
U+291D0,qú,�
U+291D4,nóng,�
U+291D5,jìng,�
U+291D6,chēn,�
U+291DC,zhēn;chèng;chēng,�
U+291DD,qìng,�
U+291DF,qìng,�
U+291E0,è;yǎn,�
U+291E3,sè,�
U+291E9,bèi,�
U+291EB,fēi,�
U+291EE,fèi,�
U+291EF,féi,�
U+291F4,fāng,�
U+291F5,kǔ,�
U+291FA,zá,�
U+291FB,huì,�
U+291FD,féi,�
U+29201,duì,�
U+29206,pā,�
U+29207,niǔ,�
U+29208,pàng,�
U+29209,dàn,�
U+2920A,dān;dàn,�
U+2920B,ài,�
U+2920D,tiǎn,�
U+2920E,chǎo,�
U+2920F,ǎo;yǒu,�
U+29210,mèi,�
U+29211,nǎn,�
U+29214,bò,�
U+29215,yù;chì,�
U+29216,xiān;hān,�
U+29217,mài,�
U+2921A,pīng,�
U+2921C,duī,�
U+2921E,dào,�
U+29221,xìng,�
U+29222,nì;nǜ,�
U+29223,hān,�
U+29224,chù,�
U+29225,shuǎ,�
U+29226,mǎn,�
U+2922C,wàn,�
U+2922D,yì,�
U+2922E,diào,�
U+2922F,yān,�
U+29231,wò,�
U+29232,suàn,�
U+29234,ǎn,�
U+29235,lán,�
U+29236,nǎn,�
U+29238,qiǔ,�
U+29239,miàn,�
U+2923A,nuǒ,�
U+2923B,cán,�
U+2923C,cǎn,�
U+29240,làn,�
U+29241,tiǎn,�
U+29242,yè,�
U+29244,niǎn,�
U+29246,shuǎ,�
U+2924B,cí,�
U+2924D,jiǎn,�
U+29250,gàn,�
U+29254,jiàn,�
U+29255,guó,�
U+29257,zhān,�
U+29259,luǒ,�
U+2925C,jī;hàng,�
U+2925D,guì,�
U+29261,jiá,�
U+29262,jǐ,�
U+29265,xuàn,�
U+29267,fēng,�
U+2926B,bì,�
U+2926C,qí;chí,�
U+2926F,yuán,�
U+29270,àng,�
U+29271,dī,�
U+29274,è,�
U+29275,fén,�
U+29278,jù,�
U+29279,nǐ,�
U+2927A,tuó,�
U+2927C,shēn,�
U+2927D,fú,�
U+2927E,xiá,�
U+2927F,qú,�
U+29280,pò,�
U+29281,wǎn,�
U+29282,líng,�
U+29283,mà,�
U+29284,zhòu,�
U+29285,bào,�
U+29287,yù,�
U+2928C,běng,�
U+2928D,mài,�
U+2928F,jiā,�
U+29291,yǎng,�
U+29293,kuǎ;kù,�
U+29294,jiào,�
U+29296,bǐng,�
U+2929A,luò,�
U+2929B,guǐ,�
U+2929C,duò,�
U+2929D,zhì,�
U+292A1,zhèn,�
U+292A2,è,�
U+292A3,zhū,�
U+292A4,bá,�
U+292A8,zhèn,�
U+292A9,fēng;féng,�
U+292AA,dòu,�
U+292AB,niǎn,�
U+292AC,bù,�
U+292AD,duì,�
U+292AE,shā;suō,�
U+292AF,sè,�
U+292B0,bì,�
U+292B4,zhì,�
U+292B5,zhé,�
U+292B6,bù,�
U+292BA,jué,�
U+292BB,xùn,�
U+292BF,xì,�
U+292C1,zhuó,�
U+292C2,bài,�
U+292C3,yáo;táo,�
U+292C4,chǒu,�
U+292C5,tà,�
U+292C6,qiān,�
U+292C8,nào,�
U+292C9,yù,�
U+292CA,è,�
U+292CB,jiān,�
U+292CC,yì,�
U+292CD,xiāo,�
U+292CF,niè,�
U+292D2,bīng,�
U+292D7,guǒ,�
U+292D8,xié,�
U+292D9,diào,�
U+292DC,jū,�
U+292DD,suǒ,�
U+292DE,dié,�
U+292DF,fú;fù,�
U+292E0,miǎn,�
U+292E1,shì,�
U+292E2,xuàn;yùn,�
U+292E3,tí,�
U+292E4,yù,�
U+292E7,xié;kài,�
U+292E8,fú,�
U+292E9,zhì,�
U+292EA,nǐ,�
U+292EB,xuàn,�
U+292EC,yáng,�
U+292EE,fěng;bāng,�
U+292EF,zòng,�
U+292F0,zhòu,�
U+292F1,xuān,�
U+292F5,zhū,�
U+292F7,la,�
U+292F9,yìng,�
U+292FA,gào,�
U+292FB,kuò,�
U+292FD,é,�
U+292FE,wéi;wěi;xuē,�
U+292FF,méi,�
U+29303,huái;guì,�
U+29304,chǒu;zhōu,�
U+29306,suǒ,�
U+29307,tà,�
U+29308,suǒ,�
U+29309,tà,�
U+2930A,xuè,�
U+2930C,gǒng,�
U+2930D,jiǎ,�
U+2930F,bó;fú;bù;fù,�
U+29310,tà,�
U+29311,yuǎn,�
U+29318,tà,�
U+2931D,chuí,�
U+29320,xiōng,�
U+29321,hé;juē,�
U+29322,suō,�
U+29327,mò,�
U+29328,chóng,�
U+29329,suī,�
U+2932A,zé,�
U+2932B,lù,�
U+2932C,zhāng,�
U+2932D,luò,�
U+2932E,xù,�
U+2932F,jiān,�
U+29330,shān,�
U+29332,xù,�
U+2933E,jiǎng,�
U+29342,bào,�
U+29343,mái,�
U+29345,tóng,�
U+29346,xì,�
U+29349,róng,�
U+2934B,shéng,�
U+2934C,zhòu,�
U+2934E,jiān,�
U+2934F,fù,�
U+29350,dèng,�
U+29353,yōng,�
U+29354,jū;qū,�
U+29356,yì,�
U+29357,bāng,�
U+29359,sè,�
U+2935A,suì,�
U+2935C,duó,�
U+2935D,xiè,�
U+29361,huán,�
U+29365,rǔ,�
U+29366,nǐ,�
U+29367,zhòu,�
U+29368,guì,�
U+2936A,luò,�
U+29372,zhī;chàn,�
U+29373,xù,�
U+29375,zhī,�
U+29377,jué,�
U+29378,jū,�
U+2937B,yuán,�
U+2937C,lú,�
U+2937F,bó;fù,�
U+29382,róng,�
U+29383,xiè,�
U+29389,xǐ,�
U+2938A,luó,�
U+2938E,gé,�
U+29391,zuān,�
U+29392,hàn;jiān,�
U+29394,jiāo,�
U+29395,sǎ,�
U+29396,qín;qián,�
U+29397,qūn,�
U+29398,páo,�
U+29399,yuè,�
U+2939A,chè,�
U+2939B,fú,�
U+2939C,pēi,�
U+2939F,mèi;mò;wà,�
U+293A2,tāo,�
U+293A4,kēn,�
U+293A5,xì,�
U+293AB,duò,�
U+293AD,yì,�
U+293B0,suì,�
U+293B2,xiá,�
U+293B3,juān,�
U+293B5,wéi,�
U+293B7,yì,�
U+293B9,yù,�
U+293BB,bài,�
U+293BC,tuó,�
U+293BD,tà,�
U+293BE,páo,�
U+293C2,bǐng;bì,�
U+293C5,yùn,�
U+293C6,yùn,�
U+293C7,duàn,�
U+293C8,ruǎn,�
U+293C9,wéi,�
U+293CF,wéi,�
U+293D0,guì;wěi,�
U+293D2,dá,�
U+293D3,xiá,�
U+293D6,hùn,�
U+293D7,juǎn,�
U+293D8,suī,�
U+293DA,suì,�
U+293DD,lóu,�
U+293DE,bài,�
U+293DF,yù,�
U+293E0,zhèng,�
U+293E1,guì,�
U+293E3,kuī,�
U+293E4,gāo,�
U+293E5,dān,�
U+293E9,xiǎn,�
U+293EA,zhái,�
U+293EB,sè,�
U+293ED,kē,�
U+293EE,bǔ,�
U+293EF,bó,�
U+293F2,suì,�
U+293F4,yù,�
U+293F5,bǔ;bù,�
U+293F6,jiū,�
U+293F7,jiū;jiào,�
U+293F9,juàn,�
U+293FA,jué,�
U+293FC,nà,�
U+293FD,zhái,�
U+293FE,tāo,�
U+293FF,wěi,�
U+29400,xiá,�
U+29401,xiè,�
U+29405,sà,�
U+29406,jī,�
U+29409,xiè,�
U+2940C,duì,�
U+2940D,zǐ,�
U+29418,yuǎn,�
U+29419,qìn,�
U+2941A,fú,�
U+2941B,péng,�
U+2941C,páo,�
U+2941E,yìn,�
U+29420,hōng,�
U+29421,zú,�
U+29423,gōng,�
U+29424,dòng,�
U+29425,hē,�
U+29426,wò,�
U+29428,pāng,�
U+2942B,sù,�
U+2942C,kǎn,�
U+2942D,niè,�
U+2942E,háo,�
U+2942F,fèng,�
U+29430,è,�
U+29431,yè,�
U+29434,tíng,�
U+29435,dòng,�
U+29436,zhé,�
U+29437,sāng,�
U+2943B,mò,�
U+2943C,sù,�
U+2943E,lè,�
U+29440,pǔ,�
U+29441,é,�
U+29442,zhuó,�
U+29443,yè,�
U+29447,xiāng,�
U+29448,guàng,�
U+29449,rěn,�
U+2944A,líng,�
U+2944D,ào,�
U+29450,chāi,�
U+29452,duó,�
U+29453,qióng,�
U+29454,kū;yà,�
U+29455,xū,�
U+29456,huán,�
U+29457,yāo,�
U+29458,zhèn,�
U+29459,tǐng,�
U+2945A,běng;lèi,�
U+2945D,áng,�
U+2945F,kān;qiān,�
U+29461,kū;gěn,�
U+29462,péi;bāi,�
U+29463,yòu,�
U+29464,ǎo,�
U+29465,mén,�
U+29466,mò,�
U+2946C,fǔ;guī,�
U+2946D,qīng,�
U+2946E,là,�
U+2946F,dǒu,�
U+29470,tǎn,�
U+29473,qiǎn,�
U+29474,yào,�
U+29475,wèi,�
U+29476,hú;kū,�
U+29477,mò,�
U+29478,hē,�
U+29479,xuàn,�
U+2947B,bì;pó,�
U+2947C,pō,�
U+2947E,dī,�
U+29480,zhěn,�
U+29482,shī,�
U+29483,kǎn,�
U+29484,cè,�
U+29487,xū,�
U+29488,zhěn,�
U+2948A,zhǔ,�
U+2948F,huì,�
U+29490,chǐ,�
U+29493,hǒng,�
U+29494,nóu,�
U+29495,niè;pò;è,�
U+29496,yàn,�
U+29498,chǒng,�
U+29499,fǔ;guì,�
U+2949A,guāng,�
U+2949B,qī,�
U+2949D,gěn,�
U+2949E,tǐng,�
U+294A2,tǎn,�
U+294A3,qiǎn,�
U+294A6,jiù;xìn,�
U+294A7,xū,�
U+294A8,qǐ,�
U+294AA,zhèn,�
U+294AE,qiú,�
U+294B0,ě,�
U+294B3,huì,�
U+294B4,hòng,�
U+294B5,qǐng,�
U+294B7,chē;rǒng,�
U+294BA,fù,�
U+294BC,hōng,�
U+294BD,xī,�
U+294BE,wú,�
U+294BF,máng,�
U+294C2,tī,�
U+294C5,hōng,�
U+294D0,bó,�
U+294D2,qǐn,�
U+294D3,gěn,�
U+294D6,fú,�
U+294D7,kuǐ,�
U+294DD,bié,�
U+294DE,jìng,�
U+294DF,kǎn,�
U+294E0,guī,�
U+294E2,gǎo,�
U+294E3,xū,�
U+294E4,àn,�
U+294E5,yuè,�
U+294E6,wù,�
U+294E7,yí,�
U+294E8,jīng,�
U+294EA,lù,�
U+294EB,quán,�
U+294EC,tuí,�
U+294EE,jì,�
U+294FA,jiǒng,�
U+294FB,jué,�
U+294FC,piē,�
U+294FD,kūn,�
U+29500,wài,�
U+29501,huì,�
U+29502,dùn,�
U+29503,yuǎn,�
U+29504,jié,�
U+29506,guì,�
U+29507,gǎo,�
U+29508,pò,�
U+29509,mén;mín;hūn,�
U+2950A,zhuàn,�
U+2950B,hàng,�
U+29514,yóng,�
U+29515,qiú,�
U+29517,lèi,�
U+29518,áng,�
U+29519,pǐ;xìn,�
U+2951A,wēng;wěng,�
U+2951D,qìn,�
U+2951F,qǐn,�
U+29520,miè,�
U+29521,dōu,�
U+29522,mí,�
U+29523,zhān,�
U+29525,qǐng,�
U+29526,yí,�
U+2952E,bān,�
U+29531,juān,�
U+29533,zé,�
U+29534,xù,�
U+29535,lán,�
U+29536,má,�
U+29537,má,�
U+29538,ōu,�
U+29539,bēi,�
U+2953B,póu,�
U+2953C,xù,�
U+29540,ào,�
U+29546,hǒng,�
U+29549,hǒng,�
U+2954A,zhǎn,�
U+2954C,sěn,�
U+2954D,gǎo;háo,�
U+2954F,pó;fán,�
U+29550,liào,�
U+29555,wài,�
U+29556,xuān,�
U+2955C,kuí,�
U+2955F,è,�
U+29560,hàn,�
U+29561,sè,�
U+29564,dàn,�
U+2956A,xuān,�
U+2956C,è,�
U+2956D,gài,�
U+2956F,dāo,�
U+29571,měng,�
U+29572,yī,�
U+29573,nǐng,�
U+29575,pín,�
U+29579,cāng,�
U+2957E,yuàn,�
U+29580,è,�
U+29581,niè;yá,�
U+29584,yǐn,�
U+29587,qiāo,�
U+29589,hōng,�
U+2958A,líng,�
U+2958C,chān,�
U+2958D,yǐng,�
U+29592,guān,�
U+29594,niǎo,�
U+29595,xū,�
U+29596,tán,�
U+29597,jìn,�
U+2959B,péng,�
U+2959D,liáo,�
U+295A0,bèi,�
U+295A3,xín;bá,�
U+295A4,tún,�
U+295A5,chāo,�
U+295A6,gān,�
U+295A8,hū,�
U+295A9,wǎng,�
U+295AC,fú,�
U+295AD,pèi,�
U+295AF,náo,�
U+295B0,xún;xín,�
U+295B1,xuè,�
U+295B4,liǔ,�
U+295B5,líng,�
U+295B6,xuè,�
U+295B7,qū,�
U+295B8,háo,�
U+295B9,yí,�
U+295BA,hàn,�
U+295BC,fú,�
U+295BD,bá,�
U+295BE,yí,�
U+295C0,bó,�
U+295C4,hōng,�
U+295C5,lì,�
U+295C9,sà,�
U+295CA,xī,�
U+295CE,shì,�
U+295CF,piāo,�
U+295D0,huà,�
U+295D1,yí,�
U+295D2,bó,�
U+295D3,bó,�
U+295D4,něi,�
U+295D5,qiú,�
U+295D8,wěi,�
U+295D9,chè,�
U+295DA,yóu,�
U+295DC,wèi,�
U+295DD,huǐ,�
U+295DE,sà,�
U+295E2,hòng,�
U+295E3,sōu,�
U+295E4,hàn,�
U+295E5,páo,�
U+295E7,fáng,�
U+295E9,liú,�
U+295EA,zhòu,�
U+295EB,pí,�
U+295ED,lì,�
U+295F0,chuí,�
U+295F1,xī,�
U+295F2,zhēng,�
U+295F4,bèng,�
U+295F5,zhēng,�
U+295F6,suì,�
U+295F7,yǎn,�
U+295FC,qīng,�
U+295FD,wù,�
U+295FE,liǎng,�
U+29600,zhào,�
U+29601,liáng,�
U+29605,jiē,�
U+29607,hōng,�
U+29608,yōu,�
U+2960A,là,�
U+2960B,hòu,�
U+2960D,yuàn,�
U+2960E,hóng,�
U+2960F,yè,�
U+29611,yǐng;yīng,�
U+29612,xuǎn;juān,�
U+29613,yóu,�
U+29618,quán,�
U+2961C,táng,�
U+2961D,suǒ,�
U+2961F,lì,�
U+29620,sōu,�
U+29621,lì,�
U+29624,yù,�
U+29627,yì,�
U+2962D,xiū,�
U+2962E,áo,�
U+2962F,tuán,�
U+29630,sù,�
U+29631,shuài,�
U+29633,yù,�
U+29635,fēng,�
U+29639,sù,�
U+2963A,tuí,�
U+2963B,yù,�
U+2963C,zhēng,�
U+2963D,zhēng,�
U+2963F,táo,�
U+29644,liú,�
U+29646,chéng,�
U+29647,suí,�
U+29648,sāo,�
U+2964F,gǔ,�
U+29650,fēng,�
U+29651,liè,�
U+29652,piāo;piào,�
U+29656,lì,�
U+29658,lóng,�
U+29659,chū,�
U+2965A,xiāo,�
U+2965B,hōng,�
U+2965C,xiè,�
U+2965D,shè,�
U+29660,lóng,�
U+29661,hōu,�
U+29662,xuán;shī,�
U+29663,fēng,�
U+29665,bá,�
U+29666,bó,�
U+29667,táo,�
U+29668,sù,�
U+29669,zhào,�
U+2966A,biāo,�
U+2966B,sōu,�
U+2966C,tuí,�
U+2966D,suǒ,�
U+2966E,xiāo,�
U+2966F,héng,�
U+29670,sāo,�
U+29672,fēi,�
U+29677,niù,�
U+29678,mǎng,�
U+2967D,huán;xuān,�
U+2967E,zhī,�
U+29682,yì,�
U+29684,yù,�
U+29687,yí,�
U+29688,yuē,�
U+29689,chí,�
U+29695,yǐn;qiāng,�
U+29696,niù,�
U+29697,rǒng,�
U+2969B,nà,�
U+296A3,tián,�
U+296A5,bā,�
U+296AA,ěr,�
U+296AB,zhēng,�
U+296AC,è,�
U+296AD,póu,�
U+296AE,jī;nì,�
U+296AF,ní,�
U+296B1,jiǒng,�
U+296B2,jiá,�
U+296B5,gān,�
U+296B9,líng,�
U+296BB,zuì,�
U+296BE,bèi,�
U+296C5,shū,�
U+296C6,yǐ,�
U+296C7,pāi,�
U+296CB,nǎo,�
U+296CC,shì,�
U+296CE,mǎn,�
U+296CF,shì,�
U+296D1,tí,�
U+296D8,gōng,�
U+296DD,lèi,�
U+296DE,bǎo;něi;piǎo,�
U+296DF,yuān;mán,�
U+296E0,zuō,�
U+296E1,láng;náng,�
U+296E2,xiū,�
U+296E5,zài,�
U+296E6,chèng,�
U+296E7,jiān,�
U+296E8,mào,�
U+296E9,jiá,�
U+296EA,yù,�
U+296ED,yù,�
U+296EE,yí,�
U+296F2,māng,�
U+296F3,zài;cān,�
U+296F5,zhuì,�
U+296F6,tí,�
U+296F9,xì,�
U+296FA,jú,�
U+296FB,zàn;zuǎn;zhān,�
U+296FC,lù,�
U+296FD,táo,�
U+29700,zhuì;duī,�
U+29701,líng,�
U+29703,jù,�
U+29706,jī,�
U+29707,juǎn;juàn,�
U+2970A,zī,�
U+2970C,yuē,�
U+2970D,dōng,�
U+29712,nǎng,�
U+29716,chóng,�
U+2971F,àng,�
U+29723,gēng,�
U+29725,bō,�
U+29726,dìng,�
U+29727,wěi,�
U+2972C,quán,�
U+2972D,kē,�
U+29730,pì,�
U+29731,kǎn;sǎn,�
U+29732,fú,�
U+29733,yǒng,�
U+29735,tuán,�
U+29736,tǒu,�
U+29737,yòu;niù,�
U+29738,yāo,�
U+2973A,yē,�
U+2973D,yàn,�
U+29748,xián,�
U+2974A,tí,�
U+2974C,suì,�
U+29750,cí,�
U+29754,xǔ,�
U+29755,wù,�
U+29756,cān,�
U+29757,yù,�
U+2975A,chǎn,�
U+2975B,xiá,�
U+2975D,kào;gāo,�
U+2975E,cāng,�
U+2975F,chā,�
U+29760,qiǔ,�
U+29763,dā,�
U+29765,sù,�
U+29768,huā,�
U+29777,wū,�
U+29778,yuān,�
U+2977D,jiàng,�
U+2977E,xiǎng,�
U+2977F,zhāi,�
U+29780,sǎn;chěn;càn,�
U+29781,mó;mí,�
U+29783,shǎng;xiǎng,�
U+29784,cáo,�
U+29785,suī,�
U+29786,chuáng,�
U+29787,mí,�
U+29788,zhú,�
U+29789,chóng,�
U+2978A,jì,�
U+2978B,chóng,�
U+29799,lián,�
U+2979E,hài,�
U+297A4,dūn,�
U+297A5,xiǎng,�
U+297A6,chēng,�
U+297A7,shǎng,�
U+297A8,lì,�
U+297A9,huáng,�
U+297AC,dèng,�
U+297AF,liáng,�
U+297B6,zā,�
U+297BA,huò,�
U+297BB,lín,�
U+297BE,dú;yì,�
U+297BF,hàn,�
U+297C0,yōng;yǒng,�
U+297C1,yuàn;xuàn,�
U+297C2,guò,�
U+297C3,líng,�
U+297C5,liǎn,�
U+297C7,ào,�
U+297C8,dāng,�
U+297C9,yì,�
U+297CA,nóng,�
U+297CB,shàn,�
U+297CD,xìn,�
U+297D0,dá,�
U+297D1,yù,�
U+297D2,cān,�
U+297D3,wò,�
U+297D4,chá,�
U+297D5,bó,�
U+297D7,jiǎn,�
U+297DE,méng,�
U+297DF,wěi,�
U+297E0,mó,�
U+297E5,shuì;juǎn,�
U+297E6,jié,�
U+297E7,shuò,�
U+297E8,huò,�
U+297EB,chuò,�
U+297ED,lóng,�
U+297EE,huài,�
U+297F0,tuō,�
U+297F3,yú,�
U+297F6,chàn;jié,�
U+297F7,yōng,�
U+297F8,huò,�
U+297FA,lǎn,�
U+297FF,nà,�
U+29800,bā,�
U+29801,gān,�
U+29802,yǐ,�
U+29803,jiá,�
U+29805,dá,�
U+29806,dìng,�
U+29807,xùn,�
U+29808,rěn,�
U+29809,juǎn,�
U+2980A,tuán,�
U+2980B,xǔ,�
U+2980C,sòng,�
U+2980E,cáo,�
U+2980F,chēng,�
U+29811,dǐng,�
U+2981A,hái,�
U+2981F,wǔ,�
U+29826,qǐ;shǒu,�
U+29828,jī;qǐ,�
U+2982E,kuí,�
U+2982F,wéi,�
U+29836,shǒu,�
U+29837,fú,�
U+29839,tuán,�
U+2983B,bié;hān,�
U+2983D,tán,�
U+2983E,hāng,�
U+2983F,piē,�
U+29843,yú,�
U+29844,tán;xiāng,�
U+2984C,xiāng,�
U+2984E,xiū,�
U+29853,wěng,�
U+29854,hài,�
U+29855,péng,�
U+2985D,tán,�
U+2985F,bié,�
U+29860,xiāng,�
U+29863,yǐ,�
U+29866,piáo,�
U+29867,huán,�
U+29868,mǔ,�
U+29869,bā,�
U+2986B,fàn,�
U+2986F,dīng,�
U+29877,fēn;fèi,�
U+2987A,jiè,�
U+2987E,suó,�
U+29884,wàn,�
U+29885,gē,�
U+29888,fēn,�
U+2988A,tuó,�
U+2988C,wén,�
U+2988D,guā,�
U+2988E,duō,�
U+29890,zhé,�
U+29891,cǐ,�
U+29892,yǎo,�
U+29894,bàn,�
U+29895,bù,�
U+29896,mò,�
U+29898,pǒ,�
U+2989B,gé,�
U+2989E,liú,�
U+298A1,rǎn,�
U+298A8,gān,�
U+298AA,hú,�
U+298AB,móu,�
U+298AE,xiū,�
U+298AF,huāng,�
U+298B0,fú,�
U+298B1,huí,�
U+298B3,qú,�
U+298B4,jié;jí,�
U+298B5,tuō,�
U+298B6,yú,�
U+298B7,mò,�
U+298B8,zhōu,�
U+298B9,jiù,�
U+298BB,shú,�
U+298BC,kuāng,�
U+298BD,qióng,�
U+298BE,liè,�
U+298BF,fù,�
U+298CA,xù,�
U+298D6,lìn,�
U+298D8,niè,�
U+298DA,pī;bǐ,�
U+298DC,fù,�
U+298DD,bù,�
U+298DE,yì;sà,�
U+298E1,bó,�
U+298E3,é;ě,�
U+298E9,zhé,�
U+298EB,lì,�
U+298EE,tù,�
U+298EF,dá,�
U+298F1,lù,�
U+298F2,yān,�
U+298F3,dōng,�
U+298F4,qiè,�
U+298F5,wǎn;wò,�
U+298F6,mǐng,�
U+298F7,zuī;zhù,�
U+298F8,fù,�
U+298F9,qū,�
U+298FA,bēn,�
U+298FB,ǎo,�
U+298FC,qiāng,�
U+29901,qūn,�
U+29908,què,�
U+29909,huá;táo,�
U+2990A,xiàn;jiàn,�
U+2990B,kùn,�
U+2990F,cuì,�
U+29912,yí,�
U+29916,chī;ér,�
U+29917,zòng,�
U+29918,nǎo,�
U+29919,chéng,�
U+2991A,duān,�
U+2991B,yóng,�
U+2991C,zhě,�
U+2991E,tàn,�
U+2991F,yáng,�
U+29920,xié,�
U+29921,xuān,�
U+29923,duàn,�
U+29924,shuǎ,�
U+29925,xián,�
U+29926,xián,�
U+29929,é,�
U+29932,lā,�
U+29938,wèi,�
U+29939,yōu,�
U+2993A,yú,�
U+2993D,tī,�
U+2993F,jīn,�
U+29941,táng,�
U+29942,qí,�
U+29944,diān,�
U+29945,tāo,�
U+29946,lǜ,�
U+29947,zhàn,�
U+29948,wēn,�
U+29949,jì,�
U+2994A,āo;jiāo,�
U+2994B,òu;dú,�
U+2994C,qià,�
U+29950,shī,�
U+29951,tǎ,�
U+29954,mò,�
U+29958,yóu,�
U+29960,zhá,�
U+29963,yáo,�
U+2996B,chōng,�
U+2996C,lí,�
U+2996D,yú,�
U+2996E,chǎn,�
U+2996F,yī,�
U+29972,chì,�
U+29974,lí,�
U+2997D,tú,�
U+2997F,zú,�
U+29982,xián,�
U+29987,xì,�
U+29989,bié,�
U+2998A,hán;qiān,�
U+2998B,qí,�
U+2998C,sāng;shuāng,�
U+2998E,fēi;fěi,�
U+29990,shàn;huō,�
U+29998,huān,�
U+299A0,bàng,�
U+299A1,yú,�
U+299A2,yú,�
U+299A4,jí,�
U+299B1,kuǎi,�
U+299B2,zōng,�
U+299B9,xiàn,�
U+299BA,méng,�
U+299C3,lì,�
U+299C4,zhì,�
U+299C5,fán,�
U+299C6,liè;là,�
U+299C7,cài,�
U+299C8,dú,�
U+299C9,guāng,�
U+299CA,xiòng,�
U+299CB,lí,�
U+299CC,qì,�
U+299CF,jué,�
U+299D0,tuō,�
U+299D2,jù,�
U+299D3,xiāo,�
U+299D8,qú,�
U+299DC,zhuǎn,�
U+299E1,jué,�
U+299E6,jiè,�
U+299E8,zhòu,�
U+299E9,xiàn,�
U+299EA,lóng,�
U+299EB,yǎng,�
U+299EC,rǎn,�
U+299ED,yì,�
U+299EE,liè,�
U+299EF,bō,�
U+299F0,hún,�
U+299F1,jì,�
U+299F2,dòng,�
U+299F3,zhōu,�
U+299F4,quān,�
U+299F5,jié,�
U+299FA,jú,�
U+299FC,bēn,�
U+299FF,bī,�
U+29A00,gé,�
U+29A01,chǔn,�
U+29A03,qián,�
U+29A04,sōu,�
U+29A05,wèi,�
U+29A06,chéng,�
U+29A07,lóu,�
U+29A08,yú,�
U+29A09,lā,�
U+29A0A,qián,�
U+29A0B,diān,�
U+29A0C,tǎ,�
U+29A0D,zhàn,�
U+29A0F,fán,�
U+29A10,liè,�
U+29A11,tīng,�
U+29A12,jī,�
U+29A13,qiān,�
U+29A14,hú;huá,�
U+29A17,yú,�
U+29A18,qì;gē,�
U+29A19,yú,�
U+29A1A,wā,�
U+29A1C,bà,�
U+29A1D,qí,�
U+29A1E,sǎ,�
U+29A1F,qiāo,�
U+29A20,yà,�
U+29A21,xiǎn;sǎn,�
U+29A28,cī,�
U+29A29,fàn,�
U+29A2B,kǔn,�
U+29A2C,gǔn,�
U+29A2D,quē,�
U+29A2E,è,�
U+29A2F,qióng,�
U+29A32,mà,�
U+29A33,kū;dū,�
U+29A34,yǎo,�
U+29A37,quē,�
U+29A38,chū,�
U+29A39,jiǎ,�
U+29A3B,zhǔ,�
U+29A3D,duī,�
U+29A3E,wá,�
U+29A40,nǎo,�
U+29A44,yán,�
U+29A45,tóng,�
U+29A4B,xíng;jìng,�
U+29A4C,gǔn,�
U+29A4D,pīng,�
U+29A51,yǔ,�
U+29A52,hè,�
U+29A54,zhuó,�
U+29A57,shē,�
U+29A58,yǔ,�
U+29A5B,jì,�
U+29A5D,qiāng,�
U+29A5E,shuì,�
U+29A5F,chuò,�
U+29A60,zú,�
U+29A61,léng,�
U+29A62,ní,�
U+29A64,wā,�
U+29A65,zhá,�
U+29A67,dàn,�
U+29A6E,dù,�
U+29A6F,biàn,�
U+29A70,jiē;hái,�
U+29A71,qià,�
U+29A72,hé,�
U+29A73,chòng,�
U+29A74,yán,�
U+29A76,yàn,�
U+29A7A,sóng,�
U+29A7B,téng,�
U+29A7C,yǎo,�
U+29A7E,kāo,�
U+29A80,zhuī,�
U+29A81,guì,�
U+29A82,ái,�
U+29A83,hài,�
U+29A88,suǒ,�
U+29A89,xù,�
U+29A8A,biāo,�
U+29A8C,fèng,�
U+29A8D,qū;shū,�
U+29A8E,mǎng,�
U+29A90,guó,�
U+29A96,bì,�
U+29A97,jué,�
U+29A98,chuáng,�
U+29A9B,pú,�
U+29A9F,yì,�
U+29AA2,qiān,�
U+29AA3,yì,�
U+29AA4,è,�
U+29AA5,líng,�
U+29AA7,bì,�
U+29AAD,huò,�
U+29AAE,mǒ;mó,�
U+29AB1,xūn,�
U+29AB4,yàn,�
U+29AB8,lì,�
U+29ABA,tán,�
U+29ABE,luán,�
U+29AC0,kài,�
U+29AC1,mào,�
U+29AC2,xiāo,�
U+29AC7,ǎi,�
U+29ACA,tǎ,�
U+29ACD,mèi,�
U+29ACF,guō;yōng,�
U+29AD3,gǎo,�
U+29AD4,náo,�
U+29AD5,háo,�
U+29AE0,quē,�
U+29AE5,cáo,�
U+29AE6,sào,�
U+29AEB,pí,�
U+29AF2,xiē,�
U+29AF3,xiāo,�
U+29AF4,jú,�
U+29AF9,chéng,�
U+29AFA,nǎo,�
U+29B00,nèi,�
U+29B0D,mǔ,�
U+29B0F,shāo,�
U+29B11,diān;chān,�
U+29B14,líng,�
U+29B16,zhěn,�
U+29B17,yǎo,�
U+29B19,fù;fū,�
U+29B1A,qián;gàn,�
U+29B1B,qióng,�
U+29B1C,jú,�
U+29B1D,bìng;fǎng,�
U+29B1E,máo;mán;mián,�
U+29B1F,zhà,�
U+29B20,tāi,�
U+29B24,chōng,�
U+29B2B,zhǎi,�
U+29B2D,shī,�
U+29B2E,yòng,�
U+29B30,qióng,�
U+29B31,dào,�
U+29B32,tì,�
U+29B33,zhuǐ,�
U+29B35,yìn,�
U+29B37,nǎo,�
U+29B38,bō,�
U+29B39,kuāng,�
U+29B3A,zhǐ,�
U+29B3B,duǒ,�
U+29B3C,cōng,�
U+29B3D,bǎo,�
U+29B47,lí,�
U+29B4A,jú,�
U+29B4B,wén;kūn,�
U+29B4C,liè,�
U+29B4F,wǒ,�
U+29B50,shǐ,�
U+29B51,niǎo,�
U+29B52,máng,�
U+29B53,jiū,�
U+29B58,xiū,�
U+29B5D,wǒ,�
U+29B5F,dào,�
U+29B61,xī,�
U+29B62,àn,�
U+29B63,dá,�
U+29B64,zǒng;zōng,�
U+29B65,hàn,�
U+29B66,chuí,�
U+29B67,bī;bān,�
U+29B69,dòng,�
U+29B6B,zhǎng,�
U+29B6F,yā,�
U+29B72,dí,�
U+29B73,huō,�
U+29B77,mín,�
U+29B7A,fù,�
U+29B7C,bǎo,�
U+29B7D,kè,�
U+29B7E,máo,�
U+29B7F,rè,�
U+29B80,zōng;zǒng;sōng,�
U+29B81,qià,�
U+29B82,xiā,�
U+29B83,sōu,�
U+29B84,xiū,�
U+29B85,nà,�
U+29B89,mán;mián,�
U+29B8E,zhā,�
U+29B8F,chán,�
U+29B90,shè,�
U+29B91,wǒ,�
U+29B96,ái,�
U+29B97,bàng;péng;fǎng,�
U+29B98,hāo,�
U+29B9A,sāo,�
U+29B9B,suǒ,�
U+29B9C,tì,�
U+29B9D,yà,�
U+29B9F,bìng,�
U+29BA0,róng,�
U+29BAB,shā,�
U+29BAC,wěng,�
U+29BAF,áo,�
U+29BB1,zhuāng,�
U+29BB3,piào;piǎo;piē,�
U+29BB4,suī;cuǐ,�
U+29BB5,yī,�
U+29BB6,sōu,�
U+29BB7,dōu,�
U+29BB8,sōu;nà,�
U+29BB9,luó,�
U+29BC3,fèi;bì,�
U+29BC4,zùn,�
U+29BC6,nào,�
U+29BC7,dēng,�
U+29BC8,zhí,�
U+29BC9,cuō,�
U+29BCA,liáo,�
U+29BCB,jǐ,�
U+29BCC,bō,�
U+29BCD,cóng,�
U+29BCE,chéng,�
U+29BCF,bǔ,�
U+29BD1,sān,�
U+29BD2,zàn,�
U+29BD8,jiào,�
U+29BDB,yào,�
U+29BDC,lǔ,�
U+29BDE,càn,�
U+29BE8,nǐ,�
U+29BF0,jié;jì,�
U+29BF1,pú,�
U+29BF2,zhuàng,�
U+29BF3,zàn;zuǎn;zā,�
U+29BFA,lì,�
U+29BFD,là,�
U+29C00,chōng,�
U+29C03,zhàn,�
U+29C0D,biàn,�
U+29C0E,wēng,�
U+29C13,hòng,�
U+29C17,pīn,�
U+29C19,sè,�
U+29C1E,nǐ,�
U+29C1F,fēn,�
U+29C20,xǔ,�
U+29C22,shǐ,�
U+29C24,jù,�
U+29C28,jué,�
U+29C2A,yù,�
U+29C2C,guō;wāi,�
U+29C2D,guō,�
U+29C2F,hú,�
U+29C32,lì;fèi,�
U+29C33,xié,�
U+29C34,ér,�
U+29C35,yuán,�
U+29C36,hái;bèn,�
U+29C39,jìng,�
U+29C3B,kè,�
U+29C3D,zōng,�
U+29C3E,fèi,�
U+29C40,pēng,�
U+29C41,gēng,�
U+29C43,jiān,�
U+29C44,ní,�
U+29C46,xián,�
U+29C47,lì,�
U+29C48,chǎo,�
U+29C4A,ér;xiàn,�
U+29C4B,gēng;pēng,�
U+29C4C,yù,�
U+29C4D,hú,�
U+29C4E,fèi,�
U+29C4F,áo,�
U+29C53,ěr,�
U+29C58,kè,�
U+29C59,kù,�
U+29C5A,bó,�
U+29C5D,yè,�
U+29C5E,jiào,�
U+29C66,chǎo,�
U+29C67,gēng,�
U+29C68,rù,�
U+29C6A,yuè,�
U+29C6C,lín,�
U+29C71,yù,�
U+29C72,yuè,�
U+29C73,zhāi,�
U+29C74,xiāo,�
U+29C77,miè,�
U+29C7B,guǐ,�
U+29C7C,jiū,�
U+29C7E,tuò,�
U+29C81,xí,�
U+29C82,wěi,�
U+29C83,zhuó,�
U+29C84,wèi,�
U+29C85,kuí,�
U+29C88,mèi;wéi,�
U+29C8A,hào,�
U+29C8B,hāng,�
U+29C8C,fāng,�
U+29C8D,niú,�
U+29C8E,yòu,�
U+29C8F,huà,�
U+29C92,làng,�
U+29CA0,zhú,�
U+29CA1,guǐ,�
U+29CA2,bì;mèi,�
U+29CA3,jiǎ,�
U+29CA4,tiáo,�
U+29CA6,lǜ,�
U+29CA7,kǒng,�
U+29CA8,zuǐ,�
U+29CA9,líng,�
U+29CAA,qí,�
U+29CAC,zhú,�
U+29CB1,gǔ,�
U+29CB2,zù,�
U+29CB4,yāng,�
U+29CB5,sū,�
U+29CB7,kuí,�
U+29CB9,chāng,�
U+29CBB,yáo,�
U+29CBE,yù,�
U+29CC5,shū,�
U+29CC6,lài,�
U+29CC7,yì,�
U+29CC8,dōu,�
U+29CCC,wú,�
U+29CCD,yǐng,�
U+29CCE,fú,�
U+29CCF,zhuàn,�
U+29CD0,fǔ,�
U+29CD2,sù,�
U+29CD3,lǐ,�
U+29CD4,yào,�
U+29CD5,tuì;tì,�
U+29CDD,guì,�
U+29CE1,lǜ,�
U+29CE2,yàn,�
U+29CE3,qí,�
U+29CE4,làng;chāng,�
U+29CE5,zhú,�
U+29CE7,guǐ,�
U+29CE8,hū,�
U+29CEF,jīng,�
U+29CF2,chǐ,�
U+29CF5,jú,�
U+29CF6,zhá,�
U+29CF8,miáo,�
U+29D00,zhū,�
U+29D01,gān,�
U+29D02,xiōng,�
U+29D03,jí,�
U+29D07,shài,�
U+29D08,mèi,�
U+29D09,yùn,�
U+29D0D,shòu,�
U+29D10,lǜ,�
U+29D11,yòu,�
U+29D12,jiàng,�
U+29D13,nuó,�
U+29D18,jù,�
U+29D19,yòu,�
U+29D1C,yì,�
U+29D1D,téng,�
U+29D1E,wéi,�
U+29D1F,chě,�
U+29D20,lìn,�
U+29D21,gù,�
U+29D23,lì,�
U+29D24,liào,�
U+29D27,jiāo,�
U+29D28,yáng,�
U+29D29,biāo,�
U+29D2A,qí,�
U+29D2E,yì,�
U+29D31,bīn,�
U+29D32,méng,�
U+29D33,chà,�
U+29D35,gān,�
U+29D39,qú,�
U+29D3A,dí,�
U+29D3B,léi,�
U+29D40,líng,�
U+29D44,huān,�
U+29D45,qú,�
U+29D47,luó,�
U+29D49,kuí,�
U+29D4D,qiú,�
U+29D4E,yǔ;yú,�
U+29D4F,huà,�
U+29D53,lèi,�
U+29D55,rèn;dāo,�
U+29D56,xiǎo,�
U+29D57,sì,�
U+29D5A,dù,�
U+29D5B,biē,�
U+29D60,niú;wěi,�
U+29D62,hè;zā,�
U+29D63,pēi,�
U+29D65,fèi,�
U+29D66,mù,�
U+29D69,fū,�
U+29D6C,hú,�
U+29D6D,wáng,�
U+29D6E,shā;xiǎo,�
U+29D70,jiāo;qiū,�
U+29D71,wǔ,�
U+29D79,fù,�
U+29D81,bǐng,�
U+29D82,zhù,�
U+29D84,zhú,�
U+29D85,chī,�
U+29D87,shěn,�
U+29D88,hū,�
U+29D89,bū,�
U+29D8E,rǎn,�
U+29D96,mù,�
U+29D98,lì,�
U+29D9B,jiā,�
U+29D9E,mà;háng,�
U+29DA1,méng,�
U+29DA2,móu,�
U+29DA3,zhōu,�
U+29DA4,xiǎn,�
U+29DA5,huǐ;hóng,�
U+29DA6,guài,�
U+29DA7,jiù,�
U+29DA9,mù,�
U+29DAB,rù;xuè,�
U+29DAD,wú,�
U+29DAF,rú,�
U+29DB1,zhà,�
U+29DC1,nuǒ,�
U+29DC2,xié,�
U+29DC4,jiàng,�
U+29DCB,lǐ,�
U+29DCC,shū,�
U+29DCD,yì,�
U+29DCE,dí,�
U+29DCF,qíng,�
U+29DD0,jú,�
U+29DD3,zhì,�
U+29DD5,láng,�
U+29DD6,bù,�
U+29DD7,kuáng,�
U+29DD8,yì,�
U+29DDA,bó,�
U+29DE7,chì,�
U+29DED,jiàng,�
U+29DEF,wò,�
U+29DF0,xùn,�
U+29DF5,tūn,�
U+29DF6,máng,�
U+29DF8,fáng,�
U+29DF9,zhuó,�
U+29DFB,qià,�
U+29DFD,tǎ,�
U+29DFE,qí,�
U+29E00,pèng,�
U+29E01,biē,�
U+29E02,fèn;pèn,�
U+29E03,tù,�
U+29E04,huà,�
U+29E07,è,�
U+29E0B,è;yā,�
U+29E0E,dìng,�
U+29E10,rú,�
U+29E16,è,�
U+29E1E,yàn;qí,�
U+29E1F,sì,�
U+29E25,yíng,�
U+29E26,ní,�
U+29E27,ní,�
U+29E28,yí,�
U+29E39,mí,�
U+29E3E,yé,�
U+29E3F,pō,�
U+29E40,còu,�
U+29E42,wèi,�
U+29E44,hài,�
U+29E45,yīng,�
U+29E47,tíng,�
U+29E48,zhì,�
U+29E49,fēi,�
U+29E4A,yóu,�
U+29E4D,kuí,�
U+29E4E,àn,�
U+29E4F,bà,�
U+29E51,hàn,�
U+29E5E,nán,�
U+29E5F,nài,�
U+29E62,jīng,�
U+29E65,wēi,�
U+29E71,chù,�
U+29E73,suǒ,�
U+29E74,tāo,�
U+29E75,qí,�
U+29E76,táng,�
U+29E77,wěi,�
U+29E78,gǎn,�
U+29E7A,gé,�
U+29E7C,hàn,�
U+29E7E,nà,�
U+29E7F,gé,�
U+29E84,zhēng,�
U+29E97,tǎ;dá,�
U+29E9B,sī,�
U+29E9D,nì,�
U+29E9E,sǎng,�
U+29EAB,xié,�
U+29EAF,zú,�
U+29EB0,yú;wú,�
U+29EB1,nì,�
U+29EB2,qī,�
U+29EB5,shēn,�
U+29EBC,bū,�
U+29ECB,kūn,�
U+29ECC,lí,�
U+29ECE,guā,�
U+29ED6,yǎn,�
U+29ED7,bù,�
U+29ED8,jiàn,�
U+29EDA,wú,�
U+29EDB,cén;jīn,�
U+29EDC,lín,�
U+29EDD,zhuàn,�
U+29EDF,huī,�
U+29EE1,tóng,�
U+29EE2,zhǎ,�
U+29EE4,hēi,�
U+29EE7,guǒ,�
U+29EF1,jǐng,�
U+29EF5,dié,�
U+29EF7,yíng,�
U+29EFC,zhì,�
U+29F02,wěi,�
U+29F04,jì,�
U+29F05,rǒng,�
U+29F08,ào;yǒu,�
U+29F09,dāng;hān,�
U+29F0A,luó,�
U+29F0B,yè,�
U+29F0C,wēi,�
U+29F12,qiáng,�
U+29F19,gé,�
U+29F1A,jì,�
U+29F26,zòu,�
U+29F28,yí,�
U+29F2B,zhǎ,�
U+29F2D,liè,�
U+29F34,yè,�
U+29F3C,zhān,�
U+29F40,chóu,�
U+29F41,biāo,�
U+29F46,xù,�
U+29F47,yōu,�
U+29F4D,xiè,�
U+29F4E,wéi,�
U+29F4F,lì,�
U+29F5B,bó,�
U+29F5C,jiǎn,�
U+29F5D,chán,�
U+29F5E,kūn,�
U+29F61,qíng,�
U+29F67,shuāng,�
U+29F68,xī,�
U+29F69,qú,�
U+29F70,luó,�
U+29F73,dǎng,�
U+29F74,nián,�
U+29F75,lǐ,�
U+29F77,bà,�
U+29F79,è,�
U+29F7A,fū,�
U+29F7B,fù,�
U+29F7C,hǔn,�
U+29F7D,zhà,�
U+29F7E,ān,�
U+29F81,qiú,�
U+29F82,chóu,�
U+29F83,miǎn,�
U+29F84,xùn,�
U+29F85,tù,�
U+29F86,ní,�
U+29F87,hu,�
U+29F88,shū,�
U+29F8A,xū,�
U+29F8B,zhòng,�
U+29F8C,kāng,�
U+29F92,xiāo,�
U+29F93,xiāo,�
U+29F94,cì,�
U+29F95,chì,�
U+29F97,diāo;jiāo,�
U+29F98,yì,�
U+29F9A,dīng,�
U+29F9D,hàn;yàn,�
U+29F9E,wán,�
U+29FA0,yǐ,�
U+29FA1,bào,�
U+29FA2,yì;yuān,�
U+29FA7,xùn,�
U+29FAC,xiáng,�
U+29FB3,bí,�
U+29FB6,jié,�
U+29FB7,gē,�
U+29FB8,zè;yàn,�
U+29FBA,zhèn,�
U+29FBB,hú,�
U+29FBC,xī,�
U+29FBD,xīn,�
U+29FBE,xiāo;jiāo,�
U+29FBF,fù,�
U+29FC0,zhòng,�
U+29FC2,mào,�
U+29FC3,xīn,�
U+29FC4,qiāng,�
U+29FC8,fén;fēn,�
U+29FC9,bān,�
U+29FCA,huān,�
U+29FD1,jiāo,�
U+29FD3,bào,�
U+29FD4,yā,�
U+29FD5,yáo,�
U+29FDB,xì,�
U+29FDD,jù,�
U+29FDF,qù,�
U+29FE0,yuè,�
U+29FE1,tái,�
U+29FE2,tǒu,�
U+29FE3,mò,�
U+29FE4,zhá,�
U+29FE5,qú,�
U+29FE7,fū,�
U+29FE9,qú;duó,�
U+29FEA,chì,�
U+29FEC,yóu,�
U+29FF7,tí,�
U+29FFA,wā,�
U+29FFD,tuó,�
U+29FFF,chú,�
U+2A001,gē,�
U+2A008,yuān,�
U+2A009,gē;kě,�
U+2A00A,qú,�
U+2A00F,jù;jiū,�
U+2A012,dié,�
U+2A013,yí,�
U+2A014,shī,�
U+2A015,yì,�
U+2A017,guǐ,�
U+2A018,jiàng,�
U+2A01A,sōng,�
U+2A01B,qióng,�
U+2A01D,è;yuān,�
U+2A01E,huāng,�
U+2A01F,huí,�
U+2A020,xún,�
U+2A023,jú,�
U+2A025,zhái,�
U+2A026,chì,�
U+2A027,lǎo,�
U+2A029,qí;dàn;chú,�
U+2A02A,xiū,�
U+2A02C,huī,�
U+2A02D,tóng,�
U+2A03A,fù,�
U+2A03D,xún;xīn,�
U+2A03E,jié,�
U+2A03F,mǐ,�
U+2A040,yù,�
U+2A048,zhuāng;zhuàng,�
U+2A049,jiāo,�
U+2A04A,zhì;zhé,�
U+2A04B,chéng,�
U+2A04D,jié,�
U+2A04E,xiāo,�
U+2A04F,chén,�
U+2A050,lí,�
U+2A051,yuè,�
U+2A053,zhì,�
U+2A054,láo,�
U+2A055,wò,�
U+2A056,qú,�
U+2A058,wāng,�
U+2A05A,yī,�
U+2A05B,yì,�
U+2A05C,láng,�
U+2A05E,tóu,�
U+2A05F,ān;hàn,�
U+2A060,jué,�
U+2A061,yàn,�
U+2A065,jù,�
U+2A067,zhèn;chén,�
U+2A069,zhì;tí,�
U+2A06A,mǎng,�
U+2A06E,xiù,�
U+2A071,chuáng,�
U+2A072,chū,�
U+2A078,qiāng,�
U+2A079,fēi,�
U+2A07A,cháng;chǎng,�
U+2A07C,mián,�
U+2A07D,sù,�
U+2A07E,ǎo;wò,�
U+2A080,fǔ,�
U+2A084,wèi,�
U+2A085,zhī,�
U+2A086,mín,�
U+2A087,chāng,�
U+2A088,yán,�
U+2A089,yù,�
U+2A08B,fù,�
U+2A08C,tà,�
U+2A08D,jǐ,�
U+2A08F,fèi,�
U+2A092,hú,�
U+2A093,jū,�
U+2A095,yǔ,�
U+2A09B,qí,�
U+2A09C,méi,�
U+2A09F,biē,�
U+2A0A0,guǒ,�
U+2A0A4,mìng,�
U+2A0A6,wǎn;yuān,�
U+2A0A7,wǎn,�
U+2A0B4,jīng,�
U+2A0B5,yù,�
U+2A0B6,xián,�
U+2A0B9,chūn,�
U+2A0BA,jí,�
U+2A0BC,xiāng,�
U+2A0BD,pén,�
U+2A0BE,fù,�
U+2A0C2,liú,�
U+2A0C4,sāi,�
U+2A0C5,xuē,�
U+2A0C6,zòu,�
U+2A0C8,jié,�
U+2A0CB,zhān;jiān,�
U+2A0CD,yú,�
U+2A0CE,yú,�
U+2A0CF,méi,�
U+2A0D0,miǎo,�
U+2A0D1,mào,�
U+2A0D2,duó,�
U+2A0D3,fù,�
U+2A0DB,jiàn,�
U+2A0E6,miáo,�
U+2A0E8,āo,�
U+2A0ED,kè,�
U+2A0F6,hóu,�
U+2A0FA,gòu,�
U+2A0FC,xī,�
U+2A0FE,róng,�
U+2A0FF,gē,�
U+2A100,pán,�
U+2A101,yuán,�
U+2A102,xià,�
U+2A105,shā,�
U+2A106,pī;pí,�
U+2A108,qíng,�
U+2A109,yōng,�
U+2A10A,qú,�
U+2A10C,gòng,�
U+2A10E,gé,�
U+2A10F,xiān,�
U+2A111,sù,�
U+2A115,bān,�
U+2A116,qí,�
U+2A117,hòu,�
U+2A11B,xī,�
U+2A11D,wū,�
U+2A12D,qī,�
U+2A12E,hù;gù,�
U+2A12F,guī,�
U+2A131,dí,�
U+2A132,shāng,�
U+2A133,mài,�
U+2A134,mǐn,�
U+2A135,jì,�
U+2A136,xí,�
U+2A137,xiān,�
U+2A138,jí,�
U+2A139,cháng,�
U+2A13A,kòu,�
U+2A13B,chōng;zhuāng,�
U+2A142,zhāng,�
U+2A143,piǎo;piāo,�
U+2A144,sù,�
U+2A145,lüè,�
U+2A146,lí,�
U+2A147,mèng,�
U+2A148,chōng,�
U+2A149,tiān,�
U+2A14B,líng,�
U+2A14D,chì,�
U+2A156,chōng;zhuāng,�
U+2A159,chì,�
U+2A15D,niǎo,�
U+2A15F,yóng,�
U+2A16E,mì,�
U+2A170,shū,�
U+2A172,xì,�
U+2A174,è,�
U+2A175,zī,�
U+2A178,jié,�
U+2A179,jī,�
U+2A17A,hōu,�
U+2A17B,shèng,�
U+2A17C,lì,�
U+2A17E,qī,�
U+2A180,zhōu,�
U+2A181,sī,�
U+2A182,qú,�
U+2A18B,xié,�
U+2A197,sī,�
U+2A19B,xū,�
U+2A1A0,fù,�
U+2A1AF,nóng,�
U+2A1B0,yà,�
U+2A1B1,liú,�
U+2A1B2,jiǎ;zhān,�
U+2A1B3,guī,�
U+2A1B4,kuí,�
U+2A1B5,chì,�
U+2A1B6,càn,�
U+2A1B7,chú,�
U+2A1B9,guō,�
U+2A1BB,dǎn,�
U+2A1BF,jiàn,�
U+2A1C1,dāng,�
U+2A1C2,hòu,�
U+2A1C4,kòu;kū,�
U+2A1C6,chù;dú,�
U+2A1C7,qiān,�
U+2A1C8,ài,�
U+2A1CA,pì,�
U+2A1D1,xùn,�
U+2A1D2,jīng,�
U+2A1D3,mèng,�
U+2A1D5,bīn,�
U+2A1D6,lán,�
U+2A1D7,gǔ,�
U+2A1D8,chóu;táo,�
U+2A1DB,yōng,�
U+2A1DC,guá,�
U+2A1DD,yú,�
U+2A1DE,zhòu,�
U+2A1ED,cài,�
U+2A1EF,liú,�
U+2A1F0,bǔ,�
U+2A1F1,luò,�
U+2A1F2,jié,�
U+2A1F3,zhēn,�
U+2A1F4,miè,�
U+2A1F5,guǎng,�
U+2A1F7,jiá,�
U+2A1F9,là,�
U+2A200,shòu,�
U+2A203,guō,�
U+2A206,mèng,�
U+2A207,qián,�
U+2A208,lài,�
U+2A20A,hé,�
U+2A20B,tuán,�
U+2A211,huī,�
U+2A218,hōng,�
U+2A21C,lǚ,�
U+2A21F,jiá,�
U+2A225,guī,�
U+2A228,yī,�
U+2A229,huān,�
U+2A230,luó,�
U+2A234,jué,�
U+2A238,guàn,�
U+2A23B,quán,�
U+2A23C,niǎo,�
U+2A23F,mán,�
U+2A242,yùn,�
U+2A243,wén,�
U+2A244,chì,�
U+2A245,chì,�
U+2A246,zhī,�
U+2A248,cí,�
U+2A249,zhuàng,�
U+2A24A,huá,�
U+2A24B,jié,�
U+2A24C,qú,�
U+2A24D,tū,�
U+2A24E,mín,�
U+2A24F,méi,�
U+2A250,yú,�
U+2A251,áo,�
U+2A252,bān,�
U+2A254,pī,�
U+2A255,zhēn,�
U+2A256,lǔ,�
U+2A257,chì,�
U+2A258,tóu,�
U+2A25A,jiē,�
U+2A25C,zhān,�
U+2A262,jīn,�
U+2A263,lǔ,�
U+2A266,jiàn;jiǎn;gàn,�
U+2A267,tàn,�
U+2A268,chāng,�
U+2A26A,cì,�
U+2A26D,wāi,�
U+2A26E,còu,�
U+2A26F,kàn,�
U+2A271,biàn,�
U+2A278,wēn,�
U+2A27B,qiān,�
U+2A27F,gàn,�
U+2A282,huì,�
U+2A284,gǎn;gàn,�
U+2A286,jì,�
U+2A287,gàn;tàn,�
U+2A289,huái,�
U+2A28D,sì,�
U+2A290,fū,�
U+2A295,pí,�
U+2A297,cā,�
U+2A29C,bèn,�
U+2A2A2,shí;shǐ,�
U+2A2A5,huán,�
U+2A2A7,guī,�
U+2A2AA,ǒu,�
U+2A2B3,páo,�
U+2A2B5,yǐng,�
U+2A2B6,tǐng,�
U+2A2B7,xiào,�
U+2A2B9,zhù,�
U+2A2BB,yú,�
U+2A2C1,jiàn,�
U+2A2C4,qǔ,�
U+2A2C5,wǎn,�
U+2A2C6,kūn,�
U+2A2C7,zhuī,�
U+2A2C9,yù,�
U+2A2CA,guǒ,�
U+2A2CB,píng,�
U+2A2CC,zuǐ,�
U+2A2CD,zú,�
U+2A2CF,zhū,�
U+2A2D0,nuàn,�
U+2A2D1,zhū,�
U+2A2D6,piāo,�
U+2A2D7,mí,�
U+2A2DC,bì,�
U+2A2DD,sù,�
U+2A2E1,pú,�
U+2A2E2,mí,�
U+2A2EB,yè,�
U+2A2EC,yǔ,�
U+2A2EE,yù,�
U+2A2F0,zhǔ,�
U+2A2F3,líng,�
U+2A2FA,nòu,�
U+2A2FE,líng,�
U+2A300,liǎo,�
U+2A302,tuō,�
U+2A304,bǐ,�
U+2A305,nà,�
U+2A306,qú,�
U+2A308,pí,�
U+2A309,dǒu,�
U+2A30A,niè,�
U+2A30B,tún,�
U+2A30D,jī,�
U+2A30F,líng,�
U+2A313,kù,�
U+2A314,sù,�
U+2A318,tǒu,�
U+2A31E,nái,�
U+2A31F,zé,�
U+2A322,tǒng,�
U+2A323,gé,�
U+2A324,duī,�
U+2A327,jié,�
U+2A329,tián,�
U+2A32A,tiào,�
U+2A32B,chí,�
U+2A32C,qū;chǎo,�
U+2A32E,shā;suō,�
U+2A330,bó,�
U+2A331,lí,�
U+2A333,luò,�
U+2A335,liáo,�
U+2A336,shù,�
U+2A337,děng,�
U+2A339,chī,�
U+2A33A,miè,�
U+2A33C,táo,�
U+2A33D,hún,�
U+2A33F,nié,�
U+2A341,jùn,�
U+2A342,hù,�
U+2A344,lù,�
U+2A345,yè,�
U+2A347,mò;chǎo;mài,�
U+2A348,chào,�
U+2A34C,suò,�
U+2A34E,kē,�
U+2A34F,fù,�
U+2A351,chǎo,�
U+2A354,suǒ,�
U+2A357,qiū,�
U+2A35B,sù;xiè,�
U+2A35D,yùn,�
U+2A35F,suǒ,�
U+2A360,kū,�
U+2A361,bó,�
U+2A363,lǒu,�
U+2A364,mò,�
U+2A366,liǎn,�
U+2A367,xuàn,�
U+2A368,suǒ,�
U+2A369,mán,�
U+2A36A,bì,�
U+2A372,tì,�
U+2A374,lián,�
U+2A375,tán,�
U+2A376,shàn,�
U+2A378,qú,�
U+2A379,dú,�
U+2A37A,huán;huàn,�
U+2A37B,sào,�
U+2A37F,kuàng,�
U+2A383,niè,�
U+2A385,niè,�
U+2A386,luó,�
U+2A387,zuó,�
U+2A388,yì,�
U+2A389,xiàn,�
U+2A38A,chǎo,�
U+2A38B,tiè,�
U+2A392,shuò,�
U+2A394,mǐ,�
U+2A397,mí,�
U+2A39B,wǎn,�
U+2A39D,bèn,�
U+2A39E,qiāng,�
U+2A3A0,mǒ,�
U+2A3A3,liú,�
U+2A3A4,wò,�
U+2A3A6,měi,�
U+2A3A8,tóu,�
U+2A3AB,mǔ,�
U+2A3AD,méi,�
U+2A3B2,zuò,�
U+2A3B4,tún,�
U+2A3B5,kàng,�
U+2A3B6,tún,�
U+2A3BA,chè,�
U+2A3BB,zhèng,�
U+2A3BD,chōng,�
U+2A3BE,tiān,�
U+2A3C0,zhì,�
U+2A3C1,chán,�
U+2A3C2,chán,�
U+2A3C5,qīng,�
U+2A3C6,tūn,�
U+2A3C7,huǐ,�
U+2A3C8,què,�
U+2A3C9,zhān,�
U+2A3CA,jiān;miǎn,�
U+2A3CB,chán,�
U+2A3CD,huáng,�
U+2A3CF,huī,�
U+2A3D0,chí,�
U+2A3D2,huáng,�
U+2A3D3,héng,�
U+2A3D4,yǔn,�
U+2A3D6,tuān,�
U+2A3D7,biān,�
U+2A3D9,huáng,�
U+2A3DA,yǔn,�
U+2A3DF,mò,�
U+2A3E0,gōng,�
U+2A3E2,gōng,�
U+2A3E4,guì,�
U+2A3E6,chán,�
U+2A3E8,què,�
U+2A3E9,ruì,�
U+2A3EA,kuàng,�
U+2A3EB,piào,�
U+2A3EE,rǔ,�
U+2A3F2,niǔ,�
U+2A3F3,hù,�
U+2A3F4,jǐn,�
U+2A3F5,nì;lí,�
U+2A3F6,bào,�
U+2A3F8,nǐ;chī,�
U+2A3FA,bì,�
U+2A3FB,hú,�
U+2A3FC,lí,�
U+2A3FF,zhū,�
U+2A400,nǎ,�
U+2A402,quǎn,�
U+2A403,fěng,�
U+2A404,bǐ,�
U+2A405,lí,�
U+2A406,bié,�
U+2A407,nián,�
U+2A408,dǒng,�
U+2A40B,lián,�
U+2A40C,nì,�
U+2A40D,lián,�
U+2A40E,má,�
U+2A40F,zhé;zhí,�
U+2A413,jiā,�
U+2A414,yí,�
U+2A416,lǒng,�
U+2A418,yì;yān,�
U+2A41D,dài;tài,�
U+2A41E,dù,�
U+2A423,yǐ,�
U+2A425,tài,�
U+2A426,hāng,�
U+2A427,shù,�
U+2A42C,wán,�
U+2A42E,sù,�
U+2A42F,yǎo,�
U+2A430,èr,�
U+2A432,zhèn,�
U+2A43A,dòu,�
U+2A43B,jiān,�
U+2A43F,pāng,�
U+2A440,huī,�
U+2A442,chà,�
U+2A443,shān,�
U+2A444,lú,�
U+2A446,yù,�
U+2A448,yàn,�
U+2A449,wǎn,�
U+2A44A,qiào,�
U+2A44B,luō,�
U+2A44C,yù,�
U+2A44F,tú,�
U+2A450,wèi,�
U+2A452,tùn,�
U+2A455,hǔn,�
U+2A456,bēn,�
U+2A457,qiè,�
U+2A459,jīn;qián,�
U+2A45A,lái;lí,�
U+2A45C,zhǐ,�
U+2A45D,yú,�
U+2A45F,cì,�
U+2A466,yè,�
U+2A467,dié,�
U+2A468,chà,�
U+2A469,diàn,�
U+2A46A,mán,�
U+2A46C,dèng,�
U+2A46D,wēi,�
U+2A46E,niǎn,�
U+2A46F,lèi,�
U+2A470,bīng,�
U+2A471,wū;wò,�
U+2A473,zhěn,�
U+2A476,róu,�
U+2A477,wài,�
U+2A478,mì;yān,�
U+2A479,jiè,�
U+2A47B,hóu,�
U+2A47D,zhài,�
U+2A47E,rǔ,�
U+2A47F,zī,�
U+2A480,pán,�
U+2A482,mò,�
U+2A484,mì,�
U+2A486,qī,�
U+2A487,mò,�
U+2A48A,zhī,�
U+2A48B,bān;pán,�
U+2A48D,miè,�
U+2A48F,lù,�
U+2A491,qī,�
U+2A492,chōng,�
U+2A494,lí,�
U+2A495,yì,�
U+2A498,dèng,�
U+2A499,cuō,�
U+2A49B,duì,�
U+2A49C,mà,�
U+2A49D,yǎn,�
U+2A49F,zèng,�
U+2A4A0,yǎn;ǎn;àn,�
U+2A4A1,duì;dài,�
U+2A4A2,pū,�
U+2A4A5,yuè,�
U+2A4A9,huò,�
U+2A4AA,mài,�
U+2A4AB,jiǎn,�
U+2A4AC,nóng,�
U+2A4AD,qín,�
U+2A4AF,qín,�
U+2A4B2,yè,�
U+2A4B4,tái,�
U+2A4B9,jiān,�
U+2A4BC,chá,�
U+2A4BE,dàn,�
U+2A4BF,téng,�
U+2A4C0,lì,�
U+2A4C3,niǎng,�
U+2A4C4,chán,�
U+2A4C5,zāng,�
U+2A4CA,yù,�
U+2A4CC,zuì,�
U+2A4CD,biān,�
U+2A4D0,chǔ,�
U+2A4D8,rán,�
U+2A4DA,rán,�
U+2A4DB,yāng,�
U+2A4DC,bǒ,�
U+2A4E1,cù,�
U+2A4EC,mí,�
U+2A4EE,kě,�
U+2A4F0,cù,�
U+2A4F7,xí,�
U+2A4F9,má,�
U+2A4FB,shī,�
U+2A4FC,diān,�
U+2A4FF,shī,�
U+2A502,dǐng,�
U+2A503,jiōng,�
U+2A505,yuán,�
U+2A506,gān,�
U+2A50A,huì,�
U+2A50B,jī,�
U+2A50D,péng,�
U+2A50F,dēng,�
U+2A511,bèng,�
U+2A514,pāng;péng,�
U+2A515,tà;lóng,�
U+2A517,yuān,�
U+2A518,gāo,�
U+2A519,yuān,�
U+2A51F,jiā,�
U+2A523,kōng,�
U+2A526,dòng,�
U+2A529,xián,�
U+2A52A,qì,�
U+2A52C,sāng,�
U+2A530,yìn,�
U+2A533,lóng,�
U+2A536,tēng,�
U+2A537,lóng,�
U+2A53A,rèn,�
U+2A53D,yìn,�
U+2A53E,píng,�
U+2A53F,pū,�
U+2A540,yuán,�
U+2A541,rǒng;chén,�
U+2A543,fāng,�
U+2A547,hāng,�
U+2A548,mí,�
U+2A549,hú,�
U+2A54A,zī,�
U+2A54C,líng,�
U+2A54D,jiōng,�
U+2A54E,rǒng,�
U+2A552,píng,�
U+2A553,guāng,�
U+2A554,ěr,�
U+2A55D,cù,�
U+2A55E,jùn,�
U+2A566,xiǔ,�
U+2A568,ér,�
U+2A569,tì,�
U+2A56B,yáng,�
U+2A56D,ài,�
U+2A56E,hú,�
U+2A56F,xí;xié,�
U+2A571,hú,�
U+2A573,sī,�
U+2A574,lǐ,�
U+2A576,yì,�
U+2A577,gǔ,�
U+2A579,táng,�
U+2A580,què,�
U+2A581,zōng,�
U+2A582,lí,�
U+2A584,jiào,�
U+2A587,fán,�
U+2A588,pú,�
U+2A589,sī,�
U+2A58B,jié,�
U+2A58C,lú,�
U+2A58D,lì,�
U+2A58E,chán,�
U+2A590,yào;yà,�
U+2A595,huī,�
U+2A599,hōu,�
U+2A59A,diān,�
U+2A59B,qiù,�
U+2A59C,jué,�
U+2A59E,pì,�
U+2A5A2,kuī,�
U+2A5A5,xǐ,�
U+2A5A6,tī,�
U+2A5A9,xù,�
U+2A5AF,biǎn,�
U+2A5B2,hē,�
U+2A5B3,lián,�
U+2A5B6,sù,�
U+2A5B7,liào,�
U+2A5BC,jīn,�
U+2A5C1,lì,�
U+2A5C2,chán,�
U+2A5C5,qí,�
U+2A5C6,qí,�
U+2A5C9,zī,�
U+2A5CB,zī,�
U+2A5CD,qí,�
U+2A5CF,qí,�
U+2A5D0,zī,�
U+2A5D2,zhāi,�
U+2A5D3,zhāi,�
U+2A5D4,pà,�
U+2A5D6,jū,�
U+2A5D9,yǎn,�
U+2A5DC,háng,�
U+2A5DD,nà,�
U+2A5E4,yǎn,�
U+2A5E6,zhàn,�
U+2A5E7,shǐ,�
U+2A5E8,zhí,�
U+2A5ED,zhā,�
U+2A5F4,rǒng,�
U+2A5F5,zhā,�
U+2A5F7,yì,�
U+2A5F8,míng,�
U+2A5F9,yá,�
U+2A5FB,zhì,�
U+2A5FD,kuò;huá,�
U+2A5FE,xiá,�
U+2A600,pián,�
U+2A601,tà;xiá,�
U+2A603,yǐ,�
U+2A606,xiū,�
U+2A607,zhāi,�
U+2A609,duǒ,�
U+2A60A,è,�
U+2A60E,yín;niè,�
U+2A610,è,�
U+2A611,suān,�
U+2A612,ān,�
U+2A613,cuó,�
U+2A615,tuó,�
U+2A617,tuó,�
U+2A618,xiá,�
U+2A61B,chuò,�
U+2A61D,suān,�
U+2A625,jì,�
U+2A626,qiǎn,�
U+2A627,zú,�
U+2A628,zhāi,�
U+2A629,yǔn;kǔn,�
U+2A62A,zhàn,�
U+2A62C,yí;yà;yá,�
U+2A632,yá;yí;yà;cī,�
U+2A633,yuē,�
U+2A639,hé,�
U+2A63A,qià,�
U+2A63E,chā,�
U+2A643,óu,�
U+2A648,hú,�
U+2A64A,yàn,�
U+2A64C,qiè,�
U+2A64D,bó,�
U+2A64E,qiāng,�
U+2A64F,jiè;jiá,�
U+2A65B,nì,�
U+2A65E,chǎn,�
U+2A65F,qǐn,�
U+2A661,zāo,�
U+2A664,yǐn,�
U+2A665,xiè,�
U+2A667,qí,�
U+2A668,jiàn;jiān,�
U+2A66B,xū,�
U+2A66D,zèng,�
U+2A66F,è,�
U+2A673,zū,�
U+2A674,yǐ,�
U+2A679,zhí,�
U+2A67A,lì,�
U+2A67D,lì,�
U+2A67E,yín,�
U+2A681,lián,�
U+2A683,chán,�
U+2A685,jué,�
U+2A687,zá,�
U+2A68E,zhāi,�
U+2A68F,pián,�
U+2A691,lóng,�
U+2A693,lóng,�
U+2A698,lóng,�
U+2A69D,lóng,�
U+2A6A0,lóng,�
U+2A6A2,mǎng,�
U+2A6A5,zhé,�
U+2A6AC,gàn,�
U+2A6AD,gōu,�
U+2A6AE,rán,�
U+2A6AF,cù,�
U+2A6B0,jiāo,�
U+2A6B7,bǒ,�
U+2A6B9,zhù,�
U+2A6BA,qiū,�
U+2A6BB,yāng,�
U+2A6C0,xiào,�
U+2A6C2,huí,�
U+2A6C3,qū,�
U+2A6C8,líng,�
U+2A6CA,yín,�
U+2A6CE,pì,�
U+2A6D2,lián,�
U+2A79D,duó,�
U+2A7DD,jì;jī,�
U+2A848,bái,�
U+2A84F,zhān,�
U+2A8AE,luán,�
U+2A8FB,lóu,�
U+2A917,liào,�
U+2AA0A,sóng,�
U+2AA17,juē,�
U+2AA30,qū,�
U+2AA36,shē,�
U+2AA58,yǎn,�
U+2AA9D,yōng,�
U+2AEB9,nǔ,�
U+2AED0,cōng,�
U+2AFA2,xiàn,�
U+2B061,lì,�
U+2B088,fèi,�
U+2B099,sù,�
U+2B0DC,kòu,�
U+2B127,yán,�
U+2B128,chī,�
U+2B137,yì,�
U+2B138,xūn,�
U+2B1ED,wěi,�
U+2B230,qià,�
U+2B2D0,gǒng,�
U+2B300,jī,�
U+2B328,luó,�
U+2B359,yì,�
U+2B35F,yí,�
U+2B362,náo,�
U+2B363,tóng,�
U+2B36F,xián,�
U+2B370,xǐ,�
U+2B372,xiǎo,�
U+2B37D,xuān,�
U+2B3CB,juē;qiāo,�
U+2B404,yuè,�
U+2B406,kuài,�
U+2B409,líng,�
U+2B410,ní,�
U+2B413,bù;róu,�
U+2B461,méng,�
U+2B4B6,hán,�
U+2B4E7,fū,�
U+2B4E9,cōng,�
U+2B4EF,jī,�
U+2B4F6,xuān,�
U+2B4F9,jī,�
U+2B50D,fán,�
U+2B50E,jué,�
U+2B536,niè,�
U+2B5AE,yǐ,�
U+2B5AF,fǔ,�
U+2B5B3,yūn,�
U+2B5E0,zhāng,�
U+2B5E6,bù,�
U+2B5E7,sù,�
U+2B5EE,huáng,�
U+2B5F4,zhān,�
U+2B61C,wén,�
U+2B61D,jué,�
U+2B623,hàn,�
U+2B624,ái,�
U+2B626,táo,�
U+2B627,lù,�
U+2B628,tí,�
U+2B62A,yuán,�
U+2B62C,xí,�
U+2B688,xù,�
U+2B689,hóng,�
U+2B692,fú,�
U+2B694,huí,�
U+2B695,shī,�
U+2B696,cǐ,�
U+2B699,pū,�
U+2B6AD,liè,�
U+2B6DB,zhī,�
U+2B6DE,jué,�
U+2B6E2,níng,�
U+2B6ED,kuáng,�
U+2B6F6,chì,�
U+2B6F8,tí,�
U+2B737,shòu,�
U+2B738,huà,�
U+2B7A9,mén,�
U+2B7C5,liáng,�
U+2B7E6,suì,�
U+2B7F7,lì,�
U+2B7F9,hóng,�
U+2B7FC,dá,�
U+2B806,kuǐ,�
U+2B80A,xuán,�
U+2B81C,ní,�
U+2B825,lòu,�
U+2B851,yīn,�
U+2B8B8,dàn,�
U+2BAC7,ě;è,�
U+2BB5F,ōu;qū,�
U+2BB62,lǔn,�
U+2BB7C,láo,�
U+2BB83,shàn,�
U+2BBAC,jiàng,�
U+2BC1B,xíng,�
U+2BD77,lì,�
U+2BD87,dié,�
U+2BDF7,xīn,�
U+2BE29,kōu,�
U+2BF1B,diào,�
U+2BF6E,dǎng,�
U+2C029,wěi,�
U+2C02A,xiàn,�
U+2C037,shāng,�
U+2C0A9,jiā,�
U+2C0CA,zhì,�
U+2C19B,nǎo,�
U+2C1D5,wàn,�
U+2C1D9,pèi;bèi,�
U+2C1F9,guó,�
U+2C27C,ōu;ǒu,�
U+2C288,xún,�
U+2C2A4,chǎn,�
U+2C317,hé,�
U+2C35B,lì,�
U+2C361,dàng,�
U+2C364,xún,�
U+2C41A,hǎi,�
U+2C454,zhòng,�
U+2C461,chǒu,�
U+2C488,què,�
U+2C494,gěng,�
U+2C497,lán,�
U+2C498,xìn,�
U+2C4FC,tuí,�
U+2C542,gōng;lǒng,�
U+2C613,xún,�
U+2C618,dǎn,�
U+2C621,yīn,�
U+2C629,tīng,�
U+2C62B,huán,�
U+2C62C,qiàn,�
U+2C62D,lín;chēn,�
U+2C62F,zhǔn,�
U+2C642,yǎn,�
U+2C64A,mò,�
U+2C64B,xiāng,�
U+2C6F8,niē,�
U+2C72C,màn,�
U+2C72F,liǎng,�
U+2C79F,pín,�
U+2C7C1,yì,�
U+2C7FD,dōng,�
U+2C8D9,xū,�
U+2C8DE,zhǔ,�
U+2C8E1,jiàn,�
U+2C8F3,hěn,�
U+2C907,yīn,�
U+2C90A,shì,�
U+2C91D,huì,�
U+2C925,zhuàn,�
U+2CA02,qí,�
U+2CA0E,yóu,�
U+2CA7D,xún,�
U+2CAA9,nóng,�
U+2CB29,yì,�
U+2CB2D,lún,�
U+2CB2E,chǎng,�
U+2CB31,jīn,�
U+2CB38,shù,�
U+2CB39,shén,�
U+2CB3B,lú,�
U+2CB3F,zhāo,�
U+2CB41,mǔ,�
U+2CB4A,dù,�
U+2CB4E,hóng,�
U+2CB5A,chún,�
U+2CB5B,bō,�
U+2CB64,hóu,�
U+2CB69,wēng,�
U+2CB6C,wèi;huì,�
U+2CB6F,piě,�
U+2CB73,xǐ,�
U+2CB76,hēi,�
U+2CB78,lín,�
U+2CB7C,suì,�
U+2CBB1,yīn,�
U+2CBBF,qí;gài,�
U+2CBC0,jī,�
U+2CBCE,tuí,�
U+2CC03,mù,�
U+2CC56,dí,�
U+2CC5F,wěi,�
U+2CC9C,chēng,�
U+2CCF2,chǎn,�
U+2CCF5,pī,�
U+2CCF6,jiōng,�
U+2CCFD,shēn,�
U+2CCFF,tú,�
U+2CD02,fēi,�
U+2CD03,huō,�
U+2CD0A,lín,�
U+2CD8B,jū,�
U+2CD8D,tuó,�
U+2CD8F,wéi,�
U+2CD90,zhào,�
U+2CD9F,là,�
U+2CDA0,liàn,�
U+2CDA8,jì,�
U+2CDAD,jì,�
U+2CDAE,xǐ,�
U+2CDD5,bū;bǔ,�
U+2CE18,yǎn,�
U+2CE1A,yuè,�
U+2CE23,xiān,�
U+2CE26,zhuó,�
U+2CE2A,fán,�
U+2CE7C,xiè,�
U+2CE88,yǐ,�
U+2CE93,chǔ,�
U+2D016,lí,�
U+2F835,huī,�
U+30EDD,biáng,�
U+30EDE,biáng,�
